product_id,name,name,category,subcategory,brand,price,image_url,product_class,diagnostic_status_label,performance_substatus,confidence_level,priority_score,priority_tier,urgency_level,root_cause,root_cause_details,all_issues,issues_count,recommended_action,recommended_action_ar,recommended_action_primary,recommended_action_secondary,recommended_action_primary_ar,recommended_action_secondary_ar,diagnostic_reason,contextual_weakness_reason,evidence_line_1,evidence_line_2,evidence_line_3,unique_viewers,unique_cart_users,unique_buyers,purchase_conversion_rate,category_avg_conversion,relative_conversion_vs_category,revenue,has_bundle_opportunity,bundle_partner_product_id,bundle_partner_name,bundle_strategy,bundle_reason
124,كاميرا ميرورليس - اصدار خاص,كاميرا ميرورليس - اصدار خاص,الالكترونيات,unknown_subcategory,ال جي,4869.43,,Moderate,متوسط,High Abandonment + High Price vs Peers + Weak Content,High,54.26,Medium,Medium,conversion_friction,"Cart activity exists, but too few cart users convert to buyers. Additional issues detected (conversion_friction | pricing | content): The product appears overpriced relative to its closest peer group. Also: Product content richness or image coverage lags similar products.",conversion_friction|pricing|trust|content,4,Investigate checkout or value-friction and reduce drop-off after add-to-cart.,افحص تعثر ما بعد الاضافة للسلة وخفف اسباب الانسحاب قبل الشراء.,Investigate checkout or value-friction and reduce drop-off after add-to-cart.,Bundle with ساعه ذكيه سبورت - اصدار خاص where relevant.,افحص تعثر ما بعد الاضافة للسلة وخفف اسباب الانسحاب قبل الشراء.,فعّل باقة او ربطا مع المنتج ساعه ذكيه سبورت - اصدار خاص عندما يكون ذلك مناسبا.,المنتج يُشاهَد لكنه لا يتحول إلى شراء بالمستوى المطلوب.,السعر أعلى من المستوى المعتاد داخل المجموعة المنافسة | قوة العلامة التجارية أقل من منافسيه داخل المجموعة | تقييم المنتج أقل من متوسط المنتجات المشابهة | الدعم البصري أضعف من المنافسين من حيث عدد الصور | عدد المراجعات أقل من المنتجات المشابهة مما يضعف الثقة,Conversion 54.35% vs category avg 796.12%.,Price is above peer average (4869.43 vs 4608.48).,Rating trails peers (2.80 vs 3.30).,46,14.0,24.0,0.5434782608695652,7.961233440029987,0.068265585347227,141213.47,True,141,ساعه ذكيه سبورت - اصدار خاص,Substitute,شركاء مقترحون بناءً على الشراء المتكرر داخل نفس القسم.
176,فرن كهربايي 60 لتر - اصدار خاص,فرن كهربايي 60 لتر - اصدار خاص,المنزل والمطبخ,unknown_subcategory,ديلونجي,1269.55,,Moderate,متوسط,High Abandonment + High Price vs Peers,High,54.05,Medium,Medium,conversion_friction,"Cart activity exists, but too few cart users convert to buyers. Additional issues detected (conversion_friction | pricing): The product appears overpriced relative to its closest peer group.",conversion_friction|pricing|trust,3,Investigate checkout or value-friction and reduce drop-off after add-to-cart.,افحص تعثر ما بعد الاضافة للسلة وخفف اسباب الانسحاب قبل الشراء.,Investigate checkout or value-friction and reduce drop-off after add-to-cart.,Bundle with مكيف هواء انفيرتر 18000 where relevant.,افحص تعثر ما بعد الاضافة للسلة وخفف اسباب الانسحاب قبل الشراء.,فعّل باقة او ربطا مع المنتج مكيف هواء انفيرتر 18000 عندما يكون ذلك مناسبا.,المنتج يُشاهَد لكنه لا يتحول إلى شراء بالمستوى المطلوب.,السعر أعلى من المستوى المعتاد داخل المجموعة المنافسة | قوة العلامة التجارية أقل من منافسيه داخل المجموعة | عدد المراجعات أقل من المنتجات المشابهة مما يضعف الثقة,Conversion 37.25% vs category avg 439.13%.,Price is above peer average (1269.55 vs 1168.86).,Cart abandonment is high at 100.00%.,51,11.0,19.0,0.3725490196078431,4.391284662352632,0.0848382758698794,25391.0,True,21,مكيف هواء انفيرتر 18000,Substitute,شركاء مقترحون بناءً على الشراء المتكرر داخل نفس القسم.
189,مزيل عرق رول اون - اصدار خاص,مزيل عرق رول اون - اصدار خاص,الجمال والعنايه,unknown_subcategory,ماك,46.18,,Moderate,متوسط,High Abandonment + Weak Content,High,53.98,Medium,Medium,conversion_friction,"Cart activity exists, but too few cart users convert to buyers. Additional issues detected (conversion_friction | content): Product content richness or image coverage lags similar products.",conversion_friction|trust|content,3,Investigate checkout or value-friction and reduce drop-off after add-to-cart.,افحص تعثر ما بعد الاضافة للسلة وخفف اسباب الانسحاب قبل الشراء.,Investigate checkout or value-friction and reduce drop-off after add-to-cart.,Bundle with غسول وجه للبشره الحساسه where relevant.,افحص تعثر ما بعد الاضافة للسلة وخفف اسباب الانسحاب قبل الشراء.,فعّل باقة او ربطا مع المنتج غسول وجه للبشره الحساسه عندما يكون ذلك مناسبا.,المنتج يُشاهَد لكنه لا يتحول إلى شراء بالمستوى المطلوب.,تقييم المنتج أقل من متوسط المنتجات المشابهة | الدعم البصري أضعف من المنافسين من حيث عدد الصور | عدد المراجعات أقل من المنتجات المشابهة مما يضعف الثقة,Conversion 60.00% vs category avg 676.88%.,Rating trails peers (3.20 vs 3.34).,Cart abandonment is high at 100.00%.,40,14.0,23.0,0.6,6.768778422340422,0.0886422870661113,1293.04,True,37,غسول وجه للبشره الحساسه,Substitute,شركاء مقترحون بناءً على الشراء المتكرر داخل نفس القسم.
185,سماعات لاسلكيه - اصدار خاص,سماعات لاسلكيه - اصدار خاص,الالكترونيات,unknown_subcategory,لينوفو,329.38,,Moderate,متوسط,High Abandonment,High,53.84,Medium,Medium,conversion_friction,"Cart activity exists, but too few cart users convert to buyers.",conversion_friction|trust,2,Investigate checkout or value-friction and reduce drop-off after add-to-cart.,افحص تعثر ما بعد الاضافة للسلة وخفف اسباب الانسحاب قبل الشراء.,Investigate checkout or value-friction and reduce drop-off after add-to-cart.,Bundle with شاحن لاسلكي سريع - اصدار خاص where relevant.,افحص تعثر ما بعد الاضافة للسلة وخفف اسباب الانسحاب قبل الشراء.,فعّل باقة او ربطا مع المنتج شاحن لاسلكي سريع - اصدار خاص عندما يكون ذلك مناسبا.,المنتج يُشاهَد لكنه لا يتحول إلى شراء بالمستوى المطلوب.,قوة العلامة التجارية أقل من منافسيه داخل المجموعة | تقييم المنتج أقل من متوسط المنتجات المشابهة | عدد المراجعات أقل من المنتجات المشابهة مما يضعف الثقة,Conversion 78.95% vs category avg 796.12%.,Rating trails peers (3.20 vs 3.60).,Cart abandonment is high at 100.00%.,38,14.0,29.0,0.7894736842105263,7.961233440029987,0.0991647450307088,10869.54,True,126,شاحن لاسلكي سريع - اصدار خاص,Substitute,شركاء مقترحون بناءً على الشراء المتكرر داخل نفس القسم.
112,شاشه 4K 27 انش - اصدار خاص,شاشه 4K 27 انش - اصدار خاص,الالكترونيات,unknown_subcategory,ال جي,2651.9,,Moderate,متوسط,High Abandonment + High Price vs Peers,High,53.8,Medium,Medium,conversion_friction,"Cart activity exists, but too few cart users convert to buyers. Additional issues detected (conversion_friction | pricing): The product appears overpriced relative to its closest peer group.",conversion_friction|pricing|trust,3,Investigate checkout or value-friction and reduce drop-off after add-to-cart.,افحص تعثر ما بعد الاضافة للسلة وخفف اسباب الانسحاب قبل الشراء.,Investigate checkout or value-friction and reduce drop-off after add-to-cart.,Bundle with سماعات لاسلكيه where relevant.,افحص تعثر ما بعد الاضافة للسلة وخفف اسباب الانسحاب قبل الشراء.,فعّل باقة او ربطا مع المنتج سماعات لاسلكيه عندما يكون ذلك مناسبا.,المنتج يُشاهَد لكنه لا يتحول إلى شراء بالمستوى المطلوب.,السعر أعلى من المستوى المعتاد داخل المجموعة المنافسة | قوة العلامة التجارية أقل من منافسيه داخل المجموعة | عدد المراجعات أقل من المنتجات المشابهة مما يضعف الثقة,Conversion 84.62% vs category avg 796.12%.,Price is above peer average (2651.90 vs 2968.92).,Cart abandonment is high at 100.00%.,39,13.0,32.0,0.8461538461538461,7.961233440029987,0.1062842651867596,98120.3,True,3,سماعات لاسلكيه,Substitute,شركاء مقترحون بناءً على الشراء المتكرر داخل نفس القسم.
146,اوزان حديد طقم 20 كيلو - اصدار خاص,اوزان حديد طقم 20 كيلو - اصدار خاص,الرياضه واللياقه,unknown_subcategory,اندر ارمور,323.76,,Moderate,متوسط,High Abandonment + High Price vs Peers + Weak Content,High,53.79,Medium,Medium,conversion_friction,"Cart activity exists, but too few cart users convert to buyers. Additional issues detected (conversion_friction | pricing | content): The product appears overpriced relative to its closest peer group. Also: Product content richness or image coverage lags similar products.",conversion_friction|pricing|trust|content,4,Investigate checkout or value-friction and reduce drop-off after add-to-cart.,افحص تعثر ما بعد الاضافة للسلة وخفف اسباب الانسحاب قبل الشراء.,Investigate checkout or value-friction and reduce drop-off after add-to-cart.,Bundle with دراجه هواييه جبليه - اصدار خاص where relevant.,افحص تعثر ما بعد الاضافة للسلة وخفف اسباب الانسحاب قبل الشراء.,فعّل باقة او ربطا مع المنتج دراجه هواييه جبليه - اصدار خاص عندما يكون ذلك مناسبا.,المنتج يُشاهَد لكنه لا يتحول إلى شراء بالمستوى المطلوب.,السعر أعلى من المستوى المعتاد داخل المجموعة المنافسة | تقييم المنتج أقل من متوسط المنتجات المشابهة | الدعم البصري أضعف من المنافسين من حيث عدد الصور | عدد المراجعات أقل من المنتجات المشابهة مما يضعف الثقة,Conversion 86.96% vs category avg 850.97%.,Price is above peer average (323.76 vs 187.20).,Rating trails peers (3.40 vs 4.12).,23,8.0,19.0,0.8695652173913043,8.50970943604373,0.1021850656507933,6798.96,True,96,دراجه هواييه جبليه - اصدار خاص,Substitute,شركاء مقترحون بناءً على الشراء المتكرر داخل نفس القسم.
131,اوزان حديد طقم 20 كيلو - اصدار خاص,اوزان حديد طقم 20 كيلو - اصدار خاص,الرياضه واللياقه,unknown_subcategory,ديكاتلون,457.64,,Moderate,متوسط,High Abandonment + High Price vs Peers + Weak Content,High,53.74,Medium,Medium,conversion_friction,"Cart activity exists, but too few cart users convert to buyers. Additional issues detected (conversion_friction | pricing | content): The product appears overpriced relative to its closest peer group. Also: Product content richness or image coverage lags similar products.",conversion_friction|pricing|trust|content,4,Investigate checkout or value-friction and reduce drop-off after add-to-cart.,افحص تعثر ما بعد الاضافة للسلة وخفف اسباب الانسحاب قبل الشراء.,Investigate checkout or value-friction and reduce drop-off after add-to-cart.,Bundle with حقيبه رياضيه جيم where relevant.,افحص تعثر ما بعد الاضافة للسلة وخفف اسباب الانسحاب قبل الشراء.,فعّل باقة او ربطا مع المنتج حقيبه رياضيه جيم عندما يكون ذلك مناسبا.,المنتج يُشاهَد لكنه لا يتحول إلى شراء بالمستوى المطلوب.,السعر أعلى من المستوى المعتاد داخل المجموعة المنافسة | قوة العلامة التجارية أقل من منافسيه داخل المجموعة | تقييم المنتج أقل من متوسط المنتجات المشابهة | الدعم البصري أضعف من المنافسين من حيث عدد الصور | عدد المراجعات أقل من المنتجات المشابهة مما يضعف الثقة,Conversion 92.11% vs category avg 850.97%.,Price is above peer average (457.64 vs 353.64).,Rating trails peers (2.70 vs 3.70).,38,10.0,35.0,0.9210526315789472,8.50970943604373,0.1082354971695903,16932.68,True,48,حقيبه رياضيه جيم,Substitute,شركاء مقترحون بناءً على الشراء المتكرر داخل نفس القسم.
21,مكيف هواء انفيرتر 18000,مكيف هواء انفيرتر 18000,المنزل والمطبخ,unknown_subcategory,بوش,2953.99,,Moderate,متوسط,High Abandonment + High Price vs Peers + Weak Content,High,53.36,Medium,Medium,conversion_friction,"Cart activity exists, but too few cart users convert to buyers. Additional issues detected (conversion_friction | pricing | content): The product appears overpriced relative to its closest peer group. Also: Product content richness or image coverage lags similar products.",conversion_friction|pricing|trust|content,4,Investigate checkout or value-friction and reduce drop-off after add-to-cart.,افحص تعثر ما بعد الاضافة للسلة وخفف اسباب الانسحاب قبل الشراء.,Investigate checkout or value-friction and reduce drop-off after add-to-cart.,Bundle with فرن كهربايي 60 لتر - اصدار خاص where relevant.,افحص تعثر ما بعد الاضافة للسلة وخفف اسباب الانسحاب قبل الشراء.,فعّل باقة او ربطا مع المنتج فرن كهربايي 60 لتر - اصدار خاص عندما يكون ذلك مناسبا.,المنتج يُشاهَد لكنه لا يتحول إلى شراء بالمستوى المطلوب.,السعر أعلى من المستوى المعتاد داخل المجموعة المنافسة | الوصف أقصر من المعتاد ولا يقدم معلومات كافية | عدد المراجعات أقل من المنتجات المشابهة مما يضعف الثقة,Conversion 61.36% vs category avg 439.13%.,Price is above peer average (2953.99 vs 3429.91).,Cart abandonment is high at 100.00%.,44,17.0,26.0,0.6136363636363636,4.391284662352632,0.1397396003263445,79757.73,True,176,فرن كهربايي 60 لتر - اصدار خاص,Substitute,شركاء مقترحون بناءً على الشراء المتكرر داخل نفس القسم.
150,اطلس العالم المصور - اصدار خاص,اطلس العالم المصور - اصدار خاص,الكتب والتعليم,unknown_subcategory,بنغوين,244.37,,Moderate,متوسط,High Abandonment + High Price vs Peers + Weak Content,High,53.31,Medium,Medium,conversion_friction,"Cart activity exists, but too few cart users convert to buyers. Additional issues detected (conversion_friction | pricing | content): The product appears overpriced relative to its closest peer group. Also: Product content richness or image coverage lags similar products.",conversion_friction|pricing|trust|content,4,Investigate checkout or value-friction and reduce drop-off after add-to-cart.,افحص تعثر ما بعد الاضافة للسلة وخفف اسباب الانسحاب قبل الشراء.,Investigate checkout or value-friction and reduce drop-off after add-to-cart.,Bundle with كتاب تعلم البرمجه بالعربيه where relevant.,افحص تعثر ما بعد الاضافة للسلة وخفف اسباب الانسحاب قبل الشراء.,فعّل باقة او ربطا مع المنتج كتاب تعلم البرمجه بالعربيه عندما يكون ذلك مناسبا.,المنتج يُشاهَد لكنه لا يتحول إلى شراء بالمستوى المطلوب.,السعر أعلى من المستوى المعتاد داخل المجموعة المنافسة | الدعم البصري أضعف من المنافسين من حيث عدد الصور | عدد المراجعات أقل من المنتجات المشابهة مما يضعف الثقة,Conversion 50.00% vs category avg 336.35%.,Price is above peer average (244.37 vs 158.41).,Cart abandonment is high at 100.00%.,56,12.0,27.0,0.5,3.3634956997365264,0.1486548652460494,7331.1,True,51,كتاب تعلم البرمجه بالعربيه,Substitute,شركاء مقترحون بناءً على الشراء المتكرر داخل نفس القسم.
64,عطر رجالي عودي - اصدار خاص,عطر رجالي عودي - اصدار خاص,الجمال والعنايه,unknown_subcategory,لوريال,578.73,,Moderate,متوسط,High Abandonment + High Price vs Peers + Weak Content,High,53.28,Medium,Medium,conversion_friction,"Cart activity exists, but too few cart users convert to buyers. Additional issues detected (conversion_friction | pricing | content): The product appears overpriced relative to its closest peer group. Also: Product content richness or image coverage lags similar products.",conversion_friction|pricing|trust|content,4,Investigate checkout or value-friction and reduce drop-off after add-to-cart.,افحص تعثر ما بعد الاضافة للسلة وخفف اسباب الانسحاب قبل الشراء.,Investigate checkout or value-friction and reduce drop-off after add-to-cart.,Bundle with كريم مرطب SPF 50 where relevant.,افحص تعثر ما بعد الاضافة للسلة وخفف اسباب الانسحاب قبل الشراء.,فعّل باقة او ربطا مع المنتج كريم مرطب SPF 50 عندما يكون ذلك مناسبا.,المنتج يُشاهَد لكنه لا يتحول إلى شراء بالمستوى المطلوب.,السعر أعلى من المستوى المعتاد داخل المجموعة المنافسة | قوة العلامة التجارية أقل من منافسيه داخل المجموعة | الدعم البصري أضعف من المنافسين من حيث عدد الصور | عدد المراجعات أقل من المنتجات المشابهة مما يضعف الثقة,Conversion 100.00% vs category avg 676.88%.,Price is above peer average (578.73 vs 304.98).,Cart abandonment is high at 100.00%.,40,11.0,38.0,1.0,6.768778422340422,0.1477371451101855,25464.120000000003,True,31,كريم مرطب SPF 50,Substitute,شركاء مقترحون بناءً على الشراء المتكرر داخل نفس القسم.
102,تابلت 10 انش - اصدار خاص,تابلت 10 انش - اصدار خاص,الالكترونيات,unknown_subcategory,لينوفو,1982.66,,Moderate,متوسط,High Abandonment + High Price vs Peers,High,53.16,Medium,Medium,conversion_friction,"Cart activity exists, but too few cart users convert to buyers. Additional issues detected (conversion_friction | pricing): The product appears overpriced relative to its closest peer group.",conversion_friction|pricing|trust,3,Investigate checkout or value-friction and reduce drop-off after add-to-cart.,افحص تعثر ما بعد الاضافة للسلة وخفف اسباب الانسحاب قبل الشراء.,Investigate checkout or value-friction and reduce drop-off after add-to-cart.,Bundle with هاتف ذكي برو ماكس where relevant.,افحص تعثر ما بعد الاضافة للسلة وخفف اسباب الانسحاب قبل الشراء.,فعّل باقة او ربطا مع المنتج هاتف ذكي برو ماكس عندما يكون ذلك مناسبا.,المنتج يُشاهَد لكنه لا يتحول إلى شراء بالمستوى المطلوب.,السعر أعلى من المستوى المعتاد داخل المجموعة المنافسة | قوة العلامة التجارية أقل من منافسيه داخل المجموعة | عدد المراجعات أقل من المنتجات المشابهة مما يضعف الثقة,Conversion 121.05% vs category avg 796.12%.,Price is above peer average (1982.66 vs 2959.02).,Cart abandonment is high at 100.00%.,19,6.0,19.0,1.2105263157894737,7.961233440029987,0.1520526090470868,51549.16,True,1,هاتف ذكي برو ماكس,Substitute,شركاء مقترحون بناءً على الشراء المتكرر داخل نفس القسم.
139,حقيبه رياضيه جيم - اصدار خاص,حقيبه رياضيه جيم - اصدار خاص,الرياضه واللياقه,unknown_subcategory,اديداس,351.69,,Moderate,متوسط,High Abandonment + High Price vs Peers,High,52.98,Medium,Medium,conversion_friction,"Cart activity exists, but too few cart users convert to buyers. Additional issues detected (conversion_friction | pricing): The product appears overpriced relative to its closest peer group.",conversion_friction|pricing|trust,3,Investigate checkout or value-friction and reduce drop-off after add-to-cart.,افحص تعثر ما بعد الاضافة للسلة وخفف اسباب الانسحاب قبل الشراء.,Investigate checkout or value-friction and reduce drop-off after add-to-cart.,Bundle with اوزان حديد طقم 20 كيلو where relevant.,افحص تعثر ما بعد الاضافة للسلة وخفف اسباب الانسحاب قبل الشراء.,فعّل باقة او ربطا مع المنتج اوزان حديد طقم 20 كيلو عندما يكون ذلك مناسبا.,هناك اهتمام واضح بالمنتج لكن جزءًا من العملاء لا يكمل الشراء بعد الإضافة للسلة.,السعر أعلى من المستوى المعتاد داخل المجموعة المنافسة | قوة العلامة التجارية أقل من منافسيه داخل المجموعة | تقييم المنتج أقل من متوسط المنتجات المشابهة | عدد المراجعات أقل من المنتجات المشابهة مما يضعف الثقة,Conversion 141.18% vs category avg 850.97%.,Price is above peer average (351.69 vs 405.32).,Rating trails peers (3.60 vs 4.06).,17,4.0,17.0,1.411764705882353,8.50970943604373,0.1659004595271704,9847.32,True,47,اوزان حديد طقم 20 كيلو,Substitute,شركاء مقترحون بناءً على الشراء المتكرر داخل نفس القسم.
119,ماكينه قهوه اسبريسو - اصدار خاص,ماكينه قهوه اسبريسو - اصدار خاص,المنزل والمطبخ,unknown_subcategory,تيفال,1350.85,,Moderate,متوسط,High Abandonment + High Price vs Peers,High,52.9,Medium,Medium,conversion_friction,"Cart activity exists, but too few cart users convert to buyers. Additional issues detected (conversion_friction | pricing): The product appears overpriced relative to its closest peer group.",conversion_friction|pricing|trust,3,Investigate checkout or value-friction and reduce drop-off after add-to-cart.,افحص تعثر ما بعد الاضافة للسلة وخفف اسباب الانسحاب قبل الشراء.,Investigate checkout or value-friction and reduce drop-off after add-to-cart.,Bundle with فرن كهربايي 60 لتر - اصدار خاص where relevant.,افحص تعثر ما بعد الاضافة للسلة وخفف اسباب الانسحاب قبل الشراء.,فعّل باقة او ربطا مع المنتج فرن كهربايي 60 لتر - اصدار خاص عندما يكون ذلك مناسبا.,المنتج يُشاهَد لكنه لا يتحول إلى شراء بالمستوى المطلوب.,السعر أعلى من المستوى المعتاد داخل المجموعة المنافسة | قوة العلامة التجارية أقل من منافسيه داخل المجموعة | عدد المراجعات أقل من المنتجات المشابهة مما يضعف الثقة,Conversion 77.14% vs category avg 439.13%.,Price is above peer average (1350.85 vs 1508.28).,Cart abandonment is high at 100.00%.,35,9.0,27.0,0.7714285714285715,4.391284662352632,0.1756726404102617,43227.2,True,91,فرن كهربايي 60 لتر - اصدار خاص,Substitute,شركاء مقترحون بناءً على الشراء المتكرر داخل نفس القسم.
86,لباس رياضي ضاغط - اصدار خاص,لباس رياضي ضاغط - اصدار خاص,الرياضه واللياقه,unknown_subcategory,نيو بالانس,336.99,,Moderate,متوسط,High Abandonment + High Price vs Peers,High,52.9,Medium,Medium,conversion_friction,"Cart activity exists, but too few cart users convert to buyers. Additional issues detected (conversion_friction | pricing): The product appears overpriced relative to its closest peer group.",conversion_friction|pricing|trust,3,Investigate checkout or value-friction and reduce drop-off after add-to-cart.,افحص تعثر ما بعد الاضافة للسلة وخفف اسباب الانسحاب قبل الشراء.,Investigate checkout or value-friction and reduce drop-off after add-to-cart.,Bundle with حصيره يوغا مضاده للانزلاق - اصدار خاص where relevant.,افحص تعثر ما بعد الاضافة للسلة وخفف اسباب الانسحاب قبل الشراء.,فعّل باقة او ربطا مع المنتج حصيره يوغا مضاده للانزلاق - اصدار خاص عندما يكون ذلك مناسبا.,هناك اهتمام واضح بالمنتج لكن جزءًا من العملاء لا يكمل الشراء بعد الإضافة للسلة.,السعر أعلى من المستوى المعتاد داخل المجموعة المنافسة | قوة العلامة التجارية أقل من منافسيه داخل المجموعة | عدد المراجعات أقل من المنتجات المشابهة مما يضعف الثقة,Conversion 147.06% vs category avg 850.97%.,Price is above peer average (336.99 vs 431.36).,Cart abandonment is high at 100.00%.,17,6.0,17.0,1.4705882352941178,8.50970943604373,0.1728129786741358,8424.75,True,117,حصيره يوغا مضاده للانزلاق - اصدار خاص,Substitute,شركاء مقترحون بناءً على الشراء المتكرر داخل نفس القسم.
193,مجموعه كتب الطفل التعليميه - اصدار خاص,مجموعه كتب الطفل التعليميه - اصدار خاص,الكتب والتعليم,unknown_subcategory,دار الفكر,256.05,,Moderate,متوسط,High Abandonment + High Price vs Peers,High,52.88,Medium,Medium,conversion_friction,"Cart activity exists, but too few cart users convert to buyers. Additional issues detected (conversion_friction | pricing): The product appears overpriced relative to its closest peer group.",conversion_friction|pricing|trust,3,Investigate checkout or value-friction and reduce drop-off after add-to-cart.,افحص تعثر ما بعد الاضافة للسلة وخفف اسباب الانسحاب قبل الشراء.,Investigate checkout or value-friction and reduce drop-off after add-to-cart.,Bundle with مجموعه كتب الطفل التعليميه - اصدار خاص where relevant.,افحص تعثر ما بعد الاضافة للسلة وخفف اسباب الانسحاب قبل الشراء.,فعّل باقة او ربطا مع المنتج مجموعه كتب الطفل التعليميه - اصدار خاص عندما يكون ذلك مناسبا.,المنتج يُشاهَد لكنه لا يتحول إلى شراء بالمستوى المطلوب.,السعر أعلى من المستوى المعتاد داخل المجموعة المنافسة | قوة العلامة التجارية أقل من منافسيه داخل المجموعة | تقييم المنتج أقل من متوسط المنتجات المشابهة | عدد المراجعات أقل من المنتجات المشابهة مما يضعف الثقة,Conversion 60.71% vs category avg 336.35%.,Price is above peer average (256.05 vs 215.32).,Rating trails peers (3.40 vs 3.52).,56,17.0,33.0,0.6071428571428571,3.3634956997365264,0.1805094792273457,10498.05,True,175,مجموعه كتب الطفل التعليميه - اصدار خاص,Substitute,شركاء مقترحون بناءً على الشراء المتكرر داخل نفس القسم.
137,راوتر واي فاي 6 - اصدار خاص,راوتر واي فاي 6 - اصدار خاص,الالكترونيات,unknown_subcategory,اوبو,593.31,,Moderate,متوسط,High Abandonment + Weak Content,High,52.79,Medium,Medium,conversion_friction,"Cart activity exists, but too few cart users convert to buyers. Additional issues detected (conversion_friction | content): Product content richness or image coverage lags similar products.",conversion_friction|trust|content,3,Investigate checkout or value-friction and reduce drop-off after add-to-cart.,افحص تعثر ما بعد الاضافة للسلة وخفف اسباب الانسحاب قبل الشراء.,Investigate checkout or value-friction and reduce drop-off after add-to-cart.,Bundle with شاشه 4K 27 انش where relevant.,افحص تعثر ما بعد الاضافة للسلة وخفف اسباب الانسحاب قبل الشراء.,فعّل باقة او ربطا مع المنتج شاشه 4K 27 انش عندما يكون ذلك مناسبا.,المنتج يُشاهَد لكنه لا يتحول إلى شراء بالمستوى المطلوب.,قوة العلامة التجارية أقل من منافسيه داخل المجموعة | الدعم البصري أضعف من المنافسين من حيث عدد الصور | عدد المراجعات أقل من المنتجات المشابهة مما يضعف الثقة,Conversion 118.18% vs category avg 796.12%.,Cart abandonment is high at 100.00%.,,22,7.0,22.0,1.181818181818182,7.961233440029987,0.1484466183186974,17205.989999999998,True,6,شاشه 4K 27 انش,Substitute,شركاء مقترحون بناءً على الشراء المتكرر داخل نفس القسم.
199,زيت ارغان طبيعي - اصدار خاص,زيت ارغان طبيعي - اصدار خاص,الجمال والعنايه,unknown_subcategory,بيوتانيا,107.47,,Moderate,متوسط,High Abandonment + Weak Content,High,52.71,Medium,Medium,conversion_friction,"Cart activity exists, but too few cart users convert to buyers. Additional issues detected (conversion_friction | content): Product content richness or image coverage lags similar products.",conversion_friction|trust|content,3,Investigate checkout or value-friction and reduce drop-off after add-to-cart.,افحص تعثر ما بعد الاضافة للسلة وخفف اسباب الانسحاب قبل الشراء.,Investigate checkout or value-friction and reduce drop-off after add-to-cart.,Bundle with طقم مكياج احترافي where relevant.,افحص تعثر ما بعد الاضافة للسلة وخفف اسباب الانسحاب قبل الشراء.,فعّل باقة او ربطا مع المنتج طقم مكياج احترافي عندما يكون ذلك مناسبا.,هناك اهتمام واضح بالمنتج لكن جزءًا من العملاء لا يكمل الشراء بعد الإضافة للسلة.,تقييم المنتج أقل من متوسط المنتجات المشابهة | الدعم البصري أضعف من المنافسين من حيث عدد الصور | عدد المراجعات أقل من المنتجات المشابهة مما يضعف الثقة,Conversion 128.57% vs category avg 676.88%.,Rating trails peers (2.60 vs 3.34).,Cart abandonment is high at 100.00%.,21,11.0,21.0,1.2857142857142858,6.768778422340422,0.18994775799881,3331.57,True,34,طقم مكياج احترافي,Substitute,شركاء مقترحون بناءً على الشراء المتكرر داخل نفس القسم.
44,جهاز مشي كهربايي,جهاز مشي كهربايي,الرياضه واللياقه,unknown_subcategory,نيو بالانس,1768.56,,Moderate,متوسط,High Abandonment + High Price vs Peers,High,52.63,Medium,Medium,conversion_friction,"Cart activity exists, but too few cart users convert to buyers. Additional issues detected (conversion_friction | pricing): The product appears overpriced relative to its closest peer group.",conversion_friction|pricing|trust,3,Investigate checkout or value-friction and reduce drop-off after add-to-cart.,افحص تعثر ما بعد الاضافة للسلة وخفف اسباب الانسحاب قبل الشراء.,Investigate checkout or value-friction and reduce drop-off after add-to-cart.,Bundle with اوزان حديد طقم 20 كيلو - اصدار خاص where relevant.,افحص تعثر ما بعد الاضافة للسلة وخفف اسباب الانسحاب قبل الشراء.,فعّل باقة او ربطا مع المنتج اوزان حديد طقم 20 كيلو - اصدار خاص عندما يكون ذلك مناسبا.,هناك اهتمام واضح بالمنتج لكن جزءًا من العملاء لا يكمل الشراء بعد الإضافة للسلة.,السعر أعلى من المستوى المعتاد داخل المجموعة المنافسة | قوة العلامة التجارية أقل من منافسيه داخل المجموعة | عدد المراجعات أقل من المنتجات المشابهة مما يضعف الثقة,Conversion 166.67% vs category avg 850.97%.,Price is above peer average (1768.56 vs 783.73).,Cart abandonment is high at 100.00%.,15,4.0,15.0,1.6666666666666667,8.50970943604373,0.1958547091640206,45982.56,True,131,اوزان حديد طقم 20 كيلو - اصدار خاص,Substitute,شركاء مقترحون بناءً على الشراء المتكرر داخل نفس القسم.
7,كاميرا ميرورليس,كاميرا ميرورليس,الالكترونيات,unknown_subcategory,ال جي,2063.12,,Moderate,متوسط,High Abandonment + High Price vs Peers,High,52.62,Medium,Medium,conversion_friction,"Cart activity exists, but too few cart users convert to buyers. Additional issues detected (conversion_friction | pricing): The product appears overpriced relative to its closest peer group.",conversion_friction|pricing|trust,3,Investigate checkout or value-friction and reduce drop-off after add-to-cart.,افحص تعثر ما بعد الاضافة للسلة وخفف اسباب الانسحاب قبل الشراء.,Investigate checkout or value-friction and reduce drop-off after add-to-cart.,Bundle with سماعات لاسلكيه where relevant.,افحص تعثر ما بعد الاضافة للسلة وخفف اسباب الانسحاب قبل الشراء.,فعّل باقة او ربطا مع المنتج سماعات لاسلكيه عندما يكون ذلك مناسبا.,هناك اهتمام واضح بالمنتج لكن جزءًا من العملاء لا يكمل الشراء بعد الإضافة للسلة.,السعر أعلى من المستوى المعتاد داخل المجموعة المنافسة | قوة العلامة التجارية أقل من منافسيه داخل المجموعة | عدد المراجعات أقل من المنتجات المشابهة مما يضعف الثقة,Conversion 157.14% vs category avg 796.12%.,Price is above peer average (2063.12 vs 3270.65).,Cart abandonment is high at 100.00%.,21,3.0,21.0,1.5714285714285714,7.961233440029987,0.197385063918268,78398.56,True,3,سماعات لاسلكيه,Substitute,شركاء مقترحون بناءً على الشراء المتكرر داخل نفس القسم.
77,دوره برمجه اكاديميه USB - اصدار خاص,دوره برمجه اكاديميه USB - اصدار خاص,الكتب والتعليم,unknown_subcategory,الوراق,193.57,,Moderate,متوسط,High Abandonment + High Price vs Peers,High,52.57,Medium,Medium,conversion_friction,"Cart activity exists, but too few cart users convert to buyers. Additional issues detected (conversion_friction | pricing): The product appears overpriced relative to its closest peer group.",conversion_friction|pricing|trust,3,Investigate checkout or value-friction and reduce drop-off after add-to-cart.,افحص تعثر ما بعد الاضافة للسلة وخفف اسباب الانسحاب قبل الشراء.,Investigate checkout or value-friction and reduce drop-off after add-to-cart.,Bundle with اطلس العالم المصور - اصدار خاص where relevant.,افحص تعثر ما بعد الاضافة للسلة وخفف اسباب الانسحاب قبل الشراء.,فعّل باقة او ربطا مع المنتج اطلس العالم المصور - اصدار خاص عندما يكون ذلك مناسبا.,المنتج يُشاهَد لكنه لا يتحول إلى شراء بالمستوى المطلوب.,السعر أعلى من المستوى المعتاد داخل المجموعة المنافسة | قوة العلامة التجارية أقل من منافسيه داخل المجموعة | تقييم المنتج أقل من متوسط المنتجات المشابهة | عدد المراجعات أقل من المنتجات المشابهة مما يضعف الثقة,Conversion 69.23% vs category avg 336.35%.,Price is above peer average (193.57 vs 278.63).,Rating trails peers (3.40 vs 3.56).,39,9.0,27.0,0.6923076923076923,3.3634956997365264,0.2058298134176068,5807.099999999999,True,150,اطلس العالم المصور - اصدار خاص,Substitute,شركاء مقترحون بناءً على الشراء المتكرر داخل نفس القسم.
69,لابتوب الترا سليم - اصدار خاص,لابتوب الترا سليم - اصدار خاص,الالكترونيات,unknown_subcategory,اوبو,5185.33,,Moderate,متوسط,High Abandonment + High Price vs Peers,High,52.43,Medium,Medium,conversion_friction,"Cart activity exists, but too few cart users convert to buyers. Additional issues detected (conversion_friction | pricing): The product appears overpriced relative to its closest peer group.",conversion_friction|pricing|trust,3,Investigate checkout or value-friction and reduce drop-off after add-to-cart.,افحص تعثر ما بعد الاضافة للسلة وخفف اسباب الانسحاب قبل الشراء.,Investigate checkout or value-friction and reduce drop-off after add-to-cart.,Bundle with سماعات لاسلكيه where relevant.,افحص تعثر ما بعد الاضافة للسلة وخفف اسباب الانسحاب قبل الشراء.,فعّل باقة او ربطا مع المنتج سماعات لاسلكيه عندما يكون ذلك مناسبا.,هناك اهتمام واضح بالمنتج لكن جزءًا من العملاء لا يكمل الشراء بعد الإضافة للسلة.,السعر أعلى من المستوى المعتاد داخل المجموعة المنافسة | قوة العلامة التجارية أقل من منافسيه داخل المجموعة | تقييم المنتج أقل من متوسط المنتجات المشابهة | عدد المراجعات أقل من المنتجات المشابهة مما يضعف الثقة,Conversion 168.75% vs category avg 796.12%.,Price is above peer average (5185.33 vs 4545.30).,Rating trails peers (2.50 vs 3.36).,16,5.0,16.0,1.6875,7.961233440029987,0.21196464250314,150374.57,True,3,سماعات لاسلكيه,Substitute,شركاء مقترحون بناءً على الشراء المتكرر داخل نفس القسم.
108,كاميرا ميرورليس - اصدار خاص,كاميرا ميرورليس - اصدار خاص,الالكترونيات,unknown_subcategory,ال جي,5179.59,,Moderate,متوسط,High Abandonment + High Price vs Peers + Weak Content,High,52.25,Medium,Medium,conversion_friction,"Cart activity exists, but too few cart users convert to buyers. Additional issues detected (conversion_friction | pricing | content): The product appears overpriced relative to its closest peer group. Also: Product content richness or image coverage lags similar products.",conversion_friction|pricing|trust|content,4,Investigate checkout or value-friction and reduce drop-off after add-to-cart.,افحص تعثر ما بعد الاضافة للسلة وخفف اسباب الانسحاب قبل الشراء.,Investigate checkout or value-friction and reduce drop-off after add-to-cart.,Bundle with راوتر واي فاي 6 where relevant.,افحص تعثر ما بعد الاضافة للسلة وخفف اسباب الانسحاب قبل الشراء.,فعّل باقة او ربطا مع المنتج راوتر واي فاي 6 عندما يكون ذلك مناسبا.,هناك اهتمام واضح بالمنتج لكن جزءًا من العملاء لا يكمل الشراء بعد الإضافة للسلة.,السعر أعلى من المستوى المعتاد داخل المجموعة المنافسة | قوة العلامة التجارية أقل من منافسيه داخل المجموعة | تقييم المنتج أقل من متوسط المنتجات المشابهة | الدعم البصري أضعف من المنافسين من حيث عدد الصور | عدد المراجعات أقل من المنتجات المشابهة مما يضعف الثقة,Conversion 178.95% vs category avg 796.12%.,Price is above peer average (5179.59 vs 4546.45).,Rating trails peers (3.30 vs 3.20).,19,11.0,19.0,1.7894736842105263,7.961233440029987,0.2247734220696066,191644.83,True,9,راوتر واي فاي 6,Substitute,شركاء مقترحون بناءً على الشراء المتكرر داخل نفس القسم.
191,غساله اوتوماتيك 8 كيلو - اصدار خاص,غساله اوتوماتيك 8 كيلو - اصدار خاص,المنزل والمطبخ,unknown_subcategory,هايسنس,2178.66,,Moderate,متوسط,High Abandonment + High Price vs Peers + Weak Content,High,52.2,Medium,Medium,conversion_friction,"Cart activity exists, but too few cart users convert to buyers. Additional issues detected (conversion_friction | pricing | content): The product appears overpriced relative to its closest peer group. Also: Product content richness or image coverage lags similar products.",conversion_friction|pricing|trust|content,4,Investigate checkout or value-friction and reduce drop-off after add-to-cart.,افحص تعثر ما بعد الاضافة للسلة وخفف اسباب الانسحاب قبل الشراء.,Investigate checkout or value-friction and reduce drop-off after add-to-cart.,Bundle with فرن كهربايي 60 لتر - اصدار خاص where relevant.,افحص تعثر ما بعد الاضافة للسلة وخفف اسباب الانسحاب قبل الشراء.,فعّل باقة او ربطا مع المنتج فرن كهربايي 60 لتر - اصدار خاص عندما يكون ذلك مناسبا.,المنتج يُشاهَد لكنه لا يتحول إلى شراء بالمستوى المطلوب.,السعر أعلى من المستوى المعتاد داخل المجموعة المنافسة | تقييم المنتج أقل من متوسط المنتجات المشابهة | الدعم البصري أضعف من المنافسين من حيث عدد الصور | عدد المراجعات أقل من المنتجات المشابهة مما يضعف الثقة,Conversion 100.00% vs category avg 439.13%.,Price is above peer average (2178.66 vs 1688.81).,Rating trails peers (2.80 vs 3.30).,23,10.0,21.0,1.0,4.391284662352632,0.2277237931244133,54466.5,True,195,فرن كهربايي 60 لتر - اصدار خاص,Substitute,شركاء مقترحون بناءً على الشراء المتكرر داخل نفس القسم.
165,حذاء جري احترافي - اصدار خاص,حذاء جري احترافي - اصدار خاص,الرياضه واللياقه,unknown_subcategory,اديداس,867.11,,Moderate,متوسط,High Abandonment + High Price vs Peers,High,51.75,Medium,Medium,conversion_friction,"Cart activity exists, but too few cart users convert to buyers. Additional issues detected (conversion_friction | pricing): The product appears overpriced relative to its closest peer group.",conversion_friction|pricing|trust,3,Investigate checkout or value-friction and reduce drop-off after add-to-cart.,افحص تعثر ما بعد الاضافة للسلة وخفف اسباب الانسحاب قبل الشراء.,Investigate checkout or value-friction and reduce drop-off after add-to-cart.,Bundle with حقيبه رياضيه جيم where relevant.,افحص تعثر ما بعد الاضافة للسلة وخفف اسباب الانسحاب قبل الشراء.,فعّل باقة او ربطا مع المنتج حقيبه رياضيه جيم عندما يكون ذلك مناسبا.,هناك اهتمام واضح بالمنتج لكن جزءًا من العملاء لا يكمل الشراء بعد الإضافة للسلة.,السعر أعلى من المستوى المعتاد داخل المجموعة المنافسة | قوة العلامة التجارية أقل من منافسيه داخل المجموعة | عدد المراجعات أقل من المنتجات المشابهة مما يضعف الثقة,Conversion 225.00% vs category avg 850.97%.,Price is above peer average (867.11 vs 325.34).,Cart abandonment is high at 100.00%.,12,3.0,12.0,2.25,8.50970943604373,0.2644038573714278,25146.19,True,48,حقيبه رياضيه جيم,Substitute,شركاء مقترحون بناءً على الشراء المتكرر داخل نفس القسم.
135,طقم اواني طهي غرانيت - اصدار خاص,طقم اواني طهي غرانيت - اصدار خاص,المنزل والمطبخ,unknown_subcategory,تيفال,248.61,,Moderate,متوسط,High Abandonment,High,51.68,Medium,Medium,conversion_friction,"Cart activity exists, but too few cart users convert to buyers.",conversion_friction|trust,2,Investigate checkout or value-friction and reduce drop-off after add-to-cart.,افحص تعثر ما بعد الاضافة للسلة وخفف اسباب الانسحاب قبل الشراء.,Investigate checkout or value-friction and reduce drop-off after add-to-cart.,Bundle with فرن كهربايي 60 لتر - اصدار خاص where relevant.,افحص تعثر ما بعد الاضافة للسلة وخفف اسباب الانسحاب قبل الشراء.,فعّل باقة او ربطا مع المنتج فرن كهربايي 60 لتر - اصدار خاص عندما يكون ذلك مناسبا.,المنتج يُشاهَد لكنه لا يتحول إلى شراء بالمستوى المطلوب.,قوة العلامة التجارية أقل من منافسيه داخل المجموعة | تقييم المنتج أقل من متوسط المنتجات المشابهة | عدد المراجعات أقل من المنتجات المشابهة مما يضعف الثقة,Conversion 120.00% vs category avg 439.13%.,Rating trails peers (2.80 vs 2.78).,Cart abandonment is high at 100.00%.,30,5.0,30.0,1.2,4.391284662352632,0.273268551749296,9944.4,True,176,فرن كهربايي 60 لتر - اصدار خاص,Substitute,شركاء مقترحون بناءً على الشراء المتكرر داخل نفس القسم.
70,فرن كهربايي 60 لتر - اصدار خاص,فرن كهربايي 60 لتر - اصدار خاص,المنزل والمطبخ,unknown_subcategory,فيليبس,1076.29,,Moderate,متوسط,High Abandonment + Weak Content,High,51.68,Medium,Medium,conversion_friction,"Cart activity exists, but too few cart users convert to buyers. Additional issues detected (conversion_friction | content): Product content richness or image coverage lags similar products.",conversion_friction|trust|content,3,Investigate checkout or value-friction and reduce drop-off after add-to-cart.,افحص تعثر ما بعد الاضافة للسلة وخفف اسباب الانسحاب قبل الشراء.,Investigate checkout or value-friction and reduce drop-off after add-to-cart.,Bundle with فرن كهربايي 60 لتر - اصدار خاص where relevant.,افحص تعثر ما بعد الاضافة للسلة وخفف اسباب الانسحاب قبل الشراء.,فعّل باقة او ربطا مع المنتج فرن كهربايي 60 لتر - اصدار خاص عندما يكون ذلك مناسبا.,المنتج يُشاهَد لكنه لا يتحول إلى شراء بالمستوى المطلوب.,قوة العلامة التجارية أقل من منافسيه داخل المجموعة | تقييم المنتج أقل من متوسط المنتجات المشابهة | الدعم البصري أضعف من المنافسين من حيث عدد الصور | عدد المراجعات أقل من المنتجات المشابهة مما يضعف الثقة,Conversion 118.18% vs category avg 439.13%.,Rating trails peers (3.10 vs 3.04).,Cart abandonment is high at 100.00%.,22,6.0,22.0,1.181818181818182,4.391284662352632,0.2691281191470339,32288.7,True,176,فرن كهربايي 60 لتر - اصدار خاص,Substitute,شركاء مقترحون بناءً على الشراء المتكرر داخل نفس القسم.
98,اوزان حديد طقم 20 كيلو - اصدار خاص,اوزان حديد طقم 20 كيلو - اصدار خاص,الرياضه واللياقه,unknown_subcategory,نايكي,449.02,,Moderate,متوسط,High Abandonment + High Price vs Peers + Low Visibility,High,51.61,Medium,Medium,conversion_friction,"Cart activity exists, but too few cart users convert to buyers. Additional issues detected (conversion_friction | pricing | visibility): The product appears overpriced relative to its closest peer group. Also: The product receives limited qualified visibility in the selected period.",conversion_friction|pricing|trust|visibility,4,Investigate checkout or value-friction and reduce drop-off after add-to-cart.,افحص تعثر ما بعد الاضافة للسلة وخفف اسباب الانسحاب قبل الشراء.,Investigate checkout or value-friction and reduce drop-off after add-to-cart.,Bundle with حقيبه رياضيه جيم where relevant.,افحص تعثر ما بعد الاضافة للسلة وخفف اسباب الانسحاب قبل الشراء.,فعّل باقة او ربطا مع المنتج حقيبه رياضيه جيم عندما يكون ذلك مناسبا.,هناك اهتمام واضح بالمنتج لكن جزءًا من العملاء لا يكمل الشراء بعد الإضافة للسلة.,السعر أعلى من المستوى المعتاد داخل المجموعة المنافسة | قوة العلامة التجارية أقل من منافسيه داخل المجموعة | عدد المراجعات أقل من المنتجات المشابهة مما يضعف الثقة,Conversion 236.36% vs category avg 850.97%.,Price is above peer average (449.02 vs 402.89).,Cart abandonment is high at 100.00%.,11,3.0,11.0,2.363636363636364,8.50970943604373,0.277757587541702,13470.6,True,48,حقيبه رياضيه جيم,Substitute,شركاء مقترحون بناءً على الشراء المتكرر داخل نفس القسم.
43,دراجه هواييه جبليه,دراجه هواييه جبليه,الرياضه واللياقه,unknown_subcategory,نايكي,1574.27,,Moderate,متوسط,High Abandonment + High Price vs Peers + Low Visibility,High,51.49,Medium,Medium,conversion_friction,"Cart activity exists, but too few cart users convert to buyers. Additional issues detected (conversion_friction | pricing | visibility): The product appears overpriced relative to its closest peer group. Also: The product receives limited qualified visibility in the selected period.",conversion_friction|pricing|trust|visibility,4,Investigate checkout or value-friction and reduce drop-off after add-to-cart.,افحص تعثر ما بعد الاضافة للسلة وخفف اسباب الانسحاب قبل الشراء.,Investigate checkout or value-friction and reduce drop-off after add-to-cart.,Bundle with حقيبه رياضيه جيم where relevant.,افحص تعثر ما بعد الاضافة للسلة وخفف اسباب الانسحاب قبل الشراء.,فعّل باقة او ربطا مع المنتج حقيبه رياضيه جيم عندما يكون ذلك مناسبا.,هناك اهتمام واضح بالمنتج لكن جزءًا من العملاء لا يكمل الشراء بعد الإضافة للسلة.,السعر أعلى من المستوى المعتاد داخل المجموعة المنافسة | قوة العلامة التجارية أقل من منافسيه داخل المجموعة | تقييم المنتج أقل من متوسط المنتجات المشابهة | عدد المراجعات أقل من المنتجات المشابهة مما يضعف الثقة,Conversion 242.86% vs category avg 850.97%.,Price is above peer average (1574.27 vs 408.96).,Rating trails peers (3.10 vs 4.10).,7,2.0,7.0,2.4285714285714284,8.50970943604373,0.2853882904961443,29911.13,True,48,حقيبه رياضيه جيم,Substitute,شركاء مقترحون بناءً على الشراء المتكرر داخل نفس القسم.
90,شاشه 4K 27 انش - اصدار خاص,شاشه 4K 27 انش - اصدار خاص,الالكترونيات,unknown_subcategory,ال جي,2115.26,,Moderate,متوسط,High Abandonment + High Price vs Peers + Low Visibility,High,51.48,Medium,Medium,conversion_friction,"Cart activity exists, but too few cart users convert to buyers. Additional issues detected (conversion_friction | pricing | visibility): The product appears overpriced relative to its closest peer group. Also: The product receives limited qualified visibility in the selected period.",conversion_friction|pricing|trust|visibility,4,Investigate checkout or value-friction and reduce drop-off after add-to-cart.,افحص تعثر ما بعد الاضافة للسلة وخفف اسباب الانسحاب قبل الشراء.,Investigate checkout or value-friction and reduce drop-off after add-to-cart.,Bundle with شاشه 4K 27 انش where relevant.,افحص تعثر ما بعد الاضافة للسلة وخفف اسباب الانسحاب قبل الشراء.,فعّل باقة او ربطا مع المنتج شاشه 4K 27 انش عندما يكون ذلك مناسبا.,هناك اهتمام واضح بالمنتج لكن جزءًا من العملاء لا يكمل الشراء بعد الإضافة للسلة.,السعر أعلى من المستوى المعتاد داخل المجموعة المنافسة | قوة العلامة التجارية أقل من منافسيه داخل المجموعة | عدد المراجعات أقل من المنتجات المشابهة مما يضعف الثقة,Conversion 230.00% vs category avg 796.12%.,Price is above peer average (2115.26 vs 2181.32).,Cart abandonment is high at 100.00%.,10,1.0,10.0,2.3,7.961233440029987,0.2888999571894649,52881.50000000001,True,6,شاشه 4K 27 انش,Substitute,شركاء مقترحون بناءً على الشراء المتكرر داخل نفس القسم.
158,فستان سهره انيق - اصدار خاص,فستان سهره انيق - اصدار خاص,الازياء والملابس,unknown_subcategory,بوما,655.51,,Moderate,متوسط,High Abandonment + High Price vs Peers + Weak Content,High,51.43,Medium,Medium,conversion_friction,"Cart activity exists, but too few cart users convert to buyers. Additional issues detected (conversion_friction | pricing | content): The product appears overpriced relative to its closest peer group. Also: Product content richness or image coverage lags similar products.",conversion_friction|pricing|trust|content,4,Investigate checkout or value-friction and reduce drop-off after add-to-cart.,افحص تعثر ما بعد الاضافة للسلة وخفف اسباب الانسحاب قبل الشراء.,Investigate checkout or value-friction and reduce drop-off after add-to-cart.,Bundle with حقيبه يد جلديه - اصدار خاص where relevant.,افحص تعثر ما بعد الاضافة للسلة وخفف اسباب الانسحاب قبل الشراء.,فعّل باقة او ربطا مع المنتج حقيبه يد جلديه - اصدار خاص عندما يكون ذلك مناسبا.,المنتج يُشاهَد لكنه لا يتحول إلى شراء بالمستوى المطلوب.,السعر أعلى من المستوى المعتاد داخل المجموعة المنافسة | الدعم البصري أضعف من المنافسين من حيث عدد الصور | عدد المراجعات أقل من المنتجات المشابهة مما يضعف الثقة,Conversion 67.44% vs category avg 228.45%.,Price is above peer average (655.51 vs 295.97).,Cart abandonment is high at 100.00%.,43,7.0,27.0,0.6744186046511628,2.284453274168197,0.295221010767545,20976.32,True,164,حقيبه يد جلديه - اصدار خاص,Substitute,شركاء مقترحون بناءً على الشراء المتكرر داخل نفس القسم.
81,شاشه 4K 27 انش - اصدار خاص,شاشه 4K 27 انش - اصدار خاص,الالكترونيات,unknown_subcategory,لينوفو,1613.84,,Moderate,متوسط,High Abandonment + Weak Content,High,51.43,Medium,Medium,conversion_friction,"Cart activity exists, but too few cart users convert to buyers. Additional issues detected (conversion_friction | content): Product content richness or image coverage lags similar products.",conversion_friction|trust|content,3,Investigate checkout or value-friction and reduce drop-off after add-to-cart.,افحص تعثر ما بعد الاضافة للسلة وخفف اسباب الانسحاب قبل الشراء.,Investigate checkout or value-friction and reduce drop-off after add-to-cart.,Bundle with سماعات لاسلكيه where relevant.,افحص تعثر ما بعد الاضافة للسلة وخفف اسباب الانسحاب قبل الشراء.,فعّل باقة او ربطا مع المنتج سماعات لاسلكيه عندما يكون ذلك مناسبا.,هناك اهتمام واضح بالمنتج لكن جزءًا من العملاء لا يكمل الشراء بعد الإضافة للسلة.,قوة العلامة التجارية أقل من منافسيه داخل المجموعة | الدعم البصري أضعف من المنافسين من حيث عدد الصور | عدد المراجعات أقل من المنتجات المشابهة مما يضعف الثقة,Conversion 207.14% vs category avg 796.12%.,Cart abandonment is high at 100.00%.,,14,2.0,14.0,2.071428571428572,7.961233440029987,0.2601894024377169,50029.04,True,3,سماعات لاسلكيه,Substitute,شركاء مقترحون بناءً على الشراء المتكرر داخل نفس القسم.
180,شال كشمير ناعم - اصدار خاص,شال كشمير ناعم - اصدار خاص,الازياء والملابس,unknown_subcategory,مانجو,279.71,,Moderate,متوسط,High Abandonment + Weak Content,High,51.41,Medium,Medium,conversion_friction,"Cart activity exists, but too few cart users convert to buyers. Additional issues detected (conversion_friction | content): Product content richness or image coverage lags similar products.",conversion_friction|trust|content,3,Investigate checkout or value-friction and reduce drop-off after add-to-cart.,افحص تعثر ما بعد الاضافة للسلة وخفف اسباب الانسحاب قبل الشراء.,Investigate checkout or value-friction and reduce drop-off after add-to-cart.,Bundle with فستان سهره انيق - اصدار خاص where relevant.,افحص تعثر ما بعد الاضافة للسلة وخفف اسباب الانسحاب قبل الشراء.,فعّل باقة او ربطا مع المنتج فستان سهره انيق - اصدار خاص عندما يكون ذلك مناسبا.,المنتج يُشاهَد لكنه لا يتحول إلى شراء بالمستوى المطلوب.,تقييم المنتج أقل من متوسط المنتجات المشابهة | الدعم البصري أضعف من المنافسين من حيث عدد الصور | عدد المراجعات أقل من المنتجات المشابهة مما يضعف الثقة,Conversion 67.39% vs category avg 228.45%.,Rating trails peers (3.30 vs 3.34).,Cart abandonment is high at 100.00%.,46,12.0,30.0,0.6739130434782609,2.284453274168197,0.294999705662022,9230.429999999998,True,158,فستان سهره انيق - اصدار خاص,Substitute,شركاء مقترحون بناءً على الشراء المتكرر داخل نفس القسم.
87,طقم مكياج احترافي - اصدار خاص,طقم مكياج احترافي - اصدار خاص,الجمال والعنايه,unknown_subcategory,نيفيا,281.44,,Moderate,متوسط,High Abandonment,High,51.32,Medium,Medium,conversion_friction,"Cart activity exists, but too few cart users convert to buyers.",conversion_friction|trust,2,Investigate checkout or value-friction and reduce drop-off after add-to-cart.,افحص تعثر ما بعد الاضافة للسلة وخفف اسباب الانسحاب قبل الشراء.,Investigate checkout or value-friction and reduce drop-off after add-to-cart.,Bundle with طقم مكياج احترافي where relevant.,افحص تعثر ما بعد الاضافة للسلة وخفف اسباب الانسحاب قبل الشراء.,فعّل باقة او ربطا مع المنتج طقم مكياج احترافي عندما يكون ذلك مناسبا.,المنتج يُشاهَد لكنه لا يتحول إلى شراء بالمستوى المطلوب.,تقييم المنتج أقل من متوسط المنتجات المشابهة | عدد المراجعات أقل من المنتجات المشابهة مما يضعف الثقة,Conversion 54.55% vs category avg 676.88%.,Rating trails peers (2.70 vs 3.16).,Cart abandonment is high at 100.00%.,44,11.0,21.0,0.5454545454545454,6.768778422340422,0.0805838973328284,7317.44,True,34,طقم مكياج احترافي,Substitute,شركاء مقترحون بناءً على الشراء المتكرر داخل نفس القسم.
162,ثلاجه نوفروست 350 لتر - اصدار خاص,ثلاجه نوفروست 350 لتر - اصدار خاص,المنزل والمطبخ,unknown_subcategory,تيفال,2324.66,,Moderate,متوسط,High Abandonment + High Price vs Peers,High,51.27,Medium,Medium,conversion_friction,"Cart activity exists, but too few cart users convert to buyers. Additional issues detected (conversion_friction | pricing): The product appears overpriced relative to its closest peer group.",conversion_friction|pricing|trust,3,Investigate checkout or value-friction and reduce drop-off after add-to-cart.,افحص تعثر ما بعد الاضافة للسلة وخفف اسباب الانسحاب قبل الشراء.,Investigate checkout or value-friction and reduce drop-off after add-to-cart.,Bundle with فرن كهربايي 60 لتر - اصدار خاص where relevant.,افحص تعثر ما بعد الاضافة للسلة وخفف اسباب الانسحاب قبل الشراء.,فعّل باقة او ربطا مع المنتج فرن كهربايي 60 لتر - اصدار خاص عندما يكون ذلك مناسبا.,هناك اهتمام واضح بالمنتج لكن جزءًا من العملاء لا يكمل الشراء بعد الإضافة للسلة.,السعر أعلى من المستوى المعتاد داخل المجموعة المنافسة | قوة العلامة التجارية أقل من منافسيه داخل المجموعة | عدد المراجعات أقل من المنتجات المشابهة مما يضعف الثقة,Conversion 133.33% vs category avg 439.13%.,Price is above peer average (2324.66 vs 2141.37).,Cart abandonment is high at 100.00%.,18,3.0,18.0,1.3333333333333333,4.391284662352632,0.3036317241658844,62765.81999999999,True,176,فرن كهربايي 60 لتر - اصدار خاص,Substitute,شركاء مقترحون بناءً على الشراء المتكرر داخل نفس القسم.
186,كتاب الطبخ العربي التقليدي - اصدار خاص,كتاب الطبخ العربي التقليدي - اصدار خاص,الكتب والتعليم,unknown_subcategory,دار العلوم,109.52,,Moderate,متوسط,High Abandonment,High,51.23,Medium,Medium,conversion_friction,"Cart activity exists, but too few cart users convert to buyers.",conversion_friction|trust,2,Investigate checkout or value-friction and reduce drop-off after add-to-cart.,افحص تعثر ما بعد الاضافة للسلة وخفف اسباب الانسحاب قبل الشراء.,Investigate checkout or value-friction and reduce drop-off after add-to-cart.,Bundle with كتاب رياده الاعمال والنجاح - اصدار خاص where relevant.,افحص تعثر ما بعد الاضافة للسلة وخفف اسباب الانسحاب قبل الشراء.,فعّل باقة او ربطا مع المنتج كتاب رياده الاعمال والنجاح - اصدار خاص عندما يكون ذلك مناسبا.,المنتج يُشاهَد لكنه لا يتحول إلى شراء بالمستوى المطلوب.,قوة العلامة التجارية أقل من منافسيه داخل المجموعة | تقييم المنتج أقل من متوسط المنتجات المشابهة | عدد المراجعات أقل من المنتجات المشابهة مما يضعف الثقة,Conversion 103.70% vs category avg 336.35%.,Rating trails peers (2.80 vs 3.54).,Cart abandonment is high at 100.00%.,27,7.0,27.0,1.037037037037037,3.3634956997365264,0.3083212019918062,3066.56,True,172,كتاب رياده الاعمال والنجاح - اصدار خاص,Substitute,شركاء مقترحون بناءً على الشراء المتكرر داخل نفس القسم.
122,طقم مكياج احترافي - اصدار خاص,طقم مكياج احترافي - اصدار خاص,الجمال والعنايه,unknown_subcategory,ماك,696.77,,Moderate,متوسط,High Abandonment + High Price vs Peers,High,51.22,Medium,Medium,conversion_friction,"Cart activity exists, but too few cart users convert to buyers. Additional issues detected (conversion_friction | pricing): The product appears overpriced relative to its closest peer group.",conversion_friction|pricing|trust,3,Investigate checkout or value-friction and reduce drop-off after add-to-cart.,افحص تعثر ما بعد الاضافة للسلة وخفف اسباب الانسحاب قبل الشراء.,Investigate checkout or value-friction and reduce drop-off after add-to-cart.,Bundle with طقم مكياج احترافي - اصدار خاص where relevant.,افحص تعثر ما بعد الاضافة للسلة وخفف اسباب الانسحاب قبل الشراء.,فعّل باقة او ربطا مع المنتج طقم مكياج احترافي - اصدار خاص عندما يكون ذلك مناسبا.,هناك اهتمام واضح بالمنتج لكن جزءًا من العملاء لا يكمل الشراء بعد الإضافة للسلة.,السعر أعلى من المستوى المعتاد داخل المجموعة المنافسة | تقييم المنتج أقل من متوسط المنتجات المشابهة | عدد المراجعات أقل من المنتجات المشابهة مما يضعف الثقة,Conversion 208.33% vs category avg 676.88%.,Price is above peer average (696.77 vs 229.67).,Rating trails peers (3.20 vs 3.58).,12,3.0,12.0,2.083333333333333,6.768778422340422,0.3077857189795533,18116.02,True,87,طقم مكياج احترافي - اصدار خاص,Substitute,شركاء مقترحون بناءً على الشراء المتكرر داخل نفس القسم.
105,حقيبه رياضيه جيم - اصدار خاص,حقيبه رياضيه جيم - اصدار خاص,الرياضه واللياقه,unknown_subcategory,نيو بالانس,250.27,,Moderate,متوسط,High Abandonment + Weak Content + Low Visibility,High,51.16,Medium,Medium,conversion_friction,"Cart activity exists, but too few cart users convert to buyers. Additional issues detected (conversion_friction | content | visibility): Product content richness or image coverage lags similar products. Also: The product receives limited qualified visibility in the selected period.",conversion_friction|trust|content|visibility,4,Investigate checkout or value-friction and reduce drop-off after add-to-cart.,افحص تعثر ما بعد الاضافة للسلة وخفف اسباب الانسحاب قبل الشراء.,Investigate checkout or value-friction and reduce drop-off after add-to-cart.,Bundle with اوزان حديد طقم 20 كيلو where relevant.,افحص تعثر ما بعد الاضافة للسلة وخفف اسباب الانسحاب قبل الشراء.,فعّل باقة او ربطا مع المنتج اوزان حديد طقم 20 كيلو عندما يكون ذلك مناسبا.,هناك اهتمام واضح بالمنتج لكن جزءًا من العملاء لا يكمل الشراء بعد الإضافة للسلة.,قوة العلامة التجارية أقل من منافسيه داخل المجموعة | الدعم البصري أضعف من المنافسين من حيث عدد الصور | عدد المراجعات أقل من المنتجات المشابهة مما يضعف الثقة,Conversion 240.00% vs category avg 850.97%.,Cart abandonment is high at 100.00%.,,10,3.0,10.0,2.4,8.50970943604373,0.2820307811961897,6256.75,True,47,اوزان حديد طقم 20 كيلو,Substitute,شركاء مقترحون بناءً على الشراء المتكرر داخل نفس القسم.
181,عطر رجالي عودي - اصدار خاص,عطر رجالي عودي - اصدار خاص,الجمال والعنايه,unknown_subcategory,بالمر,353.61,,Moderate,متوسط,High Abandonment + High Price vs Peers,High,51.02,Medium,Medium,conversion_friction,"Cart activity exists, but too few cart users convert to buyers. Additional issues detected (conversion_friction | pricing): The product appears overpriced relative to its closest peer group.",conversion_friction|pricing|trust,3,Investigate checkout or value-friction and reduce drop-off after add-to-cart.,افحص تعثر ما بعد الاضافة للسلة وخفف اسباب الانسحاب قبل الشراء.,Investigate checkout or value-friction and reduce drop-off after add-to-cart.,Bundle with مجموعه عنايه بالشعر where relevant.,افحص تعثر ما بعد الاضافة للسلة وخفف اسباب الانسحاب قبل الشراء.,فعّل باقة او ربطا مع المنتج مجموعه عنايه بالشعر عندما يكون ذلك مناسبا.,هناك اهتمام واضح بالمنتج لكن جزءًا من العملاء لا يكمل الشراء بعد الإضافة للسلة.,السعر أعلى من المستوى المعتاد داخل المجموعة المنافسة | قوة العلامة التجارية أقل من منافسيه داخل المجموعة | تقييم المنتج أقل من متوسط المنتجات المشابهة | عدد المراجعات أقل من المنتجات المشابهة مما يضعف الثقة,Conversion 220.00% vs category avg 676.88%.,Price is above peer average (353.61 vs 294.02).,Rating trails peers (2.70 vs 3.02).,15,3.0,15.0,2.2,6.768778422340422,0.3250217192424083,14144.4,True,33,مجموعه عنايه بالشعر,Substitute,شركاء مقترحون بناءً على الشراء المتكرر داخل نفس القسم.
89,كتاب رياده الاعمال والنجاح - اصدار خاص,كتاب رياده الاعمال والنجاح - اصدار خاص,الكتب والتعليم,unknown_subcategory,بنغوين,73.16,,Moderate,متوسط,High Abandonment + Weak Content,High,50.82,Medium,Medium,conversion_friction,"Cart activity exists, but too few cart users convert to buyers. Additional issues detected (conversion_friction | content): Product content richness or image coverage lags similar products.",conversion_friction|trust|content,3,Investigate checkout or value-friction and reduce drop-off after add-to-cart.,افحص تعثر ما بعد الاضافة للسلة وخفف اسباب الانسحاب قبل الشراء.,Investigate checkout or value-friction and reduce drop-off after add-to-cart.,Bundle with كتاب رياده الاعمال والنجاح where relevant.,افحص تعثر ما بعد الاضافة للسلة وخفف اسباب الانسحاب قبل الشراء.,فعّل باقة او ربطا مع المنتج كتاب رياده الاعمال والنجاح عندما يكون ذلك مناسبا.,المنتج يُشاهَد لكنه لا يتحول إلى شراء بالمستوى المطلوب.,تقييم المنتج أقل من متوسط المنتجات المشابهة | الدعم البصري أضعف من المنافسين من حيث عدد الصور | عدد المراجعات أقل من المنتجات المشابهة مما يضعف الثقة,Conversion 114.29% vs category avg 336.35%.,Rating trails peers (2.80 vs 3.36).,Cart abandonment is high at 100.00%.,21,7.0,21.0,1.1428571428571428,3.3634956997365264,0.3397825491338272,2048.48,True,53,كتاب رياده الاعمال والنجاح,Substitute,شركاء مقترحون بناءً على الشراء المتكرر داخل نفس القسم.
107,كاميرا ميرورليس - اصدار خاص,كاميرا ميرورليس - اصدار خاص,الالكترونيات,unknown_subcategory,اوبو,5057.62,,Moderate,متوسط,High Abandonment + High Price vs Peers + Low Visibility,High,50.7,Medium,Medium,conversion_friction,"Cart activity exists, but too few cart users convert to buyers. Additional issues detected (conversion_friction | pricing | visibility): The product appears overpriced relative to its closest peer group. Also: The product receives limited qualified visibility in the selected period.",conversion_friction|pricing|trust|visibility,4,Investigate checkout or value-friction and reduce drop-off after add-to-cart.,افحص تعثر ما بعد الاضافة للسلة وخفف اسباب الانسحاب قبل الشراء.,Investigate checkout or value-friction and reduce drop-off after add-to-cart.,Bundle with سماعات لاسلكيه where relevant.,افحص تعثر ما بعد الاضافة للسلة وخفف اسباب الانسحاب قبل الشراء.,فعّل باقة او ربطا مع المنتج سماعات لاسلكيه عندما يكون ذلك مناسبا.,هناك اهتمام واضح بالمنتج لكن جزءًا من العملاء لا يكمل الشراء بعد الإضافة للسلة.,السعر أعلى من المستوى المعتاد داخل المجموعة المنافسة | قوة العلامة التجارية أقل من منافسيه داخل المجموعة | تقييم المنتج أقل من متوسط المنتجات المشابهة | عدد المراجعات أقل من المنتجات المشابهة مما يضعف الثقة,Conversion 280.00% vs category avg 796.12%.,Price is above peer average (5057.62 vs 4570.84).,Rating trails peers (3.20 vs 3.22).,10,3.0,10.0,2.8,7.961233440029987,0.3517042957089138,146670.98,True,3,سماعات لاسلكيه,Substitute,شركاء مقترحون بناءً على الشراء المتكرر داخل نفس القسم.
177,لابتوب الترا سليم - اصدار خاص,لابتوب الترا سليم - اصدار خاص,الالكترونيات,unknown_subcategory,لينوفو,3544.65,,Moderate,متوسط,High Abandonment + High Price vs Peers + Low Visibility,High,50.69,Medium,Medium,conversion_friction,"Cart activity exists, but too few cart users convert to buyers. Additional issues detected (conversion_friction | pricing | visibility): The product appears overpriced relative to its closest peer group. Also: The product receives limited qualified visibility in the selected period.",conversion_friction|pricing|trust|visibility,4,Investigate checkout or value-friction and reduce drop-off after add-to-cart.,افحص تعثر ما بعد الاضافة للسلة وخفف اسباب الانسحاب قبل الشراء.,Investigate checkout or value-friction and reduce drop-off after add-to-cart.,Bundle with ساعه ذكيه سبورت where relevant.,افحص تعثر ما بعد الاضافة للسلة وخفف اسباب الانسحاب قبل الشراء.,فعّل باقة او ربطا مع المنتج ساعه ذكيه سبورت عندما يكون ذلك مناسبا.,هناك اهتمام واضح بالمنتج لكن جزءًا من العملاء لا يكمل الشراء بعد الإضافة للسلة.,السعر أعلى من المستوى المعتاد داخل المجموعة المنافسة | قوة العلامة التجارية أقل من منافسيه داخل المجموعة | تقييم المنتج أقل من متوسط المنتجات المشابهة | عدد المراجعات أقل من المنتجات المشابهة مما يضعف الثقة,Conversion 277.78% vs category avg 796.12%.,Price is above peer average (3544.65 vs 4454.93).,Rating trails peers (2.70 vs 3.06).,9,2.0,9.0,2.7777777777777777,7.961233440029987,0.3489129917747161,102794.85,True,4,ساعه ذكيه سبورت,Substitute,شركاء مقترحون بناءً على الشراء المتكرر داخل نفس القسم.
78,عطر رجالي عودي - اصدار خاص,عطر رجالي عودي - اصدار خاص,الجمال والعنايه,unknown_subcategory,نارس,637.27,,Moderate,متوسط,High Abandonment + High Price vs Peers + Weak Content,High,50.6,Medium,Medium,conversion_friction,"Cart activity exists, but too few cart users convert to buyers. Additional issues detected (conversion_friction | pricing | content): The product appears overpriced relative to its closest peer group. Also: Product content richness or image coverage lags similar products.",conversion_friction|pricing|trust|content,4,Investigate checkout or value-friction and reduce drop-off after add-to-cart.,افحص تعثر ما بعد الاضافة للسلة وخفف اسباب الانسحاب قبل الشراء.,Investigate checkout or value-friction and reduce drop-off after add-to-cart.,Bundle with طقم مكياج احترافي where relevant.,افحص تعثر ما بعد الاضافة للسلة وخفف اسباب الانسحاب قبل الشراء.,فعّل باقة او ربطا مع المنتج طقم مكياج احترافي عندما يكون ذلك مناسبا.,هناك اهتمام واضح بالمنتج لكن جزءًا من العملاء لا يكمل الشراء بعد الإضافة للسلة.,السعر أعلى من المستوى المعتاد داخل المجموعة المنافسة | قوة العلامة التجارية أقل من منافسيه داخل المجموعة | الدعم البصري أضعف من المنافسين من حيث عدد الصور | عدد المراجعات أقل من المنتجات المشابهة مما يضعف الثقة,Conversion 241.67% vs category avg 676.88%.,Price is above peer average (637.27 vs 267.74).,Cart abandonment is high at 100.00%.,12,3.0,12.0,2.4166666666666665,6.768778422340422,0.3570314340162818,23578.99,True,34,طقم مكياج احترافي,Substitute,شركاء مقترحون بناءً على الشراء المتكرر داخل نفس القسم.
117,حصيره يوغا مضاده للانزلاق - اصدار خاص,حصيره يوغا مضاده للانزلاق - اصدار خاص,الرياضه واللياقه,unknown_subcategory,هيد,159.84,,Moderate,متوسط,High Abandonment,High,50.49,Medium,Medium,conversion_friction,"Cart activity exists, but too few cart users convert to buyers.",conversion_friction|trust,2,Investigate checkout or value-friction and reduce drop-off after add-to-cart.,افحص تعثر ما بعد الاضافة للسلة وخفف اسباب الانسحاب قبل الشراء.,Investigate checkout or value-friction and reduce drop-off after add-to-cart.,Bundle with لباس رياضي ضاغط - اصدار خاص where relevant.,افحص تعثر ما بعد الاضافة للسلة وخفف اسباب الانسحاب قبل الشراء.,فعّل باقة او ربطا مع المنتج لباس رياضي ضاغط - اصدار خاص عندما يكون ذلك مناسبا.,المنتج يُشاهَد لكنه لا يتحول إلى شراء بالمستوى المطلوب.,تقييم المنتج أقل من متوسط المنتجات المشابهة | عدد المراجعات أقل من المنتجات المشابهة مما يضعف الثقة,Conversion 120.83% vs category avg 850.97%.,Rating trails peers (3.30 vs 4.30).,Cart abandonment is high at 100.00%.,24,7.0,24.0,1.2083333333333333,8.50970943604373,0.1419946641439149,5114.88,True,86,لباس رياضي ضاغط - اصدار خاص,Substitute,شركاء مقترحون بناءً على الشراء المتكرر داخل نفس القسم.
13,بنطلون جينز سليم فيت,بنطلون جينز سليم فيت,الازياء والملابس,unknown_subcategory,H&M,342.07,,Moderate,متوسط,High Abandonment,High,50.39,Medium,Medium,conversion_friction,"Cart activity exists, but too few cart users convert to buyers.",conversion_friction|trust,2,Investigate checkout or value-friction and reduce drop-off after add-to-cart.,افحص تعثر ما بعد الاضافة للسلة وخفف اسباب الانسحاب قبل الشراء.,Investigate checkout or value-friction and reduce drop-off after add-to-cart.,Bundle with حذاء رياضي مريح - اصدار خاص where relevant.,افحص تعثر ما بعد الاضافة للسلة وخفف اسباب الانسحاب قبل الشراء.,فعّل باقة او ربطا مع المنتج حذاء رياضي مريح - اصدار خاص عندما يكون ذلك مناسبا.,المنتج يُشاهَد لكنه لا يتحول إلى شراء بالمستوى المطلوب.,قوة العلامة التجارية أقل من منافسيه داخل المجموعة | تقييم المنتج أقل من متوسط المنتجات المشابهة | عدد المراجعات أقل من المنتجات المشابهة مما يضعف الثقة,Conversion 85.00% vs category avg 228.45%.,Rating trails peers (3.20 vs 3.74).,Cart abandonment is high at 100.00%.,20,8.0,17.0,0.85,2.284453274168197,0.3720802739156472,6499.33,True,155,حذاء رياضي مريح - اصدار خاص,Substitute,شركاء مقترحون بناءً على الشراء المتكرر داخل نفس القسم.
148,حذاء جري احترافي - اصدار خاص,حذاء جري احترافي - اصدار خاص,الرياضه واللياقه,unknown_subcategory,هيد,658.67,,Moderate,متوسط,High Abandonment + High Price vs Peers + Weak Content + Low Visibility,High,50.37,Medium,Medium,conversion_friction,"Cart activity exists, but too few cart users convert to buyers. Additional issues detected (conversion_friction | pricing | content | visibility): The product appears overpriced relative to its closest peer group. Also: Product content richness or image coverage lags similar products. Also: The product receives limited qualified visibility in the selected period.",conversion_friction|pricing|trust|content|visibility,5,Investigate checkout or value-friction and reduce drop-off after add-to-cart.,افحص تعثر ما بعد الاضافة للسلة وخفف اسباب الانسحاب قبل الشراء.,Investigate checkout or value-friction and reduce drop-off after add-to-cart.,Bundle with لباس رياضي ضاغط where relevant.,افحص تعثر ما بعد الاضافة للسلة وخفف اسباب الانسحاب قبل الشراء.,فعّل باقة او ربطا مع المنتج لباس رياضي ضاغط عندما يكون ذلك مناسبا.,هناك اهتمام واضح بالمنتج لكن جزءًا من العملاء لا يكمل الشراء بعد الإضافة للسلة.,السعر أعلى من المستوى المعتاد داخل المجموعة المنافسة | الدعم البصري أضعف من المنافسين من حيث عدد الصور | عدد المراجعات أقل من المنتجات المشابهة مما يضعف الثقة,Conversion 320.00% vs category avg 850.97%.,Price is above peer average (658.67 vs 677.25).,Cart abandonment is high at 100.00%.,10,5.0,10.0,3.2,8.50970943604373,0.3760410415949196,22394.78,True,42,لباس رياضي ضاغط,Substitute,شركاء مقترحون بناءً على الشراء المتكرر داخل نفس القسم.
196,اطلس العالم المصور - اصدار خاص,اطلس العالم المصور - اصدار خاص,الكتب والتعليم,unknown_subcategory,دار العلوم,211.44,,Moderate,متوسط,High Abandonment + High Price vs Peers,High,50.28,Medium,Medium,conversion_friction,"Cart activity exists, but too few cart users convert to buyers. Additional issues detected (conversion_friction | pricing): The product appears overpriced relative to its closest peer group.",conversion_friction|pricing|trust,3,Investigate checkout or value-friction and reduce drop-off after add-to-cart.,افحص تعثر ما بعد الاضافة للسلة وخفف اسباب الانسحاب قبل الشراء.,Investigate checkout or value-friction and reduce drop-off after add-to-cart.,Bundle with دوره برمجه اكاديميه USB - اصدار خاص where relevant.,افحص تعثر ما بعد الاضافة للسلة وخفف اسباب الانسحاب قبل الشراء.,فعّل باقة او ربطا مع المنتج دوره برمجه اكاديميه USB - اصدار خاص عندما يكون ذلك مناسبا.,هناك اهتمام واضح بالمنتج لكن جزءًا من العملاء لا يكمل الشراء بعد الإضافة للسلة.,السعر أعلى من المستوى المعتاد داخل المجموعة المنافسة | قوة العلامة التجارية أقل من منافسيه داخل المجموعة | عدد المراجعات أقل من المنتجات المشابهة مما يضعف الثقة,Conversion 129.41% vs category avg 336.35%.,Price is above peer average (211.44 vs 195.20).,Cart abandonment is high at 100.00%.,17,5.0,17.0,1.2941176470588236,3.3634956997365264,0.3847537688721279,4863.12,True,77,دوره برمجه اكاديميه USB - اصدار خاص,Substitute,شركاء مقترحون بناءً على الشراء المتكرر داخل نفس القسم.
57,مجموعه كتب الطفل التعليميه,مجموعه كتب الطفل التعليميه,الكتب والتعليم,unknown_subcategory,دار قرطبه,215.42,,Moderate,متوسط,High Abandonment + High Price vs Peers,High,50.21,Medium,Medium,conversion_friction,"Cart activity exists, but too few cart users convert to buyers. Additional issues detected (conversion_friction | pricing): The product appears overpriced relative to its closest peer group.",conversion_friction|pricing|trust,3,Investigate checkout or value-friction and reduce drop-off after add-to-cart.,افحص تعثر ما بعد الاضافة للسلة وخفف اسباب الانسحاب قبل الشراء.,Investigate checkout or value-friction and reduce drop-off after add-to-cart.,Bundle with كتاب تعلم البرمجه بالعربيه where relevant.,افحص تعثر ما بعد الاضافة للسلة وخفف اسباب الانسحاب قبل الشراء.,فعّل باقة او ربطا مع المنتج كتاب تعلم البرمجه بالعربيه عندما يكون ذلك مناسبا.,هناك اهتمام واضح بالمنتج لكن جزءًا من العملاء لا يكمل الشراء بعد الإضافة للسلة.,السعر أعلى من المستوى المعتاد داخل المجموعة المنافسة | تقييم المنتج أقل من متوسط المنتجات المشابهة | عدد المراجعات أقل من المنتجات المشابهة مما يضعف الثقة,Conversion 131.58% vs category avg 336.35%.,Price is above peer average (215.42 vs 167.96).,Rating trails peers (3.30 vs 3.60).,19,3.0,19.0,1.3157894736842106,3.3634956997365264,0.3911970138053932,5600.92,True,51,كتاب تعلم البرمجه بالعربيه,Substitute,شركاء مقترحون بناءً على الشراء المتكرر داخل نفس القسم.
147,هاتف ذكي برو ماكس - اصدار خاص,هاتف ذكي برو ماكس - اصدار خاص,الالكترونيات,unknown_subcategory,لينوفو,4075.22,,Moderate,متوسط,High Abandonment + High Price vs Peers + Weak Content,High,50.2,Medium,Medium,conversion_friction,"Cart activity exists, but too few cart users convert to buyers. Additional issues detected (conversion_friction | pricing | content): The product appears overpriced relative to its closest peer group. Also: Product content richness or image coverage lags similar products.",conversion_friction|pricing|trust|content,4,Investigate checkout or value-friction and reduce drop-off after add-to-cart.,افحص تعثر ما بعد الاضافة للسلة وخفف اسباب الانسحاب قبل الشراء.,Investigate checkout or value-friction and reduce drop-off after add-to-cart.,Bundle with شاشه 4K 27 انش where relevant.,افحص تعثر ما بعد الاضافة للسلة وخفف اسباب الانسحاب قبل الشراء.,فعّل باقة او ربطا مع المنتج شاشه 4K 27 انش عندما يكون ذلك مناسبا.,هناك اهتمام واضح بالمنتج لكن جزءًا من العملاء لا يكمل الشراء بعد الإضافة للسلة.,السعر أعلى من المستوى المعتاد داخل المجموعة المنافسة | قوة العلامة التجارية أقل من منافسيه داخل المجموعة | الدعم البصري أضعف من المنافسين من حيث عدد الصور | عدد المراجعات أقل من المنتجات المشابهة مما يضعف الثقة,Conversion 309.09% vs category avg 796.12%.,Price is above peer average (4075.22 vs 4588.77).,Cart abandonment is high at 100.00%.,11,4.0,11.0,3.090909090909091,7.961233440029987,0.3882450017565932,154858.36,True,6,شاشه 4K 27 انش,Substitute,شركاء مقترحون بناءً على الشراء المتكرر داخل نفس القسم.
85,ماكينه قهوه اسبريسو - اصدار خاص,ماكينه قهوه اسبريسو - اصدار خاص,المنزل والمطبخ,unknown_subcategory,تيفال,1742.75,,Moderate,متوسط,High Abandonment + High Price vs Peers,High,50.17,Medium,Medium,conversion_friction,"Cart activity exists, but too few cart users convert to buyers. Additional issues detected (conversion_friction | pricing): The product appears overpriced relative to its closest peer group.",conversion_friction|pricing|trust,3,Investigate checkout or value-friction and reduce drop-off after add-to-cart.,افحص تعثر ما بعد الاضافة للسلة وخفف اسباب الانسحاب قبل الشراء.,Investigate checkout or value-friction and reduce drop-off after add-to-cart.,Bundle with طقم اواني طهي غرانيت - اصدار خاص where relevant.,افحص تعثر ما بعد الاضافة للسلة وخفف اسباب الانسحاب قبل الشراء.,فعّل باقة او ربطا مع المنتج طقم اواني طهي غرانيت - اصدار خاص عندما يكون ذلك مناسبا.,هناك اهتمام واضح بالمنتج لكن جزءًا من العملاء لا يكمل الشراء بعد الإضافة للسلة.,السعر أعلى من المستوى المعتاد داخل المجموعة المنافسة | قوة العلامة التجارية أقل من منافسيه داخل المجموعة | تقييم المنتج أقل من متوسط المنتجات المشابهة | عدد المراجعات أقل من المنتجات المشابهة مما يضعف الثقة,Conversion 171.43% vs category avg 439.13%.,Price is above peer average (1742.75 vs 1157.68).,Rating trails peers (2.60 vs 3.10).,14,3.0,14.0,1.7142857142857142,4.391284662352632,0.3903836453561371,48797.0,True,135,طقم اواني طهي غرانيت - اصدار خاص,Substitute,شركاء مقترحون بناءً على الشراء المتكرر داخل نفس القسم.
171,موسوعه التاريخ الاسلامي - اصدار خاص,موسوعه التاريخ الاسلامي - اصدار خاص,الكتب والتعليم,unknown_subcategory,دار الفكر,100.57,,Moderate,متوسط,High Abandonment,High,50.16,Medium,Medium,conversion_friction,"Cart activity exists, but too few cart users convert to buyers.",conversion_friction|trust,2,Investigate checkout or value-friction and reduce drop-off after add-to-cart.,افحص تعثر ما بعد الاضافة للسلة وخفف اسباب الانسحاب قبل الشراء.,Investigate checkout or value-friction and reduce drop-off after add-to-cart.,Bundle with اطلس العالم المصور - اصدار خاص where relevant.,افحص تعثر ما بعد الاضافة للسلة وخفف اسباب الانسحاب قبل الشراء.,فعّل باقة او ربطا مع المنتج اطلس العالم المصور - اصدار خاص عندما يكون ذلك مناسبا.,هناك اهتمام واضح بالمنتج لكن جزءًا من العملاء لا يكمل الشراء بعد الإضافة للسلة.,قوة العلامة التجارية أقل من منافسيه داخل المجموعة | تقييم المنتج أقل من متوسط المنتجات المشابهة | عدد المراجعات أقل من المنتجات المشابهة مما يضعف الثقة,Conversion 131.82% vs category avg 336.35%.,Rating trails peers (3.40 vs 3.32).,Cart abandonment is high at 100.00%.,22,5.0,22.0,1.318181818181818,3.3634956997365264,0.3919082811032212,3218.24,True,150,اطلس العالم المصور - اصدار خاص,Substitute,شركاء مقترحون بناءً على الشراء المتكرر داخل نفس القسم.
96,دراجه هواييه جبليه - اصدار خاص,دراجه هواييه جبليه - اصدار خاص,الرياضه واللياقه,unknown_subcategory,بوما,2249.21,,Moderate,متوسط,High Abandonment + High Price vs Peers,High,50.15,Medium,Medium,conversion_friction,"Cart activity exists, but too few cart users convert to buyers. Additional issues detected (conversion_friction | pricing): The product appears overpriced relative to its closest peer group.",conversion_friction|pricing|trust,3,Investigate checkout or value-friction and reduce drop-off after add-to-cart.,افحص تعثر ما بعد الاضافة للسلة وخفف اسباب الانسحاب قبل الشراء.,Investigate checkout or value-friction and reduce drop-off after add-to-cart.,Bundle with اوزان حديد طقم 20 كيلو - اصدار خاص where relevant.,افحص تعثر ما بعد الاضافة للسلة وخفف اسباب الانسحاب قبل الشراء.,فعّل باقة او ربطا مع المنتج اوزان حديد طقم 20 كيلو - اصدار خاص عندما يكون ذلك مناسبا.,المنتج يُشاهَد لكنه لا يتحول إلى شراء بالمستوى المطلوب.,السعر أعلى من المستوى المعتاد داخل المجموعة المنافسة | عدد المراجعات أقل من المنتجات المشابهة مما يضعف الثقة,Conversion 62.79% vs category avg 850.97%.,Price is above peer average (2249.21 vs 1388.23).,Cart abandonment is high at 100.00%.,43,12.0,27.0,0.627906976744186,8.50970943604373,0.0737871229873752,69725.51,True,146,اوزان حديد طقم 20 كيلو - اصدار خاص,Substitute,شركاء مقترحون بناءً على الشراء المتكرر داخل نفس القسم.
45,كره قدم رسميه فيفا,كره قدم رسميه فيفا,الرياضه واللياقه,unknown_subcategory,هيد,207.67,,Moderate,متوسط,High Abandonment + Weak Content,High,49.95,Medium,Medium,conversion_friction,"Cart activity exists, but too few cart users convert to buyers. Additional issues detected (conversion_friction | content): Product content richness or image coverage lags similar products.",conversion_friction|trust|content,3,Investigate checkout or value-friction and reduce drop-off after add-to-cart.,افحص تعثر ما بعد الاضافة للسلة وخفف اسباب الانسحاب قبل الشراء.,Investigate checkout or value-friction and reduce drop-off after add-to-cart.,Bundle with دراجه هواييه جبليه - اصدار خاص where relevant.,افحص تعثر ما بعد الاضافة للسلة وخفف اسباب الانسحاب قبل الشراء.,فعّل باقة او ربطا مع المنتج دراجه هواييه جبليه - اصدار خاص عندما يكون ذلك مناسبا.,المنتج يُشاهَد لكنه لا يتحول إلى شراء بالمستوى المطلوب.,الدعم البصري أضعف من المنافسين من حيث عدد الصور | عدد المراجعات أقل من المنتجات المشابهة مما يضعف الثقة,Conversion 49.09% vs category avg 850.97%.,Cart abandonment is high at 100.00%.,,55,15.0,26.0,0.4909090909090909,8.50970943604373,0.0576881143355842,6437.77,True,96,دراجه هواييه جبليه - اصدار خاص,Substitute,شركاء مقترحون بناءً على الشراء المتكرر داخل نفس القسم.
72,كريم مرطب SPF 50 - اصدار خاص,كريم مرطب SPF 50 - اصدار خاص,الجمال والعنايه,unknown_subcategory,دوف,295.83,,Moderate,متوسط,High Abandonment + Weak Content + Low Visibility,High,49.88,Medium,Medium,conversion_friction,"Cart activity exists, but too few cart users convert to buyers. Additional issues detected (conversion_friction | content | visibility): Product content richness or image coverage lags similar products. Also: The product receives limited qualified visibility in the selected period.",conversion_friction|trust|content|visibility,4,Investigate checkout or value-friction and reduce drop-off after add-to-cart.,افحص تعثر ما بعد الاضافة للسلة وخفف اسباب الانسحاب قبل الشراء.,Investigate checkout or value-friction and reduce drop-off after add-to-cart.,Bundle with قناع وجه كولاجين where relevant.,افحص تعثر ما بعد الاضافة للسلة وخفف اسباب الانسحاب قبل الشراء.,فعّل باقة او ربطا مع المنتج قناع وجه كولاجين عندما يكون ذلك مناسبا.,هناك اهتمام واضح بالمنتج لكن جزءًا من العملاء لا يكمل الشراء بعد الإضافة للسلة.,تقييم المنتج أقل من متوسط المنتجات المشابهة | الدعم البصري أضعف من المنافسين من حيث عدد الصور | عدد المراجعات أقل من المنتجات المشابهة مما يضعف الثقة,Conversion 280.00% vs category avg 676.88%.,Rating trails peers (3.10 vs 3.30).,Cart abandonment is high at 100.00%.,10,2.0,10.0,2.8,6.768778422340422,0.4136640063085195,8874.9,True,39,قناع وجه كولاجين,Substitute,شركاء مقترحون بناءً على الشراء المتكرر داخل نفس القسم.
142,مكبر صوت بلوتوث - اصدار خاص,مكبر صوت بلوتوث - اصدار خاص,الالكترونيات,unknown_subcategory,سامسونج,243.55,,Moderate,متوسط,High Abandonment,High,49.85,Medium,Medium,conversion_friction,"Cart activity exists, but too few cart users convert to buyers.",conversion_friction|trust,2,Investigate checkout or value-friction and reduce drop-off after add-to-cart.,افحص تعثر ما بعد الاضافة للسلة وخفف اسباب الانسحاب قبل الشراء.,Investigate checkout or value-friction and reduce drop-off after add-to-cart.,Bundle with شاحن لاسلكي سريع - اصدار خاص where relevant.,افحص تعثر ما بعد الاضافة للسلة وخفف اسباب الانسحاب قبل الشراء.,فعّل باقة او ربطا مع المنتج شاحن لاسلكي سريع - اصدار خاص عندما يكون ذلك مناسبا.,هناك اهتمام واضح بالمنتج لكن جزءًا من العملاء لا يكمل الشراء بعد الإضافة للسلة.,تقييم المنتج أقل من متوسط المنتجات المشابهة | عدد المراجعات أقل من المنتجات المشابهة مما يضعف الثقة,Conversion 152.63% vs category avg 796.12%.,Rating trails peers (2.90 vs 3.20).,Cart abandonment is high at 100.00%.,19,5.0,19.0,1.5263157894736843,7.961233440029987,0.1917185070593703,7550.05,True,126,شاحن لاسلكي سريع - اصدار خاص,Substitute,شركاء مقترحون بناءً على الشراء المتكرر داخل نفس القسم.
161,شاحن لاسلكي سريع - اصدار خاص,شاحن لاسلكي سريع - اصدار خاص,الالكترونيات,unknown_subcategory,شاومي,280.14,,Moderate,متوسط,High Abandonment,High,49.6,Medium,Medium,conversion_friction,"Cart activity exists, but too few cart users convert to buyers.",conversion_friction|trust,2,Investigate checkout or value-friction and reduce drop-off after add-to-cart.,افحص تعثر ما بعد الاضافة للسلة وخفف اسباب الانسحاب قبل الشراء.,Investigate checkout or value-friction and reduce drop-off after add-to-cart.,Bundle with شاشه 4K 27 انش - اصدار خاص where relevant.,افحص تعثر ما بعد الاضافة للسلة وخفف اسباب الانسحاب قبل الشراء.,فعّل باقة او ربطا مع المنتج شاشه 4K 27 انش - اصدار خاص عندما يكون ذلك مناسبا.,هناك اهتمام واضح بالمنتج لكن جزءًا من العملاء لا يكمل الشراء بعد الإضافة للسلة.,تقييم المنتج أقل من متوسط المنتجات المشابهة | عدد المراجعات أقل من المنتجات المشابهة مما يضعف الثقة,Conversion 168.75% vs category avg 796.12%.,Rating trails peers (2.50 vs 3.10).,Cart abandonment is high at 100.00%.,16,3.0,16.0,1.6875,7.961233440029987,0.21196464250314,7843.92,True,112,شاشه 4K 27 انش - اصدار خاص,Substitute,شركاء مقترحون بناءً على الشراء المتكرر داخل نفس القسم.
126,شاحن لاسلكي سريع - اصدار خاص,شاحن لاسلكي سريع - اصدار خاص,الالكترونيات,unknown_subcategory,شاومي,224.49,,Moderate,متوسط,High Abandonment + Weak Content,High,49.59,Medium,Medium,conversion_friction,"Cart activity exists, but too few cart users convert to buyers. Additional issues detected (conversion_friction | content): Product content richness or image coverage lags similar products.",conversion_friction|trust|content,3,Investigate checkout or value-friction and reduce drop-off after add-to-cart.,افحص تعثر ما بعد الاضافة للسلة وخفف اسباب الانسحاب قبل الشراء.,Investigate checkout or value-friction and reduce drop-off after add-to-cart.,Bundle with كاميرا ميرورليس - اصدار خاص where relevant.,افحص تعثر ما بعد الاضافة للسلة وخفف اسباب الانسحاب قبل الشراء.,فعّل باقة او ربطا مع المنتج كاميرا ميرورليس - اصدار خاص عندما يكون ذلك مناسبا.,المنتج يُشاهَد لكنه لا يتحول إلى شراء بالمستوى المطلوب.,الدعم البصري أضعف من المنافسين من حيث عدد الصور | عدد المراجعات أقل من المنتجات المشابهة مما يضعف الثقة,Conversion 70.00% vs category avg 796.12%.,Cart abandonment is high at 100.00%.,,50,12.0,35.0,0.7,7.961233440029987,0.0879260739272284,8306.130000000001,True,124,كاميرا ميرورليس - اصدار خاص,Substitute,شركاء مقترحون بناءً على الشراء المتكرر داخل نفس القسم.
65,مكنسه كهرباييه لاسلكيه - اصدار خاص,مكنسه كهرباييه لاسلكيه - اصدار خاص,المنزل والمطبخ,unknown_subcategory,فيليبس,586.82,,Moderate,متوسط,High Abandonment,High,49.56,Medium,Medium,conversion_friction,"Cart activity exists, but too few cart users convert to buyers.",conversion_friction|trust,2,Investigate checkout or value-friction and reduce drop-off after add-to-cart.,افحص تعثر ما بعد الاضافة للسلة وخفف اسباب الانسحاب قبل الشراء.,Investigate checkout or value-friction and reduce drop-off after add-to-cart.,Bundle with مجموعه سكاكين مطبخ where relevant.,افحص تعثر ما بعد الاضافة للسلة وخفف اسباب الانسحاب قبل الشراء.,فعّل باقة او ربطا مع المنتج مجموعه سكاكين مطبخ عندما يكون ذلك مناسبا.,هناك اهتمام واضح بالمنتج لكن جزءًا من العملاء لا يكمل الشراء بعد الإضافة للسلة.,قوة العلامة التجارية أقل من منافسيه داخل المجموعة | تقييم المنتج أقل من متوسط المنتجات المشابهة | عدد المراجعات أقل من المنتجات المشابهة مما يضعف الثقة,Conversion 192.86% vs category avg 439.13%.,Rating trails peers (2.70 vs 2.94).,Cart abandonment is high at 100.00%.,14,5.0,14.0,1.9285714285714288,4.391284662352632,0.4391816010256543,17604.600000000002,True,29,مجموعه سكاكين مطبخ,Substitute,شركاء مقترحون بناءً على الشراء المتكرر داخل نفس القسم.
183,كريم مرطب SPF 50 - اصدار خاص,كريم مرطب SPF 50 - اصدار خاص,الجمال والعنايه,unknown_subcategory,بالمر,171.04,,Moderate,متوسط,High Abandonment,High,49.55,Medium,Medium,conversion_friction,"Cart activity exists, but too few cart users convert to buyers.",conversion_friction|trust,2,Investigate checkout or value-friction and reduce drop-off after add-to-cart.,افحص تعثر ما بعد الاضافة للسلة وخفف اسباب الانسحاب قبل الشراء.,Investigate checkout or value-friction and reduce drop-off after add-to-cart.,Bundle with طقم مكياج احترافي - اصدار خاص where relevant.,افحص تعثر ما بعد الاضافة للسلة وخفف اسباب الانسحاب قبل الشراء.,فعّل باقة او ربطا مع المنتج طقم مكياج احترافي - اصدار خاص عندما يكون ذلك مناسبا.,المنتج يُشاهَد لكنه لا يتحول إلى شراء بالمستوى المطلوب.,قوة العلامة التجارية أقل من منافسيه داخل المجموعة | عدد المراجعات أقل من المنتجات المشابهة مما يضعف الثقة,Conversion 40.74% vs category avg 676.88%.,Cart abandonment is high at 100.00%.,,54,19.0,21.0,0.4074074074074074,6.768778422340422,0.0601892072671126,4104.96,True,87,طقم مكياج احترافي - اصدار خاص,Substitute,شركاء مقترحون بناءً على الشراء المتكرر داخل نفس القسم.
106,فرن كهربايي 60 لتر - اصدار خاص,فرن كهربايي 60 لتر - اصدار خاص,المنزل والمطبخ,unknown_subcategory,وايتبوينت,449.77,,Moderate,متوسط,High Abandonment + Weak Content,High,49.55,Medium,Medium,conversion_friction,"Cart activity exists, but too few cart users convert to buyers. Additional issues detected (conversion_friction | content): Product content richness or image coverage lags similar products.",conversion_friction|trust|content,3,Investigate checkout or value-friction and reduce drop-off after add-to-cart.,افحص تعثر ما بعد الاضافة للسلة وخفف اسباب الانسحاب قبل الشراء.,Investigate checkout or value-friction and reduce drop-off after add-to-cart.,Bundle with طقم اواني طهي غرانيت where relevant.,افحص تعثر ما بعد الاضافة للسلة وخفف اسباب الانسحاب قبل الشراء.,فعّل باقة او ربطا مع المنتج طقم اواني طهي غرانيت عندما يكون ذلك مناسبا.,هناك اهتمام واضح بالمنتج لكن جزءًا من العملاء لا يكمل الشراء بعد الإضافة للسلة.,قوة العلامة التجارية أقل من منافسيه داخل المجموعة | تقييم المنتج أقل من متوسط المنتجات المشابهة | الدعم البصري أضعف من المنافسين من حيث عدد الصور | عدد المراجعات أقل من المنتجات المشابهة مما يضعف الثقة,Conversion 192.86% vs category avg 439.13%.,Rating trails peers (2.60 vs 2.82).,Cart abandonment is high at 100.00%.,14,3.0,14.0,1.9285714285714288,4.391284662352632,0.4391816010256543,13043.33,True,26,طقم اواني طهي غرانيت,Substitute,شركاء مقترحون بناءً على الشراء المتكرر داخل نفس القسم.
62,كتاب الطبخ العربي التقليدي - اصدار خاص,كتاب الطبخ العربي التقليدي - اصدار خاص,الكتب والتعليم,unknown_subcategory,بنغوين,122.09,,Moderate,متوسط,High Abandonment + Weak Content,High,49.5,Medium,Medium,conversion_friction,"Cart activity exists, but too few cart users convert to buyers. Additional issues detected (conversion_friction | content): Product content richness or image coverage lags similar products.",conversion_friction|trust|content,3,Investigate checkout or value-friction and reduce drop-off after add-to-cart.,افحص تعثر ما بعد الاضافة للسلة وخفف اسباب الانسحاب قبل الشراء.,Investigate checkout or value-friction and reduce drop-off after add-to-cart.,Bundle with كتاب تعلم البرمجه بالعربيه where relevant.,افحص تعثر ما بعد الاضافة للسلة وخفف اسباب الانسحاب قبل الشراء.,فعّل باقة او ربطا مع المنتج كتاب تعلم البرمجه بالعربيه عندما يكون ذلك مناسبا.,هناك اهتمام واضح بالمنتج لكن جزءًا من العملاء لا يكمل الشراء بعد الإضافة للسلة.,تقييم المنتج أقل من متوسط المنتجات المشابهة | الدعم البصري أضعف من المنافسين من حيث عدد الصور | عدد المراجعات أقل من المنتجات المشابهة مما يضعف الثقة,Conversion 150.00% vs category avg 336.35%.,Rating trails peers (2.80 vs 3.24).,Cart abandonment is high at 100.00%.,12,1.0,12.0,1.5,3.3634956997365264,0.4459645957381482,2441.8,True,51,كتاب تعلم البرمجه بالعربيه,Substitute,شركاء مقترحون بناءً على الشراء المتكرر داخل نفس القسم.
178,مكيف هواء انفيرتر 18000 - اصدار خاص,مكيف هواء انفيرتر 18000 - اصدار خاص,المنزل والمطبخ,unknown_subcategory,اريتي,3002.16,,Moderate,متوسط,High Abandonment + High Price vs Peers,High,49.47,Medium,Medium,conversion_friction,"Cart activity exists, but too few cart users convert to buyers. Additional issues detected (conversion_friction | pricing): The product appears overpriced relative to its closest peer group.",conversion_friction|pricing|trust,3,Investigate checkout or value-friction and reduce drop-off after add-to-cart.,افحص تعثر ما بعد الاضافة للسلة وخفف اسباب الانسحاب قبل الشراء.,Investigate checkout or value-friction and reduce drop-off after add-to-cart.,Bundle with مكنسه كهرباييه لاسلكيه where relevant.,افحص تعثر ما بعد الاضافة للسلة وخفف اسباب الانسحاب قبل الشراء.,فعّل باقة او ربطا مع المنتج مكنسه كهرباييه لاسلكيه عندما يكون ذلك مناسبا.,المنتج يُشاهَد لكنه لا يتحول إلى شراء بالمستوى المطلوب.,السعر أعلى من المستوى المعتاد داخل المجموعة المنافسة | عدد المراجعات أقل من المنتجات المشابهة مما يضعف الثقة,Conversion 57.14% vs category avg 439.13%.,Price is above peer average (3002.16 vs 2969.38).,Cart abandonment is high at 100.00%.,42,17.0,23.0,0.5714285714285714,4.391284662352632,0.130127881785379,72051.84,True,24,مكنسه كهرباييه لاسلكيه,Substitute,شركاء مقترحون بناءً على الشراء المتكرر داخل نفس القسم.
68,تابلت 10 انش - اصدار خاص,تابلت 10 انش - اصدار خاص,الالكترونيات,unknown_subcategory,شاومي,1081.84,,Moderate,متوسط,High Abandonment,High,49.4,Medium,Medium,conversion_friction,"Cart activity exists, but too few cart users convert to buyers.",conversion_friction|trust,2,Investigate checkout or value-friction and reduce drop-off after add-to-cart.,افحص تعثر ما بعد الاضافة للسلة وخفف اسباب الانسحاب قبل الشراء.,Investigate checkout or value-friction and reduce drop-off after add-to-cart.,Bundle with ساعه ذكيه سبورت - اصدار خاص where relevant.,افحص تعثر ما بعد الاضافة للسلة وخفف اسباب الانسحاب قبل الشراء.,فعّل باقة او ربطا مع المنتج ساعه ذكيه سبورت - اصدار خاص عندما يكون ذلك مناسبا.,هناك اهتمام واضح بالمنتج لكن جزءًا من العملاء لا يكمل الشراء بعد الإضافة للسلة.,تقييم المنتج أقل من متوسط المنتجات المشابهة | عدد المراجعات أقل من المنتجات المشابهة مما يضعف الثقة,Conversion 181.25% vs category avg 796.12%.,Rating trails peers (2.60 vs 3.18).,Cart abandonment is high at 100.00%.,16,1.0,16.0,1.8125,7.961233440029987,0.2276657271330023,38946.24,True,141,ساعه ذكيه سبورت - اصدار خاص,Substitute,شركاء مقترحون بناءً على الشراء المتكرر داخل نفس القسم.
104,قناع وجه كولاجين - اصدار خاص,قناع وجه كولاجين - اصدار خاص,الجمال والعنايه,unknown_subcategory,افينو,146.34,,Moderate,متوسط,High Abandonment + Weak Content + Low Visibility,High,49.35,Medium,Medium,conversion_friction,"Cart activity exists, but too few cart users convert to buyers. Additional issues detected (conversion_friction | content | visibility): Product content richness or image coverage lags similar products. Also: The product receives limited qualified visibility in the selected period.",conversion_friction|trust|content|visibility,4,Investigate checkout or value-friction and reduce drop-off after add-to-cart.,افحص تعثر ما بعد الاضافة للسلة وخفف اسباب الانسحاب قبل الشراء.,Investigate checkout or value-friction and reduce drop-off after add-to-cart.,Bundle with سيروم فيتامين سي where relevant.,افحص تعثر ما بعد الاضافة للسلة وخفف اسباب الانسحاب قبل الشراء.,فعّل باقة او ربطا مع المنتج سيروم فيتامين سي عندما يكون ذلك مناسبا.,هناك اهتمام واضح بالمنتج لكن جزءًا من العملاء لا يكمل الشراء بعد الإضافة للسلة.,تقييم المنتج أقل من متوسط المنتجات المشابهة | الدعم البصري أضعف من المنافسين من حيث عدد الصور | عدد المراجعات أقل من المنتجات المشابهة مما يضعف الثقة,Conversion 310.00% vs category avg 676.88%.,Rating trails peers (3.00 vs 3.42).,Cart abandonment is high at 100.00%.,10,3.0,10.0,3.1,6.768778422340422,0.4579851498415753,4829.22,True,32,سيروم فيتامين سي,Substitute,شركاء مقترحون بناءً على الشراء المتكرر داخل نفس القسم.
75,تابلت 10 انش - اصدار خاص,تابلت 10 انش - اصدار خاص,الالكترونيات,unknown_subcategory,شاومي,670.09,,Moderate,متوسط,High Abandonment,High,49.22,Medium,Medium,conversion_friction,"Cart activity exists, but too few cart users convert to buyers.",conversion_friction|trust,2,Investigate checkout or value-friction and reduce drop-off after add-to-cart.,افحص تعثر ما بعد الاضافة للسلة وخفف اسباب الانسحاب قبل الشراء.,Investigate checkout or value-friction and reduce drop-off after add-to-cart.,Bundle with كاميرا ميرورليس - اصدار خاص where relevant.,افحص تعثر ما بعد الاضافة للسلة وخفف اسباب الانسحاب قبل الشراء.,فعّل باقة او ربطا مع المنتج كاميرا ميرورليس - اصدار خاص عندما يكون ذلك مناسبا.,هناك اهتمام واضح بالمنتج لكن جزءًا من العملاء لا يكمل الشراء بعد الإضافة للسلة.,تقييم المنتج أقل من متوسط المنتجات المشابهة | عدد المراجعات أقل من المنتجات المشابهة مما يضعف الثقة,Conversion 194.44% vs category avg 796.12%.,Rating trails peers (3.00 vs 3.28).,Cart abandonment is high at 100.00%.,18,6.0,18.0,1.9444444444444444,7.961233440029987,0.2442390942423012,24793.33,True,124,كاميرا ميرورليس - اصدار خاص,Substitute,شركاء مقترحون بناءً على الشراء المتكرر داخل نفس القسم.
188,جهاز مشي كهربايي - اصدار خاص,جهاز مشي كهربايي - اصدار خاص,الرياضه واللياقه,unknown_subcategory,هيد,2599.64,,Moderate,متوسط,High Abandonment + High Price vs Peers,High,49.19,Medium,Medium,conversion_friction,"Cart activity exists, but too few cart users convert to buyers. Additional issues detected (conversion_friction | pricing): The product appears overpriced relative to its closest peer group.",conversion_friction|pricing|trust,3,Investigate checkout or value-friction and reduce drop-off after add-to-cart.,افحص تعثر ما بعد الاضافة للسلة وخفف اسباب الانسحاب قبل الشراء.,Investigate checkout or value-friction and reduce drop-off after add-to-cart.,Bundle with لباس رياضي ضاغط where relevant.,افحص تعثر ما بعد الاضافة للسلة وخفف اسباب الانسحاب قبل الشراء.,فعّل باقة او ربطا مع المنتج لباس رياضي ضاغط عندما يكون ذلك مناسبا.,هناك اهتمام واضح بالمنتج لكن جزءًا من العملاء لا يكمل الشراء بعد الإضافة للسلة.,السعر أعلى من المستوى المعتاد داخل المجموعة المنافسة | عدد المراجعات أقل من المنتجات المشابهة مما يضعف الثقة,Conversion 129.17% vs category avg 850.97%.,Price is above peer average (2599.64 vs 1093.93).,Cart abandonment is high at 100.00%.,24,8.0,24.0,1.2916666666666667,8.50970943604373,0.1517873996021159,83188.48,True,42,لباس رياضي ضاغط,Substitute,شركاء مقترحون بناءً على الشراء المتكرر داخل نفس القسم.
61,فرن كهربايي 60 لتر - اصدار خاص,فرن كهربايي 60 لتر - اصدار خاص,المنزل والمطبخ,unknown_subcategory,هايسنس,1462.89,,Moderate,متوسط,High Abandonment + High Price vs Peers + Weak Content + Low Visibility,High,49.09,Medium,Medium,conversion_friction,"Cart activity exists, but too few cart users convert to buyers. Additional issues detected (conversion_friction | pricing | content | visibility): The product appears overpriced relative to its closest peer group. Also: Product content richness or image coverage lags similar products. Also: The product receives limited qualified visibility in the selected period.",conversion_friction|pricing|trust|content|visibility,5,Investigate checkout or value-friction and reduce drop-off after add-to-cart.,افحص تعثر ما بعد الاضافة للسلة وخفف اسباب الانسحاب قبل الشراء.,Investigate checkout or value-friction and reduce drop-off after add-to-cart.,Bundle with ماكينه قهوه اسبريسو where relevant.,افحص تعثر ما بعد الاضافة للسلة وخفف اسباب الانسحاب قبل الشراء.,فعّل باقة او ربطا مع المنتج ماكينه قهوه اسبريسو عندما يكون ذلك مناسبا.,هناك اهتمام واضح بالمنتج لكن جزءًا من العملاء لا يكمل الشراء بعد الإضافة للسلة.,السعر أعلى من المستوى المعتاد داخل المجموعة المنافسة | الدعم البصري أضعف من المنافسين من حيث عدد الصور | عدد المراجعات أقل من المنتجات المشابهة مما يضعف الثقة,Conversion 209.09% vs category avg 439.13%.,Price is above peer average (1462.89 vs 1365.12).,Cart abandonment is high at 100.00%.,11,3.0,11.0,2.090909090909091,4.391284662352632,0.4761497492601369,35109.36,True,25,ماكينه قهوه اسبريسو,Substitute,شركاء مقترحون بناءً على الشراء المتكرر داخل نفس القسم.
67,لابتوب الترا سليم - اصدار خاص,لابتوب الترا سليم - اصدار خاص,الالكترونيات,unknown_subcategory,سامسونج,3651.66,,Moderate,متوسط,High Abandonment + High Price vs Peers,High,48.93,Medium,Medium,conversion_friction,"Cart activity exists, but too few cart users convert to buyers. Additional issues detected (conversion_friction | pricing): The product appears overpriced relative to its closest peer group.",conversion_friction|pricing|trust,3,Investigate checkout or value-friction and reduce drop-off after add-to-cart.,افحص تعثر ما بعد الاضافة للسلة وخفف اسباب الانسحاب قبل الشراء.,Investigate checkout or value-friction and reduce drop-off after add-to-cart.,Bundle with سماعات لاسلكيه where relevant.,افحص تعثر ما بعد الاضافة للسلة وخفف اسباب الانسحاب قبل الشراء.,فعّل باقة او ربطا مع المنتج سماعات لاسلكيه عندما يكون ذلك مناسبا.,هناك اهتمام واضح بالمنتج لكن جزءًا من العملاء لا يكمل الشراء بعد الإضافة للسلة.,السعر أعلى من المستوى المعتاد داخل المجموعة المنافسة | عدد المراجعات أقل من المنتجات المشابهة مما يضعف الثقة,Conversion 138.10% vs category avg 796.12%.,Price is above peer average (3651.66 vs 1833.89).,Cart abandonment is high at 100.00%.,21,4.0,21.0,1.380952380952381,7.961233440029987,0.1734596016251446,113201.46,True,3,سماعات لاسلكيه,Substitute,شركاء مقترحون بناءً على الشراء المتكرر داخل نفس القسم.
91,فرن كهربايي 60 لتر - اصدار خاص,فرن كهربايي 60 لتر - اصدار خاص,المنزل والمطبخ,unknown_subcategory,توشيبا,978.27,,Moderate,متوسط,High Abandonment + Weak Content,High,48.83,Medium,Medium,conversion_friction,"Cart activity exists, but too few cart users convert to buyers. Additional issues detected (conversion_friction | content): Product content richness or image coverage lags similar products.",conversion_friction|trust|content,3,Investigate checkout or value-friction and reduce drop-off after add-to-cart.,افحص تعثر ما بعد الاضافة للسلة وخفف اسباب الانسحاب قبل الشراء.,Investigate checkout or value-friction and reduce drop-off after add-to-cart.,Bundle with ماكينه قهوه اسبريسو - اصدار خاص where relevant.,افحص تعثر ما بعد الاضافة للسلة وخفف اسباب الانسحاب قبل الشراء.,فعّل باقة او ربطا مع المنتج ماكينه قهوه اسبريسو - اصدار خاص عندما يكون ذلك مناسبا.,المنتج يُشاهَد لكنه لا يتحول إلى شراء بالمستوى المطلوب.,الدعم البصري أضعف من المنافسين من حيث عدد الصور | عدد المراجعات أقل من المنتجات المشابهة مما يضعف الثقة,Conversion 65.85% vs category avg 439.13%.,Cart abandonment is high at 100.00%.,,41,9.0,27.0,0.6585365853658537,4.391284662352632,0.1499644491307112,27391.56,True,119,ماكينه قهوه اسبريسو - اصدار خاص,Substitute,شركاء مقترحون بناءً على الشراء المتكرر داخل نفس القسم.
49,جهاز قياس ضغط الدم,جهاز قياس ضغط الدم,الرياضه واللياقه,unknown_subcategory,نيو بالانس,247.85,,Moderate,متوسط,High Abandonment,High,48.78,Medium,Medium,conversion_friction,"Cart activity exists, but too few cart users convert to buyers.",conversion_friction|trust,2,Investigate checkout or value-friction and reduce drop-off after add-to-cart.,افحص تعثر ما بعد الاضافة للسلة وخفف اسباب الانسحاب قبل الشراء.,Investigate checkout or value-friction and reduce drop-off after add-to-cart.,Bundle with اوزان حديد طقم 20 كيلو - اصدار خاص where relevant.,افحص تعثر ما بعد الاضافة للسلة وخفف اسباب الانسحاب قبل الشراء.,فعّل باقة او ربطا مع المنتج اوزان حديد طقم 20 كيلو - اصدار خاص عندما يكون ذلك مناسبا.,المنتج يُشاهَد لكنه لا يتحول إلى شراء بالمستوى المطلوب.,قوة العلامة التجارية أقل من منافسيه داخل المجموعة | عدد المراجعات أقل من المنتجات المشابهة مما يضعف الثقة,Conversion 100.00% vs category avg 850.97%.,Cart abandonment is high at 100.00%.,,22,4.0,22.0,1.0,8.50970943604373,0.1175128254984123,6196.25,True,131,اوزان حديد طقم 20 كيلو - اصدار خاص,Substitute,شركاء مقترحون بناءً على الشراء المتكرر داخل نفس القسم.
169,فستان سهره انيق - اصدار خاص,فستان سهره انيق - اصدار خاص,الازياء والملابس,unknown_subcategory,H&M,452.68,,Moderate,متوسط,High Abandonment + High Price vs Peers,High,48.63,Medium,Medium,conversion_friction,"Cart activity exists, but too few cart users convert to buyers. Additional issues detected (conversion_friction | pricing): The product appears overpriced relative to its closest peer group.",conversion_friction|pricing|trust,3,Investigate checkout or value-friction and reduce drop-off after add-to-cart.,افحص تعثر ما بعد الاضافة للسلة وخفف اسباب الانسحاب قبل الشراء.,Investigate checkout or value-friction and reduce drop-off after add-to-cart.,Bundle with حقيبه يد جلديه - اصدار خاص where relevant.,افحص تعثر ما بعد الاضافة للسلة وخفف اسباب الانسحاب قبل الشراء.,فعّل باقة او ربطا مع المنتج حقيبه يد جلديه - اصدار خاص عندما يكون ذلك مناسبا.,المنتج يُشاهَد لكنه لا يتحول إلى شراء بالمستوى المطلوب.,السعر أعلى من المستوى المعتاد داخل المجموعة المنافسة | قوة العلامة التجارية أقل من منافسيه داخل المجموعة | تقييم المنتج أقل من متوسط المنتجات المشابهة | عدد المراجعات أقل من المنتجات المشابهة مما يضعف الثقة,Conversion 117.39% vs category avg 228.45%.,Price is above peer average (452.68 vs 329.63).,Rating trails peers (3.10 vs 3.38).,23,8.0,23.0,1.173913043478261,2.284453274168197,0.5138704550241675,13127.72,True,164,حقيبه يد جلديه - اصدار خاص,Substitute,شركاء مقترحون بناءً على الشراء المتكرر داخل نفس القسم.
175,مجموعه كتب الطفل التعليميه - اصدار خاص,مجموعه كتب الطفل التعليميه - اصدار خاص,الكتب والتعليم,unknown_subcategory,مكتبه جرير,152.85,,Moderate,متوسط,High Abandonment + High Price vs Peers,High,48.61,Medium,Medium,conversion_friction,"Cart activity exists, but too few cart users convert to buyers. Additional issues detected (conversion_friction | pricing): The product appears overpriced relative to its closest peer group.",conversion_friction|pricing|trust,3,Investigate checkout or value-friction and reduce drop-off after add-to-cart.,افحص تعثر ما بعد الاضافة للسلة وخفف اسباب الانسحاب قبل الشراء.,Investigate checkout or value-friction and reduce drop-off after add-to-cart.,Bundle with مجموعه كتب الطفل التعليميه - اصدار خاص where relevant.,افحص تعثر ما بعد الاضافة للسلة وخفف اسباب الانسحاب قبل الشراء.,فعّل باقة او ربطا مع المنتج مجموعه كتب الطفل التعليميه - اصدار خاص عندما يكون ذلك مناسبا.,المنتج يُشاهَد لكنه لا يتحول إلى شراء بالمستوى المطلوب.,السعر أعلى من المستوى المعتاد داخل المجموعة المنافسة | عدد المراجعات أقل من المنتجات المشابهة مما يضعف الثقة,Conversion 68.09% vs category avg 336.35%.,Price is above peer average (152.85 vs 127.28).,Cart abandonment is high at 100.00%.,47,18.0,32.0,0.6808510638297872,3.3634956997365264,0.2024236462924928,5655.45,True,193,مجموعه كتب الطفل التعليميه - اصدار خاص,Substitute,شركاء مقترحون بناءً على الشراء المتكرر داخل نفس القسم.
167,حقيبه رياضيه جيم - اصدار خاص,حقيبه رياضيه جيم - اصدار خاص,الرياضه واللياقه,unknown_subcategory,هيد,104.4,,Moderate,متوسط,High Abandonment + Weak Content,High,48.56,Medium,Medium,conversion_friction,"Cart activity exists, but too few cart users convert to buyers. Additional issues detected (conversion_friction | content): Product content richness or image coverage lags similar products.",conversion_friction|trust|content,3,Investigate checkout or value-friction and reduce drop-off after add-to-cart.,افحص تعثر ما بعد الاضافة للسلة وخفف اسباب الانسحاب قبل الشراء.,Investigate checkout or value-friction and reduce drop-off after add-to-cart.,Bundle with لباس رياضي ضاغط where relevant.,افحص تعثر ما بعد الاضافة للسلة وخفف اسباب الانسحاب قبل الشراء.,فعّل باقة او ربطا مع المنتج لباس رياضي ضاغط عندما يكون ذلك مناسبا.,هناك اهتمام واضح بالمنتج لكن جزءًا من العملاء لا يكمل الشراء بعد الإضافة للسلة.,الدعم البصري أضعف من المنافسين من حيث عدد الصور | عدد المراجعات أقل من المنتجات المشابهة مما يضعف الثقة,Conversion 144.44% vs category avg 850.97%.,Cart abandonment is high at 100.00%.,,27,6.0,27.0,1.4444444444444444,8.50970943604373,0.1697407479421512,4280.400000000001,True,42,لباس رياضي ضاغط,Substitute,شركاء مقترحون بناءً على الشراء المتكرر داخل نفس القسم.
23,ثلاجه نوفروست 350 لتر,ثلاجه نوفروست 350 لتر,المنزل والمطبخ,unknown_subcategory,اريتي,3803.84,,Moderate,متوسط,High Abandonment + High Price vs Peers,High,48.55,Medium,Medium,conversion_friction,"Cart activity exists, but too few cart users convert to buyers. Additional issues detected (conversion_friction | pricing): The product appears overpriced relative to its closest peer group.",conversion_friction|pricing|trust,3,Investigate checkout or value-friction and reduce drop-off after add-to-cart.,افحص تعثر ما بعد الاضافة للسلة وخفف اسباب الانسحاب قبل الشراء.,Investigate checkout or value-friction and reduce drop-off after add-to-cart.,Bundle with فرن كهربايي 60 لتر - اصدار خاص where relevant.,افحص تعثر ما بعد الاضافة للسلة وخفف اسباب الانسحاب قبل الشراء.,فعّل باقة او ربطا مع المنتج فرن كهربايي 60 لتر - اصدار خاص عندما يكون ذلك مناسبا.,المنتج يُشاهَد لكنه لا يتحول إلى شراء بالمستوى المطلوب.,السعر أعلى من المستوى المعتاد داخل المجموعة المنافسة | عدد المراجعات أقل من المنتجات المشابهة مما يضعف الثقة,Conversion 88.46% vs category avg 439.13%.,Price is above peer average (3803.84 vs 3028.33).,Cart abandonment is high at 100.00%.,26,8.0,23.0,0.8846153846153846,4.391284662352632,0.2014479708408271,102703.68,True,91,فرن كهربايي 60 لتر - اصدار خاص,Substitute,شركاء مقترحون بناءً على الشراء المتكرر داخل نفس القسم.
143,عطر رجالي عودي - اصدار خاص,عطر رجالي عودي - اصدار خاص,الجمال والعنايه,unknown_subcategory,دوف,602.95,,Moderate,متوسط,High Abandonment + High Price vs Peers,High,48.37,Medium,Medium,conversion_friction,"Cart activity exists, but too few cart users convert to buyers. Additional issues detected (conversion_friction | pricing): The product appears overpriced relative to its closest peer group.",conversion_friction|pricing|trust,3,Investigate checkout or value-friction and reduce drop-off after add-to-cart.,افحص تعثر ما بعد الاضافة للسلة وخفف اسباب الانسحاب قبل الشراء.,Investigate checkout or value-friction and reduce drop-off after add-to-cart.,Bundle with سيروم فيتامين سي where relevant.,افحص تعثر ما بعد الاضافة للسلة وخفف اسباب الانسحاب قبل الشراء.,فعّل باقة او ربطا مع المنتج سيروم فيتامين سي عندما يكون ذلك مناسبا.,هناك اهتمام واضح بالمنتج لكن جزءًا من العملاء لا يكمل الشراء بعد الإضافة للسلة.,السعر أعلى من المستوى المعتاد داخل المجموعة المنافسة | عدد المراجعات أقل من المنتجات المشابهة مما يضعف الثقة,Conversion 147.83% vs category avg 676.88%.,Price is above peer average (602.95 vs 351.33).,Cart abandonment is high at 100.00%.,23,5.0,23.0,1.4782608695652173,6.768778422340422,0.2183940405976656,22912.1,True,32,سيروم فيتامين سي,Substitute,شركاء مقترحون بناءً على الشراء المتكرر داخل نفس القسم.
114,حقيبه رياضيه جيم - اصدار خاص,حقيبه رياضيه جيم - اصدار خاص,الرياضه واللياقه,unknown_subcategory,بوما,246.79,,Moderate,متوسط,High Abandonment + Weak Content,High,48.34,Medium,Medium,conversion_friction,"Cart activity exists, but too few cart users convert to buyers. Additional issues detected (conversion_friction | content): Product content richness or image coverage lags similar products.",conversion_friction|trust|content,3,Investigate checkout or value-friction and reduce drop-off after add-to-cart.,افحص تعثر ما بعد الاضافة للسلة وخفف اسباب الانسحاب قبل الشراء.,Investigate checkout or value-friction and reduce drop-off after add-to-cart.,Bundle with حصيره يوغا مضاده للانزلاق where relevant.,افحص تعثر ما بعد الاضافة للسلة وخفف اسباب الانسحاب قبل الشراء.,فعّل باقة او ربطا مع المنتج حصيره يوغا مضاده للانزلاق عندما يكون ذلك مناسبا.,هناك اهتمام واضح بالمنتج لكن جزءًا من العملاء لا يكمل الشراء بعد الإضافة للسلة.,الدعم البصري أضعف من المنافسين من حيث عدد الصور | عدد المراجعات أقل من المنتجات المشابهة مما يضعف الثقة,Conversion 159.09% vs category avg 850.97%.,Cart abandonment is high at 100.00%.,,22,7.0,22.0,1.5909090909090908,8.50970943604373,0.1869522223838378,9624.81,True,46,حصيره يوغا مضاده للانزلاق,Substitute,شركاء مقترحون بناءً على الشراء المتكرر داخل نفس القسم.
76,حقيبه رياضيه جيم - اصدار خاص,حقيبه رياضيه جيم - اصدار خاص,الرياضه واللياقه,unknown_subcategory,نيو بالانس,110.25,,Moderate,متوسط,High Abandonment,High,48.22,Medium,Medium,conversion_friction,"Cart activity exists, but too few cart users convert to buyers.",conversion_friction|trust,2,Investigate checkout or value-friction and reduce drop-off after add-to-cart.,افحص تعثر ما بعد الاضافة للسلة وخفف اسباب الانسحاب قبل الشراء.,Investigate checkout or value-friction and reduce drop-off after add-to-cart.,Bundle with لباس رياضي ضاغط where relevant.,افحص تعثر ما بعد الاضافة للسلة وخفف اسباب الانسحاب قبل الشراء.,فعّل باقة او ربطا مع المنتج لباس رياضي ضاغط عندما يكون ذلك مناسبا.,هناك اهتمام واضح بالمنتج لكن جزءًا من العملاء لا يكمل الشراء بعد الإضافة للسلة.,قوة العلامة التجارية أقل من منافسيه داخل المجموعة | عدد المراجعات أقل من المنتجات المشابهة مما يضعف الثقة,Conversion 147.37% vs category avg 850.97%.,Cart abandonment is high at 100.00%.,,19,7.0,19.0,1.4736842105263157,8.50970943604373,0.1731767954713445,3417.75,True,42,لباس رياضي ضاغط,Substitute,شركاء مقترحون بناءً على الشراء المتكرر داخل نفس القسم.
151,كتاب تطوير الذات والتحفيز - اصدار خاص,كتاب تطوير الذات والتحفيز - اصدار خاص,الكتب والتعليم,unknown_subcategory,دار العلوم,71.91,,Moderate,متوسط,High Abandonment,High,48.17,Medium,Medium,conversion_friction,"Cart activity exists, but too few cart users convert to buyers.",conversion_friction|trust,2,Investigate checkout or value-friction and reduce drop-off after add-to-cart.,افحص تعثر ما بعد الاضافة للسلة وخفف اسباب الانسحاب قبل الشراء.,Investigate checkout or value-friction and reduce drop-off after add-to-cart.,Bundle with اطلس العالم المصور - اصدار خاص where relevant.,افحص تعثر ما بعد الاضافة للسلة وخفف اسباب الانسحاب قبل الشراء.,فعّل باقة او ربطا مع المنتج اطلس العالم المصور - اصدار خاص عندما يكون ذلك مناسبا.,هناك اهتمام واضح بالمنتج لكن جزءًا من العملاء لا يكمل الشراء بعد الإضافة للسلة.,قوة العلامة التجارية أقل من منافسيه داخل المجموعة | تقييم المنتج أقل من متوسط المنتجات المشابهة | عدد المراجعات أقل من المنتجات المشابهة مما يضعف الثقة,Conversion 185.71% vs category avg 336.35%.,Rating trails peers (3.20 vs 3.64).,Cart abandonment is high at 100.00%.,14,4.0,14.0,1.8571428571428568,3.3634956997365264,0.5521466423424692,2085.39,True,150,اطلس العالم المصور - اصدار خاص,Substitute,شركاء مقترحون بناءً على الشراء المتكرر داخل نفس القسم.
97,هاتف ذكي برو ماكس - اصدار خاص,هاتف ذكي برو ماكس - اصدار خاص,الالكترونيات,unknown_subcategory,ابل,1968.21,,Moderate,متوسط,High Abandonment + High Price vs Peers,High,48.05,Medium,Medium,conversion_friction,"Cart activity exists, but too few cart users convert to buyers. Additional issues detected (conversion_friction | pricing): The product appears overpriced relative to its closest peer group.",conversion_friction|pricing|trust,3,Investigate checkout or value-friction and reduce drop-off after add-to-cart.,افحص تعثر ما بعد الاضافة للسلة وخفف اسباب الانسحاب قبل الشراء.,Investigate checkout or value-friction and reduce drop-off after add-to-cart.,Bundle with لابتوب الترا سليم where relevant.,افحص تعثر ما بعد الاضافة للسلة وخفف اسباب الانسحاب قبل الشراء.,فعّل باقة او ربطا مع المنتج لابتوب الترا سليم عندما يكون ذلك مناسبا.,هناك اهتمام واضح بالمنتج لكن جزءًا من العملاء لا يكمل الشراء بعد الإضافة للسلة.,السعر أعلى من المستوى المعتاد داخل المجموعة المنافسة | عدد المراجعات أقل من المنتجات المشابهة مما يضعف الثقة,Conversion 191.67% vs category avg 796.12%.,Price is above peer average (1968.21 vs 1781.86).,Cart abandonment is high at 100.00%.,12,4.0,12.0,1.9166666666666667,7.961233440029987,0.2407499643245541,49205.25,True,2,لابتوب الترا سليم,Substitute,شركاء مقترحون بناءً على الشراء المتكرر داخل نفس القسم.
130,ثلاجه نوفروست 350 لتر - اصدار خاص,ثلاجه نوفروست 350 لتر - اصدار خاص,المنزل والمطبخ,unknown_subcategory,فيليبس,3341.54,,Moderate,متوسط,High Abandonment + High Price vs Peers + Low Visibility,High,48.04,Medium,Medium,conversion_friction,"Cart activity exists, but too few cart users convert to buyers. Additional issues detected (conversion_friction | pricing | visibility): The product appears overpriced relative to its closest peer group. Also: The product receives limited qualified visibility in the selected period.",conversion_friction|pricing|trust|visibility,4,Investigate checkout or value-friction and reduce drop-off after add-to-cart.,افحص تعثر ما بعد الاضافة للسلة وخفف اسباب الانسحاب قبل الشراء.,Investigate checkout or value-friction and reduce drop-off after add-to-cart.,Bundle with مكيف هواء انفيرتر 18000 - اصدار خاص where relevant.,افحص تعثر ما بعد الاضافة للسلة وخفف اسباب الانسحاب قبل الشراء.,فعّل باقة او ربطا مع المنتج مكيف هواء انفيرتر 18000 - اصدار خاص عندما يكون ذلك مناسبا.,هناك اهتمام واضح بالمنتج لكن جزءًا من العملاء لا يكمل الشراء بعد الإضافة للسلة.,السعر أعلى من المستوى المعتاد داخل المجموعة المنافسة | قوة العلامة التجارية أقل من منافسيه داخل المجموعة | عدد المراجعات أقل من المنتجات المشابهة مما يضعف الثقة,Conversion 245.45% vs category avg 439.13%.,Price is above peer average (3341.54 vs 2719.68).,Cart abandonment is high at 100.00%.,11,4.0,11.0,2.4545454545454546,4.391284662352632,0.5589584013053782,103587.74,True,178,مكيف هواء انفيرتر 18000 - اصدار خاص,Substitute,شركاء مقترحون بناءً على الشراء المتكرر داخل نفس القسم.
118,حصيره يوغا مضاده للانزلاق - اصدار خاص,حصيره يوغا مضاده للانزلاق - اصدار خاص,الرياضه واللياقه,unknown_subcategory,نيو بالانس,175.91,,Moderate,متوسط,High Abandonment + Low Visibility,High,47.98,Medium,Medium,conversion_friction,"Cart activity exists, but too few cart users convert to buyers. Additional issues detected (conversion_friction | visibility): The product receives limited qualified visibility in the selected period.",conversion_friction|trust|visibility,3,Investigate checkout or value-friction and reduce drop-off after add-to-cart.,افحص تعثر ما بعد الاضافة للسلة وخفف اسباب الانسحاب قبل الشراء.,Investigate checkout or value-friction and reduce drop-off after add-to-cart.,Bundle with حقيبه رياضيه جيم where relevant.,افحص تعثر ما بعد الاضافة للسلة وخفف اسباب الانسحاب قبل الشراء.,فعّل باقة او ربطا مع المنتج حقيبه رياضيه جيم عندما يكون ذلك مناسبا.,هناك اهتمام واضح بالمنتج لكن جزءًا من العملاء لا يكمل الشراء بعد الإضافة للسلة.,قوة العلامة التجارية أقل من منافسيه داخل المجموعة | تقييم المنتج أقل من متوسط المنتجات المشابهة | عدد المراجعات أقل من المنتجات المشابهة مما يضعف الثقة,Conversion 483.33% vs category avg 850.97%.,Rating trails peers (3.00 vs 3.90).,Cart abandonment is high at 100.00%.,6,2.0,6.0,4.833333333333333,8.50970943604373,0.5679786565756597,5277.3,True,48,حقيبه رياضيه جيم,Substitute,شركاء مقترحون بناءً على الشراء المتكرر داخل نفس القسم.
36,عطر رجالي عودي,عطر رجالي عودي,الجمال والعنايه,unknown_subcategory,دوف,703.99,,Moderate,متوسط,High Abandonment + High Price vs Peers,High,47.94,Medium,Medium,conversion_friction,"Cart activity exists, but too few cart users convert to buyers. Additional issues detected (conversion_friction | pricing): The product appears overpriced relative to its closest peer group.",conversion_friction|pricing|trust,3,Investigate checkout or value-friction and reduce drop-off after add-to-cart.,افحص تعثر ما بعد الاضافة للسلة وخفف اسباب الانسحاب قبل الشراء.,Investigate checkout or value-friction and reduce drop-off after add-to-cart.,Bundle with طقم مكياج احترافي where relevant.,افحص تعثر ما بعد الاضافة للسلة وخفف اسباب الانسحاب قبل الشراء.,فعّل باقة او ربطا مع المنتج طقم مكياج احترافي عندما يكون ذلك مناسبا.,هناك اهتمام واضح بالمنتج لكن جزءًا من العملاء لا يكمل الشراء بعد الإضافة للسلة.,السعر أعلى من المستوى المعتاد داخل المجموعة المنافسة | عدد المراجعات أقل من المنتجات المشابهة مما يضعف الثقة,Conversion 172.22% vs category avg 676.88%.,Price is above peer average (703.99 vs 394.11).,Cart abandonment is high at 100.00%.,18,2.0,18.0,1.7222222222222223,6.768778422340422,0.2544361943564307,23231.67,True,34,طقم مكياج احترافي,Substitute,شركاء مقترحون بناءً على الشراء المتكرر داخل نفس القسم.
115,شاحن لاسلكي سريع - اصدار خاص,شاحن لاسلكي سريع - اصدار خاص,الالكترونيات,unknown_subcategory,ابل,131.51,,Moderate,متوسط,High Abandonment + Weak Content,High,47.93,Medium,Medium,conversion_friction,"Cart activity exists, but too few cart users convert to buyers. Additional issues detected (conversion_friction | content): Product content richness or image coverage lags similar products.",conversion_friction|trust|content,3,Investigate checkout or value-friction and reduce drop-off after add-to-cart.,افحص تعثر ما بعد الاضافة للسلة وخفف اسباب الانسحاب قبل الشراء.,Investigate checkout or value-friction and reduce drop-off after add-to-cart.,Bundle with لابتوب الترا سليم where relevant.,افحص تعثر ما بعد الاضافة للسلة وخفف اسباب الانسحاب قبل الشراء.,فعّل باقة او ربطا مع المنتج لابتوب الترا سليم عندما يكون ذلك مناسبا.,هناك اهتمام واضح بالمنتج لكن جزءًا من العملاء لا يكمل الشراء بعد الإضافة للسلة.,الدعم البصري أضعف من المنافسين من حيث عدد الصور | عدد المراجعات أقل من المنتجات المشابهة مما يضعف الثقة,Conversion 175.00% vs category avg 796.12%.,Cart abandonment is high at 100.00%.,,16,5.0,16.0,1.75,7.961233440029987,0.2198151848180711,4339.83,True,2,لابتوب الترا سليم,Substitute,شركاء مقترحون بناءً على الشراء المتكرر داخل نفس القسم.
22,غساله اوتوماتيك 8 كيلو,غساله اوتوماتيك 8 كيلو,المنزل والمطبخ,unknown_subcategory,فيليبس,2057.09,,Moderate,متوسط,High Abandonment + High Price vs Peers + Low Visibility,High,47.93,Medium,Medium,conversion_friction,"Cart activity exists, but too few cart users convert to buyers. Additional issues detected (conversion_friction | pricing | visibility): The product appears overpriced relative to its closest peer group. Also: The product receives limited qualified visibility in the selected period.",conversion_friction|pricing|trust|visibility,4,Investigate checkout or value-friction and reduce drop-off after add-to-cart.,افحص تعثر ما بعد الاضافة للسلة وخفف اسباب الانسحاب قبل الشراء.,Investigate checkout or value-friction and reduce drop-off after add-to-cart.,Bundle with مجموعه سكاكين مطبخ where relevant.,افحص تعثر ما بعد الاضافة للسلة وخفف اسباب الانسحاب قبل الشراء.,فعّل باقة او ربطا مع المنتج مجموعه سكاكين مطبخ عندما يكون ذلك مناسبا.,هناك اهتمام واضح بالمنتج لكن جزءًا من العملاء لا يكمل الشراء بعد الإضافة للسلة.,السعر أعلى من المستوى المعتاد داخل المجموعة المنافسة | قوة العلامة التجارية أقل من منافسيه داخل المجموعة | عدد المراجعات أقل من المنتجات المشابهة مما يضعف الثقة,Conversion 250.00% vs category avg 439.13%.,Price is above peer average (2057.09 vs 1273.12).,Cart abandonment is high at 100.00%.,10,5.0,10.0,2.5,4.391284662352632,0.5693094828110333,55541.43000000001,True,29,مجموعه سكاكين مطبخ,Substitute,شركاء مقترحون بناءً على الشراء المتكرر داخل نفس القسم.
136,فرن كهربايي 60 لتر - اصدار خاص,فرن كهربايي 60 لتر - اصدار خاص,المنزل والمطبخ,unknown_subcategory,توشيبا,1233.09,,Moderate,متوسط,High Abandonment + Weak Content,High,47.8,Medium,Medium,conversion_friction,"Cart activity exists, but too few cart users convert to buyers. Additional issues detected (conversion_friction | content): Product content richness or image coverage lags similar products.",conversion_friction|trust|content,3,Investigate checkout or value-friction and reduce drop-off after add-to-cart.,افحص تعثر ما بعد الاضافة للسلة وخفف اسباب الانسحاب قبل الشراء.,Investigate checkout or value-friction and reduce drop-off after add-to-cart.,Bundle with ماكينه قهوه اسبريسو - اصدار خاص where relevant.,افحص تعثر ما بعد الاضافة للسلة وخفف اسباب الانسحاب قبل الشراء.,فعّل باقة او ربطا مع المنتج ماكينه قهوه اسبريسو - اصدار خاص عندما يكون ذلك مناسبا.,المنتج يُشاهَد لكنه لا يتحول إلى شراء بالمستوى المطلوب.,الدعم البصري أضعف من المنافسين من حيث عدد الصور | عدد المراجعات أقل من المنتجات المشابهة مما يضعف الثقة,Conversion 100.00% vs category avg 439.13%.,Cart abandonment is high at 100.00%.,,25,6.0,25.0,1.0,4.391284662352632,0.2277237931244133,33293.43,True,119,ماكينه قهوه اسبريسو - اصدار خاص,Substitute,شركاء مقترحون بناءً على الشراء المتكرر داخل نفس القسم.
144,كتاب تطوير الذات والتحفيز - اصدار خاص,كتاب تطوير الذات والتحفيز - اصدار خاص,الكتب والتعليم,unknown_subcategory,دار قرطبه,91.59,,Moderate,متوسط,High Abandonment,High,47.74,Medium,Medium,conversion_friction,"Cart activity exists, but too few cart users convert to buyers.",conversion_friction|trust,2,Investigate checkout or value-friction and reduce drop-off after add-to-cart.,افحص تعثر ما بعد الاضافة للسلة وخفف اسباب الانسحاب قبل الشراء.,Investigate checkout or value-friction and reduce drop-off after add-to-cart.,Bundle with اطلس العالم المصور - اصدار خاص where relevant.,افحص تعثر ما بعد الاضافة للسلة وخفف اسباب الانسحاب قبل الشراء.,فعّل باقة او ربطا مع المنتج اطلس العالم المصور - اصدار خاص عندما يكون ذلك مناسبا.,المنتج يُشاهَد لكنه لا يتحول إلى شراء بالمستوى المطلوب.,تقييم المنتج أقل من متوسط المنتجات المشابهة | عدد المراجعات أقل من المنتجات المشابهة مما يضعف الثقة,Conversion 121.74% vs category avg 336.35%.,Rating trails peers (3.40 vs 3.52).,Cart abandonment is high at 100.00%.,23,3.0,23.0,1.2173913043478262,3.3634956997365264,0.3619422805990768,2839.29,True,150,اطلس العالم المصور - اصدار خاص,Substitute,شركاء مقترحون بناءً على الشراء المتكرر داخل نفس القسم.
123,عداد خطوات ذكي - اصدار خاص,عداد خطوات ذكي - اصدار خاص,الرياضه واللياقه,unknown_subcategory,اندر ارمور,140.92,,Moderate,متوسط,Weak Content,High,47.73,Medium,Medium,content,Product content richness or image coverage lags similar products.,trust|content,2,"Improve product content with stronger visuals, richer copy, and clearer value proposition.",حسن المحتوى عبر صور اقوى ووصف اغنى وتوضيح ادق للقيمة.,"Improve product content with stronger visuals, richer copy, and clearer value proposition.",Bundle with لباس رياضي ضاغط where relevant.,حسن المحتوى عبر صور اقوى ووصف اغنى وتوضيح ادق للقيمة.,فعّل باقة او ربطا مع المنتج لباس رياضي ضاغط عندما يكون ذلك مناسبا.,أداء المنتج متوسط ويمكن تحسينه من خلال تدخلات مركزة.,الدعم البصري أضعف من المنافسين من حيث عدد الصور | عدد المراجعات أقل من المنتجات المشابهة مما يضعف الثقة,Conversion 200.00% vs category avg 850.97%.,,,14,2.0,14.0,2.0,8.50970943604373,0.2350256509968247,4650.36,True,42,لباس رياضي ضاغط,Substitute,شركاء مقترحون بناءً على الشراء المتكرر داخل نفس القسم.
24,مكنسه كهرباييه لاسلكيه,مكنسه كهرباييه لاسلكيه,المنزل والمطبخ,unknown_subcategory,هايسنس,362.63,,Moderate,متوسط,High Abandonment + Weak Content,High,47.63,Medium,Medium,conversion_friction,"Cart activity exists, but too few cart users convert to buyers. Additional issues detected (conversion_friction | content): Product content richness or image coverage lags similar products.",conversion_friction|trust|content,3,Investigate checkout or value-friction and reduce drop-off after add-to-cart.,افحص تعثر ما بعد الاضافة للسلة وخفف اسباب الانسحاب قبل الشراء.,Investigate checkout or value-friction and reduce drop-off after add-to-cart.,Bundle with مكيف هواء انفيرتر 18000 - اصدار خاص where relevant.,افحص تعثر ما بعد الاضافة للسلة وخفف اسباب الانسحاب قبل الشراء.,فعّل باقة او ربطا مع المنتج مكيف هواء انفيرتر 18000 - اصدار خاص عندما يكون ذلك مناسبا.,المنتج يُشاهَد لكنه لا يتحول إلى شراء بالمستوى المطلوب.,الدعم البصري أضعف من المنافسين من حيث عدد الصور | عدد المراجعات أقل من المنتجات المشابهة مما يضعف الثقة,Conversion 107.69% vs category avg 439.13%.,Cart abandonment is high at 100.00%.,,26,8.0,26.0,1.0769230769230769,4.391284662352632,0.2452410079801374,10516.27,True,178,مكيف هواء انفيرتر 18000 - اصدار خاص,Substitute,شركاء مقترحون بناءً على الشراء المتكرر داخل نفس القسم.
145,قاموس عربي انجليزي شامل - اصدار خاص,قاموس عربي انجليزي شامل - اصدار خاص,الكتب والتعليم,unknown_subcategory,دار الفكر,165.87,,Moderate,متوسط,High Abandonment + High Price vs Peers,High,47.45,Medium,Medium,conversion_friction,"Cart activity exists, but too few cart users convert to buyers. Additional issues detected (conversion_friction | pricing): The product appears overpriced relative to its closest peer group.",conversion_friction|pricing|trust,3,Investigate checkout or value-friction and reduce drop-off after add-to-cart.,افحص تعثر ما بعد الاضافة للسلة وخفف اسباب الانسحاب قبل الشراء.,Investigate checkout or value-friction and reduce drop-off after add-to-cart.,Bundle with كتاب رياده الاعمال والنجاح - اصدار خاص where relevant.,افحص تعثر ما بعد الاضافة للسلة وخفف اسباب الانسحاب قبل الشراء.,فعّل باقة او ربطا مع المنتج كتاب رياده الاعمال والنجاح - اصدار خاص عندما يكون ذلك مناسبا.,هناك اهتمام واضح بالمنتج لكن جزءًا من العملاء لا يكمل الشراء بعد الإضافة للسلة.,السعر أعلى من المستوى المعتاد داخل المجموعة المنافسة | قوة العلامة التجارية أقل من منافسيه داخل المجموعة | عدد المراجعات أقل من المنتجات المشابهة مما يضعف الثقة,Conversion 205.00% vs category avg 336.35%.,Price is above peer average (165.87 vs 190.87).,Cart abandonment is high at 100.00%.,20,5.0,20.0,2.05,3.3634956997365264,0.6094849475088026,7464.150000000001,True,172,كتاب رياده الاعمال والنجاح - اصدار خاص,Substitute,شركاء مقترحون بناءً على الشراء المتكرر داخل نفس القسم.
99,مجموعه كتب الطفل التعليميه - اصدار خاص,مجموعه كتب الطفل التعليميه - اصدار خاص,الكتب والتعليم,unknown_subcategory,الوراق,185.24,,Moderate,متوسط,High Abandonment + High Price vs Peers,High,47.34,Medium,Medium,conversion_friction,"Cart activity exists, but too few cart users convert to buyers. Additional issues detected (conversion_friction | pricing): The product appears overpriced relative to its closest peer group.",conversion_friction|pricing|trust,3,Investigate checkout or value-friction and reduce drop-off after add-to-cart.,افحص تعثر ما بعد الاضافة للسلة وخفف اسباب الانسحاب قبل الشراء.,Investigate checkout or value-friction and reduce drop-off after add-to-cart.,Bundle with كتاب رياده الاعمال والنجاح where relevant.,افحص تعثر ما بعد الاضافة للسلة وخفف اسباب الانسحاب قبل الشراء.,فعّل باقة او ربطا مع المنتج كتاب رياده الاعمال والنجاح عندما يكون ذلك مناسبا.,هناك اهتمام واضح بالمنتج لكن جزءًا من العملاء لا يكمل الشراء بعد الإضافة للسلة.,السعر أعلى من المستوى المعتاد داخل المجموعة المنافسة | قوة العلامة التجارية أقل من منافسيه داخل المجموعة | عدد المراجعات أقل من المنتجات المشابهة مما يضعف الثقة,Conversion 208.33% vs category avg 336.35%.,Price is above peer average (185.24 vs 143.35).,Cart abandonment is high at 100.00%.,12,5.0,12.0,2.083333333333333,3.3634956997365264,0.6193952718585393,5186.72,True,53,كتاب رياده الاعمال والنجاح,Substitute,شركاء مقترحون بناءً على الشراء المتكرر داخل نفس القسم.
194,ساعه ذكيه سبورت - اصدار خاص,ساعه ذكيه سبورت - اصدار خاص,الالكترونيات,unknown_subcategory,ال جي,582.97,,Moderate,متوسط,High Abandonment,High,47.31,Medium,Medium,conversion_friction,"Cart activity exists, but too few cart users convert to buyers.",conversion_friction|trust,2,Investigate checkout or value-friction and reduce drop-off after add-to-cart.,افحص تعثر ما بعد الاضافة للسلة وخفف اسباب الانسحاب قبل الشراء.,Investigate checkout or value-friction and reduce drop-off after add-to-cart.,Bundle with هاتف ذكي برو ماكس where relevant.,افحص تعثر ما بعد الاضافة للسلة وخفف اسباب الانسحاب قبل الشراء.,فعّل باقة او ربطا مع المنتج هاتف ذكي برو ماكس عندما يكون ذلك مناسبا.,هناك اهتمام واضح بالمنتج لكن جزءًا من العملاء لا يكمل الشراء بعد الإضافة للسلة.,قوة العلامة التجارية أقل من منافسيه داخل المجموعة | عدد المراجعات أقل من المنتجات المشابهة مما يضعف الثقة,Conversion 190.00% vs category avg 796.12%.,Cart abandonment is high at 100.00%.,,20,5.0,20.0,1.9,7.961233440029987,0.2386564863739058,23318.800000000003,True,1,هاتف ذكي برو ماكس,Substitute,شركاء مقترحون بناءً على الشراء المتكرر داخل نفس القسم.
71,حصيره يوغا مضاده للانزلاق - اصدار خاص,حصيره يوغا مضاده للانزلاق - اصدار خاص,الرياضه واللياقه,unknown_subcategory,اديداس,241.15,,Moderate,متوسط,High Abandonment + Low Visibility,High,47.06,Medium,Medium,conversion_friction,"Cart activity exists, but too few cart users convert to buyers. Additional issues detected (conversion_friction | visibility): The product receives limited qualified visibility in the selected period.",conversion_friction|trust|visibility,3,Investigate checkout or value-friction and reduce drop-off after add-to-cart.,افحص تعثر ما بعد الاضافة للسلة وخفف اسباب الانسحاب قبل الشراء.,Investigate checkout or value-friction and reduce drop-off after add-to-cart.,Bundle with اوزان حديد طقم 20 كيلو where relevant.,افحص تعثر ما بعد الاضافة للسلة وخفف اسباب الانسحاب قبل الشراء.,فعّل باقة او ربطا مع المنتج اوزان حديد طقم 20 كيلو عندما يكون ذلك مناسبا.,هناك اهتمام واضح بالمنتج لكن جزءًا من العملاء لا يكمل الشراء بعد الإضافة للسلة.,قوة العلامة التجارية أقل من منافسيه داخل المجموعة | عدد المراجعات أقل من المنتجات المشابهة مما يضعف الثقة,Conversion 218.18% vs category avg 850.97%.,Cart abandonment is high at 100.00%.,,11,3.0,11.0,2.1818181818181817,8.50970943604373,0.2563916192692633,6511.05,True,47,اوزان حديد طقم 20 كيلو,Substitute,شركاء مقترحون بناءً على الشراء المتكرر داخل نفس القسم.
128,مكواه بخاريه احترافيه - اصدار خاص,مكواه بخاريه احترافيه - اصدار خاص,المنزل والمطبخ,unknown_subcategory,بوش,664.23,,Moderate,متوسط,High Abandonment,High,47.05,Medium,Medium,conversion_friction,"Cart activity exists, but too few cart users convert to buyers.",conversion_friction|trust,2,Investigate checkout or value-friction and reduce drop-off after add-to-cart.,افحص تعثر ما بعد الاضافة للسلة وخفف اسباب الانسحاب قبل الشراء.,Investigate checkout or value-friction and reduce drop-off after add-to-cart.,Bundle with مجموعه سكاكين مطبخ - اصدار خاص where relevant.,افحص تعثر ما بعد الاضافة للسلة وخفف اسباب الانسحاب قبل الشراء.,فعّل باقة او ربطا مع المنتج مجموعه سكاكين مطبخ - اصدار خاص عندما يكون ذلك مناسبا.,هناك اهتمام واضح بالمنتج لكن جزءًا من العملاء لا يكمل الشراء بعد الإضافة للسلة.,تقييم المنتج أقل من متوسط المنتجات المشابهة | عدد المراجعات أقل من المنتجات المشابهة مما يضعف الثقة,Conversion 183.33% vs category avg 439.13%.,Rating trails peers (3.30 vs 3.70).,Cart abandonment is high at 100.00%.,12,4.0,12.0,1.8333333333333333,4.391284662352632,0.4174936207280911,15941.52,True,168,مجموعه سكاكين مطبخ - اصدار خاص,Substitute,شركاء مقترحون بناءً على الشراء المتكرر داخل نفس القسم.
18,جاكيت شتوي دافي,جاكيت شتوي دافي,الازياء والملابس,unknown_subcategory,نايكي,685.51,,Moderate,متوسط,High Price vs Peers,High,47.03,Medium,Medium,pricing,The product appears overpriced relative to its closest peer group.,pricing|trust,2,Test a sharper price point or targeted promotion against peer price levels.,اختبر سعرا اكثر تنافسية او عرضا ترويجيا موجها مقارنة بالبدائل القريبة.,Test a sharper price point or targeted promotion against peer price levels.,Bundle with فستان سهره انيق - اصدار خاص where relevant.,اختبر سعرا اكثر تنافسية او عرضا ترويجيا موجها مقارنة بالبدائل القريبة.,فعّل باقة او ربطا مع المنتج فستان سهره انيق - اصدار خاص عندما يكون ذلك مناسبا.,المنتج يُشاهَد لكنه لا يتحول إلى شراء بالمستوى المطلوب.,السعر أعلى من المستوى المعتاد داخل المجموعة المنافسة | عدد المراجعات أقل من المنتجات المشابهة مما يضعف الثقة,Conversion 74.47% vs category avg 228.45%.,Price is above peer average (685.51 vs 404.17).,,47,18.0,35.0,0.7446808510638298,2.284453274168197,0.3259777118159612,30162.44,True,158,فستان سهره انيق - اصدار خاص,Substitute,شركاء مقترحون بناءً على الشراء المتكرر داخل نفس القسم.
187,عطر رجالي عودي - اصدار خاص,عطر رجالي عودي - اصدار خاص,الجمال والعنايه,unknown_subcategory,افينو,521.01,,Moderate,متوسط,High Abandonment + High Price vs Peers + Low Visibility,High,47.0,Medium,Medium,conversion_friction,"Cart activity exists, but too few cart users convert to buyers. Additional issues detected (conversion_friction | pricing | visibility): The product appears overpriced relative to its closest peer group. Also: The product receives limited qualified visibility in the selected period.",conversion_friction|pricing|trust|visibility,4,Investigate checkout or value-friction and reduce drop-off after add-to-cart.,افحص تعثر ما بعد الاضافة للسلة وخفف اسباب الانسحاب قبل الشراء.,Investigate checkout or value-friction and reduce drop-off after add-to-cart.,Bundle with قناع وجه كولاجين where relevant.,افحص تعثر ما بعد الاضافة للسلة وخفف اسباب الانسحاب قبل الشراء.,فعّل باقة او ربطا مع المنتج قناع وجه كولاجين عندما يكون ذلك مناسبا.,هناك اهتمام واضح بالمنتج لكن جزءًا من العملاء لا يكمل الشراء بعد الإضافة للسلة.,السعر أعلى من المستوى المعتاد داخل المجموعة المنافسة | عدد المراجعات أقل من المنتجات المشابهة مما يضعف الثقة,Conversion 220.00% vs category avg 676.88%.,Price is above peer average (521.01 vs 367.72).,Cart abandonment is high at 100.00%.,10,2.0,10.0,2.2,6.768778422340422,0.3250217192424083,12504.24,True,39,قناع وجه كولاجين,Substitute,شركاء مقترحون بناءً على الشراء المتكرر داخل نفس القسم.
109,قناع وجه كولاجين - اصدار خاص,قناع وجه كولاجين - اصدار خاص,الجمال والعنايه,unknown_subcategory,لوريال,44.98,,Moderate,متوسط,Low Visibility,High,46.87,Medium,Medium,visibility,The product receives limited qualified visibility in the selected period.,trust|visibility,2,"Increase visibility through merchandising, search placement, and demand generation.",ارفع الظهور عبر الترويج والتموضع في البحث وتنشيط الطلب.,"Increase visibility through merchandising, search placement, and demand generation.",Bundle with سيروم فيتامين سي where relevant.,ارفع الظهور عبر الترويج والتموضع في البحث وتنشيط الطلب.,فعّل باقة او ربطا مع المنتج سيروم فيتامين سي عندما يكون ذلك مناسبا.,المنتج لا يحصل على عدد كافٍ من الزيارات خلال الفترة المختارة.,قوة العلامة التجارية أقل من منافسيه داخل المجموعة | تقييم المنتج أقل من متوسط المنتجات المشابهة | عدد المراجعات أقل من المنتجات المشابهة مما يضعف الثقة,Conversion 442.86% vs category avg 676.88%.,Rating trails peers (2.80 vs 3.36).,,7,3.0,7.0,4.428571428571429,6.768778422340422,0.6542644997736791,1439.36,True,32,سيروم فيتامين سي,Substitute,شركاء مقترحون بناءً على الشراء المتكرر داخل نفس القسم.
174,تابلت 10 انش - اصدار خاص,تابلت 10 انش - اصدار خاص,الالكترونيات,unknown_subcategory,سامسونج,886.97,,Moderate,متوسط,High Abandonment + Weak Content + Low Visibility,High,46.82,Medium,Medium,conversion_friction,"Cart activity exists, but too few cart users convert to buyers. Additional issues detected (conversion_friction | content | visibility): Product content richness or image coverage lags similar products. Also: The product receives limited qualified visibility in the selected period.",conversion_friction|trust|content|visibility,4,Investigate checkout or value-friction and reduce drop-off after add-to-cart.,افحص تعثر ما بعد الاضافة للسلة وخفف اسباب الانسحاب قبل الشراء.,Investigate checkout or value-friction and reduce drop-off after add-to-cart.,Bundle with سماعات لاسلكيه where relevant.,افحص تعثر ما بعد الاضافة للسلة وخفف اسباب الانسحاب قبل الشراء.,فعّل باقة او ربطا مع المنتج سماعات لاسلكيه عندما يكون ذلك مناسبا.,هناك اهتمام واضح بالمنتج لكن جزءًا من العملاء لا يكمل الشراء بعد الإضافة للسلة.,الدعم البصري أضعف من المنافسين من حيث عدد الصور | عدد المراجعات أقل من المنتجات المشابهة مما يضعف الثقة,Conversion 245.45% vs category avg 796.12%.,Cart abandonment is high at 100.00%.,,11,3.0,11.0,2.4545454545454546,7.961233440029987,0.3083122072772946,25722.13,True,3,سماعات لاسلكيه,Substitute,شركاء مقترحون بناءً على الشراء المتكرر داخل نفس القسم.
195,فرن كهربايي 60 لتر - اصدار خاص,فرن كهربايي 60 لتر - اصدار خاص,المنزل والمطبخ,unknown_subcategory,بوش,411.6,,Moderate,متوسط,High Abandonment,High,46.57,Medium,Medium,conversion_friction,"Cart activity exists, but too few cart users convert to buyers.",conversion_friction|trust,2,Investigate checkout or value-friction and reduce drop-off after add-to-cart.,افحص تعثر ما بعد الاضافة للسلة وخفف اسباب الانسحاب قبل الشراء.,Investigate checkout or value-friction and reduce drop-off after add-to-cart.,Bundle with مجموعه سكاكين مطبخ - اصدار خاص where relevant.,افحص تعثر ما بعد الاضافة للسلة وخفف اسباب الانسحاب قبل الشراء.,فعّل باقة او ربطا مع المنتج مجموعه سكاكين مطبخ - اصدار خاص عندما يكون ذلك مناسبا.,هناك اهتمام واضح بالمنتج لكن جزءًا من العملاء لا يكمل الشراء بعد الإضافة للسلة.,تقييم المنتج أقل من متوسط المنتجات المشابهة | عدد المراجعات أقل من المنتجات المشابهة مما يضعف الثقة,Conversion 200.00% vs category avg 439.13%.,Rating trails peers (3.10 vs 3.64).,Cart abandonment is high at 100.00%.,17,7.0,17.0,2.0,4.391284662352632,0.4554475862488266,14406.0,True,168,مجموعه سكاكين مطبخ - اصدار خاص,Substitute,شركاء مقترحون بناءً على الشراء المتكرر داخل نفس القسم.
82,مجموعه سكاكين مطبخ - اصدار خاص,مجموعه سكاكين مطبخ - اصدار خاص,المنزل والمطبخ,unknown_subcategory,ديلونجي,482.06,,Moderate,متوسط,High Abandonment,High,46.51,Medium,Medium,conversion_friction,"Cart activity exists, but too few cart users convert to buyers.",conversion_friction|trust,2,Investigate checkout or value-friction and reduce drop-off after add-to-cart.,افحص تعثر ما بعد الاضافة للسلة وخفف اسباب الانسحاب قبل الشراء.,Investigate checkout or value-friction and reduce drop-off after add-to-cart.,Bundle with فرن كهربايي 60 لتر - اصدار خاص where relevant.,افحص تعثر ما بعد الاضافة للسلة وخفف اسباب الانسحاب قبل الشراء.,فعّل باقة او ربطا مع المنتج فرن كهربايي 60 لتر - اصدار خاص عندما يكون ذلك مناسبا.,هناك اهتمام واضح بالمنتج لكن جزءًا من العملاء لا يكمل الشراء بعد الإضافة للسلة.,قوة العلامة التجارية أقل من منافسيه داخل المجموعة | تقييم المنتج أقل من متوسط المنتجات المشابهة | عدد المراجعات أقل من المنتجات المشابهة مما يضعف الثقة,Conversion 300.00% vs category avg 439.13%.,Rating trails peers (2.90 vs 3.22).,Cart abandonment is high at 100.00%.,12,2.0,12.0,3.0,4.391284662352632,0.68317137937324,17836.22,True,176,فرن كهربايي 60 لتر - اصدار خاص,Substitute,شركاء مقترحون بناءً على الشراء المتكرر داخل نفس القسم.
140,مزيل عرق رول اون - اصدار خاص,مزيل عرق رول اون - اصدار خاص,الجمال والعنايه,unknown_subcategory,لوريال,61.32,,Moderate,متوسط,High Abandonment + Low Visibility,High,46.35,Medium,Medium,conversion_friction,"Cart activity exists, but too few cart users convert to buyers. Additional issues detected (conversion_friction | visibility): The product receives limited qualified visibility in the selected period.",conversion_friction|trust|visibility,3,Investigate checkout or value-friction and reduce drop-off after add-to-cart.,افحص تعثر ما بعد الاضافة للسلة وخفف اسباب الانسحاب قبل الشراء.,Investigate checkout or value-friction and reduce drop-off after add-to-cart.,Bundle with قناع وجه كولاجين where relevant.,افحص تعثر ما بعد الاضافة للسلة وخفف اسباب الانسحاب قبل الشراء.,فعّل باقة او ربطا مع المنتج قناع وجه كولاجين عندما يكون ذلك مناسبا.,هناك اهتمام واضح بالمنتج لكن جزءًا من العملاء لا يكمل الشراء بعد الإضافة للسلة.,قوة العلامة التجارية أقل من منافسيه داخل المجموعة | عدد المراجعات أقل من المنتجات المشابهة مما يضعف الثقة,Conversion 211.11% vs category avg 676.88%.,Cart abandonment is high at 100.00%.,,9,3.0,9.0,2.111111111111111,6.768778422340422,0.3118895285659473,1410.36,True,39,قناع وجه كولاجين,Substitute,شركاء مقترحون بناءً على الشراء المتكرر داخل نفس القسم.
159,حصيره يوغا مضاده للانزلاق - اصدار خاص,حصيره يوغا مضاده للانزلاق - اصدار خاص,الرياضه واللياقه,unknown_subcategory,نيو بالانس,132.33,,Moderate,متوسط,High Abandonment + Low Visibility,High,46.34,Medium,Medium,conversion_friction,"Cart activity exists, but too few cart users convert to buyers. Additional issues detected (conversion_friction | visibility): The product receives limited qualified visibility in the selected period.",conversion_friction|trust|visibility,3,Investigate checkout or value-friction and reduce drop-off after add-to-cart.,افحص تعثر ما بعد الاضافة للسلة وخفف اسباب الانسحاب قبل الشراء.,Investigate checkout or value-friction and reduce drop-off after add-to-cart.,Bundle with لباس رياضي ضاغط where relevant.,افحص تعثر ما بعد الاضافة للسلة وخفف اسباب الانسحاب قبل الشراء.,فعّل باقة او ربطا مع المنتج لباس رياضي ضاغط عندما يكون ذلك مناسبا.,هناك اهتمام واضح بالمنتج لكن جزءًا من العملاء لا يكمل الشراء بعد الإضافة للسلة.,قوة العلامة التجارية أقل من منافسيه داخل المجموعة | عدد المراجعات أقل من المنتجات المشابهة مما يضعف الثقة,Conversion 270.00% vs category avg 850.97%.,Cart abandonment is high at 100.00%.,,10,4.0,10.0,2.7,8.50970943604373,0.3172846288457134,3969.900000000001,True,42,لباس رياضي ضاغط,Substitute,شركاء مقترحون بناءً على الشراء المتكرر داخل نفس القسم.
182,سيروم فيتامين سي - اصدار خاص,سيروم فيتامين سي - اصدار خاص,الجمال والعنايه,unknown_subcategory,لوريال,190.33,,Moderate,متوسط,يحتاج متابعة,High,46.28,Medium,Medium,mixed_context,قوة العلامة التجارية أقل من منافسيه داخل المجموعة | عدد المراجعات أقل من المنتجات المشابهة مما يضعف الثقة,trust,1,"Apply a focused optimization plan across pricing, content, and conversion levers.",طبق خطة تحسين مركزة تشمل السعر والمحتوى ومحفزات التحويل.,"Apply a focused optimization plan across pricing, content, and conversion levers.",Bundle with مجموعه عنايه بالشعر where relevant.,طبق خطة تحسين مركزة تشمل السعر والمحتوى ومحفزات التحويل.,فعّل باقة او ربطا مع المنتج مجموعه عنايه بالشعر عندما يكون ذلك مناسبا.,أداء المنتج متوسط ويمكن تحسينه من خلال تدخلات مركزة.,قوة العلامة التجارية أقل من منافسيه داخل المجموعة | عدد المراجعات أقل من المنتجات المشابهة مما يضعف الثقة,Conversion 215.38% vs category avg 676.88%.,,,13,2.0,13.0,2.1538461538461537,6.768778422340422,0.3182030817757843,5900.2300000000005,True,33,مجموعه عنايه بالشعر,Substitute,شركاء مقترحون بناءً على الشراء المتكرر داخل نفس القسم.
173,حذاء جري احترافي - اصدار خاص,حذاء جري احترافي - اصدار خاص,الرياضه واللياقه,unknown_subcategory,اندر ارمور,426.85,,Moderate,متوسط,High Abandonment + High Price vs Peers + Low Visibility,High,46.13,Medium,Medium,conversion_friction,"Cart activity exists, but too few cart users convert to buyers. Additional issues detected (conversion_friction | pricing | visibility): The product appears overpriced relative to its closest peer group. Also: The product receives limited qualified visibility in the selected period.",conversion_friction|pricing|trust|visibility,4,Investigate checkout or value-friction and reduce drop-off after add-to-cart.,افحص تعثر ما بعد الاضافة للسلة وخفف اسباب الانسحاب قبل الشراء.,Investigate checkout or value-friction and reduce drop-off after add-to-cart.,Bundle with حقيبه رياضيه جيم where relevant.,افحص تعثر ما بعد الاضافة للسلة وخفف اسباب الانسحاب قبل الشراء.,فعّل باقة او ربطا مع المنتج حقيبه رياضيه جيم عندما يكون ذلك مناسبا.,هناك اهتمام واضح بالمنتج لكن جزءًا من العملاء لا يكمل الشراء بعد الإضافة للسلة.,السعر أعلى من المستوى المعتاد داخل المجموعة المنافسة | عدد المراجعات أقل من المنتجات المشابهة مما يضعف الثقة,Conversion 337.50% vs category avg 850.97%.,Price is above peer average (426.85 vs 213.64).,Cart abandonment is high at 100.00%.,8,3.0,8.0,3.375,8.50970943604373,0.3966057860571417,11951.8,True,48,حقيبه رياضيه جيم,Substitute,شركاء مقترحون بناءً على الشراء المتكرر داخل نفس القسم.
92,موسوعه التاريخ الاسلامي - اصدار خاص,موسوعه التاريخ الاسلامي - اصدار خاص,الكتب والتعليم,unknown_subcategory,اكاديميا,182.48,,Moderate,متوسط,High Abandonment + High Price vs Peers,High,45.43,Medium,Medium,conversion_friction,"Cart activity exists, but too few cart users convert to buyers. Additional issues detected (conversion_friction | pricing): The product appears overpriced relative to its closest peer group.",conversion_friction|pricing|trust,3,Investigate checkout or value-friction and reduce drop-off after add-to-cart.,افحص تعثر ما بعد الاضافة للسلة وخفف اسباب الانسحاب قبل الشراء.,Investigate checkout or value-friction and reduce drop-off after add-to-cart.,Bundle with كتاب رياده الاعمال والنجاح - اصدار خاص where relevant.,افحص تعثر ما بعد الاضافة للسلة وخفف اسباب الانسحاب قبل الشراء.,فعّل باقة او ربطا مع المنتج كتاب رياده الاعمال والنجاح - اصدار خاص عندما يكون ذلك مناسبا.,هناك اهتمام واضح بالمنتج لكن جزءًا من العملاء لا يكمل الشراء بعد الإضافة للسلة.,السعر أعلى من المستوى المعتاد داخل المجموعة المنافسة | عدد المراجعات أقل من المنتجات المشابهة مما يضعف الثقة,Conversion 152.38% vs category avg 336.35%.,Price is above peer average (182.48 vs 151.64).,Cart abandonment is high at 100.00%.,21,7.0,21.0,1.5238095238095235,3.3634956997365264,0.4530433988451029,6204.32,True,172,كتاب رياده الاعمال والنجاح - اصدار خاص,Substitute,شركاء مقترحون بناءً على الشراء المتكرر داخل نفس القسم.
125,شال كشمير ناعم - اصدار خاص,شال كشمير ناعم - اصدار خاص,الازياء والملابس,unknown_subcategory,بوما,208.91,,Moderate,متوسط,High Abandonment,High,45.24,Medium,Medium,conversion_friction,"Cart activity exists, but too few cart users convert to buyers.",conversion_friction|trust,2,Investigate checkout or value-friction and reduce drop-off after add-to-cart.,افحص تعثر ما بعد الاضافة للسلة وخفف اسباب الانسحاب قبل الشراء.,Investigate checkout or value-friction and reduce drop-off after add-to-cart.,Bundle with جاكيت شتوي دافي where relevant.,افحص تعثر ما بعد الاضافة للسلة وخفف اسباب الانسحاب قبل الشراء.,فعّل باقة او ربطا مع المنتج جاكيت شتوي دافي عندما يكون ذلك مناسبا.,المنتج يُشاهَد لكنه لا يتحول إلى شراء بالمستوى المطلوب.,تقييم المنتج أقل من متوسط المنتجات المشابهة | عدد المراجعات أقل من المنتجات المشابهة مما يضعف الثقة,Conversion 127.78% vs category avg 228.45%.,Rating trails peers (3.00 vs 3.28).,Cart abandonment is high at 100.00%.,18,2.0,18.0,1.2777777777777777,2.284453274168197,0.5593363594810382,5431.66,True,18,جاكيت شتوي دافي,Substitute,شركاء مقترحون بناءً على الشراء المتكرر داخل نفس القسم.
63,حذاء رياضي مريح - اصدار خاص,حذاء رياضي مريح - اصدار خاص,الازياء والملابس,unknown_subcategory,بوما,557.39,,Moderate,متوسط,High Abandonment + High Price vs Peers + Weak Content,High,45.18,Medium,Medium,conversion_friction,"Cart activity exists, but too few cart users convert to buyers. Additional issues detected (conversion_friction | pricing | content): The product appears overpriced relative to its closest peer group. Also: Product content richness or image coverage lags similar products.",conversion_friction|pricing|trust|content,4,Investigate checkout or value-friction and reduce drop-off after add-to-cart.,افحص تعثر ما بعد الاضافة للسلة وخفف اسباب الانسحاب قبل الشراء.,Investigate checkout or value-friction and reduce drop-off after add-to-cart.,Bundle with بنطلون جينز سليم فيت - اصدار خاص where relevant.,افحص تعثر ما بعد الاضافة للسلة وخفف اسباب الانسحاب قبل الشراء.,فعّل باقة او ربطا مع المنتج بنطلون جينز سليم فيت - اصدار خاص عندما يكون ذلك مناسبا.,هناك اهتمام واضح بالمنتج لكن جزءًا من العملاء لا يكمل الشراء بعد الإضافة للسلة.,السعر أعلى من المستوى المعتاد داخل المجموعة المنافسة | تقييم المنتج أقل من متوسط المنتجات المشابهة | الدعم البصري أضعف من المنافسين من حيث عدد الصور | عدد المراجعات أقل من المنتجات المشابهة مما يضعف الثقة,Conversion 180.00% vs category avg 228.45%.,Price is above peer average (557.39 vs 341.06).,Rating trails peers (2.90 vs 3.72).,15,1.0,15.0,1.8,2.284453274168197,0.7879346977037235,16721.7,True,103,بنطلون جينز سليم فيت - اصدار خاص,Substitute,شركاء مقترحون بناءً على الشراء المتكرر داخل نفس القسم.
149,طقم مكياج احترافي - اصدار خاص,طقم مكياج احترافي - اصدار خاص,الجمال والعنايه,unknown_subcategory,ماك,652.63,,Moderate,متوسط,High Abandonment + High Price vs Peers + Low Visibility,High,45.13,Medium,Medium,conversion_friction,"Cart activity exists, but too few cart users convert to buyers. Additional issues detected (conversion_friction | pricing | visibility): The product appears overpriced relative to its closest peer group. Also: The product receives limited qualified visibility in the selected period.",conversion_friction|pricing|trust|visibility,4,Investigate checkout or value-friction and reduce drop-off after add-to-cart.,افحص تعثر ما بعد الاضافة للسلة وخفف اسباب الانسحاب قبل الشراء.,Investigate checkout or value-friction and reduce drop-off after add-to-cart.,Bundle with طقم مكياج احترافي where relevant.,افحص تعثر ما بعد الاضافة للسلة وخفف اسباب الانسحاب قبل الشراء.,فعّل باقة او ربطا مع المنتج طقم مكياج احترافي عندما يكون ذلك مناسبا.,هناك اهتمام واضح بالمنتج لكن جزءًا من العملاء لا يكمل الشراء بعد الإضافة للسلة.,السعر أعلى من المستوى المعتاد داخل المجموعة المنافسة | عدد المراجعات أقل من المنتجات المشابهة مما يضعف الثقة,Conversion 320.00% vs category avg 676.88%.,Price is above peer average (652.63 vs 421.00).,Cart abandonment is high at 100.00%.,10,3.0,10.0,3.2,6.768778422340422,0.4727588643525939,22842.05,True,34,طقم مكياج احترافي,Substitute,شركاء مقترحون بناءً على الشراء المتكرر داخل نفس القسم.
141,ساعه ذكيه سبورت - اصدار خاص,ساعه ذكيه سبورت - اصدار خاص,الالكترونيات,unknown_subcategory,ابل,449.82,,Moderate,متوسط,High Abandonment,High,45.03,Medium,Medium,conversion_friction,"Cart activity exists, but too few cart users convert to buyers.",conversion_friction|trust,2,Investigate checkout or value-friction and reduce drop-off after add-to-cart.,افحص تعثر ما بعد الاضافة للسلة وخفف اسباب الانسحاب قبل الشراء.,Investigate checkout or value-friction and reduce drop-off after add-to-cart.,Bundle with كاميرا ميرورليس - اصدار خاص where relevant.,افحص تعثر ما بعد الاضافة للسلة وخفف اسباب الانسحاب قبل الشراء.,فعّل باقة او ربطا مع المنتج كاميرا ميرورليس - اصدار خاص عندما يكون ذلك مناسبا.,المنتج يُشاهَد لكنه لا يتحول إلى شراء بالمستوى المطلوب.,عدد المراجعات أقل من المنتجات المشابهة مما يضعف الثقة,Conversion 81.82% vs category avg 796.12%.,Cart abandonment is high at 100.00%.,,44,11.0,35.0,0.8181818181818182,7.961233440029987,0.1027707357590982,17992.8,True,124,كاميرا ميرورليس - اصدار خاص,Substitute,شركاء مقترحون بناءً على الشراء المتكرر داخل نفس القسم.
40,مزيل عرق رول اون,مزيل عرق رول اون,الجمال والعنايه,unknown_subcategory,نيفيا,36.51,,Moderate,متوسط,High Abandonment,High,44.76,Medium,Low,conversion_friction,"Cart activity exists, but too few cart users convert to buyers.",conversion_friction|trust,2,Investigate checkout or value-friction and reduce drop-off after add-to-cart.,افحص تعثر ما بعد الاضافة للسلة وخفف اسباب الانسحاب قبل الشراء.,Investigate checkout or value-friction and reduce drop-off after add-to-cart.,Bundle with مجموعه عنايه بالشعر where relevant.,افحص تعثر ما بعد الاضافة للسلة وخفف اسباب الانسحاب قبل الشراء.,فعّل باقة او ربطا مع المنتج مجموعه عنايه بالشعر عندما يكون ذلك مناسبا.,المنتج يُشاهَد لكنه لا يتحول إلى شراء بالمستوى المطلوب.,عدد المراجعات أقل من المنتجات المشابهة مما يضعف الثقة,Conversion 81.82% vs category avg 676.88%.,Cart abandonment is high at 100.00%.,,22,9.0,18.0,0.8181818181818182,6.768778422340422,0.1208758459992427,693.6899999999999,True,33,مجموعه عنايه بالشعر,Substitute,شركاء مقترحون بناءً على الشراء المتكرر داخل نفس القسم.
74,كتاب الطبخ العربي التقليدي - اصدار خاص,كتاب الطبخ العربي التقليدي - اصدار خاص,الكتب والتعليم,unknown_subcategory,اكاديميا,132.13,,Moderate,متوسط,High Abandonment,High,44.75,Medium,Low,conversion_friction,"Cart activity exists, but too few cart users convert to buyers.",conversion_friction|trust,2,Investigate checkout or value-friction and reduce drop-off after add-to-cart.,افحص تعثر ما بعد الاضافة للسلة وخفف اسباب الانسحاب قبل الشراء.,Investigate checkout or value-friction and reduce drop-off after add-to-cart.,Bundle with كتاب تعلم البرمجه بالعربيه where relevant.,افحص تعثر ما بعد الاضافة للسلة وخفف اسباب الانسحاب قبل الشراء.,فعّل باقة او ربطا مع المنتج كتاب تعلم البرمجه بالعربيه عندما يكون ذلك مناسبا.,المنتج يُشاهَد لكنه لا يتحول إلى شراء بالمستوى المطلوب.,عدد المراجعات أقل من المنتجات المشابهة مما يضعف الثقة,Conversion 43.55% vs category avg 336.35%.,Cart abandonment is high at 100.00%.,,62,15.0,26.0,0.4354838709677419,3.3634956997365264,0.1294735923110753,3699.64,True,51,كتاب تعلم البرمجه بالعربيه,Substitute,شركاء مقترحون بناءً على الشراء المتكرر داخل نفس القسم.
110,جهاز قياس ضغط الدم - اصدار خاص,جهاز قياس ضغط الدم - اصدار خاص,الرياضه واللياقه,unknown_subcategory,بوما,228.23,,Moderate,متوسط,High Abandonment,High,44.46,Medium,Low,conversion_friction,"Cart activity exists, but too few cart users convert to buyers.",conversion_friction|trust,2,Investigate checkout or value-friction and reduce drop-off after add-to-cart.,افحص تعثر ما بعد الاضافة للسلة وخفف اسباب الانسحاب قبل الشراء.,Investigate checkout or value-friction and reduce drop-off after add-to-cart.,Bundle with كره قدم رسميه فيفا where relevant.,افحص تعثر ما بعد الاضافة للسلة وخفف اسباب الانسحاب قبل الشراء.,فعّل باقة او ربطا مع المنتج كره قدم رسميه فيفا عندما يكون ذلك مناسبا.,المنتج يُشاهَد لكنه لا يتحول إلى شراء بالمستوى المطلوب.,عدد المراجعات أقل من المنتجات المشابهة مما يضعف الثقة,Conversion 122.73% vs category avg 850.97%.,Cart abandonment is high at 100.00%.,,22,3.0,22.0,1.2272727272727273,8.50970943604373,0.1442202858389606,6618.67,True,45,كره قدم رسميه فيفا,Substitute,شركاء مقترحون بناءً على الشراء المتكرر داخل نفس القسم.
134,ثلاجه نوفروست 350 لتر - اصدار خاص,ثلاجه نوفروست 350 لتر - اصدار خاص,المنزل والمطبخ,unknown_subcategory,هايسنس,3215.18,,Moderate,متوسط,High Abandonment + High Price vs Peers + Low Visibility,High,44.39,Medium,Low,conversion_friction,"Cart activity exists, but too few cart users convert to buyers. Additional issues detected (conversion_friction | pricing | visibility): The product appears overpriced relative to its closest peer group. Also: The product receives limited qualified visibility in the selected period.",conversion_friction|pricing|trust|visibility,4,Investigate checkout or value-friction and reduce drop-off after add-to-cart.,افحص تعثر ما بعد الاضافة للسلة وخفف اسباب الانسحاب قبل الشراء.,Investigate checkout or value-friction and reduce drop-off after add-to-cart.,Bundle with ماكينه قهوه اسبريسو - اصدار خاص where relevant.,افحص تعثر ما بعد الاضافة للسلة وخفف اسباب الانسحاب قبل الشراء.,فعّل باقة او ربطا مع المنتج ماكينه قهوه اسبريسو - اصدار خاص عندما يكون ذلك مناسبا.,هناك اهتمام واضح بالمنتج لكن جزءًا من العملاء لا يكمل الشراء بعد الإضافة للسلة.,السعر أعلى من المستوى المعتاد داخل المجموعة المنافسة | عدد المراجعات أقل من المنتجات المشابهة مما يضعف الثقة,Conversion 233.33% vs category avg 439.13%.,Price is above peer average (3215.18 vs 2565.31).,Cart abandonment is high at 100.00%.,9,4.0,9.0,2.333333333333333,4.391284662352632,0.5313555172902978,80379.5,True,80,ماكينه قهوه اسبريسو - اصدار خاص,Substitute,شركاء مقترحون بناءً على الشراء المتكرر داخل نفس القسم.
168,مجموعه سكاكين مطبخ - اصدار خاص,مجموعه سكاكين مطبخ - اصدار خاص,المنزل والمطبخ,unknown_subcategory,اريتي,126.51,,Moderate,متوسط,تحويل أقل من المتوقع,High,44.34,Medium,Low,mixed_context,عدد المراجعات أقل من المنتجات المشابهة مما يضعف الثقة,trust,1,"Apply a focused optimization plan across pricing, content, and conversion levers.",طبق خطة تحسين مركزة تشمل السعر والمحتوى ومحفزات التحويل.,"Apply a focused optimization plan across pricing, content, and conversion levers.",Bundle with مكيف هواء انفيرتر 18000 where relevant.,طبق خطة تحسين مركزة تشمل السعر والمحتوى ومحفزات التحويل.,فعّل باقة او ربطا مع المنتج مكيف هواء انفيرتر 18000 عندما يكون ذلك مناسبا.,المنتج يُشاهَد لكنه لا يتحول إلى شراء بالمستوى المطلوب.,عدد المراجعات أقل من المنتجات المشابهة مما يضعف الثقة,Conversion 68.75% vs category avg 439.13%.,,,48,11.0,33.0,0.6875,4.391284662352632,0.1565601077730341,4554.360000000001,True,21,مكيف هواء انفيرتر 18000,Substitute,شركاء مقترحون بناءً على الشراء المتكرر داخل نفس القسم.
30,مكواه بخاريه احترافيه,مكواه بخاريه احترافيه,المنزل والمطبخ,unknown_subcategory,تيفال,583.67,,Moderate,متوسط,Weak Content + Low Visibility,High,44.21,Medium,Low,content,Product content richness or image coverage lags similar products. Additional issues detected (content | visibility): The product receives limited qualified visibility in the selected period.,trust|content|visibility,3,"Improve product content with stronger visuals, richer copy, and clearer value proposition.",حسن المحتوى عبر صور اقوى ووصف اغنى وتوضيح ادق للقيمة.,"Improve product content with stronger visuals, richer copy, and clearer value proposition.",Bundle with فرن كهربايي 60 لتر - اصدار خاص where relevant.,حسن المحتوى عبر صور اقوى ووصف اغنى وتوضيح ادق للقيمة.,فعّل باقة او ربطا مع المنتج فرن كهربايي 60 لتر - اصدار خاص عندما يكون ذلك مناسبا.,المنتج لا يحصل على عدد كافٍ من الزيارات خلال الفترة المختارة.,قوة العلامة التجارية أقل من منافسيه داخل المجموعة | الوصف أقصر من المعتاد ولا يقدم معلومات كافية | عدد المراجعات أقل من المنتجات المشابهة مما يضعف الثقة,Conversion 366.67% vs category avg 439.13%.,,,9,3.0,9.0,3.6666666666666665,4.391284662352632,0.8349872414561822,19844.78,True,91,فرن كهربايي 60 لتر - اصدار خاص,Substitute,شركاء مقترحون بناءً على الشراء المتكرر داخل نفس القسم.
160,زيت ارغان طبيعي - اصدار خاص,زيت ارغان طبيعي - اصدار خاص,الجمال والعنايه,unknown_subcategory,نيفيا,298.73,,Moderate,متوسط,High Abandonment + Weak Content + Low Visibility,High,44.19,Medium,Low,conversion_friction,"Cart activity exists, but too few cart users convert to buyers. Additional issues detected (conversion_friction | content | visibility): Product content richness or image coverage lags similar products. Also: The product receives limited qualified visibility in the selected period.",conversion_friction|trust|content|visibility,4,Investigate checkout or value-friction and reduce drop-off after add-to-cart.,افحص تعثر ما بعد الاضافة للسلة وخفف اسباب الانسحاب قبل الشراء.,Investigate checkout or value-friction and reduce drop-off after add-to-cart.,Bundle with سيروم فيتامين سي where relevant.,افحص تعثر ما بعد الاضافة للسلة وخفف اسباب الانسحاب قبل الشراء.,فعّل باقة او ربطا مع المنتج سيروم فيتامين سي عندما يكون ذلك مناسبا.,هناك اهتمام واضح بالمنتج لكن جزءًا من العملاء لا يكمل الشراء بعد الإضافة للسلة.,الدعم البصري أضعف من المنافسين من حيث عدد الصور | عدد المراجعات أقل من المنتجات المشابهة مما يضعف الثقة,Conversion 350.00% vs category avg 676.88%.,Cart abandonment is high at 100.00%.,,8,2.0,8.0,3.5,6.768778422340422,0.5170800078856496,8961.900000000001,True,32,سيروم فيتامين سي,Substitute,شركاء مقترحون بناءً على الشراء المتكرر داخل نفس القسم.
184,حذاء رسمي جلد - اصدار خاص,حذاء رسمي جلد - اصدار خاص,الازياء والملابس,unknown_subcategory,مانجو,617.48,,Moderate,متوسط,High Abandonment + High Price vs Peers,High,44.11,Medium,Low,conversion_friction,"Cart activity exists, but too few cart users convert to buyers. Additional issues detected (conversion_friction | pricing): The product appears overpriced relative to its closest peer group.",conversion_friction|pricing|trust,3,Investigate checkout or value-friction and reduce drop-off after add-to-cart.,افحص تعثر ما بعد الاضافة للسلة وخفف اسباب الانسحاب قبل الشراء.,Investigate checkout or value-friction and reduce drop-off after add-to-cart.,Bundle with جاكيت شتوي دافي where relevant.,افحص تعثر ما بعد الاضافة للسلة وخفف اسباب الانسحاب قبل الشراء.,فعّل باقة او ربطا مع المنتج جاكيت شتوي دافي عندما يكون ذلك مناسبا.,هناك اهتمام واضح بالمنتج لكن جزءًا من العملاء لا يكمل الشراء بعد الإضافة للسلة.,السعر أعلى من المستوى المعتاد داخل المجموعة المنافسة | تقييم المنتج أقل من متوسط المنتجات المشابهة | عدد المراجعات أقل من المنتجات المشابهة مما يضعف الثقة,Conversion 200.00% vs category avg 228.45%.,Price is above peer average (617.48 vs 361.79).,Rating trails peers (2.90 vs 3.22).,13,2.0,13.0,2.0,2.284453274168197,0.8754829974485816,17289.440000000002,True,18,جاكيت شتوي دافي,Substitute,شركاء مقترحون بناءً على الشراء المتكرر داخل نفس القسم.
172,كتاب رياده الاعمال والنجاح - اصدار خاص,كتاب رياده الاعمال والنجاح - اصدار خاص,الكتب والتعليم,unknown_subcategory,مكتبه جرير,72.49,,Moderate,متوسط,High Abandonment,High,43.98,Medium,Low,conversion_friction,"Cart activity exists, but too few cart users convert to buyers.",conversion_friction|trust,2,Investigate checkout or value-friction and reduce drop-off after add-to-cart.,افحص تعثر ما بعد الاضافة للسلة وخفف اسباب الانسحاب قبل الشراء.,Investigate checkout or value-friction and reduce drop-off after add-to-cart.,Bundle with كتاب رياده الاعمال والنجاح where relevant.,افحص تعثر ما بعد الاضافة للسلة وخفف اسباب الانسحاب قبل الشراء.,فعّل باقة او ربطا مع المنتج كتاب رياده الاعمال والنجاح عندما يكون ذلك مناسبا.,المنتج يُشاهَد لكنه لا يتحول إلى شراء بالمستوى المطلوب.,عدد المراجعات أقل من المنتجات المشابهة مما يضعف الثقة,Conversion 63.04% vs category avg 336.35%.,Cart abandonment is high at 100.00%.,,46,13.0,29.0,0.6304347826086957,3.3634956997365264,0.1874343953102362,2247.19,True,53,كتاب رياده الاعمال والنجاح,Substitute,شركاء مقترحون بناءً على الشراء المتكرر داخل نفس القسم.
163,دوره برمجه اكاديميه USB - اصدار خاص,دوره برمجه اكاديميه USB - اصدار خاص,الكتب والتعليم,unknown_subcategory,الوراق,417.18,,Moderate,متوسط,High Abandonment + High Price vs Peers + Low Visibility,High,43.88,Medium,Low,conversion_friction,"Cart activity exists, but too few cart users convert to buyers. Additional issues detected (conversion_friction | pricing | visibility): The product appears overpriced relative to its closest peer group. Also: The product receives limited qualified visibility in the selected period.",conversion_friction|pricing|trust|visibility,4,Investigate checkout or value-friction and reduce drop-off after add-to-cart.,افحص تعثر ما بعد الاضافة للسلة وخفف اسباب الانسحاب قبل الشراء.,Investigate checkout or value-friction and reduce drop-off after add-to-cart.,Bundle with كتاب تعلم البرمجه بالعربيه - اصدار خاص where relevant.,افحص تعثر ما بعد الاضافة للسلة وخفف اسباب الانسحاب قبل الشراء.,فعّل باقة او ربطا مع المنتج كتاب تعلم البرمجه بالعربيه - اصدار خاص عندما يكون ذلك مناسبا.,هناك اهتمام واضح بالمنتج لكن جزءًا من العملاء لا يكمل الشراء بعد الإضافة للسلة.,السعر أعلى من المستوى المعتاد داخل المجموعة المنافسة | قوة العلامة التجارية أقل من منافسيه داخل المجموعة | عدد المراجعات أقل من المنتجات المشابهة مما يضعف الثقة,Conversion 300.00% vs category avg 336.35%.,Price is above peer average (417.18 vs 183.09).,Cart abandonment is high at 100.00%.,8,3.0,8.0,3.0,3.3634956997365264,0.8919291914762965,11263.86,True,113,كتاب تعلم البرمجه بالعربيه - اصدار خاص,Substitute,شركاء مقترحون بناءً على الشراء المتكرر داخل نفس القسم.
116,قناع وجه كولاجين - اصدار خاص,قناع وجه كولاجين - اصدار خاص,الجمال والعنايه,unknown_subcategory,افينو,136.01,,Moderate,متوسط,High Abandonment,High,43.64,Medium,Low,conversion_friction,"Cart activity exists, but too few cart users convert to buyers.",conversion_friction|trust,2,Investigate checkout or value-friction and reduce drop-off after add-to-cart.,افحص تعثر ما بعد الاضافة للسلة وخفف اسباب الانسحاب قبل الشراء.,Investigate checkout or value-friction and reduce drop-off after add-to-cart.,Bundle with طقم مكياج احترافي - اصدار خاص where relevant.,افحص تعثر ما بعد الاضافة للسلة وخفف اسباب الانسحاب قبل الشراء.,فعّل باقة او ربطا مع المنتج طقم مكياج احترافي - اصدار خاص عندما يكون ذلك مناسبا.,هناك اهتمام واضح بالمنتج لكن جزءًا من العملاء لا يكمل الشراء بعد الإضافة للسلة.,عدد المراجعات أقل من المنتجات المشابهة مما يضعف الثقة,Conversion 141.67% vs category avg 676.88%.,Cart abandonment is high at 100.00%.,,24,3.0,24.0,1.4166666666666667,6.768778422340422,0.2092942889060962,5032.37,True,87,طقم مكياج احترافي - اصدار خاص,Substitute,شركاء مقترحون بناءً على الشراء المتكرر داخل نفس القسم.
5,تابلت 10 انش,تابلت 10 انش,الالكترونيات,unknown_subcategory,سامسونج,1043.64,,Moderate,متوسط,High Abandonment,High,43.6,Medium,Low,conversion_friction,"Cart activity exists, but too few cart users convert to buyers.",conversion_friction|trust,2,Investigate checkout or value-friction and reduce drop-off after add-to-cart.,افحص تعثر ما بعد الاضافة للسلة وخفف اسباب الانسحاب قبل الشراء.,Investigate checkout or value-friction and reduce drop-off after add-to-cart.,Bundle with كاميرا ميرورليس - اصدار خاص where relevant.,افحص تعثر ما بعد الاضافة للسلة وخفف اسباب الانسحاب قبل الشراء.,فعّل باقة او ربطا مع المنتج كاميرا ميرورليس - اصدار خاص عندما يكون ذلك مناسبا.,هناك اهتمام واضح بالمنتج لكن جزءًا من العملاء لا يكمل الشراء بعد الإضافة للسلة.,عدد المراجعات أقل من المنتجات المشابهة مما يضعف الثقة,Conversion 168.75% vs category avg 796.12%.,Cart abandonment is high at 100.00%.,,16,6.0,16.0,1.6875,7.961233440029987,0.21196464250314,30265.560000000005,True,124,كاميرا ميرورليس - اصدار خاص,Substitute,شركاء مقترحون بناءً على الشراء المتكرر داخل نفس القسم.
132,عطر رجالي عودي - اصدار خاص,عطر رجالي عودي - اصدار خاص,الجمال والعنايه,unknown_subcategory,ماك,284.92,,Moderate,متوسط,High Abandonment + Weak Content + Low Visibility,High,43.5,Medium,Low,conversion_friction,"Cart activity exists, but too few cart users convert to buyers. Additional issues detected (conversion_friction | content | visibility): Product content richness or image coverage lags similar products. Also: The product receives limited qualified visibility in the selected period.",conversion_friction|trust|content|visibility,4,Investigate checkout or value-friction and reduce drop-off after add-to-cart.,افحص تعثر ما بعد الاضافة للسلة وخفف اسباب الانسحاب قبل الشراء.,Investigate checkout or value-friction and reduce drop-off after add-to-cart.,Bundle with سيروم فيتامين سي where relevant.,افحص تعثر ما بعد الاضافة للسلة وخفف اسباب الانسحاب قبل الشراء.,فعّل باقة او ربطا مع المنتج سيروم فيتامين سي عندما يكون ذلك مناسبا.,هناك اهتمام واضح بالمنتج لكن جزءًا من العملاء لا يكمل الشراء بعد الإضافة للسلة.,الدعم البصري أضعف من المنافسين من حيث عدد الصور | عدد المراجعات أقل من المنتجات المشابهة مما يضعف الثقة,Conversion 387.50% vs category avg 676.88%.,Cart abandonment is high at 100.00%.,,8,1.0,8.0,3.875,6.768778422340422,0.5724814373019691,10257.12,True,32,سيروم فيتامين سي,Substitute,شركاء مقترحون بناءً على الشراء المتكرر داخل نفس القسم.
157,جهاز قياس ضغط الدم - اصدار خاص,جهاز قياس ضغط الدم - اصدار خاص,الرياضه واللياقه,unknown_subcategory,اندر ارمور,278.2,,Moderate,متوسط,High Abandonment,High,43.48,Medium,Low,conversion_friction,"Cart activity exists, but too few cart users convert to buyers.",conversion_friction|trust,2,Investigate checkout or value-friction and reduce drop-off after add-to-cart.,افحص تعثر ما بعد الاضافة للسلة وخفف اسباب الانسحاب قبل الشراء.,Investigate checkout or value-friction and reduce drop-off after add-to-cart.,Bundle with حقيبه رياضيه جيم where relevant.,افحص تعثر ما بعد الاضافة للسلة وخفف اسباب الانسحاب قبل الشراء.,فعّل باقة او ربطا مع المنتج حقيبه رياضيه جيم عندما يكون ذلك مناسبا.,هناك اهتمام واضح بالمنتج لكن جزءًا من العملاء لا يكمل الشراء بعد الإضافة للسلة.,عدد المراجعات أقل من المنتجات المشابهة مما يضعف الثقة,Conversion 191.67% vs category avg 850.97%.,Cart abandonment is high at 100.00%.,,12,3.0,12.0,1.9166666666666667,8.50970943604373,0.2252329155386237,6676.8,True,48,حقيبه رياضيه جيم,Substitute,شركاء مقترحون بناءً على الشراء المتكرر داخل نفس القسم.
27,فرن كهربايي 60 لتر,فرن كهربايي 60 لتر,المنزل والمطبخ,unknown_subcategory,توشيبا,1128.13,,Moderate,متوسط,High Abandonment + Weak Content,High,43.19,Medium,Low,conversion_friction,"Cart activity exists, but too few cart users convert to buyers. Additional issues detected (conversion_friction | content): Product content richness or image coverage lags similar products.",conversion_friction|trust|content,3,Investigate checkout or value-friction and reduce drop-off after add-to-cart.,افحص تعثر ما بعد الاضافة للسلة وخفف اسباب الانسحاب قبل الشراء.,Investigate checkout or value-friction and reduce drop-off after add-to-cart.,Bundle with مكيف هواء انفيرتر 18000 where relevant.,افحص تعثر ما بعد الاضافة للسلة وخفف اسباب الانسحاب قبل الشراء.,فعّل باقة او ربطا مع المنتج مكيف هواء انفيرتر 18000 عندما يكون ذلك مناسبا.,هناك اهتمام واضح بالمنتج لكن جزءًا من العملاء لا يكمل الشراء بعد الإضافة للسلة.,الوصف أقصر من المعتاد ولا يقدم معلومات كافية | عدد المراجعات أقل من المنتجات المشابهة مما يضعف الثقة,Conversion 261.54% vs category avg 439.13%.,Cart abandonment is high at 100.00%.,,13,7.0,13.0,2.6153846153846154,4.391284662352632,0.5955853050946195,39484.55,True,21,مكيف هواء انفيرتر 18000,Substitute,شركاء مقترحون بناءً على الشراء المتكرر داخل نفس القسم.
95,كره قدم رسميه فيفا - اصدار خاص,كره قدم رسميه فيفا - اصدار خاص,الرياضه واللياقه,unknown_subcategory,بوما,217.5,,Moderate,متوسط,High Abandonment,High,43.19,Medium,Low,conversion_friction,"Cart activity exists, but too few cart users convert to buyers.",conversion_friction|trust,2,Investigate checkout or value-friction and reduce drop-off after add-to-cart.,افحص تعثر ما بعد الاضافة للسلة وخفف اسباب الانسحاب قبل الشراء.,Investigate checkout or value-friction and reduce drop-off after add-to-cart.,Bundle with حقيبه رياضيه جيم where relevant.,افحص تعثر ما بعد الاضافة للسلة وخفف اسباب الانسحاب قبل الشراء.,فعّل باقة او ربطا مع المنتج حقيبه رياضيه جيم عندما يكون ذلك مناسبا.,هناك اهتمام واضح بالمنتج لكن جزءًا من العملاء لا يكمل الشراء بعد الإضافة للسلة.,عدد المراجعات أقل من المنتجات المشابهة مما يضعف الثقة,Conversion 211.76% vs category avg 850.97%.,Cart abandonment is high at 100.00%.,,17,4.0,17.0,2.117647058823529,8.50970943604373,0.2488506892907556,8265.0,True,48,حقيبه رياضيه جيم,Substitute,شركاء مقترحون بناءً على الشراء المتكرر داخل نفس القسم.
133,اطلس العالم المصور - اصدار خاص,اطلس العالم المصور - اصدار خاص,الكتب والتعليم,unknown_subcategory,دار الفكر,165.39,,Moderate,متوسط,High Abandonment + High Price vs Peers + Weak Content + Low Visibility,High,43.17,Medium,Low,conversion_friction,"Cart activity exists, but too few cart users convert to buyers. Additional issues detected (conversion_friction | pricing | content | visibility): The product appears overpriced relative to its closest peer group. Also: Product content richness or image coverage lags similar products. Also: The product receives limited qualified visibility in the selected period.",conversion_friction|pricing|trust|content|visibility,5,Investigate checkout or value-friction and reduce drop-off after add-to-cart.,افحص تعثر ما بعد الاضافة للسلة وخفف اسباب الانسحاب قبل الشراء.,Investigate checkout or value-friction and reduce drop-off after add-to-cart.,Bundle with كتاب تعلم البرمجه بالعربيه where relevant.,افحص تعثر ما بعد الاضافة للسلة وخفف اسباب الانسحاب قبل الشراء.,فعّل باقة او ربطا مع المنتج كتاب تعلم البرمجه بالعربيه عندما يكون ذلك مناسبا.,هناك اهتمام واضح بالمنتج لكن جزءًا من العملاء لا يكمل الشراء بعد الإضافة للسلة.,السعر أعلى من المستوى المعتاد داخل المجموعة المنافسة | قوة العلامة التجارية أقل من منافسيه داخل المجموعة | تقييم المنتج أقل من متوسط المنتجات المشابهة | الدعم البصري أضعف من المنافسين من حيث عدد الصور | عدد المراجعات أقل من المنتجات المشابهة مما يضعف الثقة,Conversion 320.00% vs category avg 336.35%.,Price is above peer average (165.39 vs 184.08).,Rating trails peers (3.40 vs 4.06).,10,4.0,10.0,3.2,3.3634956997365264,0.9513911375747164,5623.259999999999,True,51,كتاب تعلم البرمجه بالعربيه,Substitute,شركاء مقترحون بناءً على الشراء المتكرر داخل نفس القسم.
156,قميص قطني كلاسيكي - اصدار خاص,قميص قطني كلاسيكي - اصدار خاص,الازياء والملابس,unknown_subcategory,ليفايز,131.66,,Moderate,متوسط,High Abandonment + Weak Content,High,42.88,Medium,Low,conversion_friction,"Cart activity exists, but too few cart users convert to buyers. Additional issues detected (conversion_friction | content): Product content richness or image coverage lags similar products.",conversion_friction|trust|content,3,Investigate checkout or value-friction and reduce drop-off after add-to-cart.,افحص تعثر ما بعد الاضافة للسلة وخفف اسباب الانسحاب قبل الشراء.,Investigate checkout or value-friction and reduce drop-off after add-to-cart.,Bundle with جاكيت شتوي دافي where relevant.,افحص تعثر ما بعد الاضافة للسلة وخفف اسباب الانسحاب قبل الشراء.,فعّل باقة او ربطا مع المنتج جاكيت شتوي دافي عندما يكون ذلك مناسبا.,هناك اهتمام واضح بالمنتج لكن جزءًا من العملاء لا يكمل الشراء بعد الإضافة للسلة.,الدعم البصري أضعف من المنافسين من حيث عدد الصور | عدد المراجعات أقل من المنتجات المشابهة مما يضعف الثقة,Conversion 142.11% vs category avg 228.45%.,Cart abandonment is high at 100.00%.,,19,8.0,19.0,1.4210526315789471,2.284453274168197,0.6220537087134659,3686.48,True,18,جاكيت شتوي دافي,Substitute,شركاء مقترحون بناءً على الشراء المتكرر داخل نفس القسم.
200,موسوعه التاريخ الاسلامي - اصدار خاص,موسوعه التاريخ الاسلامي - اصدار خاص,الكتب والتعليم,unknown_subcategory,دار قرطبه,284.58,,Moderate,متوسط,High Abandonment + High Price vs Peers + Weak Content + Low Visibility,High,42.58,Medium,Low,conversion_friction,"Cart activity exists, but too few cart users convert to buyers. Additional issues detected (conversion_friction | pricing | content | visibility): The product appears overpriced relative to its closest peer group. Also: Product content richness or image coverage lags similar products. Also: The product receives limited qualified visibility in the selected period.",conversion_friction|pricing|trust|content|visibility,5,Investigate checkout or value-friction and reduce drop-off after add-to-cart.,افحص تعثر ما بعد الاضافة للسلة وخفف اسباب الانسحاب قبل الشراء.,Investigate checkout or value-friction and reduce drop-off after add-to-cart.,Bundle with كتاب تعلم البرمجه بالعربيه where relevant.,افحص تعثر ما بعد الاضافة للسلة وخفف اسباب الانسحاب قبل الشراء.,فعّل باقة او ربطا مع المنتج كتاب تعلم البرمجه بالعربيه عندما يكون ذلك مناسبا.,هناك اهتمام واضح بالمنتج لكن جزءًا من العملاء لا يكمل الشراء بعد الإضافة للسلة.,السعر أعلى من المستوى المعتاد داخل المجموعة المنافسة | الدعم البصري أضعف من المنافسين من حيث عدد الصور | عدد المراجعات أقل من المنتجات المشابهة مما يضعف الثقة,Conversion 377.78% vs category avg 336.35%.,Price is above peer average (284.58 vs 125.03).,Cart abandonment is high at 100.00%.,9,2.0,9.0,3.7777777777777777,3.3634956997365264,1.1231700929701511,11667.78,True,51,كتاب تعلم البرمجه بالعربيه,Substitute,شركاء مقترحون بناءً على الشراء المتكرر داخل نفس القسم.
14,عباءه مطرزه فاخره,عباءه مطرزه فاخره,الازياء والملابس,unknown_subcategory,ماكس فاشون,687.06,,Moderate,متوسط,High Abandonment + High Price vs Peers,High,42.57,Medium,Low,conversion_friction,"Cart activity exists, but too few cart users convert to buyers. Additional issues detected (conversion_friction | pricing): The product appears overpriced relative to its closest peer group.",conversion_friction|pricing|trust,3,Investigate checkout or value-friction and reduce drop-off after add-to-cart.,افحص تعثر ما بعد الاضافة للسلة وخفف اسباب الانسحاب قبل الشراء.,Investigate checkout or value-friction and reduce drop-off after add-to-cart.,Bundle with جاكيت شتوي دافي where relevant.,افحص تعثر ما بعد الاضافة للسلة وخفف اسباب الانسحاب قبل الشراء.,فعّل باقة او ربطا مع المنتج جاكيت شتوي دافي عندما يكون ذلك مناسبا.,هناك اهتمام واضح بالمنتج لكن جزءًا من العملاء لا يكمل الشراء بعد الإضافة للسلة.,السعر أعلى من المستوى المعتاد داخل المجموعة المنافسة | قوة العلامة التجارية أقل من منافسيه داخل المجموعة | عدد المراجعات أقل من المنتجات المشابهة مما يضعف الثقة,Conversion 258.33% vs category avg 228.45%.,Price is above peer average (687.06 vs 318.21).,Cart abandonment is high at 100.00%.,12,4.0,12.0,2.583333333333333,2.284453274168197,1.1308322050377513,24047.1,True,18,جاكيت شتوي دافي,Substitute,شركاء مقترحون بناءً على الشراء المتكرر داخل نفس القسم.
79,سيروم فيتامين سي - اصدار خاص,سيروم فيتامين سي - اصدار خاص,الجمال والعنايه,unknown_subcategory,دوف,421.1,,Moderate,متوسط,High Price vs Peers + Weak Content + Low Visibility,High,42.56,Medium,Low,pricing,The product appears overpriced relative to its closest peer group. Additional issues detected (pricing | content | visibility): Product content richness or image coverage lags similar products. Also: The product receives limited qualified visibility in the selected period.,pricing|trust|content|visibility,4,Test a sharper price point or targeted promotion against peer price levels.,اختبر سعرا اكثر تنافسية او عرضا ترويجيا موجها مقارنة بالبدائل القريبة.,Test a sharper price point or targeted promotion against peer price levels.,Bundle with زيت ارغان طبيعي where relevant.,اختبر سعرا اكثر تنافسية او عرضا ترويجيا موجها مقارنة بالبدائل القريبة.,فعّل باقة او ربطا مع المنتج زيت ارغان طبيعي عندما يكون ذلك مناسبا.,المنتج لا يحصل على عدد كافٍ من الزيارات خلال الفترة المختارة.,السعر أعلى من المستوى المعتاد داخل المجموعة المنافسة | الدعم البصري أضعف من المنافسين من حيث عدد الصور | عدد المراجعات أقل من المنتجات المشابهة مما يضعف الثقة,Conversion 2700.00% vs category avg 676.88%.,Price is above peer average (421.10 vs 309.54).,,1,0.0,1.0,27.0,6.768778422340422,3.9889029179750106,13054.1,True,38,زيت ارغان طبيعي,Substitute,شركاء مقترحون بناءً على الشراء المتكرر داخل نفس القسم.
155,حذاء رياضي مريح - اصدار خاص,حذاء رياضي مريح - اصدار خاص,الازياء والملابس,unknown_subcategory,ماكس فاشون,298.62,,Moderate,متوسط,High Abandonment,High,42.56,Medium,Low,conversion_friction,"Cart activity exists, but too few cart users convert to buyers.",conversion_friction|trust,2,Investigate checkout or value-friction and reduce drop-off after add-to-cart.,افحص تعثر ما بعد الاضافة للسلة وخفف اسباب الانسحاب قبل الشراء.,Investigate checkout or value-friction and reduce drop-off after add-to-cart.,Bundle with شال كشمير ناعم - اصدار خاص where relevant.,افحص تعثر ما بعد الاضافة للسلة وخفف اسباب الانسحاب قبل الشراء.,فعّل باقة او ربطا مع المنتج شال كشمير ناعم - اصدار خاص عندما يكون ذلك مناسبا.,هناك اهتمام واضح بالمنتج لكن جزءًا من العملاء لا يكمل الشراء بعد الإضافة للسلة.,قوة العلامة التجارية أقل من منافسيه داخل المجموعة | تقييم المنتج أقل من متوسط المنتجات المشابهة | عدد المراجعات أقل من المنتجات المشابهة مما يضعف الثقة,Conversion 242.86% vs category avg 228.45%.,Rating trails peers (2.70 vs 3.20).,Cart abandonment is high at 100.00%.,14,4.0,14.0,2.4285714285714284,2.284453274168197,1.063086496901849,10451.7,True,180,شال كشمير ناعم - اصدار خاص,Substitute,شركاء مقترحون بناءً على الشراء المتكرر داخل نفس القسم.
94,قاموس عربي انجليزي شامل - اصدار خاص,قاموس عربي انجليزي شامل - اصدار خاص,الكتب والتعليم,unknown_subcategory,بنغوين,192.65,,Moderate,متوسط,High Abandonment + High Price vs Peers + Weak Content + Low Visibility,High,42.56,Medium,Low,conversion_friction,"Cart activity exists, but too few cart users convert to buyers. Additional issues detected (conversion_friction | pricing | content | visibility): The product appears overpriced relative to its closest peer group. Also: Product content richness or image coverage lags similar products. Also: The product receives limited qualified visibility in the selected period.",conversion_friction|pricing|trust|content|visibility,5,Investigate checkout or value-friction and reduce drop-off after add-to-cart.,افحص تعثر ما بعد الاضافة للسلة وخفف اسباب الانسحاب قبل الشراء.,Investigate checkout or value-friction and reduce drop-off after add-to-cart.,Bundle with كتاب تعلم البرمجه بالعربيه where relevant.,افحص تعثر ما بعد الاضافة للسلة وخفف اسباب الانسحاب قبل الشراء.,فعّل باقة او ربطا مع المنتج كتاب تعلم البرمجه بالعربيه عندما يكون ذلك مناسبا.,هناك اهتمام واضح بالمنتج لكن جزءًا من العملاء لا يكمل الشراء بعد الإضافة للسلة.,السعر أعلى من المستوى المعتاد داخل المجموعة المنافسة | الدعم البصري أضعف من المنافسين من حيث عدد الصور | عدد المراجعات أقل من المنتجات المشابهة مما يضعف الثقة,Conversion 400.00% vs category avg 336.35%.,Price is above peer average (192.65 vs 164.51).,Cart abandonment is high at 100.00%.,7,3.0,7.0,4.0,3.3634956997365264,1.1892389219683952,5586.85,True,51,كتاب تعلم البرمجه بالعربيه,Substitute,شركاء مقترحون بناءً على الشراء المتكرر داخل نفس القسم.
83,فستان سهره انيق - اصدار خاص,فستان سهره انيق - اصدار خاص,الازياء والملابس,unknown_subcategory,ماكس فاشون,584.83,,Moderate,متوسط,High Price vs Peers,High,42.54,Medium,Low,pricing,The product appears overpriced relative to its closest peer group.,pricing|trust,2,Test a sharper price point or targeted promotion against peer price levels.,اختبر سعرا اكثر تنافسية او عرضا ترويجيا موجها مقارنة بالبدائل القريبة.,Test a sharper price point or targeted promotion against peer price levels.,Bundle with حقيبه يد جلديه - اصدار خاص where relevant.,اختبر سعرا اكثر تنافسية او عرضا ترويجيا موجها مقارنة بالبدائل القريبة.,فعّل باقة او ربطا مع المنتج حقيبه يد جلديه - اصدار خاص عندما يكون ذلك مناسبا.,أداء المنتج متوسط ويمكن تحسينه من خلال تدخلات مركزة.,السعر أعلى من المستوى المعتاد داخل المجموعة المنافسة | قوة العلامة التجارية أقل من منافسيه داخل المجموعة | عدد المراجعات أقل من المنتجات المشابهة مما يضعف الثقة,Conversion 260.00% vs category avg 228.45%.,Price is above peer average (584.83 vs 352.01).,,15,4.0,15.0,2.6,2.284453274168197,1.138127896683156,26317.35,True,164,حقيبه يد جلديه - اصدار خاص,Substitute,شركاء مقترحون بناءً على الشراء المتكرر داخل نفس القسم.
164,حقيبه يد جلديه - اصدار خاص,حقيبه يد جلديه - اصدار خاص,الازياء والملابس,unknown_subcategory,مانجو,297.97,,Moderate,متوسط,High Abandonment,High,42.53,Medium,Low,conversion_friction,"Cart activity exists, but too few cart users convert to buyers.",conversion_friction|trust,2,Investigate checkout or value-friction and reduce drop-off after add-to-cart.,افحص تعثر ما بعد الاضافة للسلة وخفف اسباب الانسحاب قبل الشراء.,Investigate checkout or value-friction and reduce drop-off after add-to-cart.,Bundle with فستان سهره انيق - اصدار خاص where relevant.,افحص تعثر ما بعد الاضافة للسلة وخفف اسباب الانسحاب قبل الشراء.,فعّل باقة او ربطا مع المنتج فستان سهره انيق - اصدار خاص عندما يكون ذلك مناسبا.,المنتج يُشاهَد لكنه لا يتحول إلى شراء بالمستوى المطلوب.,عدد المراجعات أقل من المنتجات المشابهة مما يضعف الثقة,Conversion 69.23% vs category avg 228.45%.,Cart abandonment is high at 100.00%.,,52,23.0,34.0,0.6923076923076923,2.284453274168197,0.3030518068091244,11024.89,True,158,فستان سهره انيق - اصدار خاص,Substitute,شركاء مقترحون بناءً على الشراء المتكرر داخل نفس القسم.
60,اطلس العالم المصور,اطلس العالم المصور,الكتب والتعليم,unknown_subcategory,اكاديميا,325.99,,Moderate,متوسط,High Abandonment + High Price vs Peers + Low Visibility,High,42.53,Medium,Low,conversion_friction,"Cart activity exists, but too few cart users convert to buyers. Additional issues detected (conversion_friction | pricing | visibility): The product appears overpriced relative to its closest peer group. Also: The product receives limited qualified visibility in the selected period.",conversion_friction|pricing|trust|visibility,4,Investigate checkout or value-friction and reduce drop-off after add-to-cart.,افحص تعثر ما بعد الاضافة للسلة وخفف اسباب الانسحاب قبل الشراء.,Investigate checkout or value-friction and reduce drop-off after add-to-cart.,Bundle with موسوعه التاريخ الاسلامي - اصدار خاص where relevant.,افحص تعثر ما بعد الاضافة للسلة وخفف اسباب الانسحاب قبل الشراء.,فعّل باقة او ربطا مع المنتج موسوعه التاريخ الاسلامي - اصدار خاص عندما يكون ذلك مناسبا.,هناك اهتمام واضح بالمنتج لكن جزءًا من العملاء لا يكمل الشراء بعد الإضافة للسلة.,السعر أعلى من المستوى المعتاد داخل المجموعة المنافسة | تقييم المنتج أقل من متوسط المنتجات المشابهة | عدد المراجعات أقل من المنتجات المشابهة مما يضعف الثقة,Conversion 377.78% vs category avg 336.35%.,Price is above peer average (325.99 vs 220.05).,Rating trails peers (3.40 vs 3.52).,9,1.0,9.0,3.7777777777777777,3.3634956997365264,1.1231700929701511,11735.64,True,171,موسوعه التاريخ الاسلامي - اصدار خاص,Substitute,شركاء مقترحون بناءً على الشراء المتكرر داخل نفس القسم.
8,مكبر صوت بلوتوث,مكبر صوت بلوتوث,الالكترونيات,unknown_subcategory,ابل,338.12,,Moderate,متوسط,High Abandonment,High,42.29,Medium,Low,conversion_friction,"Cart activity exists, but too few cart users convert to buyers.",conversion_friction|trust,2,Investigate checkout or value-friction and reduce drop-off after add-to-cart.,افحص تعثر ما بعد الاضافة للسلة وخفف اسباب الانسحاب قبل الشراء.,Investigate checkout or value-friction and reduce drop-off after add-to-cart.,Bundle with شاشه 4K 27 انش where relevant.,افحص تعثر ما بعد الاضافة للسلة وخفف اسباب الانسحاب قبل الشراء.,فعّل باقة او ربطا مع المنتج شاشه 4K 27 انش عندما يكون ذلك مناسبا.,هناك اهتمام واضح بالمنتج لكن جزءًا من العملاء لا يكمل الشراء بعد الإضافة للسلة.,عدد المراجعات أقل من المنتجات المشابهة مما يضعف الثقة,Conversion 253.85% vs category avg 796.12%.,Cart abandonment is high at 100.00%.,,13,4.0,13.0,2.5384615384615383,7.961233440029987,0.318852795560279,11834.2,True,6,شاشه 4K 27 انش,Substitute,شركاء مقترحون بناءً على الشراء المتكرر داخل نفس القسم.
55,روايه عربيه بيست سيلر,روايه عربيه بيست سيلر,الكتب والتعليم,unknown_subcategory,اكاديميا,41.52,,Moderate,متوسط,High Abandonment + Weak Content,High,42.27,Medium,Low,conversion_friction,"Cart activity exists, but too few cart users convert to buyers. Additional issues detected (conversion_friction | content): Product content richness or image coverage lags similar products.",conversion_friction|trust|content,3,Investigate checkout or value-friction and reduce drop-off after add-to-cart.,افحص تعثر ما بعد الاضافة للسلة وخفف اسباب الانسحاب قبل الشراء.,Investigate checkout or value-friction and reduce drop-off after add-to-cart.,Bundle with كتاب تعلم البرمجه بالعربيه where relevant.,افحص تعثر ما بعد الاضافة للسلة وخفف اسباب الانسحاب قبل الشراء.,فعّل باقة او ربطا مع المنتج كتاب تعلم البرمجه بالعربيه عندما يكون ذلك مناسبا.,هناك اهتمام واضح بالمنتج لكن جزءًا من العملاء لا يكمل الشراء بعد الإضافة للسلة.,الدعم البصري أضعف من المنافسين من حيث عدد الصور | عدد المراجعات أقل من المنتجات المشابهة مما يضعف الثقة,Conversion 226.67% vs category avg 336.35%.,Cart abandonment is high at 100.00%.,,15,5.0,15.0,2.2666666666666666,3.3634956997365264,0.6739020557820906,1577.7600000000002,True,51,كتاب تعلم البرمجه بالعربيه,Substitute,شركاء مقترحون بناءً على الشراء المتكرر داخل نفس القسم.
113,كتاب تعلم البرمجه بالعربيه - اصدار خاص,كتاب تعلم البرمجه بالعربيه - اصدار خاص,الكتب والتعليم,unknown_subcategory,اكاديميا,61.24,,Moderate,متوسط,High Abandonment,High,42.26,Medium,Low,conversion_friction,"Cart activity exists, but too few cart users convert to buyers.",conversion_friction|trust,2,Investigate checkout or value-friction and reduce drop-off after add-to-cart.,افحص تعثر ما بعد الاضافة للسلة وخفف اسباب الانسحاب قبل الشراء.,Investigate checkout or value-friction and reduce drop-off after add-to-cart.,Bundle with مجموعه كتب الطفل التعليميه - اصدار خاص where relevant.,افحص تعثر ما بعد الاضافة للسلة وخفف اسباب الانسحاب قبل الشراء.,فعّل باقة او ربطا مع المنتج مجموعه كتب الطفل التعليميه - اصدار خاص عندما يكون ذلك مناسبا.,المنتج يُشاهَد لكنه لا يتحول إلى شراء بالمستوى المطلوب.,عدد المراجعات أقل من المنتجات المشابهة مما يضعف الثقة,Conversion 107.69% vs category avg 336.35%.,Cart abandonment is high at 100.00%.,,26,3.0,26.0,1.0769230769230769,3.3634956997365264,0.3201797097607218,1775.96,True,175,مجموعه كتب الطفل التعليميه - اصدار خاص,Substitute,شركاء مقترحون بناءً على الشراء المتكرر داخل نفس القسم.
170,فرن كهربايي 60 لتر - اصدار خاص,فرن كهربايي 60 لتر - اصدار خاص,المنزل والمطبخ,unknown_subcategory,بوش,810.36,,Moderate,متوسط,High Abandonment + Weak Content,High,42.13,Medium,Low,conversion_friction,"Cart activity exists, but too few cart users convert to buyers. Additional issues detected (conversion_friction | content): Product content richness or image coverage lags similar products.",conversion_friction|trust|content,3,Investigate checkout or value-friction and reduce drop-off after add-to-cart.,افحص تعثر ما بعد الاضافة للسلة وخفف اسباب الانسحاب قبل الشراء.,Investigate checkout or value-friction and reduce drop-off after add-to-cart.,Bundle with مكيف هواء انفيرتر 18000 where relevant.,افحص تعثر ما بعد الاضافة للسلة وخفف اسباب الانسحاب قبل الشراء.,فعّل باقة او ربطا مع المنتج مكيف هواء انفيرتر 18000 عندما يكون ذلك مناسبا.,هناك اهتمام واضح بالمنتج لكن جزءًا من العملاء لا يكمل الشراء بعد الإضافة للسلة.,الدعم البصري أضعف من المنافسين من حيث عدد الصور | عدد المراجعات أقل من المنتجات المشابهة مما يضعف الثقة,Conversion 300.00% vs category avg 439.13%.,Cart abandonment is high at 100.00%.,,11,2.0,11.0,3.0,4.391284662352632,0.68317137937324,27552.24,True,21,مكيف هواء انفيرتر 18000,Substitute,شركاء مقترحون بناءً على الشراء المتكرر داخل نفس القسم.
166,فستان سهره انيق - اصدار خاص,فستان سهره انيق - اصدار خاص,الازياء والملابس,unknown_subcategory,مانجو,184.75,,Moderate,متوسط,High Abandonment + Weak Content,High,41.42,Medium,Low,conversion_friction,"Cart activity exists, but too few cart users convert to buyers. Additional issues detected (conversion_friction | content): Product content richness or image coverage lags similar products.",conversion_friction|trust|content,3,Investigate checkout or value-friction and reduce drop-off after add-to-cart.,افحص تعثر ما بعد الاضافة للسلة وخفف اسباب الانسحاب قبل الشراء.,Investigate checkout or value-friction and reduce drop-off after add-to-cart.,Bundle with حقيبه يد جلديه where relevant.,افحص تعثر ما بعد الاضافة للسلة وخفف اسباب الانسحاب قبل الشراء.,فعّل باقة او ربطا مع المنتج حقيبه يد جلديه عندما يكون ذلك مناسبا.,هناك اهتمام واضح بالمنتج لكن جزءًا من العملاء لا يكمل الشراء بعد الإضافة للسلة.,الدعم البصري أضعف من المنافسين من حيث عدد الصور | عدد المراجعات أقل من المنتجات المشابهة مما يضعف الثقة,Conversion 168.42% vs category avg 228.45%.,Cart abandonment is high at 100.00%.,,19,2.0,19.0,1.6842105263157894,2.284453274168197,0.7372488399567002,6281.5,True,16,حقيبه يد جلديه,Substitute,شركاء مقترحون بناءً على الشراء المتكرر داخل نفس القسم.
153,فرن كهربايي 60 لتر - اصدار خاص,فرن كهربايي 60 لتر - اصدار خاص,المنزل والمطبخ,unknown_subcategory,هايسنس,564.14,,Moderate,متوسط,High Abandonment,High,41.41,Medium,Low,conversion_friction,"Cart activity exists, but too few cart users convert to buyers.",conversion_friction|trust,2,Investigate checkout or value-friction and reduce drop-off after add-to-cart.,افحص تعثر ما بعد الاضافة للسلة وخفف اسباب الانسحاب قبل الشراء.,Investigate checkout or value-friction and reduce drop-off after add-to-cart.,Bundle with مجموعه سكاكين مطبخ - اصدار خاص where relevant.,افحص تعثر ما بعد الاضافة للسلة وخفف اسباب الانسحاب قبل الشراء.,فعّل باقة او ربطا مع المنتج مجموعه سكاكين مطبخ - اصدار خاص عندما يكون ذلك مناسبا.,هناك اهتمام واضح بالمنتج لكن جزءًا من العملاء لا يكمل الشراء بعد الإضافة للسلة.,عدد المراجعات أقل من المنتجات المشابهة مما يضعف الثقة,Conversion 170.59% vs category avg 439.13%.,Cart abandonment is high at 100.00%.,,17,5.0,17.0,1.7058823529411764,4.391284662352632,0.3884700000357639,19180.76,True,168,مجموعه سكاكين مطبخ - اصدار خاص,Substitute,شركاء مقترحون بناءً على الشراء المتكرر داخل نفس القسم.
111,مكواه بخاريه احترافيه - اصدار خاص,مكواه بخاريه احترافيه - اصدار خاص,المنزل والمطبخ,unknown_subcategory,وايتبوينت,453.66,,Moderate,متوسط,High Abandonment + Low Visibility,High,41.35,Medium,Low,conversion_friction,"Cart activity exists, but too few cart users convert to buyers. Additional issues detected (conversion_friction | visibility): The product receives limited qualified visibility in the selected period.",conversion_friction|trust|visibility,3,Investigate checkout or value-friction and reduce drop-off after add-to-cart.,افحص تعثر ما بعد الاضافة للسلة وخفف اسباب الانسحاب قبل الشراء.,Investigate checkout or value-friction and reduce drop-off after add-to-cart.,Bundle with طقم اواني طهي غرانيت where relevant.,افحص تعثر ما بعد الاضافة للسلة وخفف اسباب الانسحاب قبل الشراء.,فعّل باقة او ربطا مع المنتج طقم اواني طهي غرانيت عندما يكون ذلك مناسبا.,هناك اهتمام واضح بالمنتج لكن جزءًا من العملاء لا يكمل الشراء بعد الإضافة للسلة.,قوة العلامة التجارية أقل من منافسيه داخل المجموعة | عدد المراجعات أقل من المنتجات المشابهة مما يضعف الثقة,Conversion 312.50% vs category avg 439.13%.,Cart abandonment is high at 100.00%.,,8,2.0,8.0,3.125,4.391284662352632,0.7116368535137917,14063.46,True,26,طقم اواني طهي غرانيت,Substitute,شركاء مقترحون بناءً على الشراء المتكرر داخل نفس القسم.
152,شال كشمير ناعم - اصدار خاص,شال كشمير ناعم - اصدار خاص,الازياء والملابس,unknown_subcategory,بوما,92.66,,Moderate,متوسط,High Abandonment,High,41.23,Medium,Low,conversion_friction,"Cart activity exists, but too few cart users convert to buyers.",conversion_friction|trust,2,Investigate checkout or value-friction and reduce drop-off after add-to-cart.,افحص تعثر ما بعد الاضافة للسلة وخفف اسباب الانسحاب قبل الشراء.,Investigate checkout or value-friction and reduce drop-off after add-to-cart.,Bundle with فستان سهره انيق - اصدار خاص where relevant.,افحص تعثر ما بعد الاضافة للسلة وخفف اسباب الانسحاب قبل الشراء.,فعّل باقة او ربطا مع المنتج فستان سهره انيق - اصدار خاص عندما يكون ذلك مناسبا.,المنتج يُشاهَد لكنه لا يتحول إلى شراء بالمستوى المطلوب.,عدد المراجعات أقل من المنتجات المشابهة مما يضعف الثقة,Conversion 92.00% vs category avg 228.45%.,Cart abandonment is high at 100.00%.,,25,6.0,22.0,0.92,2.284453274168197,0.4027221788263475,2131.18,True,158,فستان سهره انيق - اصدار خاص,Substitute,شركاء مقترحون بناءً على الشراء المتكرر داخل نفس القسم.
17,شال كشمير ناعم,شال كشمير ناعم,الازياء والملابس,unknown_subcategory,H&M,281.04,,Moderate,متوسط,يحتاج متابعة,High,40.93,Medium,Low,mixed_context,قوة العلامة التجارية أقل من منافسيه داخل المجموعة | عدد المراجعات أقل من المنتجات المشابهة مما يضعف الثقة,trust,1,"Apply a focused optimization plan across pricing, content, and conversion levers.",طبق خطة تحسين مركزة تشمل السعر والمحتوى ومحفزات التحويل.,"Apply a focused optimization plan across pricing, content, and conversion levers.",Bundle with حقيبه يد جلديه - اصدار خاص where relevant.,طبق خطة تحسين مركزة تشمل السعر والمحتوى ومحفزات التحويل.,فعّل باقة او ربطا مع المنتج حقيبه يد جلديه - اصدار خاص عندما يكون ذلك مناسبا.,أداء المنتج متوسط ويمكن تحسينه من خلال تدخلات مركزة.,قوة العلامة التجارية أقل من منافسيه داخل المجموعة | عدد المراجعات أقل من المنتجات المشابهة مما يضعف الثقة,Conversion 171.43% vs category avg 228.45%.,,,21,7.0,21.0,1.7142857142857142,2.284453274168197,0.7504139978130699,12084.72,True,164,حقيبه يد جلديه - اصدار خاص,Substitute,شركاء مقترحون بناءً على الشراء المتكرر داخل نفس القسم.
100,حقيبه يد جلديه - اصدار خاص,حقيبه يد جلديه - اصدار خاص,الازياء والملابس,unknown_subcategory,مانجو,418.81,,Moderate,متوسط,High Abandonment + High Price vs Peers,High,40.53,Medium,Low,conversion_friction,"Cart activity exists, but too few cart users convert to buyers. Additional issues detected (conversion_friction | pricing): The product appears overpriced relative to its closest peer group.",conversion_friction|pricing|trust,3,Investigate checkout or value-friction and reduce drop-off after add-to-cart.,افحص تعثر ما بعد الاضافة للسلة وخفف اسباب الانسحاب قبل الشراء.,Investigate checkout or value-friction and reduce drop-off after add-to-cart.,Bundle with فستان سهره انيق - اصدار خاص where relevant.,افحص تعثر ما بعد الاضافة للسلة وخفف اسباب الانسحاب قبل الشراء.,فعّل باقة او ربطا مع المنتج فستان سهره انيق - اصدار خاص عندما يكون ذلك مناسبا.,هناك اهتمام واضح بالمنتج لكن جزءًا من العملاء لا يكمل الشراء بعد الإضافة للسلة.,السعر أعلى من المستوى المعتاد داخل المجموعة المنافسة | عدد المراجعات أقل من المنتجات المشابهة مما يضعف الثقة,Conversion 192.31% vs category avg 228.45%.,Price is above peer average (418.81 vs 338.30).,Cart abandonment is high at 100.00%.,13,5.0,13.0,1.9230769230769231,2.284453274168197,0.84181057446979,12145.49,True,158,فستان سهره انيق - اصدار خاص,Substitute,شركاء مقترحون بناءً على الشراء المتكرر داخل نفس القسم.
58,كتاب الطبخ العربي التقليدي,كتاب الطبخ العربي التقليدي,الكتب والتعليم,unknown_subcategory,دار قرطبه,143.75,,Moderate,متوسط,High Abandonment + Low Visibility,High,39.75,Medium,Low,conversion_friction,"Cart activity exists, but too few cart users convert to buyers. Additional issues detected (conversion_friction | visibility): The product receives limited qualified visibility in the selected period.",conversion_friction|trust|visibility,3,Investigate checkout or value-friction and reduce drop-off after add-to-cart.,افحص تعثر ما بعد الاضافة للسلة وخفف اسباب الانسحاب قبل الشراء.,Investigate checkout or value-friction and reduce drop-off after add-to-cart.,Bundle with قاموس عربي انجليزي شامل where relevant.,افحص تعثر ما بعد الاضافة للسلة وخفف اسباب الانسحاب قبل الشراء.,فعّل باقة او ربطا مع المنتج قاموس عربي انجليزي شامل عندما يكون ذلك مناسبا.,هناك اهتمام واضح بالمنتج لكن جزءًا من العملاء لا يكمل الشراء بعد الإضافة للسلة.,تقييم المنتج أقل من متوسط المنتجات المشابهة | عدد المراجعات أقل من المنتجات المشابهة مما يضعف الثقة,Conversion 362.50% vs category avg 336.35%.,Rating trails peers (3.10 vs 3.50).,Cart abandonment is high at 100.00%.,8,2.0,8.0,3.625,3.3634956997365264,1.0777477730338585,4168.75,True,54,قاموس عربي انجليزي شامل,Substitute,شركاء مقترحون بناءً على الشراء المتكرر داخل نفس القسم.
11,قميص قطني كلاسيكي,قميص قطني كلاسيكي,الازياء والملابس,unknown_subcategory,بوما,73.96,,Moderate,متوسط,Low Visibility,High,39.73,Medium,Low,visibility,The product receives limited qualified visibility in the selected period.,trust|visibility,2,"Increase visibility through merchandising, search placement, and demand generation.",ارفع الظهور عبر الترويج والتموضع في البحث وتنشيط الطلب.,"Increase visibility through merchandising, search placement, and demand generation.",Bundle with شال كشمير ناعم - اصدار خاص where relevant.,ارفع الظهور عبر الترويج والتموضع في البحث وتنشيط الطلب.,فعّل باقة او ربطا مع المنتج شال كشمير ناعم - اصدار خاص عندما يكون ذلك مناسبا.,المنتج لا يحصل على عدد كافٍ من الزيارات خلال الفترة المختارة.,تقييم المنتج أقل من متوسط المنتجات المشابهة | عدد المراجعات أقل من المنتجات المشابهة مما يضعف الثقة,Conversion 414.29% vs category avg 228.45%.,Rating trails peers (3.20 vs 3.24).,,7,3.0,7.0,4.142857142857143,2.284453274168197,1.8135004947149191,2662.56,True,180,شال كشمير ناعم - اصدار خاص,Substitute,شركاء مقترحون بناءً على الشراء المتكرر داخل نفس القسم.
127,قميص قطني كلاسيكي - اصدار خاص,قميص قطني كلاسيكي - اصدار خاص,الازياء والملابس,unknown_subcategory,اديداس,209.71,,Moderate,متوسط,High Abandonment,High,39.73,Medium,Low,conversion_friction,"Cart activity exists, but too few cart users convert to buyers.",conversion_friction|trust,2,Investigate checkout or value-friction and reduce drop-off after add-to-cart.,افحص تعثر ما بعد الاضافة للسلة وخفف اسباب الانسحاب قبل الشراء.,Investigate checkout or value-friction and reduce drop-off after add-to-cart.,Bundle with فستان سهره انيق - اصدار خاص where relevant.,افحص تعثر ما بعد الاضافة للسلة وخفف اسباب الانسحاب قبل الشراء.,فعّل باقة او ربطا مع المنتج فستان سهره انيق - اصدار خاص عندما يكون ذلك مناسبا.,هناك اهتمام واضح بالمنتج لكن جزءًا من العملاء لا يكمل الشراء بعد الإضافة للسلة.,تقييم المنتج أقل من متوسط المنتجات المشابهة | عدد المراجعات أقل من المنتجات المشابهة مما يضعف الثقة,Conversion 254.55% vs category avg 228.45%.,Rating trails peers (3.00 vs 3.58).,Cart abandonment is high at 100.00%.,11,1.0,11.0,2.5454545454545454,2.284453274168197,1.1142510876618312,6501.01,True,158,فستان سهره انيق - اصدار خاص,Substitute,شركاء مقترحون بناءً على الشراء المتكرر داخل نفس القسم.
120,روايه عربيه بيست سيلر - اصدار خاص,روايه عربيه بيست سيلر - اصدار خاص,الكتب والتعليم,unknown_subcategory,الوراق,37.31,,Moderate,متوسط,يحتاج متابعة,High,39.41,Medium,Low,mixed_context,قوة العلامة التجارية أقل من منافسيه داخل المجموعة | عدد المراجعات أقل من المنتجات المشابهة مما يضعف الثقة,trust,1,"Apply a focused optimization plan across pricing, content, and conversion levers.",طبق خطة تحسين مركزة تشمل السعر والمحتوى ومحفزات التحويل.,"Apply a focused optimization plan across pricing, content, and conversion levers.",Bundle with كتاب تعلم البرمجه بالعربيه where relevant.,طبق خطة تحسين مركزة تشمل السعر والمحتوى ومحفزات التحويل.,فعّل باقة او ربطا مع المنتج كتاب تعلم البرمجه بالعربيه عندما يكون ذلك مناسبا.,أداء المنتج متوسط ويمكن تحسينه من خلال تدخلات مركزة.,قوة العلامة التجارية أقل من منافسيه داخل المجموعة | عدد المراجعات أقل من المنتجات المشابهة مما يضعف الثقة,Conversion 292.86% vs category avg 336.35%.,,,14,2.0,14.0,2.9285714285714284,3.3634956997365264,0.8706927821554322,1678.95,True,51,كتاب تعلم البرمجه بالعربيه,Substitute,شركاء مقترحون بناءً على الشراء المتكرر داخل نفس القسم.
154,ثلاجه نوفروست 350 لتر - اصدار خاص,ثلاجه نوفروست 350 لتر - اصدار خاص,المنزل والمطبخ,unknown_subcategory,توشيبا,3786.85,,Moderate,متوسط,High Abandonment + High Price vs Peers + Low Visibility,High,38.7,Medium,Low,conversion_friction,"Cart activity exists, but too few cart users convert to buyers. Additional issues detected (conversion_friction | pricing | visibility): The product appears overpriced relative to its closest peer group. Also: The product receives limited qualified visibility in the selected period.",conversion_friction|pricing|trust|visibility,4,Investigate checkout or value-friction and reduce drop-off after add-to-cart.,افحص تعثر ما بعد الاضافة للسلة وخفف اسباب الانسحاب قبل الشراء.,Investigate checkout or value-friction and reduce drop-off after add-to-cart.,Bundle with مجموعه سكاكين مطبخ where relevant.,افحص تعثر ما بعد الاضافة للسلة وخفف اسباب الانسحاب قبل الشراء.,فعّل باقة او ربطا مع المنتج مجموعه سكاكين مطبخ عندما يكون ذلك مناسبا.,هناك اهتمام واضح بالمنتج لكن جزءًا من العملاء لا يكمل الشراء بعد الإضافة للسلة.,السعر أعلى من المستوى المعتاد داخل المجموعة المنافسة | عدد المراجعات أقل من المنتجات المشابهة مما يضعف الثقة,Conversion 433.33% vs category avg 439.13%.,Price is above peer average (3786.85 vs 3137.48).,Cart abandonment is high at 100.00%.,6,2.0,6.0,4.333333333333333,4.391284662352632,0.9868031035391244,117392.35,True,29,مجموعه سكاكين مطبخ,Substitute,شركاء مقترحون بناءً على الشراء المتكرر داخل نفس القسم.
19,تيشيرت بولو قطن,تيشيرت بولو قطن,الازياء والملابس,unknown_subcategory,زارا,195.42,,Moderate,متوسط,High Abandonment + Weak Content,High,38.66,Medium,Low,conversion_friction,"Cart activity exists, but too few cart users convert to buyers. Additional issues detected (conversion_friction | content): Product content richness or image coverage lags similar products.",conversion_friction|trust|content,3,Investigate checkout or value-friction and reduce drop-off after add-to-cart.,افحص تعثر ما بعد الاضافة للسلة وخفف اسباب الانسحاب قبل الشراء.,Investigate checkout or value-friction and reduce drop-off after add-to-cart.,Bundle with بنطلون جينز سليم فيت where relevant.,افحص تعثر ما بعد الاضافة للسلة وخفف اسباب الانسحاب قبل الشراء.,فعّل باقة او ربطا مع المنتج بنطلون جينز سليم فيت عندما يكون ذلك مناسبا.,هناك اهتمام واضح بالمنتج لكن جزءًا من العملاء لا يكمل الشراء بعد الإضافة للسلة.,الدعم البصري أضعف من المنافسين من حيث عدد الصور | عدد المراجعات أقل من المنتجات المشابهة مما يضعف الثقة,Conversion 218.75% vs category avg 228.45%.,Cart abandonment is high at 100.00%.,,16,1.0,16.0,2.1875,2.284453274168197,0.9575595284593862,7621.379999999999,True,13,بنطلون جينز سليم فيت,Substitute,شركاء مقترحون بناءً على الشراء المتكرر داخل نفس القسم.
103,بنطلون جينز سليم فيت - اصدار خاص,بنطلون جينز سليم فيت - اصدار خاص,الازياء والملابس,unknown_subcategory,بوما,398.87,,Moderate,متوسط,High Price vs Peers + Low Visibility,High,38.55,Medium,Low,pricing,The product appears overpriced relative to its closest peer group. Additional issues detected (pricing | visibility): The product receives limited qualified visibility in the selected period.,pricing|trust|visibility,3,Test a sharper price point or targeted promotion against peer price levels.,اختبر سعرا اكثر تنافسية او عرضا ترويجيا موجها مقارنة بالبدائل القريبة.,Test a sharper price point or targeted promotion against peer price levels.,Bundle with حقيبه يد جلديه - اصدار خاص where relevant.,اختبر سعرا اكثر تنافسية او عرضا ترويجيا موجها مقارنة بالبدائل القريبة.,فعّل باقة او ربطا مع المنتج حقيبه يد جلديه - اصدار خاص عندما يكون ذلك مناسبا.,المنتج لا يحصل على عدد كافٍ من الزيارات خلال الفترة المختارة.,السعر أعلى من المستوى المعتاد داخل المجموعة المنافسة | عدد المراجعات أقل من المنتجات المشابهة مما يضعف الثقة,Conversion 327.27% vs category avg 228.45%.,Price is above peer average (398.87 vs 364.85).,,11,1.0,11.0,3.272727272727273,2.284453274168197,1.432608541279497,15555.93,True,164,حقيبه يد جلديه - اصدار خاص,Substitute,شركاء مقترحون بناءً على الشراء المتكرر داخل نفس القسم.
12,فستان سهره انيق,فستان سهره انيق,الازياء والملابس,unknown_subcategory,نايكي,378.07,,Moderate,متوسط,High Abandonment + High Price vs Peers,High,38.54,Medium,Low,conversion_friction,"Cart activity exists, but too few cart users convert to buyers. Additional issues detected (conversion_friction | pricing): The product appears overpriced relative to its closest peer group.",conversion_friction|pricing|trust,3,Investigate checkout or value-friction and reduce drop-off after add-to-cart.,افحص تعثر ما بعد الاضافة للسلة وخفف اسباب الانسحاب قبل الشراء.,Investigate checkout or value-friction and reduce drop-off after add-to-cart.,Bundle with حقيبه يد جلديه - اصدار خاص where relevant.,افحص تعثر ما بعد الاضافة للسلة وخفف اسباب الانسحاب قبل الشراء.,فعّل باقة او ربطا مع المنتج حقيبه يد جلديه - اصدار خاص عندما يكون ذلك مناسبا.,هناك اهتمام واضح بالمنتج لكن جزءًا من العملاء لا يكمل الشراء بعد الإضافة للسلة.,السعر أعلى من المستوى المعتاد داخل المجموعة المنافسة | عدد المراجعات أقل من المنتجات المشابهة مما يضعف الثقة,Conversion 250.00% vs category avg 228.45%.,Price is above peer average (378.07 vs 387.78).,Cart abandonment is high at 100.00%.,14,5.0,14.0,2.5,2.284453274168197,1.094353746810727,15122.8,True,164,حقيبه يد جلديه - اصدار خاص,Substitute,شركاء مقترحون بناءً على الشراء المتكرر داخل نفس القسم.
20,حذاء رسمي جلد,حذاء رسمي جلد,الازياء والملابس,unknown_subcategory,مانجو,600.91,,Moderate,متوسط,High Price vs Peers + Low Visibility,High,38.54,Medium,Low,pricing,The product appears overpriced relative to its closest peer group. Additional issues detected (pricing | visibility): The product receives limited qualified visibility in the selected period.,pricing|trust|visibility,3,Test a sharper price point or targeted promotion against peer price levels.,اختبر سعرا اكثر تنافسية او عرضا ترويجيا موجها مقارنة بالبدائل القريبة.,Test a sharper price point or targeted promotion against peer price levels.,Bundle with تيشيرت بولو قطن - اصدار خاص where relevant.,اختبر سعرا اكثر تنافسية او عرضا ترويجيا موجها مقارنة بالبدائل القريبة.,فعّل باقة او ربطا مع المنتج تيشيرت بولو قطن - اصدار خاص عندما يكون ذلك مناسبا.,المنتج لا يحصل على عدد كافٍ من الزيارات خلال الفترة المختارة.,السعر أعلى من المستوى المعتاد داخل المجموعة المنافسة | عدد المراجعات أقل من المنتجات المشابهة مما يضعف الثقة,Conversion 290.91% vs category avg 228.45%.,Price is above peer average (600.91 vs 400.80).,,11,4.0,11.0,2.909090909090909,2.284453274168197,1.2734298144706642,19830.03,True,129,تيشيرت بولو قطن - اصدار خاص,Substitute,شركاء مقترحون بناءً على الشراء المتكرر داخل نفس القسم.
16,حقيبه يد جلديه,حقيبه يد جلديه,الازياء والملابس,unknown_subcategory,مانجو,680.77,,Moderate,متوسط,High Price vs Peers + Low Visibility,High,38.54,Medium,Low,pricing,The product appears overpriced relative to its closest peer group. Additional issues detected (pricing | visibility): The product receives limited qualified visibility in the selected period.,pricing|trust|visibility,3,Test a sharper price point or targeted promotion against peer price levels.,اختبر سعرا اكثر تنافسية او عرضا ترويجيا موجها مقارنة بالبدائل القريبة.,Test a sharper price point or targeted promotion against peer price levels.,Bundle with فستان سهره انيق - اصدار خاص where relevant.,اختبر سعرا اكثر تنافسية او عرضا ترويجيا موجها مقارنة بالبدائل القريبة.,فعّل باقة او ربطا مع المنتج فستان سهره انيق - اصدار خاص عندما يكون ذلك مناسبا.,المنتج لا يحصل على عدد كافٍ من الزيارات خلال الفترة المختارة.,السعر أعلى من المستوى المعتاد داخل المجموعة المنافسة | عدد المراجعات أقل من المنتجات المشابهة مما يضعف الثقة,Conversion 290.00% vs category avg 228.45%.,Price is above peer average (680.77 vs 455.82).,,10,3.0,10.0,2.9,2.284453274168197,1.2694503463004434,21784.64,True,166,فستان سهره انيق - اصدار خاص,Substitute,شركاء مقترحون بناءً على الشراء المتكرر داخل نفس القسم.
15,حذاء رياضي مريح,حذاء رياضي مريح,الازياء والملابس,unknown_subcategory,اديداس,478.33,,Moderate,متوسط,High Price vs Peers + Low Visibility,High,38.53,Medium,Low,pricing,The product appears overpriced relative to its closest peer group. Additional issues detected (pricing | visibility): The product receives limited qualified visibility in the selected period.,pricing|trust|visibility,3,Test a sharper price point or targeted promotion against peer price levels.,اختبر سعرا اكثر تنافسية او عرضا ترويجيا موجها مقارنة بالبدائل القريبة.,Test a sharper price point or targeted promotion against peer price levels.,Bundle with حذاء رسمي جلد - اصدار خاص where relevant.,اختبر سعرا اكثر تنافسية او عرضا ترويجيا موجها مقارنة بالبدائل القريبة.,فعّل باقة او ربطا مع المنتج حذاء رسمي جلد - اصدار خاص عندما يكون ذلك مناسبا.,المنتج لا يحصل على عدد كافٍ من الزيارات خلال الفترة المختارة.,السعر أعلى من المستوى المعتاد داخل المجموعة المنافسة | عدد المراجعات أقل من المنتجات المشابهة مما يضعف الثقة,Conversion 520.00% vs category avg 228.45%.,Price is above peer average (478.33 vs 445.61).,,5,0.0,5.0,5.2,2.284453274168197,2.276255793366312,13871.57,True,190,حذاء رسمي جلد - اصدار خاص,Substitute,شركاء مقترحون بناءً على الشراء المتكرر داخل نفس القسم.
198,حقيبه يد جلديه - اصدار خاص,حقيبه يد جلديه - اصدار خاص,الازياء والملابس,unknown_subcategory,ليفايز,440.15,,Moderate,متوسط,High Price vs Peers,High,38.53,Medium,Low,pricing,The product appears overpriced relative to its closest peer group.,pricing|trust,2,Test a sharper price point or targeted promotion against peer price levels.,اختبر سعرا اكثر تنافسية او عرضا ترويجيا موجها مقارنة بالبدائل القريبة.,Test a sharper price point or targeted promotion against peer price levels.,Bundle with فستان سهره انيق - اصدار خاص where relevant.,اختبر سعرا اكثر تنافسية او عرضا ترويجيا موجها مقارنة بالبدائل القريبة.,فعّل باقة او ربطا مع المنتج فستان سهره انيق - اصدار خاص عندما يكون ذلك مناسبا.,أداء المنتج متوسط ويمكن تحسينه من خلال تدخلات مركزة.,السعر أعلى من المستوى المعتاد داخل المجموعة المنافسة | عدد المراجعات أقل من المنتجات المشابهة مما يضعف الثقة,Conversion 325.00% vs category avg 228.45%.,Price is above peer average (440.15 vs 405.96).,,12,5.0,12.0,3.25,2.284453274168197,1.422659870853945,18926.45,True,166,فستان سهره انيق - اصدار خاص,Substitute,شركاء مقترحون بناءً على الشراء المتكرر داخل نفس القسم.
190,حذاء رسمي جلد - اصدار خاص,حذاء رسمي جلد - اصدار خاص,الازياء والملابس,unknown_subcategory,مانجو,615.39,,Moderate,متوسط,High Price vs Peers + Low Visibility,High,38.53,Medium,Low,pricing,The product appears overpriced relative to its closest peer group. Additional issues detected (pricing | visibility): The product receives limited qualified visibility in the selected period.,pricing|trust|visibility,3,Test a sharper price point or targeted promotion against peer price levels.,اختبر سعرا اكثر تنافسية او عرضا ترويجيا موجها مقارنة بالبدائل القريبة.,Test a sharper price point or targeted promotion against peer price levels.,Bundle with حذاء رياضي مريح where relevant.,اختبر سعرا اكثر تنافسية او عرضا ترويجيا موجها مقارنة بالبدائل القريبة.,فعّل باقة او ربطا مع المنتج حذاء رياضي مريح عندما يكون ذلك مناسبا.,المنتج لا يحصل على عدد كافٍ من الزيارات خلال الفترة المختارة.,السعر أعلى من المستوى المعتاد داخل المجموعة المنافسة | عدد المراجعات أقل من المنتجات المشابهة مما يضعف الثقة,Conversion 425.00% vs category avg 228.45%.,Price is above peer average (615.39 vs 322.99).,,8,1.0,8.0,4.25,2.284453274168197,1.860401369578236,23384.82,True,15,حذاء رياضي مريح,Substitute,شركاء مقترحون بناءً على الشراء المتكرر داخل نفس القسم.
93,شال كشمير ناعم - اصدار خاص,شال كشمير ناعم - اصدار خاص,الازياء والملابس,unknown_subcategory,زارا,304.48,,Moderate,متوسط,Weak Content + Low Visibility,High,38.15,Medium,Low,content,Product content richness or image coverage lags similar products. Additional issues detected (content | visibility): The product receives limited qualified visibility in the selected period.,trust|content|visibility,3,"Improve product content with stronger visuals, richer copy, and clearer value proposition.",حسن المحتوى عبر صور اقوى ووصف اغنى وتوضيح ادق للقيمة.,"Improve product content with stronger visuals, richer copy, and clearer value proposition.",Bundle with جاكيت شتوي دافي where relevant.,حسن المحتوى عبر صور اقوى ووصف اغنى وتوضيح ادق للقيمة.,فعّل باقة او ربطا مع المنتج جاكيت شتوي دافي عندما يكون ذلك مناسبا.,المنتج لا يحصل على عدد كافٍ من الزيارات خلال الفترة المختارة.,الدعم البصري أضعف من المنافسين من حيث عدد الصور | عدد المراجعات أقل من المنتجات المشابهة مما يضعف الثقة,Conversion 310.00% vs category avg 228.45%.,,,10,3.0,10.0,3.1,2.284453274168197,1.3569986460453016,10656.8,True,18,جاكيت شتوي دافي,Substitute,شركاء مقترحون بناءً على الشراء المتكرر داخل نفس القسم.
52,موسوعه التاريخ الاسلامي,موسوعه التاريخ الاسلامي,الكتب والتعليم,unknown_subcategory,نشر المعرفه,108.37,,Moderate,متوسط,Weak Content + Low Visibility,High,38.15,Medium,Low,content,Product content richness or image coverage lags similar products. Additional issues detected (content | visibility): The product receives limited qualified visibility in the selected period.,trust|content|visibility,3,"Improve product content with stronger visuals, richer copy, and clearer value proposition.",حسن المحتوى عبر صور اقوى ووصف اغنى وتوضيح ادق للقيمة.,"Improve product content with stronger visuals, richer copy, and clearer value proposition.",Bundle with كتاب رياده الاعمال والنجاح - اصدار خاص where relevant.,حسن المحتوى عبر صور اقوى ووصف اغنى وتوضيح ادق للقيمة.,فعّل باقة او ربطا مع المنتج كتاب رياده الاعمال والنجاح - اصدار خاص عندما يكون ذلك مناسبا.,المنتج لا يحصل على عدد كافٍ من الزيارات خلال الفترة المختارة.,الوصف أقصر من المعتاد ولا يقدم معلومات كافية | عدد المراجعات أقل من المنتجات المشابهة مما يضعف الثقة,Conversion 520.00% vs category avg 336.35%.,,,5,3.0,5.0,5.2,3.3634956997365264,1.546010598558914,2925.99,True,172,كتاب رياده الاعمال والنجاح - اصدار خاص,Substitute,شركاء مقترحون بناءً على الشراء المتكرر داخل نفس القسم.
129,تيشيرت بولو قطن - اصدار خاص,تيشيرت بولو قطن - اصدار خاص,الازياء والملابس,unknown_subcategory,بوما,94.56,,Moderate,متوسط,High Abandonment + Weak Content,High,38.14,Medium,Low,conversion_friction,"Cart activity exists, but too few cart users convert to buyers. Additional issues detected (conversion_friction | content): Product content richness or image coverage lags similar products.",conversion_friction|trust|content,3,Investigate checkout or value-friction and reduce drop-off after add-to-cart.,افحص تعثر ما بعد الاضافة للسلة وخفف اسباب الانسحاب قبل الشراء.,Investigate checkout or value-friction and reduce drop-off after add-to-cart.,Bundle with حذاء رسمي جلد where relevant.,افحص تعثر ما بعد الاضافة للسلة وخفف اسباب الانسحاب قبل الشراء.,فعّل باقة او ربطا مع المنتج حذاء رسمي جلد عندما يكون ذلك مناسبا.,هناك اهتمام واضح بالمنتج لكن جزءًا من العملاء لا يكمل الشراء بعد الإضافة للسلة.,الدعم البصري أضعف من المنافسين من حيث عدد الصور | عدد المراجعات أقل من المنتجات المشابهة مما يضعف الثقة,Conversion 250.00% vs category avg 228.45%.,Cart abandonment is high at 100.00%.,,12,6.0,12.0,2.5,2.284453274168197,1.094353746810727,3120.48,True,20,حذاء رسمي جلد,Substitute,شركاء مقترحون بناءً على الشراء المتكرر داخل نفس القسم.
84,كتاب الطبخ العربي التقليدي - اصدار خاص,كتاب الطبخ العربي التقليدي - اصدار خاص,الكتب والتعليم,unknown_subcategory,بنغوين,98.36,,Moderate,متوسط,Weak Content + Low Visibility,High,38.14,Medium,Low,content,Product content richness or image coverage lags similar products. Additional issues detected (content | visibility): The product receives limited qualified visibility in the selected period.,trust|content|visibility,3,"Improve product content with stronger visuals, richer copy, and clearer value proposition.",حسن المحتوى عبر صور اقوى ووصف اغنى وتوضيح ادق للقيمة.,"Improve product content with stronger visuals, richer copy, and clearer value proposition.",Bundle with دوره برمجه اكاديميه USB - اصدار خاص where relevant.,حسن المحتوى عبر صور اقوى ووصف اغنى وتوضيح ادق للقيمة.,فعّل باقة او ربطا مع المنتج دوره برمجه اكاديميه USB - اصدار خاص عندما يكون ذلك مناسبا.,المنتج لا يحصل على عدد كافٍ من الزيارات خلال الفترة المختارة.,الدعم البصري أضعف من المنافسين من حيث عدد الصور | عدد المراجعات أقل من المنتجات المشابهة مما يضعف الثقة,Conversion 580.00% vs category avg 336.35%.,,,5,1.0,5.0,5.8,3.3634956997365264,1.724396436854173,2852.44,True,77,دوره برمجه اكاديميه USB - اصدار خاص,Substitute,شركاء مقترحون بناءً على الشراء المتكرر داخل نفس القسم.
101,مجموعه سكاكين مطبخ - اصدار خاص,مجموعه سكاكين مطبخ - اصدار خاص,المنزل والمطبخ,unknown_subcategory,بوش,241.26,,Moderate,متوسط,High Abandonment + Low Visibility,High,37.7,Low,Low,conversion_friction,"Cart activity exists, but too few cart users convert to buyers. Additional issues detected (conversion_friction | visibility): The product receives limited qualified visibility in the selected period.",conversion_friction|trust|visibility,3,Investigate checkout or value-friction and reduce drop-off after add-to-cart.,افحص تعثر ما بعد الاضافة للسلة وخفف اسباب الانسحاب قبل الشراء.,Investigate checkout or value-friction and reduce drop-off after add-to-cart.,Bundle with فرن كهربايي 60 لتر - اصدار خاص where relevant.,افحص تعثر ما بعد الاضافة للسلة وخفف اسباب الانسحاب قبل الشراء.,فعّل باقة او ربطا مع المنتج فرن كهربايي 60 لتر - اصدار خاص عندما يكون ذلك مناسبا.,هناك اهتمام واضح بالمنتج لكن جزءًا من العملاء لا يكمل الشراء بعد الإضافة للسلة.,عدد المراجعات أقل من المنتجات المشابهة مما يضعف الثقة,Conversion 300.00% vs category avg 439.13%.,Cart abandonment is high at 100.00%.,,8,3.0,8.0,3.0,4.391284662352632,0.68317137937324,6996.54,True,176,فرن كهربايي 60 لتر - اصدار خاص,Substitute,شركاء مقترحون بناءً على الشراء المتكرر داخل نفس القسم.
192,مجموعه كتب الطفل التعليميه - اصدار خاص,مجموعه كتب الطفل التعليميه - اصدار خاص,الكتب والتعليم,unknown_subcategory,نشر المعرفه,105.53,,Moderate,متوسط,Low Visibility,High,37.51,Low,Low,visibility,The product receives limited qualified visibility in the selected period.,trust|visibility,2,"Increase visibility through merchandising, search placement, and demand generation.",ارفع الظهور عبر الترويج والتموضع في البحث وتنشيط الطلب.,"Increase visibility through merchandising, search placement, and demand generation.",Bundle with كتاب تعلم البرمجه بالعربيه where relevant.,ارفع الظهور عبر الترويج والتموضع في البحث وتنشيط الطلب.,فعّل باقة او ربطا مع المنتج كتاب تعلم البرمجه بالعربيه عندما يكون ذلك مناسبا.,المنتج لا يحصل على عدد كافٍ من الزيارات خلال الفترة المختارة.,عدد المراجعات أقل من المنتجات المشابهة مما يضعف الثقة,Conversion 236.36% vs category avg 336.35%.,,,11,2.0,11.0,2.363636363636364,3.3634956997365264,0.7027320902540518,3060.37,True,51,كتاب تعلم البرمجه بالعربيه,Substitute,شركاء مقترحون بناءً على الشراء المتكرر داخل نفس القسم.
179,مجموعه عنايه بالشعر - اصدار خاص,مجموعه عنايه بالشعر - اصدار خاص,الجمال والعنايه,unknown_subcategory,دوف,148.28,,Moderate,متوسط,High Abandonment + Low Visibility,High,36.71,Low,Low,conversion_friction,"Cart activity exists, but too few cart users convert to buyers. Additional issues detected (conversion_friction | visibility): The product receives limited qualified visibility in the selected period.",conversion_friction|trust|visibility,3,Investigate checkout or value-friction and reduce drop-off after add-to-cart.,افحص تعثر ما بعد الاضافة للسلة وخفف اسباب الانسحاب قبل الشراء.,Investigate checkout or value-friction and reduce drop-off after add-to-cart.,Bundle with كريم مرطب SPF 50 where relevant.,افحص تعثر ما بعد الاضافة للسلة وخفف اسباب الانسحاب قبل الشراء.,فعّل باقة او ربطا مع المنتج كريم مرطب SPF 50 عندما يكون ذلك مناسبا.,هناك اهتمام واضح بالمنتج لكن جزءًا من العملاء لا يكمل الشراء بعد الإضافة للسلة.,عدد المراجعات أقل من المنتجات المشابهة مما يضعف الثقة,Conversion 516.67% vs category avg 676.88%.,Cart abandonment is high at 100.00%.,,6,2.0,6.0,5.166666666666667,6.768778422340422,0.7633085830692922,4744.96,True,31,كريم مرطب SPF 50,Substitute,شركاء مقترحون بناءً على الشراء المتكرر داخل نفس القسم.
73,فستان سهره انيق - اصدار خاص,فستان سهره انيق - اصدار خاص,الازياء والملابس,unknown_subcategory,نايكي,249.37,,Moderate,متوسط,High Abandonment,High,36.14,Low,Low,conversion_friction,"Cart activity exists, but too few cart users convert to buyers.",conversion_friction|trust,2,Investigate checkout or value-friction and reduce drop-off after add-to-cart.,افحص تعثر ما بعد الاضافة للسلة وخفف اسباب الانسحاب قبل الشراء.,Investigate checkout or value-friction and reduce drop-off after add-to-cart.,Bundle with حقيبه يد جلديه - اصدار خاص where relevant.,افحص تعثر ما بعد الاضافة للسلة وخفف اسباب الانسحاب قبل الشراء.,فعّل باقة او ربطا مع المنتج حقيبه يد جلديه - اصدار خاص عندما يكون ذلك مناسبا.,هناك اهتمام واضح بالمنتج لكن جزءًا من العملاء لا يكمل الشراء بعد الإضافة للسلة.,عدد المراجعات أقل من المنتجات المشابهة مما يضعف الثقة,Conversion 185.00% vs category avg 228.45%.,Cart abandonment is high at 100.00%.,,20,9.0,20.0,1.85,2.284453274168197,0.809821772639938,10224.17,True,164,حقيبه يد جلديه - اصدار خاص,Substitute,شركاء مقترحون بناءً على الشراء المتكرر داخل نفس القسم.
47,اوزان حديد طقم 20 كيلو,اوزان حديد طقم 20 كيلو,الرياضه واللياقه,unknown_subcategory,ريبوك,691.19,,Strong,قوي,High Price vs Peers,High,34.85,Low,Low,pricing,The product appears overpriced relative to its closest peer group.,pricing|trust,2,Test a sharper price point or targeted promotion against peer price levels.,اختبر سعرا اكثر تنافسية او عرضا ترويجيا موجها مقارنة بالبدائل القريبة.,Test a sharper price point or targeted promotion against peer price levels.,Bundle with حذاء جري احترافي where relevant.,اختبر سعرا اكثر تنافسية او عرضا ترويجيا موجها مقارنة بالبدائل القريبة.,فعّل باقة او ربطا مع المنتج حذاء جري احترافي عندما يكون ذلك مناسبا.,المنتج يحقق أداء جيدًا مقارنة ببقية المنتجات.,السعر أعلى من المستوى المعتاد داخل المجموعة المنافسة | المنتج لا ينسجم جيدًا مع الفئة الغالبة داخل المجموعة | تقييم المنتج أقل من متوسط المنتجات المشابهة | عدد المراجعات أقل من المنتجات المشابهة مما يضعف الثقة,Conversion 3045.45% vs category avg 850.97%.,Price is above peer average (691.19 vs 294.67).,Rating trails peers (3.20 vs 3.82).,11,4.0,11.0,30.454545454545453,8.50970943604373,3.5787996856334674,255049.11,True,41,حذاء جري احترافي,Substitute,ارتباط قوي مُثبَت بالبيانات — يظهر المنتجان معاً بشكل متكرر.
26,طقم اواني طهي غرانيت,طقم اواني طهي غرانيت,المنزل والمطبخ,unknown_subcategory,بوش,547.5,,Strong,قوي,High Price vs Peers + Weak Content + Low Visibility,High,34.76,Low,Low,pricing,The product appears overpriced relative to its closest peer group. Additional issues detected (pricing | content | visibility): Product content richness or image coverage lags similar products. Also: The product receives limited qualified visibility in the selected period.,pricing|trust|content|visibility,4,Test a sharper price point or targeted promotion against peer price levels.,اختبر سعرا اكثر تنافسية او عرضا ترويجيا موجها مقارنة بالبدائل القريبة.,Test a sharper price point or targeted promotion against peer price levels.,Bundle with ماكينه قهوه اسبريسو where relevant.,اختبر سعرا اكثر تنافسية او عرضا ترويجيا موجها مقارنة بالبدائل القريبة.,فعّل باقة او ربطا مع المنتج ماكينه قهوه اسبريسو عندما يكون ذلك مناسبا.,المنتج يحقق أداء جيدًا مقارنة ببقية المنتجات.,السعر أعلى من المستوى المعتاد داخل المجموعة المنافسة | قوة العلامة التجارية أقل من منافسيه داخل المجموعة | المنتج لا ينسجم جيدًا مع الفئة الغالبة داخل المجموعة | تقييم المنتج أقل من متوسط المنتجات المشابهة | الدعم البصري أضعف من المنافسين من حيث عدد الصور | عدد المراجعات أقل من المنتجات المشابهة مما يضعف الثقة,Conversion 2590.91% vs category avg 439.13%.,Price is above peer average (547.50 vs 360.46).,Rating trails peers (3.30 vs 3.74).,11,3.0,11.0,25.90909090909091,4.391284662352632,5.900116458223437,169725.0,True,25,ماكينه قهوه اسبريسو,Substitute,ارتباط قوي مُثبَت بالبيانات — يظهر المنتجان معاً بشكل متكرر.
28,خلاط كهربايي متعدد الوظايف,خلاط كهربايي متعدد الوظايف,المنزل والمطبخ,unknown_subcategory,بوش,207.71,,Strong,قوي,انسحاب مرتفع بعد الإضافة للسلة,High,34.67,Low,Low,mixed_context,قوة العلامة التجارية أقل من منافسيه داخل المجموعة | المنتج لا ينسجم جيدًا مع الفئة الغالبة داخل المجموعة | تقييم المنتج أقل من متوسط المنتجات المشابهة | عدد المراجعات أقل من المنتجات المشابهة مما يضعف الثقة,trust,1,"Apply a focused optimization plan across pricing, content, and conversion levers.",طبق خطة تحسين مركزة تشمل السعر والمحتوى ومحفزات التحويل.,"Apply a focused optimization plan across pricing, content, and conversion levers.",Bundle with ماكينه قهوه اسبريسو where relevant.,طبق خطة تحسين مركزة تشمل السعر والمحتوى ومحفزات التحويل.,فعّل باقة او ربطا مع المنتج ماكينه قهوه اسبريسو عندما يكون ذلك مناسبا.,المنتج يحقق أداء جيدًا مقارنة ببقية المنتجات.,قوة العلامة التجارية أقل من منافسيه داخل المجموعة | المنتج لا ينسجم جيدًا مع الفئة الغالبة داخل المجموعة | تقييم المنتج أقل من متوسط المنتجات المشابهة | عدد المراجعات أقل من المنتجات المشابهة مما يضعف الثقة,Conversion 2084.62% vs category avg 439.13%.,Rating trails peers (3.20 vs 3.52).,,13,4.0,13.0,20.846153846153847,4.391284662352632,4.747165225901232,60651.32,True,25,ماكينه قهوه اسبريسو,Substitute,ارتباط قوي مُثبَت بالبيانات — يظهر المنتجان معاً بشكل متكرر.
25,ماكينه قهوه اسبريسو,ماكينه قهوه اسبريسو,المنزل والمطبخ,unknown_subcategory,هايسنس,958.76,,Strong,قوي,High Price vs Peers,High,34.38,Low,Low,pricing,The product appears overpriced relative to its closest peer group.,pricing|trust,2,Test a sharper price point or targeted promotion against peer price levels.,اختبر سعرا اكثر تنافسية او عرضا ترويجيا موجها مقارنة بالبدائل القريبة.,Test a sharper price point or targeted promotion against peer price levels.,Bundle with مجموعه سكاكين مطبخ where relevant.,اختبر سعرا اكثر تنافسية او عرضا ترويجيا موجها مقارنة بالبدائل القريبة.,فعّل باقة او ربطا مع المنتج مجموعه سكاكين مطبخ عندما يكون ذلك مناسبا.,المنتج يحقق أداء جيدًا مقارنة ببقية المنتجات.,السعر أعلى من المستوى المعتاد داخل المجموعة المنافسة | قوة العلامة التجارية أقل من منافسيه داخل المجموعة | المنتج لا ينسجم جيدًا مع الفئة الغالبة داخل المجموعة | عدد المراجعات أقل من المنتجات المشابهة مما يضعف الثقة,Conversion 3046.15% vs category avg 439.13%.,Price is above peer average (958.76 vs 356.81).,,13,2.0,13.0,30.46153846153846,4.391284662352632,6.936817082866744,418019.36,True,29,مجموعه سكاكين مطبخ,Substitute,ارتباط قوي مُثبَت بالبيانات — يظهر المنتجان معاً بشكل متكرر.
34,طقم مكياج احترافي,طقم مكياج احترافي,الجمال والعنايه,unknown_subcategory,بالمر,269.1,,Strong,قوي,Weak Content,High,34.37,Low,Low,content,Product content richness or image coverage lags similar products.,trust|content,2,"Improve product content with stronger visuals, richer copy, and clearer value proposition.",حسن المحتوى عبر صور اقوى ووصف اغنى وتوضيح ادق للقيمة.,"Improve product content with stronger visuals, richer copy, and clearer value proposition.",Bundle with عطر نسايي زهري where relevant.,حسن المحتوى عبر صور اقوى ووصف اغنى وتوضيح ادق للقيمة.,فعّل باقة او ربطا مع المنتج عطر نسايي زهري عندما يكون ذلك مناسبا.,المنتج يحقق أداء جيدًا مقارنة ببقية المنتجات.,قوة العلامة التجارية أقل من منافسيه داخل المجموعة | تقييم المنتج أقل من متوسط المنتجات المشابهة | الدعم البصري أضعف من المنافسين من حيث عدد الصور | عدد المراجعات أقل من المنتجات المشابهة مما يضعف الثقة,Conversion 1045.95% vs category avg 676.88%.,Rating trails peers (3.00 vs 3.44).,,37,15.0,37.0,10.45945945945946,6.768778422340422,1.5452506799362655,115443.9,True,35,عطر نسايي زهري,Substitute,ارتباط قوي مُثبَت بالبيانات — يظهر المنتجان معاً بشكل متكرر.
59,كتاب تطوير الذات والتحفيز,كتاب تطوير الذات والتحفيز,الكتب والتعليم,unknown_subcategory,اكاديميا,88.07,,Moderate,متوسط,High Abandonment,High,34.36,Low,Low,conversion_friction,"Cart activity exists, but too few cart users convert to buyers.",conversion_friction|trust,2,Investigate checkout or value-friction and reduce drop-off after add-to-cart.,افحص تعثر ما بعد الاضافة للسلة وخفف اسباب الانسحاب قبل الشراء.,Investigate checkout or value-friction and reduce drop-off after add-to-cart.,Bundle with دوره برمجه اكاديميه USB where relevant.,افحص تعثر ما بعد الاضافة للسلة وخفف اسباب الانسحاب قبل الشراء.,فعّل باقة او ربطا مع المنتج دوره برمجه اكاديميه USB عندما يكون ذلك مناسبا.,هناك اهتمام واضح بالمنتج لكن جزءًا من العملاء لا يكمل الشراء بعد الإضافة للسلة.,عدد المراجعات أقل من المنتجات المشابهة مما يضعف الثقة,Conversion 320.00% vs category avg 336.35%.,Cart abandonment is high at 100.00%.,,10,4.0,10.0,3.2,3.3634956997365264,0.9513911375747164,3170.5199999999995,True,56,دوره برمجه اكاديميه USB,Substitute,شركاء مقترحون بناءً على الشراء المتكرر داخل نفس القسم.
29,مجموعه سكاكين مطبخ,مجموعه سكاكين مطبخ,المنزل والمطبخ,unknown_subcategory,اريتي,137.26,,Strong,قوي,Weak Content,High,33.98,Low,Low,content,Product content richness or image coverage lags similar products.,trust|content,2,"Improve product content with stronger visuals, richer copy, and clearer value proposition.",حسن المحتوى عبر صور اقوى ووصف اغنى وتوضيح ادق للقيمة.,"Improve product content with stronger visuals, richer copy, and clearer value proposition.",Bundle with ماكينه قهوه اسبريسو where relevant.,حسن المحتوى عبر صور اقوى ووصف اغنى وتوضيح ادق للقيمة.,فعّل باقة او ربطا مع المنتج ماكينه قهوه اسبريسو عندما يكون ذلك مناسبا.,المنتج يحقق أداء جيدًا مقارنة ببقية المنتجات.,قوة العلامة التجارية أقل من منافسيه داخل المجموعة | المنتج لا ينسجم جيدًا مع الفئة الغالبة داخل المجموعة | الدعم البصري أضعف من المنافسين من حيث عدد الصور | عدد المراجعات أقل من المنتجات المشابهة مما يضعف الثقة,Conversion 2233.33% vs category avg 439.13%.,,,12,3.0,12.0,22.33333333333333,4.391284662352632,5.085831379778564,41178.0,True,25,ماكينه قهوه اسبريسو,Substitute,ارتباط قوي مُثبَت بالبيانات — يظهر المنتجان معاً بشكل متكرر.
46,حصيره يوغا مضاده للانزلاق,حصيره يوغا مضاده للانزلاق,الرياضه واللياقه,unknown_subcategory,اندر ارمور,121.09,,Strong,قوي,Weak Content + Low Visibility,High,33.79,Low,Low,content,Product content richness or image coverage lags similar products. Additional issues detected (content | visibility): The product receives limited qualified visibility in the selected period.,trust|content|visibility,3,"Improve product content with stronger visuals, richer copy, and clearer value proposition.",حسن المحتوى عبر صور اقوى ووصف اغنى وتوضيح ادق للقيمة.,"Improve product content with stronger visuals, richer copy, and clearer value proposition.",Bundle with عداد خطوات ذكي where relevant.,حسن المحتوى عبر صور اقوى ووصف اغنى وتوضيح ادق للقيمة.,فعّل باقة او ربطا مع المنتج عداد خطوات ذكي عندما يكون ذلك مناسبا.,المنتج يحقق أداء جيدًا مقارنة ببقية المنتجات.,قوة العلامة التجارية أقل من منافسيه داخل المجموعة | المنتج لا ينسجم جيدًا مع الفئة الغالبة داخل المجموعة | الدعم البصري أضعف من المنافسين من حيث عدد الصور | عدد المراجعات أقل من المنتجات المشابهة مما يضعف الثقة,Conversion 3754.55% vs category avg 850.97%.,,,11,1.0,11.0,37.54545454545455,8.50970943604373,4.412072448258574,54127.23,True,50,عداد خطوات ذكي,Substitute,ارتباط قوي مُثبَت بالبيانات — يظهر المنتجان معاً بشكل متكرر.
66,قميص قطني كلاسيكي - اصدار خاص,قميص قطني كلاسيكي - اصدار خاص,الازياء والملابس,unknown_subcategory,ليفايز,234.31,,Moderate,متوسط,Low Visibility,High,33.73,Low,Low,visibility,The product receives limited qualified visibility in the selected period.,trust|visibility,2,"Increase visibility through merchandising, search placement, and demand generation.",ارفع الظهور عبر الترويج والتموضع في البحث وتنشيط الطلب.,"Increase visibility through merchandising, search placement, and demand generation.",Bundle with شال كشمير ناعم - اصدار خاص where relevant.,ارفع الظهور عبر الترويج والتموضع في البحث وتنشيط الطلب.,فعّل باقة او ربطا مع المنتج شال كشمير ناعم - اصدار خاص عندما يكون ذلك مناسبا.,المنتج لا يحصل على عدد كافٍ من الزيارات خلال الفترة المختارة.,عدد المراجعات أقل من المنتجات المشابهة مما يضعف الثقة,Conversion 333.33% vs category avg 228.45%.,,,9,5.0,9.0,3.333333333333333,2.284453274168197,1.4591383290809694,7263.61,True,152,شال كشمير ناعم - اصدار خاص,Substitute,شركاء مقترحون بناءً على الشراء المتكرر داخل نفس القسم.
121,حذاء رياضي مريح - اصدار خاص,حذاء رياضي مريح - اصدار خاص,الازياء والملابس,unknown_subcategory,زارا,279.43,,Moderate,متوسط,Low Visibility,High,33.72,Low,Low,visibility,The product receives limited qualified visibility in the selected period.,trust|visibility,2,"Increase visibility through merchandising, search placement, and demand generation.",ارفع الظهور عبر الترويج والتموضع في البحث وتنشيط الطلب.,"Increase visibility through merchandising, search placement, and demand generation.",Bundle with فستان سهره انيق - اصدار خاص where relevant.,ارفع الظهور عبر الترويج والتموضع في البحث وتنشيط الطلب.,فعّل باقة او ربطا مع المنتج فستان سهره انيق - اصدار خاص عندما يكون ذلك مناسبا.,المنتج لا يحصل على عدد كافٍ من الزيارات خلال الفترة المختارة.,عدد المراجعات أقل من المنتجات المشابهة مما يضعف الثقة,Conversion 400.00% vs category avg 228.45%.,,,6,2.0,6.0,4.0,2.284453274168197,1.7509659948971632,7824.04,True,73,فستان سهره انيق - اصدار خاص,Substitute,شركاء مقترحون بناءً على الشراء المتكرر داخل نفس القسم.
50,عداد خطوات ذكي,عداد خطوات ذكي,الرياضه واللياقه,unknown_subcategory,ريبوك,103.84,,Strong,قوي,Low Visibility,High,31.39,Low,Low,visibility,The product receives limited qualified visibility in the selected period.,trust|visibility,2,"Increase visibility through merchandising, search placement, and demand generation.",ارفع الظهور عبر الترويج والتموضع في البحث وتنشيط الطلب.,"Increase visibility through merchandising, search placement, and demand generation.",Bundle with حصيره يوغا مضاده للانزلاق where relevant.,ارفع الظهور عبر الترويج والتموضع في البحث وتنشيط الطلب.,فعّل باقة او ربطا مع المنتج حصيره يوغا مضاده للانزلاق عندما يكون ذلك مناسبا.,المنتج يحقق أداء جيدًا مقارنة ببقية المنتجات.,المنتج لا ينسجم جيدًا مع الفئة الغالبة داخل المجموعة | تقييم المنتج أقل من متوسط المنتجات المشابهة | عدد المراجعات أقل من المنتجات المشابهة مما يضعف الثقة,Conversion 3750.00% vs category avg 850.97%.,Rating trails peers (3.20 vs 3.82).,,8,1.0,8.0,37.5,8.50970943604373,4.406730956190464,33540.32,True,46,حصيره يوغا مضاده للانزلاق,Substitute,ارتباط قوي مُثبَت بالبيانات — يظهر المنتجان معاً بشكل متكرر.
9,راوتر واي فاي 6,راوتر واي فاي 6,الالكترونيات,unknown_subcategory,شاومي,864.52,,Strong,قوي,High Price vs Peers,High,31.19,Low,Low,pricing,The product appears overpriced relative to its closest peer group.,pricing|trust,2,Test a sharper price point or targeted promotion against peer price levels.,اختبر سعرا اكثر تنافسية او عرضا ترويجيا موجها مقارنة بالبدائل القريبة.,Test a sharper price point or targeted promotion against peer price levels.,Bundle with لابتوب الترا سليم where relevant.,اختبر سعرا اكثر تنافسية او عرضا ترويجيا موجها مقارنة بالبدائل القريبة.,فعّل باقة او ربطا مع المنتج لابتوب الترا سليم عندما يكون ذلك مناسبا.,المنتج يحقق أداء جيدًا مقارنة ببقية المنتجات.,السعر أعلى من المستوى المعتاد داخل المجموعة المنافسة | تقييم المنتج أقل من متوسط المنتجات المشابهة | عدد المراجعات أقل من المنتجات المشابهة مما يضعف الثقة,Conversion 2061.54% vs category avg 796.12%.,Price is above peer average (864.52 vs 318.09).,Rating trails peers (3.10 vs 3.72).,13,5.0,13.0,20.615384615384617,7.961233440029987,2.5894711881865087,247252.72,True,2,لابتوب الترا سليم,Substitute,ارتباط قوي مُثبَت بالبيانات — يظهر المنتجان معاً بشكل متكرر.
6,شاشه 4K 27 انش,شاشه 4K 27 انش,الالكترونيات,unknown_subcategory,ابل,2618.75,,Strong,قوي,High Price vs Peers,High,30.86,Low,Low,pricing,The product appears overpriced relative to its closest peer group.,pricing|trust,2,Test a sharper price point or targeted promotion against peer price levels.,اختبر سعرا اكثر تنافسية او عرضا ترويجيا موجها مقارنة بالبدائل القريبة.,Test a sharper price point or targeted promotion against peer price levels.,Bundle with لابتوب الترا سليم where relevant.,اختبر سعرا اكثر تنافسية او عرضا ترويجيا موجها مقارنة بالبدائل القريبة.,فعّل باقة او ربطا مع المنتج لابتوب الترا سليم عندما يكون ذلك مناسبا.,المنتج يحقق أداء جيدًا مقارنة ببقية المنتجات.,السعر أعلى من المستوى المعتاد داخل المجموعة المنافسة | تقييم المنتج أقل من متوسط المنتجات المشابهة | عدد المراجعات أقل من المنتجات المشابهة مما يضعف الثقة,Conversion 1225.00% vs category avg 796.12%.,Price is above peer average (2618.75 vs 3023.16).,Rating trails peers (3.10 vs 3.36).,24,8.0,24.0,12.25,7.961233440029987,1.538706293726498,838000.0,True,2,لابتوب الترا سليم,Substitute,ارتباط قوي مُثبَت بالبيانات — يظهر المنتجان معاً بشكل متكرر.
197,مكيف هواء انفيرتر 18000 - اصدار خاص,مكيف هواء انفيرتر 18000 - اصدار خاص,المنزل والمطبخ,unknown_subcategory,توشيبا,1440.46,,Strong,قوي,High Abandonment + High Price vs Peers + Weak Content,High,30.67,Low,Low,conversion_friction,"Cart activity exists, but too few cart users convert to buyers. Additional issues detected (conversion_friction | pricing | content): The product appears overpriced relative to its closest peer group. Also: Product content richness or image coverage lags similar products.",conversion_friction|pricing|trust|content,4,Investigate checkout or value-friction and reduce drop-off after add-to-cart.,افحص تعثر ما بعد الاضافة للسلة وخفف اسباب الانسحاب قبل الشراء.,Investigate checkout or value-friction and reduce drop-off after add-to-cart.,Bundle with فرن كهربايي 60 لتر - اصدار خاص where relevant.,افحص تعثر ما بعد الاضافة للسلة وخفف اسباب الانسحاب قبل الشراء.,فعّل باقة او ربطا مع المنتج فرن كهربايي 60 لتر - اصدار خاص عندما يكون ذلك مناسبا.,المنتج يحقق أداء جيدًا مقارنة ببقية المنتجات.,السعر أعلى من المستوى المعتاد داخل المجموعة المنافسة | الدعم البصري أضعف من المنافسين من حيث عدد الصور | عدد المراجعات أقل من المنتجات المشابهة مما يضعف الثقة,Conversion 95.45% vs category avg 439.13%.,Price is above peer average (1440.46 vs 1489.56).,Cart abandonment is high at 100.00%.,44,15.0,41.0,0.9545454545454546,4.391284662352632,0.2173727116187581,69142.08,True,91,فرن كهربايي 60 لتر - اصدار خاص,Substitute,شركاء مقترحون بناءً على الشراء المتكرر داخل نفس القسم.
41,حذاء جري احترافي,حذاء جري احترافي,الرياضه واللياقه,unknown_subcategory,هيد,708.68,,Strong,قوي,High Price vs Peers + Low Visibility,High,30.45,Low,Low,pricing,The product appears overpriced relative to its closest peer group. Additional issues detected (pricing | visibility): The product receives limited qualified visibility in the selected period.,pricing|trust|visibility,3,Test a sharper price point or targeted promotion against peer price levels.,اختبر سعرا اكثر تنافسية او عرضا ترويجيا موجها مقارنة بالبدائل القريبة.,Test a sharper price point or targeted promotion against peer price levels.,Bundle with اوزان حديد طقم 20 كيلو where relevant.,اختبر سعرا اكثر تنافسية او عرضا ترويجيا موجها مقارنة بالبدائل القريبة.,فعّل باقة او ربطا مع المنتج اوزان حديد طقم 20 كيلو عندما يكون ذلك مناسبا.,المنتج يحقق أداء جيدًا مقارنة ببقية المنتجات.,السعر أعلى من المستوى المعتاد داخل المجموعة المنافسة | المنتج لا ينسجم جيدًا مع الفئة الغالبة داخل المجموعة | عدد المراجعات أقل من المنتجات المشابهة مما يضعف الثقة,Conversion 4266.67% vs category avg 850.97%.,Price is above peer average (708.68 vs 291.17).,,6,1.0,6.0,42.66666666666666,8.50970943604373,5.013880554598928,196304.36,True,47,اوزان حديد طقم 20 كيلو,Substitute,ارتباط قوي مُثبَت بالبيانات — يظهر المنتجان معاً بشكل متكرر.
2,لابتوب الترا سليم,لابتوب الترا سليم,الالكترونيات,unknown_subcategory,شاومي,6856.93,,Strong,قوي,High Price vs Peers + Weak Content,High,29.59,Low,Low,pricing,The product appears overpriced relative to its closest peer group. Additional issues detected (pricing | content): Product content richness or image coverage lags similar products.,pricing|trust|content,3,Test a sharper price point or targeted promotion against peer price levels.,اختبر سعرا اكثر تنافسية او عرضا ترويجيا موجها مقارنة بالبدائل القريبة.,Test a sharper price point or targeted promotion against peer price levels.,Bundle with راوتر واي فاي 6 where relevant.,اختبر سعرا اكثر تنافسية او عرضا ترويجيا موجها مقارنة بالبدائل القريبة.,فعّل باقة او ربطا مع المنتج راوتر واي فاي 6 عندما يكون ذلك مناسبا.,المنتج يحقق أداء جيدًا مقارنة ببقية المنتجات.,السعر أعلى من المستوى المعتاد داخل المجموعة المنافسة | الدعم البصري أضعف من المنافسين من حيث عدد الصور | عدد المراجعات أقل من المنتجات المشابهة مما يضعف الثقة,Conversion 3208.33% vs category avg 796.12%.,Price is above peer average (6856.93 vs 1523.65).,,12,2.0,12.0,32.083333333333336,7.961233440029987,4.029945054997972,2969050.69,True,9,راوتر واي فاي 6,Substitute,ارتباط قوي مُثبَت بالبيانات — يظهر المنتجان معاً بشكل متكرر.
42,لباس رياضي ضاغط,لباس رياضي ضاغط,الرياضه واللياقه,unknown_subcategory,ريبوك,162.27,,Strong,قوي,انسحاب مرتفع بعد الإضافة للسلة,High,28.8,Low,Low,mixed_context,المنتج لا ينسجم جيدًا مع الفئة الغالبة داخل المجموعة | تقييم المنتج أقل من متوسط المنتجات المشابهة | عدد المراجعات أقل من المنتجات المشابهة مما يضعف الثقة,trust,1,"Apply a focused optimization plan across pricing, content, and conversion levers.",طبق خطة تحسين مركزة تشمل السعر والمحتوى ومحفزات التحويل.,"Apply a focused optimization plan across pricing, content, and conversion levers.",Bundle with حقيبه رياضيه جيم where relevant.,طبق خطة تحسين مركزة تشمل السعر والمحتوى ومحفزات التحويل.,فعّل باقة او ربطا مع المنتج حقيبه رياضيه جيم عندما يكون ذلك مناسبا.,المنتج يحقق أداء جيدًا مقارنة ببقية المنتجات.,المنتج لا ينسجم جيدًا مع الفئة الغالبة داخل المجموعة | تقييم المنتج أقل من متوسط المنتجات المشابهة | عدد المراجعات أقل من المنتجات المشابهة مما يضعف الثقة,Conversion 3764.29% vs category avg 850.97%.,Rating trails peers (3.10 vs 3.84).,,14,8.0,14.0,37.642857142857146,8.50970943604373,4.4235185026902375,92331.63,True,48,حقيبه رياضيه جيم,Substitute,ارتباط قوي مُثبَت بالبيانات — يظهر المنتجان معاً بشكل متكرر.
37,غسول وجه للبشره الحساسه,غسول وجه للبشره الحساسه,الجمال والعنايه,unknown_subcategory,ماك,113.29,,Strong,قوي,انسحاب مرتفع بعد الإضافة للسلة,High,25.93,Low,Low,mixed_context,تقييم المنتج أقل من متوسط المنتجات المشابهة | عدد المراجعات أقل من المنتجات المشابهة مما يضعف الثقة,trust,1,"Apply a focused optimization plan across pricing, content, and conversion levers.",طبق خطة تحسين مركزة تشمل السعر والمحتوى ومحفزات التحويل.,"Apply a focused optimization plan across pricing, content, and conversion levers.",Bundle with سيروم فيتامين سي where relevant.,طبق خطة تحسين مركزة تشمل السعر والمحتوى ومحفزات التحويل.,فعّل باقة او ربطا مع المنتج سيروم فيتامين سي عندما يكون ذلك مناسبا.,المنتج يحقق أداء جيدًا مقارنة ببقية المنتجات.,تقييم المنتج أقل من متوسط المنتجات المشابهة | عدد المراجعات أقل من المنتجات المشابهة مما يضعف الثقة,Conversion 1304.55% vs category avg 676.88%.,Rating trails peers (3.30 vs 3.58).,,22,6.0,22.0,13.045454545454543,6.768778422340422,1.927298211210148,35346.48,True,32,سيروم فيتامين سي,Substitute,ارتباط قوي مُثبَت بالبيانات — يظهر المنتجان معاً بشكل متكرر.
54,قاموس عربي انجليزي شامل,قاموس عربي انجليزي شامل,الكتب والتعليم,unknown_subcategory,نشر المعرفه,131.19,,Strong,قوي,انسحاب مرتفع بعد الإضافة للسلة,High,25.86,Low,Low,mixed_context,تقييم المنتج أقل من متوسط المنتجات المشابهة | عدد المراجعات أقل من المنتجات المشابهة مما يضعف الثقة,trust,1,"Apply a focused optimization plan across pricing, content, and conversion levers.",طبق خطة تحسين مركزة تشمل السعر والمحتوى ومحفزات التحويل.,"Apply a focused optimization plan across pricing, content, and conversion levers.",Bundle with كتاب تعلم البرمجه بالعربيه where relevant.,طبق خطة تحسين مركزة تشمل السعر والمحتوى ومحفزات التحويل.,فعّل باقة او ربطا مع المنتج كتاب تعلم البرمجه بالعربيه عندما يكون ذلك مناسبا.,المنتج يحقق أداء جيدًا مقارنة ببقية المنتجات.,تقييم المنتج أقل من متوسط المنتجات المشابهة | عدد المراجعات أقل من المنتجات المشابهة مما يضعف الثقة,Conversion 1825.00% vs category avg 336.35%.,Rating trails peers (3.00 vs 3.54).,,16,5.0,16.0,18.25,3.3634956997365264,5.425902581480804,41849.61,True,51,كتاب تعلم البرمجه بالعربيه,Substitute,ارتباط قوي مُثبَت بالبيانات — يظهر المنتجان معاً بشكل متكرر.
1,هاتف ذكي برو ماكس,هاتف ذكي برو ماكس,الالكترونيات,unknown_subcategory,ابل,5429.43,,Strong,قوي,High Price vs Peers + Low Visibility,High,25.12,Low,Low,pricing,The product appears overpriced relative to its closest peer group. Additional issues detected (pricing | visibility): The product receives limited qualified visibility in the selected period.,pricing|trust|visibility,3,Test a sharper price point or targeted promotion against peer price levels.,اختبر سعرا اكثر تنافسية او عرضا ترويجيا موجها مقارنة بالبدائل القريبة.,Test a sharper price point or targeted promotion against peer price levels.,Bundle with شاحن لاسلكي سريع where relevant.,اختبر سعرا اكثر تنافسية او عرضا ترويجيا موجها مقارنة بالبدائل القريبة.,فعّل باقة او ربطا مع المنتج شاحن لاسلكي سريع عندما يكون ذلك مناسبا.,المنتج يحقق أداء جيدًا مقارنة ببقية المنتجات.,السعر أعلى من المستوى المعتاد داخل المجموعة المنافسة | عدد المراجعات أقل من المنتجات المشابهة مما يضعف الثقة,Conversion 4122.22% vs category avg 796.12%.,Price is above peer average (5429.43 vs 1809.15).,,9,4.0,9.0,41.22222222222222,7.961233440029987,5.177868797936787,2188060.29,True,10,شاحن لاسلكي سريع,Substitute,ارتباط قوي مُثبَت بالبيانات — يظهر المنتجان معاً بشكل متكرر.
4,ساعه ذكيه سبورت,ساعه ذكيه سبورت,الالكترونيات,unknown_subcategory,شاومي,1045.02,,Strong,قوي,High Price vs Peers + Low Visibility,High,25.02,Low,Low,pricing,The product appears overpriced relative to its closest peer group. Additional issues detected (pricing | visibility): The product receives limited qualified visibility in the selected period.,pricing|trust|visibility,3,Test a sharper price point or targeted promotion against peer price levels.,اختبر سعرا اكثر تنافسية او عرضا ترويجيا موجها مقارنة بالبدائل القريبة.,Test a sharper price point or targeted promotion against peer price levels.,Bundle with هاتف ذكي برو ماكس where relevant.,اختبر سعرا اكثر تنافسية او عرضا ترويجيا موجها مقارنة بالبدائل القريبة.,فعّل باقة او ربطا مع المنتج هاتف ذكي برو ماكس عندما يكون ذلك مناسبا.,المنتج يحقق أداء جيدًا مقارنة ببقية المنتجات.,السعر أعلى من المستوى المعتاد داخل المجموعة المنافسة | عدد المراجعات أقل من المنتجات المشابهة مما يضعف الثقة,Conversion 3387.50% vs category avg 796.12%.,Price is above peer average (1045.02 vs 446.00).,,8,3.0,8.0,33.875,7.961233440029987,4.254993934692664,308280.9,True,1,هاتف ذكي برو ماكس,Substitute,ارتباط قوي مُثبَت بالبيانات — يظهر المنتجان معاً بشكل متكرر.
138,جهاز مشي كهربايي - اصدار خاص,جهاز مشي كهربايي - اصدار خاص,الرياضه واللياقه,unknown_subcategory,بوما,2075.88,,Strong,قوي,High Abandonment + High Price vs Peers + Weak Content + Low Visibility,High,24.81,Low,Low,conversion_friction,"Cart activity exists, but too few cart users convert to buyers. Additional issues detected (conversion_friction | pricing | content | visibility): The product appears overpriced relative to its closest peer group. Also: Product content richness or image coverage lags similar products. Also: The product receives limited qualified visibility in the selected period.",conversion_friction|pricing|trust|content|visibility,5,Investigate checkout or value-friction and reduce drop-off after add-to-cart.,افحص تعثر ما بعد الاضافة للسلة وخفف اسباب الانسحاب قبل الشراء.,Investigate checkout or value-friction and reduce drop-off after add-to-cart.,Bundle with حصيره يوغا مضاده للانزلاق where relevant.,افحص تعثر ما بعد الاضافة للسلة وخفف اسباب الانسحاب قبل الشراء.,فعّل باقة او ربطا مع المنتج حصيره يوغا مضاده للانزلاق عندما يكون ذلك مناسبا.,المنتج يحقق أداء جيدًا مقارنة ببقية المنتجات.,السعر أعلى من المستوى المعتاد داخل المجموعة المنافسة | الدعم البصري أضعف من المنافسين من حيث عدد الصور | عدد المراجعات أقل من المنتجات المشابهة مما يضعف الثقة,Conversion 585.71% vs category avg 850.97%.,Price is above peer average (2075.88 vs 1422.89).,Cart abandonment is high at 100.00%.,7,2.0,7.0,5.857142857142857,8.50970943604373,0.688289406490701,93414.6,True,46,حصيره يوغا مضاده للانزلاق,Substitute,شركاء مقترحون بناءً على الشراء المتكرر داخل نفس القسم.
35,عطر نسايي زهري,عطر نسايي زهري,الجمال والعنايه,unknown_subcategory,افينو,790.82,,Strong,قوي,High Price vs Peers,High,24.77,Low,Low,pricing,The product appears overpriced relative to its closest peer group.,pricing|trust,2,Test a sharper price point or targeted promotion against peer price levels.,اختبر سعرا اكثر تنافسية او عرضا ترويجيا موجها مقارنة بالبدائل القريبة.,Test a sharper price point or targeted promotion against peer price levels.,Bundle with طقم مكياج احترافي where relevant.,اختبر سعرا اكثر تنافسية او عرضا ترويجيا موجها مقارنة بالبدائل القريبة.,فعّل باقة او ربطا مع المنتج طقم مكياج احترافي عندما يكون ذلك مناسبا.,المنتج يحقق أداء جيدًا مقارنة ببقية المنتجات.,السعر أعلى من المستوى المعتاد داخل المجموعة المنافسة | عدد المراجعات أقل من المنتجات المشابهة مما يضعف الثقة,Conversion 2191.67% vs category avg 676.88%.,Price is above peer average (790.82 vs 290.44).,,12,3.0,12.0,21.916666666666668,6.768778422340422,3.2379057636649007,235664.36,True,34,طقم مكياج احترافي,Substitute,ارتباط قوي مُثبَت بالبيانات — يظهر المنتجان معاً بشكل متكرر.
31,كريم مرطب SPF 50,كريم مرطب SPF 50,الجمال والعنايه,unknown_subcategory,دوف,118.65,,Strong,قوي,Weak Content,High,24.66,Low,Low,content,Product content richness or image coverage lags similar products.,trust|content,2,"Improve product content with stronger visuals, richer copy, and clearer value proposition.",حسن المحتوى عبر صور اقوى ووصف اغنى وتوضيح ادق للقيمة.,"Improve product content with stronger visuals, richer copy, and clearer value proposition.",Bundle with سيروم فيتامين سي where relevant.,حسن المحتوى عبر صور اقوى ووصف اغنى وتوضيح ادق للقيمة.,فعّل باقة او ربطا مع المنتج سيروم فيتامين سي عندما يكون ذلك مناسبا.,المنتج يحقق أداء جيدًا مقارنة ببقية المنتجات.,الدعم البصري أضعف من المنافسين من حيث عدد الصور | عدد المراجعات أقل من المنتجات المشابهة مما يضعف الثقة,Conversion 1500.00% vs category avg 676.88%.,,,19,6.0,19.0,15.0,6.768778422340422,2.216057176652784,37374.75,True,32,سيروم فيتامين سي,Substitute,ارتباط قوي مُثبَت بالبيانات — يظهر المنتجان معاً بشكل متكرر.
33,مجموعه عنايه بالشعر,مجموعه عنايه بالشعر,الجمال والعنايه,unknown_subcategory,نيفيا,404.5,,Strong,قوي,High Price vs Peers,High,24.54,Low,Low,pricing,The product appears overpriced relative to its closest peer group.,pricing|trust,2,Test a sharper price point or targeted promotion against peer price levels.,اختبر سعرا اكثر تنافسية او عرضا ترويجيا موجها مقارنة بالبدائل القريبة.,Test a sharper price point or targeted promotion against peer price levels.,Bundle with طقم مكياج احترافي where relevant.,اختبر سعرا اكثر تنافسية او عرضا ترويجيا موجها مقارنة بالبدائل القريبة.,فعّل باقة او ربطا مع المنتج طقم مكياج احترافي عندما يكون ذلك مناسبا.,المنتج يحقق أداء جيدًا مقارنة ببقية المنتجات.,السعر أعلى من المستوى المعتاد داخل المجموعة المنافسة | عدد المراجعات أقل من المنتجات المشابهة مما يضعف الثقة,Conversion 1741.18% vs category avg 676.88%.,Price is above peer average (404.50 vs 385.04).,,17,7.0,17.0,17.41176470588235,6.768778422340422,2.5723644089773487,128226.5,True,34,طقم مكياج احترافي,Substitute,ارتباط قوي مُثبَت بالبيانات — يظهر المنتجان معاً بشكل متكرر.
38,زيت ارغان طبيعي,زيت ارغان طبيعي,الجمال والعنايه,unknown_subcategory,ماك,325.54,,Strong,قوي,High Price vs Peers,High,24.5,Low,Low,pricing,The product appears overpriced relative to its closest peer group.,pricing|trust,2,Test a sharper price point or targeted promotion against peer price levels.,اختبر سعرا اكثر تنافسية او عرضا ترويجيا موجها مقارنة بالبدائل القريبة.,Test a sharper price point or targeted promotion against peer price levels.,Bundle with طقم مكياج احترافي where relevant.,اختبر سعرا اكثر تنافسية او عرضا ترويجيا موجها مقارنة بالبدائل القريبة.,فعّل باقة او ربطا مع المنتج طقم مكياج احترافي عندما يكون ذلك مناسبا.,المنتج يحقق أداء جيدًا مقارنة ببقية المنتجات.,السعر أعلى من المستوى المعتاد داخل المجموعة المنافسة | عدد المراجعات أقل من المنتجات المشابهة مما يضعف الثقة,Conversion 1561.11% vs category avg 676.88%.,Price is above peer average (325.54 vs 278.35).,,18,6.0,18.0,15.61111111111111,6.768778422340422,2.3063409875534524,99615.24,True,34,طقم مكياج احترافي,Substitute,ارتباط قوي مُثبَت بالبيانات — يظهر المنتجان معاً بشكل متكرر.
56,دوره برمجه اكاديميه USB,دوره برمجه اكاديميه USB,الكتب والتعليم,unknown_subcategory,مكتبه جرير,327.69,,Strong,قوي,High Price vs Peers,High,24.33,Low,Low,pricing,The product appears overpriced relative to its closest peer group.,pricing|trust,2,Test a sharper price point or targeted promotion against peer price levels.,اختبر سعرا اكثر تنافسية او عرضا ترويجيا موجها مقارنة بالبدائل القريبة.,Test a sharper price point or targeted promotion against peer price levels.,Bundle with كتاب تعلم البرمجه بالعربيه where relevant.,اختبر سعرا اكثر تنافسية او عرضا ترويجيا موجها مقارنة بالبدائل القريبة.,فعّل باقة او ربطا مع المنتج كتاب تعلم البرمجه بالعربيه عندما يكون ذلك مناسبا.,المنتج يحقق أداء جيدًا مقارنة ببقية المنتجات.,السعر أعلى من المستوى المعتاد داخل المجموعة المنافسة | عدد المراجعات أقل من المنتجات المشابهة مما يضعف الثقة,Conversion 1187.50% vs category avg 336.35%.,Price is above peer average (327.69 vs 151.54).,,24,6.0,24.0,11.875,3.3634956997365264,3.530553049593673,102566.97,True,51,كتاب تعلم البرمجه بالعربيه,Substitute,ارتباط قوي مُثبَت بالبيانات — يظهر المنتجان معاً بشكل متكرر.
48,حقيبه رياضيه جيم,حقيبه رياضيه جيم,الرياضه واللياقه,unknown_subcategory,هيد,377.48,,Strong,قوي,انسحاب مرتفع بعد الإضافة للسلة,High,22.8,Low,Low,mixed_context,المنتج لا ينسجم جيدًا مع الفئة الغالبة داخل المجموعة | عدد المراجعات أقل من المنتجات المشابهة مما يضعف الثقة,trust,1,"Apply a focused optimization plan across pricing, content, and conversion levers.",طبق خطة تحسين مركزة تشمل السعر والمحتوى ومحفزات التحويل.,"Apply a focused optimization plan across pricing, content, and conversion levers.",Bundle with لباس رياضي ضاغط where relevant.,طبق خطة تحسين مركزة تشمل السعر والمحتوى ومحفزات التحويل.,فعّل باقة او ربطا مع المنتج لباس رياضي ضاغط عندما يكون ذلك مناسبا.,المنتج يحقق أداء جيدًا مقارنة ببقية المنتجات.,المنتج لا ينسجم جيدًا مع الفئة الغالبة داخل المجموعة | عدد المراجعات أقل من المنتجات المشابهة مما يضعف الثقة,Conversion 4069.23% vs category avg 850.97%.,,,13,5.0,13.0,40.69230769230769,8.50970943604373,4.7818680529738575,220825.8,True,42,لباس رياضي ضاغط,Substitute,ارتباط قوي مُثبَت بالبيانات — يظهر المنتجان معاً بشكل متكرر.
10,شاحن لاسلكي سريع,شاحن لاسلكي سريع,الالكترونيات,unknown_subcategory,سامسونج,96.42,,Strong,قوي,Low Visibility,High,20.32,Low,Low,visibility,The product receives limited qualified visibility in the selected period.,trust|visibility,2,"Increase visibility through merchandising, search placement, and demand generation.",ارفع الظهور عبر الترويج والتموضع في البحث وتنشيط الطلب.,"Increase visibility through merchandising, search placement, and demand generation.",Bundle with هاتف ذكي برو ماكس where relevant.,ارفع الظهور عبر الترويج والتموضع في البحث وتنشيط الطلب.,فعّل باقة او ربطا مع المنتج هاتف ذكي برو ماكس عندما يكون ذلك مناسبا.,المنتج يحقق أداء جيدًا مقارنة ببقية المنتجات.,عدد المراجعات أقل من المنتجات المشابهة مما يضعف الثقة,Conversion 3262.50% vs category avg 796.12%.,,,8,0.0,8.0,32.625,7.961233440029987,4.097983088394041,27865.38,True,1,هاتف ذكي برو ماكس,Substitute,ارتباط قوي مُثبَت بالبيانات — يظهر المنتجان معاً بشكل متكرر.
32,سيروم فيتامين سي,سيروم فيتامين سي,الجمال والعنايه,unknown_subcategory,بيوتانيا,182.43,,Strong,قوي,انسحاب مرتفع بعد الإضافة للسلة,High,20.26,Low,Low,mixed_context,عدد المراجعات أقل من المنتجات المشابهة مما يضعف الثقة,trust,1,"Apply a focused optimization plan across pricing, content, and conversion levers.",طبق خطة تحسين مركزة تشمل السعر والمحتوى ومحفزات التحويل.,"Apply a focused optimization plan across pricing, content, and conversion levers.",Bundle with كريم مرطب SPF 50 where relevant.,طبق خطة تحسين مركزة تشمل السعر والمحتوى ومحفزات التحويل.,فعّل باقة او ربطا مع المنتج كريم مرطب SPF 50 عندما يكون ذلك مناسبا.,المنتج يحقق أداء جيدًا مقارنة ببقية المنتجات.,عدد المراجعات أقل من المنتجات المشابهة مما يضعف الثقة,Conversion 2692.86% vs category avg 676.88%.,,,14,4.0,14.0,26.928571428571427,6.768778422340422,3.978350264752854,76255.74,True,31,كريم مرطب SPF 50,Substitute,ارتباط قوي مُثبَت بالبيانات — يظهر المنتجان معاً بشكل متكرر.
39,قناع وجه كولاجين,قناع وجه كولاجين,الجمال والعنايه,unknown_subcategory,ماك,51.31,,Strong,قوي,انسحاب مرتفع بعد الإضافة للسلة,High,20.1,Low,Low,mixed_context,عدد المراجعات أقل من المنتجات المشابهة مما يضعف الثقة,trust,1,"Apply a focused optimization plan across pricing, content, and conversion levers.",طبق خطة تحسين مركزة تشمل السعر والمحتوى ومحفزات التحويل.,"Apply a focused optimization plan across pricing, content, and conversion levers.",Bundle with سيروم فيتامين سي where relevant.,طبق خطة تحسين مركزة تشمل السعر والمحتوى ومحفزات التحويل.,فعّل باقة او ربطا مع المنتج سيروم فيتامين سي عندما يكون ذلك مناسبا.,المنتج يحقق أداء جيدًا مقارنة ببقية المنتجات.,عدد المراجعات أقل من المنتجات المشابهة مما يضعف الثقة,Conversion 1395.00% vs category avg 676.88%.,,,20,7.0,20.0,13.95,6.768778422340422,2.0609331742870887,15906.1,True,32,سيروم فيتامين سي,Substitute,ارتباط قوي مُثبَت بالبيانات — يظهر المنتجان معاً بشكل متكرر.
51,كتاب تعلم البرمجه بالعربيه,كتاب تعلم البرمجه بالعربيه,الكتب والتعليم,unknown_subcategory,دار قرطبه,66.67,,Strong,قوي,انسحاب مرتفع بعد الإضافة للسلة,High,19.86,Low,Low,mixed_context,عدد المراجعات أقل من المنتجات المشابهة مما يضعف الثقة,trust,1,"Apply a focused optimization plan across pricing, content, and conversion levers.",طبق خطة تحسين مركزة تشمل السعر والمحتوى ومحفزات التحويل.,"Apply a focused optimization plan across pricing, content, and conversion levers.",Bundle with قاموس عربي انجليزي شامل where relevant.,طبق خطة تحسين مركزة تشمل السعر والمحتوى ومحفزات التحويل.,فعّل باقة او ربطا مع المنتج قاموس عربي انجليزي شامل عندما يكون ذلك مناسبا.,المنتج يحقق أداء جيدًا مقارنة ببقية المنتجات.,عدد المراجعات أقل من المنتجات المشابهة مما يضعف الثقة,Conversion 765.38% vs category avg 336.35%.,,,52,18.0,52.0,7.653846153846154,3.3634956997365264,2.275562937227987,28868.11,True,54,قاموس عربي انجليزي شامل,Substitute,ارتباط قوي مُثبَت بالبيانات — يظهر المنتجان معاً بشكل متكرر.
53,كتاب رياده الاعمال والنجاح,كتاب رياده الاعمال والنجاح,الكتب والتعليم,unknown_subcategory,بنغوين,95.99,,Strong,قوي,انسحاب مرتفع بعد الإضافة للسلة,High,19.38,Low,Low,mixed_context,عدد المراجعات أقل من المنتجات المشابهة مما يضعف الثقة,trust,1,"Apply a focused optimization plan across pricing, content, and conversion levers.",طبق خطة تحسين مركزة تشمل السعر والمحتوى ومحفزات التحويل.,"Apply a focused optimization plan across pricing, content, and conversion levers.",Bundle with كتاب تعلم البرمجه بالعربيه where relevant.,طبق خطة تحسين مركزة تشمل السعر والمحتوى ومحفزات التحويل.,فعّل باقة او ربطا مع المنتج كتاب تعلم البرمجه بالعربيه عندما يكون ذلك مناسبا.,المنتج يحقق أداء جيدًا مقارنة ببقية المنتجات.,عدد المراجعات أقل من المنتجات المشابهة مما يضعف الثقة,Conversion 1055.56% vs category avg 336.35%.,,,27,5.0,27.0,10.555555555555555,3.3634956997365264,3.1382693774165986,29084.97,True,51,كتاب تعلم البرمجه بالعربيه,Substitute,ارتباط قوي مُثبَت بالبيانات — يظهر المنتجان معاً بشكل متكرر.
3,سماعات لاسلكيه,سماعات لاسلكيه,الالكترونيات,unknown_subcategory,سامسونج,182.88,,Strong,قوي,انسحاب مرتفع بعد الإضافة للسلة,High,17.49,Low,Low,mixed_context,عدد المراجعات أقل من المنتجات المشابهة مما يضعف الثقة,trust,1,"Apply a focused optimization plan across pricing, content, and conversion levers.",طبق خطة تحسين مركزة تشمل السعر والمحتوى ومحفزات التحويل.,"Apply a focused optimization plan across pricing, content, and conversion levers.",Bundle with لابتوب الترا سليم where relevant.,طبق خطة تحسين مركزة تشمل السعر والمحتوى ومحفزات التحويل.,فعّل باقة او ربطا مع المنتج لابتوب الترا سليم عندما يكون ذلك مناسبا.,المنتج يحقق أداء جيدًا مقارنة ببقية المنتجات.,عدد المراجعات أقل من المنتجات المشابهة مما يضعف الثقة,Conversion 4527.27% vs category avg 796.12%.,,,11,3.0,11.0,45.27272727272727,7.961233440029987,5.686647378670101,100584.0,True,2,لابتوب الترا سليم,Substitute,ارتباط قوي مُثبَت بالبيانات — يظهر المنتجان معاً بشكل متكرر.
88,دوره برمجه اكاديميه USB - اصدار خاص,دوره برمجه اكاديميه USB - اصدار خاص,الكتب والتعليم,unknown_subcategory,بنغوين,398.34,,Strong,قوي,High Price vs Peers + Low Visibility,High,16.49,Low,Low,pricing,The product appears overpriced relative to its closest peer group. Additional issues detected (pricing | visibility): The product receives limited qualified visibility in the selected period.,pricing|trust|visibility,3,Test a sharper price point or targeted promotion against peer price levels.,اختبر سعرا اكثر تنافسية او عرضا ترويجيا موجها مقارنة بالبدائل القريبة.,Test a sharper price point or targeted promotion against peer price levels.,Bundle with كتاب تعلم البرمجه بالعربيه where relevant.,اختبر سعرا اكثر تنافسية او عرضا ترويجيا موجها مقارنة بالبدائل القريبة.,فعّل باقة او ربطا مع المنتج كتاب تعلم البرمجه بالعربيه عندما يكون ذلك مناسبا.,المنتج يحقق أداء جيدًا مقارنة ببقية المنتجات.,السعر أعلى من المستوى المعتاد داخل المجموعة المنافسة | عدد المراجعات أقل من المنتجات المشابهة مما يضعف الثقة,Conversion 528.57% vs category avg 336.35%.,Price is above peer average (398.34 vs 145.94).,,7,0.0,7.0,5.285714285714286,3.3634956997365264,1.5714942897439508,15535.259999999998,True,51,كتاب تعلم البرمجه بالعربيه,Substitute,شركاء مقترحون بناءً على الشراء المتكرر داخل نفس القسم.
80,ماكينه قهوه اسبريسو - اصدار خاص,ماكينه قهوه اسبريسو - اصدار خاص,المنزل والمطبخ,unknown_subcategory,اريتي,996.58,,Strong,قوي,High Abandonment,High,15.61,Low,Low,conversion_friction,"Cart activity exists, but too few cart users convert to buyers.",conversion_friction|trust,2,Investigate checkout or value-friction and reduce drop-off after add-to-cart.,افحص تعثر ما بعد الاضافة للسلة وخفف اسباب الانسحاب قبل الشراء.,Investigate checkout or value-friction and reduce drop-off after add-to-cart.,Bundle with ماكينه قهوه اسبريسو where relevant.,افحص تعثر ما بعد الاضافة للسلة وخفف اسباب الانسحاب قبل الشراء.,فعّل باقة او ربطا مع المنتج ماكينه قهوه اسبريسو عندما يكون ذلك مناسبا.,المنتج يحقق أداء جيدًا مقارنة ببقية المنتجات.,عدد المراجعات أقل من المنتجات المشابهة مما يضعف الثقة,Conversion 300.00% vs category avg 439.13%.,Cart abandonment is high at 100.00%.,,13,4.0,13.0,3.0,4.391284662352632,0.68317137937324,43849.52,True,25,ماكينه قهوه اسبريسو,Substitute,شركاء مقترحون بناءً على الشراء المتكرر داخل نفس القسم.
