product_id,name,display_name,category,subcategory,brand,price,image_url,has_image,view,cart,purchase,purchase_signal,views,cart_adds,total_orders,carts,purchases,unique_viewers,unique_cart_users,event_unique_buyers,order_unique_buyers,unique_buyers_raw,unique_cart_users_bounded,unique_buyers,sales_without_view_signal_flag,revenue,ordered_quantity,purchase_orders,view_to_cart_rate,cart_to_purchase_rate,view_to_purchase_rate,cart_abandon_rate,cart_rate,purchase_conversion_rate,cart_abandonment_rate,product_class,z_score,z_composite_score,priority_rank,rank_within_class_best,action_priority,conversion_rate,category_avg_conversion,category_median_conversion,category_avg_views,relative_conversion_vs_category,insufficient_views_flag,insufficient_purchases_flag,insufficient_cart_data_flag,confidence_level,insufficient_data_flag,low_visibility_flag,high_abandonment_flag,low_conversion_flag,low_engagement_flag,diagnostic_status_label,diagnostic_status_sub_label,diagnostic_reason_short,diagnostic_reason,rating,review_count,product_age_days,description_length,description_length_words,description_length_chars,number_of_images,total_sales_value,unique_order_count,avg_review_rating,total_views,total_cart_adds,total_event_purchases,analysis_start_date,analysis_end_date,peer_product_ids,peer_names,peer_avg_price,peer_avg_rating,peer_avg_conversion,top_similarity_score,top_peer_product_id,top_peer_name,price_gap_flag,rating_gap_flag,review_gap_flag,image_gap_flag,content_gap_flag,new_product_flag,category_context_flag,context_primary_gap,context_secondary_gap,contextual_risk_score,contextual_weakness_reason,similarity_cluster,bundle_partner_product_id,bundle_partner_name,bundle_partner_image_url,bundle_strategy,bundle_score,bundle_reason,bundle_business_explanation,has_bundle_opportunity,root_cause,root_cause_details,performance_status,performance_substatus,all_issues,issues_count,recommended_action_primary,recommended_action_primary_ar,recommended_action_secondary,recommended_action_secondary_ar,action_type,recommended_action,recommended_action_ar,evidence_line_1,evidence_line_2,evidence_line_3,priority_score,priority_tier,urgency_level
124,كاميرا ميرورليس - اصدار خاص,كاميرا ميرورليس - اصدار خاص,الالكترونيات,unknown_subcategory,ال جي,4869.43,,False,52,14,0,25,52,14,0,14,25,46,14.0,0.0,24,24.0,14.0,24.0,False,141213.47,29,25,0.2692307692307692,0.0,0.0,1.0,0.2692307692307692,0.5434782608695652,1.0,Moderate,0.3576780181379239,0.3576780181379239,18.0,18.0,18.0,0.0,7.961233440029987,1.9,20.12121212121212,0.068265585347227,False,False,False,High,False,False,True,True,False,متوسط,انسحاب مرتفع بعد الإضافة للسلة,انسحاب مرتفع بعد الإضافة للسلة,المنتج يُشاهَد لكنه لا يتحول إلى شراء بالمستوى المطلوب.,2.8,0,1144.0,88,14,88,1,141213.47,25,2.8,52,14,0,2024-01-01,2024-12-30,108|69|177|107|147,كاميرا ميرورليس - اصدار خاص|لابتوب الترا سليم - اصدار خاص|لابتوب الترا سليم - اصدار خاص|كاميرا ميرورليس - اصدار خاص|هاتف ذكي برو ماكس - اصدار خاص,4608.482,3.3,2.4291321105794785,0.9747972668547374,108,كاميرا ميرورليس - اصدار خاص,True,True,True,True,False,False,True,pricing,trust,7.6,السعر أعلى من المستوى المعتاد داخل المجموعة المنافسة | قوة العلامة التجارية أقل من منافسيه داخل المجموعة | تقييم المنتج أقل من متوسط المنتجات المشابهة | الدعم البصري أضعف من المنافسين من حيث عدد الصور | عدد المراجعات أقل من المنتجات المشابهة مما يضعف الثقة,0,141,ساعه ذكيه سبورت - اصدار خاص,,Substitute,1.1,شركاء مقترحون بناءً على الشراء المتكرر داخل نفس القسم.,منتجات من نفس القسم يميل العملاء لضمّها — فرصة بيع تكميلي داخلي.,True,conversion_friction,"Cart activity exists, but too few cart users convert to buyers. Additional issues detected (conversion_friction | pricing | content): The product appears overpriced relative to its closest peer group. Also: Product content richness or image coverage lags similar products.",Moderate Performance,High Abandonment + High Price vs Peers + Weak Content,conversion_friction|pricing|trust|content,4,Investigate checkout or value-friction and reduce drop-off after add-to-cart.,افحص تعثر ما بعد الاضافة للسلة وخفف اسباب الانسحاب قبل الشراء.,Bundle with ساعه ذكيه سبورت - اصدار خاص where relevant.,فعّل باقة او ربطا مع المنتج ساعه ذكيه سبورت - اصدار خاص عندما يكون ذلك مناسبا.,conversion+bundle,Investigate checkout or value-friction and reduce drop-off after add-to-cart.,افحص تعثر ما بعد الاضافة للسلة وخفف اسباب الانسحاب قبل الشراء.,Conversion 54.35% vs category avg 796.12%.,Price is above peer average (4869.43 vs 4608.48).,Rating trails peers (2.80 vs 3.30).,54.26,Medium,Medium
176,فرن كهربايي 60 لتر - اصدار خاص,فرن كهربايي 60 لتر - اصدار خاص,المنزل والمطبخ,unknown_subcategory,ديلونجي,1269.55,,False,55,11,0,19,55,11,0,11,19,51,11.0,0.0,19,19.0,11.0,19.0,False,25391.0,20,19,0.2,0.0,0.0,1.0,0.2,0.3725490196078431,1.0,Moderate,0.2346257613635479,0.2346257613635479,25.0,25.0,25.0,0.0,4.391284662352632,1.9285714285714288,21.80555555555556,0.0848382758698794,False,False,False,High,False,False,True,True,False,متوسط,انسحاب مرتفع بعد الإضافة للسلة,انسحاب مرتفع بعد الإضافة للسلة,المنتج يُشاهَد لكنه لا يتحول إلى شراء بالمستوى المطلوب.,4.2,0,1106.0,85,16,85,5,25391.0,19,4.2,55,11,0,2024-01-01,2024-12-30,136|119|162|111|82,فرن كهربايي 60 لتر - اصدار خاص|ماكينه قهوه اسبريسو - اصدار خاص|ثلاجه نوفروست 350 لتر - اصدار خاص|مكواه بخاريه احترافيه - اصدار خاص|مجموعه سكاكين مطبخ - اصدار خاص,1168.864,3.6599999999999993,1.8459523809523808,0.9004642313223892,136,فرن كهربايي 60 لتر - اصدار خاص,True,False,True,False,False,False,True,pricing,trust,5.0,السعر أعلى من المستوى المعتاد داخل المجموعة المنافسة | قوة العلامة التجارية أقل من منافسيه داخل المجموعة | عدد المراجعات أقل من المنتجات المشابهة مما يضعف الثقة,4,21,مكيف هواء انفيرتر 18000,,Substitute,1.1,شركاء مقترحون بناءً على الشراء المتكرر داخل نفس القسم.,منتجات من نفس القسم يميل العملاء لضمّها — فرصة بيع تكميلي داخلي.,True,conversion_friction,"Cart activity exists, but too few cart users convert to buyers. Additional issues detected (conversion_friction | pricing): The product appears overpriced relative to its closest peer group.",Moderate Performance,High Abandonment + High Price vs Peers,conversion_friction|pricing|trust,3,Investigate checkout or value-friction and reduce drop-off after add-to-cart.,افحص تعثر ما بعد الاضافة للسلة وخفف اسباب الانسحاب قبل الشراء.,Bundle with مكيف هواء انفيرتر 18000 where relevant.,فعّل باقة او ربطا مع المنتج مكيف هواء انفيرتر 18000 عندما يكون ذلك مناسبا.,conversion+bundle,Investigate checkout or value-friction and reduce drop-off after add-to-cart.,افحص تعثر ما بعد الاضافة للسلة وخفف اسباب الانسحاب قبل الشراء.,Conversion 37.25% vs category avg 439.13%.,Price is above peer average (1269.55 vs 1168.86).,Cart abandonment is high at 100.00%.,54.05,Medium,Medium
189,مزيل عرق رول اون - اصدار خاص,مزيل عرق رول اون - اصدار خاص,الجمال والعنايه,unknown_subcategory,ماك,46.18,,False,50,14,0,24,50,14,0,14,24,40,14.0,0.0,23,23.0,14.0,23.0,False,1293.04,28,24,0.28,0.0,0.0,1.0,0.28,0.6,1.0,Moderate,0.2822145545415421,0.2822145545415421,24.0,24.0,24.0,0.0,6.768778422340422,2.8,19.580645161290324,0.0886422870661113,False,False,False,High,False,False,True,True,False,متوسط,انسحاب مرتفع بعد الإضافة للسلة,انسحاب مرتفع بعد الإضافة للسلة,المنتج يُشاهَد لكنه لا يتحول إلى شراء بالمستوى المطلوب.,3.2,0,1228.0,70,14,70,3,1293.04,24,3.2,50,14,0,2024-01-01,2024-12-30,132|199|122|104|149,عطر رجالي عودي - اصدار خاص|زيت ارغان طبيعي - اصدار خاص|طقم مكياج احترافي - اصدار خاص|قناع وجه كولاجين - اصدار خاص|طقم مكياج احترافي - اصدار خاص,377.6259999999999,3.3400000000000007,2.708809523809524,0.9681127434962398,132,عطر رجالي عودي - اصدار خاص,False,True,True,True,False,False,True,trust,content,5.4,تقييم المنتج أقل من متوسط المنتجات المشابهة | الدعم البصري أضعف من المنافسين من حيث عدد الصور | عدد المراجعات أقل من المنتجات المشابهة مما يضعف الثقة,5,37,غسول وجه للبشره الحساسه,,Substitute,0.9,شركاء مقترحون بناءً على الشراء المتكرر داخل نفس القسم.,منتجات من نفس القسم يميل العملاء لضمّها — فرصة بيع تكميلي داخلي.,True,conversion_friction,"Cart activity exists, but too few cart users convert to buyers. Additional issues detected (conversion_friction | content): Product content richness or image coverage lags similar products.",Moderate Performance,High Abandonment + Weak Content,conversion_friction|trust|content,3,Investigate checkout or value-friction and reduce drop-off after add-to-cart.,افحص تعثر ما بعد الاضافة للسلة وخفف اسباب الانسحاب قبل الشراء.,Bundle with غسول وجه للبشره الحساسه where relevant.,فعّل باقة او ربطا مع المنتج غسول وجه للبشره الحساسه عندما يكون ذلك مناسبا.,conversion+bundle,Investigate checkout or value-friction and reduce drop-off after add-to-cart.,افحص تعثر ما بعد الاضافة للسلة وخفف اسباب الانسحاب قبل الشراء.,Conversion 60.00% vs category avg 676.88%.,Rating trails peers (3.20 vs 3.34).,Cart abandonment is high at 100.00%.,53.98,Medium,Medium
185,سماعات لاسلكيه - اصدار خاص,سماعات لاسلكيه - اصدار خاص,الالكترونيات,unknown_subcategory,لينوفو,329.38,,False,41,14,0,30,41,14,0,14,30,38,14.0,0.0,29,29.0,14.0,29.0,False,10869.54,33,30,0.3414634146341463,0.0,0.0,1.0,0.3414634146341463,0.7894736842105263,1.0,Moderate,0.2148381236148658,0.2148381236148658,28.0,28.0,28.0,0.0,7.961233440029987,1.9,20.12121212121212,0.0991647450307088,False,False,False,High,False,False,True,True,False,متوسط,انسحاب مرتفع بعد الإضافة للسلة,انسحاب مرتفع بعد الإضافة للسلة,المنتج يُشاهَد لكنه لا يتحول إلى شراء بالمستوى المطلوب.,3.2,0,1202.0,87,14,87,3,10869.54,30,3.2,41,14,0,2024-01-01,2024-12-30,137|194|102|115|7,راوتر واي فاي 6 - اصدار خاص|ساعه ذكيه سبورت - اصدار خاص|تابلت 10 انش - اصدار خاص|شاحن لاسلكي سريع - اصدار خاص|كاميرا ميرورليس,1070.714,3.6,1.5227546138072454,0.933662187038642,137,راوتر واي فاي 6 - اصدار خاص,False,True,True,False,False,False,True,trust,none,5.3,قوة العلامة التجارية أقل من منافسيه داخل المجموعة | تقييم المنتج أقل من متوسط المنتجات المشابهة | عدد المراجعات أقل من المنتجات المشابهة مما يضعف الثقة,0,126,شاحن لاسلكي سريع - اصدار خاص,,Substitute,0.8,شركاء مقترحون بناءً على الشراء المتكرر داخل نفس القسم.,منتجات من نفس القسم يميل العملاء لضمّها — فرصة بيع تكميلي داخلي.,True,conversion_friction,"Cart activity exists, but too few cart users convert to buyers.",Moderate Performance,High Abandonment,conversion_friction|trust,2,Investigate checkout or value-friction and reduce drop-off after add-to-cart.,افحص تعثر ما بعد الاضافة للسلة وخفف اسباب الانسحاب قبل الشراء.,Bundle with شاحن لاسلكي سريع - اصدار خاص where relevant.,فعّل باقة او ربطا مع المنتج شاحن لاسلكي سريع - اصدار خاص عندما يكون ذلك مناسبا.,conversion+bundle,Investigate checkout or value-friction and reduce drop-off after add-to-cart.,افحص تعثر ما بعد الاضافة للسلة وخفف اسباب الانسحاب قبل الشراء.,Conversion 78.95% vs category avg 796.12%.,Rating trails peers (3.20 vs 3.60).,Cart abandonment is high at 100.00%.,53.84,Medium,Medium
112,شاشه 4K 27 انش - اصدار خاص,شاشه 4K 27 انش - اصدار خاص,الالكترونيات,unknown_subcategory,ال جي,2651.9,,False,41,13,0,33,41,13,0,13,33,39,13.0,0.0,32,32.0,13.0,32.0,False,98120.3,37,33,0.3170731707317073,0.0,0.0,1.0,0.3170731707317073,0.8461538461538461,1.0,Moderate,0.2253897836838084,0.2253897836838084,26.0,26.0,26.0,0.0,7.961233440029987,1.9,20.12121212121212,0.1062842651867596,False,False,False,High,False,False,True,True,False,متوسط,انسحاب مرتفع بعد الإضافة للسلة,انسحاب مرتفع بعد الإضافة للسلة,المنتج يُشاهَد لكنه لا يتحول إلى شراء بالمستوى المطلوب.,4.9,0,1096.0,79,15,79,3,98120.3,33,4.9,41,13,0,2024-01-01,2024-12-30,90|81|147|102|107,شاشه 4K 27 انش - اصدار خاص|شاشه 4K 27 انش - اصدار خاص|هاتف ذكي برو ماكس - اصدار خاص|تابلت 10 انش - اصدار خاص|كاميرا ميرورليس - اصدار خاص,2968.92,4.3,2.294572795625428,0.96068720578532,90,شاشه 4K 27 انش - اصدار خاص,True,False,True,False,False,False,True,pricing,trust,5.0,السعر أعلى من المستوى المعتاد داخل المجموعة المنافسة | قوة العلامة التجارية أقل من منافسيه داخل المجموعة | عدد المراجعات أقل من المنتجات المشابهة مما يضعف الثقة,0,3,سماعات لاسلكيه,,Substitute,1.3,شركاء مقترحون بناءً على الشراء المتكرر داخل نفس القسم.,منتجات من نفس القسم يميل العملاء لضمّها — فرصة بيع تكميلي داخلي.,True,conversion_friction,"Cart activity exists, but too few cart users convert to buyers. Additional issues detected (conversion_friction | pricing): The product appears overpriced relative to its closest peer group.",Moderate Performance,High Abandonment + High Price vs Peers,conversion_friction|pricing|trust,3,Investigate checkout or value-friction and reduce drop-off after add-to-cart.,افحص تعثر ما بعد الاضافة للسلة وخفف اسباب الانسحاب قبل الشراء.,Bundle with سماعات لاسلكيه where relevant.,فعّل باقة او ربطا مع المنتج سماعات لاسلكيه عندما يكون ذلك مناسبا.,conversion+bundle,Investigate checkout or value-friction and reduce drop-off after add-to-cart.,افحص تعثر ما بعد الاضافة للسلة وخفف اسباب الانسحاب قبل الشراء.,Conversion 84.62% vs category avg 796.12%.,Price is above peer average (2651.90 vs 2968.92).,Cart abandonment is high at 100.00%.,53.8,Medium,Medium
146,اوزان حديد طقم 20 كيلو - اصدار خاص,اوزان حديد طقم 20 كيلو - اصدار خاص,الرياضه واللياقه,unknown_subcategory,اندر ارمور,323.76,,False,24,8,0,20,24,8,0,8,20,23,8.0,0.0,19,19.0,8.0,19.0,False,6798.96,21,20,0.3333333333333333,0.0,0.0,1.0,0.3333333333333333,0.8695652173913043,1.0,Moderate,-0.1476645667218614,-0.1476645667218614,52.0,52.0,52.0,0.0,8.50970943604373,2.117647058823529,17.666666666666668,0.1021850656507933,False,False,False,High,False,False,True,True,False,متوسط,انسحاب مرتفع بعد الإضافة للسلة,انسحاب مرتفع بعد الإضافة للسلة,المنتج يُشاهَد لكنه لا يتحول إلى شراء بالمستوى المطلوب.,3.4,0,1081.0,88,17,88,2,6798.96,20,3.4,24,8,0,2024-01-01,2024-12-30,123|157|117|114|76,عداد خطوات ذكي - اصدار خاص|جهاز قياس ضغط الدم - اصدار خاص|حصيره يوغا مضاده للانزلاق - اصدار خاص|حقيبه رياضيه جيم - اصدار خاص|حقيبه رياضيه جيم - اصدار خاص,187.2,4.12,1.6379186602870814,0.916434173599031,123,عداد خطوات ذكي - اصدار خاص,True,True,True,True,False,False,True,pricing,trust,6.6,السعر أعلى من المستوى المعتاد داخل المجموعة المنافسة | تقييم المنتج أقل من متوسط المنتجات المشابهة | الدعم البصري أضعف من المنافسين من حيث عدد الصور | عدد المراجعات أقل من المنتجات المشابهة مما يضعف الثقة,1,96,دراجه هواييه جبليه - اصدار خاص,,Substitute,0.7,شركاء مقترحون بناءً على الشراء المتكرر داخل نفس القسم.,منتجات من نفس القسم يميل العملاء لضمّها — فرصة بيع تكميلي داخلي.,True,conversion_friction,"Cart activity exists, but too few cart users convert to buyers. Additional issues detected (conversion_friction | pricing | content): The product appears overpriced relative to its closest peer group. Also: Product content richness or image coverage lags similar products.",Moderate Performance,High Abandonment + High Price vs Peers + Weak Content,conversion_friction|pricing|trust|content,4,Investigate checkout or value-friction and reduce drop-off after add-to-cart.,افحص تعثر ما بعد الاضافة للسلة وخفف اسباب الانسحاب قبل الشراء.,Bundle with دراجه هواييه جبليه - اصدار خاص where relevant.,فعّل باقة او ربطا مع المنتج دراجه هواييه جبليه - اصدار خاص عندما يكون ذلك مناسبا.,conversion+bundle,Investigate checkout or value-friction and reduce drop-off after add-to-cart.,افحص تعثر ما بعد الاضافة للسلة وخفف اسباب الانسحاب قبل الشراء.,Conversion 86.96% vs category avg 850.97%.,Price is above peer average (323.76 vs 187.20).,Rating trails peers (3.40 vs 4.12).,53.79,Medium,Medium
131,اوزان حديد طقم 20 كيلو - اصدار خاص,اوزان حديد طقم 20 كيلو - اصدار خاص,الرياضه واللياقه,unknown_subcategory,ديكاتلون,457.64,,False,41,10,0,35,41,10,0,10,35,38,10.0,0.0,35,35.0,10.0,35.0,False,16932.68,37,35,0.2439024390243902,0.0,0.0,1.0,0.2439024390243902,0.9210526315789472,1.0,Moderate,0.1063190228184935,0.1063190228184935,34.0,34.0,34.0,0.0,8.50970943604373,2.117647058823529,17.666666666666668,0.1082354971695903,False,False,False,High,False,False,True,True,False,متوسط,انسحاب مرتفع بعد الإضافة للسلة,انسحاب مرتفع بعد الإضافة للسلة,المنتج يُشاهَد لكنه لا يتحول إلى شراء بالمستوى المطلوب.,2.7,0,1215.0,85,16,85,1,16932.68,35,2.7,41,10,0,2024-01-01,2024-12-30,139|118|159|71|165,حقيبه رياضيه جيم - اصدار خاص|حصيره يوغا مضاده للانزلاق - اصدار خاص|حصيره يوغا مضاده للانزلاق - اصدار خاص|حصيره يوغا مضاده للانزلاق - اصدار خاص|حذاء جري احترافي - اصدار خاص,353.63800000000003,3.7,2.675383244206773,0.8720623872196782,139,حقيبه رياضيه جيم - اصدار خاص,True,True,True,True,False,False,True,pricing,trust,7.6,السعر أعلى من المستوى المعتاد داخل المجموعة المنافسة | قوة العلامة التجارية أقل من منافسيه داخل المجموعة | تقييم المنتج أقل من متوسط المنتجات المشابهة | الدعم البصري أضعف من المنافسين من حيث عدد الصور | عدد المراجعات أقل من المنتجات المشابهة مما يضعف الثقة,1,48,حقيبه رياضيه جيم,,Substitute,0.9,شركاء مقترحون بناءً على الشراء المتكرر داخل نفس القسم.,منتجات من نفس القسم يميل العملاء لضمّها — فرصة بيع تكميلي داخلي.,True,conversion_friction,"Cart activity exists, but too few cart users convert to buyers. Additional issues detected (conversion_friction | pricing | content): The product appears overpriced relative to its closest peer group. Also: Product content richness or image coverage lags similar products.",Moderate Performance,High Abandonment + High Price vs Peers + Weak Content,conversion_friction|pricing|trust|content,4,Investigate checkout or value-friction and reduce drop-off after add-to-cart.,افحص تعثر ما بعد الاضافة للسلة وخفف اسباب الانسحاب قبل الشراء.,Bundle with حقيبه رياضيه جيم where relevant.,فعّل باقة او ربطا مع المنتج حقيبه رياضيه جيم عندما يكون ذلك مناسبا.,conversion+bundle,Investigate checkout or value-friction and reduce drop-off after add-to-cart.,افحص تعثر ما بعد الاضافة للسلة وخفف اسباب الانسحاب قبل الشراء.,Conversion 92.11% vs category avg 850.97%.,Price is above peer average (457.64 vs 353.64).,Rating trails peers (2.70 vs 3.70).,53.74,Medium,Medium
21,مكيف هواء انفيرتر 18000,مكيف هواء انفيرتر 18000,المنزل والمطبخ,unknown_subcategory,بوش,2953.99,,False,53,18,0,27,53,18,0,18,27,44,17.0,0.0,26,26.0,17.0,26.0,False,79757.73,27,27,0.3396226415094339,0.0,0.0,1.0,0.3396226415094339,0.6136363636363636,1.0,Moderate,0.4696699138668212,0.4696699138668212,11.0,11.0,11.0,0.0,4.391284662352632,1.9285714285714288,21.80555555555556,0.1397396003263445,False,False,False,High,False,False,True,True,False,متوسط,انسحاب مرتفع بعد الإضافة للسلة,انسحاب مرتفع بعد الإضافة للسلة,المنتج يُشاهَد لكنه لا يتحول إلى شراء بالمستوى المطلوب.,4.1,0,1142.0,67,10,67,8,79757.73,27,4.1,53,18,0,2024-01-01,2024-12-30,23|154|178|134|130,ثلاجه نوفروست 350 لتر|ثلاجه نوفروست 350 لتر - اصدار خاص|مكيف هواء انفيرتر 18000 - اصدار خاص|ثلاجه نوفروست 350 لتر - اصدار خاص|ثلاجه نوفروست 350 لتر - اصدار خاص,3429.914,4.1,2.1154512154512157,0.9203988848097852,23,ثلاجه نوفروست 350 لتر,True,False,True,False,True,False,True,pricing,trust,5.1,السعر أعلى من المستوى المعتاد داخل المجموعة المنافسة | الوصف أقصر من المعتاد ولا يقدم معلومات كافية | عدد المراجعات أقل من المنتجات المشابهة مما يضعف الثقة,4,176,فرن كهربايي 60 لتر - اصدار خاص,,Substitute,1.1,شركاء مقترحون بناءً على الشراء المتكرر داخل نفس القسم.,منتجات من نفس القسم يميل العملاء لضمّها — فرصة بيع تكميلي داخلي.,True,conversion_friction,"Cart activity exists, but too few cart users convert to buyers. Additional issues detected (conversion_friction | pricing | content): The product appears overpriced relative to its closest peer group. Also: Product content richness or image coverage lags similar products.",Moderate Performance,High Abandonment + High Price vs Peers + Weak Content,conversion_friction|pricing|trust|content,4,Investigate checkout or value-friction and reduce drop-off after add-to-cart.,افحص تعثر ما بعد الاضافة للسلة وخفف اسباب الانسحاب قبل الشراء.,Bundle with فرن كهربايي 60 لتر - اصدار خاص where relevant.,فعّل باقة او ربطا مع المنتج فرن كهربايي 60 لتر - اصدار خاص عندما يكون ذلك مناسبا.,conversion+bundle,Investigate checkout or value-friction and reduce drop-off after add-to-cart.,افحص تعثر ما بعد الاضافة للسلة وخفف اسباب الانسحاب قبل الشراء.,Conversion 61.36% vs category avg 439.13%.,Price is above peer average (2953.99 vs 3429.91).,Cart abandonment is high at 100.00%.,53.36,Medium,Medium
150,اطلس العالم المصور - اصدار خاص,اطلس العالم المصور - اصدار خاص,الكتب والتعليم,unknown_subcategory,بنغوين,244.37,,False,59,13,0,28,59,13,0,13,28,56,12.0,0.0,27,27.0,12.0,27.0,False,7331.1,30,28,0.2203389830508474,0.0,0.0,1.0,0.2203389830508474,0.5,1.0,Moderate,0.3447847417484734,0.3447847417484734,20.0,20.0,20.0,0.0,3.3634956997365264,2.083333333333333,23.17142857142857,0.1486548652460494,False,False,False,High,False,False,True,True,False,متوسط,انسحاب مرتفع بعد الإضافة للسلة,انسحاب مرتفع بعد الإضافة للسلة,المنتج يُشاهَد لكنه لا يتحول إلى شراء بالمستوى المطلوب.,4.4,0,1192.0,78,14,78,2,7331.1,28,4.4,59,13,0,2024-01-01,2024-12-30,200|94|59|55|99,موسوعه التاريخ الاسلامي - اصدار خاص|قاموس عربي انجليزي شامل - اصدار خاص|كتاب تطوير الذات والتحفيز|روايه عربيه بيست سيلر|مجموعه كتب الطفل التعليميه - اصدار خاص,158.41199999999998,4.38,3.065555555555555,0.9366389528165996,200,موسوعه التاريخ الاسلامي - اصدار خاص,True,False,True,True,False,False,True,pricing,trust,5.1,السعر أعلى من المستوى المعتاد داخل المجموعة المنافسة | الدعم البصري أضعف من المنافسين من حيث عدد الصور | عدد المراجعات أقل من المنتجات المشابهة مما يضعف الثقة,3,51,كتاب تعلم البرمجه بالعربيه,,Substitute,1.7,شركاء مقترحون بناءً على الشراء المتكرر داخل نفس القسم.,منتجات من نفس القسم يميل العملاء لضمّها — فرصة بيع تكميلي داخلي.,True,conversion_friction,"Cart activity exists, but too few cart users convert to buyers. Additional issues detected (conversion_friction | pricing | content): The product appears overpriced relative to its closest peer group. Also: Product content richness or image coverage lags similar products.",Moderate Performance,High Abandonment + High Price vs Peers + Weak Content,conversion_friction|pricing|trust|content,4,Investigate checkout or value-friction and reduce drop-off after add-to-cart.,افحص تعثر ما بعد الاضافة للسلة وخفف اسباب الانسحاب قبل الشراء.,Bundle with كتاب تعلم البرمجه بالعربيه where relevant.,فعّل باقة او ربطا مع المنتج كتاب تعلم البرمجه بالعربيه عندما يكون ذلك مناسبا.,conversion+bundle,Investigate checkout or value-friction and reduce drop-off after add-to-cart.,افحص تعثر ما بعد الاضافة للسلة وخفف اسباب الانسحاب قبل الشراء.,Conversion 50.00% vs category avg 336.35%.,Price is above peer average (244.37 vs 158.41).,Cart abandonment is high at 100.00%.,53.31,Medium,Medium
64,عطر رجالي عودي - اصدار خاص,عطر رجالي عودي - اصدار خاص,الجمال والعنايه,unknown_subcategory,لوريال,578.73,,False,43,11,0,40,43,11,0,11,40,40,11.0,0.0,38,38.0,11.0,38.0,False,25464.120000000003,44,40,0.2558139534883721,0.0,0.0,1.0,0.2558139534883721,1.0,1.0,Moderate,0.1695489456276913,0.1695489456276913,33.0,33.0,33.0,0.0,6.768778422340422,2.8,19.580645161290324,0.1477371451101855,False,False,False,High,False,False,True,True,False,متوسط,انسحاب مرتفع بعد الإضافة للسلة,انسحاب مرتفع بعد الإضافة للسلة,المنتج يُشاهَد لكنه لا يتحول إلى شراء بالمستوى المطلوب.,3.5,0,1176.0,68,13,68,2,25464.120000000003,40,3.5,43,11,0,2024-01-01,2024-12-30,78|109|181|160|182,عطر رجالي عودي - اصدار خاص|قناع وجه كولاجين - اصدار خاص|عطر رجالي عودي - اصدار خاص|زيت ارغان طبيعي - اصدار خاص|سيروم فيتامين سي - اصدار خاص,304.98400000000004,3.4799999999999995,2.9398168498168493,0.9179544172785882,78,عطر رجالي عودي - اصدار خاص,True,False,True,True,False,False,True,pricing,trust,6.1,السعر أعلى من المستوى المعتاد داخل المجموعة المنافسة | قوة العلامة التجارية أقل من منافسيه داخل المجموعة | الدعم البصري أضعف من المنافسين من حيث عدد الصور | عدد المراجعات أقل من المنتجات المشابهة مما يضعف الثقة,5,31,كريم مرطب SPF 50,,Substitute,1.3,شركاء مقترحون بناءً على الشراء المتكرر داخل نفس القسم.,منتجات من نفس القسم يميل العملاء لضمّها — فرصة بيع تكميلي داخلي.,True,conversion_friction,"Cart activity exists, but too few cart users convert to buyers. Additional issues detected (conversion_friction | pricing | content): The product appears overpriced relative to its closest peer group. Also: Product content richness or image coverage lags similar products.",Moderate Performance,High Abandonment + High Price vs Peers + Weak Content,conversion_friction|pricing|trust|content,4,Investigate checkout or value-friction and reduce drop-off after add-to-cart.,افحص تعثر ما بعد الاضافة للسلة وخفف اسباب الانسحاب قبل الشراء.,Bundle with كريم مرطب SPF 50 where relevant.,فعّل باقة او ربطا مع المنتج كريم مرطب SPF 50 عندما يكون ذلك مناسبا.,conversion+bundle,Investigate checkout or value-friction and reduce drop-off after add-to-cart.,افحص تعثر ما بعد الاضافة للسلة وخفف اسباب الانسحاب قبل الشراء.,Conversion 100.00% vs category avg 676.88%.,Price is above peer average (578.73 vs 304.98).,Cart abandonment is high at 100.00%.,53.28,Medium,Medium
102,تابلت 10 انش - اصدار خاص,تابلت 10 انش - اصدار خاص,الالكترونيات,unknown_subcategory,لينوفو,1982.66,,False,20,6,0,23,20,6,0,6,20,19,6.0,0.0,20,20.0,6.0,19.0,False,51549.16,26,23,0.3,0.0,0.0,1.0,0.3,1.2105263157894737,1.0,Moderate,-0.2175834218764274,-0.2175834218764274,67.0,67.0,67.0,0.0,7.961233440029987,1.9,20.12121212121212,0.1520526090470868,False,False,False,High,False,False,True,True,False,متوسط,انسحاب مرتفع بعد الإضافة للسلة,انسحاب مرتفع بعد الإضافة للسلة,المنتج يُشاهَد لكنه لا يتحول إلى شراء بالمستوى المطلوب.,3.5,0,1138.0,85,15,85,3,51549.16,23,3.5,20,6,0,2024-01-01,2024-12-30,177|112|81|90|124,لابتوب الترا سليم - اصدار خاص|شاشه 4K 27 انش - اصدار خاص|شاشه 4K 27 انش - اصدار خاص|شاشه 4K 27 انش - اصدار خاص|كاميرا ميرورليس - اصدار خاص,2959.0160000000005,4.08,1.7077676912459523,0.8847089616836972,177,لابتوب الترا سليم - اصدار خاص,True,False,True,False,False,False,True,pricing,trust,5.0,السعر أعلى من المستوى المعتاد داخل المجموعة المنافسة | قوة العلامة التجارية أقل من منافسيه داخل المجموعة | عدد المراجعات أقل من المنتجات المشابهة مما يضعف الثقة,0,1,هاتف ذكي برو ماكس,,Substitute,0.6,شركاء مقترحون بناءً على الشراء المتكرر داخل نفس القسم.,منتجات من نفس القسم يميل العملاء لضمّها — فرصة بيع تكميلي داخلي.,True,conversion_friction,"Cart activity exists, but too few cart users convert to buyers. Additional issues detected (conversion_friction | pricing): The product appears overpriced relative to its closest peer group.",Moderate Performance,High Abandonment + High Price vs Peers,conversion_friction|pricing|trust,3,Investigate checkout or value-friction and reduce drop-off after add-to-cart.,افحص تعثر ما بعد الاضافة للسلة وخفف اسباب الانسحاب قبل الشراء.,Bundle with هاتف ذكي برو ماكس where relevant.,فعّل باقة او ربطا مع المنتج هاتف ذكي برو ماكس عندما يكون ذلك مناسبا.,conversion+bundle,Investigate checkout or value-friction and reduce drop-off after add-to-cart.,افحص تعثر ما بعد الاضافة للسلة وخفف اسباب الانسحاب قبل الشراء.,Conversion 121.05% vs category avg 796.12%.,Price is above peer average (1982.66 vs 2959.02).,Cart abandonment is high at 100.00%.,53.16,Medium,Medium
139,حقيبه رياضيه جيم - اصدار خاص,حقيبه رياضيه جيم - اصدار خاص,الرياضه واللياقه,unknown_subcategory,اديداس,351.69,,False,17,4,0,24,17,4,0,4,17,17,4.0,0.0,24,24.0,4.0,17.0,False,9847.32,28,24,0.2352941176470588,0.0,0.0,1.0,0.2352941176470588,1.411764705882353,1.0,Moderate,-0.318435759023522,-0.318435759023522,100.0,100.0,100.0,0.0,8.50970943604373,2.117647058823529,17.666666666666668,0.1659004595271704,False,False,False,High,False,False,True,False,False,متوسط,انسحاب مرتفع بعد الإضافة للسلة,انسحاب مرتفع بعد الإضافة للسلة,هناك اهتمام واضح بالمنتج لكن جزءًا من العملاء لا يكمل الشراء بعد الإضافة للسلة.,3.6,0,1225.0,84,14,84,4,9847.32,24,3.6,17,4,0,2024-01-01,2024-12-30,71|165|159|86|98,حصيره يوغا مضاده للانزلاق - اصدار خاص|حذاء جري احترافي - اصدار خاص|حصيره يوغا مضاده للانزلاق - اصدار خاص|لباس رياضي ضاغط - اصدار خاص|اوزان حديد طقم 20 كيلو - اصدار خاص,405.32,4.06,2.1932085561497323,0.9787264936604676,71,حصيره يوغا مضاده للانزلاق - اصدار خاص,True,True,True,False,False,False,True,pricing,trust,6.5,السعر أعلى من المستوى المعتاد داخل المجموعة المنافسة | قوة العلامة التجارية أقل من منافسيه داخل المجموعة | تقييم المنتج أقل من متوسط المنتجات المشابهة | عدد المراجعات أقل من المنتجات المشابهة مما يضعف الثقة,1,47,اوزان حديد طقم 20 كيلو,,Substitute,0.5,شركاء مقترحون بناءً على الشراء المتكرر داخل نفس القسم.,منتجات من نفس القسم يميل العملاء لضمّها — فرصة بيع تكميلي داخلي.,True,conversion_friction,"Cart activity exists, but too few cart users convert to buyers. Additional issues detected (conversion_friction | pricing): The product appears overpriced relative to its closest peer group.",Moderate Performance,High Abandonment + High Price vs Peers,conversion_friction|pricing|trust,3,Investigate checkout or value-friction and reduce drop-off after add-to-cart.,افحص تعثر ما بعد الاضافة للسلة وخفف اسباب الانسحاب قبل الشراء.,Bundle with اوزان حديد طقم 20 كيلو where relevant.,فعّل باقة او ربطا مع المنتج اوزان حديد طقم 20 كيلو عندما يكون ذلك مناسبا.,conversion+bundle,Investigate checkout or value-friction and reduce drop-off after add-to-cart.,افحص تعثر ما بعد الاضافة للسلة وخفف اسباب الانسحاب قبل الشراء.,Conversion 141.18% vs category avg 850.97%.,Price is above peer average (351.69 vs 405.32).,Rating trails peers (3.60 vs 4.06).,52.98,Medium,Medium
119,ماكينه قهوه اسبريسو - اصدار خاص,ماكينه قهوه اسبريسو - اصدار خاص,المنزل والمطبخ,unknown_subcategory,تيفال,1350.85,,False,41,10,0,27,41,10,0,10,27,35,9.0,0.0,27,27.0,9.0,27.0,False,43227.2,32,27,0.2439024390243902,0.0,0.0,1.0,0.2439024390243902,0.7714285714285715,1.0,Moderate,0.0998281700489138,0.0998281700489138,35.0,35.0,35.0,0.0,4.391284662352632,1.9285714285714288,21.80555555555556,0.1756726404102617,False,False,False,High,False,False,True,True,False,متوسط,انسحاب مرتفع بعد الإضافة للسلة,انسحاب مرتفع بعد الإضافة للسلة,المنتج يُشاهَد لكنه لا يتحول إلى شراء بالمستوى المطلوب.,3.7,0,1142.0,75,12,75,3,43227.2,27,3.7,41,10,0,2024-01-01,2024-12-30,70|162|176|85|27,فرن كهربايي 60 لتر - اصدار خاص|ثلاجه نوفروست 350 لتر - اصدار خاص|فرن كهربايي 60 لتر - اصدار خاص|ماكينه قهوه اسبريسو - اصدار خاص|فرن كهربايي 60 لتر,1508.276,3.4599999999999995,1.4434741728859375,0.9580481726083084,70,فرن كهربايي 60 لتر - اصدار خاص,True,False,True,False,False,False,True,pricing,trust,5.0,السعر أعلى من المستوى المعتاد داخل المجموعة المنافسة | قوة العلامة التجارية أقل من منافسيه داخل المجموعة | عدد المراجعات أقل من المنتجات المشابهة مما يضعف الثقة,4,91,فرن كهربايي 60 لتر - اصدار خاص,,Substitute,1.0,شركاء مقترحون بناءً على الشراء المتكرر داخل نفس القسم.,منتجات من نفس القسم يميل العملاء لضمّها — فرصة بيع تكميلي داخلي.,True,conversion_friction,"Cart activity exists, but too few cart users convert to buyers. Additional issues detected (conversion_friction | pricing): The product appears overpriced relative to its closest peer group.",Moderate Performance,High Abandonment + High Price vs Peers,conversion_friction|pricing|trust,3,Investigate checkout or value-friction and reduce drop-off after add-to-cart.,افحص تعثر ما بعد الاضافة للسلة وخفف اسباب الانسحاب قبل الشراء.,Bundle with فرن كهربايي 60 لتر - اصدار خاص where relevant.,فعّل باقة او ربطا مع المنتج فرن كهربايي 60 لتر - اصدار خاص عندما يكون ذلك مناسبا.,conversion+bundle,Investigate checkout or value-friction and reduce drop-off after add-to-cart.,افحص تعثر ما بعد الاضافة للسلة وخفف اسباب الانسحاب قبل الشراء.,Conversion 77.14% vs category avg 439.13%.,Price is above peer average (1350.85 vs 1508.28).,Cart abandonment is high at 100.00%.,52.9,Medium,Medium
86,لباس رياضي ضاغط - اصدار خاص,لباس رياضي ضاغط - اصدار خاص,الرياضه واللياقه,unknown_subcategory,نيو بالانس,336.99,,False,17,6,0,25,17,6,0,6,17,17,6.0,0.0,25,25.0,6.0,17.0,False,8424.75,25,25,0.3529411764705882,0.0,0.0,1.0,0.3529411764705882,1.4705882352941178,1.0,Moderate,-0.2551033987162224,-0.2551033987162224,78.0,78.0,78.0,0.0,8.50970943604373,2.117647058823529,17.666666666666668,0.1728129786741358,False,False,False,High,False,False,True,False,False,متوسط,انسحاب مرتفع بعد الإضافة للسلة,انسحاب مرتفع بعد الإضافة للسلة,هناك اهتمام واضح بالمنتج لكن جزءًا من العملاء لا يكمل الشراء بعد الإضافة للسلة.,4.3,0,1195.0,83,14,83,5,8424.75,25,4.3,17,6,0,2024-01-01,2024-12-30,49|98|165|71|139,جهاز قياس ضغط الدم|اوزان حديد طقم 20 كيلو - اصدار خاص|حذاء جري احترافي - اصدار خاص|حصيره يوغا مضاده للانزلاق - اصدار خاص|حقيبه رياضيه جيم - اصدار خاص,431.364,4.0600000000000005,1.84144385026738,0.961174109194713,49,جهاز قياس ضغط الدم,True,False,True,False,False,False,True,pricing,trust,5.0,السعر أعلى من المستوى المعتاد داخل المجموعة المنافسة | قوة العلامة التجارية أقل من منافسيه داخل المجموعة | عدد المراجعات أقل من المنتجات المشابهة مما يضعف الثقة,1,117,حصيره يوغا مضاده للانزلاق - اصدار خاص,,Substitute,0.6,شركاء مقترحون بناءً على الشراء المتكرر داخل نفس القسم.,منتجات من نفس القسم يميل العملاء لضمّها — فرصة بيع تكميلي داخلي.,True,conversion_friction,"Cart activity exists, but too few cart users convert to buyers. Additional issues detected (conversion_friction | pricing): The product appears overpriced relative to its closest peer group.",Moderate Performance,High Abandonment + High Price vs Peers,conversion_friction|pricing|trust,3,Investigate checkout or value-friction and reduce drop-off after add-to-cart.,افحص تعثر ما بعد الاضافة للسلة وخفف اسباب الانسحاب قبل الشراء.,Bundle with حصيره يوغا مضاده للانزلاق - اصدار خاص where relevant.,فعّل باقة او ربطا مع المنتج حصيره يوغا مضاده للانزلاق - اصدار خاص عندما يكون ذلك مناسبا.,conversion+bundle,Investigate checkout or value-friction and reduce drop-off after add-to-cart.,افحص تعثر ما بعد الاضافة للسلة وخفف اسباب الانسحاب قبل الشراء.,Conversion 147.06% vs category avg 850.97%.,Price is above peer average (336.99 vs 431.36).,Cart abandonment is high at 100.00%.,52.9,Medium,Medium
193,مجموعه كتب الطفل التعليميه - اصدار خاص,مجموعه كتب الطفل التعليميه - اصدار خاص,الكتب والتعليم,unknown_subcategory,دار الفكر,256.05,,False,61,17,0,34,61,17,0,17,34,56,17.0,0.0,33,33.0,17.0,33.0,False,10498.05,41,34,0.2786885245901639,0.0,0.0,1.0,0.2786885245901639,0.6071428571428571,1.0,Moderate,0.4997988393970052,0.4997988393970052,9.0,9.0,9.0,0.0,3.3634956997365264,2.083333333333333,23.17142857142857,0.1805094792273457,False,False,False,High,False,False,True,True,False,متوسط,انسحاب مرتفع بعد الإضافة للسلة,انسحاب مرتفع بعد الإضافة للسلة,المنتج يُشاهَد لكنه لا يتحول إلى شراء بالمستوى المطلوب.,3.4,0,1127.0,87,14,87,5,10498.05,34,3.4,61,17,0,2024-01-01,2024-12-30,151|92|196|163|77,كتاب تطوير الذات والتحفيز - اصدار خاص|موسوعه التاريخ الاسلامي - اصدار خاص|اطلس العالم المصور - اصدار خاص|دوره برمجه اكاديميه USB - اصدار خاص|دوره برمجه اكاديميه USB - اصدار خاص,215.316,3.52,1.6734755440637792,0.9615171481734248,151,كتاب تطوير الذات والتحفيز - اصدار خاص,True,True,True,False,False,False,True,pricing,trust,6.5,السعر أعلى من المستوى المعتاد داخل المجموعة المنافسة | قوة العلامة التجارية أقل من منافسيه داخل المجموعة | تقييم المنتج أقل من متوسط المنتجات المشابهة | عدد المراجعات أقل من المنتجات المشابهة مما يضعف الثقة,3,175,مجموعه كتب الطفل التعليميه - اصدار خاص,,Substitute,1.4,شركاء مقترحون بناءً على الشراء المتكرر داخل نفس القسم.,منتجات من نفس القسم يميل العملاء لضمّها — فرصة بيع تكميلي داخلي.,True,conversion_friction,"Cart activity exists, but too few cart users convert to buyers. Additional issues detected (conversion_friction | pricing): The product appears overpriced relative to its closest peer group.",Moderate Performance,High Abandonment + High Price vs Peers,conversion_friction|pricing|trust,3,Investigate checkout or value-friction and reduce drop-off after add-to-cart.,افحص تعثر ما بعد الاضافة للسلة وخفف اسباب الانسحاب قبل الشراء.,Bundle with مجموعه كتب الطفل التعليميه - اصدار خاص where relevant.,فعّل باقة او ربطا مع المنتج مجموعه كتب الطفل التعليميه - اصدار خاص عندما يكون ذلك مناسبا.,conversion+bundle,Investigate checkout or value-friction and reduce drop-off after add-to-cart.,افحص تعثر ما بعد الاضافة للسلة وخفف اسباب الانسحاب قبل الشراء.,Conversion 60.71% vs category avg 336.35%.,Price is above peer average (256.05 vs 215.32).,Rating trails peers (3.40 vs 3.52).,52.88,Medium,Medium
137,راوتر واي فاي 6 - اصدار خاص,راوتر واي فاي 6 - اصدار خاص,الالكترونيات,unknown_subcategory,اوبو,593.31,,False,22,7,0,26,22,7,0,7,22,22,7.0,0.0,24,24.0,7.0,22.0,False,17205.989999999998,29,26,0.3181818181818182,0.0,0.0,1.0,0.3181818181818182,1.181818181818182,1.0,Moderate,-0.1768621468001431,-0.1768621468001431,58.0,58.0,58.0,0.0,7.961233440029987,1.9,20.12121212121212,0.1484466183186974,False,False,False,High,False,False,True,True,False,متوسط,انسحاب مرتفع بعد الإضافة للسلة,انسحاب مرتفع بعد الإضافة للسلة,المنتج يُشاهَد لكنه لا يتحول إلى شراء بالمستوى المطلوب.,3.4,0,1239.0,80,15,80,1,17205.989999999998,26,3.4,22,7,0,2024-01-01,2024-12-30,185|102|81|194|7,سماعات لاسلكيه - اصدار خاص|تابلت 10 انش - اصدار خاص|شاشه 4K 27 انش - اصدار خاص|ساعه ذكيه سبورت - اصدار خاص|كاميرا ميرورليس,1314.394,3.84,1.5085714285714285,0.933662187038642,185,سماعات لاسلكيه - اصدار خاص,False,False,True,True,False,False,True,trust,content,4.9,قوة العلامة التجارية أقل من منافسيه داخل المجموعة | الدعم البصري أضعف من المنافسين من حيث عدد الصور | عدد المراجعات أقل من المنتجات المشابهة مما يضعف الثقة,0,6,شاشه 4K 27 انش,,Substitute,0.5,شركاء مقترحون بناءً على الشراء المتكرر داخل نفس القسم.,منتجات من نفس القسم يميل العملاء لضمّها — فرصة بيع تكميلي داخلي.,True,conversion_friction,"Cart activity exists, but too few cart users convert to buyers. Additional issues detected (conversion_friction | content): Product content richness or image coverage lags similar products.",Moderate Performance,High Abandonment + Weak Content,conversion_friction|trust|content,3,Investigate checkout or value-friction and reduce drop-off after add-to-cart.,افحص تعثر ما بعد الاضافة للسلة وخفف اسباب الانسحاب قبل الشراء.,Bundle with شاشه 4K 27 انش where relevant.,فعّل باقة او ربطا مع المنتج شاشه 4K 27 انش عندما يكون ذلك مناسبا.,conversion+bundle,Investigate checkout or value-friction and reduce drop-off after add-to-cart.,افحص تعثر ما بعد الاضافة للسلة وخفف اسباب الانسحاب قبل الشراء.,Conversion 118.18% vs category avg 796.12%.,Cart abandonment is high at 100.00%.,,52.79,Medium,Medium
199,زيت ارغان طبيعي - اصدار خاص,زيت ارغان طبيعي - اصدار خاص,الجمال والعنايه,unknown_subcategory,بيوتانيا,107.47,,False,22,11,0,27,22,11,0,11,22,21,11.0,0.0,25,25.0,11.0,21.0,False,3331.57,31,27,0.5,0.0,0.0,1.0,0.5,1.2857142857142858,1.0,Moderate,-0.0566222037664497,-0.0566222037664497,40.0,40.0,40.0,0.0,6.768778422340422,2.8,19.580645161290324,0.18994775799881,False,False,False,High,False,False,True,False,False,متوسط,انسحاب مرتفع بعد الإضافة للسلة,انسحاب مرتفع بعد الإضافة للسلة,هناك اهتمام واضح بالمنتج لكن جزءًا من العملاء لا يكمل الشراء بعد الإضافة للسلة.,2.6,0,1246.0,78,14,78,1,3331.57,27,2.6,22,11,0,2024-01-01,2024-12-30,104|189|132|181|160,قناع وجه كولاجين - اصدار خاص|مزيل عرق رول اون - اصدار خاص|عطر رجالي عودي - اصدار خاص|عطر رجالي عودي - اصدار خاص|زيت ارغان طبيعي - اصدار خاص,225.95600000000005,3.34,2.655,0.986774523809434,104,قناع وجه كولاجين - اصدار خاص,False,True,True,True,False,False,True,trust,content,5.4,تقييم المنتج أقل من متوسط المنتجات المشابهة | الدعم البصري أضعف من المنافسين من حيث عدد الصور | عدد المراجعات أقل من المنتجات المشابهة مما يضعف الثقة,5,34,طقم مكياج احترافي,,Substitute,0.8,شركاء مقترحون بناءً على الشراء المتكرر داخل نفس القسم.,منتجات من نفس القسم يميل العملاء لضمّها — فرصة بيع تكميلي داخلي.,True,conversion_friction,"Cart activity exists, but too few cart users convert to buyers. Additional issues detected (conversion_friction | content): Product content richness or image coverage lags similar products.",Moderate Performance,High Abandonment + Weak Content,conversion_friction|trust|content,3,Investigate checkout or value-friction and reduce drop-off after add-to-cart.,افحص تعثر ما بعد الاضافة للسلة وخفف اسباب الانسحاب قبل الشراء.,Bundle with طقم مكياج احترافي where relevant.,فعّل باقة او ربطا مع المنتج طقم مكياج احترافي عندما يكون ذلك مناسبا.,conversion+bundle,Investigate checkout or value-friction and reduce drop-off after add-to-cart.,افحص تعثر ما بعد الاضافة للسلة وخفف اسباب الانسحاب قبل الشراء.,Conversion 128.57% vs category avg 676.88%.,Rating trails peers (2.60 vs 3.34).,Cart abandonment is high at 100.00%.,52.71,Medium,Medium
44,جهاز مشي كهربايي,جهاز مشي كهربايي,الرياضه واللياقه,unknown_subcategory,نيو بالانس,1768.56,,False,16,4,0,25,16,4,0,4,16,15,4.0,0.0,25,25.0,4.0,15.0,False,45982.56,26,25,0.25,0.0,0.0,1.0,0.25,1.6666666666666667,1.0,Moderate,-0.3073553015655566,-0.3073553015655566,94.0,94.0,94.0,0.0,8.50970943604373,2.117647058823529,17.666666666666668,0.1958547091640206,False,False,False,High,False,False,True,False,False,متوسط,انسحاب مرتفع بعد الإضافة للسلة,انسحاب مرتفع بعد الإضافة للسلة,هناك اهتمام واضح بالمنتج لكن جزءًا من العملاء لا يكمل الشراء بعد الإضافة للسلة.,4.7,0,1135.0,72,11,72,6,45982.56,25,4.7,16,4,0,2024-01-01,2024-12-30,96|86|165|49|95,دراجه هواييه جبليه - اصدار خاص|لباس رياضي ضاغط - اصدار خاص|حذاء جري احترافي - اصدار خاص|جهاز قياس ضغط الدم|كره قدم رسميه فيفا - اصدار خاص,783.732,4.26,1.4932284541723666,0.8682114687379772,96,دراجه هواييه جبليه - اصدار خاص,True,False,True,False,False,False,True,pricing,trust,5.0,السعر أعلى من المستوى المعتاد داخل المجموعة المنافسة | قوة العلامة التجارية أقل من منافسيه داخل المجموعة | عدد المراجعات أقل من المنتجات المشابهة مما يضعف الثقة,1,131,اوزان حديد طقم 20 كيلو - اصدار خاص,,Substitute,0.8,شركاء مقترحون بناءً على الشراء المتكرر داخل نفس القسم.,منتجات من نفس القسم يميل العملاء لضمّها — فرصة بيع تكميلي داخلي.,True,conversion_friction,"Cart activity exists, but too few cart users convert to buyers. Additional issues detected (conversion_friction | pricing): The product appears overpriced relative to its closest peer group.",Moderate Performance,High Abandonment + High Price vs Peers,conversion_friction|pricing|trust,3,Investigate checkout or value-friction and reduce drop-off after add-to-cart.,افحص تعثر ما بعد الاضافة للسلة وخفف اسباب الانسحاب قبل الشراء.,Bundle with اوزان حديد طقم 20 كيلو - اصدار خاص where relevant.,فعّل باقة او ربطا مع المنتج اوزان حديد طقم 20 كيلو - اصدار خاص عندما يكون ذلك مناسبا.,conversion+bundle,Investigate checkout or value-friction and reduce drop-off after add-to-cart.,افحص تعثر ما بعد الاضافة للسلة وخفف اسباب الانسحاب قبل الشراء.,Conversion 166.67% vs category avg 850.97%.,Price is above peer average (1768.56 vs 783.73).,Cart abandonment is high at 100.00%.,52.63,Medium,Medium
7,كاميرا ميرورليس,كاميرا ميرورليس,الالكترونيات,unknown_subcategory,ال جي,2063.12,,False,23,3,0,33,23,3,0,3,23,21,3.0,0.0,32,32.0,3.0,21.0,False,78398.56,38,33,0.1304347826086956,0.0,0.0,1.0,0.1304347826086956,1.5714285714285714,1.0,Moderate,-0.2459477654956256,-0.2459477654956256,74.0,74.0,74.0,0.0,7.961233440029987,1.9,20.12121212121212,0.197385063918268,False,False,False,High,False,False,True,False,True,متوسط,انسحاب مرتفع بعد الإضافة للسلة,انسحاب مرتفع بعد الإضافة للسلة,هناك اهتمام واضح بالمنتج لكن جزءًا من العملاء لا يكمل الشراء بعد الإضافة للسلة.,3.5,0,1169.0,76,11,76,7,78398.56,33,3.5,23,3,0,2024-01-01,2024-12-30,177|102|107|194|69,لابتوب الترا سليم - اصدار خاص|تابلت 10 انش - اصدار خاص|كاميرا ميرورليس - اصدار خاص|ساعه ذكيه سبورت - اصدار خاص|لابتوب الترا سليم - اصدار خاص,3270.646,3.18,2.0751608187134503,0.854697716387129,177,لابتوب الترا سليم - اصدار خاص,True,False,True,False,False,False,True,pricing,trust,5.0,السعر أعلى من المستوى المعتاد داخل المجموعة المنافسة | قوة العلامة التجارية أقل من منافسيه داخل المجموعة | عدد المراجعات أقل من المنتجات المشابهة مما يضعف الثقة,0,3,سماعات لاسلكيه,,Substitute,0.9,شركاء مقترحون بناءً على الشراء المتكرر داخل نفس القسم.,منتجات من نفس القسم يميل العملاء لضمّها — فرصة بيع تكميلي داخلي.,True,conversion_friction,"Cart activity exists, but too few cart users convert to buyers. Additional issues detected (conversion_friction | pricing): The product appears overpriced relative to its closest peer group.",Moderate Performance,High Abandonment + High Price vs Peers,conversion_friction|pricing|trust,3,Investigate checkout or value-friction and reduce drop-off after add-to-cart.,افحص تعثر ما بعد الاضافة للسلة وخفف اسباب الانسحاب قبل الشراء.,Bundle with سماعات لاسلكيه where relevant.,فعّل باقة او ربطا مع المنتج سماعات لاسلكيه عندما يكون ذلك مناسبا.,conversion+bundle,Investigate checkout or value-friction and reduce drop-off after add-to-cart.,افحص تعثر ما بعد الاضافة للسلة وخفف اسباب الانسحاب قبل الشراء.,Conversion 157.14% vs category avg 796.12%.,Price is above peer average (2063.12 vs 3270.65).,Cart abandonment is high at 100.00%.,52.62,Medium,Medium
77,دوره برمجه اكاديميه USB - اصدار خاص,دوره برمجه اكاديميه USB - اصدار خاص,الكتب والتعليم,unknown_subcategory,الوراق,193.57,,False,40,9,0,27,40,9,0,9,27,39,9.0,0.0,27,27.0,9.0,27.0,False,5807.099999999999,30,27,0.225,0.0,0.0,1.0,0.225,0.6923076923076923,1.0,Moderate,0.0435621137923889,0.0435621137923889,37.0,37.0,37.0,0.0,3.3634956997365264,2.083333333333333,23.17142857142857,0.2058298134176068,False,False,False,High,False,False,True,True,False,متوسط,انسحاب مرتفع بعد الإضافة للسلة,انسحاب مرتفع بعد الإضافة للسلة,المنتج يُشاهَد لكنه لا يتحول إلى شراء بالمستوى المطلوب.,3.4,0,1165.0,83,15,83,6,5807.099999999999,27,3.4,40,9,0,2024-01-01,2024-12-30,193|163|196|92|60,مجموعه كتب الطفل التعليميه - اصدار خاص|دوره برمجه اكاديميه USB - اصدار خاص|اطلس العالم المصور - اصدار خاص|موسوعه التاريخ الاسلامي - اصدار خاص|اطلس العالم المصور,278.62800000000004,3.56,2.0405695611577963,0.9526697868513704,193,مجموعه كتب الطفل التعليميه - اصدار خاص,True,True,True,False,False,False,True,pricing,trust,6.5,السعر أعلى من المستوى المعتاد داخل المجموعة المنافسة | قوة العلامة التجارية أقل من منافسيه داخل المجموعة | تقييم المنتج أقل من متوسط المنتجات المشابهة | عدد المراجعات أقل من المنتجات المشابهة مما يضعف الثقة,3,150,اطلس العالم المصور - اصدار خاص,,Substitute,1.4,شركاء مقترحون بناءً على الشراء المتكرر داخل نفس القسم.,منتجات من نفس القسم يميل العملاء لضمّها — فرصة بيع تكميلي داخلي.,True,conversion_friction,"Cart activity exists, but too few cart users convert to buyers. Additional issues detected (conversion_friction | pricing): The product appears overpriced relative to its closest peer group.",Moderate Performance,High Abandonment + High Price vs Peers,conversion_friction|pricing|trust,3,Investigate checkout or value-friction and reduce drop-off after add-to-cart.,افحص تعثر ما بعد الاضافة للسلة وخفف اسباب الانسحاب قبل الشراء.,Bundle with اطلس العالم المصور - اصدار خاص where relevant.,فعّل باقة او ربطا مع المنتج اطلس العالم المصور - اصدار خاص عندما يكون ذلك مناسبا.,conversion+bundle,Investigate checkout or value-friction and reduce drop-off after add-to-cart.,افحص تعثر ما بعد الاضافة للسلة وخفف اسباب الانسحاب قبل الشراء.,Conversion 69.23% vs category avg 336.35%.,Price is above peer average (193.57 vs 278.63).,Rating trails peers (3.40 vs 3.56).,52.57,Medium,Medium
69,لابتوب الترا سليم - اصدار خاص,لابتوب الترا سليم - اصدار خاص,الالكترونيات,unknown_subcategory,اوبو,5185.33,,False,17,5,0,27,17,5,0,5,17,16,5.0,0.0,26,26.0,5.0,16.0,False,150374.57,29,27,0.2941176470588235,0.0,0.0,1.0,0.2941176470588235,1.6875,1.0,Moderate,-0.2218328630812206,-0.2218328630812206,70.0,70.0,70.0,0.0,7.961233440029987,1.9,20.12121212121212,0.21196464250314,False,False,False,High,False,False,True,False,False,متوسط,انسحاب مرتفع بعد الإضافة للسلة,انسحاب مرتفع بعد الإضافة للسلة,هناك اهتمام واضح بالمنتج لكن جزءًا من العملاء لا يكمل الشراء بعد الإضافة للسلة.,2.5,0,1204.0,82,14,82,5,150374.57,27,2.5,17,5,0,2024-01-01,2024-12-30,107|177|108|124|147,كاميرا ميرورليس - اصدار خاص|لابتوب الترا سليم - اصدار خاص|كاميرا ميرورليس - اصدار خاص|كاميرا ميرورليس - اصدار خاص|هاتف ذكي برو ماكس - اصدار خاص,4545.302000000001,3.3600000000000003,2.200327762753392,0.9693689167641976,107,كاميرا ميرورليس - اصدار خاص,True,True,True,False,False,False,True,pricing,trust,6.5,السعر أعلى من المستوى المعتاد داخل المجموعة المنافسة | قوة العلامة التجارية أقل من منافسيه داخل المجموعة | تقييم المنتج أقل من متوسط المنتجات المشابهة | عدد المراجعات أقل من المنتجات المشابهة مما يضعف الثقة,0,3,سماعات لاسلكيه,,Substitute,0.8,شركاء مقترحون بناءً على الشراء المتكرر داخل نفس القسم.,منتجات من نفس القسم يميل العملاء لضمّها — فرصة بيع تكميلي داخلي.,True,conversion_friction,"Cart activity exists, but too few cart users convert to buyers. Additional issues detected (conversion_friction | pricing): The product appears overpriced relative to its closest peer group.",Moderate Performance,High Abandonment + High Price vs Peers,conversion_friction|pricing|trust,3,Investigate checkout or value-friction and reduce drop-off after add-to-cart.,افحص تعثر ما بعد الاضافة للسلة وخفف اسباب الانسحاب قبل الشراء.,Bundle with سماعات لاسلكيه where relevant.,فعّل باقة او ربطا مع المنتج سماعات لاسلكيه عندما يكون ذلك مناسبا.,conversion+bundle,Investigate checkout or value-friction and reduce drop-off after add-to-cart.,افحص تعثر ما بعد الاضافة للسلة وخفف اسباب الانسحاب قبل الشراء.,Conversion 168.75% vs category avg 796.12%.,Price is above peer average (5185.33 vs 4545.30).,Rating trails peers (2.50 vs 3.36).,52.43,Medium,Medium
108,كاميرا ميرورليس - اصدار خاص,كاميرا ميرورليس - اصدار خاص,الالكترونيات,unknown_subcategory,ال جي,5179.59,,False,19,11,0,34,19,11,0,11,19,19,11.0,0.0,32,32.0,11.0,19.0,False,191644.83,37,34,0.5789473684210527,0.0,0.0,1.0,0.5789473684210527,1.7894736842105263,1.0,Moderate,0.0111495636055273,0.0111495636055273,39.0,39.0,39.0,0.0,7.961233440029987,1.9,20.12121212121212,0.2247734220696066,False,False,False,High,False,False,True,False,False,متوسط,انسحاب مرتفع بعد الإضافة للسلة,انسحاب مرتفع بعد الإضافة للسلة,هناك اهتمام واضح بالمنتج لكن جزءًا من العملاء لا يكمل الشراء بعد الإضافة للسلة.,3.3,0,1212.0,85,15,85,2,191644.83,34,3.3,19,11,0,2024-01-01,2024-12-30,124|69|147|107|177,كاميرا ميرورليس - اصدار خاص|لابتوب الترا سليم - اصدار خاص|هاتف ذكي برو ماكس - اصدار خاص|كاميرا ميرورليس - اصدار خاص|لابتوب الترا سليم - اصدار خاص,4546.45,3.2,2.179933025911287,0.9747972668547374,124,كاميرا ميرورليس - اصدار خاص,True,True,True,True,False,False,True,pricing,trust,7.6,السعر أعلى من المستوى المعتاد داخل المجموعة المنافسة | قوة العلامة التجارية أقل من منافسيه داخل المجموعة | تقييم المنتج أقل من متوسط المنتجات المشابهة | الدعم البصري أضعف من المنافسين من حيث عدد الصور | عدد المراجعات أقل من المنتجات المشابهة مما يضعف الثقة,0,9,راوتر واي فاي 6,,Substitute,0.6,شركاء مقترحون بناءً على الشراء المتكرر داخل نفس القسم.,منتجات من نفس القسم يميل العملاء لضمّها — فرصة بيع تكميلي داخلي.,True,conversion_friction,"Cart activity exists, but too few cart users convert to buyers. Additional issues detected (conversion_friction | pricing | content): The product appears overpriced relative to its closest peer group. Also: Product content richness or image coverage lags similar products.",Moderate Performance,High Abandonment + High Price vs Peers + Weak Content,conversion_friction|pricing|trust|content,4,Investigate checkout or value-friction and reduce drop-off after add-to-cart.,افحص تعثر ما بعد الاضافة للسلة وخفف اسباب الانسحاب قبل الشراء.,Bundle with راوتر واي فاي 6 where relevant.,فعّل باقة او ربطا مع المنتج راوتر واي فاي 6 عندما يكون ذلك مناسبا.,conversion+bundle,Investigate checkout or value-friction and reduce drop-off after add-to-cart.,افحص تعثر ما بعد الاضافة للسلة وخفف اسباب الانسحاب قبل الشراء.,Conversion 178.95% vs category avg 796.12%.,Price is above peer average (5179.59 vs 4546.45).,Rating trails peers (3.30 vs 3.20).,52.25,Medium,Medium
191,غساله اوتوماتيك 8 كيلو - اصدار خاص,غساله اوتوماتيك 8 كيلو - اصدار خاص,المنزل والمطبخ,unknown_subcategory,هايسنس,2178.66,,False,24,10,0,23,24,10,0,10,23,23,10.0,0.0,21,21.0,10.0,21.0,False,54466.5,25,23,0.4166666666666667,0.0,0.0,1.0,0.4166666666666667,1.0,1.0,Moderate,-0.059967278753052,-0.059967278753052,41.0,41.0,41.0,0.0,4.391284662352632,1.9285714285714288,21.80555555555556,0.2277237931244133,False,False,False,High,False,False,True,True,False,متوسط,انسحاب مرتفع بعد الإضافة للسلة,انسحاب مرتفع بعد الإضافة للسلة,المنتج يُشاهَد لكنه لا يتحول إلى شراء بالمستوى المطلوب.,2.8,0,1201.0,78,13,78,2,54466.5,23,2.8,24,10,0,2024-01-01,2024-12-30,178|85|153|170|162,مكيف هواء انفيرتر 18000 - اصدار خاص|ماكينه قهوه اسبريسو - اصدار خاص|فرن كهربايي 60 لتر - اصدار خاص|فرن كهربايي 60 لتر - اصدار خاص|ثلاجه نوفروست 350 لتر - اصدار خاص,1688.814,3.3,1.6649859943977592,0.880163454806798,178,مكيف هواء انفيرتر 18000 - اصدار خاص,True,True,True,True,False,False,True,pricing,trust,6.6,السعر أعلى من المستوى المعتاد داخل المجموعة المنافسة | تقييم المنتج أقل من متوسط المنتجات المشابهة | الدعم البصري أضعف من المنافسين من حيث عدد الصور | عدد المراجعات أقل من المنتجات المشابهة مما يضعف الثقة,4,195,فرن كهربايي 60 لتر - اصدار خاص,,Substitute,0.5,شركاء مقترحون بناءً على الشراء المتكرر داخل نفس القسم.,منتجات من نفس القسم يميل العملاء لضمّها — فرصة بيع تكميلي داخلي.,True,conversion_friction,"Cart activity exists, but too few cart users convert to buyers. Additional issues detected (conversion_friction | pricing | content): The product appears overpriced relative to its closest peer group. Also: Product content richness or image coverage lags similar products.",Moderate Performance,High Abandonment + High Price vs Peers + Weak Content,conversion_friction|pricing|trust|content,4,Investigate checkout or value-friction and reduce drop-off after add-to-cart.,افحص تعثر ما بعد الاضافة للسلة وخفف اسباب الانسحاب قبل الشراء.,Bundle with فرن كهربايي 60 لتر - اصدار خاص where relevant.,فعّل باقة او ربطا مع المنتج فرن كهربايي 60 لتر - اصدار خاص عندما يكون ذلك مناسبا.,conversion+bundle,Investigate checkout or value-friction and reduce drop-off after add-to-cart.,افحص تعثر ما بعد الاضافة للسلة وخفف اسباب الانسحاب قبل الشراء.,Conversion 100.00% vs category avg 439.13%.,Price is above peer average (2178.66 vs 1688.81).,Rating trails peers (2.80 vs 3.30).,52.2,Medium,Medium
165,حذاء جري احترافي - اصدار خاص,حذاء جري احترافي - اصدار خاص,الرياضه واللياقه,unknown_subcategory,اديداس,867.11,,False,12,3,0,27,12,3,0,3,12,12,3.0,0.0,26,26.0,3.0,12.0,False,25146.19,29,27,0.25,0.0,0.0,1.0,0.25,2.25,1.0,Moderate,-0.3704796211681421,-0.3704796211681421,123.0,123.0,123.0,0.0,8.50970943604373,2.117647058823529,17.666666666666668,0.2644038573714278,False,False,False,High,False,False,True,False,True,متوسط,انسحاب مرتفع بعد الإضافة للسلة,انسحاب مرتفع بعد الإضافة للسلة,هناك اهتمام واضح بالمنتج لكن جزءًا من العملاء لا يكمل الشراء بعد الإضافة للسلة.,4.2,0,1224.0,84,14,84,4,25146.19,27,4.2,12,3,0,2024-01-01,2024-12-30,139|71|86|98|49,حقيبه رياضيه جيم - اصدار خاص|حصيره يوغا مضاده للانزلاق - اصدار خاص|لباس رياضي ضاغط - اصدار خاص|اوزان حديد طقم 20 كيلو - اصدار خاص|جهاز قياس ضغط الدم,325.34,4.08,1.6855614973262036,0.9593010037112149,139,حقيبه رياضيه جيم - اصدار خاص,True,False,True,False,False,False,True,pricing,trust,5.0,السعر أعلى من المستوى المعتاد داخل المجموعة المنافسة | قوة العلامة التجارية أقل من منافسيه داخل المجموعة | عدد المراجعات أقل من المنتجات المشابهة مما يضعف الثقة,1,48,حقيبه رياضيه جيم,,Substitute,0.6,شركاء مقترحون بناءً على الشراء المتكرر داخل نفس القسم.,منتجات من نفس القسم يميل العملاء لضمّها — فرصة بيع تكميلي داخلي.,True,conversion_friction,"Cart activity exists, but too few cart users convert to buyers. Additional issues detected (conversion_friction | pricing): The product appears overpriced relative to its closest peer group.",Moderate Performance,High Abandonment + High Price vs Peers,conversion_friction|pricing|trust,3,Investigate checkout or value-friction and reduce drop-off after add-to-cart.,افحص تعثر ما بعد الاضافة للسلة وخفف اسباب الانسحاب قبل الشراء.,Bundle with حقيبه رياضيه جيم where relevant.,فعّل باقة او ربطا مع المنتج حقيبه رياضيه جيم عندما يكون ذلك مناسبا.,conversion+bundle,Investigate checkout or value-friction and reduce drop-off after add-to-cart.,افحص تعثر ما بعد الاضافة للسلة وخفف اسباب الانسحاب قبل الشراء.,Conversion 225.00% vs category avg 850.97%.,Price is above peer average (867.11 vs 325.34).,Cart abandonment is high at 100.00%.,51.75,Medium,Medium
135,طقم اواني طهي غرانيت - اصدار خاص,طقم اواني طهي غرانيت - اصدار خاص,المنزل والمطبخ,unknown_subcategory,تيفال,248.61,,False,33,5,0,36,33,5,0,5,33,30,5.0,0.0,34,34.0,5.0,30.0,False,9944.4,40,36,0.1515151515151515,0.0,0.0,1.0,0.1515151515151515,1.2,1.0,Moderate,-0.1183714900853073,-0.1183714900853073,47.0,47.0,47.0,0.0,4.391284662352632,1.9285714285714288,21.80555555555556,0.273268551749296,False,False,False,High,False,False,True,True,False,متوسط,انسحاب مرتفع بعد الإضافة للسلة,انسحاب مرتفع بعد الإضافة للسلة,المنتج يُشاهَد لكنه لا يتحول إلى شراء بالمستوى المطلوب.,2.8,0,1105.0,87,16,87,4,9944.4,36,2.8,33,5,0,2024-01-01,2024-12-30,82|106|65|70|85,مجموعه سكاكين مطبخ - اصدار خاص|فرن كهربايي 60 لتر - اصدار خاص|مكنسه كهرباييه لاسلكيه - اصدار خاص|فرن كهربايي 60 لتر - اصدار خاص|ماكينه قهوه اسبريسو - اصدار خاص,867.5380000000001,2.78,1.9506493506493503,0.9673587669921192,82,مجموعه سكاكين مطبخ - اصدار خاص,False,True,True,False,False,False,True,trust,none,5.3,قوة العلامة التجارية أقل من منافسيه داخل المجموعة | تقييم المنتج أقل من متوسط المنتجات المشابهة | عدد المراجعات أقل من المنتجات المشابهة مما يضعف الثقة,4,176,فرن كهربايي 60 لتر - اصدار خاص,,Substitute,1.0,شركاء مقترحون بناءً على الشراء المتكرر داخل نفس القسم.,منتجات من نفس القسم يميل العملاء لضمّها — فرصة بيع تكميلي داخلي.,True,conversion_friction,"Cart activity exists, but too few cart users convert to buyers.",Moderate Performance,High Abandonment,conversion_friction|trust,2,Investigate checkout or value-friction and reduce drop-off after add-to-cart.,افحص تعثر ما بعد الاضافة للسلة وخفف اسباب الانسحاب قبل الشراء.,Bundle with فرن كهربايي 60 لتر - اصدار خاص where relevant.,فعّل باقة او ربطا مع المنتج فرن كهربايي 60 لتر - اصدار خاص عندما يكون ذلك مناسبا.,conversion+bundle,Investigate checkout or value-friction and reduce drop-off after add-to-cart.,افحص تعثر ما بعد الاضافة للسلة وخفف اسباب الانسحاب قبل الشراء.,Conversion 120.00% vs category avg 439.13%.,Rating trails peers (2.80 vs 2.78).,Cart abandonment is high at 100.00%.,51.68,Medium,Medium
70,فرن كهربايي 60 لتر - اصدار خاص,فرن كهربايي 60 لتر - اصدار خاص,المنزل والمطبخ,unknown_subcategory,فيليبس,1076.29,,False,22,6,0,26,22,6,0,6,22,22,6.0,0.0,24,24.0,6.0,22.0,False,32288.7,30,26,0.2727272727272727,0.0,0.0,1.0,0.2727272727272727,1.181818181818182,1.0,Moderate,-0.2014044324264822,-0.2014044324264822,64.0,64.0,64.0,0.0,4.391284662352632,1.9285714285714288,21.80555555555556,0.2691281191470339,False,False,False,High,False,False,True,True,False,متوسط,انسحاب مرتفع بعد الإضافة للسلة,انسحاب مرتفع بعد الإضافة للسلة,المنتج يُشاهَد لكنه لا يتحول إلى شراء بالمستوى المطلوب.,3.1,0,1121.0,74,13,74,2,32288.7,26,3.1,22,6,0,2024-01-01,2024-12-30,119|197|85|135|106,ماكينه قهوه اسبريسو - اصدار خاص|مكيف هواء انفيرتر 18000 - اصدار خاص|ماكينه قهوه اسبريسو - اصدار خاص|طقم اواني طهي غرانيت - اصدار خاص|فرن كهربايي 60 لتر - اصدار خاص,1046.4879999999998,3.04,1.3137662337662337,0.9580481726083084,119,ماكينه قهوه اسبريسو - اصدار خاص,False,True,True,True,False,False,True,trust,content,6.4,قوة العلامة التجارية أقل من منافسيه داخل المجموعة | تقييم المنتج أقل من متوسط المنتجات المشابهة | الدعم البصري أضعف من المنافسين من حيث عدد الصور | عدد المراجعات أقل من المنتجات المشابهة مما يضعف الثقة,4,176,فرن كهربايي 60 لتر - اصدار خاص,,Substitute,0.4,شركاء مقترحون بناءً على الشراء المتكرر داخل نفس القسم.,منتجات من نفس القسم يميل العملاء لضمّها — فرصة بيع تكميلي داخلي.,True,conversion_friction,"Cart activity exists, but too few cart users convert to buyers. Additional issues detected (conversion_friction | content): Product content richness or image coverage lags similar products.",Moderate Performance,High Abandonment + Weak Content,conversion_friction|trust|content,3,Investigate checkout or value-friction and reduce drop-off after add-to-cart.,افحص تعثر ما بعد الاضافة للسلة وخفف اسباب الانسحاب قبل الشراء.,Bundle with فرن كهربايي 60 لتر - اصدار خاص where relevant.,فعّل باقة او ربطا مع المنتج فرن كهربايي 60 لتر - اصدار خاص عندما يكون ذلك مناسبا.,conversion+bundle,Investigate checkout or value-friction and reduce drop-off after add-to-cart.,افحص تعثر ما بعد الاضافة للسلة وخفف اسباب الانسحاب قبل الشراء.,Conversion 118.18% vs category avg 439.13%.,Rating trails peers (3.10 vs 3.04).,Cart abandonment is high at 100.00%.,51.68,Medium,Medium
98,اوزان حديد طقم 20 كيلو - اصدار خاص,اوزان حديد طقم 20 كيلو - اصدار خاص,الرياضه واللياقه,unknown_subcategory,نايكي,449.02,,False,11,3,0,26,11,3,0,3,11,11,3.0,0.0,26,26.0,3.0,11.0,False,13470.6,30,26,0.2727272727272727,0.0,0.0,1.0,0.2727272727272727,2.363636363636364,1.0,Moderate,-0.3844485749777825,-0.3844485749777825,134.0,134.0,134.0,0.0,8.50970943604373,2.117647058823529,17.666666666666668,0.277757587541702,False,False,False,High,False,True,True,False,True,متوسط,انسحاب مرتفع بعد الإضافة للسلة,انسحاب مرتفع بعد الإضافة للسلة,هناك اهتمام واضح بالمنتج لكن جزءًا من العملاء لا يكمل الشراء بعد الإضافة للسلة.,4.1,0,1192.0,88,17,88,6,13470.6,26,4.1,11,3,0,2024-01-01,2024-12-30,86|71|165|139|95,لباس رياضي ضاغط - اصدار خاص|حصيره يوغا مضاده للانزلاق - اصدار خاص|حذاء جري احترافي - اصدار خاص|حقيبه رياضيه جيم - اصدار خاص|كره قدم رسميه فيفا - اصدار خاص,402.888,4.0,1.886363636363636,0.9481462997960352,86,لباس رياضي ضاغط - اصدار خاص,True,False,True,False,False,False,True,pricing,trust,5.0,السعر أعلى من المستوى المعتاد داخل المجموعة المنافسة | قوة العلامة التجارية أقل من منافسيه داخل المجموعة | عدد المراجعات أقل من المنتجات المشابهة مما يضعف الثقة,1,48,حقيبه رياضيه جيم,,Substitute,0.8,شركاء مقترحون بناءً على الشراء المتكرر داخل نفس القسم.,منتجات من نفس القسم يميل العملاء لضمّها — فرصة بيع تكميلي داخلي.,True,conversion_friction,"Cart activity exists, but too few cart users convert to buyers. Additional issues detected (conversion_friction | pricing | visibility): The product appears overpriced relative to its closest peer group. Also: The product receives limited qualified visibility in the selected period.",Moderate Performance,High Abandonment + High Price vs Peers + Low Visibility,conversion_friction|pricing|trust|visibility,4,Investigate checkout or value-friction and reduce drop-off after add-to-cart.,افحص تعثر ما بعد الاضافة للسلة وخفف اسباب الانسحاب قبل الشراء.,Bundle with حقيبه رياضيه جيم where relevant.,فعّل باقة او ربطا مع المنتج حقيبه رياضيه جيم عندما يكون ذلك مناسبا.,conversion+bundle,Investigate checkout or value-friction and reduce drop-off after add-to-cart.,افحص تعثر ما بعد الاضافة للسلة وخفف اسباب الانسحاب قبل الشراء.,Conversion 236.36% vs category avg 850.97%.,Price is above peer average (449.02 vs 402.89).,Cart abandonment is high at 100.00%.,51.61,Medium,Medium
43,دراجه هواييه جبليه,دراجه هواييه جبليه,الرياضه واللياقه,unknown_subcategory,نايكي,1574.27,,False,7,2,0,17,7,2,0,2,7,7,2.0,0.0,17,17.0,2.0,7.0,False,29911.13,19,17,0.2857142857142857,0.0,0.0,1.0,0.2857142857142857,2.4285714285714284,1.0,Moderate,-0.4614094528603355,-0.4614094528603355,167.0,167.0,167.0,0.0,8.50970943604373,2.117647058823529,17.666666666666668,0.2853882904961443,True,False,False,High,False,True,True,False,True,متوسط,انسحاب مرتفع بعد الإضافة للسلة,انسحاب مرتفع بعد الإضافة للسلة,هناك اهتمام واضح بالمنتج لكن جزءًا من العملاء لا يكمل الشراء بعد الإضافة للسلة.,3.1,0,1243.0,72,12,72,5,29911.13,17,3.1,7,2,0,2024-01-01,2024-12-30,139|165|71|86|49,حقيبه رياضيه جيم - اصدار خاص|حذاء جري احترافي - اصدار خاص|حصيره يوغا مضاده للانزلاق - اصدار خاص|لباس رياضي ضاغط - اصدار خاص|جهاز قياس ضغط الدم,408.958,4.1,1.6628342245989305,0.8802770889646236,139,حقيبه رياضيه جيم - اصدار خاص,True,True,True,False,False,False,True,pricing,trust,6.5,السعر أعلى من المستوى المعتاد داخل المجموعة المنافسة | قوة العلامة التجارية أقل من منافسيه داخل المجموعة | تقييم المنتج أقل من متوسط المنتجات المشابهة | عدد المراجعات أقل من المنتجات المشابهة مما يضعف الثقة,1,48,حقيبه رياضيه جيم,,Substitute,0.6,شركاء مقترحون بناءً على الشراء المتكرر داخل نفس القسم.,منتجات من نفس القسم يميل العملاء لضمّها — فرصة بيع تكميلي داخلي.,True,conversion_friction,"Cart activity exists, but too few cart users convert to buyers. Additional issues detected (conversion_friction | pricing | visibility): The product appears overpriced relative to its closest peer group. Also: The product receives limited qualified visibility in the selected period.",Moderate Performance,High Abandonment + High Price vs Peers + Low Visibility,conversion_friction|pricing|trust|visibility,4,Investigate checkout or value-friction and reduce drop-off after add-to-cart.,افحص تعثر ما بعد الاضافة للسلة وخفف اسباب الانسحاب قبل الشراء.,Bundle with حقيبه رياضيه جيم where relevant.,فعّل باقة او ربطا مع المنتج حقيبه رياضيه جيم عندما يكون ذلك مناسبا.,conversion+bundle,Investigate checkout or value-friction and reduce drop-off after add-to-cart.,افحص تعثر ما بعد الاضافة للسلة وخفف اسباب الانسحاب قبل الشراء.,Conversion 242.86% vs category avg 850.97%.,Price is above peer average (1574.27 vs 408.96).,Rating trails peers (3.10 vs 4.10).,51.49,Medium,Medium
90,شاشه 4K 27 انش - اصدار خاص,شاشه 4K 27 انش - اصدار خاص,الالكترونيات,unknown_subcategory,ال جي,2115.26,,False,10,1,0,23,10,1,0,1,10,10,1.0,0.0,23,23.0,1.0,10.0,False,52881.50000000001,25,23,0.1,0.0,0.0,1.0,0.1,2.3,1.0,Moderate,-0.4458109743601261,-0.4458109743601261,165.0,165.0,165.0,0.0,7.961233440029987,1.9,20.12121212121212,0.2888999571894649,False,False,False,High,False,True,True,False,True,متوسط,انسحاب مرتفع بعد الإضافة للسلة,انسحاب مرتفع بعد الإضافة للسلة,هناك اهتمام واضح بالمنتج لكن جزءًا من العملاء لا يكمل الشراء بعد الإضافة للسلة.,5.0,0,1079.0,87,16,87,5,52881.50000000001,23,5.0,10,1,0,2024-01-01,2024-12-30,112|81|102|194|147,شاشه 4K 27 انش - اصدار خاص|شاشه 4K 27 انش - اصدار خاص|تابلت 10 انش - اصدار خاص|ساعه ذكيه سبورت - اصدار خاص|هاتف ذكي برو ماكس - اصدار خاص,2181.318,4.44,1.8238035648561968,0.96068720578532,112,شاشه 4K 27 انش - اصدار خاص,True,False,True,False,False,False,True,pricing,trust,5.0,السعر أعلى من المستوى المعتاد داخل المجموعة المنافسة | قوة العلامة التجارية أقل من منافسيه داخل المجموعة | عدد المراجعات أقل من المنتجات المشابهة مما يضعف الثقة,0,6,شاشه 4K 27 انش,,Substitute,0.9,شركاء مقترحون بناءً على الشراء المتكرر داخل نفس القسم.,منتجات من نفس القسم يميل العملاء لضمّها — فرصة بيع تكميلي داخلي.,True,conversion_friction,"Cart activity exists, but too few cart users convert to buyers. Additional issues detected (conversion_friction | pricing | visibility): The product appears overpriced relative to its closest peer group. Also: The product receives limited qualified visibility in the selected period.",Moderate Performance,High Abandonment + High Price vs Peers + Low Visibility,conversion_friction|pricing|trust|visibility,4,Investigate checkout or value-friction and reduce drop-off after add-to-cart.,افحص تعثر ما بعد الاضافة للسلة وخفف اسباب الانسحاب قبل الشراء.,Bundle with شاشه 4K 27 انش where relevant.,فعّل باقة او ربطا مع المنتج شاشه 4K 27 انش عندما يكون ذلك مناسبا.,conversion+bundle,Investigate checkout or value-friction and reduce drop-off after add-to-cart.,افحص تعثر ما بعد الاضافة للسلة وخفف اسباب الانسحاب قبل الشراء.,Conversion 230.00% vs category avg 796.12%.,Price is above peer average (2115.26 vs 2181.32).,Cart abandonment is high at 100.00%.,51.48,Medium,Medium
158,فستان سهره انيق - اصدار خاص,فستان سهره انيق - اصدار خاص,الازياء والملابس,unknown_subcategory,بوما,655.51,,False,45,7,0,29,45,7,0,7,29,43,7.0,0.0,27,27.0,7.0,27.0,False,20976.32,32,29,0.1555555555555555,0.0,0.0,1.0,0.1555555555555555,0.6744186046511628,1.0,Moderate,0.0391501089045317,0.0391501089045317,38.0,38.0,38.0,0.0,2.284453274168197,2.3080357142857144,18.59375,0.295221010767545,False,False,False,High,False,False,True,True,False,متوسط,انسحاب مرتفع بعد الإضافة للسلة,انسحاب مرتفع بعد الإضافة للسلة,المنتج يُشاهَد لكنه لا يتحول إلى شراء بالمستوى المطلوب.,4.2,0,1173.0,78,14,78,2,20976.32,29,4.2,45,7,0,2024-01-01,2024-12-30,100|156|166|198|93,حقيبه يد جلديه - اصدار خاص|قميص قطني كلاسيكي - اصدار خاص|فستان سهره انيق - اصدار خاص|حقيبه يد جلديه - اصدار خاص|شال كشمير ناعم - اصدار خاص,295.97,4.08,2.275668016194332,0.9702018881920148,100,حقيبه يد جلديه - اصدار خاص,True,False,True,True,False,False,True,pricing,trust,5.1,السعر أعلى من المستوى المعتاد داخل المجموعة المنافسة | الدعم البصري أضعف من المنافسين من حيث عدد الصور | عدد المراجعات أقل من المنتجات المشابهة مما يضعف الثقة,6,164,حقيبه يد جلديه - اصدار خاص,,Substitute,1.2,شركاء مقترحون بناءً على الشراء المتكرر داخل نفس القسم.,منتجات من نفس القسم يميل العملاء لضمّها — فرصة بيع تكميلي داخلي.,True,conversion_friction,"Cart activity exists, but too few cart users convert to buyers. Additional issues detected (conversion_friction | pricing | content): The product appears overpriced relative to its closest peer group. Also: Product content richness or image coverage lags similar products.",Moderate Performance,High Abandonment + High Price vs Peers + Weak Content,conversion_friction|pricing|trust|content,4,Investigate checkout or value-friction and reduce drop-off after add-to-cart.,افحص تعثر ما بعد الاضافة للسلة وخفف اسباب الانسحاب قبل الشراء.,Bundle with حقيبه يد جلديه - اصدار خاص where relevant.,فعّل باقة او ربطا مع المنتج حقيبه يد جلديه - اصدار خاص عندما يكون ذلك مناسبا.,conversion+bundle,Investigate checkout or value-friction and reduce drop-off after add-to-cart.,افحص تعثر ما بعد الاضافة للسلة وخفف اسباب الانسحاب قبل الشراء.,Conversion 67.44% vs category avg 228.45%.,Price is above peer average (655.51 vs 295.97).,Cart abandonment is high at 100.00%.,51.43,Medium,Medium
81,شاشه 4K 27 انش - اصدار خاص,شاشه 4K 27 انش - اصدار خاص,الالكترونيات,unknown_subcategory,لينوفو,1613.84,,False,14,2,0,29,14,2,0,2,14,14,2.0,0.0,27,27.0,2.0,14.0,False,50029.04,31,29,0.1428571428571428,0.0,0.0,1.0,0.1428571428571428,2.071428571428572,1.0,Moderate,-0.3716431634024611,-0.3716431634024611,124.0,124.0,124.0,0.0,7.961233440029987,1.9,20.12121212121212,0.2601894024377169,False,False,False,High,False,False,True,False,True,متوسط,انسحاب مرتفع بعد الإضافة للسلة,انسحاب مرتفع بعد الإضافة للسلة,هناك اهتمام واضح بالمنتج لكن جزءًا من العملاء لا يكمل الشراء بعد الإضافة للسلة.,5.0,0,1120.0,87,16,87,1,50029.04,29,5.0,14,2,0,2024-01-01,2024-12-30,112|90|102|147|194,شاشه 4K 27 انش - اصدار خاص|شاشه 4K 27 انش - اصدار خاص|تابلت 10 انش - اصدار خاص|هاتف ذكي برو ماكس - اصدار خاص|ساعه ذكيه سبورت - اصدار خاص,2281.602,4.44,1.869517850570482,0.9246407834848364,112,شاشه 4K 27 انش - اصدار خاص,False,False,True,True,False,False,True,trust,content,4.9,قوة العلامة التجارية أقل من منافسيه داخل المجموعة | الدعم البصري أضعف من المنافسين من حيث عدد الصور | عدد المراجعات أقل من المنتجات المشابهة مما يضعف الثقة,0,3,سماعات لاسلكيه,,Substitute,0.8,شركاء مقترحون بناءً على الشراء المتكرر داخل نفس القسم.,منتجات من نفس القسم يميل العملاء لضمّها — فرصة بيع تكميلي داخلي.,True,conversion_friction,"Cart activity exists, but too few cart users convert to buyers. Additional issues detected (conversion_friction | content): Product content richness or image coverage lags similar products.",Moderate Performance,High Abandonment + Weak Content,conversion_friction|trust|content,3,Investigate checkout or value-friction and reduce drop-off after add-to-cart.,افحص تعثر ما بعد الاضافة للسلة وخفف اسباب الانسحاب قبل الشراء.,Bundle with سماعات لاسلكيه where relevant.,فعّل باقة او ربطا مع المنتج سماعات لاسلكيه عندما يكون ذلك مناسبا.,conversion+bundle,Investigate checkout or value-friction and reduce drop-off after add-to-cart.,افحص تعثر ما بعد الاضافة للسلة وخفف اسباب الانسحاب قبل الشراء.,Conversion 207.14% vs category avg 796.12%.,Cart abandonment is high at 100.00%.,,51.43,Medium,Medium
180,شال كشمير ناعم - اصدار خاص,شال كشمير ناعم - اصدار خاص,الازياء والملابس,unknown_subcategory,مانجو,279.71,,False,47,12,0,31,47,12,0,12,31,46,12.0,0.0,30,30.0,12.0,30.0,False,9230.429999999998,33,31,0.2553191489361702,0.0,0.0,1.0,0.2553191489361702,0.6739130434782609,1.0,Moderate,0.2097329064548879,0.2097329064548879,29.0,29.0,29.0,0.0,2.284453274168197,2.3080357142857144,18.59375,0.294999705662022,False,False,False,High,False,False,True,True,False,متوسط,انسحاب مرتفع بعد الإضافة للسلة,انسحاب مرتفع بعد الإضافة للسلة,المنتج يُشاهَد لكنه لا يتحول إلى شراء بالمستوى المطلوب.,3.3,0,1249.0,76,14,76,1,9230.429999999998,31,3.3,47,12,0,2024-01-01,2024-12-30,93|156|125|11|155,شال كشمير ناعم - اصدار خاص|قميص قطني كلاسيكي - اصدار خاص|شال كشمير ناعم - اصدار خاص|قميص قطني كلاسيكي|حذاء رياضي مريح - اصدار خاص,203.526,3.34,2.474051796157059,0.967300887627374,93,شال كشمير ناعم - اصدار خاص,False,True,True,True,False,False,True,trust,content,5.4,تقييم المنتج أقل من متوسط المنتجات المشابهة | الدعم البصري أضعف من المنافسين من حيث عدد الصور | عدد المراجعات أقل من المنتجات المشابهة مما يضعف الثقة,6,158,فستان سهره انيق - اصدار خاص,,Substitute,1.0,شركاء مقترحون بناءً على الشراء المتكرر داخل نفس القسم.,منتجات من نفس القسم يميل العملاء لضمّها — فرصة بيع تكميلي داخلي.,True,conversion_friction,"Cart activity exists, but too few cart users convert to buyers. Additional issues detected (conversion_friction | content): Product content richness or image coverage lags similar products.",Moderate Performance,High Abandonment + Weak Content,conversion_friction|trust|content,3,Investigate checkout or value-friction and reduce drop-off after add-to-cart.,افحص تعثر ما بعد الاضافة للسلة وخفف اسباب الانسحاب قبل الشراء.,Bundle with فستان سهره انيق - اصدار خاص where relevant.,فعّل باقة او ربطا مع المنتج فستان سهره انيق - اصدار خاص عندما يكون ذلك مناسبا.,conversion+bundle,Investigate checkout or value-friction and reduce drop-off after add-to-cart.,افحص تعثر ما بعد الاضافة للسلة وخفف اسباب الانسحاب قبل الشراء.,Conversion 67.39% vs category avg 228.45%.,Rating trails peers (3.30 vs 3.34).,Cart abandonment is high at 100.00%.,51.41,Medium,Medium
87,طقم مكياج احترافي - اصدار خاص,طقم مكياج احترافي - اصدار خاص,الجمال والعنايه,unknown_subcategory,نيفيا,281.44,,False,47,12,0,24,47,12,0,12,24,44,11.0,0.0,21,21.0,11.0,21.0,False,7317.44,26,24,0.2553191489361702,0.0,0.0,1.0,0.2553191489361702,0.5454545454545454,1.0,Moderate,0.1941763403381989,0.1941763403381989,31.0,31.0,31.0,0.0,6.768778422340422,2.8,19.580645161290324,0.0805838973328284,False,False,False,High,False,False,True,True,False,متوسط,انسحاب مرتفع بعد الإضافة للسلة,انسحاب مرتفع بعد الإضافة للسلة,المنتج يُشاهَد لكنه لا يتحول إلى شراء بالمستوى المطلوب.,2.7,0,1164.0,93,17,93,6,7317.44,24,2.7,47,12,0,2024-01-01,2024-12-30,181|72|122|109|179,عطر رجالي عودي - اصدار خاص|كريم مرطب SPF 50 - اصدار خاص|طقم مكياج احترافي - اصدار خاص|قناع وجه كولاجين - اصدار خاص|مجموعه عنايه بالشعر - اصدار خاص,307.894,3.16,3.3357142857142863,0.9071326354049756,181,عطر رجالي عودي - اصدار خاص,False,True,True,False,False,False,True,trust,none,4.3,تقييم المنتج أقل من متوسط المنتجات المشابهة | عدد المراجعات أقل من المنتجات المشابهة مما يضعف الثقة,5,34,طقم مكياج احترافي,,Substitute,1.3,شركاء مقترحون بناءً على الشراء المتكرر داخل نفس القسم.,منتجات من نفس القسم يميل العملاء لضمّها — فرصة بيع تكميلي داخلي.,True,conversion_friction,"Cart activity exists, but too few cart users convert to buyers.",Moderate Performance,High Abandonment,conversion_friction|trust,2,Investigate checkout or value-friction and reduce drop-off after add-to-cart.,افحص تعثر ما بعد الاضافة للسلة وخفف اسباب الانسحاب قبل الشراء.,Bundle with طقم مكياج احترافي where relevant.,فعّل باقة او ربطا مع المنتج طقم مكياج احترافي عندما يكون ذلك مناسبا.,conversion+bundle,Investigate checkout or value-friction and reduce drop-off after add-to-cart.,افحص تعثر ما بعد الاضافة للسلة وخفف اسباب الانسحاب قبل الشراء.,Conversion 54.55% vs category avg 676.88%.,Rating trails peers (2.70 vs 3.16).,Cart abandonment is high at 100.00%.,51.32,Medium,Medium
162,ثلاجه نوفروست 350 لتر - اصدار خاص,ثلاجه نوفروست 350 لتر - اصدار خاص,المنزل والمطبخ,unknown_subcategory,تيفال,2324.66,,False,18,3,0,24,18,3,0,3,18,18,3.0,0.0,24,24.0,3.0,18.0,False,62765.81999999999,27,24,0.1666666666666666,0.0,0.0,1.0,0.1666666666666666,1.3333333333333333,1.0,Moderate,-0.319792242425579,-0.319792242425579,101.0,101.0,101.0,0.0,4.391284662352632,1.9285714285714288,21.80555555555556,0.3036317241658844,False,False,False,High,False,False,True,False,True,متوسط,انسحاب مرتفع بعد الإضافة للسلة,انسحاب مرتفع بعد الإضافة للسلة,هناك اهتمام واضح بالمنتج لكن جزءًا من العملاء لا يكمل الشراء بعد الإضافة للسلة.,3.4,0,1144.0,88,16,88,4,62765.81999999999,24,3.4,18,3,0,2024-01-01,2024-12-30,85|119|130|176|178,ماكينه قهوه اسبريسو - اصدار خاص|ماكينه قهوه اسبريسو - اصدار خاص|ثلاجه نوفروست 350 لتر - اصدار خاص|فرن كهربايي 60 لتر - اصدار خاص|مكيف هواء انفيرتر 18000 - اصدار خاص,2141.37,3.72,1.176847466259231,0.9482388970923316,85,ماكينه قهوه اسبريسو - اصدار خاص,True,False,True,False,False,False,True,pricing,trust,5.0,السعر أعلى من المستوى المعتاد داخل المجموعة المنافسة | قوة العلامة التجارية أقل من منافسيه داخل المجموعة | عدد المراجعات أقل من المنتجات المشابهة مما يضعف الثقة,4,176,فرن كهربايي 60 لتر - اصدار خاص,,Substitute,0.7,شركاء مقترحون بناءً على الشراء المتكرر داخل نفس القسم.,منتجات من نفس القسم يميل العملاء لضمّها — فرصة بيع تكميلي داخلي.,True,conversion_friction,"Cart activity exists, but too few cart users convert to buyers. Additional issues detected (conversion_friction | pricing): The product appears overpriced relative to its closest peer group.",Moderate Performance,High Abandonment + High Price vs Peers,conversion_friction|pricing|trust,3,Investigate checkout or value-friction and reduce drop-off after add-to-cart.,افحص تعثر ما بعد الاضافة للسلة وخفف اسباب الانسحاب قبل الشراء.,Bundle with فرن كهربايي 60 لتر - اصدار خاص where relevant.,فعّل باقة او ربطا مع المنتج فرن كهربايي 60 لتر - اصدار خاص عندما يكون ذلك مناسبا.,conversion+bundle,Investigate checkout or value-friction and reduce drop-off after add-to-cart.,افحص تعثر ما بعد الاضافة للسلة وخفف اسباب الانسحاب قبل الشراء.,Conversion 133.33% vs category avg 439.13%.,Price is above peer average (2324.66 vs 2141.37).,Cart abandonment is high at 100.00%.,51.27,Medium,Medium
186,كتاب الطبخ العربي التقليدي - اصدار خاص,كتاب الطبخ العربي التقليدي - اصدار خاص,الكتب والتعليم,unknown_subcategory,دار العلوم,109.52,,False,27,7,0,28,27,7,0,7,27,27,7.0,0.0,27,27.0,7.0,27.0,False,3066.56,28,28,0.2592592592592592,0.0,0.0,1.0,0.2592592592592592,1.037037037037037,1.0,Moderate,-0.134023130871351,-0.134023130871351,49.0,49.0,49.0,0.0,3.3634956997365264,2.083333333333333,23.17142857142857,0.3083212019918062,False,False,False,High,False,False,True,True,False,متوسط,انسحاب مرتفع بعد الإضافة للسلة,انسحاب مرتفع بعد الإضافة للسلة,المنتج يُشاهَد لكنه لا يتحول إلى شراء بالمستوى المطلوب.,2.8,0,1186.0,78,13,78,4,3066.56,28,2.8,27,7,0,2024-01-01,2024-12-30,171|193|151|196|99,موسوعه التاريخ الاسلامي - اصدار خاص|مجموعه كتب الطفل التعليميه - اصدار خاص|كتاب تطوير الذات والتحفيز - اصدار خاص|اطلس العالم المصور - اصدار خاص|مجموعه كتب الطفل التعليميه - اصدار خاص,165.042,3.54,1.4319837025719375,0.9230257947015564,171,موسوعه التاريخ الاسلامي - اصدار خاص,False,True,True,False,False,False,True,trust,none,5.3,قوة العلامة التجارية أقل من منافسيه داخل المجموعة | تقييم المنتج أقل من متوسط المنتجات المشابهة | عدد المراجعات أقل من المنتجات المشابهة مما يضعف الثقة,3,172,كتاب رياده الاعمال والنجاح - اصدار خاص,,Substitute,0.8,شركاء مقترحون بناءً على الشراء المتكرر داخل نفس القسم.,منتجات من نفس القسم يميل العملاء لضمّها — فرصة بيع تكميلي داخلي.,True,conversion_friction,"Cart activity exists, but too few cart users convert to buyers.",Moderate Performance,High Abandonment,conversion_friction|trust,2,Investigate checkout or value-friction and reduce drop-off after add-to-cart.,افحص تعثر ما بعد الاضافة للسلة وخفف اسباب الانسحاب قبل الشراء.,Bundle with كتاب رياده الاعمال والنجاح - اصدار خاص where relevant.,فعّل باقة او ربطا مع المنتج كتاب رياده الاعمال والنجاح - اصدار خاص عندما يكون ذلك مناسبا.,conversion+bundle,Investigate checkout or value-friction and reduce drop-off after add-to-cart.,افحص تعثر ما بعد الاضافة للسلة وخفف اسباب الانسحاب قبل الشراء.,Conversion 103.70% vs category avg 336.35%.,Rating trails peers (2.80 vs 3.54).,Cart abandonment is high at 100.00%.,51.23,Medium,Medium
122,طقم مكياج احترافي - اصدار خاص,طقم مكياج احترافي - اصدار خاص,الجمال والعنايه,unknown_subcategory,ماك,696.77,,False,12,3,0,25,12,3,0,3,12,12,3.0,0.0,24,24.0,3.0,12.0,False,18116.02,26,25,0.25,0.0,0.0,1.0,0.25,2.083333333333333,1.0,Moderate,-0.3797322670071573,-0.3797322670071573,132.0,132.0,132.0,0.0,6.768778422340422,2.8,19.580645161290324,0.3077857189795533,False,False,False,High,False,False,True,False,True,متوسط,انسحاب مرتفع بعد الإضافة للسلة,انسحاب مرتفع بعد الإضافة للسلة,هناك اهتمام واضح بالمنتج لكن جزءًا من العملاء لا يكمل الشراء بعد الإضافة للسلة.,3.2,0,1198.0,80,14,80,6,18116.02,25,3.2,12,3,0,2024-01-01,2024-12-30,132|189|149|37|39,عطر رجالي عودي - اصدار خاص|مزيل عرق رول اون - اصدار خاص|طقم مكياج احترافي - اصدار خاص|غسول وجه للبشره الحساسه|قناع وجه كولاجين,229.666,3.5800000000000005,6.9340909090909095,0.9124206058084428,132,عطر رجالي عودي - اصدار خاص,True,True,True,False,False,False,True,pricing,trust,5.5,السعر أعلى من المستوى المعتاد داخل المجموعة المنافسة | تقييم المنتج أقل من متوسط المنتجات المشابهة | عدد المراجعات أقل من المنتجات المشابهة مما يضعف الثقة,5,87,طقم مكياج احترافي - اصدار خاص,,Substitute,0.7,شركاء مقترحون بناءً على الشراء المتكرر داخل نفس القسم.,منتجات من نفس القسم يميل العملاء لضمّها — فرصة بيع تكميلي داخلي.,True,conversion_friction,"Cart activity exists, but too few cart users convert to buyers. Additional issues detected (conversion_friction | pricing): The product appears overpriced relative to its closest peer group.",Moderate Performance,High Abandonment + High Price vs Peers,conversion_friction|pricing|trust,3,Investigate checkout or value-friction and reduce drop-off after add-to-cart.,افحص تعثر ما بعد الاضافة للسلة وخفف اسباب الانسحاب قبل الشراء.,Bundle with طقم مكياج احترافي - اصدار خاص where relevant.,فعّل باقة او ربطا مع المنتج طقم مكياج احترافي - اصدار خاص عندما يكون ذلك مناسبا.,conversion+bundle,Investigate checkout or value-friction and reduce drop-off after add-to-cart.,افحص تعثر ما بعد الاضافة للسلة وخفف اسباب الانسحاب قبل الشراء.,Conversion 208.33% vs category avg 676.88%.,Price is above peer average (696.77 vs 229.67).,Rating trails peers (3.20 vs 3.58).,51.22,Medium,Medium
105,حقيبه رياضيه جيم - اصدار خاص,حقيبه رياضيه جيم - اصدار خاص,الرياضه واللياقه,unknown_subcategory,نيو بالانس,250.27,,False,10,3,0,24,10,3,0,3,10,10,3.0,0.0,24,24.0,3.0,10.0,False,6256.75,25,24,0.3,0.0,0.0,1.0,0.3,2.4,1.0,Moderate,-0.3997649464377055,-0.3997649464377055,147.0,147.0,147.0,0.0,8.50970943604373,2.117647058823529,17.666666666666668,0.2820307811961897,False,False,False,High,False,True,True,False,True,متوسط,انسحاب مرتفع بعد الإضافة للسلة,انسحاب مرتفع بعد الإضافة للسلة,هناك اهتمام واضح بالمنتج لكن جزءًا من العملاء لا يكمل الشراء بعد الإضافة للسلة.,4.6,0,1079.0,82,15,82,2,6256.75,24,4.6,10,3,0,2024-01-01,2024-12-30,114|76|110|157|95,حقيبه رياضيه جيم - اصدار خاص|حقيبه رياضيه جيم - اصدار خاص|جهاز قياس ضغط الدم - اصدار خاص|جهاز قياس ضغط الدم - اصدار خاص|كره قدم رسميه فيفا - اصدار خاص,216.194,4.22,1.665235950839666,0.9905575016661026,114,حقيبه رياضيه جيم - اصدار خاص,False,False,True,True,False,False,True,trust,content,4.9,قوة العلامة التجارية أقل من منافسيه داخل المجموعة | الدعم البصري أضعف من المنافسين من حيث عدد الصور | عدد المراجعات أقل من المنتجات المشابهة مما يضعف الثقة,1,47,اوزان حديد طقم 20 كيلو,,Substitute,0.9,شركاء مقترحون بناءً على الشراء المتكرر داخل نفس القسم.,منتجات من نفس القسم يميل العملاء لضمّها — فرصة بيع تكميلي داخلي.,True,conversion_friction,"Cart activity exists, but too few cart users convert to buyers. Additional issues detected (conversion_friction | content | visibility): Product content richness or image coverage lags similar products. Also: The product receives limited qualified visibility in the selected period.",Moderate Performance,High Abandonment + Weak Content + Low Visibility,conversion_friction|trust|content|visibility,4,Investigate checkout or value-friction and reduce drop-off after add-to-cart.,افحص تعثر ما بعد الاضافة للسلة وخفف اسباب الانسحاب قبل الشراء.,Bundle with اوزان حديد طقم 20 كيلو where relevant.,فعّل باقة او ربطا مع المنتج اوزان حديد طقم 20 كيلو عندما يكون ذلك مناسبا.,conversion+bundle,Investigate checkout or value-friction and reduce drop-off after add-to-cart.,افحص تعثر ما بعد الاضافة للسلة وخفف اسباب الانسحاب قبل الشراء.,Conversion 240.00% vs category avg 850.97%.,Cart abandonment is high at 100.00%.,,51.16,Medium,Medium
181,عطر رجالي عودي - اصدار خاص,عطر رجالي عودي - اصدار خاص,الجمال والعنايه,unknown_subcategory,بالمر,353.61,,False,15,3,0,33,15,3,0,3,15,15,3.0,0.0,32,32.0,3.0,15.0,False,14144.4,40,33,0.2,0.0,0.0,1.0,0.2,2.2,1.0,Moderate,-0.3365109970737337,-0.3365109970737337,111.0,111.0,111.0,0.0,6.768778422340422,2.8,19.580645161290324,0.3250217192424083,False,False,False,High,False,False,True,False,True,متوسط,انسحاب مرتفع بعد الإضافة للسلة,انسحاب مرتفع بعد الإضافة للسلة,هناك اهتمام واضح بالمنتج لكن جزءًا من العملاء لا يكمل الشراء بعد الإضافة للسلة.,2.7,0,1142.0,68,13,68,4,14144.4,33,2.7,15,3,0,2024-01-01,2024-12-30,109|87|34|64|72,قناع وجه كولاجين - اصدار خاص|طقم مكياج احترافي - اصدار خاص|طقم مكياج احترافي|عطر رجالي عودي - اصدار خاص|كريم مرطب SPF 50 - اصدار خاص,294.016,3.02,3.846697086697087,0.9523228389489043,109,قناع وجه كولاجين - اصدار خاص,True,True,True,False,False,False,True,pricing,trust,6.5,السعر أعلى من المستوى المعتاد داخل المجموعة المنافسة | قوة العلامة التجارية أقل من منافسيه داخل المجموعة | تقييم المنتج أقل من متوسط المنتجات المشابهة | عدد المراجعات أقل من المنتجات المشابهة مما يضعف الثقة,5,33,مجموعه عنايه بالشعر,,Substitute,0.8,شركاء مقترحون بناءً على الشراء المتكرر داخل نفس القسم.,منتجات من نفس القسم يميل العملاء لضمّها — فرصة بيع تكميلي داخلي.,True,conversion_friction,"Cart activity exists, but too few cart users convert to buyers. Additional issues detected (conversion_friction | pricing): The product appears overpriced relative to its closest peer group.",Moderate Performance,High Abandonment + High Price vs Peers,conversion_friction|pricing|trust,3,Investigate checkout or value-friction and reduce drop-off after add-to-cart.,افحص تعثر ما بعد الاضافة للسلة وخفف اسباب الانسحاب قبل الشراء.,Bundle with مجموعه عنايه بالشعر where relevant.,فعّل باقة او ربطا مع المنتج مجموعه عنايه بالشعر عندما يكون ذلك مناسبا.,conversion+bundle,Investigate checkout or value-friction and reduce drop-off after add-to-cart.,افحص تعثر ما بعد الاضافة للسلة وخفف اسباب الانسحاب قبل الشراء.,Conversion 220.00% vs category avg 676.88%.,Price is above peer average (353.61 vs 294.02).,Rating trails peers (2.70 vs 3.02).,51.02,Medium,Medium
89,كتاب رياده الاعمال والنجاح - اصدار خاص,كتاب رياده الاعمال والنجاح - اصدار خاص,الكتب والتعليم,unknown_subcategory,بنغوين,73.16,,False,21,7,0,24,21,7,0,7,21,21,7.0,0.0,24,24.0,7.0,21.0,False,2048.48,28,24,0.3333333333333333,0.0,0.0,1.0,0.3333333333333333,1.1428571428571428,1.0,Moderate,-0.1966312144259616,-0.1966312144259616,63.0,63.0,63.0,0.0,3.3634956997365264,2.083333333333333,23.17142857142857,0.3397825491338272,False,False,False,High,False,False,True,True,False,متوسط,انسحاب مرتفع بعد الإضافة للسلة,انسحاب مرتفع بعد الإضافة للسلة,المنتج يُشاهَد لكنه لا يتحول إلى شراء بالمستوى المطلوب.,2.8,0,1205.0,78,13,78,2,2048.48,24,2.8,21,7,0,2024-01-01,2024-12-30,62|94|144|171|133,كتاب الطبخ العربي التقليدي - اصدار خاص|قاموس عربي انجليزي شامل - اصدار خاص|كتاب تطوير الذات والتحفيز - اصدار خاص|موسوعه التاريخ الاسلامي - اصدار خاص|اطلس العالم المصور - اصدار خاص,134.458,3.3600000000000003,2.2471146245059286,0.9726691588040928,62,كتاب الطبخ العربي التقليدي - اصدار خاص,False,True,True,True,False,False,True,trust,content,5.4,تقييم المنتج أقل من متوسط المنتجات المشابهة | الدعم البصري أضعف من المنافسين من حيث عدد الصور | عدد المراجعات أقل من المنتجات المشابهة مما يضعف الثقة,3,53,كتاب رياده الاعمال والنجاح,,Substitute,0.7,شركاء مقترحون بناءً على الشراء المتكرر داخل نفس القسم.,منتجات من نفس القسم يميل العملاء لضمّها — فرصة بيع تكميلي داخلي.,True,conversion_friction,"Cart activity exists, but too few cart users convert to buyers. Additional issues detected (conversion_friction | content): Product content richness or image coverage lags similar products.",Moderate Performance,High Abandonment + Weak Content,conversion_friction|trust|content,3,Investigate checkout or value-friction and reduce drop-off after add-to-cart.,افحص تعثر ما بعد الاضافة للسلة وخفف اسباب الانسحاب قبل الشراء.,Bundle with كتاب رياده الاعمال والنجاح where relevant.,فعّل باقة او ربطا مع المنتج كتاب رياده الاعمال والنجاح عندما يكون ذلك مناسبا.,conversion+bundle,Investigate checkout or value-friction and reduce drop-off after add-to-cart.,افحص تعثر ما بعد الاضافة للسلة وخفف اسباب الانسحاب قبل الشراء.,Conversion 114.29% vs category avg 336.35%.,Rating trails peers (2.80 vs 3.36).,Cart abandonment is high at 100.00%.,50.82,Medium,Medium
107,كاميرا ميرورليس - اصدار خاص,كاميرا ميرورليس - اصدار خاص,الالكترونيات,unknown_subcategory,اوبو,5057.62,,False,10,3,0,28,10,3,0,3,10,10,3.0,0.0,27,27.0,3.0,10.0,False,146670.98,29,28,0.3,0.0,0.0,1.0,0.3,2.8,1.0,Moderate,-0.3298240954016361,-0.3298240954016361,108.0,108.0,108.0,0.0,7.961233440029987,1.9,20.12121212121212,0.3517042957089138,False,False,False,High,False,True,True,False,True,متوسط,انسحاب مرتفع بعد الإضافة للسلة,انسحاب مرتفع بعد الإضافة للسلة,هناك اهتمام واضح بالمنتج لكن جزءًا من العملاء لا يكمل الشراء بعد الإضافة للسلة.,3.2,0,1132.0,80,13,80,6,146670.98,28,3.2,10,3,0,2024-01-01,2024-12-30,69|177|108|124|147,لابتوب الترا سليم - اصدار خاص|لابتوب الترا سليم - اصدار خاص|كاميرا ميرورليس - اصدار خاص|كاميرا ميرورليس - اصدار خاص|هاتف ذكي برو ماكس - اصدار خاص,4570.844,3.22,1.977827762753392,0.9693689167641976,69,لابتوب الترا سليم - اصدار خاص,True,True,True,False,False,False,True,pricing,trust,6.5,السعر أعلى من المستوى المعتاد داخل المجموعة المنافسة | قوة العلامة التجارية أقل من منافسيه داخل المجموعة | تقييم المنتج أقل من متوسط المنتجات المشابهة | عدد المراجعات أقل من المنتجات المشابهة مما يضعف الثقة,0,3,سماعات لاسلكيه,,Substitute,1.0,شركاء مقترحون بناءً على الشراء المتكرر داخل نفس القسم.,منتجات من نفس القسم يميل العملاء لضمّها — فرصة بيع تكميلي داخلي.,True,conversion_friction,"Cart activity exists, but too few cart users convert to buyers. Additional issues detected (conversion_friction | pricing | visibility): The product appears overpriced relative to its closest peer group. Also: The product receives limited qualified visibility in the selected period.",Moderate Performance,High Abandonment + High Price vs Peers + Low Visibility,conversion_friction|pricing|trust|visibility,4,Investigate checkout or value-friction and reduce drop-off after add-to-cart.,افحص تعثر ما بعد الاضافة للسلة وخفف اسباب الانسحاب قبل الشراء.,Bundle with سماعات لاسلكيه where relevant.,فعّل باقة او ربطا مع المنتج سماعات لاسلكيه عندما يكون ذلك مناسبا.,conversion+bundle,Investigate checkout or value-friction and reduce drop-off after add-to-cart.,افحص تعثر ما بعد الاضافة للسلة وخفف اسباب الانسحاب قبل الشراء.,Conversion 280.00% vs category avg 796.12%.,Price is above peer average (5057.62 vs 4570.84).,Rating trails peers (3.20 vs 3.22).,50.7,Medium,Medium
177,لابتوب الترا سليم - اصدار خاص,لابتوب الترا سليم - اصدار خاص,الالكترونيات,unknown_subcategory,لينوفو,3544.65,,False,9,2,0,25,9,2,0,2,9,9,2.0,0.0,24,24.0,2.0,9.0,False,102794.85,29,25,0.2222222222222222,0.0,0.0,1.0,0.2222222222222222,2.7777777777777777,1.0,Moderate,-0.3930820906038677,-0.3930820906038677,140.0,140.0,140.0,0.0,7.961233440029987,1.9,20.12121212121212,0.3489129917747161,True,False,False,High,False,True,True,False,True,متوسط,انسحاب مرتفع بعد الإضافة للسلة,انسحاب مرتفع بعد الإضافة للسلة,هناك اهتمام واضح بالمنتج لكن جزءًا من العملاء لا يكمل الشراء بعد الإضافة للسلة.,2.7,0,1135.0,82,14,82,5,102794.85,25,2.7,9,2,0,2024-01-01,2024-12-30,69|107|124|108|102,لابتوب الترا سليم - اصدار خاص|كاميرا ميرورليس - اصدار خاص|كاميرا ميرورليس - اصدار خاص|كاميرا ميرورليس - اصدار خاص|تابلت 10 انش - اصدار خاص,4454.926,3.06,1.6061956521739131,0.9574035066688116,69,لابتوب الترا سليم - اصدار خاص,True,True,True,False,False,False,True,pricing,trust,6.5,السعر أعلى من المستوى المعتاد داخل المجموعة المنافسة | قوة العلامة التجارية أقل من منافسيه داخل المجموعة | تقييم المنتج أقل من متوسط المنتجات المشابهة | عدد المراجعات أقل من المنتجات المشابهة مما يضعف الثقة,0,4,ساعه ذكيه سبورت,,Substitute,0.5,شركاء مقترحون بناءً على الشراء المتكرر داخل نفس القسم.,منتجات من نفس القسم يميل العملاء لضمّها — فرصة بيع تكميلي داخلي.,True,conversion_friction,"Cart activity exists, but too few cart users convert to buyers. Additional issues detected (conversion_friction | pricing | visibility): The product appears overpriced relative to its closest peer group. Also: The product receives limited qualified visibility in the selected period.",Moderate Performance,High Abandonment + High Price vs Peers + Low Visibility,conversion_friction|pricing|trust|visibility,4,Investigate checkout or value-friction and reduce drop-off after add-to-cart.,افحص تعثر ما بعد الاضافة للسلة وخفف اسباب الانسحاب قبل الشراء.,Bundle with ساعه ذكيه سبورت where relevant.,فعّل باقة او ربطا مع المنتج ساعه ذكيه سبورت عندما يكون ذلك مناسبا.,conversion+bundle,Investigate checkout or value-friction and reduce drop-off after add-to-cart.,افحص تعثر ما بعد الاضافة للسلة وخفف اسباب الانسحاب قبل الشراء.,Conversion 277.78% vs category avg 796.12%.,Price is above peer average (3544.65 vs 4454.93).,Rating trails peers (2.70 vs 3.06).,50.69,Medium,Medium
78,عطر رجالي عودي - اصدار خاص,عطر رجالي عودي - اصدار خاص,الجمال والعنايه,unknown_subcategory,نارس,637.27,,False,12,3,0,29,12,3,0,3,12,12,3.0,0.0,28,28.0,3.0,12.0,False,23578.99,37,29,0.25,0.0,0.0,1.0,0.25,2.4166666666666665,1.0,Moderate,-0.3646490165189121,-0.3646490165189121,120.0,120.0,120.0,0.0,6.768778422340422,2.8,19.580645161290324,0.3570314340162818,False,False,False,High,False,False,True,False,True,متوسط,انسحاب مرتفع بعد الإضافة للسلة,انسحاب مرتفع بعد الإضافة للسلة,هناك اهتمام واضح بالمنتج لكن جزءًا من العملاء لا يكمل الشراء بعد الإضافة للسلة.,3.7,0,1095.0,77,14,77,3,23578.99,29,3.7,12,3,0,2024-01-01,2024-12-30,182|64|109|183|181,سيروم فيتامين سي - اصدار خاص|عطر رجالي عودي - اصدار خاص|قناع وجه كولاجين - اصدار خاص|كريم مرطب SPF 50 - اصدار خاص|عطر رجالي عودي - اصدار خاص,267.738,3.46,2.037964997964998,0.9533755762664732,182,سيروم فيتامين سي - اصدار خاص,True,False,True,True,False,False,True,pricing,trust,6.1,السعر أعلى من المستوى المعتاد داخل المجموعة المنافسة | قوة العلامة التجارية أقل من منافسيه داخل المجموعة | الدعم البصري أضعف من المنافسين من حيث عدد الصور | عدد المراجعات أقل من المنتجات المشابهة مما يضعف الثقة,5,34,طقم مكياج احترافي,,Substitute,0.6,شركاء مقترحون بناءً على الشراء المتكرر داخل نفس القسم.,منتجات من نفس القسم يميل العملاء لضمّها — فرصة بيع تكميلي داخلي.,True,conversion_friction,"Cart activity exists, but too few cart users convert to buyers. Additional issues detected (conversion_friction | pricing | content): The product appears overpriced relative to its closest peer group. Also: Product content richness or image coverage lags similar products.",Moderate Performance,High Abandonment + High Price vs Peers + Weak Content,conversion_friction|pricing|trust|content,4,Investigate checkout or value-friction and reduce drop-off after add-to-cart.,افحص تعثر ما بعد الاضافة للسلة وخفف اسباب الانسحاب قبل الشراء.,Bundle with طقم مكياج احترافي where relevant.,فعّل باقة او ربطا مع المنتج طقم مكياج احترافي عندما يكون ذلك مناسبا.,conversion+bundle,Investigate checkout or value-friction and reduce drop-off after add-to-cart.,افحص تعثر ما بعد الاضافة للسلة وخفف اسباب الانسحاب قبل الشراء.,Conversion 241.67% vs category avg 676.88%.,Price is above peer average (637.27 vs 267.74).,Cart abandonment is high at 100.00%.,50.6,Medium,Medium
117,حصيره يوغا مضاده للانزلاق - اصدار خاص,حصيره يوغا مضاده للانزلاق - اصدار خاص,الرياضه واللياقه,unknown_subcategory,هيد,159.84,,False,24,7,0,29,24,7,0,7,24,24,7.0,0.0,28,28.0,7.0,24.0,False,5114.88,32,29,0.2916666666666667,0.0,0.0,1.0,0.2916666666666667,1.2083333333333333,1.0,Moderate,-0.1568831438802955,-0.1568831438802955,55.0,55.0,55.0,0.0,8.50970943604373,2.117647058823529,17.666666666666668,0.1419946641439149,False,False,False,High,False,False,True,True,False,متوسط,انسحاب مرتفع بعد الإضافة للسلة,انسحاب مرتفع بعد الإضافة للسلة,المنتج يُشاهَد لكنه لا يتحول إلى شراء بالمستوى المطلوب.,3.3,0,1073.0,93,15,93,4,5114.88,29,3.3,24,7,0,2024-01-01,2024-12-30,148|146|123|157|45,حذاء جري احترافي - اصدار خاص|اوزان حديد طقم 20 كيلو - اصدار خاص|عداد خطوات ذكي - اصدار خاص|جهاز قياس ضغط الدم - اصدار خاص|كره قدم رسميه فيفا,321.844,4.3,1.6954281949934125,0.920679120482336,148,حذاء جري احترافي - اصدار خاص,False,True,True,False,False,False,True,trust,none,4.3,تقييم المنتج أقل من متوسط المنتجات المشابهة | عدد المراجعات أقل من المنتجات المشابهة مما يضعف الثقة,1,86,لباس رياضي ضاغط - اصدار خاص,,Substitute,0.6,شركاء مقترحون بناءً على الشراء المتكرر داخل نفس القسم.,منتجات من نفس القسم يميل العملاء لضمّها — فرصة بيع تكميلي داخلي.,True,conversion_friction,"Cart activity exists, but too few cart users convert to buyers.",Moderate Performance,High Abandonment,conversion_friction|trust,2,Investigate checkout or value-friction and reduce drop-off after add-to-cart.,افحص تعثر ما بعد الاضافة للسلة وخفف اسباب الانسحاب قبل الشراء.,Bundle with لباس رياضي ضاغط - اصدار خاص where relevant.,فعّل باقة او ربطا مع المنتج لباس رياضي ضاغط - اصدار خاص عندما يكون ذلك مناسبا.,conversion+bundle,Investigate checkout or value-friction and reduce drop-off after add-to-cart.,افحص تعثر ما بعد الاضافة للسلة وخفف اسباب الانسحاب قبل الشراء.,Conversion 120.83% vs category avg 850.97%.,Rating trails peers (3.30 vs 4.30).,Cart abandonment is high at 100.00%.,50.49,Medium,Medium
13,بنطلون جينز سليم فيت,بنطلون جينز سليم فيت,الازياء والملابس,unknown_subcategory,H&M,342.07,,False,20,8,0,17,20,8,0,8,17,20,8.0,0.0,17,17.0,8.0,17.0,False,6499.33,19,17,0.4,0.0,0.0,1.0,0.4,0.85,1.0,Moderate,-0.1913963651427265,-0.1913963651427265,60.0,60.0,60.0,0.0,2.284453274168197,2.3080357142857144,18.59375,0.3720802739156472,False,False,False,High,False,False,True,True,False,متوسط,انسحاب مرتفع بعد الإضافة للسلة,انسحاب مرتفع بعد الإضافة للسلة,المنتج يُشاهَد لكنه لا يتحول إلى شراء بالمستوى المطلوب.,3.2,0,1080.0,71,12,71,7,6499.33,17,3.2,20,8,0,2024-01-01,2024-12-30,20|18|190|164|66,حذاء رسمي جلد|جاكيت شتوي دافي|حذاء رسمي جلد - اصدار خاص|حقيبه يد جلديه - اصدار خاص|قميص قطني كلاسيكي - اصدار خاص,486.8179999999999,3.74,2.385882557159153,0.9219905578618812,20,حذاء رسمي جلد,False,True,True,False,False,False,True,trust,none,5.3,قوة العلامة التجارية أقل من منافسيه داخل المجموعة | تقييم المنتج أقل من متوسط المنتجات المشابهة | عدد المراجعات أقل من المنتجات المشابهة مما يضعف الثقة,6,155,حذاء رياضي مريح - اصدار خاص,,Substitute,0.4,شركاء مقترحون بناءً على الشراء المتكرر داخل نفس القسم.,منتجات من نفس القسم يميل العملاء لضمّها — فرصة بيع تكميلي داخلي.,True,conversion_friction,"Cart activity exists, but too few cart users convert to buyers.",Moderate Performance,High Abandonment,conversion_friction|trust,2,Investigate checkout or value-friction and reduce drop-off after add-to-cart.,افحص تعثر ما بعد الاضافة للسلة وخفف اسباب الانسحاب قبل الشراء.,Bundle with حذاء رياضي مريح - اصدار خاص where relevant.,فعّل باقة او ربطا مع المنتج حذاء رياضي مريح - اصدار خاص عندما يكون ذلك مناسبا.,conversion+bundle,Investigate checkout or value-friction and reduce drop-off after add-to-cart.,افحص تعثر ما بعد الاضافة للسلة وخفف اسباب الانسحاب قبل الشراء.,Conversion 85.00% vs category avg 228.45%.,Rating trails peers (3.20 vs 3.74).,Cart abandonment is high at 100.00%.,50.39,Medium,Medium
148,حذاء جري احترافي - اصدار خاص,حذاء جري احترافي - اصدار خاص,الرياضه واللياقه,unknown_subcategory,هيد,658.67,,False,10,5,0,32,10,5,0,5,10,10,5.0,0.0,31,31.0,5.0,10.0,False,22394.78,34,32,0.5,0.0,0.0,1.0,0.5,3.2,1.0,Moderate,-0.3041474814408691,-0.3041474814408691,93.0,93.0,93.0,0.0,8.50970943604373,2.117647058823529,17.666666666666668,0.3760410415949196,False,False,False,High,False,True,True,False,False,متوسط,انسحاب مرتفع بعد الإضافة للسلة,انسحاب مرتفع بعد الإضافة للسلة,هناك اهتمام واضح بالمنتج لكن جزءًا من العملاء لا يكمل الشراء بعد الإضافة للسلة.,4.3,0,1107.0,84,14,84,2,22394.78,32,4.3,10,5,0,2024-01-01,2024-12-30,45|117|123|157|188,كره قدم رسميه فيفا|حصيره يوغا مضاده للانزلاق - اصدار خاص|عداد خطوات ذكي - اصدار خاص|جهاز قياس ضغط الدم - اصدار خاص|جهاز مشي كهربايي - اصدار خاص,677.2539999999999,4.4,1.3815151515151516,0.9489385820151937,45,كره قدم رسميه فيفا,True,False,True,True,False,False,True,pricing,trust,5.1,السعر أعلى من المستوى المعتاد داخل المجموعة المنافسة | الدعم البصري أضعف من المنافسين من حيث عدد الصور | عدد المراجعات أقل من المنتجات المشابهة مما يضعف الثقة,1,42,لباس رياضي ضاغط,,Substitute,0.7,شركاء مقترحون بناءً على الشراء المتكرر داخل نفس القسم.,منتجات من نفس القسم يميل العملاء لضمّها — فرصة بيع تكميلي داخلي.,True,conversion_friction,"Cart activity exists, but too few cart users convert to buyers. Additional issues detected (conversion_friction | pricing | content | visibility): The product appears overpriced relative to its closest peer group. Also: Product content richness or image coverage lags similar products. Also: The product receives limited qualified visibility in the selected period.",Moderate Performance,High Abandonment + High Price vs Peers + Weak Content + Low Visibility,conversion_friction|pricing|trust|content|visibility,5,Investigate checkout or value-friction and reduce drop-off after add-to-cart.,افحص تعثر ما بعد الاضافة للسلة وخفف اسباب الانسحاب قبل الشراء.,Bundle with لباس رياضي ضاغط where relevant.,فعّل باقة او ربطا مع المنتج لباس رياضي ضاغط عندما يكون ذلك مناسبا.,conversion+bundle,Investigate checkout or value-friction and reduce drop-off after add-to-cart.,افحص تعثر ما بعد الاضافة للسلة وخفف اسباب الانسحاب قبل الشراء.,Conversion 320.00% vs category avg 850.97%.,Price is above peer average (658.67 vs 677.25).,Cart abandonment is high at 100.00%.,50.37,Medium,Medium
196,اطلس العالم المصور - اصدار خاص,اطلس العالم المصور - اصدار خاص,الكتب والتعليم,unknown_subcategory,دار العلوم,211.44,,False,17,5,0,22,17,5,0,5,17,17,5.0,0.0,22,22.0,5.0,17.0,False,4863.12,23,22,0.2941176470588235,0.0,0.0,1.0,0.2941176470588235,1.2941176470588236,1.0,Moderate,-0.2954882725008604,-0.2954882725008604,90.0,90.0,90.0,0.0,3.3634956997365264,2.083333333333333,23.17142857142857,0.3847537688721279,False,False,False,High,False,False,True,False,False,متوسط,انسحاب مرتفع بعد الإضافة للسلة,انسحاب مرتفع بعد الإضافة للسلة,هناك اهتمام واضح بالمنتج لكن جزءًا من العملاء لا يكمل الشراء بعد الإضافة للسلة.,3.5,0,1116.0,79,13,79,5,4863.12,22,3.5,17,5,0,2024-01-01,2024-12-30,151|163|193|77|120,كتاب تطوير الذات والتحفيز - اصدار خاص|دوره برمجه اكاديميه USB - اصدار خاص|مجموعه كتب الطفل التعليميه - اصدار خاص|دوره برمجه اكاديميه USB - اصدار خاص|روايه عربيه بيست سيلر - اصدار خاص,195.204,3.5800000000000005,1.8170329670329668,0.9666530625470078,151,كتاب تطوير الذات والتحفيز - اصدار خاص,True,False,True,False,False,False,True,pricing,trust,5.0,السعر أعلى من المستوى المعتاد داخل المجموعة المنافسة | قوة العلامة التجارية أقل من منافسيه داخل المجموعة | عدد المراجعات أقل من المنتجات المشابهة مما يضعف الثقة,3,77,دوره برمجه اكاديميه USB - اصدار خاص,,Substitute,0.9,شركاء مقترحون بناءً على الشراء المتكرر داخل نفس القسم.,منتجات من نفس القسم يميل العملاء لضمّها — فرصة بيع تكميلي داخلي.,True,conversion_friction,"Cart activity exists, but too few cart users convert to buyers. Additional issues detected (conversion_friction | pricing): The product appears overpriced relative to its closest peer group.",Moderate Performance,High Abandonment + High Price vs Peers,conversion_friction|pricing|trust,3,Investigate checkout or value-friction and reduce drop-off after add-to-cart.,افحص تعثر ما بعد الاضافة للسلة وخفف اسباب الانسحاب قبل الشراء.,Bundle with دوره برمجه اكاديميه USB - اصدار خاص where relevant.,فعّل باقة او ربطا مع المنتج دوره برمجه اكاديميه USB - اصدار خاص عندما يكون ذلك مناسبا.,conversion+bundle,Investigate checkout or value-friction and reduce drop-off after add-to-cart.,افحص تعثر ما بعد الاضافة للسلة وخفف اسباب الانسحاب قبل الشراء.,Conversion 129.41% vs category avg 336.35%.,Price is above peer average (211.44 vs 195.20).,Cart abandonment is high at 100.00%.,50.28,Medium,Medium
57,مجموعه كتب الطفل التعليميه,مجموعه كتب الطفل التعليميه,الكتب والتعليم,unknown_subcategory,دار قرطبه,215.42,,False,20,4,0,25,20,4,0,4,20,19,3.0,0.0,25,25.0,3.0,19.0,False,5600.92,26,25,0.2,0.0,0.0,1.0,0.2,1.3157894736842106,1.0,Moderate,-0.2915616598946322,-0.2915616598946322,89.0,89.0,89.0,0.0,3.3634956997365264,2.083333333333333,23.17142857142857,0.3911970138053932,False,False,False,High,False,False,True,False,False,متوسط,انسحاب مرتفع بعد الإضافة للسلة,انسحاب مرتفع بعد الإضافة للسلة,هناك اهتمام واضح بالمنتج لكن جزءًا من العملاء لا يكمل الشراء بعد الإضافة للسلة.,3.3,0,1116.0,66,10,66,8,5600.92,25,3.3,20,4,0,2024-01-01,2024-12-30,58|60|92|144|53,كتاب الطبخ العربي التقليدي|اطلس العالم المصور|موسوعه التاريخ الاسلامي - اصدار خاص|كتاب تطوير الذات والتحفيز - اصدار خاص|كتاب رياده الاعمال والنجاح,167.96,3.6,4.139906832298136,0.9583012267939864,58,كتاب الطبخ العربي التقليدي,True,True,True,False,False,False,True,pricing,trust,5.5,السعر أعلى من المستوى المعتاد داخل المجموعة المنافسة | تقييم المنتج أقل من متوسط المنتجات المشابهة | عدد المراجعات أقل من المنتجات المشابهة مما يضعف الثقة,3,51,كتاب تعلم البرمجه بالعربيه,,Substitute,1.0,شركاء مقترحون بناءً على الشراء المتكرر داخل نفس القسم.,منتجات من نفس القسم يميل العملاء لضمّها — فرصة بيع تكميلي داخلي.,True,conversion_friction,"Cart activity exists, but too few cart users convert to buyers. Additional issues detected (conversion_friction | pricing): The product appears overpriced relative to its closest peer group.",Moderate Performance,High Abandonment + High Price vs Peers,conversion_friction|pricing|trust,3,Investigate checkout or value-friction and reduce drop-off after add-to-cart.,افحص تعثر ما بعد الاضافة للسلة وخفف اسباب الانسحاب قبل الشراء.,Bundle with كتاب تعلم البرمجه بالعربيه where relevant.,فعّل باقة او ربطا مع المنتج كتاب تعلم البرمجه بالعربيه عندما يكون ذلك مناسبا.,conversion+bundle,Investigate checkout or value-friction and reduce drop-off after add-to-cart.,افحص تعثر ما بعد الاضافة للسلة وخفف اسباب الانسحاب قبل الشراء.,Conversion 131.58% vs category avg 336.35%.,Price is above peer average (215.42 vs 167.96).,Rating trails peers (3.30 vs 3.60).,50.21,Medium,Medium
147,هاتف ذكي برو ماكس - اصدار خاص,هاتف ذكي برو ماكس - اصدار خاص,الالكترونيات,unknown_subcategory,لينوفو,4075.22,,False,13,4,0,34,13,4,0,4,13,11,4.0,0.0,33,33.0,4.0,11.0,False,154858.36,38,34,0.3076923076923077,0.0,0.0,1.0,0.3076923076923077,3.090909090909091,1.0,Moderate,-0.2518296049981144,-0.2518296049981144,77.0,77.0,77.0,0.0,7.961233440029987,1.9,20.12121212121212,0.3882450017565932,False,False,False,High,False,False,True,False,False,متوسط,انسحاب مرتفع بعد الإضافة للسلة,انسحاب مرتفع بعد الإضافة للسلة,هناك اهتمام واضح بالمنتج لكن جزءًا من العملاء لا يكمل الشراء بعد الإضافة للسلة.,4.8,0,1210.0,90,16,90,2,154858.36,34,4.8,13,4,0,2024-01-01,2024-12-30,108|112|124|107|69,كاميرا ميرورليس - اصدار خاص|شاشه 4K 27 انش - اصدار خاص|كاميرا ميرورليس - اصدار خاص|كاميرا ميرورليس - اصدار خاص|لابتوب الترا سليم - اصدار خاص,4588.774,3.34,1.5333211582467876,0.9268732813880134,108,كاميرا ميرورليس - اصدار خاص,True,False,True,True,False,False,True,pricing,trust,6.1,السعر أعلى من المستوى المعتاد داخل المجموعة المنافسة | قوة العلامة التجارية أقل من منافسيه داخل المجموعة | الدعم البصري أضعف من المنافسين من حيث عدد الصور | عدد المراجعات أقل من المنتجات المشابهة مما يضعف الثقة,0,6,شاشه 4K 27 انش,,Substitute,0.5,شركاء مقترحون بناءً على الشراء المتكرر داخل نفس القسم.,منتجات من نفس القسم يميل العملاء لضمّها — فرصة بيع تكميلي داخلي.,True,conversion_friction,"Cart activity exists, but too few cart users convert to buyers. Additional issues detected (conversion_friction | pricing | content): The product appears overpriced relative to its closest peer group. Also: Product content richness or image coverage lags similar products.",Moderate Performance,High Abandonment + High Price vs Peers + Weak Content,conversion_friction|pricing|trust|content,4,Investigate checkout or value-friction and reduce drop-off after add-to-cart.,افحص تعثر ما بعد الاضافة للسلة وخفف اسباب الانسحاب قبل الشراء.,Bundle with شاشه 4K 27 انش where relevant.,فعّل باقة او ربطا مع المنتج شاشه 4K 27 انش عندما يكون ذلك مناسبا.,conversion+bundle,Investigate checkout or value-friction and reduce drop-off after add-to-cart.,افحص تعثر ما بعد الاضافة للسلة وخفف اسباب الانسحاب قبل الشراء.,Conversion 309.09% vs category avg 796.12%.,Price is above peer average (4075.22 vs 4588.77).,Cart abandonment is high at 100.00%.,50.2,Medium,Medium
85,ماكينه قهوه اسبريسو - اصدار خاص,ماكينه قهوه اسبريسو - اصدار خاص,المنزل والمطبخ,unknown_subcategory,تيفال,1742.75,,False,14,3,0,24,14,3,0,3,14,14,3.0,0.0,23,23.0,3.0,14.0,False,48797.0,28,24,0.2142857142857142,0.0,0.0,1.0,0.2142857142857142,1.7142857142857142,1.0,Moderate,-0.3567037831168659,-0.3567037831168659,116.0,116.0,116.0,0.0,4.391284662352632,1.9285714285714288,21.80555555555556,0.3903836453561371,False,False,False,High,False,False,True,False,True,متوسط,انسحاب مرتفع بعد الإضافة للسلة,انسحاب مرتفع بعد الإضافة للسلة,هناك اهتمام واضح بالمنتج لكن جزءًا من العملاء لا يكمل الشراء بعد الإضافة للسلة.,2.6,0,1150.0,86,15,86,4,48797.0,24,2.6,14,3,0,2024-01-01,2024-12-30,162|70|119|65|106,ثلاجه نوفروست 350 لتر - اصدار خاص|فرن كهربايي 60 لتر - اصدار خاص|ماكينه قهوه اسبريسو - اصدار خاص|مكنسه كهرباييه لاسلكيه - اصدار خاص|فرن كهربايي 60 لتر - اصدار خاص,1157.678,3.1,1.4287445887445889,0.9482388970923316,162,ثلاجه نوفروست 350 لتر - اصدار خاص,True,True,True,False,False,False,True,pricing,trust,6.5,السعر أعلى من المستوى المعتاد داخل المجموعة المنافسة | قوة العلامة التجارية أقل من منافسيه داخل المجموعة | تقييم المنتج أقل من متوسط المنتجات المشابهة | عدد المراجعات أقل من المنتجات المشابهة مما يضعف الثقة,4,135,طقم اواني طهي غرانيت - اصدار خاص,,Substitute,0.5,شركاء مقترحون بناءً على الشراء المتكرر داخل نفس القسم.,منتجات من نفس القسم يميل العملاء لضمّها — فرصة بيع تكميلي داخلي.,True,conversion_friction,"Cart activity exists, but too few cart users convert to buyers. Additional issues detected (conversion_friction | pricing): The product appears overpriced relative to its closest peer group.",Moderate Performance,High Abandonment + High Price vs Peers,conversion_friction|pricing|trust,3,Investigate checkout or value-friction and reduce drop-off after add-to-cart.,افحص تعثر ما بعد الاضافة للسلة وخفف اسباب الانسحاب قبل الشراء.,Bundle with طقم اواني طهي غرانيت - اصدار خاص where relevant.,فعّل باقة او ربطا مع المنتج طقم اواني طهي غرانيت - اصدار خاص عندما يكون ذلك مناسبا.,conversion+bundle,Investigate checkout or value-friction and reduce drop-off after add-to-cart.,افحص تعثر ما بعد الاضافة للسلة وخفف اسباب الانسحاب قبل الشراء.,Conversion 171.43% vs category avg 439.13%.,Price is above peer average (1742.75 vs 1157.68).,Rating trails peers (2.60 vs 3.10).,50.17,Medium,Medium
171,موسوعه التاريخ الاسلامي - اصدار خاص,موسوعه التاريخ الاسلامي - اصدار خاص,الكتب والتعليم,unknown_subcategory,دار الفكر,100.57,,False,22,5,0,29,22,5,0,5,22,22,5.0,0.0,28,28.0,5.0,22.0,False,3218.24,32,29,0.2272727272727272,0.0,0.0,1.0,0.2272727272727272,1.318181818181818,1.0,Moderate,-0.2357869625398371,-0.2357869625398371,72.0,72.0,72.0,0.0,3.3634956997365264,2.083333333333333,23.17142857142857,0.3919082811032212,False,False,False,High,False,False,True,False,False,متوسط,انسحاب مرتفع بعد الإضافة للسلة,انسحاب مرتفع بعد الإضافة للسلة,هناك اهتمام واضح بالمنتج لكن جزءًا من العملاء لا يكمل الشراء بعد الإضافة للسلة.,3.4,0,1240.0,84,13,84,4,3218.24,29,3.4,22,5,0,2024-01-01,2024-12-30,186|99|144|77|89,كتاب الطبخ العربي التقليدي - اصدار خاص|مجموعه كتب الطفل التعليميه - اصدار خاص|كتاب تطوير الذات والتحفيز - اصدار خاص|دوره برمجه اكاديميه USB - اصدار خاص|كتاب رياده الاعمال والنجاح - اصدار خاص,130.616,3.3200000000000003,1.2345853019766064,0.9230257947015564,186,كتاب الطبخ العربي التقليدي - اصدار خاص,False,True,True,False,False,False,True,trust,none,5.3,قوة العلامة التجارية أقل من منافسيه داخل المجموعة | تقييم المنتج أقل من متوسط المنتجات المشابهة | عدد المراجعات أقل من المنتجات المشابهة مما يضعف الثقة,3,150,اطلس العالم المصور - اصدار خاص,,Substitute,0.6,شركاء مقترحون بناءً على الشراء المتكرر داخل نفس القسم.,منتجات من نفس القسم يميل العملاء لضمّها — فرصة بيع تكميلي داخلي.,True,conversion_friction,"Cart activity exists, but too few cart users convert to buyers.",Moderate Performance,High Abandonment,conversion_friction|trust,2,Investigate checkout or value-friction and reduce drop-off after add-to-cart.,افحص تعثر ما بعد الاضافة للسلة وخفف اسباب الانسحاب قبل الشراء.,Bundle with اطلس العالم المصور - اصدار خاص where relevant.,فعّل باقة او ربطا مع المنتج اطلس العالم المصور - اصدار خاص عندما يكون ذلك مناسبا.,conversion+bundle,Investigate checkout or value-friction and reduce drop-off after add-to-cart.,افحص تعثر ما بعد الاضافة للسلة وخفف اسباب الانسحاب قبل الشراء.,Conversion 131.82% vs category avg 336.35%.,Rating trails peers (3.40 vs 3.32).,Cart abandonment is high at 100.00%.,50.16,Medium,Medium
96,دراجه هواييه جبليه - اصدار خاص,دراجه هواييه جبليه - اصدار خاص,الرياضه واللياقه,unknown_subcategory,بوما,2249.21,,False,45,12,0,27,45,12,0,12,27,43,12.0,0.0,27,27.0,12.0,27.0,False,69725.51,31,27,0.2666666666666666,0.0,0.0,1.0,0.2666666666666666,0.627906976744186,1.0,Moderate,0.2068871830968345,0.2068871830968345,30.0,30.0,30.0,0.0,8.50970943604373,2.117647058823529,17.666666666666668,0.0737871229873752,False,False,False,High,False,False,True,True,False,متوسط,انسحاب مرتفع بعد الإضافة للسلة,انسحاب مرتفع بعد الإضافة للسلة,المنتج يُشاهَد لكنه لا يتحول إلى شراء بالمستوى المطلوب.,4.3,0,1087.0,81,14,81,3,69725.51,27,4.3,45,12,0,2024-01-01,2024-12-30,138|44|114|105|188,جهاز مشي كهربايي - اصدار خاص|جهاز مشي كهربايي|حقيبه رياضيه جيم - اصدار خاص|حقيبه رياضيه جيم - اصدار خاص|جهاز مشي كهربايي - اصدار خاص,1388.2279999999998,4.62,2.5612770562770564,0.9345291430866268,138,جهاز مشي كهربايي - اصدار خاص,True,False,True,False,False,False,True,pricing,trust,4.0,السعر أعلى من المستوى المعتاد داخل المجموعة المنافسة | عدد المراجعات أقل من المنتجات المشابهة مما يضعف الثقة,1,146,اوزان حديد طقم 20 كيلو - اصدار خاص,,Substitute,0.7,شركاء مقترحون بناءً على الشراء المتكرر داخل نفس القسم.,منتجات من نفس القسم يميل العملاء لضمّها — فرصة بيع تكميلي داخلي.,True,conversion_friction,"Cart activity exists, but too few cart users convert to buyers. Additional issues detected (conversion_friction | pricing): The product appears overpriced relative to its closest peer group.",Moderate Performance,High Abandonment + High Price vs Peers,conversion_friction|pricing|trust,3,Investigate checkout or value-friction and reduce drop-off after add-to-cart.,افحص تعثر ما بعد الاضافة للسلة وخفف اسباب الانسحاب قبل الشراء.,Bundle with اوزان حديد طقم 20 كيلو - اصدار خاص where relevant.,فعّل باقة او ربطا مع المنتج اوزان حديد طقم 20 كيلو - اصدار خاص عندما يكون ذلك مناسبا.,conversion+bundle,Investigate checkout or value-friction and reduce drop-off after add-to-cart.,افحص تعثر ما بعد الاضافة للسلة وخفف اسباب الانسحاب قبل الشراء.,Conversion 62.79% vs category avg 850.97%.,Price is above peer average (2249.21 vs 1388.23).,Cart abandonment is high at 100.00%.,50.15,Medium,Medium
45,كره قدم رسميه فيفا,كره قدم رسميه فيفا,الرياضه واللياقه,unknown_subcategory,هيد,207.67,,False,61,15,0,27,61,15,0,15,27,55,15.0,0.0,26,26.0,15.0,26.0,False,6437.77,31,27,0.2459016393442623,0.0,0.0,1.0,0.2459016393442623,0.4909090909090909,1.0,Moderate,0.4225056588604748,0.4225056588604748,15.0,15.0,15.0,0.0,8.50970943604373,2.117647058823529,17.666666666666668,0.0576881143355842,False,False,False,High,False,False,True,True,False,متوسط,انسحاب مرتفع بعد الإضافة للسلة,انسحاب مرتفع بعد الإضافة للسلة,المنتج يُشاهَد لكنه لا يتحول إلى شراء بالمستوى المطلوب.,4.9,0,1163.0,69,12,69,2,6437.77,27,4.9,61,15,0,2024-01-01,2024-12-30,148|167|123|173|157,حذاء جري احترافي - اصدار خاص|حقيبه رياضيه جيم - اصدار خاص|عداد خطوات ذكي - اصدار خاص|حذاء جري احترافي - اصدار خاص|جهاز قياس ضغط الدم - اصدار خاص,321.808,4.34,2.3872222222222224,0.9489385820151937,148,حذاء جري احترافي - اصدار خاص,False,False,True,True,False,False,True,trust,content,3.9,الدعم البصري أضعف من المنافسين من حيث عدد الصور | عدد المراجعات أقل من المنتجات المشابهة مما يضعف الثقة,1,96,دراجه هواييه جبليه - اصدار خاص,,Substitute,0.7,شركاء مقترحون بناءً على الشراء المتكرر داخل نفس القسم.,منتجات من نفس القسم يميل العملاء لضمّها — فرصة بيع تكميلي داخلي.,True,conversion_friction,"Cart activity exists, but too few cart users convert to buyers. Additional issues detected (conversion_friction | content): Product content richness or image coverage lags similar products.",Moderate Performance,High Abandonment + Weak Content,conversion_friction|trust|content,3,Investigate checkout or value-friction and reduce drop-off after add-to-cart.,افحص تعثر ما بعد الاضافة للسلة وخفف اسباب الانسحاب قبل الشراء.,Bundle with دراجه هواييه جبليه - اصدار خاص where relevant.,فعّل باقة او ربطا مع المنتج دراجه هواييه جبليه - اصدار خاص عندما يكون ذلك مناسبا.,conversion+bundle,Investigate checkout or value-friction and reduce drop-off after add-to-cart.,افحص تعثر ما بعد الاضافة للسلة وخفف اسباب الانسحاب قبل الشراء.,Conversion 49.09% vs category avg 850.97%.,Cart abandonment is high at 100.00%.,,49.95,Medium,Medium
72,كريم مرطب SPF 50 - اصدار خاص,كريم مرطب SPF 50 - اصدار خاص,الجمال والعنايه,unknown_subcategory,دوف,295.83,,False,10,2,0,28,10,2,0,2,10,10,2.0,0.0,26,26.0,2.0,10.0,False,8874.9,30,28,0.2,0.0,0.0,1.0,0.2,2.8,1.0,Moderate,-0.4152172594273561,-0.4152172594273561,153.0,153.0,153.0,0.0,6.768778422340422,2.8,19.580645161290324,0.4136640063085195,False,False,False,High,False,True,True,False,True,متوسط,انسحاب مرتفع بعد الإضافة للسلة,انسحاب مرتفع بعد الإضافة للسلة,هناك اهتمام واضح بالمنتج لكن جزءًا من العملاء لا يكمل الشراء بعد الإضافة للسلة.,3.1,0,1097.0,92,18,92,3,8874.9,28,3.1,10,2,0,2024-01-01,2024-12-30,87|181|132|183|189,طقم مكياج احترافي - اصدار خاص|عطر رجالي عودي - اصدار خاص|عطر رجالي عودي - اصدار خاص|كريم مرطب SPF 50 - اصدار خاص|مزيل عرق رول اون - اصدار خاص,227.438,3.3,1.5255723905723906,0.8596232741158129,87,طقم مكياج احترافي - اصدار خاص,False,True,True,True,False,False,True,trust,content,5.4,تقييم المنتج أقل من متوسط المنتجات المشابهة | الدعم البصري أضعف من المنافسين من حيث عدد الصور | عدد المراجعات أقل من المنتجات المشابهة مما يضعف الثقة,5,39,قناع وجه كولاجين,,Substitute,0.5,شركاء مقترحون بناءً على الشراء المتكرر داخل نفس القسم.,منتجات من نفس القسم يميل العملاء لضمّها — فرصة بيع تكميلي داخلي.,True,conversion_friction,"Cart activity exists, but too few cart users convert to buyers. Additional issues detected (conversion_friction | content | visibility): Product content richness or image coverage lags similar products. Also: The product receives limited qualified visibility in the selected period.",Moderate Performance,High Abandonment + Weak Content + Low Visibility,conversion_friction|trust|content|visibility,4,Investigate checkout or value-friction and reduce drop-off after add-to-cart.,افحص تعثر ما بعد الاضافة للسلة وخفف اسباب الانسحاب قبل الشراء.,Bundle with قناع وجه كولاجين where relevant.,فعّل باقة او ربطا مع المنتج قناع وجه كولاجين عندما يكون ذلك مناسبا.,conversion+bundle,Investigate checkout or value-friction and reduce drop-off after add-to-cart.,افحص تعثر ما بعد الاضافة للسلة وخفف اسباب الانسحاب قبل الشراء.,Conversion 280.00% vs category avg 676.88%.,Rating trails peers (3.10 vs 3.30).,Cart abandonment is high at 100.00%.,49.88,Medium,Medium
142,مكبر صوت بلوتوث - اصدار خاص,مكبر صوت بلوتوث - اصدار خاص,الالكترونيات,unknown_subcategory,سامسونج,243.55,,False,20,5,0,29,20,5,0,5,20,19,5.0,0.0,29,29.0,5.0,19.0,False,7550.05,31,29,0.25,0.0,0.0,1.0,0.25,1.5263157894736843,1.0,Moderate,-0.2494358935540127,-0.2494358935540127,76.0,76.0,76.0,0.0,7.961233440029987,1.9,20.12121212121212,0.1917185070593703,False,False,False,High,False,False,True,False,False,متوسط,انسحاب مرتفع بعد الإضافة للسلة,انسحاب مرتفع بعد الإضافة للسلة,هناك اهتمام واضح بالمنتج لكن جزءًا من العملاء لا يكمل الشراء بعد الإضافة للسلة.,2.9,0,1109.0,88,15,88,6,7550.05,29,2.9,20,5,0,2024-01-01,2024-12-30,161|68|75|115|126,شاحن لاسلكي سريع - اصدار خاص|تابلت 10 انش - اصدار خاص|تابلت 10 انش - اصدار خاص|شاحن لاسلكي سريع - اصدار خاص|شاحن لاسلكي سريع - اصدار خاص,477.6139999999999,3.2,1.578888888888889,0.9811484162960404,161,شاحن لاسلكي سريع - اصدار خاص,False,True,True,False,False,False,True,trust,none,4.3,تقييم المنتج أقل من متوسط المنتجات المشابهة | عدد المراجعات أقل من المنتجات المشابهة مما يضعف الثقة,0,126,شاحن لاسلكي سريع - اصدار خاص,,Substitute,0.5,شركاء مقترحون بناءً على الشراء المتكرر داخل نفس القسم.,منتجات من نفس القسم يميل العملاء لضمّها — فرصة بيع تكميلي داخلي.,True,conversion_friction,"Cart activity exists, but too few cart users convert to buyers.",Moderate Performance,High Abandonment,conversion_friction|trust,2,Investigate checkout or value-friction and reduce drop-off after add-to-cart.,افحص تعثر ما بعد الاضافة للسلة وخفف اسباب الانسحاب قبل الشراء.,Bundle with شاحن لاسلكي سريع - اصدار خاص where relevant.,فعّل باقة او ربطا مع المنتج شاحن لاسلكي سريع - اصدار خاص عندما يكون ذلك مناسبا.,conversion+bundle,Investigate checkout or value-friction and reduce drop-off after add-to-cart.,افحص تعثر ما بعد الاضافة للسلة وخفف اسباب الانسحاب قبل الشراء.,Conversion 152.63% vs category avg 796.12%.,Rating trails peers (2.90 vs 3.20).,Cart abandonment is high at 100.00%.,49.85,Medium,Medium
161,شاحن لاسلكي سريع - اصدار خاص,شاحن لاسلكي سريع - اصدار خاص,الالكترونيات,unknown_subcategory,شاومي,280.14,,False,16,3,0,27,16,3,0,3,16,16,3.0,0.0,26,26.0,3.0,16.0,False,7843.92,28,27,0.1875,0.0,0.0,1.0,0.1875,1.6875,1.0,Moderate,-0.3491262380465988,-0.3491262380465988,114.0,114.0,114.0,0.0,7.961233440029987,1.9,20.12121212121212,0.21196464250314,False,False,False,High,False,False,True,False,True,متوسط,انسحاب مرتفع بعد الإضافة للسلة,انسحاب مرتفع بعد الإضافة للسلة,هناك اهتمام واضح بالمنتج لكن جزءًا من العملاء لا يكمل الشراء بعد الإضافة للسلة.,2.5,0,1138.0,81,14,81,5,7843.92,27,2.5,16,3,0,2024-01-01,2024-12-30,142|68|75|115|141,مكبر صوت بلوتوث - اصدار خاص|تابلت 10 انش - اصدار خاص|تابلت 10 انش - اصدار خاص|شاحن لاسلكي سريع - اصدار خاص|ساعه ذكيه سبورت - اصدار خاص,515.362,3.1,1.5702884104199897,0.9811484162960404,142,مكبر صوت بلوتوث - اصدار خاص,False,True,True,False,False,False,True,trust,none,4.3,تقييم المنتج أقل من متوسط المنتجات المشابهة | عدد المراجعات أقل من المنتجات المشابهة مما يضعف الثقة,0,112,شاشه 4K 27 انش - اصدار خاص,,Substitute,0.5,شركاء مقترحون بناءً على الشراء المتكرر داخل نفس القسم.,منتجات من نفس القسم يميل العملاء لضمّها — فرصة بيع تكميلي داخلي.,True,conversion_friction,"Cart activity exists, but too few cart users convert to buyers.",Moderate Performance,High Abandonment,conversion_friction|trust,2,Investigate checkout or value-friction and reduce drop-off after add-to-cart.,افحص تعثر ما بعد الاضافة للسلة وخفف اسباب الانسحاب قبل الشراء.,Bundle with شاشه 4K 27 انش - اصدار خاص where relevant.,فعّل باقة او ربطا مع المنتج شاشه 4K 27 انش - اصدار خاص عندما يكون ذلك مناسبا.,conversion+bundle,Investigate checkout or value-friction and reduce drop-off after add-to-cart.,افحص تعثر ما بعد الاضافة للسلة وخفف اسباب الانسحاب قبل الشراء.,Conversion 168.75% vs category avg 796.12%.,Rating trails peers (2.50 vs 3.10).,Cart abandonment is high at 100.00%.,49.6,Medium,Medium
126,شاحن لاسلكي سريع - اصدار خاص,شاحن لاسلكي سريع - اصدار خاص,الالكترونيات,unknown_subcategory,شاومي,224.49,,False,56,13,0,35,56,13,0,13,35,50,12.0,0.0,35,35.0,12.0,35.0,False,8306.130000000001,37,35,0.2321428571428571,0.0,0.0,1.0,0.2321428571428571,0.7,1.0,Moderate,0.332784036301159,0.332784036301159,22.0,22.0,22.0,0.0,7.961233440029987,1.9,20.12121212121212,0.0879260739272284,False,False,False,High,False,False,True,True,False,متوسط,انسحاب مرتفع بعد الإضافة للسلة,انسحاب مرتفع بعد الإضافة للسلة,المنتج يُشاهَد لكنه لا يتحول إلى شراء بالمستوى المطلوب.,4.3,0,1169.0,89,15,89,2,8306.130000000001,35,4.3,56,13,0,2024-01-01,2024-12-30,115|174|75|8|142,شاحن لاسلكي سريع - اصدار خاص|تابلت 10 انش - اصدار خاص|تابلت 10 انش - اصدار خاص|مكبر صوت بلوتوث|مكبر صوت بلوتوث - اصدار خاص,454.04800000000006,3.74,2.0427534453850247,0.9527460509739032,115,شاحن لاسلكي سريع - اصدار خاص,False,False,True,True,False,False,True,trust,content,3.9,الدعم البصري أضعف من المنافسين من حيث عدد الصور | عدد المراجعات أقل من المنتجات المشابهة مما يضعف الثقة,0,124,كاميرا ميرورليس - اصدار خاص,,Substitute,0.9,شركاء مقترحون بناءً على الشراء المتكرر داخل نفس القسم.,منتجات من نفس القسم يميل العملاء لضمّها — فرصة بيع تكميلي داخلي.,True,conversion_friction,"Cart activity exists, but too few cart users convert to buyers. Additional issues detected (conversion_friction | content): Product content richness or image coverage lags similar products.",Moderate Performance,High Abandonment + Weak Content,conversion_friction|trust|content,3,Investigate checkout or value-friction and reduce drop-off after add-to-cart.,افحص تعثر ما بعد الاضافة للسلة وخفف اسباب الانسحاب قبل الشراء.,Bundle with كاميرا ميرورليس - اصدار خاص where relevant.,فعّل باقة او ربطا مع المنتج كاميرا ميرورليس - اصدار خاص عندما يكون ذلك مناسبا.,conversion+bundle,Investigate checkout or value-friction and reduce drop-off after add-to-cart.,افحص تعثر ما بعد الاضافة للسلة وخفف اسباب الانسحاب قبل الشراء.,Conversion 70.00% vs category avg 796.12%.,Cart abandonment is high at 100.00%.,,49.59,Medium,Medium
65,مكنسه كهرباييه لاسلكيه - اصدار خاص,مكنسه كهرباييه لاسلكيه - اصدار خاص,المنزل والمطبخ,unknown_subcategory,فيليبس,586.82,,False,14,5,0,27,14,5,0,5,14,14,5.0,0.0,26,26.0,5.0,14.0,False,17604.600000000002,30,27,0.3571428571428571,0.0,0.0,1.0,0.3571428571428571,1.9285714285714288,1.0,Moderate,-0.2989584227786655,-0.2989584227786655,91.0,91.0,91.0,0.0,4.391284662352632,1.9285714285714288,21.80555555555556,0.4391816010256543,False,False,False,High,False,False,True,False,False,متوسط,انسحاب مرتفع بعد الإضافة للسلة,انسحاب مرتفع بعد الإضافة للسلة,هناك اهتمام واضح بالمنتج لكن جزءًا من العملاء لا يكمل الشراء بعد الإضافة للسلة.,2.7,0,1185.0,84,16,84,6,17604.600000000002,27,2.7,14,5,0,2024-01-01,2024-12-30,82|135|85|106|111,مجموعه سكاكين مطبخ - اصدار خاص|طقم اواني طهي غرانيت - اصدار خاص|ماكينه قهوه اسبريسو - اصدار خاص|فرن كهربايي 60 لتر - اصدار خاص|مكواه بخاريه احترافيه - اصدار خاص,675.37,2.94,2.1935714285714285,0.9317387670585472,82,مجموعه سكاكين مطبخ - اصدار خاص,False,True,True,False,False,False,True,trust,none,5.3,قوة العلامة التجارية أقل من منافسيه داخل المجموعة | تقييم المنتج أقل من متوسط المنتجات المشابهة | عدد المراجعات أقل من المنتجات المشابهة مما يضعف الثقة,4,29,مجموعه سكاكين مطبخ,,Substitute,0.5,شركاء مقترحون بناءً على الشراء المتكرر داخل نفس القسم.,منتجات من نفس القسم يميل العملاء لضمّها — فرصة بيع تكميلي داخلي.,True,conversion_friction,"Cart activity exists, but too few cart users convert to buyers.",Moderate Performance,High Abandonment,conversion_friction|trust,2,Investigate checkout or value-friction and reduce drop-off after add-to-cart.,افحص تعثر ما بعد الاضافة للسلة وخفف اسباب الانسحاب قبل الشراء.,Bundle with مجموعه سكاكين مطبخ where relevant.,فعّل باقة او ربطا مع المنتج مجموعه سكاكين مطبخ عندما يكون ذلك مناسبا.,conversion+bundle,Investigate checkout or value-friction and reduce drop-off after add-to-cart.,افحص تعثر ما بعد الاضافة للسلة وخفف اسباب الانسحاب قبل الشراء.,Conversion 192.86% vs category avg 439.13%.,Rating trails peers (2.70 vs 2.94).,Cart abandonment is high at 100.00%.,49.56,Medium,Medium
183,كريم مرطب SPF 50 - اصدار خاص,كريم مرطب SPF 50 - اصدار خاص,الجمال والعنايه,unknown_subcategory,بالمر,171.04,,False,60,20,0,22,60,20,0,20,22,54,19.0,0.0,21,21.0,19.0,21.0,False,4104.96,24,22,0.3333333333333333,0.0,0.0,1.0,0.3333333333333333,0.4074074074074074,1.0,Moderate,0.5544091903948147,0.5544091903948147,8.0,8.0,8.0,0.0,6.768778422340422,2.8,19.580645161290324,0.0601892072671126,False,False,False,High,False,False,True,True,False,متوسط,انسحاب مرتفع بعد الإضافة للسلة,انسحاب مرتفع بعد الإضافة للسلة,المنتج يُشاهَد لكنه لا يتحول إلى شراء بالمستوى المطلوب.,4.4,0,1075.0,79,15,79,5,4104.96,22,4.4,60,20,0,2024-01-01,2024-12-30,182|40|78|72|160,سيروم فيتامين سي - اصدار خاص|مزيل عرق رول اون|عطر رجالي عودي - اصدار خاص|كريم مرطب SPF 50 - اصدار خاص|زيت ارغان طبيعي - اصدار خاص,291.73400000000004,3.9,2.337738927738928,0.9366288482417384,182,سيروم فيتامين سي - اصدار خاص,False,False,True,False,False,False,True,trust,none,3.8,قوة العلامة التجارية أقل من منافسيه داخل المجموعة | عدد المراجعات أقل من المنتجات المشابهة مما يضعف الثقة,5,87,طقم مكياج احترافي - اصدار خاص,,Substitute,1.0,شركاء مقترحون بناءً على الشراء المتكرر داخل نفس القسم.,منتجات من نفس القسم يميل العملاء لضمّها — فرصة بيع تكميلي داخلي.,True,conversion_friction,"Cart activity exists, but too few cart users convert to buyers.",Moderate Performance,High Abandonment,conversion_friction|trust,2,Investigate checkout or value-friction and reduce drop-off after add-to-cart.,افحص تعثر ما بعد الاضافة للسلة وخفف اسباب الانسحاب قبل الشراء.,Bundle with طقم مكياج احترافي - اصدار خاص where relevant.,فعّل باقة او ربطا مع المنتج طقم مكياج احترافي - اصدار خاص عندما يكون ذلك مناسبا.,conversion+bundle,Investigate checkout or value-friction and reduce drop-off after add-to-cart.,افحص تعثر ما بعد الاضافة للسلة وخفف اسباب الانسحاب قبل الشراء.,Conversion 40.74% vs category avg 676.88%.,Cart abandonment is high at 100.00%.,,49.55,Medium,Medium
106,فرن كهربايي 60 لتر - اصدار خاص,فرن كهربايي 60 لتر - اصدار خاص,المنزل والمطبخ,unknown_subcategory,وايتبوينت,449.77,,False,14,3,0,27,14,3,0,3,14,14,3.0,0.0,26,26.0,3.0,14.0,False,13043.33,29,27,0.2142857142857142,0.0,0.0,1.0,0.2142857142857142,1.9285714285714288,1.0,Moderate,-0.3618653796637979,-0.3618653796637979,119.0,119.0,119.0,0.0,4.391284662352632,1.9285714285714288,21.80555555555556,0.4391816010256543,False,False,False,High,False,False,True,False,True,متوسط,انسحاب مرتفع بعد الإضافة للسلة,انسحاب مرتفع بعد الإضافة للسلة,هناك اهتمام واضح بالمنتج لكن جزءًا من العملاء لا يكمل الشراء بعد الإضافة للسلة.,2.6,0,1180.0,80,17,80,2,13043.33,27,2.6,14,3,0,2024-01-01,2024-12-30,135|70|65|85|82,طقم اواني طهي غرانيت - اصدار خاص|فرن كهربايي 60 لتر - اصدار خاص|مكنسه كهرباييه لاسلكيه - اصدار خاص|ماكينه قهوه اسبريسو - اصدار خاص|مجموعه سكاكين مطبخ - اصدار خاص,827.3060000000002,2.8200000000000003,1.804935064935065,0.9219267450449932,135,طقم اواني طهي غرانيت - اصدار خاص,False,True,True,True,False,False,True,trust,content,6.4,قوة العلامة التجارية أقل من منافسيه داخل المجموعة | تقييم المنتج أقل من متوسط المنتجات المشابهة | الدعم البصري أضعف من المنافسين من حيث عدد الصور | عدد المراجعات أقل من المنتجات المشابهة مما يضعف الثقة,4,26,طقم اواني طهي غرانيت,,Substitute,0.4,شركاء مقترحون بناءً على الشراء المتكرر داخل نفس القسم.,منتجات من نفس القسم يميل العملاء لضمّها — فرصة بيع تكميلي داخلي.,True,conversion_friction,"Cart activity exists, but too few cart users convert to buyers. Additional issues detected (conversion_friction | content): Product content richness or image coverage lags similar products.",Moderate Performance,High Abandonment + Weak Content,conversion_friction|trust|content,3,Investigate checkout or value-friction and reduce drop-off after add-to-cart.,افحص تعثر ما بعد الاضافة للسلة وخفف اسباب الانسحاب قبل الشراء.,Bundle with طقم اواني طهي غرانيت where relevant.,فعّل باقة او ربطا مع المنتج طقم اواني طهي غرانيت عندما يكون ذلك مناسبا.,conversion+bundle,Investigate checkout or value-friction and reduce drop-off after add-to-cart.,افحص تعثر ما بعد الاضافة للسلة وخفف اسباب الانسحاب قبل الشراء.,Conversion 192.86% vs category avg 439.13%.,Rating trails peers (2.60 vs 2.82).,Cart abandonment is high at 100.00%.,49.55,Medium,Medium
62,كتاب الطبخ العربي التقليدي - اصدار خاص,كتاب الطبخ العربي التقليدي - اصدار خاص,الكتب والتعليم,unknown_subcategory,بنغوين,122.09,,False,13,1,0,18,13,1,0,1,13,12,1.0,0.0,18,18.0,1.0,12.0,False,2441.8,20,18,0.0769230769230769,0.0,0.0,1.0,0.0769230769230769,1.5,1.0,Moderate,-0.4601829755603917,-0.4601829755603917,166.0,166.0,166.0,0.0,3.3634956997365264,2.083333333333333,23.17142857142857,0.4459645957381482,False,False,False,High,False,False,True,False,True,متوسط,انسحاب مرتفع بعد الإضافة للسلة,انسحاب مرتفع بعد الإضافة للسلة,هناك اهتمام واضح بالمنتج لكن جزءًا من العملاء لا يكمل الشراء بعد الإضافة للسلة.,2.8,0,1195.0,87,14,87,1,2441.8,18,2.8,13,1,0,2024-01-01,2024-12-30,89|94|144|171|186,كتاب رياده الاعمال والنجاح - اصدار خاص|قاموس عربي انجليزي شامل - اصدار خاص|كتاب تطوير الذات والتحفيز - اصدار خاص|موسوعه التاريخ الاسلامي - اصدار خاص|كتاب الطبخ العربي التقليدي - اصدار خاص,113.498,3.24,1.7430934604847643,0.9726691588040928,89,كتاب رياده الاعمال والنجاح - اصدار خاص,False,True,True,True,False,False,True,trust,content,5.4,تقييم المنتج أقل من متوسط المنتجات المشابهة | الدعم البصري أضعف من المنافسين من حيث عدد الصور | عدد المراجعات أقل من المنتجات المشابهة مما يضعف الثقة,3,51,كتاب تعلم البرمجه بالعربيه,,Substitute,0.7,شركاء مقترحون بناءً على الشراء المتكرر داخل نفس القسم.,منتجات من نفس القسم يميل العملاء لضمّها — فرصة بيع تكميلي داخلي.,True,conversion_friction,"Cart activity exists, but too few cart users convert to buyers. Additional issues detected (conversion_friction | content): Product content richness or image coverage lags similar products.",Moderate Performance,High Abandonment + Weak Content,conversion_friction|trust|content,3,Investigate checkout or value-friction and reduce drop-off after add-to-cart.,افحص تعثر ما بعد الاضافة للسلة وخفف اسباب الانسحاب قبل الشراء.,Bundle with كتاب تعلم البرمجه بالعربيه where relevant.,فعّل باقة او ربطا مع المنتج كتاب تعلم البرمجه بالعربيه عندما يكون ذلك مناسبا.,conversion+bundle,Investigate checkout or value-friction and reduce drop-off after add-to-cart.,افحص تعثر ما بعد الاضافة للسلة وخفف اسباب الانسحاب قبل الشراء.,Conversion 150.00% vs category avg 336.35%.,Rating trails peers (2.80 vs 3.24).,Cart abandonment is high at 100.00%.,49.5,Medium,Medium
178,مكيف هواء انفيرتر 18000 - اصدار خاص,مكيف هواء انفيرتر 18000 - اصدار خاص,المنزل والمطبخ,unknown_subcategory,اريتي,3002.16,,False,50,17,0,24,50,17,0,17,24,42,17.0,0.0,23,23.0,17.0,23.0,False,72051.84,24,24,0.34,0.0,0.0,1.0,0.34,0.5714285714285714,1.0,Moderate,0.4015264206178588,0.4015264206178588,17.0,17.0,17.0,0.0,4.391284662352632,1.9285714285714288,21.80555555555556,0.130127881785379,False,False,False,High,False,False,True,True,False,متوسط,انسحاب مرتفع بعد الإضافة للسلة,انسحاب مرتفع بعد الإضافة للسلة,المنتج يُشاهَد لكنه لا يتحول إلى شراء بالمستوى المطلوب.,3.6,0,1143.0,90,16,90,3,72051.84,24,3.6,50,17,0,2024-01-01,2024-12-30,134|154|162|191|130,ثلاجه نوفروست 350 لتر - اصدار خاص|ثلاجه نوفروست 350 لتر - اصدار خاص|ثلاجه نوفروست 350 لتر - اصدار خاص|غساله اوتوماتيك 8 كيلو - اصدار خاص|ثلاجه نوفروست 350 لتر - اصدار خاص,2969.378,3.88,2.290909090909091,0.9291400990026252,134,ثلاجه نوفروست 350 لتر - اصدار خاص,True,False,True,False,False,False,True,pricing,trust,4.0,السعر أعلى من المستوى المعتاد داخل المجموعة المنافسة | عدد المراجعات أقل من المنتجات المشابهة مما يضعف الثقة,4,24,مكنسه كهرباييه لاسلكيه,,Substitute,1.0,شركاء مقترحون بناءً على الشراء المتكرر داخل نفس القسم.,منتجات من نفس القسم يميل العملاء لضمّها — فرصة بيع تكميلي داخلي.,True,conversion_friction,"Cart activity exists, but too few cart users convert to buyers. Additional issues detected (conversion_friction | pricing): The product appears overpriced relative to its closest peer group.",Moderate Performance,High Abandonment + High Price vs Peers,conversion_friction|pricing|trust,3,Investigate checkout or value-friction and reduce drop-off after add-to-cart.,افحص تعثر ما بعد الاضافة للسلة وخفف اسباب الانسحاب قبل الشراء.,Bundle with مكنسه كهرباييه لاسلكيه where relevant.,فعّل باقة او ربطا مع المنتج مكنسه كهرباييه لاسلكيه عندما يكون ذلك مناسبا.,conversion+bundle,Investigate checkout or value-friction and reduce drop-off after add-to-cart.,افحص تعثر ما بعد الاضافة للسلة وخفف اسباب الانسحاب قبل الشراء.,Conversion 57.14% vs category avg 439.13%.,Price is above peer average (3002.16 vs 2969.38).,Cart abandonment is high at 100.00%.,49.47,Medium,Medium
68,تابلت 10 انش - اصدار خاص,تابلت 10 انش - اصدار خاص,الالكترونيات,unknown_subcategory,شاومي,1081.84,,False,16,1,0,29,16,1,0,1,16,16,1.0,0.0,27,27.0,1.0,16.0,False,38946.24,36,29,0.0625,0.0,0.0,1.0,0.0625,1.8125,1.0,Moderate,-0.3920975386675372,-0.3920975386675372,139.0,139.0,139.0,0.0,7.961233440029987,1.9,20.12121212121212,0.2276657271330023,False,False,False,High,False,False,True,False,True,متوسط,انسحاب مرتفع بعد الإضافة للسلة,انسحاب مرتفع بعد الإضافة للسلة,هناك اهتمام واضح بالمنتج لكن جزءًا من العملاء لا يكمل الشراء بعد الإضافة للسلة.,2.6,0,1096.0,82,16,82,6,38946.24,29,2.6,16,1,0,2024-01-01,2024-12-30,142|161|75|97|141,مكبر صوت بلوتوث - اصدار خاص|شاحن لاسلكي سريع - اصدار خاص|تابلت 10 انش - اصدار خاص|هاتف ذكي برو ماكس - اصدار خاص|ساعه ذكيه سبورت - اصدار خاص,722.3620000000001,3.18,1.5786217437533228,0.9336280069458056,142,مكبر صوت بلوتوث - اصدار خاص,False,True,True,False,False,False,True,trust,none,4.3,تقييم المنتج أقل من متوسط المنتجات المشابهة | عدد المراجعات أقل من المنتجات المشابهة مما يضعف الثقة,0,141,ساعه ذكيه سبورت - اصدار خاص,,Substitute,0.5,شركاء مقترحون بناءً على الشراء المتكرر داخل نفس القسم.,منتجات من نفس القسم يميل العملاء لضمّها — فرصة بيع تكميلي داخلي.,True,conversion_friction,"Cart activity exists, but too few cart users convert to buyers.",Moderate Performance,High Abandonment,conversion_friction|trust,2,Investigate checkout or value-friction and reduce drop-off after add-to-cart.,افحص تعثر ما بعد الاضافة للسلة وخفف اسباب الانسحاب قبل الشراء.,Bundle with ساعه ذكيه سبورت - اصدار خاص where relevant.,فعّل باقة او ربطا مع المنتج ساعه ذكيه سبورت - اصدار خاص عندما يكون ذلك مناسبا.,conversion+bundle,Investigate checkout or value-friction and reduce drop-off after add-to-cart.,افحص تعثر ما بعد الاضافة للسلة وخفف اسباب الانسحاب قبل الشراء.,Conversion 181.25% vs category avg 796.12%.,Rating trails peers (2.60 vs 3.18).,Cart abandonment is high at 100.00%.,49.4,Medium,Medium
104,قناع وجه كولاجين - اصدار خاص,قناع وجه كولاجين - اصدار خاص,الجمال والعنايه,unknown_subcategory,افينو,146.34,,False,10,3,0,31,10,3,0,3,10,10,3.0,0.0,29,29.0,3.0,10.0,False,4829.22,33,31,0.3,0.0,0.0,1.0,0.3,3.1,1.0,Moderate,-0.3757434025056189,-0.3757434025056189,127.0,127.0,127.0,0.0,6.768778422340422,2.8,19.580645161290324,0.4579851498415753,False,False,False,High,False,True,True,False,True,متوسط,انسحاب مرتفع بعد الإضافة للسلة,انسحاب مرتفع بعد الإضافة للسلة,هناك اهتمام واضح بالمنتج لكن جزءًا من العملاء لا يكمل الشراء بعد الإضافة للسلة.,3.0,0,1241.0,70,13,70,1,4829.22,31,3.0,10,3,0,2024-01-01,2024-12-30,199|189|132|160|64,زيت ارغان طبيعي - اصدار خاص|مزيل عرق رول اون - اصدار خاص|عطر رجالي عودي - اصدار خاص|زيت ارغان طبيعي - اصدار خاص|عطر رجالي عودي - اصدار خاص,263.206,3.4200000000000004,2.052142857142857,0.986774523809434,199,زيت ارغان طبيعي - اصدار خاص,False,True,True,True,False,False,True,trust,content,5.4,تقييم المنتج أقل من متوسط المنتجات المشابهة | الدعم البصري أضعف من المنافسين من حيث عدد الصور | عدد المراجعات أقل من المنتجات المشابهة مما يضعف الثقة,5,32,سيروم فيتامين سي,,Substitute,0.7,شركاء مقترحون بناءً على الشراء المتكرر داخل نفس القسم.,منتجات من نفس القسم يميل العملاء لضمّها — فرصة بيع تكميلي داخلي.,True,conversion_friction,"Cart activity exists, but too few cart users convert to buyers. Additional issues detected (conversion_friction | content | visibility): Product content richness or image coverage lags similar products. Also: The product receives limited qualified visibility in the selected period.",Moderate Performance,High Abandonment + Weak Content + Low Visibility,conversion_friction|trust|content|visibility,4,Investigate checkout or value-friction and reduce drop-off after add-to-cart.,افحص تعثر ما بعد الاضافة للسلة وخفف اسباب الانسحاب قبل الشراء.,Bundle with سيروم فيتامين سي where relevant.,فعّل باقة او ربطا مع المنتج سيروم فيتامين سي عندما يكون ذلك مناسبا.,conversion+bundle,Investigate checkout or value-friction and reduce drop-off after add-to-cart.,افحص تعثر ما بعد الاضافة للسلة وخفف اسباب الانسحاب قبل الشراء.,Conversion 310.00% vs category avg 676.88%.,Rating trails peers (3.00 vs 3.42).,Cart abandonment is high at 100.00%.,49.35,Medium,Medium
75,تابلت 10 انش - اصدار خاص,تابلت 10 انش - اصدار خاص,الالكترونيات,unknown_subcategory,شاومي,670.09,,False,20,6,0,35,20,6,0,6,20,18,6.0,0.0,33,33.0,6.0,18.0,False,24793.33,37,35,0.3,0.0,0.0,1.0,0.3,1.9444444444444444,1.0,Moderate,-0.194066618076434,-0.194066618076434,61.0,61.0,61.0,0.0,7.961233440029987,1.9,20.12121212121212,0.2442390942423012,False,False,False,High,False,False,True,False,False,متوسط,انسحاب مرتفع بعد الإضافة للسلة,انسحاب مرتفع بعد الإضافة للسلة,هناك اهتمام واضح بالمنتج لكن جزءًا من العملاء لا يكمل الشراء بعد الإضافة للسلة.,3.0,0,1190.0,85,15,85,3,24793.33,35,3.0,20,6,0,2024-01-01,2024-12-30,141|161|115|68|126,ساعه ذكيه سبورت - اصدار خاص|شاحن لاسلكي سريع - اصدار خاص|شاحن لاسلكي سريع - اصدار خاص|تابلت 10 انش - اصدار خاص|شاحن لاسلكي سريع - اصدار خاص,433.56000000000006,3.28,1.3536363636363635,0.920651102812445,141,ساعه ذكيه سبورت - اصدار خاص,False,True,True,False,False,False,True,trust,none,4.3,تقييم المنتج أقل من متوسط المنتجات المشابهة | عدد المراجعات أقل من المنتجات المشابهة مما يضعف الثقة,0,124,كاميرا ميرورليس - اصدار خاص,,Substitute,0.7,شركاء مقترحون بناءً على الشراء المتكرر داخل نفس القسم.,منتجات من نفس القسم يميل العملاء لضمّها — فرصة بيع تكميلي داخلي.,True,conversion_friction,"Cart activity exists, but too few cart users convert to buyers.",Moderate Performance,High Abandonment,conversion_friction|trust,2,Investigate checkout or value-friction and reduce drop-off after add-to-cart.,افحص تعثر ما بعد الاضافة للسلة وخفف اسباب الانسحاب قبل الشراء.,Bundle with كاميرا ميرورليس - اصدار خاص where relevant.,فعّل باقة او ربطا مع المنتج كاميرا ميرورليس - اصدار خاص عندما يكون ذلك مناسبا.,conversion+bundle,Investigate checkout or value-friction and reduce drop-off after add-to-cart.,افحص تعثر ما بعد الاضافة للسلة وخفف اسباب الانسحاب قبل الشراء.,Conversion 194.44% vs category avg 796.12%.,Rating trails peers (3.00 vs 3.28).,Cart abandonment is high at 100.00%.,49.22,Medium,Medium
188,جهاز مشي كهربايي - اصدار خاص,جهاز مشي كهربايي - اصدار خاص,الرياضه واللياقه,unknown_subcategory,هيد,2599.64,,False,24,8,0,31,24,8,0,8,24,24,8.0,0.0,31,31.0,8.0,24.0,False,83188.48,32,31,0.3333333333333333,0.0,0.0,1.0,0.3333333333333333,1.2916666666666667,1.0,Moderate,-0.090235223653657,-0.090235223653657,43.0,43.0,43.0,0.0,8.50970943604373,2.117647058823529,17.666666666666668,0.1517873996021159,False,False,False,High,False,False,True,False,False,متوسط,انسحاب مرتفع بعد الإضافة للسلة,انسحاب مرتفع بعد الإضافة للسلة,هناك اهتمام واضح بالمنتج لكن جزءًا من العملاء لا يكمل الشراء بعد الإضافة للسلة.,4.9,0,1108.0,82,15,82,3,83188.48,31,4.9,24,8,0,2024-01-01,2024-12-30,148|45|96|157|138,حذاء جري احترافي - اصدار خاص|كره قدم رسميه فيفا|دراجه هواييه جبليه - اصدار خاص|جهاز قياس ضغط الدم - اصدار خاص|جهاز مشي كهربايي - اصدار خاص,1093.926,4.56,2.41852511829256,0.8628083610056084,148,حذاء جري احترافي - اصدار خاص,True,False,True,False,False,False,True,pricing,trust,4.0,السعر أعلى من المستوى المعتاد داخل المجموعة المنافسة | عدد المراجعات أقل من المنتجات المشابهة مما يضعف الثقة,1,42,لباس رياضي ضاغط,,Substitute,0.9,شركاء مقترحون بناءً على الشراء المتكرر داخل نفس القسم.,منتجات من نفس القسم يميل العملاء لضمّها — فرصة بيع تكميلي داخلي.,True,conversion_friction,"Cart activity exists, but too few cart users convert to buyers. Additional issues detected (conversion_friction | pricing): The product appears overpriced relative to its closest peer group.",Moderate Performance,High Abandonment + High Price vs Peers,conversion_friction|pricing|trust,3,Investigate checkout or value-friction and reduce drop-off after add-to-cart.,افحص تعثر ما بعد الاضافة للسلة وخفف اسباب الانسحاب قبل الشراء.,Bundle with لباس رياضي ضاغط where relevant.,فعّل باقة او ربطا مع المنتج لباس رياضي ضاغط عندما يكون ذلك مناسبا.,conversion+bundle,Investigate checkout or value-friction and reduce drop-off after add-to-cart.,افحص تعثر ما بعد الاضافة للسلة وخفف اسباب الانسحاب قبل الشراء.,Conversion 129.17% vs category avg 850.97%.,Price is above peer average (2599.64 vs 1093.93).,Cart abandonment is high at 100.00%.,49.19,Medium,Medium
61,فرن كهربايي 60 لتر - اصدار خاص,فرن كهربايي 60 لتر - اصدار خاص,المنزل والمطبخ,unknown_subcategory,هايسنس,1462.89,,False,11,3,0,23,11,3,0,3,11,11,3.0,0.0,22,22.0,3.0,11.0,False,35109.36,24,23,0.2727272727272727,0.0,0.0,1.0,0.2727272727272727,2.090909090909091,1.0,Moderate,-0.38590670955332,-0.38590670955332,135.0,135.0,135.0,0.0,4.391284662352632,1.9285714285714288,21.80555555555556,0.4761497492601369,False,False,False,High,False,True,True,False,True,متوسط,انسحاب مرتفع بعد الإضافة للسلة,انسحاب مرتفع بعد الإضافة للسلة,هناك اهتمام واضح بالمنتج لكن جزءًا من العملاء لا يكمل الشراء بعد الإضافة للسلة.,4.5,0,1081.0,80,17,80,2,35109.36,23,4.5,11,3,0,2024-01-01,2024-12-30,170|136|134|197|168,فرن كهربايي 60 لتر - اصدار خاص|فرن كهربايي 60 لتر - اصدار خاص|ثلاجه نوفروست 350 لتر - اصدار خاص|مكيف هواء انفيرتر 18000 - اصدار خاص|مجموعه سكاكين مطبخ - اصدار خاص,1365.12,4.16,1.5950757575757577,0.9050868710730352,170,فرن كهربايي 60 لتر - اصدار خاص,True,False,True,True,False,False,True,pricing,trust,5.1,السعر أعلى من المستوى المعتاد داخل المجموعة المنافسة | الدعم البصري أضعف من المنافسين من حيث عدد الصور | عدد المراجعات أقل من المنتجات المشابهة مما يضعف الثقة,4,25,ماكينه قهوه اسبريسو,,Substitute,0.4,شركاء مقترحون بناءً على الشراء المتكرر داخل نفس القسم.,منتجات من نفس القسم يميل العملاء لضمّها — فرصة بيع تكميلي داخلي.,True,conversion_friction,"Cart activity exists, but too few cart users convert to buyers. Additional issues detected (conversion_friction | pricing | content | visibility): The product appears overpriced relative to its closest peer group. Also: Product content richness or image coverage lags similar products. Also: The product receives limited qualified visibility in the selected period.",Moderate Performance,High Abandonment + High Price vs Peers + Weak Content + Low Visibility,conversion_friction|pricing|trust|content|visibility,5,Investigate checkout or value-friction and reduce drop-off after add-to-cart.,افحص تعثر ما بعد الاضافة للسلة وخفف اسباب الانسحاب قبل الشراء.,Bundle with ماكينه قهوه اسبريسو where relevant.,فعّل باقة او ربطا مع المنتج ماكينه قهوه اسبريسو عندما يكون ذلك مناسبا.,conversion+bundle,Investigate checkout or value-friction and reduce drop-off after add-to-cart.,افحص تعثر ما بعد الاضافة للسلة وخفف اسباب الانسحاب قبل الشراء.,Conversion 209.09% vs category avg 439.13%.,Price is above peer average (1462.89 vs 1365.12).,Cart abandonment is high at 100.00%.,49.09,Medium,Medium
67,لابتوب الترا سليم - اصدار خاص,لابتوب الترا سليم - اصدار خاص,الالكترونيات,unknown_subcategory,سامسونج,3651.66,,False,21,4,0,29,21,4,0,4,21,21,4.0,0.0,29,29.0,4.0,21.0,False,113201.46,31,29,0.1904761904761904,0.0,0.0,1.0,0.1904761904761904,1.380952380952381,1.0,Moderate,-0.2309499399015273,-0.2309499399015273,71.0,71.0,71.0,0.0,7.961233440029987,1.9,20.12121212121212,0.1734596016251446,False,False,False,High,False,False,True,False,False,متوسط,انسحاب مرتفع بعد الإضافة للسلة,انسحاب مرتفع بعد الإضافة للسلة,هناك اهتمام واضح بالمنتج لكن جزءًا من العملاء لا يكمل الشراء بعد الإضافة للسلة.,4.6,0,1132.0,82,14,82,6,113201.46,29,4.6,21,4,0,2024-01-01,2024-12-30,97|6|5|174|112,هاتف ذكي برو ماكس - اصدار خاص|شاشه 4K 27 انش|تابلت 10 انش|تابلت 10 انش - اصدار خاص|شاشه 4K 27 انش - اصدار خاص,1833.894,4.339999999999999,3.8309731934731936,0.8872206583577151,97,هاتف ذكي برو ماكس - اصدار خاص,True,False,True,False,False,False,True,pricing,trust,4.0,السعر أعلى من المستوى المعتاد داخل المجموعة المنافسة | عدد المراجعات أقل من المنتجات المشابهة مما يضعف الثقة,0,3,سماعات لاسلكيه,,Substitute,1.0,شركاء مقترحون بناءً على الشراء المتكرر داخل نفس القسم.,منتجات من نفس القسم يميل العملاء لضمّها — فرصة بيع تكميلي داخلي.,True,conversion_friction,"Cart activity exists, but too few cart users convert to buyers. Additional issues detected (conversion_friction | pricing): The product appears overpriced relative to its closest peer group.",Moderate Performance,High Abandonment + High Price vs Peers,conversion_friction|pricing|trust,3,Investigate checkout or value-friction and reduce drop-off after add-to-cart.,افحص تعثر ما بعد الاضافة للسلة وخفف اسباب الانسحاب قبل الشراء.,Bundle with سماعات لاسلكيه where relevant.,فعّل باقة او ربطا مع المنتج سماعات لاسلكيه عندما يكون ذلك مناسبا.,conversion+bundle,Investigate checkout or value-friction and reduce drop-off after add-to-cart.,افحص تعثر ما بعد الاضافة للسلة وخفف اسباب الانسحاب قبل الشراء.,Conversion 138.10% vs category avg 796.12%.,Price is above peer average (3651.66 vs 1833.89).,Cart abandonment is high at 100.00%.,48.93,Medium,Medium
91,فرن كهربايي 60 لتر - اصدار خاص,فرن كهربايي 60 لتر - اصدار خاص,المنزل والمطبخ,unknown_subcategory,توشيبا,978.27,,False,43,9,0,27,43,9,0,9,27,41,9.0,0.0,27,27.0,9.0,27.0,False,27391.56,28,27,0.2093023255813953,0.0,0.0,1.0,0.2093023255813953,0.6585365853658537,1.0,Moderate,0.0799846623415019,0.0799846623415019,36.0,36.0,36.0,0.0,4.391284662352632,1.9285714285714288,21.80555555555556,0.1499644491307112,False,False,False,High,False,False,True,True,False,متوسط,انسحاب مرتفع بعد الإضافة للسلة,انسحاب مرتفع بعد الإضافة للسلة,المنتج يُشاهَد لكنه لا يتحول إلى شراء بالمستوى المطلوب.,4.4,0,1226.0,80,17,80,1,27391.56,27,4.4,43,9,0,2024-01-01,2024-12-30,136|22|119|153|197,فرن كهربايي 60 لتر - اصدار خاص|غساله اوتوماتيك 8 كيلو|ماكينه قهوه اسبريسو - اصدار خاص|فرن كهربايي 60 لتر - اصدار خاص|مكيف هواء انفيرتر 18000 - اصدار خاص,1329.1260000000002,3.88,1.3863712757830406,0.8806487392702369,136,فرن كهربايي 60 لتر - اصدار خاص,False,False,True,True,False,False,True,trust,content,3.9,الدعم البصري أضعف من المنافسين من حيث عدد الصور | عدد المراجعات أقل من المنتجات المشابهة مما يضعف الثقة,4,119,ماكينه قهوه اسبريسو - اصدار خاص,,Substitute,1.0,شركاء مقترحون بناءً على الشراء المتكرر داخل نفس القسم.,منتجات من نفس القسم يميل العملاء لضمّها — فرصة بيع تكميلي داخلي.,True,conversion_friction,"Cart activity exists, but too few cart users convert to buyers. Additional issues detected (conversion_friction | content): Product content richness or image coverage lags similar products.",Moderate Performance,High Abandonment + Weak Content,conversion_friction|trust|content,3,Investigate checkout or value-friction and reduce drop-off after add-to-cart.,افحص تعثر ما بعد الاضافة للسلة وخفف اسباب الانسحاب قبل الشراء.,Bundle with ماكينه قهوه اسبريسو - اصدار خاص where relevant.,فعّل باقة او ربطا مع المنتج ماكينه قهوه اسبريسو - اصدار خاص عندما يكون ذلك مناسبا.,conversion+bundle,Investigate checkout or value-friction and reduce drop-off after add-to-cart.,افحص تعثر ما بعد الاضافة للسلة وخفف اسباب الانسحاب قبل الشراء.,Conversion 65.85% vs category avg 439.13%.,Cart abandonment is high at 100.00%.,,48.83,Medium,Medium
49,جهاز قياس ضغط الدم,جهاز قياس ضغط الدم,الرياضه واللياقه,unknown_subcategory,نيو بالانس,247.85,,False,22,4,0,22,22,4,0,4,22,22,4.0,0.0,22,22.0,4.0,22.0,False,6196.25,25,22,0.1818181818181818,0.0,0.0,1.0,0.1818181818181818,1.0,1.0,Moderate,-0.2831937812171622,-0.2831937812171622,87.0,87.0,87.0,0.0,8.50970943604373,2.117647058823529,17.666666666666668,0.1175128254984123,False,False,False,High,False,False,True,True,False,متوسط,انسحاب مرتفع بعد الإضافة للسلة,انسحاب مرتفع بعد الإضافة للسلة,المنتج يُشاهَد لكنه لا يتحول إلى شراء بالمستوى المطلوب.,4.5,0,1240.0,69,12,69,6,6196.25,22,4.5,22,4,0,2024-01-01,2024-12-30,86|71|165|139|98,لباس رياضي ضاغط - اصدار خاص|حصيره يوغا مضاده للانزلاق - اصدار خاص|حذاء جري احترافي - اصدار خاص|حقيبه رياضيه جيم - اصدار خاص|اوزان حديد طقم 20 كيلو - اصدار خاص,449.192,4.02,1.935561497326204,0.961174109194713,86,لباس رياضي ضاغط - اصدار خاص,False,False,True,False,False,False,True,trust,none,3.8,قوة العلامة التجارية أقل من منافسيه داخل المجموعة | عدد المراجعات أقل من المنتجات المشابهة مما يضعف الثقة,1,131,اوزان حديد طقم 20 كيلو - اصدار خاص,,Substitute,0.5,شركاء مقترحون بناءً على الشراء المتكرر داخل نفس القسم.,منتجات من نفس القسم يميل العملاء لضمّها — فرصة بيع تكميلي داخلي.,True,conversion_friction,"Cart activity exists, but too few cart users convert to buyers.",Moderate Performance,High Abandonment,conversion_friction|trust,2,Investigate checkout or value-friction and reduce drop-off after add-to-cart.,افحص تعثر ما بعد الاضافة للسلة وخفف اسباب الانسحاب قبل الشراء.,Bundle with اوزان حديد طقم 20 كيلو - اصدار خاص where relevant.,فعّل باقة او ربطا مع المنتج اوزان حديد طقم 20 كيلو - اصدار خاص عندما يكون ذلك مناسبا.,conversion+bundle,Investigate checkout or value-friction and reduce drop-off after add-to-cart.,افحص تعثر ما بعد الاضافة للسلة وخفف اسباب الانسحاب قبل الشراء.,Conversion 100.00% vs category avg 850.97%.,Cart abandonment is high at 100.00%.,,48.78,Medium,Medium
169,فستان سهره انيق - اصدار خاص,فستان سهره انيق - اصدار خاص,الازياء والملابس,unknown_subcategory,H&M,452.68,,False,23,8,0,27,23,8,0,8,23,23,8.0,0.0,27,27.0,8.0,23.0,False,13127.72,29,27,0.3478260869565217,0.0,0.0,1.0,0.3478260869565217,1.173913043478261,1.0,Moderate,-0.136806111196798,-0.136806111196798,50.0,50.0,50.0,0.0,2.284453274168197,2.3080357142857144,18.59375,0.5138704550241675,False,False,False,High,False,False,True,True,False,متوسط,انسحاب مرتفع بعد الإضافة للسلة,انسحاب مرتفع بعد الإضافة للسلة,المنتج يُشاهَد لكنه لا يتحول إلى شراء بالمستوى المطلوب.,3.1,0,1201.0,78,14,78,5,13127.72,27,3.1,23,8,0,2024-01-01,2024-12-30,83|73|155|17|66,فستان سهره انيق - اصدار خاص|فستان سهره انيق - اصدار خاص|حذاء رياضي مريح - اصدار خاص|شال كشمير ناعم|قميص قطني كلاسيكي - اصدار خاص,329.634,3.38,2.385238095238095,0.9644161212378916,83,فستان سهره انيق - اصدار خاص,True,True,True,False,False,False,True,pricing,trust,6.5,السعر أعلى من المستوى المعتاد داخل المجموعة المنافسة | قوة العلامة التجارية أقل من منافسيه داخل المجموعة | تقييم المنتج أقل من متوسط المنتجات المشابهة | عدد المراجعات أقل من المنتجات المشابهة مما يضعف الثقة,6,164,حقيبه يد جلديه - اصدار خاص,,Substitute,0.5,شركاء مقترحون بناءً على الشراء المتكرر داخل نفس القسم.,منتجات من نفس القسم يميل العملاء لضمّها — فرصة بيع تكميلي داخلي.,True,conversion_friction,"Cart activity exists, but too few cart users convert to buyers. Additional issues detected (conversion_friction | pricing): The product appears overpriced relative to its closest peer group.",Moderate Performance,High Abandonment + High Price vs Peers,conversion_friction|pricing|trust,3,Investigate checkout or value-friction and reduce drop-off after add-to-cart.,افحص تعثر ما بعد الاضافة للسلة وخفف اسباب الانسحاب قبل الشراء.,Bundle with حقيبه يد جلديه - اصدار خاص where relevant.,فعّل باقة او ربطا مع المنتج حقيبه يد جلديه - اصدار خاص عندما يكون ذلك مناسبا.,conversion+bundle,Investigate checkout or value-friction and reduce drop-off after add-to-cart.,افحص تعثر ما بعد الاضافة للسلة وخفف اسباب الانسحاب قبل الشراء.,Conversion 117.39% vs category avg 228.45%.,Price is above peer average (452.68 vs 329.63).,Rating trails peers (3.10 vs 3.38).,48.63,Medium,Medium
175,مجموعه كتب الطفل التعليميه - اصدار خاص,مجموعه كتب الطفل التعليميه - اصدار خاص,الكتب والتعليم,unknown_subcategory,مكتبه جرير,152.85,,False,49,18,0,32,49,18,0,18,32,47,18.0,0.0,32,32.0,18.0,32.0,False,5655.45,37,32,0.3673469387755102,0.0,0.0,1.0,0.3673469387755102,0.6808510638297872,1.0,Moderate,0.4124421692481844,0.4124421692481844,16.0,16.0,16.0,0.0,3.3634956997365264,2.083333333333333,23.17142857142857,0.2024236462924928,False,False,False,High,False,False,True,True,False,متوسط,انسحاب مرتفع بعد الإضافة للسلة,انسحاب مرتفع بعد الإضافة للسلة,المنتج يُشاهَد لكنه لا يتحول إلى شراء بالمستوى المطلوب.,3.9,0,1119.0,87,14,87,4,5655.45,32,3.9,49,18,0,2024-01-01,2024-12-30,172|92|120|193|59,كتاب رياده الاعمال والنجاح - اصدار خاص|موسوعه التاريخ الاسلامي - اصدار خاص|روايه عربيه بيست سيلر - اصدار خاص|مجموعه كتب الطفل التعليميه - اصدار خاص|كتاب تطوير الذات والتحفيز,127.27999999999996,3.9,1.777991718426501,0.9699053510676828,172,كتاب رياده الاعمال والنجاح - اصدار خاص,True,False,True,False,False,False,True,pricing,trust,4.0,السعر أعلى من المستوى المعتاد داخل المجموعة المنافسة | عدد المراجعات أقل من المنتجات المشابهة مما يضعف الثقة,3,193,مجموعه كتب الطفل التعليميه - اصدار خاص,,Substitute,1.4,شركاء مقترحون بناءً على الشراء المتكرر داخل نفس القسم.,منتجات من نفس القسم يميل العملاء لضمّها — فرصة بيع تكميلي داخلي.,True,conversion_friction,"Cart activity exists, but too few cart users convert to buyers. Additional issues detected (conversion_friction | pricing): The product appears overpriced relative to its closest peer group.",Moderate Performance,High Abandonment + High Price vs Peers,conversion_friction|pricing|trust,3,Investigate checkout or value-friction and reduce drop-off after add-to-cart.,افحص تعثر ما بعد الاضافة للسلة وخفف اسباب الانسحاب قبل الشراء.,Bundle with مجموعه كتب الطفل التعليميه - اصدار خاص where relevant.,فعّل باقة او ربطا مع المنتج مجموعه كتب الطفل التعليميه - اصدار خاص عندما يكون ذلك مناسبا.,conversion+bundle,Investigate checkout or value-friction and reduce drop-off after add-to-cart.,افحص تعثر ما بعد الاضافة للسلة وخفف اسباب الانسحاب قبل الشراء.,Conversion 68.09% vs category avg 336.35%.,Price is above peer average (152.85 vs 127.28).,Cart abandonment is high at 100.00%.,48.61,Medium,Medium
167,حقيبه رياضيه جيم - اصدار خاص,حقيبه رياضيه جيم - اصدار خاص,الرياضه واللياقه,unknown_subcategory,هيد,104.4,,False,28,6,0,39,28,6,0,6,28,27,6.0,0.0,38,38.0,6.0,27.0,False,4280.400000000001,41,39,0.2142857142857142,0.0,0.0,1.0,0.2142857142857142,1.4444444444444444,1.0,Moderate,-0.1278437658815981,-0.1278437658815981,48.0,48.0,48.0,0.0,8.50970943604373,2.117647058823529,17.666666666666668,0.1697407479421512,False,False,False,High,False,False,True,False,False,متوسط,انسحاب مرتفع بعد الإضافة للسلة,انسحاب مرتفع بعد الإضافة للسلة,هناك اهتمام واضح بالمنتج لكن جزءًا من العملاء لا يكمل الشراء بعد الإضافة للسلة.,3.8,0,1247.0,82,15,82,1,4280.400000000001,39,3.8,28,6,0,2024-01-01,2024-12-30,45|148|173|123|117,كره قدم رسميه فيفا|حذاء جري احترافي - اصدار خاص|حذاء جري احترافي - اصدار خاص|عداد خطوات ذكي - اصدار خاص|حصيره يوغا مضاده للانزلاق - اصدار خاص,318.79,4.279999999999999,2.054848484848485,0.894860981997032,45,كره قدم رسميه فيفا,False,False,True,True,False,False,True,trust,content,3.9,الدعم البصري أضعف من المنافسين من حيث عدد الصور | عدد المراجعات أقل من المنتجات المشابهة مما يضعف الثقة,1,42,لباس رياضي ضاغط,,Substitute,0.8,شركاء مقترحون بناءً على الشراء المتكرر داخل نفس القسم.,منتجات من نفس القسم يميل العملاء لضمّها — فرصة بيع تكميلي داخلي.,True,conversion_friction,"Cart activity exists, but too few cart users convert to buyers. Additional issues detected (conversion_friction | content): Product content richness or image coverage lags similar products.",Moderate Performance,High Abandonment + Weak Content,conversion_friction|trust|content,3,Investigate checkout or value-friction and reduce drop-off after add-to-cart.,افحص تعثر ما بعد الاضافة للسلة وخفف اسباب الانسحاب قبل الشراء.,Bundle with لباس رياضي ضاغط where relevant.,فعّل باقة او ربطا مع المنتج لباس رياضي ضاغط عندما يكون ذلك مناسبا.,conversion+bundle,Investigate checkout or value-friction and reduce drop-off after add-to-cart.,افحص تعثر ما بعد الاضافة للسلة وخفف اسباب الانسحاب قبل الشراء.,Conversion 144.44% vs category avg 850.97%.,Cart abandonment is high at 100.00%.,,48.56,Medium,Medium
23,ثلاجه نوفروست 350 لتر,ثلاجه نوفروست 350 لتر,المنزل والمطبخ,unknown_subcategory,اريتي,3803.84,,False,27,8,0,23,27,8,0,8,23,26,8.0,0.0,23,23.0,8.0,23.0,False,102703.68,27,23,0.2962962962962963,0.0,0.0,1.0,0.2962962962962963,0.8846153846153846,1.0,Moderate,-0.0754261000904238,-0.0754261000904238,42.0,42.0,42.0,0.0,4.391284662352632,1.9285714285714288,21.80555555555556,0.2014479708408271,False,False,False,High,False,False,True,True,False,متوسط,انسحاب مرتفع بعد الإضافة للسلة,انسحاب مرتفع بعد الإضافة للسلة,المنتج يُشاهَد لكنه لا يتحول إلى شراء بالمستوى المطلوب.,3.7,0,1223.0,76,13,76,8,102703.68,23,3.7,27,8,0,2024-01-01,2024-12-30,21|154|178|130|22,مكيف هواء انفيرتر 18000|ثلاجه نوفروست 350 لتر - اصدار خاص|مكيف هواء انفيرتر 18000 - اصدار خاص|ثلاجه نوفروست 350 لتر - اصدار خاص|غساله اوتوماتيك 8 كيلو,3028.326,4.08,2.0945887445887443,0.9203988848097852,21,مكيف هواء انفيرتر 18000,True,False,True,False,False,False,True,pricing,trust,4.0,السعر أعلى من المستوى المعتاد داخل المجموعة المنافسة | عدد المراجعات أقل من المنتجات المشابهة مما يضعف الثقة,4,91,فرن كهربايي 60 لتر - اصدار خاص,,Substitute,0.7,شركاء مقترحون بناءً على الشراء المتكرر داخل نفس القسم.,منتجات من نفس القسم يميل العملاء لضمّها — فرصة بيع تكميلي داخلي.,True,conversion_friction,"Cart activity exists, but too few cart users convert to buyers. Additional issues detected (conversion_friction | pricing): The product appears overpriced relative to its closest peer group.",Moderate Performance,High Abandonment + High Price vs Peers,conversion_friction|pricing|trust,3,Investigate checkout or value-friction and reduce drop-off after add-to-cart.,افحص تعثر ما بعد الاضافة للسلة وخفف اسباب الانسحاب قبل الشراء.,Bundle with فرن كهربايي 60 لتر - اصدار خاص where relevant.,فعّل باقة او ربطا مع المنتج فرن كهربايي 60 لتر - اصدار خاص عندما يكون ذلك مناسبا.,conversion+bundle,Investigate checkout or value-friction and reduce drop-off after add-to-cart.,افحص تعثر ما بعد الاضافة للسلة وخفف اسباب الانسحاب قبل الشراء.,Conversion 88.46% vs category avg 439.13%.,Price is above peer average (3803.84 vs 3028.33).,Cart abandonment is high at 100.00%.,48.55,Medium,Medium
143,عطر رجالي عودي - اصدار خاص,عطر رجالي عودي - اصدار خاص,الجمال والعنايه,unknown_subcategory,دوف,602.95,,False,23,5,0,34,23,5,0,5,23,23,5.0,0.0,32,32.0,5.0,23.0,False,22912.1,38,34,0.217391304347826,0.0,0.0,1.0,0.217391304347826,1.4782608695652173,1.0,Moderate,-0.2067393469969869,-0.2067393469969869,65.0,65.0,65.0,0.0,6.768778422340422,2.8,19.580645161290324,0.2183940405976656,False,False,False,High,False,False,True,False,False,متوسط,انسحاب مرتفع بعد الإضافة للسلة,انسحاب مرتفع بعد الإضافة للسلة,هناك اهتمام واضح بالمنتج لكن جزءًا من العملاء لا يكمل الشراء بعد الإضافة للسلة.,4.8,0,1235.0,68,13,68,4,22912.1,34,4.8,23,5,0,2024-01-01,2024-12-30,187|160|116|149|179,عطر رجالي عودي - اصدار خاص|زيت ارغان طبيعي - اصدار خاص|قناع وجه كولاجين - اصدار خاص|طقم مكياج احترافي - اصدار خاص|مجموعه عنايه بالشعر - اصدار خاص,351.332,4.3,3.0966666666666667,0.978183467753417,187,عطر رجالي عودي - اصدار خاص,True,False,True,False,False,False,True,pricing,trust,4.0,السعر أعلى من المستوى المعتاد داخل المجموعة المنافسة | عدد المراجعات أقل من المنتجات المشابهة مما يضعف الثقة,5,32,سيروم فيتامين سي,,Substitute,1.0,شركاء مقترحون بناءً على الشراء المتكرر داخل نفس القسم.,منتجات من نفس القسم يميل العملاء لضمّها — فرصة بيع تكميلي داخلي.,True,conversion_friction,"Cart activity exists, but too few cart users convert to buyers. Additional issues detected (conversion_friction | pricing): The product appears overpriced relative to its closest peer group.",Moderate Performance,High Abandonment + High Price vs Peers,conversion_friction|pricing|trust,3,Investigate checkout or value-friction and reduce drop-off after add-to-cart.,افحص تعثر ما بعد الاضافة للسلة وخفف اسباب الانسحاب قبل الشراء.,Bundle with سيروم فيتامين سي where relevant.,فعّل باقة او ربطا مع المنتج سيروم فيتامين سي عندما يكون ذلك مناسبا.,conversion+bundle,Investigate checkout or value-friction and reduce drop-off after add-to-cart.,افحص تعثر ما بعد الاضافة للسلة وخفف اسباب الانسحاب قبل الشراء.,Conversion 147.83% vs category avg 676.88%.,Price is above peer average (602.95 vs 351.33).,Cart abandonment is high at 100.00%.,48.37,Medium,Medium
114,حقيبه رياضيه جيم - اصدار خاص,حقيبه رياضيه جيم - اصدار خاص,الرياضه واللياقه,unknown_subcategory,بوما,246.79,,False,22,7,0,35,22,7,0,7,22,22,7.0,0.0,34,34.0,7.0,22.0,False,9624.81,39,35,0.3181818181818182,0.0,0.0,1.0,0.3181818181818182,1.5909090909090908,1.0,Moderate,-0.1566771226897986,-0.1566771226897986,54.0,54.0,54.0,0.0,8.50970943604373,2.117647058823529,17.666666666666668,0.1869522223838378,False,False,False,High,False,False,True,False,False,متوسط,انسحاب مرتفع بعد الإضافة للسلة,انسحاب مرتفع بعد الإضافة للسلة,هناك اهتمام واضح بالمنتج لكن جزءًا من العملاء لا يكمل الشراء بعد الإضافة للسلة.,4.3,0,1091.0,82,15,82,2,9624.81,35,4.3,22,7,0,2024-01-01,2024-12-30,105|76|110|95|157,حقيبه رياضيه جيم - اصدار خاص|حقيبه رياضيه جيم - اصدار خاص|جهاز قياس ضغط الدم - اصدار خاص|كره قدم رسميه فيفا - اصدار خاص|جهاز قياس ضغط الدم - اصدار خاص,216.89,4.279999999999999,1.827054132657848,0.9905575016661026,105,حقيبه رياضيه جيم - اصدار خاص,False,False,True,True,False,False,True,trust,content,3.9,الدعم البصري أضعف من المنافسين من حيث عدد الصور | عدد المراجعات أقل من المنتجات المشابهة مما يضعف الثقة,1,46,حصيره يوغا مضاده للانزلاق,,Substitute,0.8,شركاء مقترحون بناءً على الشراء المتكرر داخل نفس القسم.,منتجات من نفس القسم يميل العملاء لضمّها — فرصة بيع تكميلي داخلي.,True,conversion_friction,"Cart activity exists, but too few cart users convert to buyers. Additional issues detected (conversion_friction | content): Product content richness or image coverage lags similar products.",Moderate Performance,High Abandonment + Weak Content,conversion_friction|trust|content,3,Investigate checkout or value-friction and reduce drop-off after add-to-cart.,افحص تعثر ما بعد الاضافة للسلة وخفف اسباب الانسحاب قبل الشراء.,Bundle with حصيره يوغا مضاده للانزلاق where relevant.,فعّل باقة او ربطا مع المنتج حصيره يوغا مضاده للانزلاق عندما يكون ذلك مناسبا.,conversion+bundle,Investigate checkout or value-friction and reduce drop-off after add-to-cart.,افحص تعثر ما بعد الاضافة للسلة وخفف اسباب الانسحاب قبل الشراء.,Conversion 159.09% vs category avg 850.97%.,Cart abandonment is high at 100.00%.,,48.34,Medium,Medium
76,حقيبه رياضيه جيم - اصدار خاص,حقيبه رياضيه جيم - اصدار خاص,الرياضه واللياقه,unknown_subcategory,نيو بالانس,110.25,,False,21,8,0,28,21,8,0,8,21,19,7.0,0.0,28,28.0,7.0,19.0,False,3417.75,31,28,0.3809523809523809,0.0,0.0,1.0,0.3809523809523809,1.4736842105263157,1.0,Moderate,-0.1526746346612413,-0.1526746346612413,53.0,53.0,53.0,0.0,8.50970943604373,2.117647058823529,17.666666666666668,0.1731767954713445,False,False,False,High,False,False,True,False,False,متوسط,انسحاب مرتفع بعد الإضافة للسلة,انسحاب مرتفع بعد الإضافة للسلة,هناك اهتمام واضح بالمنتج لكن جزءًا من العملاء لا يكمل الشراء بعد الإضافة للسلة.,4.1,0,1083.0,82,15,82,3,3417.75,28,4.1,21,8,0,2024-01-01,2024-12-30,114|105|110|95|118,حقيبه رياضيه جيم - اصدار خاص|حقيبه رياضيه جيم - اصدار خاص|جهاز قياس ضغط الدم - اصدار خاص|كره قدم رسميه فيفا - اصدار خاص|حصيره يوغا مضاده للانزلاق - اصدار خاص,223.74,3.98,2.433832442067736,0.9844905021601634,114,حقيبه رياضيه جيم - اصدار خاص,False,False,True,False,False,False,True,trust,none,3.8,قوة العلامة التجارية أقل من منافسيه داخل المجموعة | عدد المراجعات أقل من المنتجات المشابهة مما يضعف الثقة,1,42,لباس رياضي ضاغط,,Substitute,1.8,شركاء مقترحون بناءً على الشراء المتكرر داخل نفس القسم.,منتجات من نفس القسم يميل العملاء لضمّها — فرصة بيع تكميلي داخلي.,True,conversion_friction,"Cart activity exists, but too few cart users convert to buyers.",Moderate Performance,High Abandonment,conversion_friction|trust,2,Investigate checkout or value-friction and reduce drop-off after add-to-cart.,افحص تعثر ما بعد الاضافة للسلة وخفف اسباب الانسحاب قبل الشراء.,Bundle with لباس رياضي ضاغط where relevant.,فعّل باقة او ربطا مع المنتج لباس رياضي ضاغط عندما يكون ذلك مناسبا.,conversion+bundle,Investigate checkout or value-friction and reduce drop-off after add-to-cart.,افحص تعثر ما بعد الاضافة للسلة وخفف اسباب الانسحاب قبل الشراء.,Conversion 147.37% vs category avg 850.97%.,Cart abandonment is high at 100.00%.,,48.22,Medium,Medium
151,كتاب تطوير الذات والتحفيز - اصدار خاص,كتاب تطوير الذات والتحفيز - اصدار خاص,الكتب والتعليم,unknown_subcategory,دار العلوم,71.91,,False,15,4,0,26,15,4,0,4,15,14,4.0,0.0,25,25.0,4.0,14.0,False,2085.39,29,26,0.2666666666666666,0.0,0.0,1.0,0.2666666666666666,1.8571428571428568,1.0,Moderate,-0.329234500426533,-0.329234500426533,107.0,107.0,107.0,0.0,3.3634956997365264,2.083333333333333,23.17142857142857,0.5521466423424692,False,False,False,High,False,False,True,False,False,متوسط,انسحاب مرتفع بعد الإضافة للسلة,انسحاب مرتفع بعد الإضافة للسلة,هناك اهتمام واضح بالمنتج لكن جزءًا من العملاء لا يكمل الشراء بعد الإضافة للسلة.,3.2,0,1080.0,86,14,86,5,2085.39,26,3.2,15,4,0,2024-01-01,2024-12-30,196|193|163|120|77,اطلس العالم المصور - اصدار خاص|مجموعه كتب الطفل التعليميه - اصدار خاص|دوره برمجه اكاديميه USB - اصدار خاص|روايه عربيه بيست سيلر - اصدار خاص|دوره برمجه اكاديميه USB - اصدار خاص,223.11,3.64,1.70442792501616,0.9666530625470078,196,اطلس العالم المصور - اصدار خاص,False,True,True,False,False,False,True,trust,none,5.3,قوة العلامة التجارية أقل من منافسيه داخل المجموعة | تقييم المنتج أقل من متوسط المنتجات المشابهة | عدد المراجعات أقل من المنتجات المشابهة مما يضعف الثقة,3,150,اطلس العالم المصور - اصدار خاص,,Substitute,0.7,شركاء مقترحون بناءً على الشراء المتكرر داخل نفس القسم.,منتجات من نفس القسم يميل العملاء لضمّها — فرصة بيع تكميلي داخلي.,True,conversion_friction,"Cart activity exists, but too few cart users convert to buyers.",Moderate Performance,High Abandonment,conversion_friction|trust,2,Investigate checkout or value-friction and reduce drop-off after add-to-cart.,افحص تعثر ما بعد الاضافة للسلة وخفف اسباب الانسحاب قبل الشراء.,Bundle with اطلس العالم المصور - اصدار خاص where relevant.,فعّل باقة او ربطا مع المنتج اطلس العالم المصور - اصدار خاص عندما يكون ذلك مناسبا.,conversion+bundle,Investigate checkout or value-friction and reduce drop-off after add-to-cart.,افحص تعثر ما بعد الاضافة للسلة وخفف اسباب الانسحاب قبل الشراء.,Conversion 185.71% vs category avg 336.35%.,Rating trails peers (3.20 vs 3.64).,Cart abandonment is high at 100.00%.,48.17,Medium,Medium
97,هاتف ذكي برو ماكس - اصدار خاص,هاتف ذكي برو ماكس - اصدار خاص,الالكترونيات,unknown_subcategory,ابل,1968.21,,False,12,4,0,23,12,4,0,4,12,12,4.0,0.0,23,23.0,4.0,12.0,False,49205.25,25,23,0.3333333333333333,0.0,0.0,1.0,0.3333333333333333,1.9166666666666667,1.0,Moderate,-0.3432664056772602,-0.3432664056772602,113.0,113.0,113.0,0.0,7.961233440029987,1.9,20.12121212121212,0.2407499643245541,False,False,False,High,False,False,True,False,False,متوسط,انسحاب مرتفع بعد الإضافة للسلة,انسحاب مرتفع بعد الإضافة للسلة,هناك اهتمام واضح بالمنتج لكن جزءًا من العملاء لا يكمل الشراء بعد الإضافة للسلة.,4.1,0,1124.0,82,15,82,3,49205.25,23,4.1,12,4,0,2024-01-01,2024-12-30,174|67|6|75|68,تابلت 10 انش - اصدار خاص|لابتوب الترا سليم - اصدار خاص|شاشه 4K 27 انش|تابلت 10 انش - اصدار خاص|تابلت 10 انش - اصدار خاص,1781.862,3.58,3.968488455988456,0.900881408503224,174,تابلت 10 انش - اصدار خاص,True,False,True,False,False,False,True,pricing,trust,4.0,السعر أعلى من المستوى المعتاد داخل المجموعة المنافسة | عدد المراجعات أقل من المنتجات المشابهة مما يضعف الثقة,0,2,لابتوب الترا سليم,,Substitute,0.6,شركاء مقترحون بناءً على الشراء المتكرر داخل نفس القسم.,منتجات من نفس القسم يميل العملاء لضمّها — فرصة بيع تكميلي داخلي.,True,conversion_friction,"Cart activity exists, but too few cart users convert to buyers. Additional issues detected (conversion_friction | pricing): The product appears overpriced relative to its closest peer group.",Moderate Performance,High Abandonment + High Price vs Peers,conversion_friction|pricing|trust,3,Investigate checkout or value-friction and reduce drop-off after add-to-cart.,افحص تعثر ما بعد الاضافة للسلة وخفف اسباب الانسحاب قبل الشراء.,Bundle with لابتوب الترا سليم where relevant.,فعّل باقة او ربطا مع المنتج لابتوب الترا سليم عندما يكون ذلك مناسبا.,conversion+bundle,Investigate checkout or value-friction and reduce drop-off after add-to-cart.,افحص تعثر ما بعد الاضافة للسلة وخفف اسباب الانسحاب قبل الشراء.,Conversion 191.67% vs category avg 796.12%.,Price is above peer average (1968.21 vs 1781.86).,Cart abandonment is high at 100.00%.,48.05,Medium,Medium
130,ثلاجه نوفروست 350 لتر - اصدار خاص,ثلاجه نوفروست 350 لتر - اصدار خاص,المنزل والمطبخ,unknown_subcategory,فيليبس,3341.54,,False,11,4,0,27,11,4,0,4,11,11,4.0,0.0,27,27.0,4.0,11.0,False,103587.74,31,27,0.3636363636363636,0.0,0.0,1.0,0.3636363636363636,2.4545454545454546,1.0,Moderate,-0.3146761972787452,-0.3146761972787452,98.0,98.0,98.0,0.0,4.391284662352632,1.9285714285714288,21.80555555555556,0.5589584013053782,False,False,False,High,False,True,True,False,False,متوسط,انسحاب مرتفع بعد الإضافة للسلة,انسحاب مرتفع بعد الإضافة للسلة,هناك اهتمام واضح بالمنتج لكن جزءًا من العملاء لا يكمل الشراء بعد الإضافة للسلة.,4.5,0,1103.0,83,17,83,6,103587.74,27,4.5,11,4,0,2024-01-01,2024-12-30,154|162|134|178|176,ثلاجه نوفروست 350 لتر - اصدار خاص|ثلاجه نوفروست 350 لتر - اصدار خاص|ثلاجه نوفروست 350 لتر - اصدار خاص|مكيف هواء انفيرتر 18000 - اصدار خاص|فرن كهربايي 60 لتر - اصدار خاص,2719.68,3.98,1.788795518207283,0.9317668627556028,154,ثلاجه نوفروست 350 لتر - اصدار خاص,True,False,True,False,False,False,True,pricing,trust,5.0,السعر أعلى من المستوى المعتاد داخل المجموعة المنافسة | قوة العلامة التجارية أقل من منافسيه داخل المجموعة | عدد المراجعات أقل من المنتجات المشابهة مما يضعف الثقة,4,178,مكيف هواء انفيرتر 18000 - اصدار خاص,,Substitute,0.3,شركاء مقترحون بناءً على الشراء المتكرر داخل نفس القسم.,منتجات من نفس القسم يميل العملاء لضمّها — فرصة بيع تكميلي داخلي.,True,conversion_friction,"Cart activity exists, but too few cart users convert to buyers. Additional issues detected (conversion_friction | pricing | visibility): The product appears overpriced relative to its closest peer group. Also: The product receives limited qualified visibility in the selected period.",Moderate Performance,High Abandonment + High Price vs Peers + Low Visibility,conversion_friction|pricing|trust|visibility,4,Investigate checkout or value-friction and reduce drop-off after add-to-cart.,افحص تعثر ما بعد الاضافة للسلة وخفف اسباب الانسحاب قبل الشراء.,Bundle with مكيف هواء انفيرتر 18000 - اصدار خاص where relevant.,فعّل باقة او ربطا مع المنتج مكيف هواء انفيرتر 18000 - اصدار خاص عندما يكون ذلك مناسبا.,conversion+bundle,Investigate checkout or value-friction and reduce drop-off after add-to-cart.,افحص تعثر ما بعد الاضافة للسلة وخفف اسباب الانسحاب قبل الشراء.,Conversion 245.45% vs category avg 439.13%.,Price is above peer average (3341.54 vs 2719.68).,Cart abandonment is high at 100.00%.,48.04,Medium,Medium
118,حصيره يوغا مضاده للانزلاق - اصدار خاص,حصيره يوغا مضاده للانزلاق - اصدار خاص,الرياضه واللياقه,unknown_subcategory,نيو بالانس,175.91,,False,6,2,0,29,6,2,0,2,6,6,2.0,0.0,28,28.0,2.0,6.0,False,5277.3,30,29,0.3333333333333333,0.0,0.0,1.0,0.3333333333333333,4.833333333333333,1.0,Moderate,-0.417884435012414,-0.417884435012414,154.0,154.0,154.0,0.0,8.50970943604373,2.117647058823529,17.666666666666668,0.5679786565756597,True,False,False,High,False,True,True,False,True,متوسط,انسحاب مرتفع بعد الإضافة للسلة,انسحاب مرتفع بعد الإضافة للسلة,هناك اهتمام واضح بالمنتج لكن جزءًا من العملاء لا يكمل الشراء بعد الإضافة للسلة.,3.0,0,1142.0,93,15,93,3,5277.3,29,3.0,6,2,0,2024-01-01,2024-12-30,159|110|95|76|139,حصيره يوغا مضاده للانزلاق - اصدار خاص|جهاز قياس ضغط الدم - اصدار خاص|كره قدم رسميه فيفا - اصدار خاص|حقيبه رياضيه جيم - اصدار خاص|حقيبه رياضيه جيم - اصدار خاص,208.0,3.9,1.786073740500985,0.9088301166980955,159,حصيره يوغا مضاده للانزلاق - اصدار خاص,False,True,True,False,False,False,True,trust,none,5.3,قوة العلامة التجارية أقل من منافسيه داخل المجموعة | تقييم المنتج أقل من متوسط المنتجات المشابهة | عدد المراجعات أقل من المنتجات المشابهة مما يضعف الثقة,1,48,حقيبه رياضيه جيم,,Substitute,0.8,شركاء مقترحون بناءً على الشراء المتكرر داخل نفس القسم.,منتجات من نفس القسم يميل العملاء لضمّها — فرصة بيع تكميلي داخلي.,True,conversion_friction,"Cart activity exists, but too few cart users convert to buyers. Additional issues detected (conversion_friction | visibility): The product receives limited qualified visibility in the selected period.",Moderate Performance,High Abandonment + Low Visibility,conversion_friction|trust|visibility,3,Investigate checkout or value-friction and reduce drop-off after add-to-cart.,افحص تعثر ما بعد الاضافة للسلة وخفف اسباب الانسحاب قبل الشراء.,Bundle with حقيبه رياضيه جيم where relevant.,فعّل باقة او ربطا مع المنتج حقيبه رياضيه جيم عندما يكون ذلك مناسبا.,conversion+bundle,Investigate checkout or value-friction and reduce drop-off after add-to-cart.,افحص تعثر ما بعد الاضافة للسلة وخفف اسباب الانسحاب قبل الشراء.,Conversion 483.33% vs category avg 850.97%.,Rating trails peers (3.00 vs 3.90).,Cart abandonment is high at 100.00%.,47.98,Medium,Medium
36,عطر رجالي عودي,عطر رجالي عودي,الجمال والعنايه,unknown_subcategory,دوف,703.99,,False,19,2,0,31,19,2,0,2,19,18,2.0,0.0,29,29.0,2.0,18.0,False,23231.67,33,31,0.1052631578947368,0.0,0.0,1.0,0.1052631578947368,1.7222222222222223,1.0,Moderate,-0.337345705561595,-0.337345705561595,112.0,112.0,112.0,0.0,6.768778422340422,2.8,19.580645161290324,0.2544361943564307,False,False,False,High,False,False,True,False,True,متوسط,انسحاب مرتفع بعد الإضافة للسلة,انسحاب مرتفع بعد الإضافة للسلة,هناك اهتمام واضح بالمنتج لكن جزءًا من العملاء لا يكمل الشراء بعد الإضافة للسلة.,4.0,0,1190.0,56,10,56,8,23231.67,31,4.0,19,2,0,2024-01-01,2024-12-30,187|122|40|37|143,عطر رجالي عودي - اصدار خاص|طقم مكياج احترافي - اصدار خاص|مزيل عرق رول اون|غسول وجه للبشره الحساسه|عطر رجالي عودي - اصدار خاص,394.106,4.0600000000000005,3.9250461133069834,0.8536946616322942,187,عطر رجالي عودي - اصدار خاص,True,False,True,False,False,False,True,pricing,trust,4.0,السعر أعلى من المستوى المعتاد داخل المجموعة المنافسة | عدد المراجعات أقل من المنتجات المشابهة مما يضعف الثقة,5,34,طقم مكياج احترافي,,Substitute,1.2,شركاء مقترحون بناءً على الشراء المتكرر داخل نفس القسم.,منتجات من نفس القسم يميل العملاء لضمّها — فرصة بيع تكميلي داخلي.,True,conversion_friction,"Cart activity exists, but too few cart users convert to buyers. Additional issues detected (conversion_friction | pricing): The product appears overpriced relative to its closest peer group.",Moderate Performance,High Abandonment + High Price vs Peers,conversion_friction|pricing|trust,3,Investigate checkout or value-friction and reduce drop-off after add-to-cart.,افحص تعثر ما بعد الاضافة للسلة وخفف اسباب الانسحاب قبل الشراء.,Bundle with طقم مكياج احترافي where relevant.,فعّل باقة او ربطا مع المنتج طقم مكياج احترافي عندما يكون ذلك مناسبا.,conversion+bundle,Investigate checkout or value-friction and reduce drop-off after add-to-cart.,افحص تعثر ما بعد الاضافة للسلة وخفف اسباب الانسحاب قبل الشراء.,Conversion 172.22% vs category avg 676.88%.,Price is above peer average (703.99 vs 394.11).,Cart abandonment is high at 100.00%.,47.94,Medium,Medium
115,شاحن لاسلكي سريع - اصدار خاص,شاحن لاسلكي سريع - اصدار خاص,الالكترونيات,unknown_subcategory,ابل,131.51,,False,18,5,0,28,18,5,0,5,18,16,5.0,0.0,28,28.0,5.0,16.0,False,4339.83,33,28,0.2777777777777778,0.0,0.0,1.0,0.2777777777777778,1.75,1.0,Moderate,-0.2676194196593163,-0.2676194196593163,81.0,81.0,81.0,0.0,7.961233440029987,1.9,20.12121212121212,0.2198151848180711,False,False,False,High,False,False,True,False,False,متوسط,انسحاب مرتفع بعد الإضافة للسلة,انسحاب مرتفع بعد الإضافة للسلة,هناك اهتمام واضح بالمنتج لكن جزءًا من العملاء لا يكمل الشراء بعد الإضافة للسلة.,3.6,0,1170.0,86,16,86,2,4339.83,28,3.6,18,5,0,2024-01-01,2024-12-30,126|75|161|174|141,شاحن لاسلكي سريع - اصدار خاص|تابلت 10 انش - اصدار خاص|شاحن لاسلكي سريع - اصدار خاص|تابلت 10 انش - اصدار خاص|ساعه ذكيه سبورت - اصدار خاص,502.302,3.56,1.5209343434343434,0.9527460509739032,126,شاحن لاسلكي سريع - اصدار خاص,False,False,True,True,False,False,True,trust,content,3.9,الدعم البصري أضعف من المنافسين من حيث عدد الصور | عدد المراجعات أقل من المنتجات المشابهة مما يضعف الثقة,0,2,لابتوب الترا سليم,,Substitute,0.8,شركاء مقترحون بناءً على الشراء المتكرر داخل نفس القسم.,منتجات من نفس القسم يميل العملاء لضمّها — فرصة بيع تكميلي داخلي.,True,conversion_friction,"Cart activity exists, but too few cart users convert to buyers. Additional issues detected (conversion_friction | content): Product content richness or image coverage lags similar products.",Moderate Performance,High Abandonment + Weak Content,conversion_friction|trust|content,3,Investigate checkout or value-friction and reduce drop-off after add-to-cart.,افحص تعثر ما بعد الاضافة للسلة وخفف اسباب الانسحاب قبل الشراء.,Bundle with لابتوب الترا سليم where relevant.,فعّل باقة او ربطا مع المنتج لابتوب الترا سليم عندما يكون ذلك مناسبا.,conversion+bundle,Investigate checkout or value-friction and reduce drop-off after add-to-cart.,افحص تعثر ما بعد الاضافة للسلة وخفف اسباب الانسحاب قبل الشراء.,Conversion 175.00% vs category avg 796.12%.,Cart abandonment is high at 100.00%.,,47.93,Medium,Medium
22,غساله اوتوماتيك 8 كيلو,غساله اوتوماتيك 8 كيلو,المنزل والمطبخ,unknown_subcategory,فيليبس,2057.09,,False,10,5,0,25,10,5,0,5,10,10,5.0,0.0,24,24.0,5.0,10.0,False,55541.43000000001,27,25,0.5,0.0,0.0,1.0,0.5,2.5,1.0,Moderate,-0.3155437533253724,-0.3155437533253724,99.0,99.0,99.0,0.0,4.391284662352632,1.9285714285714288,21.80555555555556,0.5693094828110333,False,False,False,High,False,True,True,False,False,متوسط,انسحاب مرتفع بعد الإضافة للسلة,انسحاب مرتفع بعد الإضافة للسلة,هناك اهتمام واضح بالمنتج لكن جزءًا من العملاء لا يكمل الشراء بعد الإضافة للسلة.,4.3,0,1245.0,72,14,72,4,55541.43000000001,25,4.3,10,5,0,2024-01-01,2024-12-30,27|162|91|119|30,فرن كهربايي 60 لتر|ثلاجه نوفروست 350 لتر - اصدار خاص|فرن كهربايي 60 لتر - اصدار خاص|ماكينه قهوه اسبريسو - اصدار خاص|مكواه بخاريه احترافيه,1273.116,4.0,1.809069954435808,0.8717170265327483,27,فرن كهربايي 60 لتر,True,False,True,False,False,False,True,pricing,trust,5.0,السعر أعلى من المستوى المعتاد داخل المجموعة المنافسة | قوة العلامة التجارية أقل من منافسيه داخل المجموعة | عدد المراجعات أقل من المنتجات المشابهة مما يضعف الثقة,4,29,مجموعه سكاكين مطبخ,,Substitute,0.5,شركاء مقترحون بناءً على الشراء المتكرر داخل نفس القسم.,منتجات من نفس القسم يميل العملاء لضمّها — فرصة بيع تكميلي داخلي.,True,conversion_friction,"Cart activity exists, but too few cart users convert to buyers. Additional issues detected (conversion_friction | pricing | visibility): The product appears overpriced relative to its closest peer group. Also: The product receives limited qualified visibility in the selected period.",Moderate Performance,High Abandonment + High Price vs Peers + Low Visibility,conversion_friction|pricing|trust|visibility,4,Investigate checkout or value-friction and reduce drop-off after add-to-cart.,افحص تعثر ما بعد الاضافة للسلة وخفف اسباب الانسحاب قبل الشراء.,Bundle with مجموعه سكاكين مطبخ where relevant.,فعّل باقة او ربطا مع المنتج مجموعه سكاكين مطبخ عندما يكون ذلك مناسبا.,conversion+bundle,Investigate checkout or value-friction and reduce drop-off after add-to-cart.,افحص تعثر ما بعد الاضافة للسلة وخفف اسباب الانسحاب قبل الشراء.,Conversion 250.00% vs category avg 439.13%.,Price is above peer average (2057.09 vs 1273.12).,Cart abandonment is high at 100.00%.,47.93,Medium,Medium
136,فرن كهربايي 60 لتر - اصدار خاص,فرن كهربايي 60 لتر - اصدار خاص,المنزل والمطبخ,unknown_subcategory,توشيبا,1233.09,,False,25,6,0,25,25,6,0,6,25,25,6.0,0.0,25,25.0,6.0,25.0,False,33293.43,27,25,0.24,0.0,0.0,1.0,0.24,1.0,1.0,Moderate,-0.1775095188455123,-0.1775095188455123,59.0,59.0,59.0,0.0,4.391284662352632,1.9285714285714288,21.80555555555556,0.2277237931244133,False,False,False,High,False,False,True,True,False,متوسط,انسحاب مرتفع بعد الإضافة للسلة,انسحاب مرتفع بعد الإضافة للسلة,المنتج يُشاهَد لكنه لا يتحول إلى شراء بالمستوى المطلوب.,4.5,0,1118.0,85,16,85,2,33293.43,25,4.5,25,6,0,2024-01-01,2024-12-30,197|61|176|91|119,مكيف هواء انفيرتر 18000 - اصدار خاص|فرن كهربايي 60 لتر - اصدار خاص|فرن كهربايي 60 لتر - اصدار خاص|فرن كهربايي 60 لتر - اصدار خاص|ماكينه قهوه اسبريسو - اصدار خاص,1300.404,4.0600000000000005,0.9695937443713628,0.9248763213266488,197,مكيف هواء انفيرتر 18000 - اصدار خاص,False,False,True,True,False,False,True,trust,content,3.9,الدعم البصري أضعف من المنافسين من حيث عدد الصور | عدد المراجعات أقل من المنتجات المشابهة مما يضعف الثقة,4,119,ماكينه قهوه اسبريسو - اصدار خاص,,Substitute,0.5,شركاء مقترحون بناءً على الشراء المتكرر داخل نفس القسم.,منتجات من نفس القسم يميل العملاء لضمّها — فرصة بيع تكميلي داخلي.,True,conversion_friction,"Cart activity exists, but too few cart users convert to buyers. Additional issues detected (conversion_friction | content): Product content richness or image coverage lags similar products.",Moderate Performance,High Abandonment + Weak Content,conversion_friction|trust|content,3,Investigate checkout or value-friction and reduce drop-off after add-to-cart.,افحص تعثر ما بعد الاضافة للسلة وخفف اسباب الانسحاب قبل الشراء.,Bundle with ماكينه قهوه اسبريسو - اصدار خاص where relevant.,فعّل باقة او ربطا مع المنتج ماكينه قهوه اسبريسو - اصدار خاص عندما يكون ذلك مناسبا.,conversion+bundle,Investigate checkout or value-friction and reduce drop-off after add-to-cart.,افحص تعثر ما بعد الاضافة للسلة وخفف اسباب الانسحاب قبل الشراء.,Conversion 100.00% vs category avg 439.13%.,Cart abandonment is high at 100.00%.,,47.8,Medium,Medium
144,كتاب تطوير الذات والتحفيز - اصدار خاص,كتاب تطوير الذات والتحفيز - اصدار خاص,الكتب والتعليم,unknown_subcategory,دار قرطبه,91.59,,False,24,3,0,28,24,3,0,3,24,23,3.0,0.0,27,27.0,3.0,23.0,False,2839.29,31,28,0.125,0.0,0.0,1.0,0.125,1.2173913043478262,1.0,Moderate,-0.2816156160575042,-0.2816156160575042,86.0,86.0,86.0,0.0,3.3634956997365264,2.083333333333333,23.17142857142857,0.3619422805990768,False,False,False,High,False,False,True,True,True,متوسط,انسحاب مرتفع بعد الإضافة للسلة,انسحاب مرتفع بعد الإضافة للسلة,المنتج يُشاهَد لكنه لا يتحول إلى شراء بالمستوى المطلوب.,3.4,0,1174.0,77,13,77,5,2839.29,28,3.4,24,3,0,2024-01-01,2024-12-30,92|175|60|58|193,موسوعه التاريخ الاسلامي - اصدار خاص|مجموعه كتب الطفل التعليميه - اصدار خاص|اطلس العالم المصور|كتاب الطبخ العربي التقليدي|مجموعه كتب الطفل التعليميه - اصدار خاص,212.224,3.52,2.0429162445119893,0.9382594508995736,92,موسوعه التاريخ الاسلامي - اصدار خاص,False,True,True,False,False,False,True,trust,none,4.3,تقييم المنتج أقل من متوسط المنتجات المشابهة | عدد المراجعات أقل من المنتجات المشابهة مما يضعف الثقة,3,150,اطلس العالم المصور - اصدار خاص,,Substitute,0.6,شركاء مقترحون بناءً على الشراء المتكرر داخل نفس القسم.,منتجات من نفس القسم يميل العملاء لضمّها — فرصة بيع تكميلي داخلي.,True,conversion_friction,"Cart activity exists, but too few cart users convert to buyers.",Moderate Performance,High Abandonment,conversion_friction|trust,2,Investigate checkout or value-friction and reduce drop-off after add-to-cart.,افحص تعثر ما بعد الاضافة للسلة وخفف اسباب الانسحاب قبل الشراء.,Bundle with اطلس العالم المصور - اصدار خاص where relevant.,فعّل باقة او ربطا مع المنتج اطلس العالم المصور - اصدار خاص عندما يكون ذلك مناسبا.,conversion+bundle,Investigate checkout or value-friction and reduce drop-off after add-to-cart.,افحص تعثر ما بعد الاضافة للسلة وخفف اسباب الانسحاب قبل الشراء.,Conversion 121.74% vs category avg 336.35%.,Rating trails peers (3.40 vs 3.52).,Cart abandonment is high at 100.00%.,47.74,Medium,Medium
123,عداد خطوات ذكي - اصدار خاص,عداد خطوات ذكي - اصدار خاص,الرياضه واللياقه,unknown_subcategory,اندر ارمور,140.92,,False,14,2,1,28,14,2,1,2,14,14,2.0,1.0,28,28.0,2.0,14.0,False,4650.36,33,28,0.1428571428571428,0.5,0.0714285714285714,0.5,0.1428571428571428,2.0,0.5,Moderate,0.8606937423276529,0.8606937423276529,2.0,2.0,2.0,0.0714285714285714,8.50970943604373,2.117647058823529,17.666666666666668,0.2350256509968247,False,False,False,High,False,False,False,False,True,متوسط,يحتاج متابعة,أداء متوسط,أداء المنتج متوسط ويمكن تحسينه من خلال تدخلات مركزة.,4.2,0,1127.0,77,14,77,2,4650.36,28,4.2,14,2,1,2024-01-01,2024-12-30,157|146|148|114|173,جهاز قياس ضغط الدم - اصدار خاص|اوزان حديد طقم 20 كيلو - اصدار خاص|حذاء جري احترافي - اصدار خاص|حقيبه رياضيه جيم - اصدار خاص|حذاء جري احترافي - اصدار خاص,386.854,4.279999999999999,2.1904281949934123,0.9427316172667376,157,جهاز قياس ضغط الدم - اصدار خاص,False,False,True,True,False,False,True,trust,content,3.9,الدعم البصري أضعف من المنافسين من حيث عدد الصور | عدد المراجعات أقل من المنتجات المشابهة مما يضعف الثقة,1,42,لباس رياضي ضاغط,,Substitute,0.7,شركاء مقترحون بناءً على الشراء المتكرر داخل نفس القسم.,منتجات من نفس القسم يميل العملاء لضمّها — فرصة بيع تكميلي داخلي.,True,content,Product content richness or image coverage lags similar products.,Moderate Performance,Weak Content,trust|content,2,"Improve product content with stronger visuals, richer copy, and clearer value proposition.",حسن المحتوى عبر صور اقوى ووصف اغنى وتوضيح ادق للقيمة.,Bundle with لباس رياضي ضاغط where relevant.,فعّل باقة او ربطا مع المنتج لباس رياضي ضاغط عندما يكون ذلك مناسبا.,content+bundle,"Improve product content with stronger visuals, richer copy, and clearer value proposition.",حسن المحتوى عبر صور اقوى ووصف اغنى وتوضيح ادق للقيمة.,Conversion 200.00% vs category avg 850.97%.,,,47.73,Medium,Medium
24,مكنسه كهرباييه لاسلكيه,مكنسه كهرباييه لاسلكيه,المنزل والمطبخ,unknown_subcategory,هايسنس,362.63,,False,26,8,0,28,26,8,0,8,26,26,8.0,0.0,27,27.0,8.0,26.0,False,10516.27,29,28,0.3076923076923077,0.0,0.0,1.0,0.3076923076923077,1.0769230769230769,1.0,Moderate,-0.1092986369105508,-0.1092986369105508,46.0,46.0,46.0,0.0,4.391284662352632,1.9285714285714288,21.80555555555556,0.2452410079801374,False,False,False,High,False,False,True,True,False,متوسط,انسحاب مرتفع بعد الإضافة للسلة,انسحاب مرتفع بعد الإضافة للسلة,المنتج يُشاهَد لكنه لا يتحول إلى شراء بالمستوى المطلوب.,4.5,0,1106.0,77,12,77,2,10516.27,28,4.5,26,8,0,2024-01-01,2024-12-30,168|61|170|136|101,مجموعه سكاكين مطبخ - اصدار خاص|فرن كهربايي 60 لتر - اصدار خاص|فرن كهربايي 60 لتر - اصدار خاص|فرن كهربايي 60 لتر - اصدار خاص|مجموعه سكاكين مطبخ - اصدار خاص,774.8220000000001,4.14,1.955681818181818,0.9059710611373358,168,مجموعه سكاكين مطبخ - اصدار خاص,False,False,True,True,False,False,True,trust,content,3.9,الدعم البصري أضعف من المنافسين من حيث عدد الصور | عدد المراجعات أقل من المنتجات المشابهة مما يضعف الثقة,4,178,مكيف هواء انفيرتر 18000 - اصدار خاص,,Substitute,1.0,شركاء مقترحون بناءً على الشراء المتكرر داخل نفس القسم.,منتجات من نفس القسم يميل العملاء لضمّها — فرصة بيع تكميلي داخلي.,True,conversion_friction,"Cart activity exists, but too few cart users convert to buyers. Additional issues detected (conversion_friction | content): Product content richness or image coverage lags similar products.",Moderate Performance,High Abandonment + Weak Content,conversion_friction|trust|content,3,Investigate checkout or value-friction and reduce drop-off after add-to-cart.,افحص تعثر ما بعد الاضافة للسلة وخفف اسباب الانسحاب قبل الشراء.,Bundle with مكيف هواء انفيرتر 18000 - اصدار خاص where relevant.,فعّل باقة او ربطا مع المنتج مكيف هواء انفيرتر 18000 - اصدار خاص عندما يكون ذلك مناسبا.,conversion+bundle,Investigate checkout or value-friction and reduce drop-off after add-to-cart.,افحص تعثر ما بعد الاضافة للسلة وخفف اسباب الانسحاب قبل الشراء.,Conversion 107.69% vs category avg 439.13%.,Cart abandonment is high at 100.00%.,,47.63,Medium,Medium
145,قاموس عربي انجليزي شامل - اصدار خاص,قاموس عربي انجليزي شامل - اصدار خاص,الكتب والتعليم,unknown_subcategory,دار الفكر,165.87,,False,20,5,0,41,20,5,0,5,20,20,5.0,0.0,40,40.0,5.0,20.0,False,7464.150000000001,45,41,0.25,0.0,0.0,1.0,0.25,2.05,1.0,Moderate,-0.2189063835179016,-0.2189063835179016,68.0,68.0,68.0,0.0,3.3634956997365264,2.083333333333333,23.17142857142857,0.6094849475088026,False,False,False,High,False,False,True,False,False,متوسط,انسحاب مرتفع بعد الإضافة للسلة,انسحاب مرتفع بعد الإضافة للسلة,هناك اهتمام واضح بالمنتج لكن جزءًا من العملاء لا يكمل الشراء بعد الإضافة للسلة.,4.9,0,1111.0,83,15,83,6,7464.150000000001,41,4.9,20,5,0,2024-01-01,2024-12-30,74|120|99|163|92,كتاب الطبخ العربي التقليدي - اصدار خاص|روايه عربيه بيست سيلر - اصدار خاص|مجموعه كتب الطفل التعليميه - اصدار خاص|دوره برمجه اكاديميه USB - اصدار خاص|موسوعه التاريخ الاسلامي - اصدار خاص,190.868,4.08,1.9942396313364048,0.9453503654941406,74,كتاب الطبخ العربي التقليدي - اصدار خاص,True,False,True,False,False,False,True,pricing,trust,5.0,السعر أعلى من المستوى المعتاد داخل المجموعة المنافسة | قوة العلامة التجارية أقل من منافسيه داخل المجموعة | عدد المراجعات أقل من المنتجات المشابهة مما يضعف الثقة,3,172,كتاب رياده الاعمال والنجاح - اصدار خاص,,Substitute,0.7,شركاء مقترحون بناءً على الشراء المتكرر داخل نفس القسم.,منتجات من نفس القسم يميل العملاء لضمّها — فرصة بيع تكميلي داخلي.,True,conversion_friction,"Cart activity exists, but too few cart users convert to buyers. Additional issues detected (conversion_friction | pricing): The product appears overpriced relative to its closest peer group.",Moderate Performance,High Abandonment + High Price vs Peers,conversion_friction|pricing|trust,3,Investigate checkout or value-friction and reduce drop-off after add-to-cart.,افحص تعثر ما بعد الاضافة للسلة وخفف اسباب الانسحاب قبل الشراء.,Bundle with كتاب رياده الاعمال والنجاح - اصدار خاص where relevant.,فعّل باقة او ربطا مع المنتج كتاب رياده الاعمال والنجاح - اصدار خاص عندما يكون ذلك مناسبا.,conversion+bundle,Investigate checkout or value-friction and reduce drop-off after add-to-cart.,افحص تعثر ما بعد الاضافة للسلة وخفف اسباب الانسحاب قبل الشراء.,Conversion 205.00% vs category avg 336.35%.,Price is above peer average (165.87 vs 190.87).,Cart abandonment is high at 100.00%.,47.45,Medium,Medium
99,مجموعه كتب الطفل التعليميه - اصدار خاص,مجموعه كتب الطفل التعليميه - اصدار خاص,الكتب والتعليم,unknown_subcategory,الوراق,185.24,,False,12,5,0,25,12,5,0,5,12,12,5.0,0.0,25,25.0,5.0,12.0,False,5186.72,28,25,0.4166666666666667,0.0,0.0,1.0,0.4166666666666667,2.083333333333333,1.0,Moderate,-0.3237871427490743,-0.3237871427490743,104.0,104.0,104.0,0.0,3.3634956997365264,2.083333333333333,23.17142857142857,0.6193952718585393,False,False,False,High,False,False,True,False,False,متوسط,انسحاب مرتفع بعد الإضافة للسلة,انسحاب مرتفع بعد الإضافة للسلة,هناك اهتمام واضح بالمنتج لكن جزءًا من العملاء لا يكمل الشراء بعد الإضافة للسلة.,4.2,0,1170.0,78,13,78,4,5186.72,25,4.2,12,5,0,2024-01-01,2024-12-30,59|92|120|193|175,كتاب تطوير الذات والتحفيز|موسوعه التاريخ الاسلامي - اصدار خاص|روايه عربيه بيست سيلر - اصدار خاص|مجموعه كتب الطفل التعليميه - اصدار خاص|مجموعه كتب الطفل التعليميه - اصدار خاص,143.352,3.96,1.7880749746707192,0.9594973620415383,59,كتاب تطوير الذات والتحفيز,True,False,True,False,False,False,True,pricing,trust,5.0,السعر أعلى من المستوى المعتاد داخل المجموعة المنافسة | قوة العلامة التجارية أقل من منافسيه داخل المجموعة | عدد المراجعات أقل من المنتجات المشابهة مما يضعف الثقة,3,53,كتاب رياده الاعمال والنجاح,,Substitute,0.8,شركاء مقترحون بناءً على الشراء المتكرر داخل نفس القسم.,منتجات من نفس القسم يميل العملاء لضمّها — فرصة بيع تكميلي داخلي.,True,conversion_friction,"Cart activity exists, but too few cart users convert to buyers. Additional issues detected (conversion_friction | pricing): The product appears overpriced relative to its closest peer group.",Moderate Performance,High Abandonment + High Price vs Peers,conversion_friction|pricing|trust,3,Investigate checkout or value-friction and reduce drop-off after add-to-cart.,افحص تعثر ما بعد الاضافة للسلة وخفف اسباب الانسحاب قبل الشراء.,Bundle with كتاب رياده الاعمال والنجاح where relevant.,فعّل باقة او ربطا مع المنتج كتاب رياده الاعمال والنجاح عندما يكون ذلك مناسبا.,conversion+bundle,Investigate checkout or value-friction and reduce drop-off after add-to-cart.,افحص تعثر ما بعد الاضافة للسلة وخفف اسباب الانسحاب قبل الشراء.,Conversion 208.33% vs category avg 336.35%.,Price is above peer average (185.24 vs 143.35).,Cart abandonment is high at 100.00%.,47.34,Medium,Medium
194,ساعه ذكيه سبورت - اصدار خاص,ساعه ذكيه سبورت - اصدار خاص,الالكترونيات,unknown_subcategory,ال جي,582.97,,False,20,5,0,38,20,5,0,5,20,20,5.0,0.0,38,38.0,5.0,20.0,False,23318.800000000003,40,38,0.25,0.0,0.0,1.0,0.25,1.9,1.0,Moderate,-0.2205635867075224,-0.2205635867075224,69.0,69.0,69.0,0.0,7.961233440029987,1.9,20.12121212121212,0.2386564863739058,False,False,False,High,False,False,True,False,False,متوسط,انسحاب مرتفع بعد الإضافة للسلة,انسحاب مرتفع بعد الإضافة للسلة,هناك اهتمام واضح بالمنتج لكن جزءًا من العملاء لا يكمل الشراء بعد الإضافة للسلة.,4.0,0,1119.0,80,14,80,6,23318.800000000003,38,4.0,20,5,0,2024-01-01,2024-12-30,90|7|185|102|81,شاشه 4K 27 انش - اصدار خاص|كاميرا ميرورليس|سماعات لاسلكيه - اصدار خاص|تابلت 10 انش - اصدار خاص|شاشه 4K 27 انش - اصدار خاص,1620.852,4.04,1.5885714285714283,0.8049877684605188,90,شاشه 4K 27 انش - اصدار خاص,False,False,True,False,False,False,True,trust,none,3.8,قوة العلامة التجارية أقل من منافسيه داخل المجموعة | عدد المراجعات أقل من المنتجات المشابهة مما يضعف الثقة,0,1,هاتف ذكي برو ماكس,,Substitute,0.9,شركاء مقترحون بناءً على الشراء المتكرر داخل نفس القسم.,منتجات من نفس القسم يميل العملاء لضمّها — فرصة بيع تكميلي داخلي.,True,conversion_friction,"Cart activity exists, but too few cart users convert to buyers.",Moderate Performance,High Abandonment,conversion_friction|trust,2,Investigate checkout or value-friction and reduce drop-off after add-to-cart.,افحص تعثر ما بعد الاضافة للسلة وخفف اسباب الانسحاب قبل الشراء.,Bundle with هاتف ذكي برو ماكس where relevant.,فعّل باقة او ربطا مع المنتج هاتف ذكي برو ماكس عندما يكون ذلك مناسبا.,conversion+bundle,Investigate checkout or value-friction and reduce drop-off after add-to-cart.,افحص تعثر ما بعد الاضافة للسلة وخفف اسباب الانسحاب قبل الشراء.,Conversion 190.00% vs category avg 796.12%.,Cart abandonment is high at 100.00%.,,47.31,Medium,Medium
71,حصيره يوغا مضاده للانزلاق - اصدار خاص,حصيره يوغا مضاده للانزلاق - اصدار خاص,الرياضه واللياقه,unknown_subcategory,اديداس,241.15,,False,11,3,0,24,11,3,0,3,11,11,3.0,0.0,24,24.0,3.0,11.0,False,6511.05,27,24,0.2727272727272727,0.0,0.0,1.0,0.2727272727272727,2.1818181818181817,1.0,Moderate,-0.3939327661211292,-0.3939327661211292,141.0,141.0,141.0,0.0,8.50970943604373,2.117647058823529,17.666666666666668,0.2563916192692633,False,False,False,High,False,True,True,False,True,متوسط,انسحاب مرتفع بعد الإضافة للسلة,انسحاب مرتفع بعد الإضافة للسلة,هناك اهتمام واضح بالمنتج لكن جزءًا من العملاء لا يكمل الشراء بعد الإضافة للسلة.,3.9,0,1247.0,88,15,88,5,6511.05,24,3.9,11,3,0,2024-01-01,2024-12-30,139|165|98|86|49,حقيبه رياضيه جيم - اصدار خاص|حذاء جري احترافي - اصدار خاص|اوزان حديد طقم 20 كيلو - اصدار خاص|لباس رياضي ضاغط - اصدار خاص|جهاز قياس ضغط الدم,450.532,4.14,1.6991978609625669,0.9787264936604676,139,حقيبه رياضيه جيم - اصدار خاص,False,False,True,False,False,False,True,trust,none,3.8,قوة العلامة التجارية أقل من منافسيه داخل المجموعة | عدد المراجعات أقل من المنتجات المشابهة مما يضعف الثقة,1,47,اوزان حديد طقم 20 كيلو,,Substitute,0.6,شركاء مقترحون بناءً على الشراء المتكرر داخل نفس القسم.,منتجات من نفس القسم يميل العملاء لضمّها — فرصة بيع تكميلي داخلي.,True,conversion_friction,"Cart activity exists, but too few cart users convert to buyers. Additional issues detected (conversion_friction | visibility): The product receives limited qualified visibility in the selected period.",Moderate Performance,High Abandonment + Low Visibility,conversion_friction|trust|visibility,3,Investigate checkout or value-friction and reduce drop-off after add-to-cart.,افحص تعثر ما بعد الاضافة للسلة وخفف اسباب الانسحاب قبل الشراء.,Bundle with اوزان حديد طقم 20 كيلو where relevant.,فعّل باقة او ربطا مع المنتج اوزان حديد طقم 20 كيلو عندما يكون ذلك مناسبا.,conversion+bundle,Investigate checkout or value-friction and reduce drop-off after add-to-cart.,افحص تعثر ما بعد الاضافة للسلة وخفف اسباب الانسحاب قبل الشراء.,Conversion 218.18% vs category avg 850.97%.,Cart abandonment is high at 100.00%.,,47.06,Medium,Medium
128,مكواه بخاريه احترافيه - اصدار خاص,مكواه بخاريه احترافيه - اصدار خاص,المنزل والمطبخ,unknown_subcategory,بوش,664.23,,False,12,4,0,22,12,4,0,4,12,12,4.0,0.0,22,22.0,4.0,12.0,False,15941.52,24,22,0.3333333333333333,0.0,0.0,1.0,0.3333333333333333,1.8333333333333333,1.0,Moderate,-0.359733685602258,-0.359733685602258,118.0,118.0,118.0,0.0,4.391284662352632,1.9285714285714288,21.80555555555556,0.4174936207280911,False,False,False,High,False,False,True,False,False,متوسط,انسحاب مرتفع بعد الإضافة للسلة,انسحاب مرتفع بعد الإضافة للسلة,هناك اهتمام واضح بالمنتج لكن جزءًا من العملاء لا يكمل الشراء بعد الإضافة للسلة.,3.3,0,1145.0,77,12,77,6,15941.52,22,3.3,12,4,0,2024-01-01,2024-12-30,195|101|80|153|27,فرن كهربايي 60 لتر - اصدار خاص|مجموعه سكاكين مطبخ - اصدار خاص|ماكينه قهوه اسبريسو - اصدار خاص|فرن كهربايي 60 لتر - اصدار خاص|فرن كهربايي 60 لتر,668.342,3.7,2.464253393665158,0.9148926785413692,195,فرن كهربايي 60 لتر - اصدار خاص,False,True,True,False,False,False,True,trust,none,4.3,تقييم المنتج أقل من متوسط المنتجات المشابهة | عدد المراجعات أقل من المنتجات المشابهة مما يضعف الثقة,4,168,مجموعه سكاكين مطبخ - اصدار خاص,,Substitute,0.7,شركاء مقترحون بناءً على الشراء المتكرر داخل نفس القسم.,منتجات من نفس القسم يميل العملاء لضمّها — فرصة بيع تكميلي داخلي.,True,conversion_friction,"Cart activity exists, but too few cart users convert to buyers.",Moderate Performance,High Abandonment,conversion_friction|trust,2,Investigate checkout or value-friction and reduce drop-off after add-to-cart.,افحص تعثر ما بعد الاضافة للسلة وخفف اسباب الانسحاب قبل الشراء.,Bundle with مجموعه سكاكين مطبخ - اصدار خاص where relevant.,فعّل باقة او ربطا مع المنتج مجموعه سكاكين مطبخ - اصدار خاص عندما يكون ذلك مناسبا.,conversion+bundle,Investigate checkout or value-friction and reduce drop-off after add-to-cart.,افحص تعثر ما بعد الاضافة للسلة وخفف اسباب الانسحاب قبل الشراء.,Conversion 183.33% vs category avg 439.13%.,Rating trails peers (3.30 vs 3.70).,Cart abandonment is high at 100.00%.,47.05,Medium,Medium
18,جاكيت شتوي دافي,جاكيت شتوي دافي,الازياء والملابس,unknown_subcategory,نايكي,685.51,,False,48,18,1,35,48,18,1,18,35,47,18.0,1.0,35,35.0,18.0,35.0,False,30162.44,44,35,0.375,0.0555555555555555,0.0208333333333333,0.9444444444444444,0.375,0.7446808510638298,0.9444444444444444,Moderate,0.5584871046705211,0.5584871046705211,7.0,7.0,7.0,0.0208333333333333,2.284453274168197,2.3080357142857144,18.59375,0.3259777118159612,False,False,False,High,False,False,False,True,False,متوسط,تحويل أقل من المتوقع,تحويل أقل من المتوقع,المنتج يُشاهَد لكنه لا يتحول إلى شراء بالمستوى المطلوب.,3.8,0,1168.0,66,11,66,8,30162.44,35,3.8,48,18,1,2024-01-01,2024-12-30,15|16|66|73|12,حذاء رياضي مريح|حقيبه يد جلديه|قميص قطني كلاسيكي - اصدار خاص|فستان سهره انيق - اصدار خاص|فستان سهره انيق,404.17,3.76,3.1566666666666667,0.9621226938686585,15,حذاء رياضي مريح,True,False,True,False,False,False,True,pricing,trust,4.0,السعر أعلى من المستوى المعتاد داخل المجموعة المنافسة | عدد المراجعات أقل من المنتجات المشابهة مما يضعف الثقة,6,158,فستان سهره انيق - اصدار خاص,,Substitute,1.0,شركاء مقترحون بناءً على الشراء المتكرر داخل نفس القسم.,منتجات من نفس القسم يميل العملاء لضمّها — فرصة بيع تكميلي داخلي.,True,pricing,The product appears overpriced relative to its closest peer group.,Moderate Performance,High Price vs Peers,pricing|trust,2,Test a sharper price point or targeted promotion against peer price levels.,اختبر سعرا اكثر تنافسية او عرضا ترويجيا موجها مقارنة بالبدائل القريبة.,Bundle with فستان سهره انيق - اصدار خاص where relevant.,فعّل باقة او ربطا مع المنتج فستان سهره انيق - اصدار خاص عندما يكون ذلك مناسبا.,pricing+bundle,Test a sharper price point or targeted promotion against peer price levels.,اختبر سعرا اكثر تنافسية او عرضا ترويجيا موجها مقارنة بالبدائل القريبة.,Conversion 74.47% vs category avg 228.45%.,Price is above peer average (685.51 vs 404.17).,,47.03,Medium,Medium
187,عطر رجالي عودي - اصدار خاص,عطر رجالي عودي - اصدار خاص,الجمال والعنايه,unknown_subcategory,افينو,521.01,,False,10,2,0,22,10,2,0,2,10,10,2.0,0.0,22,22.0,2.0,10.0,False,12504.24,24,22,0.2,0.0,0.0,1.0,0.2,2.2,1.0,Moderate,-0.434849587999735,-0.434849587999735,161.0,161.0,161.0,0.0,6.768778422340422,2.8,19.580645161290324,0.3250217192424083,False,False,False,High,False,True,True,False,True,متوسط,انسحاب مرتفع بعد الإضافة للسلة,انسحاب مرتفع بعد الإضافة للسلة,هناك اهتمام واضح بالمنتج لكن جزءًا من العملاء لا يكمل الشراء بعد الإضافة للسلة.,4.5,0,1224.0,77,14,77,5,12504.24,22,4.5,10,2,0,2024-01-01,2024-12-30,143|116|179|149|160,عطر رجالي عودي - اصدار خاص|قناع وجه كولاجين - اصدار خاص|مجموعه عنايه بالشعر - اصدار خاص|طقم مكياج احترافي - اصدار خاص|زيت ارغان طبيعي - اصدار خاص,367.72,4.36,2.95231884057971,0.978183467753417,143,عطر رجالي عودي - اصدار خاص,True,False,True,False,False,False,True,pricing,trust,4.0,السعر أعلى من المستوى المعتاد داخل المجموعة المنافسة | عدد المراجعات أقل من المنتجات المشابهة مما يضعف الثقة,5,39,قناع وجه كولاجين,,Substitute,0.6,شركاء مقترحون بناءً على الشراء المتكرر داخل نفس القسم.,منتجات من نفس القسم يميل العملاء لضمّها — فرصة بيع تكميلي داخلي.,True,conversion_friction,"Cart activity exists, but too few cart users convert to buyers. Additional issues detected (conversion_friction | pricing | visibility): The product appears overpriced relative to its closest peer group. Also: The product receives limited qualified visibility in the selected period.",Moderate Performance,High Abandonment + High Price vs Peers + Low Visibility,conversion_friction|pricing|trust|visibility,4,Investigate checkout or value-friction and reduce drop-off after add-to-cart.,افحص تعثر ما بعد الاضافة للسلة وخفف اسباب الانسحاب قبل الشراء.,Bundle with قناع وجه كولاجين where relevant.,فعّل باقة او ربطا مع المنتج قناع وجه كولاجين عندما يكون ذلك مناسبا.,conversion+bundle,Investigate checkout or value-friction and reduce drop-off after add-to-cart.,افحص تعثر ما بعد الاضافة للسلة وخفف اسباب الانسحاب قبل الشراء.,Conversion 220.00% vs category avg 676.88%.,Price is above peer average (521.01 vs 367.72).,Cart abandonment is high at 100.00%.,47.0,Medium,Medium
109,قناع وجه كولاجين - اصدار خاص,قناع وجه كولاجين - اصدار خاص,الجمال والعنايه,unknown_subcategory,لوريال,44.98,,False,7,3,1,31,7,3,1,3,7,7,3.0,1.0,29,29.0,3.0,7.0,False,1439.36,32,31,0.4285714285714285,0.3333333333333333,0.1428571428571428,0.6666666666666667,0.4285714285714285,4.428571428571429,0.6666666666666667,Moderate,0.452880236110886,0.452880236110886,13.0,13.0,13.0,0.1428571428571428,6.768778422340422,2.8,19.580645161290324,0.6542644997736791,True,False,False,High,False,True,False,False,True,متوسط,ظهور أقل من المطلوب,مشاهدات أقل من المطلوب,المنتج لا يحصل على عدد كافٍ من الزيارات خلال الفترة المختارة.,2.8,0,1150.0,70,13,70,4,1439.36,31,2.8,7,3,1,2024-01-01,2024-12-30,181|64|78|182|34,عطر رجالي عودي - اصدار خاص|عطر رجالي عودي - اصدار خاص|عطر رجالي عودي - اصدار خاص|سيروم فيتامين سي - اصدار خاص|طقم مكياج احترافي,405.808,3.3600000000000003,3.645994455994456,0.9523228389489043,181,عطر رجالي عودي - اصدار خاص,False,True,True,False,False,False,True,trust,none,5.3,قوة العلامة التجارية أقل من منافسيه داخل المجموعة | تقييم المنتج أقل من متوسط المنتجات المشابهة | عدد المراجعات أقل من المنتجات المشابهة مما يضعف الثقة,5,32,سيروم فيتامين سي,,Substitute,0.5,شركاء مقترحون بناءً على الشراء المتكرر داخل نفس القسم.,منتجات من نفس القسم يميل العملاء لضمّها — فرصة بيع تكميلي داخلي.,True,visibility,The product receives limited qualified visibility in the selected period.,Moderate Performance,Low Visibility,trust|visibility,2,"Increase visibility through merchandising, search placement, and demand generation.",ارفع الظهور عبر الترويج والتموضع في البحث وتنشيط الطلب.,Bundle with سيروم فيتامين سي where relevant.,فعّل باقة او ربطا مع المنتج سيروم فيتامين سي عندما يكون ذلك مناسبا.,visibility+bundle,"Increase visibility through merchandising, search placement, and demand generation.",ارفع الظهور عبر الترويج والتموضع في البحث وتنشيط الطلب.,Conversion 442.86% vs category avg 676.88%.,Rating trails peers (2.80 vs 3.36).,,46.87,Medium,Medium
174,تابلت 10 انش - اصدار خاص,تابلت 10 انش - اصدار خاص,الالكترونيات,unknown_subcategory,سامسونج,886.97,,False,11,3,0,27,11,3,0,3,11,11,3.0,0.0,25,25.0,3.0,11.0,False,25722.13,29,27,0.2727272727272727,0.0,0.0,1.0,0.2727272727272727,2.4545454545454546,1.0,Moderate,-0.376215027146092,-0.376215027146092,129.0,129.0,129.0,0.0,7.961233440029987,1.9,20.12121212121212,0.3083122072772946,False,False,False,High,False,True,True,False,True,متوسط,انسحاب مرتفع بعد الإضافة للسلة,انسحاب مرتفع بعد الإضافة للسلة,هناك اهتمام واضح بالمنتج لكن جزءًا من العملاء لا يكمل الشراء بعد الإضافة للسلة.,4.6,0,1137.0,85,15,85,2,25722.13,27,4.6,11,3,0,2024-01-01,2024-12-30,126|97|5|75|115,شاحن لاسلكي سريع - اصدار خاص|هاتف ذكي برو ماكس - اصدار خاص|تابلت 10 انش|تابلت 10 انش - اصدار خاص|شاحن لاسلكي سريع - اصدار خاص,807.5880000000001,4.0,1.5997222222222225,0.9319515518848036,126,شاحن لاسلكي سريع - اصدار خاص,False,False,True,True,False,False,True,trust,content,3.9,الدعم البصري أضعف من المنافسين من حيث عدد الصور | عدد المراجعات أقل من المنتجات المشابهة مما يضعف الثقة,0,3,سماعات لاسلكيه,,Substitute,0.7,شركاء مقترحون بناءً على الشراء المتكرر داخل نفس القسم.,منتجات من نفس القسم يميل العملاء لضمّها — فرصة بيع تكميلي داخلي.,True,conversion_friction,"Cart activity exists, but too few cart users convert to buyers. Additional issues detected (conversion_friction | content | visibility): Product content richness or image coverage lags similar products. Also: The product receives limited qualified visibility in the selected period.",Moderate Performance,High Abandonment + Weak Content + Low Visibility,conversion_friction|trust|content|visibility,4,Investigate checkout or value-friction and reduce drop-off after add-to-cart.,افحص تعثر ما بعد الاضافة للسلة وخفف اسباب الانسحاب قبل الشراء.,Bundle with سماعات لاسلكيه where relevant.,فعّل باقة او ربطا مع المنتج سماعات لاسلكيه عندما يكون ذلك مناسبا.,conversion+bundle,Investigate checkout or value-friction and reduce drop-off after add-to-cart.,افحص تعثر ما بعد الاضافة للسلة وخفف اسباب الانسحاب قبل الشراء.,Conversion 245.45% vs category avg 796.12%.,Cart abandonment is high at 100.00%.,,46.82,Medium,Medium
195,فرن كهربايي 60 لتر - اصدار خاص,فرن كهربايي 60 لتر - اصدار خاص,المنزل والمطبخ,unknown_subcategory,بوش,411.6,,False,19,8,0,34,19,8,0,8,19,17,7.0,0.0,34,34.0,7.0,17.0,False,14406.0,35,34,0.4210526315789473,0.0,0.0,1.0,0.4210526315789473,2.0,1.0,Moderate,-0.1474267245749885,-0.1474267245749885,51.0,51.0,51.0,0.0,4.391284662352632,1.9285714285714288,21.80555555555556,0.4554475862488266,False,False,False,High,False,False,True,False,False,متوسط,انسحاب مرتفع بعد الإضافة للسلة,انسحاب مرتفع بعد الإضافة للسلة,هناك اهتمام واضح بالمنتج لكن جزءًا من العملاء لا يكمل الشراء بعد الإضافة للسلة.,3.1,0,1150.0,80,17,80,6,14406.0,34,3.1,19,8,0,2024-01-01,2024-12-30,153|128|80|170|101,فرن كهربايي 60 لتر - اصدار خاص|مكواه بخاريه احترافيه - اصدار خاص|ماكينه قهوه اسبريسو - اصدار خاص|فرن كهربايي 60 لتر - اصدار خاص|مجموعه سكاكين مطبخ - اصدار خاص,655.314,3.64,2.507843137254902,0.9280494885679618,153,فرن كهربايي 60 لتر - اصدار خاص,False,True,True,False,False,False,True,trust,none,4.3,تقييم المنتج أقل من متوسط المنتجات المشابهة | عدد المراجعات أقل من المنتجات المشابهة مما يضعف الثقة,4,168,مجموعه سكاكين مطبخ - اصدار خاص,,Substitute,0.6,شركاء مقترحون بناءً على الشراء المتكرر داخل نفس القسم.,منتجات من نفس القسم يميل العملاء لضمّها — فرصة بيع تكميلي داخلي.,True,conversion_friction,"Cart activity exists, but too few cart users convert to buyers.",Moderate Performance,High Abandonment,conversion_friction|trust,2,Investigate checkout or value-friction and reduce drop-off after add-to-cart.,افحص تعثر ما بعد الاضافة للسلة وخفف اسباب الانسحاب قبل الشراء.,Bundle with مجموعه سكاكين مطبخ - اصدار خاص where relevant.,فعّل باقة او ربطا مع المنتج مجموعه سكاكين مطبخ - اصدار خاص عندما يكون ذلك مناسبا.,conversion+bundle,Investigate checkout or value-friction and reduce drop-off after add-to-cart.,افحص تعثر ما بعد الاضافة للسلة وخفف اسباب الانسحاب قبل الشراء.,Conversion 200.00% vs category avg 439.13%.,Rating trails peers (3.10 vs 3.64).,Cart abandonment is high at 100.00%.,46.57,Medium,Medium
82,مجموعه سكاكين مطبخ - اصدار خاص,مجموعه سكاكين مطبخ - اصدار خاص,المنزل والمطبخ,unknown_subcategory,ديلونجي,482.06,,False,12,2,0,36,12,2,0,2,12,12,2.0,0.0,34,34.0,2.0,12.0,False,17836.22,37,36,0.1666666666666666,0.0,0.0,1.0,0.1666666666666666,3.0,1.0,Moderate,-0.3748901310658166,-0.3748901310658166,126.0,126.0,126.0,0.0,4.391284662352632,1.9285714285714288,21.80555555555556,0.68317137937324,False,False,False,High,False,False,True,False,True,متوسط,انسحاب مرتفع بعد الإضافة للسلة,انسحاب مرتفع بعد الإضافة للسلة,هناك اهتمام واضح بالمنتج لكن جزءًا من العملاء لا يكمل الشراء بعد الإضافة للسلة.,2.9,0,1099.0,80,16,80,6,17836.22,36,2.9,12,2,0,2024-01-01,2024-12-30,135|65|111|85|176,طقم اواني طهي غرانيت - اصدار خاص|مكنسه كهرباييه لاسلكيه - اصدار خاص|مكواه بخاريه احترافيه - اصدار خاص|ماكينه قهوه اسبريسو - اصدار خاص|فرن كهربايي 60 لتر - اصدار خاص,860.278,3.22,1.6680812324929974,0.9673587669921192,135,طقم اواني طهي غرانيت - اصدار خاص,False,True,True,False,False,False,True,trust,none,5.3,قوة العلامة التجارية أقل من منافسيه داخل المجموعة | تقييم المنتج أقل من متوسط المنتجات المشابهة | عدد المراجعات أقل من المنتجات المشابهة مما يضعف الثقة,4,176,فرن كهربايي 60 لتر - اصدار خاص,,Substitute,0.5,شركاء مقترحون بناءً على الشراء المتكرر داخل نفس القسم.,منتجات من نفس القسم يميل العملاء لضمّها — فرصة بيع تكميلي داخلي.,True,conversion_friction,"Cart activity exists, but too few cart users convert to buyers.",Moderate Performance,High Abandonment,conversion_friction|trust,2,Investigate checkout or value-friction and reduce drop-off after add-to-cart.,افحص تعثر ما بعد الاضافة للسلة وخفف اسباب الانسحاب قبل الشراء.,Bundle with فرن كهربايي 60 لتر - اصدار خاص where relevant.,فعّل باقة او ربطا مع المنتج فرن كهربايي 60 لتر - اصدار خاص عندما يكون ذلك مناسبا.,conversion+bundle,Investigate checkout or value-friction and reduce drop-off after add-to-cart.,افحص تعثر ما بعد الاضافة للسلة وخفف اسباب الانسحاب قبل الشراء.,Conversion 300.00% vs category avg 439.13%.,Rating trails peers (2.90 vs 3.22).,Cart abandonment is high at 100.00%.,46.51,Medium,Medium
140,مزيل عرق رول اون - اصدار خاص,مزيل عرق رول اون - اصدار خاص,الجمال والعنايه,unknown_subcategory,لوريال,61.32,,False,9,3,0,19,9,3,0,3,9,9,3.0,0.0,18,18.0,3.0,9.0,False,1410.36,23,19,0.3333333333333333,0.0,0.0,1.0,0.3333333333333333,2.111111111111111,1.0,Moderate,-0.4251102106330111,-0.4251102106330111,157.0,157.0,157.0,0.0,6.768778422340422,2.8,19.580645161290324,0.3118895285659473,True,False,False,High,False,True,True,False,True,متوسط,انسحاب مرتفع بعد الإضافة للسلة,انسحاب مرتفع بعد الإضافة للسلة,هناك اهتمام واضح بالمنتج لكن جزءًا من العملاء لا يكمل الشراء بعد الإضافة للسلة.,4.2,0,1246.0,70,14,70,6,1410.36,19,4.2,9,3,0,2024-01-01,2024-12-30,116|187|179|64|182,قناع وجه كولاجين - اصدار خاص|عطر رجالي عودي - اصدار خاص|مجموعه عنايه بالشعر - اصدار خاص|عطر رجالي عودي - اصدار خاص|سيروم فيتامين سي - اصدار خاص,314.872,4.04,2.3874358974358976,0.8655119416674792,116,قناع وجه كولاجين - اصدار خاص,False,False,True,False,False,False,True,trust,none,3.8,قوة العلامة التجارية أقل من منافسيه داخل المجموعة | عدد المراجعات أقل من المنتجات المشابهة مما يضعف الثقة,5,39,قناع وجه كولاجين,,Substitute,0.5,شركاء مقترحون بناءً على الشراء المتكرر داخل نفس القسم.,منتجات من نفس القسم يميل العملاء لضمّها — فرصة بيع تكميلي داخلي.,True,conversion_friction,"Cart activity exists, but too few cart users convert to buyers. Additional issues detected (conversion_friction | visibility): The product receives limited qualified visibility in the selected period.",Moderate Performance,High Abandonment + Low Visibility,conversion_friction|trust|visibility,3,Investigate checkout or value-friction and reduce drop-off after add-to-cart.,افحص تعثر ما بعد الاضافة للسلة وخفف اسباب الانسحاب قبل الشراء.,Bundle with قناع وجه كولاجين where relevant.,فعّل باقة او ربطا مع المنتج قناع وجه كولاجين عندما يكون ذلك مناسبا.,conversion+bundle,Investigate checkout or value-friction and reduce drop-off after add-to-cart.,افحص تعثر ما بعد الاضافة للسلة وخفف اسباب الانسحاب قبل الشراء.,Conversion 211.11% vs category avg 676.88%.,Cart abandonment is high at 100.00%.,,46.35,Medium,Medium
159,حصيره يوغا مضاده للانزلاق - اصدار خاص,حصيره يوغا مضاده للانزلاق - اصدار خاص,الرياضه واللياقه,unknown_subcategory,نيو بالانس,132.33,,False,10,4,0,27,10,4,0,4,10,10,4.0,0.0,26,26.0,4.0,10.0,False,3969.900000000001,30,27,0.4,0.0,0.0,1.0,0.4,2.7,1.0,Moderate,-0.3595910162719612,-0.3595910162719612,117.0,117.0,117.0,0.0,8.50970943604373,2.117647058823529,17.666666666666668,0.3172846288457134,False,False,False,High,False,True,True,False,False,متوسط,انسحاب مرتفع بعد الإضافة للسلة,انسحاب مرتفع بعد الإضافة للسلة,هناك اهتمام واضح بالمنتج لكن جزءًا من العملاء لا يكمل الشراء بعد الإضافة للسلة.,3.8,0,1200.0,91,16,91,3,3969.900000000001,27,3.8,10,4,0,2024-01-01,2024-12-30,139|71|86|110|165,حقيبه رياضيه جيم - اصدار خاص|حصيره يوغا مضاده للانزلاق - اصدار خاص|لباس رياضي ضاغط - اصدار خاص|جهاز قياس ضغط الدم - اصدار خاص|حذاء جري احترافي - اصدار خاص,405.034,4.0,1.708288770053476,0.948972972641459,139,حقيبه رياضيه جيم - اصدار خاص,False,False,True,False,False,False,True,trust,none,3.8,قوة العلامة التجارية أقل من منافسيه داخل المجموعة | عدد المراجعات أقل من المنتجات المشابهة مما يضعف الثقة,1,42,لباس رياضي ضاغط,,Substitute,1.1,شركاء مقترحون بناءً على الشراء المتكرر داخل نفس القسم.,منتجات من نفس القسم يميل العملاء لضمّها — فرصة بيع تكميلي داخلي.,True,conversion_friction,"Cart activity exists, but too few cart users convert to buyers. Additional issues detected (conversion_friction | visibility): The product receives limited qualified visibility in the selected period.",Moderate Performance,High Abandonment + Low Visibility,conversion_friction|trust|visibility,3,Investigate checkout or value-friction and reduce drop-off after add-to-cart.,افحص تعثر ما بعد الاضافة للسلة وخفف اسباب الانسحاب قبل الشراء.,Bundle with لباس رياضي ضاغط where relevant.,فعّل باقة او ربطا مع المنتج لباس رياضي ضاغط عندما يكون ذلك مناسبا.,conversion+bundle,Investigate checkout or value-friction and reduce drop-off after add-to-cart.,افحص تعثر ما بعد الاضافة للسلة وخفف اسباب الانسحاب قبل الشراء.,Conversion 270.00% vs category avg 850.97%.,Cart abandonment is high at 100.00%.,,46.34,Medium,Medium
182,سيروم فيتامين سي - اصدار خاص,سيروم فيتامين سي - اصدار خاص,الجمال والعنايه,unknown_subcategory,لوريال,190.33,,False,13,2,1,28,13,2,1,2,13,13,2.0,1.0,28,28.0,2.0,13.0,False,5900.2300000000005,31,28,0.1538461538461538,0.5,0.0769230769230769,0.5,0.1538461538461538,2.1538461538461537,0.5,Moderate,0.8543577393922228,0.8543577393922228,3.0,3.0,3.0,0.0769230769230769,6.768778422340422,2.8,19.580645161290324,0.3182030817757843,False,False,False,High,False,False,False,False,True,متوسط,يحتاج متابعة,أداء متوسط,أداء المنتج متوسط ويمكن تحسينه من خلال تدخلات مركزة.,3.9,0,1098.0,79,14,79,5,5900.2300000000005,28,3.9,13,2,1,2024-01-01,2024-12-30,78|183|109|40|64,عطر رجالي عودي - اصدار خاص|كريم مرطب SPF 50 - اصدار خاص|قناع وجه كولاجين - اصدار خاص|مزيل عرق رول اون|عطر رجالي عودي - اصدار خاص,293.706,3.78,1.8141654641654643,0.9533755762664732,78,عطر رجالي عودي - اصدار خاص,False,False,True,False,False,False,True,trust,none,3.8,قوة العلامة التجارية أقل من منافسيه داخل المجموعة | عدد المراجعات أقل من المنتجات المشابهة مما يضعف الثقة,5,33,مجموعه عنايه بالشعر,,Substitute,0.6,شركاء مقترحون بناءً على الشراء المتكرر داخل نفس القسم.,منتجات من نفس القسم يميل العملاء لضمّها — فرصة بيع تكميلي داخلي.,True,mixed_context,قوة العلامة التجارية أقل من منافسيه داخل المجموعة | عدد المراجعات أقل من المنتجات المشابهة مما يضعف الثقة,Moderate Performance,يحتاج متابعة,trust,1,"Apply a focused optimization plan across pricing, content, and conversion levers.",طبق خطة تحسين مركزة تشمل السعر والمحتوى ومحفزات التحويل.,Bundle with مجموعه عنايه بالشعر where relevant.,فعّل باقة او ربطا مع المنتج مجموعه عنايه بالشعر عندما يكون ذلك مناسبا.,mixed+bundle,"Apply a focused optimization plan across pricing, content, and conversion levers.",طبق خطة تحسين مركزة تشمل السعر والمحتوى ومحفزات التحويل.,Conversion 215.38% vs category avg 676.88%.,,,46.28,Medium,Medium
173,حذاء جري احترافي - اصدار خاص,حذاء جري احترافي - اصدار خاص,الرياضه واللياقه,unknown_subcategory,اندر ارمور,426.85,,False,8,3,0,27,8,3,0,3,8,8,3.0,0.0,25,25.0,3.0,8.0,False,11951.8,28,27,0.375,0.0,0.0,1.0,0.375,3.375,1.0,Moderate,-0.3943320256240504,-0.3943320256240504,142.0,142.0,142.0,0.0,8.50970943604373,2.117647058823529,17.666666666666668,0.3966057860571417,True,False,False,High,False,True,True,False,True,متوسط,انسحاب مرتفع بعد الإضافة للسلة,انسحاب مرتفع بعد الإضافة للسلة,هناك اهتمام واضح بالمنتج لكن جزءًا من العملاء لا يكمل الشراء بعد الإضافة للسلة.,4.7,0,1198.0,79,14,79,4,11951.8,27,4.7,8,3,0,2024-01-01,2024-12-30,123|45|86|157|167,عداد خطوات ذكي - اصدار خاص|كره قدم رسميه فيفا|لباس رياضي ضاغط - اصدار خاص|جهاز قياس ضغط الدم - اصدار خاص|حقيبه رياضيه جيم - اصدار خاص,213.636,4.380000000000001,1.464521687462864,0.8932252761807695,123,عداد خطوات ذكي - اصدار خاص,True,False,True,False,False,False,True,pricing,trust,4.0,السعر أعلى من المستوى المعتاد داخل المجموعة المنافسة | عدد المراجعات أقل من المنتجات المشابهة مما يضعف الثقة,1,48,حقيبه رياضيه جيم,,Substitute,0.9,شركاء مقترحون بناءً على الشراء المتكرر داخل نفس القسم.,منتجات من نفس القسم يميل العملاء لضمّها — فرصة بيع تكميلي داخلي.,True,conversion_friction,"Cart activity exists, but too few cart users convert to buyers. Additional issues detected (conversion_friction | pricing | visibility): The product appears overpriced relative to its closest peer group. Also: The product receives limited qualified visibility in the selected period.",Moderate Performance,High Abandonment + High Price vs Peers + Low Visibility,conversion_friction|pricing|trust|visibility,4,Investigate checkout or value-friction and reduce drop-off after add-to-cart.,افحص تعثر ما بعد الاضافة للسلة وخفف اسباب الانسحاب قبل الشراء.,Bundle with حقيبه رياضيه جيم where relevant.,فعّل باقة او ربطا مع المنتج حقيبه رياضيه جيم عندما يكون ذلك مناسبا.,conversion+bundle,Investigate checkout or value-friction and reduce drop-off after add-to-cart.,افحص تعثر ما بعد الاضافة للسلة وخفف اسباب الانسحاب قبل الشراء.,Conversion 337.50% vs category avg 850.97%.,Price is above peer average (426.85 vs 213.64).,Cart abandonment is high at 100.00%.,46.13,Medium,Medium
92,موسوعه التاريخ الاسلامي - اصدار خاص,موسوعه التاريخ الاسلامي - اصدار خاص,الكتب والتعليم,unknown_subcategory,اكاديميا,182.48,,False,21,7,0,32,21,7,0,7,21,21,7.0,0.0,32,32.0,7.0,21.0,False,6204.32,34,32,0.3333333333333333,0.0,0.0,1.0,0.3333333333333333,1.5238095238095235,1.0,Moderate,-0.1740557806523606,-0.1740557806523606,56.0,56.0,56.0,0.0,3.3634956997365264,2.083333333333333,23.17142857142857,0.4530433988451029,False,False,False,High,False,False,True,False,False,متوسط,انسحاب مرتفع بعد الإضافة للسلة,انسحاب مرتفع بعد الإضافة للسلة,هناك اهتمام واضح بالمنتج لكن جزءًا من العملاء لا يكمل الشراء بعد الإضافة للسلة.,3.8,0,1126.0,75,12,75,5,6204.32,32,3.8,21,7,0,2024-01-01,2024-12-30,175|193|172|99|144,مجموعه كتب الطفل التعليميه - اصدار خاص|مجموعه كتب الطفل التعليميه - اصدار خاص|كتاب رياده الاعمال والنجاح - اصدار خاص|مجموعه كتب الطفل التعليميه - اصدار خاص|كتاب تطوير الذات والتحفيز - اصدار خاص,151.644,3.7,1.0438306682524998,0.9686780878385504,175,مجموعه كتب الطفل التعليميه - اصدار خاص,True,False,True,False,False,False,True,pricing,trust,4.0,السعر أعلى من المستوى المعتاد داخل المجموعة المنافسة | عدد المراجعات أقل من المنتجات المشابهة مما يضعف الثقة,3,172,كتاب رياده الاعمال والنجاح - اصدار خاص,,Substitute,0.9,شركاء مقترحون بناءً على الشراء المتكرر داخل نفس القسم.,منتجات من نفس القسم يميل العملاء لضمّها — فرصة بيع تكميلي داخلي.,True,conversion_friction,"Cart activity exists, but too few cart users convert to buyers. Additional issues detected (conversion_friction | pricing): The product appears overpriced relative to its closest peer group.",Moderate Performance,High Abandonment + High Price vs Peers,conversion_friction|pricing|trust,3,Investigate checkout or value-friction and reduce drop-off after add-to-cart.,افحص تعثر ما بعد الاضافة للسلة وخفف اسباب الانسحاب قبل الشراء.,Bundle with كتاب رياده الاعمال والنجاح - اصدار خاص where relevant.,فعّل باقة او ربطا مع المنتج كتاب رياده الاعمال والنجاح - اصدار خاص عندما يكون ذلك مناسبا.,conversion+bundle,Investigate checkout or value-friction and reduce drop-off after add-to-cart.,افحص تعثر ما بعد الاضافة للسلة وخفف اسباب الانسحاب قبل الشراء.,Conversion 152.38% vs category avg 336.35%.,Price is above peer average (182.48 vs 151.64).,Cart abandonment is high at 100.00%.,45.43,Medium,Medium
125,شال كشمير ناعم - اصدار خاص,شال كشمير ناعم - اصدار خاص,الازياء والملابس,unknown_subcategory,بوما,208.91,,False,19,2,0,23,19,2,0,2,19,18,2.0,0.0,22,22.0,2.0,18.0,False,5431.66,26,23,0.1052631578947368,0.0,0.0,1.0,0.1052631578947368,1.2777777777777777,1.0,Moderate,-0.3664400516488471,-0.3664400516488471,122.0,122.0,122.0,0.0,2.284453274168197,2.3080357142857144,18.59375,0.5593363594810382,False,False,False,High,False,False,True,True,True,متوسط,انسحاب مرتفع بعد الإضافة للسلة,انسحاب مرتفع بعد الإضافة للسلة,المنتج يُشاهَد لكنه لا يتحول إلى شراء بالمستوى المطلوب.,3.0,0,1195.0,75,13,75,3,5431.66,23,3.0,19,2,0,2024-01-01,2024-12-30,11|180|93|152|155,قميص قطني كلاسيكي|شال كشمير ناعم - اصدار خاص|شال كشمير ناعم - اصدار خاص|شال كشمير ناعم - اصدار خاص|حذاء رياضي مريح - اصدار خاص,209.886,3.28,2.2530683229813664,0.939564551171602,11,قميص قطني كلاسيكي,False,True,True,False,False,False,True,trust,none,4.3,تقييم المنتج أقل من متوسط المنتجات المشابهة | عدد المراجعات أقل من المنتجات المشابهة مما يضعف الثقة,6,18,جاكيت شتوي دافي,,Substitute,0.3,شركاء مقترحون بناءً على الشراء المتكرر داخل نفس القسم.,منتجات من نفس القسم يميل العملاء لضمّها — فرصة بيع تكميلي داخلي.,True,conversion_friction,"Cart activity exists, but too few cart users convert to buyers.",Moderate Performance,High Abandonment,conversion_friction|trust,2,Investigate checkout or value-friction and reduce drop-off after add-to-cart.,افحص تعثر ما بعد الاضافة للسلة وخفف اسباب الانسحاب قبل الشراء.,Bundle with جاكيت شتوي دافي where relevant.,فعّل باقة او ربطا مع المنتج جاكيت شتوي دافي عندما يكون ذلك مناسبا.,conversion+bundle,Investigate checkout or value-friction and reduce drop-off after add-to-cart.,افحص تعثر ما بعد الاضافة للسلة وخفف اسباب الانسحاب قبل الشراء.,Conversion 127.78% vs category avg 228.45%.,Rating trails peers (3.00 vs 3.28).,Cart abandonment is high at 100.00%.,45.24,Medium,Medium
63,حذاء رياضي مريح - اصدار خاص,حذاء رياضي مريح - اصدار خاص,الازياء والملابس,unknown_subcategory,بوما,557.39,,False,15,1,0,27,15,1,0,1,15,15,1.0,0.0,26,26.0,1.0,15.0,False,16721.7,30,27,0.0666666666666666,0.0,0.0,1.0,0.0666666666666666,1.8,1.0,Moderate,-0.4142260529971167,-0.4142260529971167,152.0,152.0,152.0,0.0,2.284453274168197,2.3080357142857144,18.59375,0.7879346977037235,False,False,False,High,False,False,True,False,True,متوسط,انسحاب مرتفع بعد الإضافة للسلة,انسحاب مرتفع بعد الإضافة للسلة,هناك اهتمام واضح بالمنتج لكن جزءًا من العملاء لا يكمل الشراء بعد الإضافة للسلة.,2.9,0,1074.0,76,13,76,1,16721.7,27,2.9,15,1,0,2024-01-01,2024-12-30,127|166|20|190|129,قميص قطني كلاسيكي - اصدار خاص|فستان سهره انيق - اصدار خاص|حذاء رسمي جلد|حذاء رسمي جلد - اصدار خاص|تيشيرت بولو قطن - اصدار خاص,341.064,3.72,2.777751196172249,0.9210336500192104,127,قميص قطني كلاسيكي - اصدار خاص,True,True,True,True,False,False,True,pricing,trust,6.6,السعر أعلى من المستوى المعتاد داخل المجموعة المنافسة | تقييم المنتج أقل من متوسط المنتجات المشابهة | الدعم البصري أضعف من المنافسين من حيث عدد الصور | عدد المراجعات أقل من المنتجات المشابهة مما يضعف الثقة,6,103,بنطلون جينز سليم فيت - اصدار خاص,,Substitute,0.3,شركاء مقترحون بناءً على الشراء المتكرر داخل نفس القسم.,منتجات من نفس القسم يميل العملاء لضمّها — فرصة بيع تكميلي داخلي.,True,conversion_friction,"Cart activity exists, but too few cart users convert to buyers. Additional issues detected (conversion_friction | pricing | content): The product appears overpriced relative to its closest peer group. Also: Product content richness or image coverage lags similar products.",Moderate Performance,High Abandonment + High Price vs Peers + Weak Content,conversion_friction|pricing|trust|content,4,Investigate checkout or value-friction and reduce drop-off after add-to-cart.,افحص تعثر ما بعد الاضافة للسلة وخفف اسباب الانسحاب قبل الشراء.,Bundle with بنطلون جينز سليم فيت - اصدار خاص where relevant.,فعّل باقة او ربطا مع المنتج بنطلون جينز سليم فيت - اصدار خاص عندما يكون ذلك مناسبا.,conversion+bundle,Investigate checkout or value-friction and reduce drop-off after add-to-cart.,افحص تعثر ما بعد الاضافة للسلة وخفف اسباب الانسحاب قبل الشراء.,Conversion 180.00% vs category avg 228.45%.,Price is above peer average (557.39 vs 341.06).,Rating trails peers (2.90 vs 3.72).,45.18,Medium,Medium
149,طقم مكياج احترافي - اصدار خاص,طقم مكياج احترافي - اصدار خاص,الجمال والعنايه,unknown_subcategory,ماك,652.63,,False,10,3,0,32,10,3,0,3,10,10,3.0,0.0,31,31.0,3.0,10.0,False,22842.05,35,32,0.3,0.0,0.0,1.0,0.3,3.2,1.0,Moderate,-0.3650608716677462,-0.3650608716677462,121.0,121.0,121.0,0.0,6.768778422340422,2.8,19.580645161290324,0.4727588643525939,False,False,False,High,False,True,True,False,True,متوسط,انسحاب مرتفع بعد الإضافة للسلة,انسحاب مرتفع بعد الإضافة للسلة,هناك اهتمام واضح بالمنتج لكن جزءًا من العملاء لا يكمل الشراء بعد الإضافة للسلة.,4.4,0,1194.0,93,17,93,5,22842.05,32,4.4,10,3,0,2024-01-01,2024-12-30,179|116|187|122|143,مجموعه عنايه بالشعر - اصدار خاص|قناع وجه كولاجين - اصدار خاص|عطر رجالي عودي - اصدار خاص|طقم مكياج احترافي - اصدار خاص|عطر رجالي عودي - اصدار خاص,421.004,4.16,2.468985507246377,0.908773824024348,179,مجموعه عنايه بالشعر - اصدار خاص,True,False,True,False,False,False,True,pricing,trust,4.0,السعر أعلى من المستوى المعتاد داخل المجموعة المنافسة | عدد المراجعات أقل من المنتجات المشابهة مما يضعف الثقة,5,34,طقم مكياج احترافي,,Substitute,0.4,شركاء مقترحون بناءً على الشراء المتكرر داخل نفس القسم.,منتجات من نفس القسم يميل العملاء لضمّها — فرصة بيع تكميلي داخلي.,True,conversion_friction,"Cart activity exists, but too few cart users convert to buyers. Additional issues detected (conversion_friction | pricing | visibility): The product appears overpriced relative to its closest peer group. Also: The product receives limited qualified visibility in the selected period.",Moderate Performance,High Abandonment + High Price vs Peers + Low Visibility,conversion_friction|pricing|trust|visibility,4,Investigate checkout or value-friction and reduce drop-off after add-to-cart.,افحص تعثر ما بعد الاضافة للسلة وخفف اسباب الانسحاب قبل الشراء.,Bundle with طقم مكياج احترافي where relevant.,فعّل باقة او ربطا مع المنتج طقم مكياج احترافي عندما يكون ذلك مناسبا.,conversion+bundle,Investigate checkout or value-friction and reduce drop-off after add-to-cart.,افحص تعثر ما بعد الاضافة للسلة وخفف اسباب الانسحاب قبل الشراء.,Conversion 320.00% vs category avg 676.88%.,Price is above peer average (652.63 vs 421.00).,Cart abandonment is high at 100.00%.,45.13,Medium,Medium
141,ساعه ذكيه سبورت - اصدار خاص,ساعه ذكيه سبورت - اصدار خاص,الالكترونيات,unknown_subcategory,ابل,449.82,,False,47,11,0,36,47,11,0,11,36,44,11.0,0.0,35,35.0,11.0,35.0,False,17992.8,40,36,0.2340425531914893,0.0,0.0,1.0,0.2340425531914893,0.8181818181818182,1.0,Moderate,0.1941427856079984,0.1941427856079984,32.0,32.0,32.0,0.0,7.961233440029987,1.9,20.12121212121212,0.1027707357590982,False,False,False,High,False,False,True,True,False,متوسط,انسحاب مرتفع بعد الإضافة للسلة,انسحاب مرتفع بعد الإضافة للسلة,المنتج يُشاهَد لكنه لا يتحول إلى شراء بالمستوى المطلوب.,3.4,0,1239.0,88,15,88,5,17992.8,36,3.4,47,11,0,2024-01-01,2024-12-30,75|115|8|161|5,تابلت 10 انش - اصدار خاص|شاحن لاسلكي سريع - اصدار خاص|مكبر صوت بلوتوث|شاحن لاسلكي سريع - اصدار خاص|تابلت 10 انش,492.7,3.74,1.9215811965811969,0.920651102812445,75,تابلت 10 انش - اصدار خاص,False,False,True,False,False,False,True,trust,none,2.8,عدد المراجعات أقل من المنتجات المشابهة مما يضعف الثقة,0,124,كاميرا ميرورليس - اصدار خاص,,Substitute,1.1,شركاء مقترحون بناءً على الشراء المتكرر داخل نفس القسم.,منتجات من نفس القسم يميل العملاء لضمّها — فرصة بيع تكميلي داخلي.,True,conversion_friction,"Cart activity exists, but too few cart users convert to buyers.",Moderate Performance,High Abandonment,conversion_friction|trust,2,Investigate checkout or value-friction and reduce drop-off after add-to-cart.,افحص تعثر ما بعد الاضافة للسلة وخفف اسباب الانسحاب قبل الشراء.,Bundle with كاميرا ميرورليس - اصدار خاص where relevant.,فعّل باقة او ربطا مع المنتج كاميرا ميرورليس - اصدار خاص عندما يكون ذلك مناسبا.,conversion+bundle,Investigate checkout or value-friction and reduce drop-off after add-to-cart.,افحص تعثر ما بعد الاضافة للسلة وخفف اسباب الانسحاب قبل الشراء.,Conversion 81.82% vs category avg 796.12%.,Cart abandonment is high at 100.00%.,,45.03,Medium,Medium
40,مزيل عرق رول اون,مزيل عرق رول اون,الجمال والعنايه,unknown_subcategory,نيفيا,36.51,,False,23,10,0,18,23,10,0,10,18,22,9.0,0.0,18,18.0,9.0,18.0,False,693.6899999999999,19,18,0.4347826086956521,0.0,0.0,1.0,0.4347826086956521,0.8181818181818182,1.0,Moderate,-0.1029520053748656,-0.1029520053748656,44.0,44.0,44.0,0.0,6.768778422340422,2.8,19.580645161290324,0.1208758459992427,False,False,False,High,False,False,True,True,False,متوسط,انسحاب مرتفع بعد الإضافة للسلة,انسحاب مرتفع بعد الإضافة للسلة,المنتج يُشاهَد لكنه لا يتحول إلى شراء بالمستوى المطلوب.,4.5,0,1104.0,58,11,58,5,693.6899999999999,18,4.5,23,10,0,2024-01-01,2024-12-30,183|182|160|36|187,كريم مرطب SPF 50 - اصدار خاص|سيروم فيتامين سي - اصدار خاص|زيت ارغان طبيعي - اصدار خاص|عطر رجالي عودي|عطر رجالي عودي - اصدار خاص,377.02,4.220000000000001,1.9966951566951567,0.9351781881655972,183,كريم مرطب SPF 50 - اصدار خاص,False,False,True,False,False,False,True,trust,none,2.8,عدد المراجعات أقل من المنتجات المشابهة مما يضعف الثقة,5,33,مجموعه عنايه بالشعر,,Substitute,0.7,شركاء مقترحون بناءً على الشراء المتكرر داخل نفس القسم.,منتجات من نفس القسم يميل العملاء لضمّها — فرصة بيع تكميلي داخلي.,True,conversion_friction,"Cart activity exists, but too few cart users convert to buyers.",Moderate Performance,High Abandonment,conversion_friction|trust,2,Investigate checkout or value-friction and reduce drop-off after add-to-cart.,افحص تعثر ما بعد الاضافة للسلة وخفف اسباب الانسحاب قبل الشراء.,Bundle with مجموعه عنايه بالشعر where relevant.,فعّل باقة او ربطا مع المنتج مجموعه عنايه بالشعر عندما يكون ذلك مناسبا.,conversion+bundle,Investigate checkout or value-friction and reduce drop-off after add-to-cart.,افحص تعثر ما بعد الاضافة للسلة وخفف اسباب الانسحاب قبل الشراء.,Conversion 81.82% vs category avg 676.88%.,Cart abandonment is high at 100.00%.,,44.76,Medium,Low
74,كتاب الطبخ العربي التقليدي - اصدار خاص,كتاب الطبخ العربي التقليدي - اصدار خاص,الكتب والتعليم,unknown_subcategory,اكاديميا,132.13,,False,63,15,0,27,63,15,0,15,27,62,15.0,0.0,26,26.0,15.0,26.0,False,3699.64,28,27,0.238095238095238,0.0,0.0,1.0,0.238095238095238,0.4354838709677419,1.0,Moderate,0.4394059271319397,0.4394059271319397,14.0,14.0,14.0,0.0,3.3634956997365264,2.083333333333333,23.17142857142857,0.1294735923110753,False,False,False,High,False,False,True,True,False,متوسط,انسحاب مرتفع بعد الإضافة للسلة,انسحاب مرتفع بعد الإضافة للسلة,المنتج يُشاهَد لكنه لا يتحول إلى شراء بالمستوى المطلوب.,4.5,0,1100.0,78,13,78,6,3699.64,27,4.5,63,15,0,2024-01-01,2024-12-30,145|92|175|120|172,قاموس عربي انجليزي شامل - اصدار خاص|موسوعه التاريخ الاسلامي - اصدار خاص|مجموعه كتب الطفل التعليميه - اصدار خاص|روايه عربيه بيست سيلر - اصدار خاص|كتاب رياده الاعمال والنجاح - اصدار خاص,122.2,4.08,1.562733359763887,0.9453503654941406,145,قاموس عربي انجليزي شامل - اصدار خاص,False,False,True,False,False,False,True,trust,none,2.8,عدد المراجعات أقل من المنتجات المشابهة مما يضعف الثقة,3,51,كتاب تعلم البرمجه بالعربيه,,Substitute,1.7,شركاء مقترحون بناءً على الشراء المتكرر داخل نفس القسم.,منتجات من نفس القسم يميل العملاء لضمّها — فرصة بيع تكميلي داخلي.,True,conversion_friction,"Cart activity exists, but too few cart users convert to buyers.",Moderate Performance,High Abandonment,conversion_friction|trust,2,Investigate checkout or value-friction and reduce drop-off after add-to-cart.,افحص تعثر ما بعد الاضافة للسلة وخفف اسباب الانسحاب قبل الشراء.,Bundle with كتاب تعلم البرمجه بالعربيه where relevant.,فعّل باقة او ربطا مع المنتج كتاب تعلم البرمجه بالعربيه عندما يكون ذلك مناسبا.,conversion+bundle,Investigate checkout or value-friction and reduce drop-off after add-to-cart.,افحص تعثر ما بعد الاضافة للسلة وخفف اسباب الانسحاب قبل الشراء.,Conversion 43.55% vs category avg 336.35%.,Cart abandonment is high at 100.00%.,,44.75,Medium,Low
110,جهاز قياس ضغط الدم - اصدار خاص,جهاز قياس ضغط الدم - اصدار خاص,الرياضه واللياقه,unknown_subcategory,بوما,228.23,,False,22,3,0,27,22,3,0,3,22,22,3.0,0.0,26,26.0,3.0,22.0,False,6618.67,29,27,0.1363636363636363,0.0,0.0,1.0,0.1363636363636363,1.2272727272727273,1.0,Moderate,-0.3006810267723852,-0.3006810267723852,92.0,92.0,92.0,0.0,8.50970943604373,2.117647058823529,17.666666666666668,0.1442202858389606,False,False,False,High,False,False,True,True,True,متوسط,انسحاب مرتفع بعد الإضافة للسلة,انسحاب مرتفع بعد الإضافة للسلة,المنتج يُشاهَد لكنه لا يتحول إلى شراء بالمستوى المطلوب.,4.0,0,1131.0,86,15,86,4,6618.67,27,4.0,22,3,0,2024-01-01,2024-12-30,95|76|114|86|159,كره قدم رسميه فيفا - اصدار خاص|حقيبه رياضيه جيم - اصدار خاص|حقيبه رياضيه جيم - اصدار خاص|لباس رياضي ضاغط - اصدار خاص|حصيره يوغا مضاده للانزلاق - اصدار خاص,208.772,4.1,1.8705657191106104,0.9893082693751922,95,كره قدم رسميه فيفا - اصدار خاص,False,False,True,False,False,False,True,trust,none,2.8,عدد المراجعات أقل من المنتجات المشابهة مما يضعف الثقة,1,45,كره قدم رسميه فيفا,,Substitute,0.6,شركاء مقترحون بناءً على الشراء المتكرر داخل نفس القسم.,منتجات من نفس القسم يميل العملاء لضمّها — فرصة بيع تكميلي داخلي.,True,conversion_friction,"Cart activity exists, but too few cart users convert to buyers.",Moderate Performance,High Abandonment,conversion_friction|trust,2,Investigate checkout or value-friction and reduce drop-off after add-to-cart.,افحص تعثر ما بعد الاضافة للسلة وخفف اسباب الانسحاب قبل الشراء.,Bundle with كره قدم رسميه فيفا where relevant.,فعّل باقة او ربطا مع المنتج كره قدم رسميه فيفا عندما يكون ذلك مناسبا.,conversion+bundle,Investigate checkout or value-friction and reduce drop-off after add-to-cart.,افحص تعثر ما بعد الاضافة للسلة وخفف اسباب الانسحاب قبل الشراء.,Conversion 122.73% vs category avg 850.97%.,Cart abandonment is high at 100.00%.,,44.46,Medium,Low
134,ثلاجه نوفروست 350 لتر - اصدار خاص,ثلاجه نوفروست 350 لتر - اصدار خاص,المنزل والمطبخ,unknown_subcategory,هايسنس,3215.18,,False,9,4,0,21,9,4,0,4,9,9,4.0,0.0,21,21.0,4.0,9.0,False,80379.5,25,21,0.4444444444444444,0.0,0.0,1.0,0.4444444444444444,2.333333333333333,1.0,Moderate,-0.3557256698912531,-0.3557256698912531,115.0,115.0,115.0,0.0,4.391284662352632,1.9285714285714288,21.80555555555556,0.5313555172902978,True,False,False,High,False,True,True,False,False,متوسط,انسحاب مرتفع بعد الإضافة للسلة,انسحاب مرتفع بعد الإضافة للسلة,هناك اهتمام واضح بالمنتج لكن جزءًا من العملاء لا يكمل الشراء بعد الإضافة للسلة.,4.8,0,1116.0,83,17,83,3,80379.5,21,4.8,9,4,0,2024-01-01,2024-12-30,178|61|130|154|136,مكيف هواء انفيرتر 18000 - اصدار خاص|فرن كهربايي 60 لتر - اصدار خاص|ثلاجه نوفروست 350 لتر - اصدار خاص|ثلاجه نوفروست 350 لتر - اصدار خاص|فرن كهربايي 60 لتر - اصدار خاص,2565.306,4.2,2.090043290043289,0.9291400990026252,178,مكيف هواء انفيرتر 18000 - اصدار خاص,True,False,True,False,False,False,True,pricing,trust,4.0,السعر أعلى من المستوى المعتاد داخل المجموعة المنافسة | عدد المراجعات أقل من المنتجات المشابهة مما يضعف الثقة,4,80,ماكينه قهوه اسبريسو - اصدار خاص,,Substitute,0.3,شركاء مقترحون بناءً على الشراء المتكرر داخل نفس القسم.,منتجات من نفس القسم يميل العملاء لضمّها — فرصة بيع تكميلي داخلي.,True,conversion_friction,"Cart activity exists, but too few cart users convert to buyers. Additional issues detected (conversion_friction | pricing | visibility): The product appears overpriced relative to its closest peer group. Also: The product receives limited qualified visibility in the selected period.",Moderate Performance,High Abandonment + High Price vs Peers + Low Visibility,conversion_friction|pricing|trust|visibility,4,Investigate checkout or value-friction and reduce drop-off after add-to-cart.,افحص تعثر ما بعد الاضافة للسلة وخفف اسباب الانسحاب قبل الشراء.,Bundle with ماكينه قهوه اسبريسو - اصدار خاص where relevant.,فعّل باقة او ربطا مع المنتج ماكينه قهوه اسبريسو - اصدار خاص عندما يكون ذلك مناسبا.,conversion+bundle,Investigate checkout or value-friction and reduce drop-off after add-to-cart.,افحص تعثر ما بعد الاضافة للسلة وخفف اسباب الانسحاب قبل الشراء.,Conversion 233.33% vs category avg 439.13%.,Price is above peer average (3215.18 vs 2565.31).,Cart abandonment is high at 100.00%.,44.39,Medium,Low
168,مجموعه سكاكين مطبخ - اصدار خاص,مجموعه سكاكين مطبخ - اصدار خاص,المنزل والمطبخ,unknown_subcategory,اريتي,126.51,,False,53,11,1,33,53,11,1,11,33,48,11.0,1.0,33,33.0,11.0,33.0,False,4554.360000000001,36,33,0.2075471698113207,0.0909090909090909,0.0188679245283018,0.9090909090909092,0.2075471698113207,0.6875,0.9090909090909092,Moderate,0.4658718846586006,0.4658718846586006,12.0,12.0,12.0,0.0188679245283018,4.391284662352632,1.9285714285714288,21.80555555555556,0.1565601077730341,False,False,False,High,False,False,False,True,False,متوسط,تحويل أقل من المتوقع,تحويل أقل من المتوقع,المنتج يُشاهَد لكنه لا يتحول إلى شراء بالمستوى المطلوب.,4.5,0,1094.0,80,16,80,4,4554.360000000001,33,4.5,53,11,1,2024-01-01,2024-12-30,24|61|80|136|170,مكنسه كهرباييه لاسلكيه|فرن كهربايي 60 لتر - اصدار خاص|ماكينه قهوه اسبريسو - اصدار خاص|فرن كهربايي 60 لتر - اصدار خاص|فرن كهربايي 60 لتر - اصدار خاص,973.11,4.26,2.0335664335664334,0.9059710611373358,24,مكنسه كهرباييه لاسلكيه,False,False,True,False,False,False,True,trust,none,2.8,عدد المراجعات أقل من المنتجات المشابهة مما يضعف الثقة,4,21,مكيف هواء انفيرتر 18000,,Substitute,1.0,شركاء مقترحون بناءً على الشراء المتكرر داخل نفس القسم.,منتجات من نفس القسم يميل العملاء لضمّها — فرصة بيع تكميلي داخلي.,True,mixed_context,عدد المراجعات أقل من المنتجات المشابهة مما يضعف الثقة,Moderate Performance,تحويل أقل من المتوقع,trust,1,"Apply a focused optimization plan across pricing, content, and conversion levers.",طبق خطة تحسين مركزة تشمل السعر والمحتوى ومحفزات التحويل.,Bundle with مكيف هواء انفيرتر 18000 where relevant.,فعّل باقة او ربطا مع المنتج مكيف هواء انفيرتر 18000 عندما يكون ذلك مناسبا.,mixed+bundle,"Apply a focused optimization plan across pricing, content, and conversion levers.",طبق خطة تحسين مركزة تشمل السعر والمحتوى ومحفزات التحويل.,Conversion 68.75% vs category avg 439.13%.,,,44.34,Medium,Low
30,مكواه بخاريه احترافيه,مكواه بخاريه احترافيه,المنزل والمطبخ,unknown_subcategory,تيفال,583.67,,False,9,3,1,33,9,3,1,3,9,9,3.0,1.0,30,30.0,3.0,9.0,False,19844.78,34,33,0.3333333333333333,0.3333333333333333,0.1111111111111111,0.6666666666666667,0.3333333333333333,3.6666666666666665,0.6666666666666667,Moderate,0.4696874736046546,0.4696874736046546,10.0,10.0,10.0,0.1111111111111111,4.391284662352632,1.9285714285714288,21.80555555555556,0.8349872414561822,True,False,False,High,False,True,False,False,True,متوسط,ظهور أقل من المطلوب,مشاهدات أقل من المطلوب,المنتج لا يحصل على عدد كافٍ من الزيارات خلال الفترة المختارة.,4.5,0,1227.0,65,9,65,4,19844.78,33,4.5,9,3,1,2024-01-01,2024-12-30,27|111|119|22|91,فرن كهربايي 60 لتر|مكواه بخاريه احترافيه - اصدار خاص|ماكينه قهوه اسبريسو - اصدار خاص|غساله اوتوماتيك 8 كيلو|فرن كهربايي 60 لتر - اصدار خاص,1193.6,4.040000000000001,1.934069954435808,0.9363436240816908,27,فرن كهربايي 60 لتر,False,False,True,False,True,False,True,trust,content,4.9,قوة العلامة التجارية أقل من منافسيه داخل المجموعة | الوصف أقصر من المعتاد ولا يقدم معلومات كافية | عدد المراجعات أقل من المنتجات المشابهة مما يضعف الثقة,4,91,فرن كهربايي 60 لتر - اصدار خاص,,Substitute,0.5,شركاء مقترحون بناءً على الشراء المتكرر داخل نفس القسم.,منتجات من نفس القسم يميل العملاء لضمّها — فرصة بيع تكميلي داخلي.,True,content,Product content richness or image coverage lags similar products. Additional issues detected (content | visibility): The product receives limited qualified visibility in the selected period.,Moderate Performance,Weak Content + Low Visibility,trust|content|visibility,3,"Improve product content with stronger visuals, richer copy, and clearer value proposition.",حسن المحتوى عبر صور اقوى ووصف اغنى وتوضيح ادق للقيمة.,Bundle with فرن كهربايي 60 لتر - اصدار خاص where relevant.,فعّل باقة او ربطا مع المنتج فرن كهربايي 60 لتر - اصدار خاص عندما يكون ذلك مناسبا.,content+bundle,"Improve product content with stronger visuals, richer copy, and clearer value proposition.",حسن المحتوى عبر صور اقوى ووصف اغنى وتوضيح ادق للقيمة.,Conversion 366.67% vs category avg 439.13%.,,,44.21,Medium,Low
160,زيت ارغان طبيعي - اصدار خاص,زيت ارغان طبيعي - اصدار خاص,الجمال والعنايه,unknown_subcategory,نيفيا,298.73,,False,8,2,0,28,8,2,0,2,8,8,2.0,0.0,28,28.0,2.0,8.0,False,8961.900000000001,30,28,0.25,0.0,0.0,1.0,0.25,3.5,1.0,Moderate,-0.4221265642415642,-0.4221265642415642,155.0,155.0,155.0,0.0,6.768778422340422,2.8,19.580645161290324,0.5170800078856496,True,False,False,High,False,True,True,False,True,متوسط,انسحاب مرتفع بعد الإضافة للسلة,انسحاب مرتفع بعد الإضافة للسلة,هناك اهتمام واضح بالمنتج لكن جزءًا من العملاء لا يكمل الشراء بعد الإضافة للسلة.,4.3,0,1179.0,69,13,69,2,8961.900000000001,28,4.3,8,2,0,2024-01-01,2024-12-30,143|187|64|104|40,عطر رجالي عودي - اصدار خاص|عطر رجالي عودي - اصدار خاص|عطر رجالي عودي - اصدار خاص|قناع وجه كولاجين - اصدار خاص|مزيل عرق رول اون,377.108,4.0600000000000005,1.7192885375494071,0.8930322560805368,143,عطر رجالي عودي - اصدار خاص,False,False,True,True,False,False,True,trust,content,3.9,الدعم البصري أضعف من المنافسين من حيث عدد الصور | عدد المراجعات أقل من المنتجات المشابهة مما يضعف الثقة,5,32,سيروم فيتامين سي,,Substitute,0.5,شركاء مقترحون بناءً على الشراء المتكرر داخل نفس القسم.,منتجات من نفس القسم يميل العملاء لضمّها — فرصة بيع تكميلي داخلي.,True,conversion_friction,"Cart activity exists, but too few cart users convert to buyers. Additional issues detected (conversion_friction | content | visibility): Product content richness or image coverage lags similar products. Also: The product receives limited qualified visibility in the selected period.",Moderate Performance,High Abandonment + Weak Content + Low Visibility,conversion_friction|trust|content|visibility,4,Investigate checkout or value-friction and reduce drop-off after add-to-cart.,افحص تعثر ما بعد الاضافة للسلة وخفف اسباب الانسحاب قبل الشراء.,Bundle with سيروم فيتامين سي where relevant.,فعّل باقة او ربطا مع المنتج سيروم فيتامين سي عندما يكون ذلك مناسبا.,conversion+bundle,Investigate checkout or value-friction and reduce drop-off after add-to-cart.,افحص تعثر ما بعد الاضافة للسلة وخفف اسباب الانسحاب قبل الشراء.,Conversion 350.00% vs category avg 676.88%.,Cart abandonment is high at 100.00%.,,44.19,Medium,Low
184,حذاء رسمي جلد - اصدار خاص,حذاء رسمي جلد - اصدار خاص,الازياء والملابس,unknown_subcategory,مانجو,617.48,,False,13,2,0,26,13,2,0,2,13,13,2.0,0.0,26,26.0,2.0,13.0,False,17289.440000000002,28,26,0.1538461538461538,0.0,0.0,1.0,0.1538461538461538,2.0,1.0,Moderate,-0.4007659960350294,-0.4007659960350294,148.0,148.0,148.0,0.0,2.284453274168197,2.3080357142857144,18.59375,0.8754829974485816,False,False,False,High,False,False,True,False,True,متوسط,انسحاب مرتفع بعد الإضافة للسلة,انسحاب مرتفع بعد الإضافة للسلة,هناك اهتمام واضح بالمنتج لكن جزءًا من العملاء لا يكمل الشراء بعد الإضافة للسلة.,2.9,0,1198.0,74,13,74,3,17289.440000000002,26,2.9,13,2,0,2024-01-01,2024-12-30,155|103|11|169|83,حذاء رياضي مريح - اصدار خاص|بنطلون جينز سليم فيت - اصدار خاص|قميص قطني كلاسيكي|فستان سهره انيق - اصدار خاص|فستان سهره انيق - اصدار خاص,361.792,3.22,2.723613777526821,0.961620193228983,155,حذاء رياضي مريح - اصدار خاص,True,True,True,False,False,False,True,pricing,trust,5.5,السعر أعلى من المستوى المعتاد داخل المجموعة المنافسة | تقييم المنتج أقل من متوسط المنتجات المشابهة | عدد المراجعات أقل من المنتجات المشابهة مما يضعف الثقة,6,18,جاكيت شتوي دافي,,Substitute,0.5,شركاء مقترحون بناءً على الشراء المتكرر داخل نفس القسم.,منتجات من نفس القسم يميل العملاء لضمّها — فرصة بيع تكميلي داخلي.,True,conversion_friction,"Cart activity exists, but too few cart users convert to buyers. Additional issues detected (conversion_friction | pricing): The product appears overpriced relative to its closest peer group.",Moderate Performance,High Abandonment + High Price vs Peers,conversion_friction|pricing|trust,3,Investigate checkout or value-friction and reduce drop-off after add-to-cart.,افحص تعثر ما بعد الاضافة للسلة وخفف اسباب الانسحاب قبل الشراء.,Bundle with جاكيت شتوي دافي where relevant.,فعّل باقة او ربطا مع المنتج جاكيت شتوي دافي عندما يكون ذلك مناسبا.,conversion+bundle,Investigate checkout or value-friction and reduce drop-off after add-to-cart.,افحص تعثر ما بعد الاضافة للسلة وخفف اسباب الانسحاب قبل الشراء.,Conversion 200.00% vs category avg 228.45%.,Price is above peer average (617.48 vs 361.79).,Rating trails peers (2.90 vs 3.22).,44.11,Medium,Low
172,كتاب رياده الاعمال والنجاح - اصدار خاص,كتاب رياده الاعمال والنجاح - اصدار خاص,الكتب والتعليم,unknown_subcategory,مكتبه جرير,72.49,,False,49,14,0,29,49,14,0,14,29,46,13.0,0.0,29,29.0,13.0,29.0,False,2247.19,31,29,0.2857142857142857,0.0,0.0,1.0,0.2857142857142857,0.6304347826086957,1.0,Moderate,0.2826414307656154,0.2826414307656154,23.0,23.0,23.0,0.0,3.3634956997365264,2.083333333333333,23.17142857142857,0.1874343953102362,False,False,False,High,False,False,True,True,False,متوسط,انسحاب مرتفع بعد الإضافة للسلة,انسحاب مرتفع بعد الإضافة للسلة,المنتج يُشاهَد لكنه لا يتحول إلى شراء بالمستوى المطلوب.,3.6,0,1084.0,86,15,86,5,2247.19,29,3.6,49,14,0,2024-01-01,2024-12-30,175|92|193|120|163,مجموعه كتب الطفل التعليميه - اصدار خاص|موسوعه التاريخ الاسلامي - اصدار خاص|مجموعه كتب الطفل التعليميه - اصدار خاص|روايه عربيه بيست سيلر - اصدار خاص|دوره برمجه اكاديميه USB - اصدار خاص,209.17400000000004,3.8,1.7480749746707194,0.9699053510676828,175,مجموعه كتب الطفل التعليميه - اصدار خاص,False,False,True,False,False,False,True,trust,none,2.8,عدد المراجعات أقل من المنتجات المشابهة مما يضعف الثقة,3,53,كتاب رياده الاعمال والنجاح,,Substitute,1.2,شركاء مقترحون بناءً على الشراء المتكرر داخل نفس القسم.,منتجات من نفس القسم يميل العملاء لضمّها — فرصة بيع تكميلي داخلي.,True,conversion_friction,"Cart activity exists, but too few cart users convert to buyers.",Moderate Performance,High Abandonment,conversion_friction|trust,2,Investigate checkout or value-friction and reduce drop-off after add-to-cart.,افحص تعثر ما بعد الاضافة للسلة وخفف اسباب الانسحاب قبل الشراء.,Bundle with كتاب رياده الاعمال والنجاح where relevant.,فعّل باقة او ربطا مع المنتج كتاب رياده الاعمال والنجاح عندما يكون ذلك مناسبا.,conversion+bundle,Investigate checkout or value-friction and reduce drop-off after add-to-cart.,افحص تعثر ما بعد الاضافة للسلة وخفف اسباب الانسحاب قبل الشراء.,Conversion 63.04% vs category avg 336.35%.,Cart abandonment is high at 100.00%.,,43.98,Medium,Low
163,دوره برمجه اكاديميه USB - اصدار خاص,دوره برمجه اكاديميه USB - اصدار خاص,الكتب والتعليم,unknown_subcategory,الوراق,417.18,,False,8,3,0,24,8,3,0,3,8,8,3.0,0.0,21,21.0,3.0,8.0,False,11263.86,27,24,0.375,0.0,0.0,1.0,0.375,3.0,1.0,Moderate,-0.4064296019294379,-0.4064296019294379,149.0,149.0,149.0,0.0,3.3634956997365264,2.083333333333333,23.17142857142857,0.8919291914762965,True,False,False,High,False,True,True,False,True,متوسط,انسحاب مرتفع بعد الإضافة للسلة,انسحاب مرتفع بعد الإضافة للسلة,هناك اهتمام واضح بالمنتج لكن جزءًا من العملاء لا يكمل الشراء بعد الإضافة للسلة.,3.7,0,1107.0,84,14,84,6,11263.86,24,3.7,8,3,0,2024-01-01,2024-12-30,196|193|77|92|151,اطلس العالم المصور - اصدار خاص|مجموعه كتب الطفل التعليميه - اصدار خاص|دوره برمجه اكاديميه USB - اصدار خاص|موسوعه التاريخ الاسلامي - اصدار خاص|كتاب تطوير الذات والتحفيز - اصدار خاص,183.09,3.46,1.1949041154923503,0.9546808031565706,196,اطلس العالم المصور - اصدار خاص,True,False,True,False,False,False,True,pricing,trust,5.0,السعر أعلى من المستوى المعتاد داخل المجموعة المنافسة | قوة العلامة التجارية أقل من منافسيه داخل المجموعة | عدد المراجعات أقل من المنتجات المشابهة مما يضعف الثقة,3,113,كتاب تعلم البرمجه بالعربيه - اصدار خاص,,Substitute,0.3,شركاء مقترحون بناءً على الشراء المتكرر داخل نفس القسم.,منتجات من نفس القسم يميل العملاء لضمّها — فرصة بيع تكميلي داخلي.,True,conversion_friction,"Cart activity exists, but too few cart users convert to buyers. Additional issues detected (conversion_friction | pricing | visibility): The product appears overpriced relative to its closest peer group. Also: The product receives limited qualified visibility in the selected period.",Moderate Performance,High Abandonment + High Price vs Peers + Low Visibility,conversion_friction|pricing|trust|visibility,4,Investigate checkout or value-friction and reduce drop-off after add-to-cart.,افحص تعثر ما بعد الاضافة للسلة وخفف اسباب الانسحاب قبل الشراء.,Bundle with كتاب تعلم البرمجه بالعربيه - اصدار خاص where relevant.,فعّل باقة او ربطا مع المنتج كتاب تعلم البرمجه بالعربيه - اصدار خاص عندما يكون ذلك مناسبا.,conversion+bundle,Investigate checkout or value-friction and reduce drop-off after add-to-cart.,افحص تعثر ما بعد الاضافة للسلة وخفف اسباب الانسحاب قبل الشراء.,Conversion 300.00% vs category avg 336.35%.,Price is above peer average (417.18 vs 183.09).,Cart abandonment is high at 100.00%.,43.88,Medium,Low
116,قناع وجه كولاجين - اصدار خاص,قناع وجه كولاجين - اصدار خاص,الجمال والعنايه,unknown_subcategory,افينو,136.01,,False,24,3,0,34,24,3,0,3,24,24,3.0,0.0,33,33.0,3.0,24.0,False,5032.37,37,34,0.125,0.0,0.0,1.0,0.125,1.4166666666666667,1.0,Moderate,-0.2665330645218605,-0.2665330645218605,80.0,80.0,80.0,0.0,6.768778422340422,2.8,19.580645161290324,0.2092942889060962,False,False,False,High,False,False,True,False,True,متوسط,انسحاب مرتفع بعد الإضافة للسلة,انسحاب مرتفع بعد الإضافة للسلة,هناك اهتمام واضح بالمنتج لكن جزءًا من العملاء لا يكمل الشراء بعد الإضافة للسلة.,4.3,0,1224.0,92,17,92,6,5032.37,34,4.3,24,3,0,2024-01-01,2024-12-30,179|187|149|143|140,مجموعه عنايه بالشعر - اصدار خاص|عطر رجالي عودي - اصدار خاص|طقم مكياج احترافي - اصدار خاص|عطر رجالي عودي - اصدار خاص|مزيل عرق رول اون - اصدار خاص,397.238,4.38,2.831207729468599,0.9768802644917172,179,مجموعه عنايه بالشعر - اصدار خاص,False,False,True,False,False,False,True,trust,none,2.8,عدد المراجعات أقل من المنتجات المشابهة مما يضعف الثقة,5,87,طقم مكياج احترافي - اصدار خاص,,Substitute,0.6,شركاء مقترحون بناءً على الشراء المتكرر داخل نفس القسم.,منتجات من نفس القسم يميل العملاء لضمّها — فرصة بيع تكميلي داخلي.,True,conversion_friction,"Cart activity exists, but too few cart users convert to buyers.",Moderate Performance,High Abandonment,conversion_friction|trust,2,Investigate checkout or value-friction and reduce drop-off after add-to-cart.,افحص تعثر ما بعد الاضافة للسلة وخفف اسباب الانسحاب قبل الشراء.,Bundle with طقم مكياج احترافي - اصدار خاص where relevant.,فعّل باقة او ربطا مع المنتج طقم مكياج احترافي - اصدار خاص عندما يكون ذلك مناسبا.,conversion+bundle,Investigate checkout or value-friction and reduce drop-off after add-to-cart.,افحص تعثر ما بعد الاضافة للسلة وخفف اسباب الانسحاب قبل الشراء.,Conversion 141.67% vs category avg 676.88%.,Cart abandonment is high at 100.00%.,,43.64,Medium,Low
5,تابلت 10 انش,تابلت 10 انش,الالكترونيات,unknown_subcategory,سامسونج,1043.64,,False,17,6,0,27,17,6,0,6,17,16,6.0,0.0,27,27.0,6.0,16.0,False,30265.560000000005,29,27,0.3529411764705882,0.0,0.0,1.0,0.3529411764705882,1.6875,1.0,Moderate,-0.2390945622328674,-0.2390945622328674,73.0,73.0,73.0,0.0,7.961233440029987,1.9,20.12121212121212,0.21196464250314,False,False,False,High,False,False,True,False,False,متوسط,انسحاب مرتفع بعد الإضافة للسلة,انسحاب مرتفع بعد الإضافة للسلة,هناك اهتمام واضح بالمنتج لكن جزءًا من العملاء لا يكمل الشراء بعد الإضافة للسلة.,5.0,0,1202.0,73,12,73,6,30265.560000000005,27,5.0,17,6,0,2024-01-01,2024-12-30,8|174|126|141|97,مكبر صوت بلوتوث|تابلت 10 انش - اصدار خاص|شاحن لاسلكي سريع - اصدار خاص|ساعه ذكيه سبورت - اصدار خاص|هاتف ذكي برو ماكس - اصدار خاص,773.522,4.2,1.685571095571096,0.9033046777908832,8,مكبر صوت بلوتوث,False,False,True,False,False,False,True,trust,none,2.8,عدد المراجعات أقل من المنتجات المشابهة مما يضعف الثقة,0,124,كاميرا ميرورليس - اصدار خاص,,Substitute,0.5,شركاء مقترحون بناءً على الشراء المتكرر داخل نفس القسم.,منتجات من نفس القسم يميل العملاء لضمّها — فرصة بيع تكميلي داخلي.,True,conversion_friction,"Cart activity exists, but too few cart users convert to buyers.",Moderate Performance,High Abandonment,conversion_friction|trust,2,Investigate checkout or value-friction and reduce drop-off after add-to-cart.,افحص تعثر ما بعد الاضافة للسلة وخفف اسباب الانسحاب قبل الشراء.,Bundle with كاميرا ميرورليس - اصدار خاص where relevant.,فعّل باقة او ربطا مع المنتج كاميرا ميرورليس - اصدار خاص عندما يكون ذلك مناسبا.,conversion+bundle,Investigate checkout or value-friction and reduce drop-off after add-to-cart.,افحص تعثر ما بعد الاضافة للسلة وخفف اسباب الانسحاب قبل الشراء.,Conversion 168.75% vs category avg 796.12%.,Cart abandonment is high at 100.00%.,,43.6,Medium,Low
132,عطر رجالي عودي - اصدار خاص,عطر رجالي عودي - اصدار خاص,الجمال والعنايه,unknown_subcategory,ماك,284.92,,False,8,1,0,31,8,1,0,1,8,8,1.0,0.0,30,30.0,1.0,8.0,False,10257.12,36,31,0.125,0.0,0.0,1.0,0.125,3.875,1.0,Moderate,-0.4403329794911716,-0.4403329794911716,163.0,163.0,163.0,0.0,6.768778422340422,2.8,19.580645161290324,0.5724814373019691,True,False,False,High,False,True,True,False,True,متوسط,انسحاب مرتفع بعد الإضافة للسلة,انسحاب مرتفع بعد الإضافة للسلة,هناك اهتمام واضح بالمنتج لكن جزءًا من العملاء لا يكمل الشراء بعد الإضافة للسلة.,3.5,0,1186.0,68,13,68,3,10257.12,31,3.5,8,1,0,2024-01-01,2024-12-30,189|122|149|104|199,مزيل عرق رول اون - اصدار خاص|طقم مكياج احترافي - اصدار خاص|طقم مكياج احترافي - اصدار خاص|قناع وجه كولاجين - اصدار خاص|زيت ارغان طبيعي - اصدار خاص,329.878,3.28,2.053809523809524,0.9681127434962398,189,مزيل عرق رول اون - اصدار خاص,False,False,True,True,False,False,True,trust,content,3.9,الدعم البصري أضعف من المنافسين من حيث عدد الصور | عدد المراجعات أقل من المنتجات المشابهة مما يضعف الثقة,5,32,سيروم فيتامين سي,,Substitute,0.6,شركاء مقترحون بناءً على الشراء المتكرر داخل نفس القسم.,منتجات من نفس القسم يميل العملاء لضمّها — فرصة بيع تكميلي داخلي.,True,conversion_friction,"Cart activity exists, but too few cart users convert to buyers. Additional issues detected (conversion_friction | content | visibility): Product content richness or image coverage lags similar products. Also: The product receives limited qualified visibility in the selected period.",Moderate Performance,High Abandonment + Weak Content + Low Visibility,conversion_friction|trust|content|visibility,4,Investigate checkout or value-friction and reduce drop-off after add-to-cart.,افحص تعثر ما بعد الاضافة للسلة وخفف اسباب الانسحاب قبل الشراء.,Bundle with سيروم فيتامين سي where relevant.,فعّل باقة او ربطا مع المنتج سيروم فيتامين سي عندما يكون ذلك مناسبا.,conversion+bundle,Investigate checkout or value-friction and reduce drop-off after add-to-cart.,افحص تعثر ما بعد الاضافة للسلة وخفف اسباب الانسحاب قبل الشراء.,Conversion 387.50% vs category avg 676.88%.,Cart abandonment is high at 100.00%.,,43.5,Medium,Low
157,جهاز قياس ضغط الدم - اصدار خاص,جهاز قياس ضغط الدم - اصدار خاص,الرياضه واللياقه,unknown_subcategory,اندر ارمور,278.2,,False,12,3,0,23,12,3,0,3,12,12,3.0,0.0,23,23.0,3.0,12.0,False,6676.8,24,23,0.25,0.0,0.0,1.0,0.25,1.9166666666666667,1.0,Moderate,-0.3907398624072382,-0.3907398624072382,137.0,137.0,137.0,0.0,8.50970943604373,2.117647058823529,17.666666666666668,0.2252329155386237,False,False,False,High,False,False,True,False,True,متوسط,انسحاب مرتفع بعد الإضافة للسلة,انسحاب مرتفع بعد الإضافة للسلة,هناك اهتمام واضح بالمنتج لكن جزءًا من العملاء لا يكمل الشراء بعد الإضافة للسلة.,4.7,0,1074.0,84,16,84,3,6676.8,23,4.7,12,3,0,2024-01-01,2024-12-30,123|114|146|105|148,عداد خطوات ذكي - اصدار خاص|حقيبه رياضيه جيم - اصدار خاص|اوزان حديد طقم 20 كيلو - اصدار خاص|حقيبه رياضيه جيم - اصدار خاص|حذاء جري احترافي - اصدار خاص,324.082,4.16,2.012094861660079,0.9427316172667376,123,عداد خطوات ذكي - اصدار خاص,False,False,True,False,False,False,True,trust,none,2.8,عدد المراجعات أقل من المنتجات المشابهة مما يضعف الثقة,1,48,حقيبه رياضيه جيم,,Substitute,1.0,شركاء مقترحون بناءً على الشراء المتكرر داخل نفس القسم.,منتجات من نفس القسم يميل العملاء لضمّها — فرصة بيع تكميلي داخلي.,True,conversion_friction,"Cart activity exists, but too few cart users convert to buyers.",Moderate Performance,High Abandonment,conversion_friction|trust,2,Investigate checkout or value-friction and reduce drop-off after add-to-cart.,افحص تعثر ما بعد الاضافة للسلة وخفف اسباب الانسحاب قبل الشراء.,Bundle with حقيبه رياضيه جيم where relevant.,فعّل باقة او ربطا مع المنتج حقيبه رياضيه جيم عندما يكون ذلك مناسبا.,conversion+bundle,Investigate checkout or value-friction and reduce drop-off after add-to-cart.,افحص تعثر ما بعد الاضافة للسلة وخفف اسباب الانسحاب قبل الشراء.,Conversion 191.67% vs category avg 850.97%.,Cart abandonment is high at 100.00%.,,43.48,Medium,Low
27,فرن كهربايي 60 لتر,فرن كهربايي 60 لتر,المنزل والمطبخ,unknown_subcategory,توشيبا,1128.13,,False,13,7,0,34,13,7,0,7,13,13,7.0,0.0,33,33.0,7.0,13.0,False,39484.55,35,34,0.5384615384615384,0.0,0.0,1.0,0.5384615384615384,2.6153846153846154,1.0,Moderate,-0.2142642717001183,-0.2142642717001183,66.0,66.0,66.0,0.0,4.391284662352632,1.9285714285714288,21.80555555555556,0.5955853050946195,False,False,False,High,False,False,True,False,False,متوسط,انسحاب مرتفع بعد الإضافة للسلة,انسحاب مرتفع بعد الإضافة للسلة,هناك اهتمام واضح بالمنتج لكن جزءًا من العملاء لا يكمل الشراء بعد الإضافة للسلة.,4.0,0,1197.0,62,10,62,5,39484.55,34,4.0,13,7,0,2024-01-01,2024-12-30,30|119|111|22|80,مكواه بخاريه احترافيه|ماكينه قهوه اسبريسو - اصدار خاص|مكواه بخاريه احترافيه - اصدار خاص|غساله اوتوماتيك 8 كيلو|ماكينه قهوه اسبريسو - اصدار خاص,1088.37,4.12,2.612619047619048,0.9363436240816908,30,مكواه بخاريه احترافيه,False,False,True,False,True,False,True,trust,content,3.9,الوصف أقصر من المعتاد ولا يقدم معلومات كافية | عدد المراجعات أقل من المنتجات المشابهة مما يضعف الثقة,4,21,مكيف هواء انفيرتر 18000,,Substitute,0.3,شركاء مقترحون بناءً على الشراء المتكرر داخل نفس القسم.,منتجات من نفس القسم يميل العملاء لضمّها — فرصة بيع تكميلي داخلي.,True,conversion_friction,"Cart activity exists, but too few cart users convert to buyers. Additional issues detected (conversion_friction | content): Product content richness or image coverage lags similar products.",Moderate Performance,High Abandonment + Weak Content,conversion_friction|trust|content,3,Investigate checkout or value-friction and reduce drop-off after add-to-cart.,افحص تعثر ما بعد الاضافة للسلة وخفف اسباب الانسحاب قبل الشراء.,Bundle with مكيف هواء انفيرتر 18000 where relevant.,فعّل باقة او ربطا مع المنتج مكيف هواء انفيرتر 18000 عندما يكون ذلك مناسبا.,conversion+bundle,Investigate checkout or value-friction and reduce drop-off after add-to-cart.,افحص تعثر ما بعد الاضافة للسلة وخفف اسباب الانسحاب قبل الشراء.,Conversion 261.54% vs category avg 439.13%.,Cart abandonment is high at 100.00%.,,43.19,Medium,Low
95,كره قدم رسميه فيفا - اصدار خاص,كره قدم رسميه فيفا - اصدار خاص,الرياضه واللياقه,unknown_subcategory,بوما,217.5,,False,17,4,0,36,17,4,0,4,17,17,4.0,0.0,35,35.0,4.0,17.0,False,8265.0,38,36,0.2352941176470588,0.0,0.0,1.0,0.2352941176470588,2.117647058823529,1.0,Moderate,-0.2853795096522355,-0.2853795096522355,88.0,88.0,88.0,0.0,8.50970943604373,2.117647058823529,17.666666666666668,0.2488506892907556,False,False,False,High,False,False,True,False,False,متوسط,انسحاب مرتفع بعد الإضافة للسلة,انسحاب مرتفع بعد الإضافة للسلة,هناك اهتمام واضح بالمنتج لكن جزءًا من العملاء لا يكمل الشراء بعد الإضافة للسلة.,4.0,0,1126.0,86,15,86,5,8265.0,36,4.0,17,4,0,2024-01-01,2024-12-30,110|76|86|114|98,جهاز قياس ضغط الدم - اصدار خاص|حقيبه رياضيه جيم - اصدار خاص|لباس رياضي ضاغط - اصدار خاص|حقيبه رياضيه جيم - اصدار خاص|اوزان حديد طقم 20 كيلو - اصدار خاص,274.256,4.159999999999999,1.6252181255277232,0.9893082693751922,110,جهاز قياس ضغط الدم - اصدار خاص,False,False,True,False,False,False,True,trust,none,2.8,عدد المراجعات أقل من المنتجات المشابهة مما يضعف الثقة,1,48,حقيبه رياضيه جيم,,Substitute,1.0,شركاء مقترحون بناءً على الشراء المتكرر داخل نفس القسم.,منتجات من نفس القسم يميل العملاء لضمّها — فرصة بيع تكميلي داخلي.,True,conversion_friction,"Cart activity exists, but too few cart users convert to buyers.",Moderate Performance,High Abandonment,conversion_friction|trust,2,Investigate checkout or value-friction and reduce drop-off after add-to-cart.,افحص تعثر ما بعد الاضافة للسلة وخفف اسباب الانسحاب قبل الشراء.,Bundle with حقيبه رياضيه جيم where relevant.,فعّل باقة او ربطا مع المنتج حقيبه رياضيه جيم عندما يكون ذلك مناسبا.,conversion+bundle,Investigate checkout or value-friction and reduce drop-off after add-to-cart.,افحص تعثر ما بعد الاضافة للسلة وخفف اسباب الانسحاب قبل الشراء.,Conversion 211.76% vs category avg 850.97%.,Cart abandonment is high at 100.00%.,,43.19,Medium,Low
133,اطلس العالم المصور - اصدار خاص,اطلس العالم المصور - اصدار خاص,الكتب والتعليم,unknown_subcategory,دار الفكر,165.39,,False,11,4,0,32,11,4,0,4,11,10,4.0,0.0,32,32.0,4.0,10.0,False,5623.259999999999,34,32,0.3636363636363636,0.0,0.0,1.0,0.3636363636363636,3.2,1.0,Moderate,-0.3318988332359801,-0.3318988332359801,110.0,110.0,110.0,0.0,3.3634956997365264,2.083333333333333,23.17142857142857,0.9513911375747164,False,False,False,High,False,True,True,False,False,متوسط,انسحاب مرتفع بعد الإضافة للسلة,انسحاب مرتفع بعد الإضافة للسلة,هناك اهتمام واضح بالمنتج لكن جزءًا من العملاء لا يكمل الشراء بعد الإضافة للسلة.,3.4,0,1121.0,70,12,70,1,5623.259999999999,32,3.4,11,4,0,2024-01-01,2024-12-30,196|59|88|99|120,اطلس العالم المصور - اصدار خاص|كتاب تطوير الذات والتحفيز|دوره برمجه اكاديميه USB - اصدار خاص|مجموعه كتب الطفل التعليميه - اصدار خاص|روايه عربيه بيست سيلر - اصدار خاص,184.08,4.0600000000000005,2.958347338935574,0.8568623894045279,196,اطلس العالم المصور - اصدار خاص,True,True,True,True,False,False,True,pricing,trust,7.6,السعر أعلى من المستوى المعتاد داخل المجموعة المنافسة | قوة العلامة التجارية أقل من منافسيه داخل المجموعة | تقييم المنتج أقل من متوسط المنتجات المشابهة | الدعم البصري أضعف من المنافسين من حيث عدد الصور | عدد المراجعات أقل من المنتجات المشابهة مما يضعف الثقة,3,51,كتاب تعلم البرمجه بالعربيه,,Substitute,0.6,شركاء مقترحون بناءً على الشراء المتكرر داخل نفس القسم.,منتجات من نفس القسم يميل العملاء لضمّها — فرصة بيع تكميلي داخلي.,True,conversion_friction,"Cart activity exists, but too few cart users convert to buyers. Additional issues detected (conversion_friction | pricing | content | visibility): The product appears overpriced relative to its closest peer group. Also: Product content richness or image coverage lags similar products. Also: The product receives limited qualified visibility in the selected period.",Moderate Performance,High Abandonment + High Price vs Peers + Weak Content + Low Visibility,conversion_friction|pricing|trust|content|visibility,5,Investigate checkout or value-friction and reduce drop-off after add-to-cart.,افحص تعثر ما بعد الاضافة للسلة وخفف اسباب الانسحاب قبل الشراء.,Bundle with كتاب تعلم البرمجه بالعربيه where relevant.,فعّل باقة او ربطا مع المنتج كتاب تعلم البرمجه بالعربيه عندما يكون ذلك مناسبا.,conversion+bundle,Investigate checkout or value-friction and reduce drop-off after add-to-cart.,افحص تعثر ما بعد الاضافة للسلة وخفف اسباب الانسحاب قبل الشراء.,Conversion 320.00% vs category avg 336.35%.,Price is above peer average (165.39 vs 184.08).,Rating trails peers (3.40 vs 4.06).,43.17,Medium,Low
156,قميص قطني كلاسيكي - اصدار خاص,قميص قطني كلاسيكي - اصدار خاص,الازياء والملابس,unknown_subcategory,ليفايز,131.66,,False,19,8,0,27,19,8,0,8,19,19,8.0,0.0,27,27.0,8.0,19.0,False,3686.48,28,27,0.4210526315789473,0.0,0.0,1.0,0.4210526315789473,1.4210526315789471,1.0,Moderate,-0.1742086989863413,-0.1742086989863413,57.0,57.0,57.0,0.0,2.284453274168197,2.3080357142857144,18.59375,0.6220537087134659,False,False,False,High,False,False,True,False,False,متوسط,انسحاب مرتفع بعد الإضافة للسلة,انسحاب مرتفع بعد الإضافة للسلة,هناك اهتمام واضح بالمنتج لكن جزءًا من العملاء لا يكمل الشراء بعد الإضافة للسلة.,4.0,0,1214.0,79,14,79,1,3686.48,27,4.0,19,8,0,2024-01-01,2024-12-30,93|158|180|100|166,شال كشمير ناعم - اصدار خاص|فستان سهره انيق - اصدار خاص|شال كشمير ناعم - اصدار خاص|حقيبه يد جلديه - اصدار خاص|فستان سهره انيق - اصدار خاص,368.652,3.88,1.6111238195044273,0.9666023486102484,93,شال كشمير ناعم - اصدار خاص,False,False,True,True,False,False,True,trust,content,3.9,الدعم البصري أضعف من المنافسين من حيث عدد الصور | عدد المراجعات أقل من المنتجات المشابهة مما يضعف الثقة,6,18,جاكيت شتوي دافي,,Substitute,0.6,شركاء مقترحون بناءً على الشراء المتكرر داخل نفس القسم.,منتجات من نفس القسم يميل العملاء لضمّها — فرصة بيع تكميلي داخلي.,True,conversion_friction,"Cart activity exists, but too few cart users convert to buyers. Additional issues detected (conversion_friction | content): Product content richness or image coverage lags similar products.",Moderate Performance,High Abandonment + Weak Content,conversion_friction|trust|content,3,Investigate checkout or value-friction and reduce drop-off after add-to-cart.,افحص تعثر ما بعد الاضافة للسلة وخفف اسباب الانسحاب قبل الشراء.,Bundle with جاكيت شتوي دافي where relevant.,فعّل باقة او ربطا مع المنتج جاكيت شتوي دافي عندما يكون ذلك مناسبا.,conversion+bundle,Investigate checkout or value-friction and reduce drop-off after add-to-cart.,افحص تعثر ما بعد الاضافة للسلة وخفف اسباب الانسحاب قبل الشراء.,Conversion 142.11% vs category avg 228.45%.,Cart abandonment is high at 100.00%.,,42.88,Medium,Low
200,موسوعه التاريخ الاسلامي - اصدار خاص,موسوعه التاريخ الاسلامي - اصدار خاص,الكتب والتعليم,unknown_subcategory,دار قرطبه,284.58,,False,9,2,0,34,9,2,0,2,9,9,2.0,0.0,33,33.0,2.0,9.0,False,11667.78,41,34,0.2222222222222222,0.0,0.0,1.0,0.2222222222222222,3.7777777777777777,1.0,Moderate,-0.3960246059552653,-0.3960246059552653,143.0,143.0,143.0,0.0,3.3634956997365264,2.083333333333333,23.17142857142857,1.1231700929701511,True,False,False,High,False,True,True,False,True,متوسط,انسحاب مرتفع بعد الإضافة للسلة,انسحاب مرتفع بعد الإضافة للسلة,هناك اهتمام واضح بالمنتج لكن جزءًا من العملاء لا يكمل الشراء بعد الإضافة للسلة.,4.4,0,1143.0,84,13,84,2,11667.78,34,4.4,9,2,0,2024-01-01,2024-12-30,84|59|150|175|55,كتاب الطبخ العربي التقليدي - اصدار خاص|كتاب تطوير الذات والتحفيز|اطلس العالم المصور - اصدار خاص|مجموعه كتب الطفل التعليميه - اصدار خاص|روايه عربيه بيست سيلر,125.034,4.44,2.4895035460992907,0.9694749424652034,84,كتاب الطبخ العربي التقليدي - اصدار خاص,True,False,True,True,False,False,True,pricing,trust,5.1,السعر أعلى من المستوى المعتاد داخل المجموعة المنافسة | الدعم البصري أضعف من المنافسين من حيث عدد الصور | عدد المراجعات أقل من المنتجات المشابهة مما يضعف الثقة,3,51,كتاب تعلم البرمجه بالعربيه,,Substitute,0.8,شركاء مقترحون بناءً على الشراء المتكرر داخل نفس القسم.,منتجات من نفس القسم يميل العملاء لضمّها — فرصة بيع تكميلي داخلي.,True,conversion_friction,"Cart activity exists, but too few cart users convert to buyers. Additional issues detected (conversion_friction | pricing | content | visibility): The product appears overpriced relative to its closest peer group. Also: Product content richness or image coverage lags similar products. Also: The product receives limited qualified visibility in the selected period.",Moderate Performance,High Abandonment + High Price vs Peers + Weak Content + Low Visibility,conversion_friction|pricing|trust|content|visibility,5,Investigate checkout or value-friction and reduce drop-off after add-to-cart.,افحص تعثر ما بعد الاضافة للسلة وخفف اسباب الانسحاب قبل الشراء.,Bundle with كتاب تعلم البرمجه بالعربيه where relevant.,فعّل باقة او ربطا مع المنتج كتاب تعلم البرمجه بالعربيه عندما يكون ذلك مناسبا.,conversion+bundle,Investigate checkout or value-friction and reduce drop-off after add-to-cart.,افحص تعثر ما بعد الاضافة للسلة وخفف اسباب الانسحاب قبل الشراء.,Conversion 377.78% vs category avg 336.35%.,Price is above peer average (284.58 vs 125.03).,Cart abandonment is high at 100.00%.,42.58,Medium,Low
14,عباءه مطرزه فاخره,عباءه مطرزه فاخره,الازياء والملابس,unknown_subcategory,ماكس فاشون,687.06,,False,12,4,0,31,12,4,0,4,12,12,4.0,0.0,31,31.0,4.0,12.0,False,24047.1,35,31,0.3333333333333333,0.0,0.0,1.0,0.3333333333333333,2.583333333333333,1.0,Moderate,-0.32746258099316,-0.32746258099316,106.0,106.0,106.0,0.0,2.284453274168197,2.3080357142857144,18.59375,1.1308322050377513,False,False,False,High,False,False,True,False,False,متوسط,انسحاب مرتفع بعد الإضافة للسلة,انسحاب مرتفع بعد الإضافة للسلة,هناك اهتمام واضح بالمنتج لكن جزءًا من العملاء لا يكمل الشراء بعد الإضافة للسلة.,4.8,0,1090.0,66,10,66,4,24047.1,31,4.8,12,4,0,2024-01-01,2024-12-30,12|121|164|19|198,فستان سهره انيق|حذاء رياضي مريح - اصدار خاص|حقيبه يد جلديه - اصدار خاص|تيشيرت بولو قطن|حقيبه يد جلديه - اصدار خاص,318.208,4.220000000000001,2.5259615384615386,0.916803683266523,12,فستان سهره انيق,True,False,True,False,False,False,True,pricing,trust,5.0,السعر أعلى من المستوى المعتاد داخل المجموعة المنافسة | قوة العلامة التجارية أقل من منافسيه داخل المجموعة | عدد المراجعات أقل من المنتجات المشابهة مما يضعف الثقة,6,18,جاكيت شتوي دافي,,Substitute,0.7,شركاء مقترحون بناءً على الشراء المتكرر داخل نفس القسم.,منتجات من نفس القسم يميل العملاء لضمّها — فرصة بيع تكميلي داخلي.,True,conversion_friction,"Cart activity exists, but too few cart users convert to buyers. Additional issues detected (conversion_friction | pricing): The product appears overpriced relative to its closest peer group.",Moderate Performance,High Abandonment + High Price vs Peers,conversion_friction|pricing|trust,3,Investigate checkout or value-friction and reduce drop-off after add-to-cart.,افحص تعثر ما بعد الاضافة للسلة وخفف اسباب الانسحاب قبل الشراء.,Bundle with جاكيت شتوي دافي where relevant.,فعّل باقة او ربطا مع المنتج جاكيت شتوي دافي عندما يكون ذلك مناسبا.,conversion+bundle,Investigate checkout or value-friction and reduce drop-off after add-to-cart.,افحص تعثر ما بعد الاضافة للسلة وخفف اسباب الانسحاب قبل الشراء.,Conversion 258.33% vs category avg 228.45%.,Price is above peer average (687.06 vs 318.21).,Cart abandonment is high at 100.00%.,42.57,Medium,Low
79,سيروم فيتامين سي - اصدار خاص,سيروم فيتامين سي - اصدار خاص,الجمال والعنايه,unknown_subcategory,دوف,421.1,,False,1,0,0,27,1,0,0,0,1,1,0.0,0.0,26,26.0,0.0,1.0,False,13054.1,31,27,0.0,,0.0,0.0,0.0,27.0,,Moderate,0.6910247609128739,0.6910247609128739,5.0,5.0,5.0,0.0,6.768778422340422,2.8,19.580645161290324,3.9889029179750106,True,False,True,High,False,True,False,False,True,متوسط,ظهور أقل من المطلوب,مشاهدات أقل من المطلوب,المنتج لا يحصل على عدد كافٍ من الزيارات خلال الفترة المختارة.,4.6,0,1188.0,79,14,79,3,13054.1,27,4.6,1,0,0,2024-01-01,2024-12-30,32|35|31|33|39,سيروم فيتامين سي|عطر نسايي زهري|كريم مرطب SPF 50|مجموعه عنايه بالشعر|قناع وجه كولاجين,309.54200000000003,4.2,19.04140056022409,0.962224931350931,32,سيروم فيتامين سي,True,False,True,True,False,False,True,pricing,trust,5.1,السعر أعلى من المستوى المعتاد داخل المجموعة المنافسة | الدعم البصري أضعف من المنافسين من حيث عدد الصور | عدد المراجعات أقل من المنتجات المشابهة مما يضعف الثقة,5,38,زيت ارغان طبيعي,,Substitute,0.6,شركاء مقترحون بناءً على الشراء المتكرر داخل نفس القسم.,منتجات من نفس القسم يميل العملاء لضمّها — فرصة بيع تكميلي داخلي.,True,pricing,The product appears overpriced relative to its closest peer group. Additional issues detected (pricing | content | visibility): Product content richness or image coverage lags similar products. Also: The product receives limited qualified visibility in the selected period.,Moderate Performance,High Price vs Peers + Weak Content + Low Visibility,pricing|trust|content|visibility,4,Test a sharper price point or targeted promotion against peer price levels.,اختبر سعرا اكثر تنافسية او عرضا ترويجيا موجها مقارنة بالبدائل القريبة.,Bundle with زيت ارغان طبيعي where relevant.,فعّل باقة او ربطا مع المنتج زيت ارغان طبيعي عندما يكون ذلك مناسبا.,pricing+bundle,Test a sharper price point or targeted promotion against peer price levels.,اختبر سعرا اكثر تنافسية او عرضا ترويجيا موجها مقارنة بالبدائل القريبة.,Conversion 2700.00% vs category avg 676.88%.,Price is above peer average (421.10 vs 309.54).,,42.56,Medium,Low
155,حذاء رياضي مريح - اصدار خاص,حذاء رياضي مريح - اصدار خاص,الازياء والملابس,unknown_subcategory,ماكس فاشون,298.62,,False,14,4,0,34,14,4,0,4,14,14,4.0,0.0,33,33.0,4.0,14.0,False,10451.7,35,34,0.2857142857142857,0.0,0.0,1.0,0.2857142857142857,2.4285714285714284,1.0,Moderate,-0.3111889156533071,-0.3111889156533071,95.0,95.0,95.0,0.0,2.284453274168197,2.3080357142857144,18.59375,1.063086496901849,False,False,False,High,False,False,True,False,False,متوسط,انسحاب مرتفع بعد الإضافة للسلة,انسحاب مرتفع بعد الإضافة للسلة,هناك اهتمام واضح بالمنتج لكن جزءًا من العملاء لا يكمل الشراء بعد الإضافة للسلة.,2.7,0,1233.0,76,13,76,3,10451.7,34,2.7,14,4,0,2024-01-01,2024-12-30,184|169|83|11|73,حذاء رسمي جلد - اصدار خاص|فستان سهره انيق - اصدار خاص|فستان سهره انيق - اصدار خاص|قميص قطني كلاسيكي|فستان سهره انيق - اصدار خاص,395.664,3.2,2.353354037267081,0.961620193228983,184,حذاء رسمي جلد - اصدار خاص,False,True,True,False,False,False,True,trust,none,5.3,قوة العلامة التجارية أقل من منافسيه داخل المجموعة | تقييم المنتج أقل من متوسط المنتجات المشابهة | عدد المراجعات أقل من المنتجات المشابهة مما يضعف الثقة,6,180,شال كشمير ناعم - اصدار خاص,,Substitute,0.6,شركاء مقترحون بناءً على الشراء المتكرر داخل نفس القسم.,منتجات من نفس القسم يميل العملاء لضمّها — فرصة بيع تكميلي داخلي.,True,conversion_friction,"Cart activity exists, but too few cart users convert to buyers.",Moderate Performance,High Abandonment,conversion_friction|trust,2,Investigate checkout or value-friction and reduce drop-off after add-to-cart.,افحص تعثر ما بعد الاضافة للسلة وخفف اسباب الانسحاب قبل الشراء.,Bundle with شال كشمير ناعم - اصدار خاص where relevant.,فعّل باقة او ربطا مع المنتج شال كشمير ناعم - اصدار خاص عندما يكون ذلك مناسبا.,conversion+bundle,Investigate checkout or value-friction and reduce drop-off after add-to-cart.,افحص تعثر ما بعد الاضافة للسلة وخفف اسباب الانسحاب قبل الشراء.,Conversion 242.86% vs category avg 228.45%.,Rating trails peers (2.70 vs 3.20).,Cart abandonment is high at 100.00%.,42.56,Medium,Low
94,قاموس عربي انجليزي شامل - اصدار خاص,قاموس عربي انجليزي شامل - اصدار خاص,الكتب والتعليم,unknown_subcategory,بنغوين,192.65,,False,8,3,0,28,8,3,0,3,8,7,3.0,0.0,28,28.0,3.0,7.0,False,5586.85,29,28,0.375,0.0,0.0,1.0,0.375,4.0,1.0,Moderate,-0.3843556416693339,-0.3843556416693339,133.0,133.0,133.0,0.0,3.3634956997365264,2.083333333333333,23.17142857142857,1.1892389219683952,True,False,False,High,False,True,True,False,True,متوسط,انسحاب مرتفع بعد الإضافة للسلة,انسحاب مرتفع بعد الإضافة للسلة,هناك اهتمام واضح بالمنتج لكن جزءًا من العملاء لا يكمل الشراء بعد الإضافة للسلة.,3.8,0,1202.0,83,15,83,1,5586.85,28,3.8,8,3,0,2024-01-01,2024-12-30,150|62|200|84|89,اطلس العالم المصور - اصدار خاص|كتاب الطبخ العربي التقليدي - اصدار خاص|موسوعه التاريخ الاسلامي - اصدار خاص|كتاب الطبخ العربي التقليدي - اصدار خاص|كتاب رياده الاعمال والنجاح - اصدار خاص,164.512,3.76,2.544126984126984,0.9294423722584962,150,اطلس العالم المصور - اصدار خاص,True,False,True,True,False,False,True,pricing,trust,5.1,السعر أعلى من المستوى المعتاد داخل المجموعة المنافسة | الدعم البصري أضعف من المنافسين من حيث عدد الصور | عدد المراجعات أقل من المنتجات المشابهة مما يضعف الثقة,3,51,كتاب تعلم البرمجه بالعربيه,,Substitute,0.6,شركاء مقترحون بناءً على الشراء المتكرر داخل نفس القسم.,منتجات من نفس القسم يميل العملاء لضمّها — فرصة بيع تكميلي داخلي.,True,conversion_friction,"Cart activity exists, but too few cart users convert to buyers. Additional issues detected (conversion_friction | pricing | content | visibility): The product appears overpriced relative to its closest peer group. Also: Product content richness or image coverage lags similar products. Also: The product receives limited qualified visibility in the selected period.",Moderate Performance,High Abandonment + High Price vs Peers + Weak Content + Low Visibility,conversion_friction|pricing|trust|content|visibility,5,Investigate checkout or value-friction and reduce drop-off after add-to-cart.,افحص تعثر ما بعد الاضافة للسلة وخفف اسباب الانسحاب قبل الشراء.,Bundle with كتاب تعلم البرمجه بالعربيه where relevant.,فعّل باقة او ربطا مع المنتج كتاب تعلم البرمجه بالعربيه عندما يكون ذلك مناسبا.,conversion+bundle,Investigate checkout or value-friction and reduce drop-off after add-to-cart.,افحص تعثر ما بعد الاضافة للسلة وخفف اسباب الانسحاب قبل الشراء.,Conversion 400.00% vs category avg 336.35%.,Price is above peer average (192.65 vs 164.51).,Cart abandonment is high at 100.00%.,42.56,Medium,Low
83,فستان سهره انيق - اصدار خاص,فستان سهره انيق - اصدار خاص,الازياء والملابس,unknown_subcategory,ماكس فاشون,584.83,,False,15,4,1,39,15,4,1,4,15,15,4.0,1.0,38,38.0,4.0,15.0,False,26317.35,45,39,0.2666666666666666,0.25,0.0666666666666666,0.75,0.2666666666666666,2.6,0.75,Moderate,0.3432406066569163,0.3432406066569163,21.0,21.0,21.0,0.0666666666666666,2.284453274168197,2.3080357142857144,18.59375,1.138127896683156,False,False,False,High,False,False,False,False,False,متوسط,يحتاج متابعة,أداء متوسط,أداء المنتج متوسط ويمكن تحسينه من خلال تدخلات مركزة.,3.4,0,1244.0,76,13,76,5,26317.35,39,3.4,15,4,1,2024-01-01,2024-12-30,73|169|17|155|15,فستان سهره انيق - اصدار خاص|فستان سهره انيق - اصدار خاص|شال كشمير ناعم|حذاء رياضي مريح - اصدار خاص|حذاء رياضي مريح,352.008,3.3,2.473354037267081,0.9771908936575024,73,فستان سهره انيق - اصدار خاص,True,False,True,False,False,False,True,pricing,trust,5.0,السعر أعلى من المستوى المعتاد داخل المجموعة المنافسة | قوة العلامة التجارية أقل من منافسيه داخل المجموعة | عدد المراجعات أقل من المنتجات المشابهة مما يضعف الثقة,6,164,حقيبه يد جلديه - اصدار خاص,,Substitute,0.4,شركاء مقترحون بناءً على الشراء المتكرر داخل نفس القسم.,منتجات من نفس القسم يميل العملاء لضمّها — فرصة بيع تكميلي داخلي.,True,pricing,The product appears overpriced relative to its closest peer group.,Moderate Performance,High Price vs Peers,pricing|trust,2,Test a sharper price point or targeted promotion against peer price levels.,اختبر سعرا اكثر تنافسية او عرضا ترويجيا موجها مقارنة بالبدائل القريبة.,Bundle with حقيبه يد جلديه - اصدار خاص where relevant.,فعّل باقة او ربطا مع المنتج حقيبه يد جلديه - اصدار خاص عندما يكون ذلك مناسبا.,pricing+bundle,Test a sharper price point or targeted promotion against peer price levels.,اختبر سعرا اكثر تنافسية او عرضا ترويجيا موجها مقارنة بالبدائل القريبة.,Conversion 260.00% vs category avg 228.45%.,Price is above peer average (584.83 vs 352.01).,,42.54,Medium,Low
164,حقيبه يد جلديه - اصدار خاص,حقيبه يد جلديه - اصدار خاص,الازياء والملابس,unknown_subcategory,مانجو,297.97,,False,58,23,0,36,58,23,0,23,36,52,23.0,0.0,34,34.0,23.0,34.0,False,11024.89,37,36,0.396551724137931,0.0,0.0,1.0,0.396551724137931,0.6923076923076923,1.0,Moderate,0.6599305329812205,0.6599305329812205,6.0,6.0,6.0,0.0,2.284453274168197,2.3080357142857144,18.59375,0.3030518068091244,False,False,False,High,False,False,True,True,False,متوسط,انسحاب مرتفع بعد الإضافة للسلة,انسحاب مرتفع بعد الإضافة للسلة,المنتج يُشاهَد لكنه لا يتحول إلى شراء بالمستوى المطلوب.,3.9,0,1126.0,76,14,76,5,11024.89,36,3.9,58,23,0,2024-01-01,2024-12-30,66|121|12|100|198,قميص قطني كلاسيكي - اصدار خاص|حذاء رياضي مريح - اصدار خاص|فستان سهره انيق|حقيبه يد جلديه - اصدار خاص|حقيبه يد جلديه - اصدار خاص,350.154,4.2,3.0012820512820517,0.9683034210680158,66,قميص قطني كلاسيكي - اصدار خاص,False,False,True,False,False,False,True,trust,none,2.8,عدد المراجعات أقل من المنتجات المشابهة مما يضعف الثقة,6,158,فستان سهره انيق - اصدار خاص,,Substitute,1.2,شركاء مقترحون بناءً على الشراء المتكرر داخل نفس القسم.,منتجات من نفس القسم يميل العملاء لضمّها — فرصة بيع تكميلي داخلي.,True,conversion_friction,"Cart activity exists, but too few cart users convert to buyers.",Moderate Performance,High Abandonment,conversion_friction|trust,2,Investigate checkout or value-friction and reduce drop-off after add-to-cart.,افحص تعثر ما بعد الاضافة للسلة وخفف اسباب الانسحاب قبل الشراء.,Bundle with فستان سهره انيق - اصدار خاص where relevant.,فعّل باقة او ربطا مع المنتج فستان سهره انيق - اصدار خاص عندما يكون ذلك مناسبا.,conversion+bundle,Investigate checkout or value-friction and reduce drop-off after add-to-cart.,افحص تعثر ما بعد الاضافة للسلة وخفف اسباب الانسحاب قبل الشراء.,Conversion 69.23% vs category avg 228.45%.,Cart abandonment is high at 100.00%.,,42.53,Medium,Low
60,اطلس العالم المصور,اطلس العالم المصور,الكتب والتعليم,unknown_subcategory,اكاديميا,325.99,,False,9,1,0,34,9,1,0,1,9,9,1.0,0.0,32,32.0,1.0,9.0,False,11735.64,36,34,0.1111111111111111,0.0,0.0,1.0,0.1111111111111111,3.7777777777777777,1.0,Moderate,-0.4265433047356785,-0.4265433047356785,158.0,158.0,158.0,0.0,3.3634956997365264,2.083333333333333,23.17142857142857,1.1231700929701511,True,False,False,High,False,True,True,False,True,متوسط,انسحاب مرتفع بعد الإضافة للسلة,انسحاب مرتفع بعد الإضافة للسلة,هناك اهتمام واضح بالمنتج لكن جزءًا من العملاء لا يكمل الشراء بعد الإضافة للسلة.,3.4,0,1165.0,67,10,67,6,11735.64,34,3.4,9,1,0,2024-01-01,2024-12-30,92|57|144|77|163,موسوعه التاريخ الاسلامي - اصدار خاص|مجموعه كتب الطفل التعليميه|كتاب تطوير الذات والتحفيز - اصدار خاص|دوره برمجه اكاديميه USB - اصدار خاص|دوره برمجه اكاديميه USB - اصدار خاص,220.048,3.5200000000000005,1.5498595988298507,0.920255933787291,92,موسوعه التاريخ الاسلامي - اصدار خاص,True,True,True,False,False,False,True,pricing,trust,5.5,السعر أعلى من المستوى المعتاد داخل المجموعة المنافسة | تقييم المنتج أقل من متوسط المنتجات المشابهة | عدد المراجعات أقل من المنتجات المشابهة مما يضعف الثقة,3,171,موسوعه التاريخ الاسلامي - اصدار خاص,,Substitute,0.3,شركاء مقترحون بناءً على الشراء المتكرر داخل نفس القسم.,منتجات من نفس القسم يميل العملاء لضمّها — فرصة بيع تكميلي داخلي.,True,conversion_friction,"Cart activity exists, but too few cart users convert to buyers. Additional issues detected (conversion_friction | pricing | visibility): The product appears overpriced relative to its closest peer group. Also: The product receives limited qualified visibility in the selected period.",Moderate Performance,High Abandonment + High Price vs Peers + Low Visibility,conversion_friction|pricing|trust|visibility,4,Investigate checkout or value-friction and reduce drop-off after add-to-cart.,افحص تعثر ما بعد الاضافة للسلة وخفف اسباب الانسحاب قبل الشراء.,Bundle with موسوعه التاريخ الاسلامي - اصدار خاص where relevant.,فعّل باقة او ربطا مع المنتج موسوعه التاريخ الاسلامي - اصدار خاص عندما يكون ذلك مناسبا.,conversion+bundle,Investigate checkout or value-friction and reduce drop-off after add-to-cart.,افحص تعثر ما بعد الاضافة للسلة وخفف اسباب الانسحاب قبل الشراء.,Conversion 377.78% vs category avg 336.35%.,Price is above peer average (325.99 vs 220.05).,Rating trails peers (3.40 vs 3.52).,42.53,Medium,Low
8,مكبر صوت بلوتوث,مكبر صوت بلوتوث,الالكترونيات,unknown_subcategory,ابل,338.12,,False,13,4,0,33,13,4,0,4,13,13,4.0,0.0,31,31.0,4.0,13.0,False,11834.2,35,33,0.3076923076923077,0.0,0.0,1.0,0.3076923076923077,2.5384615384615383,1.0,Moderate,-0.3200245125926572,-0.3200245125926572,102.0,102.0,102.0,0.0,7.961233440029987,1.9,20.12121212121212,0.318852795560279,False,False,False,High,False,False,True,False,False,متوسط,انسحاب مرتفع بعد الإضافة للسلة,انسحاب مرتفع بعد الإضافة للسلة,هناك اهتمام واضح بالمنتج لكن جزءًا من العملاء لا يكمل الشراء بعد الإضافة للسلة.,4.6,0,1229.0,68,11,68,6,11834.2,33,4.6,13,4,0,2024-01-01,2024-12-30,5|141|126|115|174,تابلت 10 انش|ساعه ذكيه سبورت - اصدار خاص|شاحن لاسلكي سريع - اصدار خاص|شاحن لاسلكي سريع - اصدار خاص|تابلت 10 انش - اصدار خاص,547.2860000000001,4.18,1.4820454545454544,0.9033046777908832,5,تابلت 10 انش,False,False,True,False,False,False,True,trust,none,2.8,عدد المراجعات أقل من المنتجات المشابهة مما يضعف الثقة,0,6,شاشه 4K 27 انش,,Substitute,0.8,شركاء مقترحون بناءً على الشراء المتكرر داخل نفس القسم.,منتجات من نفس القسم يميل العملاء لضمّها — فرصة بيع تكميلي داخلي.,True,conversion_friction,"Cart activity exists, but too few cart users convert to buyers.",Moderate Performance,High Abandonment,conversion_friction|trust,2,Investigate checkout or value-friction and reduce drop-off after add-to-cart.,افحص تعثر ما بعد الاضافة للسلة وخفف اسباب الانسحاب قبل الشراء.,Bundle with شاشه 4K 27 انش where relevant.,فعّل باقة او ربطا مع المنتج شاشه 4K 27 انش عندما يكون ذلك مناسبا.,conversion+bundle,Investigate checkout or value-friction and reduce drop-off after add-to-cart.,افحص تعثر ما بعد الاضافة للسلة وخفف اسباب الانسحاب قبل الشراء.,Conversion 253.85% vs category avg 796.12%.,Cart abandonment is high at 100.00%.,,42.29,Medium,Low
55,روايه عربيه بيست سيلر,روايه عربيه بيست سيلر,الكتب والتعليم,unknown_subcategory,اكاديميا,41.52,,False,16,5,0,34,16,5,0,5,16,15,5.0,0.0,34,34.0,5.0,15.0,False,1577.7600000000002,38,34,0.3125,0.0,0.0,1.0,0.3125,2.2666666666666666,1.0,Moderate,-0.268009956310937,-0.268009956310937,82.0,82.0,82.0,0.0,3.3634956997365264,2.083333333333333,23.17142857142857,0.6739020557820906,False,False,False,High,False,False,True,False,False,متوسط,انسحاب مرتفع بعد الإضافة للسلة,انسحاب مرتفع بعد الإضافة للسلة,هناك اهتمام واضح بالمنتج لكن جزءًا من العملاء لا يكمل الشراء بعد الإضافة للسلة.,5.0,0,1193.0,61,10,61,2,1577.7600000000002,34,5.0,16,5,0,2024-01-01,2024-12-30,59|200|150|99|52,كتاب تطوير الذات والتحفيز|موسوعه التاريخ الاسلامي - اصدار خاص|اطلس العالم المصور - اصدار خاص|مجموعه كتب الطفل التعليميه - اصدار خاص|موسوعه التاريخ الاسلامي,182.126,4.38,2.952222222222222,0.952346696584538,59,كتاب تطوير الذات والتحفيز,False,False,True,True,False,False,True,trust,content,3.9,الدعم البصري أضعف من المنافسين من حيث عدد الصور | عدد المراجعات أقل من المنتجات المشابهة مما يضعف الثقة,3,51,كتاب تعلم البرمجه بالعربيه,,Substitute,0.9,شركاء مقترحون بناءً على الشراء المتكرر داخل نفس القسم.,منتجات من نفس القسم يميل العملاء لضمّها — فرصة بيع تكميلي داخلي.,True,conversion_friction,"Cart activity exists, but too few cart users convert to buyers. Additional issues detected (conversion_friction | content): Product content richness or image coverage lags similar products.",Moderate Performance,High Abandonment + Weak Content,conversion_friction|trust|content,3,Investigate checkout or value-friction and reduce drop-off after add-to-cart.,افحص تعثر ما بعد الاضافة للسلة وخفف اسباب الانسحاب قبل الشراء.,Bundle with كتاب تعلم البرمجه بالعربيه where relevant.,فعّل باقة او ربطا مع المنتج كتاب تعلم البرمجه بالعربيه عندما يكون ذلك مناسبا.,conversion+bundle,Investigate checkout or value-friction and reduce drop-off after add-to-cart.,افحص تعثر ما بعد الاضافة للسلة وخفف اسباب الانسحاب قبل الشراء.,Conversion 226.67% vs category avg 336.35%.,Cart abandonment is high at 100.00%.,,42.27,Medium,Low
113,كتاب تعلم البرمجه بالعربيه - اصدار خاص,كتاب تعلم البرمجه بالعربيه - اصدار خاص,الكتب والتعليم,unknown_subcategory,اكاديميا,61.24,,False,28,3,0,28,28,3,0,3,28,26,3.0,0.0,26,26.0,3.0,26.0,False,1775.96,29,28,0.1071428571428571,0.0,0.0,1.0,0.1071428571428571,1.0769230769230769,1.0,Moderate,-0.2465661513054239,-0.2465661513054239,75.0,75.0,75.0,0.0,3.3634956997365264,2.083333333333333,23.17142857142857,0.3201797097607218,False,False,False,High,False,False,True,True,True,متوسط,انسحاب مرتفع بعد الإضافة للسلة,انسحاب مرتفع بعد الإضافة للسلة,المنتج يُشاهَد لكنه لا يتحول إلى شراء بالمستوى المطلوب.,4.1,0,1206.0,87,14,87,5,1775.96,28,4.1,28,3,0,2024-01-01,2024-12-30,51|99|144|171|74,كتاب تعلم البرمجه بالعربيه|مجموعه كتب الطفل التعليميه - اصدار خاص|كتاب تطوير الذات والتحفيز - اصدار خاص|موسوعه التاريخ الاسلامي - اصدار خاص|كتاب الطبخ العربي التقليدي - اصدار خاص,115.24,3.94,2.5416472961353747,0.9000177130615843,51,كتاب تعلم البرمجه بالعربيه,False,False,True,False,False,False,True,trust,none,2.8,عدد المراجعات أقل من المنتجات المشابهة مما يضعف الثقة,3,175,مجموعه كتب الطفل التعليميه - اصدار خاص,,Substitute,0.6,شركاء مقترحون بناءً على الشراء المتكرر داخل نفس القسم.,منتجات من نفس القسم يميل العملاء لضمّها — فرصة بيع تكميلي داخلي.,True,conversion_friction,"Cart activity exists, but too few cart users convert to buyers.",Moderate Performance,High Abandonment,conversion_friction|trust,2,Investigate checkout or value-friction and reduce drop-off after add-to-cart.,افحص تعثر ما بعد الاضافة للسلة وخفف اسباب الانسحاب قبل الشراء.,Bundle with مجموعه كتب الطفل التعليميه - اصدار خاص where relevant.,فعّل باقة او ربطا مع المنتج مجموعه كتب الطفل التعليميه - اصدار خاص عندما يكون ذلك مناسبا.,conversion+bundle,Investigate checkout or value-friction and reduce drop-off after add-to-cart.,افحص تعثر ما بعد الاضافة للسلة وخفف اسباب الانسحاب قبل الشراء.,Conversion 107.69% vs category avg 336.35%.,Cart abandonment is high at 100.00%.,,42.26,Medium,Low
170,فرن كهربايي 60 لتر - اصدار خاص,فرن كهربايي 60 لتر - اصدار خاص,المنزل والمطبخ,unknown_subcategory,بوش,810.36,,False,12,2,0,33,12,2,0,2,12,11,2.0,0.0,31,31.0,2.0,11.0,False,27552.24,34,33,0.1666666666666666,0.0,0.0,1.0,0.1666666666666666,3.0,1.0,Moderate,-0.3764201357295859,-0.3764201357295859,130.0,130.0,130.0,0.0,4.391284662352632,1.9285714285714288,21.80555555555556,0.68317137937324,False,False,False,High,False,False,True,False,True,متوسط,انسحاب مرتفع بعد الإضافة للسلة,انسحاب مرتفع بعد الإضافة للسلة,هناك اهتمام واضح بالمنتج لكن جزءًا من العملاء لا يكمل الشراء بعد الإضافة للسلة.,3.5,0,1115.0,80,17,80,2,27552.24,33,3.5,12,2,0,2024-01-01,2024-12-30,61|153|197|168|24,فرن كهربايي 60 لتر - اصدار خاص|فرن كهربايي 60 لتر - اصدار خاص|مكيف هواء انفيرتر 18000 - اصدار خاص|مجموعه سكاكين مطبخ - اصدار خاص|مكنسه كهرباييه لاسلكيه,791.3260000000001,4.08,1.3031519950637598,0.9050868710730352,61,فرن كهربايي 60 لتر - اصدار خاص,False,False,True,True,False,False,True,trust,content,3.9,الدعم البصري أضعف من المنافسين من حيث عدد الصور | عدد المراجعات أقل من المنتجات المشابهة مما يضعف الثقة,4,21,مكيف هواء انفيرتر 18000,,Substitute,0.7,شركاء مقترحون بناءً على الشراء المتكرر داخل نفس القسم.,منتجات من نفس القسم يميل العملاء لضمّها — فرصة بيع تكميلي داخلي.,True,conversion_friction,"Cart activity exists, but too few cart users convert to buyers. Additional issues detected (conversion_friction | content): Product content richness or image coverage lags similar products.",Moderate Performance,High Abandonment + Weak Content,conversion_friction|trust|content,3,Investigate checkout or value-friction and reduce drop-off after add-to-cart.,افحص تعثر ما بعد الاضافة للسلة وخفف اسباب الانسحاب قبل الشراء.,Bundle with مكيف هواء انفيرتر 18000 where relevant.,فعّل باقة او ربطا مع المنتج مكيف هواء انفيرتر 18000 عندما يكون ذلك مناسبا.,conversion+bundle,Investigate checkout or value-friction and reduce drop-off after add-to-cart.,افحص تعثر ما بعد الاضافة للسلة وخفف اسباب الانسحاب قبل الشراء.,Conversion 300.00% vs category avg 439.13%.,Cart abandonment is high at 100.00%.,,42.13,Medium,Low
166,فستان سهره انيق - اصدار خاص,فستان سهره انيق - اصدار خاص,الازياء والملابس,unknown_subcategory,مانجو,184.75,,False,21,2,0,32,21,2,0,2,21,19,2.0,0.0,31,31.0,2.0,19.0,False,6281.5,34,32,0.0952380952380952,0.0,0.0,1.0,0.0952380952380952,1.6842105263157894,1.0,Moderate,-0.324004784261113,-0.324004784261113,105.0,105.0,105.0,0.0,2.284453274168197,2.3080357142857144,18.59375,0.7372488399567002,False,False,False,High,False,False,True,False,True,متوسط,انسحاب مرتفع بعد الإضافة للسلة,انسحاب مرتفع بعد الإضافة للسلة,هناك اهتمام واضح بالمنتج لكن جزءًا من العملاء لا يكمل الشراء بعد الإضافة للسلة.,3.8,0,1131.0,76,13,76,1,6281.5,32,3.8,21,2,0,2024-01-01,2024-12-30,19|158|156|129|100,تيشيرت بولو قطن|فستان سهره انيق - اصدار خاص|قميص قطني كلاسيكي - اصدار خاص|تيشيرت بولو قطن - اصدار خاص|حقيبه يد جلديه - اصدار خاص,299.19199999999995,4.24,1.7412096318614063,0.9397532889760678,19,تيشيرت بولو قطن,False,False,True,True,False,False,True,trust,content,3.9,الدعم البصري أضعف من المنافسين من حيث عدد الصور | عدد المراجعات أقل من المنتجات المشابهة مما يضعف الثقة,6,16,حقيبه يد جلديه,,Substitute,0.4,شركاء مقترحون بناءً على الشراء المتكرر داخل نفس القسم.,منتجات من نفس القسم يميل العملاء لضمّها — فرصة بيع تكميلي داخلي.,True,conversion_friction,"Cart activity exists, but too few cart users convert to buyers. Additional issues detected (conversion_friction | content): Product content richness or image coverage lags similar products.",Moderate Performance,High Abandonment + Weak Content,conversion_friction|trust|content,3,Investigate checkout or value-friction and reduce drop-off after add-to-cart.,افحص تعثر ما بعد الاضافة للسلة وخفف اسباب الانسحاب قبل الشراء.,Bundle with حقيبه يد جلديه where relevant.,فعّل باقة او ربطا مع المنتج حقيبه يد جلديه عندما يكون ذلك مناسبا.,conversion+bundle,Investigate checkout or value-friction and reduce drop-off after add-to-cart.,افحص تعثر ما بعد الاضافة للسلة وخفف اسباب الانسحاب قبل الشراء.,Conversion 168.42% vs category avg 228.45%.,Cart abandonment is high at 100.00%.,,41.42,Medium,Low
153,فرن كهربايي 60 لتر - اصدار خاص,فرن كهربايي 60 لتر - اصدار خاص,المنزل والمطبخ,unknown_subcategory,هايسنس,564.14,,False,18,5,0,29,18,5,0,5,18,17,5.0,0.0,27,27.0,5.0,17.0,False,19180.76,34,29,0.2777777777777778,0.0,0.0,1.0,0.2777777777777778,1.7058823529411764,1.0,Moderate,-0.2606691830873513,-0.2606691830873513,79.0,79.0,79.0,0.0,4.391284662352632,1.9285714285714288,21.80555555555556,0.3884700000357639,False,False,False,High,False,False,True,False,False,متوسط,انسحاب مرتفع بعد الإضافة للسلة,انسحاب مرتفع بعد الإضافة للسلة,هناك اهتمام واضح بالمنتج لكن جزءًا من العملاء لا يكمل الشراء بعد الإضافة للسلة.,3.4,0,1204.0,80,17,80,4,19180.76,29,3.4,18,5,0,2024-01-01,2024-12-30,195|101|170|80|128,فرن كهربايي 60 لتر - اصدار خاص|مجموعه سكاكين مطبخ - اصدار خاص|فرن كهربايي 60 لتر - اصدار خاص|ماكينه قهوه اسبريسو - اصدار خاص|مكواه بخاريه احترافيه - اصدار خاص,624.806,3.5800000000000005,2.566666666666667,0.9280494885679618,195,فرن كهربايي 60 لتر - اصدار خاص,False,False,True,False,False,False,True,trust,none,2.8,عدد المراجعات أقل من المنتجات المشابهة مما يضعف الثقة,4,168,مجموعه سكاكين مطبخ - اصدار خاص,,Substitute,0.7,شركاء مقترحون بناءً على الشراء المتكرر داخل نفس القسم.,منتجات من نفس القسم يميل العملاء لضمّها — فرصة بيع تكميلي داخلي.,True,conversion_friction,"Cart activity exists, but too few cart users convert to buyers.",Moderate Performance,High Abandonment,conversion_friction|trust,2,Investigate checkout or value-friction and reduce drop-off after add-to-cart.,افحص تعثر ما بعد الاضافة للسلة وخفف اسباب الانسحاب قبل الشراء.,Bundle with مجموعه سكاكين مطبخ - اصدار خاص where relevant.,فعّل باقة او ربطا مع المنتج مجموعه سكاكين مطبخ - اصدار خاص عندما يكون ذلك مناسبا.,conversion+bundle,Investigate checkout or value-friction and reduce drop-off after add-to-cart.,افحص تعثر ما بعد الاضافة للسلة وخفف اسباب الانسحاب قبل الشراء.,Conversion 170.59% vs category avg 439.13%.,Cart abandonment is high at 100.00%.,,41.41,Medium,Low
111,مكواه بخاريه احترافيه - اصدار خاص,مكواه بخاريه احترافيه - اصدار خاص,المنزل والمطبخ,unknown_subcategory,وايتبوينت,453.66,,False,8,2,0,25,8,2,0,2,8,8,2.0,0.0,23,23.0,2.0,8.0,False,14063.46,31,25,0.25,0.0,0.0,1.0,0.25,3.125,1.0,Moderate,-0.431919725653995,-0.431919725653995,159.0,159.0,159.0,0.0,4.391284662352632,1.9285714285714288,21.80555555555556,0.7116368535137917,True,False,False,High,False,True,True,False,True,متوسط,انسحاب مرتفع بعد الإضافة للسلة,انسحاب مرتفع بعد الإضافة للسلة,هناك اهتمام واضح بالمنتج لكن جزءًا من العملاء لا يكمل الشراء بعد الإضافة للسلة.,3.8,0,1141.0,77,12,77,6,14063.46,25,3.8,8,2,0,2024-01-01,2024-12-30,82|176|119|27|65,مجموعه سكاكين مطبخ - اصدار خاص|فرن كهربايي 60 لتر - اصدار خاص|ماكينه قهوه اسبريسو - اصدار خاص|فرن كهربايي 60 لتر|مكنسه كهرباييه لاسلكيه - اصدار خاص,963.482,3.5,1.737586726998492,0.8976562501655649,82,مجموعه سكاكين مطبخ - اصدار خاص,False,False,True,False,False,False,True,trust,none,3.8,قوة العلامة التجارية أقل من منافسيه داخل المجموعة | عدد المراجعات أقل من المنتجات المشابهة مما يضعف الثقة,4,26,طقم اواني طهي غرانيت,,Substitute,0.5,شركاء مقترحون بناءً على الشراء المتكرر داخل نفس القسم.,منتجات من نفس القسم يميل العملاء لضمّها — فرصة بيع تكميلي داخلي.,True,conversion_friction,"Cart activity exists, but too few cart users convert to buyers. Additional issues detected (conversion_friction | visibility): The product receives limited qualified visibility in the selected period.",Moderate Performance,High Abandonment + Low Visibility,conversion_friction|trust|visibility,3,Investigate checkout or value-friction and reduce drop-off after add-to-cart.,افحص تعثر ما بعد الاضافة للسلة وخفف اسباب الانسحاب قبل الشراء.,Bundle with طقم اواني طهي غرانيت where relevant.,فعّل باقة او ربطا مع المنتج طقم اواني طهي غرانيت عندما يكون ذلك مناسبا.,conversion+bundle,Investigate checkout or value-friction and reduce drop-off after add-to-cart.,افحص تعثر ما بعد الاضافة للسلة وخفف اسباب الانسحاب قبل الشراء.,Conversion 312.50% vs category avg 439.13%.,Cart abandonment is high at 100.00%.,,41.35,Medium,Low
152,شال كشمير ناعم - اصدار خاص,شال كشمير ناعم - اصدار خاص,الازياء والملابس,unknown_subcategory,بوما,92.66,,False,25,6,0,23,25,6,0,6,23,25,6.0,0.0,22,22.0,6.0,22.0,False,2131.18,23,23,0.24,0.0,0.0,1.0,0.24,0.92,1.0,Moderate,-0.1948823173824081,-0.1948823173824081,62.0,62.0,62.0,0.0,2.284453274168197,2.3080357142857144,18.59375,0.4027221788263475,False,False,False,High,False,False,True,True,False,متوسط,انسحاب مرتفع بعد الإضافة للسلة,انسحاب مرتفع بعد الإضافة للسلة,المنتج يُشاهَد لكنه لا يتحول إلى شراء بالمستوى المطلوب.,3.4,0,1176.0,77,14,77,6,2131.18,23,3.4,25,6,0,2024-01-01,2024-12-30,66|73|164|125|169,قميص قطني كلاسيكي - اصدار خاص|فستان سهره انيق - اصدار خاص|حقيبه يد جلديه - اصدار خاص|شال كشمير ناعم - اصدار خاص|فستان سهره انيق - اصدار خاص,288.648,3.4200000000000004,1.6654663693794132,0.9477297866204534,66,قميص قطني كلاسيكي - اصدار خاص,False,False,True,False,False,False,True,trust,none,2.8,عدد المراجعات أقل من المنتجات المشابهة مما يضعف الثقة,6,158,فستان سهره انيق - اصدار خاص,,Substitute,0.6,شركاء مقترحون بناءً على الشراء المتكرر داخل نفس القسم.,منتجات من نفس القسم يميل العملاء لضمّها — فرصة بيع تكميلي داخلي.,True,conversion_friction,"Cart activity exists, but too few cart users convert to buyers.",Moderate Performance,High Abandonment,conversion_friction|trust,2,Investigate checkout or value-friction and reduce drop-off after add-to-cart.,افحص تعثر ما بعد الاضافة للسلة وخفف اسباب الانسحاب قبل الشراء.,Bundle with فستان سهره انيق - اصدار خاص where relevant.,فعّل باقة او ربطا مع المنتج فستان سهره انيق - اصدار خاص عندما يكون ذلك مناسبا.,conversion+bundle,Investigate checkout or value-friction and reduce drop-off after add-to-cart.,افحص تعثر ما بعد الاضافة للسلة وخفف اسباب الانسحاب قبل الشراء.,Conversion 92.00% vs category avg 228.45%.,Cart abandonment is high at 100.00%.,,41.23,Medium,Low
17,شال كشمير ناعم,شال كشمير ناعم,الازياء والملابس,unknown_subcategory,H&M,281.04,,False,24,7,1,36,24,7,1,7,24,21,7.0,1.0,34,34.0,7.0,21.0,False,12084.72,43,36,0.2916666666666667,0.1428571428571428,0.0416666666666666,0.8571428571428572,0.2916666666666667,1.7142857142857142,0.8571428571428572,Moderate,0.2252760681139457,0.2252760681139457,27.0,27.0,27.0,0.0416666666666666,2.284453274168197,2.3080357142857144,18.59375,0.7504139978130699,False,False,False,High,False,False,False,False,False,متوسط,يحتاج متابعة,أداء متوسط,أداء المنتج متوسط ويمكن تحسينه من خلال تدخلات مركزة.,3.7,0,1239.0,64,11,64,6,12084.72,36,3.7,24,7,1,2024-01-01,2024-12-30,73|83|169|16|15,فستان سهره انيق - اصدار خاص|فستان سهره انيق - اصدار خاص|فستان سهره انيق - اصدار خاص|حقيبه يد جلديه|حذاء رياضي مريح,489.196,3.4800000000000004,2.7447826086956524,0.9538677437804896,73,فستان سهره انيق - اصدار خاص,False,False,True,False,False,False,True,trust,none,3.8,قوة العلامة التجارية أقل من منافسيه داخل المجموعة | عدد المراجعات أقل من المنتجات المشابهة مما يضعف الثقة,6,164,حقيبه يد جلديه - اصدار خاص,,Substitute,1.1,شركاء مقترحون بناءً على الشراء المتكرر داخل نفس القسم.,منتجات من نفس القسم يميل العملاء لضمّها — فرصة بيع تكميلي داخلي.,True,mixed_context,قوة العلامة التجارية أقل من منافسيه داخل المجموعة | عدد المراجعات أقل من المنتجات المشابهة مما يضعف الثقة,Moderate Performance,يحتاج متابعة,trust,1,"Apply a focused optimization plan across pricing, content, and conversion levers.",طبق خطة تحسين مركزة تشمل السعر والمحتوى ومحفزات التحويل.,Bundle with حقيبه يد جلديه - اصدار خاص where relevant.,فعّل باقة او ربطا مع المنتج حقيبه يد جلديه - اصدار خاص عندما يكون ذلك مناسبا.,mixed+bundle,"Apply a focused optimization plan across pricing, content, and conversion levers.",طبق خطة تحسين مركزة تشمل السعر والمحتوى ومحفزات التحويل.,Conversion 171.43% vs category avg 228.45%.,,,40.93,Medium,Low
100,حقيبه يد جلديه - اصدار خاص,حقيبه يد جلديه - اصدار خاص,الازياء والملابس,unknown_subcategory,مانجو,418.81,,False,13,5,0,25,13,5,0,5,13,13,5.0,0.0,25,25.0,5.0,13.0,False,12145.49,29,25,0.3846153846153846,0.0,0.0,1.0,0.3846153846153846,1.9230769230769231,1.0,Moderate,-0.3142936799796672,-0.3142936799796672,97.0,97.0,97.0,0.0,2.284453274168197,2.3080357142857144,18.59375,0.84181057446979,False,False,False,High,False,False,True,False,False,متوسط,انسحاب مرتفع بعد الإضافة للسلة,انسحاب مرتفع بعد الإضافة للسلة,هناك اهتمام واضح بالمنتج لكن جزءًا من العملاء لا يكمل الشراء بعد الإضافة للسلة.,4.3,0,1173.0,77,14,77,3,12145.49,25,4.3,13,5,0,2024-01-01,2024-12-30,198|158|156|121|166,حقيبه يد جلديه - اصدار خاص|فستان سهره انيق - اصدار خاص|قميص قطني كلاسيكي - اصدار خاص|حذاء رياضي مريح - اصدار خاص|فستان سهره انيق - اصدار خاص,338.3,4.16,2.20593635250918,0.9849707602429628,198,حقيبه يد جلديه - اصدار خاص,True,False,True,False,False,False,True,pricing,trust,4.0,السعر أعلى من المستوى المعتاد داخل المجموعة المنافسة | عدد المراجعات أقل من المنتجات المشابهة مما يضعف الثقة,6,158,فستان سهره انيق - اصدار خاص,,Substitute,0.5,شركاء مقترحون بناءً على الشراء المتكرر داخل نفس القسم.,منتجات من نفس القسم يميل العملاء لضمّها — فرصة بيع تكميلي داخلي.,True,conversion_friction,"Cart activity exists, but too few cart users convert to buyers. Additional issues detected (conversion_friction | pricing): The product appears overpriced relative to its closest peer group.",Moderate Performance,High Abandonment + High Price vs Peers,conversion_friction|pricing|trust,3,Investigate checkout or value-friction and reduce drop-off after add-to-cart.,افحص تعثر ما بعد الاضافة للسلة وخفف اسباب الانسحاب قبل الشراء.,Bundle with فستان سهره انيق - اصدار خاص where relevant.,فعّل باقة او ربطا مع المنتج فستان سهره انيق - اصدار خاص عندما يكون ذلك مناسبا.,conversion+bundle,Investigate checkout or value-friction and reduce drop-off after add-to-cart.,افحص تعثر ما بعد الاضافة للسلة وخفف اسباب الانسحاب قبل الشراء.,Conversion 192.31% vs category avg 228.45%.,Price is above peer average (418.81 vs 338.30).,Cart abandonment is high at 100.00%.,40.53,Medium,Low
58,كتاب الطبخ العربي التقليدي,كتاب الطبخ العربي التقليدي,الكتب والتعليم,unknown_subcategory,دار قرطبه,143.75,,False,9,2,0,29,9,2,0,2,9,8,2.0,0.0,28,28.0,2.0,8.0,False,4168.75,29,29,0.2222222222222222,0.0,0.0,1.0,0.2222222222222222,3.625,1.0,Moderate,-0.4106231632339497,-0.4106231632339497,150.0,150.0,150.0,0.0,3.3634956997365264,2.083333333333333,23.17142857142857,1.0777477730338585,True,False,False,High,False,True,True,False,True,متوسط,انسحاب مرتفع بعد الإضافة للسلة,انسحاب مرتفع بعد الإضافة للسلة,هناك اهتمام واضح بالمنتج لكن جزءًا من العملاء لا يكمل الشراء بعد الإضافة للسلة.,3.1,0,1111.0,74,12,74,7,4168.75,29,3.1,9,2,0,2024-01-01,2024-12-30,57|92|144|172|193,مجموعه كتب الطفل التعليميه|موسوعه التاريخ الاسلامي - اصدار خاص|كتاب تطوير الذات والتحفيز - اصدار خاص|كتاب رياده الاعمال والنجاح - اصدار خاص|مجموعه كتب الطفل التعليميه - اصدار خاص,163.606,3.5,1.0589135883186225,0.9583012267939864,57,مجموعه كتب الطفل التعليميه,False,True,True,False,False,False,True,trust,none,4.3,تقييم المنتج أقل من متوسط المنتجات المشابهة | عدد المراجعات أقل من المنتجات المشابهة مما يضعف الثقة,3,54,قاموس عربي انجليزي شامل,,Substitute,0.5,شركاء مقترحون بناءً على الشراء المتكرر داخل نفس القسم.,منتجات من نفس القسم يميل العملاء لضمّها — فرصة بيع تكميلي داخلي.,True,conversion_friction,"Cart activity exists, but too few cart users convert to buyers. Additional issues detected (conversion_friction | visibility): The product receives limited qualified visibility in the selected period.",Moderate Performance,High Abandonment + Low Visibility,conversion_friction|trust|visibility,3,Investigate checkout or value-friction and reduce drop-off after add-to-cart.,افحص تعثر ما بعد الاضافة للسلة وخفف اسباب الانسحاب قبل الشراء.,Bundle with قاموس عربي انجليزي شامل where relevant.,فعّل باقة او ربطا مع المنتج قاموس عربي انجليزي شامل عندما يكون ذلك مناسبا.,conversion+bundle,Investigate checkout or value-friction and reduce drop-off after add-to-cart.,افحص تعثر ما بعد الاضافة للسلة وخفف اسباب الانسحاب قبل الشراء.,Conversion 362.50% vs category avg 336.35%.,Rating trails peers (3.10 vs 3.50).,Cart abandonment is high at 100.00%.,39.75,Medium,Low
11,قميص قطني كلاسيكي,قميص قطني كلاسيكي,الازياء والملابس,unknown_subcategory,بوما,73.96,,False,7,3,0,29,7,3,0,3,7,7,3.0,0.0,29,29.0,3.0,7.0,False,2662.56,36,29,0.4285714285714285,0.0,0.0,1.0,0.4285714285714285,4.142857142857143,1.0,Moderate,-0.3907423188683455,-0.3907423188683455,138.0,138.0,138.0,0.0,2.284453274168197,2.3080357142857144,18.59375,1.8135004947149191,True,False,False,High,False,True,False,False,True,متوسط,انسحاب مرتفع بعد الإضافة للسلة,انسحاب مرتفع بعد الإضافة للسلة,المنتج لا يحصل على عدد كافٍ من الزيارات خلال الفترة المختارة.,3.2,0,1238.0,68,11,68,3,2662.56,29,3.2,7,3,0,2024-01-01,2024-12-30,125|155|93|180|83,شال كشمير ناعم - اصدار خاص|حذاء رياضي مريح - اصدار خاص|شال كشمير ناعم - اصدار خاص|شال كشمير ناعم - اصدار خاص|فستان سهره انيق - اصدار خاص,335.31000000000006,3.24,2.016052449965493,0.939564551171602,125,شال كشمير ناعم - اصدار خاص,False,True,True,False,False,False,True,trust,none,4.3,تقييم المنتج أقل من متوسط المنتجات المشابهة | عدد المراجعات أقل من المنتجات المشابهة مما يضعف الثقة,6,180,شال كشمير ناعم - اصدار خاص,,Substitute,0.3,شركاء مقترحون بناءً على الشراء المتكرر داخل نفس القسم.,منتجات من نفس القسم يميل العملاء لضمّها — فرصة بيع تكميلي داخلي.,True,visibility,The product receives limited qualified visibility in the selected period.,Moderate Performance,Low Visibility,trust|visibility,2,"Increase visibility through merchandising, search placement, and demand generation.",ارفع الظهور عبر الترويج والتموضع في البحث وتنشيط الطلب.,Bundle with شال كشمير ناعم - اصدار خاص where relevant.,فعّل باقة او ربطا مع المنتج شال كشمير ناعم - اصدار خاص عندما يكون ذلك مناسبا.,visibility+bundle,"Increase visibility through merchandising, search placement, and demand generation.",ارفع الظهور عبر الترويج والتموضع في البحث وتنشيط الطلب.,Conversion 414.29% vs category avg 228.45%.,Rating trails peers (3.20 vs 3.24).,,39.73,Medium,Low
127,قميص قطني كلاسيكي - اصدار خاص,قميص قطني كلاسيكي - اصدار خاص,الازياء والملابس,unknown_subcategory,اديداس,209.71,,False,12,1,0,28,12,1,0,1,12,11,1.0,0.0,26,26.0,1.0,11.0,False,6501.01,31,28,0.0833333333333333,0.0,0.0,1.0,0.0833333333333333,2.5454545454545454,1.0,Moderate,-0.4321300825300382,-0.4321300825300382,160.0,160.0,160.0,0.0,2.284453274168197,2.3080357142857144,18.59375,1.1142510876618312,False,False,False,High,False,False,True,False,True,متوسط,انسحاب مرتفع بعد الإضافة للسلة,انسحاب مرتفع بعد الإضافة للسلة,هناك اهتمام واضح بالمنتج لكن جزءًا من العملاء لا يكمل الشراء بعد الإضافة للسلة.,3.0,0,1080.0,80,14,80,3,6501.01,28,3.0,12,1,0,2024-01-01,2024-12-30,63|166|164|20|190,حذاء رياضي مريح - اصدار خاص|فستان سهره انيق - اصدار خاص|حقيبه يد جلديه - اصدار خاص|حذاء رسمي جلد|حذاء رسمي جلد - اصدار خاص,451.282,3.58,2.2671218255428784,0.9210336500192104,63,حذاء رياضي مريح - اصدار خاص,False,True,True,False,False,False,True,trust,none,4.3,تقييم المنتج أقل من متوسط المنتجات المشابهة | عدد المراجعات أقل من المنتجات المشابهة مما يضعف الثقة,6,158,فستان سهره انيق - اصدار خاص,,Substitute,0.3,شركاء مقترحون بناءً على الشراء المتكرر داخل نفس القسم.,منتجات من نفس القسم يميل العملاء لضمّها — فرصة بيع تكميلي داخلي.,True,conversion_friction,"Cart activity exists, but too few cart users convert to buyers.",Moderate Performance,High Abandonment,conversion_friction|trust,2,Investigate checkout or value-friction and reduce drop-off after add-to-cart.,افحص تعثر ما بعد الاضافة للسلة وخفف اسباب الانسحاب قبل الشراء.,Bundle with فستان سهره انيق - اصدار خاص where relevant.,فعّل باقة او ربطا مع المنتج فستان سهره انيق - اصدار خاص عندما يكون ذلك مناسبا.,conversion+bundle,Investigate checkout or value-friction and reduce drop-off after add-to-cart.,افحص تعثر ما بعد الاضافة للسلة وخفف اسباب الانسحاب قبل الشراء.,Conversion 254.55% vs category avg 228.45%.,Rating trails peers (3.00 vs 3.58).,Cart abandonment is high at 100.00%.,39.73,Medium,Low
120,روايه عربيه بيست سيلر - اصدار خاص,روايه عربيه بيست سيلر - اصدار خاص,الكتب والتعليم,unknown_subcategory,الوراق,37.31,,False,14,2,1,41,14,2,1,2,14,14,2.0,1.0,39,39.0,2.0,14.0,False,1678.95,45,41,0.1428571428571428,0.5,0.0714285714285714,0.5,0.1428571428571428,2.9285714285714284,0.5,Moderate,0.8988124548851536,0.8988124548851536,1.0,1.0,1.0,0.0714285714285714,3.3634956997365264,2.083333333333333,23.17142857142857,0.8706927821554322,False,False,False,High,False,False,False,False,True,متوسط,يحتاج متابعة,أداء متوسط,أداء المنتج متوسط ويمكن تحسينه من خلال تدخلات مركزة.,4.2,0,1092.0,81,15,81,4,1678.95,41,4.2,14,2,1,2024-01-01,2024-12-30,175|145|172|193|92,مجموعه كتب الطفل التعليميه - اصدار خاص|قاموس عربي انجليزي شامل - اصدار خاص|كتاب رياده الاعمال والنجاح - اصدار خاص|مجموعه كتب الطفل التعليميه - اصدار خاص|موسوعه التاريخ الاسلامي - اصدار خاص,165.948,3.92,1.0984476454781729,0.9444936417084768,175,مجموعه كتب الطفل التعليميه - اصدار خاص,False,False,True,False,False,False,True,trust,none,3.8,قوة العلامة التجارية أقل من منافسيه داخل المجموعة | عدد المراجعات أقل من المنتجات المشابهة مما يضعف الثقة,3,51,كتاب تعلم البرمجه بالعربيه,,Substitute,0.9,شركاء مقترحون بناءً على الشراء المتكرر داخل نفس القسم.,منتجات من نفس القسم يميل العملاء لضمّها — فرصة بيع تكميلي داخلي.,True,mixed_context,قوة العلامة التجارية أقل من منافسيه داخل المجموعة | عدد المراجعات أقل من المنتجات المشابهة مما يضعف الثقة,Moderate Performance,يحتاج متابعة,trust,1,"Apply a focused optimization plan across pricing, content, and conversion levers.",طبق خطة تحسين مركزة تشمل السعر والمحتوى ومحفزات التحويل.,Bundle with كتاب تعلم البرمجه بالعربيه where relevant.,فعّل باقة او ربطا مع المنتج كتاب تعلم البرمجه بالعربيه عندما يكون ذلك مناسبا.,mixed+bundle,"Apply a focused optimization plan across pricing, content, and conversion levers.",طبق خطة تحسين مركزة تشمل السعر والمحتوى ومحفزات التحويل.,Conversion 292.86% vs category avg 336.35%.,,,39.41,Medium,Low
154,ثلاجه نوفروست 350 لتر - اصدار خاص,ثلاجه نوفروست 350 لتر - اصدار خاص,المنزل والمطبخ,unknown_subcategory,توشيبا,3786.85,,False,6,2,0,26,6,2,0,2,6,6,2.0,0.0,25,25.0,2.0,6.0,False,117392.35,31,26,0.3333333333333333,0.0,0.0,1.0,0.3333333333333333,4.333333333333333,1.0,Moderate,-0.3872247925177469,-0.3872247925177469,136.0,136.0,136.0,0.0,4.391284662352632,1.9285714285714288,21.80555555555556,0.9868031035391244,True,False,False,High,False,True,True,False,True,متوسط,انسحاب مرتفع بعد الإضافة للسلة,انسحاب مرتفع بعد الإضافة للسلة,هناك اهتمام واضح بالمنتج لكن جزءًا من العملاء لا يكمل الشراء بعد الإضافة للسلة.,3.9,0,1148.0,77,13,77,5,117392.35,26,3.9,6,2,0,2024-01-01,2024-12-30,130|178|23|162|134,ثلاجه نوفروست 350 لتر - اصدار خاص|مكيف هواء انفيرتر 18000 - اصدار خاص|ثلاجه نوفروست 350 لتر|ثلاجه نوفروست 350 لتر - اصدار خاص|ثلاجه نوفروست 350 لتر - اصدار خاص,3137.476,4.0,1.5154512154512154,0.9317668627556028,130,ثلاجه نوفروست 350 لتر - اصدار خاص,True,False,True,False,False,False,True,pricing,trust,4.0,السعر أعلى من المستوى المعتاد داخل المجموعة المنافسة | عدد المراجعات أقل من المنتجات المشابهة مما يضعف الثقة,4,29,مجموعه سكاكين مطبخ,,Substitute,0.4,شركاء مقترحون بناءً على الشراء المتكرر داخل نفس القسم.,منتجات من نفس القسم يميل العملاء لضمّها — فرصة بيع تكميلي داخلي.,True,conversion_friction,"Cart activity exists, but too few cart users convert to buyers. Additional issues detected (conversion_friction | pricing | visibility): The product appears overpriced relative to its closest peer group. Also: The product receives limited qualified visibility in the selected period.",Moderate Performance,High Abandonment + High Price vs Peers + Low Visibility,conversion_friction|pricing|trust|visibility,4,Investigate checkout or value-friction and reduce drop-off after add-to-cart.,افحص تعثر ما بعد الاضافة للسلة وخفف اسباب الانسحاب قبل الشراء.,Bundle with مجموعه سكاكين مطبخ where relevant.,فعّل باقة او ربطا مع المنتج مجموعه سكاكين مطبخ عندما يكون ذلك مناسبا.,conversion+bundle,Investigate checkout or value-friction and reduce drop-off after add-to-cart.,افحص تعثر ما بعد الاضافة للسلة وخفف اسباب الانسحاب قبل الشراء.,Conversion 433.33% vs category avg 439.13%.,Price is above peer average (3786.85 vs 3137.48).,Cart abandonment is high at 100.00%.,38.7,Medium,Low
19,تيشيرت بولو قطن,تيشيرت بولو قطن,الازياء والملابس,unknown_subcategory,زارا,195.42,,False,17,1,0,35,17,1,0,1,17,16,1.0,0.0,34,34.0,1.0,16.0,False,7621.379999999999,39,35,0.0588235294117647,0.0,0.0,1.0,0.0588235294117647,2.1875,1.0,Moderate,-0.3778748386838567,-0.3778748386838567,131.0,131.0,131.0,0.0,2.284453274168197,2.3080357142857144,18.59375,0.9575595284593862,False,False,False,High,False,False,True,False,True,متوسط,انسحاب مرتفع بعد الإضافة للسلة,انسحاب مرتفع بعد الإضافة للسلة,هناك اهتمام واضح بالمنتج لكن جزءًا من العملاء لا يكمل الشراء بعد الإضافة للسلة.,4.2,0,1138.0,64,10,64,2,7621.379999999999,35,4.2,17,1,0,2024-01-01,2024-12-30,129|166|121|100|12,تيشيرت بولو قطن - اصدار خاص|فستان سهره انيق - اصدار خاص|حذاء رياضي مريح - اصدار خاص|حقيبه يد جلديه - اصدار خاص|فستان سهره انيق,271.124,4.220000000000001,2.5214574898785425,0.9495886522996896,129,تيشيرت بولو قطن - اصدار خاص,False,False,True,True,False,False,True,trust,content,3.9,الدعم البصري أضعف من المنافسين من حيث عدد الصور | عدد المراجعات أقل من المنتجات المشابهة مما يضعف الثقة,6,13,بنطلون جينز سليم فيت,,Substitute,0.3,شركاء مقترحون بناءً على الشراء المتكرر داخل نفس القسم.,منتجات من نفس القسم يميل العملاء لضمّها — فرصة بيع تكميلي داخلي.,True,conversion_friction,"Cart activity exists, but too few cart users convert to buyers. Additional issues detected (conversion_friction | content): Product content richness or image coverage lags similar products.",Moderate Performance,High Abandonment + Weak Content,conversion_friction|trust|content,3,Investigate checkout or value-friction and reduce drop-off after add-to-cart.,افحص تعثر ما بعد الاضافة للسلة وخفف اسباب الانسحاب قبل الشراء.,Bundle with بنطلون جينز سليم فيت where relevant.,فعّل باقة او ربطا مع المنتج بنطلون جينز سليم فيت عندما يكون ذلك مناسبا.,conversion+bundle,Investigate checkout or value-friction and reduce drop-off after add-to-cart.,افحص تعثر ما بعد الاضافة للسلة وخفف اسباب الانسحاب قبل الشراء.,Conversion 218.75% vs category avg 228.45%.,Cart abandonment is high at 100.00%.,,38.66,Medium,Low
103,بنطلون جينز سليم فيت - اصدار خاص,بنطلون جينز سليم فيت - اصدار خاص,الازياء والملابس,unknown_subcategory,بوما,398.87,,False,11,1,0,36,11,1,0,1,11,11,1.0,0.0,36,36.0,1.0,11.0,False,15555.93,39,36,0.0909090909090909,0.0,0.0,1.0,0.0909090909090909,3.272727272727273,1.0,Moderate,-0.4111396766408458,-0.4111396766408458,151.0,151.0,151.0,0.0,2.284453274168197,2.3080357142857144,18.59375,1.432608541279497,False,False,False,High,False,True,False,False,True,متوسط,انسحاب مرتفع بعد الإضافة للسلة,انسحاب مرتفع بعد الإضافة للسلة,المنتج لا يحصل على عدد كافٍ من الزيارات خلال الفترة المختارة.,3.7,0,1246.0,81,14,81,4,15555.93,36,3.7,11,1,0,2024-01-01,2024-12-30,184|155|11|83|73,حذاء رسمي جلد - اصدار خاص|حذاء رياضي مريح - اصدار خاص|قميص قطني كلاسيكي|فستان سهره انيق - اصدار خاص|فستان سهره انيق - اصدار خاص,364.852,3.12,2.6042857142857145,0.9195490391472966,184,حذاء رسمي جلد - اصدار خاص,True,False,True,False,False,False,True,pricing,trust,4.0,السعر أعلى من المستوى المعتاد داخل المجموعة المنافسة | عدد المراجعات أقل من المنتجات المشابهة مما يضعف الثقة,6,164,حقيبه يد جلديه - اصدار خاص,,Substitute,0.5,شركاء مقترحون بناءً على الشراء المتكرر داخل نفس القسم.,منتجات من نفس القسم يميل العملاء لضمّها — فرصة بيع تكميلي داخلي.,True,pricing,The product appears overpriced relative to its closest peer group. Additional issues detected (pricing | visibility): The product receives limited qualified visibility in the selected period.,Moderate Performance,High Price vs Peers + Low Visibility,pricing|trust|visibility,3,Test a sharper price point or targeted promotion against peer price levels.,اختبر سعرا اكثر تنافسية او عرضا ترويجيا موجها مقارنة بالبدائل القريبة.,Bundle with حقيبه يد جلديه - اصدار خاص where relevant.,فعّل باقة او ربطا مع المنتج حقيبه يد جلديه - اصدار خاص عندما يكون ذلك مناسبا.,pricing+bundle,Test a sharper price point or targeted promotion against peer price levels.,اختبر سعرا اكثر تنافسية او عرضا ترويجيا موجها مقارنة بالبدائل القريبة.,Conversion 327.27% vs category avg 228.45%.,Price is above peer average (398.87 vs 364.85).,,38.55,Medium,Low
12,فستان سهره انيق,فستان سهره انيق,الازياء والملابس,unknown_subcategory,نايكي,378.07,,False,14,5,0,35,14,5,0,5,14,14,5.0,0.0,34,34.0,5.0,14.0,False,15122.8,40,35,0.3571428571428571,0.0,0.0,1.0,0.3571428571428571,2.5,1.0,Moderate,-0.2757607649098124,-0.2757607649098124,84.0,84.0,84.0,0.0,2.284453274168197,2.3080357142857144,18.59375,1.094353746810727,False,False,False,High,False,False,True,False,False,متوسط,انسحاب مرتفع بعد الإضافة للسلة,انسحاب مرتفع بعد الإضافة للسلة,هناك اهتمام واضح بالمنتج لكن جزءًا من العملاء لا يكمل الشراء بعد الإضافة للسلة.,4.2,0,1152.0,64,10,64,5,15122.8,35,4.2,14,5,0,2024-01-01,2024-12-30,121|164|198|66|14,حذاء رياضي مريح - اصدار خاص|حقيبه يد جلديه - اصدار خاص|حقيبه يد جلديه - اصدار خاص|قميص قطني كلاسيكي - اصدار خاص|عباءه مطرزه فاخره,387.784,4.24,2.771794871794872,0.9292431806536192,121,حذاء رياضي مريح - اصدار خاص,True,False,True,False,False,False,True,pricing,trust,4.0,السعر أعلى من المستوى المعتاد داخل المجموعة المنافسة | عدد المراجعات أقل من المنتجات المشابهة مما يضعف الثقة,6,164,حقيبه يد جلديه - اصدار خاص,,Substitute,0.4,شركاء مقترحون بناءً على الشراء المتكرر داخل نفس القسم.,منتجات من نفس القسم يميل العملاء لضمّها — فرصة بيع تكميلي داخلي.,True,conversion_friction,"Cart activity exists, but too few cart users convert to buyers. Additional issues detected (conversion_friction | pricing): The product appears overpriced relative to its closest peer group.",Moderate Performance,High Abandonment + High Price vs Peers,conversion_friction|pricing|trust,3,Investigate checkout or value-friction and reduce drop-off after add-to-cart.,افحص تعثر ما بعد الاضافة للسلة وخفف اسباب الانسحاب قبل الشراء.,Bundle with حقيبه يد جلديه - اصدار خاص where relevant.,فعّل باقة او ربطا مع المنتج حقيبه يد جلديه - اصدار خاص عندما يكون ذلك مناسبا.,conversion+bundle,Investigate checkout or value-friction and reduce drop-off after add-to-cart.,افحص تعثر ما بعد الاضافة للسلة وخفف اسباب الانسحاب قبل الشراء.,Conversion 250.00% vs category avg 228.45%.,Price is above peer average (378.07 vs 387.78).,Cart abandonment is high at 100.00%.,38.54,Medium,Low
20,حذاء رسمي جلد,حذاء رسمي جلد,الازياء والملابس,unknown_subcategory,مانجو,600.91,,False,11,4,0,32,11,4,0,4,11,11,4.0,0.0,30,30.0,4.0,11.0,False,19830.03,33,32,0.3636363636363636,0.0,0.0,1.0,0.3636363636363636,2.909090909090909,1.0,Moderate,-0.3312294280298699,-0.3312294280298699,109.0,109.0,109.0,0.0,2.284453274168197,2.3080357142857144,18.59375,1.2734298144706642,False,False,False,High,False,True,False,False,False,متوسط,انسحاب مرتفع بعد الإضافة للسلة,انسحاب مرتفع بعد الإضافة للسلة,المنتج لا يحصل على عدد كافٍ من الزيارات خلال الفترة المختارة.,3.4,0,1086.0,63,11,63,4,19830.03,32,3.4,11,4,0,2024-01-01,2024-12-30,190|13|121|63|127,حذاء رسمي جلد - اصدار خاص|بنطلون جينز سليم فيت|حذاء رياضي مريح - اصدار خاص|حذاء رياضي مريح - اصدار خاص|قميص قطني كلاسيكي - اصدار خاص,400.79800000000006,3.4599999999999995,2.689090909090909,0.9544747427340432,190,حذاء رسمي جلد - اصدار خاص,True,False,True,False,False,False,True,pricing,trust,4.0,السعر أعلى من المستوى المعتاد داخل المجموعة المنافسة | عدد المراجعات أقل من المنتجات المشابهة مما يضعف الثقة,6,129,تيشيرت بولو قطن - اصدار خاص,,Substitute,0.4,شركاء مقترحون بناءً على الشراء المتكرر داخل نفس القسم.,منتجات من نفس القسم يميل العملاء لضمّها — فرصة بيع تكميلي داخلي.,True,pricing,The product appears overpriced relative to its closest peer group. Additional issues detected (pricing | visibility): The product receives limited qualified visibility in the selected period.,Moderate Performance,High Price vs Peers + Low Visibility,pricing|trust|visibility,3,Test a sharper price point or targeted promotion against peer price levels.,اختبر سعرا اكثر تنافسية او عرضا ترويجيا موجها مقارنة بالبدائل القريبة.,Bundle with تيشيرت بولو قطن - اصدار خاص where relevant.,فعّل باقة او ربطا مع المنتج تيشيرت بولو قطن - اصدار خاص عندما يكون ذلك مناسبا.,pricing+bundle,Test a sharper price point or targeted promotion against peer price levels.,اختبر سعرا اكثر تنافسية او عرضا ترويجيا موجها مقارنة بالبدائل القريبة.,Conversion 290.91% vs category avg 228.45%.,Price is above peer average (600.91 vs 400.80).,,38.54,Medium,Low
16,حقيبه يد جلديه,حقيبه يد جلديه,الازياء والملابس,unknown_subcategory,مانجو,680.77,,False,10,3,0,29,10,3,0,3,10,10,3.0,0.0,29,29.0,3.0,10.0,False,21784.64,32,29,0.3,0.0,0.0,1.0,0.3,2.9,1.0,Moderate,-0.3760202199811857,-0.3760202199811857,128.0,128.0,128.0,0.0,2.284453274168197,2.3080357142857144,18.59375,1.2694503463004434,False,False,False,High,False,True,False,False,True,متوسط,انسحاب مرتفع بعد الإضافة للسلة,انسحاب مرتفع بعد الإضافة للسلة,المنتج لا يحصل على عدد كافٍ من الزيارات خلال الفترة المختارة.,3.9,0,1234.0,64,11,64,8,21784.64,29,3.9,10,3,0,2024-01-01,2024-12-30,15|18|73|17|83,حذاء رياضي مريح|جاكيت شتوي دافي|فستان سهره انيق - اصدار خاص|شال كشمير ناعم|فستان سهره انيق - اصدار خاص,455.816,3.58,2.4217933130699087,0.951468254330606,15,حذاء رياضي مريح,True,False,True,False,False,False,True,pricing,trust,4.0,السعر أعلى من المستوى المعتاد داخل المجموعة المنافسة | عدد المراجعات أقل من المنتجات المشابهة مما يضعف الثقة,6,166,فستان سهره انيق - اصدار خاص,,Substitute,0.4,شركاء مقترحون بناءً على الشراء المتكرر داخل نفس القسم.,منتجات من نفس القسم يميل العملاء لضمّها — فرصة بيع تكميلي داخلي.,True,pricing,The product appears overpriced relative to its closest peer group. Additional issues detected (pricing | visibility): The product receives limited qualified visibility in the selected period.,Moderate Performance,High Price vs Peers + Low Visibility,pricing|trust|visibility,3,Test a sharper price point or targeted promotion against peer price levels.,اختبر سعرا اكثر تنافسية او عرضا ترويجيا موجها مقارنة بالبدائل القريبة.,Bundle with فستان سهره انيق - اصدار خاص where relevant.,فعّل باقة او ربطا مع المنتج فستان سهره انيق - اصدار خاص عندما يكون ذلك مناسبا.,pricing+bundle,Test a sharper price point or targeted promotion against peer price levels.,اختبر سعرا اكثر تنافسية او عرضا ترويجيا موجها مقارنة بالبدائل القريبة.,Conversion 290.00% vs category avg 228.45%.,Price is above peer average (680.77 vs 455.82).,,38.54,Medium,Low
15,حذاء رياضي مريح,حذاء رياضي مريح,الازياء والملابس,unknown_subcategory,اديداس,478.33,,False,5,0,0,26,5,0,0,0,5,5,0.0,0.0,25,25.0,0.0,5.0,False,13871.57,29,26,0.0,,0.0,0.0,0.0,5.2,,Moderate,0.3538401830194476,0.3538401830194476,19.0,19.0,19.0,0.0,2.284453274168197,2.3080357142857144,18.59375,2.276255793366312,True,False,True,High,False,True,False,False,True,متوسط,ظهور أقل من المطلوب,مشاهدات أقل من المطلوب,المنتج لا يحصل على عدد كافٍ من الزيارات خلال الفترة المختارة.,3.6,0,1201.0,64,10,64,7,13871.57,26,3.6,5,0,0,2024-01-01,2024-12-30,18|16|73|66|12,جاكيت شتوي دافي|حقيبه يد جلديه|فستان سهره انيق - اصدار خاص|قميص قطني كلاسيكي - اصدار خاص|فستان سهره انيق,445.6060000000001,3.8,2.2656028368794323,0.9621226938686585,18,جاكيت شتوي دافي,True,False,True,False,False,False,True,pricing,trust,4.0,السعر أعلى من المستوى المعتاد داخل المجموعة المنافسة | عدد المراجعات أقل من المنتجات المشابهة مما يضعف الثقة,6,190,حذاء رسمي جلد - اصدار خاص,,Substitute,0.3,شركاء مقترحون بناءً على الشراء المتكرر داخل نفس القسم.,منتجات من نفس القسم يميل العملاء لضمّها — فرصة بيع تكميلي داخلي.,True,pricing,The product appears overpriced relative to its closest peer group. Additional issues detected (pricing | visibility): The product receives limited qualified visibility in the selected period.,Moderate Performance,High Price vs Peers + Low Visibility,pricing|trust|visibility,3,Test a sharper price point or targeted promotion against peer price levels.,اختبر سعرا اكثر تنافسية او عرضا ترويجيا موجها مقارنة بالبدائل القريبة.,Bundle with حذاء رسمي جلد - اصدار خاص where relevant.,فعّل باقة او ربطا مع المنتج حذاء رسمي جلد - اصدار خاص عندما يكون ذلك مناسبا.,pricing+bundle,Test a sharper price point or targeted promotion against peer price levels.,اختبر سعرا اكثر تنافسية او عرضا ترويجيا موجها مقارنة بالبدائل القريبة.,Conversion 520.00% vs category avg 228.45%.,Price is above peer average (478.33 vs 445.61).,,38.53,Medium,Low
198,حقيبه يد جلديه - اصدار خاص,حقيبه يد جلديه - اصدار خاص,الازياء والملابس,unknown_subcategory,ليفايز,440.15,,False,12,5,0,39,12,5,0,5,12,12,5.0,0.0,39,39.0,5.0,12.0,False,18926.45,43,39,0.4166666666666667,0.0,0.0,1.0,0.4166666666666667,3.25,1.0,Moderate,-0.2731374509111049,-0.2731374509111049,83.0,83.0,83.0,0.0,2.284453274168197,2.3080357142857144,18.59375,1.422659870853945,False,False,False,High,False,False,False,False,False,متوسط,انسحاب مرتفع بعد الإضافة للسلة,انسحاب مرتفع بعد الإضافة للسلة,أداء المنتج متوسط ويمكن تحسينه من خلال تدخلات مركزة.,4.5,0,1183.0,77,14,77,4,18926.45,39,4.5,12,5,0,2024-01-01,2024-12-30,100|121|158|12|164,حقيبه يد جلديه - اصدار خاص|حذاء رياضي مريح - اصدار خاص|فستان سهره انيق - اصدار خاص|فستان سهره انيق|حقيبه يد جلديه - اصدار خاص,405.958,4.18,1.9579606440071555,0.9849707602429628,100,حقيبه يد جلديه - اصدار خاص,True,False,True,False,False,False,True,pricing,trust,4.0,السعر أعلى من المستوى المعتاد داخل المجموعة المنافسة | عدد المراجعات أقل من المنتجات المشابهة مما يضعف الثقة,6,166,فستان سهره انيق - اصدار خاص,,Substitute,0.3,شركاء مقترحون بناءً على الشراء المتكرر داخل نفس القسم.,منتجات من نفس القسم يميل العملاء لضمّها — فرصة بيع تكميلي داخلي.,True,pricing,The product appears overpriced relative to its closest peer group.,Moderate Performance,High Price vs Peers,pricing|trust,2,Test a sharper price point or targeted promotion against peer price levels.,اختبر سعرا اكثر تنافسية او عرضا ترويجيا موجها مقارنة بالبدائل القريبة.,Bundle with فستان سهره انيق - اصدار خاص where relevant.,فعّل باقة او ربطا مع المنتج فستان سهره انيق - اصدار خاص عندما يكون ذلك مناسبا.,pricing+bundle,Test a sharper price point or targeted promotion against peer price levels.,اختبر سعرا اكثر تنافسية او عرضا ترويجيا موجها مقارنة بالبدائل القريبة.,Conversion 325.00% vs category avg 228.45%.,Price is above peer average (440.15 vs 405.96).,,38.53,Medium,Low
190,حذاء رسمي جلد - اصدار خاص,حذاء رسمي جلد - اصدار خاص,الازياء والملابس,unknown_subcategory,مانجو,615.39,,False,8,1,0,34,8,1,0,1,8,8,1.0,0.0,33,33.0,1.0,8.0,False,23384.82,38,34,0.125,0.0,0.0,1.0,0.125,4.25,1.0,Moderate,-0.4232839620926313,-0.4232839620926313,156.0,156.0,156.0,0.0,2.284453274168197,2.3080357142857144,18.59375,1.860401369578236,True,False,False,High,False,True,False,False,True,متوسط,انسحاب مرتفع بعد الإضافة للسلة,انسحاب مرتفع بعد الإضافة للسلة,المنتج لا يحصل على عدد كافٍ من الزيارات خلال الفترة المختارة.,3.9,0,1113.0,76,14,76,4,23384.82,34,3.9,8,1,0,2024-01-01,2024-12-30,121|20|164|129|13,حذاء رياضي مريح - اصدار خاص|حذاء رسمي جلد|حقيبه يد جلديه - اصدار خاص|تيشيرت بولو قطن - اصدار خاص|بنطلون جينز سليم فيت,322.98799999999994,3.86,2.19027972027972,0.9621692147027532,121,حذاء رياضي مريح - اصدار خاص,True,False,True,False,False,False,True,pricing,trust,4.0,السعر أعلى من المستوى المعتاد داخل المجموعة المنافسة | عدد المراجعات أقل من المنتجات المشابهة مما يضعف الثقة,6,15,حذاء رياضي مريح,,Substitute,0.3,شركاء مقترحون بناءً على الشراء المتكرر داخل نفس القسم.,منتجات من نفس القسم يميل العملاء لضمّها — فرصة بيع تكميلي داخلي.,True,pricing,The product appears overpriced relative to its closest peer group. Additional issues detected (pricing | visibility): The product receives limited qualified visibility in the selected period.,Moderate Performance,High Price vs Peers + Low Visibility,pricing|trust|visibility,3,Test a sharper price point or targeted promotion against peer price levels.,اختبر سعرا اكثر تنافسية او عرضا ترويجيا موجها مقارنة بالبدائل القريبة.,Bundle with حذاء رياضي مريح where relevant.,فعّل باقة او ربطا مع المنتج حذاء رياضي مريح عندما يكون ذلك مناسبا.,pricing+bundle,Test a sharper price point or targeted promotion against peer price levels.,اختبر سعرا اكثر تنافسية او عرضا ترويجيا موجها مقارنة بالبدائل القريبة.,Conversion 425.00% vs category avg 228.45%.,Price is above peer average (615.39 vs 322.99).,,38.53,Medium,Low
93,شال كشمير ناعم - اصدار خاص,شال كشمير ناعم - اصدار خاص,الازياء والملابس,unknown_subcategory,زارا,304.48,,False,10,3,0,31,10,3,0,3,10,10,3.0,0.0,30,30.0,3.0,10.0,False,10656.8,35,31,0.3,0.0,0.0,1.0,0.3,3.1,1.0,Moderate,-0.3734238304973458,-0.3734238304973458,125.0,125.0,125.0,0.0,2.284453274168197,2.3080357142857144,18.59375,1.3569986460453016,False,False,False,High,False,True,False,False,True,متوسط,انسحاب مرتفع بعد الإضافة للسلة,انسحاب مرتفع بعد الإضافة للسلة,المنتج لا يحصل على عدد كافٍ من الزيارات خلال الفترة المختارة.,3.8,0,1219.0,75,13,75,2,10656.8,31,3.8,10,3,0,2024-01-01,2024-12-30,180|156|100|125|11,شال كشمير ناعم - اصدار خاص|قميص قطني كلاسيكي - اصدار خاص|حقيبه يد جلديه - اصدار خاص|شال كشمير ناعم - اصدار خاص|قميص قطني كلاسيكي,222.61000000000004,3.56,1.8877355037538104,0.967300887627374,180,شال كشمير ناعم - اصدار خاص,False,False,True,True,False,False,True,trust,content,3.9,الدعم البصري أضعف من المنافسين من حيث عدد الصور | عدد المراجعات أقل من المنتجات المشابهة مما يضعف الثقة,6,18,جاكيت شتوي دافي,,Substitute,0.5,شركاء مقترحون بناءً على الشراء المتكرر داخل نفس القسم.,منتجات من نفس القسم يميل العملاء لضمّها — فرصة بيع تكميلي داخلي.,True,content,Product content richness or image coverage lags similar products. Additional issues detected (content | visibility): The product receives limited qualified visibility in the selected period.,Moderate Performance,Weak Content + Low Visibility,trust|content|visibility,3,"Improve product content with stronger visuals, richer copy, and clearer value proposition.",حسن المحتوى عبر صور اقوى ووصف اغنى وتوضيح ادق للقيمة.,Bundle with جاكيت شتوي دافي where relevant.,فعّل باقة او ربطا مع المنتج جاكيت شتوي دافي عندما يكون ذلك مناسبا.,content+bundle,"Improve product content with stronger visuals, richer copy, and clearer value proposition.",حسن المحتوى عبر صور اقوى ووصف اغنى وتوضيح ادق للقيمة.,Conversion 310.00% vs category avg 228.45%.,,,38.15,Medium,Low
52,موسوعه التاريخ الاسلامي,موسوعه التاريخ الاسلامي,الكتب والتعليم,unknown_subcategory,نشر المعرفه,108.37,,False,5,3,0,26,5,3,0,3,5,5,3.0,0.0,25,25.0,3.0,5.0,False,2925.99,27,26,0.6,0.0,0.0,1.0,0.6,5.2,1.0,Moderate,-0.3968582788149816,-0.3968582788149816,144.0,144.0,144.0,0.0,3.3634956997365264,2.083333333333333,23.17142857142857,1.546010598558914,True,False,False,High,False,True,False,False,True,متوسط,انسحاب مرتفع بعد الإضافة للسلة,انسحاب مرتفع بعد الإضافة للسلة,المنتج لا يحصل على عدد كافٍ من الزيارات خلال الفترة المختارة.,4.4,0,1142.0,63,9,63,4,2925.99,26,4.4,5,3,0,2024-01-01,2024-12-30,59|200|51|55|92,كتاب تطوير الذات والتحفيز|موسوعه التاريخ الاسلامي - اصدار خاص|كتاب تعلم البرمجه بالعربيه|روايه عربيه بيست سيلر|موسوعه التاريخ الاسلامي - اصدار خاص,132.664,4.380000000000001,3.684420024420024,0.9177996274983184,59,كتاب تطوير الذات والتحفيز,False,False,True,False,True,False,True,trust,content,3.9,الوصف أقصر من المعتاد ولا يقدم معلومات كافية | عدد المراجعات أقل من المنتجات المشابهة مما يضعف الثقة,3,172,كتاب رياده الاعمال والنجاح - اصدار خاص,,Substitute,0.5,شركاء مقترحون بناءً على الشراء المتكرر داخل نفس القسم.,منتجات من نفس القسم يميل العملاء لضمّها — فرصة بيع تكميلي داخلي.,True,content,Product content richness or image coverage lags similar products. Additional issues detected (content | visibility): The product receives limited qualified visibility in the selected period.,Moderate Performance,Weak Content + Low Visibility,trust|content|visibility,3,"Improve product content with stronger visuals, richer copy, and clearer value proposition.",حسن المحتوى عبر صور اقوى ووصف اغنى وتوضيح ادق للقيمة.,Bundle with كتاب رياده الاعمال والنجاح - اصدار خاص where relevant.,فعّل باقة او ربطا مع المنتج كتاب رياده الاعمال والنجاح - اصدار خاص عندما يكون ذلك مناسبا.,content+bundle,"Improve product content with stronger visuals, richer copy, and clearer value proposition.",حسن المحتوى عبر صور اقوى ووصف اغنى وتوضيح ادق للقيمة.,Conversion 520.00% vs category avg 336.35%.,,,38.15,Medium,Low
129,تيشيرت بولو قطن - اصدار خاص,تيشيرت بولو قطن - اصدار خاص,الازياء والملابس,unknown_subcategory,بوما,94.56,,False,12,6,0,30,12,6,0,6,12,12,6.0,0.0,30,30.0,6.0,12.0,False,3120.48,33,30,0.5,0.0,0.0,1.0,0.5,2.5,1.0,Moderate,-0.2779278592966493,-0.2779278592966493,85.0,85.0,85.0,0.0,2.284453274168197,2.3080357142857144,18.59375,1.094353746810727,False,False,False,High,False,False,True,False,False,متوسط,انسحاب مرتفع بعد الإضافة للسلة,انسحاب مرتفع بعد الإضافة للسلة,هناك اهتمام واضح بالمنتج لكن جزءًا من العملاء لا يكمل الشراء بعد الإضافة للسلة.,4.5,0,1109.0,76,13,76,2,3120.48,30,4.5,12,6,0,2024-01-01,2024-12-30,19|121|166|158|100,تيشيرت بولو قطن|حذاء رياضي مريح - اصدار خاص|فستان سهره انيق - اصدار خاص|فستان سهره انيق - اصدار خاص|حقيبه يد جلديه - اصدار خاص,346.784,4.16,2.093841210808775,0.9495886522996896,19,تيشيرت بولو قطن,False,False,True,True,False,False,True,trust,content,3.9,الدعم البصري أضعف من المنافسين من حيث عدد الصور | عدد المراجعات أقل من المنتجات المشابهة مما يضعف الثقة,6,20,حذاء رسمي جلد,,Substitute,0.4,شركاء مقترحون بناءً على الشراء المتكرر داخل نفس القسم.,منتجات من نفس القسم يميل العملاء لضمّها — فرصة بيع تكميلي داخلي.,True,conversion_friction,"Cart activity exists, but too few cart users convert to buyers. Additional issues detected (conversion_friction | content): Product content richness or image coverage lags similar products.",Moderate Performance,High Abandonment + Weak Content,conversion_friction|trust|content,3,Investigate checkout or value-friction and reduce drop-off after add-to-cart.,افحص تعثر ما بعد الاضافة للسلة وخفف اسباب الانسحاب قبل الشراء.,Bundle with حذاء رسمي جلد where relevant.,فعّل باقة او ربطا مع المنتج حذاء رسمي جلد عندما يكون ذلك مناسبا.,conversion+bundle,Investigate checkout or value-friction and reduce drop-off after add-to-cart.,افحص تعثر ما بعد الاضافة للسلة وخفف اسباب الانسحاب قبل الشراء.,Conversion 250.00% vs category avg 228.45%.,Cart abandonment is high at 100.00%.,,38.14,Medium,Low
84,كتاب الطبخ العربي التقليدي - اصدار خاص,كتاب الطبخ العربي التقليدي - اصدار خاص,الكتب والتعليم,unknown_subcategory,بنغوين,98.36,,False,5,1,0,29,5,1,0,1,5,5,1.0,0.0,28,28.0,1.0,5.0,False,2852.44,29,29,0.2,0.0,0.0,1.0,0.2,5.8,1.0,Moderate,-0.4422993514213933,-0.4422993514213933,164.0,164.0,164.0,0.0,3.3634956997365264,2.083333333333333,23.17142857142857,1.724396436854173,True,False,False,High,False,True,False,False,True,متوسط,انسحاب مرتفع بعد الإضافة للسلة,انسحاب مرتفع بعد الإضافة للسلة,المنتج لا يحصل على عدد كافٍ من الزيارات خلال الفترة المختارة.,4.4,0,1148.0,87,14,87,2,2852.44,29,4.4,5,1,0,2024-01-01,2024-12-30,200|59|94|175|51,موسوعه التاريخ الاسلامي - اصدار خاص|كتاب تطوير الذات والتحفيز|قاموس عربي انجليزي شامل - اصدار خاص|مجموعه كتب الطفل التعليميه - اصدار خاص|كتاب تعلم البرمجه بالعربيه,156.964,4.159999999999999,3.862494999090744,0.9694749424652034,200,موسوعه التاريخ الاسلامي - اصدار خاص,False,False,True,True,False,False,True,trust,content,3.9,الدعم البصري أضعف من المنافسين من حيث عدد الصور | عدد المراجعات أقل من المنتجات المشابهة مما يضعف الثقة,3,77,دوره برمجه اكاديميه USB - اصدار خاص,,Substitute,0.4,شركاء مقترحون بناءً على الشراء المتكرر داخل نفس القسم.,منتجات من نفس القسم يميل العملاء لضمّها — فرصة بيع تكميلي داخلي.,True,content,Product content richness or image coverage lags similar products. Additional issues detected (content | visibility): The product receives limited qualified visibility in the selected period.,Moderate Performance,Weak Content + Low Visibility,trust|content|visibility,3,"Improve product content with stronger visuals, richer copy, and clearer value proposition.",حسن المحتوى عبر صور اقوى ووصف اغنى وتوضيح ادق للقيمة.,Bundle with دوره برمجه اكاديميه USB - اصدار خاص where relevant.,فعّل باقة او ربطا مع المنتج دوره برمجه اكاديميه USB - اصدار خاص عندما يكون ذلك مناسبا.,content+bundle,"Improve product content with stronger visuals, richer copy, and clearer value proposition.",حسن المحتوى عبر صور اقوى ووصف اغنى وتوضيح ادق للقيمة.,Conversion 580.00% vs category avg 336.35%.,,,38.14,Medium,Low
101,مجموعه سكاكين مطبخ - اصدار خاص,مجموعه سكاكين مطبخ - اصدار خاص,المنزل والمطبخ,unknown_subcategory,بوش,241.26,,False,9,3,0,24,9,3,0,3,9,8,3.0,0.0,23,23.0,3.0,8.0,False,6996.54,29,24,0.3333333333333333,0.0,0.0,1.0,0.3333333333333333,3.0,1.0,Moderate,-0.3986581540201963,-0.3986581540201963,145.0,145.0,145.0,0.0,4.391284662352632,1.9285714285714288,21.80555555555556,0.68317137937324,True,False,False,High,False,True,True,False,True,متوسط,انسحاب مرتفع بعد الإضافة للسلة,انسحاب مرتفع بعد الإضافة للسلة,هناك اهتمام واضح بالمنتج لكن جزءًا من العملاء لا يكمل الشراء بعد الإضافة للسلة.,3.7,0,1202.0,74,12,74,4,6996.54,24,3.7,9,3,0,2024-01-01,2024-12-30,128|153|195|80|24,مكواه بخاريه احترافيه - اصدار خاص|فرن كهربايي 60 لتر - اصدار خاص|فرن كهربايي 60 لتر - اصدار خاص|ماكينه قهوه اسبريسو - اصدار خاص|مكنسه كهرباييه لاسلكيه,599.836,3.72,1.9232277526395167,0.9029589571888488,128,مكواه بخاريه احترافيه - اصدار خاص,False,False,True,False,False,False,True,trust,none,2.8,عدد المراجعات أقل من المنتجات المشابهة مما يضعف الثقة,4,176,فرن كهربايي 60 لتر - اصدار خاص,,Substitute,0.4,شركاء مقترحون بناءً على الشراء المتكرر داخل نفس القسم.,منتجات من نفس القسم يميل العملاء لضمّها — فرصة بيع تكميلي داخلي.,True,conversion_friction,"Cart activity exists, but too few cart users convert to buyers. Additional issues detected (conversion_friction | visibility): The product receives limited qualified visibility in the selected period.",Moderate Performance,High Abandonment + Low Visibility,conversion_friction|trust|visibility,3,Investigate checkout or value-friction and reduce drop-off after add-to-cart.,افحص تعثر ما بعد الاضافة للسلة وخفف اسباب الانسحاب قبل الشراء.,Bundle with فرن كهربايي 60 لتر - اصدار خاص where relevant.,فعّل باقة او ربطا مع المنتج فرن كهربايي 60 لتر - اصدار خاص عندما يكون ذلك مناسبا.,conversion+bundle,Investigate checkout or value-friction and reduce drop-off after add-to-cart.,افحص تعثر ما بعد الاضافة للسلة وخفف اسباب الانسحاب قبل الشراء.,Conversion 300.00% vs category avg 439.13%.,Cart abandonment is high at 100.00%.,,37.7,Low,Low
192,مجموعه كتب الطفل التعليميه - اصدار خاص,مجموعه كتب الطفل التعليميه - اصدار خاص,الكتب والتعليم,unknown_subcategory,نشر المعرفه,105.53,,False,11,2,1,26,11,2,1,2,11,11,2.0,1.0,26,26.0,2.0,11.0,False,3060.37,29,26,0.1818181818181818,0.5,0.0909090909090909,0.5,0.1818181818181818,2.363636363636364,0.5,Moderate,0.834284422801543,0.834284422801543,4.0,4.0,4.0,0.0909090909090909,3.3634956997365264,2.083333333333333,23.17142857142857,0.7027320902540518,False,False,False,High,False,True,False,False,True,متوسط,ظهور أقل من المطلوب,مشاهدات أقل من المطلوب,المنتج لا يحصل على عدد كافٍ من الزيارات خلال الفترة المختارة.,5.0,0,1173.0,86,15,86,5,3060.37,26,5.0,11,2,1,2024-01-01,2024-12-30,59|200|150|145|74,كتاب تطوير الذات والتحفيز|موسوعه التاريخ الاسلامي - اصدار خاص|اطلس العالم المصور - اصدار خاص|قاموس عربي انجليزي شامل - اصدار خاص|كتاب الطبخ العربي التقليدي - اصدار خاص,183.004,4.540000000000001,1.992652329749104,0.877072859799131,59,كتاب تطوير الذات والتحفيز,False,False,True,False,False,False,True,trust,none,2.8,عدد المراجعات أقل من المنتجات المشابهة مما يضعف الثقة,3,51,كتاب تعلم البرمجه بالعربيه,,Substitute,0.9,شركاء مقترحون بناءً على الشراء المتكرر داخل نفس القسم.,منتجات من نفس القسم يميل العملاء لضمّها — فرصة بيع تكميلي داخلي.,True,visibility,The product receives limited qualified visibility in the selected period.,Moderate Performance,Low Visibility,trust|visibility,2,"Increase visibility through merchandising, search placement, and demand generation.",ارفع الظهور عبر الترويج والتموضع في البحث وتنشيط الطلب.,Bundle with كتاب تعلم البرمجه بالعربيه where relevant.,فعّل باقة او ربطا مع المنتج كتاب تعلم البرمجه بالعربيه عندما يكون ذلك مناسبا.,visibility+bundle,"Increase visibility through merchandising, search placement, and demand generation.",ارفع الظهور عبر الترويج والتموضع في البحث وتنشيط الطلب.,Conversion 236.36% vs category avg 336.35%.,,,37.51,Low,Low
179,مجموعه عنايه بالشعر - اصدار خاص,مجموعه عنايه بالشعر - اصدار خاص,الجمال والعنايه,unknown_subcategory,دوف,148.28,,False,7,2,0,31,7,2,0,2,7,6,2.0,0.0,30,30.0,2.0,6.0,False,4744.96,32,31,0.2857142857142857,0.0,0.0,1.0,0.2857142857142857,5.166666666666667,1.0,Moderate,-0.3993157385178524,-0.3993157385178524,146.0,146.0,146.0,0.0,6.768778422340422,2.8,19.580645161290324,0.7633085830692922,True,False,False,High,False,True,True,False,True,متوسط,انسحاب مرتفع بعد الإضافة للسلة,انسحاب مرتفع بعد الإضافة للسلة,هناك اهتمام واضح بالمنتج لكن جزءًا من العملاء لا يكمل الشراء بعد الإضافة للسلة.,4.0,0,1236.0,95,17,95,6,4744.96,31,4.0,7,2,0,2024-01-01,2024-12-30,116|187|149|39|143,قناع وجه كولاجين - اصدار خاص|عطر رجالي عودي - اصدار خاص|طقم مكياج احترافي - اصدار خاص|قناع وجه كولاجين|عطر رجالي عودي - اصدار خاص,392.782,4.300000000000001,4.448985507246377,0.9768802644917172,116,قناع وجه كولاجين - اصدار خاص,False,False,True,False,False,False,True,trust,none,2.8,عدد المراجعات أقل من المنتجات المشابهة مما يضعف الثقة,5,31,كريم مرطب SPF 50,,Substitute,0.5,شركاء مقترحون بناءً على الشراء المتكرر داخل نفس القسم.,منتجات من نفس القسم يميل العملاء لضمّها — فرصة بيع تكميلي داخلي.,True,conversion_friction,"Cart activity exists, but too few cart users convert to buyers. Additional issues detected (conversion_friction | visibility): The product receives limited qualified visibility in the selected period.",Moderate Performance,High Abandonment + Low Visibility,conversion_friction|trust|visibility,3,Investigate checkout or value-friction and reduce drop-off after add-to-cart.,افحص تعثر ما بعد الاضافة للسلة وخفف اسباب الانسحاب قبل الشراء.,Bundle with كريم مرطب SPF 50 where relevant.,فعّل باقة او ربطا مع المنتج كريم مرطب SPF 50 عندما يكون ذلك مناسبا.,conversion+bundle,Investigate checkout or value-friction and reduce drop-off after add-to-cart.,افحص تعثر ما بعد الاضافة للسلة وخفف اسباب الانسحاب قبل الشراء.,Conversion 516.67% vs category avg 676.88%.,Cart abandonment is high at 100.00%.,,36.71,Low,Low
73,فستان سهره انيق - اصدار خاص,فستان سهره انيق - اصدار خاص,الازياء والملابس,unknown_subcategory,نايكي,249.37,,False,20,9,0,37,20,9,0,9,20,20,9.0,0.0,35,35.0,9.0,20.0,False,10224.17,41,37,0.45,0.0,0.0,1.0,0.45,1.85,1.0,Moderate,-0.1062488122832567,-0.1062488122832567,45.0,45.0,45.0,0.0,2.284453274168197,2.3080357142857144,18.59375,0.809821772639938,False,False,False,High,False,False,True,False,False,متوسط,انسحاب مرتفع بعد الإضافة للسلة,انسحاب مرتفع بعد الإضافة للسلة,هناك اهتمام واضح بالمنتج لكن جزءًا من العملاء لا يكمل الشراء بعد الإضافة للسلة.,3.4,0,1217.0,76,13,76,6,10224.17,37,3.4,20,9,0,2024-01-01,2024-12-30,83|169|17|66|15,فستان سهره انيق - اصدار خاص|فستان سهره انيق - اصدار خاص|شال كشمير ناعم|قميص قطني كلاسيكي - اصدار خاص|حذاء رياضي مريح,406.238,3.5,2.804306418219462,0.9771908936575024,83,فستان سهره انيق - اصدار خاص,False,False,True,False,False,False,True,trust,none,2.8,عدد المراجعات أقل من المنتجات المشابهة مما يضعف الثقة,6,164,حقيبه يد جلديه - اصدار خاص,,Substitute,0.6,شركاء مقترحون بناءً على الشراء المتكرر داخل نفس القسم.,منتجات من نفس القسم يميل العملاء لضمّها — فرصة بيع تكميلي داخلي.,True,conversion_friction,"Cart activity exists, but too few cart users convert to buyers.",Moderate Performance,High Abandonment,conversion_friction|trust,2,Investigate checkout or value-friction and reduce drop-off after add-to-cart.,افحص تعثر ما بعد الاضافة للسلة وخفف اسباب الانسحاب قبل الشراء.,Bundle with حقيبه يد جلديه - اصدار خاص where relevant.,فعّل باقة او ربطا مع المنتج حقيبه يد جلديه - اصدار خاص عندما يكون ذلك مناسبا.,conversion+bundle,Investigate checkout or value-friction and reduce drop-off after add-to-cart.,افحص تعثر ما بعد الاضافة للسلة وخفف اسباب الانسحاب قبل الشراء.,Conversion 185.00% vs category avg 228.45%.,Cart abandonment is high at 100.00%.,,36.14,Low,Low
47,اوزان حديد طقم 20 كيلو,اوزان حديد طقم 20 كيلو,الرياضه واللياقه,unknown_subcategory,ريبوك,691.19,,False,12,5,0,335,12,5,0,5,12,11,4.0,0.0,249,249.0,4.0,11.0,False,255049.11,369,335,0.4166666666666667,0.0,0.0,1.0,0.4166666666666667,30.454545454545453,1.0,Strong,0.8195909974003842,0.8195909974003842,12.0,12.0,12.0,0.0,8.50970943604373,2.117647058823529,17.666666666666668,3.5787996856334674,False,False,False,High,False,False,False,False,False,قوي,انسحاب مرتفع بعد الإضافة للسلة,انسحاب مرتفع بعد الإضافة للسلة,المنتج يحقق أداء جيدًا مقارنة ببقية المنتجات.,3.2,0,1243.0,73,13,73,3,255049.11,335,3.2,12,5,0,2024-01-01,2024-12-30,50|42|48|41|46,عداد خطوات ذكي|لباس رياضي ضاغط|حقيبه رياضيه جيم|حذاء جري احترافي|حصيره يوغا مضاده للانزلاق,294.672,3.82,39.209457209457206,0.970124321448867,50,عداد خطوات ذكي,True,True,True,False,False,False,False,pricing,trust,5.4,السعر أعلى من المستوى المعتاد داخل المجموعة المنافسة | المنتج لا ينسجم جيدًا مع الفئة الغالبة داخل المجموعة | تقييم المنتج أقل من متوسط المنتجات المشابهة | عدد المراجعات أقل من المنتجات المشابهة مما يضعف الثقة,2,41,حذاء جري احترافي,,Substitute,88.52,ارتباط قوي مُثبَت بالبيانات — يظهر المنتجان معاً بشكل متكرر.,اعرض كلاهما في صفحة المنتج كبدائل مقترحة لرفع قيمة السلة.,True,pricing,The product appears overpriced relative to its closest peer group.,Strong Performance,High Price vs Peers,pricing|trust,2,Test a sharper price point or targeted promotion against peer price levels.,اختبر سعرا اكثر تنافسية او عرضا ترويجيا موجها مقارنة بالبدائل القريبة.,Bundle with حذاء جري احترافي where relevant.,فعّل باقة او ربطا مع المنتج حذاء جري احترافي عندما يكون ذلك مناسبا.,pricing+bundle,Test a sharper price point or targeted promotion against peer price levels.,اختبر سعرا اكثر تنافسية او عرضا ترويجيا موجها مقارنة بالبدائل القريبة.,Conversion 3045.45% vs category avg 850.97%.,Price is above peer average (691.19 vs 294.67).,Rating trails peers (3.20 vs 3.82).,34.85,Low,Low
26,طقم اواني طهي غرانيت,طقم اواني طهي غرانيت,المنزل والمطبخ,unknown_subcategory,بوش,547.5,,False,11,3,0,285,11,3,0,3,11,11,3.0,0.0,216,216.0,3.0,11.0,False,169725.0,310,285,0.2727272727272727,0.0,0.0,1.0,0.2727272727272727,25.90909090909091,1.0,Strong,0.5472163121054989,0.5472163121054989,18.0,18.0,18.0,0.0,4.391284662352632,1.9285714285714288,21.80555555555556,5.900116458223437,False,False,False,High,False,True,False,False,True,قوي,انسحاب مرتفع بعد الإضافة للسلة,انسحاب مرتفع بعد الإضافة للسلة,المنتج يحقق أداء جيدًا مقارنة ببقية المنتجات.,3.3,0,1120.0,70,14,70,2,169725.0,285,3.3,11,3,0,2024-01-01,2024-12-30,25|29|28|46|48,ماكينه قهوه اسبريسو|مجموعه سكاكين مطبخ|خلاط كهربايي متعدد الوظايف|حصيره يوغا مضاده للانزلاق|حقيبه رياضيه جيم,360.46,3.74,30.37575757575757,0.925628150486398,25,ماكينه قهوه اسبريسو,True,True,True,True,False,False,False,pricing,trust,7.5,السعر أعلى من المستوى المعتاد داخل المجموعة المنافسة | قوة العلامة التجارية أقل من منافسيه داخل المجموعة | المنتج لا ينسجم جيدًا مع الفئة الغالبة داخل المجموعة | تقييم المنتج أقل من متوسط المنتجات المشابهة | الدعم البصري أضعف من المنافسين من حيث عدد الصور | عدد المراجعات أقل من المنتجات المشابهة مما يضعف الثقة,2,25,ماكينه قهوه اسبريسو,,Substitute,87.59,ارتباط قوي مُثبَت بالبيانات — يظهر المنتجان معاً بشكل متكرر.,اعرض كلاهما في صفحة المنتج كبدائل مقترحة لرفع قيمة السلة.,True,pricing,The product appears overpriced relative to its closest peer group. Additional issues detected (pricing | content | visibility): Product content richness or image coverage lags similar products. Also: The product receives limited qualified visibility in the selected period.,Strong Performance,High Price vs Peers + Weak Content + Low Visibility,pricing|trust|content|visibility,4,Test a sharper price point or targeted promotion against peer price levels.,اختبر سعرا اكثر تنافسية او عرضا ترويجيا موجها مقارنة بالبدائل القريبة.,Bundle with ماكينه قهوه اسبريسو where relevant.,فعّل باقة او ربطا مع المنتج ماكينه قهوه اسبريسو عندما يكون ذلك مناسبا.,pricing+bundle,Test a sharper price point or targeted promotion against peer price levels.,اختبر سعرا اكثر تنافسية او عرضا ترويجيا موجها مقارنة بالبدائل القريبة.,Conversion 2590.91% vs category avg 439.13%.,Price is above peer average (547.50 vs 360.46).,Rating trails peers (3.30 vs 3.74).,34.76,Low,Low
28,خلاط كهربايي متعدد الوظايف,خلاط كهربايي متعدد الوظايف,المنزل والمطبخ,unknown_subcategory,بوش,207.71,,False,13,4,0,271,13,4,0,4,13,13,4.0,0.0,208,208.0,4.0,13.0,False,60651.32,292,271,0.3076923076923077,0.0,0.0,1.0,0.3076923076923077,20.846153846153847,1.0,Strong,0.4413350578931101,0.4413350578931101,28.0,28.0,28.0,0.0,4.391284662352632,1.9285714285714288,21.80555555555556,4.747165225901232,False,False,False,High,False,False,False,False,False,قوي,انسحاب مرتفع بعد الإضافة للسلة,انسحاب مرتفع بعد الإضافة للسلة,المنتج يحقق أداء جيدًا مقارنة ببقية المنتجات.,3.2,0,1135.0,76,14,76,7,60651.32,271,3.2,13,4,0,2024-01-01,2024-12-30,26|25|29|3|42,طقم اواني طهي غرانيت|ماكينه قهوه اسبريسو|مجموعه سكاكين مطبخ|سماعات لاسلكيه|لباس رياضي ضاغط,397.734,3.5200000000000005,32.32390942390943,0.8542125632762929,26,طقم اواني طهي غرانيت,False,True,True,False,False,False,False,trust,none,5.2,قوة العلامة التجارية أقل من منافسيه داخل المجموعة | المنتج لا ينسجم جيدًا مع الفئة الغالبة داخل المجموعة | تقييم المنتج أقل من متوسط المنتجات المشابهة | عدد المراجعات أقل من المنتجات المشابهة مما يضعف الثقة,2,25,ماكينه قهوه اسبريسو,,Substitute,86.7,ارتباط قوي مُثبَت بالبيانات — يظهر المنتجان معاً بشكل متكرر.,اعرض كلاهما في صفحة المنتج كبدائل مقترحة لرفع قيمة السلة.,True,mixed_context,قوة العلامة التجارية أقل من منافسيه داخل المجموعة | المنتج لا ينسجم جيدًا مع الفئة الغالبة داخل المجموعة | تقييم المنتج أقل من متوسط المنتجات المشابهة | عدد المراجعات أقل من المنتجات المشابهة مما يضعف الثقة,Strong Performance,انسحاب مرتفع بعد الإضافة للسلة,trust,1,"Apply a focused optimization plan across pricing, content, and conversion levers.",طبق خطة تحسين مركزة تشمل السعر والمحتوى ومحفزات التحويل.,Bundle with ماكينه قهوه اسبريسو where relevant.,فعّل باقة او ربطا مع المنتج ماكينه قهوه اسبريسو عندما يكون ذلك مناسبا.,mixed+bundle,"Apply a focused optimization plan across pricing, content, and conversion levers.",طبق خطة تحسين مركزة تشمل السعر والمحتوى ومحفزات التحويل.,Conversion 2084.62% vs category avg 439.13%.,Rating trails peers (3.20 vs 3.52).,,34.67,Low,Low
25,ماكينه قهوه اسبريسو,ماكينه قهوه اسبريسو,المنزل والمطبخ,unknown_subcategory,هايسنس,958.76,,False,14,2,0,396,14,2,0,2,14,13,2.0,0.0,275,275.0,2.0,13.0,False,418019.36,436,396,0.1428571428571428,0.0,0.0,1.0,0.1428571428571428,30.46153846153846,1.0,Strong,0.9216265180801624,0.9216265180801624,10.0,10.0,10.0,0.0,4.391284662352632,1.9285714285714288,21.80555555555556,6.936817082866744,False,False,False,High,False,False,False,False,True,قوي,انسحاب مرتفع بعد الإضافة للسلة,انسحاب مرتفع بعد الإضافة للسلة,المنتج يحقق أداء جيدًا مقارنة ببقية المنتجات.,3.7,0,1110.0,63,9,63,4,418019.36,396,3.7,14,2,0,2024-01-01,2024-12-30,26|28|29|3|41,طقم اواني طهي غرانيت|خلاط كهربايي متعدد الوظايف|مجموعه سكاكين مطبخ|سماعات لاسلكيه|حذاء جري احترافي,356.8059999999999,3.76,31.405594405594407,0.925628150486398,26,طقم اواني طهي غرانيت,True,False,True,False,False,False,False,pricing,trust,4.9,السعر أعلى من المستوى المعتاد داخل المجموعة المنافسة | قوة العلامة التجارية أقل من منافسيه داخل المجموعة | المنتج لا ينسجم جيدًا مع الفئة الغالبة داخل المجموعة | عدد المراجعات أقل من المنتجات المشابهة مما يضعف الثقة,2,29,مجموعه سكاكين مطبخ,,Substitute,87.75,ارتباط قوي مُثبَت بالبيانات — يظهر المنتجان معاً بشكل متكرر.,اعرض كلاهما في صفحة المنتج كبدائل مقترحة لرفع قيمة السلة.,True,pricing,The product appears overpriced relative to its closest peer group.,Strong Performance,High Price vs Peers,pricing|trust,2,Test a sharper price point or targeted promotion against peer price levels.,اختبر سعرا اكثر تنافسية او عرضا ترويجيا موجها مقارنة بالبدائل القريبة.,Bundle with مجموعه سكاكين مطبخ where relevant.,فعّل باقة او ربطا مع المنتج مجموعه سكاكين مطبخ عندما يكون ذلك مناسبا.,pricing+bundle,Test a sharper price point or targeted promotion against peer price levels.,اختبر سعرا اكثر تنافسية او عرضا ترويجيا موجها مقارنة بالبدائل القريبة.,Conversion 3046.15% vs category avg 439.13%.,Price is above peer average (958.76 vs 356.81).,,34.38,Low,Low
34,طقم مكياج احترافي,طقم مكياج احترافي,الجمال والعنايه,unknown_subcategory,بالمر,269.1,,False,39,16,0,387,39,16,0,16,39,37,15.0,0.0,276,276.0,15.0,37.0,False,115443.9,429,387,0.4102564102564102,0.0,0.0,1.0,0.4102564102564102,10.45945945945946,1.0,Strong,1.1066094937124322,1.1066094937124322,9.0,9.0,9.0,0.0,6.768778422340422,2.8,19.580645161290324,1.5452506799362655,False,False,False,High,False,False,False,False,False,قوي,انسحاب مرتفع بعد الإضافة للسلة,انسحاب مرتفع بعد الإضافة للسلة,المنتج يحقق أداء جيدًا مقارنة ببقية المنتجات.,3.0,0,1095.0,59,10,59,3,115443.9,387,3.0,39,16,0,2024-01-01,2024-12-30,181|109|31|33|78,عطر رجالي عودي - اصدار خاص|قناع وجه كولاجين - اصدار خاص|كريم مرطب SPF 50|مجموعه عنايه بالشعر|عطر رجالي عودي - اصدار خاص,311.802,3.44,8.291400560224089,0.8745657856170626,181,عطر رجالي عودي - اصدار خاص,False,True,True,True,False,False,True,trust,content,5.0,قوة العلامة التجارية أقل من منافسيه داخل المجموعة | تقييم المنتج أقل من متوسط المنتجات المشابهة | الدعم البصري أضعف من المنافسين من حيث عدد الصور | عدد المراجعات أقل من المنتجات المشابهة مما يضعف الثقة,5,35,عطر نسايي زهري,,Substitute,83.69,ارتباط قوي مُثبَت بالبيانات — يظهر المنتجان معاً بشكل متكرر.,اعرض كلاهما في صفحة المنتج كبدائل مقترحة لرفع قيمة السلة.,True,content,Product content richness or image coverage lags similar products.,Strong Performance,Weak Content,trust|content,2,"Improve product content with stronger visuals, richer copy, and clearer value proposition.",حسن المحتوى عبر صور اقوى ووصف اغنى وتوضيح ادق للقيمة.,Bundle with عطر نسايي زهري where relevant.,فعّل باقة او ربطا مع المنتج عطر نسايي زهري عندما يكون ذلك مناسبا.,content+bundle,"Improve product content with stronger visuals, richer copy, and clearer value proposition.",حسن المحتوى عبر صور اقوى ووصف اغنى وتوضيح ادق للقيمة.,Conversion 1045.95% vs category avg 676.88%.,Rating trails peers (3.00 vs 3.44).,,34.37,Low,Low
59,كتاب تطوير الذات والتحفيز,كتاب تطوير الذات والتحفيز,الكتب والتعليم,unknown_subcategory,اكاديميا,88.07,,False,13,4,0,32,13,4,0,4,13,10,4.0,0.0,31,31.0,4.0,10.0,False,3170.5199999999995,36,32,0.3076923076923077,0.0,0.0,1.0,0.3076923076923077,3.2,1.0,Moderate,-0.3139351375319326,-0.3139351375319326,96.0,96.0,96.0,0.0,3.3634956997365264,2.083333333333333,23.17142857142857,0.9513911375747164,False,False,False,High,False,False,True,False,False,متوسط,انسحاب مرتفع بعد الإضافة للسلة,انسحاب مرتفع بعد الإضافة للسلة,هناك اهتمام واضح بالمنتج لكن جزءًا من العملاء لا يكمل الشراء بعد الإضافة للسلة.,4.5,0,1147.0,73,12,73,3,3170.5199999999995,32,4.5,13,4,0,2024-01-01,2024-12-30,200|99|55|84|175,موسوعه التاريخ الاسلامي - اصدار خاص|مجموعه كتب الطفل التعليميه - اصدار خاص|روايه عربيه بيست سيلر|كتاب الطبخ العربي التقليدي - اصدار خاص|مجموعه كتب الطفل التعليميه - اصدار خاص,152.51,4.38,2.9217257683215125,0.9661651743855494,200,موسوعه التاريخ الاسلامي - اصدار خاص,False,False,True,False,False,False,True,trust,none,2.8,عدد المراجعات أقل من المنتجات المشابهة مما يضعف الثقة,3,56,دوره برمجه اكاديميه USB,,Substitute,0.5,شركاء مقترحون بناءً على الشراء المتكرر داخل نفس القسم.,منتجات من نفس القسم يميل العملاء لضمّها — فرصة بيع تكميلي داخلي.,True,conversion_friction,"Cart activity exists, but too few cart users convert to buyers.",Moderate Performance,High Abandonment,conversion_friction|trust,2,Investigate checkout or value-friction and reduce drop-off after add-to-cart.,افحص تعثر ما بعد الاضافة للسلة وخفف اسباب الانسحاب قبل الشراء.,Bundle with دوره برمجه اكاديميه USB where relevant.,فعّل باقة او ربطا مع المنتج دوره برمجه اكاديميه USB عندما يكون ذلك مناسبا.,conversion+bundle,Investigate checkout or value-friction and reduce drop-off after add-to-cart.,افحص تعثر ما بعد الاضافة للسلة وخفف اسباب الانسحاب قبل الشراء.,Conversion 320.00% vs category avg 336.35%.,Cart abandonment is high at 100.00%.,,34.36,Low,Low
29,مجموعه سكاكين مطبخ,مجموعه سكاكين مطبخ,المنزل والمطبخ,unknown_subcategory,اريتي,137.26,,False,12,3,0,268,12,3,0,3,12,12,3.0,0.0,209,209.0,3.0,12.0,False,41178.0,300,268,0.25,0.0,0.0,1.0,0.25,22.33333333333333,1.0,Strong,0.413657105747604,0.413657105747604,29.0,29.0,29.0,0.0,4.391284662352632,1.9285714285714288,21.80555555555556,5.085831379778564,False,False,False,High,False,False,False,False,True,قوي,انسحاب مرتفع بعد الإضافة للسلة,انسحاب مرتفع بعد الإضافة للسلة,المنتج يحقق أداء جيدًا مقارنة ببقية المنتجات.,3.8,0,1249.0,68,13,68,2,41178.0,268,3.8,12,3,0,2024-01-01,2024-12-30,26|25|28|46|48,طقم اواني طهي غرانيت|ماكينه قهوه اسبريسو|خلاط كهربايي متعدد الوظايف|حصيره يوغا مضاده للانزلاق|حقيبه رياضيه جيم,442.508,3.64,31.090909090909093,0.8593064120671453,26,طقم اواني طهي غرانيت,False,False,True,True,False,False,False,trust,content,4.8,قوة العلامة التجارية أقل من منافسيه داخل المجموعة | المنتج لا ينسجم جيدًا مع الفئة الغالبة داخل المجموعة | الدعم البصري أضعف من المنافسين من حيث عدد الصور | عدد المراجعات أقل من المنتجات المشابهة مما يضعف الثقة,2,25,ماكينه قهوه اسبريسو,,Substitute,87.75,ارتباط قوي مُثبَت بالبيانات — يظهر المنتجان معاً بشكل متكرر.,اعرض كلاهما في صفحة المنتج كبدائل مقترحة لرفع قيمة السلة.,True,content,Product content richness or image coverage lags similar products.,Strong Performance,Weak Content,trust|content,2,"Improve product content with stronger visuals, richer copy, and clearer value proposition.",حسن المحتوى عبر صور اقوى ووصف اغنى وتوضيح ادق للقيمة.,Bundle with ماكينه قهوه اسبريسو where relevant.,فعّل باقة او ربطا مع المنتج ماكينه قهوه اسبريسو عندما يكون ذلك مناسبا.,content+bundle,"Improve product content with stronger visuals, richer copy, and clearer value proposition.",حسن المحتوى عبر صور اقوى ووصف اغنى وتوضيح ادق للقيمة.,Conversion 2233.33% vs category avg 439.13%.,,,33.98,Low,Low
46,حصيره يوغا مضاده للانزلاق,حصيره يوغا مضاده للانزلاق,الرياضه واللياقه,unknown_subcategory,اندر ارمور,121.09,,False,11,1,0,413,11,1,0,1,11,11,1.0,0.0,289,289.0,1.0,11.0,False,54127.23,447,413,0.0909090909090909,0.0,0.0,1.0,0.0909090909090909,37.54545454545455,1.0,Strong,0.8698127681110167,0.8698127681110167,11.0,11.0,11.0,0.0,8.50970943604373,2.117647058823529,17.666666666666668,4.412072448258574,False,False,False,High,False,True,False,False,True,قوي,انسحاب مرتفع بعد الإضافة للسلة,انسحاب مرتفع بعد الإضافة للسلة,المنتج يحقق أداء جيدًا مقارنة ببقية المنتجات.,4.0,0,1163.0,81,12,81,2,54127.23,413,4.0,11,1,0,2024-01-01,2024-12-30,48|41|50|42|47,حقيبه رياضيه جيم|حذاء جري احترافي|عداد خطوات ذكي|لباس رياضي ضاغط|اوزان حديد طقم 20 كيلو,408.692,3.66,37.79127539127539,0.961579243323316,48,حقيبه رياضيه جيم,False,False,True,True,False,False,False,trust,content,4.8,قوة العلامة التجارية أقل من منافسيه داخل المجموعة | المنتج لا ينسجم جيدًا مع الفئة الغالبة داخل المجموعة | الدعم البصري أضعف من المنافسين من حيث عدد الصور | عدد المراجعات أقل من المنتجات المشابهة مما يضعف الثقة,2,50,عداد خطوات ذكي,,Substitute,85.87,ارتباط قوي مُثبَت بالبيانات — يظهر المنتجان معاً بشكل متكرر.,اعرض كلاهما في صفحة المنتج كبدائل مقترحة لرفع قيمة السلة.,True,content,Product content richness or image coverage lags similar products. Additional issues detected (content | visibility): The product receives limited qualified visibility in the selected period.,Strong Performance,Weak Content + Low Visibility,trust|content|visibility,3,"Improve product content with stronger visuals, richer copy, and clearer value proposition.",حسن المحتوى عبر صور اقوى ووصف اغنى وتوضيح ادق للقيمة.,Bundle with عداد خطوات ذكي where relevant.,فعّل باقة او ربطا مع المنتج عداد خطوات ذكي عندما يكون ذلك مناسبا.,content+bundle,"Improve product content with stronger visuals, richer copy, and clearer value proposition.",حسن المحتوى عبر صور اقوى ووصف اغنى وتوضيح ادق للقيمة.,Conversion 3754.55% vs category avg 850.97%.,,,33.79,Low,Low
66,قميص قطني كلاسيكي - اصدار خاص,قميص قطني كلاسيكي - اصدار خاص,الازياء والملابس,unknown_subcategory,ليفايز,234.31,,False,9,5,0,30,9,5,0,5,9,9,5.0,0.0,29,29.0,5.0,9.0,False,7263.61,31,30,0.5555555555555556,0.0,0.0,1.0,0.5555555555555556,3.333333333333333,1.0,Moderate,-0.3209534230670632,-0.3209534230670632,103.0,103.0,103.0,0.0,2.284453274168197,2.3080357142857144,18.59375,1.4591383290809694,True,False,False,High,False,True,False,False,False,متوسط,انسحاب مرتفع بعد الإضافة للسلة,انسحاب مرتفع بعد الإضافة للسلة,المنتج لا يحصل على عدد كافٍ من الزيارات خلال الفترة المختارة.,3.7,0,1159.0,79,14,79,6,7263.61,30,3.7,9,5,0,2024-01-01,2024-12-30,164|73|152|169|12,حقيبه يد جلديه - اصدار خاص|فستان سهره انيق - اصدار خاص|شال كشمير ناعم - اصدار خاص|فستان سهره انيق - اصدار خاص|فستان سهره انيق,294.15,3.6,1.4272441471571906,0.9683034210680158,164,حقيبه يد جلديه - اصدار خاص,False,False,True,False,False,False,True,trust,none,2.8,عدد المراجعات أقل من المنتجات المشابهة مما يضعف الثقة,6,152,شال كشمير ناعم - اصدار خاص,,Substitute,0.3,شركاء مقترحون بناءً على الشراء المتكرر داخل نفس القسم.,منتجات من نفس القسم يميل العملاء لضمّها — فرصة بيع تكميلي داخلي.,True,visibility,The product receives limited qualified visibility in the selected period.,Moderate Performance,Low Visibility,trust|visibility,2,"Increase visibility through merchandising, search placement, and demand generation.",ارفع الظهور عبر الترويج والتموضع في البحث وتنشيط الطلب.,Bundle with شال كشمير ناعم - اصدار خاص where relevant.,فعّل باقة او ربطا مع المنتج شال كشمير ناعم - اصدار خاص عندما يكون ذلك مناسبا.,visibility+bundle,"Increase visibility through merchandising, search placement, and demand generation.",ارفع الظهور عبر الترويج والتموضع في البحث وتنشيط الطلب.,Conversion 333.33% vs category avg 228.45%.,,,33.73,Low,Low
121,حذاء رياضي مريح - اصدار خاص,حذاء رياضي مريح - اصدار خاص,الازياء والملابس,unknown_subcategory,زارا,279.43,,False,6,2,0,24,6,2,0,2,6,6,2.0,0.0,24,24.0,2.0,6.0,False,7824.04,28,24,0.3333333333333333,0.0,0.0,1.0,0.3333333333333333,4.0,1.0,Moderate,-0.44014725084885,-0.44014725084885,162.0,162.0,162.0,0.0,2.284453274168197,2.3080357142857144,18.59375,1.7509659948971632,True,False,False,High,False,True,False,False,True,متوسط,انسحاب مرتفع بعد الإضافة للسلة,انسحاب مرتفع بعد الإضافة للسلة,المنتج لا يحصل على عدد كافٍ من الزيارات خلال الفترة المختارة.,4.3,0,1123.0,76,13,76,4,7824.04,24,4.3,6,2,0,2024-01-01,2024-12-30,190|129|164|19|100,حذاء رسمي جلد - اصدار خاص|تيشيرت بولو قطن - اصدار خاص|حقيبه يد جلديه - اصدار خاص|تيشيرت بولو قطن|حقيبه يد جلديه - اصدار خاص,324.43,4.16,2.3105769230769235,0.9621692147027532,190,حذاء رسمي جلد - اصدار خاص,False,False,True,False,False,False,True,trust,none,2.8,عدد المراجعات أقل من المنتجات المشابهة مما يضعف الثقة,6,73,فستان سهره انيق - اصدار خاص,,Substitute,0.2,شركاء مقترحون بناءً على الشراء المتكرر داخل نفس القسم.,منتجات من نفس القسم يميل العملاء لضمّها — فرصة بيع تكميلي داخلي.,True,visibility,The product receives limited qualified visibility in the selected period.,Moderate Performance,Low Visibility,trust|visibility,2,"Increase visibility through merchandising, search placement, and demand generation.",ارفع الظهور عبر الترويج والتموضع في البحث وتنشيط الطلب.,Bundle with فستان سهره انيق - اصدار خاص where relevant.,فعّل باقة او ربطا مع المنتج فستان سهره انيق - اصدار خاص عندما يكون ذلك مناسبا.,visibility+bundle,"Increase visibility through merchandising, search placement, and demand generation.",ارفع الظهور عبر الترويج والتموضع في البحث وتنشيط الطلب.,Conversion 400.00% vs category avg 228.45%.,,,33.72,Low,Low
50,عداد خطوات ذكي,عداد خطوات ذكي,الرياضه واللياقه,unknown_subcategory,ريبوك,103.84,,False,8,1,0,300,8,1,0,1,8,8,1.0,0.0,238,238.0,1.0,8.0,False,33540.32,323,300,0.125,0.0,0.0,1.0,0.125,37.5,1.0,Strong,0.6291310459621049,0.6291310459621049,16.0,16.0,16.0,0.0,8.50970943604373,2.117647058823529,17.666666666666668,4.406730956190464,True,False,False,High,False,True,False,False,True,قوي,انسحاب مرتفع بعد الإضافة للسلة,انسحاب مرتفع بعد الإضافة للسلة,المنتج يحقق أداء جيدًا مقارنة ببقية المنتجات.,3.2,0,1195.0,65,11,65,5,33540.32,300,3.2,8,1,0,2024-01-01,2024-12-30,42|47|48|41|46,لباس رياضي ضاغط|اوزان حديد طقم 20 كيلو|حقيبه رياضيه جيم|حذاء جري احترافي|حصيره يوغا مضاده للانزلاق,412.142,3.82,37.80036630036631,0.991891772486822,42,لباس رياضي ضاغط,False,True,True,False,False,False,False,trust,none,4.2,المنتج لا ينسجم جيدًا مع الفئة الغالبة داخل المجموعة | تقييم المنتج أقل من متوسط المنتجات المشابهة | عدد المراجعات أقل من المنتجات المشابهة مما يضعف الثقة,2,46,حصيره يوغا مضاده للانزلاق,,Substitute,85.87,ارتباط قوي مُثبَت بالبيانات — يظهر المنتجان معاً بشكل متكرر.,اعرض كلاهما في صفحة المنتج كبدائل مقترحة لرفع قيمة السلة.,True,visibility,The product receives limited qualified visibility in the selected period.,Strong Performance,Low Visibility,trust|visibility,2,"Increase visibility through merchandising, search placement, and demand generation.",ارفع الظهور عبر الترويج والتموضع في البحث وتنشيط الطلب.,Bundle with حصيره يوغا مضاده للانزلاق where relevant.,فعّل باقة او ربطا مع المنتج حصيره يوغا مضاده للانزلاق عندما يكون ذلك مناسبا.,visibility+bundle,"Increase visibility through merchandising, search placement, and demand generation.",ارفع الظهور عبر الترويج والتموضع في البحث وتنشيط الطلب.,Conversion 3750.00% vs category avg 850.97%.,Rating trails peers (3.20 vs 3.82).,,31.39,Low,Low
9,راوتر واي فاي 6,راوتر واي فاي 6,الالكترونيات,unknown_subcategory,شاومي,864.52,,False,13,5,0,268,13,5,0,5,13,13,5.0,0.0,212,212.0,5.0,13.0,False,247252.72,286,268,0.3846153846153846,0.0,0.0,1.0,0.3846153846153846,20.615384615384617,1.0,Strong,0.5368023310789325,0.5368023310789325,19.0,19.0,19.0,0.0,7.961233440029987,1.9,20.12121212121212,2.5894711881865087,False,False,False,High,False,False,False,False,False,قوي,انسحاب مرتفع بعد الإضافة للسلة,انسحاب مرتفع بعد الإضافة للسلة,المنتج يحقق أداء جيدًا مقارنة ببقية المنتجات.,3.1,0,1192.0,68,12,68,6,247252.72,268,3.1,13,5,0,2024-01-01,2024-12-30,10|3|4|42|50,شاحن لاسلكي سريع|سماعات لاسلكيه|ساعه ذكيه سبورت|لباس رياضي ضاغط|عداد خطوات ذكي,318.086,3.72,37.38311688311688,0.8891496051005796,10,شاحن لاسلكي سريع,True,True,True,False,False,False,True,pricing,trust,4.1,السعر أعلى من المستوى المعتاد داخل المجموعة المنافسة | تقييم المنتج أقل من متوسط المنتجات المشابهة | عدد المراجعات أقل من المنتجات المشابهة مما يضعف الثقة,2,2,لابتوب الترا سليم,,Substitute,87.9,ارتباط قوي مُثبَت بالبيانات — يظهر المنتجان معاً بشكل متكرر.,اعرض كلاهما في صفحة المنتج كبدائل مقترحة لرفع قيمة السلة.,True,pricing,The product appears overpriced relative to its closest peer group.,Strong Performance,High Price vs Peers,pricing|trust,2,Test a sharper price point or targeted promotion against peer price levels.,اختبر سعرا اكثر تنافسية او عرضا ترويجيا موجها مقارنة بالبدائل القريبة.,Bundle with لابتوب الترا سليم where relevant.,فعّل باقة او ربطا مع المنتج لابتوب الترا سليم عندما يكون ذلك مناسبا.,pricing+bundle,Test a sharper price point or targeted promotion against peer price levels.,اختبر سعرا اكثر تنافسية او عرضا ترويجيا موجها مقارنة بالبدائل القريبة.,Conversion 2061.54% vs category avg 796.12%.,Price is above peer average (864.52 vs 318.09).,Rating trails peers (3.10 vs 3.72).,31.19,Low,Low
6,شاشه 4K 27 انش,شاشه 4K 27 انش,الالكترونيات,unknown_subcategory,ابل,2618.75,,False,24,8,1,294,24,8,1,8,24,24,8.0,1.0,224,224.0,8.0,24.0,False,838000.0,320,294,0.3333333333333333,0.125,0.0416666666666666,0.875,0.3333333333333333,12.25,0.875,Strong,1.1845195157373944,1.1845195157373944,8.0,8.0,8.0,0.0416666666666666,7.961233440029987,1.9,20.12121212121212,1.538706293726498,False,False,False,High,False,False,False,False,False,قوي,أداء مستقر,أداء متماسك,المنتج يحقق أداء جيدًا مقارنة ببقية المنتجات.,3.1,0,1097.0,75,13,75,4,838000.0,294,3.1,24,8,1,2024-01-01,2024-12-30,97|67|68|177|124,هاتف ذكي برو ماكس - اصدار خاص|لابتوب الترا سليم - اصدار خاص|تابلت 10 انش - اصدار خاص|لابتوب الترا سليم - اصدار خاص|كاميرا ميرورليس - اصدار خاص,3023.1580000000004,3.3600000000000003,1.686275017253278,0.8481262974931039,97,هاتف ذكي برو ماكس - اصدار خاص,True,True,True,False,False,False,True,pricing,trust,4.1,السعر أعلى من المستوى المعتاد داخل المجموعة المنافسة | تقييم المنتج أقل من متوسط المنتجات المشابهة | عدد المراجعات أقل من المنتجات المشابهة مما يضعف الثقة,0,2,لابتوب الترا سليم,,Substitute,84.57000000000001,ارتباط قوي مُثبَت بالبيانات — يظهر المنتجان معاً بشكل متكرر.,اعرض كلاهما في صفحة المنتج كبدائل مقترحة لرفع قيمة السلة.,True,pricing,The product appears overpriced relative to its closest peer group.,Strong Performance,High Price vs Peers,pricing|trust,2,Test a sharper price point or targeted promotion against peer price levels.,اختبر سعرا اكثر تنافسية او عرضا ترويجيا موجها مقارنة بالبدائل القريبة.,Bundle with لابتوب الترا سليم where relevant.,فعّل باقة او ربطا مع المنتج لابتوب الترا سليم عندما يكون ذلك مناسبا.,pricing+bundle,Test a sharper price point or targeted promotion against peer price levels.,اختبر سعرا اكثر تنافسية او عرضا ترويجيا موجها مقارنة بالبدائل القريبة.,Conversion 1225.00% vs category avg 796.12%.,Price is above peer average (2618.75 vs 3023.16).,Rating trails peers (3.10 vs 3.36).,30.86,Low,Low
197,مكيف هواء انفيرتر 18000 - اصدار خاص,مكيف هواء انفيرتر 18000 - اصدار خاص,المنزل والمطبخ,unknown_subcategory,توشيبا,1440.46,,False,50,16,0,42,50,16,0,16,42,44,15.0,0.0,41,41.0,15.0,41.0,False,69142.08,48,42,0.32,0.0,0.0,1.0,0.32,0.9545454545454546,1.0,Strong,0.4087719131770017,0.4087719131770017,30.0,30.0,30.0,0.0,4.391284662352632,1.9285714285714288,21.80555555555556,0.2173727116187581,False,False,False,High,False,False,True,False,False,قوي,انسحاب مرتفع بعد الإضافة للسلة,انسحاب مرتفع بعد الإضافة للسلة,المنتج يحقق أداء جيدًا مقارنة ببقية المنتجات.,3.5,0,1089.0,90,16,90,1,69142.08,42,3.5,50,16,0,2024-01-01,2024-12-30,70|136|119|162|61,فرن كهربايي 60 لتر - اصدار خاص|فرن كهربايي 60 لتر - اصدار خاص|ماكينه قهوه اسبريسو - اصدار خاص|ثلاجه نوفروست 350 لتر - اصدار خاص|فرن كهربايي 60 لتر - اصدار خاص,1489.556,3.8400000000000007,1.2754978354978357,0.931079290716344,70,فرن كهربايي 60 لتر - اصدار خاص,True,False,True,True,False,False,True,pricing,trust,3.7,السعر أعلى من المستوى المعتاد داخل المجموعة المنافسة | الدعم البصري أضعف من المنافسين من حيث عدد الصور | عدد المراجعات أقل من المنتجات المشابهة مما يضعف الثقة,4,91,فرن كهربايي 60 لتر - اصدار خاص,,Substitute,0.9,شركاء مقترحون بناءً على الشراء المتكرر داخل نفس القسم.,منتجات من نفس القسم يميل العملاء لضمّها — فرصة بيع تكميلي داخلي.,True,conversion_friction,"Cart activity exists, but too few cart users convert to buyers. Additional issues detected (conversion_friction | pricing | content): The product appears overpriced relative to its closest peer group. Also: Product content richness or image coverage lags similar products.",Strong Performance,High Abandonment + High Price vs Peers + Weak Content,conversion_friction|pricing|trust|content,4,Investigate checkout or value-friction and reduce drop-off after add-to-cart.,افحص تعثر ما بعد الاضافة للسلة وخفف اسباب الانسحاب قبل الشراء.,Bundle with فرن كهربايي 60 لتر - اصدار خاص where relevant.,فعّل باقة او ربطا مع المنتج فرن كهربايي 60 لتر - اصدار خاص عندما يكون ذلك مناسبا.,conversion+bundle,Investigate checkout or value-friction and reduce drop-off after add-to-cart.,افحص تعثر ما بعد الاضافة للسلة وخفف اسباب الانسحاب قبل الشراء.,Conversion 95.45% vs category avg 439.13%.,Price is above peer average (1440.46 vs 1489.56).,Cart abandonment is high at 100.00%.,30.67,Low,Low
41,حذاء جري احترافي,حذاء جري احترافي,الرياضه واللياقه,unknown_subcategory,هيد,708.68,,False,6,1,0,256,6,1,0,1,6,6,1.0,0.0,199,199.0,1.0,6.0,False,196304.36,277,256,0.1666666666666666,0.0,0.0,1.0,0.1666666666666666,42.66666666666666,1.0,Strong,0.6843582887314025,0.6843582887314025,15.0,15.0,15.0,0.0,8.50970943604373,2.117647058823529,17.666666666666668,5.013880554598928,True,False,False,High,False,True,False,False,True,قوي,انسحاب مرتفع بعد الإضافة للسلة,انسحاب مرتفع بعد الإضافة للسلة,المنتج يحقق أداء جيدًا مقارنة ببقية المنتجات.,4.8,0,1129.0,67,11,67,7,196304.36,256,4.8,6,1,0,2024-01-01,2024-12-30,48|42|50|46|47,حقيبه رياضيه جيم|لباس رياضي ضاغط|عداد خطوات ذكي|حصيره يوغا مضاده للانزلاق|اوزان حديد طقم 20 كيلو,291.17400000000004,3.5,36.76703296703297,0.9512259622607075,48,حقيبه رياضيه جيم,True,False,True,False,False,False,False,pricing,trust,3.9,السعر أعلى من المستوى المعتاد داخل المجموعة المنافسة | المنتج لا ينسجم جيدًا مع الفئة الغالبة داخل المجموعة | عدد المراجعات أقل من المنتجات المشابهة مما يضعف الثقة,2,47,اوزان حديد طقم 20 كيلو,,Substitute,88.52,ارتباط قوي مُثبَت بالبيانات — يظهر المنتجان معاً بشكل متكرر.,اعرض كلاهما في صفحة المنتج كبدائل مقترحة لرفع قيمة السلة.,True,pricing,The product appears overpriced relative to its closest peer group. Additional issues detected (pricing | visibility): The product receives limited qualified visibility in the selected period.,Strong Performance,High Price vs Peers + Low Visibility,pricing|trust|visibility,3,Test a sharper price point or targeted promotion against peer price levels.,اختبر سعرا اكثر تنافسية او عرضا ترويجيا موجها مقارنة بالبدائل القريبة.,Bundle with اوزان حديد طقم 20 كيلو where relevant.,فعّل باقة او ربطا مع المنتج اوزان حديد طقم 20 كيلو عندما يكون ذلك مناسبا.,pricing+bundle,Test a sharper price point or targeted promotion against peer price levels.,اختبر سعرا اكثر تنافسية او عرضا ترويجيا موجها مقارنة بالبدائل القريبة.,Conversion 4266.67% vs category avg 850.97%.,Price is above peer average (708.68 vs 291.17).,,30.45,Low,Low
2,لابتوب الترا سليم,لابتوب الترا سليم,الالكترونيات,unknown_subcategory,شاومي,6856.93,,False,12,2,0,385,12,2,0,2,12,12,2.0,0.0,267,267.0,2.0,12.0,False,2969050.69,433,385,0.1666666666666666,0.0,0.0,1.0,0.1666666666666666,32.083333333333336,1.0,Strong,1.926085342831258,1.926085342831258,1.0,1.0,1.0,0.0,7.961233440029987,1.9,20.12121212121212,4.029945054997972,False,False,False,High,False,False,False,False,True,قوي,انسحاب مرتفع بعد الإضافة للسلة,انسحاب مرتفع بعد الإضافة للسلة,المنتج يحقق أداء جيدًا مقارنة ببقية المنتجات.,4.9,0,1122.0,75,13,75,2,2969050.69,385,4.9,12,2,0,2024-01-01,2024-12-30,1|4|9|10|3,هاتف ذكي برو ماكس|ساعه ذكيه سبورت|راوتر واي فاي 6|شاحن لاسلكي سريع|سماعات لاسلكيه,1523.6540000000002,3.82,34.72206682206682,0.9277572046005328,1,هاتف ذكي برو ماكس,True,False,True,True,False,False,True,pricing,trust,3.7,السعر أعلى من المستوى المعتاد داخل المجموعة المنافسة | الدعم البصري أضعف من المنافسين من حيث عدد الصور | عدد المراجعات أقل من المنتجات المشابهة مما يضعف الثقة,2,9,راوتر واي فاي 6,,Substitute,87.9,ارتباط قوي مُثبَت بالبيانات — يظهر المنتجان معاً بشكل متكرر.,اعرض كلاهما في صفحة المنتج كبدائل مقترحة لرفع قيمة السلة.,True,pricing,The product appears overpriced relative to its closest peer group. Additional issues detected (pricing | content): Product content richness or image coverage lags similar products.,Strong Performance,High Price vs Peers + Weak Content,pricing|trust|content,3,Test a sharper price point or targeted promotion against peer price levels.,اختبر سعرا اكثر تنافسية او عرضا ترويجيا موجها مقارنة بالبدائل القريبة.,Bundle with راوتر واي فاي 6 where relevant.,فعّل باقة او ربطا مع المنتج راوتر واي فاي 6 عندما يكون ذلك مناسبا.,pricing+bundle,Test a sharper price point or targeted promotion against peer price levels.,اختبر سعرا اكثر تنافسية او عرضا ترويجيا موجها مقارنة بالبدائل القريبة.,Conversion 3208.33% vs category avg 796.12%.,Price is above peer average (6856.93 vs 1523.65).,,29.59,Low,Low
42,لباس رياضي ضاغط,لباس رياضي ضاغط,الرياضه واللياقه,unknown_subcategory,ريبوك,162.27,,False,14,8,0,527,14,8,0,8,14,14,8.0,0.0,333,333.0,8.0,14.0,False,92331.63,569,527,0.5714285714285714,0.0,0.0,1.0,0.5714285714285714,37.642857142857146,1.0,Strong,1.3340161523930298,1.3340161523930298,4.0,4.0,4.0,0.0,8.50970943604373,2.117647058823529,17.666666666666668,4.4235185026902375,False,False,False,High,False,False,False,False,False,قوي,انسحاب مرتفع بعد الإضافة للسلة,انسحاب مرتفع بعد الإضافة للسلة,المنتج يحقق أداء جيدًا مقارنة ببقية المنتجات.,3.1,0,1192.0,69,12,69,7,92331.63,527,3.1,14,8,0,2024-01-01,2024-12-30,50|47|48|41|46,عداد خطوات ذكي|اوزان حديد طقم 20 كيلو|حقيبه رياضيه جيم|حذاء جري احترافي|حصيره يوغا مضاده للانزلاق,400.456,3.84,37.77179487179488,0.991891772486822,50,عداد خطوات ذكي,False,True,True,False,False,False,False,trust,none,4.2,المنتج لا ينسجم جيدًا مع الفئة الغالبة داخل المجموعة | تقييم المنتج أقل من متوسط المنتجات المشابهة | عدد المراجعات أقل من المنتجات المشابهة مما يضعف الثقة,2,48,حقيبه رياضيه جيم,,Substitute,60.0,ارتباط قوي مُثبَت بالبيانات — يظهر المنتجان معاً بشكل متكرر.,اعرض كلاهما في صفحة المنتج كبدائل مقترحة لرفع قيمة السلة.,True,mixed_context,المنتج لا ينسجم جيدًا مع الفئة الغالبة داخل المجموعة | تقييم المنتج أقل من متوسط المنتجات المشابهة | عدد المراجعات أقل من المنتجات المشابهة مما يضعف الثقة,Strong Performance,انسحاب مرتفع بعد الإضافة للسلة,trust,1,"Apply a focused optimization plan across pricing, content, and conversion levers.",طبق خطة تحسين مركزة تشمل السعر والمحتوى ومحفزات التحويل.,Bundle with حقيبه رياضيه جيم where relevant.,فعّل باقة او ربطا مع المنتج حقيبه رياضيه جيم عندما يكون ذلك مناسبا.,mixed+bundle,"Apply a focused optimization plan across pricing, content, and conversion levers.",طبق خطة تحسين مركزة تشمل السعر والمحتوى ومحفزات التحويل.,Conversion 3764.29% vs category avg 850.97%.,Rating trails peers (3.10 vs 3.84).,,28.8,Low,Low
37,غسول وجه للبشره الحساسه,غسول وجه للبشره الحساسه,الجمال والعنايه,unknown_subcategory,ماك,113.29,,False,24,7,0,287,24,7,0,7,24,22,6.0,0.0,220,220.0,6.0,22.0,False,35346.48,312,287,0.2916666666666667,0.0,0.0,1.0,0.2916666666666667,13.045454545454543,1.0,Strong,0.5221733858970545,0.5221733858970545,21.0,21.0,21.0,0.0,6.768778422340422,2.8,19.580645161290324,1.927298211210148,False,False,False,High,False,False,False,False,False,قوي,انسحاب مرتفع بعد الإضافة للسلة,انسحاب مرتفع بعد الإضافة للسلة,المنتج يحقق أداء جيدًا مقارنة ببقية المنتجات.,3.3,0,1228.0,74,12,74,7,35346.48,287,3.3,24,7,0,2024-01-01,2024-12-30,39|38|122|179|132,قناع وجه كولاجين|زيت ارغان طبيعي|طقم مكياج احترافي - اصدار خاص|مجموعه عنايه بالشعر - اصدار خاص|عطر رجالي عودي - اصدار خاص,301.364,3.58,8.137222222222222,0.982684602278614,39,قناع وجه كولاجين,False,True,True,False,False,False,True,trust,none,2.9,تقييم المنتج أقل من متوسط المنتجات المشابهة | عدد المراجعات أقل من المنتجات المشابهة مما يضعف الثقة,5,32,سيروم فيتامين سي,,Substitute,83.27,ارتباط قوي مُثبَت بالبيانات — يظهر المنتجان معاً بشكل متكرر.,اعرض كلاهما في صفحة المنتج كبدائل مقترحة لرفع قيمة السلة.,True,mixed_context,تقييم المنتج أقل من متوسط المنتجات المشابهة | عدد المراجعات أقل من المنتجات المشابهة مما يضعف الثقة,Strong Performance,انسحاب مرتفع بعد الإضافة للسلة,trust,1,"Apply a focused optimization plan across pricing, content, and conversion levers.",طبق خطة تحسين مركزة تشمل السعر والمحتوى ومحفزات التحويل.,Bundle with سيروم فيتامين سي where relevant.,فعّل باقة او ربطا مع المنتج سيروم فيتامين سي عندما يكون ذلك مناسبا.,mixed+bundle,"Apply a focused optimization plan across pricing, content, and conversion levers.",طبق خطة تحسين مركزة تشمل السعر والمحتوى ومحفزات التحويل.,Conversion 1304.55% vs category avg 676.88%.,Rating trails peers (3.30 vs 3.58).,,25.93,Low,Low
54,قاموس عربي انجليزي شامل,قاموس عربي انجليزي شامل,الكتب والتعليم,unknown_subcategory,نشر المعرفه,131.19,,False,17,5,0,292,17,5,0,5,17,16,5.0,0.0,227,227.0,5.0,16.0,False,41849.61,319,292,0.2941176470588235,0.0,0.0,1.0,0.2941176470588235,18.25,1.0,Strong,0.4955673480153479,0.4955673480153479,22.0,22.0,22.0,0.0,3.3634956997365264,2.083333333333333,23.17142857142857,5.425902581480804,False,False,False,High,False,False,False,False,False,قوي,انسحاب مرتفع بعد الإضافة للسلة,انسحاب مرتفع بعد الإضافة للسلة,المنتج يحقق أداء جيدًا مقارنة ببقية المنتجات.,3.0,0,1209.0,71,12,71,3,41849.61,292,3.0,17,5,0,2024-01-01,2024-12-30,56|89|51|94|62,دوره برمجه اكاديميه USB|كتاب رياده الاعمال والنجاح - اصدار خاص|كتاب تعلم البرمجه بالعربيه|قاموس عربي انجليزي شامل - اصدار خاص|كتاب الطبخ العربي التقليدي - اصدار خاص,156.45200000000003,3.54,5.234340659340659,0.795891526729744,56,دوره برمجه اكاديميه USB,False,True,True,False,False,False,True,trust,none,2.9,تقييم المنتج أقل من متوسط المنتجات المشابهة | عدد المراجعات أقل من المنتجات المشابهة مما يضعف الثقة,3,51,كتاب تعلم البرمجه بالعربيه,,Substitute,82.59,ارتباط قوي مُثبَت بالبيانات — يظهر المنتجان معاً بشكل متكرر.,اعرض كلاهما في صفحة المنتج كبدائل مقترحة لرفع قيمة السلة.,True,mixed_context,تقييم المنتج أقل من متوسط المنتجات المشابهة | عدد المراجعات أقل من المنتجات المشابهة مما يضعف الثقة,Strong Performance,انسحاب مرتفع بعد الإضافة للسلة,trust,1,"Apply a focused optimization plan across pricing, content, and conversion levers.",طبق خطة تحسين مركزة تشمل السعر والمحتوى ومحفزات التحويل.,Bundle with كتاب تعلم البرمجه بالعربيه where relevant.,فعّل باقة او ربطا مع المنتج كتاب تعلم البرمجه بالعربيه عندما يكون ذلك مناسبا.,mixed+bundle,"Apply a focused optimization plan across pricing, content, and conversion levers.",طبق خطة تحسين مركزة تشمل السعر والمحتوى ومحفزات التحويل.,Conversion 1825.00% vs category avg 336.35%.,Rating trails peers (3.00 vs 3.54).,,25.86,Low,Low
1,هاتف ذكي برو ماكس,هاتف ذكي برو ماكس,الالكترونيات,unknown_subcategory,ابل,5429.43,,False,9,4,0,371,9,4,0,4,9,9,4.0,0.0,254,254.0,4.0,9.0,False,2188060.29,403,371,0.4444444444444444,0.0,0.0,1.0,0.4444444444444444,41.22222222222222,1.0,Strong,1.7793339426272898,1.7793339426272898,2.0,2.0,2.0,0.0,7.961233440029987,1.9,20.12121212121212,5.177868797936787,True,False,False,High,False,True,False,False,False,قوي,انسحاب مرتفع بعد الإضافة للسلة,انسحاب مرتفع بعد الإضافة للسلة,المنتج يحقق أداء جيدًا مقارنة ببقية المنتجات.,3.7,0,1239.0,70,12,70,4,2188060.29,371,3.7,9,4,0,2024-01-01,2024-12-30,2|4|9|3|10,لابتوب الترا سليم|ساعه ذكيه سبورت|راوتر واي فاي 6|سماعات لاسلكيه|شاحن لاسلكي سريع,1809.154,4.0600000000000005,32.894289044289046,0.9277572046005328,2,لابتوب الترا سليم,True,False,True,False,False,False,True,pricing,trust,2.6,السعر أعلى من المستوى المعتاد داخل المجموعة المنافسة | عدد المراجعات أقل من المنتجات المشابهة مما يضعف الثقة,2,10,شاحن لاسلكي سريع,,Substitute,87.18,ارتباط قوي مُثبَت بالبيانات — يظهر المنتجان معاً بشكل متكرر.,اعرض كلاهما في صفحة المنتج كبدائل مقترحة لرفع قيمة السلة.,True,pricing,The product appears overpriced relative to its closest peer group. Additional issues detected (pricing | visibility): The product receives limited qualified visibility in the selected period.,Strong Performance,High Price vs Peers + Low Visibility,pricing|trust|visibility,3,Test a sharper price point or targeted promotion against peer price levels.,اختبر سعرا اكثر تنافسية او عرضا ترويجيا موجها مقارنة بالبدائل القريبة.,Bundle with شاحن لاسلكي سريع where relevant.,فعّل باقة او ربطا مع المنتج شاحن لاسلكي سريع عندما يكون ذلك مناسبا.,pricing+bundle,Test a sharper price point or targeted promotion against peer price levels.,اختبر سعرا اكثر تنافسية او عرضا ترويجيا موجها مقارنة بالبدائل القريبة.,Conversion 4122.22% vs category avg 796.12%.,Price is above peer average (5429.43 vs 1809.15).,,25.12,Low,Low
4,ساعه ذكيه سبورت,ساعه ذكيه سبورت,الالكترونيات,unknown_subcategory,شاومي,1045.02,,False,8,3,0,271,8,3,0,3,8,8,3.0,0.0,199,199.0,3.0,8.0,False,308280.9,295,271,0.375,0.0,0.0,1.0,0.375,33.875,1.0,Strong,0.6852821362427259,0.6852821362427259,14.0,14.0,14.0,0.0,7.961233440029987,1.9,20.12121212121212,4.254993934692664,True,False,False,High,False,True,False,False,True,قوي,انسحاب مرتفع بعد الإضافة للسلة,انسحاب مرتفع بعد الإضافة للسلة,المنتج يحقق أداء جيدًا مقارنة ببقية المنتجات.,4.6,0,1100.0,76,12,76,4,308280.9,271,4.6,8,3,0,2024-01-01,2024-12-30,10|3|9|41|48,شاحن لاسلكي سريع|سماعات لاسلكيه|راوتر واي فاي 6|حذاء جري احترافي|حقيبه رياضيه جيم,445.996,3.92,36.37441724941725,0.9486941991438076,10,شاحن لاسلكي سريع,True,False,True,False,False,False,True,pricing,trust,2.6,السعر أعلى من المستوى المعتاد داخل المجموعة المنافسة | عدد المراجعات أقل من المنتجات المشابهة مما يضعف الثقة,2,1,هاتف ذكي برو ماكس,,Substitute,86.24000000000001,ارتباط قوي مُثبَت بالبيانات — يظهر المنتجان معاً بشكل متكرر.,اعرض كلاهما في صفحة المنتج كبدائل مقترحة لرفع قيمة السلة.,True,pricing,The product appears overpriced relative to its closest peer group. Additional issues detected (pricing | visibility): The product receives limited qualified visibility in the selected period.,Strong Performance,High Price vs Peers + Low Visibility,pricing|trust|visibility,3,Test a sharper price point or targeted promotion against peer price levels.,اختبر سعرا اكثر تنافسية او عرضا ترويجيا موجها مقارنة بالبدائل القريبة.,Bundle with هاتف ذكي برو ماكس where relevant.,فعّل باقة او ربطا مع المنتج هاتف ذكي برو ماكس عندما يكون ذلك مناسبا.,pricing+bundle,Test a sharper price point or targeted promotion against peer price levels.,اختبر سعرا اكثر تنافسية او عرضا ترويجيا موجها مقارنة بالبدائل القريبة.,Conversion 3387.50% vs category avg 796.12%.,Price is above peer average (1045.02 vs 446.00).,,25.02,Low,Low
138,جهاز مشي كهربايي - اصدار خاص,جهاز مشي كهربايي - اصدار خاص,الرياضه واللياقه,unknown_subcategory,بوما,2075.88,,False,7,2,0,41,7,2,0,2,7,7,2.0,0.0,39,39.0,2.0,7.0,False,93414.6,45,41,0.2857142857142857,0.0,0.0,1.0,0.2857142857142857,5.857142857142857,1.0,Strong,-0.3341984088690474,-0.3341984088690474,33.0,33.0,33.0,0.0,8.50970943604373,2.117647058823529,17.666666666666668,0.688289406490701,True,False,False,High,False,True,True,False,True,قوي,انسحاب مرتفع بعد الإضافة للسلة,انسحاب مرتفع بعد الإضافة للسلة,المنتج يحقق أداء جيدًا مقارنة ببقية المنتجات.,4.6,0,1118.0,82,15,82,1,93414.6,41,4.6,7,2,0,2024-01-01,2024-12-30,96|105|114|44|188,دراجه هواييه جبليه - اصدار خاص|حقيبه رياضيه جيم - اصدار خاص|حقيبه رياضيه جيم - اصدار خاص|جهاز مشي كهربايي|جهاز مشي كهربايي - اصدار خاص,1422.8939999999998,4.56,1.515429880197322,0.9345291430866268,96,دراجه هواييه جبليه - اصدار خاص,True,False,True,True,False,False,True,pricing,trust,3.7,السعر أعلى من المستوى المعتاد داخل المجموعة المنافسة | الدعم البصري أضعف من المنافسين من حيث عدد الصور | عدد المراجعات أقل من المنتجات المشابهة مما يضعف الثقة,1,46,حصيره يوغا مضاده للانزلاق,,Substitute,1.1,شركاء مقترحون بناءً على الشراء المتكرر داخل نفس القسم.,منتجات من نفس القسم يميل العملاء لضمّها — فرصة بيع تكميلي داخلي.,True,conversion_friction,"Cart activity exists, but too few cart users convert to buyers. Additional issues detected (conversion_friction | pricing | content | visibility): The product appears overpriced relative to its closest peer group. Also: Product content richness or image coverage lags similar products. Also: The product receives limited qualified visibility in the selected period.",Strong Performance,High Abandonment + High Price vs Peers + Weak Content + Low Visibility,conversion_friction|pricing|trust|content|visibility,5,Investigate checkout or value-friction and reduce drop-off after add-to-cart.,افحص تعثر ما بعد الاضافة للسلة وخفف اسباب الانسحاب قبل الشراء.,Bundle with حصيره يوغا مضاده للانزلاق where relevant.,فعّل باقة او ربطا مع المنتج حصيره يوغا مضاده للانزلاق عندما يكون ذلك مناسبا.,conversion+bundle,Investigate checkout or value-friction and reduce drop-off after add-to-cart.,افحص تعثر ما بعد الاضافة للسلة وخفف اسباب الانسحاب قبل الشراء.,Conversion 585.71% vs category avg 850.97%.,Price is above peer average (2075.88 vs 1422.89).,Cart abandonment is high at 100.00%.,24.81,Low,Low
35,عطر نسايي زهري,عطر نسايي زهري,الجمال والعنايه,unknown_subcategory,افينو,790.82,,False,12,3,0,263,12,3,0,3,12,12,3.0,0.0,213,213.0,3.0,12.0,False,235664.36,298,263,0.25,0.0,0.0,1.0,0.25,21.916666666666668,1.0,Strong,0.4749331836245466,0.4749331836245466,26.0,26.0,26.0,0.0,6.768778422340422,2.8,19.580645161290324,3.2379057636649007,False,False,False,High,False,False,False,False,True,قوي,انسحاب مرتفع بعد الإضافة للسلة,انسحاب مرتفع بعد الإضافة للسلة,المنتج يحقق أداء جيدًا مقارنة ببقية المنتجات.,4.8,0,1087.0,78,14,78,5,235664.36,263,4.8,12,3,0,2024-01-01,2024-12-30,33|79|31|32|38,مجموعه عنايه بالشعر|سيروم فيتامين سي - اصدار خاص|كريم مرطب SPF 50|سيروم فيتامين سي|زيت ارغان طبيعي,290.444,4.2,20.390289449112977,0.9404253636847784,33,مجموعه عنايه بالشعر,True,False,True,False,False,False,True,pricing,trust,2.6,السعر أعلى من المستوى المعتاد داخل المجموعة المنافسة | عدد المراجعات أقل من المنتجات المشابهة مما يضعف الثقة,5,34,طقم مكياج احترافي,,Substitute,83.69,ارتباط قوي مُثبَت بالبيانات — يظهر المنتجان معاً بشكل متكرر.,اعرض كلاهما في صفحة المنتج كبدائل مقترحة لرفع قيمة السلة.,True,pricing,The product appears overpriced relative to its closest peer group.,Strong Performance,High Price vs Peers,pricing|trust,2,Test a sharper price point or targeted promotion against peer price levels.,اختبر سعرا اكثر تنافسية او عرضا ترويجيا موجها مقارنة بالبدائل القريبة.,Bundle with طقم مكياج احترافي where relevant.,فعّل باقة او ربطا مع المنتج طقم مكياج احترافي عندما يكون ذلك مناسبا.,pricing+bundle,Test a sharper price point or targeted promotion against peer price levels.,اختبر سعرا اكثر تنافسية او عرضا ترويجيا موجها مقارنة بالبدائل القريبة.,Conversion 2191.67% vs category avg 676.88%.,Price is above peer average (790.82 vs 290.44).,,24.77,Low,Low
31,كريم مرطب SPF 50,كريم مرطب SPF 50,الجمال والعنايه,unknown_subcategory,دوف,118.65,,False,20,6,0,285,20,6,0,6,20,19,6.0,0.0,212,212.0,6.0,19.0,False,37374.75,315,285,0.3,0.0,0.0,1.0,0.3,15.0,1.0,Strong,0.4844522766011693,0.4844522766011693,24.0,24.0,24.0,0.0,6.768778422340422,2.8,19.580645161290324,2.216057176652784,False,False,False,High,False,False,False,False,False,قوي,انسحاب مرتفع بعد الإضافة للسلة,انسحاب مرتفع بعد الإضافة للسلة,المنتج يحقق أداء جيدًا مقارنة ببقية المنتجات.,3.8,0,1153.0,67,12,67,3,37374.75,285,3.8,20,6,0,2024-01-01,2024-12-30,33|79|34|39|35,مجموعه عنايه بالشعر|سيروم فيتامين سي - اصدار خاص|طقم مكياج احترافي|قناع وجه كولاجين|عطر نسايي زهري,387.366,4.0200000000000005,18.147578166401694,0.9188210075114076,33,مجموعه عنايه بالشعر,False,False,True,True,False,False,True,trust,content,2.5,الدعم البصري أضعف من المنافسين من حيث عدد الصور | عدد المراجعات أقل من المنتجات المشابهة مما يضعف الثقة,5,32,سيروم فيتامين سي,,Substitute,86.55000000000001,ارتباط قوي مُثبَت بالبيانات — يظهر المنتجان معاً بشكل متكرر.,اعرض كلاهما في صفحة المنتج كبدائل مقترحة لرفع قيمة السلة.,True,content,Product content richness or image coverage lags similar products.,Strong Performance,Weak Content,trust|content,2,"Improve product content with stronger visuals, richer copy, and clearer value proposition.",حسن المحتوى عبر صور اقوى ووصف اغنى وتوضيح ادق للقيمة.,Bundle with سيروم فيتامين سي where relevant.,فعّل باقة او ربطا مع المنتج سيروم فيتامين سي عندما يكون ذلك مناسبا.,content+bundle,"Improve product content with stronger visuals, richer copy, and clearer value proposition.",حسن المحتوى عبر صور اقوى ووصف اغنى وتوضيح ادق للقيمة.,Conversion 1500.00% vs category avg 676.88%.,,,24.66,Low,Low
33,مجموعه عنايه بالشعر,مجموعه عنايه بالشعر,الجمال والعنايه,unknown_subcategory,نيفيا,404.5,,False,17,7,0,296,17,7,0,7,17,17,7.0,0.0,231,231.0,7.0,17.0,False,128226.5,317,296,0.4117647058823529,0.0,0.0,1.0,0.4117647058823529,17.41176470588235,1.0,Strong,0.5838710702625806,0.5838710702625806,17.0,17.0,17.0,0.0,6.768778422340422,2.8,19.580645161290324,2.5723644089773487,False,False,False,High,False,False,False,False,False,قوي,انسحاب مرتفع بعد الإضافة للسلة,انسحاب مرتفع بعد الإضافة للسلة,المنتج يحقق أداء جيدًا مقارنة ببقية المنتجات.,4.2,0,1113.0,70,11,70,5,128226.5,296,4.2,17,7,0,2024-01-01,2024-12-30,35|31|79|38|34,عطر نسايي زهري|كريم مرطب SPF 50|سيروم فيتامين سي - اصدار خاص|زيت ارغان طبيعي|طقم مكياج احترافي,385.042,3.98,17.99744744744745,0.9404253636847784,35,عطر نسايي زهري,True,False,True,False,False,False,True,pricing,trust,2.6,السعر أعلى من المستوى المعتاد داخل المجموعة المنافسة | عدد المراجعات أقل من المنتجات المشابهة مما يضعف الثقة,5,34,طقم مكياج احترافي,,Substitute,81.36,ارتباط قوي مُثبَت بالبيانات — يظهر المنتجان معاً بشكل متكرر.,اعرض كلاهما في صفحة المنتج كبدائل مقترحة لرفع قيمة السلة.,True,pricing,The product appears overpriced relative to its closest peer group.,Strong Performance,High Price vs Peers,pricing|trust,2,Test a sharper price point or targeted promotion against peer price levels.,اختبر سعرا اكثر تنافسية او عرضا ترويجيا موجها مقارنة بالبدائل القريبة.,Bundle with طقم مكياج احترافي where relevant.,فعّل باقة او ربطا مع المنتج طقم مكياج احترافي عندما يكون ذلك مناسبا.,pricing+bundle,Test a sharper price point or targeted promotion against peer price levels.,اختبر سعرا اكثر تنافسية او عرضا ترويجيا موجها مقارنة بالبدائل القريبة.,Conversion 1741.18% vs category avg 676.88%.,Price is above peer average (404.50 vs 385.04).,,24.54,Low,Low
38,زيت ارغان طبيعي,زيت ارغان طبيعي,الجمال والعنايه,unknown_subcategory,ماك,325.54,,False,18,6,0,281,18,6,0,6,18,18,6.0,0.0,212,212.0,6.0,18.0,False,99615.24,306,281,0.3333333333333333,0.0,0.0,1.0,0.3333333333333333,15.61111111111111,1.0,Strong,0.4935624283457731,0.4935624283457731,23.0,23.0,23.0,0.0,6.768778422340422,2.8,19.580645161290324,2.3063409875534524,False,False,False,High,False,False,False,False,False,قوي,انسحاب مرتفع بعد الإضافة للسلة,انسحاب مرتفع بعد الإضافة للسلة,المنتج يحقق أداء جيدًا مقارنة ببقية المنتجات.,3.7,0,1125.0,66,11,66,8,99615.24,281,3.7,18,6,0,2024-01-01,2024-12-30,37|39|33|31|36,غسول وجه للبشره الحساسه|قناع وجه كولاجين|مجموعه عنايه بالشعر|كريم مرطب SPF 50|عطر رجالي عودي,278.348,3.76,12.225888294711824,0.9054433121695238,37,غسول وجه للبشره الحساسه,True,False,True,False,False,False,True,pricing,trust,2.6,السعر أعلى من المستوى المعتاد داخل المجموعة المنافسة | عدد المراجعات أقل من المنتجات المشابهة مما يضعف الثقة,5,34,طقم مكياج احترافي,,Substitute,80.97,ارتباط قوي مُثبَت بالبيانات — يظهر المنتجان معاً بشكل متكرر.,اعرض كلاهما في صفحة المنتج كبدائل مقترحة لرفع قيمة السلة.,True,pricing,The product appears overpriced relative to its closest peer group.,Strong Performance,High Price vs Peers,pricing|trust,2,Test a sharper price point or targeted promotion against peer price levels.,اختبر سعرا اكثر تنافسية او عرضا ترويجيا موجها مقارنة بالبدائل القريبة.,Bundle with طقم مكياج احترافي where relevant.,فعّل باقة او ربطا مع المنتج طقم مكياج احترافي عندما يكون ذلك مناسبا.,pricing+bundle,Test a sharper price point or targeted promotion against peer price levels.,اختبر سعرا اكثر تنافسية او عرضا ترويجيا موجها مقارنة بالبدائل القريبة.,Conversion 1561.11% vs category avg 676.88%.,Price is above peer average (325.54 vs 278.35).,,24.5,Low,Low
56,دوره برمجه اكاديميه USB,دوره برمجه اكاديميه USB,الكتب والتعليم,unknown_subcategory,مكتبه جرير,327.69,,False,25,7,0,285,25,7,0,7,25,24,6.0,0.0,217,217.0,6.0,24.0,False,102566.97,313,285,0.28,0.0,0.0,1.0,0.28,11.875,1.0,Strong,0.5347428676601674,0.5347428676601674,20.0,20.0,20.0,0.0,3.3634956997365264,2.083333333333333,23.17142857142857,3.530553049593673,False,False,False,High,False,False,False,False,False,قوي,انسحاب مرتفع بعد الإضافة للسلة,انسحاب مرتفع بعد الإضافة للسلة,المنتج يحقق أداء جيدًا مقارنة ببقية المنتجات.,4.1,0,1243.0,72,11,72,6,102566.97,285,4.1,25,7,0,2024-01-01,2024-12-30,60|54|171|52|144,اطلس العالم المصور|قاموس عربي انجليزي شامل|موسوعه التاريخ الاسلامي - اصدار خاص|موسوعه التاريخ الاسلامي|كتاب تطوير الذات والتحفيز - اصدار خاص,151.542,3.5200000000000005,5.952670180061484,0.8402846811584114,60,اطلس العالم المصور,True,False,True,False,False,False,True,pricing,trust,2.6,السعر أعلى من المستوى المعتاد داخل المجموعة المنافسة | عدد المراجعات أقل من المنتجات المشابهة مما يضعف الثقة,3,51,كتاب تعلم البرمجه بالعربيه,,Substitute,79.29,ارتباط قوي مُثبَت بالبيانات — يظهر المنتجان معاً بشكل متكرر.,اعرض كلاهما في صفحة المنتج كبدائل مقترحة لرفع قيمة السلة.,True,pricing,The product appears overpriced relative to its closest peer group.,Strong Performance,High Price vs Peers,pricing|trust,2,Test a sharper price point or targeted promotion against peer price levels.,اختبر سعرا اكثر تنافسية او عرضا ترويجيا موجها مقارنة بالبدائل القريبة.,Bundle with كتاب تعلم البرمجه بالعربيه where relevant.,فعّل باقة او ربطا مع المنتج كتاب تعلم البرمجه بالعربيه عندما يكون ذلك مناسبا.,pricing+bundle,Test a sharper price point or targeted promotion against peer price levels.,اختبر سعرا اكثر تنافسية او عرضا ترويجيا موجها مقارنة بالبدائل القريبة.,Conversion 1187.50% vs category avg 336.35%.,Price is above peer average (327.69 vs 151.54).,,24.33,Low,Low
48,حقيبه رياضيه جيم,حقيبه رياضيه جيم,الرياضه واللياقه,unknown_subcategory,هيد,377.48,,False,13,5,0,529,13,5,0,5,13,13,5.0,0.0,330,330.0,5.0,13.0,False,220825.8,585,529,0.3846153846153846,0.0,0.0,1.0,0.3846153846153846,40.69230769230769,1.0,Strong,1.3399112478133008,1.3399112478133008,3.0,3.0,3.0,0.0,8.50970943604373,2.117647058823529,17.666666666666668,4.7818680529738575,False,False,False,High,False,False,False,False,False,قوي,انسحاب مرتفع بعد الإضافة للسلة,انسحاب مرتفع بعد الإضافة للسلة,المنتج يحقق أداء جيدًا مقارنة ببقية المنتجات.,4.0,0,1180.0,67,11,67,3,220825.8,529,4.0,13,5,0,2024-01-01,2024-12-30,46|50|41|42|47,حصيره يوغا مضاده للانزلاق|عداد خطوات ذكي|حذاء جري احترافي|لباس رياضي ضاغط|اوزان حديد طقم 20 كيلو,357.414,3.66,37.16190476190476,0.961579243323316,46,حصيره يوغا مضاده للانزلاق,False,False,True,False,False,False,False,trust,none,2.7,المنتج لا ينسجم جيدًا مع الفئة الغالبة داخل المجموعة | عدد المراجعات أقل من المنتجات المشابهة مما يضعف الثقة,2,42,لباس رياضي ضاغط,,Substitute,60.0,ارتباط قوي مُثبَت بالبيانات — يظهر المنتجان معاً بشكل متكرر.,اعرض كلاهما في صفحة المنتج كبدائل مقترحة لرفع قيمة السلة.,True,mixed_context,المنتج لا ينسجم جيدًا مع الفئة الغالبة داخل المجموعة | عدد المراجعات أقل من المنتجات المشابهة مما يضعف الثقة,Strong Performance,انسحاب مرتفع بعد الإضافة للسلة,trust,1,"Apply a focused optimization plan across pricing, content, and conversion levers.",طبق خطة تحسين مركزة تشمل السعر والمحتوى ومحفزات التحويل.,Bundle with لباس رياضي ضاغط where relevant.,فعّل باقة او ربطا مع المنتج لباس رياضي ضاغط عندما يكون ذلك مناسبا.,mixed+bundle,"Apply a focused optimization plan across pricing, content, and conversion levers.",طبق خطة تحسين مركزة تشمل السعر والمحتوى ومحفزات التحويل.,Conversion 4069.23% vs category avg 850.97%.,,,22.8,Low,Low
10,شاحن لاسلكي سريع,شاحن لاسلكي سريع,الالكترونيات,unknown_subcategory,سامسونج,96.42,,False,8,0,0,261,8,0,0,0,8,8,0.0,0.0,196,196.0,0.0,8.0,False,27865.38,289,261,0.0,,0.0,0.0,0.0,32.625,,Strong,1.2805966119764192,1.2805966119764192,5.0,5.0,5.0,0.0,7.961233440029987,1.9,20.12121212121212,4.097983088394041,True,False,True,High,False,True,False,False,True,قوي,ظهور أقل من المطلوب,مشاهدات أقل من المطلوب,المنتج يحقق أداء جيدًا مقارنة ببقية المنتجات.,4.0,0,1117.0,74,13,74,5,27865.38,261,4.0,8,0,0,2024-01-01,2024-12-30,3|4|9|41|48,سماعات لاسلكيه|ساعه ذكيه سبورت|راوتر واي فاي 6|حذاء جري احترافي|حقيبه رياضيه جيم,635.716,4.04,36.62441724941725,0.9571621440890034,3,سماعات لاسلكيه,False,False,True,False,False,False,True,trust,none,1.4,عدد المراجعات أقل من المنتجات المشابهة مما يضعف الثقة,2,1,هاتف ذكي برو ماكس,,Substitute,87.18,ارتباط قوي مُثبَت بالبيانات — يظهر المنتجان معاً بشكل متكرر.,اعرض كلاهما في صفحة المنتج كبدائل مقترحة لرفع قيمة السلة.,True,visibility,The product receives limited qualified visibility in the selected period.,Strong Performance,Low Visibility,trust|visibility,2,"Increase visibility through merchandising, search placement, and demand generation.",ارفع الظهور عبر الترويج والتموضع في البحث وتنشيط الطلب.,Bundle with هاتف ذكي برو ماكس where relevant.,فعّل باقة او ربطا مع المنتج هاتف ذكي برو ماكس عندما يكون ذلك مناسبا.,visibility+bundle,"Increase visibility through merchandising, search placement, and demand generation.",ارفع الظهور عبر الترويج والتموضع في البحث وتنشيط الطلب.,Conversion 3262.50% vs category avg 796.12%.,,,20.32,Low,Low
32,سيروم فيتامين سي,سيروم فيتامين سي,الجمال والعنايه,unknown_subcategory,بيوتانيا,182.43,,False,14,4,0,377,14,4,0,4,14,14,4.0,0.0,269,269.0,4.0,14.0,False,76255.74,418,377,0.2857142857142857,0.0,0.0,1.0,0.2857142857142857,26.928571428571427,1.0,Strong,0.7519564964747526,0.7519564964747526,13.0,13.0,13.0,0.0,6.768778422340422,2.8,19.580645161290324,3.978350264752854,False,False,False,High,False,False,False,False,False,قوي,انسحاب مرتفع بعد الإضافة للسلة,انسحاب مرتفع بعد الإضافة للسلة,المنتج يحقق أداء جيدًا مقارنة ببقية المنتجات.,4.7,0,1247.0,80,14,80,5,76255.74,377,4.7,14,4,0,2024-01-01,2024-12-30,79|35|31|39|33,سيروم فيتامين سي - اصدار خاص|عطر نسايي زهري|كريم مرطب SPF 50|قناع وجه كولاجين|مجموعه عنايه بالشعر,357.276,4.18,19.055686274509803,0.962224931350931,79,سيروم فيتامين سي - اصدار خاص,False,False,True,False,False,False,True,trust,none,1.4,عدد المراجعات أقل من المنتجات المشابهة مما يضعف الثقة,5,31,كريم مرطب SPF 50,,Substitute,86.55000000000001,ارتباط قوي مُثبَت بالبيانات — يظهر المنتجان معاً بشكل متكرر.,اعرض كلاهما في صفحة المنتج كبدائل مقترحة لرفع قيمة السلة.,True,mixed_context,عدد المراجعات أقل من المنتجات المشابهة مما يضعف الثقة,Strong Performance,انسحاب مرتفع بعد الإضافة للسلة,trust,1,"Apply a focused optimization plan across pricing, content, and conversion levers.",طبق خطة تحسين مركزة تشمل السعر والمحتوى ومحفزات التحويل.,Bundle with كريم مرطب SPF 50 where relevant.,فعّل باقة او ربطا مع المنتج كريم مرطب SPF 50 عندما يكون ذلك مناسبا.,mixed+bundle,"Apply a focused optimization plan across pricing, content, and conversion levers.",طبق خطة تحسين مركزة تشمل السعر والمحتوى ومحفزات التحويل.,Conversion 2692.86% vs category avg 676.88%.,,,20.26,Low,Low
39,قناع وجه كولاجين,قناع وجه كولاجين,الجمال والعنايه,unknown_subcategory,ماك,51.31,,False,20,7,0,279,20,7,0,7,20,20,7.0,0.0,215,215.0,7.0,20.0,False,15906.1,310,279,0.35,0.0,0.0,1.0,0.35,13.95,1.0,Strong,0.4776640802449146,0.4776640802449146,25.0,25.0,25.0,0.0,6.768778422340422,2.8,19.580645161290324,2.0609331742870887,False,False,False,High,False,False,False,False,False,قوي,انسحاب مرتفع بعد الإضافة للسلة,انسحاب مرتفع بعد الإضافة للسلة,المنتج يحقق أداء جيدًا مقارنة ببقية المنتجات.,3.5,0,1221.0,80,14,80,6,15906.1,279,3.5,20,7,0,2024-01-01,2024-12-30,37|38|179|122|31,غسول وجه للبشره الحساسه|زيت ارغان طبيعي|مجموعه عنايه بالشعر - اصدار خاص|طقم مكياج احترافي - اصدار خاص|كريم مرطب SPF 50,280.50600000000003,3.6,10.18131313131313,0.982684602278614,37,غسول وجه للبشره الحساسه,False,False,True,False,False,False,True,trust,none,1.4,عدد المراجعات أقل من المنتجات المشابهة مما يضعف الثقة,5,32,سيروم فيتامين سي,,Substitute,85.02,ارتباط قوي مُثبَت بالبيانات — يظهر المنتجان معاً بشكل متكرر.,اعرض كلاهما في صفحة المنتج كبدائل مقترحة لرفع قيمة السلة.,True,mixed_context,عدد المراجعات أقل من المنتجات المشابهة مما يضعف الثقة,Strong Performance,انسحاب مرتفع بعد الإضافة للسلة,trust,1,"Apply a focused optimization plan across pricing, content, and conversion levers.",طبق خطة تحسين مركزة تشمل السعر والمحتوى ومحفزات التحويل.,Bundle with سيروم فيتامين سي where relevant.,فعّل باقة او ربطا مع المنتج سيروم فيتامين سي عندما يكون ذلك مناسبا.,mixed+bundle,"Apply a focused optimization plan across pricing, content, and conversion levers.",طبق خطة تحسين مركزة تشمل السعر والمحتوى ومحفزات التحويل.,Conversion 1395.00% vs category avg 676.88%.,,,20.1,Low,Low
51,كتاب تعلم البرمجه بالعربيه,كتاب تعلم البرمجه بالعربيه,الكتب والتعليم,unknown_subcategory,دار قرطبه,66.67,,False,55,18,0,398,55,18,0,18,55,52,18.0,0.0,274,274.0,18.0,52.0,False,28868.11,433,398,0.3272727272727272,0.0,0.0,1.0,0.3272727272727272,7.653846153846154,1.0,Strong,1.2564703826443555,1.2564703826443555,6.0,6.0,6.0,0.0,3.3634956997365264,2.083333333333333,23.17142857142857,2.275562937227987,False,False,False,High,False,False,False,False,False,قوي,انسحاب مرتفع بعد الإضافة للسلة,انسحاب مرتفع بعد الإضافة للسلة,المنتج يحقق أداء جيدًا مقارنة ببقية المنتجات.,4.2,0,1190.0,66,10,66,4,28868.11,398,4.2,55,18,0,2024-01-01,2024-12-30,113|52|84|59|55,كتاب تعلم البرمجه بالعربيه - اصدار خاص|موسوعه التاريخ الاسلامي|كتاب الطبخ العربي التقليدي - اصدار خاص|كتاب تطوير الذات والتحفيز|روايه عربيه بيست سيلر,79.512,4.48,3.5087179487179485,0.9000177130615843,113,كتاب تعلم البرمجه بالعربيه - اصدار خاص,False,False,True,False,False,False,True,trust,none,1.4,عدد المراجعات أقل من المنتجات المشابهة مما يضعف الثقة,3,54,قاموس عربي انجليزي شامل,,Substitute,82.59,ارتباط قوي مُثبَت بالبيانات — يظهر المنتجان معاً بشكل متكرر.,اعرض كلاهما في صفحة المنتج كبدائل مقترحة لرفع قيمة السلة.,True,mixed_context,عدد المراجعات أقل من المنتجات المشابهة مما يضعف الثقة,Strong Performance,انسحاب مرتفع بعد الإضافة للسلة,trust,1,"Apply a focused optimization plan across pricing, content, and conversion levers.",طبق خطة تحسين مركزة تشمل السعر والمحتوى ومحفزات التحويل.,Bundle with قاموس عربي انجليزي شامل where relevant.,فعّل باقة او ربطا مع المنتج قاموس عربي انجليزي شامل عندما يكون ذلك مناسبا.,mixed+bundle,"Apply a focused optimization plan across pricing, content, and conversion levers.",طبق خطة تحسين مركزة تشمل السعر والمحتوى ومحفزات التحويل.,Conversion 765.38% vs category avg 336.35%.,,,19.86,Low,Low
53,كتاب رياده الاعمال والنجاح,كتاب رياده الاعمال والنجاح,الكتب والتعليم,unknown_subcategory,بنغوين,95.99,,False,28,5,0,285,28,5,0,5,28,27,5.0,0.0,216,216.0,5.0,27.0,False,29084.97,303,285,0.1785714285714285,0.0,0.0,1.0,0.1785714285714285,10.555555555555555,1.0,Strong,0.4502015313706505,0.4502015313706505,27.0,27.0,27.0,0.0,3.3634956997365264,2.083333333333333,23.17142857142857,3.1382693774165986,False,False,False,High,False,False,False,False,False,قوي,انسحاب مرتفع بعد الإضافة للسلة,انسحاب مرتفع بعد الإضافة للسلة,المنتج يحقق أداء جيدًا مقارنة ببقية المنتجات.,4.3,0,1073.0,75,11,75,7,29084.97,285,4.3,28,5,0,2024-01-01,2024-12-30,74|57|52|58|92,كتاب الطبخ العربي التقليدي - اصدار خاص|مجموعه كتب الطفل التعليميه|موسوعه التاريخ الاسلامي|كتاب الطبخ العربي التقليدي|موسوعه التاريخ الاسلامي - اصدار خاص,156.43,3.82,2.420016573692295,0.8630215392962151,74,كتاب الطبخ العربي التقليدي - اصدار خاص,False,False,True,False,False,False,True,trust,none,1.4,عدد المراجعات أقل من المنتجات المشابهة مما يضعف الثقة,3,51,كتاب تعلم البرمجه بالعربيه,,Substitute,77.77,ارتباط قوي مُثبَت بالبيانات — يظهر المنتجان معاً بشكل متكرر.,اعرض كلاهما في صفحة المنتج كبدائل مقترحة لرفع قيمة السلة.,True,mixed_context,عدد المراجعات أقل من المنتجات المشابهة مما يضعف الثقة,Strong Performance,انسحاب مرتفع بعد الإضافة للسلة,trust,1,"Apply a focused optimization plan across pricing, content, and conversion levers.",طبق خطة تحسين مركزة تشمل السعر والمحتوى ومحفزات التحويل.,Bundle with كتاب تعلم البرمجه بالعربيه where relevant.,فعّل باقة او ربطا مع المنتج كتاب تعلم البرمجه بالعربيه عندما يكون ذلك مناسبا.,mixed+bundle,"Apply a focused optimization plan across pricing, content, and conversion levers.",طبق خطة تحسين مركزة تشمل السعر والمحتوى ومحفزات التحويل.,Conversion 1055.56% vs category avg 336.35%.,,,19.38,Low,Low
3,سماعات لاسلكيه,سماعات لاسلكيه,الالكترونيات,unknown_subcategory,سامسونج,182.88,,False,12,3,0,498,12,3,0,3,12,11,3.0,0.0,311,311.0,3.0,11.0,False,100584.0,550,498,0.25,0.0,0.0,1.0,0.25,45.27272727272727,1.0,Strong,1.2442129507867867,1.2442129507867867,7.0,7.0,7.0,0.0,7.961233440029987,1.9,20.12121212121212,5.686647378670101,False,False,False,High,False,False,False,False,True,قوي,انسحاب مرتفع بعد الإضافة للسلة,انسحاب مرتفع بعد الإضافة للسلة,المنتج يحقق أداء جيدًا مقارنة ببقية المنتجات.,3.7,0,1141.0,75,11,75,8,100584.0,498,3.7,12,3,0,2024-01-01,2024-12-30,10|4|9|41|42,شاحن لاسلكي سريع|ساعه ذكيه سبورت|راوتر واي فاي 6|حذاء جري احترافي|لباس رياضي ضاغط,575.382,3.92,33.48498168498168,0.9571621440890034,10,شاحن لاسلكي سريع,False,False,True,False,False,False,True,trust,none,1.4,عدد المراجعات أقل من المنتجات المشابهة مما يضعف الثقة,2,2,لابتوب الترا سليم,,Substitute,58.87,ارتباط قوي مُثبَت بالبيانات — يظهر المنتجان معاً بشكل متكرر.,اعرض كلاهما في صفحة المنتج كبدائل مقترحة لرفع قيمة السلة.,True,mixed_context,عدد المراجعات أقل من المنتجات المشابهة مما يضعف الثقة,Strong Performance,انسحاب مرتفع بعد الإضافة للسلة,trust,1,"Apply a focused optimization plan across pricing, content, and conversion levers.",طبق خطة تحسين مركزة تشمل السعر والمحتوى ومحفزات التحويل.,Bundle with لابتوب الترا سليم where relevant.,فعّل باقة او ربطا مع المنتج لابتوب الترا سليم عندما يكون ذلك مناسبا.,mixed+bundle,"Apply a focused optimization plan across pricing, content, and conversion levers.",طبق خطة تحسين مركزة تشمل السعر والمحتوى ومحفزات التحويل.,Conversion 4527.27% vs category avg 796.12%.,,,17.49,Low,Low
88,دوره برمجه اكاديميه USB - اصدار خاص,دوره برمجه اكاديميه USB - اصدار خاص,الكتب والتعليم,unknown_subcategory,بنغوين,398.34,,False,7,0,0,37,7,0,0,0,7,7,0.0,0.0,36,36.0,0.0,7.0,False,15535.259999999998,39,37,0.0,,0.0,0.0,0.0,5.285714285714286,,Strong,0.3947013799900449,0.3947013799900449,31.0,31.0,31.0,0.0,3.3634956997365264,2.083333333333333,23.17142857142857,1.5714942897439508,True,False,True,High,False,True,False,False,True,قوي,ظهور أقل من المطلوب,مشاهدات أقل من المطلوب,المنتج يحقق أداء جيدًا مقارنة ببقية المنتجات.,3.9,0,1085.0,83,15,83,3,15535.259999999998,37,3.9,7,0,0,2024-01-01,2024-12-30,175|172|120|200|92,مجموعه كتب الطفل التعليميه - اصدار خاص|كتاب رياده الاعمال والنجاح - اصدار خاص|روايه عربيه بيست سيلر - اصدار خاص|موسوعه التاريخ الاسلامي - اصدار خاص|موسوعه التاريخ الاسلامي - اصدار خاص,145.942,3.98,1.908288915319443,0.92117362088321,175,مجموعه كتب الطفل التعليميه - اصدار خاص,True,False,True,False,False,False,True,pricing,trust,2.6,السعر أعلى من المستوى المعتاد داخل المجموعة المنافسة | عدد المراجعات أقل من المنتجات المشابهة مما يضعف الثقة,3,51,كتاب تعلم البرمجه بالعربيه,,Substitute,0.9,شركاء مقترحون بناءً على الشراء المتكرر داخل نفس القسم.,منتجات من نفس القسم يميل العملاء لضمّها — فرصة بيع تكميلي داخلي.,True,pricing,The product appears overpriced relative to its closest peer group. Additional issues detected (pricing | visibility): The product receives limited qualified visibility in the selected period.,Strong Performance,High Price vs Peers + Low Visibility,pricing|trust|visibility,3,Test a sharper price point or targeted promotion against peer price levels.,اختبر سعرا اكثر تنافسية او عرضا ترويجيا موجها مقارنة بالبدائل القريبة.,Bundle with كتاب تعلم البرمجه بالعربيه where relevant.,فعّل باقة او ربطا مع المنتج كتاب تعلم البرمجه بالعربيه عندما يكون ذلك مناسبا.,pricing+bundle,Test a sharper price point or targeted promotion against peer price levels.,اختبر سعرا اكثر تنافسية او عرضا ترويجيا موجها مقارنة بالبدائل القريبة.,Conversion 528.57% vs category avg 336.35%.,Price is above peer average (398.34 vs 145.94).,,16.49,Low,Low
80,ماكينه قهوه اسبريسو - اصدار خاص,ماكينه قهوه اسبريسو - اصدار خاص,المنزل والمطبخ,unknown_subcategory,اريتي,996.58,,False,14,4,0,39,14,4,0,4,14,13,4.0,0.0,38,38.0,4.0,13.0,False,43849.52,44,39,0.2857142857142857,0.0,0.0,1.0,0.2857142857142857,3.0,1.0,Strong,-0.2791072734175012,-0.2791072734175012,32.0,32.0,32.0,0.0,4.391284662352632,1.9285714285714288,21.80555555555556,0.68317137937324,False,False,False,High,False,False,True,False,False,قوي,انسحاب مرتفع بعد الإضافة للسلة,انسحاب مرتفع بعد الإضافة للسلة,المنتج يحقق أداء جيدًا مقارنة ببقية المنتجات.,4.3,0,1164.0,86,15,86,6,43849.52,39,4.3,14,4,0,2024-01-01,2024-12-30,128|168|153|195|27,مكواه بخاريه احترافيه - اصدار خاص|مجموعه سكاكين مطبخ - اصدار خاص|فرن كهربايي 60 لتر - اصدار خاص|فرن كهربايي 60 لتر - اصدار خاص|فرن كهربايي 60 لتر,578.922,3.6599999999999993,1.768420060331825,0.8608889176485219,128,مكواه بخاريه احترافيه - اصدار خاص,False,False,True,False,False,False,True,trust,none,1.4,عدد المراجعات أقل من المنتجات المشابهة مما يضعف الثقة,4,25,ماكينه قهوه اسبريسو,,Substitute,0.5,شركاء مقترحون بناءً على الشراء المتكرر داخل نفس القسم.,منتجات من نفس القسم يميل العملاء لضمّها — فرصة بيع تكميلي داخلي.,True,conversion_friction,"Cart activity exists, but too few cart users convert to buyers.",Strong Performance,High Abandonment,conversion_friction|trust,2,Investigate checkout or value-friction and reduce drop-off after add-to-cart.,افحص تعثر ما بعد الاضافة للسلة وخفف اسباب الانسحاب قبل الشراء.,Bundle with ماكينه قهوه اسبريسو where relevant.,فعّل باقة او ربطا مع المنتج ماكينه قهوه اسبريسو عندما يكون ذلك مناسبا.,conversion+bundle,Investigate checkout or value-friction and reduce drop-off after add-to-cart.,افحص تعثر ما بعد الاضافة للسلة وخفف اسباب الانسحاب قبل الشراء.,Conversion 300.00% vs category avg 439.13%.,Cart abandonment is high at 100.00%.,,15.61,Low,Low
