event_id,user_id,product_id,event_type,event_time,session_id,user_session
1,1,106,view,2024-04-17 00:19:20,SES00014436,SES00014436
2,1,80,view,2024-04-17 00:42:02,SES00014436,SES00014436
3,1,165,view,2024-04-17 00:57:06,SES00014436,SES00014436
4,1,80,cart,2024-04-17 01:26:44,SES00014436,SES00014436
5,2,34,view,2024-09-19 20:48:35,SES00025115,SES00025115
6,2,197,view,2024-09-19 21:10:16,SES00025115,SES00025115
7,2,1,view,2024-09-19 21:18:14,SES00025115,SES00025115
8,2,107,view,2023-04-11 16:17:39,SES00022474,SES00022474
9,2,176,view,2023-04-11 16:24:56,SES00022474,SES00022474
10,2,37,view,2023-04-11 16:42:06,SES00022474,SES00022474
11,2,176,cart,2023-04-11 16:55:38,SES00022474,SES00022474
12,3,47,view,2023-09-17 13:47:17,SES00032862,SES00032862
13,3,113,view,2023-09-17 14:11:00,SES00032862,SES00032862
14,3,163,view,2023-09-17 14:26:54,SES00032862,SES00032862
15,3,33,view,2023-09-17 14:39:09,SES00032862,SES00032862
16,3,134,view,2023-09-17 14:54:52,SES00032862,SES00032862
17,3,47,cart,2023-09-17 15:23:02,SES00032862,SES00032862
18,3,163,cart,2023-09-17 15:39:09,SES00032862,SES00032862
19,3,134,cart,2023-09-17 15:40:17,SES00032862,SES00032862
20,3,68,view,2024-05-06 14:26:53,SES00039988,SES00039988
21,3,117,view,2024-05-06 14:54:22,SES00039988,SES00039988
22,3,23,view,2024-05-06 14:57:31,SES00039988,SES00039988
23,3,197,view,2024-05-06 15:00:49,SES00039988,SES00039988
24,3,45,view,2024-05-06 15:25:18,SES00039988,SES00039988
25,3,2,view,2024-05-06 15:53:02,SES00039988,SES00039988
26,3,91,view,2024-05-06 16:17:07,SES00039988,SES00039988
27,3,176,view,2024-05-06 16:20:22,SES00039988,SES00039988
28,3,51,view,2024-05-06 16:36:52,SES00039988,SES00039988
29,3,194,view,2024-05-06 16:41:52,SES00039988,SES00039988
30,3,194,cart,2024-05-06 17:05:22,SES00039988,SES00039988
31,3,197,view,2024-03-04 14:39:32,SES00033366,SES00033366
32,3,181,view,2024-03-04 15:00:06,SES00033366,SES00033366
33,3,53,view,2024-03-04 15:17:33,SES00033366,SES00033366
34,4,172,view,2024-08-02 21:56:35,SES00049882,SES00049882
35,4,197,view,2024-08-02 22:06:24,SES00049882,SES00049882
36,4,128,view,2024-08-02 22:12:58,SES00049882,SES00049882
37,4,152,view,2024-08-02 22:28:59,SES00049882,SES00049882
38,4,19,view,2024-08-02 22:58:40,SES00049882,SES00049882
39,4,168,view,2024-08-02 23:25:05,SES00049882,SES00049882
40,4,94,view,2024-08-02 23:41:42,SES00049882,SES00049882
41,4,172,cart,2024-08-03 00:00:39,SES00049882,SES00049882
42,4,128,cart,2024-08-03 00:02:16,SES00049882,SES00049882
43,4,168,cart,2024-08-03 00:12:59,SES00049882,SES00049882
44,4,91,view,2023-03-17 08:35:32,SES00047399,SES00047399
45,4,119,view,2023-03-17 09:03:38,SES00047399,SES00047399
46,4,178,view,2023-03-17 09:27:21,SES00047399,SES00047399
47,4,193,view,2023-03-17 09:45:40,SES00047399,SES00047399
48,4,150,view,2023-03-17 10:04:51,SES00047399,SES00047399
49,4,90,view,2023-03-17 10:15:16,SES00047399,SES00047399
50,4,37,view,2023-03-17 10:18:27,SES00047399,SES00047399
51,4,131,view,2023-03-17 10:44:53,SES00047399,SES00047399
52,4,148,view,2023-03-17 11:01:34,SES00047399,SES00047399
53,4,44,view,2023-03-17 11:06:43,SES00047399,SES00047399
54,4,37,cart,2023-03-17 11:23:59,SES00047399,SES00047399
55,4,51,view,2023-10-28 03:03:29,SES00047357,SES00047357
56,4,167,view,2023-10-28 03:30:21,SES00047357,SES00047357
57,4,131,view,2023-10-28 03:37:32,SES00047357,SES00047357
58,4,35,view,2023-10-28 04:04:44,SES00047357,SES00047357
59,4,124,view,2023-10-28 04:20:23,SES00047357,SES00047357
60,4,124,cart,2023-10-28 04:48:19,SES00047357,SES00047357
61,5,199,view,2024-04-28 16:50:46,SES00059041,SES00059041
62,5,45,view,2024-04-28 17:13:06,SES00059041,SES00059041
63,5,80,view,2024-04-28 17:36:14,SES00059041,SES00059041
64,5,100,view,2024-04-28 18:01:31,SES00059041,SES00059041
65,5,170,view,2024-04-28 18:21:28,SES00059041,SES00059041
66,5,99,view,2024-04-28 18:47:56,SES00059041,SES00059041
67,5,117,view,2023-03-17 15:39:38,SES00056856,SES00056856
68,5,153,view,2023-03-17 15:46:23,SES00056856,SES00056856
69,5,65,view,2023-03-17 16:15:33,SES00056856,SES00056856
70,5,14,view,2023-03-17 16:25:18,SES00056856,SES00056856
71,5,83,view,2023-03-17 16:34:59,SES00056856,SES00056856
72,5,115,view,2023-03-17 16:49:47,SES00056856,SES00056856
73,5,153,cart,2023-03-17 16:51:54,SES00056856,SES00056856
74,5,65,cart,2023-03-17 16:53:21,SES00056856,SES00056856
75,5,14,cart,2023-03-17 17:00:56,SES00056856,SES00056856
76,5,129,view,2024-04-27 17:38:04,SES00052865,SES00052865
77,5,97,view,2024-04-27 17:56:49,SES00052865,SES00052865
78,5,180,view,2024-04-27 18:13:14,SES00052865,SES00052865
79,5,129,cart,2024-04-27 18:39:31,SES00052865,SES00052865
80,5,8,view,2024-04-09 13:30:36,SES00055374,SES00055374
81,5,164,view,2024-04-09 13:31:50,SES00055374,SES00055374
82,5,53,view,2024-04-09 13:45:08,SES00055374,SES00055374
83,5,165,view,2024-04-09 14:13:18,SES00055374,SES00055374
84,5,157,view,2024-04-09 14:31:55,SES00055374,SES00055374
85,5,96,view,2024-04-09 14:46:38,SES00055374,SES00055374
86,5,69,view,2024-04-09 15:09:31,SES00055374,SES00055374
87,5,8,cart,2024-04-09 15:25:00,SES00055374,SES00055374
88,5,164,cart,2024-04-09 15:37:50,SES00055374,SES00055374
89,6,34,view,2024-03-18 23:13:45,SES00064826,SES00064826
90,6,175,view,2024-03-18 23:25:10,SES00064826,SES00064826
91,6,76,view,2024-03-18 23:46:30,SES00064826,SES00064826
92,6,34,cart,2024-03-18 23:56:03,SES00064826,SES00064826
93,6,76,cart,2024-03-19 00:01:52,SES00064826,SES00064826
94,6,129,view,2024-02-21 23:16:34,SES00067108,SES00067108
95,6,169,view,2024-02-21 23:28:27,SES00067108,SES00067108
96,6,7,view,2024-02-21 23:42:54,SES00067108,SES00067108
97,6,106,view,2024-02-21 23:50:59,SES00067108,SES00067108
98,6,49,view,2024-02-21 23:56:47,SES00067108,SES00067108
99,6,68,view,2024-02-22 00:00:59,SES00067108,SES00067108
100,6,20,view,2024-06-01 10:00:10,SES00062882,SES00062882
101,6,144,view,2024-06-01 10:28:29,SES00062882,SES00062882
102,6,91,view,2024-06-01 10:55:17,SES00062882,SES00062882
103,6,124,view,2024-06-01 10:58:47,SES00062882,SES00062882
104,6,141,view,2024-06-01 11:22:33,SES00062882,SES00062882
105,6,20,cart,2024-06-01 11:31:58,SES00062882,SES00062882
106,6,124,cart,2024-06-01 11:46:47,SES00062882,SES00062882
107,6,120,view,2024-11-01 23:08:37,SES00068976,SES00068976
108,6,67,view,2024-11-01 23:36:40,SES00068976,SES00068976
109,6,139,view,2024-11-02 00:01:09,SES00068976,SES00068976
110,6,56,view,2024-11-02 00:14:14,SES00068976,SES00068976
111,6,47,view,2024-11-02 00:39:54,SES00068976,SES00068976
112,6,67,cart,2024-11-02 00:50:44,SES00068976,SES00068976
113,7,92,view,2024-05-04 19:47:24,SES00077809,SES00077809
114,7,193,view,2024-05-04 19:51:57,SES00077809,SES00077809
115,7,1,view,2024-05-04 20:17:30,SES00077809,SES00077809
116,7,199,view,2024-05-04 20:21:52,SES00077809,SES00077809
117,7,161,view,2024-05-04 20:42:28,SES00077809,SES00077809
118,7,186,view,2024-05-04 21:11:50,SES00077809,SES00077809
119,7,65,view,2024-05-04 21:20:20,SES00077809,SES00077809
120,7,172,view,2024-05-04 21:38:14,SES00077809,SES00077809
121,7,188,view,2024-05-04 21:40:00,SES00077809,SES00077809
122,7,92,cart,2024-05-04 22:07:03,SES00077809,SES00077809
123,7,199,cart,2024-05-04 22:18:20,SES00077809,SES00077809
124,7,172,cart,2024-05-04 22:24:38,SES00077809,SES00077809
125,7,50,view,2023-11-09 09:01:39,SES00075523,SES00075523
126,7,166,view,2023-11-09 09:28:56,SES00075523,SES00075523
127,7,78,view,2023-11-09 09:42:18,SES00075523,SES00075523
128,7,104,view,2023-11-09 09:51:56,SES00075523,SES00075523
129,7,177,view,2023-11-09 10:18:04,SES00075523,SES00075523
130,7,50,cart,2023-11-09 10:29:45,SES00075523,SES00075523
131,7,78,cart,2023-11-09 10:31:30,SES00075523,SES00075523
132,8,112,view,2024-12-12 18:48:10,SES00087248,SES00087248
133,8,97,view,2024-12-12 19:06:38,SES00087248,SES00087248
134,8,177,view,2024-12-12 19:08:00,SES00087248,SES00087248
135,8,63,view,2024-12-12 19:35:52,SES00087248,SES00087248
136,8,22,view,2024-12-12 20:04:57,SES00087248,SES00087248
137,8,97,cart,2024-12-12 20:32:34,SES00087248,SES00087248
138,8,177,cart,2024-12-12 20:45:51,SES00087248,SES00087248
139,8,119,view,2024-11-18 12:30:09,SES00085441,SES00085441
140,8,120,view,2024-11-18 12:58:52,SES00085441,SES00085441
141,8,126,view,2024-11-18 13:01:25,SES00085441,SES00085441
142,8,70,view,2024-11-18 13:29:13,SES00085441,SES00085441
143,8,163,view,2024-11-18 13:37:56,SES00085441,SES00085441
144,8,163,cart,2024-11-18 14:00:01,SES00085441,SES00085441
145,8,51,view,2024-04-17 16:29:37,SES00082875,SES00082875
146,8,34,view,2024-04-17 16:42:42,SES00082875,SES00082875
147,8,150,view,2024-04-17 16:58:24,SES00082875,SES00082875
148,8,68,view,2024-04-17 17:00:32,SES00082875,SES00082875
149,8,129,view,2024-04-17 17:16:40,SES00082875,SES00082875
150,8,67,view,2024-04-17 17:28:15,SES00082875,SES00082875
151,8,98,view,2024-04-17 17:30:22,SES00082875,SES00082875
152,8,141,view,2024-04-17 17:33:55,SES00082875,SES00082875
153,8,34,cart,2024-04-17 17:55:00,SES00082875,SES00082875
154,8,98,cart,2024-04-17 18:04:54,SES00082875,SES00082875
155,9,138,view,2023-07-18 14:06:02,SES00091242,SES00091242
156,9,74,view,2023-07-18 14:32:01,SES00091242,SES00091242
157,9,70,view,2023-07-18 14:56:47,SES00091242,SES00091242
158,9,75,view,2023-07-18 15:16:41,SES00091242,SES00091242
159,9,102,view,2023-07-18 15:24:28,SES00091242,SES00091242
160,9,17,view,2023-07-18 15:48:51,SES00091242,SES00091242
161,9,141,view,2023-07-18 15:51:34,SES00091242,SES00091242
162,9,141,view,2023-07-18 16:19:52,SES00091242,SES00091242
163,9,1,view,2023-07-18 16:25:44,SES00091242,SES00091242
164,9,138,cart,2023-07-18 16:48:11,SES00091242,SES00091242
165,9,74,cart,2023-07-18 17:04:37,SES00091242,SES00091242
166,9,70,cart,2023-07-18 17:05:32,SES00091242,SES00091242
167,9,75,cart,2023-07-18 17:11:49,SES00091242,SES00091242
168,10,110,view,2023-11-10 04:01:25,SES00105723,SES00105723
169,10,24,view,2023-11-10 04:09:21,SES00105723,SES00105723
170,10,20,view,2023-11-10 04:34:55,SES00105723,SES00105723
171,10,74,view,2023-11-10 04:50:47,SES00105723,SES00105723
172,10,131,view,2023-11-10 04:55:10,SES00105723,SES00105723
173,10,34,view,2023-11-10 05:20:50,SES00105723,SES00105723
174,10,23,view,2023-11-10 05:29:36,SES00105723,SES00105723
175,10,178,view,2023-11-10 05:31:08,SES00105723,SES00105723
176,10,95,view,2023-11-10 05:41:08,SES00105723,SES00105723
177,10,24,cart,2023-11-10 06:07:17,SES00105723,SES00105723
178,10,20,cart,2023-11-10 06:22:40,SES00105723,SES00105723
179,10,131,cart,2023-11-10 06:25:15,SES00105723,SES00105723
180,10,34,cart,2023-11-10 06:29:28,SES00105723,SES00105723
181,10,44,view,2023-03-07 07:41:11,SES00104425,SES00104425
182,10,87,view,2023-03-07 07:53:53,SES00104425,SES00104425
183,10,196,view,2023-03-07 08:02:49,SES00104425,SES00104425
184,10,169,view,2023-03-07 08:07:07,SES00104425,SES00104425
185,10,38,view,2023-03-07 08:16:40,SES00104425,SES00104425
186,10,158,view,2023-03-07 08:31:59,SES00104425,SES00104425
187,10,59,view,2023-03-07 08:41:21,SES00104425,SES00104425
188,10,175,view,2023-03-07 09:05:36,SES00104425,SES00104425
189,10,87,cart,2023-03-07 09:24:07,SES00104425,SES00104425
190,10,196,cart,2023-03-07 09:34:52,SES00104425,SES00104425
191,10,158,cart,2023-03-07 09:41:40,SES00104425,SES00104425
192,11,42,view,2023-08-09 21:36:35,SES00118758,SES00118758
193,11,108,view,2023-08-09 22:05:24,SES00118758,SES00118758
194,11,53,view,2023-08-09 22:16:54,SES00118758,SES00118758
195,11,91,view,2023-08-09 22:27:16,SES00118758,SES00118758
196,11,166,view,2023-08-09 22:52:47,SES00118758,SES00118758
197,11,76,view,2023-08-09 23:01:15,SES00118758,SES00118758
198,11,42,view,2023-08-09 23:24:18,SES00118758,SES00118758
199,11,87,view,2023-08-09 23:36:22,SES00118758,SES00118758
200,11,42,cart,2023-08-09 23:41:37,SES00118758,SES00118758
201,11,188,view,2024-05-06 09:56:28,SES00115083,SES00115083
202,11,89,view,2024-05-06 10:17:38,SES00115083,SES00115083
203,11,156,view,2024-05-06 10:30:13,SES00115083,SES00115083
204,11,145,view,2024-05-06 10:53:13,SES00115083,SES00115083
205,11,77,view,2024-05-06 11:19:43,SES00115083,SES00115083
206,11,125,view,2024-05-06 11:37:16,SES00115083,SES00115083
207,11,151,view,2024-05-06 12:03:58,SES00115083,SES00115083
208,11,188,cart,2024-05-06 12:26:34,SES00115083,SES00115083
209,11,89,cart,2024-05-06 12:28:58,SES00115083,SES00115083
210,11,151,cart,2024-05-06 12:37:49,SES00115083,SES00115083
211,11,74,view,2024-11-07 23:40:35,SES00118498,SES00118498
212,11,51,view,2024-11-07 23:48:25,SES00118498,SES00118498
213,11,143,view,2024-11-08 00:06:00,SES00118498,SES00118498
214,11,91,view,2024-11-08 00:18:45,SES00118498,SES00118498
215,11,75,view,2024-11-08 00:22:19,SES00118498,SES00118498
216,11,162,view,2024-11-08 00:44:24,SES00118498,SES00118498
217,11,143,cart,2024-11-08 00:49:20,SES00118498,SES00118498
218,11,183,view,2023-03-22 16:05:06,SES00117803,SES00117803
219,11,116,view,2023-03-22 16:19:33,SES00117803,SES00117803
220,11,45,view,2023-03-22 16:25:02,SES00117803,SES00117803
221,11,106,view,2023-03-22 16:50:02,SES00117803,SES00117803
222,11,9,view,2023-03-22 16:50:46,SES00117803,SES00117803
223,11,7,view,2023-03-22 16:54:10,SES00117803,SES00117803
224,11,171,view,2023-03-22 17:10:32,SES00117803,SES00117803
225,11,108,view,2023-03-22 17:23:35,SES00117803,SES00117803
226,11,87,view,2023-03-22 17:38:21,SES00117803,SES00117803
227,11,45,cart,2023-03-22 17:55:15,SES00117803,SES00117803
228,11,7,cart,2023-03-22 17:59:16,SES00117803,SES00117803
229,12,87,view,2024-03-27 04:47:37,SES00127502,SES00127502
230,12,152,view,2024-03-27 04:53:50,SES00127502,SES00127502
231,12,77,view,2024-03-27 04:57:38,SES00127502,SES00127502
232,12,91,view,2024-03-27 05:02:19,SES00127502,SES00127502
233,12,186,view,2024-03-27 05:30:16,SES00127502,SES00127502
234,12,77,cart,2024-03-27 05:56:10,SES00127502,SES00127502
235,12,156,view,2023-12-06 20:26:44,SES00122309,SES00122309
236,12,126,view,2023-12-06 20:33:49,SES00122309,SES00122309
237,12,21,view,2023-12-06 20:37:40,SES00122309,SES00122309
238,12,91,view,2023-12-06 20:41:21,SES00122309,SES00122309
239,12,197,view,2023-12-06 20:53:25,SES00122309,SES00122309
240,12,8,view,2023-12-06 20:59:00,SES00122309,SES00122309
241,12,149,view,2023-12-06 21:22:42,SES00122309,SES00122309
242,12,124,view,2023-12-06 21:40:05,SES00122309,SES00122309
243,12,51,view,2023-12-06 21:44:02,SES00122309,SES00122309
244,12,156,cart,2023-12-06 22:07:27,SES00122309,SES00122309
245,12,91,cart,2023-12-06 22:24:01,SES00122309,SES00122309
246,12,8,cart,2023-12-06 22:31:54,SES00122309,SES00122309
247,12,149,cart,2023-12-06 22:40:53,SES00122309,SES00122309
248,12,51,cart,2023-12-06 22:55:25,SES00122309,SES00122309
249,12,21,view,2023-07-10 01:52:36,SES00125483,SES00125483
250,12,18,view,2023-07-10 02:19:54,SES00125483,SES00125483
251,12,19,view,2023-07-10 02:23:11,SES00125483,SES00125483
252,12,96,view,2023-07-10 02:35:34,SES00125483,SES00125483
253,12,132,view,2023-07-10 03:04:50,SES00125483,SES00125483
254,12,12,view,2023-07-10 03:22:26,SES00125483,SES00125483
255,12,199,view,2023-07-10 03:43:55,SES00125483,SES00125483
256,12,21,cart,2023-07-10 04:04:01,SES00125483,SES00125483
257,12,18,cart,2023-07-10 04:13:50,SES00125483,SES00125483
258,12,199,cart,2023-07-10 04:28:53,SES00125483,SES00125483
259,12,57,view,2024-12-18 01:47:04,SES00127832,SES00127832
260,12,35,view,2024-12-18 02:10:17,SES00127832,SES00127832
261,12,193,view,2024-12-18 02:18:28,SES00127832,SES00127832
262,12,193,cart,2024-12-18 02:45:23,SES00127832,SES00127832
263,13,112,view,2023-04-14 01:44:30,SES00134432,SES00134432
264,13,190,view,2023-04-14 02:01:04,SES00134432,SES00134432
265,13,131,view,2023-04-14 02:03:24,SES00134432,SES00134432
266,13,49,view,2023-04-14 02:13:31,SES00134432,SES00134432
267,13,49,cart,2023-04-14 02:28:15,SES00134432,SES00134432
268,14,39,view,2023-12-05 09:57:29,SES00146069,SES00146069
269,14,189,view,2023-12-05 10:17:20,SES00146069,SES00146069
270,14,124,view,2023-12-05 10:26:27,SES00146069,SES00146069
271,15,176,view,2023-12-25 19:13:27,SES00153239,SES00153239
272,15,84,view,2023-12-25 19:22:55,SES00153239,SES00153239
273,15,87,view,2023-12-25 19:52:03,SES00153239,SES00153239
274,15,178,view,2023-12-25 20:11:59,SES00153239,SES00153239
275,15,45,view,2023-12-25 20:23:43,SES00153239,SES00153239
276,15,19,view,2023-12-25 20:47:20,SES00153239,SES00153239
277,15,124,view,2023-12-25 21:17:17,SES00153239,SES00153239
278,15,194,view,2023-12-25 21:22:52,SES00153239,SES00153239
279,15,12,view,2023-12-25 21:42:20,SES00153239,SES00153239
280,15,140,view,2023-12-25 21:46:25,SES00153239,SES00153239
281,15,176,cart,2023-12-25 21:55:22,SES00153239,SES00153239
282,15,87,cart,2023-12-25 22:05:30,SES00153239,SES00153239
283,15,12,cart,2023-12-25 22:20:16,SES00153239,SES00153239
284,15,140,cart,2023-12-25 22:26:44,SES00153239,SES00153239
285,15,34,view,2024-11-24 09:57:04,SES00153875,SES00153875
286,15,83,view,2024-11-24 10:21:26,SES00153875,SES00153875
287,15,112,view,2024-11-24 10:49:30,SES00153875,SES00153875
288,15,112,cart,2024-11-24 11:03:49,SES00153875,SES00153875
289,15,10,view,2024-06-17 18:38:14,SES00156880,SES00156880
290,15,25,view,2024-06-17 18:59:26,SES00156880,SES00156880
291,15,198,view,2024-06-17 19:10:03,SES00156880,SES00156880
292,15,198,cart,2024-06-17 19:23:55,SES00156880,SES00156880
293,16,38,view,2023-11-15 20:46:05,SES00163386,SES00163386
294,16,91,view,2023-11-15 21:11:56,SES00163386,SES00163386
295,16,164,view,2023-11-15 21:31:45,SES00163386,SES00163386
296,16,82,view,2023-11-15 21:40:25,SES00163386,SES00163386
297,16,83,view,2023-11-15 22:05:41,SES00163386,SES00163386
298,16,61,view,2023-11-15 22:06:26,SES00163386,SES00163386
299,16,180,view,2023-11-15 22:31:06,SES00163386,SES00163386
300,16,109,view,2023-11-15 22:46:40,SES00163386,SES00163386
301,16,144,view,2023-11-15 23:15:22,SES00163386,SES00163386
302,16,21,view,2023-11-15 23:28:21,SES00163386,SES00163386
303,16,38,cart,2023-11-15 23:34:14,SES00163386,SES00163386
304,16,61,cart,2023-11-15 23:46:32,SES00163386,SES00163386
305,16,114,view,2023-07-01 15:26:10,SES00162643,SES00162643
306,16,28,view,2023-07-01 15:43:00,SES00162643,SES00162643
307,16,79,view,2023-07-01 15:48:55,SES00162643,SES00162643
308,16,168,view,2023-07-01 16:05:52,SES00162643,SES00162643
309,16,39,view,2023-07-01 16:14:49,SES00162643,SES00162643
310,16,53,view,2023-07-01 16:31:10,SES00162643,SES00162643
311,16,53,cart,2023-07-01 16:45:37,SES00162643,SES00162643
312,16,86,view,2024-10-15 19:51:07,SES00161639,SES00161639
313,16,167,view,2024-10-15 20:16:47,SES00161639,SES00161639
314,16,152,view,2024-10-15 20:40:09,SES00161639,SES00161639
315,16,189,view,2024-10-15 20:46:28,SES00161639,SES00161639
316,16,77,view,2024-10-15 21:15:30,SES00161639,SES00161639
317,16,10,view,2024-10-15 21:43:50,SES00161639,SES00161639
318,16,86,cart,2024-10-15 22:11:43,SES00161639,SES00161639
319,16,77,cart,2024-10-15 22:17:21,SES00161639,SES00161639
320,17,33,view,2023-08-20 14:33:15,SES00179017,SES00179017
321,17,121,view,2023-08-20 14:34:32,SES00179017,SES00179017
322,17,177,view,2023-08-20 14:43:58,SES00179017,SES00179017
323,17,189,view,2024-02-28 04:50:48,SES00175936,SES00175936
324,17,63,view,2024-02-28 05:04:45,SES00175936,SES00175936
325,17,108,view,2024-02-28 05:26:53,SES00175936,SES00175936
326,17,91,view,2024-02-28 05:45:58,SES00175936,SES00175936
327,17,189,cart,2024-02-28 06:02:46,SES00175936,SES00175936
328,17,146,view,2024-03-16 17:41:45,SES00177316,SES00177316
329,17,53,view,2024-03-16 18:05:04,SES00177316,SES00177316
330,17,125,view,2024-03-16 18:25:18,SES00177316,SES00177316
331,18,74,view,2023-12-27 23:25:38,SES00185105,SES00185105
332,18,76,view,2023-12-27 23:36:21,SES00185105,SES00185105
333,18,74,view,2023-12-27 23:51:27,SES00185105,SES00185105
334,18,74,cart,2023-12-28 00:02:59,SES00185105,SES00185105
335,18,150,view,2023-08-27 13:38:27,SES00184056,SES00184056
336,18,81,view,2023-08-27 13:56:55,SES00184056,SES00184056
337,18,37,view,2023-08-27 14:13:29,SES00184056,SES00184056
338,18,150,cart,2023-08-27 14:14:31,SES00184056,SES00184056
339,18,81,cart,2023-08-27 14:23:07,SES00184056,SES00184056
340,18,92,view,2023-05-03 12:20:09,SES00185478,SES00185478
341,18,189,view,2023-05-03 12:26:28,SES00185478,SES00185478
342,18,93,view,2023-05-03 12:48:19,SES00185478,SES00185478
343,18,125,view,2023-05-03 13:07:01,SES00185478,SES00185478
344,18,70,view,2023-05-03 13:12:21,SES00185478,SES00185478
345,18,184,view,2023-05-03 13:30:58,SES00185478,SES00185478
346,18,18,view,2023-05-03 13:43:16,SES00185478,SES00185478
347,18,81,view,2023-05-03 13:51:47,SES00185478,SES00185478
348,18,139,view,2023-05-03 14:05:54,SES00185478,SES00185478
349,18,116,view,2023-05-03 14:31:07,SES00185478,SES00185478
350,18,92,cart,2023-05-03 14:56:59,SES00185478,SES00185478
351,18,184,cart,2023-05-03 15:10:56,SES00185478,SES00185478
352,18,18,cart,2023-05-03 15:16:18,SES00185478,SES00185478
353,18,81,cart,2023-05-03 15:24:48,SES00185478,SES00185478
354,18,139,cart,2023-05-03 15:27:36,SES00185478,SES00185478
355,18,74,view,2024-04-20 03:20:34,SES00186423,SES00186423
356,18,66,view,2024-04-20 03:25:56,SES00186423,SES00186423
357,18,193,view,2024-04-20 03:31:22,SES00186423,SES00186423
358,18,189,view,2024-04-20 03:45:15,SES00186423,SES00186423
359,18,87,view,2024-04-20 03:52:53,SES00186423,SES00186423
360,18,175,view,2024-04-20 04:15:55,SES00186423,SES00186423
361,18,126,view,2024-04-20 04:23:02,SES00186423,SES00186423
362,18,87,view,2024-04-20 04:27:53,SES00186423,SES00186423
363,18,66,cart,2024-04-20 04:51:51,SES00186423,SES00186423
364,18,193,cart,2024-04-20 04:59:11,SES00186423,SES00186423
365,18,189,cart,2024-04-20 05:00:35,SES00186423,SES00186423
366,18,87,cart,2024-04-20 05:01:32,SES00186423,SES00186423
367,18,87,cart,2024-04-20 05:16:33,SES00186423,SES00186423
368,19,193,view,2023-12-15 05:06:31,SES00194011,SES00194011
369,19,132,view,2023-12-15 05:12:18,SES00194011,SES00194011
370,19,175,view,2023-12-15 05:16:25,SES00194011,SES00194011
371,19,8,view,2023-12-15 05:37:08,SES00194011,SES00194011
372,19,21,view,2023-12-15 05:55:06,SES00194011,SES00194011
373,19,106,view,2023-12-15 06:22:09,SES00194011,SES00194011
374,19,189,view,2023-12-15 06:34:00,SES00194011,SES00194011
375,19,4,view,2023-11-17 01:19:34,SES00192984,SES00192984
376,19,37,view,2023-11-17 01:38:21,SES00192984,SES00192984
377,19,93,view,2023-11-17 01:53:21,SES00192984,SES00192984
378,19,145,view,2023-11-17 02:08:16,SES00192984,SES00192984
379,19,15,view,2023-11-17 02:26:37,SES00192984,SES00192984
380,19,127,view,2023-11-17 02:27:17,SES00192984,SES00192984
381,19,141,view,2023-11-17 02:46:53,SES00192984,SES00192984
382,19,50,view,2023-11-17 02:52:53,SES00192984,SES00192984
383,19,37,cart,2023-11-17 03:10:35,SES00192984,SES00192984
384,19,93,cart,2023-11-17 03:20:08,SES00192984,SES00192984
385,19,141,cart,2023-11-17 03:27:08,SES00192984,SES00192984
386,19,7,purchase,2023-11-17 02:35:55,SES00192984,SES00192984
387,19,158,view,2023-08-08 00:18:50,SES00198364,SES00198364
388,19,196,view,2023-08-08 00:35:08,SES00198364,SES00198364
389,19,34,view,2023-08-08 00:37:57,SES00198364,SES00198364
390,19,54,view,2023-08-08 00:48:18,SES00198364,SES00198364
391,19,193,view,2023-08-08 00:57:25,SES00198364,SES00198364
392,19,141,view,2023-08-08 01:19:36,SES00198364,SES00198364
393,19,107,view,2023-08-08 01:44:50,SES00198364,SES00198364
394,19,186,view,2023-08-08 01:58:29,SES00198364,SES00198364
395,19,158,cart,2023-08-08 02:22:05,SES00198364,SES00198364
396,19,196,cart,2023-08-08 02:39:38,SES00198364,SES00198364
397,19,54,cart,2023-08-08 02:47:41,SES00198364,SES00198364
398,19,18,view,2024-04-06 21:30:41,SES00198012,SES00198012
399,19,8,view,2024-04-06 21:54:43,SES00198012,SES00198012
400,19,127,view,2024-04-06 22:13:41,SES00198012,SES00198012
401,19,124,view,2024-04-06 22:18:52,SES00198012,SES00198012
402,19,173,view,2024-04-06 22:26:42,SES00198012,SES00198012
403,19,141,view,2024-04-06 22:47:09,SES00198012,SES00198012
404,19,110,view,2024-04-06 22:59:14,SES00198012,SES00198012
405,19,17,view,2024-04-06 23:18:15,SES00198012,SES00198012
406,19,144,view,2024-04-06 23:38:50,SES00198012,SES00198012
407,19,124,cart,2024-04-06 23:52:25,SES00198012,SES00198012
408,19,173,cart,2024-04-06 23:55:43,SES00198012,SES00198012
409,19,141,cart,2024-04-07 00:11:26,SES00198012,SES00198012
410,19,17,cart,2024-04-07 00:18:38,SES00198012,SES00198012
411,20,134,view,2023-05-16 02:05:18,SES00209398,SES00209398
412,20,45,view,2023-05-16 02:30:18,SES00209398,SES00209398
413,20,13,view,2023-05-16 02:53:37,SES00209398,SES00209398
414,20,190,view,2023-05-16 03:01:27,SES00209398,SES00209398
415,20,57,view,2023-05-16 03:24:10,SES00209398,SES00209398
416,20,190,cart,2023-05-16 03:41:22,SES00209398,SES00209398
417,20,57,cart,2023-05-16 03:49:34,SES00209398,SES00209398
418,20,24,view,2024-11-20 06:08:30,SES00209228,SES00209228
419,20,143,view,2024-11-20 06:19:07,SES00209228,SES00209228
420,20,47,view,2024-11-20 06:25:54,SES00209228,SES00209228
421,20,149,view,2024-11-20 06:41:54,SES00209228,SES00209228
422,20,92,view,2024-11-20 06:43:42,SES00209228,SES00209228
423,20,126,view,2024-11-20 06:47:12,SES00209228,SES00209228
424,20,181,view,2024-11-20 06:55:53,SES00209228,SES00209228
425,20,47,cart,2024-11-20 07:22:05,SES00209228,SES00209228
426,20,92,cart,2024-11-20 07:37:56,SES00209228,SES00209228
427,20,51,view,2023-02-16 05:17:20,SES00207042,SES00207042
428,20,172,view,2023-02-16 05:31:43,SES00207042,SES00207042
429,20,57,view,2023-02-16 05:44:24,SES00207042,SES00207042
430,20,192,view,2023-02-16 06:00:33,SES00207042,SES00207042
431,20,83,view,2023-02-16 06:16:11,SES00207042,SES00207042
432,20,88,view,2023-02-16 06:34:05,SES00207042,SES00207042
433,20,189,view,2023-02-16 06:39:23,SES00207042,SES00207042
434,20,87,view,2023-02-16 06:48:11,SES00207042,SES00207042
435,20,51,cart,2023-02-16 07:12:22,SES00207042,SES00207042
436,20,57,cart,2023-02-16 07:29:51,SES00207042,SES00207042
437,21,164,view,2023-12-05 21:03:55,SES00219746,SES00219746
438,21,162,view,2023-12-05 21:21:41,SES00219746,SES00219746
439,21,180,view,2023-12-05 21:28:37,SES00219746,SES00219746
440,21,153,view,2023-12-05 21:49:21,SES00219746,SES00219746
441,21,43,view,2023-12-05 21:57:52,SES00219746,SES00219746
442,21,191,view,2023-12-05 22:02:33,SES00219746,SES00219746
443,21,159,view,2023-12-05 22:07:00,SES00219746,SES00219746
444,21,152,view,2023-12-05 22:10:50,SES00219746,SES00219746
445,21,135,view,2023-12-05 22:24:17,SES00219746,SES00219746
446,21,162,cart,2023-12-05 22:47:54,SES00219746,SES00219746
447,21,180,cart,2023-12-05 23:00:07,SES00219746,SES00219746
448,21,153,cart,2023-12-05 23:12:53,SES00219746,SES00219746
449,21,151,view,2024-12-28 04:23:07,SES00216650,SES00216650
450,21,17,view,2024-12-28 04:40:02,SES00216650,SES00216650
451,21,7,view,2024-12-28 05:05:22,SES00216650,SES00216650
452,21,53,view,2024-12-28 05:33:42,SES00216650,SES00216650
453,21,135,view,2024-12-28 06:02:10,SES00216650,SES00216650
454,21,34,view,2024-12-28 06:25:31,SES00216650,SES00216650
455,21,68,view,2024-12-28 06:31:48,SES00216650,SES00216650
456,21,135,cart,2024-12-28 06:51:22,SES00216650,SES00216650
457,21,34,cart,2024-12-28 07:00:28,SES00216650,SES00216650
458,21,176,view,2023-01-14 20:14:42,SES00218295,SES00218295
459,21,168,view,2023-01-14 20:17:16,SES00218295,SES00218295
460,21,172,view,2023-01-14 20:21:56,SES00218295,SES00218295
461,21,96,view,2023-01-14 20:45:53,SES00218295,SES00218295
462,21,2,view,2023-01-14 20:50:56,SES00218295,SES00218295
463,21,95,view,2024-03-25 17:13:13,SES00215397,SES00215397
464,21,102,view,2024-03-25 17:42:32,SES00215397,SES00215397
465,21,127,view,2024-03-25 17:59:01,SES00215397,SES00215397
466,21,7,view,2024-03-25 18:11:33,SES00215397,SES00215397
467,21,168,view,2024-03-25 18:33:25,SES00215397,SES00215397
468,21,40,view,2024-03-25 18:52:47,SES00215397,SES00215397
469,21,7,cart,2024-03-25 19:13:53,SES00215397,SES00215397
470,22,29,view,2024-08-14 08:36:45,SES00221393,SES00221393
471,22,45,view,2024-08-14 08:48:12,SES00221393,SES00221393
472,22,62,view,2024-08-14 09:14:18,SES00221393,SES00221393
473,22,168,view,2024-02-10 12:07:30,SES00221014,SES00221014
474,22,119,view,2024-02-10 12:23:04,SES00221014,SES00221014
475,22,150,view,2024-02-10 12:42:27,SES00221014,SES00221014
476,22,153,view,2024-02-10 13:04:28,SES00221014,SES00221014
477,22,18,view,2024-02-10 13:06:07,SES00221014,SES00221014
478,22,180,view,2024-02-10 13:14:13,SES00221014,SES00221014
479,22,51,view,2024-02-10 13:16:50,SES00221014,SES00221014
480,22,119,view,2024-02-10 13:25:43,SES00221014,SES00221014
481,22,168,cart,2024-02-10 13:34:18,SES00221014,SES00221014
482,22,51,cart,2024-02-10 13:36:42,SES00221014,SES00221014
483,23,136,view,2024-04-12 16:03:12,SES00238820,SES00238820
484,23,5,view,2024-04-12 16:18:58,SES00238820,SES00238820
485,23,188,view,2024-04-12 16:28:55,SES00238820,SES00238820
486,23,136,cart,2024-04-12 16:37:48,SES00238820,SES00238820
487,23,91,view,2023-12-05 14:50:58,SES00232494,SES00232494
488,23,134,view,2023-12-05 14:57:34,SES00232494,SES00232494
489,23,150,view,2023-12-05 15:18:48,SES00232494,SES00232494
490,23,141,view,2023-12-05 15:32:13,SES00232494,SES00232494
491,24,144,view,2024-02-27 12:28:22,SES00242848,SES00242848
492,24,38,view,2024-02-27 12:38:45,SES00242848,SES00242848
493,24,18,view,2024-02-27 13:08:08,SES00242848,SES00242848
494,24,180,view,2024-02-27 13:14:49,SES00242848,SES00242848
495,24,156,view,2024-02-27 13:21:00,SES00242848,SES00242848
496,24,179,view,2024-02-27 13:32:05,SES00242848,SES00242848
497,24,180,cart,2024-02-27 13:48:32,SES00242848,SES00242848
498,24,23,view,2023-08-10 05:24:25,SES00245054,SES00245054
499,24,185,view,2023-08-10 05:45:02,SES00245054,SES00245054
500,24,151,view,2023-08-10 06:01:30,SES00245054,SES00245054
501,24,76,view,2023-08-10 06:09:58,SES00245054,SES00245054
502,24,13,view,2023-08-10 06:23:04,SES00245054,SES00245054
503,24,185,cart,2023-08-10 06:39:47,SES00245054,SES00245054
504,24,13,cart,2023-08-10 06:54:07,SES00245054,SES00245054
505,24,131,view,2024-12-06 15:48:24,SES00243581,SES00243581
506,24,172,view,2024-12-06 16:04:13,SES00243581,SES00243581
507,24,51,view,2024-12-06 16:32:33,SES00243581,SES00243581
508,24,74,view,2024-12-06 16:45:41,SES00243581,SES00243581
509,24,140,view,2024-12-06 17:14:45,SES00243581,SES00243581
510,24,172,view,2024-12-06 17:15:29,SES00243581,SES00243581
511,24,153,view,2024-12-06 17:32:06,SES00243581,SES00243581
512,24,39,view,2024-12-06 17:56:45,SES00243581,SES00243581
513,24,32,view,2024-12-06 18:25:01,SES00243581,SES00243581
514,24,51,cart,2024-12-06 18:25:51,SES00243581,SES00243581
515,24,140,cart,2024-12-06 18:29:21,SES00243581,SES00243581
516,24,33,view,2023-07-04 16:18:08,SES00248784,SES00248784
517,24,158,view,2023-07-04 16:21:10,SES00248784,SES00248784
518,24,142,view,2023-07-04 16:23:55,SES00248784,SES00248784
519,24,188,view,2023-07-04 16:48:50,SES00248784,SES00248784
520,24,46,view,2023-07-04 17:10:30,SES00248784,SES00248784
521,24,167,view,2023-07-04 17:19:17,SES00248784,SES00248784
522,24,18,view,2023-07-04 17:25:35,SES00248784,SES00248784
523,24,99,view,2023-07-04 17:46:02,SES00248784,SES00248784
524,25,78,view,2024-09-04 12:23:45,SES00252971,SES00252971
525,25,90,view,2024-09-04 12:32:48,SES00252971,SES00252971
526,25,165,view,2024-09-04 12:41:13,SES00252971,SES00252971
527,25,91,view,2024-09-04 12:42:20,SES00252971,SES00252971
528,25,13,view,2024-09-04 13:03:54,SES00252971,SES00252971
529,25,135,view,2024-09-04 13:08:59,SES00252971,SES00252971
530,25,148,view,2024-09-04 13:37:06,SES00252971,SES00252971
531,25,119,view,2024-09-04 14:02:24,SES00252971,SES00252971
532,25,54,view,2024-09-04 14:30:46,SES00252971,SES00252971
533,25,165,cart,2024-09-04 15:00:22,SES00252971,SES00252971
534,25,13,cart,2024-09-04 15:05:28,SES00252971,SES00252971
535,25,148,cart,2024-09-04 15:23:12,SES00252971,SES00252971
536,25,119,cart,2024-09-04 15:36:02,SES00252971,SES00252971
537,25,54,cart,2024-09-04 15:44:37,SES00252971,SES00252971
538,25,112,view,2023-07-14 01:48:07,SES00255661,SES00255661
539,25,141,view,2023-07-14 02:09:33,SES00255661,SES00255661
540,25,29,view,2023-07-14 02:36:53,SES00255661,SES00255661
541,25,185,view,2023-07-14 02:49:49,SES00255661,SES00255661
542,25,75,view,2023-07-14 02:51:19,SES00255661,SES00255661
543,25,161,view,2023-07-14 02:52:52,SES00255661,SES00255661
544,25,23,view,2023-07-14 03:05:16,SES00255661,SES00255661
545,25,19,view,2023-07-14 03:22:21,SES00255661,SES00255661
546,25,23,cart,2023-07-14 03:44:03,SES00255661,SES00255661
547,25,108,view,2023-04-20 05:06:18,SES00254391,SES00254391
548,25,21,view,2023-04-20 05:26:51,SES00254391,SES00254391
549,25,59,view,2023-04-20 05:34:30,SES00254391,SES00254391
550,25,56,view,2023-04-20 05:39:41,SES00254391,SES00254391
551,25,183,view,2023-04-20 06:06:03,SES00254391,SES00254391
552,25,114,view,2023-04-20 06:09:21,SES00254391,SES00254391
553,25,92,view,2023-04-20 06:39:12,SES00254391,SES00254391
554,25,139,view,2023-04-20 06:54:21,SES00254391,SES00254391
555,25,178,view,2023-04-20 06:59:02,SES00254391,SES00254391
556,25,21,cart,2023-04-20 07:18:57,SES00254391,SES00254391
557,25,114,cart,2023-04-20 07:28:13,SES00254391,SES00254391
558,25,7,view,2023-01-23 23:43:42,SES00251042,SES00251042
559,25,88,view,2023-01-24 00:07:31,SES00251042,SES00251042
560,25,16,view,2023-01-24 00:17:31,SES00251042,SES00251042
561,25,71,view,2023-01-24 00:35:26,SES00251042,SES00251042
562,25,161,view,2023-01-24 00:52:29,SES00251042,SES00251042
563,25,7,cart,2023-01-24 01:03:01,SES00251042,SES00251042
564,25,88,cart,2023-01-24 01:16:19,SES00251042,SES00251042
565,26,131,view,2024-04-28 20:58:13,SES00264841,SES00264841
566,26,164,view,2024-04-28 21:16:18,SES00264841,SES00264841
567,26,183,view,2024-04-28 21:23:49,SES00264841,SES00264841
568,26,172,view,2024-04-28 21:40:40,SES00264841,SES00264841
569,26,21,view,2024-04-28 21:56:35,SES00264841,SES00264841
570,26,18,view,2024-04-28 22:18:34,SES00264841,SES00264841
571,26,156,view,2024-04-28 22:42:58,SES00264841,SES00264841
572,26,131,view,2024-04-28 22:52:40,SES00264841,SES00264841
573,26,119,view,2024-04-28 23:17:30,SES00264841,SES00264841
574,26,131,cart,2024-04-28 23:46:32,SES00264841,SES00264841
575,26,18,cart,2024-04-28 23:58:00,SES00264841,SES00264841
576,26,96,view,2024-02-23 07:40:28,SES00264770,SES00264770
577,26,56,view,2024-02-23 08:00:53,SES00264770,SES00264770
578,26,93,view,2024-02-23 08:14:06,SES00264770,SES00264770
579,26,41,view,2024-02-23 08:16:40,SES00264770,SES00264770
580,26,186,view,2024-02-23 08:42:21,SES00264770,SES00264770
581,26,8,view,2024-02-23 09:08:23,SES00264770,SES00264770
582,26,168,view,2024-02-23 09:25:48,SES00264770,SES00264770
583,26,21,view,2024-02-23 09:49:20,SES00264770,SES00264770
584,26,197,view,2024-02-23 10:16:13,SES00264770,SES00264770
585,26,186,cart,2024-02-23 10:45:40,SES00264770,SES00264770
586,26,21,cart,2024-02-23 10:58:07,SES00264770,SES00264770
587,27,197,view,2024-11-16 06:38:28,SES00271137,SES00271137
588,27,23,view,2024-11-16 06:53:00,SES00271137,SES00271137
589,27,129,view,2024-11-16 07:05:36,SES00271137,SES00271137
590,27,32,view,2024-11-16 07:31:36,SES00271137,SES00271137
591,27,72,view,2024-11-16 07:51:14,SES00271137,SES00271137
592,27,145,view,2024-11-16 08:14:06,SES00271137,SES00271137
593,27,134,view,2024-11-16 08:17:45,SES00271137,SES00271137
594,27,129,cart,2024-11-16 08:42:14,SES00271137,SES00271137
595,27,7,view,2023-06-14 17:33:57,SES00274551,SES00274551
596,27,158,view,2023-06-14 17:39:57,SES00274551,SES00274551
597,27,89,view,2023-06-14 17:53:16,SES00274551,SES00274551
598,27,166,view,2023-06-14 18:06:55,SES00274551,SES00274551
599,27,141,view,2023-06-14 18:31:56,SES00274551,SES00274551
600,27,105,view,2023-06-14 18:47:40,SES00274551,SES00274551
601,27,91,view,2023-06-14 19:05:02,SES00274551,SES00274551
602,27,131,view,2023-06-14 19:25:51,SES00274551,SES00274551
603,27,141,cart,2023-06-14 19:39:36,SES00274551,SES00274551
604,28,34,view,2023-04-26 10:36:34,SES00288598,SES00288598
605,28,77,view,2023-04-26 10:49:55,SES00288598,SES00288598
606,28,110,view,2023-04-26 11:19:10,SES00288598,SES00288598
607,28,106,view,2023-04-26 11:44:20,SES00288598,SES00288598
608,28,34,cart,2023-04-26 11:56:07,SES00288598,SES00288598
609,29,27,view,2023-01-23 09:07:49,SES00296195,SES00296195
610,29,192,view,2023-01-23 09:33:55,SES00296195,SES00296195
611,29,87,view,2023-01-23 09:44:50,SES00296195,SES00296195
612,29,111,view,2023-01-23 09:48:09,SES00296195,SES00296195
613,29,128,view,2023-01-23 10:04:25,SES00296195,SES00296195
614,29,126,view,2023-01-23 10:07:23,SES00296195,SES00296195
615,29,193,view,2023-01-23 10:11:20,SES00296195,SES00296195
616,29,34,view,2023-01-23 10:40:40,SES00296195,SES00296195
617,29,193,view,2023-01-23 10:56:43,SES00296195,SES00296195
618,29,178,view,2023-01-23 10:58:28,SES00296195,SES00296195
619,29,192,cart,2023-01-23 11:24:44,SES00296195,SES00296195
620,29,111,cart,2023-01-23 11:31:25,SES00296195,SES00296195
621,29,128,cart,2023-01-23 11:40:05,SES00296195,SES00296195
622,29,193,cart,2023-01-23 11:41:33,SES00296195,SES00296195
623,30,77,view,2023-08-04 03:46:56,SES00303314,SES00303314
624,30,5,view,2023-08-04 04:02:02,SES00303314,SES00303314
625,30,141,view,2023-08-04 04:07:39,SES00303314,SES00303314
626,30,88,view,2023-08-04 04:30:26,SES00303314,SES00303314
627,30,137,view,2023-08-04 04:31:42,SES00303314,SES00303314
628,30,5,cart,2023-08-04 04:51:45,SES00303314,SES00303314
629,30,141,cart,2023-08-04 05:02:53,SES00303314,SES00303314
630,30,88,cart,2023-08-04 05:17:46,SES00303314,SES00303314
631,30,137,cart,2023-08-04 05:29:24,SES00303314,SES00303314
632,31,168,view,2024-01-21 06:01:08,SES00311685,SES00311685
633,31,185,view,2024-01-21 06:08:45,SES00311685,SES00311685
634,31,141,view,2024-01-21 06:37:09,SES00311685,SES00311685
635,31,95,view,2024-01-21 06:59:21,SES00311685,SES00311685
636,31,62,view,2024-01-21 07:08:25,SES00311685,SES00311685
637,31,171,view,2024-01-21 07:09:45,SES00311685,SES00311685
638,31,102,view,2024-01-21 07:34:08,SES00311685,SES00311685
639,31,185,cart,2024-01-21 07:49:17,SES00311685,SES00311685
640,31,95,cart,2024-01-21 08:05:34,SES00311685,SES00311685
641,31,141,view,2024-04-18 15:50:13,SES00319127,SES00319127
642,31,59,view,2024-04-18 16:19:29,SES00319127,SES00319127
643,31,85,view,2024-04-18 16:39:34,SES00319127,SES00319127
644,31,60,view,2024-04-18 16:52:28,SES00319127,SES00319127
645,31,157,view,2024-04-18 17:20:21,SES00319127,SES00319127
646,31,65,view,2024-04-18 17:36:03,SES00319127,SES00319127
647,31,142,view,2024-04-18 17:56:15,SES00319127,SES00319127
648,31,183,view,2024-04-18 18:22:30,SES00319127,SES00319127
649,32,37,view,2024-03-27 09:33:20,SES00329102,SES00329102
650,32,178,view,2024-03-27 09:48:51,SES00329102,SES00329102
651,32,172,view,2024-03-27 10:07:22,SES00329102,SES00329102
652,32,108,view,2024-03-27 10:15:07,SES00329102,SES00329102
653,32,119,view,2024-03-27 10:38:27,SES00329102,SES00329102
654,32,2,view,2024-03-27 10:58:11,SES00329102,SES00329102
655,32,178,cart,2024-03-27 11:21:28,SES00329102,SES00329102
656,32,108,cart,2024-03-27 11:29:33,SES00329102,SES00329102
657,32,119,cart,2024-03-27 11:40:32,SES00329102,SES00329102
658,32,169,view,2023-01-25 23:50:19,SES00329774,SES00329774
659,32,82,view,2023-01-25 23:52:25,SES00329774,SES00329774
660,32,156,view,2023-01-25 23:58:48,SES00329774,SES00329774
661,32,131,view,2023-01-26 00:04:28,SES00329774,SES00329774
662,32,119,view,2023-01-26 00:34:03,SES00329774,SES00329774
663,32,91,view,2023-01-26 00:52:24,SES00329774,SES00329774
664,32,39,view,2023-01-26 00:58:46,SES00329774,SES00329774
665,32,174,view,2023-01-26 01:00:42,SES00329774,SES00329774
666,32,169,cart,2023-01-26 01:15:03,SES00329774,SES00329774
667,32,91,cart,2023-01-26 01:26:35,SES00329774,SES00329774
668,32,27,view,2023-08-03 13:08:21,SES00324959,SES00324959
669,32,12,view,2023-08-03 13:25:28,SES00324959,SES00324959
670,32,34,view,2023-08-03 13:35:14,SES00324959,SES00324959
671,32,151,view,2023-08-03 13:45:56,SES00324959,SES00324959
672,32,2,view,2023-08-03 14:12:33,SES00324959,SES00324959
673,32,198,view,2023-08-03 14:17:14,SES00324959,SES00324959
674,32,7,view,2023-08-03 14:31:29,SES00324959,SES00324959
675,32,44,view,2023-08-03 14:39:52,SES00324959,SES00324959
676,32,12,cart,2023-08-03 15:00:34,SES00324959,SES00324959
677,32,34,cart,2023-08-03 15:13:47,SES00324959,SES00324959
678,32,7,cart,2023-08-03 15:16:08,SES00324959,SES00324959
679,32,182,view,2024-08-28 05:25:22,SES00326776,SES00326776
680,32,172,view,2024-08-28 05:52:36,SES00326776,SES00326776
681,32,36,view,2024-08-28 06:16:54,SES00326776,SES00326776
682,32,96,view,2024-08-28 06:27:37,SES00326776,SES00326776
683,32,146,view,2024-08-28 06:48:33,SES00326776,SES00326776
684,33,129,view,2024-04-02 19:52:58,SES00332314,SES00332314
685,33,74,view,2024-04-02 20:20:42,SES00332314,SES00332314
686,33,20,view,2024-04-02 20:31:25,SES00332314,SES00332314
687,33,144,view,2024-04-02 20:42:31,SES00332314,SES00332314
688,33,129,cart,2024-04-02 21:05:21,SES00332314,SES00332314
689,33,20,cart,2024-04-02 21:08:18,SES00332314,SES00332314
690,33,200,view,2023-06-08 14:16:24,SES00332763,SES00332763
691,33,34,view,2023-06-08 14:30:59,SES00332763,SES00332763
692,33,21,view,2023-06-08 14:59:54,SES00332763,SES00332763
693,33,74,view,2023-06-08 15:21:38,SES00332763,SES00332763
694,33,21,cart,2023-06-08 15:44:39,SES00332763,SES00332763
695,33,74,cart,2023-06-08 15:58:22,SES00332763,SES00332763
696,33,95,view,2024-07-13 05:00:37,SES00335219,SES00335219
697,33,54,view,2024-07-13 05:13:54,SES00335219,SES00335219
698,33,133,view,2024-07-13 05:15:05,SES00335219,SES00335219
699,34,186,view,2024-12-11 01:45:21,SES00349094,SES00349094
700,34,32,view,2024-12-11 02:05:50,SES00349094,SES00349094
701,34,147,view,2024-12-11 02:09:23,SES00349094,SES00349094
702,34,157,view,2024-12-11 02:15:04,SES00349094,SES00349094
703,34,98,view,2024-12-11 02:38:02,SES00349094,SES00349094
704,34,186,cart,2024-12-11 02:46:52,SES00349094,SES00349094
705,34,98,cart,2024-12-11 02:56:13,SES00349094,SES00349094
706,34,91,view,2023-09-02 04:23:38,SES00342481,SES00342481
707,34,83,view,2023-09-02 04:27:22,SES00342481,SES00342481
708,34,178,view,2023-09-02 04:35:29,SES00342481,SES00342481
709,34,35,view,2023-09-02 04:49:56,SES00342481,SES00342481
710,34,42,view,2023-09-02 05:13:06,SES00342481,SES00342481
711,34,156,view,2023-09-02 05:26:40,SES00342481,SES00342481
712,34,83,cart,2023-09-02 05:40:59,SES00342481,SES00342481
713,34,35,cart,2023-09-02 05:46:06,SES00342481,SES00342481
714,34,42,cart,2023-09-02 06:02:16,SES00342481,SES00342481
715,34,156,cart,2023-09-02 06:11:57,SES00342481,SES00342481
716,34,144,view,2024-04-08 02:56:02,SES00345901,SES00345901
717,34,130,view,2024-04-08 02:57:05,SES00345901,SES00345901
718,34,111,view,2024-04-08 03:02:01,SES00345901,SES00345901
719,34,147,view,2024-04-08 03:19:48,SES00345901,SES00345901
720,34,26,view,2024-04-08 03:48:18,SES00345901,SES00345901
721,34,26,cart,2024-04-08 04:16:25,SES00345901,SES00345901
722,34,123,purchase,2024-04-08 05:34:37,SES00345901,SES00345901
723,34,192,purchase,2024-04-08 04:42:25,SES00345901,SES00345901
724,34,53,view,2023-03-24 01:46:32,SES00348001,SES00348001
725,34,135,view,2023-03-24 02:10:00,SES00348001,SES00348001
726,34,38,view,2023-03-24 02:13:57,SES00348001,SES00348001
727,34,131,view,2023-03-24 02:15:20,SES00348001,SES00348001
728,34,57,view,2023-03-24 02:19:58,SES00348001,SES00348001
729,34,126,view,2023-03-24 02:35:40,SES00348001,SES00348001
730,34,20,view,2023-03-24 02:49:32,SES00348001,SES00348001
731,34,74,view,2023-03-24 02:50:10,SES00348001,SES00348001
732,34,51,view,2023-03-24 03:09:41,SES00348001,SES00348001
733,34,105,view,2023-03-24 03:20:28,SES00348001,SES00348001
734,34,131,cart,2023-03-24 03:38:33,SES00348001,SES00348001
735,34,57,cart,2023-03-24 03:45:43,SES00348001,SES00348001
736,34,20,cart,2023-03-24 04:00:21,SES00348001,SES00348001
737,34,51,cart,2023-03-24 04:05:12,SES00348001,SES00348001
738,35,131,view,2024-11-21 11:56:03,SES00354490,SES00354490
739,35,114,view,2024-11-21 12:19:33,SES00354490,SES00354490
740,35,102,view,2024-11-21 12:28:09,SES00354490,SES00354490
741,35,89,view,2024-11-21 12:46:32,SES00354490,SES00354490
742,35,55,view,2024-11-21 13:08:16,SES00354490,SES00354490
743,35,89,cart,2024-11-21 13:14:54,SES00354490,SES00354490
744,35,55,cart,2024-11-21 13:27:53,SES00354490,SES00354490
745,36,100,view,2023-07-03 07:53:35,SES00369875,SES00369875
746,36,19,view,2023-07-03 08:02:26,SES00369875,SES00369875
747,36,180,view,2023-07-03 08:04:48,SES00369875,SES00369875
748,36,73,view,2023-07-03 08:21:26,SES00369875,SES00369875
749,36,56,view,2023-07-03 08:26:44,SES00369875,SES00369875
750,36,100,cart,2023-07-03 08:27:25,SES00369875,SES00369875
751,36,180,cart,2023-07-03 08:41:26,SES00369875,SES00369875
752,36,56,cart,2023-07-03 08:54:55,SES00369875,SES00369875
753,36,51,view,2024-12-17 03:46:49,SES00362258,SES00362258
754,36,176,view,2024-12-17 03:58:35,SES00362258,SES00362258
755,36,55,view,2024-12-17 03:59:34,SES00362258,SES00362258
756,36,126,view,2024-12-17 04:22:11,SES00362258,SES00362258
757,36,145,view,2024-12-17 04:40:12,SES00362258,SES00362258
758,36,21,view,2024-12-17 04:49:49,SES00362258,SES00362258
759,36,190,view,2024-12-17 05:04:42,SES00362258,SES00362258
760,36,110,view,2024-12-17 05:19:29,SES00362258,SES00362258
761,36,57,view,2024-12-17 05:21:26,SES00362258,SES00362258
762,36,51,cart,2024-12-17 05:22:43,SES00362258,SES00362258
763,36,176,cart,2024-12-17 05:29:40,SES00362258,SES00362258
764,36,57,cart,2024-12-17 05:44:05,SES00362258,SES00362258
765,36,119,view,2024-11-04 05:13:29,SES00369734,SES00369734
766,36,21,view,2024-11-04 05:37:02,SES00369734,SES00369734
767,36,27,view,2024-11-04 05:59:47,SES00369734,SES00369734
768,36,27,cart,2024-11-04 06:18:41,SES00369734,SES00369734
769,36,132,view,2024-03-12 10:24:52,SES00368743,SES00368743
770,36,102,view,2024-03-12 10:38:35,SES00368743,SES00368743
771,36,113,view,2024-03-12 10:59:18,SES00368743,SES00368743
772,36,55,view,2024-03-12 11:03:19,SES00368743,SES00368743
773,36,113,cart,2024-03-12 11:26:07,SES00368743,SES00368743
774,37,123,view,2024-03-25 12:59:49,SES00372745,SES00372745
775,37,190,view,2024-03-25 13:01:47,SES00372745,SES00372745
776,37,85,view,2024-03-25 13:23:49,SES00372745,SES00372745
777,37,112,view,2024-03-25 13:30:49,SES00372745,SES00372745
778,37,104,view,2024-03-25 13:50:41,SES00372745,SES00372745
779,37,45,view,2024-03-25 14:12:22,SES00372745,SES00372745
780,37,176,view,2024-03-25 14:41:03,SES00372745,SES00372745
781,37,119,view,2024-03-25 15:01:16,SES00372745,SES00372745
782,37,161,view,2024-03-25 15:30:08,SES00372745,SES00372745
783,37,174,view,2024-03-25 15:39:37,SES00372745,SES00372745
784,37,190,cart,2024-03-25 16:03:22,SES00372745,SES00372745
785,37,104,cart,2024-03-25 16:09:09,SES00372745,SES00372745
786,37,176,cart,2024-03-25 16:20:39,SES00372745,SES00372745
787,37,174,cart,2024-03-25 16:23:02,SES00372745,SES00372745
788,37,63,view,2024-03-18 23:26:13,SES00379378,SES00379378
789,37,9,view,2024-03-18 23:33:10,SES00379378,SES00379378
790,37,58,view,2024-03-18 23:49:59,SES00379378,SES00379378
791,37,73,view,2024-03-19 00:13:30,SES00379378,SES00379378
792,37,121,view,2024-03-19 00:20:54,SES00379378,SES00379378
793,37,126,view,2024-03-19 00:22:20,SES00379378,SES00379378
794,37,131,view,2024-03-19 00:38:50,SES00379378,SES00379378
795,37,185,view,2024-03-19 00:53:44,SES00379378,SES00379378
796,37,189,view,2024-03-19 01:12:05,SES00379378,SES00379378
797,37,9,cart,2024-03-19 01:31:31,SES00379378,SES00379378
798,37,126,cart,2024-03-19 01:48:37,SES00379378,SES00379378
799,37,18,view,2023-07-13 10:38:14,SES00373747,SES00373747
800,37,185,view,2023-07-13 10:52:06,SES00373747,SES00373747
801,37,16,view,2023-07-13 10:56:29,SES00373747,SES00373747
802,37,160,view,2023-07-13 11:01:41,SES00373747,SES00373747
803,37,150,view,2023-07-13 11:16:24,SES00373747,SES00373747
804,37,128,view,2023-07-13 11:32:14,SES00373747,SES00373747
805,37,21,view,2023-07-13 11:33:26,SES00373747,SES00373747
806,37,150,cart,2023-07-13 11:49:49,SES00373747,SES00373747
807,37,74,view,2024-09-10 18:39:28,SES00379530,SES00379530
808,37,189,view,2024-09-10 18:54:28,SES00379530,SES00379530
809,37,34,view,2024-09-10 18:58:19,SES00379530,SES00379530
810,38,91,view,2023-09-14 02:31:13,SES00389757,SES00389757
811,38,56,view,2023-09-14 02:42:10,SES00389757,SES00389757
812,38,199,view,2023-09-14 03:06:49,SES00389757,SES00389757
813,38,47,view,2023-09-14 03:29:19,SES00389757,SES00389757
814,38,23,view,2023-09-14 03:52:04,SES00389757,SES00389757
815,38,131,view,2023-09-14 03:55:42,SES00389757,SES00389757
816,38,197,view,2023-09-14 04:13:51,SES00389757,SES00389757
817,38,83,view,2023-09-14 04:32:21,SES00389757,SES00389757
818,38,199,cart,2023-09-14 04:39:21,SES00389757,SES00389757
819,38,23,cart,2023-09-14 04:55:23,SES00389757,SES00389757
820,39,198,view,2023-03-21 00:31:04,SES00391775,SES00391775
821,39,77,view,2023-03-21 00:55:15,SES00391775,SES00391775
822,39,169,view,2023-03-21 01:02:58,SES00391775,SES00391775
823,39,150,view,2023-03-21 01:17:23,SES00391775,SES00391775
824,39,29,view,2023-03-21 01:43:18,SES00391775,SES00391775
825,39,51,view,2023-03-21 01:53:35,SES00391775,SES00391775
826,39,197,view,2023-03-21 02:11:11,SES00391775,SES00391775
827,39,45,view,2023-03-21 02:33:58,SES00391775,SES00391775
828,39,187,view,2023-03-21 02:35:54,SES00391775,SES00391775
829,39,77,cart,2023-03-21 02:56:46,SES00391775,SES00391775
830,39,133,view,2023-09-05 15:54:17,SES00394840,SES00394840
831,39,37,view,2023-09-05 16:18:39,SES00394840,SES00394840
832,39,185,view,2023-09-05 16:21:18,SES00394840,SES00394840
833,39,166,view,2023-09-05 16:39:33,SES00394840,SES00394840
834,39,183,view,2023-09-05 17:01:54,SES00394840,SES00394840
835,39,25,view,2023-09-05 17:11:59,SES00394840,SES00394840
836,39,133,cart,2023-09-05 17:38:28,SES00394840,SES00394840
837,39,183,cart,2023-09-05 17:46:24,SES00394840,SES00394840
838,40,54,view,2024-10-26 01:07:44,SES00403985,SES00403985
839,40,131,view,2024-10-26 01:14:43,SES00403985,SES00403985
840,40,81,view,2024-10-26 01:16:52,SES00403985,SES00403985
841,40,23,view,2024-10-26 01:24:36,SES00403985,SES00403985
842,40,49,view,2024-10-26 01:51:30,SES00403985,SES00403985
843,40,165,view,2024-10-26 02:15:39,SES00403985,SES00403985
844,40,58,view,2024-10-26 02:33:50,SES00403985,SES00403985
845,40,54,view,2024-10-26 02:49:45,SES00403985,SES00403985
846,40,74,view,2024-10-26 03:12:01,SES00403985,SES00403985
847,40,54,cart,2024-10-26 03:35:25,SES00403985,SES00403985
848,40,74,cart,2024-10-26 03:48:42,SES00403985,SES00403985
849,41,93,view,2023-07-11 20:48:59,SES00412763,SES00412763
850,41,115,view,2023-07-11 21:17:53,SES00412763,SES00412763
851,41,18,view,2023-07-11 21:32:19,SES00412763,SES00412763
852,41,49,view,2023-07-11 22:00:23,SES00412763,SES00412763
853,41,115,cart,2023-07-11 22:14:18,SES00412763,SES00412763
854,41,49,cart,2023-07-11 22:20:01,SES00412763,SES00412763
855,41,23,view,2023-04-21 05:47:54,SES00413953,SES00413953
856,41,135,view,2023-04-21 06:15:19,SES00413953,SES00413953
857,41,181,view,2023-04-21 06:21:21,SES00413953,SES00413953
858,41,176,view,2023-04-21 06:28:51,SES00413953,SES00413953
859,41,53,view,2023-04-21 06:38:38,SES00413953,SES00413953
860,41,172,view,2023-04-21 07:05:45,SES00413953,SES00413953
861,41,91,view,2023-04-21 07:09:07,SES00413953,SES00413953
862,41,181,cart,2023-04-21 07:25:43,SES00413953,SES00413953
863,41,176,cart,2023-04-21 07:37:58,SES00413953,SES00413953
864,41,91,cart,2023-04-21 07:50:12,SES00413953,SES00413953
865,42,91,view,2024-11-01 22:38:19,SES00425008,SES00425008
866,42,152,view,2024-11-01 23:02:30,SES00425008,SES00425008
867,42,189,view,2024-11-01 23:11:29,SES00425008,SES00425008
868,42,30,view,2024-11-01 23:21:10,SES00425008,SES00425008
869,42,158,view,2024-11-01 23:32:06,SES00425008,SES00425008
870,42,96,view,2024-11-01 23:50:58,SES00425008,SES00425008
871,42,18,view,2024-11-02 00:09:48,SES00425008,SES00425008
872,42,77,view,2024-11-02 00:12:18,SES00425008,SES00425008
873,42,197,view,2024-11-02 00:18:34,SES00425008,SES00425008
874,42,4,view,2024-11-02 00:20:18,SES00425008,SES00425008
875,42,30,cart,2024-11-02 00:30:03,SES00425008,SES00425008
876,42,96,cart,2024-11-02 00:44:57,SES00425008,SES00425008
877,42,77,cart,2024-11-02 00:46:47,SES00425008,SES00425008
878,42,12,view,2024-05-06 23:36:37,SES00426215,SES00426215
879,42,193,view,2024-05-06 23:54:21,SES00426215,SES00426215
880,42,56,view,2024-05-07 00:22:29,SES00426215,SES00426215
881,42,87,view,2024-05-07 00:35:32,SES00426215,SES00426215
882,42,87,view,2024-05-07 00:41:14,SES00426215,SES00426215
883,42,193,cart,2024-05-07 00:46:46,SES00426215,SES00426215
884,42,87,cart,2024-05-07 00:48:30,SES00426215,SES00426215
885,42,33,view,2023-08-27 19:50:14,SES00424143,SES00424143
886,42,142,view,2023-08-27 19:56:21,SES00424143,SES00424143
887,42,178,view,2023-08-27 20:09:00,SES00424143,SES00424143
888,42,69,view,2023-08-27 20:15:32,SES00424143,SES00424143
889,42,87,view,2023-08-27 20:24:57,SES00424143,SES00424143
890,42,146,view,2023-08-27 20:40:46,SES00424143,SES00424143
891,42,116,view,2023-08-27 20:59:08,SES00424143,SES00424143
892,42,33,cart,2023-08-27 21:27:44,SES00424143,SES00424143
893,42,178,cart,2023-08-27 21:41:04,SES00424143,SES00424143
894,43,124,view,2023-03-24 17:11:24,SES00435718,SES00435718
895,43,77,view,2023-03-24 17:12:38,SES00435718,SES00435718
896,43,102,view,2023-03-24 17:38:34,SES00435718,SES00435718
897,43,48,view,2023-03-24 17:43:58,SES00435718,SES00435718
898,43,173,view,2023-03-24 18:06:53,SES00435718,SES00435718
899,43,173,cart,2023-03-24 18:23:56,SES00435718,SES00435718
900,43,66,view,2023-11-08 18:27:51,SES00438857,SES00438857
901,43,49,view,2023-11-08 18:34:22,SES00438857,SES00438857
902,43,132,view,2023-11-08 18:36:04,SES00438857,SES00438857
903,43,176,view,2023-11-08 18:54:04,SES00438857,SES00438857
904,43,108,view,2023-11-08 19:11:59,SES00438857,SES00438857
905,43,75,view,2023-11-08 19:20:38,SES00438857,SES00438857
906,43,61,view,2023-11-08 19:37:25,SES00438857,SES00438857
907,43,32,view,2023-11-08 20:05:56,SES00438857,SES00438857
908,43,124,view,2023-11-08 20:12:47,SES00438857,SES00438857
909,43,66,cart,2023-11-08 20:21:27,SES00438857,SES00438857
910,43,129,view,2024-10-23 20:01:55,SES00437694,SES00437694
911,43,21,view,2024-10-23 20:30:29,SES00437694,SES00437694
912,43,62,view,2024-10-23 20:52:07,SES00437694,SES00437694
913,43,98,view,2024-10-23 21:20:31,SES00437694,SES00437694
914,43,21,view,2024-10-23 21:24:08,SES00437694,SES00437694
915,43,8,view,2024-10-23 21:36:16,SES00437694,SES00437694
916,43,164,view,2024-10-23 22:01:15,SES00437694,SES00437694
917,43,169,view,2024-10-23 22:14:10,SES00437694,SES00437694
918,43,62,view,2024-10-23 22:36:10,SES00437694,SES00437694
919,43,169,cart,2024-10-23 22:36:46,SES00437694,SES00437694
920,44,6,view,2024-10-20 20:27:36,SES00445654,SES00445654
921,44,196,view,2024-10-20 20:48:59,SES00445654,SES00445654
922,44,189,view,2024-10-20 21:12:51,SES00445654,SES00445654
923,44,74,view,2024-10-20 21:20:11,SES00445654,SES00445654
924,44,185,view,2024-10-20 21:30:53,SES00445654,SES00445654
925,44,141,view,2024-10-20 21:32:49,SES00445654,SES00445654
926,44,167,view,2024-10-20 21:57:40,SES00445654,SES00445654
927,44,91,view,2024-10-20 22:20:18,SES00445654,SES00445654
928,44,6,cart,2024-10-20 22:28:40,SES00445654,SES00445654
929,44,189,cart,2024-10-20 22:34:30,SES00445654,SES00445654
930,44,141,cart,2024-10-20 22:35:41,SES00445654,SES00445654
931,44,96,view,2023-12-18 10:55:45,SES00441912,SES00441912
932,44,41,view,2023-12-18 11:13:11,SES00441912,SES00441912
933,44,86,view,2023-12-18 11:36:06,SES00441912,SES00441912
934,44,175,view,2023-12-18 11:48:40,SES00441912,SES00441912
935,44,116,view,2023-12-18 12:05:43,SES00441912,SES00441912
936,44,168,view,2023-12-18 12:07:50,SES00441912,SES00441912
937,44,137,view,2023-12-18 12:19:46,SES00441912,SES00441912
938,44,164,view,2023-12-18 12:29:52,SES00441912,SES00441912
939,44,57,view,2023-12-18 12:40:46,SES00441912,SES00441912
940,44,141,view,2023-12-18 12:41:56,SES00441912,SES00441912
941,44,96,cart,2023-12-18 13:07:13,SES00441912,SES00441912
942,44,41,cart,2023-12-18 13:12:56,SES00441912,SES00441912
943,44,137,cart,2023-12-18 13:29:33,SES00441912,SES00441912
944,44,141,cart,2023-12-18 13:45:07,SES00441912,SES00441912
945,45,87,view,2024-04-25 15:03:57,SES00458531,SES00458531
946,45,92,view,2024-04-25 15:24:32,SES00458531,SES00458531
947,45,16,view,2024-04-25 15:31:21,SES00458531,SES00458531
948,45,45,view,2024-04-25 15:49:27,SES00458531,SES00458531
949,45,95,view,2024-04-25 16:01:53,SES00458531,SES00458531
950,45,59,view,2024-04-25 16:25:27,SES00458531,SES00458531
951,45,92,cart,2024-04-25 16:37:09,SES00458531,SES00458531
952,45,16,cart,2024-04-25 16:44:12,SES00458531,SES00458531
953,45,45,cart,2024-04-25 16:56:37,SES00458531,SES00458531
954,45,59,cart,2024-04-25 16:58:46,SES00458531,SES00458531
955,45,65,view,2023-06-27 03:56:28,SES00451783,SES00451783
956,45,81,view,2023-06-27 04:24:47,SES00451783,SES00451783
957,45,105,view,2023-06-27 04:38:27,SES00451783,SES00451783
958,45,96,view,2023-06-27 04:48:16,SES00451783,SES00451783
959,45,146,view,2023-06-27 04:50:04,SES00451783,SES00451783
960,45,183,view,2023-06-27 05:08:44,SES00451783,SES00451783
961,45,87,view,2023-06-27 05:36:04,SES00451783,SES00451783
962,45,105,cart,2023-06-27 06:03:34,SES00451783,SES00451783
963,45,87,cart,2023-06-27 06:09:10,SES00451783,SES00451783
964,45,100,view,2024-11-05 18:22:54,SES00455673,SES00455673
965,45,105,view,2024-11-05 18:30:33,SES00455673,SES00455673
966,45,59,view,2024-11-05 18:42:36,SES00455673,SES00455673
967,45,175,view,2024-11-05 18:55:32,SES00455673,SES00455673
968,45,9,view,2024-11-05 19:10:07,SES00455673,SES00455673
969,45,163,view,2024-11-05 19:11:27,SES00455673,SES00455673
970,45,100,cart,2024-11-05 19:37:41,SES00455673,SES00455673
971,45,18,view,2024-02-25 06:41:49,SES00452446,SES00452446
972,45,131,view,2024-02-25 07:04:07,SES00452446,SES00452446
973,45,168,view,2024-02-25 07:28:08,SES00452446,SES00452446
974,45,141,view,2024-02-25 07:39:41,SES00452446,SES00452446
975,45,14,view,2024-02-25 07:50:47,SES00452446,SES00452446
976,45,177,view,2024-02-25 08:06:16,SES00452446,SES00452446
977,45,18,cart,2024-02-25 08:13:59,SES00452446,SES00452446
978,45,131,cart,2024-02-25 08:21:56,SES00452446,SES00452446
979,45,168,cart,2024-02-25 08:26:49,SES00452446,SES00452446
980,46,178,view,2024-12-02 20:43:58,SES00463132,SES00463132
981,46,12,view,2024-12-02 21:09:43,SES00463132,SES00463132
982,46,106,view,2024-12-02 21:27:05,SES00463132,SES00463132
983,46,178,cart,2024-12-02 21:30:00,SES00463132,SES00463132
984,46,12,cart,2024-12-02 21:47:49,SES00463132,SES00463132
985,46,149,view,2024-02-27 10:05:05,SES00467904,SES00467904
986,46,74,view,2024-02-27 10:28:50,SES00467904,SES00467904
987,46,51,view,2024-02-27 10:37:34,SES00467904,SES00467904
988,46,193,view,2024-02-27 10:50:42,SES00467904,SES00467904
989,47,90,view,2023-07-09 23:29:46,SES00479374,SES00479374
990,47,141,view,2023-07-09 23:42:14,SES00479374,SES00479374
991,47,167,view,2023-07-10 00:11:35,SES00479374,SES00479374
992,47,87,view,2023-07-10 00:29:25,SES00479374,SES00479374
993,47,182,view,2023-07-10 00:30:31,SES00479374,SES00479374
994,47,153,view,2023-07-10 00:49:59,SES00479374,SES00479374
995,47,6,view,2023-07-10 00:52:35,SES00479374,SES00479374
996,47,86,view,2023-07-10 01:14:18,SES00479374,SES00479374
997,47,34,view,2023-07-10 01:35:31,SES00479374,SES00479374
998,47,90,cart,2023-07-10 01:56:27,SES00479374,SES00479374
999,47,141,cart,2023-07-10 02:07:54,SES00479374,SES00479374
1000,47,119,view,2023-02-12 02:13:56,SES00473548,SES00473548
1001,47,86,view,2023-02-12 02:40:02,SES00473548,SES00473548
1002,47,72,view,2023-02-12 02:46:54,SES00473548,SES00473548
1003,47,72,view,2023-02-12 03:04:52,SES00473548,SES00473548
1004,47,72,cart,2023-02-12 03:08:07,SES00473548,SES00473548
1005,47,24,view,2023-11-07 10:38:16,SES00475955,SES00475955
1006,47,189,view,2023-11-07 10:57:50,SES00475955,SES00475955
1007,47,161,view,2023-11-07 11:23:04,SES00475955,SES00475955
1008,47,146,view,2023-11-07 11:52:50,SES00475955,SES00475955
1009,47,186,view,2023-11-07 12:09:14,SES00475955,SES00475955
1010,47,52,view,2023-11-07 12:31:49,SES00475955,SES00475955
1011,47,114,view,2023-11-07 12:52:59,SES00475955,SES00475955
1012,47,186,cart,2023-11-07 13:18:51,SES00475955,SES00475955
1013,47,52,cart,2023-11-07 13:25:50,SES00475955,SES00475955
1014,47,114,cart,2023-11-07 13:35:14,SES00475955,SES00475955
1015,47,119,view,2024-04-07 08:57:26,SES00473315,SES00473315
1016,47,20,view,2024-04-07 09:12:24,SES00473315,SES00473315
1017,47,50,view,2024-04-07 09:30:43,SES00473315,SES00473315
1018,47,136,view,2024-04-07 09:41:25,SES00473315,SES00473315
1019,47,119,view,2024-04-07 10:00:19,SES00473315,SES00473315
1020,47,120,view,2024-04-07 10:19:09,SES00473315,SES00473315
1021,47,140,view,2024-04-07 10:43:31,SES00473315,SES00473315
1022,47,150,view,2024-04-07 10:59:29,SES00473315,SES00473315
1023,48,130,view,2023-07-07 17:13:54,SES00487173,SES00487173
1024,48,73,view,2023-07-07 17:30:36,SES00487173,SES00487173
1025,48,164,view,2023-07-07 17:52:16,SES00487173,SES00487173
1026,48,126,view,2023-07-07 17:54:04,SES00487173,SES00487173
1027,48,130,cart,2023-07-07 17:56:18,SES00487173,SES00487173
1028,49,126,view,2023-04-04 22:38:56,SES00493835,SES00493835
1029,49,161,view,2023-04-04 22:54:40,SES00493835,SES00493835
1030,49,56,view,2023-04-04 22:59:49,SES00493835,SES00493835
1031,49,164,view,2023-04-04 23:27:01,SES00493835,SES00493835
1032,49,17,view,2023-04-04 23:36:17,SES00493835,SES00493835
1033,49,130,view,2023-04-05 00:06:00,SES00493835,SES00493835
1034,49,188,view,2023-04-05 00:15:18,SES00493835,SES00493835
1035,49,42,view,2023-04-05 00:27:42,SES00493835,SES00493835
1036,49,126,cart,2023-04-05 00:34:05,SES00493835,SES00493835
1037,49,164,cart,2023-04-05 00:48:45,SES00493835,SES00493835
1038,49,17,cart,2023-04-05 00:54:31,SES00493835,SES00493835
1039,49,130,cart,2023-04-05 01:02:56,SES00493835,SES00493835
1040,49,188,cart,2023-04-05 01:12:49,SES00493835,SES00493835
1041,49,42,cart,2023-04-05 01:25:06,SES00493835,SES00493835
1042,49,74,view,2024-08-12 19:35:19,SES00491777,SES00491777
1043,49,91,view,2024-08-12 19:58:56,SES00491777,SES00491777
1044,49,176,view,2024-08-12 20:21:21,SES00491777,SES00491777
1045,49,96,view,2024-08-12 20:27:21,SES00491777,SES00491777
1046,49,162,view,2024-08-12 20:45:19,SES00491777,SES00491777
1047,49,71,view,2024-08-12 20:50:05,SES00491777,SES00491777
1048,49,197,view,2024-08-12 21:18:17,SES00491777,SES00491777
1049,49,70,view,2024-08-12 21:44:06,SES00491777,SES00491777
1050,49,91,cart,2024-08-12 22:02:16,SES00491777,SES00491777
1051,49,96,cart,2024-08-12 22:04:42,SES00491777,SES00491777
1052,49,197,cart,2024-08-12 22:17:23,SES00491777,SES00491777
1053,50,91,view,2023-01-06 21:16:08,SES00502528,SES00502528
1054,50,34,view,2023-01-06 21:21:12,SES00502528,SES00502528
1055,50,174,view,2023-01-06 21:24:15,SES00502528,SES00502528
1056,50,188,view,2023-01-06 21:48:41,SES00502528,SES00502528
1057,50,34,cart,2023-01-06 21:59:45,SES00502528,SES00502528
1058,50,126,view,2023-12-17 06:40:17,SES00507249,SES00507249
1059,50,189,view,2023-12-17 06:51:13,SES00507249,SES00507249
1060,50,21,view,2023-12-17 06:55:37,SES00507249,SES00507249
1061,50,2,view,2023-12-17 07:00:07,SES00507249,SES00507249
1062,50,77,view,2023-12-17 07:19:10,SES00507249,SES00507249
1063,50,53,view,2023-12-17 07:21:13,SES00507249,SES00507249
1064,50,144,view,2023-12-17 07:27:44,SES00507249,SES00507249
1065,50,139,view,2023-12-17 07:32:37,SES00507249,SES00507249
1066,50,188,view,2023-12-17 07:34:35,SES00507249,SES00507249
1067,50,192,view,2023-12-17 07:54:09,SES00507249,SES00507249
1068,50,77,cart,2023-12-17 08:08:23,SES00507249,SES00507249
1069,50,53,cart,2023-12-17 08:14:48,SES00507249,SES00507249
1070,50,139,cart,2023-12-17 08:31:05,SES00507249,SES00507249
1071,50,192,cart,2023-12-17 08:45:48,SES00507249,SES00507249
1072,50,6,view,2023-12-23 04:58:40,SES00509384,SES00509384
1073,50,87,view,2023-12-23 05:08:05,SES00509384,SES00509384
1074,50,67,view,2023-12-23 05:22:43,SES00509384,SES00509384
1075,50,9,view,2023-12-23 05:36:35,SES00509384,SES00509384
1076,50,168,view,2023-12-23 06:00:50,SES00509384,SES00509384
1077,50,175,view,2023-12-23 06:21:48,SES00509384,SES00509384
1078,50,63,view,2023-12-23 06:40:15,SES00509384,SES00509384
1079,50,93,view,2023-12-23 06:50:52,SES00509384,SES00509384
1080,50,81,view,2023-12-23 07:12:35,SES00509384,SES00509384
1081,50,93,cart,2023-12-23 07:13:52,SES00509384,SES00509384
1082,50,81,cart,2023-12-23 07:21:14,SES00509384,SES00509384
1083,50,158,view,2023-06-08 16:35:31,SES00506806,SES00506806
1084,50,87,view,2023-06-08 16:55:08,SES00506806,SES00506806
1085,50,96,view,2023-06-08 17:21:45,SES00506806,SES00506806
1086,50,197,view,2023-06-08 17:26:25,SES00506806,SES00506806
1087,50,196,view,2023-06-08 17:44:24,SES00506806,SES00506806
1088,50,136,view,2023-06-08 18:11:01,SES00506806,SES00506806
1089,50,55,view,2023-06-08 18:40:47,SES00506806,SES00506806
1090,50,49,view,2023-06-08 19:04:54,SES00506806,SES00506806
1091,50,143,view,2023-06-08 19:31:01,SES00506806,SES00506806
1092,50,17,view,2023-06-08 19:47:58,SES00506806,SES00506806
1093,50,158,cart,2023-06-08 19:48:50,SES00506806,SES00506806
1094,50,96,cart,2023-06-08 19:51:32,SES00506806,SES00506806
1095,50,136,cart,2023-06-08 20:04:41,SES00506806,SES00506806
1096,50,49,cart,2023-06-08 20:09:45,SES00506806,SES00506806
1097,50,17,cart,2023-06-08 20:27:39,SES00506806,SES00506806
1098,51,62,view,2024-08-10 02:37:45,SES00515028,SES00515028
1099,51,172,view,2024-08-10 02:45:12,SES00515028,SES00515028
1100,51,158,view,2024-08-10 02:58:45,SES00515028,SES00515028
1101,51,193,view,2024-08-10 03:15:50,SES00515028,SES00515028
1102,51,193,cart,2024-08-10 03:33:45,SES00515028,SES00515028
1103,51,172,view,2023-11-22 23:25:31,SES00516429,SES00516429
1104,51,60,view,2023-11-22 23:41:19,SES00516429,SES00516429
1105,51,115,view,2023-11-23 00:05:52,SES00516429,SES00516429
1106,51,70,purchase,2023-11-23 01:38:49,SES00516429,SES00516429
1107,51,145,purchase,2023-11-23 00:17:54,SES00516429,SES00516429
1108,51,40,purchase,2023-11-23 02:09:09,SES00516429,SES00516429
1109,51,155,view,2023-11-28 05:33:57,SES00517022,SES00517022
1110,51,184,view,2023-11-28 05:41:46,SES00517022,SES00517022
1111,51,164,view,2023-11-28 05:48:31,SES00517022,SES00517022
1112,51,27,view,2023-11-28 06:01:58,SES00517022,SES00517022
1113,51,51,view,2023-11-28 06:17:33,SES00517022,SES00517022
1114,51,184,cart,2023-11-28 06:28:14,SES00517022,SES00517022
1115,52,175,view,2023-04-16 08:46:17,SES00527540,SES00527540
1116,52,109,view,2023-04-16 09:06:59,SES00527540,SES00527540
1117,52,36,view,2023-04-16 09:28:25,SES00527540,SES00527540
1118,52,53,view,2023-04-16 09:46:39,SES00527540,SES00527540
1119,52,139,view,2023-04-16 09:51:55,SES00527540,SES00527540
1120,52,21,view,2023-04-16 10:07:18,SES00527540,SES00527540
1121,52,110,view,2023-04-16 10:26:13,SES00527540,SES00527540
1122,52,183,view,2023-04-16 10:34:53,SES00527540,SES00527540
1123,52,109,cart,2023-04-16 10:56:19,SES00527540,SES00527540
1124,52,139,cart,2023-04-16 10:59:38,SES00527540,SES00527540
1125,53,135,view,2024-11-14 08:21:14,SES00532930,SES00532930
1126,53,81,view,2024-11-14 08:39:48,SES00532930,SES00532930
1127,53,74,view,2024-11-14 08:53:21,SES00532930,SES00532930
1128,53,164,view,2024-11-14 09:11:34,SES00532930,SES00532930
1129,53,167,view,2024-11-14 09:19:09,SES00532930,SES00532930
1130,53,96,view,2024-11-14 09:40:59,SES00532930,SES00532930
1131,53,183,view,2024-11-14 10:08:27,SES00532930,SES00532930
1132,53,164,cart,2024-11-14 10:10:31,SES00532930,SES00532930
1133,53,183,cart,2024-11-14 10:11:46,SES00532930,SES00532930
1134,54,164,view,2023-09-06 08:09:08,SES00548788,SES00548788
1135,54,168,view,2023-09-06 08:11:10,SES00548788,SES00548788
1136,54,51,view,2023-09-06 08:30:14,SES00548788,SES00548788
1137,54,165,view,2023-09-06 08:53:22,SES00548788,SES00548788
1138,54,132,view,2023-09-06 09:06:47,SES00548788,SES00548788
1139,54,110,view,2023-09-06 09:27:47,SES00548788,SES00548788
1140,54,91,view,2023-09-06 09:56:28,SES00548788,SES00548788
1141,54,51,cart,2023-09-06 10:20:43,SES00548788,SES00548788
1142,54,132,cart,2023-09-06 10:35:54,SES00548788,SES00548788
1143,54,91,cart,2023-09-06 10:42:19,SES00548788,SES00548788
1144,54,75,view,2024-05-13 23:31:06,SES00544965,SES00544965
1145,54,64,view,2024-05-13 23:45:56,SES00544965,SES00544965
1146,54,181,view,2024-05-13 23:54:24,SES00544965,SES00544965
1147,54,77,view,2024-05-14 00:16:59,SES00544965,SES00544965
1148,54,130,view,2024-05-14 00:46:42,SES00544965,SES00544965
1149,54,183,view,2024-05-14 01:05:55,SES00544965,SES00544965
1150,54,13,view,2024-05-14 01:10:34,SES00544965,SES00544965
1151,54,183,view,2024-05-14 01:15:10,SES00544965,SES00544965
1152,54,183,cart,2024-05-14 01:34:16,SES00544965,SES00544965
1153,54,183,cart,2024-05-14 01:44:06,SES00544965,SES00544965
1154,54,41,view,2023-06-26 16:23:47,SES00547697,SES00547697
1155,54,21,view,2023-06-26 16:34:53,SES00547697,SES00547697
1156,54,181,view,2023-06-26 16:44:55,SES00547697,SES00547697
1157,54,181,cart,2023-06-26 17:11:34,SES00547697,SES00547697
1158,55,87,view,2024-06-18 04:05:58,SES00559144,SES00559144
1159,55,92,view,2024-06-18 04:25:25,SES00559144,SES00559144
1160,55,51,view,2024-06-18 04:33:52,SES00559144,SES00559144
1161,55,134,view,2024-06-18 04:56:28,SES00559144,SES00559144
1162,55,90,view,2024-06-18 04:57:08,SES00559144,SES00559144
1163,55,92,cart,2024-06-18 05:14:14,SES00559144,SES00559144
1164,56,70,view,2024-02-12 11:04:09,SES00569271,SES00569271
1165,56,168,view,2024-02-12 11:22:58,SES00569271,SES00569271
1166,56,133,view,2024-02-12 11:28:48,SES00569271,SES00569271
1167,56,39,view,2024-02-12 11:51:43,SES00569271,SES00569271
1168,56,49,view,2024-02-12 12:14:40,SES00569271,SES00569271
1169,56,24,view,2024-02-12 12:30:28,SES00569271,SES00569271
1170,56,186,view,2024-02-12 12:50:01,SES00569271,SES00569271
1171,57,51,view,2024-04-21 22:13:40,SES00576343,SES00576343
1172,57,164,view,2024-04-21 22:19:24,SES00576343,SES00576343
1173,57,120,view,2024-04-21 22:24:08,SES00576343,SES00576343
1174,57,143,view,2024-04-21 22:24:49,SES00576343,SES00576343
1175,57,24,view,2024-04-21 22:42:32,SES00576343,SES00576343
1176,57,178,view,2024-04-21 23:05:42,SES00576343,SES00576343
1177,57,170,view,2024-04-21 23:31:33,SES00576343,SES00576343
1178,57,120,cart,2024-04-21 23:33:44,SES00576343,SES00576343
1179,57,103,view,2023-09-04 10:41:16,SES00571834,SES00571834
1180,57,53,view,2023-09-04 10:52:13,SES00571834,SES00571834
1181,57,67,view,2023-09-04 11:03:33,SES00571834,SES00571834
1182,57,193,view,2023-09-04 11:32:26,SES00571834,SES00571834
1183,57,56,view,2023-09-04 11:42:56,SES00571834,SES00571834
1184,57,19,view,2023-09-04 11:51:01,SES00571834,SES00571834
1185,57,183,view,2023-09-04 11:58:11,SES00571834,SES00571834
1186,57,63,view,2023-09-04 12:06:44,SES00571834,SES00571834
1187,57,120,view,2023-09-04 12:35:45,SES00571834,SES00571834
1188,57,34,view,2023-09-04 12:54:59,SES00571834,SES00571834
1189,57,183,cart,2023-09-04 13:04:40,SES00571834,SES00571834
1190,57,63,cart,2023-09-04 13:14:53,SES00571834,SES00571834
1191,57,142,view,2024-07-27 15:23:59,SES00576636,SES00576636
1192,57,91,view,2024-07-27 15:40:11,SES00576636,SES00576636
1193,57,37,view,2024-07-27 16:07:31,SES00576636,SES00576636
1194,57,183,view,2024-07-27 16:26:35,SES00576636,SES00576636
1195,57,142,cart,2024-07-27 16:30:38,SES00576636,SES00576636
1196,57,91,cart,2024-07-27 16:44:56,SES00576636,SES00576636
1197,57,37,cart,2024-07-27 16:56:38,SES00576636,SES00576636
1198,58,60,view,2024-07-13 18:28:40,SES00581298,SES00581298
1199,58,197,view,2024-07-13 18:53:03,SES00581298,SES00581298
1200,58,145,view,2024-07-13 19:17:47,SES00581298,SES00581298
1201,58,112,view,2024-07-13 19:25:36,SES00581298,SES00581298
1202,58,12,view,2024-10-10 11:45:49,SES00589490,SES00589490
1203,58,105,view,2024-10-10 11:47:34,SES00589490,SES00589490
1204,58,45,view,2024-10-10 11:51:15,SES00589490,SES00589490
1205,58,174,view,2024-10-10 12:13:53,SES00589490,SES00589490
1206,58,24,view,2024-10-10 12:42:08,SES00589490,SES00589490
1207,58,20,view,2024-10-10 12:56:15,SES00589490,SES00589490
1208,58,77,view,2024-10-10 13:20:06,SES00589490,SES00589490
1209,58,147,view,2024-10-10 13:28:37,SES00589490,SES00589490
1210,58,143,view,2024-10-10 13:30:12,SES00589490,SES00589490
1211,58,105,cart,2024-10-10 13:46:46,SES00589490,SES00589490
1212,58,24,cart,2024-10-10 14:01:28,SES00589490,SES00589490
1213,58,77,cart,2024-10-10 14:06:11,SES00589490,SES00589490
1214,58,200,view,2023-06-12 06:50:27,SES00587950,SES00587950
1215,58,84,view,2023-06-12 06:58:59,SES00587950,SES00587950
1216,58,146,view,2023-06-12 07:02:06,SES00587950,SES00587950
1217,58,81,view,2023-06-12 07:08:58,SES00587950,SES00587950
1218,58,119,view,2023-06-12 07:33:07,SES00587950,SES00587950
1219,58,91,view,2023-06-12 07:57:50,SES00587950,SES00587950
1220,58,112,view,2023-06-12 08:20:35,SES00587950,SES00587950
1221,58,103,view,2023-06-12 08:39:11,SES00587950,SES00587950
1222,58,34,view,2023-06-12 08:41:58,SES00587950,SES00587950
1223,58,121,view,2023-06-12 08:48:08,SES00587950,SES00587950
1224,59,152,view,2023-11-23 08:33:01,SES00598235,SES00598235
1225,59,178,view,2023-11-23 08:54:48,SES00598235,SES00598235
1226,59,183,view,2023-11-23 09:19:03,SES00598235,SES00598235
1227,59,5,view,2023-11-23 09:42:25,SES00598235,SES00598235
1228,59,16,view,2023-11-23 09:55:52,SES00598235,SES00598235
1229,59,103,view,2023-11-23 10:07:11,SES00598235,SES00598235
1230,59,178,cart,2023-11-23 10:31:43,SES00598235,SES00598235
1231,59,183,cart,2023-11-23 10:39:32,SES00598235,SES00598235
1232,59,16,cart,2023-11-23 10:55:45,SES00598235,SES00598235
1233,59,96,view,2023-10-05 16:55:48,SES00595332,SES00595332
1234,59,129,view,2023-10-05 17:01:17,SES00595332,SES00595332
1235,59,21,view,2023-10-05 17:27:22,SES00595332,SES00595332
1236,59,33,view,2023-10-05 17:51:38,SES00595332,SES00595332
1237,59,33,view,2023-10-05 17:54:40,SES00595332,SES00595332
1238,59,45,view,2023-10-05 17:58:27,SES00595332,SES00595332
1239,59,170,view,2023-10-05 18:13:26,SES00595332,SES00595332
1240,59,20,view,2023-10-05 18:32:54,SES00595332,SES00595332
1241,59,137,view,2023-10-05 18:50:11,SES00595332,SES00595332
1242,59,137,cart,2023-10-05 19:19:33,SES00595332,SES00595332
1243,59,117,view,2024-03-09 09:59:04,SES00594518,SES00594518
1244,59,169,view,2024-03-09 10:22:08,SES00594518,SES00594518
1245,59,150,view,2024-03-09 10:43:12,SES00594518,SES00594518
1246,59,144,view,2024-03-09 10:46:19,SES00594518,SES00594518
1247,59,150,cart,2024-03-09 10:58:09,SES00594518,SES00594518
1248,59,167,view,2023-03-15 23:27:32,SES00599845,SES00599845
1249,59,120,view,2023-03-15 23:33:00,SES00599845,SES00599845
1250,59,183,view,2023-03-16 00:01:25,SES00599845,SES00599845
1251,59,178,view,2023-03-16 00:09:41,SES00599845,SES00599845
1252,59,190,view,2023-03-16 00:25:39,SES00599845,SES00599845
1253,59,62,view,2023-03-16 00:32:04,SES00599845,SES00599845
1254,59,145,view,2023-03-16 00:42:11,SES00599845,SES00599845
1255,59,120,cart,2023-03-16 01:11:27,SES00599845,SES00599845
1256,59,62,cart,2023-03-16 01:20:26,SES00599845,SES00599845
1257,59,145,cart,2023-03-16 01:34:34,SES00599845,SES00599845
1258,60,26,view,2023-02-14 21:42:30,SES00608911,SES00608911
1259,60,123,view,2023-02-14 21:45:01,SES00608911,SES00608911
1260,60,166,view,2023-02-14 21:57:51,SES00608911,SES00608911
1261,60,86,view,2023-02-14 22:26:38,SES00608911,SES00608911
1262,60,159,view,2023-02-14 22:41:54,SES00608911,SES00608911
1263,60,86,view,2023-02-14 22:43:44,SES00608911,SES00608911
1264,60,111,view,2023-02-14 23:00:22,SES00608911,SES00608911
1265,60,142,view,2023-02-14 23:25:50,SES00608911,SES00608911
1266,60,150,view,2023-02-14 23:38:02,SES00608911,SES00608911
1267,60,26,cart,2023-02-14 23:40:05,SES00608911,SES00608911
1268,60,86,cart,2023-02-14 23:54:32,SES00608911,SES00608911
1269,60,159,cart,2023-02-14 23:59:36,SES00608911,SES00608911
1270,60,111,cart,2023-02-15 00:07:40,SES00608911,SES00608911
1271,60,87,view,2024-05-23 21:48:14,SES00602365,SES00602365
1272,60,185,view,2024-05-23 22:05:33,SES00602365,SES00602365
1273,60,169,view,2024-05-23 22:34:32,SES00602365,SES00602365
1274,60,169,cart,2024-05-23 22:56:17,SES00602365,SES00602365
1275,60,158,view,2024-10-22 01:07:35,SES00602875,SES00602875
1276,60,86,view,2024-10-22 01:37:23,SES00602875,SES00602875
1277,60,126,view,2024-10-22 01:42:10,SES00602875,SES00602875
1278,60,45,view,2024-10-22 01:54:16,SES00602875,SES00602875
1279,60,86,cart,2024-10-22 02:22:56,SES00602875,SES00602875
1280,60,193,view,2024-09-24 04:49:55,SES00605079,SES00605079
1281,60,91,view,2024-09-24 05:05:30,SES00605079,SES00605079
1282,60,2,view,2024-09-24 05:16:53,SES00605079,SES00605079
1283,60,42,view,2024-09-24 05:25:37,SES00605079,SES00605079
1284,60,95,view,2024-09-24 05:26:31,SES00605079,SES00605079
1285,60,158,view,2024-09-24 05:52:33,SES00605079,SES00605079
1286,60,164,view,2024-09-24 06:20:26,SES00605079,SES00605079
1287,60,124,view,2024-09-24 06:27:51,SES00605079,SES00605079
1288,60,91,cart,2024-09-24 06:51:10,SES00605079,SES00605079
1289,60,42,cart,2024-09-24 06:59:34,SES00605079,SES00605079
1290,60,164,cart,2024-09-24 07:15:35,SES00605079,SES00605079
1291,61,31,view,2024-04-13 18:13:49,SES00618864,SES00618864
1292,61,180,view,2024-04-13 18:19:59,SES00618864,SES00618864
1293,61,158,view,2024-04-13 18:37:22,SES00618864,SES00618864
1294,61,71,view,2024-04-13 18:48:47,SES00618864,SES00618864
1295,61,185,view,2024-04-13 19:17:21,SES00618864,SES00618864
1296,61,164,view,2024-04-13 19:35:06,SES00618864,SES00618864
1297,61,36,view,2024-04-13 19:49:52,SES00618864,SES00618864
1298,61,122,view,2024-04-13 20:07:28,SES00618864,SES00618864
1299,61,71,cart,2024-04-13 20:35:28,SES00618864,SES00618864
1300,61,164,cart,2024-04-13 20:36:38,SES00618864,SES00618864
1301,61,122,cart,2024-04-13 20:44:23,SES00618864,SES00618864
1302,62,194,view,2024-02-23 12:00:21,SES00625971,SES00625971
1303,62,59,view,2024-02-23 12:19:30,SES00625971,SES00625971
1304,62,172,view,2024-02-23 12:37:28,SES00625971,SES00625971
1305,62,164,view,2024-02-23 12:44:12,SES00625971,SES00625971
1306,62,59,cart,2024-02-23 12:57:59,SES00625971,SES00625971
1307,63,191,view,2023-11-13 08:14:19,SES00638136,SES00638136
1308,63,142,view,2023-11-13 08:17:16,SES00638136,SES00638136
1309,63,155,view,2023-11-13 08:40:17,SES00638136,SES00638136
1310,63,130,view,2023-11-13 09:03:14,SES00638136,SES00638136
1311,63,155,view,2023-11-13 09:05:09,SES00638136,SES00638136
1312,63,146,view,2023-11-13 09:12:23,SES00638136,SES00638136
1313,63,145,view,2023-11-13 09:20:45,SES00638136,SES00638136
1314,63,54,view,2023-11-13 09:44:37,SES00638136,SES00638136
1315,63,146,cart,2023-11-13 10:07:13,SES00638136,SES00638136
1316,63,54,cart,2023-11-13 10:07:49,SES00638136,SES00638136
1317,63,176,view,2024-11-23 14:46:51,SES00639738,SES00639738
1318,63,122,view,2024-11-23 14:52:13,SES00639738,SES00639738
1319,63,198,view,2024-11-23 14:54:19,SES00639738,SES00639738
1320,63,87,view,2024-11-23 15:12:24,SES00639738,SES00639738
1321,63,178,view,2024-11-23 15:37:57,SES00639738,SES00639738
1322,63,176,view,2024-11-23 16:04:45,SES00639738,SES00639738
1323,63,178,cart,2024-11-23 16:15:56,SES00639738,SES00639738
1324,63,176,cart,2024-11-23 16:24:57,SES00639738,SES00639738
1325,63,93,view,2024-05-12 09:43:47,SES00638744,SES00638744
1326,63,105,view,2024-05-12 09:54:18,SES00638744,SES00638744
1327,63,116,view,2024-05-12 10:22:38,SES00638744,SES00638744
1328,63,168,view,2024-05-12 10:43:14,SES00638744,SES00638744
1329,63,37,view,2024-05-12 11:06:08,SES00638744,SES00638744
1330,63,87,view,2024-05-12 11:23:47,SES00638744,SES00638744
1331,63,127,view,2024-05-12 11:42:17,SES00638744,SES00638744
1332,63,69,view,2024-05-12 11:50:28,SES00638744,SES00638744
1333,63,181,view,2023-02-14 17:30:02,SES00637680,SES00637680
1334,63,183,view,2023-02-14 17:45:14,SES00637680,SES00637680
1335,63,97,view,2023-02-14 18:03:10,SES00637680,SES00637680
1336,63,86,view,2023-02-14 18:29:37,SES00637680,SES00637680
1337,63,13,view,2023-02-14 18:53:58,SES00637680,SES00637680
1338,63,142,view,2023-02-14 19:21:42,SES00637680,SES00637680
1339,63,126,view,2023-02-14 19:24:21,SES00637680,SES00637680
1340,63,183,view,2023-02-14 19:48:02,SES00637680,SES00637680
1341,63,91,view,2023-02-14 19:50:15,SES00637680,SES00637680
1342,63,86,view,2023-02-14 20:03:44,SES00637680,SES00637680
1343,63,183,cart,2023-02-14 20:11:20,SES00637680,SES00637680
1344,63,86,cart,2023-02-14 20:14:47,SES00637680,SES00637680
1345,63,142,cart,2023-02-14 20:18:44,SES00637680,SES00637680
1346,63,86,cart,2023-02-14 20:35:44,SES00637680,SES00637680
1347,64,172,view,2023-08-09 08:24:01,SES00644533,SES00644533
1348,64,183,view,2023-08-09 08:36:20,SES00644533,SES00644533
1349,64,175,view,2023-08-09 08:47:02,SES00644533,SES00644533
1350,64,193,view,2023-08-09 08:51:29,SES00644533,SES00644533
1351,64,87,view,2023-08-09 09:02:06,SES00644533,SES00644533
1352,64,197,view,2023-08-09 09:18:31,SES00644533,SES00644533
1353,64,61,view,2023-08-09 09:30:38,SES00644533,SES00644533
1354,64,52,view,2023-08-09 09:54:07,SES00644533,SES00644533
1355,64,186,view,2023-08-09 10:12:19,SES00644533,SES00644533
1356,64,183,cart,2023-08-09 10:15:35,SES00644533,SES00644533
1357,64,193,cart,2023-08-09 10:22:02,SES00644533,SES00644533
1358,64,61,cart,2023-08-09 10:31:53,SES00644533,SES00644533
1359,64,60,view,2023-04-19 20:48:48,SES00646581,SES00646581
1360,64,82,view,2023-04-19 21:15:59,SES00646581,SES00646581
1361,64,194,view,2023-04-19 21:32:09,SES00646581,SES00646581
1362,64,60,cart,2023-04-19 21:32:56,SES00646581,SES00646581
1363,65,123,view,2023-04-16 17:55:27,SES00656982,SES00656982
1364,65,9,view,2023-04-16 18:22:29,SES00656982,SES00656982
1365,65,44,view,2023-04-16 18:41:21,SES00656982,SES00656982
1366,65,53,view,2023-04-16 19:03:02,SES00656982,SES00656982
1367,65,131,view,2023-04-16 19:13:13,SES00656982,SES00656982
1368,65,33,view,2023-04-16 19:25:37,SES00656982,SES00656982
1369,65,31,view,2023-04-16 19:38:25,SES00656982,SES00656982
1370,65,183,view,2023-04-16 19:45:09,SES00656982,SES00656982
1371,65,186,view,2023-04-16 20:03:09,SES00656982,SES00656982
1372,65,11,view,2023-04-16 20:20:42,SES00656982,SES00656982
1373,65,53,cart,2023-04-16 20:25:11,SES00656982,SES00656982
1374,65,186,cart,2023-04-16 20:31:10,SES00656982,SES00656982
1375,65,11,cart,2023-04-16 20:38:04,SES00656982,SES00656982
1376,65,54,view,2024-07-10 09:07:27,SES00652853,SES00652853
1377,65,164,view,2024-07-10 09:22:56,SES00652853,SES00652853
1378,65,122,view,2024-07-10 09:37:23,SES00652853,SES00652853
1379,65,54,cart,2024-07-10 09:38:33,SES00652853,SES00652853
1380,65,164,cart,2024-07-10 09:44:35,SES00652853,SES00652853
1381,66,21,view,2023-03-24 22:41:48,SES00661347,SES00661347
1382,66,183,view,2023-03-24 22:53:10,SES00661347,SES00661347
1383,66,82,view,2023-03-24 23:01:45,SES00661347,SES00661347
1384,66,74,view,2024-02-13 13:08:55,SES00662116,SES00662116
1385,66,159,view,2024-02-13 13:30:43,SES00662116,SES00662116
1386,66,167,view,2024-02-13 13:32:57,SES00662116,SES00662116
1387,66,80,view,2024-02-13 13:49:16,SES00662116,SES00662116
1388,66,91,view,2024-02-13 14:12:25,SES00662116,SES00662116
1389,66,148,view,2024-02-13 14:21:36,SES00662116,SES00662116
1390,66,101,view,2024-02-13 14:38:10,SES00662116,SES00662116
1391,66,64,view,2024-02-13 15:06:22,SES00662116,SES00662116
1392,66,175,view,2024-02-13 15:12:31,SES00662116,SES00662116
1393,66,53,view,2024-02-13 15:13:30,SES00662116,SES00662116
1394,66,91,cart,2024-02-13 15:42:33,SES00662116,SES00662116
1395,67,113,view,2024-03-03 08:47:42,SES00674753,SES00674753
1396,67,24,view,2024-03-03 09:17:08,SES00674753,SES00674753
1397,67,139,view,2024-03-03 09:46:25,SES00674753,SES00674753
1398,67,3,view,2024-03-03 10:06:42,SES00674753,SES00674753
1399,67,83,view,2024-03-03 10:08:07,SES00674753,SES00674753
1400,67,156,view,2024-03-03 10:12:30,SES00674753,SES00674753
1401,67,126,view,2024-03-03 10:15:16,SES00674753,SES00674753
1402,67,113,view,2024-03-03 10:19:43,SES00674753,SES00674753
1403,67,3,cart,2024-03-03 10:23:49,SES00674753,SES00674753
1404,67,83,cart,2024-03-03 10:38:53,SES00674753,SES00674753
1405,67,156,cart,2024-03-03 10:49:30,SES00674753,SES00674753
1406,67,186,view,2023-08-19 03:21:34,SES00678808,SES00678808
1407,67,172,view,2023-08-19 03:50:47,SES00678808,SES00678808
1408,67,20,view,2023-08-19 04:17:58,SES00678808,SES00678808
1409,67,176,view,2023-08-19 04:32:17,SES00678808,SES00678808
1410,67,170,view,2023-08-19 04:57:18,SES00678808,SES00678808
1411,67,141,view,2023-08-19 05:11:24,SES00678808,SES00678808
1412,67,21,view,2023-08-19 05:32:28,SES00678808,SES00678808
1413,67,132,view,2023-08-19 05:36:19,SES00678808,SES00678808
1414,67,172,cart,2023-08-19 06:00:12,SES00678808,SES00678808
1415,67,170,cart,2023-08-19 06:02:11,SES00678808,SES00678808
1416,68,153,view,2024-03-24 14:15:48,SES00682148,SES00682148
1417,68,105,view,2024-03-24 14:34:42,SES00682148,SES00682148
1418,68,41,view,2024-03-24 14:48:54,SES00682148,SES00682148
1419,68,162,view,2024-03-24 15:04:03,SES00682148,SES00682148
1420,68,69,view,2024-03-24 15:22:24,SES00682148,SES00682148
1421,68,139,view,2024-03-24 15:48:30,SES00682148,SES00682148
1422,68,46,view,2024-03-24 15:59:44,SES00682148,SES00682148
1423,68,181,view,2024-03-24 16:03:35,SES00682148,SES00682148
1424,68,178,view,2024-03-24 16:30:45,SES00682148,SES00682148
1425,68,105,cart,2024-03-24 16:53:29,SES00682148,SES00682148
1426,68,69,cart,2024-03-24 16:58:47,SES00682148,SES00682148
1427,68,139,cart,2024-03-24 17:08:41,SES00682148,SES00682148
1428,68,181,cart,2024-03-24 17:09:36,SES00682148,SES00682148
1429,68,126,view,2024-07-02 20:01:46,SES00685800,SES00685800
1430,68,4,view,2024-07-02 20:22:55,SES00685800,SES00685800
1431,68,18,view,2024-07-02 20:37:42,SES00685800,SES00685800
1432,68,126,cart,2024-07-02 20:52:21,SES00685800,SES00685800
1433,69,17,view,2023-05-02 07:26:50,SES00693062,SES00693062
1434,69,164,view,2023-05-02 07:54:15,SES00693062,SES00693062
1435,69,155,view,2023-05-02 08:14:48,SES00693062,SES00693062
1436,69,64,view,2023-05-02 08:19:46,SES00693062,SES00693062
1437,69,175,view,2023-05-02 08:27:28,SES00693062,SES00693062
1438,69,196,view,2023-05-02 08:55:50,SES00693062,SES00693062
1439,69,175,cart,2023-05-02 08:59:46,SES00693062,SES00693062
1440,69,51,view,2023-12-17 08:08:58,SES00691208,SES00691208
1441,69,75,view,2023-12-17 08:14:12,SES00691208,SES00691208
1442,69,119,view,2023-12-17 08:30:38,SES00691208,SES00691208
1443,69,158,view,2023-12-17 08:38:22,SES00691208,SES00691208
1444,69,101,view,2023-12-17 09:02:18,SES00691208,SES00691208
1445,69,72,view,2023-12-17 09:25:18,SES00691208,SES00691208
1446,70,160,view,2023-11-26 05:10:27,SES00705082,SES00705082
1447,70,106,view,2023-11-26 05:32:12,SES00705082,SES00705082
1448,70,167,view,2023-11-26 05:37:01,SES00705082,SES00705082
1449,70,91,view,2023-11-26 05:54:09,SES00705082,SES00705082
1450,70,5,view,2023-11-26 06:11:39,SES00705082,SES00705082
1451,70,74,view,2024-04-17 15:15:53,SES00706107,SES00706107
1452,70,143,view,2024-04-17 15:20:42,SES00706107,SES00706107
1453,70,17,view,2024-04-17 15:42:02,SES00706107,SES00706107
1454,70,188,view,2024-04-17 15:44:26,SES00706107,SES00706107
1455,70,42,view,2024-04-17 15:57:46,SES00706107,SES00706107
1456,70,57,view,2024-04-17 16:26:18,SES00706107,SES00706107
1457,70,91,view,2024-04-17 16:50:45,SES00706107,SES00706107
1458,70,112,view,2024-04-17 16:59:13,SES00706107,SES00706107
1459,70,17,cart,2024-04-17 17:16:36,SES00706107,SES00706107
1460,70,57,cart,2024-04-17 17:28:54,SES00706107,SES00706107
1461,70,46,view,2024-03-18 22:14:21,SES00706681,SES00706681
1462,70,175,view,2024-03-18 22:34:55,SES00706681,SES00706681
1463,70,175,view,2024-03-18 22:37:00,SES00706681,SES00706681
1464,70,23,view,2024-03-18 23:06:35,SES00706681,SES00706681
1465,70,51,view,2024-03-18 23:19:37,SES00706681,SES00706681
1466,70,6,view,2024-03-18 23:23:12,SES00706681,SES00706681
1467,70,110,view,2024-03-18 23:29:03,SES00706681,SES00706681
1468,70,65,view,2024-03-18 23:38:16,SES00706681,SES00706681
1469,70,57,view,2024-03-18 23:52:51,SES00706681,SES00706681
1470,70,183,view,2024-03-19 00:00:54,SES00706681,SES00706681
1471,70,175,cart,2024-03-19 00:20:08,SES00706681,SES00706681
1472,70,23,cart,2024-03-19 00:23:02,SES00706681,SES00706681
1473,70,51,cart,2024-03-19 00:25:18,SES00706681,SES00706681
1474,70,65,cart,2024-03-19 00:26:24,SES00706681,SES00706681
1475,70,57,cart,2024-03-19 00:39:19,SES00706681,SES00706681
1476,70,183,cart,2024-03-19 00:46:17,SES00706681,SES00706681
1477,71,37,view,2024-11-21 22:03:17,SES00711887,SES00711887
1478,71,141,view,2024-11-21 22:12:51,SES00711887,SES00711887
1479,71,150,view,2024-11-21 22:15:46,SES00711887,SES00711887
1480,71,70,view,2024-11-21 22:34:37,SES00711887,SES00711887
1481,71,77,view,2024-11-21 22:46:08,SES00711887,SES00711887
1482,71,37,cart,2024-11-21 22:57:41,SES00711887,SES00711887
1483,71,78,view,2023-08-27 23:56:22,SES00712234,SES00712234
1484,71,160,view,2023-08-28 00:06:04,SES00712234,SES00712234
1485,71,158,view,2023-08-28 00:34:56,SES00712234,SES00712234
1486,71,183,view,2024-04-28 10:22:31,SES00712803,SES00712803
1487,71,88,view,2024-04-28 10:38:15,SES00712803,SES00712803
1488,71,169,view,2024-04-28 10:57:57,SES00712803,SES00712803
1489,71,42,view,2024-04-28 11:27:23,SES00712803,SES00712803
1490,71,183,cart,2024-04-28 11:40:01,SES00712803,SES00712803
1491,71,169,cart,2024-04-28 11:55:20,SES00712803,SES00712803
1492,71,104,view,2024-09-08 10:08:00,SES00719789,SES00719789
1493,71,190,view,2024-09-08 10:17:06,SES00719789,SES00719789
1494,71,73,view,2024-09-08 10:19:18,SES00719789,SES00719789
1495,72,7,view,2023-07-10 06:43:13,SES00728297,SES00728297
1496,72,189,view,2023-07-10 06:46:38,SES00728297,SES00728297
1497,72,13,view,2023-07-10 06:48:42,SES00728297,SES00728297
1498,72,164,view,2023-07-10 06:55:40,SES00728297,SES00728297
1499,72,12,view,2023-07-10 07:00:39,SES00728297,SES00728297
1500,72,13,view,2023-07-10 07:25:41,SES00728297,SES00728297
1501,72,186,view,2023-07-10 07:41:42,SES00728297,SES00728297
1502,72,164,view,2023-07-10 07:58:41,SES00728297,SES00728297
1503,72,93,view,2023-07-10 08:15:06,SES00728297,SES00728297
1504,72,7,cart,2023-07-10 08:21:47,SES00728297,SES00728297
1505,72,164,cart,2023-07-10 08:31:42,SES00728297,SES00728297
1506,72,186,cart,2023-07-10 08:38:26,SES00728297,SES00728297
1507,72,76,view,2023-12-12 20:02:42,SES00726787,SES00726787
1508,72,91,view,2023-12-12 20:17:39,SES00726787,SES00726787
1509,72,124,view,2023-12-12 20:42:29,SES00726787,SES00726787
1510,72,164,view,2023-12-12 21:04:22,SES00726787,SES00726787
1511,72,87,view,2023-12-12 21:33:53,SES00726787,SES00726787
1512,72,42,view,2023-12-12 21:37:47,SES00726787,SES00726787
1513,72,11,view,2023-12-12 21:58:02,SES00726787,SES00726787
1514,72,110,view,2023-12-12 22:24:04,SES00726787,SES00726787
1515,72,38,view,2023-12-12 22:37:49,SES00726787,SES00726787
1516,72,124,cart,2023-12-12 22:57:00,SES00726787,SES00726787
1517,72,87,cart,2023-12-12 23:10:59,SES00726787,SES00726787
1518,72,38,cart,2023-12-12 23:22:05,SES00726787,SES00726787
1519,72,135,view,2024-11-04 20:16:22,SES00729526,SES00729526
1520,72,48,view,2024-11-04 20:29:44,SES00729526,SES00729526
1521,72,105,view,2024-11-04 20:45:50,SES00729526,SES00729526
1522,72,21,view,2024-11-04 21:07:42,SES00729526,SES00729526
1523,72,87,view,2024-11-04 21:21:30,SES00729526,SES00729526
1524,72,63,view,2024-11-04 21:24:07,SES00729526,SES00729526
1525,72,12,view,2024-11-04 21:41:13,SES00729526,SES00729526
1526,72,48,cart,2024-11-04 22:04:15,SES00729526,SES00729526
1527,72,49,view,2023-04-17 01:58:40,SES00725975,SES00725975
1528,72,189,view,2023-04-17 02:13:04,SES00725975,SES00725975
1529,72,6,view,2023-04-17 02:27:41,SES00725975,SES00725975
1530,72,11,view,2023-04-17 02:51:39,SES00725975,SES00725975
1531,72,78,view,2023-04-17 02:52:47,SES00725975,SES00725975
1532,72,175,view,2023-04-17 02:59:16,SES00725975,SES00725975
1533,72,77,view,2023-04-17 03:11:00,SES00725975,SES00725975
1534,72,76,view,2023-04-17 03:31:49,SES00725975,SES00725975
1535,72,168,view,2023-04-17 03:46:33,SES00725975,SES00725975
1536,72,56,view,2023-04-17 04:04:33,SES00725975,SES00725975
1537,72,78,cart,2023-04-17 04:09:53,SES00725975,SES00725975
1538,72,175,cart,2023-04-17 04:15:32,SES00725975,SES00725975
1539,72,77,cart,2023-04-17 04:21:43,SES00725975,SES00725975
1540,72,76,cart,2023-04-17 04:33:47,SES00725975,SES00725975
1541,73,126,view,2023-07-22 18:37:58,SES00731513,SES00731513
1542,73,112,view,2023-07-22 18:49:39,SES00731513,SES00731513
1543,73,138,view,2023-07-22 19:01:46,SES00731513,SES00731513
1544,73,55,view,2023-07-22 19:02:46,SES00731513,SES00731513
1545,73,115,view,2023-07-22 19:26:50,SES00731513,SES00731513
1546,73,34,view,2023-07-22 19:50:08,SES00731513,SES00731513
1547,73,126,cart,2023-07-22 19:58:02,SES00731513,SES00731513
1548,73,138,cart,2023-07-22 20:09:21,SES00731513,SES00731513
1549,73,115,cart,2023-07-22 20:20:42,SES00731513,SES00731513
1550,73,74,view,2024-07-04 14:36:36,SES00731290,SES00731290
1551,73,64,view,2024-07-04 14:41:48,SES00731290,SES00731290
1552,73,163,view,2024-07-04 14:52:18,SES00731290,SES00731290
1553,73,37,view,2024-07-04 15:06:12,SES00731290,SES00731290
1554,73,135,view,2024-07-04 15:16:25,SES00731290,SES00731290
1555,73,150,view,2024-07-04 15:28:55,SES00731290,SES00731290
1556,73,81,view,2024-07-04 15:29:38,SES00731290,SES00731290
1557,73,118,view,2024-07-04 15:33:59,SES00731290,SES00731290
1558,73,169,view,2024-07-04 15:35:41,SES00731290,SES00731290
1559,73,64,cart,2024-07-04 15:42:52,SES00731290,SES00731290
1560,73,81,cart,2024-07-04 15:52:30,SES00731290,SES00731290
1561,73,77,view,2023-03-25 16:56:58,SES00735299,SES00735299
1562,73,92,view,2023-03-25 17:18:25,SES00735299,SES00735299
1563,73,96,view,2023-03-25 17:42:34,SES00735299,SES00735299
1564,73,77,cart,2023-03-25 18:08:09,SES00735299,SES00735299
1565,73,92,cart,2023-03-25 18:13:52,SES00735299,SES00735299
1566,74,135,view,2024-11-03 10:08:30,SES00747252,SES00747252
1567,74,175,view,2024-11-03 10:29:30,SES00747252,SES00747252
1568,74,172,view,2024-11-03 10:34:29,SES00747252,SES00747252
1569,74,178,view,2024-11-03 10:50:52,SES00747252,SES00747252
1570,74,66,view,2024-11-03 11:16:03,SES00747252,SES00747252
1571,74,70,view,2024-11-03 11:22:17,SES00747252,SES00747252
1572,74,5,view,2024-11-03 11:24:57,SES00747252,SES00747252
1573,74,38,view,2024-11-03 11:51:05,SES00747252,SES00747252
1574,74,196,view,2024-11-03 11:58:35,SES00747252,SES00747252
1575,74,175,cart,2024-11-03 12:01:26,SES00747252,SES00747252
1576,74,172,cart,2024-11-03 12:12:15,SES00747252,SES00747252
1577,74,66,cart,2024-11-03 12:14:58,SES00747252,SES00747252
1578,75,102,view,2024-09-01 12:05:01,SES00755072,SES00755072
1579,75,167,view,2024-09-01 12:22:40,SES00755072,SES00755072
1580,75,22,view,2024-09-01 12:46:46,SES00755072,SES00755072
1581,75,114,view,2024-09-01 12:51:03,SES00755072,SES00755072
1582,75,175,view,2024-09-01 13:00:55,SES00755072,SES00755072
1583,75,32,view,2024-09-01 13:29:24,SES00755072,SES00755072
1584,75,24,view,2024-09-01 13:58:07,SES00755072,SES00755072
1585,75,102,cart,2024-09-01 14:18:36,SES00755072,SES00755072
1586,75,32,cart,2024-09-01 14:20:00,SES00755072,SES00755072
1587,75,24,cart,2024-09-01 14:25:09,SES00755072,SES00755072
1588,76,4,view,2023-07-28 17:40:06,SES00762142,SES00762142
1589,76,197,view,2023-07-28 18:06:23,SES00762142,SES00762142
1590,76,188,view,2023-07-28 18:26:38,SES00762142,SES00762142
1591,76,151,view,2023-07-28 18:36:21,SES00762142,SES00762142
1592,76,53,view,2023-07-28 18:50:11,SES00762142,SES00762142
1593,76,74,view,2023-07-28 19:05:33,SES00762142,SES00762142
1594,76,29,view,2023-07-28 19:18:20,SES00762142,SES00762142
1595,76,4,cart,2023-07-28 19:35:46,SES00762142,SES00762142
1596,76,197,cart,2023-07-28 19:45:31,SES00762142,SES00762142
1597,76,53,cart,2023-07-28 19:47:20,SES00762142,SES00762142
1598,76,32,view,2024-11-25 12:17:20,SES00765303,SES00765303
1599,76,164,view,2024-11-25 12:47:07,SES00765303,SES00765303
1600,76,104,view,2024-11-25 13:00:57,SES00765303,SES00765303
1601,76,143,view,2024-11-25 13:09:08,SES00765303,SES00765303
1602,76,108,view,2024-11-25 13:28:11,SES00765303,SES00765303
1603,76,64,view,2024-11-25 13:46:49,SES00765303,SES00765303
1604,76,17,view,2024-11-25 14:15:55,SES00765303,SES00765303
1605,76,157,view,2024-11-25 14:29:45,SES00765303,SES00765303
1606,76,9,view,2024-11-25 14:48:07,SES00765303,SES00765303
1607,76,51,view,2024-11-25 14:55:28,SES00765303,SES00765303
1608,76,108,cart,2024-11-25 15:13:57,SES00765303,SES00765303
1609,76,9,cart,2024-11-25 15:18:27,SES00765303,SES00765303
1610,77,112,view,2023-04-23 20:35:02,SES00776744,SES00776744
1611,77,192,view,2023-04-23 20:45:24,SES00776744,SES00776744
1612,77,56,view,2023-04-23 20:57:58,SES00776744,SES00776744
1613,77,150,view,2023-04-23 21:01:21,SES00776744,SES00776744
1614,77,12,view,2023-04-23 21:11:25,SES00776744,SES00776744
1615,77,8,view,2023-04-23 21:23:40,SES00776744,SES00776744
1616,77,119,view,2023-04-23 21:35:41,SES00776744,SES00776744
1617,77,91,view,2023-04-23 21:44:46,SES00776744,SES00776744
1618,77,91,view,2024-08-17 02:29:00,SES00779500,SES00779500
1619,77,26,view,2024-08-17 02:51:45,SES00779500,SES00779500
1620,77,197,view,2024-08-17 03:05:25,SES00779500,SES00779500
1621,77,188,view,2024-08-17 03:33:56,SES00779500,SES00779500
1622,77,103,view,2024-08-17 03:57:02,SES00779500,SES00779500
1623,77,107,view,2024-08-17 04:04:09,SES00779500,SES00779500
1624,77,197,cart,2024-08-17 04:18:53,SES00779500,SES00779500
1625,77,188,cart,2024-08-17 04:28:40,SES00779500,SES00779500
1626,77,107,cart,2024-08-17 04:31:11,SES00779500,SES00779500
1627,77,40,view,2024-03-27 01:02:17,SES00778247,SES00778247
1628,77,22,view,2024-03-27 01:05:24,SES00778247,SES00778247
1629,77,67,view,2024-03-27 01:34:35,SES00778247,SES00778247
1630,77,67,cart,2024-03-27 01:45:40,SES00778247,SES00778247
1631,77,126,view,2024-04-23 10:23:10,SES00779503,SES00779503
1632,77,27,view,2024-04-23 10:30:56,SES00779503,SES00779503
1633,77,166,view,2024-04-23 10:31:34,SES00779503,SES00779503
1634,77,8,view,2024-04-23 10:59:42,SES00779503,SES00779503
1635,77,50,view,2024-04-23 11:01:56,SES00779503,SES00779503
1636,77,54,view,2024-04-23 11:20:41,SES00779503,SES00779503
1637,78,150,view,2024-04-07 18:55:19,SES00788477,SES00788477
1638,78,37,view,2024-04-07 19:20:46,SES00788477,SES00788477
1639,78,115,view,2024-04-07 19:32:26,SES00788477,SES00788477
1640,78,155,view,2024-04-07 19:42:43,SES00788477,SES00788477
1641,78,37,view,2024-04-07 20:02:46,SES00788477,SES00788477
1642,78,186,view,2024-04-07 20:27:56,SES00788477,SES00788477
1643,78,168,view,2024-04-07 20:33:02,SES00788477,SES00788477
1644,78,172,view,2024-04-07 20:47:44,SES00788477,SES00788477
1645,78,174,view,2024-04-07 21:12:12,SES00788477,SES00788477
1646,78,37,cart,2024-04-07 21:29:04,SES00788477,SES00788477
1647,78,115,cart,2024-04-07 21:40:16,SES00788477,SES00788477
1648,78,37,cart,2024-04-07 21:48:32,SES00788477,SES00788477
1649,78,135,view,2023-05-16 07:52:20,SES00781096,SES00781096
1650,78,30,view,2023-05-16 08:14:59,SES00781096,SES00781096
1651,78,155,view,2023-05-16 08:27:08,SES00781096,SES00781096
1652,78,87,view,2023-05-16 08:39:31,SES00781096,SES00781096
1653,78,77,view,2023-05-16 09:04:13,SES00781096,SES00781096
1654,78,89,view,2023-05-16 09:20:33,SES00781096,SES00781096
1655,78,172,view,2023-05-16 09:38:40,SES00781096,SES00781096
1656,78,124,view,2023-05-16 09:39:43,SES00781096,SES00781096
1657,78,45,view,2023-05-16 10:07:55,SES00781096,SES00781096
1658,78,180,view,2023-05-16 10:28:00,SES00781096,SES00781096
1659,78,87,cart,2023-05-16 10:47:05,SES00781096,SES00781096
1660,78,89,cart,2023-05-16 11:04:50,SES00781096,SES00781096
1661,78,172,cart,2023-05-16 11:12:21,SES00781096,SES00781096
1662,78,136,view,2023-04-20 20:03:21,SES00783472,SES00783472
1663,78,42,view,2023-04-20 20:04:09,SES00783472,SES00783472
1664,78,197,view,2023-04-20 20:24:21,SES00783472,SES00783472
1665,78,42,cart,2023-04-20 20:48:00,SES00783472,SES00783472
1666,78,168,view,2024-06-03 18:29:12,SES00786352,SES00786352
1667,78,195,view,2024-06-03 18:29:50,SES00786352,SES00786352
1668,78,161,view,2024-06-03 18:50:12,SES00786352,SES00786352
1669,78,137,view,2024-06-03 19:07:09,SES00786352,SES00786352
1670,78,21,view,2024-06-03 19:11:52,SES00786352,SES00786352
1671,78,192,view,2024-06-03 19:34:55,SES00786352,SES00786352
1672,78,178,view,2024-06-03 19:51:08,SES00786352,SES00786352
1673,79,119,view,2023-03-03 01:16:42,SES00798832,SES00798832
1674,79,112,view,2023-03-03 01:42:28,SES00798832,SES00798832
1675,79,183,view,2023-03-03 02:10:39,SES00798832,SES00798832
1676,79,197,view,2023-03-03 02:39:46,SES00798832,SES00798832
1677,79,192,view,2023-03-03 03:01:40,SES00798832,SES00798832
1678,79,57,view,2023-03-03 03:04:20,SES00798832,SES00798832
1679,79,198,view,2023-03-03 03:09:00,SES00798832,SES00798832
1680,79,183,cart,2023-03-03 03:38:38,SES00798832,SES00798832
1681,79,197,cart,2023-03-03 03:56:22,SES00798832,SES00798832
1682,79,175,view,2023-07-21 20:40:45,SES00792991,SES00792991
1683,79,37,view,2023-07-21 20:48:22,SES00792991,SES00792991
1684,79,92,view,2023-07-21 21:03:52,SES00792991,SES00792991
1685,79,164,view,2023-07-21 21:13:46,SES00792991,SES00792991
1686,79,150,view,2023-07-21 21:32:46,SES00792991,SES00792991
1687,79,96,view,2023-07-21 21:50:45,SES00792991,SES00792991
1688,79,37,cart,2023-07-21 22:03:31,SES00792991,SES00792991
1689,79,164,cart,2023-07-21 22:16:31,SES00792991,SES00792991
1690,79,171,view,2023-12-26 17:09:56,SES00793943,SES00793943
1691,79,185,view,2023-12-26 17:35:49,SES00793943,SES00793943
1692,79,42,view,2023-12-26 18:03:56,SES00793943,SES00793943
1693,79,183,view,2023-12-26 18:13:44,SES00793943,SES00793943
1694,79,56,view,2023-12-26 18:41:00,SES00793943,SES00793943
1695,79,129,view,2023-12-26 18:53:48,SES00793943,SES00793943
1696,79,134,view,2023-12-26 19:01:57,SES00793943,SES00793943
1697,79,136,view,2023-12-26 19:11:25,SES00793943,SES00793943
1698,79,74,view,2023-12-26 19:27:18,SES00793943,SES00793943
1699,79,171,cart,2023-12-26 19:50:15,SES00793943,SES00793943
1700,79,134,cart,2023-12-26 19:56:14,SES00793943,SES00793943
1701,79,74,cart,2023-12-26 20:13:44,SES00793943,SES00793943
1702,79,176,view,2023-04-11 17:31:30,SES00797980,SES00797980
1703,79,74,view,2023-04-11 17:55:04,SES00797980,SES00797980
1704,79,77,view,2023-04-11 17:57:19,SES00797980,SES00797980
1705,79,146,view,2023-04-11 18:16:44,SES00797980,SES00797980
1706,80,193,view,2023-12-23 04:01:45,SES00803813,SES00803813
1707,80,193,view,2023-12-23 04:23:39,SES00803813,SES00803813
1708,80,107,view,2023-12-23 04:30:37,SES00803813,SES00803813
1709,80,30,view,2023-12-23 04:36:48,SES00803813,SES00803813
1710,80,43,view,2023-12-23 04:52:22,SES00803813,SES00803813
1711,80,157,view,2023-12-23 04:55:06,SES00803813,SES00803813
1712,80,89,view,2023-12-23 05:19:06,SES00803813,SES00803813
1713,80,157,cart,2023-12-23 05:24:51,SES00803813,SES00803813
1714,81,60,view,2024-12-25 11:04:36,SES00816881,SES00816881
1715,81,102,view,2024-12-25 11:11:34,SES00816881,SES00816881
1716,81,149,view,2024-12-25 11:23:40,SES00816881,SES00816881
1717,81,19,view,2024-12-25 11:51:23,SES00816881,SES00816881
1718,81,110,view,2024-12-25 11:52:20,SES00816881,SES00816881
1719,81,49,view,2024-03-18 09:46:54,SES00812705,SES00812705
1720,81,10,view,2024-03-18 09:54:49,SES00812705,SES00812705
1721,81,5,view,2024-03-18 10:17:16,SES00812705,SES00812705
1722,81,13,view,2024-03-18 10:32:48,SES00812705,SES00812705
1723,81,90,view,2024-03-18 10:37:42,SES00812705,SES00812705
1724,81,90,cart,2024-03-18 11:06:39,SES00812705,SES00812705
1725,82,21,view,2024-01-22 22:33:33,SES00822812,SES00822812
1726,82,139,view,2024-01-22 22:50:09,SES00822812,SES00822812
1727,82,53,view,2024-01-22 22:55:09,SES00822812,SES00822812
1728,82,96,view,2024-01-22 22:55:50,SES00822812,SES00822812
1729,82,80,view,2024-01-22 23:00:22,SES00822812,SES00822812
1730,82,187,view,2024-01-22 23:02:51,SES00822812,SES00822812
1731,82,21,cart,2024-01-22 23:16:39,SES00822812,SES00822812
1732,82,139,cart,2024-01-22 23:29:43,SES00822812,SES00822812
1733,82,96,cart,2024-01-22 23:38:51,SES00822812,SES00822812
1734,82,80,view,2024-08-03 05:39:46,SES00824429,SES00824429
1735,82,22,view,2024-08-03 06:00:36,SES00824429,SES00824429
1736,82,153,view,2024-08-03 06:23:48,SES00824429,SES00824429
1737,82,6,view,2024-08-03 06:45:16,SES00824429,SES00824429
1738,82,83,view,2024-08-03 06:49:40,SES00824429,SES00824429
1739,82,21,view,2024-08-03 07:16:03,SES00824429,SES00824429
1740,82,116,view,2024-08-03 07:22:46,SES00824429,SES00824429
1741,82,135,view,2024-08-03 07:24:46,SES00824429,SES00824429
1742,82,80,cart,2024-08-03 07:31:32,SES00824429,SES00824429
1743,82,153,cart,2024-08-03 07:35:27,SES00824429,SES00824429
1744,82,83,cart,2024-08-03 07:40:46,SES00824429,SES00824429
1745,82,116,cart,2024-08-03 07:43:51,SES00824429,SES00824429
1746,83,164,view,2024-12-26 06:36:07,SES00834235,SES00834235
1747,83,34,view,2024-12-26 07:03:10,SES00834235,SES00834235
1748,83,193,view,2024-12-26 07:16:18,SES00834235,SES00834235
1749,83,10,view,2024-12-26 07:28:14,SES00834235,SES00834235
1750,83,134,view,2024-12-26 07:45:14,SES00834235,SES00834235
1751,83,180,view,2024-12-26 08:07:13,SES00834235,SES00834235
1752,83,153,view,2024-12-26 08:16:48,SES00834235,SES00834235
1753,83,51,view,2024-12-26 08:24:42,SES00834235,SES00834235
1754,83,94,view,2024-12-26 08:50:32,SES00834235,SES00834235
1755,83,164,cart,2024-12-26 08:58:37,SES00834235,SES00834235
1756,83,34,cart,2024-12-26 09:04:15,SES00834235,SES00834235
1757,83,180,cart,2024-12-26 09:17:38,SES00834235,SES00834235
1758,83,51,cart,2024-12-26 09:27:51,SES00834235,SES00834235
1759,83,116,view,2024-07-05 18:26:53,SES00832556,SES00832556
1760,83,130,view,2024-07-05 18:51:32,SES00832556,SES00832556
1761,83,69,view,2024-07-05 19:11:22,SES00832556,SES00832556
1762,83,31,view,2024-07-05 19:40:19,SES00832556,SES00832556
1763,83,3,view,2024-07-05 19:52:54,SES00832556,SES00832556
1764,83,130,cart,2024-07-05 20:10:21,SES00832556,SES00832556
1765,83,31,cart,2024-07-05 20:13:47,SES00832556,SES00832556
1766,83,74,view,2023-10-05 21:50:35,SES00833618,SES00833618
1767,83,176,view,2023-10-05 22:04:35,SES00833618,SES00833618
1768,83,45,view,2023-10-05 22:18:16,SES00833618,SES00833618
1769,83,176,cart,2023-10-05 22:27:49,SES00833618,SES00833618
1770,83,45,cart,2023-10-05 22:40:35,SES00833618,SES00833618
1771,84,14,view,2024-03-24 21:12:38,SES00847628,SES00847628
1772,84,26,view,2024-03-24 21:18:34,SES00847628,SES00847628
1773,84,29,view,2024-03-24 21:32:15,SES00847628,SES00847628
1774,84,75,view,2024-03-24 21:48:50,SES00847628,SES00847628
1775,84,38,view,2024-03-24 22:05:15,SES00847628,SES00847628
1776,84,74,view,2024-03-24 22:17:40,SES00847628,SES00847628
1777,84,115,view,2024-03-24 22:24:46,SES00847628,SES00847628
1778,84,96,view,2024-03-24 22:54:16,SES00847628,SES00847628
1779,84,29,cart,2024-03-24 23:03:00,SES00847628,SES00847628
1780,84,43,view,2024-03-03 09:52:57,SES00848715,SES00848715
1781,84,198,view,2024-03-03 10:13:53,SES00848715,SES00848715
1782,84,51,view,2024-03-03 10:23:10,SES00848715,SES00848715
1783,84,193,view,2024-03-03 10:45:15,SES00848715,SES00848715
1784,84,75,view,2024-03-03 11:03:23,SES00848715,SES00848715
1785,84,6,view,2023-03-26 14:37:51,SES00842446,SES00842446
1786,84,71,view,2023-03-26 14:48:00,SES00842446,SES00842446
1787,84,76,view,2023-03-26 15:14:07,SES00842446,SES00842446
1788,84,91,view,2023-03-26 15:17:47,SES00842446,SES00842446
1789,84,34,view,2023-03-26 15:47:42,SES00842446,SES00842446
1790,84,180,view,2023-03-26 15:48:19,SES00842446,SES00842446
1791,84,87,view,2023-12-06 03:49:13,SES00842786,SES00842786
1792,84,118,view,2023-12-06 04:03:17,SES00842786,SES00842786
1793,84,166,view,2023-12-06 04:23:54,SES00842786,SES00842786
1794,84,18,view,2023-12-06 04:26:34,SES00842786,SES00842786
1795,84,186,view,2023-12-06 04:46:55,SES00842786,SES00842786
1796,84,45,view,2023-12-06 05:06:12,SES00842786,SES00842786
1797,84,166,cart,2023-12-06 05:32:55,SES00842786,SES00842786
1798,85,139,view,2024-11-19 19:08:29,SES00855037,SES00855037
1799,85,189,view,2024-11-19 19:35:54,SES00855037,SES00855037
1800,85,150,view,2024-11-19 20:01:40,SES00855037,SES00855037
1801,85,189,view,2024-11-19 20:08:45,SES00855037,SES00855037
1802,86,166,view,2024-05-17 20:06:34,SES00869410,SES00869410
1803,86,195,view,2024-05-17 20:26:07,SES00869410,SES00869410
1804,86,107,view,2024-05-17 20:40:33,SES00869410,SES00869410
1805,86,151,view,2024-05-17 20:55:45,SES00869410,SES00869410
1806,86,16,view,2024-05-17 21:04:43,SES00869410,SES00869410
1807,86,185,view,2024-05-17 21:22:26,SES00869410,SES00869410
1808,86,126,view,2024-05-17 21:41:01,SES00869410,SES00869410
1809,86,126,cart,2024-05-17 22:04:38,SES00869410,SES00869410
1810,86,161,view,2023-03-15 12:37:57,SES00865540,SES00865540
1811,86,34,view,2023-03-15 12:45:22,SES00865540,SES00865540
1812,86,141,view,2023-03-15 13:08:34,SES00865540,SES00865540
1813,86,189,view,2023-03-15 13:33:35,SES00865540,SES00865540
1814,86,67,view,2023-03-15 14:03:23,SES00865540,SES00865540
1815,86,189,cart,2023-03-15 14:07:12,SES00865540,SES00865540
1816,87,83,view,2023-04-15 19:45:50,SES00879449,SES00879449
1817,87,178,view,2023-04-15 19:57:33,SES00879449,SES00879449
1818,87,102,view,2023-04-15 20:13:37,SES00879449,SES00879449
1819,87,164,view,2023-04-15 20:43:30,SES00879449,SES00879449
1820,87,188,view,2023-04-15 20:50:31,SES00879449,SES00879449
1821,87,113,view,2023-04-15 21:00:08,SES00879449,SES00879449
1822,87,92,view,2023-04-15 21:01:52,SES00879449,SES00879449
1823,87,197,view,2023-04-15 21:27:12,SES00879449,SES00879449
1824,87,124,view,2023-04-15 21:48:11,SES00879449,SES00879449
1825,87,129,view,2023-09-16 16:34:13,SES00876182,SES00876182
1826,87,36,view,2023-09-16 16:44:48,SES00876182,SES00876182
1827,87,45,view,2023-09-16 17:13:27,SES00876182,SES00876182
1828,87,154,view,2023-09-16 17:23:51,SES00876182,SES00876182
1829,87,74,view,2023-09-16 17:46:58,SES00876182,SES00876182
1830,87,5,view,2023-09-16 18:08:58,SES00876182,SES00876182
1831,87,185,view,2023-09-16 18:16:09,SES00876182,SES00876182
1832,87,91,view,2023-09-16 18:39:15,SES00876182,SES00876182
1833,87,131,view,2023-09-16 19:08:08,SES00876182,SES00876182
1834,87,45,cart,2023-09-16 19:36:04,SES00876182,SES00876182
1835,87,91,cart,2023-09-16 19:39:22,SES00876182,SES00876182
1836,88,68,view,2023-03-08 08:30:31,SES00884086,SES00884086
1837,88,168,view,2023-03-08 08:38:15,SES00884086,SES00884086
1838,88,75,view,2023-03-08 08:49:21,SES00884086,SES00884086
1839,88,11,view,2023-03-08 09:00:46,SES00884086,SES00884086
1840,88,168,cart,2023-03-08 09:21:48,SES00884086,SES00884086
1841,88,11,cart,2023-03-08 09:29:33,SES00884086,SES00884086
1842,89,169,view,2024-06-09 11:36:17,SES00894187,SES00894187
1843,89,28,view,2024-06-09 11:59:58,SES00894187,SES00894187
1844,89,38,view,2024-06-09 12:25:21,SES00894187,SES00894187
1845,89,124,view,2024-06-09 12:35:30,SES00894187,SES00894187
1846,89,57,view,2024-06-09 12:48:58,SES00894187,SES00894187
1847,89,144,view,2024-06-09 13:01:29,SES00894187,SES00894187
1848,89,22,view,2024-06-09 13:28:43,SES00894187,SES00894187
1849,89,139,view,2024-06-09 13:34:17,SES00894187,SES00894187
1850,89,110,view,2024-06-09 13:39:17,SES00894187,SES00894187
1851,89,158,view,2024-06-09 14:08:39,SES00894187,SES00894187
1852,89,124,cart,2024-06-09 14:28:20,SES00894187,SES00894187
1853,89,22,cart,2024-06-09 14:43:03,SES00894187,SES00894187
1854,89,139,cart,2024-06-09 14:49:34,SES00894187,SES00894187
1855,89,110,cart,2024-06-09 14:55:57,SES00894187,SES00894187
1856,90,188,view,2024-10-01 15:31:31,SES00904477,SES00904477
1857,90,51,view,2024-10-01 15:33:55,SES00904477,SES00904477
1858,90,141,view,2024-10-01 15:54:28,SES00904477,SES00904477
1859,90,112,view,2024-10-01 16:07:09,SES00904477,SES00904477
1860,90,178,view,2024-10-01 16:08:37,SES00904477,SES00904477
1861,90,45,view,2024-10-01 16:14:27,SES00904477,SES00904477
1862,90,156,view,2024-10-01 16:36:51,SES00904477,SES00904477
1863,90,192,view,2023-03-05 01:36:28,SES00901284,SES00901284
1864,90,146,view,2023-03-05 02:04:02,SES00901284,SES00901284
1865,90,91,view,2023-03-05 02:06:37,SES00901284,SES00901284
1866,90,104,view,2023-03-05 02:17:14,SES00901284,SES00901284
1867,90,134,view,2023-03-05 02:21:00,SES00901284,SES00901284
1868,90,96,view,2023-03-05 02:22:44,SES00901284,SES00901284
1869,90,190,view,2023-03-05 02:29:26,SES00901284,SES00901284
1870,90,106,view,2023-03-05 02:54:58,SES00901284,SES00901284
1871,90,159,view,2023-10-19 23:40:54,SES00904172,SES00904172
1872,90,38,view,2023-10-19 23:59:24,SES00904172,SES00904172
1873,90,187,view,2023-10-20 00:03:19,SES00904172,SES00904172
1874,90,168,view,2023-10-20 00:28:54,SES00904172,SES00904172
1875,90,38,cart,2023-10-20 00:36:06,SES00904172,SES00904172
1876,90,168,cart,2023-10-20 00:37:40,SES00904172,SES00904172
1877,90,167,view,2024-07-15 23:17:11,SES00903380,SES00903380
1878,90,74,view,2024-07-15 23:29:33,SES00903380,SES00903380
1879,90,136,view,2024-07-15 23:34:34,SES00903380,SES00903380
1880,90,74,view,2024-07-15 23:55:33,SES00903380,SES00903380
1881,90,158,view,2024-07-16 00:11:24,SES00903380,SES00903380
1882,90,119,view,2024-07-16 00:32:23,SES00903380,SES00903380
1883,90,100,view,2024-07-16 00:54:49,SES00903380,SES00903380
1884,90,40,view,2024-07-16 01:23:38,SES00903380,SES00903380
1885,90,124,view,2024-07-16 01:53:05,SES00903380,SES00903380
1886,90,35,view,2024-07-16 01:58:36,SES00903380,SES00903380
1887,90,136,cart,2024-07-16 02:27:54,SES00903380,SES00903380
1888,90,100,cart,2024-07-16 02:38:23,SES00903380,SES00903380
1889,90,35,cart,2024-07-16 02:53:13,SES00903380,SES00903380
1890,91,51,view,2024-06-27 10:11:23,SES00915346,SES00915346
1891,91,124,view,2024-06-27 10:24:13,SES00915346,SES00915346
1892,91,150,view,2024-06-27 10:38:54,SES00915346,SES00915346
1893,91,108,view,2024-06-27 10:52:58,SES00915346,SES00915346
1894,91,124,view,2024-06-27 11:19:04,SES00915346,SES00915346
1895,91,120,view,2024-06-27 11:48:53,SES00915346,SES00915346
1896,91,5,view,2024-06-27 11:52:02,SES00915346,SES00915346
1897,91,2,view,2024-06-27 12:19:14,SES00915346,SES00915346
1898,91,151,view,2024-06-27 12:34:57,SES00915346,SES00915346
1899,91,134,view,2024-06-27 12:53:23,SES00915346,SES00915346
1900,91,51,cart,2024-06-27 13:22:01,SES00915346,SES00915346
1901,91,108,cart,2024-06-27 13:33:49,SES00915346,SES00915346
1902,91,134,cart,2024-06-27 13:40:59,SES00915346,SES00915346
1903,91,11,view,2023-01-28 15:04:41,SES00911439,SES00911439
1904,91,87,view,2023-01-28 15:14:16,SES00911439,SES00911439
1905,91,155,view,2023-01-28 15:28:44,SES00911439,SES00911439
1906,91,122,view,2023-01-28 15:54:55,SES00911439,SES00911439
1907,91,5,view,2023-01-28 16:20:09,SES00911439,SES00911439
1908,91,47,view,2023-01-28 16:39:27,SES00911439,SES00911439
1909,91,150,view,2023-01-28 16:44:18,SES00911439,SES00911439
1910,91,194,view,2023-01-28 17:02:01,SES00911439,SES00911439
1911,91,91,view,2023-01-28 17:08:14,SES00911439,SES00911439
1912,91,11,cart,2023-01-28 17:12:27,SES00911439,SES00911439
1913,91,155,cart,2023-01-28 17:26:50,SES00911439,SES00911439
1914,91,194,cart,2023-01-28 17:28:55,SES00911439,SES00911439
1915,91,150,view,2024-08-01 22:07:30,SES00915287,SES00915287
1916,91,167,view,2024-08-01 22:22:23,SES00915287,SES00915287
1917,91,150,view,2024-08-01 22:49:23,SES00915287,SES00915287
1918,91,150,cart,2024-08-01 23:00:47,SES00915287,SES00915287
1919,91,150,cart,2024-08-01 23:17:54,SES00915287,SES00915287
1920,91,158,view,2023-02-08 13:35:37,SES00915673,SES00915673
1921,91,131,view,2023-02-08 13:38:11,SES00915673,SES00915673
1922,91,102,view,2023-02-08 13:39:49,SES00915673,SES00915673
1923,91,37,view,2023-02-08 14:04:47,SES00915673,SES00915673
1924,91,185,view,2023-02-08 14:32:35,SES00915673,SES00915673
1925,91,91,view,2023-02-08 14:34:41,SES00915673,SES00915673
1926,91,145,view,2023-02-08 14:49:04,SES00915673,SES00915673
1927,91,75,view,2023-02-08 15:13:39,SES00915673,SES00915673
1928,91,131,cart,2023-02-08 15:28:50,SES00915673,SES00915673
1929,91,102,cart,2023-02-08 15:42:42,SES00915673,SES00915673
1930,91,185,cart,2023-02-08 15:54:13,SES00915673,SES00915673
1931,91,75,cart,2023-02-08 16:07:03,SES00915673,SES00915673
1932,92,64,view,2023-01-20 15:23:57,SES00922341,SES00922341
1933,92,105,view,2023-01-20 15:37:49,SES00922341,SES00922341
1934,92,150,view,2023-01-20 15:47:30,SES00922341,SES00922341
1935,92,144,view,2023-01-20 16:12:33,SES00922341,SES00922341
1936,92,189,view,2023-01-20 16:18:03,SES00922341,SES00922341
1937,92,141,view,2023-01-20 16:23:06,SES00922341,SES00922341
1938,92,180,view,2023-01-20 16:43:12,SES00922341,SES00922341
1939,92,95,view,2023-01-20 17:03:48,SES00922341,SES00922341
1940,92,131,view,2023-01-20 17:26:51,SES00922341,SES00922341
1941,92,162,view,2023-01-20 17:35:02,SES00922341,SES00922341
1942,92,64,cart,2023-01-20 17:54:42,SES00922341,SES00922341
1943,92,105,cart,2023-01-20 18:10:58,SES00922341,SES00922341
1944,92,150,cart,2023-01-20 18:28:53,SES00922341,SES00922341
1945,92,180,cart,2023-01-20 18:33:38,SES00922341,SES00922341
1946,93,87,view,2024-11-24 18:49:50,SES00938276,SES00938276
1947,93,29,view,2024-11-24 18:59:17,SES00938276,SES00938276
1948,93,146,view,2024-11-24 19:19:12,SES00938276,SES00938276
1949,93,86,view,2024-11-24 19:43:19,SES00938276,SES00938276
1950,93,186,view,2024-11-24 19:59:14,SES00938276,SES00938276
1951,93,176,view,2024-11-24 20:17:56,SES00938276,SES00938276
1952,93,74,view,2024-11-24 20:30:02,SES00938276,SES00938276
1953,93,113,view,2024-11-24 20:45:36,SES00938276,SES00938276
1954,93,21,view,2024-11-24 20:54:17,SES00938276,SES00938276
1955,93,169,view,2024-11-24 21:12:10,SES00938276,SES00938276
1956,93,87,cart,2024-11-24 21:13:48,SES00938276,SES00938276
1957,93,186,cart,2024-11-24 21:25:08,SES00938276,SES00938276
1958,93,21,cart,2024-11-24 21:35:27,SES00938276,SES00938276
1959,93,169,cart,2024-11-24 21:39:41,SES00938276,SES00938276
1960,93,21,view,2024-04-24 18:06:06,SES00934989,SES00934989
1961,93,193,view,2024-04-24 18:30:14,SES00934989,SES00934989
1962,93,185,view,2024-04-24 18:56:10,SES00934989,SES00934989
1963,93,117,view,2024-04-24 19:25:03,SES00934989,SES00934989
1964,94,30,view,2023-11-08 11:52:36,SES00944643,SES00944643
1965,94,144,view,2023-11-08 12:19:00,SES00944643,SES00944643
1966,94,17,view,2023-11-08 12:20:46,SES00944643,SES00944643
1967,94,143,view,2023-11-08 12:25:57,SES00944643,SES00944643
1968,94,156,view,2023-11-08 12:45:52,SES00944643,SES00944643
1969,94,46,view,2023-11-08 12:58:46,SES00944643,SES00944643
1970,94,64,view,2023-11-08 13:03:55,SES00944643,SES00944643
1971,94,189,view,2023-11-08 13:22:38,SES00944643,SES00944643
1972,94,119,view,2023-11-08 13:51:07,SES00944643,SES00944643
1973,94,30,cart,2023-11-08 14:11:12,SES00944643,SES00944643
1974,94,156,cart,2023-11-08 14:21:20,SES00944643,SES00944643
1975,94,100,view,2024-12-16 21:16:38,SES00943308,SES00943308
1976,94,87,view,2024-12-16 21:33:20,SES00943308,SES00943308
1977,94,69,view,2024-12-16 21:41:20,SES00943308,SES00943308
1978,94,129,view,2024-12-16 21:55:53,SES00943308,SES00943308
1979,94,189,view,2024-12-16 22:19:50,SES00943308,SES00943308
1980,94,193,view,2024-12-16 22:25:44,SES00943308,SES00943308
1981,94,111,view,2024-12-16 22:34:03,SES00943308,SES00943308
1982,94,100,cart,2024-12-16 22:36:57,SES00943308,SES00943308
1983,94,69,cart,2024-12-16 22:44:56,SES00943308,SES00943308
1984,94,129,cart,2024-12-16 23:00:34,SES00943308,SES00943308
1985,94,75,view,2024-07-19 17:33:29,SES00949248,SES00949248
1986,94,65,view,2024-07-19 17:38:05,SES00949248,SES00949248
1987,94,116,view,2024-07-19 18:06:11,SES00949248,SES00949248
1988,94,181,view,2024-07-19 18:35:56,SES00949248,SES00949248
1989,94,164,view,2024-07-19 19:05:27,SES00949248,SES00949248
1990,94,194,view,2024-07-19 19:18:17,SES00949248,SES00949248
1991,94,55,view,2024-07-19 19:45:03,SES00949248,SES00949248
1992,94,2,view,2024-07-19 19:45:45,SES00949248,SES00949248
1993,94,186,view,2024-07-19 19:56:00,SES00949248,SES00949248
1994,94,189,view,2024-07-19 20:14:18,SES00949248,SES00949248
1995,94,116,cart,2024-07-19 20:20:15,SES00949248,SES00949248
1996,94,164,cart,2024-07-19 20:35:30,SES00949248,SES00949248
1997,94,55,cart,2024-07-19 20:45:17,SES00949248,SES00949248
1998,94,186,cart,2024-07-19 20:59:35,SES00949248,SES00949248
1999,95,197,view,2024-10-14 03:58:56,SES00957912,SES00957912
2000,95,91,view,2024-10-14 04:03:25,SES00957912,SES00957912
2001,95,171,view,2024-10-14 04:31:07,SES00957912,SES00957912
2002,95,34,view,2024-10-14 04:57:13,SES00957912,SES00957912
2003,95,153,view,2024-07-08 03:24:02,SES00955134,SES00955134
2004,95,102,view,2024-07-08 03:49:14,SES00955134,SES00955134
2005,95,188,view,2024-07-08 04:18:04,SES00955134,SES00955134
2006,95,56,view,2024-07-08 04:23:51,SES00955134,SES00955134
2007,95,17,view,2024-07-08 04:50:28,SES00955134,SES00955134
2008,95,17,cart,2024-07-08 05:10:11,SES00955134,SES00955134
2009,96,49,view,2023-03-26 03:08:40,SES00967854,SES00967854
2010,96,151,view,2023-03-26 03:25:39,SES00967854,SES00967854
2011,96,112,view,2023-03-26 03:40:36,SES00967854,SES00967854
2012,96,176,view,2023-03-26 04:03:30,SES00967854,SES00967854
2013,96,151,cart,2023-03-26 04:05:30,SES00967854,SES00967854
2014,96,176,cart,2023-03-26 04:16:56,SES00967854,SES00967854
2015,96,21,view,2023-05-12 13:20:45,SES00969414,SES00969414
2016,96,189,view,2023-05-12 13:48:55,SES00969414,SES00969414
2017,96,39,view,2023-05-12 14:16:25,SES00969414,SES00969414
2018,96,178,view,2023-05-12 14:32:24,SES00969414,SES00969414
2019,96,148,view,2023-05-12 14:48:53,SES00969414,SES00969414
2020,96,42,view,2023-05-12 15:02:13,SES00969414,SES00969414
2021,96,34,view,2023-05-12 15:04:02,SES00969414,SES00969414
2022,96,34,cart,2023-05-12 15:31:50,SES00969414,SES00969414
2023,96,56,view,2024-12-15 01:21:09,SES00963561,SES00963561
2024,96,145,view,2024-12-15 01:26:40,SES00963561,SES00963561
2025,96,176,view,2024-12-15 01:45:24,SES00963561,SES00963561
2026,96,145,cart,2024-12-15 02:02:20,SES00963561,SES00963561
2027,97,197,view,2023-12-28 13:24:33,SES00973610,SES00973610
2028,97,33,view,2023-12-28 13:35:05,SES00973610,SES00973610
2029,97,99,view,2023-12-28 13:49:32,SES00973610,SES00973610
2030,97,180,view,2023-12-28 14:05:41,SES00973610,SES00973610
2031,97,110,view,2023-12-28 14:28:00,SES00973610,SES00973610
2032,97,87,view,2023-12-28 14:57:28,SES00973610,SES00973610
2033,97,96,view,2023-12-28 15:19:18,SES00973610,SES00973610
2034,97,122,view,2023-12-28 15:24:18,SES00973610,SES00973610
2035,97,144,view,2023-12-28 15:39:46,SES00973610,SES00973610
2036,97,33,cart,2023-12-28 16:07:12,SES00973610,SES00973610
2037,97,99,cart,2023-12-28 16:12:26,SES00973610,SES00973610
2038,97,87,cart,2023-12-28 16:24:03,SES00973610,SES00973610
2039,97,96,cart,2023-12-28 16:38:48,SES00973610,SES00973610
2040,97,178,view,2024-07-14 05:12:41,SES00977033,SES00977033
2041,97,177,view,2024-07-14 05:14:55,SES00977033,SES00977033
2042,97,102,view,2024-07-14 05:25:14,SES00977033,SES00977033
2043,97,141,view,2024-07-14 05:35:49,SES00977033,SES00977033
2044,97,164,view,2024-07-14 05:46:54,SES00977033,SES00977033
2045,97,178,cart,2024-07-14 06:04:40,SES00977033,SES00977033
2046,97,141,cart,2024-07-14 06:19:38,SES00977033,SES00977033
2047,98,13,view,2023-12-10 22:10:50,SES00988342,SES00988342
2048,98,158,view,2023-12-10 22:34:39,SES00988342,SES00988342
2049,98,37,view,2023-12-10 22:55:21,SES00988342,SES00988342
2050,98,77,view,2023-12-10 23:24:48,SES00988342,SES00988342
2051,98,68,view,2023-12-10 23:48:47,SES00988342,SES00988342
2052,98,91,view,2023-12-11 00:15:38,SES00988342,SES00988342
2053,98,133,view,2023-12-11 00:45:08,SES00988342,SES00988342
2054,98,13,cart,2023-12-11 01:04:49,SES00988342,SES00988342
2055,98,158,cart,2023-12-11 01:12:45,SES00988342,SES00988342
2056,98,91,cart,2023-12-11 01:27:00,SES00988342,SES00988342
2057,98,69,view,2024-04-27 10:24:38,SES00988540,SES00988540
2058,98,194,view,2024-04-27 10:52:29,SES00988540,SES00988540
2059,98,116,view,2024-04-27 11:00:52,SES00988540,SES00988540
2060,98,194,cart,2024-04-27 11:21:12,SES00988540,SES00988540
2061,98,116,cart,2024-04-27 11:24:54,SES00988540,SES00988540
2062,98,9,view,2024-04-12 17:29:58,SES00983671,SES00983671
2063,98,143,view,2024-04-12 17:35:15,SES00983671,SES00983671
2064,98,95,view,2024-04-12 17:43:56,SES00983671,SES00983671
2065,98,39,view,2024-04-12 17:58:53,SES00983671,SES00983671
2066,98,147,view,2024-04-12 18:00:11,SES00983671,SES00983671
2067,98,63,view,2024-04-12 18:17:06,SES00983671,SES00983671
2068,98,73,view,2024-04-12 18:27:12,SES00983671,SES00983671
2069,98,176,view,2024-04-12 18:29:33,SES00983671,SES00983671
2070,98,147,view,2024-04-12 18:33:56,SES00983671,SES00983671
2071,98,65,view,2024-04-12 18:55:39,SES00983671,SES00983671
2072,98,95,cart,2024-04-12 19:02:53,SES00983671,SES00983671
2073,98,39,cart,2024-04-12 19:09:40,SES00983671,SES00983671
2074,98,73,cart,2024-04-12 19:19:50,SES00983671,SES00983671
2075,98,147,cart,2024-04-12 19:21:22,SES00983671,SES00983671
2076,98,65,cart,2024-04-12 19:37:28,SES00983671,SES00983671
2077,99,104,view,2023-07-04 11:52:13,SES00991625,SES00991625
2078,99,176,view,2023-07-04 12:06:02,SES00991625,SES00991625
2079,99,46,view,2023-07-04 12:11:30,SES00991625,SES00991625
2080,99,91,view,2023-07-04 12:34:39,SES00991625,SES00991625
2081,99,7,view,2023-07-04 12:37:20,SES00991625,SES00991625
2082,99,139,view,2023-07-04 12:47:19,SES00991625,SES00991625
2083,100,183,view,2024-04-20 18:23:23,SES01009104,SES01009104
2084,100,74,view,2024-04-20 18:44:13,SES01009104,SES01009104
2085,100,141,view,2024-04-20 18:56:11,SES01009104,SES01009104
2086,100,191,view,2024-12-03 17:14:39,SES01006972,SES01006972
2087,100,150,view,2024-12-03 17:41:32,SES01006972,SES01006972
2088,100,34,view,2024-12-03 18:04:53,SES01006972,SES01006972
2089,100,178,view,2024-12-03 18:24:27,SES01006972,SES01006972
2090,100,183,view,2024-12-03 18:39:46,SES01006972,SES01006972
2091,100,35,view,2024-12-03 19:03:09,SES01006972,SES01006972
2092,100,189,view,2024-12-03 19:05:56,SES01006972,SES01006972
2093,100,191,view,2024-12-03 19:25:39,SES01006972,SES01006972
2094,100,191,cart,2024-12-03 19:29:04,SES01006972,SES01006972
2095,100,34,cart,2024-12-03 19:30:43,SES01006972,SES01006972
2096,100,178,cart,2024-12-03 19:34:53,SES01006972,SES01006972
2097,100,48,view,2024-07-25 19:56:16,SES01003220,SES01003220
2098,100,116,view,2024-07-25 19:59:33,SES01003220,SES01003220
2099,100,166,view,2024-07-25 20:05:06,SES01003220,SES01003220
2100,100,34,view,2024-07-25 20:34:52,SES01003220,SES01003220
2101,100,193,view,2024-07-25 21:01:17,SES01003220,SES01003220
2102,100,45,view,2024-07-25 21:10:17,SES01003220,SES01003220
2103,100,158,view,2024-07-25 21:32:33,SES01003220,SES01003220
2104,100,149,view,2024-07-25 21:38:14,SES01003220,SES01003220
2105,100,56,view,2024-07-25 21:44:43,SES01003220,SES01003220
2106,100,157,view,2024-07-25 22:08:02,SES01003220,SES01003220
2107,100,166,cart,2024-07-25 22:15:30,SES01003220,SES01003220
2108,100,34,cart,2024-07-25 22:18:58,SES01003220,SES01003220
2109,100,193,cart,2024-07-25 22:27:54,SES01003220,SES01003220
2110,101,185,view,2024-04-20 08:05:08,SES01011440,SES01011440
2111,101,74,view,2024-04-20 08:34:08,SES01011440,SES01011440
2112,101,91,view,2024-04-20 08:38:05,SES01011440,SES01011440
2113,101,21,view,2024-04-20 09:02:12,SES01011440,SES01011440
2114,101,184,view,2024-04-20 09:24:36,SES01011440,SES01011440
2115,101,21,view,2024-04-20 09:46:39,SES01011440,SES01011440
2116,101,21,cart,2024-04-20 09:54:06,SES01011440,SES01011440
2117,102,172,view,2024-06-03 05:31:15,SES01028564,SES01028564
2118,102,29,view,2024-06-03 05:37:50,SES01028564,SES01028564
2119,102,30,view,2024-06-03 05:40:53,SES01028564,SES01028564
2120,102,8,view,2024-06-03 05:48:04,SES01028564,SES01028564
2121,102,39,view,2024-06-03 05:51:23,SES01028564,SES01028564
2122,102,21,view,2024-06-03 06:09:23,SES01028564,SES01028564
2123,102,150,view,2024-06-03 06:18:58,SES01028564,SES01028564
2124,102,30,cart,2024-06-03 06:20:35,SES01028564,SES01028564
2125,102,21,cart,2024-06-03 06:28:21,SES01028564,SES01028564
2126,102,116,view,2023-03-22 18:55:37,SES01023585,SES01023585
2127,102,19,view,2023-03-22 19:05:39,SES01023585,SES01023585
2128,102,51,view,2023-03-22 19:34:36,SES01023585,SES01023585
2129,102,19,cart,2023-03-22 19:56:34,SES01023585,SES01023585
2130,103,21,view,2024-07-23 22:04:58,SES01037532,SES01037532
2131,103,178,view,2024-07-23 22:29:28,SES01037532,SES01037532
2132,103,51,view,2024-07-23 22:30:57,SES01037532,SES01037532
2133,103,124,view,2024-07-23 22:38:35,SES01037532,SES01037532
2134,103,126,view,2024-07-23 22:45:14,SES01037532,SES01037532
2135,103,135,view,2024-07-23 22:50:31,SES01037532,SES01037532
2136,103,183,view,2024-07-23 23:13:33,SES01037532,SES01037532
2137,103,168,view,2024-07-23 23:43:09,SES01037532,SES01037532
2138,103,110,view,2024-07-23 23:51:45,SES01037532,SES01037532
2139,103,12,view,2024-07-24 00:15:51,SES01037532,SES01037532
2140,103,51,cart,2024-07-24 00:33:52,SES01037532,SES01037532
2141,103,183,cart,2024-07-24 00:37:08,SES01037532,SES01037532
2142,103,30,view,2023-03-27 12:48:47,SES01038524,SES01038524
2143,103,8,view,2023-03-27 12:52:06,SES01038524,SES01038524
2144,103,45,view,2023-03-27 13:21:18,SES01038524,SES01038524
2145,103,113,view,2023-03-27 13:41:39,SES01038524,SES01038524
2146,103,141,view,2023-03-27 14:10:57,SES01038524,SES01038524
2147,103,158,view,2023-03-27 14:13:10,SES01038524,SES01038524
2148,103,113,cart,2023-03-27 14:36:25,SES01038524,SES01038524
2149,103,141,cart,2023-03-27 14:47:40,SES01038524,SES01038524
2150,103,131,view,2024-02-28 14:01:00,SES01034371,SES01034371
2151,103,65,view,2024-02-28 14:05:37,SES01034371,SES01034371
2152,103,186,view,2024-02-28 14:28:44,SES01034371,SES01034371
2153,103,178,view,2024-02-28 14:35:45,SES01034371,SES01034371
2154,103,194,view,2024-02-28 14:49:55,SES01034371,SES01034371
2155,103,89,view,2024-02-28 14:51:22,SES01034371,SES01034371
2156,103,133,view,2024-02-28 14:55:09,SES01034371,SES01034371
2157,103,178,view,2024-02-28 15:15:46,SES01034371,SES01034371
2158,103,131,cart,2024-02-28 15:31:45,SES01034371,SES01034371
2159,103,65,cart,2024-02-28 15:36:07,SES01034371,SES01034371
2160,103,194,cart,2024-02-28 15:40:28,SES01034371,SES01034371
2161,103,89,cart,2024-02-28 15:41:36,SES01034371,SES01034371
2162,103,178,cart,2024-02-28 15:55:17,SES01034371,SES01034371
2163,103,136,view,2024-11-10 22:34:44,SES01039757,SES01039757
2164,103,141,view,2024-11-10 22:49:49,SES01039757,SES01039757
2165,103,56,view,2024-11-10 22:54:36,SES01039757,SES01039757
2166,103,76,view,2024-11-10 23:20:13,SES01039757,SES01039757
2167,103,158,view,2024-11-10 23:30:22,SES01039757,SES01039757
2168,103,176,view,2024-11-10 23:46:54,SES01039757,SES01039757
2169,103,76,cart,2024-11-11 00:07:51,SES01039757,SES01039757
2170,104,96,view,2023-11-10 16:55:10,SES01047894,SES01047894
2171,104,122,view,2023-11-10 17:12:18,SES01047894,SES01047894
2172,104,185,view,2023-11-10 17:31:34,SES01047894,SES01047894
2173,104,124,view,2023-11-10 17:36:26,SES01047894,SES01047894
2174,104,112,view,2023-11-10 17:44:07,SES01047894,SES01047894
2175,104,89,view,2023-11-10 17:45:13,SES01047894,SES01047894
2176,104,96,cart,2023-11-10 17:53:24,SES01047894,SES01047894
2177,104,122,cart,2023-11-10 18:03:00,SES01047894,SES01047894
2178,105,53,view,2024-05-25 02:08:02,SES01052609,SES01052609
2179,105,104,view,2024-05-25 02:23:42,SES01052609,SES01052609
2180,105,77,view,2024-05-25 02:27:34,SES01052609,SES01052609
2181,105,40,view,2024-05-25 02:50:59,SES01052609,SES01052609
2182,105,99,view,2024-05-25 02:59:02,SES01052609,SES01052609
2183,105,90,view,2024-05-25 03:01:58,SES01052609,SES01052609
2184,105,31,view,2024-05-25 03:15:29,SES01052609,SES01052609
2185,105,81,view,2024-05-25 03:32:05,SES01052609,SES01052609
2186,105,70,view,2024-05-25 03:53:27,SES01052609,SES01052609
2187,105,77,cart,2024-05-25 04:14:58,SES01052609,SES01052609
2188,105,99,cart,2024-05-25 04:16:54,SES01052609,SES01052609
2189,105,87,view,2023-05-26 10:21:21,SES01053726,SES01053726
2190,105,79,view,2023-05-26 10:29:27,SES01053726,SES01053726
2191,105,61,view,2023-05-26 10:55:01,SES01053726,SES01053726
2192,105,160,view,2023-05-26 11:18:31,SES01053726,SES01053726
2193,105,113,view,2023-05-26 11:43:59,SES01053726,SES01053726
2194,105,57,view,2023-05-26 11:51:23,SES01053726,SES01053726
2195,105,115,view,2023-05-26 12:05:17,SES01053726,SES01053726
2196,105,79,cart,2023-05-26 12:34:57,SES01053726,SES01053726
2197,105,22,view,2024-09-01 00:14:00,SES01056802,SES01056802
2198,105,193,view,2024-09-01 00:29:11,SES01056802,SES01056802
2199,105,141,view,2024-09-01 00:34:12,SES01056802,SES01056802
2200,105,34,view,2024-09-01 00:41:17,SES01056802,SES01056802
2201,105,141,cart,2024-09-01 00:57:15,SES01056802,SES01056802
2202,105,34,cart,2024-09-01 00:59:34,SES01056802,SES01056802
2203,106,191,view,2023-05-18 11:42:50,SES01064402,SES01064402
2204,106,74,view,2023-05-18 11:56:41,SES01064402,SES01064402
2205,106,148,view,2023-05-18 12:26:05,SES01064402,SES01064402
2206,106,191,cart,2023-05-18 12:43:54,SES01064402,SES01064402
2207,106,178,view,2023-01-03 06:26:51,SES01066909,SES01066909
2208,106,163,view,2023-01-03 06:33:00,SES01066909,SES01066909
2209,106,192,view,2023-01-03 06:55:31,SES01066909,SES01066909
2210,106,56,view,2023-01-03 07:10:03,SES01066909,SES01066909
2211,106,172,view,2023-01-03 07:24:16,SES01066909,SES01066909
2212,106,137,view,2023-01-03 07:25:19,SES01066909,SES01066909
2213,106,125,view,2023-01-03 07:38:16,SES01066909,SES01066909
2214,106,125,cart,2023-01-03 08:02:42,SES01066909,SES01066909
2215,106,175,view,2024-04-14 18:21:18,SES01065179,SES01065179
2216,106,197,view,2024-04-14 18:50:23,SES01065179,SES01065179
2217,106,162,view,2024-04-14 19:15:49,SES01065179,SES01065179
2218,106,109,view,2024-04-14 19:20:15,SES01065179,SES01065179
2219,106,150,view,2024-04-14 19:30:56,SES01065179,SES01065179
2220,106,197,cart,2024-04-14 19:46:15,SES01065179,SES01065179
2221,106,151,view,2024-09-07 08:19:29,SES01062095,SES01062095
2222,106,74,view,2024-09-07 08:26:47,SES01062095,SES01062095
2223,106,44,view,2024-09-07 08:32:09,SES01062095,SES01062095
2224,106,73,view,2024-09-07 08:40:56,SES01062095,SES01062095
2225,106,30,view,2024-09-07 09:03:04,SES01062095,SES01062095
2226,106,91,view,2024-09-07 09:21:29,SES01062095,SES01062095
2227,106,51,view,2024-09-07 09:43:12,SES01062095,SES01062095
2228,106,74,cart,2024-09-07 10:04:00,SES01062095,SES01062095
2229,106,44,cart,2024-09-07 10:16:59,SES01062095,SES01062095
2230,106,73,cart,2024-09-07 10:22:32,SES01062095,SES01062095
2231,106,51,cart,2024-09-07 10:34:33,SES01062095,SES01062095
2232,107,21,view,2024-01-28 18:19:35,SES01074922,SES01074922
2233,107,188,view,2024-01-28 18:29:23,SES01074922,SES01074922
2234,107,67,view,2024-01-28 18:40:18,SES01074922,SES01074922
2235,107,137,view,2024-01-28 18:45:18,SES01074922,SES01074922
2236,107,183,view,2024-01-28 19:15:12,SES01074922,SES01074922
2237,107,176,view,2024-01-28 19:39:43,SES01074922,SES01074922
2238,107,170,view,2024-01-28 19:56:15,SES01074922,SES01074922
2239,108,192,view,2023-02-14 10:24:17,SES01084409,SES01084409
2240,108,108,view,2023-02-14 10:38:39,SES01084409,SES01084409
2241,108,175,view,2023-02-14 10:40:22,SES01084409,SES01084409
2242,108,77,view,2023-02-14 11:07:08,SES01084409,SES01084409
2243,108,125,view,2023-02-14 11:30:58,SES01084409,SES01084409
2244,108,181,view,2023-02-14 11:39:44,SES01084409,SES01084409
2245,108,158,view,2023-02-14 12:07:44,SES01084409,SES01084409
2246,108,18,view,2023-02-14 12:35:51,SES01084409,SES01084409
2247,108,119,view,2023-02-14 12:50:48,SES01084409,SES01084409
2248,108,197,view,2023-02-14 13:08:21,SES01084409,SES01084409
2249,108,108,cart,2023-02-14 13:12:22,SES01084409,SES01084409
2250,108,77,cart,2023-02-14 13:26:09,SES01084409,SES01084409
2251,108,197,cart,2023-02-14 13:34:43,SES01084409,SES01084409
2252,109,195,view,2024-12-07 23:52:49,SES01095947,SES01095947
2253,109,44,view,2024-12-08 00:07:59,SES01095947,SES01095947
2254,109,113,view,2024-12-08 00:08:43,SES01095947,SES01095947
2255,109,156,view,2024-12-08 00:23:06,SES01095947,SES01095947
2256,109,111,view,2024-12-08 00:40:11,SES01095947,SES01095947
2257,109,68,view,2024-12-08 00:44:20,SES01095947,SES01095947
2258,109,146,view,2024-12-08 00:49:15,SES01095947,SES01095947
2259,109,195,view,2024-12-08 00:56:59,SES01095947,SES01095947
2260,109,195,cart,2024-12-08 01:07:25,SES01095947,SES01095947
2261,109,44,cart,2024-12-08 01:16:25,SES01095947,SES01095947
2262,109,146,cart,2024-12-08 01:33:55,SES01095947,SES01095947
2263,109,195,cart,2024-12-08 01:35:34,SES01095947,SES01095947
2264,109,120,purchase,2024-12-08 01:23:41,SES01095947,SES01095947
2265,109,175,view,2024-03-12 23:53:13,SES01091319,SES01091319
2266,109,141,view,2024-03-13 00:13:28,SES01091319,SES01091319
2267,109,82,view,2024-03-13 00:18:00,SES01091319,SES01091319
2268,109,18,view,2024-03-13 00:21:47,SES01091319,SES01091319
2269,109,72,view,2024-03-13 00:43:28,SES01091319,SES01091319
2270,109,164,view,2024-03-13 01:08:27,SES01091319,SES01091319
2271,109,164,cart,2024-03-13 01:14:36,SES01091319,SES01091319
2272,110,187,view,2023-07-17 20:32:48,SES01108985,SES01108985
2273,110,152,view,2023-07-17 20:34:25,SES01108985,SES01108985
2274,110,96,view,2023-07-17 21:03:22,SES01108985,SES01108985
2275,110,172,view,2023-07-17 21:30:08,SES01108985,SES01108985
2276,110,128,view,2023-07-17 21:37:38,SES01108985,SES01108985
2277,110,39,view,2023-07-17 21:53:04,SES01108985,SES01108985
2278,110,113,view,2023-07-17 22:11:07,SES01108985,SES01108985
2279,110,176,view,2023-07-17 22:31:30,SES01108985,SES01108985
2280,110,162,view,2023-07-17 22:52:25,SES01108985,SES01108985
2281,110,89,view,2024-11-11 14:08:27,SES01105407,SES01105407
2282,110,147,view,2024-11-11 14:34:18,SES01105407,SES01105407
2283,110,21,view,2024-11-11 14:58:37,SES01105407,SES01105407
2284,110,131,view,2024-11-11 15:04:54,SES01105407,SES01105407
2285,110,38,view,2024-11-11 15:15:19,SES01105407,SES01105407
2286,110,24,view,2024-11-11 15:19:49,SES01105407,SES01105407
2287,110,200,view,2024-11-11 15:24:48,SES01105407,SES01105407
2288,110,64,view,2024-11-11 15:30:52,SES01105407,SES01105407
2289,110,110,view,2024-11-11 16:00:08,SES01105407,SES01105407
2290,110,78,view,2024-11-11 16:12:24,SES01105407,SES01105407
2291,110,89,cart,2024-11-11 16:42:10,SES01105407,SES01105407
2292,110,147,cart,2024-11-11 16:42:56,SES01105407,SES01105407
2293,110,24,cart,2024-11-11 16:59:23,SES01105407,SES01105407
2294,110,200,cart,2024-11-11 17:13:11,SES01105407,SES01105407
2295,110,78,cart,2024-11-11 17:31:10,SES01105407,SES01105407
2296,111,36,view,2023-11-11 02:27:32,SES01111642,SES01111642
2297,111,36,view,2023-11-11 02:50:28,SES01111642,SES01111642
2298,111,106,view,2023-11-11 03:07:58,SES01111642,SES01111642
2299,111,161,view,2023-11-11 03:37:29,SES01111642,SES01111642
2300,111,84,view,2023-11-11 03:39:54,SES01111642,SES01111642
2301,111,32,view,2023-11-11 04:03:59,SES01111642,SES01111642
2302,111,153,view,2023-11-11 04:29:17,SES01111642,SES01111642
2303,111,47,view,2023-11-11 04:55:45,SES01111642,SES01111642
2304,111,161,cart,2023-11-11 05:08:06,SES01111642,SES01111642
2305,111,32,cart,2023-11-11 05:17:58,SES01111642,SES01111642
2306,111,47,cart,2023-11-11 05:24:45,SES01111642,SES01111642
2307,111,45,view,2023-04-26 07:31:43,SES01119513,SES01119513
2308,111,162,view,2023-04-26 07:53:24,SES01119513,SES01119513
2309,111,49,view,2023-04-26 08:18:15,SES01119513,SES01119513
2310,111,12,view,2023-04-26 08:40:24,SES01119513,SES01119513
2311,111,172,view,2023-04-26 09:02:00,SES01119513,SES01119513
2312,111,49,cart,2023-04-26 09:04:10,SES01119513,SES01119513
2313,111,12,cart,2023-04-26 09:05:22,SES01119513,SES01119513
2314,111,119,view,2023-04-08 06:43:07,SES01111182,SES01111182
2315,111,83,view,2023-04-08 07:09:54,SES01111182,SES01111182
2316,111,139,view,2023-04-08 07:28:54,SES01111182,SES01111182
2317,111,195,view,2023-04-08 07:29:52,SES01111182,SES01111182
2318,111,33,view,2023-04-08 07:44:08,SES01111182,SES01111182
2319,111,141,view,2023-04-08 07:57:40,SES01111182,SES01111182
2320,112,72,view,2024-07-10 11:54:45,SES01127318,SES01127318
2321,112,158,view,2024-07-10 12:15:00,SES01127318,SES01127318
2322,112,150,view,2024-07-10 12:28:24,SES01127318,SES01127318
2323,112,23,view,2024-07-10 12:29:53,SES01127318,SES01127318
2324,112,112,view,2024-07-10 12:36:33,SES01127318,SES01127318
2325,112,151,view,2024-07-10 12:41:25,SES01127318,SES01127318
2326,112,168,view,2024-07-10 13:06:15,SES01127318,SES01127318
2327,112,106,view,2024-07-10 13:12:40,SES01127318,SES01127318
2328,112,112,cart,2024-07-10 13:41:47,SES01127318,SES01127318
2329,112,147,view,2024-03-20 19:29:58,SES01121622,SES01121622
2330,112,21,view,2024-03-20 19:52:50,SES01121622,SES01121622
2331,112,85,view,2024-03-20 20:17:40,SES01121622,SES01121622
2332,112,55,view,2024-03-20 20:30:38,SES01121622,SES01121622
2333,112,23,view,2024-03-20 20:41:23,SES01121622,SES01121622
2334,112,115,view,2024-03-20 20:52:39,SES01121622,SES01121622
2335,112,21,cart,2024-03-20 20:55:38,SES01121622,SES01121622
2336,112,112,view,2023-09-13 20:29:14,SES01127632,SES01127632
2337,112,108,view,2023-09-13 20:46:16,SES01127632,SES01127632
2338,112,180,view,2023-09-13 20:57:25,SES01127632,SES01127632
2339,112,175,view,2023-09-13 21:16:07,SES01127632,SES01127632
2340,112,127,view,2023-09-13 21:42:54,SES01127632,SES01127632
2341,112,119,view,2023-09-13 21:43:31,SES01127632,SES01127632
2342,112,57,view,2023-09-13 21:59:38,SES01127632,SES01127632
2343,112,112,cart,2023-09-13 22:05:41,SES01127632,SES01127632
2344,112,180,cart,2023-09-13 22:18:04,SES01127632,SES01127632
2345,112,175,cart,2023-09-13 22:23:48,SES01127632,SES01127632
2346,112,57,cart,2023-09-13 22:34:22,SES01127632,SES01127632
2347,112,3,view,2024-08-20 10:58:38,SES01124733,SES01124733
2348,112,124,view,2024-08-20 11:18:25,SES01124733,SES01124733
2349,112,77,view,2024-08-20 11:24:51,SES01124733,SES01124733
2350,112,168,view,2024-08-20 11:39:16,SES01124733,SES01124733
2351,112,67,view,2024-08-20 11:54:58,SES01124733,SES01124733
2352,112,82,view,2024-08-20 12:01:57,SES01124733,SES01124733
2353,112,167,view,2024-08-20 12:04:08,SES01124733,SES01124733
2354,112,3,cart,2024-08-20 12:26:26,SES01124733,SES01124733
2355,113,40,view,2024-11-07 23:45:52,SES01136749,SES01136749
2356,113,158,view,2024-11-07 23:52:45,SES01136749,SES01136749
2357,113,67,view,2024-11-08 00:22:09,SES01136749,SES01136749
2358,113,114,view,2024-11-08 00:35:16,SES01136749,SES01136749
2359,113,64,view,2024-11-08 00:47:23,SES01136749,SES01136749
2360,113,158,cart,2024-11-08 01:11:25,SES01136749,SES01136749
2361,113,67,cart,2024-11-08 01:24:32,SES01136749,SES01136749
2362,113,166,view,2023-03-14 09:19:59,SES01138247,SES01138247
2363,113,124,view,2023-03-14 09:33:14,SES01138247,SES01138247
2364,113,126,view,2023-03-14 09:35:33,SES01138247,SES01138247
2365,113,150,view,2023-03-14 10:00:09,SES01138247,SES01138247
2366,113,144,view,2023-03-14 10:20:28,SES01138247,SES01138247
2367,113,116,view,2023-03-14 10:38:42,SES01138247,SES01138247
2368,113,135,view,2023-03-14 10:53:52,SES01138247,SES01138247
2369,113,138,view,2023-03-14 11:21:28,SES01138247,SES01138247
2370,113,65,view,2023-03-14 11:30:40,SES01138247,SES01138247
2371,113,112,view,2023-03-14 11:58:50,SES01138247,SES01138247
2372,113,150,cart,2023-03-14 12:20:14,SES01138247,SES01138247
2373,113,135,cart,2023-03-14 12:26:03,SES01138247,SES01138247
2374,113,138,cart,2023-03-14 12:42:34,SES01138247,SES01138247
2375,114,143,view,2023-06-24 22:20:08,SES01149840,SES01149840
2376,114,87,view,2023-06-24 22:49:45,SES01149840,SES01149840
2377,114,77,view,2023-06-24 23:06:37,SES01149840,SES01149840
2378,114,80,view,2023-08-15 08:15:52,SES01142483,SES01142483
2379,114,134,view,2023-08-15 08:25:58,SES01142483,SES01142483
2380,114,91,view,2023-08-15 08:30:58,SES01142483,SES01142483
2381,114,74,view,2023-08-15 08:32:54,SES01142483,SES01142483
2382,114,51,view,2023-08-15 08:58:48,SES01142483,SES01142483
2383,114,13,view,2023-08-15 09:18:21,SES01142483,SES01142483
2384,114,38,view,2023-08-15 09:43:19,SES01142483,SES01142483
2385,114,74,cart,2023-08-15 09:55:23,SES01142483,SES01142483
2386,114,51,cart,2023-08-15 10:00:21,SES01142483,SES01142483
2387,114,38,cart,2023-08-15 10:08:01,SES01142483,SES01142483
2388,115,18,view,2024-11-13 01:52:15,SES01154058,SES01154058
2389,115,118,view,2024-11-13 01:59:04,SES01154058,SES01154058
2390,115,14,view,2024-11-13 02:11:30,SES01154058,SES01154058
2391,115,75,view,2024-11-13 02:25:05,SES01154058,SES01154058
2392,115,73,view,2024-11-13 02:39:11,SES01154058,SES01154058
2393,115,136,view,2024-11-13 03:01:23,SES01154058,SES01154058
2394,115,87,view,2024-11-13 03:19:07,SES01154058,SES01154058
2395,115,1,view,2024-11-13 03:39:02,SES01154058,SES01154058
2396,115,70,view,2024-11-13 04:05:33,SES01154058,SES01154058
2397,115,170,view,2024-11-13 04:18:41,SES01154058,SES01154058
2398,115,18,cart,2024-11-13 04:24:45,SES01154058,SES01154058
2399,115,75,cart,2024-11-13 04:34:06,SES01154058,SES01154058
2400,115,17,purchase,2024-11-13 02:32:46,SES01154058,SES01154058
2401,115,30,purchase,2024-11-13 03:46:42,SES01154058,SES01154058
2402,116,51,view,2024-11-04 10:33:38,SES01161694,SES01161694
2403,116,85,view,2024-11-04 10:37:11,SES01161694,SES01161694
2404,116,176,view,2024-11-04 10:44:21,SES01161694,SES01161694
2405,116,92,view,2024-11-04 10:54:10,SES01161694,SES01161694
2406,116,155,view,2024-11-04 11:16:48,SES01161694,SES01161694
2407,116,91,view,2024-11-04 11:39:56,SES01161694,SES01161694
2408,116,155,cart,2024-11-04 11:41:18,SES01161694,SES01161694
2409,117,185,view,2024-11-28 14:06:34,SES01174020,SES01174020
2410,117,125,view,2024-11-28 14:30:56,SES01174020,SES01174020
2411,117,87,view,2024-11-28 14:49:06,SES01174020,SES01174020
2412,117,186,view,2024-11-28 15:07:34,SES01174020,SES01174020
2413,117,185,cart,2024-11-28 15:30:49,SES01174020,SES01174020
2414,118,175,view,2023-03-22 23:51:37,SES01186505,SES01186505
2415,118,127,view,2023-03-22 23:54:28,SES01186505,SES01186505
2416,118,119,view,2023-03-22 23:55:18,SES01186505,SES01186505
2417,118,21,view,2023-03-22 23:56:14,SES01186505,SES01186505
2418,118,96,view,2023-03-23 00:05:59,SES01186505,SES01186505
2419,118,143,view,2023-03-23 00:34:27,SES01186505,SES01186505
2420,118,175,cart,2023-03-23 00:52:37,SES01186505,SES01186505
2421,118,127,cart,2023-03-23 01:06:49,SES01186505,SES01186505
2422,118,49,view,2023-01-20 13:05:09,SES01186990,SES01186990
2423,118,34,view,2023-01-20 13:06:59,SES01186990,SES01186990
2424,118,164,view,2023-01-20 13:33:12,SES01186990,SES01186990
2425,118,65,view,2023-01-20 13:59:04,SES01186990,SES01186990
2426,118,79,view,2023-01-20 14:23:26,SES01186990,SES01186990
2427,118,193,view,2023-01-20 14:25:15,SES01186990,SES01186990
2428,118,34,cart,2023-01-20 14:27:23,SES01186990,SES01186990
2429,118,65,cart,2023-01-20 14:37:05,SES01186990,SES01186990
2430,118,18,view,2024-10-18 00:24:25,SES01183531,SES01183531
2431,118,186,view,2024-10-18 00:37:12,SES01183531,SES01183531
2432,118,192,view,2024-10-18 01:06:30,SES01183531,SES01183531
2433,118,44,view,2024-10-18 01:10:58,SES01183531,SES01183531
2434,118,18,cart,2024-10-18 01:12:31,SES01183531,SES01183531
2435,118,186,cart,2024-10-18 01:19:34,SES01183531,SES01183531
2436,119,175,view,2023-09-04 03:35:27,SES01199034,SES01199034
2437,119,18,view,2023-09-04 03:39:37,SES01199034,SES01199034
2438,119,21,view,2023-09-04 04:01:40,SES01199034,SES01199034
2439,119,128,view,2023-03-11 11:37:55,SES01194631,SES01194631
2440,119,186,view,2023-03-11 11:53:21,SES01194631,SES01194631
2441,119,18,view,2023-03-11 12:11:45,SES01194631,SES01194631
2442,119,168,view,2023-03-11 12:37:14,SES01194631,SES01194631
2443,119,51,view,2023-03-11 12:40:56,SES01194631,SES01194631
2444,119,168,view,2023-03-11 12:42:07,SES01194631,SES01194631
2445,119,172,view,2023-03-11 12:59:51,SES01194631,SES01194631
2446,119,77,view,2023-03-11 13:11:50,SES01194631,SES01194631
2447,119,96,view,2023-03-11 13:15:36,SES01194631,SES01194631
2448,119,143,view,2023-03-11 13:38:37,SES01194631,SES01194631
2449,119,128,cart,2023-03-11 14:04:31,SES01194631,SES01194631
2450,119,186,cart,2023-03-11 14:18:47,SES01194631,SES01194631
2451,119,18,cart,2023-03-11 14:32:53,SES01194631,SES01194631
2452,119,168,cart,2023-03-11 14:49:52,SES01194631,SES01194631
2453,119,51,cart,2023-03-11 15:05:57,SES01194631,SES01194631
2454,119,96,cart,2023-03-11 15:19:56,SES01194631,SES01194631
2455,119,143,cart,2023-03-11 15:24:56,SES01194631,SES01194631
2456,119,60,view,2023-11-23 19:31:58,SES01197669,SES01197669
2457,119,171,view,2023-11-23 19:45:03,SES01197669,SES01197669
2458,119,124,view,2023-11-23 19:55:13,SES01197669,SES01197669
2459,119,55,view,2023-11-23 20:04:04,SES01197669,SES01197669
2460,119,60,cart,2023-11-23 20:30:24,SES01197669,SES01197669
2461,120,150,view,2024-11-09 10:25:27,SES01207782,SES01207782
2462,120,140,view,2024-11-09 10:30:12,SES01207782,SES01207782
2463,120,186,view,2024-11-09 10:59:42,SES01207782,SES01207782
2464,120,78,view,2024-11-09 11:02:36,SES01207782,SES01207782
2465,120,142,view,2024-11-09 11:07:24,SES01207782,SES01207782
2466,120,112,view,2024-11-09 11:26:12,SES01207782,SES01207782
2467,120,112,cart,2024-11-09 11:27:16,SES01207782,SES01207782
2468,121,45,view,2024-05-20 02:56:38,SES01218440,SES01218440
2469,121,23,view,2024-05-20 03:26:18,SES01218440,SES01218440
2470,121,189,view,2024-05-20 03:46:40,SES01218440,SES01218440
2471,121,194,view,2024-05-20 03:58:19,SES01218440,SES01218440
2472,121,112,view,2024-05-20 04:14:10,SES01218440,SES01218440
2473,121,119,view,2024-05-20 04:31:53,SES01218440,SES01218440
2474,121,138,view,2024-05-20 04:32:54,SES01218440,SES01218440
2475,121,32,view,2024-05-20 05:01:54,SES01218440,SES01218440
2476,121,112,cart,2024-05-20 05:30:47,SES01218440,SES01218440
2477,121,138,cart,2024-05-20 05:38:20,SES01218440,SES01218440
2478,121,111,view,2023-04-09 12:56:35,SES01214107,SES01214107
2479,121,14,view,2023-04-09 13:23:33,SES01214107,SES01214107
2480,121,89,view,2023-04-09 13:48:18,SES01214107,SES01214107
2481,121,87,view,2023-04-09 14:03:31,SES01214107,SES01214107
2482,121,176,view,2023-04-09 14:08:01,SES01214107,SES01214107
2483,121,161,view,2023-04-09 14:11:10,SES01214107,SES01214107
2484,121,173,view,2023-04-09 14:39:20,SES01214107,SES01214107
2485,121,69,view,2023-04-09 14:49:24,SES01214107,SES01214107
2486,121,38,view,2023-04-09 14:58:03,SES01214107,SES01214107
2487,121,176,cart,2023-04-09 15:26:54,SES01214107,SES01214107
2488,121,4,view,2023-06-12 01:21:49,SES01212024,SES01212024
2489,121,81,view,2023-06-12 01:24:59,SES01212024,SES01212024
2490,121,158,view,2023-06-12 01:46:43,SES01212024,SES01212024
2491,121,53,view,2023-06-12 02:02:28,SES01212024,SES01212024
2492,121,46,view,2023-06-12 02:13:59,SES01212024,SES01212024
2493,121,53,cart,2023-06-12 02:26:45,SES01212024,SES01212024
2494,121,46,cart,2023-06-12 02:29:57,SES01212024,SES01212024
2495,122,157,view,2023-08-19 08:58:16,SES01221108,SES01221108
2496,122,168,view,2023-08-19 08:59:46,SES01221108,SES01221108
2497,122,65,view,2023-08-19 09:26:56,SES01221108,SES01221108
2498,122,151,view,2023-08-19 09:54:46,SES01221108,SES01221108
2499,122,169,view,2023-08-19 10:09:38,SES01221108,SES01221108
2500,122,65,view,2023-08-19 10:16:46,SES01221108,SES01221108
2501,122,168,cart,2023-08-19 10:37:48,SES01221108,SES01221108
2502,123,53,view,2023-11-04 13:59:33,SES01231739,SES01231739
2503,123,51,view,2023-11-04 14:22:04,SES01231739,SES01231739
2504,123,136,view,2023-11-04 14:25:03,SES01231739,SES01231739
2505,123,126,view,2023-11-04 14:28:51,SES01231739,SES01231739
2506,123,148,view,2023-11-04 14:29:54,SES01231739,SES01231739
2507,123,126,cart,2023-11-04 14:31:46,SES01231739,SES01231739
2508,123,114,view,2024-11-26 06:43:21,SES01239508,SES01239508
2509,123,102,view,2024-11-26 06:58:43,SES01239508,SES01239508
2510,123,66,view,2024-11-26 07:27:15,SES01239508,SES01239508
2511,123,191,view,2024-11-26 07:32:04,SES01239508,SES01239508
2512,123,77,view,2024-11-26 07:54:42,SES01239508,SES01239508
2513,123,33,view,2024-11-26 08:24:28,SES01239508,SES01239508
2514,123,51,view,2024-11-26 08:49:17,SES01239508,SES01239508
2515,123,152,view,2024-11-26 08:54:16,SES01239508,SES01239508
2516,123,102,cart,2024-11-26 09:04:01,SES01239508,SES01239508
2517,123,77,cart,2024-11-26 09:07:51,SES01239508,SES01239508
2518,123,115,view,2024-12-11 11:14:35,SES01231754,SES01231754
2519,123,108,view,2024-12-11 11:27:58,SES01231754,SES01231754
2520,123,3,view,2024-12-11 11:55:28,SES01231754,SES01231754
2521,123,63,view,2024-12-11 12:16:54,SES01231754,SES01231754
2522,123,89,view,2024-12-11 12:33:09,SES01231754,SES01231754
2523,123,108,cart,2024-12-11 12:49:38,SES01231754,SES01231754
2524,124,155,view,2024-08-07 02:43:53,SES01241911,SES01241911
2525,124,87,view,2024-08-07 02:48:29,SES01241911,SES01241911
2526,124,81,view,2024-08-07 02:52:51,SES01241911,SES01241911
2527,124,45,view,2024-08-07 03:12:46,SES01241911,SES01241911
2528,124,85,view,2024-08-07 03:14:23,SES01241911,SES01241911
2529,124,162,view,2024-08-07 03:39:43,SES01241911,SES01241911
2530,124,87,cart,2024-08-07 04:01:14,SES01241911,SES01241911
2531,124,45,cart,2024-08-07 04:15:51,SES01241911,SES01241911
2532,124,162,cart,2024-08-07 04:17:52,SES01241911,SES01241911
2533,124,64,view,2024-03-10 11:45:29,SES01246824,SES01246824
2534,124,48,view,2024-03-10 12:11:06,SES01246824,SES01246824
2535,124,18,view,2024-03-10 12:18:22,SES01246824,SES01246824
2536,124,169,view,2024-03-10 12:43:02,SES01246824,SES01246824
2537,124,177,view,2024-03-10 13:09:43,SES01246824,SES01246824
2538,124,23,view,2024-03-10 13:33:25,SES01246824,SES01246824
2539,124,31,view,2024-03-10 14:01:26,SES01246824,SES01246824
2540,124,18,cart,2024-03-10 14:06:53,SES01246824,SES01246824
2541,124,169,cart,2024-03-10 14:11:25,SES01246824,SES01246824
2542,124,177,cart,2024-03-10 14:17:16,SES01246824,SES01246824
2543,124,23,cart,2024-03-10 14:28:18,SES01246824,SES01246824
2544,125,192,view,2023-08-27 15:32:25,SES01257772,SES01257772
2545,125,199,view,2023-08-27 15:36:51,SES01257772,SES01257772
2546,125,172,view,2023-08-27 15:48:14,SES01257772,SES01257772
2547,125,199,cart,2023-08-27 16:06:12,SES01257772,SES01257772
2548,125,51,view,2024-07-10 18:55:02,SES01254597,SES01254597
2549,125,38,view,2024-07-10 19:22:57,SES01254597,SES01254597
2550,125,45,view,2024-07-10 19:36:27,SES01254597,SES01254597
2551,125,180,view,2024-07-10 19:45:35,SES01254597,SES01254597
2552,125,74,view,2024-07-10 19:52:15,SES01254597,SES01254597
2553,125,124,view,2024-07-10 19:56:19,SES01254597,SES01254597
2554,125,180,cart,2024-07-10 20:06:05,SES01254597,SES01254597
2555,125,178,view,2024-04-01 07:25:24,SES01259132,SES01259132
2556,125,197,view,2024-04-01 07:42:09,SES01259132,SES01259132
2557,125,80,view,2024-04-01 07:47:18,SES01259132,SES01259132
2558,125,5,view,2024-04-01 08:13:21,SES01259132,SES01259132
2559,125,146,view,2024-04-01 08:19:16,SES01259132,SES01259132
2560,125,101,view,2024-04-01 08:40:04,SES01259132,SES01259132
2561,125,193,view,2024-04-01 08:56:31,SES01259132,SES01259132
2562,125,34,view,2024-04-01 09:00:40,SES01259132,SES01259132
2563,125,178,view,2024-04-01 09:25:38,SES01259132,SES01259132
2564,125,5,cart,2024-04-01 09:32:29,SES01259132,SES01259132
2565,125,101,cart,2024-04-01 09:36:50,SES01259132,SES01259132
2566,126,144,view,2024-10-21 18:53:27,SES01265904,SES01265904
2567,126,12,view,2024-10-21 19:20:08,SES01265904,SES01265904
2568,126,91,view,2024-10-21 19:36:42,SES01265904,SES01265904
2569,126,143,view,2024-10-21 20:06:22,SES01265904,SES01265904
2570,126,89,view,2024-10-21 20:09:44,SES01265904,SES01265904
2571,126,12,cart,2024-10-21 20:16:17,SES01265904,SES01265904
2572,127,194,view,2024-12-28 13:22:06,SES01272842,SES01272842
2573,127,44,view,2024-12-28 13:39:05,SES01272842,SES01272842
2574,127,9,view,2024-12-28 13:42:16,SES01272842,SES01272842
2575,127,87,view,2024-12-28 14:05:08,SES01272842,SES01272842
2576,127,55,view,2024-12-28 14:06:18,SES01272842,SES01272842
2577,127,44,cart,2024-12-28 14:23:20,SES01272842,SES01272842
2578,128,126,view,2024-08-24 17:51:40,SES01286538,SES01286538
2579,128,61,view,2024-08-24 18:04:19,SES01286538,SES01286538
2580,128,19,view,2024-08-24 18:31:39,SES01286538,SES01286538
2581,128,57,view,2024-08-24 18:43:50,SES01286538,SES01286538
2582,128,126,view,2024-08-24 19:01:23,SES01286538,SES01286538
2583,128,45,view,2024-08-24 19:07:11,SES01286538,SES01286538
2584,128,25,view,2024-08-24 19:19:33,SES01286538,SES01286538
2585,128,164,view,2024-08-24 19:32:43,SES01286538,SES01286538
2586,128,126,cart,2024-08-24 19:47:47,SES01286538,SES01286538
2587,128,43,view,2023-08-25 17:01:35,SES01282195,SES01282195
2588,128,168,view,2023-08-25 17:27:09,SES01282195,SES01282195
2589,128,178,view,2023-08-25 17:31:08,SES01282195,SES01282195
2590,128,45,view,2023-08-25 17:57:11,SES01282195,SES01282195
2591,128,135,view,2023-08-25 17:58:46,SES01282195,SES01282195
2592,128,5,view,2023-08-25 18:01:34,SES01282195,SES01282195
2593,128,172,view,2023-08-25 18:08:45,SES01282195,SES01282195
2594,128,45,cart,2023-08-25 18:12:29,SES01282195,SES01282195
2595,128,135,cart,2023-08-25 18:15:48,SES01282195,SES01282195
2596,128,175,view,2024-02-04 12:49:52,SES01281209,SES01281209
2597,128,152,view,2024-02-04 12:53:05,SES01281209,SES01281209
2598,128,6,view,2024-02-04 13:22:32,SES01281209,SES01281209
2599,128,176,view,2024-02-04 13:37:17,SES01281209,SES01281209
2600,128,197,view,2024-02-04 13:53:29,SES01281209,SES01281209
2601,128,143,view,2024-02-04 14:21:11,SES01281209,SES01281209
2602,128,126,view,2024-02-04 14:33:00,SES01281209,SES01281209
2603,128,6,cart,2024-02-04 14:51:38,SES01281209,SES01281209
2604,128,18,view,2024-11-06 13:19:14,SES01283969,SES01283969
2605,128,115,view,2024-11-06 13:46:10,SES01283969,SES01283969
2606,128,87,view,2024-11-06 14:13:33,SES01283969,SES01283969
2607,128,126,view,2024-11-06 14:32:23,SES01283969,SES01283969
2608,128,197,view,2024-11-06 14:46:47,SES01283969,SES01283969
2609,128,197,cart,2024-11-06 15:06:55,SES01283969,SES01283969
2610,129,175,view,2023-01-22 10:19:43,SES01298649,SES01298649
2611,129,106,view,2023-01-22 10:25:41,SES01298649,SES01298649
2612,129,113,view,2023-01-22 10:50:53,SES01298649,SES01298649
2613,129,137,view,2023-01-22 11:03:39,SES01298649,SES01298649
2614,129,146,view,2024-12-25 02:02:59,SES01299782,SES01299782
2615,129,109,view,2024-12-25 02:20:57,SES01299782,SES01299782
2616,129,191,view,2024-12-25 02:45:56,SES01299782,SES01299782
2617,129,113,view,2024-12-25 03:14:26,SES01299782,SES01299782
2618,129,197,view,2024-12-25 03:41:57,SES01299782,SES01299782
2619,129,110,view,2024-12-25 04:11:45,SES01299782,SES01299782
2620,129,175,view,2024-12-25 04:24:25,SES01299782,SES01299782
2621,129,187,view,2024-12-25 04:33:00,SES01299782,SES01299782
2622,129,146,cart,2024-12-25 04:48:12,SES01299782,SES01299782
2623,129,109,cart,2024-12-25 04:55:39,SES01299782,SES01299782
2624,129,172,view,2024-11-21 23:24:24,SES01295322,SES01295322
2625,129,139,view,2024-11-21 23:32:00,SES01295322,SES01295322
2626,129,195,view,2024-11-21 23:57:42,SES01295322,SES01295322
2627,129,161,view,2024-11-22 00:24:58,SES01295322,SES01295322
2628,129,78,view,2024-11-22 00:50:58,SES01295322,SES01295322
2629,129,176,view,2024-11-22 01:10:36,SES01295322,SES01295322
2630,129,172,view,2024-11-22 01:32:17,SES01295322,SES01295322
2631,129,172,cart,2024-11-22 01:36:42,SES01295322,SES01295322
2632,129,161,cart,2024-11-22 01:51:46,SES01295322,SES01295322
2633,129,172,cart,2024-11-22 02:01:29,SES01295322,SES01295322
2634,129,65,view,2024-09-11 00:15:28,SES01294719,SES01294719
2635,129,180,view,2024-09-11 00:31:45,SES01294719,SES01294719
2636,129,11,view,2024-09-11 00:59:32,SES01294719,SES01294719
2637,129,194,view,2024-09-11 01:17:12,SES01294719,SES01294719
2638,129,119,view,2024-09-11 01:23:17,SES01294719,SES01294719
2639,129,86,view,2024-09-11 01:41:44,SES01294719,SES01294719
2640,129,119,view,2024-09-11 01:49:37,SES01294719,SES01294719
2641,129,46,view,2024-09-11 02:07:53,SES01294719,SES01294719
2642,129,180,cart,2024-09-11 02:17:23,SES01294719,SES01294719
2643,129,119,cart,2024-09-11 02:33:13,SES01294719,SES01294719
2644,129,86,cart,2024-09-11 02:35:21,SES01294719,SES01294719
2645,129,119,cart,2024-09-11 02:35:58,SES01294719,SES01294719
2646,130,170,view,2024-11-27 00:20:06,SES01303894,SES01303894
2647,130,181,view,2024-11-27 00:35:53,SES01303894,SES01303894
2648,130,91,view,2024-11-27 01:02:02,SES01303894,SES01303894
2649,130,181,cart,2024-11-27 01:15:55,SES01303894,SES01303894
2650,130,178,view,2024-04-09 22:50:57,SES01308655,SES01308655
2651,130,161,view,2024-04-09 22:59:19,SES01308655,SES01308655
2652,130,57,view,2024-04-09 23:09:47,SES01308655,SES01308655
2653,130,177,view,2024-04-09 23:14:42,SES01308655,SES01308655
2654,130,193,view,2024-04-09 23:16:52,SES01308655,SES01308655
2655,130,185,view,2024-04-09 23:45:33,SES01308655,SES01308655
2656,130,45,view,2024-04-10 00:03:04,SES01308655,SES01308655
2657,130,168,view,2024-04-10 00:27:44,SES01308655,SES01308655
2658,130,135,view,2024-04-10 00:30:23,SES01308655,SES01308655
2659,130,178,cart,2024-04-10 00:56:46,SES01308655,SES01308655
2660,130,168,cart,2024-04-10 01:06:22,SES01308655,SES01308655
2661,130,135,cart,2024-04-10 01:17:16,SES01308655,SES01308655
2662,131,58,view,2023-07-28 00:27:05,SES01314312,SES01314312
2663,131,183,view,2023-07-28 00:33:52,SES01314312,SES01314312
2664,131,101,view,2023-07-28 00:44:30,SES01314312,SES01314312
2665,131,142,view,2023-07-28 01:12:54,SES01314312,SES01314312
2666,131,64,view,2023-07-28 01:40:18,SES01314312,SES01314312
2667,131,192,view,2023-07-28 02:00:33,SES01314312,SES01314312
2668,131,119,view,2023-07-28 02:23:45,SES01314312,SES01314312
2669,131,183,cart,2023-07-28 02:44:32,SES01314312,SES01314312
2670,131,188,view,2023-02-06 19:11:15,SES01318878,SES01318878
2671,131,178,view,2023-02-06 19:40:04,SES01318878,SES01318878
2672,131,126,view,2023-02-06 19:43:41,SES01318878,SES01318878
2673,131,33,view,2023-02-06 20:05:56,SES01318878,SES01318878
2674,131,112,view,2023-02-06 20:12:37,SES01318878,SES01318878
2675,131,59,view,2023-02-06 20:40:04,SES01318878,SES01318878
2676,131,131,view,2023-02-06 20:55:19,SES01318878,SES01318878
2677,131,131,view,2023-02-06 21:23:25,SES01318878,SES01318878
2678,131,194,view,2023-02-06 21:37:07,SES01318878,SES01318878
2679,131,126,cart,2023-02-06 21:47:33,SES01318878,SES01318878
2680,131,98,view,2024-04-02 14:33:13,SES01318001,SES01318001
2681,131,158,view,2024-04-02 14:44:08,SES01318001,SES01318001
2682,131,116,view,2024-04-02 14:51:00,SES01318001,SES01318001
2683,131,45,view,2024-04-02 15:18:56,SES01318001,SES01318001
2684,131,5,view,2024-04-02 15:29:12,SES01318001,SES01318001
2685,131,59,view,2024-04-02 15:38:10,SES01318001,SES01318001
2686,131,176,view,2024-04-02 15:58:43,SES01318001,SES01318001
2687,131,59,cart,2024-04-02 16:24:50,SES01318001,SES01318001
2688,131,96,view,2024-04-26 08:15:47,SES01319291,SES01319291
2689,131,161,view,2024-04-26 08:40:44,SES01319291,SES01319291
2690,131,74,view,2024-04-26 09:09:13,SES01319291,SES01319291
2691,131,136,view,2024-04-26 09:39:02,SES01319291,SES01319291
2692,132,96,view,2023-03-21 01:29:40,SES01321392,SES01321392
2693,132,176,view,2023-03-21 01:36:20,SES01321392,SES01321392
2694,132,175,view,2023-03-21 02:03:45,SES01321392,SES01321392
2695,132,37,view,2023-03-21 02:05:28,SES01321392,SES01321392
2696,132,135,view,2023-03-21 02:09:54,SES01321392,SES01321392
2697,132,167,view,2023-03-21 02:38:21,SES01321392,SES01321392
2698,132,32,view,2023-03-21 02:58:19,SES01321392,SES01321392
2699,132,82,view,2023-03-21 03:10:44,SES01321392,SES01321392
2700,132,96,cart,2023-03-21 03:17:05,SES01321392,SES01321392
2701,132,171,view,2023-06-26 11:17:51,SES01321480,SES01321480
2702,132,149,view,2023-06-26 11:23:15,SES01321480,SES01321480
2703,132,49,view,2023-06-26 11:27:18,SES01321480,SES01321480
2704,132,49,cart,2023-06-26 11:53:22,SES01321480,SES01321480
2705,133,151,view,2023-01-07 02:42:34,SES01331071,SES01331071
2706,133,164,view,2023-01-07 03:06:54,SES01331071,SES01331071
2707,133,150,view,2023-01-07 03:09:08,SES01331071,SES01331071
2708,133,87,view,2023-01-07 03:25:16,SES01331071,SES01331071
2709,133,117,view,2023-01-07 03:29:32,SES01331071,SES01331071
2710,133,150,cart,2023-01-07 03:50:30,SES01331071,SES01331071
2711,133,117,cart,2023-01-07 03:56:07,SES01331071,SES01331071
2712,133,64,view,2024-04-20 14:56:13,SES01339457,SES01339457
2713,133,155,view,2024-04-20 14:59:54,SES01339457,SES01339457
2714,133,140,view,2024-04-20 15:25:43,SES01339457,SES01339457
2715,133,75,view,2024-04-20 15:42:04,SES01339457,SES01339457
2716,133,119,view,2024-04-20 15:56:58,SES01339457,SES01339457
2717,133,64,cart,2024-04-20 16:22:50,SES01339457,SES01339457
2718,133,140,cart,2024-04-20 16:33:39,SES01339457,SES01339457
2719,133,150,view,2023-07-28 11:23:41,SES01332613,SES01332613
2720,133,166,view,2023-07-28 11:36:43,SES01332613,SES01332613
2721,133,168,view,2023-07-28 11:58:41,SES01332613,SES01332613
2722,133,143,view,2023-07-28 12:23:42,SES01332613,SES01332613
2723,133,21,view,2023-07-28 12:33:57,SES01332613,SES01332613
2724,133,185,view,2023-07-28 12:43:28,SES01332613,SES01332613
2725,133,131,view,2023-07-28 13:05:53,SES01332613,SES01332613
2726,133,56,view,2023-07-28 13:19:49,SES01332613,SES01332613
2727,133,189,view,2023-07-28 13:23:27,SES01332613,SES01332613
2728,133,32,view,2023-07-28 13:47:33,SES01332613,SES01332613
2729,133,166,cart,2023-07-28 13:48:35,SES01332613,SES01332613
2730,133,21,cart,2023-07-28 13:54:12,SES01332613,SES01332613
2731,133,56,cart,2023-07-28 14:07:11,SES01332613,SES01332613
2732,134,132,view,2024-06-20 11:22:50,SES01341438,SES01341438
2733,134,169,view,2024-06-20 11:44:21,SES01341438,SES01341438
2734,134,189,view,2024-06-20 12:04:29,SES01341438,SES01341438
2735,134,84,view,2024-06-20 12:18:12,SES01341438,SES01341438
2736,134,76,view,2024-06-20 12:41:37,SES01341438,SES01341438
2737,134,115,view,2024-06-20 12:51:02,SES01341438,SES01341438
2738,134,178,view,2024-06-20 13:14:13,SES01341438,SES01341438
2739,134,115,view,2024-06-20 13:28:06,SES01341438,SES01341438
2740,134,115,cart,2024-06-20 13:43:18,SES01341438,SES01341438
2741,134,178,cart,2024-06-20 13:58:43,SES01341438,SES01341438
2742,134,153,view,2024-07-20 01:01:31,SES01345068,SES01345068
2743,134,180,view,2024-07-20 01:19:45,SES01345068,SES01345068
2744,134,183,view,2024-07-20 01:28:42,SES01345068,SES01345068
2745,134,168,view,2023-12-14 13:08:12,SES01345344,SES01345344
2746,134,143,view,2023-12-14 13:31:37,SES01345344,SES01345344
2747,134,112,view,2023-12-14 13:44:53,SES01345344,SES01345344
2748,134,37,view,2023-12-14 13:53:14,SES01345344,SES01345344
2749,134,83,view,2023-12-14 14:15:25,SES01345344,SES01345344
2750,134,51,view,2023-12-14 14:16:38,SES01345344,SES01345344
2751,134,185,view,2023-12-14 14:26:05,SES01345344,SES01345344
2752,134,189,view,2023-12-14 14:49:41,SES01345344,SES01345344
2753,134,83,cart,2023-12-14 15:17:05,SES01345344,SES01345344
2754,134,51,cart,2023-12-14 15:19:39,SES01345344,SES01345344
2755,134,185,cart,2023-12-14 15:31:10,SES01345344,SES01345344
2756,135,80,view,2024-02-12 10:35:15,SES01351809,SES01351809
2757,135,136,view,2024-02-12 10:48:18,SES01351809,SES01351809
2758,135,77,view,2024-02-12 11:05:19,SES01351809,SES01351809
2759,135,175,view,2024-02-12 11:34:26,SES01351809,SES01351809
2760,135,188,view,2024-02-12 11:41:21,SES01351809,SES01351809
2761,135,170,view,2024-02-12 11:52:55,SES01351809,SES01351809
2762,135,193,view,2024-02-12 12:22:02,SES01351809,SES01351809
2763,135,68,view,2023-04-01 16:26:48,SES01351127,SES01351127
2764,135,21,view,2023-04-01 16:54:10,SES01351127,SES01351127
2765,135,21,view,2023-04-01 17:14:46,SES01351127,SES01351127
2766,135,21,cart,2023-04-01 17:31:49,SES01351127,SES01351127
2767,135,145,view,2024-03-02 19:43:15,SES01354793,SES01354793
2768,135,94,view,2024-03-02 20:09:49,SES01354793,SES01354793
2769,135,119,view,2024-03-02 20:39:19,SES01354793,SES01354793
2770,135,193,view,2024-03-02 20:55:59,SES01354793,SES01354793
2771,135,145,cart,2024-03-02 21:15:35,SES01354793,SES01354793
2772,135,94,cart,2024-03-02 21:25:47,SES01354793,SES01354793
2773,135,15,view,2023-03-06 01:10:25,SES01352521,SES01352521
2774,135,135,view,2023-03-06 01:18:09,SES01352521,SES01352521
2775,135,45,view,2023-03-06 01:36:01,SES01352521,SES01352521
2776,135,147,view,2023-03-06 01:42:04,SES01352521,SES01352521
2777,135,55,view,2023-03-06 01:42:44,SES01352521,SES01352521
2778,135,51,view,2023-03-06 02:03:00,SES01352521,SES01352521
2779,135,126,view,2023-03-06 02:10:33,SES01352521,SES01352521
2780,135,135,cart,2023-03-06 02:27:38,SES01352521,SES01352521
2781,136,161,view,2024-03-25 14:27:25,SES01369515,SES01369515
2782,136,64,view,2024-03-25 14:43:05,SES01369515,SES01369515
2783,136,176,view,2024-03-25 14:46:24,SES01369515,SES01369515
2784,136,34,view,2024-03-25 14:55:39,SES01369515,SES01369515
2785,136,4,view,2024-03-25 15:18:05,SES01369515,SES01369515
2786,136,54,view,2024-03-25 15:30:35,SES01369515,SES01369515
2787,136,161,cart,2024-03-25 15:39:46,SES01369515,SES01369515
2788,136,34,cart,2024-03-25 15:50:06,SES01369515,SES01369515
2789,136,4,cart,2024-03-25 16:04:02,SES01369515,SES01369515
2790,136,117,view,2024-08-14 07:28:38,SES01369108,SES01369108
2791,136,149,view,2024-08-14 07:44:42,SES01369108,SES01369108
2792,136,124,view,2024-08-14 08:04:49,SES01369108,SES01369108
2793,136,99,view,2024-08-14 08:14:25,SES01369108,SES01369108
2794,136,178,view,2024-08-14 08:42:56,SES01369108,SES01369108
2795,136,64,view,2024-08-14 08:54:50,SES01369108,SES01369108
2796,136,126,view,2024-08-14 09:13:22,SES01369108,SES01369108
2797,136,73,view,2024-08-14 09:42:51,SES01369108,SES01369108
2798,136,149,cart,2024-08-14 10:00:11,SES01369108,SES01369108
2799,136,126,cart,2024-08-14 10:00:58,SES01369108,SES01369108
2800,136,64,view,2023-11-28 17:36:51,SES01367207,SES01367207
2801,136,193,view,2023-11-28 17:42:48,SES01367207,SES01367207
2802,136,87,view,2023-11-28 17:47:29,SES01367207,SES01367207
2803,136,93,view,2023-11-28 18:11:04,SES01367207,SES01367207
2804,136,199,view,2023-11-28 18:15:57,SES01367207,SES01367207
2805,136,117,view,2023-11-28 18:36:06,SES01367207,SES01367207
2806,136,193,view,2023-11-28 18:55:48,SES01367207,SES01367207
2807,136,31,view,2023-11-28 19:25:04,SES01367207,SES01367207
2808,136,197,view,2023-11-28 19:44:39,SES01367207,SES01367207
2809,136,193,cart,2023-11-28 19:53:05,SES01367207,SES01367207
2810,136,93,cart,2023-11-28 20:05:26,SES01367207,SES01367207
2811,136,199,cart,2023-11-28 20:07:09,SES01367207,SES01367207
2812,136,31,cart,2023-11-28 20:16:42,SES01367207,SES01367207
2813,136,168,view,2024-10-16 16:15:03,SES01365928,SES01365928
2814,136,75,view,2024-10-16 16:27:23,SES01365928,SES01365928
2815,136,87,view,2024-10-16 16:52:05,SES01365928,SES01365928
2816,136,170,view,2024-10-16 17:19:36,SES01365928,SES01365928
2817,136,183,view,2024-10-16 17:49:03,SES01365928,SES01365928
2818,136,146,view,2024-10-16 18:13:55,SES01365928,SES01365928
2819,136,101,view,2024-10-16 18:28:03,SES01365928,SES01365928
2820,136,75,cart,2024-10-16 18:39:59,SES01365928,SES01365928
2821,136,170,cart,2024-10-16 18:48:55,SES01365928,SES01365928
2822,137,91,view,2024-03-08 05:29:02,SES01375324,SES01375324
2823,137,60,view,2024-03-08 05:32:12,SES01375324,SES01375324
2824,137,96,view,2024-03-08 05:52:57,SES01375324,SES01375324
2825,137,45,view,2024-03-08 06:06:13,SES01375324,SES01375324
2826,137,58,view,2024-03-08 06:14:11,SES01375324,SES01375324
2827,137,59,view,2024-03-08 06:35:48,SES01375324,SES01375324
2828,137,13,view,2024-03-08 07:01:51,SES01375324,SES01375324
2829,137,68,view,2024-03-08 07:06:29,SES01375324,SES01375324
2830,137,91,cart,2024-03-08 07:14:26,SES01375324,SES01375324
2831,137,197,view,2024-03-02 17:05:40,SES01374857,SES01374857
2832,137,185,view,2024-03-02 17:18:20,SES01374857,SES01374857
2833,137,175,view,2024-03-02 17:48:11,SES01374857,SES01374857
2834,137,153,view,2024-03-02 17:54:16,SES01374857,SES01374857
2835,137,113,view,2024-03-02 18:09:16,SES01374857,SES01374857
2836,137,189,view,2024-03-02 18:27:15,SES01374857,SES01374857
2837,137,184,view,2024-03-02 18:48:55,SES01374857,SES01374857
2838,137,197,cart,2024-03-02 19:12:26,SES01374857,SES01374857
2839,137,185,cart,2024-03-02 19:29:55,SES01374857,SES01374857
2840,137,175,cart,2024-03-02 19:43:20,SES01374857,SES01374857
2841,137,104,view,2023-04-20 02:33:17,SES01371625,SES01371625
2842,137,176,view,2023-04-20 02:43:41,SES01371625,SES01371625
2843,137,167,view,2023-04-20 02:48:11,SES01371625,SES01371625
2844,137,186,view,2023-04-20 02:49:21,SES01371625,SES01371625
2845,137,128,view,2023-04-20 02:55:15,SES01371625,SES01371625
2846,137,164,view,2023-04-20 03:13:58,SES01371625,SES01371625
2847,137,82,view,2023-04-20 03:27:11,SES01371625,SES01371625
2848,137,131,view,2023-04-20 03:55:56,SES01371625,SES01371625
2849,137,104,cart,2023-04-20 04:20:06,SES01371625,SES01371625
2850,137,186,cart,2023-04-20 04:36:19,SES01371625,SES01371625
2851,138,27,view,2023-01-01 19:48:09,SES01384618,SES01384618
2852,138,124,view,2023-01-01 20:12:56,SES01384618,SES01384618
2853,138,103,view,2023-01-01 20:16:47,SES01384618,SES01384618
2854,138,77,view,2023-01-01 20:46:44,SES01384618,SES01384618
2855,138,189,view,2023-01-01 20:54:22,SES01384618,SES01384618
2856,138,27,cart,2023-01-01 21:19:30,SES01384618,SES01384618
2857,138,124,cart,2023-01-01 21:21:37,SES01384618,SES01384618
2858,138,189,cart,2023-01-01 21:29:25,SES01384618,SES01384618
2859,139,77,view,2023-03-13 02:57:26,SES01391708,SES01391708
2860,139,7,view,2023-03-13 03:24:19,SES01391708,SES01391708
2861,139,164,view,2023-03-13 03:44:45,SES01391708,SES01391708
2862,139,58,view,2023-03-13 03:57:15,SES01391708,SES01391708
2863,139,74,view,2023-03-13 04:24:04,SES01391708,SES01391708
2864,139,77,view,2023-03-13 04:46:39,SES01391708,SES01391708
2865,139,94,view,2023-03-13 04:51:29,SES01391708,SES01391708
2866,139,190,view,2023-03-13 05:13:22,SES01391708,SES01391708
2867,139,77,cart,2023-03-13 05:17:17,SES01391708,SES01391708
2868,139,190,cart,2023-03-13 05:27:57,SES01391708,SES01391708
2869,139,102,view,2023-11-03 22:33:05,SES01392245,SES01392245
2870,139,150,view,2023-11-03 23:00:42,SES01392245,SES01392245
2871,139,48,view,2023-11-03 23:01:47,SES01392245,SES01392245
2872,139,43,view,2023-11-03 23:27:49,SES01392245,SES01392245
2873,139,56,view,2023-11-03 23:36:26,SES01392245,SES01392245
2874,139,169,view,2023-11-03 23:45:19,SES01392245,SES01392245
2875,139,45,view,2023-11-04 00:03:03,SES01392245,SES01392245
2876,139,171,view,2023-11-04 00:13:03,SES01392245,SES01392245
2877,139,164,view,2023-11-04 00:16:04,SES01392245,SES01392245
2878,139,56,cart,2023-11-04 00:42:15,SES01392245,SES01392245
2879,139,171,cart,2023-11-04 00:45:56,SES01392245,SES01392245
2880,139,164,cart,2023-11-04 00:58:25,SES01392245,SES01392245
2881,139,156,view,2024-11-24 03:36:01,SES01399656,SES01399656
2882,139,71,view,2024-11-24 03:57:29,SES01399656,SES01399656
2883,139,178,view,2024-11-24 04:14:05,SES01399656,SES01399656
2884,139,142,view,2024-11-24 04:15:39,SES01399656,SES01399656
2885,139,18,view,2024-11-24 04:25:33,SES01399656,SES01399656
2886,139,156,cart,2024-11-24 04:27:37,SES01399656,SES01399656
2887,139,71,cart,2024-11-24 04:35:28,SES01399656,SES01399656
2888,139,18,cart,2024-11-24 04:49:21,SES01399656,SES01399656
2889,139,2,view,2024-10-23 09:12:29,SES01398896,SES01398896
2890,139,172,view,2024-10-23 09:16:35,SES01398896,SES01398896
2891,139,184,view,2024-10-23 09:39:51,SES01398896,SES01398896
2892,140,28,view,2023-11-27 23:17:28,SES01402571,SES01402571
2893,140,44,view,2023-11-27 23:43:45,SES01402571,SES01402571
2894,140,152,view,2023-11-27 23:49:20,SES01402571,SES01402571
2895,140,44,cart,2023-11-28 00:16:21,SES01402571,SES01402571
2896,140,152,cart,2023-11-28 00:32:48,SES01402571,SES01402571
2897,140,134,view,2024-03-13 16:06:29,SES01408711,SES01408711
2898,140,86,view,2024-03-13 16:27:42,SES01408711,SES01408711
2899,140,80,view,2024-03-13 16:57:08,SES01408711,SES01408711
2900,140,23,view,2024-03-13 17:17:54,SES01408711,SES01408711
2901,140,193,view,2024-03-13 17:39:42,SES01408711,SES01408711
2902,140,55,view,2024-03-13 18:06:32,SES01408711,SES01408711
2903,140,150,view,2024-03-13 18:24:28,SES01408711,SES01408711
2904,140,125,view,2024-03-13 18:47:51,SES01408711,SES01408711
2905,140,10,view,2024-03-13 19:06:17,SES01408711,SES01408711
2906,140,134,cart,2024-03-13 19:23:00,SES01408711,SES01408711
2907,140,23,cart,2024-03-13 19:28:05,SES01408711,SES01408711
2908,140,55,cart,2024-03-13 19:33:54,SES01408711,SES01408711
2909,141,107,view,2024-11-19 06:59:53,SES01416815,SES01416815
2910,141,144,view,2024-11-19 07:00:50,SES01416815,SES01416815
2911,141,178,view,2024-11-19 07:17:15,SES01416815,SES01416815
2912,141,198,view,2024-11-19 07:36:54,SES01416815,SES01416815
2913,141,179,view,2024-11-19 07:50:01,SES01416815,SES01416815
2914,141,3,view,2024-11-19 08:09:48,SES01416815,SES01416815
2915,141,62,view,2024-11-19 08:31:36,SES01416815,SES01416815
2916,141,43,view,2024-11-19 08:45:26,SES01416815,SES01416815
2917,141,197,view,2024-03-17 00:47:07,SES01412062,SES01412062
2918,141,182,view,2024-03-17 01:00:32,SES01412062,SES01412062
2919,141,168,view,2024-03-17 01:01:13,SES01412062,SES01412062
2920,141,168,cart,2024-03-17 01:20:55,SES01412062,SES01412062
2921,141,119,view,2023-02-05 15:44:25,SES01418657,SES01418657
2922,141,77,view,2023-02-05 15:58:35,SES01418657,SES01418657
2923,141,176,view,2023-02-05 16:23:23,SES01418657,SES01418657
2924,141,145,view,2023-02-05 16:49:01,SES01418657,SES01418657
2925,141,150,view,2023-02-05 17:12:41,SES01418657,SES01418657
2926,142,71,view,2024-08-21 20:49:47,SES01422723,SES01422723
2927,142,9,view,2024-08-21 21:19:30,SES01422723,SES01422723
2928,142,112,view,2024-08-21 21:44:08,SES01422723,SES01422723
2929,142,47,view,2024-08-21 21:49:07,SES01422723,SES01422723
2930,142,74,view,2024-08-21 22:00:08,SES01422723,SES01422723
2931,142,131,view,2024-08-21 22:24:43,SES01422723,SES01422723
2932,142,88,view,2024-08-21 22:50:08,SES01422723,SES01422723
2933,142,169,view,2024-08-21 23:19:17,SES01422723,SES01422723
2934,142,150,view,2024-08-21 23:30:43,SES01422723,SES01422723
2935,143,140,view,2024-04-15 23:17:56,SES01439126,SES01439126
2936,143,45,view,2024-04-15 23:26:49,SES01439126,SES01439126
2937,143,122,view,2024-04-15 23:40:41,SES01439126,SES01439126
2938,143,124,view,2024-04-15 23:48:18,SES01439126,SES01439126
2939,143,158,view,2024-04-16 00:14:17,SES01439126,SES01439126
2940,143,112,view,2024-04-16 00:32:57,SES01439126,SES01439126
2941,143,113,view,2024-04-16 00:51:51,SES01439126,SES01439126
2942,143,115,view,2024-04-16 01:12:24,SES01439126,SES01439126
2943,143,191,view,2024-04-16 01:22:47,SES01439126,SES01439126
2944,143,140,cart,2024-04-16 01:39:33,SES01439126,SES01439126
2945,143,45,cart,2024-04-16 01:50:48,SES01439126,SES01439126
2946,143,112,cart,2024-04-16 01:52:28,SES01439126,SES01439126
2947,144,127,view,2023-09-05 12:51:31,SES01447976,SES01447976
2948,144,126,view,2023-09-05 12:58:18,SES01447976,SES01447976
2949,144,193,view,2023-09-05 13:05:56,SES01447976,SES01447976
2950,144,126,view,2023-09-05 13:07:38,SES01447976,SES01447976
2951,144,127,cart,2023-09-05 13:26:40,SES01447976,SES01447976
2952,144,126,cart,2023-09-05 13:38:26,SES01447976,SES01447976
2953,144,43,view,2024-11-12 07:15:21,SES01449447,SES01449447
2954,144,150,view,2024-11-12 07:19:35,SES01449447,SES01449447
2955,144,17,view,2024-11-12 07:25:40,SES01449447,SES01449447
2956,144,131,view,2024-11-12 07:30:54,SES01449447,SES01449447
2957,144,65,view,2024-11-12 07:48:52,SES01449447,SES01449447
2958,144,124,view,2024-11-12 08:09:00,SES01449447,SES01449447
2959,144,112,view,2024-11-12 08:15:24,SES01449447,SES01449447
2960,144,110,view,2024-11-12 08:37:56,SES01449447,SES01449447
2961,144,43,cart,2024-11-12 08:42:07,SES01449447,SES01449447
2962,144,131,cart,2024-11-12 08:58:29,SES01449447,SES01449447
2963,144,65,cart,2024-11-12 08:59:13,SES01449447,SES01449447
2964,144,74,view,2024-10-12 20:41:03,SES01445536,SES01445536
2965,144,111,view,2024-10-12 21:08:32,SES01445536,SES01445536
2966,144,143,view,2024-10-12 21:28:49,SES01445536,SES01445536
2967,144,157,view,2024-10-12 21:35:38,SES01445536,SES01445536
2968,144,167,view,2024-10-12 21:55:04,SES01445536,SES01445536
2969,144,125,view,2024-10-12 22:01:44,SES01445536,SES01445536
2970,144,104,view,2024-10-12 22:09:37,SES01445536,SES01445536
2971,144,48,view,2024-10-12 22:37:25,SES01445536,SES01445536
2972,144,143,cart,2024-10-12 22:40:16,SES01445536,SES01445536
2973,144,104,cart,2024-10-12 22:41:28,SES01445536,SES01445536
2974,144,48,cart,2024-10-12 22:55:46,SES01445536,SES01445536
2975,145,127,view,2024-09-06 19:16:12,SES01458384,SES01458384
2976,145,91,view,2024-09-06 19:32:06,SES01458384,SES01458384
2977,145,86,view,2024-09-06 19:41:59,SES01458384,SES01458384
2978,145,175,view,2024-09-06 19:43:04,SES01458384,SES01458384
2979,145,105,view,2024-09-06 20:00:30,SES01458384,SES01458384
2980,145,2,view,2024-09-06 20:09:06,SES01458384,SES01458384
2981,145,86,cart,2024-09-06 20:32:28,SES01458384,SES01458384
2982,145,175,cart,2024-09-06 20:38:17,SES01458384,SES01458384
2983,145,2,cart,2024-09-06 20:53:49,SES01458384,SES01458384
2984,145,29,view,2023-04-12 08:53:37,SES01458765,SES01458765
2985,145,193,view,2023-04-12 09:10:15,SES01458765,SES01458765
2986,145,26,view,2023-04-12 09:29:41,SES01458765,SES01458765
2987,145,119,view,2023-04-12 09:42:30,SES01458765,SES01458765
2988,145,19,view,2023-04-12 10:09:22,SES01458765,SES01458765
2989,145,29,cart,2023-04-12 10:28:16,SES01458765,SES01458765
2990,145,24,view,2024-03-26 16:56:40,SES01456258,SES01456258
2991,145,74,view,2024-03-26 17:06:04,SES01456258,SES01456258
2992,145,113,view,2024-03-26 17:17:32,SES01456258,SES01456258
2993,145,178,view,2024-03-26 17:19:41,SES01456258,SES01456258
2994,146,185,view,2024-03-11 09:26:10,SES01467297,SES01467297
2995,146,193,view,2024-03-11 09:36:48,SES01467297,SES01467297
2996,146,175,view,2024-03-11 09:44:46,SES01467297,SES01467297
2997,146,193,cart,2024-03-11 09:56:49,SES01467297,SES01467297
2998,146,53,view,2023-07-25 14:15:42,SES01461064,SES01461064
2999,146,87,view,2023-07-25 14:23:55,SES01461064,SES01461064
3000,146,185,view,2023-07-25 14:44:39,SES01461064,SES01461064
3001,146,186,view,2023-07-25 15:06:27,SES01461064,SES01461064
3002,146,170,view,2023-07-25 15:08:32,SES01461064,SES01461064
3003,146,188,view,2023-07-25 15:10:38,SES01461064,SES01461064
3004,146,175,view,2023-07-25 15:34:30,SES01461064,SES01461064
3005,146,185,cart,2023-07-25 16:02:20,SES01461064,SES01461064
3006,146,188,cart,2023-07-25 16:05:15,SES01461064,SES01461064
3007,146,175,cart,2023-07-25 16:10:22,SES01461064,SES01461064
3008,147,77,view,2023-01-06 09:40:06,SES01473905,SES01473905
3009,147,18,view,2023-01-06 09:44:16,SES01473905,SES01473905
3010,147,116,view,2023-01-06 09:51:18,SES01473905,SES01473905
3011,147,185,view,2023-01-06 09:57:41,SES01473905,SES01473905
3012,147,77,view,2023-01-06 10:09:49,SES01473905,SES01473905
3013,147,59,view,2023-01-06 10:31:54,SES01473905,SES01473905
3014,147,175,view,2023-01-06 10:32:52,SES01473905,SES01473905
3015,147,119,view,2023-01-06 10:48:41,SES01473905,SES01473905
3016,147,193,view,2023-01-06 11:18:07,SES01473905,SES01473905
3017,147,76,view,2023-01-06 11:36:17,SES01473905,SES01473905
3018,147,77,cart,2023-01-06 12:03:57,SES01473905,SES01473905
3019,147,175,cart,2023-01-06 12:05:35,SES01473905,SES01473905
3020,147,76,cart,2023-01-06 12:11:55,SES01473905,SES01473905
3021,148,38,view,2023-03-21 21:06:41,SES01483920,SES01483920
3022,148,129,view,2023-03-21 21:13:38,SES01483920,SES01483920
3023,148,135,view,2023-03-21 21:29:20,SES01483920,SES01483920
3024,148,114,view,2023-03-21 21:40:34,SES01483920,SES01483920
3025,148,68,view,2023-03-21 22:01:50,SES01483920,SES01483920
3026,148,67,view,2023-03-21 22:28:56,SES01483920,SES01483920
3027,148,162,view,2023-03-21 22:46:37,SES01483920,SES01483920
3028,148,38,cart,2023-03-21 23:04:17,SES01483920,SES01483920
3029,148,129,cart,2023-03-21 23:06:46,SES01483920,SES01483920
3030,148,114,cart,2023-03-21 23:12:37,SES01483920,SES01483920
3031,148,68,cart,2023-03-21 23:13:58,SES01483920,SES01483920
3032,148,67,cart,2023-03-21 23:15:28,SES01483920,SES01483920
3033,148,91,view,2024-10-20 16:32:33,SES01485959,SES01485959
3034,148,136,view,2024-10-20 16:46:35,SES01485959,SES01485959
3035,148,123,view,2024-10-20 17:06:49,SES01485959,SES01485959
3036,148,150,view,2024-10-20 17:35:20,SES01485959,SES01485959
3037,148,36,view,2024-10-20 18:03:55,SES01485959,SES01485959
3038,148,45,view,2024-10-20 18:31:21,SES01485959,SES01485959
3039,148,169,view,2024-10-20 18:41:08,SES01485959,SES01485959
3040,148,32,view,2024-10-20 18:49:46,SES01485959,SES01485959
3041,148,144,view,2024-10-20 19:09:10,SES01485959,SES01485959
3042,148,45,cart,2024-10-20 19:13:24,SES01485959,SES01485959
3043,148,169,cart,2024-10-20 19:29:21,SES01485959,SES01485959
3044,148,32,cart,2024-10-20 19:33:45,SES01485959,SES01485959
3045,148,158,view,2023-11-10 05:34:16,SES01489742,SES01489742
3046,148,36,view,2023-11-10 05:56:28,SES01489742,SES01489742
3047,148,158,view,2023-11-10 06:04:28,SES01489742,SES01489742
3048,149,98,view,2024-12-08 08:10:15,SES01491164,SES01491164
3049,149,12,view,2024-12-08 08:38:17,SES01491164,SES01491164
3050,149,101,view,2024-12-08 08:58:19,SES01491164,SES01491164
3051,149,87,view,2024-12-08 09:21:00,SES01491164,SES01491164
3052,149,73,view,2024-12-08 09:36:07,SES01491164,SES01491164
3053,149,34,view,2024-12-08 09:57:28,SES01491164,SES01491164
3054,149,187,view,2024-12-08 10:24:31,SES01491164,SES01491164
3055,149,46,view,2024-12-08 10:45:57,SES01491164,SES01491164
3056,149,199,view,2024-12-08 11:13:18,SES01491164,SES01491164
3057,149,34,cart,2024-12-08 11:22:47,SES01491164,SES01491164
3058,149,178,view,2023-01-23 01:56:50,SES01491848,SES01491848
3059,149,6,view,2023-01-23 02:20:54,SES01491848,SES01491848
3060,149,146,view,2023-01-23 02:45:08,SES01491848,SES01491848
3061,149,171,view,2023-01-23 02:49:47,SES01491848,SES01491848
3062,149,131,view,2023-01-23 02:58:31,SES01491848,SES01491848
3063,149,178,view,2023-01-23 03:11:49,SES01491848,SES01491848
3064,149,194,view,2023-01-23 03:20:56,SES01491848,SES01491848
3065,149,35,view,2023-01-23 03:23:26,SES01491848,SES01491848
3066,150,168,view,2023-10-18 21:06:51,SES01506227,SES01506227
3067,150,116,view,2023-10-18 21:27:09,SES01506227,SES01506227
3068,150,45,view,2023-10-18 21:32:39,SES01506227,SES01506227
3069,150,87,view,2023-10-18 21:57:47,SES01506227,SES01506227
3070,150,45,view,2023-10-18 22:14:31,SES01506227,SES01506227
3071,150,168,cart,2023-10-18 22:27:40,SES01506227,SES01506227
3072,150,87,cart,2023-10-18 22:43:31,SES01506227,SES01506227
3073,150,45,cart,2023-10-18 22:50:15,SES01506227,SES01506227
3074,150,157,view,2024-02-19 07:04:52,SES01504784,SES01504784
3075,150,149,view,2024-02-19 07:24:36,SES01504784,SES01504784
3076,150,131,view,2024-02-19 07:34:34,SES01504784,SES01504784
3077,150,146,view,2024-02-19 07:44:21,SES01504784,SES01504784
3078,150,157,cart,2024-02-19 07:58:42,SES01504784,SES01504784
3079,150,149,cart,2024-02-19 08:10:42,SES01504784,SES01504784
3080,151,46,view,2024-10-19 09:42:36,SES01511100,SES01511100
3081,151,77,view,2024-10-19 09:52:45,SES01511100,SES01511100
3082,151,87,view,2024-10-19 10:10:22,SES01511100,SES01511100
3083,151,92,view,2024-10-19 10:13:07,SES01511100,SES01511100
3084,151,193,view,2024-10-19 10:36:41,SES01511100,SES01511100
3085,151,32,view,2024-10-19 10:44:51,SES01511100,SES01511100
3086,151,19,view,2024-10-19 10:53:40,SES01511100,SES01511100
3087,151,124,view,2024-10-19 11:04:49,SES01511100,SES01511100
3088,151,5,view,2024-10-19 11:27:25,SES01511100,SES01511100
3089,151,87,cart,2024-10-19 11:32:48,SES01511100,SES01511100
3090,151,8,view,2024-03-04 23:45:59,SES01517774,SES01517774
3091,151,91,view,2024-03-04 23:53:21,SES01517774,SES01517774
3092,151,72,view,2024-03-05 00:19:15,SES01517774,SES01517774
3093,151,26,view,2024-03-05 00:47:14,SES01517774,SES01517774
3094,151,72,cart,2024-03-05 00:54:35,SES01517774,SES01517774
3095,151,34,view,2023-02-16 04:09:15,SES01515125,SES01515125
3096,151,179,view,2023-02-16 04:39:02,SES01515125,SES01515125
3097,151,112,view,2023-02-16 04:45:29,SES01515125,SES01515125
3098,151,114,view,2023-02-16 05:14:11,SES01515125,SES01515125
3099,151,172,view,2023-02-16 05:34:44,SES01515125,SES01515125
3100,151,180,view,2023-02-16 05:41:42,SES01515125,SES01515125
3101,151,193,view,2023-02-16 06:06:34,SES01515125,SES01515125
3102,152,180,view,2024-12-22 14:47:43,SES01526788,SES01526788
3103,152,193,view,2024-12-22 15:13:30,SES01526788,SES01526788
3104,152,31,view,2024-12-22 15:40:18,SES01526788,SES01526788
3105,152,185,view,2024-12-22 15:47:17,SES01526788,SES01526788
3106,152,98,view,2024-12-22 15:50:28,SES01526788,SES01526788
3107,152,74,view,2024-12-22 16:08:53,SES01526788,SES01526788
3108,152,128,view,2024-12-22 16:37:32,SES01526788,SES01526788
3109,152,56,view,2024-12-22 16:45:09,SES01526788,SES01526788
3110,152,185,cart,2024-12-22 17:14:48,SES01526788,SES01526788
3111,152,98,cart,2024-12-22 17:32:18,SES01526788,SES01526788
3112,152,69,view,2023-01-17 00:15:45,SES01521431,SES01521431
3113,152,193,view,2023-01-17 00:17:02,SES01521431,SES01521431
3114,152,155,view,2023-01-17 00:20:12,SES01521431,SES01521431
3115,152,147,view,2023-01-17 00:22:09,SES01521431,SES01521431
3116,152,186,view,2023-01-17 00:37:58,SES01521431,SES01521431
3117,152,33,view,2023-01-17 01:07:10,SES01521431,SES01521431
3118,152,113,view,2023-01-17 01:09:36,SES01521431,SES01521431
3119,152,71,view,2023-01-17 01:28:51,SES01521431,SES01521431
3120,152,153,view,2023-01-17 01:43:17,SES01521431,SES01521431
3121,152,193,cart,2023-01-17 01:56:59,SES01521431,SES01521431
3122,152,147,cart,2023-01-17 02:14:20,SES01521431,SES01521431
3123,152,71,cart,2023-01-17 02:19:49,SES01521431,SES01521431
3124,153,91,view,2023-03-10 09:08:06,SES01535191,SES01535191
3125,153,18,view,2023-03-10 09:09:18,SES01535191,SES01535191
3126,153,14,view,2023-03-10 09:34:42,SES01535191,SES01535191
3127,153,91,cart,2023-03-10 09:35:21,SES01535191,SES01535191
3128,153,18,cart,2023-03-10 09:40:02,SES01535191,SES01535191
3129,153,14,cart,2023-03-10 09:47:01,SES01535191,SES01535191
3130,153,150,view,2023-08-02 23:30:48,SES01538458,SES01538458
3131,153,33,view,2023-08-02 23:56:42,SES01538458,SES01538458
3132,153,53,view,2023-08-03 00:17:39,SES01538458,SES01538458
3133,153,193,view,2023-08-03 00:22:05,SES01538458,SES01538458
3134,153,95,view,2023-08-03 00:25:11,SES01538458,SES01538458
3135,153,186,view,2024-10-16 13:30:47,SES01539139,SES01539139
3136,153,179,view,2024-10-16 13:49:27,SES01539139,SES01539139
3137,153,51,view,2024-10-16 14:08:58,SES01539139,SES01539139
3138,153,110,view,2024-10-16 14:33:05,SES01539139,SES01539139
3139,153,142,view,2024-10-16 14:34:54,SES01539139,SES01539139
3140,153,33,view,2024-10-16 14:50:24,SES01539139,SES01539139
3141,153,51,view,2024-10-16 14:57:36,SES01539139,SES01539139
3142,153,120,view,2024-10-16 15:06:17,SES01539139,SES01539139
3143,153,119,view,2024-10-16 15:10:20,SES01539139,SES01539139
3144,153,126,view,2024-10-16 15:18:22,SES01539139,SES01539139
3145,153,110,cart,2024-10-16 15:29:00,SES01539139,SES01539139
3146,153,120,cart,2024-10-16 15:30:08,SES01539139,SES01539139
3147,153,77,view,2023-11-08 20:40:50,SES01537598,SES01537598
3148,153,112,view,2023-11-08 20:47:05,SES01537598,SES01537598
3149,153,74,view,2023-11-08 21:04:25,SES01537598,SES01537598
3150,153,76,view,2023-11-08 21:27:34,SES01537598,SES01537598
3151,153,76,cart,2023-11-08 21:44:01,SES01537598,SES01537598
3152,154,58,view,2023-11-15 02:43:36,SES01544132,SES01544132
3153,154,191,view,2023-11-15 02:57:58,SES01544132,SES01544132
3154,154,53,view,2023-11-15 03:17:13,SES01544132,SES01544132
3155,154,74,view,2023-11-15 03:40:24,SES01544132,SES01544132
3156,154,94,view,2023-11-15 03:46:48,SES01544132,SES01544132
3157,154,103,view,2023-11-15 04:03:50,SES01544132,SES01544132
3158,154,34,view,2023-11-15 04:12:38,SES01544132,SES01544132
3159,154,17,view,2023-11-15 04:14:51,SES01544132,SES01544132
3160,154,103,cart,2023-11-15 04:41:47,SES01544132,SES01544132
3161,154,141,view,2024-10-15 14:44:32,SES01549456,SES01549456
3162,154,183,view,2024-10-15 15:12:19,SES01549456,SES01549456
3163,154,34,view,2024-10-15 15:34:41,SES01549456,SES01549456
3164,154,196,view,2024-10-15 15:48:41,SES01549456,SES01549456
3165,154,25,view,2024-10-15 15:53:23,SES01549456,SES01549456
3166,154,183,cart,2024-10-15 16:13:34,SES01549456,SES01549456
3167,154,145,view,2024-11-13 03:44:28,SES01543044,SES01543044
3168,154,120,view,2024-11-13 04:01:17,SES01543044,SES01543044
3169,154,6,view,2024-11-13 04:13:54,SES01543044,SES01543044
3170,154,191,view,2024-11-13 04:16:55,SES01543044,SES01543044
3171,154,23,view,2024-11-13 04:29:49,SES01543044,SES01543044
3172,154,183,view,2024-11-13 04:58:22,SES01543044,SES01543044
3173,154,193,view,2024-11-13 05:03:21,SES01543044,SES01543044
3174,154,197,view,2024-11-13 05:16:42,SES01543044,SES01543044
3175,154,193,cart,2024-11-13 05:39:55,SES01543044,SES01543044
3176,155,150,view,2023-11-08 05:20:29,SES01558638,SES01558638
3177,155,143,view,2023-11-08 05:43:16,SES01558638,SES01558638
3178,155,51,view,2023-11-08 05:57:30,SES01558638,SES01558638
3179,155,140,view,2024-09-20 21:03:48,SES01558911,SES01558911
3180,155,18,view,2024-09-20 21:17:24,SES01558911,SES01558911
3181,155,169,view,2024-09-20 21:35:29,SES01558911,SES01558911
3182,155,53,view,2024-09-20 21:57:52,SES01558911,SES01558911
3183,155,197,view,2024-09-20 22:25:54,SES01558911,SES01558911
3184,155,171,view,2024-09-20 22:43:22,SES01558911,SES01558911
3185,155,18,cart,2024-09-20 22:51:38,SES01558911,SES01558911
3186,155,53,cart,2024-09-20 23:08:30,SES01558911,SES01558911
3187,155,171,cart,2024-09-20 23:12:26,SES01558911,SES01558911
3188,155,188,view,2024-11-08 04:15:05,SES01557979,SES01557979
3189,155,150,view,2024-11-08 04:18:03,SES01557979,SES01557979
3190,155,172,view,2024-11-08 04:42:40,SES01557979,SES01557979
3191,155,23,view,2024-11-08 04:44:56,SES01557979,SES01557979
3192,155,168,view,2024-11-08 04:52:46,SES01557979,SES01557979
3193,155,40,view,2024-11-08 05:00:29,SES01557979,SES01557979
3194,155,83,view,2024-11-08 05:23:23,SES01557979,SES01557979
3195,155,150,cart,2024-11-08 05:31:57,SES01557979,SES01557979
3196,155,40,cart,2024-11-08 05:49:23,SES01557979,SES01557979
3197,155,32,view,2024-05-03 20:42:09,SES01554440,SES01554440
3198,155,173,view,2024-05-03 21:09:14,SES01554440,SES01554440
3199,155,61,view,2024-05-03 21:28:39,SES01554440,SES01554440
3200,155,139,view,2024-05-03 21:30:04,SES01554440,SES01554440
3201,155,28,view,2024-05-03 21:31:00,SES01554440,SES01554440
3202,155,175,view,2024-05-03 21:34:37,SES01554440,SES01554440
3203,155,173,cart,2024-05-03 21:56:53,SES01554440,SES01554440
3204,155,28,cart,2024-05-03 22:09:14,SES01554440,SES01554440
3205,155,175,cart,2024-05-03 22:14:26,SES01554440,SES01554440
3206,156,145,view,2023-09-24 11:52:12,SES01568171,SES01568171
3207,156,74,view,2023-09-24 12:15:16,SES01568171,SES01568171
3208,156,95,view,2023-09-24 12:32:39,SES01568171,SES01568171
3209,156,32,view,2023-09-24 12:51:13,SES01568171,SES01568171
3210,156,91,view,2023-09-24 12:59:46,SES01568171,SES01568171
3211,156,194,view,2023-09-24 13:04:31,SES01568171,SES01568171
3212,156,73,view,2023-09-24 13:28:25,SES01568171,SES01568171
3213,156,145,cart,2023-09-24 13:31:31,SES01568171,SES01568171
3214,156,194,view,2024-03-02 17:06:17,SES01569682,SES01569682
3215,156,44,view,2024-03-02 17:21:54,SES01569682,SES01569682
3216,156,45,view,2024-03-02 17:42:54,SES01569682,SES01569682
3217,156,45,view,2024-03-02 18:11:24,SES01569682,SES01569682
3218,156,124,view,2024-03-02 18:33:40,SES01569682,SES01569682
3219,156,131,view,2024-03-02 18:52:44,SES01569682,SES01569682
3220,156,175,view,2024-03-02 19:19:06,SES01569682,SES01569682
3221,156,124,cart,2024-03-02 19:24:44,SES01569682,SES01569682
3222,156,44,view,2024-11-09 09:58:08,SES01568390,SES01568390
3223,156,152,view,2024-11-09 10:22:05,SES01568390,SES01568390
3224,156,108,view,2024-11-09 10:29:53,SES01568390,SES01568390
3225,156,112,view,2024-11-09 10:39:29,SES01568390,SES01568390
3226,156,59,view,2024-11-09 10:48:23,SES01568390,SES01568390
3227,156,167,view,2024-11-09 10:50:33,SES01568390,SES01568390
3228,156,64,view,2024-11-09 11:03:56,SES01568390,SES01568390
3229,156,88,view,2024-11-09 11:15:53,SES01568390,SES01568390
3230,156,152,cart,2024-11-09 11:32:08,SES01568390,SES01568390
3231,156,108,cart,2024-11-09 11:36:21,SES01568390,SES01568390
3232,156,7,view,2024-11-21 09:41:51,SES01564733,SES01564733
3233,156,24,view,2024-11-21 10:03:56,SES01564733,SES01564733
3234,156,31,view,2024-11-21 10:22:16,SES01564733,SES01564733
3235,156,182,view,2024-11-21 10:24:09,SES01564733,SES01564733
3236,156,59,view,2024-11-21 10:46:58,SES01564733,SES01564733
3237,156,107,view,2024-11-21 10:49:20,SES01564733,SES01564733
3238,156,178,view,2024-11-21 11:14:27,SES01564733,SES01564733
3239,156,59,view,2024-11-21 11:33:07,SES01564733,SES01564733
3240,156,196,view,2024-11-21 12:02:43,SES01564733,SES01564733
3241,156,59,cart,2024-11-21 12:09:52,SES01564733,SES01564733
3242,157,18,view,2024-03-25 01:13:08,SES01574297,SES01574297
3243,157,175,view,2024-03-25 01:41:12,SES01574297,SES01574297
3244,157,162,view,2024-03-25 01:49:24,SES01574297,SES01574297
3245,157,197,view,2024-03-25 01:57:52,SES01574297,SES01574297
3246,157,166,view,2024-03-25 02:03:00,SES01574297,SES01574297
3247,157,69,view,2024-03-25 02:19:59,SES01574297,SES01574297
3248,157,146,view,2024-03-25 02:31:05,SES01574297,SES01574297
3249,157,131,view,2024-03-25 02:51:51,SES01574297,SES01574297
3250,157,18,cart,2024-03-25 02:59:35,SES01574297,SES01574297
3251,157,197,cart,2024-03-25 03:12:21,SES01574297,SES01574297
3252,157,69,cart,2024-03-25 03:28:32,SES01574297,SES01574297
3253,157,112,view,2023-11-06 14:46:12,SES01576800,SES01576800
3254,157,180,view,2023-11-06 15:10:20,SES01576800,SES01576800
3255,157,148,view,2023-11-06 15:23:52,SES01576800,SES01576800
3256,157,178,view,2023-11-06 15:27:36,SES01576800,SES01576800
3257,157,148,cart,2023-11-06 15:34:55,SES01576800,SES01576800
3258,157,178,cart,2023-11-06 15:39:13,SES01576800,SES01576800
3259,157,186,view,2023-11-16 12:06:29,SES01577457,SES01577457
3260,157,64,view,2023-11-16 12:09:27,SES01577457,SES01577457
3261,157,10,view,2023-11-16 12:26:17,SES01577457,SES01577457
3262,157,144,view,2023-11-16 12:33:42,SES01577457,SES01577457
3263,157,197,view,2023-11-16 12:36:38,SES01577457,SES01577457
3264,157,65,view,2023-11-16 12:40:50,SES01577457,SES01577457
3265,157,188,view,2023-11-16 12:41:54,SES01577457,SES01577457
3266,157,77,view,2023-11-16 12:42:42,SES01577457,SES01577457
3267,157,83,view,2023-11-16 12:47:18,SES01577457,SES01577457
3268,157,186,cart,2023-11-16 13:13:27,SES01577457,SES01577457
3269,157,10,cart,2023-11-16 13:30:16,SES01577457,SES01577457
3270,158,49,view,2024-11-16 15:50:17,SES01588247,SES01588247
3271,158,50,view,2024-11-16 16:14:59,SES01588247,SES01588247
3272,158,151,view,2024-11-16 16:44:50,SES01588247,SES01588247
3273,158,51,view,2024-11-16 16:58:51,SES01588247,SES01588247
3274,158,162,view,2024-11-16 17:20:58,SES01588247,SES01588247
3275,158,1,view,2024-11-04 01:00:08,SES01582307,SES01582307
3276,158,98,view,2024-11-04 01:26:31,SES01582307,SES01582307
3277,158,39,view,2024-11-04 01:46:43,SES01582307,SES01582307
3278,158,61,view,2024-11-04 01:58:34,SES01582307,SES01582307
3279,158,183,view,2024-11-04 02:22:23,SES01582307,SES01582307
3280,158,137,view,2024-11-04 02:47:26,SES01582307,SES01582307
3281,158,193,view,2024-11-04 02:54:24,SES01582307,SES01582307
3282,158,151,view,2024-11-04 03:09:36,SES01582307,SES01582307
3283,158,87,view,2024-11-04 03:20:49,SES01582307,SES01582307
3284,158,1,cart,2024-11-04 03:31:54,SES01582307,SES01582307
3285,158,61,cart,2024-11-04 03:42:23,SES01582307,SES01582307
3286,158,137,cart,2024-11-04 03:49:17,SES01582307,SES01582307
3287,158,151,cart,2024-11-04 03:58:10,SES01582307,SES01582307
3288,159,183,view,2023-06-04 04:39:30,SES01598652,SES01598652
3289,159,64,view,2023-06-04 05:02:39,SES01598652,SES01598652
3290,159,21,view,2023-06-04 05:23:22,SES01598652,SES01598652
3291,159,73,view,2023-06-04 05:37:19,SES01598652,SES01598652
3292,159,77,view,2023-06-04 06:04:44,SES01598652,SES01598652
3293,159,183,view,2023-06-04 06:16:18,SES01598652,SES01598652
3294,159,64,cart,2023-06-04 06:35:41,SES01598652,SES01598652
3295,159,21,cart,2023-06-04 06:44:30,SES01598652,SES01598652
3296,159,77,cart,2023-06-04 06:48:07,SES01598652,SES01598652
3297,159,77,view,2023-02-25 03:33:37,SES01598824,SES01598824
3298,159,57,view,2023-02-25 03:40:22,SES01598824,SES01598824
3299,159,199,view,2023-02-25 04:04:52,SES01598824,SES01598824
3300,159,151,view,2023-02-25 04:29:18,SES01598824,SES01598824
3301,159,126,view,2023-02-25 04:56:34,SES01598824,SES01598824
3302,159,165,view,2023-02-25 05:23:27,SES01598824,SES01598824
3303,159,34,view,2023-02-25 05:39:13,SES01598824,SES01598824
3304,159,126,cart,2023-02-25 05:53:28,SES01598824,SES01598824
3305,159,165,cart,2023-02-25 06:03:40,SES01598824,SES01598824
3306,160,193,view,2024-12-03 14:21:00,SES01601049,SES01601049
3307,160,158,view,2024-12-03 14:34:38,SES01601049,SES01601049
3308,160,31,view,2024-12-03 14:53:37,SES01601049,SES01601049
3309,160,51,view,2024-12-03 15:06:40,SES01601049,SES01601049
3310,160,7,view,2024-12-03 15:26:22,SES01601049,SES01601049
3311,160,42,view,2023-08-10 10:02:18,SES01606550,SES01606550
3312,160,57,view,2023-08-10 10:11:22,SES01606550,SES01606550
3313,160,91,view,2023-08-10 10:32:14,SES01606550,SES01606550
3314,160,68,view,2023-08-10 10:34:00,SES01606550,SES01606550
3315,160,89,view,2023-08-10 10:57:55,SES01606550,SES01606550
3316,160,100,view,2023-08-10 11:25:32,SES01606550,SES01606550
3317,160,114,view,2023-08-10 11:45:17,SES01606550,SES01606550
3318,160,193,view,2023-08-10 11:53:50,SES01606550,SES01606550
3319,160,25,view,2023-08-10 12:13:54,SES01606550,SES01606550
3320,160,185,view,2023-08-10 12:41:21,SES01606550,SES01606550
3321,160,91,cart,2023-08-10 13:02:00,SES01606550,SES01606550
3322,160,25,cart,2023-08-10 13:07:35,SES01606550,SES01606550
3323,160,126,view,2023-06-15 17:57:43,SES01607187,SES01607187
3324,160,158,view,2023-06-15 18:20:24,SES01607187,SES01607187
3325,160,179,view,2023-06-15 18:22:36,SES01607187,SES01607187
3326,160,151,view,2023-06-15 18:42:11,SES01607187,SES01607187
3327,160,175,view,2023-06-15 19:10:21,SES01607187,SES01607187
3328,160,81,view,2023-06-15 19:24:24,SES01607187,SES01607187
3329,160,74,view,2023-06-15 19:29:27,SES01607187,SES01607187
3330,160,64,view,2023-06-15 19:42:39,SES01607187,SES01607187
3331,160,20,view,2023-06-15 20:11:10,SES01607187,SES01607187
3332,160,74,cart,2023-06-15 20:26:35,SES01607187,SES01607187
3333,160,20,cart,2023-06-15 20:30:53,SES01607187,SES01607187
3334,160,189,view,2024-11-22 21:38:33,SES01608064,SES01608064
3335,160,61,view,2024-11-22 21:47:05,SES01608064,SES01608064
3336,160,57,view,2024-11-22 21:47:46,SES01608064,SES01608064
3337,160,189,view,2024-11-22 21:49:32,SES01608064,SES01608064
3338,160,124,view,2024-11-22 22:08:36,SES01608064,SES01608064
3339,161,145,view,2023-12-25 01:53:49,SES01618079,SES01618079
3340,161,192,view,2023-12-25 01:57:52,SES01618079,SES01618079
3341,161,38,view,2023-12-25 02:09:11,SES01618079,SES01618079
3342,161,193,view,2023-12-25 02:35:59,SES01618079,SES01618079
3343,161,194,view,2023-12-25 03:05:41,SES01618079,SES01618079
3344,161,166,view,2023-12-25 03:35:22,SES01618079,SES01618079
3345,161,145,cart,2023-12-25 03:40:30,SES01618079,SES01618079
3346,161,192,cart,2023-12-25 03:54:48,SES01618079,SES01618079
3347,161,6,view,2024-03-06 10:49:24,SES01614835,SES01614835
3348,161,128,view,2024-03-06 11:07:48,SES01614835,SES01614835
3349,161,168,view,2024-03-06 11:28:55,SES01614835,SES01614835
3350,161,178,view,2024-03-06 11:35:34,SES01614835,SES01614835
3351,161,180,view,2024-03-06 11:42:06,SES01614835,SES01614835
3352,161,76,view,2024-03-06 12:09:27,SES01614835,SES01614835
3353,161,112,view,2024-03-06 12:12:13,SES01614835,SES01614835
3354,161,120,view,2024-03-06 12:39:34,SES01614835,SES01614835
3355,161,91,view,2024-03-06 12:47:24,SES01614835,SES01614835
3356,161,128,cart,2024-03-06 13:06:43,SES01614835,SES01614835
3357,162,190,view,2023-11-14 01:01:31,SES01621452,SES01621452
3358,162,24,view,2023-11-14 01:10:17,SES01621452,SES01621452
3359,162,65,view,2023-11-14 01:28:15,SES01621452,SES01621452
3360,162,56,view,2023-11-14 01:50:18,SES01621452,SES01621452
3361,162,180,view,2023-11-14 02:10:20,SES01621452,SES01621452
3362,162,10,view,2023-11-14 02:40:05,SES01621452,SES01621452
3363,162,16,view,2023-11-14 03:06:54,SES01621452,SES01621452
3364,162,175,view,2023-06-12 15:45:31,SES01628510,SES01628510
3365,162,159,view,2023-06-12 15:54:39,SES01628510,SES01628510
3366,162,60,view,2023-06-12 16:11:06,SES01628510,SES01628510
3367,162,86,view,2023-06-12 16:26:23,SES01628510,SES01628510
3368,162,114,view,2023-06-12 16:28:57,SES01628510,SES01628510
3369,162,96,view,2023-06-12 16:34:34,SES01628510,SES01628510
3370,162,119,view,2023-06-12 16:50:02,SES01628510,SES01628510
3371,162,159,cart,2023-06-12 17:16:35,SES01628510,SES01628510
3372,162,96,cart,2023-06-12 17:21:40,SES01628510,SES01628510
3373,162,119,cart,2023-06-12 17:32:14,SES01628510,SES01628510
3374,162,31,view,2023-03-19 18:53:51,SES01623638,SES01623638
3375,162,126,view,2023-03-19 19:00:40,SES01623638,SES01623638
3376,162,7,view,2023-03-19 19:29:47,SES01623638,SES01623638
3377,162,105,view,2023-03-19 19:49:50,SES01623638,SES01623638
3378,162,173,view,2023-03-19 19:50:38,SES01623638,SES01623638
3379,162,126,cart,2023-03-19 20:12:21,SES01623638,SES01623638
3380,162,88,view,2024-11-04 23:29:41,SES01626953,SES01626953
3381,162,69,view,2024-11-04 23:41:10,SES01626953,SES01626953
3382,162,93,view,2024-11-05 00:00:58,SES01626953,SES01626953
3383,162,131,view,2024-11-05 00:16:01,SES01626953,SES01626953
3384,162,53,view,2024-11-05 00:39:45,SES01626953,SES01626953
3385,162,21,view,2024-11-05 00:59:58,SES01626953,SES01626953
3386,162,23,view,2024-11-05 01:13:48,SES01626953,SES01626953
3387,162,150,view,2024-11-05 01:38:21,SES01626953,SES01626953
3388,162,159,view,2024-11-05 02:06:22,SES01626953,SES01626953
3389,162,23,cart,2024-11-05 02:30:58,SES01626953,SES01626953
3390,163,67,view,2024-04-06 02:31:23,SES01638139,SES01638139
3391,163,136,view,2024-04-06 02:47:32,SES01638139,SES01638139
3392,163,117,view,2024-04-06 03:05:35,SES01638139,SES01638139
3393,163,117,cart,2024-04-06 03:20:55,SES01638139,SES01638139
3394,163,92,view,2023-01-22 22:35:23,SES01633729,SES01633729
3395,163,134,view,2023-01-22 22:51:44,SES01633729,SES01633729
3396,163,131,view,2023-01-22 23:15:23,SES01633729,SES01633729
3397,163,131,cart,2023-01-22 23:22:48,SES01633729,SES01633729
3398,164,170,view,2024-04-07 18:02:15,SES01643288,SES01643288
3399,164,21,view,2024-04-07 18:08:26,SES01643288,SES01643288
3400,164,57,view,2024-04-07 18:25:41,SES01643288,SES01643288
3401,164,45,view,2024-04-07 18:52:41,SES01643288,SES01643288
3402,164,123,view,2024-04-07 19:00:23,SES01643288,SES01643288
3403,164,170,cart,2024-04-07 19:01:34,SES01643288,SES01643288
3404,164,34,view,2024-07-11 16:31:20,SES01645122,SES01645122
3405,164,68,view,2024-07-11 16:39:22,SES01645122,SES01645122
3406,164,37,view,2024-07-11 16:53:20,SES01645122,SES01645122
3407,164,89,view,2024-07-11 17:21:58,SES01645122,SES01645122
3408,164,77,view,2024-07-11 17:28:47,SES01645122,SES01645122
3409,164,64,view,2024-07-11 17:31:31,SES01645122,SES01645122
3410,164,91,view,2024-07-11 17:45:26,SES01645122,SES01645122
3411,164,104,view,2024-07-11 18:02:51,SES01645122,SES01645122
3412,164,153,view,2023-12-22 06:51:53,SES01648078,SES01648078
3413,164,161,view,2023-12-22 07:03:51,SES01648078,SES01648078
3414,164,97,view,2023-12-22 07:05:48,SES01648078,SES01648078
3415,164,58,view,2023-12-22 07:10:01,SES01648078,SES01648078
3416,164,106,view,2023-12-22 07:28:41,SES01648078,SES01648078
3417,164,119,view,2023-12-22 07:46:26,SES01648078,SES01648078
3418,164,34,view,2023-12-22 07:50:17,SES01648078,SES01648078
3419,164,191,view,2023-12-22 08:15:04,SES01648078,SES01648078
3420,164,153,cart,2023-12-22 08:37:16,SES01648078,SES01648078
3421,164,34,cart,2023-12-22 08:51:49,SES01648078,SES01648078
3422,164,191,cart,2023-12-22 09:04:19,SES01648078,SES01648078
3423,164,45,view,2024-06-27 03:31:37,SES01643250,SES01643250
3424,164,110,view,2024-06-27 03:46:45,SES01643250,SES01643250
3425,164,158,view,2024-06-27 03:49:37,SES01643250,SES01643250
3426,164,134,view,2024-06-27 04:12:32,SES01643250,SES01643250
3427,164,197,view,2024-06-27 04:33:07,SES01643250,SES01643250
3428,164,21,view,2024-06-27 05:03:01,SES01643250,SES01643250
3429,164,180,view,2024-06-27 05:12:49,SES01643250,SES01643250
3430,164,34,view,2024-06-27 05:34:35,SES01643250,SES01643250
3431,164,197,view,2024-06-27 05:55:04,SES01643250,SES01643250
3432,164,172,view,2024-06-27 05:59:24,SES01643250,SES01643250
3433,164,158,cart,2024-06-27 06:00:16,SES01643250,SES01643250
3434,164,197,cart,2024-06-27 06:07:00,SES01643250,SES01643250
3435,164,34,cart,2024-06-27 06:21:27,SES01643250,SES01643250
3436,164,197,cart,2024-06-27 06:25:02,SES01643250,SES01643250
3437,164,172,cart,2024-06-27 06:30:56,SES01643250,SES01643250
3438,165,91,view,2023-10-02 03:25:21,SES01657833,SES01657833
3439,165,139,view,2023-10-02 03:29:43,SES01657833,SES01657833
3440,165,55,view,2023-10-02 03:37:23,SES01657833,SES01657833
3441,165,50,view,2023-10-02 03:53:49,SES01657833,SES01657833
3442,165,147,view,2023-10-02 04:22:29,SES01657833,SES01657833
3443,165,12,view,2023-10-02 04:23:30,SES01657833,SES01657833
3444,165,38,view,2023-10-02 04:25:41,SES01657833,SES01657833
3445,165,45,view,2023-10-02 04:40:49,SES01657833,SES01657833
3446,165,34,view,2023-10-02 04:50:38,SES01657833,SES01657833
3447,165,55,cart,2023-10-02 05:16:22,SES01657833,SES01657833
3448,165,50,cart,2023-10-02 05:23:00,SES01657833,SES01657833
3449,165,147,cart,2023-10-02 05:32:05,SES01657833,SES01657833
3450,165,12,cart,2023-10-02 05:39:07,SES01657833,SES01657833
3451,165,38,cart,2023-10-02 05:52:56,SES01657833,SES01657833
3452,165,45,cart,2023-10-02 06:06:31,SES01657833,SES01657833
3453,165,7,view,2023-12-28 18:40:56,SES01655042,SES01655042
3454,165,64,view,2023-12-28 18:48:27,SES01655042,SES01655042
3455,165,2,view,2023-12-28 18:58:43,SES01655042,SES01655042
3456,165,189,view,2023-12-28 19:19:35,SES01655042,SES01655042
3457,165,47,view,2023-12-28 19:47:47,SES01655042,SES01655042
3458,165,7,view,2023-12-28 19:52:11,SES01655042,SES01655042
3459,165,135,view,2023-12-28 20:18:21,SES01655042,SES01655042
3460,165,107,view,2023-12-28 20:32:54,SES01655042,SES01655042
3461,165,23,view,2023-12-28 20:52:25,SES01655042,SES01655042
3462,165,124,view,2023-12-28 21:07:24,SES01655042,SES01655042
3463,165,7,cart,2023-12-28 21:18:26,SES01655042,SES01655042
3464,165,7,cart,2023-12-28 21:20:44,SES01655042,SES01655042
3465,165,23,cart,2023-12-28 21:37:09,SES01655042,SES01655042
3466,165,134,view,2023-04-19 06:51:49,SES01652732,SES01652732
3467,165,43,view,2023-04-19 07:02:34,SES01652732,SES01652732
3468,165,153,view,2023-04-19 07:30:38,SES01652732,SES01652732
3469,165,175,view,2023-04-19 07:34:07,SES01652732,SES01652732
3470,165,193,view,2023-04-19 08:00:43,SES01652732,SES01652732
3471,165,134,cart,2023-04-19 08:25:44,SES01652732,SES01652732
3472,165,43,cart,2023-04-19 08:39:14,SES01652732,SES01652732
3473,165,153,cart,2023-04-19 08:56:45,SES01652732,SES01652732
3474,165,175,cart,2023-04-19 09:08:33,SES01652732,SES01652732
3475,166,175,view,2024-11-07 06:45:56,SES01665718,SES01665718
3476,166,133,view,2024-11-07 06:59:45,SES01665718,SES01665718
3477,166,133,view,2024-11-07 07:03:39,SES01665718,SES01665718
3478,166,13,view,2024-11-07 07:21:54,SES01665718,SES01665718
3479,166,94,view,2023-07-10 05:05:50,SES01666161,SES01666161
3480,166,146,view,2023-07-10 05:33:39,SES01666161,SES01666161
3481,166,197,view,2023-07-10 05:45:46,SES01666161,SES01666161
3482,166,11,view,2023-07-10 06:05:35,SES01666161,SES01666161
3483,166,146,cart,2023-07-10 06:25:58,SES01666161,SES01666161
3484,167,131,view,2024-05-09 06:52:10,SES01674532,SES01674532
3485,167,59,view,2024-05-09 07:18:54,SES01674532,SES01674532
3486,167,38,view,2024-05-09 07:32:29,SES01674532,SES01674532
3487,167,164,view,2024-05-09 07:54:11,SES01674532,SES01674532
3488,167,188,view,2024-05-09 08:01:48,SES01674532,SES01674532
3489,167,4,view,2024-05-09 08:07:02,SES01674532,SES01674532
3490,167,17,view,2024-05-09 08:22:35,SES01674532,SES01674532
3491,167,137,view,2024-05-09 08:48:05,SES01674532,SES01674532
3492,167,39,view,2024-05-09 09:03:36,SES01674532,SES01674532
3493,167,164,cart,2024-05-09 09:30:09,SES01674532,SES01674532
3494,167,4,cart,2024-05-09 09:31:30,SES01674532,SES01674532
3495,167,39,cart,2024-05-09 09:32:52,SES01674532,SES01674532
3496,167,141,view,2023-03-11 16:46:55,SES01677930,SES01677930
3497,167,109,view,2023-03-11 17:15:51,SES01677930,SES01677930
3498,167,100,view,2023-03-11 17:35:41,SES01677930,SES01677930
3499,167,75,view,2023-03-11 17:43:23,SES01677930,SES01677930
3500,167,91,view,2023-03-11 17:52:02,SES01677930,SES01677930
3501,167,124,view,2023-03-11 18:05:01,SES01677930,SES01677930
3502,167,31,view,2023-03-11 18:11:59,SES01677930,SES01677930
3503,167,40,view,2023-03-11 18:18:00,SES01677930,SES01677930
3504,167,143,view,2023-03-11 18:27:02,SES01677930,SES01677930
3505,167,172,view,2024-04-11 15:13:20,SES01674288,SES01674288
3506,167,116,view,2024-04-11 15:43:06,SES01674288,SES01674288
3507,167,26,view,2024-04-11 15:55:20,SES01674288,SES01674288
3508,167,158,view,2024-04-11 16:15:46,SES01674288,SES01674288
3509,168,37,view,2023-01-23 07:28:47,SES01681206,SES01681206
3510,168,126,view,2023-01-23 07:57:55,SES01681206,SES01681206
3511,168,89,view,2023-01-23 08:02:17,SES01681206,SES01681206
3512,168,64,view,2023-01-23 08:05:36,SES01681206,SES01681206
3513,168,60,view,2023-01-23 08:14:00,SES01681206,SES01681206
3514,168,34,view,2023-01-23 08:24:59,SES01681206,SES01681206
3515,168,4,view,2023-01-23 08:52:34,SES01681206,SES01681206
3516,168,38,view,2023-01-23 09:11:48,SES01681206,SES01681206
3517,168,37,cart,2023-01-23 09:37:05,SES01681206,SES01681206
3518,168,89,cart,2023-01-23 09:41:24,SES01681206,SES01681206
3519,168,60,cart,2023-01-23 09:45:13,SES01681206,SES01681206
3520,168,34,cart,2023-01-23 10:00:33,SES01681206,SES01681206
3521,168,4,cart,2023-01-23 10:01:57,SES01681206,SES01681206
3522,168,82,view,2023-03-04 00:39:49,SES01688973,SES01688973
3523,168,164,view,2023-03-04 00:58:16,SES01688973,SES01688973
3524,168,73,view,2023-03-04 01:09:43,SES01688973,SES01688973
3525,168,197,view,2023-03-04 01:12:53,SES01688973,SES01688973
3526,168,45,view,2023-03-04 01:42:34,SES01688973,SES01688973
3527,168,37,view,2023-03-04 02:02:46,SES01688973,SES01688973
3528,168,197,cart,2023-03-04 02:30:52,SES01688973,SES01688973
3529,168,143,view,2023-03-18 14:34:59,SES01686380,SES01686380
3530,168,142,view,2023-03-18 15:03:32,SES01686380,SES01686380
3531,168,162,view,2023-03-18 15:17:01,SES01686380,SES01686380
3532,168,91,view,2023-03-18 15:22:12,SES01686380,SES01686380
3533,168,150,view,2023-03-18 15:31:43,SES01686380,SES01686380
3534,168,7,view,2023-03-18 15:44:59,SES01686380,SES01686380
3535,168,162,cart,2023-03-18 15:57:07,SES01686380,SES01686380
3536,168,185,view,2024-03-17 05:56:43,SES01686067,SES01686067
3537,168,6,view,2024-03-17 06:02:44,SES01686067,SES01686067
3538,168,75,view,2024-03-17 06:14:31,SES01686067,SES01686067
3539,168,128,view,2024-03-17 06:37:11,SES01686067,SES01686067
3540,168,76,view,2024-03-17 06:42:05,SES01686067,SES01686067
3541,168,139,view,2024-03-17 07:06:25,SES01686067,SES01686067
3542,168,39,view,2024-03-17 07:29:54,SES01686067,SES01686067
3543,168,110,view,2024-03-17 07:40:07,SES01686067,SES01686067
3544,168,185,cart,2024-03-17 08:02:19,SES01686067,SES01686067
3545,168,6,cart,2024-03-17 08:05:47,SES01686067,SES01686067
3546,169,92,view,2023-03-09 20:16:56,SES01698659,SES01698659
3547,169,25,view,2023-03-09 20:43:06,SES01698659,SES01698659
3548,169,80,view,2023-03-09 20:55:21,SES01698659,SES01698659
3549,169,189,view,2023-03-09 21:10:42,SES01698659,SES01698659
3550,169,69,view,2023-03-09 21:27:27,SES01698659,SES01698659
3551,169,158,view,2023-03-09 21:50:19,SES01698659,SES01698659
3552,169,87,view,2023-03-09 22:12:52,SES01698659,SES01698659
3553,169,124,view,2023-03-09 22:33:54,SES01698659,SES01698659
3554,169,197,view,2023-03-09 23:02:36,SES01698659,SES01698659
3555,169,25,cart,2023-03-09 23:30:55,SES01698659,SES01698659
3556,169,53,view,2024-02-20 22:20:26,SES01696901,SES01696901
3557,169,70,view,2024-02-20 22:36:54,SES01696901,SES01696901
3558,169,15,view,2024-02-20 22:57:57,SES01696901,SES01696901
3559,169,125,view,2024-02-20 23:05:28,SES01696901,SES01696901
3560,169,53,cart,2024-02-20 23:09:03,SES01696901,SES01696901
3561,169,70,cart,2024-02-20 23:14:19,SES01696901,SES01696901
3562,169,138,view,2023-11-16 15:38:50,SES01692116,SES01692116
3563,169,135,view,2023-11-16 16:06:47,SES01692116,SES01692116
3564,169,171,view,2023-11-16 16:08:12,SES01692116,SES01692116
3565,169,21,view,2023-11-16 16:20:08,SES01692116,SES01692116
3566,169,146,view,2023-11-16 16:23:33,SES01692116,SES01692116
3567,169,38,view,2023-11-16 16:46:37,SES01692116,SES01692116
3568,169,138,cart,2023-11-16 16:52:31,SES01692116,SES01692116
3569,169,135,cart,2023-11-16 16:57:20,SES01692116,SES01692116
3570,169,146,cart,2023-11-16 17:12:19,SES01692116,SES01692116
3571,170,112,view,2023-04-19 17:11:05,SES01702090,SES01702090
3572,170,44,view,2023-04-19 17:17:11,SES01702090,SES01702090
3573,170,31,view,2023-04-19 17:42:18,SES01702090,SES01702090
3574,170,131,view,2023-04-19 17:48:16,SES01702090,SES01702090
3575,170,96,view,2023-04-19 17:59:06,SES01702090,SES01702090
3576,170,44,cart,2023-04-19 18:00:14,SES01702090,SES01702090
3577,170,193,view,2023-01-23 03:41:37,SES01701225,SES01701225
3578,170,86,view,2023-01-23 03:48:27,SES01701225,SES01701225
3579,170,77,view,2023-01-23 04:11:20,SES01701225,SES01701225
3580,170,193,view,2023-01-23 04:39:33,SES01701225,SES01701225
3581,170,86,cart,2023-01-23 05:05:08,SES01701225,SES01701225
3582,170,77,cart,2023-01-23 05:21:34,SES01701225,SES01701225
3583,171,106,view,2024-04-10 13:39:07,SES01712191,SES01712191
3584,171,137,view,2024-04-10 13:53:00,SES01712191,SES01712191
3585,171,183,view,2024-04-10 13:57:31,SES01712191,SES01712191
3586,171,150,view,2024-04-10 14:02:16,SES01712191,SES01712191
3587,171,183,cart,2024-04-10 14:31:18,SES01712191,SES01712191
3588,171,43,view,2023-01-10 20:45:36,SES01719514,SES01719514
3589,171,48,view,2023-01-10 20:46:34,SES01719514,SES01719514
3590,171,28,view,2023-01-10 20:58:11,SES01719514,SES01719514
3591,171,144,view,2023-01-10 21:16:26,SES01719514,SES01719514
3592,171,43,cart,2023-01-10 21:37:54,SES01719514,SES01719514
3593,171,144,cart,2023-01-10 21:51:19,SES01719514,SES01719514
3594,171,21,view,2024-05-05 20:55:02,SES01718387,SES01718387
3595,171,28,view,2024-05-05 21:00:30,SES01718387,SES01718387
3596,171,96,view,2024-05-05 21:29:10,SES01718387,SES01718387
3597,171,126,view,2024-05-05 21:51:40,SES01718387,SES01718387
3598,171,157,view,2024-05-05 21:57:11,SES01718387,SES01718387
3599,171,28,cart,2024-05-05 22:09:09,SES01718387,SES01718387
3600,172,74,view,2024-11-24 04:38:00,SES01728672,SES01728672
3601,172,76,view,2024-11-24 04:51:18,SES01728672,SES01728672
3602,172,115,view,2024-11-24 04:58:47,SES01728672,SES01728672
3603,172,180,view,2024-11-24 04:59:50,SES01728672,SES01728672
3604,172,163,view,2024-11-24 05:05:28,SES01728672,SES01728672
3605,172,74,cart,2024-11-24 05:24:09,SES01728672,SES01728672
3606,172,163,cart,2024-11-24 05:39:40,SES01728672,SES01728672
3607,172,18,view,2023-04-03 19:33:17,SES01721195,SES01721195
3608,172,77,view,2023-04-03 19:33:57,SES01721195,SES01721195
3609,172,101,view,2023-04-03 19:42:11,SES01721195,SES01721195
3610,172,169,view,2023-04-03 19:52:11,SES01721195,SES01721195
3611,172,101,cart,2023-04-03 20:08:53,SES01721195,SES01721195
3612,172,199,view,2024-06-02 23:00:35,SES01728146,SES01728146
3613,172,141,view,2024-06-02 23:16:10,SES01728146,SES01728146
3614,172,89,view,2024-06-02 23:26:14,SES01728146,SES01728146
3615,172,143,view,2024-06-02 23:47:56,SES01728146,SES01728146
3616,172,175,view,2024-06-02 23:48:46,SES01728146,SES01728146
3617,172,77,view,2024-06-03 00:04:00,SES01728146,SES01728146
3618,172,199,cart,2024-06-03 00:09:24,SES01728146,SES01728146
3619,172,143,cart,2024-06-03 00:19:49,SES01728146,SES01728146
3620,172,18,view,2023-12-01 11:06:05,SES01729964,SES01729964
3621,172,45,view,2023-12-01 11:22:23,SES01729964,SES01729964
3622,172,9,view,2023-12-01 11:25:08,SES01729964,SES01729964
3623,172,183,view,2023-12-01 11:43:54,SES01729964,SES01729964
3624,172,177,view,2023-12-01 11:45:39,SES01729964,SES01729964
3625,172,9,cart,2023-12-01 11:47:07,SES01729964,SES01729964
3626,173,190,view,2024-10-02 21:25:17,SES01732272,SES01732272
3627,173,178,view,2024-10-02 21:52:10,SES01732272,SES01732272
3628,173,126,view,2024-10-02 22:15:51,SES01732272,SES01732272
3629,173,185,view,2024-10-02 22:23:57,SES01732272,SES01732272
3630,173,124,view,2024-10-02 22:26:11,SES01732272,SES01732272
3631,173,193,view,2024-10-02 22:48:30,SES01732272,SES01732272
3632,173,138,view,2024-10-02 23:06:51,SES01732272,SES01732272
3633,173,21,view,2024-10-02 23:16:31,SES01732272,SES01732272
3634,173,124,cart,2024-10-02 23:25:52,SES01732272,SES01732272
3635,173,193,cart,2024-10-02 23:42:58,SES01732272,SES01732272
3636,173,138,cart,2024-10-02 23:48:21,SES01732272,SES01732272
3637,173,129,view,2024-07-15 14:26:57,SES01737666,SES01737666
3638,173,77,view,2024-07-15 14:28:24,SES01737666,SES01737666
3639,173,64,view,2024-07-15 14:43:13,SES01737666,SES01737666
3640,173,90,view,2024-07-15 15:00:32,SES01737666,SES01737666
3641,173,64,cart,2024-07-15 15:24:22,SES01737666,SES01737666
3642,173,58,view,2023-11-05 04:42:13,SES01738646,SES01738646
3643,173,197,view,2023-11-05 04:51:47,SES01738646,SES01738646
3644,173,193,view,2023-11-05 05:07:14,SES01738646,SES01738646
3645,173,197,cart,2023-11-05 05:12:36,SES01738646,SES01738646
3646,173,119,view,2024-08-21 18:41:44,SES01731971,SES01731971
3647,173,119,view,2024-08-21 18:57:05,SES01731971,SES01731971
3648,173,124,view,2024-08-21 19:02:49,SES01731971,SES01731971
3649,173,168,view,2024-08-21 19:16:54,SES01731971,SES01731971
3650,173,82,view,2024-08-21 19:22:32,SES01731971,SES01731971
3651,173,119,cart,2024-08-21 19:41:00,SES01731971,SES01731971
3652,174,45,view,2023-01-19 16:25:42,SES01745176,SES01745176
3653,174,134,view,2023-01-19 16:33:08,SES01745176,SES01745176
3654,174,119,view,2023-01-19 16:54:59,SES01745176,SES01745176
3655,174,164,view,2023-01-19 17:07:08,SES01745176,SES01745176
3656,174,67,view,2023-01-19 17:27:38,SES01745176,SES01745176
3657,174,67,view,2023-01-19 17:32:05,SES01745176,SES01745176
3658,174,34,view,2023-01-19 17:39:44,SES01745176,SES01745176
3659,174,103,view,2023-01-19 17:42:36,SES01745176,SES01745176
3660,174,130,view,2023-01-19 18:04:46,SES01745176,SES01745176
3661,174,134,cart,2023-01-19 18:17:36,SES01745176,SES01745176
3662,174,34,cart,2023-01-19 18:18:15,SES01745176,SES01745176
3663,174,103,cart,2023-01-19 18:25:39,SES01745176,SES01745176
3664,174,63,view,2023-06-08 08:49:03,SES01742709,SES01742709
3665,174,180,view,2023-06-08 08:55:25,SES01742709,SES01742709
3666,174,22,view,2023-06-08 09:21:57,SES01742709,SES01742709
3667,174,90,view,2023-06-08 09:51:30,SES01742709,SES01742709
3668,174,180,cart,2023-06-08 09:57:19,SES01742709,SES01742709
3669,174,22,cart,2023-06-08 10:07:36,SES01742709,SES01742709
3670,175,169,view,2023-05-10 08:17:23,SES01754194,SES01754194
3671,175,30,view,2023-05-10 08:20:15,SES01754194,SES01754194
3672,175,185,view,2023-05-10 08:34:35,SES01754194,SES01754194
3673,175,142,view,2023-05-10 08:42:59,SES01754194,SES01754194
3674,175,72,view,2023-05-10 09:00:31,SES01754194,SES01754194
3675,175,64,view,2023-05-10 09:09:44,SES01754194,SES01754194
3676,175,68,view,2023-05-10 09:27:01,SES01754194,SES01754194
3677,175,36,view,2023-05-10 09:41:40,SES01754194,SES01754194
3678,175,30,cart,2023-05-10 09:50:46,SES01754194,SES01754194
3679,175,72,cart,2023-05-10 09:53:16,SES01754194,SES01754194
3680,175,36,cart,2023-05-10 10:00:16,SES01754194,SES01754194
3681,175,185,view,2024-03-09 15:41:39,SES01752822,SES01752822
3682,175,143,view,2024-03-09 16:11:22,SES01752822,SES01752822
3683,175,67,view,2024-03-09 16:17:04,SES01752822,SES01752822
3684,175,130,view,2024-03-09 16:30:38,SES01752822,SES01752822
3685,175,180,view,2024-03-09 16:37:14,SES01752822,SES01752822
3686,176,62,view,2023-04-02 14:20:51,SES01766900,SES01766900
3687,176,197,view,2023-04-02 14:27:55,SES01766900,SES01766900
3688,176,141,view,2023-04-02 14:36:41,SES01766900,SES01766900
3689,176,169,view,2023-04-02 15:03:16,SES01766900,SES01766900
3690,176,197,cart,2023-04-02 15:09:05,SES01766900,SES01766900
3691,177,34,view,2023-04-03 00:46:32,SES01775261,SES01775261
3692,177,91,view,2023-04-03 01:08:58,SES01775261,SES01775261
3693,177,70,view,2023-04-03 01:25:18,SES01775261,SES01775261
3694,177,192,view,2023-04-03 01:45:54,SES01775261,SES01775261
3695,177,29,view,2024-12-01 13:26:47,SES01772163,SES01772163
3696,177,8,view,2024-12-01 13:31:42,SES01772163,SES01772163
3697,177,172,view,2024-12-01 13:57:32,SES01772163,SES01772163
3698,177,131,view,2024-12-01 14:00:01,SES01772163,SES01772163
3699,177,92,view,2024-12-01 14:27:27,SES01772163,SES01772163
3700,177,162,view,2024-12-01 14:45:37,SES01772163,SES01772163
3701,177,185,view,2024-12-01 15:06:48,SES01772163,SES01772163
3702,177,134,view,2024-12-01 15:08:29,SES01772163,SES01772163
3703,177,181,view,2024-12-01 15:19:02,SES01772163,SES01772163
3704,177,8,cart,2024-12-01 15:32:07,SES01772163,SES01772163
3705,177,172,cart,2024-12-01 15:34:08,SES01772163,SES01772163
3706,177,92,cart,2024-12-01 15:35:30,SES01772163,SES01772163
3707,177,134,cart,2024-12-01 15:51:56,SES01772163,SES01772163
3708,178,28,view,2024-03-26 16:14:40,SES01788874,SES01788874
3709,178,41,view,2024-03-26 16:35:54,SES01788874,SES01788874
3710,178,124,view,2024-03-26 16:52:37,SES01788874,SES01788874
3711,178,183,view,2024-03-26 16:57:21,SES01788874,SES01788874
3712,178,64,view,2024-03-26 16:59:02,SES01788874,SES01788874
3713,178,21,view,2023-12-02 01:41:04,SES01789278,SES01789278
3714,178,176,view,2023-12-02 01:48:55,SES01789278,SES01789278
3715,178,34,view,2023-12-02 02:14:19,SES01789278,SES01789278
3716,178,88,view,2023-12-02 02:41:54,SES01789278,SES01789278
3717,178,141,view,2023-12-02 02:44:29,SES01789278,SES01789278
3718,178,51,view,2023-12-02 03:13:53,SES01789278,SES01789278
3719,178,112,view,2023-12-02 03:31:30,SES01789278,SES01789278
3720,179,9,view,2024-03-23 19:32:10,SES01798156,SES01798156
3721,179,74,view,2024-03-23 19:57:42,SES01798156,SES01798156
3722,179,110,view,2024-03-23 20:04:27,SES01798156,SES01798156
3723,179,108,view,2024-03-23 20:18:06,SES01798156,SES01798156
3724,179,173,view,2024-03-23 20:19:10,SES01798156,SES01798156
3725,179,141,view,2024-03-23 20:28:56,SES01798156,SES01798156
3726,179,9,cart,2024-03-23 20:47:56,SES01798156,SES01798156
3727,179,119,view,2023-08-11 13:47:01,SES01794766,SES01794766
3728,179,164,view,2023-08-11 14:00:07,SES01794766,SES01794766
3729,179,139,view,2023-08-11 14:01:10,SES01794766,SES01794766
3730,179,135,view,2023-08-11 14:19:55,SES01794766,SES01794766
3731,179,194,view,2023-08-11 14:26:44,SES01794766,SES01794766
3732,179,139,cart,2023-08-11 14:36:22,SES01794766,SES01794766
3733,179,87,view,2024-02-05 12:10:42,SES01792426,SES01792426
3734,179,176,view,2024-02-05 12:34:22,SES01792426,SES01792426
3735,179,67,view,2024-02-05 13:00:06,SES01792426,SES01792426
3736,179,25,view,2024-02-05 13:10:51,SES01792426,SES01792426
3737,179,7,view,2024-02-05 13:20:04,SES01792426,SES01792426
3738,179,67,cart,2024-02-05 13:35:25,SES01792426,SES01792426
3739,179,7,cart,2024-02-05 13:38:46,SES01792426,SES01792426
3740,179,174,view,2024-07-25 23:37:21,SES01795000,SES01795000
3741,179,156,view,2024-07-25 23:57:59,SES01795000,SES01795000
3742,179,93,view,2024-07-26 00:09:15,SES01795000,SES01795000
3743,179,156,cart,2024-07-26 00:32:36,SES01795000,SES01795000
3744,180,93,view,2023-04-06 10:52:47,SES01803534,SES01803534
3745,180,168,view,2023-04-06 11:18:26,SES01803534,SES01803534
3746,180,176,view,2023-04-06 11:44:04,SES01803534,SES01803534
3747,180,16,view,2023-04-06 12:01:59,SES01803534,SES01803534
3748,180,143,view,2023-04-06 12:21:15,SES01803534,SES01803534
3749,180,171,view,2023-04-06 12:27:00,SES01803534,SES01803534
3750,180,166,view,2023-04-06 12:35:39,SES01803534,SES01803534
3751,180,16,cart,2023-04-06 12:56:24,SES01803534,SES01803534
3752,180,97,view,2023-03-22 16:21:17,SES01801864,SES01801864
3753,180,18,view,2023-03-22 16:24:31,SES01801864,SES01801864
3754,180,63,view,2023-03-22 16:41:53,SES01801864,SES01801864
3755,180,97,cart,2023-03-22 16:44:54,SES01801864,SES01801864
3756,180,18,cart,2023-03-22 16:51:04,SES01801864,SES01801864
3757,180,86,view,2024-11-03 22:12:43,SES01804627,SES01804627
3758,180,57,view,2024-11-03 22:17:27,SES01804627,SES01804627
3759,180,39,view,2024-11-03 22:29:45,SES01804627,SES01804627
3760,180,67,view,2024-11-03 22:37:35,SES01804627,SES01804627
3761,180,19,view,2024-11-03 22:45:55,SES01804627,SES01804627
3762,180,33,view,2024-11-03 22:58:30,SES01804627,SES01804627
3763,180,96,view,2024-11-03 23:01:08,SES01804627,SES01804627
3764,180,40,view,2024-11-03 23:19:20,SES01804627,SES01804627
3765,180,64,view,2024-11-03 23:35:24,SES01804627,SES01804627
3766,180,116,view,2024-11-03 23:41:33,SES01804627,SES01804627
3767,180,86,cart,2024-11-03 23:46:23,SES01804627,SES01804627
3768,180,40,cart,2024-11-03 23:48:07,SES01804627,SES01804627
3769,180,64,cart,2024-11-03 23:50:12,SES01804627,SES01804627
3770,181,18,view,2023-12-27 23:51:43,SES01811790,SES01811790
3771,181,172,view,2023-12-28 00:11:30,SES01811790,SES01811790
3772,181,68,view,2023-12-28 00:37:32,SES01811790,SES01811790
3773,181,21,view,2023-12-28 00:39:43,SES01811790,SES01811790
3774,181,141,view,2023-12-28 00:45:38,SES01811790,SES01811790
3775,181,58,view,2023-12-28 00:46:42,SES01811790,SES01811790
3776,181,18,cart,2023-12-28 01:05:05,SES01811790,SES01811790
3777,181,172,cart,2023-12-28 01:06:51,SES01811790,SES01811790
3778,181,56,view,2024-07-16 14:50:29,SES01817807,SES01817807
3779,181,92,view,2024-07-16 15:05:54,SES01817807,SES01817807
3780,181,164,view,2024-07-16 15:24:32,SES01817807,SES01817807
3781,181,103,view,2024-07-16 15:48:50,SES01817807,SES01817807
3782,181,73,view,2024-07-16 16:09:53,SES01817807,SES01817807
3783,181,78,view,2024-07-16 16:16:25,SES01817807,SES01817807
3784,181,75,view,2024-07-16 16:39:42,SES01817807,SES01817807
3785,181,182,view,2024-07-16 17:01:32,SES01817807,SES01817807
3786,181,49,view,2024-07-16 17:05:18,SES01817807,SES01817807
3787,181,184,view,2024-07-16 17:07:23,SES01817807,SES01817807
3788,181,56,cart,2024-07-16 17:19:13,SES01817807,SES01817807
3789,181,164,cart,2024-07-16 17:21:15,SES01817807,SES01817807
3790,181,75,cart,2024-07-16 17:28:12,SES01817807,SES01817807
3791,181,49,cart,2024-07-16 17:41:46,SES01817807,SES01817807
3792,181,6,view,2023-04-15 00:09:24,SES01819520,SES01819520
3793,181,34,view,2023-04-15 00:39:22,SES01819520,SES01819520
3794,181,169,view,2023-04-15 01:01:54,SES01819520,SES01819520
3795,181,5,view,2023-04-15 01:11:14,SES01819520,SES01819520
3796,181,98,view,2023-04-15 01:35:48,SES01819520,SES01819520
3797,181,155,view,2023-04-15 01:50:26,SES01819520,SES01819520
3798,181,74,view,2023-04-15 01:55:39,SES01819520,SES01819520
3799,181,169,cart,2023-04-15 02:23:40,SES01819520,SES01819520
3800,181,155,cart,2023-04-15 02:36:24,SES01819520,SES01819520
3801,181,74,cart,2023-04-15 02:51:32,SES01819520,SES01819520
3802,181,186,view,2024-02-02 13:36:20,SES01815083,SES01815083
3803,181,77,view,2024-02-02 13:41:39,SES01815083,SES01815083
3804,181,145,view,2024-02-02 13:58:19,SES01815083,SES01815083
3805,181,38,view,2024-02-02 14:14:42,SES01815083,SES01815083
3806,181,159,view,2024-02-02 14:30:54,SES01815083,SES01815083
3807,181,166,view,2024-02-02 14:54:02,SES01815083,SES01815083
3808,181,82,view,2024-02-02 15:12:21,SES01815083,SES01815083
3809,181,136,view,2024-02-02 15:15:27,SES01815083,SES01815083
3810,181,102,view,2024-02-02 15:35:44,SES01815083,SES01815083
3811,181,165,view,2024-02-02 16:00:39,SES01815083,SES01815083
3812,181,38,cart,2024-02-02 16:18:35,SES01815083,SES01815083
3813,181,165,cart,2024-02-02 16:33:44,SES01815083,SES01815083
3814,182,10,view,2024-06-05 07:52:37,SES01825891,SES01825891
3815,182,19,view,2024-06-05 08:02:07,SES01825891,SES01825891
3816,182,85,view,2024-06-05 08:07:19,SES01825891,SES01825891
3817,182,164,view,2024-04-01 02:32:37,SES01826987,SES01826987
3818,182,131,view,2024-04-01 02:39:56,SES01826987,SES01826987
3819,182,77,view,2024-04-01 02:54:56,SES01826987,SES01826987
3820,182,14,view,2024-04-01 03:17:51,SES01826987,SES01826987
3821,182,183,view,2024-04-01 03:46:28,SES01826987,SES01826987
3822,182,70,view,2024-04-01 04:13:38,SES01826987,SES01826987
3823,182,102,view,2024-04-01 04:36:04,SES01826987,SES01826987
3824,182,13,view,2024-04-01 05:03:21,SES01826987,SES01826987
3825,182,189,view,2024-04-01 05:24:28,SES01826987,SES01826987
3826,182,148,view,2024-04-01 05:26:45,SES01826987,SES01826987
3827,182,14,cart,2024-04-01 05:47:40,SES01826987,SES01826987
3828,182,70,cart,2024-04-01 05:49:58,SES01826987,SES01826987
3829,182,148,cart,2024-04-01 06:02:07,SES01826987,SES01826987
3830,182,182,view,2023-08-26 21:47:05,SES01828984,SES01828984
3831,182,78,view,2023-08-26 21:53:35,SES01828984,SES01828984
3832,182,74,view,2023-08-26 21:57:53,SES01828984,SES01828984
3833,182,42,view,2023-08-26 22:14:59,SES01828984,SES01828984
3834,182,77,view,2023-08-26 22:27:20,SES01828984,SES01828984
3835,182,141,view,2023-08-26 22:48:09,SES01828984,SES01828984
3836,182,155,view,2023-08-26 23:03:30,SES01828984,SES01828984
3837,182,154,view,2023-08-26 23:31:10,SES01828984,SES01828984
3838,182,144,view,2023-08-26 23:59:59,SES01828984,SES01828984
3839,182,155,cart,2023-08-27 00:20:34,SES01828984,SES01828984
3840,183,87,view,2024-06-02 18:15:26,SES01837903,SES01837903
3841,183,91,view,2024-06-02 18:28:11,SES01837903,SES01837903
3842,183,5,view,2024-06-02 18:54:10,SES01837903,SES01837903
3843,183,126,view,2024-06-02 18:56:53,SES01837903,SES01837903
3844,183,85,view,2024-06-02 19:03:34,SES01837903,SES01837903
3845,183,31,view,2024-06-02 19:13:59,SES01837903,SES01837903
3846,183,87,cart,2024-06-02 19:43:31,SES01837903,SES01837903
3847,183,91,cart,2024-06-02 19:51:09,SES01837903,SES01837903
3848,183,126,cart,2024-06-02 20:02:05,SES01837903,SES01837903
3849,183,85,cart,2024-06-02 20:04:06,SES01837903,SES01837903
3850,184,124,view,2024-11-18 22:56:24,SES01848389,SES01848389
3851,184,119,view,2024-11-18 23:07:12,SES01848389,SES01848389
3852,184,126,view,2024-11-18 23:22:21,SES01848389,SES01848389
3853,184,175,view,2024-11-18 23:24:27,SES01848389,SES01848389
3854,184,137,view,2024-11-18 23:45:53,SES01848389,SES01848389
3855,184,198,view,2024-11-18 23:57:55,SES01848389,SES01848389
3856,184,159,view,2024-11-19 00:24:14,SES01848389,SES01848389
3857,184,21,view,2024-11-19 00:53:55,SES01848389,SES01848389
3858,184,96,view,2024-11-19 00:59:49,SES01848389,SES01848389
3859,184,51,view,2024-11-19 01:10:39,SES01848389,SES01848389
3860,184,124,cart,2024-11-19 01:27:48,SES01848389,SES01848389
3861,184,119,cart,2024-11-19 01:31:57,SES01848389,SES01848389
3862,184,126,cart,2024-11-19 01:34:26,SES01848389,SES01848389
3863,184,137,cart,2024-11-19 01:45:34,SES01848389,SES01848389
3864,184,198,cart,2024-11-19 01:56:06,SES01848389,SES01848389
3865,184,96,cart,2024-11-19 02:05:27,SES01848389,SES01848389
3866,184,52,view,2023-12-27 16:23:42,SES01848646,SES01848646
3867,184,87,view,2023-12-27 16:43:09,SES01848646,SES01848646
3868,184,94,view,2023-12-27 16:54:07,SES01848646,SES01848646
3869,184,36,view,2023-12-27 17:08:05,SES01848646,SES01848646
3870,184,45,view,2023-12-27 17:20:12,SES01848646,SES01848646
3871,184,92,view,2023-12-27 17:42:18,SES01848646,SES01848646
3872,184,78,view,2023-12-27 17:47:47,SES01848646,SES01848646
3873,184,108,view,2023-12-27 18:06:16,SES01848646,SES01848646
3874,184,52,cart,2023-12-27 18:15:57,SES01848646,SES01848646
3875,184,92,cart,2023-12-27 18:16:53,SES01848646,SES01848646
3876,184,49,view,2023-11-23 14:19:55,SES01846055,SES01846055
3877,184,168,view,2023-11-23 14:24:57,SES01846055,SES01846055
3878,184,33,view,2023-11-23 14:53:56,SES01846055,SES01846055
3879,184,157,view,2023-11-23 15:19:05,SES01846055,SES01846055
3880,184,168,view,2023-11-23 15:35:33,SES01846055,SES01846055
3881,184,176,view,2023-11-23 15:56:21,SES01846055,SES01846055
3882,184,21,view,2023-11-23 16:09:34,SES01846055,SES01846055
3883,184,124,view,2023-11-23 16:34:24,SES01846055,SES01846055
3884,184,150,view,2023-11-23 16:55:41,SES01846055,SES01846055
3885,184,176,cart,2023-11-23 17:13:25,SES01846055,SES01846055
3886,184,150,cart,2023-11-23 17:15:49,SES01846055,SES01846055
3887,184,172,view,2023-07-15 15:50:38,SES01843680,SES01843680
3888,184,49,view,2023-07-15 16:02:33,SES01843680,SES01843680
3889,184,88,view,2023-07-15 16:09:52,SES01843680,SES01843680
3890,184,88,cart,2023-07-15 16:29:36,SES01843680,SES01843680
3891,185,45,view,2024-06-19 16:17:21,SES01853594,SES01853594
3892,185,196,view,2024-06-19 16:19:23,SES01853594,SES01853594
3893,185,112,view,2024-06-19 16:25:05,SES01853594,SES01853594
3894,185,45,cart,2024-06-19 16:45:12,SES01853594,SES01853594
3895,185,37,view,2023-04-22 23:06:42,SES01854583,SES01854583
3896,185,58,view,2023-04-22 23:19:29,SES01854583,SES01854583
3897,185,77,view,2023-04-22 23:44:30,SES01854583,SES01854583
3898,185,176,view,2023-04-23 00:02:12,SES01854583,SES01854583
3899,185,101,view,2023-04-23 00:12:52,SES01854583,SES01854583
3900,185,150,view,2023-04-23 00:37:23,SES01854583,SES01854583
3901,185,58,cart,2023-04-23 01:02:20,SES01854583,SES01854583
3902,185,101,cart,2023-04-23 01:05:07,SES01854583,SES01854583
3903,186,38,view,2024-03-26 17:38:04,SES01866402,SES01866402
3904,186,156,view,2024-03-26 17:48:18,SES01866402,SES01866402
3905,186,193,view,2024-03-26 17:57:02,SES01866402,SES01866402
3906,186,55,view,2024-03-26 18:11:21,SES01866402,SES01866402
3907,186,114,view,2024-03-26 18:26:33,SES01866402,SES01866402
3908,186,40,view,2024-03-26 18:35:03,SES01866402,SES01866402
3909,186,2,view,2024-03-26 18:38:16,SES01866402,SES01866402
3910,186,154,view,2024-03-26 18:50:38,SES01866402,SES01866402
3911,186,55,cart,2024-03-26 18:53:43,SES01866402,SES01866402
3912,186,40,cart,2024-03-26 19:07:23,SES01866402,SES01866402
3913,186,2,cart,2024-03-26 19:09:53,SES01866402,SES01866402
3914,186,128,view,2023-09-28 04:36:19,SES01866370,SES01866370
3915,186,69,view,2023-09-28 05:01:25,SES01866370,SES01866370
3916,186,145,view,2023-09-28 05:31:02,SES01866370,SES01866370
3917,186,161,view,2023-09-28 05:57:01,SES01866370,SES01866370
3918,186,60,view,2023-09-28 05:59:52,SES01866370,SES01866370
3919,186,178,view,2023-09-28 06:26:23,SES01866370,SES01866370
3920,186,104,view,2023-09-28 06:53:59,SES01866370,SES01866370
3921,186,145,cart,2023-09-28 07:10:21,SES01866370,SES01866370
3922,186,178,cart,2023-09-28 07:25:45,SES01866370,SES01866370
3923,186,193,view,2024-10-17 06:09:13,SES01866679,SES01866679
3924,186,164,view,2024-10-17 06:28:32,SES01866679,SES01866679
3925,186,164,view,2024-10-17 06:30:03,SES01866679,SES01866679
3926,186,87,view,2024-10-17 06:41:54,SES01866679,SES01866679
3927,186,6,view,2024-10-17 06:59:01,SES01866679,SES01866679
3928,186,30,view,2024-10-17 07:09:14,SES01866679,SES01866679
3929,186,167,view,2024-10-17 07:16:36,SES01866679,SES01866679
3930,186,21,view,2024-10-17 07:18:12,SES01866679,SES01866679
3931,186,87,cart,2024-10-17 07:34:25,SES01866679,SES01866679
3932,186,6,cart,2024-10-17 07:47:24,SES01866679,SES01866679
3933,186,89,view,2023-03-06 00:48:58,SES01869996,SES01869996
3934,186,110,view,2023-03-06 00:56:08,SES01869996,SES01869996
3935,186,197,view,2023-03-06 01:23:04,SES01869996,SES01869996
3936,186,99,view,2023-03-06 01:34:18,SES01869996,SES01869996
3937,186,191,view,2023-03-06 01:49:06,SES01869996,SES01869996
3938,186,46,view,2023-03-06 02:03:14,SES01869996,SES01869996
3939,186,99,view,2023-03-06 02:06:47,SES01869996,SES01869996
3940,186,69,view,2023-03-06 02:25:53,SES01869996,SES01869996
3941,186,58,view,2023-03-06 02:26:33,SES01869996,SES01869996
3942,186,197,cart,2023-03-06 02:39:05,SES01869996,SES01869996
3943,186,191,cart,2023-03-06 02:47:31,SES01869996,SES01869996
3944,187,183,view,2023-04-19 23:21:17,SES01877430,SES01877430
3945,187,142,view,2023-04-19 23:25:32,SES01877430,SES01877430
3946,187,112,view,2023-04-19 23:51:07,SES01877430,SES01877430
3947,187,194,view,2023-04-20 00:01:26,SES01877430,SES01877430
3948,187,156,view,2023-04-20 00:30:53,SES01877430,SES01877430
3949,187,16,view,2023-04-20 00:35:30,SES01877430,SES01877430
3950,187,80,view,2023-04-20 00:53:26,SES01877430,SES01877430
3951,187,195,view,2023-04-20 00:59:13,SES01877430,SES01877430
3952,187,96,view,2023-04-20 01:24:29,SES01877430,SES01877430
3953,188,13,view,2024-03-20 14:49:46,SES01887325,SES01887325
3954,188,19,view,2024-03-20 14:52:00,SES01887325,SES01887325
3955,188,128,view,2024-03-20 15:18:44,SES01887325,SES01887325
3956,188,13,cart,2024-03-20 15:20:21,SES01887325,SES01887325
3957,188,173,view,2024-08-10 07:54:25,SES01884797,SES01884797
3958,188,139,view,2024-08-10 08:10:37,SES01884797,SES01884797
3959,188,11,view,2024-08-10 08:39:03,SES01884797,SES01884797
3960,188,133,view,2024-08-10 08:50:45,SES01884797,SES01884797
3961,188,25,view,2024-08-10 08:53:21,SES01884797,SES01884797
3962,188,26,view,2024-08-10 09:00:23,SES01884797,SES01884797
3963,188,11,cart,2024-08-10 09:04:12,SES01884797,SES01884797
3964,188,164,view,2023-08-03 18:41:02,SES01886873,SES01886873
3965,188,132,view,2023-08-03 18:49:56,SES01886873,SES01886873
3966,188,178,view,2023-08-03 19:14:49,SES01886873,SES01886873
3967,188,5,view,2023-08-03 19:24:38,SES01886873,SES01886873
3968,188,68,view,2023-08-03 19:38:25,SES01886873,SES01886873
3969,188,144,view,2023-08-03 19:57:23,SES01886873,SES01886873
3970,188,164,cart,2023-08-03 20:22:06,SES01886873,SES01886873
3971,188,5,cart,2023-08-03 20:34:32,SES01886873,SES01886873
3972,189,183,view,2024-01-27 05:53:46,SES01898048,SES01898048
3973,189,176,view,2024-01-27 06:22:59,SES01898048,SES01898048
3974,189,183,view,2024-01-27 06:39:46,SES01898048,SES01898048
3975,189,167,view,2024-01-27 06:56:03,SES01898048,SES01898048
3976,189,175,view,2024-01-27 07:05:05,SES01898048,SES01898048
3977,189,6,view,2024-01-27 07:25:21,SES01898048,SES01898048
3978,189,51,view,2024-01-27 07:45:08,SES01898048,SES01898048
3979,189,135,view,2024-01-27 07:46:22,SES01898048,SES01898048
3980,189,183,cart,2024-01-27 07:49:54,SES01898048,SES01898048
3981,189,176,cart,2024-01-27 07:50:39,SES01898048,SES01898048
3982,189,175,cart,2024-01-27 07:57:57,SES01898048,SES01898048
3983,189,125,view,2023-03-16 03:22:59,SES01899352,SES01899352
3984,189,124,view,2023-03-16 03:35:46,SES01899352,SES01899352
3985,189,30,view,2023-03-16 03:46:24,SES01899352,SES01899352
3986,189,51,view,2023-03-16 04:11:23,SES01899352,SES01899352
3987,189,180,view,2023-03-16 04:23:55,SES01899352,SES01899352
3988,189,20,view,2023-03-16 04:37:49,SES01899352,SES01899352
3989,189,108,view,2023-03-16 04:40:31,SES01899352,SES01899352
3990,189,180,cart,2023-03-16 04:45:08,SES01899352,SES01899352
3991,189,20,cart,2023-03-16 05:01:46,SES01899352,SES01899352
3992,189,108,cart,2023-03-16 05:11:36,SES01899352,SES01899352
3993,189,55,view,2024-04-09 01:22:32,SES01898273,SES01898273
3994,189,175,view,2024-04-09 01:38:42,SES01898273,SES01898273
3995,189,49,view,2024-04-09 01:42:34,SES01898273,SES01898273
3996,189,5,view,2024-04-09 02:08:48,SES01898273,SES01898273
3997,189,97,view,2024-04-09 02:14:23,SES01898273,SES01898273
3998,189,192,view,2024-03-10 18:53:26,SES01892050,SES01892050
3999,189,151,view,2024-03-10 19:02:46,SES01892050,SES01892050
4000,189,23,view,2024-03-10 19:27:12,SES01892050,SES01892050
4001,189,161,view,2024-03-10 19:52:01,SES01892050,SES01892050
4002,189,74,view,2024-03-10 20:08:15,SES01892050,SES01892050
4003,189,102,view,2024-03-10 20:37:45,SES01892050,SES01892050
4004,189,164,view,2024-03-10 20:47:51,SES01892050,SES01892050
4005,189,80,view,2024-03-10 21:09:38,SES01892050,SES01892050
4006,189,156,view,2024-03-10 21:29:29,SES01892050,SES01892050
4007,189,195,view,2024-03-10 21:57:57,SES01892050,SES01892050
4008,189,192,cart,2024-03-10 22:15:25,SES01892050,SES01892050
4009,189,151,cart,2024-03-10 22:20:03,SES01892050,SES01892050
4010,189,102,cart,2024-03-10 22:35:42,SES01892050,SES01892050
4011,189,164,cart,2024-03-10 22:37:36,SES01892050,SES01892050
4012,189,195,cart,2024-03-10 22:46:12,SES01892050,SES01892050
4013,190,195,view,2024-12-02 21:26:48,SES01909100,SES01909100
4014,190,123,view,2024-12-02 21:33:33,SES01909100,SES01909100
4015,190,114,view,2024-12-02 21:36:09,SES01909100,SES01909100
4016,190,195,cart,2024-12-02 21:53:53,SES01909100,SES01909100
4017,190,114,cart,2024-12-02 22:07:42,SES01909100,SES01909100
4018,190,48,view,2024-02-24 23:57:22,SES01908017,SES01908017
4019,190,56,view,2024-02-25 00:07:24,SES01908017,SES01908017
4020,190,49,view,2024-02-25 00:09:34,SES01908017,SES01908017
4021,190,121,view,2024-02-25 00:12:26,SES01908017,SES01908017
4022,190,37,view,2024-02-25 00:38:26,SES01908017,SES01908017
4023,190,70,view,2024-02-25 01:04:43,SES01908017,SES01908017
4024,190,195,view,2024-02-25 01:26:34,SES01908017,SES01908017
4025,190,81,view,2024-02-25 01:52:15,SES01908017,SES01908017
4026,190,65,view,2024-02-25 02:20:26,SES01908017,SES01908017
4027,190,49,cart,2024-02-25 02:39:48,SES01908017,SES01908017
4028,190,128,view,2024-03-25 05:45:59,SES01907185,SES01907185
4029,190,106,view,2024-03-25 05:52:43,SES01907185,SES01907185
4030,190,158,view,2024-03-25 06:09:41,SES01907185,SES01907185
4031,190,110,view,2024-03-25 06:29:26,SES01907185,SES01907185
4032,190,156,view,2024-03-25 06:38:15,SES01907185,SES01907185
4033,190,43,view,2024-03-25 06:55:19,SES01907185,SES01907185
4034,190,183,view,2024-03-25 07:08:58,SES01907185,SES01907185
4035,190,51,view,2024-03-25 07:35:09,SES01907185,SES01907185
4036,190,108,view,2024-03-25 07:41:12,SES01907185,SES01907185
4037,190,156,cart,2024-03-25 07:57:17,SES01907185,SES01907185
4038,190,51,cart,2024-03-25 08:14:38,SES01907185,SES01907185
4039,190,150,view,2023-03-28 12:11:22,SES01904652,SES01904652
4040,190,58,view,2023-03-28 12:20:08,SES01904652,SES01904652
4041,190,158,view,2023-03-28 12:45:32,SES01904652,SES01904652
4042,190,185,view,2023-03-28 13:04:09,SES01904652,SES01904652
4043,190,82,view,2023-03-28 13:14:07,SES01904652,SES01904652
4044,190,77,view,2023-03-28 13:41:06,SES01904652,SES01904652
4045,190,58,cart,2023-03-28 14:07:48,SES01904652,SES01904652
4046,190,185,cart,2023-03-28 14:08:53,SES01904652,SES01904652
4047,190,82,cart,2023-03-28 14:25:13,SES01904652,SES01904652
4048,191,72,view,2024-07-22 09:55:39,SES01918063,SES01918063
4049,191,100,view,2024-07-22 10:12:19,SES01918063,SES01918063
4050,191,172,view,2024-07-22 10:24:06,SES01918063,SES01918063
4051,191,18,view,2023-09-07 04:49:47,SES01918154,SES01918154
4052,191,93,view,2023-09-07 05:03:16,SES01918154,SES01918154
4053,191,177,view,2023-09-07 05:05:21,SES01918154,SES01918154
4054,191,91,view,2023-09-07 05:25:56,SES01918154,SES01918154
4055,191,120,view,2023-09-07 05:50:46,SES01918154,SES01918154
4056,191,87,view,2023-09-07 06:19:06,SES01918154,SES01918154
4057,191,193,view,2023-09-07 06:24:50,SES01918154,SES01918154
4058,191,50,view,2023-09-07 06:26:02,SES01918154,SES01918154
4059,192,87,view,2023-02-08 00:54:35,SES01924429,SES01924429
4060,192,24,view,2023-02-08 01:22:57,SES01924429,SES01924429
4061,192,38,view,2023-02-08 01:44:09,SES01924429,SES01924429
4062,192,89,view,2023-02-08 01:56:40,SES01924429,SES01924429
4063,192,183,view,2023-02-08 02:15:10,SES01924429,SES01924429
4064,192,116,view,2023-02-08 02:30:55,SES01924429,SES01924429
4065,192,5,view,2023-02-08 02:55:20,SES01924429,SES01924429
4066,192,24,cart,2023-02-08 03:18:57,SES01924429,SES01924429
4067,192,38,cart,2023-02-08 03:31:52,SES01924429,SES01924429
4068,192,89,cart,2023-02-08 03:47:24,SES01924429,SES01924429
4069,192,116,cart,2023-02-08 03:59:50,SES01924429,SES01924429
4070,192,96,view,2023-02-13 13:15:49,SES01922556,SES01922556
4071,192,197,view,2023-02-13 13:26:09,SES01922556,SES01922556
4072,192,195,view,2023-02-13 13:44:50,SES01922556,SES01922556
4073,192,119,view,2023-02-13 14:12:41,SES01922556,SES01922556
4074,192,82,view,2023-02-13 14:41:15,SES01922556,SES01922556
4075,192,74,view,2023-02-13 14:46:19,SES01922556,SES01922556
4076,192,19,view,2023-02-13 15:13:14,SES01922556,SES01922556
4077,192,162,view,2023-02-13 15:24:11,SES01922556,SES01922556
4078,192,119,view,2023-02-13 15:47:14,SES01922556,SES01922556
4079,192,96,cart,2023-02-13 15:50:54,SES01922556,SES01922556
4080,192,119,cart,2023-02-13 15:54:41,SES01922556,SES01922556
4081,192,46,view,2023-04-21 03:28:16,SES01921100,SES01921100
4082,192,175,view,2023-04-21 03:31:00,SES01921100,SES01921100
4083,192,136,view,2023-04-21 03:32:18,SES01921100,SES01921100
4084,192,185,view,2023-04-21 03:44:20,SES01921100,SES01921100
4085,192,156,view,2023-04-21 03:59:23,SES01921100,SES01921100
4086,192,183,view,2023-04-21 04:15:59,SES01921100,SES01921100
4087,192,34,view,2023-04-21 04:25:59,SES01921100,SES01921100
4088,192,73,view,2023-04-21 04:40:25,SES01921100,SES01921100
4089,192,175,cart,2023-04-21 05:08:21,SES01921100,SES01921100
4090,192,136,cart,2023-04-21 05:22:25,SES01921100,SES01921100
4091,192,34,cart,2023-04-21 05:32:59,SES01921100,SES01921100
4092,192,150,view,2023-11-15 02:51:04,SES01925165,SES01925165
4093,192,164,view,2023-11-15 03:02:41,SES01925165,SES01925165
4094,192,135,view,2023-11-15 03:08:15,SES01925165,SES01925165
4095,192,150,cart,2023-11-15 03:28:17,SES01925165,SES01925165
4096,193,143,view,2024-06-18 10:14:59,SES01938106,SES01938106
4097,193,166,view,2024-06-18 10:26:04,SES01938106,SES01938106
4098,193,113,view,2024-06-18 10:48:17,SES01938106,SES01938106
4099,193,21,view,2024-06-18 10:50:50,SES01938106,SES01938106
4100,193,103,view,2024-06-18 11:07:59,SES01938106,SES01938106
4101,193,164,view,2024-06-18 11:32:05,SES01938106,SES01938106
4102,193,143,cart,2024-06-18 11:48:56,SES01938106,SES01938106
4103,193,21,cart,2024-06-18 12:06:12,SES01938106,SES01938106
4104,193,164,cart,2024-06-18 12:22:28,SES01938106,SES01938106
4105,193,124,view,2024-02-05 03:54:28,SES01933965,SES01933965
4106,193,31,view,2024-02-05 04:16:43,SES01933965,SES01933965
4107,193,172,view,2024-02-05 04:46:20,SES01933965,SES01933965
4108,193,92,view,2024-02-05 04:50:55,SES01933965,SES01933965
4109,193,96,view,2024-02-05 05:13:34,SES01933965,SES01933965
4110,193,76,view,2024-02-05 05:31:49,SES01933965,SES01933965
4111,193,14,view,2024-02-05 05:39:14,SES01933965,SES01933965
4112,193,75,view,2024-02-05 05:57:29,SES01933965,SES01933965
4113,193,18,view,2024-02-05 06:05:06,SES01933965,SES01933965
4114,193,96,cart,2024-02-05 06:12:58,SES01933965,SES01933965
4115,193,76,cart,2024-02-05 06:23:20,SES01933965,SES01933965
4116,193,75,cart,2024-02-05 06:32:44,SES01933965,SES01933965
4117,193,50,view,2023-11-16 20:25:22,SES01931774,SES01931774
4118,193,129,view,2023-11-16 20:31:35,SES01931774,SES01931774
4119,193,64,view,2023-11-16 21:01:09,SES01931774,SES01931774
4120,193,176,view,2023-11-16 21:17:07,SES01931774,SES01931774
4121,193,125,view,2023-11-16 21:36:33,SES01931774,SES01931774
4122,193,81,view,2023-11-16 22:01:17,SES01931774,SES01931774
4123,193,119,view,2023-11-16 22:10:20,SES01931774,SES01931774
4124,193,50,cart,2023-11-16 22:23:02,SES01931774,SES01931774
4125,193,129,cart,2023-11-16 22:38:05,SES01931774,SES01931774
4126,193,119,cart,2023-11-16 22:54:59,SES01931774,SES01931774
4127,193,124,view,2024-09-19 00:53:20,SES01939119,SES01939119
4128,193,185,view,2024-09-19 00:55:40,SES01939119,SES01939119
4129,193,106,view,2024-09-19 00:57:48,SES01939119,SES01939119
4130,193,41,view,2024-09-19 01:05:50,SES01939119,SES01939119
4131,193,185,cart,2024-09-19 01:14:00,SES01939119,SES01939119
4132,193,106,cart,2024-09-19 01:16:46,SES01939119,SES01939119
4133,193,41,cart,2024-09-19 01:33:43,SES01939119,SES01939119
4134,194,186,view,2024-03-12 12:33:43,SES01941484,SES01941484
4135,194,119,view,2024-03-12 12:51:55,SES01941484,SES01941484
4136,194,75,view,2024-03-12 13:04:25,SES01941484,SES01941484
4137,194,189,view,2024-03-12 13:32:49,SES01941484,SES01941484
4138,194,163,view,2024-03-12 13:46:26,SES01941484,SES01941484
4139,194,110,view,2024-03-12 13:53:28,SES01941484,SES01941484
4140,194,167,view,2024-03-12 14:05:12,SES01941484,SES01941484
4141,194,186,cart,2024-03-12 14:07:30,SES01941484,SES01941484
4142,194,189,cart,2024-03-12 14:15:42,SES01941484,SES01941484
4143,194,163,cart,2024-03-12 14:26:38,SES01941484,SES01941484
4144,194,110,cart,2024-03-12 14:35:57,SES01941484,SES01941484
4145,194,167,cart,2024-03-12 14:39:14,SES01941484,SES01941484
4146,195,166,view,2024-09-01 09:13:37,SES01959740,SES01959740
4147,195,30,view,2024-09-01 09:42:51,SES01959740,SES01959740
4148,195,6,view,2024-09-01 09:54:26,SES01959740,SES01959740
4149,195,89,view,2024-09-01 10:15:19,SES01959740,SES01959740
4150,195,166,view,2024-09-01 10:28:34,SES01959740,SES01959740
4151,195,75,view,2024-09-01 10:45:39,SES01959740,SES01959740
4152,195,30,cart,2024-09-01 11:14:06,SES01959740,SES01959740
4153,195,182,view,2023-04-08 10:15:31,SES01953448,SES01953448
4154,195,38,view,2023-04-08 10:26:38,SES01953448,SES01953448
4155,195,175,view,2023-04-08 10:44:51,SES01953448,SES01953448
4156,195,192,view,2023-04-08 10:49:26,SES01953448,SES01953448
4157,195,53,view,2023-04-08 11:10:34,SES01953448,SES01953448
4158,195,135,view,2023-04-08 11:36:08,SES01953448,SES01953448
4159,195,5,view,2023-04-08 11:37:58,SES01953448,SES01953448
4160,195,193,view,2023-04-08 11:57:47,SES01953448,SES01953448
4161,195,164,view,2023-04-08 12:27:14,SES01953448,SES01953448
4162,195,192,cart,2023-04-08 12:33:22,SES01953448,SES01953448
4163,195,135,cart,2023-04-08 12:48:31,SES01953448,SES01953448
4164,195,5,cart,2023-04-08 12:54:25,SES01953448,SES01953448
4165,196,127,view,2024-03-28 14:02:17,SES01969019,SES01969019
4166,196,92,view,2024-03-28 14:20:36,SES01969019,SES01969019
4167,196,119,view,2024-03-28 14:31:56,SES01969019,SES01969019
4168,196,7,view,2024-04-04 01:42:12,SES01968384,SES01968384
4169,196,108,view,2024-04-04 01:44:18,SES01968384,SES01968384
4170,196,185,view,2024-04-04 02:10:20,SES01968384,SES01968384
4171,196,91,view,2024-04-04 02:11:32,SES01968384,SES01968384
4172,196,185,view,2024-04-04 02:35:57,SES01968384,SES01968384
4173,196,158,view,2024-04-04 02:57:18,SES01968384,SES01968384
4174,196,23,view,2024-04-04 03:12:31,SES01968384,SES01968384
4175,196,91,cart,2024-04-04 03:39:05,SES01968384,SES01968384
4176,196,193,view,2024-09-22 14:51:04,SES01969238,SES01969238
4177,196,127,view,2024-09-22 14:59:25,SES01969238,SES01969238
4178,196,24,view,2024-09-22 15:25:16,SES01969238,SES01969238
4179,196,74,view,2024-09-22 15:38:47,SES01969238,SES01969238
4180,196,106,view,2024-09-22 15:55:44,SES01969238,SES01969238
4181,196,53,view,2024-09-22 16:17:19,SES01969238,SES01969238
4182,196,57,view,2024-09-22 16:31:08,SES01969238,SES01969238
4183,196,164,view,2024-09-22 16:58:34,SES01969238,SES01969238
4184,196,31,view,2024-09-22 17:26:50,SES01969238,SES01969238
4185,196,74,cart,2024-09-22 17:38:45,SES01969238,SES01969238
4186,196,164,cart,2024-09-22 17:52:33,SES01969238,SES01969238
4187,197,24,view,2023-04-20 12:01:40,SES01973696,SES01973696
4188,197,150,view,2023-04-20 12:08:56,SES01973696,SES01973696
4189,197,147,view,2023-04-20 12:30:17,SES01973696,SES01973696
4190,197,125,view,2023-04-20 12:39:04,SES01973696,SES01973696
4191,197,76,view,2023-04-20 12:53:04,SES01973696,SES01973696
4192,197,84,view,2023-04-20 13:05:54,SES01973696,SES01973696
4193,197,106,view,2023-04-20 13:10:09,SES01973696,SES01973696
4194,197,147,cart,2023-04-20 13:20:11,SES01973696,SES01973696
4195,197,106,cart,2023-04-20 13:30:19,SES01973696,SES01973696
4196,197,12,view,2024-04-01 00:03:47,SES01972564,SES01972564
4197,197,100,view,2024-04-01 00:16:48,SES01972564,SES01972564
4198,197,91,view,2024-04-01 00:45:54,SES01972564,SES01972564
4199,197,36,view,2024-04-01 00:47:41,SES01972564,SES01972564
4200,197,166,view,2024-04-01 01:10:53,SES01972564,SES01972564
4201,197,199,view,2024-04-01 01:29:20,SES01972564,SES01972564
4202,197,16,view,2024-04-01 01:34:36,SES01972564,SES01972564
4203,197,100,cart,2024-04-01 01:47:18,SES01972564,SES01972564
4204,197,16,cart,2024-04-01 02:03:58,SES01972564,SES01972564
4205,197,29,view,2024-12-19 23:38:09,SES01975237,SES01975237
4206,197,178,view,2024-12-20 00:07:54,SES01975237,SES01975237
4207,197,187,view,2024-12-20 00:21:36,SES01975237,SES01975237
4208,197,110,view,2024-12-20 00:49:49,SES01975237,SES01975237
4209,197,45,view,2024-12-20 01:05:23,SES01975237,SES01975237
4210,197,91,view,2024-12-20 01:30:33,SES01975237,SES01975237
4211,197,138,view,2024-12-20 01:55:44,SES01975237,SES01975237
4212,197,180,view,2024-12-20 02:16:59,SES01975237,SES01975237
4213,197,178,cart,2024-12-20 02:45:13,SES01975237,SES01975237
4214,198,105,view,2023-09-26 13:44:51,SES01986809,SES01986809
4215,198,125,view,2023-09-26 14:12:38,SES01986809,SES01986809
4216,198,45,view,2023-09-26 14:23:31,SES01986809,SES01986809
4217,198,91,view,2023-09-26 14:52:10,SES01986809,SES01986809
4218,198,164,view,2023-09-26 14:54:30,SES01986809,SES01986809
4219,198,26,view,2023-09-26 15:03:44,SES01986809,SES01986809
4220,198,68,view,2023-09-26 15:10:15,SES01986809,SES01986809
4221,198,51,view,2023-09-26 15:13:46,SES01986809,SES01986809
4222,198,7,view,2023-09-26 15:34:25,SES01986809,SES01986809
4223,198,18,view,2023-09-26 15:59:55,SES01986809,SES01986809
4224,198,105,cart,2023-09-26 16:14:11,SES01986809,SES01986809
4225,198,45,cart,2023-09-26 16:18:29,SES01986809,SES01986809
4226,198,91,cart,2023-09-26 16:35:45,SES01986809,SES01986809
4227,198,164,cart,2023-09-26 16:36:31,SES01986809,SES01986809
4228,198,150,view,2024-03-06 18:46:38,SES01985843,SES01985843
4229,198,50,view,2024-03-06 18:50:11,SES01985843,SES01985843
4230,198,124,view,2024-03-06 19:17:30,SES01985843,SES01985843
4231,198,124,cart,2024-03-06 19:30:04,SES01985843,SES01985843
4232,199,126,view,2024-11-08 02:25:40,SES01993356,SES01993356
4233,199,74,view,2024-11-08 02:38:34,SES01993356,SES01993356
4234,199,73,view,2024-11-08 03:03:27,SES01993356,SES01993356
4235,199,94,view,2024-11-08 03:15:20,SES01993356,SES01993356
4236,199,182,view,2024-11-08 03:29:41,SES01993356,SES01993356
4237,199,33,view,2024-11-08 03:56:29,SES01993356,SES01993356
4238,199,94,cart,2024-11-08 04:01:43,SES01993356,SES01993356
4239,199,33,cart,2024-11-08 04:14:40,SES01993356,SES01993356
4240,200,52,view,2023-05-08 08:01:44,SES02004027,SES02004027
4241,200,179,view,2023-05-08 08:21:37,SES02004027,SES02004027
4242,200,37,view,2023-05-08 08:31:45,SES02004027,SES02004027
4243,200,165,view,2023-05-08 08:53:59,SES02004027,SES02004027
4244,200,17,view,2023-05-08 08:59:50,SES02004027,SES02004027
4245,200,172,view,2023-05-08 09:05:03,SES02004027,SES02004027
4246,200,96,view,2023-05-08 09:34:13,SES02004027,SES02004027
4247,200,97,view,2023-05-08 09:38:10,SES02004027,SES02004027
4248,200,91,view,2023-05-08 10:04:07,SES02004027,SES02004027
4249,200,74,view,2023-05-08 10:33:28,SES02004027,SES02004027
4250,200,172,cart,2023-05-08 10:42:13,SES02004027,SES02004027
4251,200,97,cart,2023-05-08 10:59:48,SES02004027,SES02004027
4252,200,74,cart,2023-05-08 11:09:27,SES02004027,SES02004027
4253,201,69,view,2023-03-13 14:54:35,SES02014675,SES02014675
4254,201,76,view,2023-03-13 15:24:02,SES02014675,SES02014675
4255,201,85,view,2023-03-13 15:24:53,SES02014675,SES02014675
4256,201,91,view,2023-03-13 15:53:50,SES02014675,SES02014675
4257,201,74,view,2023-03-13 15:59:02,SES02014675,SES02014675
4258,201,10,view,2023-03-13 16:27:27,SES02014675,SES02014675
4259,201,5,view,2023-03-13 16:29:07,SES02014675,SES02014675
4260,201,158,view,2023-03-13 16:41:26,SES02014675,SES02014675
4261,201,144,view,2023-03-13 16:56:31,SES02014675,SES02014675
4262,201,69,cart,2023-03-13 17:20:34,SES02014675,SES02014675
4263,201,76,cart,2023-03-13 17:24:11,SES02014675,SES02014675
4264,201,85,cart,2023-03-13 17:41:02,SES02014675,SES02014675
4265,201,141,view,2023-12-11 13:01:02,SES02013465,SES02013465
4266,201,76,view,2023-12-11 13:12:18,SES02013465,SES02013465
4267,201,77,view,2023-12-11 13:38:22,SES02013465,SES02013465
4268,201,83,view,2023-12-11 13:44:52,SES02013465,SES02013465
4269,201,111,view,2023-12-11 14:11:16,SES02013465,SES02013465
4270,201,164,view,2023-12-11 14:19:14,SES02013465,SES02013465
4271,201,130,view,2023-12-11 14:29:40,SES02013465,SES02013465
4272,201,163,view,2023-12-11 14:32:14,SES02013465,SES02013465
4273,201,150,view,2023-12-11 15:01:37,SES02013465,SES02013465
4274,201,141,cart,2023-12-11 15:15:35,SES02013465,SES02013465
4275,201,77,cart,2023-12-11 15:18:57,SES02013465,SES02013465
4276,201,164,cart,2023-12-11 15:22:59,SES02013465,SES02013465
4277,201,130,cart,2023-12-11 15:28:16,SES02013465,SES02013465
4278,201,165,view,2024-04-03 10:09:44,SES02017499,SES02017499
4279,201,57,view,2024-04-03 10:25:19,SES02017499,SES02017499
4280,201,172,view,2024-04-03 10:54:44,SES02017499,SES02017499
4281,201,33,view,2024-04-03 10:55:25,SES02017499,SES02017499
4282,201,146,view,2024-04-03 11:03:56,SES02017499,SES02017499
4283,201,62,view,2024-04-03 11:24:51,SES02017499,SES02017499
4284,201,180,view,2024-04-03 11:30:23,SES02017499,SES02017499
4285,201,102,view,2024-04-03 11:52:10,SES02017499,SES02017499
4286,201,160,view,2024-04-03 11:54:54,SES02017499,SES02017499
4287,201,165,cart,2024-04-03 12:11:55,SES02017499,SES02017499
4288,201,62,cart,2024-04-03 12:25:49,SES02017499,SES02017499
4289,201,4,view,2024-11-17 03:31:48,SES02012956,SES02012956
4290,201,5,view,2024-11-17 03:58:03,SES02012956,SES02012956
4291,201,177,view,2024-11-17 04:08:20,SES02012956,SES02012956
4292,201,74,view,2024-11-17 04:28:11,SES02012956,SES02012956
4293,201,122,view,2024-11-17 04:57:52,SES02012956,SES02012956
4294,201,131,view,2024-11-17 04:59:42,SES02012956,SES02012956
4295,201,4,cart,2024-11-17 05:03:50,SES02012956,SES02012956
4296,201,5,cart,2024-11-17 05:17:20,SES02012956,SES02012956
4297,201,74,cart,2024-11-17 05:30:02,SES02012956,SES02012956
4298,202,172,view,2023-12-11 20:33:46,SES02027171,SES02027171
4299,202,131,view,2023-12-11 20:43:17,SES02027171,SES02027171
4300,202,12,view,2023-12-11 20:44:32,SES02027171,SES02027171
4301,202,44,view,2023-12-11 20:49:10,SES02027171,SES02027171
4302,202,25,view,2023-12-11 21:08:28,SES02027171,SES02027171
4303,202,55,view,2023-12-11 21:13:48,SES02027171,SES02027171
4304,202,18,view,2023-12-11 21:42:30,SES02027171,SES02027171
4305,202,91,view,2023-12-11 21:51:39,SES02027171,SES02027171
4306,202,92,view,2023-12-11 22:04:54,SES02027171,SES02027171
4307,202,131,cart,2023-12-11 22:18:40,SES02027171,SES02027171
4308,202,44,cart,2023-12-11 22:22:01,SES02027171,SES02027171
4309,202,176,view,2024-08-19 22:46:20,SES02025382,SES02025382
4310,202,87,view,2024-08-19 22:54:07,SES02025382,SES02025382
4311,202,178,view,2024-08-19 22:57:03,SES02025382,SES02025382
4312,202,36,view,2024-08-19 23:22:26,SES02025382,SES02025382
4313,202,50,view,2024-11-12 15:54:55,SES02022965,SES02022965
4314,202,67,view,2024-11-12 15:57:12,SES02022965,SES02022965
4315,202,126,view,2024-11-12 16:04:42,SES02022965,SES02022965
4316,202,77,view,2024-11-12 16:20:03,SES02022965,SES02022965
4317,203,7,view,2024-12-07 04:49:08,SES02033362,SES02033362
4318,203,199,view,2024-12-07 05:04:06,SES02033362,SES02033362
4319,203,199,view,2024-12-07 05:12:12,SES02033362,SES02033362
4320,203,183,view,2024-12-07 05:39:45,SES02033362,SES02033362
4321,203,197,view,2024-12-07 05:52:30,SES02033362,SES02033362
4322,203,124,view,2024-12-07 06:19:20,SES02033362,SES02033362
4323,203,197,cart,2024-12-07 06:39:37,SES02033362,SES02033362
4324,203,117,view,2023-10-19 07:19:56,SES02031218,SES02031218
4325,203,84,view,2023-10-19 07:47:44,SES02031218,SES02031218
4326,203,139,view,2023-10-19 08:13:03,SES02031218,SES02031218
4327,203,87,view,2023-03-01 13:39:24,SES02039354,SES02039354
4328,203,45,view,2023-03-01 13:44:04,SES02039354,SES02039354
4329,203,85,view,2023-03-01 13:56:51,SES02039354,SES02039354
4330,203,186,view,2023-03-01 14:04:24,SES02039354,SES02039354
4331,203,92,view,2023-03-01 14:28:42,SES02039354,SES02039354
4332,203,34,view,2023-03-01 14:43:07,SES02039354,SES02039354
4333,203,104,view,2023-03-01 14:50:30,SES02039354,SES02039354
4334,203,150,view,2023-03-01 14:58:34,SES02039354,SES02039354
4335,203,113,view,2023-03-17 00:05:55,SES02031536,SES02031536
4336,203,147,view,2023-03-17 00:14:22,SES02031536,SES02031536
4337,203,8,view,2023-03-17 00:21:32,SES02031536,SES02031536
4338,203,33,view,2023-03-17 00:32:51,SES02031536,SES02031536
4339,203,69,view,2023-03-17 00:39:44,SES02031536,SES02031536
4340,203,180,view,2023-03-17 00:43:09,SES02031536,SES02031536
4341,203,6,view,2023-03-17 01:09:37,SES02031536,SES02031536
4342,203,162,view,2023-03-17 01:29:07,SES02031536,SES02031536
4343,203,143,view,2023-03-17 01:50:11,SES02031536,SES02031536
4344,203,126,view,2023-03-17 02:09:03,SES02031536,SES02031536
4345,203,113,cart,2023-03-17 02:10:33,SES02031536,SES02031536
4346,203,33,cart,2023-03-17 02:26:37,SES02031536,SES02031536
4347,204,21,view,2023-07-25 01:45:59,SES02045210,SES02045210
4348,204,180,view,2023-07-25 02:01:33,SES02045210,SES02045210
4349,204,69,view,2023-07-25 02:09:24,SES02045210,SES02045210
4350,204,124,view,2023-07-25 02:23:46,SES02045210,SES02045210
4351,204,34,view,2024-11-21 07:12:55,SES02048793,SES02048793
4352,204,74,view,2024-11-21 07:35:59,SES02048793,SES02048793
4353,204,131,view,2024-11-21 07:50:36,SES02048793,SES02048793
4354,204,191,view,2024-11-21 08:13:50,SES02048793,SES02048793
4355,204,33,view,2024-11-21 08:27:50,SES02048793,SES02048793
4356,204,63,view,2024-11-21 08:35:51,SES02048793,SES02048793
4357,204,81,view,2024-11-21 08:49:34,SES02048793,SES02048793
4358,204,34,cart,2024-11-21 09:00:08,SES02048793,SES02048793
4359,204,74,cart,2024-11-21 09:05:38,SES02048793,SES02048793
4360,204,63,cart,2024-11-21 09:11:37,SES02048793,SES02048793
4361,204,154,view,2023-10-17 07:37:52,SES02044723,SES02044723
4362,204,119,view,2023-10-17 07:52:03,SES02044723,SES02044723
4363,204,122,view,2023-10-17 08:19:07,SES02044723,SES02044723
4364,204,114,view,2023-10-17 08:38:07,SES02044723,SES02044723
4365,204,69,view,2023-10-17 09:04:43,SES02044723,SES02044723
4366,204,172,view,2023-10-17 09:28:00,SES02044723,SES02044723
4367,204,6,view,2023-10-17 09:35:51,SES02044723,SES02044723
4368,204,161,view,2023-10-17 09:55:58,SES02044723,SES02044723
4369,204,145,view,2023-10-17 10:19:50,SES02044723,SES02044723
4370,204,119,cart,2023-10-17 10:29:35,SES02044723,SES02044723
4371,204,172,cart,2023-10-17 10:41:24,SES02044723,SES02044723
4372,204,145,cart,2023-10-17 10:42:57,SES02044723,SES02044723
4373,204,131,view,2023-04-28 13:45:42,SES02046197,SES02046197
4374,204,68,view,2023-04-28 13:52:37,SES02046197,SES02046197
4375,204,161,view,2023-04-28 14:05:24,SES02046197,SES02046197
4376,204,100,view,2023-04-28 14:33:02,SES02046197,SES02046197
4377,204,102,view,2023-04-28 14:59:18,SES02046197,SES02046197
4378,204,144,view,2023-04-28 15:25:28,SES02046197,SES02046197
4379,204,18,view,2023-04-28 15:35:39,SES02046197,SES02046197
4380,204,199,view,2023-04-28 15:57:22,SES02046197,SES02046197
4381,204,126,view,2023-04-28 16:20:55,SES02046197,SES02046197
4382,204,168,view,2023-04-28 16:31:09,SES02046197,SES02046197
4383,204,131,cart,2023-04-28 16:54:50,SES02046197,SES02046197
4384,204,161,cart,2023-04-28 17:00:20,SES02046197,SES02046197
4385,204,144,cart,2023-04-28 17:04:39,SES02046197,SES02046197
4386,204,168,cart,2023-04-28 17:13:44,SES02046197,SES02046197
4387,205,147,view,2024-07-27 11:18:49,SES02054222,SES02054222
4388,205,126,view,2024-07-27 11:20:05,SES02054222,SES02054222
4389,205,153,view,2024-07-27 11:21:35,SES02054222,SES02054222
4390,205,124,view,2024-07-27 11:44:00,SES02054222,SES02054222
4391,205,138,view,2024-07-27 11:49:50,SES02054222,SES02054222
4392,205,172,view,2024-07-27 12:14:27,SES02054222,SES02054222
4393,205,168,view,2024-07-27 12:34:41,SES02054222,SES02054222
4394,205,7,view,2024-07-27 12:52:49,SES02054222,SES02054222
4395,205,124,view,2024-07-27 13:05:02,SES02054222,SES02054222
4396,205,141,view,2024-07-27 13:15:02,SES02054222,SES02054222
4397,205,153,cart,2024-07-27 13:25:06,SES02054222,SES02054222
4398,205,172,cart,2024-07-27 13:42:56,SES02054222,SES02054222
4399,205,184,view,2024-01-21 11:32:44,SES02059376,SES02059376
4400,205,64,view,2024-01-21 11:43:36,SES02059376,SES02059376
4401,205,143,view,2024-01-21 12:03:35,SES02059376,SES02059376
4402,205,111,view,2024-01-21 12:22:23,SES02059376,SES02059376
4403,205,146,view,2024-01-21 12:46:59,SES02059376,SES02059376
4404,205,141,view,2024-01-21 12:53:25,SES02059376,SES02059376
4405,205,180,view,2024-01-21 12:55:20,SES02059376,SES02059376
4406,205,156,view,2024-01-21 13:25:10,SES02059376,SES02059376
4407,205,131,view,2024-01-21 13:29:08,SES02059376,SES02059376
4408,205,89,view,2024-01-21 13:33:24,SES02059376,SES02059376
4409,205,64,cart,2024-01-21 13:47:39,SES02059376,SES02059376
4410,205,146,cart,2024-01-21 13:56:03,SES02059376,SES02059376
4411,205,180,cart,2024-01-21 14:05:04,SES02059376,SES02059376
4412,205,156,cart,2024-01-21 14:13:24,SES02059376,SES02059376
4413,205,144,view,2024-05-18 15:20:03,SES02053131,SES02053131
4414,205,4,view,2024-05-18 15:34:28,SES02053131,SES02053131
4415,205,153,view,2024-05-18 15:49:06,SES02053131,SES02053131
4416,205,131,view,2024-05-18 16:08:13,SES02053131,SES02053131
4417,205,131,view,2024-05-18 16:28:58,SES02053131,SES02053131
4418,205,60,view,2024-05-18 16:34:56,SES02053131,SES02053131
4419,205,175,view,2024-12-23 13:38:48,SES02055328,SES02055328
4420,205,64,view,2024-12-23 13:50:52,SES02055328,SES02055328
4421,205,37,view,2024-12-23 14:06:10,SES02055328,SES02055328
4422,205,176,view,2024-12-23 14:30:35,SES02055328,SES02055328
4423,205,186,view,2024-12-23 14:54:11,SES02055328,SES02055328
4424,205,21,view,2024-12-23 15:16:24,SES02055328,SES02055328
4425,205,31,view,2024-12-23 15:23:25,SES02055328,SES02055328
4426,205,189,view,2024-12-23 15:34:15,SES02055328,SES02055328
4427,205,68,view,2024-12-23 15:40:39,SES02055328,SES02055328
4428,205,53,view,2024-12-23 16:08:36,SES02055328,SES02055328
4429,205,189,cart,2024-12-23 16:34:07,SES02055328,SES02055328
4430,206,172,view,2023-09-17 22:14:41,SES02061907,SES02061907
4431,206,176,view,2023-09-17 22:35:16,SES02061907,SES02061907
4432,206,64,view,2023-09-17 22:38:27,SES02061907,SES02061907
4433,206,158,view,2023-09-17 22:56:58,SES02061907,SES02061907
4434,206,162,view,2023-09-17 23:16:21,SES02061907,SES02061907
4435,206,194,view,2023-09-17 23:34:49,SES02061907,SES02061907
4436,206,19,view,2023-09-17 23:54:43,SES02061907,SES02061907
4437,206,172,cart,2023-09-18 00:15:01,SES02061907,SES02061907
4438,207,142,view,2024-02-13 12:13:01,SES02076216,SES02076216
4439,207,47,view,2024-02-13 12:40:49,SES02076216,SES02076216
4440,207,35,view,2024-02-13 13:04:43,SES02076216,SES02076216
4441,207,35,cart,2024-02-13 13:06:54,SES02076216,SES02076216
4442,208,164,view,2023-11-03 06:47:41,SES02085922,SES02085922
4443,208,183,view,2023-11-03 07:06:03,SES02085922,SES02085922
4444,208,45,view,2023-11-03 07:17:22,SES02085922,SES02085922
4445,208,189,view,2023-11-03 07:22:41,SES02085922,SES02085922
4446,208,158,view,2023-11-03 07:50:23,SES02085922,SES02085922
4447,208,162,view,2023-11-03 08:17:03,SES02085922,SES02085922
4448,208,199,view,2023-11-03 08:40:09,SES02085922,SES02085922
4449,208,138,view,2023-11-03 08:58:16,SES02085922,SES02085922
4450,208,189,cart,2023-11-03 09:15:57,SES02085922,SES02085922
4451,209,196,view,2023-08-11 09:45:35,SES02097294,SES02097294
4452,209,191,view,2023-08-11 09:52:33,SES02097294,SES02097294
4453,209,4,view,2023-08-11 10:13:36,SES02097294,SES02097294
4454,209,143,view,2023-08-11 10:17:17,SES02097294,SES02097294
4455,209,126,view,2023-08-11 10:46:43,SES02097294,SES02097294
4456,209,4,cart,2023-08-11 10:58:48,SES02097294,SES02097294
4457,209,143,cart,2023-08-11 11:06:58,SES02097294,SES02097294
4458,209,126,cart,2023-08-11 11:17:03,SES02097294,SES02097294
4459,209,119,view,2024-04-03 22:08:47,SES02092240,SES02092240
4460,209,41,view,2024-04-03 22:30:37,SES02092240,SES02092240
4461,209,137,view,2024-04-03 22:41:36,SES02092240,SES02092240
4462,209,86,view,2024-04-03 22:54:22,SES02092240,SES02092240
4463,210,124,view,2024-03-12 04:44:34,SES02103541,SES02103541
4464,210,145,view,2024-03-12 05:08:02,SES02103541,SES02103541
4465,210,180,view,2024-03-12 05:29:37,SES02103541,SES02103541
4466,210,183,view,2024-03-12 05:48:06,SES02103541,SES02103541
4467,210,45,view,2024-03-12 05:55:15,SES02103541,SES02103541
4468,210,168,view,2024-03-12 06:02:47,SES02103541,SES02103541
4469,210,37,view,2024-03-12 06:31:19,SES02103541,SES02103541
4470,210,36,view,2024-03-12 06:47:53,SES02103541,SES02103541
4471,210,145,cart,2024-03-12 07:01:24,SES02103541,SES02103541
4472,210,183,cart,2024-03-12 07:04:43,SES02103541,SES02103541
4473,210,74,view,2024-11-09 13:17:43,SES02106075,SES02106075
4474,210,103,view,2024-11-09 13:46:13,SES02106075,SES02106075
4475,210,37,view,2024-11-09 14:08:09,SES02106075,SES02106075
4476,210,117,view,2024-11-09 14:10:12,SES02106075,SES02106075
4477,210,24,view,2024-11-09 14:26:52,SES02106075,SES02106075
4478,210,4,view,2024-11-09 14:54:57,SES02106075,SES02106075
4479,210,194,view,2024-11-09 15:09:40,SES02106075,SES02106075
4480,210,200,view,2024-11-09 15:22:07,SES02106075,SES02106075
4481,210,37,cart,2024-11-09 15:31:51,SES02106075,SES02106075
4482,210,200,cart,2024-11-09 15:32:28,SES02106075,SES02106075
4483,211,100,view,2024-08-09 15:27:05,SES02118970,SES02118970
4484,211,172,view,2024-08-09 15:50:47,SES02118970,SES02118970
4485,211,158,view,2024-08-09 16:00:04,SES02118970,SES02118970
4486,211,193,view,2024-08-09 16:23:06,SES02118970,SES02118970
4487,211,86,view,2024-08-09 16:30:49,SES02118970,SES02118970
4488,211,175,view,2024-08-09 16:37:52,SES02118970,SES02118970
4489,211,172,cart,2024-08-09 16:47:18,SES02118970,SES02118970
4490,211,86,cart,2024-08-09 17:03:27,SES02118970,SES02118970
4491,211,77,view,2023-12-17 03:39:59,SES02118051,SES02118051
4492,211,44,view,2023-12-17 04:06:38,SES02118051,SES02118051
4493,211,112,view,2023-12-17 04:21:53,SES02118051,SES02118051
4494,211,49,view,2023-12-17 04:30:58,SES02118051,SES02118051
4495,211,44,cart,2023-12-17 04:40:46,SES02118051,SES02118051
4496,211,49,cart,2023-12-17 04:57:11,SES02118051,SES02118051
4497,211,39,view,2024-03-01 19:30:55,SES02118753,SES02118753
4498,211,20,view,2024-03-01 19:53:18,SES02118753,SES02118753
4499,211,80,view,2024-03-01 20:03:14,SES02118753,SES02118753
4500,211,130,view,2024-03-01 20:07:12,SES02118753,SES02118753
4501,211,102,view,2024-03-01 20:24:10,SES02118753,SES02118753
4502,211,196,view,2024-03-01 20:37:41,SES02118753,SES02118753
4503,211,91,view,2024-03-01 20:47:03,SES02118753,SES02118753
4504,211,6,view,2024-03-01 21:16:22,SES02118753,SES02118753
4505,211,119,view,2024-03-01 21:23:47,SES02118753,SES02118753
4506,211,39,cart,2024-03-01 21:37:12,SES02118753,SES02118753
4507,211,196,cart,2024-03-01 21:49:11,SES02118753,SES02118753
4508,211,18,view,2024-04-09 08:50:46,SES02112908,SES02112908
4509,211,96,view,2024-04-09 08:56:00,SES02112908,SES02112908
4510,211,176,view,2024-04-09 09:00:46,SES02112908,SES02112908
4511,211,74,view,2024-04-09 09:16:17,SES02112908,SES02112908
4512,211,77,view,2024-04-09 09:32:02,SES02112908,SES02112908
4513,211,58,view,2024-04-09 09:45:42,SES02112908,SES02112908
4514,211,110,view,2024-04-09 09:57:34,SES02112908,SES02112908
4515,211,65,view,2024-04-09 10:22:08,SES02112908,SES02112908
4516,211,97,view,2024-04-09 10:45:49,SES02112908,SES02112908
4517,211,18,cart,2024-04-09 11:13:24,SES02112908,SES02112908
4518,212,67,view,2023-09-02 10:37:00,SES02121663,SES02121663
4519,212,159,view,2023-09-02 10:54:24,SES02121663,SES02121663
4520,212,97,view,2023-09-02 11:03:09,SES02121663,SES02121663
4521,212,87,view,2023-09-02 11:30:58,SES02121663,SES02121663
4522,212,124,view,2023-09-02 11:40:06,SES02121663,SES02121663
4523,212,67,view,2023-09-02 11:44:24,SES02121663,SES02121663
4524,212,74,view,2023-09-02 12:04:20,SES02121663,SES02121663
4525,212,126,view,2023-09-02 12:30:30,SES02121663,SES02121663
4526,212,67,cart,2023-09-02 12:34:08,SES02121663,SES02121663
4527,212,97,cart,2023-09-02 12:41:12,SES02121663,SES02121663
4528,212,124,cart,2023-09-02 12:55:35,SES02121663,SES02121663
4529,212,126,cart,2023-09-02 13:11:26,SES02121663,SES02121663
4530,212,158,view,2023-04-19 12:51:10,SES02128738,SES02128738
4531,212,31,view,2023-04-19 13:06:08,SES02128738,SES02128738
4532,212,91,view,2023-04-19 13:25:14,SES02128738,SES02128738
4533,212,1,view,2023-04-19 13:44:26,SES02128738,SES02128738
4534,212,112,view,2023-04-19 13:59:52,SES02128738,SES02128738
4535,212,158,cart,2023-04-19 14:25:44,SES02128738,SES02128738
4536,212,1,cart,2023-04-19 14:33:43,SES02128738,SES02128738
4537,213,9,view,2023-03-28 13:54:24,SES02138465,SES02138465
4538,213,113,view,2023-03-28 14:15:10,SES02138465,SES02138465
4539,213,126,view,2023-03-28 14:24:21,SES02138465,SES02138465
4540,213,113,view,2023-03-28 14:54:14,SES02138465,SES02138465
4541,213,172,view,2023-03-28 15:14:18,SES02138465,SES02138465
4542,213,189,view,2023-03-28 15:27:56,SES02138465,SES02138465
4543,213,196,view,2023-03-28 15:32:40,SES02138465,SES02138465
4544,213,168,view,2023-03-28 15:45:01,SES02138465,SES02138465
4545,213,163,view,2023-03-28 16:13:25,SES02138465,SES02138465
4546,213,172,cart,2023-03-28 16:40:19,SES02138465,SES02138465
4547,213,196,cart,2023-03-28 16:47:57,SES02138465,SES02138465
4548,213,168,cart,2023-03-28 16:51:08,SES02138465,SES02138465
4549,213,158,view,2023-04-01 10:39:19,SES02136662,SES02136662
4550,213,96,view,2023-04-01 10:49:18,SES02136662,SES02136662
4551,213,31,view,2023-04-01 11:07:04,SES02136662,SES02136662
4552,213,104,view,2023-04-01 11:32:22,SES02136662,SES02136662
4553,213,31,cart,2023-04-01 12:01:07,SES02136662,SES02136662
4554,213,164,view,2024-09-01 15:21:45,SES02138542,SES02138542
4555,213,150,view,2024-09-01 15:37:41,SES02138542,SES02138542
4556,213,171,view,2024-09-01 16:03:52,SES02138542,SES02138542
4557,213,83,view,2024-09-01 16:32:16,SES02138542,SES02138542
4558,213,160,view,2024-09-01 16:33:51,SES02138542,SES02138542
4559,213,77,view,2024-09-01 16:47:46,SES02138542,SES02138542
4560,213,137,view,2024-09-01 17:08:54,SES02138542,SES02138542
4561,213,34,view,2024-09-01 17:10:12,SES02138542,SES02138542
4562,213,164,cart,2024-09-01 17:13:13,SES02138542,SES02138542
4563,213,150,cart,2024-09-01 17:18:02,SES02138542,SES02138542
4564,213,160,cart,2024-09-01 17:26:28,SES02138542,SES02138542
4565,213,77,cart,2024-09-01 17:27:33,SES02138542,SES02138542
4566,213,137,cart,2024-09-01 17:44:22,SES02138542,SES02138542
4567,213,28,view,2023-12-15 18:56:52,SES02139531,SES02139531
4568,213,197,view,2023-12-15 19:11:22,SES02139531,SES02139531
4569,213,157,view,2023-12-15 19:26:04,SES02139531,SES02139531
4570,213,41,view,2023-12-15 19:26:44,SES02139531,SES02139531
4571,213,21,view,2023-12-15 19:53:24,SES02139531,SES02139531
4572,213,21,cart,2023-12-15 20:14:14,SES02139531,SES02139531
4573,214,96,view,2023-11-14 14:10:12,SES02147964,SES02147964
4574,214,145,view,2023-11-14 14:32:24,SES02147964,SES02147964
4575,214,14,view,2023-11-14 14:55:09,SES02147964,SES02147964
4576,214,90,view,2023-11-14 15:05:22,SES02147964,SES02147964
4577,214,110,view,2023-11-14 15:08:55,SES02147964,SES02147964
4578,214,199,view,2023-11-14 15:09:37,SES02147964,SES02147964
4579,214,78,view,2023-11-14 15:37:57,SES02147964,SES02147964
4580,214,81,view,2023-11-14 16:00:49,SES02147964,SES02147964
4581,214,168,view,2023-11-14 16:21:05,SES02147964,SES02147964
4582,214,145,cart,2023-11-14 16:34:40,SES02147964,SES02147964
4583,214,90,cart,2023-11-14 16:44:01,SES02147964,SES02147964
4584,214,110,cart,2023-11-14 16:45:44,SES02147964,SES02147964
4585,214,164,view,2024-11-05 06:21:31,SES02146245,SES02146245
4586,214,168,view,2024-11-05 06:45:25,SES02146245,SES02146245
4587,214,137,view,2024-11-05 06:48:32,SES02146245,SES02146245
4588,214,14,view,2024-11-05 06:50:53,SES02146245,SES02146245
4589,214,7,view,2024-11-05 07:05:13,SES02146245,SES02146245
4590,214,67,view,2024-11-05 07:33:44,SES02146245,SES02146245
4591,214,29,view,2024-11-05 07:56:46,SES02146245,SES02146245
4592,214,164,cart,2024-11-05 08:14:25,SES02146245,SES02146245
4593,214,14,cart,2024-11-05 08:26:04,SES02146245,SES02146245
4594,214,29,cart,2024-11-05 08:37:37,SES02146245,SES02146245
4595,215,14,view,2023-09-23 08:28:42,SES02154784,SES02154784
4596,215,13,view,2023-09-23 08:47:42,SES02154784,SES02154784
4597,215,175,view,2023-09-23 08:48:59,SES02154784,SES02154784
4598,215,76,view,2023-09-23 09:15:17,SES02154784,SES02154784
4599,215,70,view,2023-09-23 09:32:40,SES02154784,SES02154784
4600,215,192,view,2023-09-23 09:53:18,SES02154784,SES02154784
4601,215,124,view,2023-09-23 10:21:09,SES02154784,SES02154784
4602,215,34,view,2023-09-23 10:33:03,SES02154784,SES02154784
4603,215,13,cart,2023-09-23 10:51:30,SES02154784,SES02154784
4604,216,71,view,2023-03-13 09:31:08,SES02167451,SES02167451
4605,216,74,view,2023-03-13 09:47:08,SES02167451,SES02167451
4606,216,115,view,2023-03-13 09:54:14,SES02167451,SES02167451
4607,216,161,view,2023-03-13 10:05:06,SES02167451,SES02167451
4608,216,112,view,2023-03-13 10:28:42,SES02167451,SES02167451
4609,216,115,cart,2023-03-13 10:52:01,SES02167451,SES02167451
4610,216,158,view,2023-05-22 19:02:49,SES02167667,SES02167667
4611,216,62,view,2023-05-22 19:30:05,SES02167667,SES02167667
4612,216,50,view,2023-05-22 19:51:33,SES02167667,SES02167667
4613,217,27,view,2024-08-04 09:00:43,SES02179123,SES02179123
4614,217,97,view,2024-08-04 09:04:43,SES02179123,SES02179123
4615,217,126,view,2024-08-04 09:17:01,SES02179123,SES02179123
4616,217,114,view,2024-08-04 09:29:33,SES02179123,SES02179123
4617,217,101,view,2024-08-04 09:45:50,SES02179123,SES02179123
4618,217,19,view,2024-08-04 10:02:56,SES02179123,SES02179123
4619,217,174,view,2024-08-04 10:10:05,SES02179123,SES02179123
4620,217,193,view,2024-08-04 10:11:12,SES02179123,SES02179123
4621,217,113,view,2024-08-04 10:37:02,SES02179123,SES02179123
4622,217,97,cart,2024-08-04 10:53:40,SES02179123,SES02179123
4623,217,126,cart,2024-08-04 10:56:56,SES02179123,SES02179123
4624,217,114,cart,2024-08-04 11:05:11,SES02179123,SES02179123
4625,217,101,cart,2024-08-04 11:07:43,SES02179123,SES02179123
4626,217,89,view,2023-06-15 12:37:32,SES02174588,SES02174588
4627,217,165,view,2023-06-15 12:46:22,SES02174588,SES02174588
4628,217,39,view,2023-06-15 12:48:03,SES02174588,SES02174588
4629,217,164,view,2023-06-15 12:50:25,SES02174588,SES02174588
4630,217,182,view,2023-06-15 13:07:36,SES02174588,SES02174588
4631,217,80,view,2023-06-15 13:23:04,SES02174588,SES02174588
4632,217,113,view,2023-06-15 13:46:42,SES02174588,SES02174588
4633,217,161,view,2023-06-15 13:50:49,SES02174588,SES02174588
4634,217,129,view,2023-06-15 14:17:59,SES02174588,SES02174588
4635,217,73,view,2023-06-15 14:37:46,SES02174588,SES02174588
4636,217,164,cart,2023-06-15 14:41:00,SES02174588,SES02174588
4637,217,182,cart,2023-06-15 14:49:23,SES02174588,SES02174588
4638,217,161,cart,2023-06-15 15:05:35,SES02174588,SES02174588
4639,217,195,view,2023-04-12 05:27:16,SES02175340,SES02175340
4640,217,149,view,2023-04-12 05:36:16,SES02175340,SES02175340
4641,217,113,view,2023-04-12 06:05:51,SES02175340,SES02175340
4642,217,139,view,2023-04-12 06:14:00,SES02175340,SES02175340
4643,217,131,view,2023-04-12 06:34:00,SES02175340,SES02175340
4644,217,168,view,2023-04-12 06:59:17,SES02175340,SES02175340
4645,217,159,view,2023-04-12 07:23:21,SES02175340,SES02175340
4646,217,195,cart,2023-04-12 07:27:19,SES02175340,SES02175340
4647,217,139,cart,2023-04-12 07:28:17,SES02175340,SES02175340
4648,217,158,view,2024-11-08 19:25:59,SES02179971,SES02179971
4649,217,73,view,2024-11-08 19:30:08,SES02179971,SES02179971
4650,217,42,view,2024-11-08 19:43:34,SES02179971,SES02179971
4651,217,109,view,2024-11-08 20:09:00,SES02179971,SES02179971
4652,217,92,view,2024-11-08 20:35:53,SES02179971,SES02179971
4653,217,152,view,2024-11-08 20:36:35,SES02179971,SES02179971
4654,217,112,view,2024-11-08 20:42:11,SES02179971,SES02179971
4655,217,143,view,2024-11-08 21:03:11,SES02179971,SES02179971
4656,217,158,cart,2024-11-08 21:09:23,SES02179971,SES02179971
4657,217,73,cart,2024-11-08 21:24:26,SES02179971,SES02179971
4658,217,152,cart,2024-11-08 21:28:39,SES02179971,SES02179971
4659,218,180,view,2023-04-19 21:22:17,SES02186899,SES02186899
4660,218,137,view,2023-04-19 21:33:41,SES02186899,SES02186899
4661,218,165,view,2023-04-19 22:00:49,SES02186899,SES02186899
4662,218,179,view,2023-04-19 22:16:13,SES02186899,SES02186899
4663,218,77,view,2023-04-19 22:18:38,SES02186899,SES02186899
4664,218,165,cart,2023-04-19 22:45:50,SES02186899,SES02186899
4665,218,179,cart,2023-04-19 22:47:41,SES02186899,SES02186899
4666,218,77,cart,2023-04-19 22:55:06,SES02186899,SES02186899
4667,219,37,view,2023-09-16 16:59:06,SES02194020,SES02194020
4668,219,108,view,2023-09-16 17:12:50,SES02194020,SES02194020
4669,219,102,view,2023-09-16 17:34:38,SES02194020,SES02194020
4670,219,56,view,2023-09-16 17:48:08,SES02194020,SES02194020
4671,219,180,view,2023-09-16 18:01:31,SES02194020,SES02194020
4672,219,32,view,2023-09-16 18:20:11,SES02194020,SES02194020
4673,220,168,view,2023-11-19 09:17:38,SES02208500,SES02208500
4674,220,47,view,2023-11-19 09:42:36,SES02208500,SES02208500
4675,220,112,view,2023-11-19 10:05:16,SES02208500,SES02208500
4676,220,140,view,2023-11-19 10:17:43,SES02208500,SES02208500
4677,220,112,view,2023-11-19 10:33:09,SES02208500,SES02208500
4678,220,197,view,2023-11-19 10:54:37,SES02208500,SES02208500
4679,220,185,view,2023-03-02 06:04:25,SES02209214,SES02209214
4680,220,154,view,2023-03-02 06:18:15,SES02209214,SES02209214
4681,220,49,view,2023-03-02 06:19:17,SES02209214,SES02209214
4682,220,26,view,2023-03-02 06:27:02,SES02209214,SES02209214
4683,220,185,cart,2023-03-02 06:28:51,SES02209214,SES02209214
4684,220,49,cart,2023-03-02 06:40:50,SES02209214,SES02209214
4685,220,26,cart,2023-03-02 06:55:16,SES02209214,SES02209214
4686,220,38,view,2023-07-13 12:17:34,SES02202570,SES02202570
4687,220,95,view,2023-07-13 12:43:42,SES02202570,SES02202570
4688,220,120,view,2023-07-13 13:09:55,SES02202570,SES02202570
4689,220,126,view,2023-12-04 11:17:49,SES02206986,SES02206986
4690,220,123,view,2023-12-04 11:27:45,SES02206986,SES02206986
4691,220,23,view,2023-12-04 11:51:58,SES02206986,SES02206986
4692,220,112,view,2023-12-04 11:53:12,SES02206986,SES02206986
4693,220,62,view,2023-12-04 12:04:54,SES02206986,SES02206986
4694,220,21,view,2023-12-04 12:18:02,SES02206986,SES02206986
4695,220,123,cart,2023-12-04 12:33:20,SES02206986,SES02206986
4696,220,112,cart,2023-12-04 12:41:05,SES02206986,SES02206986
4697,221,189,view,2024-04-18 20:38:08,SES02213351,SES02213351
4698,221,193,view,2024-04-18 20:43:02,SES02213351,SES02213351
4699,221,25,view,2024-04-18 21:11:48,SES02213351,SES02213351
4700,221,167,view,2024-04-18 21:24:56,SES02213351,SES02213351
4701,221,199,view,2024-04-18 21:44:23,SES02213351,SES02213351
4702,221,167,cart,2024-04-18 22:12:42,SES02213351,SES02213351
4703,221,199,cart,2024-04-18 22:18:20,SES02213351,SES02213351
4704,221,12,view,2024-11-21 00:25:08,SES02218865,SES02218865
4705,221,200,view,2024-11-21 00:51:13,SES02218865,SES02218865
4706,221,110,view,2024-11-21 01:04:15,SES02218865,SES02218865
4707,221,80,view,2024-11-21 01:16:29,SES02218865,SES02218865
4708,221,12,cart,2024-11-21 01:44:30,SES02218865,SES02218865
4709,221,80,cart,2024-11-21 01:51:55,SES02218865,SES02218865
4710,222,21,view,2024-04-08 15:12:03,SES02222863,SES02222863
4711,222,65,view,2024-04-08 15:34:22,SES02222863,SES02222863
4712,222,46,view,2024-04-08 15:46:28,SES02222863,SES02222863
4713,222,6,view,2024-04-08 15:58:46,SES02222863,SES02222863
4714,222,135,view,2024-04-08 16:00:31,SES02222863,SES02222863
4715,222,133,view,2024-04-08 16:01:20,SES02222863,SES02222863
4716,222,193,view,2024-04-08 16:07:09,SES02222863,SES02222863
4717,222,8,view,2024-04-08 16:26:55,SES02222863,SES02222863
4718,222,17,view,2024-04-08 16:35:53,SES02222863,SES02222863
4719,222,176,view,2024-04-08 16:44:53,SES02222863,SES02222863
4720,222,133,cart,2024-04-08 17:09:44,SES02222863,SES02222863
4721,222,193,cart,2024-04-08 17:26:41,SES02222863,SES02222863
4722,222,60,view,2024-03-22 21:11:49,SES02224394,SES02224394
4723,222,28,view,2024-03-22 21:35:04,SES02224394,SES02224394
4724,222,131,view,2024-03-22 21:46:29,SES02224394,SES02224394
4725,222,178,view,2024-03-22 21:53:59,SES02224394,SES02224394
4726,222,57,view,2024-03-22 21:57:06,SES02224394,SES02224394
4727,222,149,view,2024-03-22 22:13:29,SES02224394,SES02224394
4728,222,176,view,2024-03-22 22:37:14,SES02224394,SES02224394
4729,222,69,view,2024-03-22 22:48:27,SES02224394,SES02224394
4730,222,28,cart,2024-03-22 22:56:56,SES02224394,SES02224394
4731,222,176,cart,2024-03-22 23:04:29,SES02224394,SES02224394
4732,223,65,view,2024-11-21 20:23:41,SES02238832,SES02238832
4733,223,186,view,2024-11-21 20:40:08,SES02238832,SES02238832
4734,223,123,view,2024-11-21 20:51:21,SES02238832,SES02238832
4735,223,168,view,2023-11-15 04:06:40,SES02231888,SES02231888
4736,223,164,view,2023-11-15 04:07:20,SES02231888,SES02231888
4737,223,198,view,2023-11-15 04:13:36,SES02231888,SES02231888
4738,223,153,view,2023-11-15 04:21:09,SES02231888,SES02231888
4739,223,153,cart,2023-11-15 04:45:27,SES02231888,SES02231888
4740,224,40,view,2023-01-07 10:11:00,SES02247647,SES02247647
4741,224,42,view,2023-01-07 10:23:19,SES02247647,SES02247647
4742,224,195,view,2023-01-07 10:51:27,SES02247647,SES02247647
4743,224,17,view,2023-01-07 10:58:51,SES02247647,SES02247647
4744,224,126,view,2023-01-07 11:10:36,SES02247647,SES02247647
4745,224,20,view,2023-01-07 11:19:48,SES02247647,SES02247647
4746,224,87,view,2023-01-07 11:46:59,SES02247647,SES02247647
4747,224,64,view,2023-01-07 12:15:37,SES02247647,SES02247647
4748,224,164,view,2023-01-07 12:21:49,SES02247647,SES02247647
4749,224,195,cart,2023-01-07 12:22:39,SES02247647,SES02247647
4750,224,126,cart,2023-01-07 12:33:45,SES02247647,SES02247647
4751,224,64,cart,2023-01-07 12:45:26,SES02247647,SES02247647
4752,224,169,view,2023-08-01 10:26:49,SES02242205,SES02242205
4753,224,54,view,2023-08-01 10:35:10,SES02242205,SES02242205
4754,224,81,view,2023-08-01 10:42:49,SES02242205,SES02242205
4755,224,171,view,2023-08-01 11:11:12,SES02242205,SES02242205
4756,224,200,view,2023-08-01 11:16:13,SES02242205,SES02242205
4757,224,83,view,2023-08-01 11:22:16,SES02242205,SES02242205
4758,224,84,view,2023-08-01 11:50:10,SES02242205,SES02242205
4759,224,108,view,2023-08-01 12:06:16,SES02242205,SES02242205
4760,224,96,view,2023-08-01 12:29:08,SES02242205,SES02242205
4761,224,82,view,2023-08-01 12:43:49,SES02242205,SES02242205
4762,224,171,cart,2023-08-01 12:47:17,SES02242205,SES02242205
4763,224,82,cart,2023-08-01 12:53:08,SES02242205,SES02242205
4764,224,123,purchase,2023-08-01 12:07:26,SES02242205,SES02242205
4765,224,162,purchase,2023-08-01 12:11:34,SES02242205,SES02242205
4766,224,24,purchase,2023-08-01 11:25:33,SES02242205,SES02242205
4767,224,136,purchase,2023-08-01 11:16:05,SES02242205,SES02242205
4768,224,89,view,2024-12-23 21:49:22,SES02249126,SES02249126
4769,224,31,view,2024-12-23 22:10:38,SES02249126,SES02249126
4770,224,119,view,2024-12-23 22:36:03,SES02249126,SES02249126
4771,224,191,view,2024-12-23 22:52:03,SES02249126,SES02249126
4772,224,118,view,2024-12-23 23:16:23,SES02249126,SES02249126
4773,224,119,cart,2024-12-23 23:20:23,SES02249126,SES02249126
4774,224,118,cart,2024-12-23 23:36:02,SES02249126,SES02249126
4775,225,199,view,2024-03-04 05:18:44,SES02255228,SES02255228
4776,225,183,view,2024-03-04 05:21:31,SES02255228,SES02255228
4777,225,194,view,2024-03-04 05:43:54,SES02255228,SES02255228
4778,225,98,view,2024-03-04 06:10:50,SES02255228,SES02255228
4779,225,20,view,2024-03-04 06:37:27,SES02255228,SES02255228
4780,225,146,view,2024-03-04 06:45:48,SES02255228,SES02255228
4781,225,48,view,2024-03-04 07:03:15,SES02255228,SES02255228
4782,225,146,cart,2024-03-04 07:30:58,SES02255228,SES02255228
4783,226,181,view,2023-04-21 02:59:31,SES02264146,SES02264146
4784,226,21,view,2023-04-21 03:06:38,SES02264146,SES02264146
4785,226,9,view,2023-04-21 03:09:53,SES02264146,SES02264146
4786,226,25,view,2023-04-21 03:38:29,SES02264146,SES02264146
4787,226,141,view,2023-04-21 03:57:39,SES02264146,SES02264146
4788,226,12,view,2023-04-21 04:17:22,SES02264146,SES02264146
4789,226,24,view,2023-04-21 04:31:20,SES02264146,SES02264146
4790,226,32,view,2023-04-21 04:32:49,SES02264146,SES02264146
4791,226,51,view,2023-04-21 04:40:36,SES02264146,SES02264146
4792,226,25,cart,2023-04-21 04:50:32,SES02264146,SES02264146
4793,226,141,cart,2023-04-21 05:06:59,SES02264146,SES02264146
4794,227,31,view,2024-10-18 04:54:18,SES02277534,SES02277534
4795,227,180,view,2024-10-18 04:59:58,SES02277534,SES02277534
4796,227,49,view,2024-10-18 05:28:48,SES02277534,SES02277534
4797,227,164,view,2024-10-18 05:50:12,SES02277534,SES02277534
4798,227,180,cart,2024-10-18 06:15:34,SES02277534,SES02277534
4799,227,193,view,2023-12-09 16:09:08,SES02277484,SES02277484
4800,227,18,view,2023-12-09 16:33:09,SES02277484,SES02277484
4801,227,96,view,2023-12-09 16:46:10,SES02277484,SES02277484
4802,227,199,view,2023-12-09 17:01:48,SES02277484,SES02277484
4803,227,69,view,2023-12-09 17:14:10,SES02277484,SES02277484
4804,227,160,view,2023-12-09 17:21:22,SES02277484,SES02277484
4805,227,96,cart,2023-12-09 17:45:41,SES02277484,SES02277484
4806,227,160,cart,2023-12-09 18:02:17,SES02277484,SES02277484
4807,228,164,view,2024-02-10 13:16:20,SES02283406,SES02283406
4808,228,54,view,2024-02-10 13:17:12,SES02283406,SES02283406
4809,228,192,view,2024-02-10 13:18:48,SES02283406,SES02283406
4810,228,162,view,2024-02-10 13:28:55,SES02283406,SES02283406
4811,228,64,view,2024-02-10 13:53:40,SES02283406,SES02283406
4812,228,168,view,2024-02-10 13:57:18,SES02283406,SES02283406
4813,228,164,cart,2024-02-10 14:18:13,SES02283406,SES02283406
4814,228,162,cart,2024-02-10 14:29:58,SES02283406,SES02283406
4815,228,64,cart,2024-02-10 14:43:30,SES02283406,SES02283406
4816,228,140,view,2023-11-16 17:38:54,SES02282723,SES02282723
4817,228,119,view,2023-11-16 17:59:37,SES02282723,SES02282723
4818,228,127,view,2023-11-16 18:09:40,SES02282723,SES02282723
4819,228,140,cart,2023-11-16 18:32:15,SES02282723,SES02282723
4820,228,72,view,2024-04-21 08:40:18,SES02281224,SES02281224
4821,228,113,view,2024-04-21 08:54:56,SES02281224,SES02281224
4822,228,55,view,2024-04-21 08:58:18,SES02281224,SES02281224
4823,228,152,view,2024-04-21 09:11:26,SES02281224,SES02281224
4824,228,85,view,2024-04-21 09:34:44,SES02281224,SES02281224
4825,228,142,view,2024-04-21 09:39:55,SES02281224,SES02281224
4826,228,142,view,2024-04-21 10:08:29,SES02281224,SES02281224
4827,228,135,view,2024-04-21 10:33:41,SES02281224,SES02281224
4828,228,57,view,2024-04-21 10:36:32,SES02281224,SES02281224
4829,228,164,view,2024-04-21 11:00:54,SES02281224,SES02281224
4830,228,55,cart,2024-04-21 11:22:09,SES02281224,SES02281224
4831,228,152,cart,2024-04-21 11:32:27,SES02281224,SES02281224
4832,228,142,cart,2024-04-21 11:45:10,SES02281224,SES02281224
4833,229,11,view,2023-03-11 23:50:42,SES02296873,SES02296873
4834,229,78,view,2023-03-12 00:06:09,SES02296873,SES02296873
4835,229,188,view,2023-03-12 00:18:25,SES02296873,SES02296873
4836,229,37,view,2023-03-12 00:25:03,SES02296873,SES02296873
4837,229,18,view,2023-03-12 00:51:29,SES02296873,SES02296873
4838,229,64,view,2023-03-12 01:09:54,SES02296873,SES02296873
4839,229,158,view,2023-03-12 01:36:43,SES02296873,SES02296873
4840,229,88,view,2023-03-12 01:45:47,SES02296873,SES02296873
4841,229,78,cart,2023-03-12 01:58:54,SES02296873,SES02296873
4842,229,37,cart,2023-03-12 02:15:41,SES02296873,SES02296873
4843,230,89,view,2023-09-17 17:47:47,SES02309401,SES02309401
4844,230,169,view,2023-09-17 17:51:59,SES02309401,SES02309401
4845,230,21,view,2023-09-17 18:20:48,SES02309401,SES02309401
4846,230,88,view,2023-11-07 07:05:11,SES02303433,SES02303433
4847,230,113,view,2023-11-07 07:32:00,SES02303433,SES02303433
4848,230,77,view,2023-11-07 07:36:13,SES02303433,SES02303433
4849,230,174,view,2023-11-07 07:41:58,SES02303433,SES02303433
4850,230,153,view,2023-11-07 07:56:06,SES02303433,SES02303433
4851,230,51,view,2023-11-07 08:00:07,SES02303433,SES02303433
4852,230,177,view,2023-11-07 08:29:05,SES02303433,SES02303433
4853,230,191,view,2023-11-07 08:32:23,SES02303433,SES02303433
4854,230,88,cart,2023-11-07 08:41:12,SES02303433,SES02303433
4855,230,174,cart,2023-11-07 08:44:56,SES02303433,SES02303433
4856,230,131,view,2023-10-20 08:11:02,SES02306071,SES02306071
4857,230,183,view,2023-10-20 08:31:06,SES02306071,SES02306071
4858,230,62,view,2023-10-20 09:01:00,SES02306071,SES02306071
4859,230,84,view,2023-10-20 09:05:36,SES02306071,SES02306071
4860,230,115,view,2023-10-20 09:34:24,SES02306071,SES02306071
4861,230,18,view,2023-10-20 09:58:20,SES02306071,SES02306071
4862,230,153,view,2023-10-20 10:05:35,SES02306071,SES02306071
4863,230,67,view,2023-10-20 10:31:45,SES02306071,SES02306071
4864,230,77,view,2023-10-20 10:51:12,SES02306071,SES02306071
4865,230,196,view,2023-10-20 11:18:28,SES02306071,SES02306071
4866,230,117,view,2024-07-19 11:29:09,SES02303984,SES02303984
4867,230,137,view,2024-07-19 11:34:07,SES02303984,SES02303984
4868,230,95,view,2024-07-19 11:41:45,SES02303984,SES02303984
4869,230,148,view,2024-07-19 11:45:24,SES02303984,SES02303984
4870,230,185,view,2024-07-19 12:05:23,SES02303984,SES02303984
4871,230,33,view,2024-07-19 12:24:42,SES02303984,SES02303984
4872,230,117,cart,2024-07-19 12:32:21,SES02303984,SES02303984
4873,230,137,cart,2024-07-19 12:36:03,SES02303984,SES02303984
4874,230,148,cart,2024-07-19 12:41:10,SES02303984,SES02303984
4875,231,50,view,2024-11-23 23:56:06,SES02319606,SES02319606
4876,231,174,view,2024-11-23 23:57:40,SES02319606,SES02319606
4877,231,33,view,2024-11-24 00:12:30,SES02319606,SES02319606
4878,231,53,view,2024-11-24 00:20:26,SES02319606,SES02319606
4879,231,40,view,2024-11-24 00:43:10,SES02319606,SES02319606
4880,231,125,view,2023-03-08 15:00:33,SES02315987,SES02315987
4881,231,98,view,2023-03-08 15:28:58,SES02315987,SES02315987
4882,231,117,view,2023-03-08 15:45:51,SES02315987,SES02315987
4883,231,110,view,2023-03-08 15:50:35,SES02315987,SES02315987
4884,231,40,view,2023-03-08 16:10:17,SES02315987,SES02315987
4885,231,52,view,2023-03-08 16:26:03,SES02315987,SES02315987
4886,231,197,view,2023-03-08 16:44:47,SES02315987,SES02315987
4887,231,95,view,2023-03-08 17:09:12,SES02315987,SES02315987
4888,231,125,cart,2023-03-08 17:15:57,SES02315987,SES02315987
4889,231,98,cart,2023-03-08 17:30:14,SES02315987,SES02315987
4890,231,117,cart,2023-03-08 17:44:49,SES02315987,SES02315987
4891,231,123,view,2024-06-21 14:56:47,SES02314233,SES02314233
4892,231,23,view,2024-06-21 15:09:00,SES02314233,SES02314233
4893,231,168,view,2024-06-21 15:18:37,SES02314233,SES02314233
4894,231,100,view,2024-06-21 15:29:59,SES02314233,SES02314233
4895,231,145,view,2024-06-21 15:39:39,SES02314233,SES02314233
4896,231,126,view,2024-06-21 15:53:11,SES02314233,SES02314233
4897,231,23,cart,2024-06-21 16:08:08,SES02314233,SES02314233
4898,232,145,view,2023-08-22 03:49:32,SES02325322,SES02325322
4899,232,172,view,2023-08-22 04:12:04,SES02325322,SES02325322
4900,232,126,view,2023-08-22 04:27:52,SES02325322,SES02325322
4901,232,172,cart,2023-08-22 04:37:56,SES02325322,SES02325322
4902,232,51,view,2023-08-11 16:31:47,SES02328884,SES02328884
4903,232,19,view,2023-08-11 16:54:14,SES02328884,SES02328884
4904,232,85,view,2023-08-11 17:07:57,SES02328884,SES02328884
4905,232,165,view,2023-08-11 17:09:02,SES02328884,SES02328884
4906,232,24,view,2023-08-11 17:21:43,SES02328884,SES02328884
4907,232,182,view,2023-08-11 17:42:20,SES02328884,SES02328884
4908,232,171,view,2023-08-11 17:57:26,SES02328884,SES02328884
4909,232,55,view,2023-08-11 18:17:00,SES02328884,SES02328884
4910,232,85,cart,2023-08-11 18:37:04,SES02328884,SES02328884
4911,232,165,cart,2023-08-11 18:39:29,SES02328884,SES02328884
4912,232,182,cart,2023-08-11 18:56:51,SES02328884,SES02328884
4913,232,55,cart,2023-08-11 19:03:14,SES02328884,SES02328884
4914,233,53,view,2023-07-27 06:16:43,SES02335012,SES02335012
4915,233,112,view,2023-07-27 06:31:01,SES02335012,SES02335012
4916,233,20,view,2023-07-27 06:54:23,SES02335012,SES02335012
4917,233,20,cart,2023-07-27 07:01:18,SES02335012,SES02335012
4918,234,35,view,2024-12-12 16:08:02,SES02341833,SES02341833
4919,234,23,view,2024-12-12 16:19:13,SES02341833,SES02341833
4920,234,44,view,2024-12-12 16:43:01,SES02341833,SES02341833
4921,234,64,view,2024-12-12 16:53:04,SES02341833,SES02341833
4922,234,196,view,2024-12-12 17:16:14,SES02341833,SES02341833
4923,234,69,view,2024-12-12 17:44:37,SES02341833,SES02341833
4924,234,69,view,2024-12-12 18:09:45,SES02341833,SES02341833
4925,234,125,view,2024-12-12 18:27:17,SES02341833,SES02341833
4926,234,189,view,2024-12-12 18:45:41,SES02341833,SES02341833
4927,234,56,view,2024-12-12 18:56:09,SES02341833,SES02341833
4928,234,196,cart,2024-12-12 19:22:57,SES02341833,SES02341833
4929,234,56,cart,2024-12-12 19:29:34,SES02341833,SES02341833
4930,234,126,view,2024-11-23 22:20:00,SES02341371,SES02341371
4931,234,163,view,2024-11-23 22:36:27,SES02341371,SES02341371
4932,234,168,view,2024-11-23 23:00:36,SES02341371,SES02341371
4933,234,177,view,2024-11-23 23:28:40,SES02341371,SES02341371
4934,235,185,view,2023-04-02 10:16:03,SES02358327,SES02358327
4935,235,196,view,2023-04-02 10:33:13,SES02358327,SES02358327
4936,235,188,view,2023-04-02 10:38:57,SES02358327,SES02358327
4937,235,188,view,2023-04-02 10:42:59,SES02358327,SES02358327
4938,235,144,view,2023-04-02 10:55:10,SES02358327,SES02358327
4939,235,94,view,2023-04-02 11:10:25,SES02358327,SES02358327
4940,235,169,view,2023-04-02 11:20:18,SES02358327,SES02358327
4941,235,65,view,2023-04-02 11:42:33,SES02358327,SES02358327
4942,235,185,cart,2023-04-02 12:03:08,SES02358327,SES02358327
4943,235,188,cart,2023-04-02 12:14:40,SES02358327,SES02358327
4944,235,94,cart,2023-04-02 12:16:11,SES02358327,SES02358327
4945,236,3,view,2024-11-14 11:19:33,SES02362182,SES02362182
4946,236,15,view,2024-11-14 11:30:41,SES02362182,SES02362182
4947,236,13,view,2024-11-14 11:49:37,SES02362182,SES02362182
4948,236,68,view,2024-11-14 12:01:32,SES02362182,SES02362182
4949,236,7,view,2024-11-14 12:25:25,SES02362182,SES02362182
4950,236,154,view,2024-11-14 12:34:43,SES02362182,SES02362182
4951,236,60,view,2024-11-14 13:03:46,SES02362182,SES02362182
4952,236,13,cart,2024-11-14 13:28:10,SES02362182,SES02362182
4953,237,132,view,2023-06-03 06:33:02,SES02376181,SES02376181
4954,237,159,view,2023-06-03 06:35:23,SES02376181,SES02376181
4955,237,21,view,2023-06-03 06:55:50,SES02376181,SES02376181
4956,237,115,view,2023-06-03 07:07:15,SES02376181,SES02376181
4957,237,41,view,2023-06-03 07:17:33,SES02376181,SES02376181
4958,237,183,view,2023-06-03 07:18:49,SES02376181,SES02376181
4959,237,168,view,2023-06-03 07:26:29,SES02376181,SES02376181
4960,237,87,view,2023-06-03 07:37:01,SES02376181,SES02376181
4961,237,42,view,2023-06-03 07:38:15,SES02376181,SES02376181
4962,237,143,view,2023-06-03 08:04:22,SES02376181,SES02376181
4963,237,132,cart,2023-06-03 08:32:18,SES02376181,SES02376181
4964,237,21,cart,2023-06-03 08:36:11,SES02376181,SES02376181
4965,237,41,cart,2023-06-03 08:50:12,SES02376181,SES02376181
4966,237,129,view,2023-10-25 05:44:15,SES02371653,SES02371653
4967,237,91,view,2023-10-25 06:13:10,SES02371653,SES02371653
4968,237,18,view,2023-10-25 06:16:42,SES02371653,SES02371653
4969,237,82,view,2023-10-25 06:32:17,SES02371653,SES02371653
4970,237,129,cart,2023-10-25 06:59:57,SES02371653,SES02371653
4971,237,18,cart,2023-10-25 07:11:45,SES02371653,SES02371653
4972,238,180,view,2023-10-22 17:14:11,SES02385117,SES02385117
4973,238,178,view,2023-10-22 17:33:23,SES02385117,SES02385117
4974,238,169,view,2023-10-22 17:41:58,SES02385117,SES02385117
4975,238,178,view,2023-10-22 18:04:30,SES02385117,SES02385117
4976,238,186,view,2024-11-19 02:45:54,SES02388496,SES02388496
4977,238,70,view,2024-11-19 03:05:55,SES02388496,SES02388496
4978,238,119,view,2024-11-19 03:17:49,SES02388496,SES02388496
4979,238,187,view,2024-11-19 03:43:26,SES02388496,SES02388496
4980,238,198,view,2024-11-19 04:09:26,SES02388496,SES02388496
4981,238,7,view,2024-11-19 04:17:32,SES02388496,SES02388496
4982,238,3,view,2024-11-19 04:30:02,SES02388496,SES02388496
4983,238,70,cart,2024-11-19 04:56:34,SES02388496,SES02388496
4984,239,188,view,2024-07-14 08:54:36,SES02394996,SES02394996
4985,239,102,view,2024-07-14 09:20:05,SES02394996,SES02394996
4986,239,14,view,2024-07-14 09:37:29,SES02394996,SES02394996
4987,239,57,view,2024-07-14 09:47:06,SES02394996,SES02394996
4988,239,178,view,2024-07-14 10:00:30,SES02394996,SES02394996
4989,239,78,view,2024-07-14 10:14:33,SES02394996,SES02394996
4990,239,125,view,2024-07-14 10:27:39,SES02394996,SES02394996
4991,239,178,view,2024-07-14 10:56:12,SES02394996,SES02394996
4992,239,103,view,2024-07-14 11:18:57,SES02394996,SES02394996
4993,239,95,view,2024-07-14 11:39:54,SES02394996,SES02394996
4994,239,188,cart,2024-07-14 11:42:54,SES02394996,SES02394996
4995,239,102,cart,2024-07-14 11:53:35,SES02394996,SES02394996
4996,239,178,cart,2024-07-14 12:08:53,SES02394996,SES02394996
4997,239,103,cart,2024-07-14 12:24:14,SES02394996,SES02394996
4998,239,176,view,2024-06-11 18:07:01,SES02396816,SES02396816
4999,239,96,view,2024-06-11 18:08:58,SES02396816,SES02396816
5000,239,168,view,2024-06-11 18:18:29,SES02396816,SES02396816
5001,239,169,view,2024-06-11 18:27:14,SES02396816,SES02396816
5002,239,158,view,2024-06-11 18:40:56,SES02396816,SES02396816
5003,239,142,view,2024-06-11 19:09:56,SES02396816,SES02396816
5004,239,174,view,2024-06-11 19:37:29,SES02396816,SES02396816
5005,239,92,view,2024-06-11 20:07:19,SES02396816,SES02396816
5006,239,158,cart,2024-06-11 20:15:54,SES02396816,SES02396816
5007,239,104,view,2024-05-09 19:18:02,SES02396897,SES02396897
5008,239,74,view,2024-05-09 19:34:47,SES02396897,SES02396897
5009,239,84,view,2024-05-09 19:45:53,SES02396897,SES02396897
5010,239,199,view,2024-05-09 20:08:01,SES02396897,SES02396897
5011,239,51,view,2024-05-09 20:29:28,SES02396897,SES02396897
5012,239,61,view,2024-05-09 20:49:19,SES02396897,SES02396897
5013,239,185,view,2024-05-09 21:01:24,SES02396897,SES02396897
5014,239,189,view,2024-05-09 21:26:30,SES02396897,SES02396897
5015,239,74,cart,2024-05-09 21:49:14,SES02396897,SES02396897
5016,239,199,cart,2024-05-09 21:59:40,SES02396897,SES02396897
5017,239,51,cart,2024-05-09 22:06:12,SES02396897,SES02396897
5018,239,189,cart,2024-05-09 22:10:34,SES02396897,SES02396897
5019,239,109,view,2024-03-05 16:40:45,SES02398361,SES02398361
5020,239,126,view,2024-03-05 17:09:11,SES02398361,SES02398361
5021,239,146,view,2024-03-05 17:26:06,SES02398361,SES02398361
5022,239,181,view,2024-03-05 17:55:50,SES02398361,SES02398361
5023,239,113,view,2024-03-05 18:21:11,SES02398361,SES02398361
5024,239,113,cart,2024-03-05 18:47:10,SES02398361,SES02398361
5025,240,141,view,2024-11-22 09:16:34,SES02404070,SES02404070
5026,240,165,view,2024-11-22 09:37:30,SES02404070,SES02404070
5027,240,193,view,2024-11-22 09:39:28,SES02404070,SES02404070
5028,240,171,view,2024-11-22 10:08:18,SES02404070,SES02404070
5029,240,67,view,2024-11-22 10:26:38,SES02404070,SES02404070
5030,240,141,cart,2024-11-22 10:38:56,SES02404070,SES02404070
5031,241,87,view,2024-07-10 18:04:37,SES02415557,SES02415557
5032,241,191,view,2024-07-10 18:30:20,SES02415557,SES02415557
5033,241,96,view,2024-07-10 18:51:07,SES02415557,SES02415557
5034,241,76,view,2024-07-10 19:15:19,SES02415557,SES02415557
5035,241,87,cart,2024-07-10 19:26:00,SES02415557,SES02415557
5036,241,191,cart,2024-07-10 19:34:02,SES02415557,SES02415557
5037,241,76,cart,2024-07-10 19:42:56,SES02415557,SES02415557
5038,241,45,view,2023-03-16 21:02:01,SES02419349,SES02419349
5039,241,163,view,2023-03-16 21:19:39,SES02419349,SES02419349
5040,241,162,view,2023-03-16 21:24:24,SES02419349,SES02419349
5041,241,175,view,2023-03-16 21:52:51,SES02419349,SES02419349
5042,241,45,cart,2023-03-16 22:07:34,SES02419349,SES02419349
5043,242,185,view,2023-03-03 22:24:43,SES02425610,SES02425610
5044,242,135,view,2023-03-03 22:27:19,SES02425610,SES02425610
5045,242,30,view,2023-03-03 22:31:03,SES02425610,SES02425610
5046,242,150,view,2023-03-03 22:36:14,SES02425610,SES02425610
5047,242,126,view,2023-03-03 22:50:25,SES02425610,SES02425610
5048,242,70,view,2023-03-03 23:08:39,SES02425610,SES02425610
5049,242,184,view,2023-03-03 23:12:02,SES02425610,SES02425610
5050,242,12,view,2023-03-03 23:25:24,SES02425610,SES02425610
5051,242,150,cart,2023-03-03 23:36:30,SES02425610,SES02425610
5052,242,126,cart,2023-03-03 23:38:09,SES02425610,SES02425610
5053,242,70,cart,2023-03-03 23:45:08,SES02425610,SES02425610
5054,242,175,view,2024-09-05 06:36:59,SES02428081,SES02428081
5055,242,124,view,2024-09-05 06:46:01,SES02428081,SES02428081
5056,242,49,view,2024-09-05 06:51:17,SES02428081,SES02428081
5057,242,111,view,2024-09-05 07:06:37,SES02428081,SES02428081
5058,242,181,view,2024-09-05 07:18:32,SES02428081,SES02428081
5059,242,146,view,2024-09-05 07:33:04,SES02428081,SES02428081
5060,242,182,view,2024-09-05 07:47:46,SES02428081,SES02428081
5061,242,49,cart,2024-09-05 07:57:22,SES02428081,SES02428081
5062,242,111,cart,2024-09-05 08:06:14,SES02428081,SES02428081
5063,242,14,view,2023-12-27 02:25:10,SES02422299,SES02422299
5064,242,176,view,2023-12-27 02:44:23,SES02422299,SES02422299
5065,242,79,view,2023-12-27 03:04:51,SES02422299,SES02422299
5066,242,38,view,2023-12-27 03:26:07,SES02422299,SES02422299
5067,242,99,view,2023-12-27 03:33:57,SES02422299,SES02422299
5068,242,134,view,2023-12-27 03:48:15,SES02422299,SES02422299
5069,242,65,view,2023-12-27 04:00:27,SES02422299,SES02422299
5070,242,176,view,2023-12-27 04:17:28,SES02422299,SES02422299
5071,242,79,cart,2023-12-27 04:31:38,SES02422299,SES02422299
5072,242,65,cart,2023-12-27 04:46:10,SES02422299,SES02422299
5073,243,187,view,2024-03-16 08:31:50,SES02438248,SES02438248
5074,243,21,view,2024-03-16 08:55:47,SES02438248,SES02438248
5075,243,69,view,2024-03-16 09:05:36,SES02438248,SES02438248
5076,243,99,view,2024-03-16 09:30:44,SES02438248,SES02438248
5077,243,152,view,2024-03-16 09:39:37,SES02438248,SES02438248
5078,243,178,view,2024-03-16 10:02:05,SES02438248,SES02438248
5079,243,39,view,2024-03-16 10:16:59,SES02438248,SES02438248
5080,243,86,view,2024-03-16 10:19:46,SES02438248,SES02438248
5081,243,136,view,2024-03-16 10:35:28,SES02438248,SES02438248
5082,243,187,cart,2024-03-16 10:40:12,SES02438248,SES02438248
5083,243,21,cart,2024-03-16 10:54:30,SES02438248,SES02438248
5084,243,99,cart,2024-03-16 10:59:25,SES02438248,SES02438248
5085,243,39,cart,2024-03-16 11:01:00,SES02438248,SES02438248
5086,243,136,cart,2024-03-16 11:17:42,SES02438248,SES02438248
5087,243,74,view,2023-07-10 19:25:14,SES02438172,SES02438172
5088,243,20,view,2023-07-10 19:40:51,SES02438172,SES02438172
5089,243,49,view,2023-07-10 19:52:19,SES02438172,SES02438172
5090,243,49,view,2023-07-10 20:05:56,SES02438172,SES02438172
5091,243,18,view,2023-07-10 20:13:09,SES02438172,SES02438172
5092,243,21,view,2023-07-10 20:39:29,SES02438172,SES02438172
5093,243,181,view,2023-07-10 21:03:59,SES02438172,SES02438172
5094,243,156,view,2023-07-10 21:18:37,SES02438172,SES02438172
5095,243,18,cart,2023-07-10 21:39:37,SES02438172,SES02438172
5096,243,21,cart,2023-07-10 21:47:27,SES02438172,SES02438172
5097,243,51,view,2023-12-06 03:45:59,SES02439186,SES02439186
5098,243,51,view,2023-12-06 03:55:05,SES02439186,SES02439186
5099,243,175,view,2023-12-06 04:00:44,SES02439186,SES02439186
5100,243,110,view,2023-12-06 04:05:56,SES02439186,SES02439186
5101,243,139,view,2023-12-06 04:30:51,SES02439186,SES02439186
5102,243,13,view,2023-12-06 05:00:15,SES02439186,SES02439186
5103,243,176,view,2023-12-06 05:18:59,SES02439186,SES02439186
5104,243,180,view,2023-12-06 05:24:13,SES02439186,SES02439186
5105,243,23,view,2023-12-06 05:50:15,SES02439186,SES02439186
5106,243,181,view,2023-12-06 06:18:46,SES02439186,SES02439186
5107,243,51,cart,2023-12-06 06:39:17,SES02439186,SES02439186
5108,243,110,cart,2023-12-06 06:51:12,SES02439186,SES02439186
5109,243,13,cart,2023-12-06 07:06:40,SES02439186,SES02439186
5110,243,181,cart,2023-12-06 07:24:15,SES02439186,SES02439186
5111,243,18,view,2023-07-27 08:53:30,SES02436593,SES02436593
5112,243,124,view,2023-07-27 08:55:03,SES02436593,SES02436593
5113,243,178,view,2023-07-27 09:04:33,SES02436593,SES02436593
5114,243,199,view,2023-07-27 09:06:42,SES02436593,SES02436593
5115,244,169,view,2023-02-16 12:38:49,SES02447659,SES02447659
5116,244,152,view,2023-02-16 12:57:15,SES02447659,SES02447659
5117,244,64,view,2023-02-16 13:10:07,SES02447659,SES02447659
5118,244,189,view,2023-02-16 13:35:38,SES02447659,SES02447659
5119,244,164,view,2023-02-16 13:43:46,SES02447659,SES02447659
5120,244,199,view,2023-02-16 13:59:09,SES02447659,SES02447659
5121,244,164,cart,2023-02-16 14:25:56,SES02447659,SES02447659
5122,244,164,view,2024-05-22 23:44:32,SES02441932,SES02441932
5123,244,167,view,2024-05-23 00:08:27,SES02441932,SES02441932
5124,244,164,view,2024-05-23 00:17:52,SES02441932,SES02441932
5125,244,77,view,2024-05-23 00:34:53,SES02441932,SES02441932
5126,244,61,view,2024-05-23 00:58:40,SES02441932,SES02441932
5127,244,25,view,2024-05-23 01:10:31,SES02441932,SES02441932
5128,244,117,view,2024-05-23 01:21:58,SES02441932,SES02441932
5129,244,113,view,2024-05-23 01:38:56,SES02441932,SES02441932
5130,244,113,view,2024-05-23 02:07:23,SES02441932,SES02441932
5131,244,136,view,2024-04-03 09:57:17,SES02441764,SES02441764
5132,244,188,view,2024-04-03 10:16:22,SES02441764,SES02441764
5133,244,164,view,2024-04-03 10:32:33,SES02441764,SES02441764
5134,244,162,view,2024-04-03 10:34:56,SES02441764,SES02441764
5135,244,112,view,2024-04-03 10:45:43,SES02441764,SES02441764
5136,244,188,cart,2024-04-03 10:47:36,SES02441764,SES02441764
5137,245,91,view,2024-07-02 09:09:16,SES02457729,SES02457729
5138,245,126,view,2024-07-02 09:35:33,SES02457729,SES02457729
5139,245,114,view,2024-07-02 10:03:24,SES02457729,SES02457729
5140,245,69,view,2024-07-02 10:17:06,SES02457729,SES02457729
5141,245,114,cart,2024-07-02 10:28:56,SES02457729,SES02457729
5142,245,131,view,2024-03-19 15:09:42,SES02455336,SES02455336
5143,245,141,view,2024-03-19 15:17:41,SES02455336,SES02455336
5144,245,107,view,2024-03-19 15:43:44,SES02455336,SES02455336
5145,245,91,view,2024-03-19 16:07:22,SES02455336,SES02455336
5146,245,25,view,2024-03-19 16:17:27,SES02455336,SES02455336
5147,245,15,view,2024-03-19 16:18:55,SES02455336,SES02455336
5148,245,131,cart,2024-03-19 16:34:03,SES02455336,SES02455336
5149,246,196,view,2024-12-18 08:11:32,SES02461089,SES02461089
5150,246,82,view,2024-12-18 08:24:52,SES02461089,SES02461089
5151,246,96,view,2024-12-18 08:39:49,SES02461089,SES02461089
5152,246,119,view,2024-12-18 09:00:39,SES02461089,SES02461089
5153,246,96,view,2024-12-18 09:19:01,SES02461089,SES02461089
5154,246,111,view,2024-12-18 09:24:18,SES02461089,SES02461089
5155,246,169,view,2024-12-18 09:49:13,SES02461089,SES02461089
5156,246,196,cart,2024-12-18 10:06:05,SES02461089,SES02461089
5157,246,96,cart,2024-12-18 10:13:00,SES02461089,SES02461089
5158,246,119,cart,2024-12-18 10:21:28,SES02461089,SES02461089
5159,246,169,cart,2024-12-18 10:25:09,SES02461089,SES02461089
5160,247,183,view,2024-03-27 14:58:17,SES02479761,SES02479761
5161,247,147,view,2024-03-27 15:19:04,SES02479761,SES02479761
5162,247,24,view,2024-03-27 15:21:00,SES02479761,SES02479761
5163,247,77,view,2023-08-03 05:42:49,SES02477407,SES02477407
5164,247,91,view,2023-08-03 06:05:15,SES02477407,SES02477407
5165,247,33,view,2023-08-03 06:31:08,SES02477407,SES02477407
5166,247,119,view,2023-08-03 06:47:36,SES02477407,SES02477407
5167,247,92,view,2023-08-03 06:52:34,SES02477407,SES02477407
5168,247,92,cart,2023-08-03 07:07:36,SES02477407,SES02477407
5169,247,135,view,2024-10-02 07:57:23,SES02477524,SES02477524
5170,247,182,view,2024-10-02 08:10:08,SES02477524,SES02477524
5171,247,136,view,2024-10-02 08:39:37,SES02477524,SES02477524
5172,247,74,view,2024-10-02 08:52:09,SES02477524,SES02477524
5173,247,88,view,2024-10-02 09:16:25,SES02477524,SES02477524
5174,247,184,view,2024-10-02 09:27:14,SES02477524,SES02477524
5175,247,163,view,2024-10-02 09:53:06,SES02477524,SES02477524
5176,247,96,view,2024-10-02 10:20:52,SES02477524,SES02477524
5177,247,136,cart,2024-10-02 10:43:24,SES02477524,SES02477524
5178,247,87,view,2024-03-12 01:51:35,SES02473427,SES02473427
5179,247,64,view,2024-03-12 02:08:37,SES02473427,SES02473427
5180,247,135,view,2024-03-12 02:36:36,SES02473427,SES02473427
5181,248,197,view,2023-11-21 09:57:07,SES02482587,SES02482587
5182,248,141,view,2023-11-21 10:07:12,SES02482587,SES02482587
5183,248,96,view,2023-11-21 10:16:24,SES02482587,SES02482587
5184,248,175,view,2023-12-09 13:03:14,SES02484791,SES02484791
5185,248,155,view,2023-12-09 13:11:56,SES02484791,SES02484791
5186,248,1,view,2023-12-09 13:37:53,SES02484791,SES02484791
5187,248,119,view,2023-12-09 13:58:34,SES02484791,SES02484791
5188,248,151,view,2023-12-09 14:13:00,SES02484791,SES02484791
5189,248,193,view,2023-12-09 14:31:56,SES02484791,SES02484791
5190,248,113,view,2023-12-09 14:32:42,SES02484791,SES02484791
5191,248,12,view,2023-12-09 14:41:36,SES02484791,SES02484791
5192,248,193,cart,2023-12-09 15:08:11,SES02484791,SES02484791
5193,248,12,cart,2023-12-09 15:20:11,SES02484791,SES02484791
5194,248,150,view,2024-11-09 11:07:12,SES02483618,SES02483618
5195,248,165,view,2024-11-09 11:26:20,SES02483618,SES02483618
5196,248,74,view,2024-11-09 11:28:24,SES02483618,SES02483618
5197,248,122,view,2024-04-07 17:32:49,SES02489043,SES02489043
5198,248,43,view,2024-04-07 17:44:40,SES02489043,SES02489043
5199,248,72,view,2024-04-07 18:00:16,SES02489043,SES02489043
5200,249,183,view,2023-01-18 11:04:20,SES02494011,SES02494011
5201,249,30,view,2023-01-18 11:27:17,SES02494011,SES02494011
5202,249,75,view,2023-01-18 11:50:40,SES02494011,SES02494011
5203,249,59,view,2023-01-18 11:51:40,SES02494011,SES02494011
5204,249,21,view,2023-01-18 12:02:53,SES02494011,SES02494011
5205,249,170,view,2023-01-18 12:09:37,SES02494011,SES02494011
5206,249,124,view,2023-01-18 12:35:39,SES02494011,SES02494011
5207,249,108,view,2023-01-18 12:58:12,SES02494011,SES02494011
5208,249,30,cart,2023-01-18 13:02:20,SES02494011,SES02494011
5209,249,21,cart,2023-01-18 13:19:13,SES02494011,SES02494011
5210,249,170,cart,2023-01-18 13:19:53,SES02494011,SES02494011
5211,249,124,cart,2023-01-18 13:24:59,SES02494011,SES02494011
5212,249,51,view,2024-11-03 10:27:37,SES02495503,SES02495503
5213,249,165,view,2024-11-03 10:44:43,SES02495503,SES02495503
5214,249,108,view,2024-11-03 11:11:35,SES02495503,SES02495503
5215,249,151,view,2024-11-03 11:29:21,SES02495503,SES02495503
5216,249,35,view,2024-11-03 11:43:08,SES02495503,SES02495503
5217,249,166,view,2024-11-03 11:58:45,SES02495503,SES02495503
5218,249,51,cart,2024-11-03 12:23:58,SES02495503,SES02495503
5219,249,108,cart,2024-11-03 12:31:06,SES02495503,SES02495503
5220,250,48,view,2023-06-15 02:09:19,SES02504255,SES02504255
5221,250,49,view,2023-06-15 02:13:56,SES02504255,SES02504255
5222,250,176,view,2023-06-15 02:23:44,SES02504255,SES02504255
5223,250,135,view,2023-06-15 02:53:24,SES02504255,SES02504255
5224,250,48,cart,2023-06-15 02:56:02,SES02504255,SES02504255
5225,250,184,view,2024-12-22 22:12:05,SES02504400,SES02504400
5226,250,195,view,2024-12-22 22:35:02,SES02504400,SES02504400
5227,250,150,view,2024-12-22 22:46:28,SES02504400,SES02504400
5228,250,131,view,2024-12-22 23:09:14,SES02504400,SES02504400
5229,250,168,view,2024-12-22 23:27:00,SES02504400,SES02504400
5230,250,85,view,2024-12-22 23:56:46,SES02504400,SES02504400
5231,250,94,view,2024-12-23 00:24:18,SES02504400,SES02504400
5232,250,184,cart,2024-12-23 00:36:07,SES02504400,SES02504400
5233,250,172,view,2023-12-05 06:00:17,SES02504929,SES02504929
5234,250,50,view,2023-12-05 06:23:11,SES02504929,SES02504929
5235,250,172,view,2023-12-05 06:26:50,SES02504929,SES02504929
5236,250,150,view,2023-12-05 06:44:12,SES02504929,SES02504929
5237,250,119,view,2023-12-05 06:44:55,SES02504929,SES02504929
5238,250,172,cart,2023-12-05 06:49:47,SES02504929,SES02504929
5239,250,119,cart,2023-12-05 06:50:48,SES02504929,SES02504929
5240,250,172,view,2024-12-14 16:19:29,SES02509950,SES02509950
5241,250,142,view,2024-12-14 16:41:47,SES02509950,SES02509950
5242,250,87,view,2024-12-14 16:56:01,SES02509950,SES02509950
5243,251,47,view,2023-01-16 06:33:03,SES02519248,SES02519248
5244,251,181,view,2023-01-16 06:57:05,SES02519248,SES02519248
5245,251,13,view,2023-01-16 07:14:45,SES02519248,SES02519248
5246,251,105,view,2023-01-16 07:20:21,SES02519248,SES02519248
5247,251,22,view,2023-01-16 07:34:35,SES02519248,SES02519248
5248,251,22,cart,2023-01-16 07:36:40,SES02519248,SES02519248
5249,251,114,view,2024-09-27 06:25:29,SES02519306,SES02519306
5250,251,141,view,2024-09-27 06:26:24,SES02519306,SES02519306
5251,251,181,view,2024-09-27 06:38:08,SES02519306,SES02519306
5252,251,123,view,2024-09-27 07:04:44,SES02519306,SES02519306
5253,251,126,view,2024-09-27 07:17:03,SES02519306,SES02519306
5254,251,123,cart,2024-09-27 07:40:58,SES02519306,SES02519306
5255,251,95,view,2024-05-13 10:32:59,SES02513677,SES02513677
5256,251,166,view,2024-05-13 10:51:07,SES02513677,SES02513677
5257,251,147,view,2024-05-13 10:56:20,SES02513677,SES02513677
5258,251,64,view,2023-01-02 17:03:33,SES02518255,SES02518255
5259,251,157,view,2023-01-02 17:11:43,SES02518255,SES02518255
5260,251,135,view,2023-01-02 17:27:55,SES02518255,SES02518255
5261,251,186,view,2023-01-02 17:41:55,SES02518255,SES02518255
5262,251,77,view,2023-01-02 17:59:23,SES02518255,SES02518255
5263,251,157,view,2023-01-02 18:27:44,SES02518255,SES02518255
5264,251,64,cart,2023-01-02 18:51:49,SES02518255,SES02518255
5265,251,135,cart,2023-01-02 18:58:58,SES02518255,SES02518255
5266,251,186,cart,2023-01-02 19:11:37,SES02518255,SES02518255
5267,252,95,view,2023-02-07 02:42:32,SES02527338,SES02527338
5268,252,95,view,2023-02-07 02:51:53,SES02527338,SES02527338
5269,252,158,view,2023-02-07 03:01:53,SES02527338,SES02527338
5270,252,100,view,2024-09-24 17:00:53,SES02524646,SES02524646
5271,252,42,view,2024-09-24 17:14:23,SES02524646,SES02524646
5272,252,196,view,2024-09-24 17:18:42,SES02524646,SES02524646
5273,252,166,view,2024-09-24 17:40:55,SES02524646,SES02524646
5274,252,152,view,2024-09-24 18:07:13,SES02524646,SES02524646
5275,252,176,view,2024-09-24 18:23:20,SES02524646,SES02524646
5276,252,42,cart,2024-09-24 18:24:36,SES02524646,SES02524646
5277,253,145,view,2024-10-27 05:07:53,SES02534281,SES02534281
5278,253,87,view,2024-10-27 05:13:09,SES02534281,SES02534281
5279,253,34,view,2024-10-27 05:20:24,SES02534281,SES02534281
5280,253,110,view,2024-10-27 05:44:44,SES02534281,SES02534281
5281,253,132,view,2024-10-27 05:55:40,SES02534281,SES02534281
5282,253,194,view,2024-10-27 06:21:40,SES02534281,SES02534281
5283,253,59,view,2024-10-27 06:36:19,SES02534281,SES02534281
5284,253,45,view,2024-10-27 06:49:42,SES02534281,SES02534281
5285,253,28,view,2024-10-27 06:51:14,SES02534281,SES02534281
5286,253,196,view,2024-10-27 07:00:55,SES02534281,SES02534281
5287,253,77,view,2024-08-17 21:20:53,SES02532914,SES02532914
5288,253,32,view,2024-08-17 21:39:25,SES02532914,SES02532914
5289,253,185,view,2024-08-17 21:56:51,SES02532914,SES02532914
5290,253,144,view,2024-08-17 21:59:03,SES02532914,SES02532914
5291,253,70,view,2024-08-17 22:13:17,SES02532914,SES02532914
5292,253,63,view,2024-08-17 22:17:51,SES02532914,SES02532914
5293,253,125,view,2024-08-17 22:39:35,SES02532914,SES02532914
5294,253,94,view,2024-08-17 22:54:04,SES02532914,SES02532914
5295,253,103,view,2024-08-17 23:02:38,SES02532914,SES02532914
5296,253,77,cart,2024-08-17 23:15:59,SES02532914,SES02532914
5297,253,144,cart,2024-08-17 23:25:56,SES02532914,SES02532914
5298,253,94,cart,2024-08-17 23:30:20,SES02532914,SES02532914
5299,253,95,view,2024-11-05 04:22:41,SES02533211,SES02533211
5300,253,113,view,2024-11-05 04:33:52,SES02533211,SES02533211
5301,253,94,view,2024-11-05 04:45:26,SES02533211,SES02533211
5302,253,126,view,2024-11-05 04:53:56,SES02533211,SES02533211
5303,253,183,view,2024-11-05 05:10:50,SES02533211,SES02533211
5304,253,197,view,2024-11-05 05:27:54,SES02533211,SES02533211
5305,253,18,view,2024-11-05 05:37:40,SES02533211,SES02533211
5306,253,92,view,2023-09-02 23:04:09,SES02531066,SES02531066
5307,253,67,view,2023-09-02 23:29:57,SES02531066,SES02531066
5308,253,88,view,2023-09-02 23:30:44,SES02531066,SES02531066
5309,253,175,view,2023-09-02 23:48:53,SES02531066,SES02531066
5310,253,130,view,2023-09-03 00:02:07,SES02531066,SES02531066
5311,253,96,view,2023-09-03 00:13:11,SES02531066,SES02531066
5312,253,67,view,2023-09-03 00:33:21,SES02531066,SES02531066
5313,253,168,view,2023-09-03 00:59:37,SES02531066,SES02531066
5314,253,126,view,2023-09-03 01:09:18,SES02531066,SES02531066
5315,253,67,cart,2023-09-03 01:37:37,SES02531066,SES02531066
5316,253,88,cart,2023-09-03 01:50:53,SES02531066,SES02531066
5317,253,96,cart,2023-09-03 02:06:29,SES02531066,SES02531066
5318,254,150,view,2024-12-06 22:08:21,SES02541069,SES02541069
5319,254,174,view,2024-12-06 22:35:01,SES02541069,SES02541069
5320,254,17,view,2024-12-06 22:36:57,SES02541069,SES02541069
5321,254,166,view,2024-12-06 22:50:43,SES02541069,SES02541069
5322,254,46,view,2024-12-06 23:09:45,SES02541069,SES02541069
5323,254,27,view,2024-12-06 23:30:18,SES02541069,SES02541069
5324,254,198,view,2024-12-06 23:42:47,SES02541069,SES02541069
5325,254,86,view,2024-12-07 00:10:04,SES02541069,SES02541069
5326,254,166,view,2024-12-07 00:36:05,SES02541069,SES02541069
5327,254,90,view,2024-12-07 01:00:37,SES02541069,SES02541069
5328,254,174,cart,2024-12-07 01:03:57,SES02541069,SES02541069
5329,254,198,cart,2024-12-07 01:09:02,SES02541069,SES02541069
5330,254,18,view,2024-11-11 04:58:27,SES02546023,SES02546023
5331,254,74,view,2024-11-11 04:59:29,SES02546023,SES02546023
5332,254,45,view,2024-11-11 05:15:01,SES02546023,SES02546023
5333,254,113,view,2024-11-11 05:36:14,SES02546023,SES02546023
5334,254,112,view,2024-11-11 06:02:38,SES02546023,SES02546023
5335,254,177,view,2024-11-11 06:08:53,SES02546023,SES02546023
5336,254,21,view,2024-11-11 06:34:08,SES02546023,SES02546023
5337,254,199,view,2024-11-11 07:01:17,SES02546023,SES02546023
5338,254,199,cart,2024-11-11 07:18:02,SES02546023,SES02546023
5339,255,164,view,2023-12-26 16:47:50,SES02556640,SES02556640
5340,255,16,view,2023-12-26 17:09:51,SES02556640,SES02556640
5341,255,178,view,2023-12-26 17:11:03,SES02556640,SES02556640
5342,255,90,view,2023-12-26 17:31:01,SES02556640,SES02556640
5343,255,191,view,2023-12-26 17:50:03,SES02556640,SES02556640
5344,255,90,cart,2023-12-26 18:19:57,SES02556640,SES02556640
5345,256,150,view,2024-04-17 13:58:58,SES02566064,SES02566064
5346,256,158,view,2024-04-17 14:20:42,SES02566064,SES02566064
5347,256,180,view,2024-04-17 14:48:10,SES02566064,SES02566064
5348,256,17,view,2024-04-17 15:02:54,SES02566064,SES02566064
5349,256,199,view,2024-04-17 15:26:39,SES02566064,SES02566064
5350,256,183,view,2024-04-17 15:50:27,SES02566064,SES02566064
5351,256,191,view,2024-04-17 16:14:44,SES02566064,SES02566064
5352,256,33,view,2024-04-17 16:21:32,SES02566064,SES02566064
5353,256,139,view,2024-04-17 16:44:52,SES02566064,SES02566064
5354,256,164,view,2024-04-17 16:48:30,SES02566064,SES02566064
5355,256,199,cart,2024-04-17 17:12:28,SES02566064,SES02566064
5356,256,33,cart,2024-04-17 17:15:57,SES02566064,SES02566064
5357,256,95,view,2024-05-05 03:08:32,SES02562081,SES02562081
5358,256,114,view,2024-05-05 03:37:34,SES02562081,SES02562081
5359,256,193,view,2024-05-05 04:03:39,SES02562081,SES02562081
5360,256,108,view,2024-05-05 04:09:32,SES02562081,SES02562081
5361,256,166,view,2024-05-05 04:25:18,SES02562081,SES02562081
5362,257,199,view,2024-04-13 11:07:41,SES02574745,SES02574745
5363,257,51,view,2024-04-13 11:33:50,SES02574745,SES02574745
5364,257,48,view,2024-04-13 11:54:46,SES02574745,SES02574745
5365,257,64,view,2024-04-13 12:10:29,SES02574745,SES02574745
5366,257,17,view,2024-04-13 12:11:40,SES02574745,SES02574745
5367,257,199,cart,2024-04-13 12:37:22,SES02574745,SES02574745
5368,257,48,cart,2024-04-13 12:42:07,SES02574745,SES02574745
5369,257,49,view,2024-11-28 10:39:01,SES02579845,SES02579845
5370,257,150,view,2024-11-28 11:08:11,SES02579845,SES02579845
5371,257,175,view,2024-11-28 11:23:48,SES02579845,SES02579845
5372,257,38,view,2024-11-28 11:33:48,SES02579845,SES02579845
5373,257,39,view,2024-11-28 11:42:07,SES02579845,SES02579845
5374,257,140,view,2024-11-28 11:57:18,SES02579845,SES02579845
5375,257,168,view,2024-11-28 12:14:10,SES02579845,SES02579845
5376,257,44,view,2024-11-28 12:31:56,SES02579845,SES02579845
5377,257,72,view,2024-11-28 12:55:05,SES02579845,SES02579845
5378,257,37,view,2024-11-28 13:14:22,SES02579845,SES02579845
5379,257,175,cart,2024-11-28 13:28:22,SES02579845,SES02579845
5380,257,38,cart,2024-11-28 13:32:12,SES02579845,SES02579845
5381,257,168,cart,2024-11-28 13:39:50,SES02579845,SES02579845
5382,257,72,cart,2024-11-28 13:56:39,SES02579845,SES02579845
5383,257,134,view,2024-03-15 04:00:49,SES02574312,SES02574312
5384,257,17,view,2024-03-15 04:16:04,SES02574312,SES02574312
5385,257,159,view,2024-03-15 04:36:11,SES02574312,SES02574312
5386,257,13,view,2024-03-15 04:41:35,SES02574312,SES02574312
5387,257,116,view,2024-03-15 05:10:43,SES02574312,SES02574312
5388,257,200,view,2024-03-15 05:16:55,SES02574312,SES02574312
5389,257,160,view,2024-03-15 05:34:50,SES02574312,SES02574312
5390,257,141,view,2024-03-15 05:48:13,SES02574312,SES02574312
5391,257,98,view,2024-03-15 06:13:20,SES02574312,SES02574312
5392,257,188,view,2024-03-15 06:25:22,SES02574312,SES02574312
5393,257,159,cart,2024-03-15 06:49:39,SES02574312,SES02574312
5394,257,13,cart,2024-03-15 07:02:45,SES02574312,SES02574312
5395,258,25,view,2023-11-04 13:51:58,SES02587549,SES02587549
5396,258,133,view,2023-11-04 14:21:47,SES02587549,SES02587549
5397,258,127,view,2023-11-04 14:50:32,SES02587549,SES02587549
5398,258,40,view,2023-11-04 15:01:45,SES02587549,SES02587549
5399,258,189,view,2023-11-04 15:12:06,SES02587549,SES02587549
5400,258,100,view,2023-11-04 15:19:17,SES02587549,SES02587549
5401,258,170,view,2023-11-04 15:48:08,SES02587549,SES02587549
5402,258,175,view,2023-11-04 15:50:49,SES02587549,SES02587549
5403,258,127,cart,2023-11-04 16:10:27,SES02587549,SES02587549
5404,258,28,view,2024-11-13 11:40:03,SES02587930,SES02587930
5405,258,7,view,2024-11-13 11:53:07,SES02587930,SES02587930
5406,258,7,view,2024-11-13 12:13:12,SES02587930,SES02587930
5407,258,13,view,2024-11-13 12:36:28,SES02587930,SES02587930
5408,258,113,view,2024-11-13 12:47:34,SES02587930,SES02587930
5409,259,180,view,2024-09-08 16:57:41,SES02592976,SES02592976
5410,259,168,view,2024-09-08 17:16:20,SES02592976,SES02592976
5411,259,45,view,2024-09-08 17:17:01,SES02592976,SES02592976
5412,259,153,view,2024-03-21 18:58:52,SES02594411,SES02594411
5413,259,188,view,2024-03-21 19:22:14,SES02594411,SES02594411
5414,259,113,view,2024-03-21 19:28:06,SES02594411,SES02594411
5415,259,146,view,2024-03-21 19:55:29,SES02594411,SES02594411
5416,259,168,view,2024-03-21 20:15:58,SES02594411,SES02594411
5417,259,153,cart,2024-03-21 20:30:33,SES02594411,SES02594411
5418,259,188,cart,2024-03-21 20:44:57,SES02594411,SES02594411
5419,259,146,cart,2024-03-21 20:54:56,SES02594411,SES02594411
5420,259,168,cart,2024-03-21 20:57:52,SES02594411,SES02594411
5421,259,58,view,2023-04-24 03:19:55,SES02598282,SES02598282
5422,259,135,view,2023-04-24 03:29:47,SES02598282,SES02598282
5423,259,172,view,2023-04-24 03:50:20,SES02598282,SES02598282
5424,259,169,view,2023-04-24 04:19:29,SES02598282,SES02598282
5425,259,131,view,2023-04-24 04:42:25,SES02598282,SES02598282
5426,259,126,view,2023-04-24 05:02:11,SES02598282,SES02598282
5427,259,143,view,2023-04-24 05:07:57,SES02598282,SES02598282
5428,259,58,cart,2023-04-24 05:16:17,SES02598282,SES02598282
5429,259,135,cart,2023-04-24 05:33:15,SES02598282,SES02598282
5430,259,126,cart,2023-04-24 05:35:09,SES02598282,SES02598282
5431,260,183,view,2023-07-21 14:03:20,SES02607783,SES02607783
5432,260,38,view,2023-07-21 14:27:10,SES02607783,SES02607783
5433,260,21,view,2023-07-21 14:55:20,SES02607783,SES02607783
5434,260,185,view,2023-07-21 14:58:34,SES02607783,SES02607783
5435,260,171,view,2024-04-14 13:58:04,SES02605487,SES02605487
5436,260,158,view,2024-04-14 13:58:42,SES02605487,SES02605487
5437,260,150,view,2024-04-14 14:01:41,SES02605487,SES02605487
5438,260,169,view,2024-04-14 14:31:19,SES02605487,SES02605487
5439,260,195,view,2024-04-14 14:43:27,SES02605487,SES02605487
5440,260,156,view,2024-04-14 14:54:59,SES02605487,SES02605487
5441,260,17,view,2024-04-14 15:08:55,SES02605487,SES02605487
5442,260,64,view,2024-04-14 15:29:56,SES02605487,SES02605487
5443,260,64,view,2024-04-14 15:44:06,SES02605487,SES02605487
5444,260,156,cart,2024-04-14 15:57:02,SES02605487,SES02605487
5445,260,17,cart,2024-04-14 16:02:52,SES02605487,SES02605487
5446,261,56,view,2024-06-20 00:50:48,SES02611044,SES02611044
5447,261,17,view,2024-06-20 01:12:03,SES02611044,SES02611044
5448,261,168,view,2024-06-20 01:16:06,SES02611044,SES02611044
5449,261,183,view,2024-06-20 01:37:22,SES02611044,SES02611044
5450,261,96,view,2024-06-20 01:56:41,SES02611044,SES02611044
5451,261,39,view,2023-03-11 06:49:56,SES02618583,SES02618583
5452,261,131,view,2023-03-11 07:07:32,SES02618583,SES02618583
5453,261,193,view,2023-03-11 07:09:59,SES02618583,SES02618583
5454,261,153,view,2023-03-11 07:27:30,SES02618583,SES02618583
5455,261,19,view,2023-03-11 07:47:11,SES02618583,SES02618583
5456,261,183,view,2023-03-11 07:51:04,SES02618583,SES02618583
5457,261,93,view,2023-03-11 08:17:10,SES02618583,SES02618583
5458,261,131,cart,2023-03-11 08:31:51,SES02618583,SES02618583
5459,261,19,cart,2023-03-11 08:33:27,SES02618583,SES02618583
5460,261,99,view,2024-03-22 18:40:54,SES02615410,SES02615410
5461,261,96,view,2024-03-22 18:55:03,SES02615410,SES02615410
5462,261,48,view,2024-03-22 19:13:45,SES02615410,SES02615410
5463,261,131,view,2024-03-22 19:38:41,SES02615410,SES02615410
5464,261,197,view,2024-03-22 20:04:39,SES02615410,SES02615410
5465,261,92,view,2024-03-22 20:09:39,SES02615410,SES02615410
5466,261,11,view,2024-03-22 20:35:37,SES02615410,SES02615410
5467,261,189,view,2024-03-22 20:51:15,SES02615410,SES02615410
5468,261,87,view,2024-03-22 20:52:24,SES02615410,SES02615410
5469,261,15,view,2024-03-22 21:12:41,SES02615410,SES02615410
5470,261,11,cart,2024-03-22 21:27:41,SES02615410,SES02615410
5471,261,189,cart,2024-03-22 21:37:31,SES02615410,SES02615410
5472,262,180,view,2024-06-17 05:44:14,SES02623899,SES02623899
5473,262,191,view,2024-06-17 05:57:46,SES02623899,SES02623899
5474,262,126,view,2024-06-17 06:24:49,SES02623899,SES02623899
5475,262,158,view,2023-11-28 06:24:28,SES02622894,SES02622894
5476,262,21,view,2023-11-28 06:40:24,SES02622894,SES02622894
5477,262,175,view,2023-11-28 06:42:57,SES02622894,SES02622894
5478,262,87,view,2023-11-28 06:44:04,SES02622894,SES02622894
5479,262,164,view,2023-11-28 06:49:21,SES02622894,SES02622894
5480,262,126,view,2024-09-03 13:50:20,SES02622950,SES02622950
5481,262,145,view,2024-09-03 14:14:45,SES02622950,SES02622950
5482,262,40,view,2024-09-03 14:21:43,SES02622950,SES02622950
5483,262,40,cart,2024-09-03 14:25:26,SES02622950,SES02622950
5484,262,116,view,2023-11-21 19:04:23,SES02622405,SES02622405
5485,262,20,view,2023-11-21 19:28:36,SES02622405,SES02622405
5486,262,56,view,2023-11-21 19:29:58,SES02622405,SES02622405
5487,262,171,view,2023-11-21 19:57:06,SES02622405,SES02622405
5488,262,56,cart,2023-11-21 20:15:10,SES02622405,SES02622405
5489,262,171,cart,2023-11-21 20:29:10,SES02622405,SES02622405
5490,263,125,view,2023-03-20 08:58:09,SES02636383,SES02636383
5491,263,183,view,2023-03-20 08:59:22,SES02636383,SES02636383
5492,263,200,view,2023-03-20 09:14:41,SES02636383,SES02636383
5493,263,152,view,2023-03-20 09:44:29,SES02636383,SES02636383
5494,263,196,view,2023-03-20 10:13:14,SES02636383,SES02636383
5495,263,136,view,2023-03-20 10:15:18,SES02636383,SES02636383
5496,263,150,view,2023-03-20 10:28:20,SES02636383,SES02636383
5497,263,96,view,2023-03-20 10:56:02,SES02636383,SES02636383
5498,263,176,view,2023-03-20 10:58:46,SES02636383,SES02636383
5499,263,131,view,2023-03-20 11:27:38,SES02636383,SES02636383
5500,263,136,cart,2023-03-20 11:36:48,SES02636383,SES02636383
5501,263,131,cart,2023-03-20 11:54:17,SES02636383,SES02636383
5502,264,124,view,2023-08-11 23:33:47,SES02641821,SES02641821
5503,264,65,view,2023-08-11 23:43:51,SES02641821,SES02641821
5504,264,147,view,2023-08-11 23:58:41,SES02641821,SES02641821
5505,264,60,view,2023-08-12 00:07:40,SES02641821,SES02641821
5506,264,141,view,2023-08-12 00:08:28,SES02641821,SES02641821
5507,264,112,view,2023-08-12 00:15:50,SES02641821,SES02641821
5508,264,150,view,2023-08-12 00:22:14,SES02641821,SES02641821
5509,264,196,view,2023-08-12 00:33:35,SES02641821,SES02641821
5510,264,112,cart,2023-08-12 00:56:08,SES02641821,SES02641821
5511,264,150,cart,2023-08-12 01:02:01,SES02641821,SES02641821
5512,264,178,view,2023-04-20 08:37:53,SES02647870,SES02647870
5513,264,189,view,2023-04-20 09:02:17,SES02647870,SES02647870
5514,264,44,view,2023-04-20 09:09:43,SES02647870,SES02647870
5515,264,82,view,2023-04-20 09:18:02,SES02647870,SES02647870
5516,264,131,view,2023-04-20 09:36:56,SES02647870,SES02647870
5517,264,12,view,2023-04-20 09:41:29,SES02647870,SES02647870
5518,264,5,view,2023-04-20 09:46:20,SES02647870,SES02647870
5519,264,178,view,2023-04-20 10:13:58,SES02647870,SES02647870
5520,264,189,cart,2023-04-20 10:28:52,SES02647870,SES02647870
5521,264,5,cart,2023-04-20 10:42:24,SES02647870,SES02647870
5522,264,56,view,2024-03-09 17:50:11,SES02645324,SES02645324
5523,264,139,view,2024-03-09 18:15:59,SES02645324,SES02645324
5524,264,30,view,2024-03-09 18:30:37,SES02645324,SES02645324
5525,264,73,view,2024-03-09 18:48:55,SES02645324,SES02645324
5526,264,73,cart,2024-03-09 19:12:25,SES02645324,SES02645324
5527,264,114,view,2023-12-06 06:30:23,SES02646939,SES02646939
5528,264,51,view,2023-12-06 06:34:26,SES02646939,SES02646939
5529,264,112,view,2023-12-06 06:44:25,SES02646939,SES02646939
5530,265,169,view,2023-04-04 23:13:36,SES02655567,SES02655567
5531,265,111,view,2023-04-04 23:20:44,SES02655567,SES02655567
5532,265,127,view,2023-04-04 23:21:54,SES02655567,SES02655567
5533,265,96,view,2023-04-04 23:34:51,SES02655567,SES02655567
5534,265,191,view,2023-04-04 23:43:04,SES02655567,SES02655567
5535,265,40,view,2023-04-05 00:03:59,SES02655567,SES02655567
5536,265,3,view,2023-04-05 00:27:15,SES02655567,SES02655567
5537,265,45,view,2023-04-05 00:49:02,SES02655567,SES02655567
5538,265,127,cart,2023-04-05 00:50:56,SES02655567,SES02655567
5539,265,191,cart,2023-04-05 00:54:48,SES02655567,SES02655567
5540,265,7,view,2023-06-19 06:55:46,SES02659545,SES02659545
5541,265,96,view,2023-06-19 07:06:43,SES02659545,SES02659545
5542,265,162,view,2023-06-19 07:11:13,SES02659545,SES02659545
5543,265,138,view,2023-06-19 07:31:42,SES02659545,SES02659545
5544,265,82,view,2023-06-19 07:44:36,SES02659545,SES02659545
5545,265,115,view,2023-06-19 08:07:25,SES02659545,SES02659545
5546,265,106,view,2023-06-19 08:35:34,SES02659545,SES02659545
5547,265,51,view,2023-06-19 08:55:42,SES02659545,SES02659545
5548,265,6,view,2023-06-19 09:24:52,SES02659545,SES02659545
5549,265,18,view,2023-06-19 09:54:41,SES02659545,SES02659545
5550,265,7,cart,2023-06-19 10:06:16,SES02659545,SES02659545
5551,265,96,cart,2023-06-19 10:22:36,SES02659545,SES02659545
5552,265,162,cart,2023-06-19 10:28:10,SES02659545,SES02659545
5553,265,138,cart,2023-06-19 10:45:11,SES02659545,SES02659545
5554,265,51,cart,2023-06-19 10:54:05,SES02659545,SES02659545
5555,265,18,cart,2023-06-19 11:00:33,SES02659545,SES02659545
5556,266,4,view,2023-11-08 14:37:37,SES02664465,SES02664465
5557,266,10,view,2023-11-08 14:43:23,SES02664465,SES02664465
5558,266,172,view,2023-11-08 14:48:23,SES02664465,SES02664465
5559,266,195,view,2023-11-08 15:12:00,SES02664465,SES02664465
5560,266,76,view,2023-11-08 15:19:10,SES02664465,SES02664465
5561,266,114,view,2023-11-08 15:39:08,SES02664465,SES02664465
5562,266,121,view,2023-11-08 15:57:43,SES02664465,SES02664465
5563,266,129,view,2023-11-08 16:21:52,SES02664465,SES02664465
5564,266,159,view,2023-11-08 16:32:10,SES02664465,SES02664465
5565,266,20,view,2023-11-08 16:53:00,SES02664465,SES02664465
5566,266,4,cart,2023-11-08 17:04:18,SES02664465,SES02664465
5567,266,121,cart,2023-11-08 17:07:34,SES02664465,SES02664465
5568,266,131,view,2024-11-27 08:43:17,SES02664367,SES02664367
5569,266,150,view,2024-11-27 08:46:05,SES02664367,SES02664367
5570,266,87,view,2024-11-27 09:06:37,SES02664367,SES02664367
5571,266,49,view,2024-11-27 09:34:56,SES02664367,SES02664367
5572,266,18,view,2024-11-27 09:36:50,SES02664367,SES02664367
5573,266,87,cart,2024-11-27 09:58:52,SES02664367,SES02664367
5574,266,19,view,2023-09-17 23:09:39,SES02667296,SES02667296
5575,266,36,view,2023-09-17 23:19:15,SES02667296,SES02667296
5576,266,128,view,2023-09-17 23:25:18,SES02667296,SES02667296
5577,266,200,view,2023-09-17 23:40:48,SES02667296,SES02667296
5578,266,86,view,2023-09-18 00:02:01,SES02667296,SES02667296
5579,266,19,cart,2023-09-18 00:25:59,SES02667296,SES02667296
5580,266,36,cart,2023-09-18 00:33:08,SES02667296,SES02667296
5581,266,200,cart,2023-09-18 00:39:32,SES02667296,SES02667296
5582,266,86,cart,2023-09-18 00:56:43,SES02667296,SES02667296
5583,266,19,view,2023-04-22 18:24:39,SES02663886,SES02663886
5584,266,51,view,2023-04-22 18:45:09,SES02663886,SES02663886
5585,266,40,view,2023-04-22 19:13:29,SES02663886,SES02663886
5586,266,119,view,2023-04-22 19:40:14,SES02663886,SES02663886
5587,266,135,view,2023-04-22 20:03:11,SES02663886,SES02663886
5588,266,146,view,2023-04-22 20:19:02,SES02663886,SES02663886
5589,266,174,view,2023-04-22 20:30:55,SES02663886,SES02663886
5590,266,19,cart,2023-04-22 20:32:26,SES02663886,SES02663886
5591,266,40,cart,2023-04-22 20:45:16,SES02663886,SES02663886
5592,266,119,cart,2023-04-22 20:46:19,SES02663886,SES02663886
5593,266,146,cart,2023-04-22 21:00:30,SES02663886,SES02663886
5594,267,34,view,2024-09-09 08:13:51,SES02679316,SES02679316
5595,267,28,view,2024-09-09 08:42:27,SES02679316,SES02679316
5596,267,46,view,2024-09-09 09:05:52,SES02679316,SES02679316
5597,267,96,view,2024-09-09 09:08:36,SES02679316,SES02679316
5598,267,168,view,2024-09-09 09:26:28,SES02679316,SES02679316
5599,267,153,view,2024-09-09 09:47:10,SES02679316,SES02679316
5600,267,199,view,2024-09-09 10:02:36,SES02679316,SES02679316
5601,267,178,view,2024-09-09 10:26:45,SES02679316,SES02679316
5602,267,51,view,2024-09-09 10:34:12,SES02679316,SES02679316
5603,267,125,view,2024-09-09 11:01:01,SES02679316,SES02679316
5604,267,34,cart,2024-09-09 11:22:09,SES02679316,SES02679316
5605,267,51,cart,2024-09-09 11:32:26,SES02679316,SES02679316
5606,268,154,view,2024-11-09 14:10:38,SES02689611,SES02689611
5607,268,150,view,2024-11-09 14:39:35,SES02689611,SES02689611
5608,268,53,view,2024-11-09 14:50:40,SES02689611,SES02689611
5609,268,31,view,2024-11-09 15:11:37,SES02689611,SES02689611
5610,268,154,cart,2024-11-09 15:21:18,SES02689611,SES02689611
5611,268,150,cart,2024-11-09 15:23:09,SES02689611,SES02689611
5612,268,31,cart,2024-11-09 15:32:56,SES02689611,SES02689611
5613,269,119,view,2023-03-28 04:31:54,SES02696053,SES02696053
5614,269,124,view,2023-03-28 04:40:11,SES02696053,SES02696053
5615,269,180,view,2023-03-28 04:51:59,SES02696053,SES02696053
5616,269,119,view,2023-03-28 04:56:25,SES02696053,SES02696053
5617,269,135,view,2023-03-28 05:10:21,SES02696053,SES02696053
5618,269,40,view,2023-03-28 05:36:44,SES02696053,SES02696053
5619,269,92,view,2023-03-28 05:39:58,SES02696053,SES02696053
5620,269,7,view,2023-03-28 06:06:40,SES02696053,SES02696053
5621,269,124,cart,2023-03-28 06:10:18,SES02696053,SES02696053
5622,269,119,cart,2023-03-28 06:24:05,SES02696053,SES02696053
5623,269,40,cart,2023-03-28 06:25:48,SES02696053,SES02696053
5624,270,42,view,2023-03-03 06:42:28,SES02703557,SES02703557
5625,270,177,view,2023-03-03 06:59:31,SES02703557,SES02703557
5626,270,142,view,2023-03-03 07:25:02,SES02703557,SES02703557
5627,270,177,cart,2023-03-03 07:50:07,SES02703557,SES02703557
5628,270,112,view,2023-02-27 12:02:59,SES02707349,SES02707349
5629,270,183,view,2023-02-27 12:29:55,SES02707349,SES02707349
5630,270,38,view,2023-02-27 12:50:48,SES02707349,SES02707349
5631,270,139,view,2023-02-27 13:17:30,SES02707349,SES02707349
5632,270,66,view,2023-02-27 13:28:24,SES02707349,SES02707349
5633,270,15,view,2023-02-27 13:36:05,SES02707349,SES02707349
5634,270,154,view,2023-02-27 13:42:46,SES02707349,SES02707349
5635,270,193,view,2023-02-27 13:44:10,SES02707349,SES02707349
5636,270,3,view,2023-02-27 14:12:50,SES02707349,SES02707349
5637,270,158,view,2023-02-27 14:34:19,SES02707349,SES02707349
5638,270,183,cart,2023-02-27 14:47:18,SES02707349,SES02707349
5639,270,66,cart,2023-02-27 15:02:00,SES02707349,SES02707349
5640,270,193,cart,2023-02-27 15:19:05,SES02707349,SES02707349
5641,271,68,view,2024-01-15 06:03:55,SES02713057,SES02713057
5642,271,1,view,2024-01-15 06:21:11,SES02713057,SES02713057
5643,271,73,view,2024-01-15 06:41:47,SES02713057,SES02713057
5644,271,140,view,2024-01-15 06:54:35,SES02713057,SES02713057
5645,271,47,view,2024-01-15 07:02:12,SES02713057,SES02713057
5646,271,68,cart,2024-01-15 07:19:22,SES02713057,SES02713057
5647,271,152,view,2023-03-19 10:55:32,SES02714286,SES02714286
5648,271,9,view,2023-03-19 10:59:07,SES02714286,SES02714286
5649,271,124,view,2023-03-19 11:03:53,SES02714286,SES02714286
5650,271,9,cart,2023-03-19 11:15:35,SES02714286,SES02714286
5651,272,165,view,2023-05-27 00:14:36,SES02725390,SES02725390
5652,272,185,view,2023-05-27 00:23:44,SES02725390,SES02725390
5653,272,84,view,2023-05-27 00:49:38,SES02725390,SES02725390
5654,272,176,view,2023-05-27 00:58:41,SES02725390,SES02725390
5655,272,115,view,2023-05-27 01:04:01,SES02725390,SES02725390
5656,272,146,view,2023-05-27 01:07:30,SES02725390,SES02725390
5657,272,156,view,2023-05-27 01:11:12,SES02725390,SES02725390
5658,272,185,cart,2023-05-27 01:30:47,SES02725390,SES02725390
5659,272,84,cart,2023-05-27 01:47:35,SES02725390,SES02725390
5660,272,176,cart,2023-05-27 01:48:18,SES02725390,SES02725390
5661,272,146,cart,2023-05-27 02:01:51,SES02725390,SES02725390
5662,273,87,view,2023-11-15 10:07:58,SES02738972,SES02738972
5663,273,185,view,2023-11-15 10:20:21,SES02738972,SES02738972
5664,273,108,view,2023-11-15 10:46:59,SES02738972,SES02738972
5665,273,80,view,2023-11-15 11:06:37,SES02738972,SES02738972
5666,273,7,view,2023-11-15 11:26:41,SES02738972,SES02738972
5667,273,108,cart,2023-11-15 11:47:05,SES02738972,SES02738972
5668,273,80,cart,2023-11-15 11:55:11,SES02738972,SES02738972
5669,274,175,view,2023-01-09 17:31:05,SES02743697,SES02743697
5670,274,87,view,2023-01-09 17:38:22,SES02743697,SES02743697
5671,274,146,view,2023-01-09 17:53:18,SES02743697,SES02743697
5672,274,175,cart,2023-01-09 18:16:01,SES02743697,SES02743697
5673,274,87,cart,2023-01-09 18:33:23,SES02743697,SES02743697
5674,274,146,cart,2023-01-09 18:48:58,SES02743697,SES02743697
5675,274,128,view,2024-12-07 02:55:18,SES02748173,SES02748173
5676,274,80,view,2024-12-07 03:17:02,SES02748173,SES02748173
5677,274,193,view,2024-12-07 03:27:55,SES02748173,SES02748173
5678,274,193,view,2024-12-07 03:42:21,SES02748173,SES02748173
5679,274,16,view,2024-12-07 04:11:35,SES02748173,SES02748173
5680,274,137,view,2024-12-07 04:24:40,SES02748173,SES02748173
5681,274,183,view,2024-12-07 04:52:15,SES02748173,SES02748173
5682,274,197,view,2024-12-07 04:56:49,SES02748173,SES02748173
5683,274,128,cart,2024-12-07 05:10:37,SES02748173,SES02748173
5684,274,80,cart,2024-12-07 05:15:46,SES02748173,SES02748173
5685,274,193,cart,2024-12-07 05:17:21,SES02748173,SES02748173
5686,274,93,view,2024-10-15 01:09:53,SES02745327,SES02745327
5687,274,98,view,2024-10-15 01:21:09,SES02745327,SES02745327
5688,274,28,view,2024-10-15 01:31:37,SES02745327,SES02745327
5689,274,18,view,2024-10-15 01:58:55,SES02745327,SES02745327
5690,274,96,view,2024-10-15 02:05:27,SES02745327,SES02745327
5691,274,40,view,2024-10-15 02:25:25,SES02745327,SES02745327
5692,274,28,cart,2024-10-15 02:31:33,SES02745327,SES02745327
5693,274,18,cart,2024-10-15 02:37:21,SES02745327,SES02745327
5694,274,96,cart,2024-10-15 02:39:09,SES02745327,SES02745327
5695,274,124,view,2023-03-15 19:02:22,SES02741517,SES02741517
5696,274,124,view,2023-03-15 19:21:08,SES02741517,SES02741517
5697,274,100,view,2023-03-15 19:48:19,SES02741517,SES02741517
5698,274,135,view,2023-03-15 19:49:41,SES02741517,SES02741517
5699,274,50,view,2023-03-15 20:17:15,SES02741517,SES02741517
5700,274,176,view,2023-03-15 20:40:17,SES02741517,SES02741517
5701,274,160,view,2023-03-15 21:08:53,SES02741517,SES02741517
5702,274,50,cart,2023-03-15 21:14:17,SES02741517,SES02741517
5703,275,124,view,2024-04-27 15:24:16,SES02757331,SES02757331
5704,275,81,view,2024-04-27 15:52:34,SES02757331,SES02757331
5705,275,40,view,2024-04-27 16:00:27,SES02757331,SES02757331
5706,275,184,view,2024-04-27 16:30:00,SES02757331,SES02757331
5707,275,124,view,2024-04-27 16:58:58,SES02757331,SES02757331
5708,275,188,view,2024-04-27 17:16:37,SES02757331,SES02757331
5709,275,18,view,2024-04-27 17:21:47,SES02757331,SES02757331
5710,275,148,view,2024-04-27 17:36:10,SES02757331,SES02757331
5711,275,141,view,2024-04-27 17:37:13,SES02757331,SES02757331
5712,275,200,view,2024-04-27 17:54:53,SES02757331,SES02757331
5713,275,81,cart,2024-04-27 18:21:28,SES02757331,SES02757331
5714,275,40,cart,2024-04-27 18:27:53,SES02757331,SES02757331
5715,275,18,cart,2024-04-27 18:28:40,SES02757331,SES02757331
5716,275,178,view,2024-11-27 18:07:34,SES02759872,SES02759872
5717,275,125,view,2024-11-27 18:18:25,SES02759872,SES02759872
5718,275,178,view,2024-11-27 18:34:36,SES02759872,SES02759872
5719,275,12,view,2024-11-27 18:41:14,SES02759872,SES02759872
5720,275,125,cart,2024-11-27 18:59:37,SES02759872,SES02759872
5721,275,12,cart,2024-11-27 19:17:06,SES02759872,SES02759872
5722,275,6,view,2023-11-26 01:14:35,SES02751245,SES02751245
5723,275,158,view,2023-11-26 01:17:05,SES02751245,SES02751245
5724,275,140,view,2023-11-26 01:43:07,SES02751245,SES02751245
5725,275,106,view,2023-11-26 01:47:20,SES02751245,SES02751245
5726,275,91,view,2023-11-26 01:48:27,SES02751245,SES02751245
5727,275,34,view,2023-11-26 01:49:25,SES02751245,SES02751245
5728,275,150,view,2023-11-26 02:04:25,SES02751245,SES02751245
5729,275,106,cart,2023-11-26 02:08:00,SES02751245,SES02751245
5730,276,49,view,2023-12-17 14:51:27,SES02762906,SES02762906
5731,276,141,view,2023-12-17 15:18:56,SES02762906,SES02762906
5732,276,57,view,2023-12-17 15:37:54,SES02762906,SES02762906
5733,276,165,view,2023-12-17 15:55:04,SES02762906,SES02762906
5734,276,188,view,2023-12-17 16:00:58,SES02762906,SES02762906
5735,276,74,view,2023-12-17 16:13:35,SES02762906,SES02762906
5736,276,170,view,2023-12-17 16:19:00,SES02762906,SES02762906
5737,276,92,view,2023-12-17 16:33:36,SES02762906,SES02762906
5738,276,95,view,2023-12-17 16:39:07,SES02762906,SES02762906
5739,276,74,view,2023-12-17 16:47:30,SES02762906,SES02762906
5740,276,141,cart,2023-12-17 16:54:48,SES02762906,SES02762906
5741,276,89,view,2023-02-10 06:01:57,SES02765350,SES02765350
5742,276,142,view,2023-02-10 06:03:31,SES02765350,SES02765350
5743,276,53,view,2023-02-10 06:14:32,SES02765350,SES02765350
5744,276,192,view,2023-02-10 06:36:20,SES02765350,SES02765350
5745,276,167,view,2023-02-10 06:39:29,SES02765350,SES02765350
5746,276,99,view,2023-02-10 06:43:07,SES02765350,SES02765350
5747,276,172,view,2023-02-10 07:07:01,SES02765350,SES02765350
5748,276,124,view,2023-02-10 07:12:20,SES02765350,SES02765350
5749,276,141,view,2023-02-10 07:20:48,SES02765350,SES02765350
5750,276,162,view,2023-02-10 07:46:52,SES02765350,SES02765350
5751,276,89,cart,2023-02-10 08:00:02,SES02765350,SES02765350
5752,276,142,cart,2023-02-10 08:03:55,SES02765350,SES02765350
5753,276,99,cart,2023-02-10 08:19:28,SES02765350,SES02765350
5754,276,141,cart,2023-02-10 08:28:27,SES02765350,SES02765350
5755,276,162,cart,2023-02-10 08:31:07,SES02765350,SES02765350
5756,276,188,view,2023-06-04 23:18:29,SES02763341,SES02763341
5757,276,41,view,2023-06-04 23:27:19,SES02763341,SES02763341
5758,276,100,view,2023-06-04 23:56:16,SES02763341,SES02763341
5759,276,60,view,2023-06-05 00:24:16,SES02763341,SES02763341
5760,276,121,view,2023-06-05 00:48:12,SES02763341,SES02763341
5761,276,182,view,2023-06-05 01:01:04,SES02763341,SES02763341
5762,276,162,view,2023-06-05 01:10:39,SES02763341,SES02763341
5763,276,158,view,2023-06-05 01:37:47,SES02763341,SES02763341
5764,276,73,view,2023-06-05 02:07:29,SES02763341,SES02763341
5765,276,188,cart,2023-06-05 02:09:58,SES02763341,SES02763341
5766,276,182,cart,2023-06-05 02:21:50,SES02763341,SES02763341
5767,276,158,cart,2023-06-05 02:37:53,SES02763341,SES02763341
5768,276,115,view,2023-03-10 17:42:23,SES02769991,SES02769991
5769,276,199,view,2023-03-10 17:44:59,SES02769991,SES02769991
5770,276,25,view,2023-03-10 18:05:42,SES02769991,SES02769991
5771,276,86,view,2023-03-10 18:07:24,SES02769991,SES02769991
5772,276,96,view,2023-03-10 18:35:56,SES02769991,SES02769991
5773,276,117,view,2023-03-10 18:40:21,SES02769991,SES02769991
5774,276,195,view,2023-03-10 18:49:18,SES02769991,SES02769991
5775,276,183,view,2023-03-10 19:01:44,SES02769991,SES02769991
5776,276,168,view,2023-03-10 19:23:22,SES02769991,SES02769991
5777,276,64,view,2023-03-10 19:40:18,SES02769991,SES02769991
5778,276,25,cart,2023-03-10 20:03:53,SES02769991,SES02769991
5779,276,64,cart,2023-03-10 20:09:03,SES02769991,SES02769991
5780,277,117,view,2024-02-05 04:37:47,SES02779458,SES02779458
5781,277,199,view,2024-02-05 04:57:15,SES02779458,SES02779458
5782,277,71,view,2024-02-05 05:21:00,SES02779458,SES02779458
5783,277,3,view,2024-02-05 05:28:21,SES02779458,SES02779458
5784,277,53,view,2024-02-05 05:45:39,SES02779458,SES02779458
5785,277,166,view,2024-02-05 06:05:29,SES02779458,SES02779458
5786,277,199,cart,2024-02-05 06:17:54,SES02779458,SES02779458
5787,277,71,cart,2024-02-05 06:28:10,SES02779458,SES02779458
5788,278,125,view,2023-09-21 15:51:44,SES02788783,SES02788783
5789,278,83,view,2023-09-21 15:57:47,SES02788783,SES02788783
5790,278,183,view,2023-09-21 16:18:37,SES02788783,SES02788783
5791,278,143,view,2023-09-21 16:34:56,SES02788783,SES02788783
5792,278,125,cart,2023-09-21 16:36:33,SES02788783,SES02788783
5793,278,83,cart,2023-09-21 16:48:29,SES02788783,SES02788783
5794,278,37,view,2024-02-25 16:29:25,SES02786093,SES02786093
5795,278,112,view,2024-02-25 16:30:26,SES02786093,SES02786093
5796,278,131,view,2024-02-25 16:35:44,SES02786093,SES02786093
5797,278,131,cart,2024-02-25 17:03:11,SES02786093,SES02786093
5798,279,99,view,2024-08-16 17:04:11,SES02795066,SES02795066
5799,279,139,view,2024-08-16 17:32:28,SES02795066,SES02795066
5800,279,132,view,2024-08-16 18:02:20,SES02795066,SES02795066
5801,279,121,view,2024-08-16 18:25:47,SES02795066,SES02795066
5802,279,185,view,2024-08-16 18:52:38,SES02795066,SES02795066
5803,279,126,view,2024-08-16 19:21:37,SES02795066,SES02795066
5804,279,121,cart,2024-08-16 19:45:31,SES02795066,SES02795066
5805,279,126,cart,2024-08-16 19:51:38,SES02795066,SES02795066
5806,280,139,view,2023-11-25 05:02:28,SES02809463,SES02809463
5807,280,172,view,2023-11-25 05:15:45,SES02809463,SES02809463
5808,280,92,view,2023-11-25 05:42:30,SES02809463,SES02809463
5809,280,178,view,2023-11-25 06:07:33,SES02809463,SES02809463
5810,280,21,view,2023-11-25 06:31:07,SES02809463,SES02809463
5811,280,21,cart,2023-11-25 06:36:24,SES02809463,SES02809463
5812,280,125,view,2023-07-09 22:04:54,SES02807319,SES02807319
5813,280,199,view,2023-07-09 22:31:34,SES02807319,SES02807319
5814,280,60,view,2023-07-09 22:36:50,SES02807319,SES02807319
5815,280,97,view,2023-07-09 23:06:27,SES02807319,SES02807319
5816,280,198,view,2023-07-09 23:12:59,SES02807319,SES02807319
5817,280,125,cart,2023-07-09 23:25:55,SES02807319,SES02807319
5818,280,198,cart,2023-07-09 23:34:20,SES02807319,SES02807319
5819,280,195,view,2024-10-08 04:51:28,SES02807975,SES02807975
5820,280,8,view,2024-10-08 05:17:20,SES02807975,SES02807975
5821,280,92,view,2024-10-08 05:19:23,SES02807975,SES02807975
5822,280,164,view,2024-10-08 05:30:34,SES02807975,SES02807975
5823,280,135,view,2024-10-08 05:45:07,SES02807975,SES02807975
5824,280,141,view,2024-10-08 05:47:54,SES02807975,SES02807975
5825,280,76,view,2024-10-08 06:00:38,SES02807975,SES02807975
5826,280,18,view,2024-10-08 06:17:22,SES02807975,SES02807975
5827,280,56,view,2024-10-08 06:36:55,SES02807975,SES02807975
5828,280,124,view,2024-10-08 07:05:41,SES02807975,SES02807975
5829,280,8,cart,2024-10-08 07:18:30,SES02807975,SES02807975
5830,280,92,cart,2024-10-08 07:27:29,SES02807975,SES02807975
5831,280,76,cart,2024-10-08 07:36:27,SES02807975,SES02807975
5832,280,56,cart,2024-10-08 07:45:41,SES02807975,SES02807975
5833,280,124,cart,2024-10-08 07:55:25,SES02807975,SES02807975
5834,280,98,view,2023-12-14 02:34:43,SES02805531,SES02805531
5835,280,73,view,2023-12-14 03:04:24,SES02805531,SES02805531
5836,280,180,view,2023-12-14 03:06:06,SES02805531,SES02805531
5837,280,185,view,2023-12-14 03:10:32,SES02805531,SES02805531
5838,280,45,view,2023-12-14 03:18:59,SES02805531,SES02805531
5839,280,135,view,2023-12-14 03:19:43,SES02805531,SES02805531
5840,280,180,cart,2023-12-14 03:30:39,SES02805531,SES02805531
5841,280,185,cart,2023-12-14 03:42:00,SES02805531,SES02805531
5842,281,164,view,2023-11-08 14:46:26,SES02817520,SES02817520
5843,281,131,view,2023-11-08 15:15:09,SES02817520,SES02817520
5844,281,2,view,2023-11-08 15:24:42,SES02817520,SES02817520
5845,281,175,view,2023-11-08 15:39:44,SES02817520,SES02817520
5846,281,115,view,2023-11-08 15:42:58,SES02817520,SES02817520
5847,281,172,view,2023-11-08 15:48:11,SES02817520,SES02817520
5848,281,172,cart,2023-11-08 16:06:45,SES02817520,SES02817520
5849,282,136,view,2023-12-28 15:54:46,SES02828577,SES02828577
5850,282,49,view,2023-12-28 16:09:12,SES02828577,SES02828577
5851,282,21,view,2023-12-28 16:20:36,SES02828577,SES02828577
5852,282,33,view,2023-12-28 16:29:45,SES02828577,SES02828577
5853,282,71,view,2023-12-28 16:40:54,SES02828577,SES02828577
5854,282,40,view,2023-12-28 16:42:46,SES02828577,SES02828577
5855,282,40,cart,2023-12-28 17:09:27,SES02828577,SES02828577
5856,283,89,view,2024-10-22 23:48:00,SES02831176,SES02831176
5857,283,180,view,2024-10-22 23:52:00,SES02831176,SES02831176
5858,283,77,view,2024-10-23 00:09:25,SES02831176,SES02831176
5859,283,74,view,2024-10-23 00:10:13,SES02831176,SES02831176
5860,283,50,view,2024-10-23 00:11:39,SES02831176,SES02831176
5861,283,155,view,2024-10-23 00:24:57,SES02831176,SES02831176
5862,283,164,view,2024-10-23 00:36:42,SES02831176,SES02831176
5863,283,176,view,2024-10-23 00:40:44,SES02831176,SES02831176
5864,283,74,cart,2024-10-23 01:07:10,SES02831176,SES02831176
5865,283,50,cart,2024-10-23 01:12:52,SES02831176,SES02831176
5866,283,164,cart,2024-10-23 01:25:32,SES02831176,SES02831176
5867,284,180,view,2024-07-07 07:48:44,SES02842497,SES02842497
5868,284,196,view,2024-07-07 08:12:06,SES02842497,SES02842497
5869,284,75,view,2024-07-07 08:18:01,SES02842497,SES02842497
5870,284,76,view,2024-07-07 08:19:15,SES02842497,SES02842497
5871,284,168,view,2024-07-07 08:25:34,SES02842497,SES02842497
5872,284,63,view,2024-07-07 08:51:46,SES02842497,SES02842497
5873,284,168,view,2024-07-07 09:08:26,SES02842497,SES02842497
5874,284,87,view,2024-07-07 09:32:56,SES02842497,SES02842497
5875,284,45,view,2024-07-07 09:42:40,SES02842497,SES02842497
5876,284,76,cart,2024-07-07 10:03:58,SES02842497,SES02842497
5877,284,93,view,2024-08-04 09:40:01,SES02849479,SES02849479
5878,284,51,view,2024-08-04 10:02:27,SES02849479,SES02849479
5879,284,71,view,2024-08-04 10:06:37,SES02849479,SES02849479
5880,284,100,view,2024-08-04 10:23:47,SES02849479,SES02849479
5881,284,76,view,2024-08-04 10:31:29,SES02849479,SES02849479
5882,284,34,view,2024-08-04 10:45:19,SES02849479,SES02849479
5883,284,93,cart,2024-08-04 10:47:34,SES02849479,SES02849479
5884,284,100,cart,2024-08-04 10:53:14,SES02849479,SES02849479
5885,284,76,cart,2024-08-04 10:57:35,SES02849479,SES02849479
5886,284,134,view,2023-02-09 22:20:21,SES02843675,SES02843675
5887,284,131,view,2023-02-09 22:22:38,SES02843675,SES02843675
5888,284,187,view,2023-02-09 22:42:04,SES02843675,SES02843675
5889,284,109,view,2023-02-09 23:10:20,SES02843675,SES02843675
5890,284,77,view,2023-02-09 23:21:11,SES02843675,SES02843675
5891,284,87,view,2023-02-09 23:47:10,SES02843675,SES02843675
5892,284,178,view,2023-02-10 00:16:26,SES02843675,SES02843675
5893,284,164,view,2023-02-10 00:30:02,SES02843675,SES02843675
5894,284,112,view,2023-02-10 00:32:48,SES02843675,SES02843675
5895,284,190,view,2023-02-10 00:53:25,SES02843675,SES02843675
5896,284,131,cart,2023-02-10 00:57:14,SES02843675,SES02843675
5897,284,187,cart,2023-02-10 01:01:20,SES02843675,SES02843675
5898,284,108,view,2024-04-16 06:29:05,SES02843172,SES02843172
5899,284,75,view,2024-04-16 06:56:48,SES02843172,SES02843172
5900,284,102,view,2024-04-16 07:13:13,SES02843172,SES02843172
5901,284,197,view,2024-04-16 07:32:11,SES02843172,SES02843172
5902,284,172,view,2024-04-16 07:53:00,SES02843172,SES02843172
5903,284,10,view,2024-04-16 08:20:07,SES02843172,SES02843172
5904,284,133,view,2024-04-16 08:26:42,SES02843172,SES02843172
5905,284,76,view,2024-04-16 08:54:31,SES02843172,SES02843172
5906,284,145,view,2024-04-16 09:10:39,SES02843172,SES02843172
5907,284,102,cart,2024-04-16 09:22:20,SES02843172,SES02843172
5908,284,197,cart,2024-04-16 09:31:45,SES02843172,SES02843172
5909,284,133,cart,2024-04-16 09:49:35,SES02843172,SES02843172
5910,285,31,view,2024-11-08 18:58:05,SES02859509,SES02859509
5911,285,150,view,2024-11-08 19:18:52,SES02859509,SES02859509
5912,285,74,view,2024-11-08 19:42:42,SES02859509,SES02859509
5913,285,12,view,2024-11-08 19:50:57,SES02859509,SES02859509
5914,285,157,view,2024-11-08 19:59:45,SES02859509,SES02859509
5915,285,136,view,2024-11-08 20:13:49,SES02859509,SES02859509
5916,285,135,view,2024-11-08 20:27:44,SES02859509,SES02859509
5917,285,31,cart,2024-11-08 20:38:59,SES02859509,SES02859509
5918,285,157,cart,2024-11-08 20:50:53,SES02859509,SES02859509
5919,286,189,view,2023-07-28 19:15:39,SES02861898,SES02861898
5920,286,87,view,2023-07-28 19:21:11,SES02861898,SES02861898
5921,286,3,view,2023-07-28 19:38:13,SES02861898,SES02861898
5922,286,101,view,2023-07-28 20:04:45,SES02861898,SES02861898
5923,286,101,cart,2023-07-28 20:12:04,SES02861898,SES02861898
5924,286,81,view,2024-07-15 00:57:46,SES02867096,SES02867096
5925,286,26,view,2024-07-15 01:22:59,SES02867096,SES02867096
5926,286,127,view,2024-07-15 01:50:56,SES02867096,SES02867096
5927,286,146,view,2024-07-15 02:20:56,SES02867096,SES02867096
5928,286,51,view,2024-07-15 02:35:35,SES02867096,SES02867096
5929,286,171,view,2024-07-15 02:58:52,SES02867096,SES02867096
5930,286,137,view,2024-07-15 03:22:12,SES02867096,SES02867096
5931,286,197,view,2024-07-15 03:46:37,SES02867096,SES02867096
5932,286,89,view,2024-07-15 04:11:09,SES02867096,SES02867096
5933,286,192,view,2024-07-15 04:14:28,SES02867096,SES02867096
5934,286,26,cart,2024-07-15 04:43:57,SES02867096,SES02867096
5935,286,192,cart,2024-07-15 04:48:29,SES02867096,SES02867096
5936,286,33,view,2023-11-08 00:12:09,SES02864401,SES02864401
5937,286,150,view,2023-11-08 00:27:03,SES02864401,SES02864401
5938,286,135,view,2023-11-08 00:28:32,SES02864401,SES02864401
5939,286,94,view,2023-11-08 00:38:20,SES02864401,SES02864401
5940,286,9,view,2023-11-08 00:50:31,SES02864401,SES02864401
5941,286,59,view,2023-11-08 00:59:02,SES02864401,SES02864401
5942,286,89,view,2023-11-08 01:27:43,SES02864401,SES02864401
5943,286,172,view,2023-11-08 01:35:37,SES02864401,SES02864401
5944,286,65,view,2023-11-08 01:43:46,SES02864401,SES02864401
5945,286,150,cart,2023-11-08 02:00:56,SES02864401,SES02864401
5946,286,135,cart,2023-11-08 02:16:34,SES02864401,SES02864401
5947,286,9,cart,2023-11-08 02:27:53,SES02864401,SES02864401
5948,287,80,view,2023-01-26 21:37:10,SES02879726,SES02879726
5949,287,178,view,2023-01-26 21:46:15,SES02879726,SES02879726
5950,287,74,view,2023-01-26 21:57:17,SES02879726,SES02879726
5951,287,74,cart,2023-01-26 22:13:18,SES02879726,SES02879726
5952,287,5,view,2023-12-03 10:08:51,SES02873775,SES02873775
5953,287,64,view,2023-12-03 10:29:53,SES02873775,SES02873775
5954,287,193,view,2023-12-03 10:34:45,SES02873775,SES02873775
5955,287,189,view,2023-12-03 10:47:48,SES02873775,SES02873775
5956,287,140,view,2023-12-03 11:00:40,SES02873775,SES02873775
5957,287,75,view,2023-12-03 11:26:07,SES02873775,SES02873775
5958,287,150,view,2023-12-03 11:45:53,SES02873775,SES02873775
5959,287,150,cart,2023-12-03 11:51:37,SES02873775,SES02873775
5960,288,101,view,2023-12-03 17:17:16,SES02886090,SES02886090
5961,288,194,view,2023-12-03 17:44:44,SES02886090,SES02886090
5962,288,21,view,2023-12-03 18:08:00,SES02886090,SES02886090
5963,288,180,view,2023-12-03 18:10:10,SES02886090,SES02886090
5964,288,155,view,2023-12-03 18:22:57,SES02886090,SES02886090
5965,288,191,view,2023-12-03 18:25:28,SES02886090,SES02886090
5966,288,182,view,2023-12-03 18:32:21,SES02886090,SES02886090
5967,288,176,view,2023-12-03 18:48:40,SES02886090,SES02886090
5968,288,180,cart,2023-12-03 18:51:08,SES02886090,SES02886090
5969,288,155,cart,2023-12-03 19:02:46,SES02886090,SES02886090
5970,288,176,cart,2023-12-03 19:10:49,SES02886090,SES02886090
5971,288,164,view,2023-04-05 21:51:03,SES02886931,SES02886931
5972,288,122,view,2023-04-05 22:00:32,SES02886931,SES02886931
5973,288,158,view,2023-04-05 22:02:40,SES02886931,SES02886931
5974,288,91,view,2023-04-05 22:28:55,SES02886931,SES02886931
5975,288,146,view,2023-04-05 22:57:16,SES02886931,SES02886931
5976,288,96,view,2023-04-05 23:20:01,SES02886931,SES02886931
5977,288,32,view,2024-04-27 05:21:40,SES02884473,SES02884473
5978,288,197,view,2024-04-27 05:29:33,SES02884473,SES02884473
5979,288,145,view,2024-04-27 05:58:18,SES02884473,SES02884473
5980,288,95,view,2024-04-27 06:13:48,SES02884473,SES02884473
5981,288,161,view,2024-04-27 06:42:53,SES02884473,SES02884473
5982,288,1,view,2024-04-27 06:56:51,SES02884473,SES02884473
5983,288,150,view,2024-04-27 07:07:14,SES02884473,SES02884473
5984,288,116,view,2024-04-27 07:09:59,SES02884473,SES02884473
5985,288,175,view,2024-04-27 07:32:19,SES02884473,SES02884473
5986,288,32,cart,2024-04-27 07:40:29,SES02884473,SES02884473
5987,288,1,cart,2024-04-27 07:52:44,SES02884473,SES02884473
5988,288,20,view,2024-09-25 08:26:45,SES02886665,SES02886665
5989,288,18,view,2024-09-25 08:37:36,SES02886665,SES02886665
5990,288,135,view,2024-09-25 08:55:36,SES02886665,SES02886665
5991,288,144,view,2024-09-25 09:02:37,SES02886665,SES02886665
5992,288,141,view,2024-09-25 09:16:09,SES02886665,SES02886665
5993,288,27,view,2024-09-25 09:26:24,SES02886665,SES02886665
5994,288,136,view,2024-09-25 09:50:14,SES02886665,SES02886665
5995,288,167,view,2024-09-25 09:57:40,SES02886665,SES02886665
5996,288,20,cart,2024-09-25 10:07:32,SES02886665,SES02886665
5997,288,141,cart,2024-09-25 10:20:07,SES02886665,SES02886665
5998,289,126,view,2023-08-25 23:48:13,SES02892002,SES02892002
5999,289,189,view,2023-08-26 00:03:24,SES02892002,SES02892002
6000,289,15,view,2023-08-26 00:04:27,SES02892002,SES02892002
6001,289,108,view,2023-08-26 00:30:06,SES02892002,SES02892002
6002,289,15,cart,2023-08-26 00:50:49,SES02892002,SES02892002
6003,289,108,cart,2023-08-26 01:04:09,SES02892002,SES02892002
6004,290,153,view,2023-12-01 10:43:23,SES02903606,SES02903606
6005,290,190,view,2023-12-01 11:07:24,SES02903606,SES02903606
6006,290,157,view,2023-12-01 11:29:33,SES02903606,SES02903606
6007,290,87,view,2023-12-01 11:43:10,SES02903606,SES02903606
6008,290,36,view,2023-12-01 12:04:06,SES02903606,SES02903606
6009,290,114,view,2023-12-01 12:29:13,SES02903606,SES02903606
6010,290,134,view,2023-12-01 12:53:39,SES02903606,SES02903606
6011,290,85,view,2023-12-01 13:11:43,SES02903606,SES02903606
6012,290,190,cart,2023-12-01 13:30:02,SES02903606,SES02903606
6013,290,157,cart,2023-12-01 13:40:09,SES02903606,SES02903606
6014,290,36,cart,2023-12-01 13:49:59,SES02903606,SES02903606
6015,290,158,view,2023-12-22 18:21:30,SES02909672,SES02909672
6016,290,175,view,2023-12-22 18:42:09,SES02909672,SES02909672
6017,290,56,view,2023-12-22 18:44:50,SES02909672,SES02909672
6018,290,100,view,2023-12-22 19:03:09,SES02909672,SES02909672
6019,290,46,view,2023-12-22 19:16:27,SES02909672,SES02909672
6020,290,100,cart,2023-12-22 19:27:41,SES02909672,SES02909672
6021,291,147,view,2024-11-28 13:10:42,SES02918387,SES02918387
6022,291,86,view,2024-11-28 13:26:13,SES02918387,SES02918387
6023,291,107,view,2024-11-28 13:37:18,SES02918387,SES02918387
6024,291,183,view,2024-11-28 13:51:11,SES02918387,SES02918387
6025,291,185,view,2024-11-28 14:01:26,SES02918387,SES02918387
6026,291,101,view,2024-11-28 14:25:24,SES02918387,SES02918387
6027,291,190,view,2024-11-28 14:42:14,SES02918387,SES02918387
6028,291,171,view,2024-11-28 14:43:46,SES02918387,SES02918387
6029,291,183,cart,2024-11-28 14:48:15,SES02918387,SES02918387
6030,291,185,cart,2024-11-28 14:56:55,SES02918387,SES02918387
6031,291,171,cart,2024-11-28 15:02:31,SES02918387,SES02918387
6032,292,13,view,2024-12-16 15:12:39,SES02925254,SES02925254
6033,292,69,view,2024-12-16 15:13:37,SES02925254,SES02925254
6034,292,168,view,2024-12-16 15:28:16,SES02925254,SES02925254
6035,292,175,view,2024-12-16 15:47:33,SES02925254,SES02925254
6036,292,167,view,2024-12-16 16:05:02,SES02925254,SES02925254
6037,292,175,cart,2024-12-16 16:08:00,SES02925254,SES02925254
6038,292,167,cart,2024-12-16 16:21:47,SES02925254,SES02925254
6039,292,189,view,2023-12-24 12:39:51,SES02929000,SES02929000
6040,292,183,view,2023-12-24 12:54:39,SES02929000,SES02929000
6041,292,21,view,2023-12-24 13:24:23,SES02929000,SES02929000
6042,292,140,view,2023-12-24 13:39:21,SES02929000,SES02929000
6043,292,197,view,2023-12-24 13:56:48,SES02929000,SES02929000
6044,292,92,view,2023-12-24 14:07:36,SES02929000,SES02929000
6045,292,94,view,2023-12-24 14:21:13,SES02929000,SES02929000
6046,292,189,cart,2023-12-24 14:34:11,SES02929000,SES02929000
6047,292,21,cart,2023-12-24 14:38:08,SES02929000,SES02929000
6048,292,140,cart,2023-12-24 14:50:04,SES02929000,SES02929000
6049,292,18,view,2023-02-06 02:21:10,SES02927328,SES02927328
6050,292,193,view,2023-02-06 02:45:30,SES02927328,SES02927328
6051,292,69,view,2023-02-06 02:57:22,SES02927328,SES02927328
6052,292,193,cart,2023-02-06 03:09:04,SES02927328,SES02927328
6053,292,69,cart,2023-02-06 03:16:14,SES02927328,SES02927328
6054,292,33,view,2023-08-04 12:31:08,SES02923430,SES02923430
6055,292,198,view,2023-08-04 12:32:51,SES02923430,SES02923430
6056,292,87,view,2023-08-04 12:34:52,SES02923430,SES02923430
6057,292,159,view,2023-08-04 12:47:02,SES02923430,SES02923430
6058,292,197,view,2023-08-04 13:00:17,SES02923430,SES02923430
6059,292,109,view,2023-08-04 13:29:05,SES02923430,SES02923430
6060,292,159,cart,2023-08-04 13:36:39,SES02923430,SES02923430
6061,292,197,cart,2023-08-04 13:37:56,SES02923430,SES02923430
6062,293,142,view,2024-09-20 17:46:02,SES02939253,SES02939253
6063,293,103,view,2024-09-20 17:54:36,SES02939253,SES02939253
6064,293,158,view,2024-09-20 18:13:57,SES02939253,SES02939253
6065,293,164,view,2024-09-20 18:34:29,SES02939253,SES02939253
6066,294,139,view,2023-11-13 20:29:55,SES02944690,SES02944690
6067,294,162,view,2023-11-13 20:47:39,SES02944690,SES02944690
6068,294,188,view,2023-11-13 21:06:25,SES02944690,SES02944690
6069,294,165,view,2023-11-13 21:25:13,SES02944690,SES02944690
6070,294,189,view,2023-11-13 21:50:28,SES02944690,SES02944690
6071,294,196,view,2023-11-13 21:57:27,SES02944690,SES02944690
6072,294,175,view,2023-11-13 22:22:18,SES02944690,SES02944690
6073,294,7,view,2023-11-13 22:37:06,SES02944690,SES02944690
6074,294,188,cart,2023-11-13 22:46:00,SES02944690,SES02944690
6075,294,196,cart,2023-11-13 23:01:52,SES02944690,SES02944690
6076,294,7,cart,2023-11-13 23:02:54,SES02944690,SES02944690
6077,295,78,view,2023-11-01 00:09:25,SES02951426,SES02951426
6078,295,63,view,2023-11-01 00:14:07,SES02951426,SES02951426
6079,295,77,view,2023-11-01 00:17:05,SES02951426,SES02951426
6080,295,172,view,2023-11-01 00:31:32,SES02951426,SES02951426
6081,295,166,view,2023-11-01 00:56:12,SES02951426,SES02951426
6082,295,96,view,2023-11-01 01:20:55,SES02951426,SES02951426
6083,295,68,view,2023-11-01 01:40:10,SES02951426,SES02951426
6084,295,154,view,2023-11-01 01:42:19,SES02951426,SES02951426
6085,295,192,view,2023-11-01 02:07:42,SES02951426,SES02951426
6086,295,50,view,2023-11-01 02:18:33,SES02951426,SES02951426
6087,295,181,view,2023-08-18 22:32:45,SES02955230,SES02955230
6088,295,21,view,2023-08-18 22:53:23,SES02955230,SES02955230
6089,295,40,view,2023-08-18 23:16:52,SES02955230,SES02955230
6090,295,83,view,2023-08-18 23:44:36,SES02955230,SES02955230
6091,295,7,view,2023-08-18 23:48:56,SES02955230,SES02955230
6092,295,71,view,2023-08-18 23:52:28,SES02955230,SES02955230
6093,295,181,view,2023-08-19 00:06:09,SES02955230,SES02955230
6094,295,18,view,2023-08-19 00:27:24,SES02955230,SES02955230
6095,295,197,view,2023-08-19 00:43:11,SES02955230,SES02955230
6096,295,21,cart,2023-08-19 00:43:49,SES02955230,SES02955230
6097,295,18,cart,2023-08-19 00:45:54,SES02955230,SES02955230
6098,296,189,view,2024-03-04 02:00:28,SES02968929,SES02968929
6099,296,119,view,2024-03-04 02:13:48,SES02968929,SES02968929
6100,296,119,view,2024-03-04 02:26:43,SES02968929,SES02968929
6101,296,119,cart,2024-03-04 02:49:01,SES02968929,SES02968929
6102,296,77,view,2024-06-07 20:29:18,SES02966093,SES02966093
6103,296,74,view,2024-06-07 20:46:38,SES02966093,SES02966093
6104,296,99,view,2024-06-07 21:07:40,SES02966093,SES02966093
6105,296,87,view,2024-06-07 21:29:21,SES02966093,SES02966093
6106,296,129,view,2024-06-07 21:53:48,SES02966093,SES02966093
6107,296,129,cart,2024-06-07 22:00:54,SES02966093,SES02966093
6108,296,181,view,2023-09-04 08:43:46,SES02965082,SES02965082
6109,296,79,view,2023-09-04 08:46:10,SES02965082,SES02965082
6110,296,141,view,2023-09-04 08:59:42,SES02965082,SES02965082
6111,296,181,cart,2023-09-04 09:19:18,SES02965082,SES02965082
6112,296,112,view,2023-11-05 07:03:41,SES02967225,SES02967225
6113,296,112,view,2023-11-05 07:23:10,SES02967225,SES02967225
6114,296,77,view,2023-11-05 07:52:29,SES02967225,SES02967225
6115,296,131,view,2023-11-05 08:03:12,SES02967225,SES02967225
6116,296,20,view,2023-11-05 08:23:56,SES02967225,SES02967225
6117,296,22,view,2023-11-05 08:49:47,SES02967225,SES02967225
6118,296,140,view,2023-11-05 08:57:09,SES02967225,SES02967225
6119,296,112,cart,2023-11-05 09:20:37,SES02967225,SES02967225
6120,296,77,cart,2023-11-05 09:36:54,SES02967225,SES02967225
6121,297,90,view,2023-11-11 23:44:46,SES02979970,SES02979970
6122,297,143,view,2023-11-11 23:51:42,SES02979970,SES02979970
6123,297,168,view,2023-11-12 00:19:40,SES02979970,SES02979970
6124,297,45,view,2023-11-12 00:28:19,SES02979970,SES02979970
6125,297,195,view,2023-11-12 00:45:36,SES02979970,SES02979970
6126,297,127,view,2023-11-12 00:58:11,SES02979970,SES02979970
6127,297,18,view,2023-11-12 01:08:15,SES02979970,SES02979970
6128,297,191,view,2023-11-12 01:24:21,SES02979970,SES02979970
6129,297,140,view,2023-11-12 01:45:18,SES02979970,SES02979970
6130,297,195,cart,2023-11-12 02:13:20,SES02979970,SES02979970
6131,297,18,cart,2023-11-12 02:21:19,SES02979970,SES02979970
6132,297,140,cart,2023-11-12 02:28:40,SES02979970,SES02979970
6133,297,113,view,2024-07-08 00:39:26,SES02979794,SES02979794
6134,297,33,view,2024-07-08 00:40:44,SES02979794,SES02979794
6135,297,141,view,2024-07-08 01:02:29,SES02979794,SES02979794
6136,297,34,view,2024-07-08 01:21:51,SES02979794,SES02979794
6137,297,119,view,2024-07-08 01:39:37,SES02979794,SES02979794
6138,297,158,view,2024-07-08 01:50:05,SES02979794,SES02979794
6139,297,118,view,2024-07-08 02:03:03,SES02979794,SES02979794
6140,297,33,cart,2024-07-08 02:08:36,SES02979794,SES02979794
6141,297,34,cart,2024-07-08 02:24:58,SES02979794,SES02979794
6142,298,197,view,2023-07-22 17:58:29,SES02986531,SES02986531
6143,298,51,view,2023-07-22 18:11:35,SES02986531,SES02986531
6144,298,3,view,2023-07-22 18:33:12,SES02986531,SES02986531
6145,298,169,view,2023-07-22 18:58:47,SES02986531,SES02986531
6146,298,136,view,2023-07-22 19:03:11,SES02986531,SES02986531
6147,298,196,view,2023-07-22 19:15:34,SES02986531,SES02986531
6148,298,160,view,2023-07-22 19:34:08,SES02986531,SES02986531
6149,298,62,view,2023-07-22 19:49:54,SES02986531,SES02986531
6150,298,197,view,2023-07-22 20:00:14,SES02986531,SES02986531
6151,298,51,cart,2023-07-22 20:23:15,SES02986531,SES02986531
6152,298,169,cart,2023-07-22 20:28:23,SES02986531,SES02986531
6153,298,136,cart,2023-07-22 20:36:53,SES02986531,SES02986531
6154,298,197,cart,2023-07-22 20:49:52,SES02986531,SES02986531
6155,298,153,view,2024-08-26 14:16:43,SES02981116,SES02981116
6156,298,193,view,2024-08-26 14:24:39,SES02981116,SES02981116
6157,298,112,view,2024-08-26 14:30:30,SES02981116,SES02981116
6158,298,93,view,2024-08-26 14:43:55,SES02981116,SES02981116
6159,298,119,view,2024-08-26 14:59:05,SES02981116,SES02981116
6160,298,117,view,2024-08-26 15:22:25,SES02981116,SES02981116
6161,298,29,view,2024-08-26 15:28:47,SES02981116,SES02981116
6162,298,123,view,2024-08-26 15:47:13,SES02981116,SES02981116
6163,298,112,cart,2024-08-26 16:03:43,SES02981116,SES02981116
6164,298,93,cart,2024-08-26 16:06:23,SES02981116,SES02981116
6165,298,119,cart,2024-08-26 16:22:10,SES02981116,SES02981116
6166,299,91,view,2024-04-14 22:53:22,SES02995068,SES02995068
6167,299,172,view,2024-04-14 23:02:34,SES02995068,SES02995068
6168,299,23,view,2024-04-14 23:25:59,SES02995068,SES02995068
6169,299,141,view,2024-04-14 23:52:00,SES02995068,SES02995068
6170,299,128,view,2024-04-15 00:09:18,SES02995068,SES02995068
6171,299,27,view,2024-04-15 00:29:19,SES02995068,SES02995068
6172,299,142,view,2024-04-15 00:55:59,SES02995068,SES02995068
6173,299,27,cart,2024-04-15 01:15:05,SES02995068,SES02995068
6174,299,197,view,2023-09-15 15:04:08,SES02991134,SES02991134
6175,299,151,view,2023-09-15 15:17:59,SES02991134,SES02991134
6176,299,186,view,2023-09-15 15:26:34,SES02991134,SES02991134
6177,299,87,view,2023-09-15 15:43:55,SES02991134,SES02991134
6178,299,114,view,2023-09-15 16:12:16,SES02991134,SES02991134
6179,299,77,view,2023-09-15 16:13:17,SES02991134,SES02991134
6180,299,175,view,2023-09-15 16:29:21,SES02991134,SES02991134
6181,299,132,view,2023-09-15 16:49:16,SES02991134,SES02991134
6182,299,175,view,2023-09-15 16:50:43,SES02991134,SES02991134
6183,299,23,view,2023-09-15 17:14:53,SES02991134,SES02991134
6184,299,186,cart,2023-09-15 17:41:18,SES02991134,SES02991134
6185,299,77,cart,2023-09-15 17:47:03,SES02991134,SES02991134
6186,299,175,cart,2023-09-15 17:50:20,SES02991134,SES02991134
6187,299,194,view,2024-06-05 13:40:20,SES02998611,SES02998611
6188,299,119,view,2024-06-05 13:51:39,SES02998611,SES02998611
6189,299,189,view,2024-06-05 14:08:15,SES02998611,SES02998611
6190,299,55,view,2024-06-05 14:28:31,SES02998611,SES02998611
6191,299,180,view,2024-06-05 14:32:39,SES02998611,SES02998611
6192,299,74,view,2024-06-05 14:48:42,SES02998611,SES02998611
6193,299,43,view,2024-06-05 15:05:31,SES02998611,SES02998611
6194,299,92,view,2024-06-05 15:06:31,SES02998611,SES02998611
6195,299,197,view,2024-06-05 15:27:40,SES02998611,SES02998611
6196,299,124,view,2024-06-05 15:28:16,SES02998611,SES02998611
6197,299,194,cart,2024-06-05 15:38:38,SES02998611,SES02998611
6198,299,43,cart,2024-06-05 15:55:03,SES02998611,SES02998611
6199,299,124,cart,2024-06-05 16:13:01,SES02998611,SES02998611
6200,300,190,view,2023-12-25 13:36:47,SES03002006,SES03002006
6201,300,49,view,2023-12-25 13:48:53,SES03002006,SES03002006
6202,300,153,view,2023-12-25 13:52:48,SES03002006,SES03002006
6203,300,107,view,2023-12-25 14:01:19,SES03002006,SES03002006
6204,300,191,view,2023-12-25 14:12:10,SES03002006,SES03002006
6205,300,190,cart,2023-12-25 14:41:31,SES03002006,SES03002006
6206,301,144,view,2023-11-27 22:38:19,SES03018443,SES03018443
6207,301,91,view,2023-11-27 22:56:04,SES03018443,SES03018443
6208,301,76,view,2023-11-27 23:17:21,SES03018443,SES03018443
6209,301,165,view,2023-11-27 23:29:26,SES03018443,SES03018443
6210,301,55,view,2023-11-27 23:46:29,SES03018443,SES03018443
6211,301,165,cart,2023-11-28 00:09:45,SES03018443,SES03018443
6212,301,103,view,2023-08-08 11:23:54,SES03011868,SES03011868
6213,301,194,view,2023-08-08 11:27:21,SES03011868,SES03011868
6214,301,183,view,2023-08-08 11:40:44,SES03011868,SES03011868
6215,301,141,view,2023-08-08 12:00:49,SES03011868,SES03011868
6216,301,63,view,2023-08-08 12:02:12,SES03011868,SES03011868
6217,301,142,view,2023-08-08 12:12:15,SES03011868,SES03011868
6218,301,141,view,2023-08-08 12:39:36,SES03011868,SES03011868
6219,301,172,view,2023-08-08 12:54:34,SES03011868,SES03011868
6220,301,194,cart,2023-08-08 13:01:17,SES03011868,SES03011868
6221,301,141,cart,2023-08-08 13:13:39,SES03011868,SES03011868
6222,301,141,cart,2023-08-08 13:28:35,SES03011868,SES03011868
6223,302,45,view,2024-07-21 21:10:41,SES03028022,SES03028022
6224,302,131,view,2024-07-21 21:29:22,SES03028022,SES03028022
6225,302,186,view,2024-07-21 21:51:26,SES03028022,SES03028022
6226,302,131,cart,2024-07-21 21:54:52,SES03028022,SES03028022
6227,303,64,view,2024-08-11 16:19:34,SES03038753,SES03038753
6228,303,61,view,2024-08-11 16:44:52,SES03038753,SES03038753
6229,303,176,view,2024-08-11 17:14:17,SES03038753,SES03038753
6230,303,127,view,2024-08-11 17:29:23,SES03038753,SES03038753
6231,303,42,view,2024-08-11 17:35:26,SES03038753,SES03038753
6232,303,44,view,2024-08-11 17:36:39,SES03038753,SES03038753
6233,303,185,view,2024-08-11 17:38:54,SES03038753,SES03038753
6234,303,117,view,2024-08-11 17:58:15,SES03038753,SES03038753
6235,303,90,view,2024-08-11 17:59:31,SES03038753,SES03038753
6236,303,158,view,2024-08-11 18:13:32,SES03038753,SES03038753
6237,304,152,view,2024-12-28 20:26:32,SES03046633,SES03046633
6238,304,124,view,2024-12-28 20:44:46,SES03046633,SES03046633
6239,304,95,view,2024-12-28 20:45:45,SES03046633,SES03046633
6240,304,95,cart,2024-12-28 20:49:24,SES03046633,SES03046633
6241,304,168,view,2023-04-10 19:41:43,SES03043496,SES03043496
6242,304,147,view,2023-04-10 20:08:40,SES03043496,SES03043496
6243,304,2,view,2023-04-10 20:22:27,SES03043496,SES03043496
6244,304,196,view,2023-04-10 20:27:08,SES03043496,SES03043496
6245,304,77,view,2023-04-10 20:48:09,SES03043496,SES03043496
6246,304,126,view,2023-04-10 21:11:43,SES03043496,SES03043496
6247,304,13,view,2023-04-10 21:13:48,SES03043496,SES03043496
6248,304,196,cart,2023-04-10 21:42:00,SES03043496,SES03043496
6249,304,77,cart,2023-04-10 21:49:19,SES03043496,SES03043496
6250,304,13,cart,2023-04-10 22:06:30,SES03043496,SES03043496
6251,304,191,view,2024-03-05 21:34:38,SES03049706,SES03049706
6252,304,23,view,2024-03-05 21:36:54,SES03049706,SES03049706
6253,304,168,view,2024-03-05 21:58:33,SES03049706,SES03049706
6254,304,191,cart,2024-03-05 22:23:32,SES03049706,SES03049706
6255,305,38,view,2024-01-25 04:02:43,SES03059272,SES03059272
6256,305,6,view,2024-01-25 04:16:44,SES03059272,SES03059272
6257,305,167,view,2024-01-25 04:23:39,SES03059272,SES03059272
6258,305,126,view,2024-01-25 04:47:06,SES03059272,SES03059272
6259,305,180,view,2024-01-25 05:00:25,SES03059272,SES03059272
6260,305,6,cart,2024-01-25 05:17:21,SES03059272,SES03059272
6261,306,7,view,2024-03-18 10:24:56,SES03066685,SES03066685
6262,306,193,view,2024-03-18 10:51:15,SES03066685,SES03066685
6263,306,164,view,2024-03-18 11:06:51,SES03066685,SES03066685
6264,306,64,view,2024-03-18 11:10:43,SES03066685,SES03066685
6265,306,194,view,2024-03-18 11:12:39,SES03066685,SES03066685
6266,306,110,view,2024-03-18 11:14:49,SES03066685,SES03066685
6267,306,40,view,2024-03-18 11:25:31,SES03066685,SES03066685
6268,306,91,view,2024-03-18 11:33:48,SES03066685,SES03066685
6269,306,193,cart,2024-03-18 11:53:15,SES03066685,SES03066685
6270,306,164,cart,2024-03-18 11:58:50,SES03066685,SES03066685
6271,306,50,view,2024-11-12 01:21:42,SES03065696,SES03065696
6272,306,45,view,2024-11-12 01:25:50,SES03065696,SES03065696
6273,306,13,view,2024-11-12 01:42:10,SES03065696,SES03065696
6274,306,133,view,2024-11-12 01:55:43,SES03065696,SES03065696
6275,306,76,view,2024-11-12 02:22:02,SES03065696,SES03065696
6276,306,25,view,2024-11-12 02:41:54,SES03065696,SES03065696
6277,306,18,view,2024-11-12 02:52:44,SES03065696,SES03065696
6278,306,25,view,2024-11-12 03:09:55,SES03065696,SES03065696
6279,306,89,view,2024-11-12 03:15:19,SES03065696,SES03065696
6280,306,13,cart,2024-11-12 03:32:49,SES03065696,SES03065696
6281,306,76,cart,2024-11-12 03:41:28,SES03065696,SES03065696
6282,306,25,cart,2024-11-12 03:43:34,SES03065696,SES03065696
6283,306,191,view,2024-10-15 22:50:29,SES03062768,SES03062768
6284,306,45,view,2024-10-15 23:00:50,SES03062768,SES03062768
6285,306,16,view,2024-10-15 23:06:00,SES03062768,SES03062768
6286,306,63,view,2024-10-15 23:09:31,SES03062768,SES03062768
6287,306,136,view,2024-10-15 23:17:43,SES03062768,SES03062768
6288,306,2,view,2024-10-15 23:38:26,SES03062768,SES03062768
6289,306,131,view,2024-10-15 23:55:54,SES03062768,SES03062768
6290,306,191,cart,2024-10-16 00:04:28,SES03062768,SES03062768
6291,307,87,view,2023-05-23 16:42:30,SES03072335,SES03072335
6292,307,194,view,2023-05-23 17:09:42,SES03072335,SES03072335
6293,307,74,view,2023-05-23 17:23:27,SES03072335,SES03072335
6294,307,146,view,2023-05-23 17:40:38,SES03072335,SES03072335
6295,307,121,view,2023-05-23 17:42:18,SES03072335,SES03072335
6296,307,45,view,2023-05-23 18:06:05,SES03072335,SES03072335
6297,307,168,view,2023-05-23 18:31:57,SES03072335,SES03072335
6298,307,92,view,2023-05-23 18:38:15,SES03072335,SES03072335
6299,307,74,view,2023-05-23 18:40:45,SES03072335,SES03072335
6300,307,157,view,2023-05-23 19:10:32,SES03072335,SES03072335
6301,307,74,cart,2023-05-23 19:11:43,SES03072335,SES03072335
6302,307,146,cart,2023-05-23 19:25:35,SES03072335,SES03072335
6303,307,116,view,2024-08-19 03:40:10,SES03077937,SES03077937
6304,307,52,view,2024-08-19 04:07:46,SES03077937,SES03077937
6305,307,112,view,2024-08-19 04:11:35,SES03077937,SES03077937
6306,307,56,view,2024-08-19 04:33:50,SES03077937,SES03077937
6307,307,180,view,2024-08-19 04:56:55,SES03077937,SES03077937
6308,307,27,view,2024-08-19 05:26:36,SES03077937,SES03077937
6309,307,117,view,2024-08-19 05:36:50,SES03077937,SES03077937
6310,307,150,view,2024-08-19 05:58:31,SES03077937,SES03077937
6311,307,78,view,2024-08-19 06:05:03,SES03077937,SES03077937
6312,307,52,cart,2024-08-19 06:29:29,SES03077937,SES03077937
6313,307,56,cart,2024-08-19 06:44:12,SES03077937,SES03077937
6314,307,47,view,2024-04-20 04:32:52,SES03074402,SES03074402
6315,307,112,view,2024-04-20 04:34:46,SES03074402,SES03074402
6316,307,17,view,2024-04-20 04:46:33,SES03074402,SES03074402
6317,307,49,view,2024-04-20 05:10:07,SES03074402,SES03074402
6318,307,106,view,2024-04-20 05:35:48,SES03074402,SES03074402
6319,307,139,view,2024-04-20 05:47:48,SES03074402,SES03074402
6320,307,193,view,2024-04-20 06:12:49,SES03074402,SES03074402
6321,307,33,view,2024-04-20 06:21:28,SES03074402,SES03074402
6322,307,161,view,2024-04-20 06:28:10,SES03074402,SES03074402
6323,307,47,cart,2024-04-20 06:48:45,SES03074402,SES03074402
6324,307,139,cart,2024-04-20 06:56:22,SES03074402,SES03074402
6325,307,161,cart,2024-04-20 07:00:05,SES03074402,SES03074402
6326,307,64,view,2023-01-11 04:06:23,SES03079115,SES03079115
6327,307,141,view,2023-01-11 04:32:06,SES03079115,SES03079115
6328,307,158,view,2023-01-11 04:35:30,SES03079115,SES03079115
6329,307,192,view,2023-01-11 04:39:56,SES03079115,SES03079115
6330,307,158,cart,2023-01-11 04:46:22,SES03079115,SES03079115
6331,308,173,view,2024-05-02 20:56:48,SES03089781,SES03089781
6332,308,198,view,2024-05-02 21:02:21,SES03089781,SES03089781
6333,308,76,view,2024-05-02 21:03:59,SES03089781,SES03089781
6334,308,142,view,2024-05-02 21:13:59,SES03089781,SES03089781
6335,308,37,view,2024-05-02 21:35:53,SES03089781,SES03089781
6336,308,198,cart,2024-05-02 21:47:04,SES03089781,SES03089781
6337,308,108,view,2024-01-21 16:58:38,SES03081278,SES03081278
6338,308,176,view,2024-01-21 17:00:17,SES03081278,SES03081278
6339,308,39,view,2024-01-21 17:11:52,SES03081278,SES03081278
6340,308,64,view,2024-01-21 17:29:00,SES03081278,SES03081278
6341,308,115,view,2024-01-21 17:56:09,SES03081278,SES03081278
6342,308,108,cart,2024-01-21 18:25:56,SES03081278,SES03081278
6343,308,69,view,2023-07-18 08:56:13,SES03082037,SES03082037
6344,308,168,view,2023-07-18 09:23:29,SES03082037,SES03082037
6345,308,128,view,2023-07-18 09:24:11,SES03082037,SES03082037
6346,308,13,view,2023-07-18 09:43:07,SES03082037,SES03082037
6347,308,180,view,2023-07-18 10:05:19,SES03082037,SES03082037
6348,308,155,view,2023-07-18 10:09:37,SES03082037,SES03082037
6349,308,112,view,2023-07-18 10:28:43,SES03082037,SES03082037
6350,308,193,view,2023-07-18 10:29:21,SES03082037,SES03082037
6351,308,175,view,2023-07-18 10:49:46,SES03082037,SES03082037
6352,308,176,view,2023-07-18 10:50:39,SES03082037,SES03082037
6353,308,128,cart,2023-07-18 10:58:40,SES03082037,SES03082037
6354,308,180,cart,2023-07-18 11:09:55,SES03082037,SES03082037
6355,309,39,view,2024-04-28 18:31:55,SES03097516,SES03097516
6356,309,40,view,2024-04-28 18:44:15,SES03097516,SES03097516
6357,309,44,view,2024-04-28 19:05:08,SES03097516,SES03097516
6358,309,59,view,2024-04-28 19:22:37,SES03097516,SES03097516
6359,309,6,view,2024-04-28 19:48:43,SES03097516,SES03097516
6360,309,6,cart,2024-04-28 20:13:37,SES03097516,SES03097516
6361,310,196,view,2023-11-28 09:45:09,SES03102286,SES03102286
6362,310,37,view,2023-11-28 09:49:40,SES03102286,SES03102286
6363,310,90,view,2023-11-28 09:54:31,SES03102286,SES03102286
6364,310,34,view,2023-04-21 09:59:21,SES03102976,SES03102976
6365,310,62,view,2023-04-21 10:22:42,SES03102976,SES03102976
6366,310,131,view,2023-04-21 10:24:56,SES03102976,SES03102976
6367,310,41,view,2023-04-21 10:26:20,SES03102976,SES03102976
6368,310,56,view,2023-04-21 10:32:33,SES03102976,SES03102976
6369,310,36,view,2023-04-21 10:46:18,SES03102976,SES03102976
6370,310,150,view,2023-04-21 11:14:29,SES03102976,SES03102976
6371,310,62,cart,2023-04-21 11:20:07,SES03102976,SES03102976
6372,310,199,view,2023-04-20 10:24:07,SES03104822,SES03104822
6373,310,44,view,2023-04-20 10:46:52,SES03104822,SES03104822
6374,310,65,view,2023-04-20 11:13:52,SES03104822,SES03104822
6375,310,158,view,2023-04-20 11:32:00,SES03104822,SES03104822
6376,310,117,view,2023-04-20 11:45:57,SES03104822,SES03104822
6377,310,91,view,2023-04-20 12:03:36,SES03104822,SES03104822
6378,310,112,view,2023-04-20 12:14:53,SES03104822,SES03104822
6379,310,86,view,2023-04-20 12:26:32,SES03104822,SES03104822
6380,310,17,view,2023-04-20 12:53:44,SES03104822,SES03104822
6381,310,164,view,2023-04-20 12:54:27,SES03104822,SES03104822
6382,310,44,cart,2023-04-20 13:00:36,SES03104822,SES03104822
6383,310,65,cart,2023-04-20 13:07:01,SES03104822,SES03104822
6384,310,158,cart,2023-04-20 13:15:48,SES03104822,SES03104822
6385,310,112,cart,2023-04-20 13:29:00,SES03104822,SES03104822
6386,311,153,view,2023-06-10 10:51:38,SES03114240,SES03114240
6387,311,179,view,2023-06-10 10:56:56,SES03114240,SES03114240
6388,311,45,view,2023-06-10 11:03:00,SES03114240,SES03114240
6389,311,158,view,2023-06-10 11:08:19,SES03114240,SES03114240
6390,311,44,view,2023-06-10 11:24:30,SES03114240,SES03114240
6391,311,70,view,2023-06-10 11:31:40,SES03114240,SES03114240
6392,311,192,view,2023-06-10 11:47:37,SES03114240,SES03114240
6393,311,38,view,2023-06-10 12:11:20,SES03114240,SES03114240
6394,311,65,view,2023-06-10 12:17:43,SES03114240,SES03114240
6395,311,40,view,2023-06-10 12:45:55,SES03114240,SES03114240
6396,311,179,cart,2023-06-10 12:56:05,SES03114240,SES03114240
6397,311,158,cart,2023-06-10 13:11:30,SES03114240,SES03114240
6398,311,44,cart,2023-06-10 13:27:22,SES03114240,SES03114240
6399,311,65,cart,2023-06-10 13:39:56,SES03114240,SES03114240
6400,311,58,view,2024-02-11 05:11:37,SES03115903,SES03115903
6401,311,84,view,2024-02-11 05:31:10,SES03115903,SES03115903
6402,311,99,view,2024-02-11 05:38:15,SES03115903,SES03115903
6403,311,8,view,2024-02-11 05:59:37,SES03115903,SES03115903
6404,311,144,view,2024-02-11 06:26:50,SES03115903,SES03115903
6405,311,84,cart,2024-02-11 06:47:56,SES03115903,SES03115903
6406,311,49,view,2024-04-07 10:35:52,SES03118521,SES03118521
6407,311,118,view,2024-04-07 10:57:58,SES03118521,SES03118521
6408,311,115,view,2024-04-07 11:22:17,SES03118521,SES03118521
6409,311,191,view,2024-04-07 11:40:48,SES03118521,SES03118521
6410,311,83,view,2024-04-07 11:51:24,SES03118521,SES03118521
6411,311,136,view,2024-04-07 12:14:25,SES03118521,SES03118521
6412,311,83,cart,2024-04-07 12:32:03,SES03118521,SES03118521
6413,311,3,view,2023-03-24 22:43:12,SES03118815,SES03118815
6414,311,2,view,2023-03-24 23:09:55,SES03118815,SES03118815
6415,311,94,view,2023-03-24 23:26:54,SES03118815,SES03118815
6416,312,124,view,2024-07-06 23:39:06,SES03125671,SES03125671
6417,312,159,view,2024-07-06 23:56:29,SES03125671,SES03125671
6418,312,193,view,2024-07-07 00:16:38,SES03125671,SES03125671
6419,312,87,view,2024-07-07 00:21:20,SES03125671,SES03125671
6420,312,83,view,2024-07-07 00:46:45,SES03125671,SES03125671
6421,312,124,view,2024-07-07 01:12:46,SES03125671,SES03125671
6422,312,165,view,2024-07-07 01:32:48,SES03125671,SES03125671
6423,312,159,cart,2024-07-07 01:55:20,SES03125671,SES03125671
6424,312,43,view,2023-11-25 11:22:47,SES03122811,SES03122811
6425,312,70,view,2023-11-25 11:40:07,SES03122811,SES03122811
6426,312,19,view,2023-11-25 11:48:31,SES03122811,SES03122811
6427,312,95,view,2023-11-25 11:50:34,SES03122811,SES03122811
6428,312,91,view,2023-11-25 12:00:23,SES03122811,SES03122811
6429,312,94,view,2023-11-25 12:12:48,SES03122811,SES03122811
6430,312,141,view,2023-11-25 12:27:38,SES03122811,SES03122811
6431,312,8,view,2023-11-25 12:35:32,SES03122811,SES03122811
6432,312,141,view,2023-11-25 12:48:36,SES03122811,SES03122811
6433,312,95,cart,2023-11-25 12:57:03,SES03122811,SES03122811
6434,312,94,cart,2023-11-25 13:00:05,SES03122811,SES03122811
6435,312,110,view,2023-04-10 01:44:42,SES03122100,SES03122100
6436,312,77,view,2023-04-10 02:03:11,SES03122100,SES03122100
6437,312,183,view,2023-04-10 02:13:38,SES03122100,SES03122100
6438,312,154,view,2023-04-10 02:39:02,SES03122100,SES03122100
6439,312,45,view,2023-04-10 02:51:44,SES03122100,SES03122100
6440,312,31,view,2023-04-10 02:59:36,SES03122100,SES03122100
6441,312,64,view,2024-03-06 23:55:49,SES03124052,SES03124052
6442,312,99,view,2024-03-07 00:08:34,SES03124052,SES03124052
6443,312,97,view,2024-03-07 00:36:42,SES03124052,SES03124052
6444,312,106,view,2024-03-07 00:44:09,SES03124052,SES03124052
6445,312,96,view,2024-03-07 00:58:28,SES03124052,SES03124052
6446,312,141,view,2024-03-07 01:18:26,SES03124052,SES03124052
6447,312,145,view,2024-03-07 01:19:55,SES03124052,SES03124052
6448,312,68,view,2024-03-07 01:35:56,SES03124052,SES03124052
6449,312,39,view,2024-03-07 01:58:08,SES03124052,SES03124052
6450,312,99,cart,2024-03-07 02:20:14,SES03124052,SES03124052
6451,312,97,cart,2024-03-07 02:23:05,SES03124052,SES03124052
6452,312,96,cart,2024-03-07 02:25:38,SES03124052,SES03124052
6453,312,39,cart,2024-03-07 02:35:06,SES03124052,SES03124052
6454,313,97,view,2023-04-27 01:42:49,SES03131418,SES03131418
6455,313,151,view,2023-04-27 02:04:56,SES03131418,SES03131418
6456,313,150,view,2023-04-27 02:29:13,SES03131418,SES03131418
6457,313,97,cart,2023-04-27 02:56:47,SES03131418,SES03131418
6458,313,151,cart,2023-04-27 03:01:00,SES03131418,SES03131418
6459,314,13,view,2024-02-03 04:04:03,SES03145737,SES03145737
6460,314,176,view,2024-02-03 04:18:02,SES03145737,SES03145737
6461,314,150,view,2024-02-03 04:27:57,SES03145737,SES03145737
6462,314,49,view,2024-02-03 04:39:55,SES03145737,SES03145737
6463,314,9,view,2024-02-03 04:40:59,SES03145737,SES03145737
6464,314,77,view,2024-02-03 04:54:14,SES03145737,SES03145737
6465,314,168,view,2024-02-03 05:23:15,SES03145737,SES03145737
6466,314,51,view,2024-02-03 05:34:23,SES03145737,SES03145737
6467,314,83,view,2024-02-03 05:38:23,SES03145737,SES03145737
6468,314,118,view,2024-02-03 05:42:23,SES03145737,SES03145737
6469,314,176,cart,2024-02-03 05:58:21,SES03145737,SES03145737
6470,314,9,cart,2024-02-03 06:12:30,SES03145737,SES03145737
6471,314,118,cart,2024-02-03 06:22:29,SES03145737,SES03145737
6472,314,176,view,2023-03-23 13:11:55,SES03146487,SES03146487
6473,314,60,view,2023-03-23 13:20:00,SES03146487,SES03146487
6474,314,162,view,2023-03-23 13:41:06,SES03146487,SES03146487
6475,314,135,view,2023-03-23 13:56:22,SES03146487,SES03146487
6476,314,63,view,2023-03-23 14:24:49,SES03146487,SES03146487
6477,314,12,view,2023-03-23 14:35:38,SES03146487,SES03146487
6478,314,25,view,2023-03-23 14:39:49,SES03146487,SES03146487
6479,314,178,view,2023-03-23 15:00:57,SES03146487,SES03146487
6480,314,194,view,2023-03-23 15:16:10,SES03146487,SES03146487
6481,314,5,view,2023-03-23 15:31:26,SES03146487,SES03146487
6482,314,176,cart,2023-03-23 15:34:14,SES03146487,SES03146487
6483,314,135,cart,2023-03-23 15:43:50,SES03146487,SES03146487
6484,314,5,cart,2023-03-23 15:56:57,SES03146487,SES03146487
6485,314,12,view,2023-09-11 07:52:15,SES03148020,SES03148020
6486,314,146,view,2023-09-11 07:55:44,SES03148020,SES03148020
6487,314,188,view,2023-09-11 08:19:04,SES03148020,SES03148020
6488,314,128,view,2023-09-11 08:44:17,SES03148020,SES03148020
6489,314,142,view,2023-09-11 09:07:36,SES03148020,SES03148020
6490,314,126,view,2023-09-11 09:08:57,SES03148020,SES03148020
6491,314,167,view,2023-09-11 09:27:03,SES03148020,SES03148020
6492,314,175,view,2023-09-11 09:47:44,SES03148020,SES03148020
6493,314,131,view,2023-09-11 09:51:41,SES03148020,SES03148020
6494,314,136,view,2024-11-24 02:21:45,SES03148331,SES03148331
6495,314,170,view,2024-11-24 02:34:53,SES03148331,SES03148331
6496,314,64,view,2024-11-24 02:54:26,SES03148331,SES03148331
6497,314,45,view,2024-11-24 03:09:07,SES03148331,SES03148331
6498,314,153,view,2024-11-24 03:25:23,SES03148331,SES03148331
6499,314,173,view,2024-11-24 03:46:51,SES03148331,SES03148331
6500,314,36,view,2024-11-24 04:05:50,SES03148331,SES03148331
6501,314,153,cart,2024-11-24 04:31:33,SES03148331,SES03148331
6502,314,173,cart,2024-11-24 04:41:59,SES03148331,SES03148331
6503,315,113,view,2023-11-01 23:27:31,SES03153431,SES03153431
6504,315,117,view,2023-11-01 23:42:54,SES03153431,SES03153431
6505,315,144,view,2023-11-02 00:06:48,SES03153431,SES03153431
6506,315,103,view,2023-11-02 00:26:01,SES03153431,SES03153431
6507,315,115,view,2023-11-02 00:29:04,SES03153431,SES03153431
6508,315,5,view,2023-11-02 00:50:05,SES03153431,SES03153431
6509,315,2,view,2023-11-02 01:16:45,SES03153431,SES03153431
6510,315,150,view,2023-11-02 01:22:58,SES03153431,SES03153431
6511,315,34,view,2023-11-02 01:45:58,SES03153431,SES03153431
6512,315,193,view,2023-11-02 02:15:46,SES03153431,SES03153431
6513,315,113,cart,2023-11-02 02:29:43,SES03153431,SES03153431
6514,315,150,cart,2023-11-02 02:46:17,SES03153431,SES03153431
6515,315,34,cart,2023-11-02 02:57:08,SES03153431,SES03153431
6516,315,193,view,2024-09-21 12:03:56,SES03152919,SES03152919
6517,315,95,view,2024-09-21 12:21:13,SES03152919,SES03152919
6518,315,27,view,2024-09-21 12:41:11,SES03152919,SES03152919
6519,315,21,view,2024-09-21 13:01:31,SES03152919,SES03152919
6520,315,194,view,2024-09-21 13:31:30,SES03152919,SES03152919
6521,315,124,view,2024-09-21 13:43:36,SES03152919,SES03152919
6522,315,1,view,2024-09-21 13:58:25,SES03152919,SES03152919
6523,315,55,view,2024-09-21 14:21:17,SES03152919,SES03152919
6524,315,8,view,2024-09-21 14:22:29,SES03152919,SES03152919
6525,315,193,cart,2024-09-21 14:38:38,SES03152919,SES03152919
6526,315,27,cart,2024-09-21 14:47:49,SES03152919,SES03152919
6527,315,147,view,2023-04-21 01:21:53,SES03156576,SES03156576
6528,315,17,view,2023-04-21 01:34:42,SES03156576,SES03156576
6529,315,51,view,2023-04-21 01:53:36,SES03156576,SES03156576
6530,315,129,view,2024-04-14 09:19:51,SES03151584,SES03151584
6531,315,162,view,2024-04-14 09:28:07,SES03151584,SES03151584
6532,315,166,view,2024-04-14 09:41:00,SES03151584,SES03151584
6533,315,176,view,2024-04-14 09:53:09,SES03151584,SES03151584
6534,316,135,view,2023-05-25 20:32:07,SES03168212,SES03168212
6535,316,120,view,2023-05-25 20:35:28,SES03168212,SES03168212
6536,316,92,view,2023-05-25 20:49:04,SES03168212,SES03168212
6537,316,118,view,2023-05-25 21:06:14,SES03168212,SES03168212
6538,316,135,view,2023-05-25 21:34:56,SES03168212,SES03168212
6539,316,55,view,2023-05-25 21:38:17,SES03168212,SES03168212
6540,316,176,view,2023-05-25 21:42:23,SES03168212,SES03168212
6541,316,55,cart,2023-05-25 21:57:02,SES03168212,SES03168212
6542,317,183,view,2024-04-12 20:42:55,SES03172723,SES03172723
6543,317,136,view,2024-04-12 20:55:05,SES03172723,SES03172723
6544,317,17,view,2024-04-12 21:22:21,SES03172723,SES03172723
6545,317,121,view,2024-04-12 21:50:47,SES03172723,SES03172723
6546,317,174,view,2024-04-12 21:53:07,SES03172723,SES03172723
6547,317,183,cart,2024-04-12 22:06:12,SES03172723,SES03172723
6548,317,67,view,2024-11-03 10:15:16,SES03174332,SES03174332
6549,317,131,view,2024-11-03 10:31:44,SES03174332,SES03174332
6550,317,34,view,2024-11-03 10:57:30,SES03174332,SES03174332
6551,317,1,view,2024-11-03 11:01:30,SES03174332,SES03174332
6552,317,25,view,2024-11-03 11:09:26,SES03174332,SES03174332
6553,317,17,view,2024-11-03 11:14:14,SES03174332,SES03174332
6554,317,124,view,2024-11-03 11:40:17,SES03174332,SES03174332
6555,317,164,view,2024-11-03 11:55:40,SES03174332,SES03174332
6556,317,155,view,2024-11-03 12:21:10,SES03174332,SES03174332
6557,317,49,view,2024-11-03 12:29:20,SES03174332,SES03174332
6558,317,131,cart,2024-11-03 12:32:46,SES03174332,SES03174332
6559,317,1,cart,2024-11-03 12:40:19,SES03174332,SES03174332
6560,318,161,view,2024-04-20 01:17:14,SES03187492,SES03187492
6561,318,152,view,2024-04-20 01:22:47,SES03187492,SES03187492
6562,318,183,view,2024-04-20 01:37:06,SES03187492,SES03187492
6563,318,155,view,2024-04-20 02:02:24,SES03187492,SES03187492
6564,318,96,view,2024-04-20 02:16:03,SES03187492,SES03187492
6565,318,141,view,2024-04-20 02:29:20,SES03187492,SES03187492
6566,318,32,view,2024-04-20 02:30:29,SES03187492,SES03187492
6567,318,183,cart,2024-04-20 02:38:59,SES03187492,SES03187492
6568,318,96,cart,2024-04-20 02:44:50,SES03187492,SES03187492
6569,318,87,view,2023-10-03 22:33:37,SES03186827,SES03186827
6570,318,115,view,2023-10-03 22:51:24,SES03186827,SES03186827
6571,318,91,view,2023-10-03 23:20:48,SES03186827,SES03186827
6572,318,58,view,2023-10-03 23:31:45,SES03186827,SES03186827
6573,318,197,view,2023-10-03 23:58:08,SES03186827,SES03186827
6574,318,127,view,2023-10-04 00:27:03,SES03186827,SES03186827
6575,318,51,view,2023-10-04 00:43:18,SES03186827,SES03186827
6576,318,45,view,2023-10-04 00:49:05,SES03186827,SES03186827
6577,318,197,cart,2023-10-04 01:05:36,SES03186827,SES03186827
6578,318,77,view,2023-05-20 01:32:21,SES03184798,SES03184798
6579,318,167,view,2023-05-20 01:33:25,SES03184798,SES03184798
6580,318,107,view,2023-05-20 01:38:40,SES03184798,SES03184798
6581,318,71,view,2023-05-20 02:06:41,SES03184798,SES03184798
6582,318,88,view,2023-05-20 02:12:10,SES03184798,SES03184798
6583,318,51,view,2023-05-20 02:27:05,SES03184798,SES03184798
6584,318,119,view,2023-05-20 02:55:14,SES03184798,SES03184798
6585,318,51,view,2023-05-20 03:05:53,SES03184798,SES03184798
6586,318,60,view,2023-05-20 03:31:23,SES03184798,SES03184798
6587,318,153,view,2023-05-20 03:40:40,SES03184798,SES03184798
6588,318,88,cart,2023-05-20 04:02:34,SES03184798,SES03184798
6589,318,60,cart,2023-05-20 04:13:45,SES03184798,SES03184798
6590,318,114,view,2024-05-28 10:32:56,SES03181323,SES03181323
6591,318,38,view,2024-05-28 10:54:11,SES03181323,SES03181323
6592,318,73,view,2024-05-28 11:21:43,SES03181323,SES03181323
6593,318,158,view,2024-05-28 11:40:47,SES03181323,SES03181323
6594,318,176,view,2024-05-28 11:50:13,SES03181323,SES03181323
6595,318,82,view,2024-05-28 11:59:29,SES03181323,SES03181323
6596,318,33,view,2024-05-28 12:09:59,SES03181323,SES03181323
6597,318,127,view,2024-05-28 12:30:51,SES03181323,SES03181323
6598,318,124,view,2024-05-28 12:57:22,SES03181323,SES03181323
6599,318,75,view,2024-05-28 13:14:09,SES03181323,SES03181323
6600,318,38,cart,2024-05-28 13:20:26,SES03181323,SES03181323
6601,318,73,cart,2024-05-28 13:27:51,SES03181323,SES03181323
6602,318,33,cart,2024-05-28 13:29:12,SES03181323,SES03181323
6603,318,127,cart,2024-05-28 13:40:20,SES03181323,SES03181323
6604,318,124,cart,2024-05-28 13:47:58,SES03181323,SES03181323
6605,319,7,view,2023-10-28 02:22:42,SES03194003,SES03194003
6606,319,6,view,2023-10-28 02:31:52,SES03194003,SES03194003
6607,319,183,view,2023-10-28 02:47:57,SES03194003,SES03194003
6608,319,169,view,2023-10-28 03:03:08,SES03194003,SES03194003
6609,319,25,view,2023-10-28 03:16:14,SES03194003,SES03194003
6610,319,13,view,2023-10-28 03:17:30,SES03194003,SES03194003
6611,319,25,cart,2023-10-28 03:28:39,SES03194003,SES03194003
6612,319,64,view,2023-03-20 20:47:16,SES03192154,SES03192154
6613,319,21,view,2023-03-20 21:08:41,SES03192154,SES03192154
6614,319,49,view,2023-03-20 21:13:33,SES03192154,SES03192154
6615,319,167,view,2023-03-20 21:24:26,SES03192154,SES03192154
6616,319,125,view,2023-03-20 21:38:30,SES03192154,SES03192154
6617,319,26,view,2023-03-20 22:06:00,SES03192154,SES03192154
6618,319,141,view,2023-03-20 22:13:08,SES03192154,SES03192154
6619,319,162,view,2023-03-20 22:38:33,SES03192154,SES03192154
6620,319,64,cart,2023-03-20 22:40:30,SES03192154,SES03192154
6621,320,154,view,2023-11-24 10:30:50,SES03201566,SES03201566
6622,320,142,view,2023-11-24 10:33:55,SES03201566,SES03201566
6623,320,88,view,2023-11-24 10:44:59,SES03201566,SES03201566
6624,320,102,view,2023-11-24 11:09:56,SES03201566,SES03201566
6625,320,51,view,2023-11-24 11:34:58,SES03201566,SES03201566
6626,320,87,view,2023-11-24 11:57:10,SES03201566,SES03201566
6627,320,64,view,2023-11-24 12:02:10,SES03201566,SES03201566
6628,320,195,view,2023-11-24 12:12:03,SES03201566,SES03201566
6629,320,108,view,2023-11-24 12:24:53,SES03201566,SES03201566
6630,320,154,cart,2023-11-24 12:27:22,SES03201566,SES03201566
6631,320,87,cart,2023-11-24 12:35:42,SES03201566,SES03201566
6632,320,64,cart,2023-11-24 12:39:07,SES03201566,SES03201566
6633,321,9,view,2023-07-25 12:04:16,SES03219117,SES03219117
6634,321,112,view,2023-07-25 12:09:25,SES03219117,SES03219117
6635,321,60,view,2023-07-25 12:22:08,SES03219117,SES03219117
6636,321,21,view,2023-07-25 12:37:45,SES03219117,SES03219117
6637,321,87,view,2023-07-25 12:44:18,SES03219117,SES03219117
6638,321,8,view,2023-07-25 13:09:52,SES03219117,SES03219117
6639,321,157,view,2023-07-25 13:20:10,SES03219117,SES03219117
6640,321,18,view,2023-07-25 13:38:25,SES03219117,SES03219117
6641,321,158,view,2023-07-25 14:06:06,SES03219117,SES03219117
6642,321,112,cart,2023-07-25 14:31:04,SES03219117,SES03219117
6643,321,157,cart,2023-07-25 14:49:01,SES03219117,SES03219117
6644,321,18,cart,2023-07-25 15:02:53,SES03219117,SES03219117
6645,321,158,cart,2023-07-25 15:08:24,SES03219117,SES03219117
6646,321,93,view,2023-06-25 04:34:41,SES03214166,SES03214166
6647,321,81,view,2023-06-25 04:40:36,SES03214166,SES03214166
6648,321,172,view,2023-06-25 04:47:44,SES03214166,SES03214166
6649,321,165,view,2023-06-25 05:07:58,SES03214166,SES03214166
6650,321,194,view,2023-06-25 05:22:39,SES03214166,SES03214166
6651,321,194,cart,2023-06-25 05:34:40,SES03214166,SES03214166
6652,321,75,view,2023-11-20 14:23:39,SES03219358,SES03219358
6653,321,90,view,2023-11-20 14:34:00,SES03219358,SES03219358
6654,321,69,view,2023-11-20 15:00:38,SES03219358,SES03219358
6655,321,190,view,2023-11-20 15:15:46,SES03219358,SES03219358
6656,321,44,view,2023-11-20 15:28:04,SES03219358,SES03219358
6657,321,15,view,2023-11-20 15:43:30,SES03219358,SES03219358
6658,321,128,view,2023-11-20 16:04:56,SES03219358,SES03219358
6659,321,97,view,2023-11-20 16:11:26,SES03219358,SES03219358
6660,321,69,cart,2023-11-20 16:31:29,SES03219358,SES03219358
6661,322,179,view,2023-04-17 17:21:57,SES03222022,SES03222022
6662,322,117,view,2023-04-17 17:37:46,SES03222022,SES03222022
6663,322,18,view,2023-04-17 17:46:21,SES03222022,SES03222022
6664,322,180,view,2023-04-17 18:15:32,SES03222022,SES03222022
6665,322,165,view,2023-04-17 18:39:01,SES03222022,SES03222022
6666,322,179,cart,2023-04-17 18:46:13,SES03222022,SES03222022
6667,322,173,view,2023-04-26 08:03:09,SES03226091,SES03226091
6668,322,119,view,2023-04-26 08:22:12,SES03226091,SES03226091
6669,322,4,view,2023-04-26 08:43:43,SES03226091,SES03226091
6670,322,151,view,2023-04-26 09:00:43,SES03226091,SES03226091
6671,322,116,view,2023-04-26 09:19:36,SES03226091,SES03226091
6672,322,87,view,2023-04-26 09:36:03,SES03226091,SES03226091
6673,322,157,view,2023-04-26 09:49:55,SES03226091,SES03226091
6674,322,119,cart,2023-04-26 09:56:23,SES03226091,SES03226091
6675,322,157,cart,2023-04-26 10:03:05,SES03226091,SES03226091
6676,322,38,view,2023-07-11 13:07:53,SES03224170,SES03224170
6677,322,159,view,2023-07-11 13:09:04,SES03224170,SES03224170
6678,322,50,view,2023-07-11 13:28:28,SES03224170,SES03224170
6679,322,189,view,2023-07-11 13:35:25,SES03224170,SES03224170
6680,322,176,view,2023-07-11 13:38:14,SES03224170,SES03224170
6681,322,54,view,2023-07-11 13:59:08,SES03224170,SES03224170
6682,322,119,view,2023-07-11 14:03:11,SES03224170,SES03224170
6683,322,112,view,2023-07-11 14:16:17,SES03224170,SES03224170
6684,322,18,view,2023-07-11 14:42:23,SES03224170,SES03224170
6685,322,126,view,2023-03-17 04:11:19,SES03227443,SES03227443
6686,322,137,view,2023-03-17 04:14:55,SES03227443,SES03227443
6687,322,44,view,2023-03-17 04:40:17,SES03227443,SES03227443
6688,322,61,view,2023-03-17 04:43:35,SES03227443,SES03227443
6689,322,91,view,2023-03-17 04:52:03,SES03227443,SES03227443
6690,322,196,view,2023-03-17 05:12:13,SES03227443,SES03227443
6691,322,189,view,2023-03-17 05:23:23,SES03227443,SES03227443
6692,322,95,view,2023-03-17 05:41:55,SES03227443,SES03227443
6693,322,13,view,2023-03-17 05:52:20,SES03227443,SES03227443
6694,322,150,view,2023-03-17 06:08:43,SES03227443,SES03227443
6695,322,126,cart,2023-03-17 06:29:39,SES03227443,SES03227443
6696,322,44,cart,2023-03-17 06:34:25,SES03227443,SES03227443
6697,322,196,cart,2023-03-17 06:40:57,SES03227443,SES03227443
6698,322,95,cart,2023-03-17 06:43:47,SES03227443,SES03227443
6699,322,13,cart,2023-03-17 06:49:22,SES03227443,SES03227443
6700,323,124,view,2024-04-17 05:54:11,SES03232072,SES03232072
6701,323,175,view,2024-04-17 06:17:46,SES03232072,SES03232072
6702,323,76,view,2024-04-17 06:46:50,SES03232072,SES03232072
6703,323,100,view,2024-04-17 07:00:41,SES03232072,SES03232072
6704,324,45,view,2024-03-28 09:20:15,SES03244432,SES03244432
6705,324,183,view,2024-03-28 09:31:27,SES03244432,SES03244432
6706,324,39,view,2024-03-28 09:39:12,SES03244432,SES03244432
6707,324,74,view,2024-03-28 10:06:47,SES03244432,SES03244432
6708,324,4,view,2024-03-28 10:29:22,SES03244432,SES03244432
6709,324,51,view,2024-03-28 10:58:23,SES03244432,SES03244432
6710,324,45,cart,2024-03-28 11:22:57,SES03244432,SES03244432
6711,324,183,cart,2024-03-28 11:38:27,SES03244432,SES03244432
6712,324,74,cart,2024-03-28 11:40:15,SES03244432,SES03244432
6713,325,81,view,2023-07-04 22:51:30,SES03258356,SES03258356
6714,325,119,view,2023-07-04 23:02:58,SES03258356,SES03258356
6715,325,157,view,2023-07-04 23:09:20,SES03258356,SES03258356
6716,325,157,cart,2023-07-04 23:11:08,SES03258356,SES03258356
6717,325,96,view,2023-11-26 12:55:30,SES03257362,SES03257362
6718,325,96,view,2023-11-26 13:17:14,SES03257362,SES03257362
6719,325,93,view,2023-11-26 13:44:14,SES03257362,SES03257362
6720,325,177,view,2023-11-26 13:59:46,SES03257362,SES03257362
6721,325,70,view,2023-11-26 14:03:48,SES03257362,SES03257362
6722,325,145,view,2023-11-26 14:23:52,SES03257362,SES03257362
6723,325,96,cart,2023-11-26 14:51:50,SES03257362,SES03257362
6724,325,96,cart,2023-11-26 14:52:54,SES03257362,SES03257362
6725,325,70,cart,2023-11-26 15:07:47,SES03257362,SES03257362
6726,325,145,cart,2023-11-26 15:22:01,SES03257362,SES03257362
6727,325,64,view,2023-03-25 02:05:39,SES03255825,SES03255825
6728,325,63,view,2023-03-25 02:07:43,SES03255825,SES03255825
6729,325,51,view,2023-03-25 02:26:01,SES03255825,SES03255825
6730,325,164,view,2023-03-25 02:40:50,SES03255825,SES03255825
6731,325,138,view,2023-03-25 03:07:53,SES03255825,SES03255825
6732,325,63,cart,2023-03-25 03:10:14,SES03255825,SES03255825
6733,325,138,cart,2023-03-25 03:27:02,SES03255825,SES03255825
6734,326,136,view,2023-03-04 11:56:00,SES03269278,SES03269278
6735,326,190,view,2023-03-04 12:08:00,SES03269278,SES03269278
6736,326,112,view,2023-03-04 12:09:37,SES03269278,SES03269278
6737,326,96,view,2023-03-04 12:17:12,SES03269278,SES03269278
6738,326,96,view,2023-03-04 12:26:56,SES03269278,SES03269278
6739,326,197,view,2023-03-04 12:55:57,SES03269278,SES03269278
6740,326,18,view,2023-03-04 12:57:27,SES03269278,SES03269278
6741,326,137,view,2023-03-04 13:23:28,SES03269278,SES03269278
6742,326,190,cart,2023-03-04 13:33:41,SES03269278,SES03269278
6743,326,96,cart,2023-03-04 13:39:03,SES03269278,SES03269278
6744,326,18,cart,2023-03-04 13:55:37,SES03269278,SES03269278
6745,326,31,view,2023-07-06 03:47:56,SES03266860,SES03266860
6746,326,197,view,2023-07-06 04:07:05,SES03266860,SES03266860
6747,326,64,view,2023-07-06 04:26:58,SES03266860,SES03266860
6748,326,76,view,2023-07-06 04:45:53,SES03266860,SES03266860
6749,326,76,cart,2023-07-06 05:03:29,SES03266860,SES03266860
6750,327,193,view,2024-04-03 15:41:26,SES03272088,SES03272088
6751,327,126,view,2024-04-03 15:53:43,SES03272088,SES03272088
6752,327,6,view,2024-04-03 16:20:49,SES03272088,SES03272088
6753,327,176,view,2024-04-03 16:50:31,SES03272088,SES03272088
6754,327,84,view,2024-04-03 17:17:17,SES03272088,SES03272088
6755,327,126,view,2024-04-03 17:46:54,SES03272088,SES03272088
6756,327,122,view,2024-04-03 17:59:52,SES03272088,SES03272088
6757,327,48,view,2024-04-03 18:15:45,SES03272088,SES03272088
6758,327,193,cart,2024-04-03 18:19:31,SES03272088,SES03272088
6759,327,176,cart,2024-04-03 18:25:19,SES03272088,SES03272088
6760,327,126,cart,2024-04-03 18:36:55,SES03272088,SES03272088
6761,327,48,cart,2024-04-03 18:54:37,SES03272088,SES03272088
6762,327,6,purchase,2024-04-03 18:25:39,SES03272088,SES03272088
6763,327,168,purchase,2024-04-03 17:25:22,SES03272088,SES03272088
6764,328,47,view,2024-01-02 03:23:12,SES03281963,SES03281963
6765,328,138,view,2024-01-02 03:28:52,SES03281963,SES03281963
6766,328,196,view,2024-01-02 03:38:32,SES03281963,SES03281963
6767,328,9,view,2024-01-02 04:08:12,SES03281963,SES03281963
6768,328,51,view,2024-01-02 04:25:17,SES03281963,SES03281963
6769,328,168,view,2024-01-02 04:47:42,SES03281963,SES03281963
6770,328,77,view,2024-01-02 05:04:49,SES03281963,SES03281963
6771,328,96,view,2024-01-02 05:33:49,SES03281963,SES03281963
6772,328,51,cart,2024-01-02 05:58:32,SES03281963,SES03281963
6773,328,183,view,2023-10-06 22:18:02,SES03282593,SES03282593
6774,328,140,view,2023-10-06 22:24:39,SES03282593,SES03282593
6775,328,102,view,2023-10-06 22:31:06,SES03282593,SES03282593
6776,328,168,view,2023-10-06 22:34:35,SES03282593,SES03282593
6777,328,193,view,2023-10-06 22:35:14,SES03282593,SES03282593
6778,328,68,view,2023-10-06 22:50:55,SES03282593,SES03282593
6779,328,21,view,2023-10-06 23:14:20,SES03282593,SES03282593
6780,328,141,view,2023-10-06 23:17:06,SES03282593,SES03282593
6781,328,21,cart,2023-10-06 23:29:21,SES03282593,SES03282593
6782,329,35,view,2023-12-09 22:12:38,SES03299694,SES03299694
6783,329,5,view,2023-12-09 22:35:58,SES03299694,SES03299694
6784,329,199,view,2023-12-09 22:59:44,SES03299694,SES03299694
6785,329,116,view,2023-12-09 23:24:41,SES03299694,SES03299694
6786,329,143,view,2023-12-09 23:34:50,SES03299694,SES03299694
6787,329,130,view,2023-12-09 23:50:32,SES03299694,SES03299694
6788,329,34,view,2023-12-09 23:57:01,SES03299694,SES03299694
6789,329,5,cart,2023-12-10 00:18:38,SES03299694,SES03299694
6790,329,116,cart,2023-12-10 00:25:38,SES03299694,SES03299694
6791,329,34,cart,2023-12-10 00:35:51,SES03299694,SES03299694
6792,329,178,purchase,2023-12-10 00:07:39,SES03299694,SES03299694
6793,329,192,view,2023-07-23 01:29:16,SES03296011,SES03296011
6794,329,20,view,2023-07-23 01:31:58,SES03296011,SES03296011
6795,329,45,view,2023-07-23 01:35:32,SES03296011,SES03296011
6796,329,196,view,2023-07-23 01:57:02,SES03296011,SES03296011
6797,329,156,view,2023-07-23 02:18:29,SES03296011,SES03296011
6798,329,78,view,2023-07-23 02:21:17,SES03296011,SES03296011
6799,329,142,view,2023-07-23 02:47:43,SES03296011,SES03296011
6800,329,188,view,2023-07-23 02:48:23,SES03296011,SES03296011
6801,329,5,view,2023-07-23 03:17:28,SES03296011,SES03296011
6802,329,18,view,2023-07-23 03:33:12,SES03296011,SES03296011
6803,329,20,cart,2023-07-23 03:44:19,SES03296011,SES03296011
6804,329,156,cart,2023-07-23 03:49:52,SES03296011,SES03296011
6805,329,78,cart,2023-07-23 03:56:07,SES03296011,SES03296011
6806,329,142,cart,2023-07-23 04:02:16,SES03296011,SES03296011
6807,329,5,cart,2023-07-23 04:18:15,SES03296011,SES03296011
6808,329,189,view,2024-03-14 02:17:17,SES03297310,SES03297310
6809,329,144,view,2024-03-14 02:39:26,SES03297310,SES03297310
6810,329,155,view,2024-03-14 02:56:37,SES03297310,SES03297310
6811,329,150,view,2024-03-14 03:10:19,SES03297310,SES03297310
6812,329,150,cart,2024-03-14 03:12:46,SES03297310,SES03297310
6813,329,116,view,2024-03-04 03:06:56,SES03295190,SES03295190
6814,329,54,view,2024-03-04 03:11:31,SES03295190,SES03295190
6815,329,58,view,2024-03-04 03:32:00,SES03295190,SES03295190
6816,329,152,view,2024-03-04 03:56:31,SES03295190,SES03295190
6817,329,131,view,2024-03-04 04:01:00,SES03295190,SES03295190
6818,329,162,view,2024-03-04 04:13:00,SES03295190,SES03295190
6819,329,189,view,2024-03-04 04:36:46,SES03295190,SES03295190
6820,329,131,cart,2024-03-04 05:06:39,SES03295190,SES03295190
6821,329,162,cart,2024-03-04 05:10:51,SES03295190,SES03295190
6822,329,189,cart,2024-03-04 05:28:27,SES03295190,SES03295190
6823,330,185,view,2024-08-11 11:40:24,SES03308450,SES03308450
6824,330,45,view,2024-08-11 12:07:11,SES03308450,SES03308450
6825,330,124,view,2024-08-11 12:12:56,SES03308450,SES03308450
6826,330,141,view,2024-08-11 12:28:24,SES03308450,SES03308450
6827,330,197,view,2024-08-11 12:51:02,SES03308450,SES03308450
6828,330,45,view,2024-08-11 12:59:24,SES03308450,SES03308450
6829,330,114,view,2024-08-11 13:17:43,SES03308450,SES03308450
6830,330,24,view,2024-08-11 13:19:58,SES03308450,SES03308450
6831,330,56,view,2024-08-11 13:49:25,SES03308450,SES03308450
6832,330,66,view,2024-08-11 14:05:05,SES03308450,SES03308450
6833,330,124,cart,2024-08-11 14:34:57,SES03308450,SES03308450
6834,330,56,cart,2024-08-11 14:36:45,SES03308450,SES03308450
6835,330,44,view,2024-03-16 05:05:01,SES03307508,SES03307508
6836,330,67,view,2024-03-16 05:31:10,SES03307508,SES03307508
6837,330,188,view,2024-03-16 05:46:44,SES03307508,SES03307508
6838,330,193,view,2024-03-16 06:11:57,SES03307508,SES03307508
6839,330,175,view,2024-03-16 06:38:17,SES03307508,SES03307508
6840,330,85,view,2024-03-16 06:49:51,SES03307508,SES03307508
6841,330,21,view,2024-03-16 07:00:20,SES03307508,SES03307508
6842,330,193,view,2024-03-16 07:17:09,SES03307508,SES03307508
6843,330,78,view,2024-03-16 07:35:11,SES03307508,SES03307508
6844,330,105,view,2024-03-16 07:56:54,SES03307508,SES03307508
6845,330,44,cart,2024-03-16 08:20:44,SES03307508,SES03307508
6846,330,188,cart,2024-03-16 08:37:27,SES03307508,SES03307508
6847,330,175,cart,2024-03-16 08:49:42,SES03307508,SES03307508
6848,330,21,cart,2024-03-16 09:00:09,SES03307508,SES03307508
6849,330,78,cart,2024-03-16 09:01:48,SES03307508,SES03307508
6850,330,142,view,2024-08-06 12:20:49,SES03303538,SES03303538
6851,330,56,view,2024-08-06 12:39:47,SES03303538,SES03303538
6852,330,63,view,2024-08-06 13:05:07,SES03303538,SES03303538
6853,330,11,view,2024-08-06 13:20:52,SES03303538,SES03303538
6854,330,56,cart,2024-08-06 13:24:45,SES03303538,SES03303538
6855,330,51,view,2023-03-02 04:17:54,SES03307109,SES03307109
6856,330,6,view,2023-03-02 04:30:58,SES03307109,SES03307109
6857,330,28,view,2023-03-02 04:56:03,SES03307109,SES03307109
6858,330,18,view,2023-03-02 05:02:05,SES03307109,SES03307109
6859,331,7,view,2023-09-24 04:57:30,SES03316502,SES03316502
6860,331,143,view,2023-09-24 05:25:38,SES03316502,SES03316502
6861,331,96,view,2023-09-24 05:46:41,SES03316502,SES03316502
6862,331,159,view,2023-09-24 05:57:37,SES03316502,SES03316502
6863,331,126,view,2023-09-24 06:17:58,SES03316502,SES03316502
6864,331,90,view,2023-09-24 06:31:23,SES03316502,SES03316502
6865,331,189,view,2023-09-24 06:54:55,SES03316502,SES03316502
6866,331,108,view,2023-09-24 06:57:48,SES03316502,SES03316502
6867,331,129,view,2023-09-24 07:04:38,SES03316502,SES03316502
6868,331,194,view,2023-09-24 07:05:41,SES03316502,SES03316502
6869,331,143,cart,2023-09-24 07:19:27,SES03316502,SES03316502
6870,331,189,cart,2023-09-24 07:27:45,SES03316502,SES03316502
6871,331,14,view,2023-07-22 11:40:11,SES03315631,SES03315631
6872,331,18,view,2023-07-22 12:04:37,SES03315631,SES03315631
6873,331,182,view,2023-07-22 12:05:27,SES03315631,SES03315631
6874,331,168,view,2023-07-22 12:14:21,SES03315631,SES03315631
6875,331,111,view,2023-07-22 12:18:43,SES03315631,SES03315631
6876,331,182,cart,2023-07-22 12:39:54,SES03315631,SES03315631
6877,331,111,cart,2023-07-22 12:53:47,SES03315631,SES03315631
6878,331,72,view,2023-04-14 02:27:25,SES03315989,SES03315989
6879,331,72,view,2023-04-14 02:30:00,SES03315989,SES03315989
6880,331,180,view,2023-04-14 02:33:50,SES03315989,SES03315989
6881,331,128,view,2023-04-14 02:45:19,SES03315989,SES03315989
6882,331,13,view,2023-04-14 03:01:57,SES03315989,SES03315989
6883,331,29,view,2023-04-14 03:15:53,SES03315989,SES03315989
6884,331,133,view,2023-04-14 03:23:32,SES03315989,SES03315989
6885,331,119,view,2023-04-14 03:25:54,SES03315989,SES03315989
6886,331,155,view,2023-04-14 03:32:18,SES03315989,SES03315989
6887,331,75,view,2023-04-14 03:36:21,SES03315989,SES03315989
6888,331,180,cart,2023-04-14 03:55:59,SES03315989,SES03315989
6889,331,13,cart,2023-04-14 04:09:08,SES03315989,SES03315989
6890,331,133,cart,2023-04-14 04:14:42,SES03315989,SES03315989
6891,332,179,view,2024-02-15 20:35:31,SES03328306,SES03328306
6892,332,117,view,2024-02-15 20:50:44,SES03328306,SES03328306
6893,332,7,view,2024-02-15 20:58:56,SES03328306,SES03328306
6894,332,141,view,2024-02-15 21:08:33,SES03328306,SES03328306
6895,332,105,view,2024-02-15 21:10:36,SES03328306,SES03328306
6896,332,18,view,2024-02-15 21:15:47,SES03328306,SES03328306
6897,332,183,view,2024-02-15 21:30:43,SES03328306,SES03328306
6898,332,172,view,2024-02-15 21:38:58,SES03328306,SES03328306
6899,332,179,cart,2024-02-15 21:54:32,SES03328306,SES03328306
6900,332,117,cart,2024-02-15 22:00:31,SES03328306,SES03328306
6901,332,172,cart,2024-02-15 22:14:16,SES03328306,SES03328306
6902,332,155,view,2023-03-14 02:33:10,SES03328512,SES03328512
6903,332,141,view,2023-03-14 03:00:06,SES03328512,SES03328512
6904,332,69,view,2023-03-14 03:21:02,SES03328512,SES03328512
6905,332,100,view,2023-03-14 03:28:46,SES03328512,SES03328512
6906,332,67,view,2023-03-14 03:48:00,SES03328512,SES03328512
6907,332,93,view,2023-03-14 03:51:36,SES03328512,SES03328512
6908,332,195,view,2023-03-14 04:07:24,SES03328512,SES03328512
6909,332,160,view,2023-03-14 04:31:36,SES03328512,SES03328512
6910,332,86,view,2023-03-14 04:47:30,SES03328512,SES03328512
6911,332,32,view,2023-03-14 04:57:26,SES03328512,SES03328512
6912,332,141,cart,2023-03-14 05:12:36,SES03328512,SES03328512
6913,332,69,cart,2023-03-14 05:13:43,SES03328512,SES03328512
6914,333,77,view,2023-12-27 09:40:40,SES03338801,SES03338801
6915,333,50,view,2023-12-27 09:46:19,SES03338801,SES03338801
6916,333,198,view,2023-12-27 09:57:15,SES03338801,SES03338801
6917,333,19,view,2023-12-27 10:03:00,SES03338801,SES03338801
6918,333,45,view,2023-12-27 10:22:22,SES03338801,SES03338801
6919,333,166,view,2023-12-27 10:39:52,SES03338801,SES03338801
6920,333,63,view,2023-12-27 10:56:46,SES03338801,SES03338801
6921,333,37,view,2023-12-27 11:08:36,SES03338801,SES03338801
6922,333,77,cart,2023-12-27 11:29:30,SES03338801,SES03338801
6923,334,51,view,2024-04-10 04:48:56,SES03348062,SES03348062
6924,334,72,view,2024-04-10 04:51:40,SES03348062,SES03348062
6925,334,114,view,2024-04-10 05:04:34,SES03348062,SES03348062
6926,334,34,view,2024-04-10 05:31:46,SES03348062,SES03348062
6927,334,37,view,2024-04-10 05:44:17,SES03348062,SES03348062
6928,334,44,view,2024-04-10 05:58:21,SES03348062,SES03348062
6929,334,16,view,2024-04-10 06:10:00,SES03348062,SES03348062
6930,334,51,cart,2024-04-10 06:15:12,SES03348062,SES03348062
6931,334,196,view,2024-06-02 01:36:15,SES03344799,SES03344799
6932,334,158,view,2024-06-02 01:42:35,SES03344799,SES03344799
6933,334,77,view,2024-06-02 01:48:27,SES03344799,SES03344799
6934,334,156,view,2024-06-02 02:00:04,SES03344799,SES03344799
6935,334,197,view,2024-06-02 02:00:42,SES03344799,SES03344799
6936,334,196,cart,2024-06-02 02:22:42,SES03344799,SES03344799
6937,334,89,view,2024-12-09 21:22:08,SES03346501,SES03346501
6938,334,128,view,2024-12-09 21:46:05,SES03346501,SES03346501
6939,334,64,view,2024-12-09 22:06:36,SES03346501,SES03346501
6940,334,24,view,2024-12-09 22:08:11,SES03346501,SES03346501
6941,334,160,view,2024-12-09 22:25:32,SES03346501,SES03346501
6942,334,170,view,2024-12-09 22:40:35,SES03346501,SES03346501
6943,334,89,cart,2024-12-09 23:03:09,SES03346501,SES03346501
6944,334,24,cart,2024-12-09 23:05:50,SES03346501,SES03346501
6945,334,160,cart,2024-12-09 23:23:11,SES03346501,SES03346501
6946,335,80,view,2023-07-19 13:01:21,SES03357165,SES03357165
6947,335,21,view,2023-07-19 13:08:19,SES03357165,SES03357165
6948,335,64,view,2023-07-19 13:32:09,SES03357165,SES03357165
6949,335,169,view,2023-07-19 13:34:05,SES03357165,SES03357165
6950,335,64,view,2023-07-19 13:48:04,SES03357165,SES03357165
6951,335,43,view,2023-07-19 13:53:37,SES03357165,SES03357165
6952,335,11,view,2023-07-19 13:58:26,SES03357165,SES03357165
6953,335,175,view,2023-07-19 14:12:45,SES03357165,SES03357165
6954,335,185,view,2023-07-19 14:31:31,SES03357165,SES03357165
6955,335,43,cart,2023-07-19 15:00:02,SES03357165,SES03357165
6956,335,185,cart,2023-07-19 15:14:06,SES03357165,SES03357165
6957,336,18,view,2023-06-17 16:03:07,SES03369680,SES03369680
6958,336,49,view,2023-06-17 16:31:11,SES03369680,SES03369680
6959,336,142,view,2023-06-17 16:36:12,SES03369680,SES03369680
6960,336,41,view,2023-06-17 16:42:55,SES03369680,SES03369680
6961,336,49,cart,2023-06-17 16:50:03,SES03369680,SES03369680
6962,336,142,cart,2023-06-17 16:51:25,SES03369680,SES03369680
6963,336,65,view,2024-11-21 07:40:11,SES03369589,SES03369589
6964,336,148,view,2024-11-21 08:01:44,SES03369589,SES03369589
6965,336,90,view,2024-11-21 08:14:38,SES03369589,SES03369589
6966,336,58,view,2024-11-21 08:26:52,SES03369589,SES03369589
6967,336,12,view,2024-11-21 08:49:20,SES03369589,SES03369589
6968,336,176,view,2024-11-21 08:59:29,SES03369589,SES03369589
6969,336,189,view,2024-11-21 09:09:14,SES03369589,SES03369589
6970,336,65,cart,2024-11-21 09:23:33,SES03369589,SES03369589
6971,336,58,cart,2024-11-21 09:25:30,SES03369589,SES03369589
6972,336,12,cart,2024-11-21 09:32:49,SES03369589,SES03369589
6973,336,144,view,2024-04-03 01:09:39,SES03361570,SES03361570
6974,336,141,view,2024-04-03 01:35:44,SES03361570,SES03361570
6975,336,197,view,2024-04-03 01:41:14,SES03361570,SES03361570
6976,336,63,view,2024-04-03 02:01:15,SES03361570,SES03361570
6977,336,21,view,2024-04-03 02:15:19,SES03361570,SES03361570
6978,336,162,view,2024-04-03 02:41:46,SES03361570,SES03361570
6979,336,164,view,2024-04-03 02:52:04,SES03361570,SES03361570
6980,336,64,view,2024-04-03 02:58:43,SES03361570,SES03361570
6981,336,112,view,2024-04-03 03:11:28,SES03361570,SES03361570
6982,336,144,cart,2024-04-03 03:36:23,SES03361570,SES03361570
6983,336,21,cart,2024-04-03 03:37:09,SES03361570,SES03361570
6984,336,74,view,2023-12-19 18:02:58,SES03366853,SES03366853
6985,336,89,view,2023-12-19 18:18:31,SES03366853,SES03366853
6986,336,55,view,2023-12-19 18:22:28,SES03366853,SES03366853
6987,336,178,view,2023-12-19 18:33:17,SES03366853,SES03366853
6988,336,146,view,2023-12-19 18:54:48,SES03366853,SES03366853
6989,336,112,view,2023-12-19 19:15:26,SES03366853,SES03366853
6990,336,19,view,2023-12-19 19:21:17,SES03366853,SES03366853
6991,336,29,view,2023-12-19 19:50:20,SES03366853,SES03366853
6992,336,172,view,2023-12-19 19:53:12,SES03366853,SES03366853
6993,336,55,cart,2023-12-19 20:11:21,SES03366853,SES03366853
6994,336,146,cart,2023-12-19 20:25:43,SES03366853,SES03366853
6995,336,29,cart,2023-12-19 20:34:38,SES03366853,SES03366853
6996,337,176,view,2024-05-06 05:42:16,SES03379027,SES03379027
6997,337,183,view,2024-05-06 05:49:46,SES03379027,SES03379027
6998,337,117,view,2024-05-06 06:09:51,SES03379027,SES03379027
6999,337,178,view,2024-05-06 06:11:51,SES03379027,SES03379027
7000,337,55,view,2024-05-06 06:18:22,SES03379027,SES03379027
7001,337,96,view,2024-05-06 06:42:53,SES03379027,SES03379027
7002,337,113,view,2024-05-06 06:49:12,SES03379027,SES03379027
7003,337,125,view,2024-05-06 07:04:50,SES03379027,SES03379027
7004,337,178,cart,2024-05-06 07:16:58,SES03379027,SES03379027
7005,338,45,view,2024-08-11 07:03:01,SES03388886,SES03388886
7006,338,34,view,2024-08-11 07:04:00,SES03388886,SES03388886
7007,338,200,view,2024-08-11 07:10:32,SES03388886,SES03388886
7008,338,34,cart,2024-08-11 07:23:10,SES03388886,SES03388886
7009,339,51,view,2024-12-26 02:16:09,SES03394847,SES03394847
7010,339,108,view,2024-12-26 02:41:05,SES03394847,SES03394847
7011,339,102,view,2024-12-26 02:48:22,SES03394847,SES03394847
7012,339,42,view,2024-12-26 02:54:08,SES03394847,SES03394847
7013,339,42,cart,2024-12-26 02:58:58,SES03394847,SES03394847
7014,340,190,view,2024-07-24 04:39:15,SES03403585,SES03403585
7015,340,158,view,2024-07-24 04:59:48,SES03403585,SES03403585
7016,340,180,view,2024-07-24 05:05:31,SES03403585,SES03403585
7017,340,115,view,2024-07-24 05:33:04,SES03403585,SES03403585
7018,340,34,view,2024-07-24 05:36:11,SES03403585,SES03403585
7019,340,73,view,2024-07-24 06:05:57,SES03403585,SES03403585
7020,340,158,cart,2024-07-24 06:30:55,SES03403585,SES03403585
7021,340,34,cart,2024-07-24 06:41:47,SES03403585,SES03403585
7022,340,89,view,2023-08-09 00:39:13,SES03401504,SES03401504
7023,340,42,view,2023-08-09 00:45:16,SES03401504,SES03401504
7024,340,36,view,2023-08-09 00:56:26,SES03401504,SES03401504
7025,340,64,view,2023-08-09 01:04:39,SES03401504,SES03401504
7026,340,70,view,2023-08-09 01:16:42,SES03401504,SES03401504
7027,340,175,view,2023-08-09 01:24:09,SES03401504,SES03401504
7028,340,36,cart,2023-08-09 01:28:41,SES03401504,SES03401504
7029,340,70,cart,2023-08-09 01:35:20,SES03401504,SES03401504
7030,340,126,view,2024-11-20 18:12:49,SES03401822,SES03401822
7031,340,185,view,2024-11-20 18:25:01,SES03401822,SES03401822
7032,340,59,view,2024-11-20 18:49:34,SES03401822,SES03401822
7033,340,23,view,2024-11-20 19:19:14,SES03401822,SES03401822
7034,340,152,view,2024-11-20 19:42:48,SES03401822,SES03401822
7035,340,185,cart,2024-11-20 19:55:49,SES03401822,SES03401822
7036,341,175,view,2024-08-27 23:00:47,SES03414265,SES03414265
7037,341,74,view,2024-08-27 23:21:22,SES03414265,SES03414265
7038,341,36,view,2024-08-27 23:37:02,SES03414265,SES03414265
7039,341,126,view,2024-08-27 23:43:52,SES03414265,SES03414265
7040,341,89,view,2024-08-28 00:10:49,SES03414265,SES03414265
7041,341,71,view,2024-08-28 00:30:47,SES03414265,SES03414265
7042,341,193,view,2024-08-28 00:44:43,SES03414265,SES03414265
7043,341,18,view,2024-08-28 00:51:00,SES03414265,SES03414265
7044,341,74,cart,2024-08-28 01:08:27,SES03414265,SES03414265
7045,341,36,cart,2024-08-28 01:16:35,SES03414265,SES03414265
7046,341,141,view,2023-04-13 14:56:47,SES03419332,SES03419332
7047,341,82,view,2023-04-13 15:10:24,SES03419332,SES03419332
7048,341,136,view,2023-04-13 15:12:48,SES03419332,SES03419332
7049,341,190,view,2023-04-13 15:18:48,SES03419332,SES03419332
7050,341,128,view,2023-04-13 15:25:12,SES03419332,SES03419332
7051,341,191,view,2023-04-13 15:33:53,SES03419332,SES03419332
7052,341,131,view,2023-04-13 15:43:29,SES03419332,SES03419332
7053,341,200,view,2023-04-13 16:04:56,SES03419332,SES03419332
7054,341,92,view,2023-04-13 16:28:51,SES03419332,SES03419332
7055,341,141,cart,2023-04-13 16:39:40,SES03419332,SES03419332
7056,341,82,cart,2023-04-13 16:55:05,SES03419332,SES03419332
7057,341,190,cart,2023-04-13 16:58:23,SES03419332,SES03419332
7058,341,128,cart,2023-04-13 17:02:26,SES03419332,SES03419332
7059,341,131,cart,2023-04-13 17:11:41,SES03419332,SES03419332
7060,341,200,cart,2023-04-13 17:20:27,SES03419332,SES03419332
7061,342,194,view,2023-03-28 05:43:19,SES03423423,SES03423423
7062,342,26,view,2023-03-28 06:12:31,SES03423423,SES03423423
7063,342,155,view,2023-03-28 06:15:51,SES03423423,SES03423423
7064,342,131,view,2023-03-28 06:37:59,SES03423423,SES03423423
7065,342,110,view,2023-03-28 07:02:10,SES03423423,SES03423423
7066,342,26,cart,2023-03-28 07:19:43,SES03423423,SES03423423
7067,342,155,cart,2023-03-28 07:31:50,SES03423423,SES03423423
7068,342,110,cart,2023-03-28 07:42:43,SES03423423,SES03423423
7069,342,40,view,2024-11-01 16:47:13,SES03424873,SES03424873
7070,342,24,view,2024-11-01 16:54:12,SES03424873,SES03424873
7071,342,69,view,2024-11-01 17:13:55,SES03424873,SES03424873
7072,342,49,view,2024-11-01 17:36:02,SES03424873,SES03424873
7073,342,193,view,2024-11-01 18:05:35,SES03424873,SES03424873
7074,342,21,view,2024-11-01 18:27:02,SES03424873,SES03424873
7075,342,40,cart,2024-11-01 18:56:55,SES03424873,SES03424873
7076,342,69,cart,2024-11-01 19:14:55,SES03424873,SES03424873
7077,342,21,cart,2024-11-01 19:19:32,SES03424873,SES03424873
7078,342,56,view,2023-04-23 11:55:16,SES03426705,SES03426705
7079,342,140,view,2023-04-23 12:19:24,SES03426705,SES03426705
7080,342,114,view,2023-04-23 12:36:01,SES03426705,SES03426705
7081,342,184,view,2023-04-23 13:04:57,SES03426705,SES03426705
7082,342,74,view,2023-04-23 13:25:49,SES03426705,SES03426705
7083,342,26,view,2023-04-23 13:30:45,SES03426705,SES03426705
7084,342,74,cart,2023-04-23 13:43:03,SES03426705,SES03426705
7085,343,126,view,2024-12-15 03:43:35,SES03439392,SES03439392
7086,343,150,view,2024-12-15 04:01:43,SES03439392,SES03439392
7087,343,24,view,2024-12-15 04:08:04,SES03439392,SES03439392
7088,343,126,view,2024-12-15 04:35:44,SES03439392,SES03439392
7089,343,141,view,2024-12-15 04:45:48,SES03439392,SES03439392
7090,343,195,view,2024-12-15 05:07:51,SES03439392,SES03439392
7091,343,96,view,2024-12-15 05:18:25,SES03439392,SES03439392
7092,343,42,view,2024-12-15 05:24:54,SES03439392,SES03439392
7093,343,191,view,2024-12-15 05:52:34,SES03439392,SES03439392
7094,343,126,cart,2024-12-15 06:21:35,SES03439392,SES03439392
7095,343,150,cart,2024-12-15 06:26:07,SES03439392,SES03439392
7096,343,126,cart,2024-12-15 06:38:35,SES03439392,SES03439392
7097,343,42,cart,2024-12-15 06:47:37,SES03439392,SES03439392
7098,343,191,cart,2024-12-15 06:59:50,SES03439392,SES03439392
7099,343,2,view,2023-05-05 15:44:16,SES03434881,SES03434881
7100,343,134,view,2023-05-05 16:10:02,SES03434881,SES03434881
7101,343,186,view,2023-05-05 16:30:08,SES03434881,SES03434881
7102,343,86,view,2023-05-05 16:42:08,SES03434881,SES03434881
7103,343,55,view,2023-05-05 17:05:21,SES03434881,SES03434881
7104,343,20,view,2023-05-05 17:10:05,SES03434881,SES03434881
7105,343,26,view,2023-05-05 17:28:09,SES03434881,SES03434881
7106,343,168,view,2023-05-05 17:41:52,SES03434881,SES03434881
7107,343,172,view,2023-05-05 17:46:37,SES03434881,SES03434881
7108,343,131,view,2023-05-05 17:48:46,SES03434881,SES03434881
7109,343,186,cart,2023-05-05 17:51:59,SES03434881,SES03434881
7110,343,55,cart,2023-05-05 18:04:35,SES03434881,SES03434881
7111,344,140,view,2023-12-25 03:38:52,SES03449051,SES03449051
7112,344,77,view,2023-12-25 04:02:57,SES03449051,SES03449051
7113,344,180,view,2023-12-25 04:11:13,SES03449051,SES03449051
7114,344,102,view,2023-12-25 04:36:27,SES03449051,SES03449051
7115,344,76,view,2023-12-25 04:49:49,SES03449051,SES03449051
7116,344,140,cart,2023-12-25 04:59:06,SES03449051,SES03449051
7117,344,102,cart,2023-12-25 05:14:53,SES03449051,SES03449051
7118,344,76,cart,2023-12-25 05:17:40,SES03449051,SES03449051
7119,344,21,view,2024-04-14 18:40:03,SES03446509,SES03446509
7120,344,33,view,2024-04-14 19:02:08,SES03446509,SES03446509
7121,344,189,view,2024-04-14 19:09:09,SES03446509,SES03446509
7122,344,162,view,2024-04-14 19:19:27,SES03446509,SES03446509
7123,344,135,view,2024-04-14 19:29:32,SES03446509,SES03446509
7124,344,88,view,2024-04-14 19:45:02,SES03446509,SES03446509
7125,344,91,view,2024-04-14 20:01:00,SES03446509,SES03446509
7126,344,33,cart,2024-04-14 20:07:11,SES03446509,SES03446509
7127,344,181,view,2024-07-20 18:06:55,SES03446880,SES03446880
7128,344,106,view,2024-07-20 18:36:34,SES03446880,SES03446880
7129,344,57,view,2024-07-20 18:43:49,SES03446880,SES03446880
7130,344,82,view,2024-07-20 19:04:47,SES03446880,SES03446880
7131,344,189,view,2024-07-20 19:11:09,SES03446880,SES03446880
7132,344,152,view,2024-07-20 19:23:40,SES03446880,SES03446880
7133,344,143,view,2024-07-20 19:39:02,SES03446880,SES03446880
7134,344,36,view,2024-07-20 19:42:29,SES03446880,SES03446880
7135,344,76,view,2024-07-20 19:56:39,SES03446880,SES03446880
7136,344,141,view,2024-07-20 20:00:40,SES03446880,SES03446880
7137,344,106,cart,2024-07-20 20:25:00,SES03446880,SES03446880
7138,345,167,view,2023-11-20 08:34:26,SES03459233,SES03459233
7139,345,18,view,2023-11-20 08:55:27,SES03459233,SES03459233
7140,345,126,view,2023-11-20 09:04:11,SES03459233,SES03459233
7141,345,105,view,2023-11-20 09:17:55,SES03459233,SES03459233
7142,345,36,view,2023-11-20 09:24:31,SES03459233,SES03459233
7143,345,76,view,2023-11-20 09:49:36,SES03459233,SES03459233
7144,345,18,cart,2023-11-20 10:08:19,SES03459233,SES03459233
7145,345,36,cart,2023-11-20 10:15:07,SES03459233,SES03459233
7146,345,124,view,2024-08-27 12:09:19,SES03451543,SES03451543
7147,345,193,view,2024-08-27 12:32:47,SES03451543,SES03451543
7148,345,112,view,2024-08-27 12:38:03,SES03451543,SES03451543
7149,345,11,view,2024-08-27 12:58:21,SES03451543,SES03451543
7150,345,7,view,2024-08-27 13:13:12,SES03451543,SES03451543
7151,345,112,cart,2024-08-27 13:34:06,SES03451543,SES03451543
7152,345,11,cart,2024-08-27 13:41:19,SES03451543,SES03451543
7153,345,74,view,2024-02-26 21:56:28,SES03454792,SES03454792
7154,345,145,view,2024-02-26 22:11:24,SES03454792,SES03454792
7155,345,1,view,2024-02-26 22:36:18,SES03454792,SES03454792
7156,345,9,view,2024-02-26 23:05:18,SES03454792,SES03454792
7157,345,152,view,2024-02-26 23:14:09,SES03454792,SES03454792
7158,345,80,view,2024-02-26 23:38:25,SES03454792,SES03454792
7159,345,172,view,2024-02-26 23:42:02,SES03454792,SES03454792
7160,345,185,view,2024-02-27 00:03:59,SES03454792,SES03454792
7161,345,136,view,2024-02-27 00:12:35,SES03454792,SES03454792
7162,345,66,view,2024-02-27 00:34:07,SES03454792,SES03454792
7163,345,74,cart,2024-02-27 00:36:33,SES03454792,SES03454792
7164,345,145,cart,2024-02-27 00:49:08,SES03454792,SES03454792
7165,345,1,cart,2024-02-27 00:50:30,SES03454792,SES03454792
7166,345,9,cart,2024-02-27 01:04:44,SES03454792,SES03454792
7167,345,152,cart,2024-02-27 01:06:58,SES03454792,SES03454792
7168,345,185,cart,2024-02-27 01:15:14,SES03454792,SES03454792
7169,345,136,cart,2024-02-27 01:31:33,SES03454792,SES03454792
7170,345,66,cart,2024-02-27 01:46:34,SES03454792,SES03454792
7171,346,150,view,2024-12-05 07:30:32,SES03466692,SES03466692
7172,346,9,view,2024-12-05 07:39:44,SES03466692,SES03466692
7173,346,135,view,2024-12-05 07:51:25,SES03466692,SES03466692
7174,346,186,view,2024-12-05 08:08:01,SES03466692,SES03466692
7175,346,77,view,2024-12-05 08:16:57,SES03466692,SES03466692
7176,346,152,view,2024-12-05 08:41:48,SES03466692,SES03466692
7177,346,150,cart,2024-12-05 08:49:13,SES03466692,SES03466692
7178,347,168,view,2023-02-07 22:18:35,SES03476613,SES03476613
7179,347,125,view,2023-02-07 22:31:06,SES03476613,SES03476613
7180,347,69,view,2023-02-07 22:54:22,SES03476613,SES03476613
7181,347,49,view,2023-02-07 23:02:27,SES03476613,SES03476613
7182,347,30,view,2023-02-07 23:28:16,SES03476613,SES03476613
7183,347,168,view,2023-02-07 23:36:36,SES03476613,SES03476613
7184,347,168,cart,2023-02-07 23:54:18,SES03476613,SES03476613
7185,347,30,cart,2023-02-08 00:11:42,SES03476613,SES03476613
7186,347,27,view,2023-03-25 22:40:02,SES03474185,SES03474185
7187,347,156,view,2023-03-25 22:46:10,SES03474185,SES03474185
7188,347,37,view,2023-03-25 22:51:37,SES03474185,SES03474185
7189,347,196,view,2023-03-25 22:58:40,SES03474185,SES03474185
7190,347,137,view,2023-03-25 23:14:48,SES03474185,SES03474185
7191,347,119,view,2023-03-25 23:26:28,SES03474185,SES03474185
7192,347,22,view,2023-03-25 23:56:12,SES03474185,SES03474185
7193,347,87,view,2023-03-26 00:16:23,SES03474185,SES03474185
7194,347,6,view,2023-03-26 00:20:19,SES03474185,SES03474185
7195,347,96,view,2023-03-26 00:23:25,SES03474185,SES03474185
7196,347,27,cart,2023-03-26 00:47:42,SES03474185,SES03474185
7197,347,196,cart,2023-03-26 01:04:08,SES03474185,SES03474185
7198,347,167,view,2024-11-15 19:56:20,SES03473300,SES03473300
7199,347,95,view,2024-11-15 20:02:29,SES03473300,SES03473300
7200,347,64,view,2024-11-15 20:11:40,SES03473300,SES03473300
7201,347,18,view,2024-11-15 20:35:13,SES03473300,SES03473300
7202,347,19,view,2024-11-15 20:56:13,SES03473300,SES03473300
7203,347,142,view,2024-11-15 21:12:12,SES03473300,SES03473300
7204,347,64,cart,2024-11-15 21:20:07,SES03473300,SES03473300
7205,347,142,cart,2024-11-15 21:32:57,SES03473300,SES03473300
7206,347,62,view,2023-02-16 20:22:39,SES03473357,SES03473357
7207,347,5,view,2023-02-16 20:42:30,SES03473357,SES03473357
7208,347,13,view,2023-02-16 21:01:23,SES03473357,SES03473357
7209,347,141,view,2023-02-16 21:12:43,SES03473357,SES03473357
7210,347,13,cart,2023-02-16 21:27:25,SES03473357,SES03473357
7211,348,100,view,2024-05-08 07:13:58,SES03481402,SES03481402
7212,348,195,view,2024-05-08 07:30:26,SES03481402,SES03481402
7213,348,74,view,2024-05-08 07:32:35,SES03481402,SES03481402
7214,348,51,view,2024-05-08 07:38:25,SES03481402,SES03481402
7215,348,164,view,2024-05-08 07:47:50,SES03481402,SES03481402
7216,348,74,cart,2024-05-08 07:59:53,SES03481402,SES03481402
7217,349,147,view,2023-01-22 03:40:44,SES03493988,SES03493988
7218,349,70,view,2023-01-22 03:44:24,SES03493988,SES03493988
7219,349,72,view,2023-01-22 04:06:24,SES03493988,SES03493988
7220,349,176,view,2023-01-22 04:27:20,SES03493988,SES03493988
7221,349,112,view,2023-01-22 04:53:05,SES03493988,SES03493988
7222,349,34,view,2023-01-22 05:07:23,SES03493988,SES03493988
7223,349,100,view,2023-01-22 05:36:37,SES03493988,SES03493988
7224,349,18,view,2023-01-22 05:57:10,SES03493988,SES03493988
7225,349,112,cart,2023-01-22 06:02:46,SES03493988,SES03493988
7226,349,25,view,2023-04-01 06:11:00,SES03499677,SES03499677
7227,349,17,view,2023-04-01 06:33:43,SES03499677,SES03499677
7228,349,141,view,2023-04-01 06:51:53,SES03499677,SES03499677
7229,349,34,view,2023-04-01 06:57:33,SES03499677,SES03499677
7230,349,164,view,2023-04-01 07:08:11,SES03499677,SES03499677
7231,349,17,view,2023-04-01 07:33:16,SES03499677,SES03499677
7232,349,36,view,2023-04-01 07:43:28,SES03499677,SES03499677
7233,349,17,cart,2023-04-01 07:54:34,SES03499677,SES03499677
7234,349,141,cart,2023-04-01 08:11:18,SES03499677,SES03499677
7235,349,34,cart,2023-04-01 08:23:18,SES03499677,SES03499677
7236,349,164,cart,2023-04-01 08:27:35,SES03499677,SES03499677
7237,349,30,view,2023-03-15 12:27:27,SES03493960,SES03493960
7238,349,39,view,2023-03-15 12:34:20,SES03493960,SES03493960
7239,349,67,view,2023-03-15 12:45:39,SES03493960,SES03493960
7240,349,38,view,2023-03-15 13:12:26,SES03493960,SES03493960
7241,349,178,view,2023-03-15 13:23:15,SES03493960,SES03493960
7242,349,178,cart,2023-03-15 13:29:04,SES03493960,SES03493960
7243,350,20,view,2023-11-19 23:36:19,SES03506343,SES03506343
7244,350,69,view,2023-11-19 23:59:17,SES03506343,SES03506343
7245,350,83,view,2023-11-20 00:26:33,SES03506343,SES03506343
7246,350,49,view,2023-11-20 00:55:56,SES03506343,SES03506343
7247,350,97,view,2023-11-20 01:01:41,SES03506343,SES03506343
7248,350,176,view,2023-11-20 01:30:33,SES03506343,SES03506343
7249,350,163,view,2023-11-20 01:58:39,SES03506343,SES03506343
7250,350,191,view,2023-07-11 03:35:26,SES03509137,SES03509137
7251,350,17,view,2023-07-11 03:47:01,SES03509137,SES03509137
7252,350,106,view,2023-07-11 04:06:28,SES03509137,SES03509137
7253,350,158,view,2023-07-11 04:16:17,SES03509137,SES03509137
7254,350,128,view,2023-07-11 04:20:55,SES03509137,SES03509137
7255,350,188,view,2023-07-11 04:50:51,SES03509137,SES03509137
7256,350,179,view,2023-07-11 05:01:11,SES03509137,SES03509137
7257,350,18,view,2023-07-11 05:16:35,SES03509137,SES03509137
7258,350,188,cart,2023-07-11 05:17:16,SES03509137,SES03509137
7259,350,18,cart,2023-07-11 05:31:23,SES03509137,SES03509137
7260,351,114,view,2024-10-08 16:45:50,SES03511110,SES03511110
7261,351,10,view,2024-10-08 16:56:08,SES03511110,SES03511110
7262,351,69,view,2024-10-08 17:21:59,SES03511110,SES03511110
7263,351,93,view,2024-10-08 17:41:06,SES03511110,SES03511110
7264,351,164,view,2024-10-08 17:46:29,SES03511110,SES03511110
7265,351,114,cart,2024-10-08 18:05:53,SES03511110,SES03511110
7266,351,69,cart,2024-10-08 18:16:15,SES03511110,SES03511110
7267,351,56,view,2024-04-27 04:57:31,SES03515615,SES03515615
7268,351,193,view,2024-04-27 05:00:59,SES03515615,SES03515615
7269,351,23,view,2024-04-27 05:21:22,SES03515615,SES03515615
7270,351,180,view,2024-04-27 05:49:50,SES03515615,SES03515615
7271,351,116,view,2024-04-27 05:58:32,SES03515615,SES03515615
7272,351,63,view,2024-04-27 06:21:18,SES03515615,SES03515615
7273,351,178,view,2024-04-27 06:38:22,SES03515615,SES03515615
7274,351,138,view,2024-04-27 06:46:02,SES03515615,SES03515615
7275,351,74,view,2024-04-27 07:15:35,SES03515615,SES03515615
7276,351,23,cart,2024-04-27 07:25:24,SES03515615,SES03515615
7277,351,34,view,2023-08-12 20:41:38,SES03518098,SES03518098
7278,351,124,view,2023-08-12 20:58:21,SES03518098,SES03518098
7279,351,108,view,2023-08-12 21:13:32,SES03518098,SES03518098
7280,351,148,view,2023-08-12 21:23:01,SES03518098,SES03518098
7281,351,21,view,2023-08-12 21:40:32,SES03518098,SES03518098
7282,351,198,view,2023-08-12 21:48:28,SES03518098,SES03518098
7283,351,126,view,2023-08-12 21:50:55,SES03518098,SES03518098
7284,351,13,view,2023-08-12 21:53:52,SES03518098,SES03518098
7285,351,124,cart,2023-08-12 22:20:44,SES03518098,SES03518098
7286,351,198,cart,2023-08-12 22:21:23,SES03518098,SES03518098
7287,351,184,view,2024-08-21 03:39:41,SES03516279,SES03516279
7288,351,193,view,2024-08-21 03:50:47,SES03516279,SES03516279
7289,351,18,view,2024-08-21 04:13:01,SES03516279,SES03516279
7290,351,176,view,2024-08-21 04:18:33,SES03516279,SES03516279
7291,351,82,view,2024-08-21 04:19:38,SES03516279,SES03516279
7292,351,112,view,2024-08-21 04:29:03,SES03516279,SES03516279
7293,351,166,view,2024-08-21 04:30:08,SES03516279,SES03516279
7294,351,49,view,2024-08-21 04:45:42,SES03516279,SES03516279
7295,351,185,view,2024-08-21 04:54:57,SES03516279,SES03516279
7296,351,198,view,2024-08-21 04:58:12,SES03516279,SES03516279
7297,351,176,cart,2024-08-21 05:13:54,SES03516279,SES03516279
7298,351,82,cart,2024-08-21 05:16:34,SES03516279,SES03516279
7299,351,185,cart,2024-08-21 05:34:27,SES03516279,SES03516279
7300,351,109,purchase,2024-08-21 04:16:54,SES03516279,SES03516279
7301,351,182,purchase,2024-08-21 04:40:26,SES03516279,SES03516279
7302,352,143,view,2023-11-27 14:53:50,SES03528335,SES03528335
7303,352,10,view,2023-11-27 14:57:23,SES03528335,SES03528335
7304,352,178,view,2023-11-27 15:22:00,SES03528335,SES03528335
7305,352,91,view,2023-11-27 15:30:20,SES03528335,SES03528335
7306,352,185,view,2023-11-27 15:56:17,SES03528335,SES03528335
7307,352,95,view,2023-11-27 16:02:54,SES03528335,SES03528335
7308,352,64,view,2023-11-27 16:28:26,SES03528335,SES03528335
7309,352,50,view,2023-11-27 16:38:14,SES03528335,SES03528335
7310,352,83,view,2023-11-27 17:01:40,SES03528335,SES03528335
7311,352,178,cart,2023-11-27 17:12:51,SES03528335,SES03528335
7312,352,185,cart,2023-11-27 17:23:52,SES03528335,SES03528335
7313,352,50,cart,2023-11-27 17:35:53,SES03528335,SES03528335
7314,352,83,cart,2023-11-27 17:50:46,SES03528335,SES03528335
7315,352,96,view,2024-08-01 16:41:11,SES03525125,SES03525125
7316,352,6,view,2024-08-01 16:59:01,SES03525125,SES03525125
7317,352,40,view,2024-08-01 17:22:29,SES03525125,SES03525125
7318,352,52,view,2024-08-01 17:40:14,SES03525125,SES03525125
7319,352,172,view,2024-08-01 17:50:40,SES03525125,SES03525125
7320,352,143,view,2024-08-01 18:14:14,SES03525125,SES03525125
7321,352,8,view,2024-08-01 18:20:52,SES03525125,SES03525125
7322,352,136,view,2024-08-01 18:29:08,SES03525125,SES03525125
7323,352,180,view,2024-08-01 18:37:25,SES03525125,SES03525125
7324,352,83,view,2024-08-01 18:43:45,SES03525125,SES03525125
7325,352,40,cart,2024-08-01 18:54:31,SES03525125,SES03525125
7326,352,8,cart,2024-08-01 19:03:22,SES03525125,SES03525125
7327,352,180,cart,2024-08-01 19:16:16,SES03525125,SES03525125
7328,352,31,view,2023-03-21 21:44:54,SES03521044,SES03521044
7329,352,53,view,2023-03-21 22:11:17,SES03521044,SES03521044
7330,352,169,view,2023-03-21 22:39:25,SES03521044,SES03521044
7331,352,135,view,2023-03-21 22:46:08,SES03521044,SES03521044
7332,352,31,cart,2023-03-21 22:49:30,SES03521044,SES03521044
7333,352,53,cart,2023-03-21 23:01:45,SES03521044,SES03521044
7334,353,161,view,2024-07-25 19:26:15,SES03533368,SES03533368
7335,353,112,view,2024-07-25 19:32:29,SES03533368,SES03533368
7336,353,172,view,2024-07-25 20:00:57,SES03533368,SES03533368
7337,353,141,view,2024-07-25 20:06:37,SES03533368,SES03533368
7338,353,176,view,2024-07-25 20:08:42,SES03533368,SES03533368
7339,353,157,view,2024-07-25 20:24:13,SES03533368,SES03533368
7340,354,28,view,2023-07-14 08:37:22,SES03549041,SES03549041
7341,354,164,view,2023-07-14 08:43:26,SES03549041,SES03549041
7342,354,170,view,2023-07-14 08:52:42,SES03549041,SES03549041
7343,354,195,view,2023-07-14 08:57:13,SES03549041,SES03549041
7344,354,145,view,2023-07-14 09:20:18,SES03549041,SES03549041
7345,354,77,view,2023-07-14 09:35:34,SES03549041,SES03549041
7346,354,136,view,2023-07-14 09:56:56,SES03549041,SES03549041
7347,354,6,view,2023-07-14 10:13:23,SES03549041,SES03549041
7348,354,152,view,2023-07-14 10:36:57,SES03549041,SES03549041
7349,354,179,view,2023-07-14 11:01:56,SES03549041,SES03549041
7350,354,170,cart,2023-07-14 11:31:28,SES03549041,SES03549041
7351,354,145,cart,2023-07-14 11:43:41,SES03549041,SES03549041
7352,354,77,cart,2023-07-14 11:54:16,SES03549041,SES03549041
7353,354,136,cart,2023-07-14 12:00:39,SES03549041,SES03549041
7354,354,152,cart,2023-07-14 12:15:17,SES03549041,SES03549041
7355,355,164,view,2024-04-17 03:14:26,SES03554653,SES03554653
7356,355,14,view,2024-04-17 03:43:08,SES03554653,SES03554653
7357,355,137,view,2024-04-17 04:03:59,SES03554653,SES03554653
7358,355,76,view,2024-04-17 04:22:42,SES03554653,SES03554653
7359,355,38,view,2024-04-17 04:39:34,SES03554653,SES03554653
7360,355,14,cart,2024-04-17 05:09:32,SES03554653,SES03554653
7361,355,176,view,2023-07-27 04:17:00,SES03551713,SES03551713
7362,355,142,view,2023-07-27 04:38:03,SES03551713,SES03551713
7363,355,96,view,2023-07-27 05:04:47,SES03551713,SES03551713
7364,355,156,view,2023-07-27 05:15:10,SES03551713,SES03551713
7365,355,139,view,2023-07-27 05:34:22,SES03551713,SES03551713
7366,355,145,view,2023-07-27 05:37:56,SES03551713,SES03551713
7367,355,51,view,2023-07-27 05:45:35,SES03551713,SES03551713
7368,355,37,view,2023-07-27 05:53:43,SES03551713,SES03551713
7369,355,126,view,2023-07-27 06:12:07,SES03551713,SES03551713
7370,355,30,view,2023-07-27 06:28:39,SES03551713,SES03551713
7371,355,145,cart,2023-07-27 06:49:30,SES03551713,SES03551713
7372,355,37,cart,2023-07-27 06:54:34,SES03551713,SES03551713
7373,356,67,view,2024-03-15 04:42:57,SES03568195,SES03568195
7374,356,58,view,2024-03-15 05:12:42,SES03568195,SES03568195
7375,356,175,view,2024-03-15 05:33:15,SES03568195,SES03568195
7376,356,58,cart,2024-03-15 05:47:01,SES03568195,SES03568195
7377,356,175,cart,2024-03-15 05:47:39,SES03568195,SES03568195
7378,356,112,view,2024-04-10 08:19:26,SES03567295,SES03567295
7379,356,117,view,2024-04-10 08:35:44,SES03567295,SES03567295
7380,356,169,view,2024-04-10 08:59:46,SES03567295,SES03567295
7381,356,159,view,2024-04-10 09:09:08,SES03567295,SES03567295
7382,356,38,view,2024-04-10 09:19:05,SES03567295,SES03567295
7383,356,34,view,2024-04-10 09:20:11,SES03567295,SES03567295
7384,356,183,view,2024-04-10 09:37:15,SES03567295,SES03567295
7385,356,164,view,2024-04-10 09:44:36,SES03567295,SES03567295
7386,356,112,cart,2024-04-10 09:45:56,SES03567295,SES03567295
7387,356,117,cart,2024-04-10 09:58:46,SES03567295,SES03567295
7388,356,159,cart,2024-04-10 10:10:06,SES03567295,SES03567295
7389,356,38,cart,2024-04-10 10:19:23,SES03567295,SES03567295
7390,356,183,cart,2024-04-10 10:24:31,SES03567295,SES03567295
7391,356,200,view,2024-07-05 23:49:28,SES03564516,SES03564516
7392,356,58,view,2024-07-05 23:54:53,SES03564516,SES03564516
7393,356,37,view,2024-07-06 00:04:49,SES03564516,SES03564516
7394,356,61,view,2024-07-06 00:27:50,SES03564516,SES03564516
7395,356,61,cart,2024-07-06 00:51:50,SES03564516,SES03564516
7396,357,100,view,2023-03-28 14:58:09,SES03578779,SES03578779
7397,357,186,view,2023-03-28 15:08:54,SES03578779,SES03578779
7398,357,131,view,2023-03-28 15:33:42,SES03578779,SES03578779
7399,357,131,cart,2023-03-28 15:35:45,SES03578779,SES03578779
7400,357,119,view,2023-12-08 11:10:06,SES03579020,SES03579020
7401,357,186,view,2023-12-08 11:29:31,SES03579020,SES03579020
7402,357,45,view,2023-12-08 11:40:52,SES03579020,SES03579020
7403,357,45,cart,2023-12-08 12:01:32,SES03579020,SES03579020
7404,357,181,view,2023-03-17 19:17:51,SES03574708,SES03574708
7405,357,158,view,2023-03-17 19:38:05,SES03574708,SES03574708
7406,357,124,view,2023-03-17 19:54:12,SES03574708,SES03574708
7407,357,77,view,2023-03-17 20:21:36,SES03574708,SES03574708
7408,357,115,view,2023-03-17 20:45:42,SES03574708,SES03574708
7409,357,152,view,2023-03-17 21:03:59,SES03574708,SES03574708
7410,357,128,view,2023-03-17 21:12:32,SES03574708,SES03574708
7411,357,196,view,2023-03-17 21:29:38,SES03574708,SES03574708
7412,357,124,cart,2023-03-17 21:44:51,SES03574708,SES03574708
7413,357,115,cart,2023-03-17 21:58:25,SES03574708,SES03574708
7414,357,152,cart,2023-03-17 22:14:33,SES03574708,SES03574708
7415,357,128,cart,2023-03-17 22:20:42,SES03574708,SES03574708
7416,358,33,view,2024-03-23 03:49:38,SES03584202,SES03584202
7417,358,5,view,2024-03-23 04:18:47,SES03584202,SES03584202
7418,358,16,view,2024-03-23 04:43:58,SES03584202,SES03584202
7419,358,188,view,2024-03-23 04:45:30,SES03584202,SES03584202
7420,358,126,view,2024-03-23 04:46:49,SES03584202,SES03584202
7421,358,191,view,2024-03-23 05:06:24,SES03584202,SES03584202
7422,358,45,view,2024-03-23 05:27:00,SES03584202,SES03584202
7423,358,36,view,2024-03-23 05:56:00,SES03584202,SES03584202
7424,358,166,view,2024-03-23 06:10:07,SES03584202,SES03584202
7425,358,175,view,2024-03-23 06:13:59,SES03584202,SES03584202
7426,358,33,cart,2024-03-23 06:20:15,SES03584202,SES03584202
7427,358,16,cart,2024-03-23 06:30:49,SES03584202,SES03584202
7428,358,175,cart,2024-03-23 06:31:55,SES03584202,SES03584202
7429,358,189,view,2023-02-12 15:39:51,SES03583217,SES03583217
7430,358,197,view,2023-02-12 15:45:14,SES03583217,SES03583217
7431,358,16,view,2023-02-12 15:54:05,SES03583217,SES03583217
7432,358,70,view,2023-02-12 16:13:51,SES03583217,SES03583217
7433,358,28,view,2023-02-12 16:25:02,SES03583217,SES03583217
7434,358,197,view,2023-02-12 16:55:01,SES03583217,SES03583217
7435,358,175,view,2023-02-12 17:08:34,SES03583217,SES03583217
7436,358,143,view,2023-02-12 17:25:57,SES03583217,SES03583217
7437,358,108,view,2023-02-12 17:45:01,SES03583217,SES03583217
7438,358,189,cart,2023-02-12 17:47:53,SES03583217,SES03583217
7439,358,16,cart,2023-02-12 17:54:43,SES03583217,SES03583217
7440,358,70,cart,2023-02-12 18:11:14,SES03583217,SES03583217
7441,358,107,view,2024-02-09 09:01:48,SES03589763,SES03589763
7442,358,87,view,2024-02-09 09:13:50,SES03589763,SES03589763
7443,358,30,view,2024-02-09 09:24:25,SES03589763,SES03589763
7444,358,179,view,2024-02-09 09:38:52,SES03589763,SES03589763
7445,358,51,view,2024-02-09 09:42:10,SES03589763,SES03589763
7446,358,107,cart,2024-02-09 10:11:40,SES03589763,SES03589763
7447,359,170,view,2024-08-21 02:47:44,SES03594879,SES03594879
7448,359,83,view,2024-08-21 03:05:44,SES03594879,SES03594879
7449,359,20,view,2024-08-21 03:08:37,SES03594879,SES03594879
7450,359,87,view,2024-08-21 03:13:54,SES03594879,SES03594879
7451,359,178,view,2024-08-21 03:26:28,SES03594879,SES03594879
7452,359,188,view,2024-08-21 03:55:57,SES03594879,SES03594879
7453,359,26,view,2024-08-21 04:10:30,SES03594879,SES03594879
7454,359,83,cart,2024-08-21 04:15:02,SES03594879,SES03594879
7455,359,178,cart,2024-08-21 04:28:10,SES03594879,SES03594879
7456,359,146,view,2024-03-01 11:02:24,SES03597236,SES03597236
7457,359,124,view,2024-03-01 11:12:53,SES03597236,SES03597236
7458,359,189,view,2024-03-01 11:37:30,SES03597236,SES03597236
7459,359,146,view,2024-03-01 11:58:48,SES03597236,SES03597236
7460,359,38,view,2024-03-01 12:07:35,SES03597236,SES03597236
7461,359,199,view,2024-03-01 12:19:15,SES03597236,SES03597236
7462,359,127,view,2024-03-01 12:43:43,SES03597236,SES03597236
7463,359,75,view,2024-03-01 12:57:02,SES03597236,SES03597236
7464,359,176,view,2024-03-01 13:00:20,SES03597236,SES03597236
7465,359,170,view,2024-03-01 13:11:50,SES03597236,SES03597236
7466,359,124,cart,2024-03-01 13:38:52,SES03597236,SES03597236
7467,359,146,cart,2024-03-01 13:56:40,SES03597236,SES03597236
7468,359,75,cart,2024-03-01 14:01:43,SES03597236,SES03597236
7469,359,87,view,2023-11-06 13:58:44,SES03597291,SES03597291
7470,359,112,view,2023-11-06 14:21:35,SES03597291,SES03597291
7471,359,141,view,2023-11-06 14:42:31,SES03597291,SES03597291
7472,359,131,view,2023-11-06 14:53:42,SES03597291,SES03597291
7473,359,65,view,2023-11-06 15:17:17,SES03597291,SES03597291
7474,359,81,view,2023-11-06 15:25:33,SES03597291,SES03597291
7475,359,162,view,2023-11-06 15:55:11,SES03597291,SES03597291
7476,359,190,view,2023-11-06 16:06:33,SES03597291,SES03597291
7477,359,164,view,2023-11-06 16:24:55,SES03597291,SES03597291
7478,359,69,view,2023-11-06 16:41:11,SES03597291,SES03597291
7479,359,87,cart,2023-11-06 16:52:49,SES03597291,SES03597291
7480,359,112,cart,2023-11-06 17:01:52,SES03597291,SES03597291
7481,359,81,cart,2023-11-06 17:18:55,SES03597291,SES03597291
7482,359,190,cart,2023-11-06 17:20:43,SES03597291,SES03597291
7483,359,189,view,2024-04-08 18:38:23,SES03593012,SES03593012
7484,359,23,view,2024-04-08 18:47:12,SES03593012,SES03593012
7485,359,160,view,2024-04-08 18:53:12,SES03593012,SES03593012
7486,359,158,view,2024-04-08 18:53:57,SES03593012,SES03593012
7487,359,149,view,2024-04-08 19:04:45,SES03593012,SES03593012
7488,359,189,cart,2024-04-08 19:25:15,SES03593012,SES03593012
7489,359,149,cart,2024-04-08 19:34:59,SES03593012,SES03593012
7490,360,183,view,2023-11-11 16:45:47,SES03609703,SES03609703
7491,360,197,view,2023-11-11 17:08:53,SES03609703,SES03609703
7492,360,141,view,2023-11-11 17:22:41,SES03609703,SES03609703
7493,360,192,view,2023-11-11 17:39:54,SES03609703,SES03609703
7494,360,96,view,2023-11-11 18:02:53,SES03609703,SES03609703
7495,360,74,view,2023-11-11 18:17:41,SES03609703,SES03609703
7496,360,139,view,2023-11-11 18:22:11,SES03609703,SES03609703
7497,360,101,view,2023-11-11 18:44:22,SES03609703,SES03609703
7498,360,141,cart,2023-11-11 19:12:04,SES03609703,SES03609703
7499,360,139,cart,2023-11-11 19:19:41,SES03609703,SES03609703
7500,361,189,view,2024-04-17 20:55:27,SES03619650,SES03619650
7501,361,164,view,2024-04-17 21:23:14,SES03619650,SES03619650
7502,361,54,view,2024-04-17 21:41:20,SES03619650,SES03619650
7503,361,164,view,2024-04-17 21:52:54,SES03619650,SES03619650
7504,361,26,view,2024-04-17 21:56:40,SES03619650,SES03619650
7505,361,119,view,2024-04-17 22:25:19,SES03619650,SES03619650
7506,361,123,view,2024-04-17 22:43:38,SES03619650,SES03619650
7507,361,91,view,2024-04-17 22:50:46,SES03619650,SES03619650
7508,361,97,view,2024-04-17 23:18:00,SES03619650,SES03619650
7509,361,146,view,2024-04-17 23:23:16,SES03619650,SES03619650
7510,361,26,cart,2024-04-17 23:32:12,SES03619650,SES03619650
7511,361,123,cart,2024-04-17 23:35:21,SES03619650,SES03619650
7512,361,97,cart,2024-04-17 23:49:49,SES03619650,SES03619650
7513,361,146,cart,2024-04-18 00:07:09,SES03619650,SES03619650
7514,361,102,view,2023-03-26 17:54:31,SES03617318,SES03617318
7515,361,83,view,2023-03-26 17:57:01,SES03617318,SES03617318
7516,361,172,view,2023-03-26 18:06:47,SES03617318,SES03617318
7517,361,13,view,2023-03-26 18:19:22,SES03617318,SES03617318
7518,361,155,view,2023-03-26 18:43:12,SES03617318,SES03617318
7519,361,86,view,2023-03-26 18:46:59,SES03617318,SES03617318
7520,361,51,view,2023-03-26 19:15:45,SES03617318,SES03617318
7521,361,138,view,2023-03-26 19:20:59,SES03617318,SES03617318
7522,361,83,cart,2023-03-26 19:38:11,SES03617318,SES03617318
7523,361,13,cart,2023-03-26 19:51:18,SES03617318,SES03617318
7524,361,51,cart,2023-03-26 19:54:35,SES03617318,SES03617318
7525,361,175,view,2024-12-02 02:05:29,SES03619590,SES03619590
7526,361,182,view,2024-12-02 02:20:19,SES03619590,SES03619590
7527,361,162,view,2024-12-02 02:39:07,SES03619590,SES03619590
7528,361,192,view,2024-12-02 02:42:42,SES03619590,SES03619590
7529,361,77,view,2023-07-14 18:50:09,SES03614835,SES03614835
7530,361,40,view,2023-07-14 18:59:20,SES03614835,SES03614835
7531,361,73,view,2023-07-14 18:59:59,SES03614835,SES03614835
7532,361,189,view,2023-07-14 19:20:50,SES03614835,SES03614835
7533,361,21,view,2023-07-14 19:23:03,SES03614835,SES03614835
7534,361,6,view,2023-07-14 19:38:45,SES03614835,SES03614835
7535,361,90,view,2023-07-14 19:43:14,SES03614835,SES03614835
7536,361,135,view,2023-07-14 20:02:21,SES03614835,SES03614835
7537,361,141,view,2023-07-14 20:23:13,SES03614835,SES03614835
7538,361,99,view,2023-07-14 20:35:31,SES03614835,SES03614835
7539,361,77,cart,2023-07-14 20:57:59,SES03614835,SES03614835
7540,361,40,cart,2023-07-14 20:58:42,SES03614835,SES03614835
7541,361,73,cart,2023-07-14 21:01:54,SES03614835,SES03614835
7542,361,6,cart,2023-07-14 21:04:56,SES03614835,SES03614835
7543,361,135,cart,2023-07-14 21:18:09,SES03614835,SES03614835
7544,361,141,cart,2023-07-14 21:21:42,SES03614835,SES03614835
7545,361,99,cart,2023-07-14 21:29:11,SES03614835,SES03614835
7546,362,158,view,2023-03-04 02:48:58,SES03626220,SES03626220
7547,362,126,view,2023-03-04 02:52:51,SES03626220,SES03626220
7548,362,168,view,2023-03-04 03:16:28,SES03626220,SES03626220
7549,362,158,view,2023-03-04 03:44:00,SES03626220,SES03626220
7550,362,168,cart,2023-03-04 03:57:25,SES03626220,SES03626220
7551,363,82,view,2024-02-08 05:35:09,SES03632300,SES03632300
7552,363,126,view,2024-02-08 05:53:05,SES03632300,SES03632300
7553,363,61,view,2024-02-08 06:03:22,SES03632300,SES03632300
7554,363,34,view,2024-02-08 06:22:32,SES03632300,SES03632300
7555,363,195,view,2024-02-08 06:26:42,SES03632300,SES03632300
7556,363,82,cart,2024-02-08 06:40:25,SES03632300,SES03632300
7557,363,195,cart,2024-02-08 06:46:42,SES03632300,SES03632300
7558,363,184,view,2023-04-06 22:17:59,SES03637397,SES03637397
7559,363,21,view,2023-04-06 22:28:09,SES03637397,SES03637397
7560,363,117,view,2023-04-06 22:52:15,SES03637397,SES03637397
7561,363,194,view,2023-04-06 23:11:34,SES03637397,SES03637397
7562,363,34,view,2023-04-06 23:13:39,SES03637397,SES03637397
7563,363,194,cart,2023-04-06 23:34:41,SES03637397,SES03637397
7564,363,52,view,2023-09-14 06:15:23,SES03635126,SES03635126
7565,363,143,view,2023-09-14 06:43:42,SES03635126,SES03635126
7566,363,137,view,2023-09-14 07:09:07,SES03635126,SES03635126
7567,363,67,view,2023-09-14 07:37:59,SES03635126,SES03635126
7568,363,99,view,2023-09-14 07:43:06,SES03635126,SES03635126
7569,363,99,cart,2023-09-14 07:48:15,SES03635126,SES03635126
7570,364,43,view,2024-06-09 09:33:56,SES03648366,SES03648366
7571,364,161,view,2024-06-09 09:36:20,SES03648366,SES03648366
7572,364,124,view,2024-06-09 10:04:01,SES03648366,SES03648366
7573,364,113,view,2024-06-09 10:31:02,SES03648366,SES03648366
7574,364,45,view,2024-06-09 10:49:38,SES03648366,SES03648366
7575,364,191,view,2024-03-02 20:10:50,SES03648159,SES03648159
7576,364,73,view,2024-03-02 20:20:11,SES03648159,SES03648159
7577,364,135,view,2024-03-02 20:50:07,SES03648159,SES03648159
7578,364,19,view,2024-03-02 21:00:21,SES03648159,SES03648159
7579,364,197,view,2024-03-02 21:08:30,SES03648159,SES03648159
7580,364,13,view,2024-03-02 21:33:31,SES03648159,SES03648159
7581,364,168,view,2024-03-02 21:43:33,SES03648159,SES03648159
7582,364,112,view,2024-03-02 21:58:55,SES03648159,SES03648159
7583,364,197,view,2024-03-02 22:07:17,SES03648159,SES03648159
7584,364,19,cart,2024-03-02 22:16:51,SES03648159,SES03648159
7585,364,197,cart,2024-03-02 22:25:33,SES03648159,SES03648159
7586,364,189,view,2023-08-17 14:49:13,SES03644471,SES03644471
7587,364,166,view,2023-08-17 14:59:14,SES03644471,SES03644471
7588,364,171,view,2023-08-17 15:22:04,SES03644471,SES03644471
7589,364,164,view,2023-08-17 15:38:22,SES03644471,SES03644471
7590,364,96,view,2023-08-17 15:47:29,SES03644471,SES03644471
7591,364,37,view,2023-08-07 23:01:46,SES03646615,SES03646615
7592,364,24,view,2023-08-07 23:13:40,SES03646615,SES03646615
7593,364,70,view,2023-08-07 23:23:52,SES03646615,SES03646615
7594,364,24,cart,2023-08-07 23:49:29,SES03646615,SES03646615
7595,365,78,view,2023-03-10 10:46:15,SES03654523,SES03654523
7596,365,92,view,2023-03-10 11:15:10,SES03654523,SES03654523
7597,365,172,view,2023-03-10 11:38:15,SES03654523,SES03654523
7598,365,197,view,2023-03-10 12:02:51,SES03654523,SES03654523
7599,365,166,view,2023-03-10 12:26:06,SES03654523,SES03654523
7600,365,119,view,2023-03-10 12:46:25,SES03654523,SES03654523
7601,365,92,cart,2023-03-10 12:55:56,SES03654523,SES03654523
7602,365,172,cart,2023-03-10 13:06:03,SES03654523,SES03654523
7603,365,166,cart,2023-03-10 13:08:37,SES03654523,SES03654523
7604,365,146,view,2023-09-26 19:04:57,SES03658646,SES03658646
7605,365,111,view,2023-09-26 19:21:04,SES03658646,SES03658646
7606,365,4,view,2023-09-26 19:40:24,SES03658646,SES03658646
7607,365,186,view,2023-09-26 20:05:37,SES03658646,SES03658646
7608,365,180,view,2023-09-26 20:12:27,SES03658646,SES03658646
7609,365,29,view,2023-09-26 20:23:27,SES03658646,SES03658646
7610,365,20,view,2023-09-26 20:41:58,SES03658646,SES03658646
7611,365,162,view,2023-09-26 20:47:17,SES03658646,SES03658646
7612,365,180,cart,2023-09-26 20:50:03,SES03658646,SES03658646
7613,366,31,view,2024-05-27 23:38:48,SES03661371,SES03661371
7614,366,171,view,2024-05-28 00:03:47,SES03661371,SES03661371
7615,366,18,view,2024-05-28 00:06:12,SES03661371,SES03661371
7616,366,142,view,2024-05-28 00:25:45,SES03661371,SES03661371
7617,366,133,view,2024-05-28 00:51:29,SES03661371,SES03661371
7618,366,31,cart,2024-05-28 01:00:45,SES03661371,SES03661371
7619,366,171,cart,2024-05-28 01:07:53,SES03661371,SES03661371
7620,366,142,cart,2024-05-28 01:15:23,SES03661371,SES03661371
7621,366,133,cart,2024-05-28 01:21:01,SES03661371,SES03661371
7622,366,178,view,2023-08-27 20:33:11,SES03667767,SES03667767
7623,366,189,view,2023-08-27 20:55:44,SES03667767,SES03667767
7624,366,180,view,2023-08-27 21:09:49,SES03667767,SES03667767
7625,366,172,view,2023-08-27 21:17:08,SES03667767,SES03667767
7626,366,92,view,2023-08-27 21:35:17,SES03667767,SES03667767
7627,366,52,view,2023-08-27 22:01:18,SES03667767,SES03667767
7628,366,141,view,2023-08-27 22:27:46,SES03667767,SES03667767
7629,366,21,view,2023-08-27 22:42:21,SES03667767,SES03667767
7630,366,57,view,2023-08-27 22:45:16,SES03667767,SES03667767
7631,366,92,cart,2023-08-27 22:49:04,SES03667767,SES03667767
7632,366,52,cart,2023-08-27 23:02:22,SES03667767,SES03667767
7633,366,92,view,2023-12-27 23:32:55,SES03665608,SES03665608
7634,366,70,view,2023-12-27 23:54:52,SES03665608,SES03665608
7635,366,157,view,2023-12-28 00:19:57,SES03665608,SES03665608
7636,366,150,view,2023-12-28 00:47:15,SES03665608,SES03665608
7637,366,70,cart,2023-12-28 01:13:30,SES03665608,SES03665608
7638,366,150,cart,2023-12-28 01:27:51,SES03665608,SES03665608
7639,367,172,view,2024-11-26 05:41:19,SES03673188,SES03673188
7640,367,104,view,2024-11-26 06:02:15,SES03673188,SES03673188
7641,367,126,view,2024-11-26 06:03:38,SES03673188,SES03673188
7642,367,191,view,2024-11-26 06:23:22,SES03673188,SES03673188
7643,367,122,view,2024-11-26 06:32:12,SES03673188,SES03673188
7644,367,45,view,2024-11-26 06:36:23,SES03673188,SES03673188
7645,367,169,view,2024-11-26 06:37:16,SES03673188,SES03673188
7646,367,77,view,2024-11-26 06:46:41,SES03673188,SES03673188
7647,367,104,cart,2024-11-26 07:04:41,SES03673188,SES03673188
7648,367,189,view,2024-10-23 19:34:24,SES03671513,SES03671513
7649,367,196,view,2024-10-23 19:59:33,SES03671513,SES03671513
7650,367,96,view,2024-10-23 20:01:06,SES03671513,SES03671513
7651,367,42,view,2024-10-23 20:21:27,SES03671513,SES03671513
7652,367,168,view,2024-10-23 20:48:21,SES03671513,SES03671513
7653,367,55,view,2024-10-23 21:08:11,SES03671513,SES03671513
7654,367,77,view,2024-10-23 21:30:30,SES03671513,SES03671513
7655,367,56,view,2024-10-23 21:58:48,SES03671513,SES03671513
7656,367,189,view,2024-10-23 22:16:53,SES03671513,SES03671513
7657,367,189,cart,2024-10-23 22:42:47,SES03671513,SES03671513
7658,367,42,cart,2024-10-23 22:46:08,SES03671513,SES03671513
7659,367,56,cart,2024-10-23 22:53:03,SES03671513,SES03671513
7660,367,18,view,2023-11-08 03:47:52,SES03679019,SES03679019
7661,367,79,view,2023-11-08 03:59:11,SES03679019,SES03679019
7662,367,112,view,2023-11-08 04:05:33,SES03679019,SES03679019
7663,367,145,view,2023-11-08 04:10:20,SES03679019,SES03679019
7664,367,79,cart,2023-11-08 04:19:34,SES03679019,SES03679019
7665,368,74,view,2024-08-03 14:59:04,SES03684609,SES03684609
7666,368,150,view,2024-08-03 15:16:51,SES03684609,SES03684609
7667,368,135,view,2024-08-03 15:44:17,SES03684609,SES03684609
7668,368,78,view,2024-08-03 16:11:45,SES03684609,SES03684609
7669,368,151,view,2024-08-03 16:35:23,SES03684609,SES03684609
7670,368,116,view,2024-08-03 16:44:11,SES03684609,SES03684609
7671,368,150,cart,2024-08-03 17:11:08,SES03684609,SES03684609
7672,368,1,view,2023-09-28 03:27:05,SES03684262,SES03684262
7673,368,131,view,2023-09-28 03:47:07,SES03684262,SES03684262
7674,368,34,view,2023-09-28 04:08:24,SES03684262,SES03684262
7675,368,124,view,2023-09-28 04:25:25,SES03684262,SES03684262
7676,368,143,view,2023-09-28 04:30:31,SES03684262,SES03684262
7677,368,131,cart,2023-09-28 04:51:33,SES03684262,SES03684262
7678,368,34,cart,2023-09-28 04:52:58,SES03684262,SES03684262
7679,368,199,view,2024-01-13 19:37:06,SES03686795,SES03686795
7680,368,124,view,2024-01-13 19:54:19,SES03686795,SES03686795
7681,368,194,view,2024-01-13 20:03:00,SES03686795,SES03686795
7682,368,158,view,2024-01-13 20:05:55,SES03686795,SES03686795
7683,368,117,view,2024-01-13 20:14:55,SES03686795,SES03686795
7684,368,199,cart,2024-01-13 20:32:20,SES03686795,SES03686795
7685,368,194,cart,2024-01-13 20:45:15,SES03686795,SES03686795
7686,369,155,view,2023-05-04 16:02:25,SES03693787,SES03693787
7687,369,162,view,2023-05-04 16:08:00,SES03693787,SES03693787
7688,369,91,view,2023-05-04 16:28:44,SES03693787,SES03693787
7689,369,91,cart,2023-05-04 16:51:05,SES03693787,SES03693787
7690,370,169,view,2023-05-23 01:53:28,SES03706801,SES03706801
7691,370,116,view,2023-05-23 02:03:30,SES03706801,SES03706801
7692,370,97,view,2023-05-23 02:12:04,SES03706801,SES03706801
7693,370,141,view,2023-05-23 02:39:50,SES03706801,SES03706801
7694,370,68,view,2023-05-23 02:46:16,SES03706801,SES03706801
7695,370,68,view,2023-05-23 02:46:59,SES03706801,SES03706801
7696,370,180,view,2024-03-14 23:52:50,SES03705767,SES03705767
7697,370,114,view,2024-03-15 00:19:33,SES03705767,SES03705767
7698,370,23,view,2024-03-15 00:40:54,SES03705767,SES03705767
7699,370,57,view,2024-03-15 00:47:18,SES03705767,SES03705767
7700,370,164,view,2024-03-15 00:57:40,SES03705767,SES03705767
7701,370,182,view,2024-03-15 01:19:52,SES03705767,SES03705767
7702,370,51,view,2024-03-15 01:34:05,SES03705767,SES03705767
7703,370,168,view,2024-03-15 01:49:33,SES03705767,SES03705767
7704,370,23,cart,2024-03-15 02:01:19,SES03705767,SES03705767
7705,370,182,cart,2024-03-15 02:09:21,SES03705767,SES03705767
7706,370,94,view,2024-01-23 04:27:05,SES03706851,SES03706851
7707,370,135,view,2024-01-23 04:52:57,SES03706851,SES03706851
7708,370,85,view,2024-01-23 05:15:10,SES03706851,SES03706851
7709,370,135,cart,2024-01-23 05:19:45,SES03706851,SES03706851
7710,370,85,cart,2024-01-23 05:22:13,SES03706851,SES03706851
7711,370,45,view,2024-03-01 21:48:53,SES03702050,SES03702050
7712,370,96,view,2024-03-01 21:49:41,SES03702050,SES03702050
7713,370,66,view,2024-03-01 22:16:13,SES03702050,SES03702050
7714,370,176,view,2024-03-01 22:33:03,SES03702050,SES03702050
7715,370,74,view,2024-03-01 22:53:50,SES03702050,SES03702050
7716,370,168,view,2024-03-01 22:54:39,SES03702050,SES03702050
7717,370,87,view,2024-03-01 23:10:21,SES03702050,SES03702050
7718,371,180,view,2023-08-18 03:39:34,SES03712330,SES03712330
7719,371,33,view,2023-08-18 03:55:12,SES03712330,SES03712330
7720,371,92,view,2023-08-18 04:24:10,SES03712330,SES03712330
7721,371,2,view,2023-08-18 04:37:27,SES03712330,SES03712330
7722,371,176,view,2023-08-18 04:50:58,SES03712330,SES03712330
7723,371,193,view,2023-08-18 05:16:20,SES03712330,SES03712330
7724,371,106,view,2023-08-18 05:38:58,SES03712330,SES03712330
7725,371,82,view,2023-08-18 05:43:16,SES03712330,SES03712330
7726,371,94,view,2023-08-18 05:47:43,SES03712330,SES03712330
7727,371,4,view,2023-08-18 06:05:53,SES03712330,SES03712330
7728,371,180,cart,2023-08-18 06:09:01,SES03712330,SES03712330
7729,371,92,cart,2023-08-18 06:26:07,SES03712330,SES03712330
7730,371,4,cart,2023-08-18 06:30:13,SES03712330,SES03712330
7731,371,146,view,2023-12-04 07:20:08,SES03718551,SES03718551
7732,371,96,view,2023-12-04 07:46:33,SES03718551,SES03718551
7733,371,44,view,2023-12-04 07:56:34,SES03718551,SES03718551
7734,371,170,view,2023-12-04 08:19:19,SES03718551,SES03718551
7735,371,77,view,2023-12-04 08:32:23,SES03718551,SES03718551
7736,371,57,view,2023-12-04 08:55:44,SES03718551,SES03718551
7737,371,112,view,2023-12-04 08:59:34,SES03718551,SES03718551
7738,371,143,view,2023-12-04 09:06:29,SES03718551,SES03718551
7739,371,18,view,2023-12-04 09:10:18,SES03718551,SES03718551
7740,371,178,view,2023-12-04 09:15:53,SES03718551,SES03718551
7741,371,44,cart,2023-12-04 09:19:18,SES03718551,SES03718551
7742,371,170,cart,2023-12-04 09:23:10,SES03718551,SES03718551
7743,371,77,cart,2023-12-04 09:28:42,SES03718551,SES03718551
7744,371,143,cart,2023-12-04 09:29:31,SES03718551,SES03718551
7745,371,18,cart,2023-12-04 09:38:21,SES03718551,SES03718551
7746,371,96,view,2024-11-11 14:19:41,SES03717812,SES03717812
7747,371,74,view,2024-11-11 14:34:38,SES03717812,SES03717812
7748,371,153,view,2024-11-11 14:53:19,SES03717812,SES03717812
7749,371,121,view,2024-11-11 15:10:18,SES03717812,SES03717812
7750,371,29,view,2024-11-11 15:16:06,SES03717812,SES03717812
7751,371,176,view,2024-11-11 15:39:00,SES03717812,SES03717812
7752,371,178,view,2024-11-11 16:05:53,SES03717812,SES03717812
7753,371,121,cart,2024-11-11 16:33:07,SES03717812,SES03717812
7754,371,29,cart,2024-11-11 16:47:06,SES03717812,SES03717812
7755,371,178,cart,2024-11-11 16:53:37,SES03717812,SES03717812
7756,371,150,view,2024-05-11 22:26:39,SES03717213,SES03717213
7757,371,51,view,2024-05-11 22:34:15,SES03717213,SES03717213
7758,371,112,view,2024-05-11 22:58:25,SES03717213,SES03717213
7759,371,64,view,2024-05-11 23:23:35,SES03717213,SES03717213
7760,371,110,view,2024-05-11 23:51:18,SES03717213,SES03717213
7761,371,112,view,2024-05-12 00:14:44,SES03717213,SES03717213
7762,371,53,view,2024-05-12 00:22:39,SES03717213,SES03717213
7763,371,21,view,2024-05-12 00:48:39,SES03717213,SES03717213
7764,371,77,view,2024-05-12 00:51:49,SES03717213,SES03717213
7765,371,112,cart,2024-05-12 01:04:53,SES03717213,SES03717213
7766,372,51,view,2023-11-28 07:57:38,SES03727897,SES03727897
7767,372,86,view,2023-11-28 07:59:13,SES03727897,SES03727897
7768,372,178,view,2023-11-28 08:21:26,SES03727897,SES03727897
7769,372,112,view,2023-11-28 08:51:11,SES03727897,SES03727897
7770,372,60,view,2023-11-28 09:08:13,SES03727897,SES03727897
7771,372,176,view,2023-11-28 09:14:47,SES03727897,SES03727897
7772,372,51,cart,2023-11-28 09:29:10,SES03727897,SES03727897
7773,372,178,cart,2023-11-28 09:33:34,SES03727897,SES03727897
7774,372,112,cart,2023-11-28 09:50:07,SES03727897,SES03727897
7775,373,46,view,2023-11-16 23:43:07,SES03736494,SES03736494
7776,373,158,view,2023-11-16 23:54:17,SES03736494,SES03736494
7777,373,34,view,2023-11-17 00:19:39,SES03736494,SES03736494
7778,373,193,view,2023-11-17 00:35:00,SES03736494,SES03736494
7779,373,17,view,2023-11-17 00:43:27,SES03736494,SES03736494
7780,373,21,view,2023-11-17 00:59:00,SES03736494,SES03736494
7781,373,5,view,2023-11-17 01:14:32,SES03736494,SES03736494
7782,373,89,view,2023-11-17 01:36:12,SES03736494,SES03736494
7783,373,65,view,2023-11-17 01:55:41,SES03736494,SES03736494
7784,373,96,view,2023-11-17 02:10:01,SES03736494,SES03736494
7785,373,96,cart,2023-11-17 02:26:46,SES03736494,SES03736494
7786,373,189,view,2024-07-14 02:41:55,SES03732418,SES03732418
7787,373,131,view,2024-07-14 02:47:43,SES03732418,SES03732418
7788,373,185,view,2024-07-14 02:54:56,SES03732418,SES03732418
7789,373,131,cart,2024-07-14 03:16:38,SES03732418,SES03732418
7790,374,36,view,2024-11-13 16:54:27,SES03743177,SES03743177
7791,374,7,view,2024-11-13 16:56:30,SES03743177,SES03743177
7792,374,45,view,2024-11-13 17:06:25,SES03743177,SES03743177
7793,374,87,view,2024-11-13 17:11:08,SES03743177,SES03743177
7794,374,172,view,2024-11-13 17:14:29,SES03743177,SES03743177
7795,374,18,view,2024-11-13 17:23:06,SES03743177,SES03743177
7796,374,53,view,2024-11-13 17:28:39,SES03743177,SES03743177
7797,374,45,cart,2024-11-13 17:50:50,SES03743177,SES03743177
7798,374,172,cart,2024-11-13 18:01:53,SES03743177,SES03743177
7799,374,18,cart,2024-11-13 18:10:46,SES03743177,SES03743177
7800,374,163,view,2023-11-01 17:17:50,SES03747841,SES03747841
7801,374,131,view,2023-11-01 17:46:33,SES03747841,SES03747841
7802,374,17,view,2023-11-01 18:03:07,SES03747841,SES03747841
7803,374,165,view,2023-11-01 18:15:26,SES03747841,SES03747841
7804,374,49,view,2023-11-01 18:20:15,SES03747841,SES03747841
7805,374,17,cart,2023-11-01 18:42:56,SES03747841,SES03747841
7806,375,77,view,2023-05-09 23:14:54,SES03756257,SES03756257
7807,375,45,view,2023-05-09 23:21:07,SES03756257,SES03756257
7808,375,144,view,2023-05-09 23:47:34,SES03756257,SES03756257
7809,375,116,view,2023-05-10 00:04:35,SES03756257,SES03756257
7810,375,116,cart,2023-05-10 00:29:44,SES03756257,SES03756257
7811,375,73,view,2023-12-02 16:49:21,SES03753920,SES03753920
7812,375,195,view,2023-12-02 16:55:06,SES03753920,SES03753920
7813,375,9,view,2023-12-02 16:58:45,SES03753920,SES03753920
7814,375,73,cart,2023-12-02 17:19:16,SES03753920,SES03753920
7815,375,9,cart,2023-12-02 17:35:16,SES03753920,SES03753920
7816,375,68,view,2023-03-10 20:09:19,SES03755067,SES03755067
7817,375,137,view,2023-03-10 20:36:20,SES03755067,SES03755067
7818,375,32,view,2023-03-10 21:02:32,SES03755067,SES03755067
7819,375,116,view,2023-03-10 21:14:42,SES03755067,SES03755067
7820,376,34,view,2023-12-04 01:52:06,SES03763311,SES03763311
7821,376,183,view,2023-12-04 02:07:06,SES03763311,SES03763311
7822,376,122,view,2023-12-04 02:24:23,SES03763311,SES03763311
7823,376,34,view,2023-12-04 02:31:56,SES03763311,SES03763311
7824,376,153,view,2023-12-04 02:39:08,SES03763311,SES03763311
7825,376,183,view,2023-12-04 02:47:47,SES03763311,SES03763311
7826,376,185,view,2023-12-04 02:50:10,SES03763311,SES03763311
7827,376,164,view,2023-12-04 03:16:14,SES03763311,SES03763311
7828,376,197,view,2023-12-04 03:44:17,SES03763311,SES03763311
7829,376,158,view,2023-12-04 04:02:08,SES03763311,SES03763311
7830,376,153,cart,2023-12-04 04:26:45,SES03763311,SES03763311
7831,376,185,cart,2023-12-04 04:34:43,SES03763311,SES03763311
7832,376,164,cart,2023-12-04 04:51:26,SES03763311,SES03763311
7833,376,158,cart,2023-12-04 05:01:17,SES03763311,SES03763311
7834,376,106,view,2023-06-15 16:23:44,SES03769313,SES03769313
7835,376,146,view,2023-06-15 16:26:52,SES03769313,SES03769313
7836,376,195,view,2023-06-15 16:38:38,SES03769313,SES03769313
7837,376,31,view,2023-06-15 17:01:04,SES03769313,SES03769313
7838,376,18,view,2023-06-15 17:01:42,SES03769313,SES03769313
7839,376,131,view,2023-06-15 17:27:40,SES03769313,SES03769313
7840,376,194,view,2023-06-15 17:57:05,SES03769313,SES03769313
7841,376,178,view,2023-06-15 18:16:25,SES03769313,SES03769313
7842,376,142,view,2023-06-15 18:17:03,SES03769313,SES03769313
7843,376,134,view,2023-06-15 18:22:42,SES03769313,SES03769313
7844,376,18,cart,2023-06-15 18:36:11,SES03769313,SES03769313
7845,376,142,cart,2023-06-15 18:40:36,SES03769313,SES03769313
7846,376,175,view,2023-09-14 09:27:57,SES03769203,SES03769203
7847,376,72,view,2023-09-14 09:37:29,SES03769203,SES03769203
7848,376,131,view,2023-09-14 09:57:13,SES03769203,SES03769203
7849,376,143,view,2023-09-14 10:12:08,SES03769203,SES03769203
7850,376,178,view,2023-09-14 10:20:43,SES03769203,SES03769203
7851,376,92,view,2023-09-14 10:42:12,SES03769203,SES03769203
7852,376,141,view,2023-09-14 11:03:21,SES03769203,SES03769203
7853,376,174,view,2023-09-14 11:04:10,SES03769203,SES03769203
7854,376,175,cart,2023-09-14 11:25:59,SES03769203,SES03769203
7855,376,141,cart,2023-09-14 11:43:28,SES03769203,SES03769203
7856,377,183,view,2024-05-11 15:45:44,SES03779704,SES03779704
7857,377,51,view,2024-05-11 15:50:44,SES03779704,SES03779704
7858,377,128,view,2024-05-11 16:01:31,SES03779704,SES03779704
7859,377,62,view,2024-05-11 16:15:39,SES03779704,SES03779704
7860,377,193,view,2024-05-11 16:16:49,SES03779704,SES03779704
7861,377,67,view,2024-05-11 16:19:39,SES03779704,SES03779704
7862,377,6,view,2024-05-11 16:25:03,SES03779704,SES03779704
7863,377,114,view,2024-05-11 16:37:13,SES03779704,SES03779704
7864,377,51,view,2024-05-11 16:59:56,SES03779704,SES03779704
7865,377,51,cart,2024-05-11 17:20:53,SES03779704,SES03779704
7866,377,112,view,2024-09-14 05:09:51,SES03773468,SES03773468
7867,377,96,view,2024-09-14 05:38:43,SES03773468,SES03773468
7868,377,47,view,2024-09-14 05:41:06,SES03773468,SES03773468
7869,377,124,view,2024-09-14 05:45:57,SES03773468,SES03773468
7870,377,171,view,2024-09-14 05:55:51,SES03773468,SES03773468
7871,377,194,view,2024-09-14 06:19:10,SES03773468,SES03773468
7872,377,18,view,2024-09-14 06:40:49,SES03773468,SES03773468
7873,377,96,cart,2024-09-14 07:01:19,SES03773468,SES03773468
7874,377,119,view,2023-11-08 16:12:46,SES03774667,SES03774667
7875,377,172,view,2023-11-08 16:30:26,SES03774667,SES03774667
7876,377,124,view,2023-11-08 16:46:36,SES03774667,SES03774667
7877,377,50,view,2023-11-08 16:57:21,SES03774667,SES03774667
7878,377,156,view,2023-11-08 17:01:34,SES03774667,SES03774667
7879,377,90,view,2023-11-08 17:15:19,SES03774667,SES03774667
7880,377,124,cart,2023-11-08 17:32:18,SES03774667,SES03774667
7881,377,34,view,2023-07-16 17:31:14,SES03771608,SES03771608
7882,377,128,view,2023-07-16 17:37:37,SES03771608,SES03771608
7883,377,118,view,2023-07-16 17:44:21,SES03771608,SES03771608
7884,377,86,view,2023-07-16 17:53:27,SES03771608,SES03771608
7885,377,117,view,2023-07-16 18:11:32,SES03771608,SES03771608
7886,377,188,view,2023-07-16 18:36:45,SES03771608,SES03771608
7887,377,131,view,2023-07-16 18:55:29,SES03771608,SES03771608
7888,377,10,view,2023-07-16 19:06:24,SES03771608,SES03771608
7889,377,118,cart,2023-07-16 19:22:55,SES03771608,SES03771608
7890,378,20,view,2024-11-22 22:14:44,SES03789819,SES03789819
7891,378,199,view,2024-11-22 22:22:01,SES03789819,SES03789819
7892,378,197,view,2024-11-22 22:23:35,SES03789819,SES03789819
7893,378,14,view,2024-11-22 22:30:32,SES03789819,SES03789819
7894,378,142,view,2024-11-22 22:45:25,SES03789819,SES03789819
7895,378,97,view,2024-11-22 22:47:16,SES03789819,SES03789819
7896,378,185,view,2024-11-22 23:00:21,SES03789819,SES03789819
7897,378,114,view,2024-11-22 23:29:36,SES03789819,SES03789819
7898,378,168,view,2024-11-22 23:34:20,SES03789819,SES03789819
7899,378,183,view,2024-11-22 23:38:23,SES03789819,SES03789819
7900,378,20,cart,2024-11-22 23:59:50,SES03789819,SES03789819
7901,378,199,cart,2024-11-23 00:14:46,SES03789819,SES03789819
7902,378,142,cart,2024-11-23 00:28:29,SES03789819,SES03789819
7903,378,114,cart,2024-11-23 00:30:30,SES03789819,SES03789819
7904,378,91,view,2023-01-12 15:11:16,SES03785933,SES03785933
7905,378,48,view,2023-01-12 15:39:10,SES03785933,SES03785933
7906,378,124,view,2023-01-12 16:00:33,SES03785933,SES03785933
7907,378,109,view,2023-01-12 16:25:57,SES03785933,SES03785933
7908,378,36,view,2023-01-12 16:41:29,SES03785933,SES03785933
7909,378,89,view,2023-01-12 17:03:01,SES03785933,SES03785933
7910,378,151,view,2023-01-12 17:14:03,SES03785933,SES03785933
7911,378,74,view,2023-01-12 17:37:26,SES03785933,SES03785933
7912,378,5,view,2023-01-12 18:01:19,SES03785933,SES03785933
7913,378,34,view,2023-01-12 18:02:43,SES03785933,SES03785933
7914,378,89,cart,2023-01-12 18:21:36,SES03785933,SES03785933
7915,378,74,cart,2023-01-12 18:34:12,SES03785933,SES03785933
7916,378,77,view,2023-12-10 16:48:29,SES03782061,SES03782061
7917,378,134,view,2023-12-10 16:55:59,SES03782061,SES03782061
7918,378,86,view,2023-12-10 17:07:48,SES03782061,SES03782061
7919,378,52,view,2023-12-10 17:17:02,SES03782061,SES03782061
7920,378,67,view,2023-12-10 17:34:15,SES03782061,SES03782061
7921,378,168,view,2023-12-10 17:37:48,SES03782061,SES03782061
7922,378,67,cart,2023-12-10 17:40:13,SES03782061,SES03782061
7923,378,168,cart,2023-12-10 17:52:57,SES03782061,SES03782061
7924,378,192,view,2023-11-25 10:59:15,SES03787207,SES03787207
7925,378,5,view,2023-11-25 11:25:01,SES03787207,SES03787207
7926,378,113,view,2023-11-25 11:39:37,SES03787207,SES03787207
7927,378,34,view,2023-11-25 11:52:33,SES03787207,SES03787207
7928,378,166,view,2023-11-25 12:18:49,SES03787207,SES03787207
7929,378,160,view,2023-11-25 12:48:31,SES03787207,SES03787207
7930,378,36,purchase,2023-11-25 11:45:29,SES03787207,SES03787207
7931,379,189,view,2024-12-21 19:43:00,SES03794937,SES03794937
7932,379,116,view,2024-12-21 20:11:43,SES03794937,SES03794937
7933,379,180,view,2024-12-21 20:13:25,SES03794937,SES03794937
7934,379,37,view,2024-12-21 20:24:04,SES03794937,SES03794937
7935,379,189,cart,2024-12-21 20:24:52,SES03794937,SES03794937
7936,379,179,view,2024-05-19 07:55:37,SES03796701,SES03796701
7937,379,179,view,2024-05-19 08:01:35,SES03796701,SES03796701
7938,379,60,view,2024-05-19 08:07:31,SES03796701,SES03796701
7939,379,81,view,2024-05-19 08:10:56,SES03796701,SES03796701
7940,379,96,view,2024-05-19 08:33:23,SES03796701,SES03796701
7941,379,179,cart,2024-05-19 08:49:45,SES03796701,SES03796701
7942,379,60,cart,2024-05-19 09:00:21,SES03796701,SES03796701
7943,379,74,view,2023-05-07 01:15:35,SES03798327,SES03798327
7944,379,129,view,2023-05-07 01:16:34,SES03798327,SES03798327
7945,379,130,view,2023-05-07 01:38:52,SES03798327,SES03798327
7946,379,13,view,2023-05-07 01:59:16,SES03798327,SES03798327
7947,379,129,cart,2023-05-07 02:12:40,SES03798327,SES03798327
7948,380,18,view,2024-11-10 01:45:51,SES03802043,SES03802043
7949,380,175,view,2024-11-10 02:03:26,SES03802043,SES03802043
7950,380,197,view,2024-11-10 02:21:42,SES03802043,SES03802043
7951,380,150,view,2024-11-10 02:46:47,SES03802043,SES03802043
7952,380,18,cart,2024-11-10 02:51:40,SES03802043,SES03802043
7953,380,175,cart,2024-11-10 03:01:18,SES03802043,SES03802043
7954,381,17,view,2023-07-01 20:11:35,SES03813211,SES03813211
7955,381,35,view,2023-07-01 20:34:03,SES03813211,SES03813211
7956,381,114,view,2023-07-01 20:51:26,SES03813211,SES03813211
7957,381,15,view,2023-07-01 20:56:26,SES03813211,SES03813211
7958,381,87,view,2023-07-01 21:09:03,SES03813211,SES03813211
7959,381,17,view,2023-07-01 21:17:22,SES03813211,SES03813211
7960,381,189,view,2023-07-01 21:39:25,SES03813211,SES03813211
7961,381,189,cart,2023-07-01 21:50:25,SES03813211,SES03813211
7962,381,185,view,2024-07-12 09:29:04,SES03814961,SES03814961
7963,381,141,view,2024-07-12 09:44:40,SES03814961,SES03814961
7964,381,191,view,2024-07-12 09:54:16,SES03814961,SES03814961
7965,381,150,view,2024-07-12 10:08:44,SES03814961,SES03814961
7966,381,85,view,2024-07-12 10:19:13,SES03814961,SES03814961
7967,381,185,cart,2024-07-12 10:31:01,SES03814961,SES03814961
7968,381,150,cart,2024-07-12 10:48:57,SES03814961,SES03814961
7969,381,34,view,2024-04-28 03:23:00,SES03816058,SES03816058
7970,381,183,view,2024-04-28 03:30:06,SES03816058,SES03816058
7971,381,167,view,2024-04-28 03:40:32,SES03816058,SES03816058
7972,381,167,view,2024-04-28 03:53:23,SES03816058,SES03816058
7973,381,167,cart,2024-04-28 04:12:28,SES03816058,SES03816058
7974,381,75,view,2024-08-21 11:44:29,SES03816716,SES03816716
7975,381,120,view,2024-08-21 11:59:24,SES03816716,SES03816716
7976,381,126,view,2024-08-21 12:06:39,SES03816716,SES03816716
7977,381,175,view,2024-08-21 12:11:43,SES03816716,SES03816716
7978,381,109,view,2024-08-21 12:28:59,SES03816716,SES03816716
7979,381,151,view,2024-08-21 12:47:02,SES03816716,SES03816716
7980,381,57,view,2024-08-21 13:08:21,SES03816716,SES03816716
7981,381,23,view,2024-08-21 13:18:32,SES03816716,SES03816716
7982,381,132,view,2024-08-21 13:23:37,SES03816716,SES03816716
7983,381,57,cart,2024-08-21 13:44:37,SES03816716,SES03816716
7984,382,33,view,2023-03-06 02:06:04,SES03826054,SES03826054
7985,382,141,view,2023-03-06 02:10:35,SES03826054,SES03826054
7986,382,164,view,2023-03-06 02:25:27,SES03826054,SES03826054
7987,383,112,view,2023-08-04 08:23:10,SES03831121,SES03831121
7988,383,188,view,2023-08-04 08:45:27,SES03831121,SES03831121
7989,383,169,view,2023-08-04 08:51:22,SES03831121,SES03831121
7990,383,49,view,2023-08-04 09:04:59,SES03831121,SES03831121
7991,383,87,view,2023-08-04 09:24:12,SES03831121,SES03831121
7992,383,170,view,2023-08-04 09:48:25,SES03831121,SES03831121
7993,383,187,view,2023-12-02 01:45:23,SES03836466,SES03836466
7994,383,151,view,2023-12-02 02:11:04,SES03836466,SES03836466
7995,383,51,view,2023-12-02 02:19:35,SES03836466,SES03836466
7996,383,29,view,2023-12-02 02:40:19,SES03836466,SES03836466
7997,383,107,view,2023-12-02 03:09:57,SES03836466,SES03836466
7998,383,85,view,2023-12-02 03:32:29,SES03836466,SES03836466
7999,383,183,view,2023-12-02 04:01:40,SES03836466,SES03836466
8000,383,185,view,2023-12-02 04:15:37,SES03836466,SES03836466
8001,383,85,cart,2023-12-02 04:19:21,SES03836466,SES03836466
8002,384,183,view,2023-09-10 08:27:26,SES03846694,SES03846694
8003,384,143,view,2023-09-10 08:30:46,SES03846694,SES03846694
8004,384,77,view,2023-09-10 08:31:28,SES03846694,SES03846694
8005,384,27,view,2023-09-10 08:56:38,SES03846694,SES03846694
8006,384,143,cart,2023-09-10 09:24:15,SES03846694,SES03846694
8007,385,113,view,2023-09-25 20:43:25,SES03856139,SES03856139
8008,385,171,view,2023-09-25 21:01:38,SES03856139,SES03856139
8009,385,96,view,2023-09-25 21:07:12,SES03856139,SES03856139
8010,385,82,view,2023-09-25 21:14:31,SES03856139,SES03856139
8011,385,136,view,2023-09-25 21:23:24,SES03856139,SES03856139
8012,385,79,view,2023-09-25 21:46:45,SES03856139,SES03856139
8013,385,82,cart,2023-09-25 21:51:15,SES03856139,SES03856139
8014,385,87,view,2023-08-17 20:25:06,SES03856074,SES03856074
8015,385,38,view,2023-08-17 20:36:41,SES03856074,SES03856074
8016,385,117,view,2023-08-17 20:43:22,SES03856074,SES03856074
8017,385,91,view,2023-08-17 20:46:31,SES03856074,SES03856074
8018,385,154,view,2023-08-17 20:57:43,SES03856074,SES03856074
8019,385,120,view,2023-08-17 21:16:50,SES03856074,SES03856074
8020,385,18,view,2023-08-17 21:19:43,SES03856074,SES03856074
8021,385,38,cart,2023-08-17 21:49:05,SES03856074,SES03856074
8022,385,117,cart,2023-08-17 21:52:57,SES03856074,SES03856074
8023,385,154,cart,2023-08-17 21:58:53,SES03856074,SES03856074
8024,385,18,cart,2023-08-17 22:16:30,SES03856074,SES03856074
8025,385,111,view,2023-06-08 19:56:51,SES03854136,SES03854136
8026,385,87,view,2023-06-08 20:09:25,SES03854136,SES03854136
8027,385,135,view,2023-06-08 20:14:44,SES03854136,SES03854136
8028,385,195,view,2023-06-08 20:20:20,SES03854136,SES03854136
8029,386,6,view,2024-03-23 21:43:31,SES03864228,SES03864228
8030,386,101,view,2024-03-23 22:02:35,SES03864228,SES03864228
8031,386,101,view,2024-03-23 22:06:15,SES03864228,SES03864228
8032,386,9,view,2024-03-23 22:21:10,SES03864228,SES03864228
8033,386,102,view,2024-03-23 22:33:45,SES03864228,SES03864228
8034,386,135,view,2024-03-23 22:47:16,SES03864228,SES03864228
8035,386,37,view,2024-03-23 23:05:12,SES03864228,SES03864228
8036,386,6,cart,2024-03-23 23:29:37,SES03864228,SES03864228
8037,386,101,cart,2024-03-23 23:30:52,SES03864228,SES03864228
8038,386,102,cart,2024-03-23 23:36:58,SES03864228,SES03864228
8039,386,37,cart,2024-03-23 23:43:23,SES03864228,SES03864228
8040,386,124,view,2024-04-05 16:27:15,SES03863065,SES03863065
8041,386,3,view,2024-04-05 16:46:57,SES03863065,SES03863065
8042,386,193,view,2024-04-05 16:58:45,SES03863065,SES03863065
8043,386,176,view,2024-04-05 17:17:11,SES03863065,SES03863065
8044,386,21,view,2024-04-05 17:21:14,SES03863065,SES03863065
8045,386,102,view,2024-04-05 17:30:50,SES03863065,SES03863065
8046,386,183,view,2024-04-05 17:37:40,SES03863065,SES03863065
8047,386,193,cart,2024-04-05 17:45:29,SES03863065,SES03863065
8048,386,176,cart,2024-04-05 18:02:27,SES03863065,SES03863065
8049,386,183,cart,2024-04-05 18:04:57,SES03863065,SES03863065
8050,386,183,view,2024-12-16 07:12:30,SES03865895,SES03865895
8051,386,117,view,2024-12-16 07:27:25,SES03865895,SES03865895
8052,386,3,view,2024-12-16 07:44:53,SES03865895,SES03865895
8053,386,135,view,2024-12-16 07:59:39,SES03865895,SES03865895
8054,386,47,view,2024-12-16 08:03:15,SES03865895,SES03865895
8055,386,19,view,2024-12-16 08:31:59,SES03865895,SES03865895
8056,386,112,view,2024-12-16 08:59:09,SES03865895,SES03865895
8057,386,18,view,2024-12-16 09:02:45,SES03865895,SES03865895
8058,386,135,view,2024-12-16 09:20:29,SES03865895,SES03865895
8059,386,47,cart,2024-12-16 09:23:59,SES03865895,SES03865895
8060,386,112,cart,2024-12-16 09:32:42,SES03865895,SES03865895
8061,387,87,view,2023-11-18 08:15:57,SES03872276,SES03872276
8062,387,122,view,2023-11-18 08:37:31,SES03872276,SES03872276
8063,387,119,view,2023-11-18 09:06:54,SES03872276,SES03872276
8064,387,178,view,2023-11-18 09:26:41,SES03872276,SES03872276
8065,387,122,cart,2023-11-18 09:27:57,SES03872276,SES03872276
8066,387,86,view,2024-04-01 07:01:42,SES03877310,SES03877310
8067,387,2,view,2024-04-01 07:23:34,SES03877310,SES03877310
8068,387,81,view,2024-04-01 07:43:59,SES03877310,SES03877310
8069,387,155,view,2023-02-16 20:52:24,SES03874457,SES03874457
8070,387,34,view,2023-02-16 21:17:28,SES03874457,SES03874457
8071,387,200,view,2023-02-16 21:36:06,SES03874457,SES03874457
8072,387,44,view,2023-02-16 21:46:13,SES03874457,SES03874457
8073,387,49,view,2023-02-16 21:54:31,SES03874457,SES03874457
8074,387,112,view,2023-02-16 22:01:13,SES03874457,SES03874457
8075,387,34,cart,2023-02-16 22:28:46,SES03874457,SES03874457
8076,387,44,cart,2023-02-16 22:44:03,SES03874457,SES03874457
8077,387,49,cart,2023-02-16 22:47:30,SES03874457,SES03874457
8078,387,112,cart,2023-02-16 23:01:17,SES03874457,SES03874457
8079,387,183,view,2023-04-02 11:55:13,SES03876997,SES03876997
8080,387,165,view,2023-04-02 12:06:59,SES03876997,SES03876997
8081,387,176,view,2023-04-02 12:09:24,SES03876997,SES03876997
8082,387,23,view,2023-04-02 12:10:45,SES03876997,SES03876997
8083,387,147,view,2023-04-02 12:27:52,SES03876997,SES03876997
8084,387,77,view,2023-04-02 12:49:14,SES03876997,SES03876997
8085,387,135,view,2023-04-02 12:54:26,SES03876997,SES03876997
8086,387,96,view,2023-04-02 13:02:32,SES03876997,SES03876997
8087,387,35,view,2023-04-02 13:03:28,SES03876997,SES03876997
8088,387,18,view,2023-04-02 13:13:18,SES03876997,SES03876997
8089,387,165,cart,2023-04-02 13:21:30,SES03876997,SES03876997
8090,387,23,cart,2023-04-02 13:34:34,SES03876997,SES03876997
8091,388,121,view,2023-12-14 01:02:26,SES03886909,SES03886909
8092,388,141,view,2023-12-14 01:09:01,SES03886909,SES03886909
8093,388,143,view,2023-12-14 01:34:38,SES03886909,SES03886909
8094,388,40,view,2023-12-14 01:53:08,SES03886909,SES03886909
8095,388,117,view,2023-12-14 02:11:51,SES03886909,SES03886909
8096,388,74,view,2023-03-21 15:17:55,SES03883739,SES03883739
8097,388,131,view,2023-03-21 15:36:41,SES03883739,SES03883739
8098,388,136,view,2023-03-21 15:47:04,SES03883739,SES03883739
8099,388,104,view,2023-03-21 16:00:29,SES03883739,SES03883739
8100,388,90,view,2023-03-21 16:16:50,SES03883739,SES03883739
8101,388,74,view,2023-03-21 16:30:02,SES03883739,SES03883739
8102,388,39,view,2023-03-21 16:42:37,SES03883739,SES03883739
8103,388,176,view,2023-03-21 16:53:25,SES03883739,SES03883739
8104,388,172,view,2023-03-21 17:07:22,SES03883739,SES03883739
8105,388,146,view,2023-03-21 17:14:09,SES03883739,SES03883739
8106,388,74,cart,2023-03-21 17:36:22,SES03883739,SES03883739
8107,388,131,cart,2023-03-21 17:50:37,SES03883739,SES03883739
8108,388,136,cart,2023-03-21 17:54:20,SES03883739,SES03883739
8109,388,104,cart,2023-03-21 18:00:10,SES03883739,SES03883739
8110,388,172,cart,2023-03-21 18:13:36,SES03883739,SES03883739
8111,389,135,view,2024-09-25 14:18:36,SES03895727,SES03895727
8112,389,182,view,2024-09-25 14:44:42,SES03895727,SES03895727
8113,389,195,view,2024-09-25 14:51:37,SES03895727,SES03895727
8114,389,125,view,2024-09-25 15:10:33,SES03895727,SES03895727
8115,389,33,view,2024-09-25 15:16:48,SES03895727,SES03895727
8116,389,37,view,2024-09-25 15:27:27,SES03895727,SES03895727
8117,389,182,cart,2024-09-25 15:35:22,SES03895727,SES03895727
8118,389,195,cart,2024-09-25 15:49:42,SES03895727,SES03895727
8119,389,125,cart,2024-09-25 15:57:37,SES03895727,SES03895727
8120,389,33,cart,2024-09-25 16:13:00,SES03895727,SES03895727
8121,389,109,view,2023-12-24 08:30:06,SES03898086,SES03898086
8122,389,74,view,2023-12-24 08:31:17,SES03898086,SES03898086
8123,389,183,view,2023-12-24 08:37:10,SES03898086,SES03898086
8124,389,6,view,2023-12-24 08:40:47,SES03898086,SES03898086
8125,389,14,view,2023-12-24 08:45:30,SES03898086,SES03898086
8126,389,185,view,2023-12-24 09:03:13,SES03898086,SES03898086
8127,389,12,view,2023-12-24 09:32:04,SES03898086,SES03898086
8128,389,51,view,2023-12-24 09:35:48,SES03898086,SES03898086
8129,389,183,cart,2023-12-24 09:39:14,SES03898086,SES03898086
8130,389,6,cart,2023-12-24 09:56:07,SES03898086,SES03898086
8131,389,12,cart,2023-12-24 10:03:50,SES03898086,SES03898086
8132,389,185,view,2023-06-04 09:16:20,SES03893180,SES03893180
8133,389,26,view,2023-06-04 09:31:17,SES03893180,SES03893180
8134,389,141,view,2023-06-04 09:57:14,SES03893180,SES03893180
8135,389,64,view,2023-06-04 10:12:21,SES03893180,SES03893180
8136,389,32,view,2023-06-04 10:27:39,SES03893180,SES03893180
8137,389,135,view,2023-06-04 10:29:11,SES03893180,SES03893180
8138,389,185,cart,2023-06-04 10:54:11,SES03893180,SES03893180
8139,389,26,cart,2023-06-04 10:59:59,SES03893180,SES03893180
8140,389,32,cart,2023-06-04 11:03:59,SES03893180,SES03893180
8141,390,45,view,2024-04-14 19:43:02,SES03904115,SES03904115
8142,390,87,view,2024-04-14 20:08:42,SES03904115,SES03904115
8143,390,158,view,2024-04-14 20:22:22,SES03904115,SES03904115
8144,390,152,view,2024-04-14 20:39:39,SES03904115,SES03904115
8145,390,21,view,2024-04-14 20:47:31,SES03904115,SES03904115
8146,390,180,view,2024-04-14 20:54:00,SES03904115,SES03904115
8147,390,158,cart,2024-04-14 21:10:44,SES03904115,SES03904115
8148,390,7,view,2023-08-06 06:21:27,SES03903648,SES03903648
8149,390,146,view,2023-08-06 06:50:48,SES03903648,SES03903648
8150,390,54,view,2023-08-06 07:09:02,SES03903648,SES03903648
8151,390,136,view,2023-08-06 07:20:36,SES03903648,SES03903648
8152,390,164,view,2023-08-06 07:35:22,SES03903648,SES03903648
8153,390,119,view,2023-08-06 07:52:27,SES03903648,SES03903648
8154,390,115,view,2023-08-06 08:07:37,SES03903648,SES03903648
8155,390,30,view,2024-12-18 21:29:17,SES03903020,SES03903020
8156,390,54,view,2024-12-18 21:54:49,SES03903020,SES03903020
8157,390,143,view,2024-12-18 22:05:01,SES03903020,SES03903020
8158,390,131,view,2024-12-18 22:27:59,SES03903020,SES03903020
8159,390,144,view,2024-12-18 22:55:13,SES03903020,SES03903020
8160,390,12,view,2024-12-18 23:22:14,SES03903020,SES03903020
8161,390,68,view,2024-12-18 23:49:55,SES03903020,SES03903020
8162,390,82,view,2024-12-18 23:56:43,SES03903020,SES03903020
8163,390,28,view,2024-12-19 00:03:20,SES03903020,SES03903020
8164,390,54,cart,2024-12-19 00:08:48,SES03903020,SES03903020
8165,390,186,view,2024-11-07 02:05:24,SES03909836,SES03909836
8166,390,18,view,2024-11-07 02:28:10,SES03909836,SES03909836
8167,390,145,view,2024-11-07 02:37:44,SES03909836,SES03909836
8168,390,91,view,2024-11-07 02:56:26,SES03909836,SES03909836
8169,390,178,view,2024-11-07 03:21:48,SES03909836,SES03909836
8170,391,148,view,2024-04-16 02:42:02,SES03911298,SES03911298
8171,391,200,view,2024-04-16 03:09:42,SES03911298,SES03911298
8172,391,165,view,2024-04-16 03:26:20,SES03911298,SES03911298
8173,391,105,view,2024-04-16 03:43:56,SES03911298,SES03911298
8174,391,126,view,2024-04-16 03:54:16,SES03911298,SES03911298
8175,391,13,view,2024-04-16 04:06:07,SES03911298,SES03911298
8176,391,148,cart,2024-04-16 04:20:00,SES03911298,SES03911298
8177,391,105,cart,2024-04-16 04:25:09,SES03911298,SES03911298
8178,391,13,cart,2024-04-16 04:30:33,SES03911298,SES03911298
8179,392,164,view,2024-04-02 13:08:41,SES03923765,SES03923765
8180,392,183,view,2024-04-02 13:10:35,SES03923765,SES03923765
8181,392,26,view,2024-04-02 13:19:12,SES03923765,SES03923765
8182,393,168,view,2024-03-24 03:18:00,SES03936193,SES03936193
8183,393,125,view,2024-03-24 03:47:07,SES03936193,SES03936193
8184,393,5,view,2024-03-24 04:07:57,SES03936193,SES03936193
8185,393,21,view,2024-03-24 04:35:16,SES03936193,SES03936193
8186,393,56,view,2024-03-24 04:58:54,SES03936193,SES03936193
8187,393,64,view,2024-03-24 05:07:00,SES03936193,SES03936193
8188,393,137,view,2024-03-24 05:33:44,SES03936193,SES03936193
8189,393,155,view,2024-03-24 05:39:23,SES03936193,SES03936193
8190,393,5,cart,2024-03-24 05:52:05,SES03936193,SES03936193
8191,393,21,cart,2024-03-24 06:08:50,SES03936193,SES03936193
8192,393,137,cart,2024-03-24 06:16:22,SES03936193,SES03936193
8193,393,155,cart,2024-03-24 06:31:42,SES03936193,SES03936193
8194,394,83,view,2024-12-10 22:40:17,SES03949796,SES03949796
8195,394,55,view,2024-12-10 23:05:53,SES03949796,SES03949796
8196,394,126,view,2024-12-10 23:22:00,SES03949796,SES03949796
8197,394,152,view,2024-12-10 23:32:32,SES03949796,SES03949796
8198,394,158,view,2024-12-10 23:51:31,SES03949796,SES03949796
8199,394,152,cart,2024-12-11 00:05:25,SES03949796,SES03949796
8200,395,167,view,2024-03-13 03:59:16,SES03953710,SES03953710
8201,395,120,view,2024-03-13 04:17:44,SES03953710,SES03953710
8202,395,134,view,2024-03-13 04:43:05,SES03953710,SES03953710
8203,395,112,view,2024-03-13 05:00:57,SES03953710,SES03953710
8204,395,39,view,2024-03-13 05:02:00,SES03953710,SES03953710
8205,395,167,cart,2024-03-13 05:15:24,SES03953710,SES03953710
8206,395,134,cart,2024-03-13 05:17:20,SES03953710,SES03953710
8207,396,55,view,2023-03-05 21:54:22,SES03964862,SES03964862
8208,396,131,view,2023-03-05 22:08:43,SES03964862,SES03964862
8209,396,1,view,2023-03-05 22:23:23,SES03964862,SES03964862
8210,396,87,view,2023-03-05 22:34:08,SES03964862,SES03964862
8211,396,72,view,2023-03-05 22:48:17,SES03964862,SES03964862
8212,396,141,view,2023-03-05 23:11:29,SES03964862,SES03964862
8213,396,55,cart,2023-03-05 23:17:55,SES03964862,SES03964862
8214,396,131,cart,2023-03-05 23:21:59,SES03964862,SES03964862
8215,396,72,cart,2023-03-05 23:37:42,SES03964862,SES03964862
8216,396,141,cart,2023-03-05 23:44:10,SES03964862,SES03964862
8217,396,19,view,2024-04-03 06:59:57,SES03967811,SES03967811
8218,396,24,view,2024-04-03 07:16:24,SES03967811,SES03967811
8219,396,22,view,2024-04-03 07:40:13,SES03967811,SES03967811
8220,396,92,view,2024-04-03 07:49:40,SES03967811,SES03967811
8221,396,52,view,2024-04-03 07:54:25,SES03967811,SES03967811
8222,396,68,view,2024-04-03 08:14:18,SES03967811,SES03967811
8223,396,22,cart,2024-04-03 08:20:42,SES03967811,SES03967811
8224,397,178,view,2024-04-27 12:40:21,SES03972925,SES03972925
8225,397,153,view,2024-04-27 13:07:36,SES03972925,SES03972925
8226,397,96,view,2024-04-27 13:13:58,SES03972925,SES03972925
8227,397,21,view,2024-04-27 13:17:01,SES03972925,SES03972925
8228,397,91,view,2024-04-27 13:44:54,SES03972925,SES03972925
8229,397,93,view,2024-04-27 13:55:02,SES03972925,SES03972925
8230,397,153,cart,2024-04-27 14:01:03,SES03972925,SES03972925
8231,397,96,cart,2024-04-27 14:13:08,SES03972925,SES03972925
8232,397,91,cart,2024-04-27 14:26:21,SES03972925,SES03972925
8233,397,80,view,2023-11-23 08:38:54,SES03978321,SES03978321
8234,397,97,view,2023-11-23 08:59:35,SES03978321,SES03978321
8235,397,74,view,2023-11-23 09:08:50,SES03978321,SES03978321
8236,397,56,view,2023-11-23 09:37:30,SES03978321,SES03978321
8237,397,141,view,2023-11-23 09:46:35,SES03978321,SES03978321
8238,397,77,view,2023-11-23 09:51:24,SES03978321,SES03978321
8239,397,31,view,2023-11-23 10:19:20,SES03978321,SES03978321
8240,397,135,view,2023-11-23 10:47:43,SES03978321,SES03978321
8241,397,1,view,2023-11-23 11:10:01,SES03978321,SES03978321
8242,397,80,cart,2023-11-23 11:12:52,SES03978321,SES03978321
8243,397,97,cart,2023-11-23 11:16:53,SES03978321,SES03978321
8244,397,74,cart,2023-11-23 11:26:09,SES03978321,SES03978321
8245,397,141,cart,2023-11-23 11:27:07,SES03978321,SES03978321
8246,397,1,cart,2023-11-23 11:31:01,SES03978321,SES03978321
8247,397,47,view,2023-04-22 11:08:24,SES03972884,SES03972884
8248,397,189,view,2023-04-22 11:16:41,SES03972884,SES03972884
8249,397,189,view,2023-04-22 11:26:29,SES03972884,SES03972884
8250,397,40,view,2023-04-22 11:35:28,SES03972884,SES03972884
8251,397,189,view,2023-04-22 11:47:28,SES03972884,SES03972884
8252,397,158,view,2023-04-22 12:00:21,SES03972884,SES03972884
8253,397,45,view,2023-04-22 12:20:00,SES03972884,SES03972884
8254,397,180,view,2023-04-22 12:43:11,SES03972884,SES03972884
8255,397,192,view,2023-04-22 13:01:45,SES03972884,SES03972884
8256,397,180,cart,2023-04-22 13:15:05,SES03972884,SES03972884
8257,398,41,view,2023-03-26 03:53:28,SES03984614,SES03984614
8258,398,192,view,2023-03-26 04:08:17,SES03984614,SES03984614
8259,398,144,view,2023-03-26 04:26:37,SES03984614,SES03984614
8260,398,41,cart,2023-03-26 04:38:32,SES03984614,SES03984614
8261,398,169,view,2024-03-12 13:07:26,SES03986764,SES03986764
8262,398,123,view,2024-03-12 13:17:37,SES03986764,SES03986764
8263,398,129,view,2024-03-12 13:38:32,SES03986764,SES03986764
8264,398,129,cart,2024-03-12 13:50:51,SES03986764,SES03986764
8265,399,87,view,2023-10-10 02:48:00,SES03996134,SES03996134
8266,399,146,view,2023-10-10 02:49:57,SES03996134,SES03996134
8267,399,84,view,2023-10-10 03:06:38,SES03996134,SES03996134
8268,399,40,view,2023-10-10 03:17:05,SES03996134,SES03996134
8269,399,181,view,2023-10-10 03:43:42,SES03996134,SES03996134
8270,399,38,view,2023-10-10 03:56:45,SES03996134,SES03996134
8271,399,77,view,2023-10-10 03:57:47,SES03996134,SES03996134
8272,399,192,view,2023-10-10 04:00:00,SES03996134,SES03996134
8273,399,119,view,2023-10-10 04:21:17,SES03996134,SES03996134
8274,399,87,cart,2023-10-10 04:44:32,SES03996134,SES03996134
8275,399,77,cart,2023-10-10 04:48:50,SES03996134,SES03996134
8276,399,192,cart,2023-10-10 05:03:54,SES03996134,SES03996134
8277,399,119,cart,2023-10-10 05:15:48,SES03996134,SES03996134
8278,399,150,view,2024-08-21 18:53:21,SES03999653,SES03999653
8279,399,34,view,2024-08-21 18:54:59,SES03999653,SES03999653
8280,399,137,view,2024-08-21 19:00:04,SES03999653,SES03999653
8281,399,197,view,2024-08-21 19:06:27,SES03999653,SES03999653
8282,399,150,cart,2024-08-21 19:30:16,SES03999653,SES03999653
8283,399,137,cart,2024-08-21 19:40:16,SES03999653,SES03999653
8284,399,197,cart,2024-08-21 19:52:38,SES03999653,SES03999653
8285,399,122,view,2024-12-25 23:30:58,SES03992965,SES03992965
8286,399,143,view,2024-12-25 23:44:25,SES03992965,SES03992965
8287,399,132,view,2024-12-26 00:00:42,SES03992965,SES03992965
8288,399,97,view,2024-12-26 00:05:54,SES03992965,SES03992965
8289,399,198,view,2024-12-26 00:18:01,SES03992965,SES03992965
8290,399,87,view,2024-12-26 00:37:17,SES03992965,SES03992965
8291,399,122,cart,2024-12-26 00:58:53,SES03992965,SES03992965
8292,399,183,view,2024-10-11 14:17:12,SES03995189,SES03995189
8293,399,37,view,2024-10-11 14:33:19,SES03995189,SES03995189
8294,399,7,view,2024-10-11 14:43:00,SES03995189,SES03995189
8295,400,18,view,2023-10-02 05:53:37,SES04009286,SES04009286
8296,400,5,view,2023-10-02 06:21:19,SES04009286,SES04009286
8297,400,2,view,2023-10-02 06:28:20,SES04009286,SES04009286
8298,400,64,view,2023-10-02 06:32:27,SES04009286,SES04009286
8299,400,18,cart,2023-10-02 06:41:34,SES04009286,SES04009286
8300,400,2,cart,2023-10-02 06:54:22,SES04009286,SES04009286
8301,401,126,view,2023-12-21 10:00:29,SES04015082,SES04015082
8302,401,77,view,2023-12-21 10:25:47,SES04015082,SES04015082
8303,401,180,view,2023-12-21 10:31:16,SES04015082,SES04015082
8304,401,66,view,2023-12-21 10:48:17,SES04015082,SES04015082
8305,401,176,view,2023-12-21 11:08:00,SES04015082,SES04015082
8306,401,41,view,2023-12-21 11:08:47,SES04015082,SES04015082
8307,401,23,view,2023-12-21 11:30:08,SES04015082,SES04015082
8308,401,77,cart,2023-12-21 11:39:00,SES04015082,SES04015082
8309,401,197,view,2024-11-27 01:33:47,SES04017692,SES04017692
8310,401,29,view,2024-11-27 02:03:09,SES04017692,SES04017692
8311,401,183,view,2024-11-27 02:25:24,SES04017692,SES04017692
8312,401,141,view,2024-11-27 02:40:12,SES04017692,SES04017692
8313,401,54,view,2024-11-27 03:00:20,SES04017692,SES04017692
8314,401,56,view,2024-11-27 03:03:11,SES04017692,SES04017692
8315,401,25,view,2024-11-27 03:10:55,SES04017692,SES04017692
8316,401,112,view,2024-11-27 03:23:36,SES04017692,SES04017692
8317,401,141,cart,2024-11-27 03:28:52,SES04017692,SES04017692
8318,401,91,view,2023-11-11 15:33:04,SES04012370,SES04012370
8319,401,168,view,2023-11-11 15:57:50,SES04012370,SES04012370
8320,401,65,view,2023-11-11 16:06:31,SES04012370,SES04012370
8321,401,96,view,2023-11-11 16:21:12,SES04012370,SES04012370
8322,401,91,cart,2023-11-11 16:46:00,SES04012370,SES04012370
8323,401,65,cart,2023-11-11 17:00:06,SES04012370,SES04012370
8324,401,119,view,2024-12-22 03:53:06,SES04012654,SES04012654
8325,401,186,view,2024-12-22 04:01:02,SES04012654,SES04012654
8326,401,175,view,2024-12-22 04:11:34,SES04012654,SES04012654
8327,401,17,view,2024-12-22 04:35:16,SES04012654,SES04012654
8328,401,67,view,2024-12-22 05:04:26,SES04012654,SES04012654
8329,401,14,view,2024-12-22 05:20:00,SES04012654,SES04012654
8330,401,45,view,2024-12-22 05:35:37,SES04012654,SES04012654
8331,401,161,view,2024-12-22 05:36:39,SES04012654,SES04012654
8332,401,14,cart,2024-12-22 06:00:19,SES04012654,SES04012654
8333,401,45,cart,2024-12-22 06:07:34,SES04012654,SES04012654
8334,402,180,view,2023-05-15 16:57:40,SES04022557,SES04022557
8335,402,116,view,2023-05-15 17:23:04,SES04022557,SES04022557
8336,402,150,view,2023-05-15 17:39:18,SES04022557,SES04022557
8337,402,105,view,2023-05-15 17:48:56,SES04022557,SES04022557
8338,402,21,view,2023-05-15 18:09:13,SES04022557,SES04022557
8339,402,20,view,2023-05-15 18:22:51,SES04022557,SES04022557
8340,402,135,view,2023-05-15 18:24:48,SES04022557,SES04022557
8341,402,180,cart,2023-05-15 18:54:04,SES04022557,SES04022557
8342,402,105,cart,2023-05-15 18:55:12,SES04022557,SES04022557
8343,402,21,cart,2023-05-15 19:13:09,SES04022557,SES04022557
8344,402,20,cart,2023-05-15 19:16:37,SES04022557,SES04022557
8345,402,175,view,2024-10-27 16:11:19,SES04022863,SES04022863
8346,402,70,view,2024-10-27 16:20:36,SES04022863,SES04022863
8347,402,54,view,2024-10-27 16:32:25,SES04022863,SES04022863
8348,402,64,view,2024-10-27 16:46:41,SES04022863,SES04022863
8349,402,175,cart,2024-10-27 17:05:42,SES04022863,SES04022863
8350,402,64,cart,2024-10-27 17:16:23,SES04022863,SES04022863
8351,402,57,view,2023-11-19 14:26:33,SES04021257,SES04021257
8352,402,81,view,2023-11-19 14:32:58,SES04021257,SES04021257
8353,402,18,view,2023-11-19 14:34:51,SES04021257,SES04021257
8354,402,25,view,2023-11-19 14:36:14,SES04021257,SES04021257
8355,402,83,view,2023-11-19 14:59:39,SES04021257,SES04021257
8356,402,144,view,2023-11-19 15:25:30,SES04021257,SES04021257
8357,402,57,cart,2023-11-19 15:28:10,SES04021257,SES04021257
8358,402,18,cart,2023-11-19 15:43:39,SES04021257,SES04021257
8359,402,33,view,2023-09-26 20:01:59,SES04029822,SES04029822
8360,402,73,view,2023-09-26 20:10:03,SES04029822,SES04029822
8361,402,118,view,2023-09-26 20:18:11,SES04029822,SES04029822
8362,402,175,view,2023-09-26 20:28:23,SES04029822,SES04029822
8363,402,19,view,2023-09-26 20:41:55,SES04029822,SES04029822
8364,402,25,view,2023-09-26 21:07:32,SES04029822,SES04029822
8365,402,87,view,2023-09-26 21:17:13,SES04029822,SES04029822
8366,402,89,view,2023-09-26 21:40:03,SES04029822,SES04029822
8367,402,34,view,2023-09-26 21:45:40,SES04029822,SES04029822
8368,402,167,view,2023-09-26 22:09:32,SES04029822,SES04029822
8369,402,73,cart,2023-09-26 22:33:04,SES04029822,SES04029822
8370,402,175,cart,2023-09-26 22:49:42,SES04029822,SES04029822
8371,403,151,view,2023-12-20 00:04:28,SES04033581,SES04033581
8372,403,88,view,2023-12-20 00:20:33,SES04033581,SES04033581
8373,403,197,view,2023-12-20 00:32:12,SES04033581,SES04033581
8374,403,151,cart,2023-12-20 00:56:51,SES04033581,SES04033581
8375,403,171,view,2024-11-24 23:59:48,SES04034530,SES04034530
8376,403,71,view,2024-11-25 00:25:48,SES04034530,SES04034530
8377,403,12,view,2024-11-25 00:37:10,SES04034530,SES04034530
8378,403,74,view,2024-05-13 22:17:06,SES04036204,SES04036204
8379,403,87,view,2024-05-13 22:45:15,SES04036204,SES04036204
8380,403,104,view,2024-05-13 22:46:22,SES04036204,SES04036204
8381,403,76,view,2024-05-13 23:02:20,SES04036204,SES04036204
8382,403,166,view,2024-05-13 23:22:15,SES04036204,SES04036204
8383,403,191,view,2024-05-13 23:43:13,SES04036204,SES04036204
8384,403,195,view,2024-05-14 00:02:13,SES04036204,SES04036204
8385,403,173,view,2024-05-14 00:25:24,SES04036204,SES04036204
8386,403,34,view,2024-05-14 00:31:38,SES04036204,SES04036204
8387,403,191,cart,2024-05-14 00:43:02,SES04036204,SES04036204
8388,403,119,view,2023-01-07 11:55:52,SES04036725,SES04036725
8389,403,176,view,2023-01-07 12:18:14,SES04036725,SES04036725
8390,403,93,view,2023-01-07 12:24:27,SES04036725,SES04036725
8391,403,114,view,2023-01-07 12:25:21,SES04036725,SES04036725
8392,403,146,view,2023-01-07 12:33:23,SES04036725,SES04036725
8393,403,145,view,2023-01-07 12:42:13,SES04036725,SES04036725
8394,403,139,view,2023-01-07 12:47:05,SES04036725,SES04036725
8395,403,114,cart,2023-01-07 13:05:06,SES04036725,SES04036725
8396,403,145,cart,2023-01-07 13:06:50,SES04036725,SES04036725
8397,404,77,view,2024-08-01 01:15:31,SES04041157,SES04041157
8398,404,73,view,2024-08-01 01:28:50,SES04041157,SES04041157
8399,404,158,view,2024-08-01 01:51:04,SES04041157,SES04041157
8400,404,183,view,2024-08-01 01:56:01,SES04041157,SES04041157
8401,404,126,view,2024-08-01 02:06:58,SES04041157,SES04041157
8402,404,175,view,2024-08-01 02:23:41,SES04041157,SES04041157
8403,404,25,view,2024-08-01 02:25:23,SES04041157,SES04041157
8404,404,71,view,2024-08-01 02:47:43,SES04041157,SES04041157
8405,404,180,view,2024-08-01 03:11:51,SES04041157,SES04041157
8406,404,73,cart,2024-08-01 03:13:49,SES04041157,SES04041157
8407,404,175,cart,2024-08-01 03:27:57,SES04041157,SES04041157
8408,404,119,view,2023-07-25 16:26:56,SES04042825,SES04042825
8409,404,122,view,2023-07-25 16:33:13,SES04042825,SES04042825
8410,404,87,view,2023-07-25 17:01:52,SES04042825,SES04042825
8411,404,91,view,2023-07-25 17:22:13,SES04042825,SES04042825
8412,404,185,view,2023-07-25 17:36:46,SES04042825,SES04042825
8413,404,92,view,2023-07-25 17:39:20,SES04042825,SES04042825
8414,404,92,view,2023-07-25 18:06:54,SES04042825,SES04042825
8415,404,119,cart,2023-07-25 18:20:57,SES04042825,SES04042825
8416,404,185,cart,2023-07-25 18:28:15,SES04042825,SES04042825
8417,404,92,cart,2023-07-25 18:30:34,SES04042825,SES04042825
8418,405,61,view,2023-07-22 20:16:06,SES04059845,SES04059845
8419,405,175,view,2023-07-22 20:27:19,SES04059845,SES04059845
8420,405,168,view,2023-07-22 20:51:14,SES04059845,SES04059845
8421,405,162,view,2023-07-22 21:15:29,SES04059845,SES04059845
8422,405,108,view,2023-07-22 21:29:58,SES04059845,SES04059845
8423,405,61,cart,2023-07-22 21:57:58,SES04059845,SES04059845
8424,405,168,cart,2023-07-22 22:08:02,SES04059845,SES04059845
8425,405,178,view,2024-07-15 16:37:45,SES04059792,SES04059792
8426,405,24,view,2024-07-15 17:02:59,SES04059792,SES04059792
8427,405,183,view,2024-07-15 17:05:57,SES04059792,SES04059792
8428,405,28,view,2024-07-15 17:32:18,SES04059792,SES04059792
8429,405,127,view,2024-07-15 17:33:32,SES04059792,SES04059792
8430,405,119,view,2024-07-15 17:41:13,SES04059792,SES04059792
8431,405,18,view,2024-07-15 18:06:24,SES04059792,SES04059792
8432,405,187,view,2024-07-15 18:30:59,SES04059792,SES04059792
8433,405,24,cart,2024-07-15 18:54:48,SES04059792,SES04059792
8434,405,18,cart,2024-07-15 18:55:41,SES04059792,SES04059792
8435,405,176,view,2024-07-22 23:12:50,SES04056111,SES04056111
8436,405,189,view,2024-07-22 23:30:12,SES04056111,SES04056111
8437,405,44,view,2024-07-22 23:37:55,SES04056111,SES04056111
8438,405,91,view,2024-07-22 23:47:52,SES04056111,SES04056111
8439,405,39,view,2024-07-22 23:57:12,SES04056111,SES04056111
8440,405,186,view,2024-07-23 00:09:28,SES04056111,SES04056111
8441,405,54,view,2024-07-23 00:24:46,SES04056111,SES04056111
8442,405,114,view,2024-07-23 00:48:59,SES04056111,SES04056111
8443,405,39,cart,2024-07-23 00:56:54,SES04056111,SES04056111
8444,405,167,view,2024-03-26 22:42:12,SES04057858,SES04057858
8445,405,108,view,2024-03-26 22:59:38,SES04057858,SES04057858
8446,405,189,view,2024-03-26 23:02:28,SES04057858,SES04057858
8447,406,30,view,2023-06-15 00:38:36,SES04067501,SES04067501
8448,406,162,view,2023-06-15 00:43:06,SES04067501,SES04067501
8449,406,51,view,2023-06-15 00:45:22,SES04067501,SES04067501
8450,406,176,view,2023-06-15 01:15:14,SES04067501,SES04067501
8451,406,91,view,2023-06-15 01:34:14,SES04067501,SES04067501
8452,406,195,view,2023-06-15 01:35:50,SES04067501,SES04067501
8453,406,74,view,2023-06-15 01:51:55,SES04067501,SES04067501
8454,406,150,view,2023-06-15 02:02:42,SES04067501,SES04067501
8455,406,176,cart,2023-06-15 02:25:35,SES04067501,SES04067501
8456,406,74,cart,2023-06-15 02:33:36,SES04067501,SES04067501
8457,406,150,cart,2023-06-15 02:48:52,SES04067501,SES04067501
8458,406,86,view,2024-01-24 14:57:10,SES04064903,SES04064903
8459,406,37,view,2024-01-24 15:14:21,SES04064903,SES04064903
8460,406,182,view,2024-01-24 15:15:36,SES04064903,SES04064903
8461,406,180,view,2024-01-24 15:21:54,SES04064903,SES04064903
8462,406,7,view,2024-01-24 15:23:21,SES04064903,SES04064903
8463,406,29,view,2024-01-24 15:45:50,SES04064903,SES04064903
8464,406,74,view,2024-01-24 16:05:19,SES04064903,SES04064903
8465,406,126,view,2024-01-24 16:26:45,SES04064903,SES04064903
8466,406,174,view,2024-01-24 16:48:00,SES04064903,SES04064903
8467,406,125,view,2024-01-24 16:49:27,SES04064903,SES04064903
8468,406,37,cart,2024-01-24 17:17:46,SES04064903,SES04064903
8469,406,180,cart,2024-01-24 17:33:53,SES04064903,SES04064903
8470,406,174,cart,2024-01-24 17:42:51,SES04064903,SES04064903
8471,406,48,view,2024-07-13 12:55:34,SES04069053,SES04069053
8472,406,45,view,2024-07-13 13:11:06,SES04069053,SES04069053
8473,406,30,view,2024-07-13 13:27:53,SES04069053,SES04069053
8474,406,164,view,2024-07-13 13:29:31,SES04069053,SES04069053
8475,406,114,view,2024-07-13 13:44:26,SES04069053,SES04069053
8476,406,38,view,2024-07-13 13:55:35,SES04069053,SES04069053
8477,406,141,view,2024-07-13 14:21:42,SES04069053,SES04069053
8478,406,125,view,2024-07-13 14:49:48,SES04069053,SES04069053
8479,406,38,cart,2024-07-13 15:03:16,SES04069053,SES04069053
8480,406,141,cart,2024-07-13 15:06:59,SES04069053,SES04069053
8481,407,21,view,2023-05-28 20:39:42,SES04075347,SES04075347
8482,407,77,view,2023-05-28 20:54:25,SES04075347,SES04075347
8483,407,44,view,2023-05-28 21:06:35,SES04075347,SES04075347
8484,407,118,view,2023-05-28 21:14:49,SES04075347,SES04075347
8485,407,196,view,2023-05-28 21:33:51,SES04075347,SES04075347
8486,407,49,view,2023-05-28 21:42:30,SES04075347,SES04075347
8487,407,26,view,2023-05-28 21:59:33,SES04075347,SES04075347
8488,407,124,view,2023-05-28 22:14:13,SES04075347,SES04075347
8489,407,49,cart,2023-05-28 22:29:05,SES04075347,SES04075347
8490,407,124,cart,2023-05-28 22:30:52,SES04075347,SES04075347
8491,407,97,view,2024-07-02 13:42:34,SES04073933,SES04073933
8492,407,155,view,2024-07-02 13:57:00,SES04073933,SES04073933
8493,407,66,view,2024-07-02 14:26:03,SES04073933,SES04073933
8494,407,187,view,2024-07-02 14:38:31,SES04073933,SES04073933
8495,407,193,view,2024-07-02 14:43:21,SES04073933,SES04073933
8496,407,75,view,2024-07-02 14:46:00,SES04073933,SES04073933
8497,407,152,view,2024-07-02 14:52:45,SES04073933,SES04073933
8498,407,144,view,2024-07-02 15:16:02,SES04073933,SES04073933
8499,407,176,view,2024-07-02 15:26:21,SES04073933,SES04073933
8500,407,66,cart,2024-07-02 15:42:35,SES04073933,SES04073933
8501,407,187,cart,2024-07-02 15:45:21,SES04073933,SES04073933
8502,407,193,cart,2024-07-02 15:56:40,SES04073933,SES04073933
8503,407,75,cart,2024-07-02 16:08:26,SES04073933,SES04073933
8504,407,152,cart,2024-07-02 16:17:28,SES04073933,SES04073933
8505,408,172,view,2023-06-21 08:27:53,SES04089339,SES04089339
8506,408,168,view,2023-06-21 08:57:45,SES04089339,SES04089339
8507,408,24,view,2023-06-21 09:22:18,SES04089339,SES04089339
8508,408,5,view,2023-06-21 09:32:45,SES04089339,SES04089339
8509,408,164,view,2023-06-21 09:53:42,SES04089339,SES04089339
8510,408,78,view,2023-06-21 09:59:09,SES04089339,SES04089339
8511,408,55,view,2023-06-21 10:11:08,SES04089339,SES04089339
8512,408,92,view,2023-06-21 10:14:02,SES04089339,SES04089339
8513,408,12,view,2023-06-21 10:18:34,SES04089339,SES04089339
8514,408,24,cart,2023-06-21 10:48:25,SES04089339,SES04089339
8515,408,169,view,2023-03-05 00:52:11,SES04086196,SES04086196
8516,408,106,view,2023-03-05 00:54:15,SES04086196,SES04086196
8517,408,32,view,2023-03-05 00:59:04,SES04086196,SES04086196
8518,408,51,view,2023-03-05 01:21:37,SES04086196,SES04086196
8519,408,21,view,2023-03-05 01:39:52,SES04086196,SES04086196
8520,408,32,cart,2023-03-05 01:41:59,SES04086196,SES04086196
8521,408,36,view,2024-06-08 09:43:41,SES04086896,SES04086896
8522,408,44,view,2024-06-08 10:13:40,SES04086896,SES04086896
8523,408,181,view,2024-06-08 10:30:26,SES04086896,SES04086896
8524,408,18,view,2024-06-08 10:55:14,SES04086896,SES04086896
8525,408,33,view,2024-06-08 11:02:56,SES04086896,SES04086896
8526,408,144,view,2024-06-08 11:15:00,SES04086896,SES04086896
8527,408,181,cart,2024-06-08 11:39:28,SES04086896,SES04086896
8528,408,183,view,2024-11-07 04:36:50,SES04089453,SES04089453
8529,408,115,view,2024-11-07 04:48:58,SES04089453,SES04089453
8530,408,164,view,2024-11-07 05:07:30,SES04089453,SES04089453
8531,408,96,view,2024-11-07 05:16:14,SES04089453,SES04089453
8532,408,109,view,2024-11-07 05:33:25,SES04089453,SES04089453
8533,408,184,view,2024-11-07 06:02:45,SES04089453,SES04089453
8534,408,45,view,2024-11-07 06:24:42,SES04089453,SES04089453
8535,408,17,view,2024-11-07 06:43:00,SES04089453,SES04089453
8536,408,35,view,2024-11-07 06:54:45,SES04089453,SES04089453
8537,408,186,view,2024-11-07 07:22:42,SES04089453,SES04089453
8538,408,183,cart,2024-11-07 07:24:08,SES04089453,SES04089453
8539,408,109,cart,2024-11-07 07:40:46,SES04089453,SES04089453
8540,408,45,cart,2024-11-07 07:51:38,SES04089453,SES04089453
8541,409,169,view,2024-11-08 02:09:46,SES04095389,SES04095389
8542,409,150,view,2024-11-08 02:34:41,SES04095389,SES04095389
8543,409,13,view,2024-11-08 02:52:36,SES04095389,SES04095389
8544,409,192,view,2024-11-08 02:55:54,SES04095389,SES04095389
8545,409,104,view,2024-11-08 02:58:51,SES04095389,SES04095389
8546,409,130,view,2024-11-08 03:03:31,SES04095389,SES04095389
8547,409,150,view,2024-11-08 03:09:28,SES04095389,SES04095389
8548,409,150,cart,2024-11-08 03:32:10,SES04095389,SES04095389
8549,409,13,cart,2024-11-08 03:33:19,SES04095389,SES04095389
8550,409,130,cart,2024-11-08 03:38:59,SES04095389,SES04095389
8551,409,113,view,2023-09-08 15:00:00,SES04097352,SES04097352
8552,409,85,view,2023-09-08 15:14:15,SES04097352,SES04097352
8553,409,135,view,2023-09-08 15:36:48,SES04097352,SES04097352
8554,409,162,view,2023-09-08 15:44:27,SES04097352,SES04097352
8555,409,49,view,2023-09-08 15:57:35,SES04097352,SES04097352
8556,409,38,view,2023-09-08 16:26:16,SES04097352,SES04097352
8557,409,157,view,2023-09-08 16:52:45,SES04097352,SES04097352
8558,409,8,view,2023-09-08 17:02:27,SES04097352,SES04097352
8559,409,56,view,2023-09-08 17:11:03,SES04097352,SES04097352
8560,409,164,view,2023-09-08 17:30:21,SES04097352,SES04097352
8561,409,113,cart,2023-09-08 17:33:14,SES04097352,SES04097352
8562,409,135,cart,2023-09-08 17:50:31,SES04097352,SES04097352
8563,409,162,cart,2023-09-08 17:59:29,SES04097352,SES04097352
8564,409,49,cart,2023-09-08 18:01:03,SES04097352,SES04097352
8565,409,56,cart,2023-09-08 18:07:50,SES04097352,SES04097352
8566,409,123,view,2024-02-24 08:48:21,SES04093851,SES04093851
8567,409,34,view,2024-02-24 09:03:41,SES04093851,SES04093851
8568,409,49,view,2024-02-24 09:22:19,SES04093851,SES04093851
8569,409,185,view,2024-02-24 09:28:40,SES04093851,SES04093851
8570,409,148,view,2024-02-24 09:47:24,SES04093851,SES04093851
8571,409,181,view,2024-02-24 10:08:16,SES04093851,SES04093851
8572,409,36,view,2024-02-24 10:09:29,SES04093851,SES04093851
8573,409,193,view,2024-02-24 10:26:03,SES04093851,SES04093851
8574,409,83,view,2024-02-24 10:34:31,SES04093851,SES04093851
8575,409,49,cart,2024-02-24 10:38:52,SES04093851,SES04093851
8576,410,142,view,2024-04-10 23:52:30,SES04105917,SES04105917
8577,410,194,view,2024-04-11 00:08:34,SES04105917,SES04105917
8578,410,19,view,2024-04-11 00:23:28,SES04105917,SES04105917
8579,410,53,view,2024-04-11 00:27:31,SES04105917,SES04105917
8580,410,27,view,2024-04-11 00:29:20,SES04105917,SES04105917
8581,410,172,view,2024-04-11 00:38:43,SES04105917,SES04105917
8582,410,150,view,2024-04-11 00:50:42,SES04105917,SES04105917
8583,410,92,view,2024-04-11 00:59:59,SES04105917,SES04105917
8584,410,53,cart,2024-04-11 01:18:16,SES04105917,SES04105917
8585,410,172,cart,2024-04-11 01:32:55,SES04105917,SES04105917
8586,410,34,view,2024-03-18 21:22:32,SES04101238,SES04101238
8587,410,45,view,2024-03-18 21:26:22,SES04101238,SES04101238
8588,410,45,view,2024-03-18 21:27:10,SES04101238,SES04101238
8589,410,171,view,2024-03-18 21:34:41,SES04101238,SES04101238
8590,410,78,view,2024-03-18 21:58:15,SES04101238,SES04101238
8591,410,176,view,2024-03-18 22:22:47,SES04101238,SES04101238
8592,410,112,view,2024-03-18 22:50:43,SES04101238,SES04101238
8593,410,19,view,2024-03-18 23:06:30,SES04101238,SES04101238
8594,410,37,view,2024-03-18 23:31:50,SES04101238,SES04101238
8595,410,71,view,2024-03-18 23:33:21,SES04101238,SES04101238
8596,410,112,cart,2024-03-18 23:41:17,SES04101238,SES04101238
8597,411,77,view,2024-09-08 23:42:45,SES04117630,SES04117630
8598,411,35,view,2024-09-09 00:08:41,SES04117630,SES04117630
8599,411,128,view,2024-09-09 00:35:14,SES04117630,SES04117630
8600,411,168,view,2024-09-09 01:04:53,SES04117630,SES04117630
8601,411,41,view,2024-09-09 01:19:21,SES04117630,SES04117630
8602,411,183,view,2024-09-09 01:40:08,SES04117630,SES04117630
8603,411,77,cart,2024-09-09 02:08:58,SES04117630,SES04117630
8604,411,128,cart,2024-09-09 02:12:28,SES04117630,SES04117630
8605,411,183,cart,2024-09-09 02:22:30,SES04117630,SES04117630
8606,412,95,view,2023-12-17 18:33:01,SES04127282,SES04127282
8607,412,19,view,2023-12-17 18:49:23,SES04127282,SES04127282
8608,412,101,view,2023-12-17 18:57:44,SES04127282,SES04127282
8609,412,175,view,2023-12-17 19:12:02,SES04127282,SES04127282
8610,412,6,view,2023-12-17 19:22:59,SES04127282,SES04127282
8611,412,22,view,2023-12-17 19:40:12,SES04127282,SES04127282
8612,412,108,view,2023-12-17 20:02:00,SES04127282,SES04127282
8613,412,19,cart,2023-12-17 20:25:13,SES04127282,SES04127282
8614,412,101,cart,2023-12-17 20:36:46,SES04127282,SES04127282
8615,412,96,view,2023-10-06 14:58:12,SES04128570,SES04128570
8616,412,55,view,2023-10-06 15:19:02,SES04128570,SES04128570
8617,412,197,view,2023-10-06 15:46:05,SES04128570,SES04128570
8618,412,17,view,2023-10-06 15:56:42,SES04128570,SES04128570
8619,412,55,cart,2023-10-06 16:08:53,SES04128570,SES04128570
8620,412,167,view,2024-03-03 21:27:38,SES04126725,SES04126725
8621,412,139,view,2024-03-03 21:50:58,SES04126725,SES04126725
8622,412,74,view,2024-03-03 22:18:58,SES04126725,SES04126725
8623,412,183,view,2024-03-03 22:41:06,SES04126725,SES04126725
8624,412,87,view,2024-03-03 22:49:10,SES04126725,SES04126725
8625,412,92,view,2024-03-03 23:07:49,SES04126725,SES04126725
8626,412,107,view,2024-03-03 23:36:00,SES04126725,SES04126725
8627,412,74,cart,2024-03-03 23:44:46,SES04126725,SES04126725
8628,412,107,cart,2024-03-03 23:58:36,SES04126725,SES04126725
8629,413,56,view,2024-06-16 23:06:01,SES04134135,SES04134135
8630,413,172,view,2024-06-16 23:29:33,SES04134135,SES04134135
8631,413,45,view,2024-06-16 23:56:43,SES04134135,SES04134135
8632,413,44,view,2024-06-17 00:16:12,SES04134135,SES04134135
8633,413,74,view,2024-06-17 00:20:57,SES04134135,SES04134135
8634,413,157,view,2024-06-17 00:50:51,SES04134135,SES04134135
8635,413,144,view,2024-06-17 01:12:38,SES04134135,SES04134135
8636,413,122,view,2024-06-17 01:21:08,SES04134135,SES04134135
8637,413,51,view,2024-06-17 01:23:02,SES04134135,SES04134135
8638,413,110,view,2024-06-17 01:33:42,SES04134135,SES04134135
8639,413,157,cart,2024-06-17 01:37:47,SES04134135,SES04134135
8640,413,122,cart,2024-06-17 01:39:53,SES04134135,SES04134135
8641,413,51,cart,2024-06-17 01:57:40,SES04134135,SES04134135
8642,413,137,view,2024-03-16 19:48:15,SES04137245,SES04137245
8643,413,49,view,2024-03-16 20:00:27,SES04137245,SES04137245
8644,413,70,view,2024-03-16 20:18:22,SES04137245,SES04137245
8645,413,144,view,2024-03-16 20:38:48,SES04137245,SES04137245
8646,413,21,view,2024-03-16 21:07:45,SES04137245,SES04137245
8647,413,17,view,2024-03-16 21:34:40,SES04137245,SES04137245
8648,413,21,cart,2024-03-16 21:37:48,SES04137245,SES04137245
8649,413,17,cart,2024-03-16 21:46:46,SES04137245,SES04137245
8650,413,158,view,2023-07-23 06:07:32,SES04136545,SES04136545
8651,413,124,view,2023-07-23 06:16:12,SES04136545,SES04136545
8652,413,189,view,2023-07-23 06:28:13,SES04136545,SES04136545
8653,413,112,view,2023-07-23 06:56:14,SES04136545,SES04136545
8654,413,144,view,2023-07-23 07:06:14,SES04136545,SES04136545
8655,413,120,view,2023-07-23 07:09:56,SES04136545,SES04136545
8656,413,124,cart,2023-07-23 07:16:21,SES04136545,SES04136545
8657,414,14,view,2023-08-13 23:17:20,SES04143899,SES04143899
8658,414,108,view,2023-08-13 23:23:35,SES04143899,SES04143899
8659,414,172,view,2023-08-13 23:25:29,SES04143899,SES04143899
8660,414,193,view,2023-08-13 23:34:45,SES04143899,SES04143899
8661,414,101,view,2023-08-13 23:56:38,SES04143899,SES04143899
8662,414,53,view,2023-08-14 00:13:51,SES04143899,SES04143899
8663,414,180,view,2023-08-14 00:16:53,SES04143899,SES04143899
8664,414,143,view,2023-08-14 00:31:24,SES04143899,SES04143899
8665,414,18,view,2023-08-14 00:38:51,SES04143899,SES04143899
8666,414,95,view,2023-08-14 00:57:53,SES04143899,SES04143899
8667,414,108,cart,2023-08-14 01:14:11,SES04143899,SES04143899
8668,414,95,cart,2023-08-14 01:26:52,SES04143899,SES04143899
8669,414,178,view,2024-06-01 19:23:24,SES04149281,SES04149281
8670,414,24,view,2024-06-01 19:33:12,SES04149281,SES04149281
8671,414,173,view,2024-06-01 19:46:28,SES04149281,SES04149281
8672,414,178,view,2024-06-01 19:53:31,SES04149281,SES04149281
8673,414,45,view,2024-06-01 20:10:38,SES04149281,SES04149281
8674,414,127,view,2024-06-01 20:18:13,SES04149281,SES04149281
8675,414,178,view,2024-06-01 20:36:01,SES04149281,SES04149281
8676,414,152,view,2024-06-01 20:46:05,SES04149281,SES04149281
8677,414,197,view,2024-06-01 21:15:45,SES04149281,SES04149281
8678,414,178,cart,2024-06-01 21:36:40,SES04149281,SES04149281
8679,414,45,cart,2024-06-01 21:44:18,SES04149281,SES04149281
8680,414,169,view,2024-09-07 08:57:20,SES04146239,SES04146239
8681,414,193,view,2024-09-07 09:20:30,SES04146239,SES04146239
8682,414,189,view,2024-09-07 09:47:17,SES04146239,SES04146239
8683,414,145,view,2024-09-07 10:04:45,SES04146239,SES04146239
8684,414,40,view,2024-09-07 10:09:51,SES04146239,SES04146239
8685,414,9,view,2024-09-07 10:33:12,SES04146239,SES04146239
8686,414,172,view,2024-09-07 10:49:21,SES04146239,SES04146239
8687,414,169,cart,2024-09-07 10:57:01,SES04146239,SES04146239
8688,414,145,cart,2024-09-07 11:04:41,SES04146239,SES04146239
8689,415,176,view,2023-11-24 01:32:33,SES04155160,SES04155160
8690,415,68,view,2023-11-24 01:46:06,SES04155160,SES04155160
8691,415,124,view,2023-11-24 02:15:46,SES04155160,SES04155160
8692,415,124,view,2023-11-24 02:43:52,SES04155160,SES04155160
8693,415,188,view,2023-11-24 03:09:20,SES04155160,SES04155160
8694,415,183,view,2023-11-24 03:33:45,SES04155160,SES04155160
8695,415,175,view,2023-11-24 03:47:22,SES04155160,SES04155160
8696,415,185,view,2023-11-24 04:11:00,SES04155160,SES04155160
8697,415,124,cart,2023-11-24 04:20:05,SES04155160,SES04155160
8698,415,185,cart,2023-11-24 04:32:12,SES04155160,SES04155160
8699,415,42,view,2023-06-04 00:14:18,SES04159045,SES04159045
8700,415,194,view,2023-06-04 00:21:19,SES04159045,SES04159045
8701,415,112,view,2023-06-04 00:23:52,SES04159045,SES04159045
8702,415,112,cart,2023-06-04 00:33:36,SES04159045,SES04159045
8703,416,180,view,2023-04-01 01:01:48,SES04169224,SES04169224
8704,416,21,view,2023-04-01 01:26:54,SES04169224,SES04169224
8705,416,55,view,2023-04-01 01:47:42,SES04169224,SES04169224
8706,416,180,cart,2023-04-01 01:53:15,SES04169224,SES04169224
8707,417,80,view,2023-03-27 20:36:10,SES04172305,SES04172305
8708,417,139,view,2023-03-27 20:53:49,SES04172305,SES04172305
8709,417,179,view,2023-03-27 21:08:07,SES04172305,SES04172305
8710,417,181,view,2023-03-27 21:23:11,SES04172305,SES04172305
8711,417,80,cart,2023-03-27 21:28:07,SES04172305,SES04172305
8712,418,86,view,2024-11-14 17:36:56,SES04189482,SES04189482
8713,418,150,view,2024-11-14 17:43:36,SES04189482,SES04189482
8714,418,123,view,2024-11-14 17:55:52,SES04189482,SES04189482
8715,418,175,view,2024-11-14 18:06:07,SES04189482,SES04189482
8716,419,179,view,2023-07-20 05:44:43,SES04195775,SES04195775
8717,419,168,view,2023-07-20 06:00:40,SES04195775,SES04195775
8718,419,51,view,2023-07-20 06:05:07,SES04195775,SES04195775
8719,419,168,cart,2023-07-20 06:27:39,SES04195775,SES04195775
8720,420,87,view,2023-12-13 12:26:43,SES04209903,SES04209903
8721,420,176,view,2023-12-13 12:48:44,SES04209903,SES04209903
8722,420,176,view,2023-12-13 13:18:05,SES04209903,SES04209903
8723,420,180,view,2023-12-13 13:44:15,SES04209903,SES04209903
8724,420,24,purchase,2023-12-13 13:53:14,SES04209903,SES04209903
8725,420,99,view,2024-12-18 23:27:23,SES04208470,SES04208470
8726,420,193,view,2024-12-18 23:54:30,SES04208470,SES04208470
8727,420,132,view,2024-12-19 00:04:28,SES04208470,SES04208470
8728,420,185,view,2024-12-19 00:26:35,SES04208470,SES04208470
8729,420,112,view,2024-12-19 00:39:17,SES04208470,SES04208470
8730,420,111,view,2024-12-19 00:43:48,SES04208470,SES04208470
8731,420,150,view,2024-12-19 01:03:41,SES04208470,SES04208470
8732,420,168,view,2024-12-19 01:11:34,SES04208470,SES04208470
8733,420,137,view,2024-12-19 01:26:08,SES04208470,SES04208470
8734,420,6,view,2024-12-19 01:51:22,SES04208470,SES04208470
8735,420,99,cart,2024-12-19 01:58:33,SES04208470,SES04208470
8736,420,132,cart,2024-12-19 02:06:56,SES04208470,SES04208470
8737,420,185,cart,2024-12-19 02:18:45,SES04208470,SES04208470
8738,420,111,cart,2024-12-19 02:28:50,SES04208470,SES04208470
8739,420,21,view,2023-11-24 23:48:23,SES04205284,SES04205284
8740,420,105,view,2023-11-24 23:55:23,SES04205284,SES04205284
8741,420,180,view,2023-11-25 00:14:45,SES04205284,SES04205284
8742,420,50,view,2023-11-25 00:30:27,SES04205284,SES04205284
8743,420,18,view,2023-11-25 00:43:57,SES04205284,SES04205284
8744,420,21,cart,2023-11-25 01:01:02,SES04205284,SES04205284
8745,420,50,cart,2023-11-25 01:14:04,SES04205284,SES04205284
8746,420,18,cart,2023-11-25 01:26:26,SES04205284,SES04205284
8747,420,116,view,2024-04-13 19:48:13,SES04206677,SES04206677
8748,420,120,view,2024-04-13 20:08:55,SES04206677,SES04206677
8749,420,113,view,2024-04-13 20:22:24,SES04206677,SES04206677
8750,421,68,view,2023-03-12 23:18:14,SES04217839,SES04217839
8751,421,20,view,2023-03-12 23:44:59,SES04217839,SES04217839
8752,421,175,view,2023-03-13 00:01:30,SES04217839,SES04217839
8753,421,73,view,2023-03-13 00:13:46,SES04217839,SES04217839
8754,421,177,view,2023-03-13 00:18:01,SES04217839,SES04217839
8755,421,2,view,2023-03-13 00:39:17,SES04217839,SES04217839
8756,421,124,view,2023-03-13 01:02:04,SES04217839,SES04217839
8757,421,177,cart,2023-03-13 01:07:20,SES04217839,SES04217839
8758,422,194,view,2023-03-21 22:49:44,SES04225106,SES04225106
8759,422,43,view,2023-03-21 23:15:14,SES04225106,SES04225106
8760,422,5,view,2023-03-21 23:26:46,SES04225106,SES04225106
8761,422,134,view,2023-03-21 23:52:27,SES04225106,SES04225106
8762,422,39,view,2023-03-22 00:05:31,SES04225106,SES04225106
8763,422,144,view,2023-03-22 00:07:56,SES04225106,SES04225106
8764,422,18,view,2023-03-22 00:28:26,SES04225106,SES04225106
8765,422,183,view,2023-03-22 00:47:15,SES04225106,SES04225106
8766,422,57,view,2023-03-22 01:02:52,SES04225106,SES04225106
8767,422,194,cart,2023-03-22 01:06:58,SES04225106,SES04225106
8768,422,43,cart,2023-03-22 01:16:32,SES04225106,SES04225106
8769,422,144,cart,2023-03-22 01:27:43,SES04225106,SES04225106
8770,422,57,cart,2023-03-22 01:44:34,SES04225106,SES04225106
8771,423,73,view,2023-02-18 18:41:25,SES04233825,SES04233825
8772,423,45,view,2023-02-18 18:45:13,SES04233825,SES04233825
8773,423,73,view,2023-02-18 19:12:58,SES04233825,SES04233825
8774,423,73,cart,2023-02-18 19:16:12,SES04233825,SES04233825
8775,423,45,cart,2023-02-18 19:32:27,SES04233825,SES04233825
8776,423,193,view,2024-04-12 09:20:05,SES04232441,SES04232441
8777,423,178,view,2024-04-12 09:32:53,SES04232441,SES04232441
8778,423,189,view,2024-04-12 10:02:31,SES04232441,SES04232441
8779,423,77,view,2024-04-12 10:11:59,SES04232441,SES04232441
8780,423,130,view,2024-04-12 10:30:48,SES04232441,SES04232441
8781,423,178,cart,2024-04-12 10:41:40,SES04232441,SES04232441
8782,423,130,cart,2024-04-12 10:49:26,SES04232441,SES04232441
8783,424,184,view,2024-01-10 08:13:20,SES04246452,SES04246452
8784,424,74,view,2024-01-10 08:26:04,SES04246452,SES04246452
8785,424,141,view,2024-01-10 08:33:28,SES04246452,SES04246452
8786,424,18,view,2024-01-10 08:41:42,SES04246452,SES04246452
8787,424,126,view,2024-01-10 08:42:53,SES04246452,SES04246452
8788,424,36,view,2023-08-09 02:19:50,SES04249311,SES04249311
8789,424,192,view,2023-08-09 02:30:36,SES04249311,SES04249311
8790,424,64,view,2023-08-09 02:31:55,SES04249311,SES04249311
8791,424,189,view,2023-08-09 02:33:02,SES04249311,SES04249311
8792,424,64,view,2023-08-09 02:41:26,SES04249311,SES04249311
8793,424,129,view,2023-08-09 03:10:22,SES04249311,SES04249311
8794,424,150,view,2023-08-09 03:32:34,SES04249311,SES04249311
8795,424,74,view,2023-08-09 03:35:24,SES04249311,SES04249311
8796,424,36,cart,2023-08-09 03:51:18,SES04249311,SES04249311
8797,424,129,cart,2023-08-09 04:05:28,SES04249311,SES04249311
8798,424,179,view,2023-02-10 19:41:37,SES04248467,SES04248467
8799,424,96,view,2023-02-10 19:50:27,SES04248467,SES04248467
8800,424,193,view,2023-02-10 20:13:11,SES04248467,SES04248467
8801,424,185,view,2023-02-10 20:42:11,SES04248467,SES04248467
8802,424,96,cart,2023-02-10 20:50:35,SES04248467,SES04248467
8803,424,185,cart,2023-02-10 21:05:07,SES04248467,SES04248467
8804,424,143,view,2023-02-13 06:15:36,SES04246937,SES04246937
8805,424,172,view,2023-02-13 06:22:40,SES04246937,SES04246937
8806,424,170,view,2023-02-13 06:48:52,SES04246937,SES04246937
8807,424,33,view,2023-02-13 07:02:04,SES04246937,SES04246937
8808,424,128,view,2023-02-13 07:17:04,SES04246937,SES04246937
8809,424,143,cart,2023-02-13 07:40:45,SES04246937,SES04246937
8810,424,33,cart,2023-02-13 07:51:20,SES04246937,SES04246937
8811,424,128,cart,2023-02-13 07:53:49,SES04246937,SES04246937
8812,425,116,view,2024-12-06 07:48:34,SES04251042,SES04251042
8813,425,185,view,2024-12-06 07:57:03,SES04251042,SES04251042
8814,425,199,view,2024-12-06 08:01:03,SES04251042,SES04251042
8815,425,136,view,2024-12-06 08:16:10,SES04251042,SES04251042
8816,425,185,cart,2024-12-06 08:19:24,SES04251042,SES04251042
8817,425,126,view,2023-03-20 04:15:14,SES04252398,SES04252398
8818,425,57,view,2023-03-20 04:31:48,SES04252398,SES04252398
8819,425,49,view,2023-03-20 04:45:56,SES04252398,SES04252398
8820,425,49,view,2023-03-20 04:50:34,SES04252398,SES04252398
8821,425,185,view,2023-03-20 05:00:19,SES04252398,SES04252398
8822,425,57,view,2023-03-20 05:11:20,SES04252398,SES04252398
8823,425,96,view,2023-03-20 05:36:18,SES04252398,SES04252398
8824,425,154,view,2023-03-20 05:37:33,SES04252398,SES04252398
8825,425,49,cart,2023-03-20 05:46:10,SES04252398,SES04252398
8826,425,49,cart,2023-03-20 05:54:14,SES04252398,SES04252398
8827,425,185,cart,2023-03-20 05:57:43,SES04252398,SES04252398
8828,426,172,view,2023-07-10 09:24:35,SES04262270,SES04262270
8829,426,23,view,2023-07-10 09:31:24,SES04262270,SES04262270
8830,426,45,view,2023-07-10 09:44:41,SES04262270,SES04262270
8831,426,33,view,2023-07-10 10:04:11,SES04262270,SES04262270
8832,426,112,view,2023-07-10 10:23:43,SES04262270,SES04262270
8833,426,112,cart,2023-07-10 10:44:47,SES04262270,SES04262270
8834,426,102,view,2023-12-09 05:54:27,SES04264566,SES04264566
8835,426,180,view,2023-12-09 06:02:26,SES04264566,SES04264566
8836,426,157,view,2023-12-09 06:11:40,SES04264566,SES04264566
8837,426,89,view,2023-12-09 06:41:38,SES04264566,SES04264566
8838,426,161,view,2023-12-09 07:09:42,SES04264566,SES04264566
8839,426,38,view,2023-12-09 07:33:10,SES04264566,SES04264566
8840,426,89,cart,2023-12-09 08:01:27,SES04264566,SES04264566
8841,427,145,view,2023-04-01 11:29:37,SES04274519,SES04274519
8842,427,11,view,2023-04-01 11:33:59,SES04274519,SES04274519
8843,427,150,view,2023-04-01 11:43:22,SES04274519,SES04274519
8844,427,44,view,2023-04-01 11:51:52,SES04274519,SES04274519
8845,427,78,view,2023-04-01 12:08:16,SES04274519,SES04274519
8846,427,42,view,2023-04-01 12:15:41,SES04274519,SES04274519
8847,427,57,view,2023-04-01 12:37:39,SES04274519,SES04274519
8848,427,185,view,2023-07-24 10:42:28,SES04275322,SES04275322
8849,427,95,view,2023-07-24 11:04:02,SES04275322,SES04275322
8850,427,77,view,2023-07-24 11:07:40,SES04275322,SES04275322
8851,427,185,cart,2023-07-24 11:20:53,SES04275322,SES04275322
8852,427,95,cart,2023-07-24 11:35:58,SES04275322,SES04275322
8853,427,77,cart,2023-07-24 11:44:17,SES04275322,SES04275322
8854,427,96,view,2024-08-06 09:33:16,SES04275673,SES04275673
8855,427,78,view,2024-08-06 09:53:48,SES04275673,SES04275673
8856,427,188,view,2024-08-06 09:54:34,SES04275673,SES04275673
8857,427,180,view,2024-08-06 10:17:16,SES04275673,SES04275673
8858,427,150,view,2024-08-06 10:34:01,SES04275673,SES04275673
8859,427,188,cart,2024-08-06 10:56:02,SES04275673,SES04275673
8860,427,180,cart,2024-08-06 11:07:47,SES04275673,SES04275673
8861,428,141,view,2023-12-12 05:40:07,SES04283802,SES04283802
8862,428,170,view,2023-12-12 05:44:57,SES04283802,SES04283802
8863,428,64,view,2023-12-12 06:04:13,SES04283802,SES04283802
8864,428,170,cart,2023-12-12 06:24:47,SES04283802,SES04283802
8865,428,64,cart,2023-12-12 06:28:06,SES04283802,SES04283802
8866,428,169,view,2023-08-06 10:05:01,SES04283141,SES04283141
8867,428,186,view,2023-08-06 10:23:11,SES04283141,SES04283141
8868,428,40,view,2023-08-06 10:50:58,SES04283141,SES04283141
8869,429,53,view,2024-11-07 05:27:50,SES04296455,SES04296455
8870,429,176,view,2024-11-07 05:44:37,SES04296455,SES04296455
8871,429,70,view,2024-11-07 06:10:23,SES04296455,SES04296455
8872,429,176,cart,2024-11-07 06:24:44,SES04296455,SES04296455
8873,429,68,view,2024-03-02 12:34:20,SES04299039,SES04299039
8874,429,5,view,2024-03-02 12:45:47,SES04299039,SES04299039
8875,429,115,view,2024-03-02 13:03:19,SES04299039,SES04299039
8876,429,200,view,2024-03-02 13:32:00,SES04299039,SES04299039
8877,429,169,view,2024-03-02 13:34:04,SES04299039,SES04299039
8878,429,5,cart,2024-03-02 13:44:16,SES04299039,SES04299039
8879,429,115,cart,2024-03-02 14:00:49,SES04299039,SES04299039
8880,430,167,view,2024-12-19 08:58:07,SES04308482,SES04308482
8881,430,27,view,2024-12-19 09:05:37,SES04308482,SES04308482
8882,430,198,view,2024-12-19 09:14:54,SES04308482,SES04308482
8883,430,183,view,2024-12-19 09:42:35,SES04308482,SES04308482
8884,430,167,cart,2024-12-19 10:04:22,SES04308482,SES04308482
8885,430,27,cart,2024-12-19 10:16:30,SES04308482,SES04308482
8886,431,64,view,2024-04-17 08:33:44,SES04313391,SES04313391
8887,431,53,view,2024-04-17 09:01:24,SES04313391,SES04313391
8888,431,34,view,2024-04-17 09:14:32,SES04313391,SES04313391
8889,431,126,view,2024-04-17 09:29:33,SES04313391,SES04313391
8890,431,150,view,2024-04-17 09:40:01,SES04313391,SES04313391
8891,431,98,view,2024-04-17 10:09:21,SES04313391,SES04313391
8892,432,16,view,2024-02-15 21:55:41,SES04328944,SES04328944
8893,432,107,view,2024-02-15 22:02:49,SES04328944,SES04328944
8894,432,21,view,2024-02-15 22:13:42,SES04328944,SES04328944
8895,432,172,view,2024-02-15 22:18:40,SES04328944,SES04328944
8896,432,160,view,2024-02-15 22:37:39,SES04328944,SES04328944
8897,432,152,view,2024-02-15 22:52:05,SES04328944,SES04328944
8898,432,188,view,2024-02-15 22:58:37,SES04328944,SES04328944
8899,432,54,view,2024-02-15 22:59:32,SES04328944,SES04328944
8900,432,45,view,2024-02-15 23:10:05,SES04328944,SES04328944
8901,432,91,view,2024-02-15 23:29:15,SES04328944,SES04328944
8902,432,188,cart,2024-02-15 23:40:49,SES04328944,SES04328944
8903,432,45,cart,2024-02-15 23:49:31,SES04328944,SES04328944
8904,432,91,cart,2024-02-15 23:56:39,SES04328944,SES04328944
8905,432,135,view,2023-03-04 22:33:48,SES04325979,SES04325979
8906,432,131,view,2023-03-04 22:48:23,SES04325979,SES04325979
8907,432,183,view,2023-03-04 22:55:50,SES04325979,SES04325979
8908,432,136,view,2023-03-04 23:15:40,SES04325979,SES04325979
8909,432,157,view,2023-03-04 23:28:42,SES04325979,SES04325979
8910,432,87,view,2023-03-04 23:45:26,SES04325979,SES04325979
8911,432,145,view,2023-03-04 23:54:13,SES04325979,SES04325979
8912,432,76,view,2023-03-04 23:57:25,SES04325979,SES04325979
8913,432,131,cart,2023-03-05 00:21:13,SES04325979,SES04325979
8914,432,136,cart,2023-03-05 00:21:54,SES04325979,SES04325979
8915,432,157,cart,2023-03-05 00:29:37,SES04325979,SES04325979
8916,432,194,view,2024-04-08 05:24:22,SES04323968,SES04323968
8917,432,126,view,2024-04-08 05:43:50,SES04323968,SES04323968
8918,432,158,view,2024-04-08 05:58:45,SES04323968,SES04323968
8919,432,21,view,2024-04-08 06:18:34,SES04323968,SES04323968
8920,432,116,view,2024-04-08 06:28:53,SES04323968,SES04323968
8921,432,137,view,2024-04-08 06:39:04,SES04323968,SES04323968
8922,432,113,view,2024-04-08 07:08:48,SES04323968,SES04323968
8923,433,135,view,2024-08-18 19:13:01,SES04337015,SES04337015
8924,433,16,view,2024-08-18 19:25:23,SES04337015,SES04337015
8925,433,14,view,2024-08-18 19:41:54,SES04337015,SES04337015
8926,433,180,view,2024-08-18 20:00:13,SES04337015,SES04337015
8927,433,11,view,2024-08-18 20:21:27,SES04337015,SES04337015
8928,433,3,view,2024-08-18 20:27:35,SES04337015,SES04337015
8929,433,130,view,2024-08-18 20:56:44,SES04337015,SES04337015
8930,433,135,cart,2024-08-18 21:23:39,SES04337015,SES04337015
8931,433,180,cart,2024-08-18 21:38:48,SES04337015,SES04337015
8932,433,3,cart,2024-08-18 21:43:32,SES04337015,SES04337015
8933,433,18,view,2023-01-21 13:17:01,SES04336685,SES04336685
8934,433,101,view,2023-01-21 13:35:57,SES04336685,SES04336685
8935,433,18,view,2023-01-21 13:47:25,SES04336685,SES04336685
8936,433,25,view,2023-01-21 13:48:32,SES04336685,SES04336685
8937,433,101,cart,2023-01-21 14:12:47,SES04336685,SES04336685
8938,433,131,view,2024-04-12 22:22:45,SES04339172,SES04339172
8939,433,21,view,2024-04-12 22:33:07,SES04339172,SES04339172
8940,433,83,view,2024-04-12 22:59:43,SES04339172,SES04339172
8941,433,176,view,2024-04-12 23:28:40,SES04339172,SES04339172
8942,433,96,view,2024-04-12 23:36:47,SES04339172,SES04339172
8943,433,158,view,2024-04-12 23:50:59,SES04339172,SES04339172
8944,433,158,cart,2024-04-13 00:06:34,SES04339172,SES04339172
8945,434,7,view,2023-03-20 14:02:40,SES04344904,SES04344904
8946,434,137,view,2023-03-20 14:24:23,SES04344904,SES04344904
8947,434,119,view,2023-03-20 14:34:36,SES04344904,SES04344904
8948,434,106,view,2023-03-20 15:02:11,SES04344904,SES04344904
8949,434,95,view,2023-03-20 15:18:47,SES04344904,SES04344904
8950,434,58,view,2023-03-20 15:21:52,SES04344904,SES04344904
8951,434,119,cart,2023-03-20 15:44:15,SES04344904,SES04344904
8952,434,96,view,2024-01-10 04:16:24,SES04349937,SES04349937
8953,434,151,view,2024-01-10 04:31:36,SES04349937,SES04349937
8954,434,195,view,2024-01-10 04:37:36,SES04349937,SES04349937
8955,434,18,view,2024-01-10 04:45:45,SES04349937,SES04349937
8956,434,180,view,2024-01-10 05:12:03,SES04349937,SES04349937
8957,434,191,view,2024-01-10 05:28:41,SES04349937,SES04349937
8958,434,171,view,2024-01-10 05:52:44,SES04349937,SES04349937
8959,434,77,view,2024-01-10 06:06:16,SES04349937,SES04349937
8960,434,99,view,2024-01-10 06:26:25,SES04349937,SES04349937
8961,434,91,view,2024-01-10 06:50:30,SES04349937,SES04349937
8962,434,151,cart,2024-01-10 06:53:41,SES04349937,SES04349937
8963,434,191,cart,2024-01-10 07:10:56,SES04349937,SES04349937
8964,434,99,cart,2024-01-10 07:17:21,SES04349937,SES04349937
8965,434,35,view,2024-04-06 20:47:59,SES04345926,SES04345926
8966,434,27,view,2024-04-06 20:54:57,SES04345926,SES04345926
8967,434,78,view,2024-04-06 21:12:40,SES04345926,SES04345926
8968,434,124,view,2024-04-06 21:39:17,SES04345926,SES04345926
8969,434,175,view,2024-04-06 22:06:38,SES04345926,SES04345926
8970,434,103,view,2024-04-06 22:08:39,SES04345926,SES04345926
8971,434,166,view,2024-04-06 22:35:44,SES04345926,SES04345926
8972,434,172,view,2024-04-06 22:47:49,SES04345926,SES04345926
8973,434,27,cart,2024-04-06 23:00:14,SES04345926,SES04345926
8974,434,78,cart,2024-04-06 23:06:25,SES04345926,SES04345926
8975,434,124,cart,2024-04-06 23:17:16,SES04345926,SES04345926
8976,434,175,cart,2024-04-06 23:26:28,SES04345926,SES04345926
8977,434,166,cart,2024-04-06 23:34:06,SES04345926,SES04345926
8978,434,97,view,2023-03-09 11:48:03,SES04342076,SES04342076
8979,434,54,view,2023-03-09 12:02:09,SES04342076,SES04342076
8980,434,51,view,2023-03-09 12:25:13,SES04342076,SES04342076
8981,434,13,view,2023-03-09 12:38:07,SES04342076,SES04342076
8982,434,169,view,2023-03-09 12:43:45,SES04342076,SES04342076
8983,434,94,view,2023-03-09 13:09:32,SES04342076,SES04342076
8984,434,116,view,2023-03-09 13:27:59,SES04342076,SES04342076
8985,434,180,view,2023-03-09 13:35:19,SES04342076,SES04342076
8986,434,126,view,2023-03-09 13:41:13,SES04342076,SES04342076
8987,434,198,view,2023-03-09 13:54:09,SES04342076,SES04342076
8988,434,51,cart,2023-03-09 13:57:15,SES04342076,SES04342076
8989,434,94,cart,2023-03-09 14:03:41,SES04342076,SES04342076
8990,434,180,cart,2023-03-09 14:18:06,SES04342076,SES04342076
8991,434,198,cart,2023-03-09 14:35:01,SES04342076,SES04342076
8992,435,141,view,2023-09-07 06:41:49,SES04352347,SES04352347
8993,435,185,view,2023-09-07 06:48:57,SES04352347,SES04352347
8994,435,16,view,2023-09-07 06:57:39,SES04352347,SES04352347
8995,435,74,view,2023-09-07 07:27:35,SES04352347,SES04352347
8996,435,186,view,2023-09-07 07:49:26,SES04352347,SES04352347
8997,435,16,cart,2023-09-07 08:03:53,SES04352347,SES04352347
8998,436,74,view,2023-03-11 12:18:44,SES04364808,SES04364808
8999,436,92,view,2023-03-11 12:25:01,SES04364808,SES04364808
9000,436,193,view,2023-03-11 12:28:44,SES04364808,SES04364808
9001,436,190,view,2023-03-11 12:44:18,SES04364808,SES04364808
9002,436,124,view,2023-03-11 13:00:52,SES04364808,SES04364808
9003,436,105,view,2023-03-11 13:28:54,SES04364808,SES04364808
9004,436,193,cart,2023-03-11 13:36:28,SES04364808,SES04364808
9005,436,190,cart,2023-03-11 13:44:17,SES04364808,SES04364808
9006,436,156,view,2023-07-13 12:12:41,SES04369534,SES04369534
9007,436,49,view,2023-07-13 12:36:15,SES04369534,SES04369534
9008,436,34,view,2023-07-13 12:38:13,SES04369534,SES04369534
9009,436,23,view,2023-07-13 12:38:54,SES04369534,SES04369534
9010,436,164,view,2023-07-13 12:54:33,SES04369534,SES04369534
9011,436,124,view,2023-07-13 13:20:43,SES04369534,SES04369534
9012,436,164,cart,2023-07-13 13:23:46,SES04369534,SES04369534
9013,437,68,view,2023-03-18 17:12:56,SES04377024,SES04377024
9014,437,178,view,2023-03-18 17:21:21,SES04377024,SES04377024
9015,437,20,view,2023-03-18 17:42:27,SES04377024,SES04377024
9016,437,126,view,2023-03-18 17:53:06,SES04377024,SES04377024
9017,437,19,view,2023-03-18 18:04:27,SES04377024,SES04377024
9018,437,185,view,2023-03-18 18:18:58,SES04377024,SES04377024
9019,437,126,cart,2023-03-18 18:32:25,SES04377024,SES04377024
9020,437,19,cart,2023-03-18 18:34:49,SES04377024,SES04377024
9021,437,31,view,2024-01-12 22:30:44,SES04373233,SES04373233
9022,437,197,view,2024-01-12 22:36:24,SES04373233,SES04373233
9023,437,99,view,2024-01-12 23:06:14,SES04373233,SES04373233
9024,437,87,view,2024-01-12 23:08:14,SES04373233,SES04373233
9025,437,197,view,2024-01-12 23:12:40,SES04373233,SES04373233
9026,437,172,view,2024-01-12 23:21:52,SES04373233,SES04373233
9027,437,156,view,2024-01-12 23:27:42,SES04373233,SES04373233
9028,437,197,cart,2024-01-12 23:35:06,SES04373233,SES04373233
9029,437,156,cart,2024-01-12 23:49:37,SES04373233,SES04373233
9030,438,18,view,2024-11-21 23:10:58,SES04382384,SES04382384
9031,438,74,view,2024-11-21 23:24:33,SES04382384,SES04382384
9032,438,193,view,2024-11-21 23:49:59,SES04382384,SES04382384
9033,438,135,view,2024-11-22 00:15:14,SES04382384,SES04382384
9034,438,158,view,2024-06-05 01:40:45,SES04388719,SES04388719
9035,438,22,view,2024-06-05 02:06:43,SES04388719,SES04388719
9036,438,187,view,2024-06-05 02:14:32,SES04388719,SES04388719
9037,438,175,view,2024-06-05 02:16:19,SES04388719,SES04388719
9038,438,22,cart,2024-06-05 02:18:06,SES04388719,SES04388719
9039,438,175,cart,2024-06-05 02:19:19,SES04388719,SES04388719
9040,438,183,view,2023-09-10 18:21:52,SES04384046,SES04384046
9041,438,119,view,2023-09-10 18:27:48,SES04384046,SES04384046
9042,438,91,view,2023-09-10 18:41:54,SES04384046,SES04384046
9043,438,77,view,2023-09-10 19:03:16,SES04384046,SES04384046
9044,438,7,view,2023-09-10 19:19:25,SES04384046,SES04384046
9045,438,124,view,2023-09-10 19:44:18,SES04384046,SES04384046
9046,438,131,view,2023-09-10 20:11:32,SES04384046,SES04384046
9047,438,50,view,2023-09-10 20:33:50,SES04384046,SES04384046
9048,438,150,view,2023-09-10 20:34:40,SES04384046,SES04384046
9049,438,183,cart,2023-09-10 20:45:17,SES04384046,SES04384046
9050,439,124,view,2024-11-10 06:36:22,SES04398751,SES04398751
9051,439,24,view,2024-11-10 06:56:15,SES04398751,SES04398751
9052,439,95,view,2024-11-10 07:05:32,SES04398751,SES04398751
9053,439,164,view,2024-11-10 07:26:14,SES04398751,SES04398751
9054,439,40,view,2024-11-10 07:34:27,SES04398751,SES04398751
9055,439,35,view,2024-04-18 21:07:35,SES04399344,SES04399344
9056,439,51,view,2024-04-18 21:31:39,SES04399344,SES04399344
9057,439,155,view,2024-04-18 21:40:26,SES04399344,SES04399344
9058,439,148,view,2024-04-18 22:04:14,SES04399344,SES04399344
9059,439,139,view,2024-04-18 22:24:27,SES04399344,SES04399344
9060,439,137,view,2024-04-03 22:16:11,SES04396085,SES04396085
9061,439,106,view,2024-04-03 22:24:19,SES04396085,SES04396085
9062,439,136,view,2024-04-03 22:36:05,SES04396085,SES04396085
9063,439,130,view,2024-04-03 22:38:19,SES04396085,SES04396085
9064,439,137,cart,2024-04-03 22:40:48,SES04396085,SES04396085
9065,439,136,cart,2024-04-03 22:43:39,SES04396085,SES04396085
9066,439,74,view,2023-09-25 04:13:46,SES04395614,SES04395614
9067,439,83,view,2023-09-25 04:20:28,SES04395614,SES04395614
9068,439,188,view,2023-09-25 04:26:09,SES04395614,SES04395614
9069,439,140,view,2023-09-25 04:55:05,SES04395614,SES04395614
9070,439,36,view,2023-09-25 05:19:55,SES04395614,SES04395614
9071,439,76,view,2023-09-25 05:43:52,SES04395614,SES04395614
9072,439,126,view,2023-09-25 05:57:26,SES04395614,SES04395614
9073,439,28,view,2023-09-25 06:23:21,SES04395614,SES04395614
9074,439,140,cart,2023-09-25 06:30:21,SES04395614,SES04395614
9075,439,126,cart,2023-09-25 06:37:49,SES04395614,SES04395614
9076,440,164,view,2023-12-19 03:52:38,SES04406630,SES04406630
9077,440,168,view,2023-12-19 04:20:39,SES04406630,SES04406630
9078,440,128,view,2023-12-19 04:36:27,SES04406630,SES04406630
9079,440,45,view,2023-12-19 04:57:09,SES04406630,SES04406630
9080,440,83,view,2024-06-18 20:20:21,SES04401215,SES04401215
9081,440,88,view,2024-06-18 20:23:42,SES04401215,SES04401215
9082,440,31,view,2024-06-18 20:26:51,SES04401215,SES04401215
9083,440,180,view,2024-03-23 12:59:10,SES04407667,SES04407667
9084,440,42,view,2024-03-23 13:02:12,SES04407667,SES04407667
9085,440,53,view,2024-03-23 13:27:41,SES04407667,SES04407667
9086,440,114,view,2024-03-23 13:36:10,SES04407667,SES04407667
9087,440,31,view,2024-03-23 13:54:29,SES04407667,SES04407667
9088,440,184,view,2024-03-23 14:05:10,SES04407667,SES04407667
9089,440,64,view,2024-03-23 14:24:53,SES04407667,SES04407667
9090,440,82,view,2024-03-23 14:27:32,SES04407667,SES04407667
9091,440,180,view,2024-03-23 14:35:46,SES04407667,SES04407667
9092,440,197,view,2024-03-23 14:58:24,SES04407667,SES04407667
9093,440,180,cart,2024-03-23 15:06:11,SES04407667,SES04407667
9094,440,114,cart,2024-03-23 15:23:29,SES04407667,SES04407667
9095,440,31,cart,2024-03-23 15:29:15,SES04407667,SES04407667
9096,440,184,cart,2024-03-23 15:31:36,SES04407667,SES04407667
9097,440,64,cart,2024-03-23 15:33:34,SES04407667,SES04407667
9098,440,7,view,2023-12-02 17:36:33,SES04406863,SES04406863
9099,440,126,view,2023-12-02 17:58:14,SES04406863,SES04406863
9100,440,37,view,2023-12-02 18:25:58,SES04406863,SES04406863
9101,440,188,view,2023-12-02 18:52:21,SES04406863,SES04406863
9102,440,37,view,2023-12-02 19:16:45,SES04406863,SES04406863
9103,440,13,view,2023-12-02 19:29:53,SES04406863,SES04406863
9104,440,126,cart,2023-12-02 19:57:24,SES04406863,SES04406863
9105,441,144,view,2024-05-15 09:03:43,SES04413697,SES04413697
9106,441,131,view,2024-05-15 09:18:27,SES04413697,SES04413697
9107,441,197,view,2024-05-15 09:25:33,SES04413697,SES04413697
9108,441,144,cart,2024-05-15 09:46:28,SES04413697,SES04413697
9109,441,197,cart,2024-05-15 09:58:39,SES04413697,SES04413697
9110,441,16,view,2023-11-03 06:23:21,SES04411298,SES04411298
9111,441,39,view,2023-11-03 06:35:22,SES04411298,SES04411298
9112,441,51,view,2023-11-03 06:53:04,SES04411298,SES04411298
9113,441,150,view,2023-11-03 07:07:20,SES04411298,SES04411298
9114,441,46,view,2023-11-03 07:20:28,SES04411298,SES04411298
9115,441,158,view,2023-11-03 07:39:44,SES04411298,SES04411298
9116,441,16,cart,2023-11-03 08:07:15,SES04411298,SES04411298
9117,441,39,cart,2023-11-03 08:18:38,SES04411298,SES04411298
9118,441,150,cart,2023-11-03 08:23:46,SES04411298,SES04411298
9119,441,46,cart,2023-11-03 08:38:19,SES04411298,SES04411298
9120,441,158,cart,2023-11-03 08:55:30,SES04411298,SES04411298
9121,442,89,view,2024-01-12 10:14:10,SES04423958,SES04423958
9122,442,195,view,2024-01-12 10:37:39,SES04423958,SES04423958
9123,442,158,view,2024-01-12 11:04:20,SES04423958,SES04423958
9124,442,141,view,2024-01-12 11:29:37,SES04423958,SES04423958
9125,442,195,cart,2024-01-12 11:56:04,SES04423958,SES04423958
9126,442,36,view,2023-01-24 12:03:29,SES04427019,SES04427019
9127,442,125,view,2023-01-24 12:32:04,SES04427019,SES04427019
9128,442,66,view,2023-01-24 12:37:04,SES04427019,SES04427019
9129,442,128,view,2023-01-24 12:59:05,SES04427019,SES04427019
9130,442,46,view,2023-01-24 13:15:20,SES04427019,SES04427019
9131,442,67,view,2024-01-25 23:11:33,SES04422604,SES04422604
9132,442,73,view,2024-01-25 23:37:40,SES04422604,SES04422604
9133,442,45,view,2024-01-26 00:00:46,SES04422604,SES04422604
9134,442,74,view,2024-01-26 00:14:04,SES04422604,SES04422604
9135,442,143,view,2024-01-26 00:37:49,SES04422604,SES04422604
9136,442,161,view,2024-01-26 01:06:56,SES04422604,SES04422604
9137,442,96,view,2024-01-26 01:26:43,SES04422604,SES04422604
9138,442,192,view,2024-01-26 01:27:51,SES04422604,SES04422604
9139,442,73,cart,2024-01-26 01:47:12,SES04422604,SES04422604
9140,442,45,cart,2024-01-26 01:48:43,SES04422604,SES04422604
9141,442,74,cart,2024-01-26 02:00:38,SES04422604,SES04422604
9142,442,108,view,2024-12-19 19:14:38,SES04421076,SES04421076
9143,442,125,view,2024-12-19 19:40:38,SES04421076,SES04421076
9144,442,176,view,2024-12-19 19:46:15,SES04421076,SES04421076
9145,442,15,view,2024-12-19 20:11:05,SES04421076,SES04421076
9146,442,63,view,2024-12-19 20:28:02,SES04421076,SES04421076
9147,442,84,view,2024-12-19 20:41:47,SES04421076,SES04421076
9148,442,24,view,2024-12-19 20:50:41,SES04421076,SES04421076
9149,442,77,view,2024-12-19 20:52:35,SES04421076,SES04421076
9150,442,131,view,2024-12-19 20:56:16,SES04421076,SES04421076
9151,442,160,view,2024-12-19 21:05:54,SES04421076,SES04421076
9152,442,108,cart,2024-12-19 21:34:57,SES04421076,SES04421076
9153,443,137,view,2023-08-15 20:49:37,SES04433192,SES04433192
9154,443,90,view,2023-08-15 21:10:02,SES04433192,SES04433192
9155,443,119,view,2023-08-15 21:19:42,SES04433192,SES04433192
9156,443,90,cart,2023-08-15 21:34:20,SES04433192,SES04433192
9157,443,119,cart,2023-08-15 21:45:47,SES04433192,SES04433192
9158,443,164,view,2023-07-10 03:57:20,SES04436076,SES04436076
9159,443,183,view,2023-07-10 04:09:06,SES04436076,SES04436076
9160,443,70,view,2023-07-10 04:33:51,SES04436076,SES04436076
9161,443,107,view,2023-07-10 04:47:53,SES04436076,SES04436076
9162,443,191,view,2023-07-10 04:51:29,SES04436076,SES04436076
9163,443,183,cart,2023-07-10 05:01:58,SES04436076,SES04436076
9164,444,142,view,2023-10-13 09:15:25,SES04444374,SES04444374
9165,444,152,view,2023-10-13 09:31:14,SES04444374,SES04444374
9166,444,23,view,2023-10-13 09:49:07,SES04444374,SES04444374
9167,444,91,view,2023-10-13 10:00:38,SES04444374,SES04444374
9168,444,23,cart,2023-10-13 10:27:04,SES04444374,SES04444374
9169,444,42,view,2024-03-21 07:17:46,SES04449972,SES04449972
9170,444,21,view,2024-03-21 07:45:50,SES04449972,SES04449972
9171,444,31,view,2024-03-21 08:01:49,SES04449972,SES04449972
9172,444,21,view,2024-03-21 08:22:49,SES04449972,SES04449972
9173,444,40,view,2024-03-21 08:46:30,SES04449972,SES04449972
9174,444,188,view,2024-03-21 09:03:54,SES04449972,SES04449972
9175,444,42,cart,2024-03-21 09:27:14,SES04449972,SES04449972
9176,444,21,cart,2024-03-21 09:41:58,SES04449972,SES04449972
9177,444,31,cart,2024-03-21 09:50:42,SES04449972,SES04449972
9178,444,21,cart,2024-03-21 10:03:29,SES04449972,SES04449972
9179,444,182,view,2024-10-04 18:55:51,SES04446133,SES04446133
9180,444,45,view,2024-10-04 19:12:17,SES04446133,SES04446133
9181,444,113,view,2024-10-04 19:20:37,SES04446133,SES04446133
9182,444,45,view,2024-10-04 19:44:08,SES04446133,SES04446133
9183,444,18,view,2024-10-04 20:06:46,SES04446133,SES04446133
9184,444,61,view,2024-10-04 20:22:20,SES04446133,SES04446133
9185,444,171,view,2024-10-04 20:23:40,SES04446133,SES04446133
9186,444,18,cart,2024-10-04 20:38:55,SES04446133,SES04446133
9187,444,61,cart,2024-10-04 20:42:21,SES04446133,SES04446133
9188,444,137,view,2023-09-06 12:39:56,SES04446072,SES04446072
9189,444,174,view,2023-09-06 12:53:21,SES04446072,SES04446072
9190,444,143,view,2023-09-06 13:12:21,SES04446072,SES04446072
9191,444,90,view,2023-09-06 13:40:03,SES04446072,SES04446072
9192,444,174,cart,2023-09-06 13:40:42,SES04446072,SES04446072
9193,444,90,cart,2023-09-06 13:54:25,SES04446072,SES04446072
9194,445,175,view,2023-09-17 13:44:15,SES04459572,SES04459572
9195,445,70,view,2023-09-17 14:10:32,SES04459572,SES04459572
9196,445,158,view,2023-09-17 14:12:31,SES04459572,SES04459572
9197,445,78,view,2023-09-17 14:18:11,SES04459572,SES04459572
9198,445,128,view,2023-09-17 14:45:03,SES04459572,SES04459572
9199,445,192,view,2023-09-17 14:46:15,SES04459572,SES04459572
9200,446,143,view,2023-01-15 16:12:26,SES04465562,SES04465562
9201,446,124,view,2023-01-15 16:21:44,SES04465562,SES04465562
9202,446,185,view,2023-01-15 16:42:28,SES04465562,SES04465562
9203,446,185,view,2023-01-15 17:03:00,SES04465562,SES04465562
9204,446,135,view,2023-01-15 17:12:14,SES04465562,SES04465562
9205,446,124,cart,2023-01-15 17:41:30,SES04465562,SES04465562
9206,446,185,cart,2023-01-15 17:50:38,SES04465562,SES04465562
9207,446,135,cart,2023-01-15 18:01:46,SES04465562,SES04465562
9208,446,57,view,2024-11-01 17:49:51,SES04461293,SES04461293
9209,446,117,view,2024-11-01 18:09:09,SES04461293,SES04461293
9210,446,5,view,2024-11-01 18:27:13,SES04461293,SES04461293
9211,446,149,view,2024-11-01 18:43:35,SES04461293,SES04461293
9212,446,5,view,2024-11-01 18:56:34,SES04461293,SES04461293
9213,446,117,cart,2024-11-01 19:11:20,SES04461293,SES04461293
9214,446,5,cart,2024-11-01 19:12:01,SES04461293,SES04461293
9215,446,136,view,2023-12-05 16:35:06,SES04463965,SES04463965
9216,446,48,view,2023-12-05 16:40:35,SES04463965,SES04463965
9217,446,193,view,2023-12-05 16:45:24,SES04463965,SES04463965
9218,446,172,view,2023-12-05 16:54:58,SES04463965,SES04463965
9219,446,172,view,2023-12-05 16:59:38,SES04463965,SES04463965
9220,446,166,view,2023-12-05 17:02:20,SES04463965,SES04463965
9221,446,185,view,2023-12-05 17:25:33,SES04463965,SES04463965
9222,446,155,view,2023-12-05 17:37:41,SES04463965,SES04463965
9223,446,36,view,2023-12-05 17:39:59,SES04463965,SES04463965
9224,446,193,cart,2023-12-05 17:46:53,SES04463965,SES04463965
9225,447,21,view,2024-03-14 12:07:38,SES04473079,SES04473079
9226,447,115,view,2024-03-14 12:28:36,SES04473079,SES04473079
9227,447,22,view,2024-03-14 12:50:14,SES04473079,SES04473079
9228,447,115,view,2024-03-14 13:10:51,SES04473079,SES04473079
9229,447,45,view,2024-03-14 13:16:42,SES04473079,SES04473079
9230,447,189,view,2024-03-14 13:40:13,SES04473079,SES04473079
9231,447,185,view,2024-03-14 13:50:57,SES04473079,SES04473079
9232,447,56,view,2024-03-14 14:02:03,SES04473079,SES04473079
9233,447,52,view,2024-03-14 14:11:32,SES04473079,SES04473079
9234,447,189,view,2024-03-14 14:25:15,SES04473079,SES04473079
9235,447,21,cart,2024-03-14 14:30:24,SES04473079,SES04473079
9236,447,115,cart,2024-03-14 14:46:48,SES04473079,SES04473079
9237,447,22,cart,2024-03-14 14:58:51,SES04473079,SES04473079
9238,447,52,cart,2024-03-14 15:10:07,SES04473079,SES04473079
9239,447,189,cart,2024-03-14 15:25:41,SES04473079,SES04473079
9240,447,176,view,2024-07-21 01:33:13,SES04474577,SES04474577
9241,447,176,view,2024-07-21 01:41:03,SES04474577,SES04474577
9242,447,35,view,2024-07-21 02:00:27,SES04474577,SES04474577
9243,447,16,view,2024-07-21 02:14:25,SES04474577,SES04474577
9244,447,185,view,2024-07-21 02:22:10,SES04474577,SES04474577
9245,447,199,view,2024-07-21 02:35:32,SES04474577,SES04474577
9246,447,17,view,2024-07-21 02:55:40,SES04474577,SES04474577
9247,447,143,view,2024-07-21 03:10:28,SES04474577,SES04474577
9248,447,175,view,2024-07-21 03:21:45,SES04474577,SES04474577
9249,447,167,view,2024-07-21 03:37:17,SES04474577,SES04474577
9250,447,35,cart,2024-07-21 03:54:59,SES04474577,SES04474577
9251,447,17,cart,2024-07-21 04:04:15,SES04474577,SES04474577
9252,447,143,cart,2024-07-21 04:21:44,SES04474577,SES04474577
9253,447,18,purchase,2024-07-21 02:30:52,SES04474577,SES04474577
9254,447,83,purchase,2024-07-21 03:23:20,SES04474577,SES04474577
9255,448,193,view,2024-04-22 14:24:48,SES04481917,SES04481917
9256,448,40,view,2024-04-22 14:28:55,SES04481917,SES04481917
9257,448,190,view,2024-04-22 14:51:22,SES04481917,SES04481917
9258,448,182,view,2024-04-22 15:18:28,SES04481917,SES04481917
9259,448,40,cart,2024-04-22 15:32:38,SES04481917,SES04481917
9260,448,96,view,2024-03-22 04:48:29,SES04486786,SES04486786
9261,448,180,view,2024-03-22 05:13:29,SES04486786,SES04486786
9262,448,155,view,2024-03-22 05:14:45,SES04486786,SES04486786
9263,448,183,view,2024-03-22 05:18:39,SES04486786,SES04486786
9264,448,100,view,2024-03-22 05:28:42,SES04486786,SES04486786
9265,448,17,view,2024-03-22 05:39:00,SES04486786,SES04486786
9266,448,109,view,2024-03-22 06:00:00,SES04486786,SES04486786
9267,448,158,view,2024-03-22 06:13:58,SES04486786,SES04486786
9268,448,155,cart,2024-03-22 06:40:13,SES04486786,SES04486786
9269,448,109,cart,2024-03-22 06:51:21,SES04486786,SES04486786
9270,448,117,view,2024-11-04 22:25:31,SES04481695,SES04481695
9271,448,176,view,2024-11-04 22:46:00,SES04481695,SES04481695
9272,448,154,view,2024-11-04 22:46:39,SES04481695,SES04481695
9273,448,17,view,2024-11-04 23:14:18,SES04481695,SES04481695
9274,448,6,view,2024-11-04 23:31:22,SES04481695,SES04481695
9275,448,40,view,2024-11-04 23:38:33,SES04481695,SES04481695
9276,448,67,view,2024-11-04 23:42:42,SES04481695,SES04481695
9277,448,162,view,2024-11-04 23:58:59,SES04481695,SES04481695
9278,448,176,view,2024-11-05 00:23:16,SES04481695,SES04481695
9279,448,51,view,2024-11-05 00:27:24,SES04481695,SES04481695
9280,448,17,cart,2024-11-05 00:37:25,SES04481695,SES04481695
9281,448,40,cart,2024-11-05 00:51:06,SES04481695,SES04481695
9282,448,51,cart,2024-11-05 00:56:23,SES04481695,SES04481695
9283,449,168,view,2023-11-05 22:36:23,SES04498225,SES04498225
9284,449,64,view,2023-11-05 22:55:24,SES04498225,SES04498225
9285,449,184,view,2023-11-05 23:24:39,SES04498225,SES04498225
9286,449,168,cart,2023-11-05 23:46:47,SES04498225,SES04498225
9287,449,119,view,2023-04-21 18:08:55,SES04498577,SES04498577
9288,449,136,view,2023-04-21 18:28:00,SES04498577,SES04498577
9289,449,35,view,2023-04-21 18:40:56,SES04498577,SES04498577
9290,449,118,view,2023-04-21 18:42:27,SES04498577,SES04498577
9291,449,181,view,2023-04-21 19:11:01,SES04498577,SES04498577
9292,449,151,view,2023-04-21 19:36:02,SES04498577,SES04498577
9293,449,126,view,2023-04-21 19:53:09,SES04498577,SES04498577
9294,449,121,view,2023-04-21 20:20:32,SES04498577,SES04498577
9295,449,50,view,2023-04-21 20:47:49,SES04498577,SES04498577
9296,449,128,view,2023-04-21 21:11:01,SES04498577,SES04498577
9297,450,21,view,2024-04-19 02:07:34,SES04505200,SES04505200
9298,450,25,view,2024-04-19 02:08:35,SES04505200,SES04505200
9299,450,63,view,2024-04-19 02:12:12,SES04505200,SES04505200
9300,450,40,view,2024-04-19 02:27:37,SES04505200,SES04505200
9301,450,167,view,2024-04-19 02:29:35,SES04505200,SES04505200
9302,450,42,view,2024-04-19 02:44:43,SES04505200,SES04505200
9303,450,76,view,2024-04-19 02:55:15,SES04505200,SES04505200
9304,450,105,view,2024-04-19 03:04:42,SES04505200,SES04505200
9305,450,21,cart,2024-04-19 03:30:25,SES04505200,SES04505200
9306,450,25,cart,2024-04-19 03:33:47,SES04505200,SES04505200
9307,450,42,cart,2024-04-19 03:46:20,SES04505200,SES04505200
9308,450,51,view,2023-07-08 02:55:07,SES04503753,SES04503753
9309,450,18,view,2023-07-08 03:17:58,SES04503753,SES04503753
9310,450,87,view,2023-07-08 03:41:56,SES04503753,SES04503753
9311,450,193,view,2023-07-08 03:55:26,SES04503753,SES04503753
9312,450,54,view,2023-07-08 04:09:43,SES04503753,SES04503753
9313,450,38,view,2023-07-08 04:24:01,SES04503753,SES04503753
9314,450,106,view,2023-07-08 04:43:50,SES04503753,SES04503753
9315,450,51,cart,2023-07-08 04:59:24,SES04503753,SES04503753
9316,450,18,cart,2023-07-08 05:15:46,SES04503753,SES04503753
9317,450,87,cart,2023-07-08 05:21:21,SES04503753,SES04503753
9318,450,167,view,2023-08-09 22:41:34,SES04501998,SES04501998
9319,450,131,view,2023-08-09 23:04:36,SES04501998,SES04501998
9320,450,112,view,2023-08-09 23:19:19,SES04501998,SES04501998
9321,450,96,view,2023-08-09 23:25:36,SES04501998,SES04501998
9322,450,68,view,2023-08-09 23:48:47,SES04501998,SES04501998
9323,450,196,view,2023-08-09 23:58:58,SES04501998,SES04501998
9324,450,168,view,2023-08-10 00:21:48,SES04501998,SES04501998
9325,450,135,view,2023-08-10 00:39:57,SES04501998,SES04501998
9326,450,126,view,2023-08-10 01:07:25,SES04501998,SES04501998
9327,450,131,cart,2023-08-10 01:37:07,SES04501998,SES04501998
9328,450,112,cart,2023-08-10 01:46:44,SES04501998,SES04501998
9329,450,96,cart,2023-08-10 02:04:23,SES04501998,SES04501998
9330,450,168,cart,2023-08-10 02:17:44,SES04501998,SES04501998
9331,450,45,view,2024-02-22 23:03:13,SES04505098,SES04505098
9332,450,17,view,2024-02-22 23:23:38,SES04505098,SES04505098
9333,450,116,view,2024-02-22 23:28:57,SES04505098,SES04505098
9334,450,136,view,2024-02-22 23:58:09,SES04505098,SES04505098
9335,450,53,view,2024-02-23 00:06:21,SES04505098,SES04505098
9336,451,66,view,2024-06-23 19:53:11,SES04513626,SES04513626
9337,451,97,view,2024-06-23 20:05:46,SES04513626,SES04513626
9338,451,147,view,2024-06-23 20:17:54,SES04513626,SES04513626
9339,451,150,view,2024-06-23 20:29:53,SES04513626,SES04513626
9340,451,188,view,2024-06-23 20:47:12,SES04513626,SES04513626
9341,451,20,view,2024-06-23 21:04:47,SES04513626,SES04513626
9342,451,73,view,2024-06-23 21:13:03,SES04513626,SES04513626
9343,451,147,cart,2024-06-23 21:39:09,SES04513626,SES04513626
9344,451,73,cart,2024-06-23 21:46:18,SES04513626,SES04513626
9345,451,126,view,2023-04-01 17:31:33,SES04513144,SES04513144
9346,451,132,view,2023-04-01 17:53:09,SES04513144,SES04513144
9347,451,42,view,2023-04-01 18:10:05,SES04513144,SES04513144
9348,451,197,view,2023-04-01 18:21:25,SES04513144,SES04513144
9349,451,42,view,2023-04-01 18:36:05,SES04513144,SES04513144
9350,451,21,view,2023-04-01 18:37:40,SES04513144,SES04513144
9351,451,39,view,2023-04-01 19:06:30,SES04513144,SES04513144
9352,451,91,view,2023-04-01 19:18:32,SES04513144,SES04513144
9353,451,74,view,2023-04-01 19:24:08,SES04513144,SES04513144
9354,451,186,view,2023-04-01 19:34:17,SES04513144,SES04513144
9355,451,126,cart,2023-04-01 19:59:30,SES04513144,SES04513144
9356,451,132,cart,2023-04-01 20:03:18,SES04513144,SES04513144
9357,451,197,cart,2023-04-01 20:19:47,SES04513144,SES04513144
9358,451,39,cart,2023-04-01 20:24:48,SES04513144,SES04513144
9359,451,91,cart,2023-04-01 20:38:00,SES04513144,SES04513144
9360,451,14,view,2023-04-02 01:16:15,SES04513748,SES04513748
9361,451,197,view,2023-04-02 01:21:21,SES04513748,SES04513748
9362,451,122,view,2023-04-02 01:36:07,SES04513748,SES04513748
9363,451,113,view,2023-04-02 01:54:52,SES04513748,SES04513748
9364,451,141,view,2023-04-02 02:14:50,SES04513748,SES04513748
9365,451,122,cart,2023-04-02 02:28:06,SES04513748,SES04513748
9366,451,113,cart,2023-04-02 02:31:39,SES04513748,SES04513748
9367,451,141,cart,2023-04-02 02:45:14,SES04513748,SES04513748
9368,451,183,view,2024-12-12 02:13:31,SES04514539,SES04514539
9369,451,149,view,2024-12-12 02:30:40,SES04514539,SES04514539
9370,451,192,view,2024-12-12 02:56:30,SES04514539,SES04514539
9371,451,61,view,2024-12-12 03:25:38,SES04514539,SES04514539
9372,451,28,view,2024-12-12 03:42:36,SES04514539,SES04514539
9373,451,158,view,2024-12-12 04:07:06,SES04514539,SES04514539
9374,451,24,view,2024-12-12 04:09:43,SES04514539,SES04514539
9375,451,131,view,2024-12-12 04:14:49,SES04514539,SES04514539
9376,451,87,view,2024-12-12 04:30:23,SES04514539,SES04514539
9377,451,24,cart,2024-12-12 04:59:49,SES04514539,SES04514539
9378,452,179,view,2023-10-04 01:53:29,SES04524507,SES04524507
9379,452,124,view,2023-10-04 02:07:58,SES04524507,SES04524507
9380,452,153,view,2023-10-04 02:29:59,SES04524507,SES04524507
9381,452,196,view,2023-10-04 02:51:22,SES04524507,SES04524507
9382,452,135,view,2023-10-04 02:53:22,SES04524507,SES04524507
9383,452,39,view,2023-10-04 03:20:42,SES04524507,SES04524507
9384,452,178,view,2023-10-04 03:31:11,SES04524507,SES04524507
9385,452,183,view,2023-10-04 03:39:05,SES04524507,SES04524507
9386,452,179,cart,2023-10-04 04:00:48,SES04524507,SES04524507
9387,452,124,cart,2023-10-04 04:15:28,SES04524507,SES04524507
9388,452,135,cart,2023-10-04 04:32:15,SES04524507,SES04524507
9389,452,39,cart,2023-10-04 04:43:43,SES04524507,SES04524507
9390,452,178,cart,2023-10-04 04:48:37,SES04524507,SES04524507
9391,452,55,view,2024-08-09 13:30:28,SES04526196,SES04526196
9392,452,86,view,2024-08-09 13:59:17,SES04526196,SES04526196
9393,452,145,view,2024-08-09 14:09:16,SES04526196,SES04526196
9394,452,117,view,2024-08-09 14:12:14,SES04526196,SES04526196
9395,452,126,view,2024-08-09 14:18:45,SES04526196,SES04526196
9396,452,126,cart,2024-08-09 14:19:29,SES04526196,SES04526196
9397,452,113,view,2024-07-24 04:10:39,SES04521630,SES04521630
9398,452,64,view,2024-07-24 04:19:38,SES04521630,SES04521630
9399,452,6,view,2024-07-24 04:39:53,SES04521630,SES04521630
9400,452,90,view,2024-07-24 04:50:56,SES04521630,SES04521630
9401,452,64,cart,2024-07-24 04:58:55,SES04521630,SES04521630
9402,452,6,cart,2024-07-24 05:05:49,SES04521630,SES04521630
9403,453,172,view,2024-04-03 20:17:36,SES04539562,SES04539562
9404,453,120,view,2024-04-03 20:22:07,SES04539562,SES04539562
9405,453,176,view,2024-04-03 20:47:21,SES04539562,SES04539562
9406,453,154,view,2024-04-03 20:54:50,SES04539562,SES04539562
9407,453,11,view,2024-04-03 21:05:54,SES04539562,SES04539562
9408,453,88,view,2023-06-18 23:02:22,SES04534102,SES04534102
9409,453,11,view,2023-06-18 23:06:03,SES04534102,SES04534102
9410,453,3,view,2023-06-18 23:17:39,SES04534102,SES04534102
9411,453,191,view,2023-06-18 23:23:53,SES04534102,SES04534102
9412,453,176,view,2023-06-18 23:37:21,SES04534102,SES04534102
9413,453,53,view,2023-06-18 23:50:21,SES04534102,SES04534102
9414,453,145,view,2023-06-19 00:16:31,SES04534102,SES04534102
9415,453,88,cart,2023-06-19 00:43:00,SES04534102,SES04534102
9416,453,3,cart,2023-06-19 00:51:22,SES04534102,SES04534102
9417,453,53,cart,2023-06-19 01:02:16,SES04534102,SES04534102
9418,453,81,view,2023-06-17 17:45:38,SES04533941,SES04533941
9419,453,76,view,2023-06-17 18:07:08,SES04533941,SES04533941
9420,453,172,view,2023-06-17 18:22:53,SES04533941,SES04533941
9421,453,45,view,2023-06-17 18:24:45,SES04533941,SES04533941
9422,453,108,view,2023-06-17 18:37:15,SES04533941,SES04533941
9423,453,132,view,2023-06-17 18:40:08,SES04533941,SES04533941
9424,453,110,view,2023-06-17 18:57:37,SES04533941,SES04533941
9425,453,121,view,2023-06-17 19:26:23,SES04533941,SES04533941
9426,453,116,view,2023-06-17 19:53:20,SES04533941,SES04533941
9427,453,21,view,2023-06-17 20:10:13,SES04533941,SES04533941
9428,453,45,cart,2023-06-17 20:19:13,SES04533941,SES04533941
9429,453,121,cart,2023-06-17 20:35:53,SES04533941,SES04533941
9430,454,73,view,2024-07-24 10:35:46,SES04541649,SES04541649
9431,454,168,view,2024-07-24 10:41:15,SES04541649,SES04541649
9432,454,178,view,2024-07-24 10:55:34,SES04541649,SES04541649
9433,454,66,view,2024-07-24 11:06:54,SES04541649,SES04541649
9434,454,191,view,2024-07-24 11:09:56,SES04541649,SES04541649
9435,454,53,view,2024-07-24 11:38:45,SES04541649,SES04541649
9436,454,66,cart,2024-07-24 12:00:41,SES04541649,SES04541649
9437,454,191,cart,2024-07-24 12:15:30,SES04541649,SES04541649
9438,454,102,view,2023-05-18 01:52:23,SES04543651,SES04543651
9439,454,172,view,2023-05-18 02:04:41,SES04543651,SES04543651
9440,454,36,view,2023-05-18 02:29:17,SES04543651,SES04543651
9441,454,14,view,2023-05-18 02:42:18,SES04543651,SES04543651
9442,454,74,view,2023-05-18 03:05:18,SES04543651,SES04543651
9443,454,116,view,2023-11-16 10:21:44,SES04544292,SES04544292
9444,454,47,view,2023-11-16 10:41:28,SES04544292,SES04544292
9445,454,170,view,2023-11-16 10:52:35,SES04544292,SES04544292
9446,454,52,view,2023-11-16 11:01:34,SES04544292,SES04544292
9447,454,21,view,2023-11-16 11:11:43,SES04544292,SES04544292
9448,454,128,view,2023-11-16 11:29:19,SES04544292,SES04544292
9449,454,170,cart,2023-11-16 11:34:45,SES04544292,SES04544292
9450,454,52,cart,2023-11-16 11:42:55,SES04544292,SES04544292
9451,454,176,view,2023-08-02 18:01:01,SES04549191,SES04549191
9452,454,189,view,2023-08-02 18:23:35,SES04549191,SES04549191
9453,454,1,view,2023-08-02 18:35:55,SES04549191,SES04549191
9454,454,6,view,2023-08-02 19:01:29,SES04549191,SES04549191
9455,454,183,view,2023-08-02 19:15:48,SES04549191,SES04549191
9456,455,77,view,2023-12-16 22:31:49,SES04557414,SES04557414
9457,455,36,view,2023-12-16 22:58:11,SES04557414,SES04557414
9458,455,158,view,2023-12-16 23:02:12,SES04557414,SES04557414
9459,455,164,view,2023-12-16 23:30:56,SES04557414,SES04557414
9460,455,189,view,2023-12-16 23:42:22,SES04557414,SES04557414
9461,455,39,view,2023-12-16 23:56:23,SES04557414,SES04557414
9462,455,18,view,2023-12-17 00:26:00,SES04557414,SES04557414
9463,455,21,view,2023-12-17 00:55:25,SES04557414,SES04557414
9464,455,34,view,2023-12-17 01:00:36,SES04557414,SES04557414
9465,455,189,cart,2023-12-17 01:15:21,SES04557414,SES04557414
9466,455,39,cart,2023-12-17 01:25:11,SES04557414,SES04557414
9467,455,18,cart,2023-12-17 01:27:41,SES04557414,SES04557414
9468,455,34,cart,2023-12-17 01:39:56,SES04557414,SES04557414
9469,456,121,view,2024-03-25 09:19:25,SES04561728,SES04561728
9470,456,69,view,2024-03-25 09:31:02,SES04561728,SES04561728
9471,456,125,view,2024-03-25 09:48:32,SES04561728,SES04561728
9472,456,178,view,2023-03-07 07:07:54,SES04564312,SES04564312
9473,456,52,view,2023-03-07 07:30:39,SES04564312,SES04564312
9474,456,131,view,2023-03-07 07:49:59,SES04564312,SES04564312
9475,456,86,view,2023-03-07 08:03:54,SES04564312,SES04564312
9476,456,24,view,2023-03-07 08:07:34,SES04564312,SES04564312
9477,456,112,view,2023-03-07 08:11:18,SES04564312,SES04564312
9478,456,19,view,2023-03-07 08:20:08,SES04564312,SES04564312
9479,456,10,view,2023-03-07 08:42:17,SES04564312,SES04564312
9480,456,24,cart,2023-03-07 08:54:53,SES04564312,SES04564312
9481,456,150,view,2024-06-02 05:51:33,SES04563140,SES04563140
9482,456,190,view,2024-06-02 06:11:44,SES04563140,SES04563140
9483,456,167,view,2024-06-02 06:12:50,SES04563140,SES04563140
9484,456,92,view,2024-06-02 06:17:35,SES04563140,SES04563140
9485,456,183,view,2024-06-02 06:37:31,SES04563140,SES04563140
9486,456,83,view,2024-06-02 06:57:50,SES04563140,SES04563140
9487,456,81,view,2024-06-02 07:15:06,SES04563140,SES04563140
9488,456,92,cart,2024-06-02 07:18:05,SES04563140,SES04563140
9489,456,183,cart,2024-06-02 07:22:48,SES04563140,SES04563140
9490,456,195,view,2024-05-02 10:50:39,SES04567351,SES04567351
9491,456,82,view,2024-05-02 10:51:22,SES04567351,SES04567351
9492,456,144,view,2024-05-02 10:53:05,SES04567351,SES04567351
9493,456,126,view,2024-05-02 11:16:04,SES04567351,SES04567351
9494,456,62,view,2024-05-02 11:31:29,SES04567351,SES04567351
9495,456,36,view,2024-05-02 11:51:40,SES04567351,SES04567351
9496,456,189,view,2024-05-02 11:52:19,SES04567351,SES04567351
9497,456,195,cart,2024-05-02 12:06:13,SES04567351,SES04567351
9498,456,36,cart,2024-05-02 12:08:32,SES04567351,SES04567351
9499,457,13,view,2024-05-20 15:22:09,SES04575690,SES04575690
9500,457,18,view,2024-05-20 15:31:33,SES04575690,SES04575690
9501,457,67,view,2024-05-20 15:42:21,SES04575690,SES04575690
9502,457,96,view,2024-05-20 16:10:38,SES04575690,SES04575690
9503,457,96,cart,2024-05-20 16:32:02,SES04575690,SES04575690
9504,458,113,view,2023-04-15 02:01:22,SES04585362,SES04585362
9505,458,132,view,2023-04-15 02:02:14,SES04585362,SES04585362
9506,458,35,view,2023-04-15 02:14:00,SES04585362,SES04585362
9507,458,51,view,2023-04-15 02:34:35,SES04585362,SES04585362
9508,458,180,view,2023-04-15 02:54:10,SES04585362,SES04585362
9509,458,141,view,2023-04-15 02:58:56,SES04585362,SES04585362
9510,458,163,view,2023-04-15 03:06:36,SES04585362,SES04585362
9511,458,175,view,2023-04-15 03:29:31,SES04585362,SES04585362
9512,458,106,view,2023-04-15 03:58:26,SES04585362,SES04585362
9513,458,132,cart,2023-04-15 04:28:10,SES04585362,SES04585362
9514,458,150,view,2023-07-02 09:33:12,SES04585983,SES04585983
9515,458,100,view,2023-07-02 09:59:32,SES04585983,SES04585983
9516,458,33,view,2023-07-02 10:25:56,SES04585983,SES04585983
9517,458,150,cart,2023-07-02 10:37:10,SES04585983,SES04585983
9518,458,100,cart,2023-07-02 10:43:07,SES04585983,SES04585983
9519,458,18,view,2024-10-25 05:55:08,SES04583555,SES04583555
9520,458,180,view,2024-10-25 06:23:41,SES04583555,SES04583555
9521,458,49,view,2024-10-25 06:49:28,SES04583555,SES04583555
9522,458,119,view,2024-10-25 06:52:10,SES04583555,SES04583555
9523,458,103,view,2024-10-25 07:19:06,SES04583555,SES04583555
9524,458,185,view,2024-10-25 07:31:47,SES04583555,SES04583555
9525,458,148,view,2024-10-25 07:44:51,SES04583555,SES04583555
9526,458,34,view,2024-10-25 07:56:08,SES04583555,SES04583555
9527,458,18,cart,2024-10-25 08:19:38,SES04583555,SES04583555
9528,458,148,cart,2024-10-25 08:23:06,SES04583555,SES04583555
9529,459,51,view,2023-11-23 00:17:48,SES04592722,SES04592722
9530,459,12,view,2023-11-23 00:25:29,SES04592722,SES04592722
9531,459,164,view,2023-11-23 00:33:34,SES04592722,SES04592722
9532,459,129,view,2023-11-23 00:53:40,SES04592722,SES04592722
9533,459,17,view,2023-11-23 01:18:56,SES04592722,SES04592722
9534,459,128,view,2023-11-23 01:40:01,SES04592722,SES04592722
9535,459,183,view,2023-11-23 01:42:14,SES04592722,SES04592722
9536,459,107,view,2023-03-28 14:28:24,SES04593547,SES04593547
9537,459,83,view,2023-03-28 14:39:02,SES04593547,SES04593547
9538,459,96,view,2023-03-28 14:42:10,SES04593547,SES04593547
9539,459,165,view,2023-03-28 14:48:57,SES04593547,SES04593547
9540,459,68,view,2023-03-28 15:13:11,SES04593547,SES04593547
9541,459,195,view,2023-03-28 15:17:37,SES04593547,SES04593547
9542,459,128,view,2023-03-28 15:30:12,SES04593547,SES04593547
9543,459,112,view,2023-03-28 15:43:46,SES04593547,SES04593547
9544,459,107,cart,2023-03-28 16:02:18,SES04593547,SES04593547
9545,459,83,cart,2023-03-28 16:11:46,SES04593547,SES04593547
9546,459,165,cart,2023-03-28 16:14:08,SES04593547,SES04593547
9547,459,112,cart,2023-03-28 16:19:31,SES04593547,SES04593547
9548,459,144,view,2023-10-24 00:46:58,SES04592240,SES04592240
9549,459,103,view,2023-10-24 00:56:05,SES04592240,SES04592240
9550,459,113,view,2023-10-24 01:03:54,SES04592240,SES04592240
9551,459,136,view,2023-10-24 01:15:46,SES04592240,SES04592240
9552,459,31,view,2023-10-24 01:44:45,SES04592240,SES04592240
9553,459,59,view,2023-10-24 01:56:22,SES04592240,SES04592240
9554,459,31,cart,2023-10-24 02:19:09,SES04592240,SES04592240
9555,459,74,view,2024-12-07 01:55:49,SES04598915,SES04598915
9556,459,120,view,2024-12-07 02:21:35,SES04598915,SES04598915
9557,459,115,view,2024-12-07 02:48:54,SES04598915,SES04598915
9558,459,102,view,2024-12-07 03:06:45,SES04598915,SES04598915
9559,459,171,view,2024-12-07 03:09:21,SES04598915,SES04598915
9560,459,198,view,2024-12-07 03:29:49,SES04598915,SES04598915
9561,459,70,view,2024-12-07 03:56:18,SES04598915,SES04598915
9562,459,172,view,2024-12-07 04:13:39,SES04598915,SES04598915
9563,459,168,view,2024-12-07 04:20:42,SES04598915,SES04598915
9564,459,74,cart,2024-12-07 04:22:08,SES04598915,SES04598915
9565,459,198,cart,2024-12-07 04:33:55,SES04598915,SES04598915
9566,459,70,cart,2024-12-07 04:45:36,SES04598915,SES04598915
9567,460,7,view,2024-07-04 19:01:29,SES04607688,SES04607688
9568,460,89,view,2024-07-04 19:29:26,SES04607688,SES04607688
9569,460,24,view,2024-07-04 19:53:45,SES04607688,SES04607688
9570,460,155,view,2024-07-04 20:12:45,SES04607688,SES04607688
9571,460,192,view,2024-07-04 20:16:57,SES04607688,SES04607688
9572,460,79,view,2024-07-04 20:32:53,SES04607688,SES04607688
9573,460,171,view,2024-07-04 20:56:51,SES04607688,SES04607688
9574,460,13,view,2024-07-04 21:15:16,SES04607688,SES04607688
9575,460,7,cart,2024-07-04 21:27:04,SES04607688,SES04607688
9576,460,155,cart,2024-07-04 21:35:37,SES04607688,SES04607688
9577,460,13,cart,2024-07-04 21:36:21,SES04607688,SES04607688
9578,460,40,view,2023-12-21 03:22:48,SES04604049,SES04604049
9579,460,180,view,2023-12-21 03:52:21,SES04604049,SES04604049
9580,460,45,view,2023-12-21 04:05:13,SES04604049,SES04604049
9581,460,88,view,2023-12-21 04:06:08,SES04604049,SES04604049
9582,460,86,view,2023-12-21 04:14:33,SES04604049,SES04604049
9583,460,180,view,2023-12-21 04:24:57,SES04604049,SES04604049
9584,460,19,view,2023-12-21 04:30:02,SES04604049,SES04604049
9585,460,23,view,2023-12-21 04:42:33,SES04604049,SES04604049
9586,460,137,view,2023-12-21 04:59:22,SES04604049,SES04604049
9587,460,180,cart,2023-12-21 05:03:39,SES04604049,SES04604049
9588,460,88,cart,2023-12-21 05:12:54,SES04604049,SES04604049
9589,460,19,cart,2023-12-21 05:15:20,SES04604049,SES04604049
9590,460,23,cart,2023-12-21 05:32:18,SES04604049,SES04604049
9591,460,137,cart,2023-12-21 05:45:02,SES04604049,SES04604049
9592,461,172,view,2024-12-20 04:07:11,SES04616572,SES04616572
9593,461,171,view,2024-12-20 04:26:29,SES04616572,SES04616572
9594,461,48,view,2024-12-20 04:36:38,SES04616572,SES04616572
9595,461,70,view,2024-12-20 04:58:11,SES04616572,SES04616572
9596,461,135,view,2024-12-20 05:26:52,SES04616572,SES04616572
9597,461,164,view,2024-12-20 05:33:29,SES04616572,SES04616572
9598,461,172,cart,2024-12-20 06:02:37,SES04616572,SES04616572
9599,461,171,cart,2024-12-20 06:20:22,SES04616572,SES04616572
9600,461,164,cart,2024-12-20 06:24:37,SES04616572,SES04616572
9601,461,142,view,2024-07-25 23:29:55,SES04612165,SES04612165
9602,461,126,view,2024-07-25 23:58:08,SES04612165,SES04612165
9603,461,112,view,2024-07-26 00:04:53,SES04612165,SES04612165
9604,462,2,view,2023-08-04 04:22:18,SES04622789,SES04622789
9605,462,189,view,2023-08-04 04:23:05,SES04622789,SES04622789
9606,462,128,view,2023-08-04 04:50:05,SES04622789,SES04622789
9607,462,45,view,2023-08-04 05:02:48,SES04622789,SES04622789
9608,462,174,view,2023-08-04 05:25:29,SES04622789,SES04622789
9609,462,55,view,2023-08-04 05:40:17,SES04622789,SES04622789
9610,462,141,view,2023-08-04 05:59:59,SES04622789,SES04622789
9611,462,170,view,2023-08-04 06:25:10,SES04622789,SES04622789
9612,462,189,view,2023-08-04 06:37:04,SES04622789,SES04622789
9613,462,65,view,2023-08-04 06:41:29,SES04622789,SES04622789
9614,462,2,cart,2023-08-04 06:59:21,SES04622789,SES04622789
9615,462,128,cart,2023-08-04 07:13:30,SES04622789,SES04622789
9616,462,45,cart,2023-08-04 07:28:33,SES04622789,SES04622789
9617,462,189,cart,2023-08-04 07:42:45,SES04622789,SES04622789
9618,462,75,view,2024-11-24 11:42:33,SES04628219,SES04628219
9619,462,70,view,2024-11-24 11:46:57,SES04628219,SES04628219
9620,462,42,view,2024-11-24 12:03:50,SES04628219,SES04628219
9621,462,39,view,2024-11-24 12:06:02,SES04628219,SES04628219
9622,462,156,view,2024-11-24 12:28:55,SES04628219,SES04628219
9623,462,197,view,2024-11-24 12:55:13,SES04628219,SES04628219
9624,462,150,view,2024-11-24 12:59:32,SES04628219,SES04628219
9625,462,39,cart,2024-11-24 13:05:20,SES04628219,SES04628219
9626,463,177,view,2024-06-21 04:04:46,SES04637645,SES04637645
9627,463,194,view,2024-06-21 04:17:35,SES04637645,SES04637645
9628,463,45,view,2024-06-21 04:39:28,SES04637645,SES04637645
9629,463,45,cart,2024-06-21 04:48:45,SES04637645,SES04637645
9630,464,197,view,2024-04-09 05:51:14,SES04643737,SES04643737
9631,464,77,view,2024-04-09 06:20:07,SES04643737,SES04643737
9632,464,150,view,2024-04-09 06:39:50,SES04643737,SES04643737
9633,464,126,view,2024-04-09 07:08:04,SES04643737,SES04643737
9634,464,103,view,2024-04-09 07:14:22,SES04643737,SES04643737
9635,464,196,view,2024-04-09 07:19:43,SES04643737,SES04643737
9636,464,197,view,2024-04-09 07:30:05,SES04643737,SES04643737
9637,464,93,view,2024-04-09 07:55:36,SES04643737,SES04643737
9638,464,135,view,2024-04-09 08:19:10,SES04643737,SES04643737
9639,464,115,view,2024-04-09 08:29:40,SES04643737,SES04643737
9640,464,196,cart,2024-04-09 08:35:41,SES04643737,SES04643737
9641,464,197,cart,2024-04-09 08:44:35,SES04643737,SES04643737
9642,464,93,cart,2024-04-09 08:45:21,SES04643737,SES04643737
9643,464,115,cart,2024-04-09 08:55:08,SES04643737,SES04643737
9644,464,197,view,2023-11-06 05:50:05,SES04649045,SES04649045
9645,464,185,view,2023-11-06 05:56:59,SES04649045,SES04649045
9646,464,11,view,2023-11-06 06:26:08,SES04649045,SES04649045
9647,464,71,view,2023-11-06 06:30:38,SES04649045,SES04649045
9648,464,139,view,2023-11-06 06:58:33,SES04649045,SES04649045
9649,464,197,cart,2023-11-06 07:00:33,SES04649045,SES04649045
9650,464,71,cart,2023-11-06 07:17:08,SES04649045,SES04649045
9651,464,56,view,2023-11-05 03:20:42,SES04646880,SES04646880
9652,464,46,view,2023-11-05 03:48:21,SES04646880,SES04646880
9653,464,86,view,2023-11-05 04:07:04,SES04646880,SES04646880
9654,464,126,view,2023-11-05 04:25:29,SES04646880,SES04646880
9655,464,141,view,2023-11-05 04:40:11,SES04646880,SES04646880
9656,464,45,view,2023-11-05 05:01:12,SES04646880,SES04646880
9657,464,180,view,2023-11-05 05:11:15,SES04646880,SES04646880
9658,464,115,view,2023-11-05 05:32:14,SES04646880,SES04646880
9659,464,158,view,2023-11-05 05:57:32,SES04646880,SES04646880
9660,464,46,cart,2023-11-05 06:18:59,SES04646880,SES04646880
9661,464,115,cart,2023-11-05 06:29:43,SES04646880,SES04646880
9662,465,56,view,2024-03-04 12:26:25,SES04659873,SES04659873
9663,465,70,view,2024-03-04 12:34:38,SES04659873,SES04659873
9664,465,168,view,2024-03-04 12:38:33,SES04659873,SES04659873
9665,465,172,view,2024-03-04 12:54:09,SES04659873,SES04659873
9666,465,133,view,2024-03-04 13:03:26,SES04659873,SES04659873
9667,465,23,view,2024-03-04 13:27:22,SES04659873,SES04659873
9668,465,168,cart,2024-03-04 13:41:23,SES04659873,SES04659873
9669,465,133,cart,2024-03-04 13:53:45,SES04659873,SES04659873
9670,465,189,view,2024-05-16 12:22:06,SES04658022,SES04658022
9671,465,95,view,2024-05-16 12:51:23,SES04658022,SES04658022
9672,465,150,view,2024-05-16 13:18:12,SES04658022,SES04658022
9673,465,171,view,2024-05-16 13:32:15,SES04658022,SES04658022
9674,465,156,view,2024-05-16 13:56:29,SES04658022,SES04658022
9675,465,189,cart,2024-05-16 14:07:19,SES04658022,SES04658022
9676,465,95,cart,2024-05-16 14:11:41,SES04658022,SES04658022
9677,466,152,view,2023-11-11 22:34:09,SES04667913,SES04667913
9678,466,182,view,2023-11-11 22:49:03,SES04667913,SES04667913
9679,466,176,view,2023-11-11 22:50:44,SES04667913,SES04667913
9680,466,131,view,2023-11-11 23:08:01,SES04667913,SES04667913
9681,466,197,view,2023-11-11 23:21:46,SES04667913,SES04667913
9682,466,131,cart,2023-11-11 23:51:12,SES04667913,SES04667913
9683,466,169,view,2024-04-09 03:19:24,SES04664579,SES04664579
9684,466,176,view,2024-04-09 03:38:53,SES04664579,SES04664579
9685,466,128,view,2024-04-09 03:46:04,SES04664579,SES04664579
9686,466,159,view,2024-04-09 04:00:35,SES04664579,SES04664579
9687,466,48,view,2024-04-09 04:07:27,SES04664579,SES04664579
9688,466,130,view,2024-04-09 04:18:01,SES04664579,SES04664579
9689,466,85,view,2024-04-09 04:37:47,SES04664579,SES04664579
9690,466,39,view,2024-04-09 04:43:04,SES04664579,SES04664579
9691,466,135,view,2024-04-09 04:45:05,SES04664579,SES04664579
9692,466,172,view,2024-04-09 05:13:09,SES04664579,SES04664579
9693,466,130,cart,2024-04-09 05:16:13,SES04664579,SES04664579
9694,466,91,view,2023-03-15 02:34:05,SES04668379,SES04668379
9695,466,59,view,2023-03-15 03:03:38,SES04668379,SES04668379
9696,466,176,view,2023-03-15 03:15:49,SES04668379,SES04668379
9697,466,144,view,2023-03-15 03:34:09,SES04668379,SES04668379
9698,467,20,view,2024-04-09 00:22:48,SES04676616,SES04676616
9699,467,18,view,2024-04-09 00:39:06,SES04676616,SES04676616
9700,467,171,view,2024-04-09 00:49:03,SES04676616,SES04676616
9701,467,164,view,2024-04-09 01:12:50,SES04676616,SES04676616
9702,467,129,view,2024-04-09 01:38:20,SES04676616,SES04676616
9703,467,155,view,2024-04-09 02:05:50,SES04676616,SES04676616
9704,467,151,view,2024-04-09 02:14:55,SES04676616,SES04676616
9705,467,18,cart,2024-04-09 02:27:00,SES04676616,SES04676616
9706,467,164,cart,2024-04-09 02:36:43,SES04676616,SES04676616
9707,468,149,view,2023-01-02 23:15:22,SES04688539,SES04688539
9708,468,51,view,2023-01-02 23:40:29,SES04688539,SES04688539
9709,468,21,view,2023-01-02 23:44:37,SES04688539,SES04688539
9710,468,126,view,2023-01-03 00:10:35,SES04688539,SES04688539
9711,468,30,view,2023-01-03 00:15:36,SES04688539,SES04688539
9712,468,9,view,2023-01-03 00:34:38,SES04688539,SES04688539
9713,468,141,view,2023-01-03 00:42:52,SES04688539,SES04688539
9714,468,128,view,2023-01-03 01:02:43,SES04688539,SES04688539
9715,468,43,view,2023-01-03 01:20:13,SES04688539,SES04688539
9716,468,91,view,2023-01-03 01:44:15,SES04688539,SES04688539
9717,468,126,cart,2023-01-03 02:03:39,SES04688539,SES04688539
9718,468,141,cart,2023-01-03 02:20:24,SES04688539,SES04688539
9719,468,91,cart,2023-01-03 02:34:29,SES04688539,SES04688539
9720,468,145,view,2024-11-20 00:13:20,SES04686882,SES04686882
9721,468,175,view,2024-11-20 00:30:38,SES04686882,SES04686882
9722,468,87,view,2024-11-20 00:45:58,SES04686882,SES04686882
9723,468,36,view,2024-11-20 01:10:20,SES04686882,SES04686882
9724,468,142,view,2024-11-20 01:25:43,SES04686882,SES04686882
9725,468,38,view,2024-11-20 01:40:35,SES04686882,SES04686882
9726,468,178,view,2024-11-20 02:09:03,SES04686882,SES04686882
9727,468,87,cart,2024-11-20 02:29:08,SES04686882,SES04686882
9728,468,178,cart,2024-11-20 02:32:47,SES04686882,SES04686882
9729,469,36,view,2023-01-25 15:02:45,SES04697219,SES04697219
9730,469,34,view,2023-01-25 15:32:21,SES04697219,SES04697219
9731,469,76,view,2023-01-25 15:56:20,SES04697219,SES04697219
9732,469,88,view,2023-01-25 16:12:37,SES04697219,SES04697219
9733,469,154,view,2023-01-25 16:14:55,SES04697219,SES04697219
9734,469,168,view,2023-01-25 16:24:56,SES04697219,SES04697219
9735,469,87,view,2023-01-25 16:28:33,SES04697219,SES04697219
9736,469,27,view,2023-01-25 16:53:59,SES04697219,SES04697219
9737,469,176,view,2023-01-25 16:59:20,SES04697219,SES04697219
9738,469,36,cart,2023-01-25 17:18:11,SES04697219,SES04697219
9739,469,87,cart,2023-01-25 17:23:25,SES04697219,SES04697219
9740,469,171,view,2024-07-13 23:02:07,SES04695580,SES04695580
9741,469,114,view,2024-07-13 23:11:44,SES04695580,SES04695580
9742,469,124,view,2024-07-13 23:25:35,SES04695580,SES04695580
9743,469,164,view,2024-07-13 23:36:03,SES04695580,SES04695580
9744,469,103,view,2024-07-13 23:42:59,SES04695580,SES04695580
9745,469,168,view,2024-07-13 23:49:44,SES04695580,SES04695580
9746,469,119,view,2024-07-13 23:57:01,SES04695580,SES04695580
9747,469,76,view,2024-07-14 00:09:06,SES04695580,SES04695580
9748,469,158,view,2024-07-14 00:11:56,SES04695580,SES04695580
9749,469,114,cart,2024-07-14 00:30:31,SES04695580,SES04695580
9750,469,164,cart,2024-07-14 00:43:40,SES04695580,SES04695580
9751,469,158,view,2023-12-28 12:34:12,SES04695675,SES04695675
9752,469,4,view,2023-12-28 12:57:49,SES04695675,SES04695675
9753,469,51,view,2023-12-28 13:18:42,SES04695675,SES04695675
9754,469,21,view,2023-12-28 13:20:28,SES04695675,SES04695675
9755,469,19,view,2023-12-28 13:45:40,SES04695675,SES04695675
9756,469,96,view,2023-12-28 13:56:12,SES04695675,SES04695675
9757,469,120,view,2023-12-28 14:06:24,SES04695675,SES04695675
9758,469,123,view,2023-12-28 14:16:20,SES04695675,SES04695675
9759,469,103,view,2023-12-28 14:28:23,SES04695675,SES04695675
9760,469,193,view,2023-12-28 14:49:17,SES04695675,SES04695675
9761,469,158,cart,2023-12-28 15:11:55,SES04695675,SES04695675
9762,469,4,cart,2023-12-28 15:27:30,SES04695675,SES04695675
9763,469,19,cart,2023-12-28 15:43:51,SES04695675,SES04695675
9764,469,120,cart,2023-12-28 16:01:17,SES04695675,SES04695675
9765,469,103,cart,2023-12-28 16:05:05,SES04695675,SES04695675
9766,469,193,cart,2023-12-28 16:06:40,SES04695675,SES04695675
9767,470,156,view,2024-04-19 22:47:13,SES04701502,SES04701502
9768,470,186,view,2024-04-19 23:06:19,SES04701502,SES04701502
9769,470,22,view,2024-04-19 23:27:45,SES04701502,SES04701502
9770,470,53,view,2024-04-19 23:38:33,SES04701502,SES04701502
9771,470,76,view,2024-04-19 23:39:21,SES04701502,SES04701502
9772,470,101,view,2024-04-19 23:45:12,SES04701502,SES04701502
9773,470,152,view,2024-04-19 23:49:37,SES04701502,SES04701502
9774,470,172,view,2024-04-20 00:14:43,SES04701502,SES04701502
9775,470,161,view,2024-04-20 00:33:34,SES04701502,SES04701502
9776,470,159,view,2024-04-20 00:52:22,SES04701502,SES04701502
9777,470,156,cart,2024-04-20 01:19:05,SES04701502,SES04701502
9778,470,186,cart,2024-04-20 01:32:17,SES04701502,SES04701502
9779,470,22,cart,2024-04-20 01:41:06,SES04701502,SES04701502
9780,470,53,cart,2024-04-20 01:46:52,SES04701502,SES04701502
9781,470,159,cart,2024-04-20 01:58:34,SES04701502,SES04701502
9782,470,128,view,2023-12-18 04:12:55,SES04702324,SES04702324
9783,470,162,view,2023-12-18 04:14:04,SES04702324,SES04702324
9784,470,136,view,2023-12-18 04:34:49,SES04702324,SES04702324
9785,470,124,view,2023-12-18 05:03:03,SES04702324,SES04702324
9786,470,36,view,2023-12-18 05:20:10,SES04702324,SES04702324
9787,470,96,view,2023-12-18 05:45:11,SES04702324,SES04702324
9788,470,51,view,2023-12-18 06:12:46,SES04702324,SES04702324
9789,470,55,view,2023-12-18 06:35:25,SES04702324,SES04702324
9790,470,5,view,2023-12-18 06:57:59,SES04702324,SES04702324
9791,470,128,cart,2023-12-18 07:23:05,SES04702324,SES04702324
9792,470,136,cart,2023-12-18 07:39:09,SES04702324,SES04702324
9793,470,36,cart,2023-12-18 07:47:04,SES04702324,SES04702324
9794,471,143,view,2023-03-21 02:00:25,SES04719780,SES04719780
9795,471,37,view,2023-03-21 02:19:15,SES04719780,SES04719780
9796,471,192,view,2023-03-21 02:41:42,SES04719780,SES04719780
9797,471,168,view,2023-03-21 02:59:20,SES04719780,SES04719780
9798,471,44,view,2023-03-21 03:26:44,SES04719780,SES04719780
9799,471,189,view,2023-03-21 03:37:25,SES04719780,SES04719780
9800,471,18,view,2023-03-21 03:57:54,SES04719780,SES04719780
9801,471,143,cart,2023-03-21 04:27:37,SES04719780,SES04719780
9802,471,192,cart,2023-03-21 04:37:13,SES04719780,SES04719780
9803,471,44,cart,2023-03-21 04:39:08,SES04719780,SES04719780
9804,471,70,view,2023-04-21 21:58:52,SES04713593,SES04713593
9805,471,159,view,2023-04-21 22:08:29,SES04713593,SES04713593
9806,471,117,view,2023-04-21 22:36:44,SES04713593,SES04713593
9807,471,170,view,2023-04-21 22:44:41,SES04713593,SES04713593
9808,471,21,view,2023-04-21 22:55:16,SES04713593,SES04713593
9809,471,183,view,2023-04-21 23:10:09,SES04713593,SES04713593
9810,471,73,view,2023-04-21 23:14:49,SES04713593,SES04713593
9811,471,32,view,2023-04-21 23:33:01,SES04713593,SES04713593
9812,471,115,view,2023-04-21 23:42:26,SES04713593,SES04713593
9813,471,120,view,2023-04-22 00:06:46,SES04713593,SES04713593
9814,471,170,cart,2023-04-22 00:22:06,SES04713593,SES04713593
9815,471,32,cart,2023-04-22 00:38:35,SES04713593,SES04713593
9816,471,189,view,2023-01-24 18:28:49,SES04712535,SES04712535
9817,471,56,view,2023-01-24 18:54:50,SES04712535,SES04712535
9818,471,73,view,2023-01-24 19:24:21,SES04712535,SES04712535
9819,471,21,view,2023-01-24 19:33:47,SES04712535,SES04712535
9820,471,145,view,2023-01-24 19:44:38,SES04712535,SES04712535
9821,471,56,cart,2023-01-24 19:54:42,SES04712535,SES04712535
9822,471,73,cart,2023-01-24 20:09:54,SES04712535,SES04712535
9823,471,145,cart,2023-01-24 20:15:36,SES04712535,SES04712535
9824,472,139,view,2024-11-03 22:30:59,SES04728668,SES04728668
9825,472,97,view,2024-11-03 22:54:54,SES04728668,SES04728668
9826,472,45,view,2024-11-03 23:11:33,SES04728668,SES04728668
9827,472,193,view,2024-11-03 23:14:44,SES04728668,SES04728668
9828,472,32,view,2024-11-03 23:43:15,SES04728668,SES04728668
9829,472,180,view,2024-11-04 00:04:05,SES04728668,SES04728668
9830,472,70,view,2024-11-04 00:30:52,SES04728668,SES04728668
9831,472,165,view,2024-11-04 00:33:20,SES04728668,SES04728668
9832,472,112,view,2024-11-04 00:55:10,SES04728668,SES04728668
9833,472,193,cart,2024-11-04 01:11:16,SES04728668,SES04728668
9834,472,32,cart,2024-11-04 01:26:28,SES04728668,SES04728668
9835,472,70,cart,2024-11-04 01:42:40,SES04728668,SES04728668
9836,472,112,cart,2024-11-04 01:48:50,SES04728668,SES04728668
9837,472,174,view,2023-07-10 19:58:26,SES04729274,SES04729274
9838,472,64,view,2023-07-10 20:10:00,SES04729274,SES04729274
9839,472,126,view,2023-07-10 20:11:52,SES04729274,SES04729274
9840,472,110,view,2023-07-09 04:51:03,SES04722427,SES04722427
9841,472,176,view,2023-07-09 04:55:22,SES04722427,SES04722427
9842,472,183,view,2023-07-09 05:02:34,SES04722427,SES04722427
9843,472,175,view,2023-07-09 05:08:02,SES04722427,SES04722427
9844,472,125,view,2023-07-09 05:30:38,SES04722427,SES04722427
9845,472,173,view,2023-07-09 05:56:53,SES04722427,SES04722427
9846,472,76,view,2023-07-09 06:06:11,SES04722427,SES04722427
9847,472,173,cart,2023-07-09 06:13:38,SES04722427,SES04722427
9848,472,76,cart,2023-07-09 06:27:15,SES04722427,SES04722427
9849,472,171,view,2023-04-11 17:08:12,SES04723325,SES04723325
9850,472,178,view,2023-04-11 17:35:10,SES04723325,SES04723325
9851,472,96,view,2023-04-11 18:02:03,SES04723325,SES04723325
9852,472,107,view,2023-04-11 18:30:15,SES04723325,SES04723325
9853,472,145,view,2023-04-11 18:56:34,SES04723325,SES04723325
9854,472,160,view,2023-04-11 19:12:47,SES04723325,SES04723325
9855,472,175,view,2023-04-11 19:18:18,SES04723325,SES04723325
9856,472,84,view,2023-04-11 19:48:09,SES04723325,SES04723325
9857,472,171,cart,2023-04-11 20:13:50,SES04723325,SES04723325
9858,472,145,cart,2023-04-11 20:26:53,SES04723325,SES04723325
9859,473,137,view,2024-11-15 23:18:41,SES04736036,SES04736036
9860,473,156,view,2024-11-15 23:46:16,SES04736036,SES04736036
9861,473,45,view,2024-11-15 23:56:50,SES04736036,SES04736036
9862,473,53,view,2024-11-16 00:20:17,SES04736036,SES04736036
9863,473,64,view,2024-11-16 00:35:37,SES04736036,SES04736036
9864,473,6,view,2024-11-16 00:46:48,SES04736036,SES04736036
9865,473,184,view,2024-11-16 01:02:30,SES04736036,SES04736036
9866,473,13,view,2024-11-16 01:13:23,SES04736036,SES04736036
9867,473,144,view,2024-11-16 01:24:05,SES04736036,SES04736036
9868,473,172,view,2024-11-07 07:13:04,SES04735120,SES04735120
9869,473,175,view,2024-11-07 07:38:56,SES04735120,SES04735120
9870,473,180,view,2024-11-07 07:49:55,SES04735120,SES04735120
9871,473,151,view,2024-11-07 08:02:22,SES04735120,SES04735120
9872,473,87,view,2024-11-07 08:19:10,SES04735120,SES04735120
9873,473,172,cart,2024-11-07 08:45:17,SES04735120,SES04735120
9874,473,175,cart,2024-11-07 08:49:11,SES04735120,SES04735120
9875,473,180,cart,2024-11-07 09:02:05,SES04735120,SES04735120
9876,473,87,cart,2024-11-07 09:15:50,SES04735120,SES04735120
9877,474,89,view,2023-08-07 05:49:47,SES04748371,SES04748371
9878,474,20,view,2023-08-07 06:08:53,SES04748371,SES04748371
9879,474,45,view,2023-08-07 06:10:47,SES04748371,SES04748371
9880,474,84,view,2023-08-07 06:32:51,SES04748371,SES04748371
9881,474,189,view,2023-08-07 06:34:39,SES04748371,SES04748371
9882,474,24,view,2023-08-07 06:48:35,SES04748371,SES04748371
9883,474,96,view,2023-08-07 07:15:47,SES04748371,SES04748371
9884,474,89,cart,2023-08-07 07:43:41,SES04748371,SES04748371
9885,474,20,cart,2023-08-07 07:46:02,SES04748371,SES04748371
9886,474,48,view,2024-11-26 07:19:53,SES04744611,SES04744611
9887,474,23,view,2024-11-26 07:35:00,SES04744611,SES04744611
9888,474,81,view,2024-11-26 07:45:14,SES04744611,SES04744611
9889,474,141,view,2024-11-26 08:09:51,SES04744611,SES04744611
9890,474,56,view,2024-11-26 08:37:58,SES04744611,SES04744611
9891,474,135,view,2024-11-26 08:54:37,SES04744611,SES04744611
9892,474,106,view,2024-11-26 08:58:10,SES04744611,SES04744611
9893,474,189,view,2024-11-26 09:04:12,SES04744611,SES04744611
9894,474,47,view,2024-11-26 09:24:14,SES04744611,SES04744611
9895,474,48,cart,2024-11-26 09:32:20,SES04744611,SES04744611
9896,474,141,cart,2024-11-26 09:42:13,SES04744611,SES04744611
9897,474,135,cart,2024-11-26 09:48:48,SES04744611,SES04744611
9898,475,85,view,2024-08-01 21:33:37,SES04753381,SES04753381
9899,475,141,view,2024-08-01 21:55:01,SES04753381,SES04753381
9900,475,197,view,2024-08-01 22:00:19,SES04753381,SES04753381
9901,475,117,view,2024-08-01 22:13:40,SES04753381,SES04753381
9902,475,62,view,2024-08-01 22:19:36,SES04753381,SES04753381
9903,475,34,view,2024-08-01 22:38:54,SES04753381,SES04753381
9904,475,53,view,2024-08-01 22:56:43,SES04753381,SES04753381
9905,475,21,view,2024-08-01 23:22:56,SES04753381,SES04753381
9906,475,125,view,2024-08-01 23:44:23,SES04753381,SES04753381
9907,475,146,view,2024-08-01 23:53:43,SES04753381,SES04753381
9908,475,85,cart,2024-08-02 00:05:43,SES04753381,SES04753381
9909,475,197,cart,2024-08-02 00:20:28,SES04753381,SES04753381
9910,475,117,cart,2024-08-02 00:35:52,SES04753381,SES04753381
9911,475,53,cart,2024-08-02 00:47:13,SES04753381,SES04753381
9912,475,160,view,2024-01-27 02:53:51,SES04753469,SES04753469
9913,475,106,view,2024-01-27 03:00:53,SES04753469,SES04753469
9914,475,168,view,2024-01-27 03:19:49,SES04753469,SES04753469
9915,475,172,view,2024-01-27 03:36:44,SES04753469,SES04753469
9916,475,180,view,2024-01-27 03:47:58,SES04753469,SES04753469
9917,475,45,view,2024-01-27 04:05:15,SES04753469,SES04753469
9918,475,159,view,2024-01-27 04:32:50,SES04753469,SES04753469
9919,475,5,view,2024-01-27 04:57:49,SES04753469,SES04753469
9920,475,106,cart,2024-01-27 05:18:44,SES04753469,SES04753469
9921,475,168,cart,2024-01-27 05:19:31,SES04753469,SES04753469
9922,475,45,cart,2024-01-27 05:30:44,SES04753469,SES04753469
9923,476,141,view,2023-07-08 19:05:04,SES04761829,SES04761829
9924,476,5,view,2023-07-08 19:19:25,SES04761829,SES04761829
9925,476,77,view,2023-07-08 19:43:20,SES04761829,SES04761829
9926,476,196,view,2023-07-08 19:48:52,SES04761829,SES04761829
9927,476,5,cart,2023-07-08 20:14:31,SES04761829,SES04761829
9928,477,183,view,2024-03-25 20:57:30,SES04776465,SES04776465
9929,477,7,view,2024-03-25 21:09:41,SES04776465,SES04776465
9930,477,116,view,2024-03-25 21:17:08,SES04776465,SES04776465
9931,477,183,view,2024-03-25 21:31:10,SES04776465,SES04776465
9932,477,124,view,2024-03-25 21:34:17,SES04776465,SES04776465
9933,477,119,view,2024-03-25 22:00:53,SES04776465,SES04776465
9934,477,119,view,2024-03-25 22:21:36,SES04776465,SES04776465
9935,477,23,view,2024-03-25 22:37:56,SES04776465,SES04776465
9936,477,124,cart,2024-03-25 23:01:16,SES04776465,SES04776465
9937,477,23,cart,2024-03-25 23:11:10,SES04776465,SES04776465
9938,478,46,view,2024-11-06 01:13:55,SES04784517,SES04784517
9939,478,51,view,2024-11-06 01:32:26,SES04784517,SES04784517
9940,478,37,view,2024-11-06 01:40:04,SES04784517,SES04784517
9941,478,33,view,2024-11-06 02:06:34,SES04784517,SES04784517
9942,478,18,view,2024-11-06 02:21:12,SES04784517,SES04784517
9943,478,46,cart,2024-11-06 02:42:13,SES04784517,SES04784517
9944,478,18,cart,2024-11-06 02:49:11,SES04784517,SES04784517
9945,478,141,view,2023-04-04 00:32:06,SES04783711,SES04783711
9946,478,156,view,2023-04-04 00:48:02,SES04783711,SES04783711
9947,478,158,view,2023-04-04 00:53:48,SES04783711,SES04783711
9948,478,172,view,2023-04-04 01:01:02,SES04783711,SES04783711
9949,478,161,view,2023-04-04 01:20:20,SES04783711,SES04783711
9950,478,168,view,2023-04-04 01:45:31,SES04783711,SES04783711
9951,478,59,view,2023-04-04 02:12:41,SES04783711,SES04783711
9952,478,143,view,2023-04-04 02:14:39,SES04783711,SES04783711
9953,478,158,cart,2023-04-04 02:32:06,SES04783711,SES04783711
9954,478,143,cart,2023-04-04 02:36:12,SES04783711,SES04783711
9955,478,23,view,2024-11-05 02:46:18,SES04785852,SES04785852
9956,478,51,view,2024-11-05 03:09:05,SES04785852,SES04785852
9957,478,62,view,2024-11-05 03:31:44,SES04785852,SES04785852
9958,478,45,view,2024-11-05 03:43:50,SES04785852,SES04785852
9959,478,157,view,2024-11-05 03:52:59,SES04785852,SES04785852
9960,478,108,view,2024-11-05 04:09:44,SES04785852,SES04785852
9961,478,40,view,2024-11-05 04:36:50,SES04785852,SES04785852
9962,478,164,view,2024-11-05 04:40:48,SES04785852,SES04785852
9963,478,74,view,2024-11-05 05:07:14,SES04785852,SES04785852
9964,478,45,cart,2024-11-05 05:18:13,SES04785852,SES04785852
9965,478,108,cart,2024-11-05 05:36:00,SES04785852,SES04785852
9966,478,40,cart,2024-11-05 05:39:53,SES04785852,SES04785852
9967,478,131,view,2024-04-23 03:40:16,SES04787784,SES04787784
9968,478,116,view,2024-04-23 04:09:39,SES04787784,SES04787784
9969,478,176,view,2024-04-23 04:18:26,SES04787784,SES04787784
9970,478,44,view,2024-04-23 04:38:22,SES04787784,SES04787784
9971,479,92,view,2024-01-28 06:14:30,SES04797085,SES04797085
9972,479,176,view,2024-01-28 06:17:59,SES04797085,SES04797085
9973,479,47,view,2024-01-28 06:30:10,SES04797085,SES04797085
9974,479,164,view,2024-01-28 06:32:19,SES04797085,SES04797085
9975,479,53,view,2024-01-28 06:34:41,SES04797085,SES04797085
9976,479,28,view,2024-01-28 07:00:41,SES04797085,SES04797085
9977,479,176,cart,2024-01-28 07:19:09,SES04797085,SES04797085
9978,479,47,cart,2024-01-28 07:35:14,SES04797085,SES04797085
9979,479,164,cart,2024-01-28 07:39:36,SES04797085,SES04797085
9980,479,64,view,2024-03-23 10:31:18,SES04791814,SES04791814
9981,479,68,view,2024-03-23 10:58:42,SES04791814,SES04791814
9982,479,47,view,2024-03-23 11:14:13,SES04791814,SES04791814
9983,479,89,view,2024-03-23 11:28:14,SES04791814,SES04791814
9984,479,53,view,2024-03-23 11:37:02,SES04791814,SES04791814
9985,479,191,view,2024-03-23 11:37:45,SES04791814,SES04791814
9986,479,24,view,2024-03-23 11:44:35,SES04791814,SES04791814
9987,479,6,view,2024-03-23 12:09:50,SES04791814,SES04791814
9988,479,57,view,2024-03-23 12:27:38,SES04791814,SES04791814
9989,479,14,view,2024-03-23 12:36:04,SES04791814,SES04791814
9990,479,47,cart,2024-03-23 13:04:29,SES04791814,SES04791814
9991,479,191,cart,2024-03-23 13:07:56,SES04791814,SES04791814
9992,479,24,cart,2024-03-23 13:10:21,SES04791814,SES04791814
9993,480,189,view,2024-03-15 02:33:34,SES04807828,SES04807828
9994,480,158,view,2024-03-15 02:36:52,SES04807828,SES04807828
9995,480,18,view,2024-03-15 02:48:52,SES04807828,SES04807828
9996,480,49,view,2024-03-15 02:55:54,SES04807828,SES04807828
9997,480,18,view,2024-03-15 03:19:47,SES04807828,SES04807828
9998,480,7,view,2024-11-09 15:30:47,SES04805537,SES04805537
9999,480,65,view,2024-11-09 15:52:53,SES04805537,SES04805537
10000,480,52,view,2024-11-09 16:04:52,SES04805537,SES04805537
10001,480,51,view,2024-11-09 16:28:32,SES04805537,SES04805537
10002,480,193,view,2024-11-09 16:42:33,SES04805537,SES04805537
10003,480,52,cart,2024-11-09 16:46:08,SES04805537,SES04805537
10004,480,193,cart,2024-11-09 16:53:51,SES04805537,SES04805537
10005,481,141,view,2024-01-19 16:11:13,SES04814617,SES04814617
10006,481,174,view,2024-01-19 16:17:49,SES04814617,SES04814617
10007,481,124,view,2024-01-19 16:36:52,SES04814617,SES04814617
10008,481,180,view,2024-01-19 17:02:52,SES04814617,SES04814617
10009,481,108,view,2024-01-19 17:09:57,SES04814617,SES04814617
10010,481,112,view,2024-01-19 17:16:00,SES04814617,SES04814617
10011,481,108,cart,2024-01-19 17:19:47,SES04814617,SES04814617
10012,481,80,view,2023-07-11 23:43:07,SES04819617,SES04819617
10013,481,150,view,2023-07-12 00:02:04,SES04819617,SES04819617
10014,481,172,view,2023-07-12 00:08:55,SES04819617,SES04819617
10015,481,164,view,2024-01-15 19:43:16,SES04811032,SES04811032
10016,481,164,view,2024-01-15 20:09:16,SES04811032,SES04811032
10017,481,131,view,2024-01-15 20:36:34,SES04811032,SES04811032
10018,481,130,view,2024-01-15 20:57:48,SES04811032,SES04811032
10019,481,178,view,2024-01-15 21:16:20,SES04811032,SES04811032
10020,481,90,view,2024-01-15 21:18:07,SES04811032,SES04811032
10021,481,199,view,2024-01-15 21:31:48,SES04811032,SES04811032
10022,481,176,view,2024-01-15 21:58:29,SES04811032,SES04811032
10023,481,24,view,2024-01-15 22:02:59,SES04811032,SES04811032
10024,481,178,view,2024-01-15 22:15:10,SES04811032,SES04811032
10025,481,199,cart,2024-01-15 22:44:53,SES04811032,SES04811032
10026,481,24,cart,2024-01-15 22:53:45,SES04811032,SES04811032
10027,481,141,view,2024-11-12 11:00:16,SES04811302,SES04811302
10028,481,64,view,2024-11-12 11:28:53,SES04811302,SES04811302
10029,481,153,view,2024-11-12 11:36:18,SES04811302,SES04811302
10030,481,141,cart,2024-11-12 11:51:37,SES04811302,SES04811302
10031,481,64,cart,2024-11-12 11:54:48,SES04811302,SES04811302
10032,482,32,view,2024-11-20 00:31:30,SES04821073,SES04821073
10033,482,117,view,2024-11-20 00:58:16,SES04821073,SES04821073
10034,482,86,view,2024-11-20 01:15:22,SES04821073,SES04821073
10035,482,153,view,2024-11-20 01:20:13,SES04821073,SES04821073
10036,482,92,view,2024-11-20 01:47:27,SES04821073,SES04821073
10037,482,62,view,2024-11-20 01:53:19,SES04821073,SES04821073
10038,482,183,view,2024-11-20 02:02:46,SES04821073,SES04821073
10039,482,124,view,2024-11-20 02:28:06,SES04821073,SES04821073
10040,482,2,view,2024-11-20 02:41:26,SES04821073,SES04821073
10041,482,117,cart,2024-11-20 03:10:37,SES04821073,SES04821073
10042,482,183,cart,2024-11-20 03:25:23,SES04821073,SES04821073
10043,482,8,view,2023-07-07 18:11:12,SES04824578,SES04824578
10044,482,128,view,2023-07-07 18:19:17,SES04824578,SES04824578
10045,482,30,view,2023-07-07 18:36:17,SES04824578,SES04824578
10046,482,166,view,2023-07-07 18:50:03,SES04824578,SES04824578
10047,482,183,view,2023-07-07 19:19:20,SES04824578,SES04824578
10048,482,20,view,2023-07-07 19:28:39,SES04824578,SES04824578
10049,482,91,view,2023-07-07 19:42:18,SES04824578,SES04824578
10050,482,91,cart,2023-07-07 20:07:33,SES04824578,SES04824578
10051,483,176,view,2023-07-25 19:08:27,SES04835914,SES04835914
10052,483,87,view,2023-07-25 19:16:26,SES04835914,SES04835914
10053,483,75,view,2023-07-25 19:30:53,SES04835914,SES04835914
10054,483,34,view,2023-07-25 19:46:13,SES04835914,SES04835914
10055,483,192,view,2023-07-25 20:11:32,SES04835914,SES04835914
10056,483,105,view,2023-07-25 20:14:25,SES04835914,SES04835914
10057,483,131,view,2023-07-25 20:27:39,SES04835914,SES04835914
10058,483,75,cart,2023-07-25 20:44:09,SES04835914,SES04835914
10059,483,192,cart,2023-07-25 20:52:56,SES04835914,SES04835914
10060,483,105,cart,2023-07-25 21:00:32,SES04835914,SES04835914
10061,483,150,view,2023-02-01 00:41:58,SES04831761,SES04831761
10062,483,96,view,2023-02-01 00:51:57,SES04831761,SES04831761
10063,483,166,view,2023-02-01 00:56:42,SES04831761,SES04831761
10064,483,51,view,2023-02-01 01:15:01,SES04831761,SES04831761
10065,483,40,view,2023-02-01 01:18:36,SES04831761,SES04831761
10066,483,57,view,2023-02-01 01:48:22,SES04831761,SES04831761
10067,483,51,cart,2023-02-01 02:17:32,SES04831761,SES04831761
10068,483,126,view,2023-12-19 08:06:05,SES04835224,SES04835224
10069,483,91,view,2023-12-19 08:29:30,SES04835224,SES04835224
10070,483,62,view,2023-12-19 08:39:30,SES04835224,SES04835224
10071,483,38,view,2023-12-19 09:01:09,SES04835224,SES04835224
10072,483,150,view,2023-12-19 09:18:14,SES04835224,SES04835224
10073,483,23,view,2023-12-19 09:31:14,SES04835224,SES04835224
10074,483,91,cart,2023-12-19 09:56:46,SES04835224,SES04835224
10075,484,154,view,2024-09-05 01:46:42,SES04847074,SES04847074
10076,484,24,view,2024-09-05 02:11:09,SES04847074,SES04847074
10077,484,150,view,2024-09-05 02:26:45,SES04847074,SES04847074
10078,484,178,view,2024-09-05 02:55:12,SES04847074,SES04847074
10079,484,91,view,2024-09-05 03:23:28,SES04847074,SES04847074
10080,484,70,view,2024-09-05 03:41:03,SES04847074,SES04847074
10081,484,154,cart,2024-09-05 03:50:11,SES04847074,SES04847074
10082,484,178,cart,2024-09-05 04:00:18,SES04847074,SES04847074
10083,484,112,view,2024-03-03 01:16:19,SES04843106,SES04843106
10084,484,143,view,2024-03-03 01:29:19,SES04843106,SES04843106
10085,484,51,view,2024-03-03 01:42:23,SES04843106,SES04843106
10086,484,112,cart,2024-03-03 02:11:06,SES04843106,SES04843106
10087,484,169,view,2023-07-07 19:06:09,SES04848651,SES04848651
10088,484,111,view,2023-07-07 19:25:04,SES04848651,SES04848651
10089,484,168,view,2023-07-07 19:31:55,SES04848651,SES04848651
10090,484,77,view,2023-07-07 19:54:53,SES04848651,SES04848651
10091,484,193,view,2023-07-07 20:23:44,SES04848651,SES04848651
10092,484,122,view,2023-07-07 20:53:26,SES04848651,SES04848651
10093,484,113,view,2023-07-07 21:11:00,SES04848651,SES04848651
10094,484,20,view,2023-07-07 21:30:28,SES04848651,SES04848651
10095,484,150,view,2023-07-07 21:32:39,SES04848651,SES04848651
10096,484,150,view,2023-07-07 21:49:57,SES04848651,SES04848651
10097,484,168,cart,2023-07-07 22:17:05,SES04848651,SES04848651
10098,484,193,cart,2023-07-07 22:29:02,SES04848651,SES04848651
10099,484,122,cart,2023-07-07 22:45:19,SES04848651,SES04848651
10100,484,20,cart,2023-07-07 22:57:59,SES04848651,SES04848651
10101,484,150,cart,2023-07-07 23:11:16,SES04848651,SES04848651
10102,484,191,view,2023-08-26 00:52:16,SES04846118,SES04846118
10103,484,172,view,2023-08-26 01:18:28,SES04846118,SES04846118
10104,484,189,view,2023-08-26 01:35:17,SES04846118,SES04846118
10105,484,11,view,2023-08-26 01:47:15,SES04846118,SES04846118
10106,484,195,view,2023-08-26 02:03:55,SES04846118,SES04846118
10107,484,172,cart,2023-08-26 02:09:38,SES04846118,SES04846118
10108,484,189,cart,2023-08-26 02:20:56,SES04846118,SES04846118
10109,485,74,view,2024-02-15 20:18:25,SES04852527,SES04852527
10110,485,183,view,2024-02-15 20:44:26,SES04852527,SES04852527
10111,485,51,view,2024-02-15 20:50:15,SES04852527,SES04852527
10112,485,152,view,2024-02-15 20:57:30,SES04852527,SES04852527
10113,485,21,view,2024-02-15 21:01:30,SES04852527,SES04852527
10114,485,137,view,2024-02-15 21:19:11,SES04852527,SES04852527
10115,485,27,view,2024-02-15 21:36:37,SES04852527,SES04852527
10116,485,181,view,2024-02-15 21:41:44,SES04852527,SES04852527
10117,485,19,view,2024-02-15 22:11:11,SES04852527,SES04852527
10118,485,189,view,2024-02-15 22:35:36,SES04852527,SES04852527
10119,485,51,cart,2024-02-15 22:56:48,SES04852527,SES04852527
10120,485,27,cart,2024-02-15 22:59:33,SES04852527,SES04852527
10121,485,172,view,2023-03-13 18:53:57,SES04859017,SES04859017
10122,485,63,view,2023-03-13 19:17:45,SES04859017,SES04859017
10123,485,53,view,2023-03-13 19:27:45,SES04859017,SES04859017
10124,485,166,view,2023-03-13 19:29:58,SES04859017,SES04859017
10125,485,87,view,2023-03-13 19:59:46,SES04859017,SES04859017
10126,485,155,view,2023-03-13 20:28:12,SES04859017,SES04859017
10127,485,3,view,2023-03-13 20:50:58,SES04859017,SES04859017
10128,485,178,view,2023-03-13 20:55:26,SES04859017,SES04859017
10129,485,145,view,2023-03-13 21:14:04,SES04859017,SES04859017
10130,485,24,view,2023-03-13 21:20:37,SES04859017,SES04859017
10131,485,172,cart,2023-03-13 21:38:34,SES04859017,SES04859017
10132,485,53,cart,2023-03-13 21:39:27,SES04859017,SES04859017
10133,485,87,cart,2023-03-13 21:42:55,SES04859017,SES04859017
10134,485,178,cart,2023-03-13 21:48:43,SES04859017,SES04859017
10135,486,175,view,2024-07-11 03:08:36,SES04869255,SES04869255
10136,486,135,view,2024-07-11 03:30:23,SES04869255,SES04869255
10137,486,146,view,2024-07-11 03:34:30,SES04869255,SES04869255
10138,486,199,view,2024-07-11 04:01:40,SES04869255,SES04869255
10139,486,120,view,2024-07-11 04:03:26,SES04869255,SES04869255
10140,486,77,view,2024-07-11 04:31:49,SES04869255,SES04869255
10141,486,122,view,2024-07-11 04:46:19,SES04869255,SES04869255
10142,486,113,view,2024-07-11 04:59:25,SES04869255,SES04869255
10143,486,189,view,2023-07-14 19:53:57,SES04863183,SES04863183
10144,486,168,view,2023-07-14 20:06:14,SES04863183,SES04863183
10145,486,38,view,2023-07-14 20:10:04,SES04863183,SES04863183
10146,486,32,view,2023-07-14 20:21:54,SES04863183,SES04863183
10147,486,12,view,2023-07-14 20:33:59,SES04863183,SES04863183
10148,486,174,view,2023-07-14 20:55:40,SES04863183,SES04863183
10149,486,164,view,2023-07-14 21:16:25,SES04863183,SES04863183
10150,486,50,view,2023-07-14 21:35:03,SES04863183,SES04863183
10151,486,189,cart,2023-07-14 21:57:49,SES04863183,SES04863183
10152,486,168,cart,2023-07-14 21:58:34,SES04863183,SES04863183
10153,487,68,view,2024-08-15 19:25:20,SES04876316,SES04876316
10154,487,80,view,2024-08-15 19:50:03,SES04876316,SES04876316
10155,487,171,view,2024-08-15 20:18:35,SES04876316,SES04876316
10156,487,74,view,2024-08-15 20:37:46,SES04876316,SES04876316
10157,487,62,view,2024-08-15 20:58:47,SES04876316,SES04876316
10158,487,117,view,2024-08-15 21:00:40,SES04876316,SES04876316
10159,487,77,view,2024-08-15 21:18:09,SES04876316,SES04876316
10160,487,116,view,2024-08-15 21:27:44,SES04876316,SES04876316
10161,487,128,view,2023-11-13 01:09:50,SES04875989,SES04875989
10162,487,189,view,2023-11-13 01:27:18,SES04875989,SES04875989
10163,487,126,view,2023-11-13 01:28:26,SES04875989,SES04875989
10164,487,83,view,2023-11-13 01:55:56,SES04875989,SES04875989
10165,487,72,view,2023-11-13 02:19:55,SES04875989,SES04875989
10166,487,77,view,2023-11-13 02:35:07,SES04875989,SES04875989
10167,487,141,view,2023-11-13 02:50:23,SES04875989,SES04875989
10168,487,25,view,2023-11-13 02:52:29,SES04875989,SES04875989
10169,487,126,view,2023-11-13 03:21:11,SES04875989,SES04875989
10170,487,128,cart,2023-11-13 03:36:34,SES04875989,SES04875989
10171,487,189,cart,2023-11-13 03:39:38,SES04875989,SES04875989
10172,487,126,cart,2023-11-13 03:48:48,SES04875989,SES04875989
10173,487,72,cart,2023-11-13 03:51:47,SES04875989,SES04875989
10174,487,126,cart,2023-11-13 03:56:28,SES04875989,SES04875989
10175,488,188,view,2023-08-26 07:09:23,SES04888354,SES04888354
10176,488,34,view,2023-08-26 07:28:56,SES04888354,SES04888354
10177,488,81,view,2023-08-26 07:58:30,SES04888354,SES04888354
10178,488,164,view,2023-08-26 07:59:37,SES04888354,SES04888354
10179,488,115,view,2023-08-26 08:22:30,SES04888354,SES04888354
10180,488,62,view,2023-08-26 08:35:31,SES04888354,SES04888354
10181,488,188,cart,2023-08-26 08:50:25,SES04888354,SES04888354
10182,488,34,cart,2023-08-26 09:07:02,SES04888354,SES04888354
10183,488,164,cart,2023-08-26 09:12:52,SES04888354,SES04888354
10184,488,151,view,2023-11-05 21:19:48,SES04889425,SES04889425
10185,488,6,view,2023-11-05 21:40:20,SES04889425,SES04889425
10186,488,150,view,2023-11-05 22:05:48,SES04889425,SES04889425
10187,488,87,view,2023-11-05 22:20:48,SES04889425,SES04889425
10188,488,119,view,2023-11-05 22:21:50,SES04889425,SES04889425
10189,488,181,view,2023-11-05 22:40:40,SES04889425,SES04889425
10190,488,112,view,2023-11-05 22:59:48,SES04889425,SES04889425
10191,488,57,view,2023-11-05 23:28:03,SES04889425,SES04889425
10192,488,111,view,2023-11-05 23:49:23,SES04889425,SES04889425
10193,488,6,cart,2023-11-06 00:08:38,SES04889425,SES04889425
10194,488,150,cart,2023-11-06 00:09:24,SES04889425,SES04889425
10195,488,119,cart,2023-11-06 00:15:16,SES04889425,SES04889425
10196,488,181,cart,2023-11-06 00:16:14,SES04889425,SES04889425
10197,489,64,view,2023-12-21 09:12:25,SES04896610,SES04896610
10198,489,83,view,2023-12-21 09:13:28,SES04896610,SES04896610
10199,489,11,view,2023-12-21 09:21:06,SES04896610,SES04896610
10200,489,38,view,2023-12-21 09:48:31,SES04896610,SES04896610
10201,489,12,view,2023-04-13 07:13:48,SES04897281,SES04897281
10202,489,66,view,2023-04-13 07:20:00,SES04897281,SES04897281
10203,489,161,view,2023-04-13 07:46:35,SES04897281,SES04897281
10204,489,91,view,2023-04-13 08:13:36,SES04897281,SES04897281
10205,489,176,view,2023-04-13 08:33:36,SES04897281,SES04897281
10206,489,91,cart,2023-04-13 08:34:15,SES04897281,SES04897281
10207,489,151,view,2023-07-26 20:45:10,SES04899440,SES04899440
10208,489,53,view,2023-07-26 20:50:24,SES04899440,SES04899440
10209,489,136,view,2023-07-26 21:13:41,SES04899440,SES04899440
10210,489,64,view,2023-07-26 21:29:13,SES04899440,SES04899440
10211,489,87,view,2023-07-26 21:45:02,SES04899440,SES04899440
10212,489,120,view,2023-07-26 21:50:48,SES04899440,SES04899440
10213,489,53,view,2023-07-26 21:55:33,SES04899440,SES04899440
10214,489,71,view,2023-07-26 22:03:56,SES04899440,SES04899440
10215,489,150,view,2023-07-26 22:10:22,SES04899440,SES04899440
10216,489,87,view,2023-07-26 22:23:03,SES04899440,SES04899440
10217,489,71,cart,2023-07-26 22:40:27,SES04899440,SES04899440
10218,489,150,cart,2023-07-26 22:51:20,SES04899440,SES04899440
10219,489,19,view,2023-09-08 04:19:00,SES04893714,SES04893714
10220,489,91,view,2023-09-08 04:46:43,SES04893714,SES04893714
10221,489,135,view,2023-09-08 04:48:07,SES04893714,SES04893714
10222,489,67,view,2023-09-08 04:59:29,SES04893714,SES04893714
10223,489,7,view,2023-09-08 05:20:44,SES04893714,SES04893714
10224,489,89,view,2023-09-08 05:39:30,SES04893714,SES04893714
10225,489,172,view,2023-09-08 05:59:41,SES04893714,SES04893714
10226,489,36,view,2023-09-08 06:05:13,SES04893714,SES04893714
10227,489,101,view,2023-09-08 06:08:17,SES04893714,SES04893714
10228,489,135,cart,2023-09-08 06:34:03,SES04893714,SES04893714
10229,489,36,cart,2023-09-08 06:50:50,SES04893714,SES04893714
10230,490,158,view,2024-02-09 15:27:03,SES04903772,SES04903772
10231,490,18,view,2024-02-09 15:32:12,SES04903772,SES04903772
10232,490,36,view,2024-02-09 15:34:52,SES04903772,SES04903772
10233,490,26,view,2024-02-09 15:47:05,SES04903772,SES04903772
10234,490,36,view,2024-02-09 15:55:13,SES04903772,SES04903772
10235,490,147,view,2024-02-09 16:04:33,SES04903772,SES04903772
10236,490,74,view,2024-02-09 16:05:56,SES04903772,SES04903772
10237,490,147,cart,2024-02-09 16:27:41,SES04903772,SES04903772
10238,490,106,view,2023-02-20 22:30:48,SES04904570,SES04904570
10239,490,110,view,2023-02-20 22:52:47,SES04904570,SES04904570
10240,490,87,view,2023-02-20 23:20:10,SES04904570,SES04904570
10241,490,156,view,2023-02-20 23:26:14,SES04904570,SES04904570
10242,490,167,view,2023-02-20 23:49:31,SES04904570,SES04904570
10243,490,112,view,2023-02-20 23:55:18,SES04904570,SES04904570
10244,490,156,cart,2023-02-21 00:03:27,SES04904570,SES04904570
10245,490,101,view,2023-03-14 03:10:17,SES04902736,SES04902736
10246,490,126,view,2023-03-14 03:14:27,SES04902736,SES04902736
10247,490,176,view,2023-03-14 03:39:57,SES04902736,SES04902736
10248,490,143,view,2023-03-14 03:50:45,SES04902736,SES04902736
10249,490,175,view,2023-03-14 04:19:41,SES04902736,SES04902736
10250,490,114,view,2023-03-14 04:41:33,SES04902736,SES04902736
10251,490,129,view,2023-03-14 04:50:49,SES04902736,SES04902736
10252,490,150,view,2023-03-14 04:52:29,SES04902736,SES04902736
10253,490,12,view,2023-03-14 05:05:36,SES04902736,SES04902736
10254,490,153,view,2023-03-14 05:30:42,SES04902736,SES04902736
10255,490,114,cart,2023-03-14 05:36:49,SES04902736,SES04902736
10256,490,150,cart,2023-03-14 05:43:27,SES04902736,SES04902736
10257,490,12,cart,2023-03-14 05:50:52,SES04902736,SES04902736
10258,490,27,view,2024-11-03 05:01:21,SES04909773,SES04909773
10259,490,168,view,2024-11-03 05:24:28,SES04909773,SES04909773
10260,490,114,view,2024-11-03 05:25:18,SES04909773,SES04909773
10261,490,158,view,2024-11-03 05:38:15,SES04909773,SES04909773
10262,490,113,view,2024-11-03 05:55:57,SES04909773,SES04909773
10263,490,181,view,2024-11-03 06:25:55,SES04909773,SES04909773
10264,490,70,view,2024-11-03 06:53:32,SES04909773,SES04909773
10265,490,27,cart,2024-11-03 07:20:09,SES04909773,SES04909773
10266,490,168,cart,2024-11-03 07:30:30,SES04909773,SES04909773
10267,490,113,cart,2024-11-03 07:34:44,SES04909773,SES04909773
10268,490,70,cart,2024-11-03 07:43:33,SES04909773,SES04909773
10269,491,39,view,2024-12-10 07:23:41,SES04913254,SES04913254
10270,491,197,view,2024-12-10 07:40:55,SES04913254,SES04913254
10271,491,73,view,2024-12-10 07:53:44,SES04913254,SES04913254
10272,491,123,view,2024-12-10 08:15:09,SES04913254,SES04913254
10273,491,73,cart,2024-12-10 08:26:09,SES04913254,SES04913254
10274,491,158,view,2024-02-26 02:47:50,SES04911640,SES04911640
10275,491,141,view,2024-02-26 02:48:48,SES04911640,SES04911640
10276,491,164,view,2024-02-26 03:05:45,SES04911640,SES04911640
10277,491,141,cart,2024-02-26 03:07:39,SES04911640,SES04911640
10278,491,164,cart,2024-02-26 03:18:20,SES04911640,SES04911640
10279,491,17,view,2023-02-06 04:23:52,SES04919255,SES04919255
10280,491,27,view,2023-02-06 04:29:48,SES04919255,SES04919255
10281,491,91,view,2023-02-06 04:56:14,SES04919255,SES04919255
10282,491,162,view,2023-02-06 04:59:36,SES04919255,SES04919255
10283,491,91,view,2023-02-06 05:18:16,SES04919255,SES04919255
10284,491,144,view,2023-02-06 05:36:41,SES04919255,SES04919255
10285,491,13,view,2023-02-06 06:04:05,SES04919255,SES04919255
10286,491,172,view,2023-02-06 06:30:49,SES04919255,SES04919255
10287,491,135,view,2023-02-06 06:56:42,SES04919255,SES04919255
10288,491,190,view,2023-02-06 07:14:38,SES04919255,SES04919255
10289,491,91,cart,2023-02-06 07:40:18,SES04919255,SES04919255
10290,491,13,cart,2023-02-06 07:54:53,SES04919255,SES04919255
10291,491,67,view,2023-04-08 12:24:48,SES04912129,SES04912129
10292,491,45,view,2023-04-08 12:53:06,SES04912129,SES04912129
10293,491,106,view,2023-04-08 13:07:24,SES04912129,SES04912129
10294,491,66,view,2023-04-08 13:29:58,SES04912129,SES04912129
10295,491,17,view,2023-04-08 13:38:27,SES04912129,SES04912129
10296,491,69,view,2023-04-08 13:49:05,SES04912129,SES04912129
10297,491,34,view,2023-04-08 14:01:19,SES04912129,SES04912129
10298,491,45,cart,2023-04-08 14:23:26,SES04912129,SES04912129
10299,491,69,cart,2023-04-08 14:24:05,SES04912129,SES04912129
10300,492,108,view,2024-05-28 13:26:01,SES04921942,SES04921942
10301,492,123,view,2024-05-28 13:51:42,SES04921942,SES04921942
10302,492,146,view,2024-05-28 14:17:45,SES04921942,SES04921942
10303,492,136,view,2024-05-28 14:26:43,SES04921942,SES04921942
10304,492,108,cart,2024-05-28 14:45:47,SES04921942,SES04921942
10305,492,137,view,2023-11-16 06:00:07,SES04929159,SES04929159
10306,492,180,view,2023-11-16 06:12:13,SES04929159,SES04929159
10307,492,71,view,2023-11-16 06:29:10,SES04929159,SES04929159
10308,492,176,view,2023-11-16 06:56:32,SES04929159,SES04929159
10309,492,169,view,2023-11-16 07:13:12,SES04929159,SES04929159
10310,492,171,view,2023-11-16 07:21:38,SES04929159,SES04929159
10311,492,25,view,2023-11-16 07:45:50,SES04929159,SES04929159
10312,492,68,view,2023-11-16 07:58:54,SES04929159,SES04929159
10313,492,85,view,2023-11-16 08:08:11,SES04929159,SES04929159
10314,492,137,cart,2023-11-16 08:17:43,SES04929159,SES04929159
10315,492,169,cart,2023-11-16 08:24:21,SES04929159,SES04929159
10316,492,128,view,2023-03-11 20:27:45,SES04928446,SES04928446
10317,492,131,view,2023-03-11 20:35:00,SES04928446,SES04928446
10318,492,107,view,2023-03-11 20:40:21,SES04928446,SES04928446
10319,492,34,view,2023-03-11 20:55:05,SES04928446,SES04928446
10320,492,21,view,2023-03-11 21:24:02,SES04928446,SES04928446
10321,492,189,view,2023-03-11 21:30:58,SES04928446,SES04928446
10322,492,21,view,2023-03-11 21:57:53,SES04928446,SES04928446
10323,492,141,view,2023-03-11 22:10:05,SES04928446,SES04928446
10324,492,32,view,2023-03-11 22:29:15,SES04928446,SES04928446
10325,492,168,view,2023-03-11 22:48:04,SES04928446,SES04928446
10326,493,12,view,2023-07-22 15:22:14,SES04932791,SES04932791
10327,493,96,view,2023-07-22 15:32:57,SES04932791,SES04932791
10328,493,197,view,2023-07-22 15:36:06,SES04932791,SES04932791
10329,493,126,view,2023-07-22 15:50:59,SES04932791,SES04932791
10330,493,140,view,2023-07-22 16:03:54,SES04932791,SES04932791
10331,493,98,view,2023-07-22 16:10:55,SES04932791,SES04932791
10332,493,138,view,2023-07-22 16:35:03,SES04932791,SES04932791
10333,493,12,cart,2023-07-22 16:59:47,SES04932791,SES04932791
10334,493,96,cart,2023-07-22 17:07:56,SES04932791,SES04932791
10335,493,197,cart,2023-07-22 17:15:45,SES04932791,SES04932791
10336,493,51,view,2024-03-26 16:44:53,SES04938871,SES04938871
10337,493,172,view,2024-03-26 17:02:04,SES04938871,SES04938871
10338,493,42,view,2024-03-26 17:26:06,SES04938871,SES04938871
10339,493,188,view,2024-03-26 17:31:49,SES04938871,SES04938871
10340,493,196,view,2024-03-26 17:38:06,SES04938871,SES04938871
10341,493,46,view,2024-03-26 17:55:48,SES04938871,SES04938871
10342,493,42,cart,2024-03-26 18:24:12,SES04938871,SES04938871
10343,493,171,view,2024-12-19 02:40:19,SES04932975,SES04932975
10344,493,6,view,2024-12-19 02:43:13,SES04932975,SES04932975
10345,493,38,view,2024-12-19 03:06:50,SES04932975,SES04932975
10346,493,175,view,2024-12-19 03:15:32,SES04932975,SES04932975
10347,493,122,view,2024-12-19 03:16:56,SES04932975,SES04932975
10348,493,193,view,2024-12-19 03:37:42,SES04932975,SES04932975
10349,493,164,view,2024-12-19 03:48:38,SES04932975,SES04932975
10350,493,162,view,2024-12-19 03:49:16,SES04932975,SES04932975
10351,493,60,view,2024-12-19 04:08:40,SES04932975,SES04932975
10352,493,81,view,2024-12-19 04:29:12,SES04932975,SES04932975
10353,493,171,cart,2024-12-19 04:40:01,SES04932975,SES04932975
10354,493,38,cart,2024-12-19 04:51:22,SES04932975,SES04932975
10355,493,175,cart,2024-12-19 04:54:35,SES04932975,SES04932975
10356,493,141,view,2024-01-26 11:46:43,SES04931856,SES04931856
10357,493,71,view,2024-01-26 11:47:21,SES04931856,SES04931856
10358,493,29,view,2024-01-26 11:59:05,SES04931856,SES04931856
10359,493,64,view,2024-01-26 12:21:14,SES04931856,SES04931856
10360,493,140,view,2024-01-26 12:38:00,SES04931856,SES04931856
10361,493,21,view,2024-01-26 13:03:31,SES04931856,SES04931856
10362,493,143,view,2024-01-26 13:09:13,SES04931856,SES04931856
10363,493,2,view,2024-01-26 13:36:59,SES04931856,SES04931856
10364,493,187,view,2024-01-26 13:38:24,SES04931856,SES04931856
10365,493,191,view,2024-01-26 14:03:32,SES04931856,SES04931856
10366,493,191,cart,2024-01-26 14:16:45,SES04931856,SES04931856
10367,494,115,view,2023-03-02 08:24:44,SES04948920,SES04948920
10368,494,197,view,2023-03-02 08:28:09,SES04948920,SES04948920
10369,494,89,view,2023-03-02 08:48:27,SES04948920,SES04948920
10370,494,83,view,2023-03-02 08:59:35,SES04948920,SES04948920
10371,494,135,view,2023-03-02 09:24:11,SES04948920,SES04948920
10372,494,1,view,2023-03-02 09:27:46,SES04948920,SES04948920
10373,494,160,view,2023-03-02 09:34:58,SES04948920,SES04948920
10374,494,139,view,2023-03-02 09:59:03,SES04948920,SES04948920
10375,494,115,cart,2023-03-02 10:20:18,SES04948920,SES04948920
10376,494,135,cart,2023-03-02 10:22:39,SES04948920,SES04948920
10377,494,160,cart,2023-03-02 10:38:11,SES04948920,SES04948920
10378,494,139,cart,2023-03-02 10:51:07,SES04948920,SES04948920
10379,494,119,view,2024-11-16 17:12:57,SES04947241,SES04947241
10380,494,19,view,2024-11-16 17:34:01,SES04947241,SES04947241
10381,494,64,view,2024-11-16 17:43:29,SES04947241,SES04947241
10382,494,3,view,2024-11-16 18:13:13,SES04947241,SES04947241
10383,494,146,view,2024-11-16 18:27:36,SES04947241,SES04947241
10384,494,163,view,2024-11-16 18:48:30,SES04947241,SES04947241
10385,494,35,view,2024-11-16 18:57:59,SES04947241,SES04947241
10386,494,136,view,2023-03-06 07:37:59,SES04947527,SES04947527
10387,494,5,view,2023-03-06 08:02:23,SES04947527,SES04947527
10388,494,186,view,2023-03-06 08:05:24,SES04947527,SES04947527
10389,494,193,view,2023-03-06 08:28:28,SES04947527,SES04947527
10390,494,130,view,2023-03-06 08:33:01,SES04947527,SES04947527
10391,494,158,view,2023-09-28 22:21:42,SES04947201,SES04947201
10392,494,136,view,2023-09-28 22:49:38,SES04947201,SES04947201
10393,494,176,view,2023-09-28 22:52:03,SES04947201,SES04947201
10394,494,119,view,2023-09-28 22:53:12,SES04947201,SES04947201
10395,495,130,view,2023-01-25 01:05:35,SES04954982,SES04954982
10396,495,165,view,2023-01-25 01:18:16,SES04954982,SES04954982
10397,495,38,view,2023-01-25 01:45:59,SES04954982,SES04954982
10398,495,53,view,2023-01-25 01:52:03,SES04954982,SES04954982
10399,495,20,view,2023-01-25 01:55:49,SES04954982,SES04954982
10400,495,124,view,2023-01-25 02:11:25,SES04954982,SES04954982
10401,495,180,view,2023-01-25 02:39:11,SES04954982,SES04954982
10402,495,79,view,2023-01-25 03:01:10,SES04954982,SES04954982
10403,495,38,cart,2023-01-25 03:22:20,SES04954982,SES04954982
10404,495,53,cart,2023-01-25 03:33:52,SES04954982,SES04954982
10405,496,96,view,2024-08-09 08:01:45,SES04965335,SES04965335
10406,496,185,view,2024-08-09 08:13:40,SES04965335,SES04965335
10407,496,21,view,2024-08-09 08:34:07,SES04965335,SES04965335
10408,496,77,view,2024-08-09 08:58:48,SES04965335,SES04965335
10409,496,137,view,2024-08-09 09:10:46,SES04965335,SES04965335
10410,496,150,view,2024-08-09 09:27:35,SES04965335,SES04965335
10411,496,34,view,2024-08-09 09:50:12,SES04965335,SES04965335
10412,496,180,view,2024-08-09 10:07:17,SES04965335,SES04965335
10413,496,112,view,2024-08-09 10:18:08,SES04965335,SES04965335
10414,496,185,cart,2024-08-09 10:44:37,SES04965335,SES04965335
10415,496,21,cart,2024-08-09 10:58:47,SES04965335,SES04965335
10416,496,34,cart,2024-08-09 11:00:43,SES04965335,SES04965335
10417,496,186,view,2024-09-04 14:32:00,SES04969637,SES04969637
10418,496,46,view,2024-09-04 14:52:54,SES04969637,SES04969637
10419,496,51,view,2024-09-04 15:04:02,SES04969637,SES04969637
10420,496,117,view,2024-09-04 15:06:22,SES04969637,SES04969637
10421,496,72,view,2024-09-04 15:13:32,SES04969637,SES04969637
10422,496,178,view,2024-09-04 15:24:50,SES04969637,SES04969637
10423,496,36,view,2024-09-04 15:47:58,SES04969637,SES04969637
10424,496,64,view,2024-09-04 16:05:38,SES04969637,SES04969637
10425,496,185,view,2024-09-04 16:15:31,SES04969637,SES04969637
10426,496,183,view,2024-09-04 16:16:52,SES04969637,SES04969637
10427,497,44,view,2023-11-03 20:14:30,SES04972138,SES04972138
10428,497,96,view,2023-11-03 20:29:28,SES04972138,SES04972138
10429,497,19,view,2023-11-03 20:41:26,SES04972138,SES04972138
10430,497,44,cart,2023-11-03 21:02:19,SES04972138,SES04972138
10431,497,19,cart,2023-11-03 21:15:38,SES04972138,SES04972138
10432,498,175,view,2023-03-18 06:00:35,SES04987845,SES04987845
10433,498,6,view,2023-03-18 06:19:55,SES04987845,SES04987845
10434,498,168,view,2023-03-18 06:45:08,SES04987845,SES04987845
10435,498,187,view,2023-03-18 06:52:43,SES04987845,SES04987845
10436,498,21,view,2023-03-18 07:17:04,SES04987845,SES04987845
10437,498,153,view,2023-03-18 07:44:05,SES04987845,SES04987845
10438,498,168,cart,2023-03-18 08:09:28,SES04987845,SES04987845
10439,498,187,cart,2023-03-18 08:20:24,SES04987845,SES04987845
10440,498,21,cart,2023-03-18 08:25:00,SES04987845,SES04987845
10441,498,172,view,2024-02-05 18:34:33,SES04984788,SES04984788
10442,498,119,view,2024-02-05 18:46:53,SES04984788,SES04984788
10443,498,189,view,2024-02-05 19:13:50,SES04984788,SES04984788
10444,498,19,view,2024-02-05 19:36:14,SES04984788,SES04984788
10445,498,186,view,2024-02-05 19:37:02,SES04984788,SES04984788
10446,498,196,view,2024-02-05 19:59:26,SES04984788,SES04984788
10447,498,13,view,2024-02-05 20:14:16,SES04984788,SES04984788
10448,498,34,view,2024-02-05 20:34:41,SES04984788,SES04984788
10449,498,54,view,2024-02-05 20:48:46,SES04984788,SES04984788
10450,498,107,view,2024-02-05 21:01:55,SES04984788,SES04984788
10451,498,189,cart,2024-02-05 21:07:09,SES04984788,SES04984788
10452,499,58,view,2023-12-04 22:29:40,SES04996052,SES04996052
10453,499,146,view,2023-12-04 22:35:16,SES04996052,SES04996052
10454,499,76,view,2023-12-04 22:42:25,SES04996052,SES04996052
10455,499,151,view,2023-12-04 22:50:40,SES04996052,SES04996052
10456,499,169,view,2023-12-04 22:52:29,SES04996052,SES04996052
10457,499,81,view,2023-12-04 23:04:03,SES04996052,SES04996052
10458,499,65,view,2023-12-04 23:21:01,SES04996052,SES04996052
10459,499,76,cart,2023-12-04 23:36:30,SES04996052,SES04996052
10460,499,65,cart,2023-12-04 23:38:46,SES04996052,SES04996052
10461,499,132,view,2024-09-18 10:15:05,SES04999573,SES04999573
10462,499,138,view,2024-09-18 10:37:35,SES04999573,SES04999573
10463,499,168,view,2024-09-18 10:58:12,SES04999573,SES04999573
10464,499,162,view,2024-09-18 11:23:02,SES04999573,SES04999573
10465,499,96,view,2024-09-18 11:33:36,SES04999573,SES04999573
10466,499,146,view,2024-09-18 11:48:52,SES04999573,SES04999573
10467,499,89,view,2024-09-18 12:04:03,SES04999573,SES04999573
10468,499,5,view,2024-09-18 12:19:18,SES04999573,SES04999573
10469,499,168,cart,2024-09-18 12:26:51,SES04999573,SES04999573
10470,499,146,cart,2024-09-18 12:36:34,SES04999573,SES04999573
10471,499,89,cart,2024-09-18 12:51:13,SES04999573,SES04999573
10472,499,5,cart,2024-09-18 13:04:17,SES04999573,SES04999573
10473,499,60,view,2023-11-04 19:33:36,SES04992939,SES04992939
10474,499,200,view,2023-11-04 19:44:20,SES04992939,SES04992939
10475,499,94,view,2023-11-04 20:04:46,SES04992939,SES04992939
10476,499,165,view,2023-11-04 20:16:47,SES04992939,SES04992939
10477,499,47,view,2023-11-04 20:35:30,SES04992939,SES04992939
10478,499,93,view,2023-11-04 20:57:04,SES04992939,SES04992939
10479,499,150,view,2023-11-04 20:58:13,SES04992939,SES04992939
10480,499,171,view,2023-11-04 21:00:13,SES04992939,SES04992939
10481,499,180,view,2023-11-04 21:08:47,SES04992939,SES04992939
10482,499,175,view,2023-11-04 21:17:33,SES04992939,SES04992939
10483,499,200,cart,2023-11-04 21:21:34,SES04992939,SES04992939
10484,499,165,cart,2023-11-04 21:24:09,SES04992939,SES04992939
10485,499,171,cart,2023-11-04 21:36:07,SES04992939,SES04992939
10486,499,122,purchase,2023-11-04 22:27:19,SES04992939,SES04992939
10487,499,87,purchase,2023-11-04 22:13:38,SES04992939,SES04992939
10488,500,31,view,2023-12-09 13:53:58,SES05003686,SES05003686
10489,500,51,view,2023-12-09 14:10:07,SES05003686,SES05003686
10490,500,87,view,2023-12-09 14:21:05,SES05003686,SES05003686
10491,500,185,view,2023-12-09 14:31:41,SES05003686,SES05003686
10492,500,141,view,2023-12-09 14:51:31,SES05003686,SES05003686
10493,500,69,view,2023-12-09 15:08:34,SES05003686,SES05003686
10494,500,200,view,2023-12-09 15:13:56,SES05003686,SES05003686
10495,500,185,view,2023-12-09 15:22:34,SES05003686,SES05003686
10496,500,150,view,2023-12-09 15:29:18,SES05003686,SES05003686
10497,500,7,view,2023-12-09 15:49:30,SES05003686,SES05003686
10498,500,141,cart,2023-12-09 16:17:23,SES05003686,SES05003686
10499,500,69,cart,2023-12-09 16:33:46,SES05003686,SES05003686
10500,500,200,cart,2023-12-09 16:37:47,SES05003686,SES05003686
10501,500,124,view,2023-06-12 11:07:26,SES05005519,SES05005519
10502,500,168,view,2023-06-12 11:22:39,SES05005519,SES05005519
10503,500,143,view,2023-06-12 11:26:48,SES05005519,SES05005519
10504,500,113,view,2023-06-12 11:42:29,SES05005519,SES05005519
10505,500,174,view,2023-06-12 12:03:03,SES05005519,SES05005519
10506,500,111,view,2023-06-12 12:07:49,SES05005519,SES05005519
10507,500,38,view,2023-06-12 12:33:17,SES05005519,SES05005519
10508,500,17,view,2023-06-12 12:55:33,SES05005519,SES05005519
10509,500,53,view,2023-06-12 13:17:27,SES05005519,SES05005519
10510,500,125,view,2023-06-12 13:30:34,SES05005519,SES05005519
10511,500,143,cart,2023-06-12 13:43:24,SES05005519,SES05005519
10512,500,38,cart,2023-06-12 13:54:24,SES05005519,SES05005519
10513,500,17,cart,2023-06-12 14:00:13,SES05005519,SES05005519
10514,500,53,cart,2023-06-12 14:07:16,SES05005519,SES05005519
10515,500,36,view,2024-01-17 19:37:46,SES05006017,SES05006017
10516,500,51,view,2024-01-17 19:39:15,SES05006017,SES05006017
10517,500,116,view,2024-01-17 19:42:44,SES05006017,SES05006017
10518,500,89,view,2024-01-17 20:02:59,SES05006017,SES05006017
10519,500,54,view,2024-01-17 20:19:29,SES05006017,SES05006017
10520,500,180,view,2024-01-17 20:25:13,SES05006017,SES05006017
10521,500,192,view,2024-01-17 20:44:57,SES05006017,SES05006017
10522,500,89,cart,2024-01-17 21:02:15,SES05006017,SES05006017
10523,500,54,cart,2024-01-17 21:14:06,SES05006017,SES05006017
