order_id,user_id,order_date,status,total_amount
1,333,2023-07-09 03:15:02,cancelled,1003.88
2,172,2023-05-09 16:40:40,completed,1102.8
3,119,2024-09-19 03:14:43,shipped,529.65
4,233,2023-09-19 21:25:21,completed,647.09
5,56,2023-09-03 00:36:59,completed,10523.08
6,26,2024-06-06 22:38:43,completed,4601.58
7,112,2023-12-29 07:41:34,shipped,1218.53
8,412,2023-06-25 19:20:57,completed,2765.14
9,408,2023-10-18 23:40:37,completed,4893.5
10,120,2024-04-13 23:44:53,completed,131.51
11,444,2024-01-05 17:02:18,completed,1736.32
12,215,2023-11-25 19:26:34,completed,414.37
13,96,2024-05-31 00:40:46,completed,4102.01
14,325,2023-08-20 23:38:15,completed,563.31
15,308,2023-08-31 21:51:28,completed,658.67
16,101,2024-10-29 04:22:50,completed,1095.69
17,197,2023-02-03 03:51:53,completed,859.65
18,457,2024-12-15 15:01:41,completed,7244.15
19,434,2023-07-31 20:14:25,completed,284.92
20,384,2023-10-13 07:07:27,shipped,1446.36
21,319,2023-05-07 03:04:28,processing,2616.92
22,231,2024-07-31 12:32:16,completed,338.12
23,479,2024-06-24 21:04:26,completed,389.84
24,426,2024-05-09 11:05:05,completed,185.24
25,322,2023-07-04 04:20:07,completed,421.1
26,40,2023-11-06 00:14:54,processing,752.73
27,110,2023-07-10 20:25:45,completed,197.86
28,337,2023-07-27 10:54:19,completed,465.68
29,246,2023-05-03 18:31:22,completed,2553.17
30,113,2024-02-02 21:31:33,completed,2809.99
31,286,2024-09-18 06:27:36,processing,867.11
32,272,2024-08-03 20:50:07,completed,126.51
33,37,2023-04-13 00:08:40,completed,2166.6
34,222,2024-11-24 02:00:16,completed,146.34
35,232,2024-12-21 18:14:18,completed,6860.16
36,338,2023-03-15 17:27:26,shipped,1464.42
37,225,2023-05-26 03:06:13,completed,1840.34
38,340,2023-03-15 03:18:57,completed,2702.33
39,441,2024-08-23 05:37:50,completed,399.36
40,445,2023-05-28 10:08:23,completed,280.14
41,221,2024-01-25 10:22:20,processing,14781.18
42,391,2023-12-11 05:23:29,completed,2333.7
43,308,2023-11-28 05:40:08,completed,1643.52
44,449,2024-01-27 14:51:58,completed,465.68
45,127,2024-06-10 07:54:52,completed,95.99
46,16,2023-07-30 09:13:14,completed,256.05
47,167,2023-07-28 14:52:17,completed,2022.89
48,178,2023-09-12 05:22:32,completed,578.97
49,86,2024-09-29 11:51:23,completed,3013.41
50,462,2024-12-27 05:02:50,completed,17734.23
51,329,2024-05-29 07:51:02,shipped,2249.21
52,393,2023-10-11 12:18:42,completed,10633.33
53,122,2023-08-14 06:00:10,processing,6753.75
54,110,2024-03-10 06:44:36,completed,585.79
55,15,2024-02-27 02:35:54,completed,2474.49
56,355,2024-06-11 13:30:54,completed,7039.81
57,28,2023-12-18 00:37:25,completed,1891.73
58,306,2023-12-19 15:48:03,completed,10734.85
59,443,2024-01-19 03:49:52,completed,996.24
60,271,2024-05-27 23:49:45,completed,557.39
61,111,2023-07-20 01:20:31,processing,2607.26
62,208,2024-06-23 15:22:38,completed,1351.12
63,136,2024-10-31 06:23:40,cancelled,586.98
64,147,2023-09-24 07:37:07,completed,444.35
65,427,2023-08-23 18:33:44,completed,281.44
66,452,2023-04-28 14:27:12,completed,1588.31
67,181,2024-11-26 18:51:20,completed,15510.5
68,263,2024-10-12 03:33:48,completed,10523.08
69,207,2023-03-08 01:49:16,completed,351.69
70,301,2023-08-31 05:30:55,shipped,926.18
71,481,2023-08-19 04:06:15,completed,165.55
72,341,2024-06-03 17:12:01,completed,1166.47
73,450,2024-06-19 02:35:44,completed,1098.18
74,181,2024-04-19 01:02:45,completed,108.37
75,373,2023-07-21 05:37:41,completed,848.7
76,322,2024-11-05 00:15:43,completed,1630.0
77,355,2023-02-13 12:29:47,completed,623.28
78,77,2023-08-04 09:52:08,completed,1676.84
79,21,2023-06-28 11:39:39,completed,103.84
80,36,2023-04-26 16:40:48,completed,1006.24
81,235,2023-04-21 22:25:10,completed,9658.56
82,278,2024-01-01 09:48:25,completed,868.51
83,385,2023-03-14 21:22:04,completed,1973.44
84,372,2023-09-01 08:35:19,completed,581.98
85,486,2024-09-04 13:46:20,completed,140.92
86,117,2024-09-15 17:49:00,completed,1660.81
87,68,2023-05-02 09:37:09,shipped,269.1
88,316,2024-11-19 08:32:11,completed,1440.46
89,20,2024-08-29 19:40:23,completed,658.67
90,202,2024-01-06 06:12:50,completed,355.72
91,494,2023-12-25 17:23:38,completed,8180.03
92,463,2024-03-09 20:03:36,cancelled,6753.75
93,153,2024-09-14 17:56:56,completed,2077.44
94,322,2023-08-17 15:00:16,completed,881.24
95,151,2023-11-16 15:55:51,completed,7852.96
96,338,2023-07-29 14:13:59,completed,689.35
97,365,2023-06-16 01:58:10,completed,837.53
98,354,2023-12-03 17:51:49,completed,2507.96
99,18,2024-06-27 17:09:03,processing,329.38
100,446,2023-11-12 11:19:41,completed,2089.78
101,494,2024-12-16 19:07:43,completed,2159.46
102,14,2023-06-24 18:22:15,completed,488.2
103,55,2023-07-25 00:53:40,completed,5429.43
104,356,2024-05-11 09:06:56,completed,8743.17
105,450,2023-09-20 21:41:33,completed,1789.96
106,489,2024-10-10 11:27:50,completed,1083.16
107,200,2023-08-31 03:08:02,processing,2154.83
108,441,2023-02-25 23:32:42,completed,1015.9
109,205,2023-11-29 06:53:42,completed,524.32
110,49,2024-11-09 12:25:40,completed,1440.46
111,433,2024-04-28 18:56:12,processing,2211.77
112,165,2023-03-28 09:18:55,processing,7721.45
113,286,2023-02-13 20:31:15,processing,7565.47
114,208,2024-01-03 13:30:35,completed,10633.33
115,79,2023-10-09 10:15:29,completed,2833.95
116,396,2023-07-25 03:18:53,completed,7240.3
117,158,2024-03-24 07:04:45,completed,944.01
118,350,2023-10-08 07:52:36,completed,94.56
119,12,2024-02-06 22:04:04,completed,283.36
120,134,2023-08-01 10:36:50,completed,2589.91
121,436,2024-09-03 21:48:04,completed,1151.91
122,193,2024-04-21 12:54:54,completed,7039.81
123,70,2024-11-20 11:10:35,cancelled,418.81
124,78,2023-08-18 04:04:41,completed,2317.1
125,111,2023-11-10 14:06:53,completed,1356.0
126,278,2023-07-09 00:57:17,completed,298.73
127,82,2024-05-06 05:17:12,completed,98.36
128,106,2024-08-16 14:56:46,completed,999.14
129,180,2024-06-11 16:33:47,completed,6856.93
130,28,2024-02-18 07:48:32,completed,1973.4
131,300,2023-04-13 23:58:41,cancelled,2533.12
132,387,2023-11-22 10:35:19,shipped,1148.86
133,361,2024-11-07 19:12:22,completed,1851.23
134,173,2023-01-05 17:30:48,processing,885.33
135,348,2023-02-04 16:08:51,completed,61.32
136,405,2023-04-03 04:10:30,completed,1909.33
137,474,2023-06-16 04:38:15,completed,9508.83
138,47,2023-01-04 03:14:50,completed,1199.19
139,86,2023-06-11 01:19:39,completed,583.67
140,239,2024-02-17 09:28:14,completed,281.44
141,344,2023-02-02 16:27:26,processing,6570.87
142,481,2024-02-23 11:01:20,completed,2466.18
143,310,2023-09-12 21:18:10,completed,6840.21
144,468,2023-06-09 16:28:37,completed,352.39
145,456,2023-11-03 12:47:49,completed,6104.56
146,267,2023-11-12 13:43:26,completed,2059.06
147,19,2024-10-03 23:34:33,cancelled,482.06
148,66,2023-01-23 20:30:45,completed,3190.79
149,253,2024-12-07 07:43:58,processing,3291.69
150,211,2024-11-21 21:15:12,completed,236.51
151,226,2023-12-24 19:02:57,completed,465.68
152,412,2024-10-27 21:45:16,completed,1510.7
153,371,2024-11-19 09:18:01,processing,7993.97
154,131,2024-08-05 06:11:44,completed,440.15
155,389,2024-02-29 01:05:31,completed,1044.41
156,309,2024-02-04 05:17:11,completed,6103.66
157,282,2024-11-09 16:05:02,completed,703.99
158,304,2024-11-26 18:01:08,completed,190.33
159,499,2024-01-11 01:58:16,completed,6595.7
160,45,2024-02-18 08:40:47,completed,1643.52
161,356,2024-11-18 12:28:09,completed,295.72
162,499,2023-03-30 11:05:03,completed,764.68
163,296,2023-09-07 10:26:46,processing,352.05
164,286,2023-12-21 22:07:45,completed,404.5
165,168,2024-01-06 15:28:37,completed,1303.73
166,49,2024-11-12 07:45:22,completed,1185.7
167,283,2024-07-10 01:32:36,completed,590.15
168,207,2023-07-29 07:45:38,completed,96.42
169,243,2024-06-13 17:10:11,completed,9658.56
170,335,2024-01-12 02:03:49,completed,1738.08
171,176,2024-03-11 22:04:57,processing,1851.23
172,148,2024-10-02 11:32:57,cancelled,8469.0
173,114,2023-08-19 17:25:57,cancelled,1789.96
174,378,2024-07-26 23:10:54,completed,1702.31
175,269,2023-05-27 07:11:53,completed,1081.84
176,30,2024-08-07 06:36:46,completed,2115.5
177,195,2023-12-01 08:31:05,completed,2178.66
178,176,2023-03-10 02:16:24,completed,2728.27
179,159,2024-10-27 04:08:45,processing,7871.59
180,452,2023-04-06 20:12:20,completed,1939.3
181,52,2023-11-04 18:54:49,completed,2708.1
182,216,2023-04-04 06:44:07,completed,1838.62
183,88,2023-06-14 19:37:23,completed,3193.25
184,218,2024-09-04 18:18:15,cancelled,2115.53
185,102,2023-09-24 23:32:36,completed,298.73
186,176,2023-04-07 03:56:42,completed,3643.08
187,42,2024-07-01 19:47:05,completed,10340.2
188,47,2024-02-10 12:30:43,completed,4394.65
189,375,2023-06-30 06:17:05,processing,2656.26
190,193,2024-11-05 03:54:50,completed,4344.31
191,401,2023-01-10 18:43:05,completed,2602.28
192,234,2023-11-06 17:43:51,completed,14437.17
193,164,2024-06-06 06:21:04,completed,1939.62
194,255,2023-04-05 14:37:47,processing,1562.14
195,331,2024-12-18 08:11:41,completed,10261.51
196,155,2023-12-25 07:05:12,completed,1235.89
197,46,2024-02-19 13:58:21,completed,2413.09
198,50,2024-11-29 09:35:40,completed,3255.58
199,22,2023-10-29 16:29:53,completed,2023.79
200,43,2023-09-09 03:06:01,completed,1034.66
201,77,2023-10-02 04:03:11,processing,525.55
202,17,2024-08-27 01:10:34,completed,1505.05
203,129,2023-02-07 10:18:31,completed,205.83
204,353,2024-04-23 04:53:07,shipped,3235.9
205,147,2023-02-11 19:17:44,completed,602.41
206,93,2023-03-11 23:14:02,cancelled,1117.37
207,81,2023-12-11 20:22:33,completed,1584.92
208,411,2024-05-28 17:24:30,completed,602.41
209,290,2023-12-14 12:55:15,completed,648.11
210,202,2024-02-25 03:36:34,completed,9658.56
211,419,2024-05-21 19:59:08,completed,4312.5
212,120,2024-06-19 19:22:45,completed,1303.73
213,101,2024-12-01 15:57:58,completed,9658.56
214,363,2024-09-14 20:00:31,completed,1081.84
215,58,2024-02-24 03:59:34,completed,136.01
216,109,2023-06-27 02:47:09,completed,1385.46
217,462,2023-08-25 11:47:26,completed,547.5
218,438,2024-09-05 14:57:02,completed,656.01
219,445,2024-06-04 10:17:18,completed,4482.57
220,393,2024-10-14 10:03:45,completed,1068.67
221,270,2023-04-19 14:20:17,cancelled,7039.81
222,272,2024-07-26 16:06:09,completed,590.86
223,174,2023-07-07 13:33:58,completed,1777.35
224,382,2023-07-16 23:58:53,completed,1354.06
225,131,2024-11-27 19:23:28,completed,207.71
226,364,2024-08-10 06:32:38,completed,207.67
227,342,2024-11-27 22:15:39,processing,3929.88
228,267,2023-04-27 08:19:41,processing,7828.89
229,331,2023-02-17 16:42:43,completed,72.49
230,327,2023-03-07 09:26:31,completed,6502.27
231,417,2023-01-25 08:33:12,completed,5899.06
232,262,2023-06-25 11:20:31,completed,2079.93
233,154,2024-03-27 21:59:15,completed,465.68
234,45,2024-05-06 18:14:33,completed,5760.59
235,293,2023-08-29 00:29:35,completed,7865.03
236,377,2024-08-17 18:57:19,completed,1276.29
237,455,2024-10-08 19:25:18,completed,5708.73
238,359,2024-05-25 15:46:04,processing,7702.35
239,409,2023-06-04 22:43:23,completed,581.48
240,166,2023-09-30 16:12:50,completed,1909.01
241,268,2024-03-09 15:15:01,completed,810.36
242,417,2023-11-10 22:00:31,completed,1939.62
243,94,2023-09-01 19:27:56,completed,143.75
244,257,2024-06-14 07:47:02,completed,19841.47
245,480,2023-03-07 22:51:00,completed,465.68
246,63,2023-09-23 07:30:27,processing,10523.08
247,292,2024-03-07 21:43:54,cancelled,731.22
248,468,2023-06-05 23:12:51,processing,1676.11
249,229,2023-05-21 21:14:04,completed,387.2
250,313,2024-12-19 22:10:25,completed,342.07
251,294,2024-07-03 04:03:44,completed,2398.73
252,214,2023-09-16 21:58:28,completed,6303.21
253,314,2024-10-22 12:32:41,completed,92.66
254,201,2023-12-08 19:41:48,completed,14546.26
255,226,2023-05-06 17:09:47,completed,4842.95
256,264,2024-09-14 20:32:02,completed,6867.04
257,106,2023-02-16 00:33:34,completed,425.13
258,272,2023-10-12 14:15:06,completed,5708.73
259,456,2024-08-30 00:49:06,completed,6244.3
260,24,2024-06-22 17:58:53,completed,430.84
261,473,2024-09-08 09:48:27,completed,6474.45
262,351,2024-06-14 14:05:59,shipped,4114.18
263,481,2023-06-18 16:31:28,completed,356.49
264,473,2024-09-19 08:05:54,completed,414.37
265,168,2023-02-04 06:28:33,completed,414.37
266,321,2024-06-08 10:01:12,completed,2343.31
267,26,2023-12-18 18:14:08,completed,631.83
268,465,2024-12-21 12:35:03,processing,404.5
269,327,2024-02-18 02:07:40,completed,1293.79
270,243,2024-02-09 04:40:41,shipped,4431.62
271,107,2023-07-10 20:31:02,processing,3786.85
272,78,2023-07-25 06:38:00,completed,16498.0
273,457,2023-07-29 20:22:34,completed,1110.55
274,371,2024-05-05 19:29:34,completed,790.82
275,391,2023-07-27 10:47:26,processing,365.76
276,282,2023-08-04 15:52:27,completed,36.51
277,477,2023-06-08 05:33:47,completed,110.25
278,289,2024-05-29 16:19:59,completed,66.67
279,158,2024-06-22 02:07:22,completed,8174.13
280,410,2024-07-14 11:47:32,completed,764.68
281,302,2023-01-16 04:28:42,completed,687.06
282,413,2024-12-08 15:46:47,processing,190.33
283,389,2023-02-28 09:49:07,completed,525.55
284,274,2024-06-10 07:33:56,completed,1409.52
285,452,2024-06-02 22:15:23,completed,638.73
286,39,2024-05-11 16:57:28,completed,465.68
287,244,2023-10-15 15:55:30,cancelled,46.18
288,28,2024-02-14 03:21:27,completed,325.54
289,365,2024-10-23 19:48:20,completed,594.64
290,56,2024-12-22 14:32:49,processing,1093.72
291,309,2024-01-25 02:41:29,shipped,853.46
292,268,2023-05-05 01:20:29,completed,6190.59
293,437,2023-11-06 21:47:04,completed,465.68
294,169,2023-06-09 13:09:52,completed,2428.25
295,393,2024-06-08 16:36:14,completed,8256.58
296,248,2023-10-25 19:54:14,completed,549.01
297,161,2023-12-07 17:08:43,completed,140.92
298,332,2024-12-08 20:28:10,completed,1733.52
299,116,2023-08-23 21:39:16,completed,100.57
300,458,2023-05-11 07:49:03,completed,1641.13
301,426,2024-09-30 08:37:25,completed,126.51
302,466,2024-11-27 01:39:42,cancelled,533.02
303,258,2023-04-11 11:02:31,processing,3154.43
304,288,2023-10-03 10:28:20,completed,1847.36
305,170,2024-01-29 12:26:56,completed,1456.08
306,366,2023-11-15 11:39:37,completed,719.88
307,158,2024-04-01 16:46:40,completed,624.14
308,177,2023-02-13 05:00:44,completed,1110.23
309,15,2023-11-18 03:54:56,completed,445.52
310,147,2023-12-18 01:50:15,completed,442.09
311,65,2024-05-07 01:37:09,completed,1574.27
312,415,2023-07-21 19:28:05,completed,2389.44
313,62,2024-07-10 06:10:03,completed,11387.6
314,96,2024-07-03 10:39:32,completed,137.26
315,169,2024-12-22 03:33:14,completed,9658.56
316,265,2023-05-24 20:09:31,completed,1657.42
317,360,2023-07-24 19:15:46,cancelled,6753.75
318,433,2023-12-03 23:14:59,completed,5708.73
319,482,2024-05-21 09:47:42,cancelled,2034.18
320,424,2023-02-27 04:53:47,completed,1795.08
321,215,2023-04-23 08:19:53,completed,9475.68
322,356,2023-06-10 03:08:47,completed,655.51
323,411,2024-01-08 18:56:45,completed,762.51
324,25,2024-11-22 16:07:30,completed,687.06
325,418,2024-03-28 11:57:22,completed,441.79
326,208,2024-08-19 23:43:14,completed,4325.49
327,279,2024-02-08 14:22:22,completed,602.41
328,319,2023-04-14 06:22:18,processing,761.04
329,294,2023-03-03 15:57:09,completed,4626.49
330,379,2024-09-29 07:55:13,processing,4116.23
331,4,2024-08-22 16:39:33,completed,20556.15
332,111,2023-06-17 06:16:10,completed,3920.54
333,497,2024-10-30 15:47:23,completed,848.72
334,495,2023-11-30 09:58:14,completed,1643.52
335,386,2024-08-12 08:17:35,completed,581.59
336,242,2023-10-11 08:53:02,completed,94.56
337,299,2024-04-12 08:10:31,processing,3645.93
338,402,2024-09-23 01:18:16,processing,1851.23
339,124,2023-06-09 21:29:37,completed,411.6
340,201,2024-06-18 04:04:06,completed,2131.29
341,76,2024-09-06 16:41:22,completed,2959.62
342,131,2024-10-31 00:50:58,processing,498.57
343,448,2024-07-01 22:00:17,completed,1128.28
344,488,2023-10-01 23:31:46,completed,839.47
345,297,2024-07-28 05:33:29,completed,1574.27
346,363,2024-06-14 00:22:52,completed,3097.74
347,135,2023-08-09 01:20:49,completed,5429.43
348,188,2023-08-26 10:13:23,completed,162.66
349,126,2023-04-14 13:58:37,completed,728.77
350,342,2023-09-20 10:23:56,completed,756.14
351,392,2023-08-15 18:00:56,completed,808.73
352,103,2023-02-18 19:39:50,completed,1613.84
353,390,2024-06-12 06:45:23,completed,6570.87
354,402,2024-12-08 04:56:44,completed,269.1
355,261,2024-01-09 12:35:10,processing,1413.3
356,471,2024-09-01 14:17:59,completed,7794.61
357,16,2024-10-03 14:27:53,processing,37.31
358,73,2023-08-26 11:11:32,processing,2614.17
359,132,2024-05-18 06:25:01,completed,454.46
360,296,2023-07-02 22:57:56,completed,398.34
361,25,2023-01-12 09:34:05,completed,5788.69
362,243,2024-11-18 14:32:29,completed,1142.16
363,236,2024-03-29 07:58:24,completed,756.14
364,484,2023-11-23 00:42:23,completed,15528.97
365,469,2023-12-06 15:36:18,completed,2672.73
366,456,2024-01-28 17:58:33,completed,3917.13
367,432,2023-07-27 08:16:09,completed,621.54
368,75,2024-08-25 23:38:15,completed,3193.88
369,82,2024-02-25 11:12:47,completed,2113.52
370,488,2024-06-21 07:43:36,cancelled,589.51
371,220,2024-06-28 09:04:56,completed,461.03
372,438,2024-03-21 14:30:54,completed,569.9
373,394,2023-04-16 06:40:31,processing,36.51
374,438,2024-10-17 16:07:31,completed,621.54
375,281,2024-09-01 05:33:06,completed,3002.16
376,106,2024-01-07 19:04:50,completed,347.03
377,96,2023-06-18 02:08:01,completed,2194.46
378,125,2024-08-04 22:07:40,completed,2532.27
379,495,2024-02-24 22:32:57,completed,347.03
380,218,2024-02-03 21:14:16,completed,1939.62
381,326,2024-12-10 19:29:49,completed,747.12
382,192,2023-02-17 20:47:40,cancelled,14766.14
383,477,2023-12-23 17:55:54,completed,1375.75
384,365,2024-04-30 16:01:39,completed,1979.9
385,252,2024-09-03 19:01:21,completed,880.22
386,243,2024-05-10 23:38:18,completed,165.39
387,23,2024-02-06 07:54:11,completed,1440.46
388,287,2023-08-01 14:18:44,completed,2625.13
389,173,2024-03-19 16:40:49,completed,6753.75
390,328,2024-01-19 08:59:23,completed,2400.18
391,495,2024-05-28 07:00:18,completed,352.39
392,2,2023-03-01 23:01:12,completed,17441.25
393,289,2024-04-06 11:46:57,completed,12723.92
394,245,2023-05-31 11:34:27,completed,16515.49
395,55,2024-06-27 21:46:40,cancelled,548.86
396,121,2023-07-06 17:43:30,completed,3786.85
397,413,2024-01-05 11:21:50,cancelled,1742.75
398,400,2024-07-20 18:13:47,completed,563.06
399,228,2023-08-15 13:48:09,completed,6535.77
400,140,2024-03-15 10:54:32,completed,602.41
401,141,2023-11-21 00:36:20,processing,1643.52
402,155,2023-01-03 16:00:54,completed,999.14
403,423,2024-02-16 20:03:26,completed,2400.42
404,472,2023-01-12 12:47:02,completed,586.82
405,218,2024-03-15 22:37:01,completed,3747.57
406,217,2024-02-03 15:11:05,completed,6753.75
407,169,2024-11-02 12:47:21,completed,3185.89
408,57,2023-01-18 14:28:13,processing,600.91
409,485,2024-05-21 09:24:07,completed,7058.23
410,138,2024-10-13 22:28:46,completed,9126.35
411,371,2024-11-02 04:40:33,completed,465.68
412,445,2023-06-07 18:34:52,completed,764.68
413,52,2023-10-31 10:33:19,completed,347.03
414,60,2024-02-12 13:21:47,completed,132.33
415,315,2023-05-17 09:32:30,processing,6856.93
416,205,2023-01-31 05:22:27,completed,1733.58
417,227,2023-04-16 01:02:32,completed,605.71
418,150,2024-11-09 18:44:46,processing,975.57
419,27,2024-11-10 21:40:28,processing,2114.79
420,468,2023-03-09 22:02:18,completed,5180.23
421,32,2024-12-30 09:27:36,completed,832.89
422,483,2023-09-27 08:19:46,completed,418.81
423,254,2024-03-02 06:24:04,completed,386.51
424,129,2024-03-17 07:25:04,completed,100.57
425,271,2023-03-17 02:20:52,completed,3002.16
426,438,2024-01-03 21:22:46,completed,1897.1
427,469,2024-09-15 10:47:45,completed,600.91
428,156,2024-03-07 03:21:48,completed,2154.83
429,445,2024-10-11 02:02:46,completed,2817.95
430,367,2024-12-12 03:09:31,completed,3229.12
431,399,2024-06-06 17:15:32,completed,999.14
432,316,2023-12-09 23:53:34,completed,884.71
433,4,2024-06-28 09:12:44,completed,723.5
434,77,2023-08-25 19:14:04,completed,2385.63
435,101,2023-11-15 11:29:57,completed,2147.7
436,408,2024-02-01 02:44:00,completed,1795.08
437,161,2023-09-14 15:41:40,cancelled,1009.86
438,76,2023-01-15 00:45:34,completed,6634.23
439,372,2023-08-24 03:46:48,completed,6753.75
440,256,2024-07-08 15:19:20,completed,1464.42
441,259,2024-11-05 03:50:47,completed,352.39
442,107,2024-12-29 09:20:51,cancelled,1464.42
443,413,2024-07-24 03:17:07,completed,165.39
444,258,2024-10-13 09:17:56,completed,11005.14
445,55,2023-06-20 18:23:42,processing,1851.23
446,83,2024-04-20 17:53:46,completed,841.13
447,497,2023-02-03 15:44:45,completed,3800.86
448,156,2024-09-05 10:34:12,completed,9998.87
449,486,2023-01-02 15:49:17,completed,6753.75
450,276,2023-05-19 11:50:04,completed,464.6
451,119,2023-07-23 04:56:56,completed,816.96
452,218,2024-06-06 15:15:36,completed,414.37
453,223,2023-11-28 08:41:03,completed,182.43
454,274,2023-11-03 11:59:06,completed,360.52
455,124,2024-02-05 12:08:03,processing,7904.33
456,158,2023-07-02 09:05:50,completed,5562.77
457,264,2023-08-22 19:13:06,processing,1324.68
458,472,2024-09-17 00:21:31,completed,996.58
459,288,2024-11-17 11:56:09,completed,2469.46
460,152,2023-10-06 15:05:36,completed,562.08
461,452,2024-05-15 01:56:11,completed,655.74
462,65,2023-11-14 00:16:33,completed,660.84
463,78,2024-08-04 09:00:35,completed,764.68
464,52,2023-10-05 19:48:24,completed,278.2
465,14,2024-02-07 14:43:52,completed,2809.99
466,246,2024-12-03 02:58:33,completed,152.85
467,222,2023-06-24 16:54:42,completed,4604.11
468,59,2023-02-19 10:56:31,completed,8798.12
469,220,2024-06-16 11:08:13,completed,211.44
470,374,2023-02-10 09:48:26,completed,10861.2
471,168,2024-01-26 01:00:27,completed,673.6
472,481,2023-06-06 13:03:45,processing,2000.94
473,486,2024-08-21 23:48:14,completed,796.8
474,41,2024-11-10 09:53:05,completed,6753.75
475,311,2023-08-21 21:20:10,processing,2618.75
476,378,2023-06-17 10:48:29,completed,8034.17
477,186,2024-10-04 01:09:19,completed,1789.96
478,143,2023-09-26 16:37:32,completed,293.85
479,183,2023-02-27 23:02:39,completed,874.07
480,256,2023-04-19 02:52:26,completed,2670.31
481,486,2023-01-26 14:07:06,completed,757.49
482,287,2024-03-21 05:33:21,completed,2053.99
483,175,2023-08-04 03:47:29,completed,592.95
484,486,2024-02-01 22:25:41,processing,61.24
485,75,2024-12-06 20:08:22,completed,1425.74
486,462,2024-08-17 04:33:25,processing,73.96
487,249,2024-05-19 21:41:59,completed,113.29
488,299,2023-08-10 17:40:51,completed,1341.21
489,310,2024-06-15 05:54:38,completed,398.87
490,249,2024-08-27 00:39:31,processing,647.39
491,339,2024-12-07 03:55:06,completed,344.94
492,213,2024-06-02 21:18:32,completed,285.05
493,38,2024-10-25 10:13:21,completed,680.77
494,220,2024-01-06 00:31:49,completed,2439.85
495,431,2023-08-22 20:50:20,completed,6392.04
496,146,2024-10-21 23:43:57,completed,1069.01
497,191,2024-04-07 11:57:43,shipped,9867.47
498,388,2023-12-10 05:14:14,completed,2355.06
499,74,2023-01-28 10:36:13,completed,1448.44
500,84,2023-05-27 19:19:57,completed,1428.79
501,499,2023-08-13 21:22:41,completed,10311.0
502,91,2023-09-10 14:32:45,completed,2138.09
503,9,2023-07-23 12:38:54,completed,301.3
504,497,2024-05-22 08:29:02,completed,141.71
505,414,2024-10-02 00:15:17,shipped,4208.65
506,498,2023-09-24 05:50:51,completed,279.43
507,144,2024-03-29 19:24:39,completed,1693.3
508,290,2023-10-18 01:46:33,completed,667.44
509,107,2023-11-11 17:25:13,completed,347.03
510,395,2024-10-15 06:31:03,completed,937.28
511,445,2024-05-22 12:25:44,cancelled,1843.73
512,21,2023-05-18 00:18:23,completed,2325.72
513,346,2023-02-14 23:08:42,processing,293.85
514,106,2024-12-25 16:10:24,completed,3096.35
515,363,2024-02-26 17:35:23,shipped,284.58
516,211,2024-11-25 16:12:32,completed,192.65
517,124,2023-01-13 16:10:15,completed,903.02
518,265,2024-02-24 13:05:18,shipped,491.3
519,249,2024-04-06 01:09:18,completed,6625.79
520,489,2024-12-22 22:06:42,completed,1607.72
521,134,2023-11-01 08:25:07,completed,224.93
522,435,2023-07-27 06:53:42,processing,1592.52
523,392,2024-04-22 13:17:07,completed,6965.3
524,496,2024-09-10 12:47:12,shipped,1643.52
525,348,2023-12-24 19:30:39,completed,796.68
526,416,2024-04-30 05:12:36,shipped,582.97
527,6,2023-07-07 09:04:47,shipped,5329.32
528,126,2024-03-28 19:12:07,completed,3208.48
529,57,2024-06-18 18:47:24,cancelled,2630.81
530,318,2023-02-20 13:53:50,completed,4283.23
531,27,2024-06-05 00:30:33,completed,690.4
532,405,2024-11-12 03:43:05,completed,6093.76
533,24,2023-09-01 15:00:34,cancelled,438.9
534,301,2024-04-13 20:59:51,completed,387.2
535,342,2023-03-02 08:46:47,processing,1851.23
536,500,2024-02-07 07:08:37,shipped,5340.47
537,60,2023-10-02 20:51:14,completed,4004.93
538,314,2024-07-27 15:56:15,processing,417.05
539,83,2024-05-20 18:00:00,completed,132.33
540,402,2024-04-03 05:52:30,completed,360.52
541,51,2023-08-15 11:24:40,completed,9658.56
542,359,2023-09-08 04:56:01,completed,2404.33
543,407,2023-12-07 20:52:04,completed,1913.89
544,361,2023-06-22 18:06:02,completed,1102.39
545,205,2024-07-02 16:28:22,completed,2219.66
546,494,2023-04-23 12:00:47,completed,3104.49
547,172,2023-08-26 13:12:51,completed,8291.62
548,378,2023-09-28 01:44:17,completed,498.73
549,480,2023-08-31 05:35:13,completed,1106.51
550,257,2023-05-28 09:12:05,completed,4226.72
551,199,2024-10-15 21:32:40,completed,4030.28
552,390,2024-08-15 16:52:42,shipped,1238.16
553,111,2024-11-12 11:45:59,processing,6657.33
554,417,2023-08-13 08:58:17,completed,720.84
555,453,2023-09-03 16:34:08,processing,5708.73
556,429,2023-10-05 18:03:51,completed,1682.45
557,485,2024-07-18 15:39:59,completed,5950.01
558,306,2024-01-15 08:57:11,completed,347.03
559,427,2023-04-13 22:28:38,completed,615.16
560,360,2023-06-07 03:02:32,completed,193.57
561,443,2024-09-29 15:20:48,completed,208.91
562,131,2024-12-17 22:03:04,cancelled,516.99
563,340,2023-10-23 06:21:18,shipped,2194.46
564,483,2023-09-16 13:47:12,completed,1371.02
565,94,2023-05-13 18:40:32,completed,1755.13
566,65,2024-05-15 19:42:44,processing,1355.42
567,483,2024-04-19 06:35:44,processing,246.79
568,392,2024-05-24 12:22:16,processing,1627.78
569,254,2024-12-20 15:57:59,completed,7904.33
570,163,2023-04-12 02:54:06,completed,490.35
571,201,2024-09-25 06:17:05,cancelled,621.54
572,488,2023-12-14 18:18:32,completed,284.58
573,228,2023-03-27 06:28:06,processing,664.23
574,480,2023-08-13 20:39:00,shipped,6043.28
575,370,2023-08-21 15:58:26,completed,536.13
576,220,2023-03-09 03:26:03,completed,423.89
577,99,2023-12-09 19:05:22,completed,599.61
578,329,2024-12-03 16:06:05,completed,6936.63
579,194,2024-02-27 05:40:24,completed,66.67
580,464,2023-01-19 11:58:03,completed,2500.49
581,288,2023-10-15 13:05:05,processing,1091.97
582,256,2023-12-05 08:58:12,completed,4056.36
583,270,2024-06-29 23:09:52,processing,3031.02
584,364,2023-08-12 12:49:55,shipped,512.1
585,2,2023-07-03 15:00:16,completed,885.77
586,452,2023-09-12 08:47:44,completed,2440.17
587,328,2023-09-24 03:16:47,completed,655.51
588,442,2023-08-25 21:03:26,processing,562.63
589,71,2023-03-17 07:42:04,completed,8499.74
590,347,2023-07-10 04:48:40,cancelled,394.36
591,306,2023-05-14 09:21:00,completed,4013.75
592,419,2024-09-03 02:23:50,processing,605.42
593,96,2023-01-30 10:52:15,completed,2470.73
594,57,2024-08-25 01:30:02,completed,10340.2
595,60,2024-04-21 15:50:20,completed,621.54
596,487,2023-02-23 21:55:46,completed,860.63
597,286,2024-07-11 16:44:44,completed,1176.42
598,417,2024-09-25 06:59:16,completed,7835.17
599,378,2024-12-11 23:24:17,cancelled,8736.4
600,334,2023-05-07 09:13:20,completed,1185.81
601,134,2023-12-20 01:52:34,completed,5954.24
602,165,2023-08-21 00:22:10,completed,1215.96
603,28,2023-12-12 05:00:42,processing,6812.13
604,243,2024-10-12 23:06:30,completed,2580.78
605,40,2024-04-03 01:08:13,completed,996.58
606,168,2023-10-27 12:31:15,completed,1172.49
607,436,2023-04-20 19:10:46,completed,9658.56
608,412,2024-02-26 13:37:09,completed,3089.99
609,460,2024-03-29 14:33:51,completed,10340.2
610,154,2023-02-16 01:44:35,completed,341.22
611,490,2024-10-22 01:30:18,completed,1944.16
612,201,2024-01-24 12:24:40,completed,4085.3
613,68,2023-08-26 21:08:09,completed,9658.16
614,225,2023-11-21 18:00:28,completed,555.92
615,424,2024-11-12 22:41:43,processing,6850.17
616,94,2024-08-14 00:33:14,completed,1851.23
617,481,2023-01-22 22:07:30,completed,1043.64
618,10,2024-12-07 02:35:47,completed,2763.14
619,8,2023-09-26 10:59:22,completed,1277.05
620,239,2024-08-02 14:19:48,processing,670.09
621,430,2024-02-05 21:25:09,cancelled,11651.21
622,139,2023-11-23 08:09:02,processing,2018.5
623,425,2023-01-24 17:10:53,completed,15800.09
624,413,2024-05-15 23:43:11,completed,4474.09
625,402,2023-11-04 13:18:25,completed,599.92
626,280,2023-02-05 16:50:23,completed,3163.9
627,486,2024-01-28 06:40:21,completed,2104.22
628,97,2024-09-09 19:12:00,cancelled,680.77
629,268,2024-12-25 18:02:40,completed,364.86
630,496,2023-05-14 17:11:55,completed,454.24
631,144,2024-05-29 23:09:35,completed,621.54
632,108,2023-07-28 17:28:17,completed,279.43
633,368,2023-08-16 18:41:32,completed,1887.99
634,196,2024-05-24 04:38:00,completed,506.43
635,453,2024-05-07 10:16:49,completed,660.84
636,252,2023-08-26 07:31:30,completed,2364.29
637,123,2023-10-03 01:06:54,completed,352.39
638,330,2024-08-03 10:38:01,completed,6026.11
639,361,2024-08-11 14:24:08,completed,98.36
640,102,2024-12-26 12:55:18,completed,10574.39
641,111,2024-11-02 14:09:43,completed,3020.86
642,408,2024-09-11 02:27:37,completed,72.49
643,137,2023-12-18 09:45:42,completed,553.61
644,179,2023-07-18 13:20:01,completed,1458.65
645,210,2024-10-29 17:21:29,completed,1399.87
646,233,2024-06-10 04:19:40,cancelled,1294.54
647,35,2023-05-23 21:49:37,completed,527.18
648,178,2023-04-07 16:22:32,completed,1789.96
649,291,2024-02-10 21:42:57,completed,791.22
650,40,2023-05-18 02:19:32,completed,98.36
651,63,2023-11-22 03:20:56,completed,3786.85
652,395,2024-10-05 18:38:56,cancelled,1264.27
653,326,2024-05-15 19:35:52,processing,6753.75
654,372,2023-06-17 06:15:28,completed,224.49
655,9,2024-07-17 10:40:06,completed,2832.89
656,48,2024-08-17 06:16:20,completed,9475.68
657,159,2023-06-02 02:59:09,completed,1385.46
658,378,2024-05-25 02:55:28,completed,4075.22
659,354,2024-03-28 18:02:15,completed,2658.27
660,198,2024-07-22 10:41:41,completed,224.93
661,368,2023-01-19 13:56:15,completed,2348.53
662,396,2023-02-27 17:51:53,completed,4293.28
663,321,2023-03-16 09:38:43,processing,867.11
664,78,2024-02-11 20:44:00,completed,1939.62
665,202,2024-08-12 16:11:35,completed,8233.71
666,160,2024-05-07 03:08:47,completed,1694.12
667,408,2023-09-13 00:27:42,completed,844.53
668,439,2024-03-22 02:43:37,completed,3693.35
669,9,2023-03-31 18:26:07,completed,994.96
670,114,2023-10-15 22:55:06,processing,14113.2
671,155,2023-06-22 13:46:00,completed,7084.13
672,223,2024-12-04 18:33:10,completed,1571.58
673,77,2023-06-26 19:17:16,completed,2306.33
674,210,2023-01-23 11:23:30,completed,360.52
675,11,2023-12-01 17:00:29,completed,703.99
676,408,2023-08-04 17:43:46,cancelled,233.74
677,458,2024-02-02 16:36:32,completed,51.31
678,458,2024-10-19 05:19:14,completed,15702.67
679,355,2024-01-24 13:17:42,shipped,11224.62
680,110,2023-06-26 22:34:32,completed,281.44
681,184,2024-04-18 13:03:49,completed,6753.75
682,392,2024-10-19 11:25:30,completed,471.04
683,308,2023-10-22 07:20:06,completed,1646.9
684,407,2024-09-28 02:53:47,cancelled,2602.28
685,236,2024-08-17 10:51:27,completed,582.97
686,43,2023-04-10 07:48:42,processing,2168.71
687,50,2024-06-28 02:07:09,completed,351.69
688,213,2023-11-29 06:43:29,completed,625.39
689,114,2023-10-23 03:01:05,completed,892.19
690,16,2023-04-08 07:00:16,completed,1066.5
691,132,2024-08-22 14:07:18,processing,7927.67
692,227,2024-02-09 02:03:08,completed,1713.97
693,101,2023-09-29 14:52:03,completed,9658.56
694,231,2024-03-15 19:05:02,completed,1777.35
695,389,2023-12-07 09:32:04,completed,742.21
696,349,2023-11-14 17:26:06,processing,393.21
697,72,2023-03-27 21:21:35,completed,7469.38
698,69,2023-02-23 00:43:26,completed,233.74
699,47,2024-01-06 01:07:27,completed,586.82
700,472,2024-08-04 23:08:03,completed,360.56
701,11,2023-09-30 04:32:00,completed,2291.17
702,66,2024-11-07 22:15:31,completed,1128.13
703,427,2024-01-13 01:56:20,cancelled,4613.3
704,10,2024-07-05 23:58:47,processing,2833.54
705,435,2023-04-04 08:55:49,processing,766.3
706,350,2024-06-16 02:13:20,completed,457.64
707,30,2024-01-01 19:39:19,processing,655.51
708,210,2023-12-18 22:58:55,completed,764.68
709,186,2023-10-28 09:30:09,completed,5525.85
710,467,2024-12-26 06:36:50,processing,3797.74
711,136,2024-01-22 19:50:38,processing,2454.19
712,481,2024-04-11 17:22:29,completed,2191.02
713,439,2023-04-15 05:29:58,completed,602.95
714,332,2023-07-30 03:50:29,completed,399.15
715,322,2023-03-14 08:10:26,processing,576.86
716,442,2024-08-17 01:31:44,completed,10675.44
717,405,2024-03-14 13:41:08,shipped,6936.63
718,459,2023-10-09 16:57:54,completed,10261.3
719,456,2023-01-07 12:31:48,completed,355.16
720,15,2023-02-20 21:02:39,completed,570.53
721,443,2023-03-04 03:44:26,completed,1570.57
722,429,2024-02-02 10:45:45,processing,9813.8
723,201,2023-08-02 01:20:03,completed,3461.34
724,189,2024-07-11 01:42:34,completed,7433.13
725,441,2024-12-05 11:55:01,processing,2324.66
726,436,2024-07-20 10:42:26,completed,347.03
727,78,2023-12-05 19:54:19,completed,1308.05
728,487,2023-02-28 03:34:48,completed,104.4
729,206,2023-03-03 01:51:52,completed,143.75
730,488,2024-08-17 05:02:40,completed,1004.0
731,269,2024-03-25 19:15:57,cancelled,594.64
732,95,2024-03-12 11:36:42,completed,2548.71
733,491,2023-04-03 15:32:09,completed,600.91
734,296,2024-01-10 10:45:01,completed,621.54
735,53,2023-12-27 05:29:06,completed,886.97
736,221,2024-05-28 11:08:02,processing,2985.28
737,359,2024-02-03 23:53:59,shipped,171.04
738,67,2023-09-13 17:02:04,processing,1033.31
739,202,2023-12-26 23:52:24,completed,6026.89
740,454,2023-11-06 14:36:03,completed,281.04
741,230,2024-06-02 22:06:30,completed,2247.87
742,13,2023-06-18 10:54:50,shipped,224.49
743,404,2024-07-08 21:46:38,completed,13141.83
744,308,2024-07-27 18:55:54,completed,1739.51
745,172,2024-12-09 11:33:12,completed,2075.88
746,142,2023-12-03 21:33:08,completed,680.81
747,345,2023-06-23 00:00:42,completed,3337.2
748,304,2023-02-28 00:38:32,completed,887.45
749,240,2023-03-24 21:02:32,completed,6459.42
750,431,2023-05-25 16:45:58,completed,342.07
751,93,2023-03-14 10:30:03,completed,582.97
752,262,2023-09-05 10:15:09,processing,569.03
753,282,2023-07-19 11:16:22,processing,6046.85
754,212,2023-04-15 07:20:11,completed,4028.33
755,362,2024-02-24 04:13:48,processing,868.52
756,304,2023-12-11 10:47:27,completed,6720.66
757,498,2024-03-09 02:13:51,completed,2588.67
758,236,2023-01-05 18:12:06,processing,901.25
759,491,2023-01-16 09:33:33,completed,1464.42
760,300,2023-03-27 00:12:38,completed,6183.31
761,16,2024-02-04 18:15:16,shipped,387.2
762,332,2023-09-19 19:49:00,completed,1575.55
763,498,2023-08-23 07:25:43,completed,6657.33
764,372,2023-04-21 20:44:29,completed,338.12
765,405,2023-10-22 02:38:59,completed,228.23
766,248,2024-04-23 01:27:11,processing,563.11
767,462,2024-12-28 09:09:21,shipped,761.51
768,202,2024-12-25 21:46:23,completed,1382.38
769,293,2024-03-16 21:47:48,completed,404.5
770,483,2023-11-15 19:06:35,completed,1562.14
771,62,2023-06-30 13:03:52,completed,871.81
772,213,2024-11-15 08:27:52,completed,10523.08
773,202,2023-12-21 09:36:47,completed,1777.35
774,95,2024-11-05 06:07:55,completed,12134.58
775,395,2023-07-29 18:22:55,completed,5525.85
776,394,2024-05-21 12:52:55,completed,1723.77
777,223,2024-03-05 23:59:44,shipped,507.2
778,458,2024-08-04 00:52:12,completed,963.13
779,9,2024-09-23 06:20:28,completed,670.09
780,301,2024-11-26 18:24:21,completed,7573.7
781,441,2024-10-27 04:54:26,completed,6856.93
782,409,2023-12-13 15:57:02,processing,1297.66
783,183,2023-12-23 08:35:46,completed,2672.68
784,305,2023-03-20 15:06:51,completed,94.56
785,254,2023-12-28 14:25:23,processing,576.99
786,352,2024-08-02 20:29:18,completed,812.02
787,425,2024-12-05 23:14:40,completed,586.82
788,15,2023-11-22 01:53:04,completed,713.2
789,207,2024-04-17 08:32:46,completed,5179.59
790,319,2023-03-04 00:44:56,completed,1096.02
791,216,2023-01-19 11:18:26,completed,1304.43
792,163,2023-02-08 07:28:52,completed,269.1
793,255,2024-02-29 21:17:20,processing,298.62
794,26,2023-11-03 12:38:09,completed,1274.17
795,206,2024-12-05 23:28:00,processing,1054.67
796,68,2024-06-24 23:41:15,shipped,5805.15
797,258,2024-04-07 18:29:12,completed,452.68
798,162,2024-02-06 04:25:52,completed,387.2
799,298,2024-01-16 17:37:59,processing,2678.57
800,456,2024-06-18 21:10:51,completed,1956.1
801,370,2024-06-07 04:38:57,completed,184.75
802,75,2023-02-05 21:11:11,processing,1770.37
803,163,2023-06-28 15:48:05,completed,857.04
804,37,2024-08-20 01:23:38,completed,3118.38
805,290,2023-02-18 13:00:25,processing,233.74
806,411,2023-10-24 20:22:52,completed,825.36
807,234,2024-11-30 19:39:42,completed,5986.93
808,25,2024-05-20 16:02:37,completed,223.59
809,51,2024-01-16 08:37:37,completed,2105.01
810,149,2023-01-01 14:44:06,completed,283.36
811,39,2023-11-21 00:27:05,completed,10787.84
812,232,2023-05-22 08:28:08,completed,1096.02
813,399,2023-11-17 07:00:02,completed,244.37
814,499,2024-11-23 07:41:04,completed,263.32
815,190,2023-06-12 13:55:22,shipped,293.85
816,52,2023-07-10 18:09:44,completed,9852.47
817,426,2023-03-11 16:21:35,completed,100.57
818,138,2024-04-18 16:44:16,completed,414.37
819,183,2023-09-05 21:34:17,completed,9658.56
820,123,2024-08-27 17:00:11,completed,347.03
821,205,2024-02-23 03:53:40,completed,660.84
822,236,2024-01-25 12:54:30,completed,6667.29
823,448,2023-01-25 21:35:02,completed,999.14
824,135,2024-11-15 10:10:25,completed,1214.23
825,441,2024-03-08 10:21:31,completed,336.99
826,162,2024-02-08 11:53:03,completed,2953.99
827,428,2024-12-16 01:36:36,completed,2562.92
828,355,2023-02-13 12:04:33,completed,4489.77
829,32,2023-07-22 22:11:43,completed,8878.03
830,283,2024-01-31 20:25:09,completed,2202.02
831,337,2024-01-28 16:39:45,completed,158.26
832,387,2023-04-05 10:32:31,processing,4448.84
833,466,2023-01-05 14:43:51,shipped,140.92
834,441,2024-08-23 11:38:39,completed,490.35
835,298,2024-04-16 01:48:21,completed,5525.85
836,159,2024-05-28 16:11:53,shipped,7571.87
837,250,2024-10-22 11:11:24,completed,103.84
838,278,2024-04-26 21:50:20,completed,335.28
839,50,2023-12-26 15:53:02,completed,635.64
840,34,2024-05-04 17:14:31,completed,1122.34
841,358,2023-01-22 02:21:48,cancelled,1419.89
842,457,2024-09-26 14:54:05,completed,7738.21
843,348,2023-02-01 08:41:09,completed,810.36
844,480,2024-06-25 11:57:22,completed,2282.0
845,498,2023-12-20 10:52:31,completed,10345.71
846,294,2023-04-29 01:42:11,completed,2189.66
847,91,2023-08-26 00:31:43,completed,1789.96
848,425,2023-06-27 07:29:10,completed,621.54
849,282,2023-11-21 03:33:24,completed,192.65
850,32,2023-08-25 15:44:58,completed,855.85
851,328,2023-08-07 12:14:50,completed,3475.79
852,24,2023-12-18 18:04:34,completed,2113.72
853,455,2023-02-12 14:17:11,completed,3688.17
854,401,2024-06-06 15:03:53,completed,5638.08
855,75,2024-09-20 14:53:08,completed,323.76
856,186,2024-11-23 02:44:21,completed,756.59
857,211,2023-11-14 08:10:51,completed,7144.21
858,21,2023-09-03 12:40:11,completed,6657.33
859,350,2024-02-14 21:56:11,completed,1997.67
860,369,2023-04-20 08:42:18,completed,2249.2
861,164,2023-04-21 19:14:05,processing,1447.67
862,265,2024-01-27 18:03:25,completed,387.2
863,106,2024-07-03 21:20:03,completed,6485.66
864,356,2023-01-23 16:57:30,processing,360.52
865,31,2023-09-24 19:12:06,cancelled,283.49
866,27,2024-11-28 17:26:13,completed,716.37
867,424,2023-02-13 03:42:22,completed,2154.83
868,119,2023-04-18 13:29:04,completed,6753.75
869,369,2024-08-03 12:50:18,processing,1818.47
870,325,2023-11-14 21:29:25,completed,2314.52
871,384,2024-05-11 03:42:03,completed,8202.3
872,23,2023-08-15 12:27:50,completed,2186.87
873,212,2024-03-24 04:28:14,completed,521.5
874,71,2023-02-27 05:20:57,completed,465.68
875,25,2023-02-18 00:09:55,completed,1768.56
876,140,2024-07-16 04:35:41,completed,2115.26
877,405,2024-05-29 08:21:59,processing,387.2
878,58,2024-05-23 03:27:09,completed,363.25
879,214,2023-06-19 16:24:04,completed,284.92
880,155,2023-10-09 12:31:16,cancelled,1968.21
881,186,2024-05-11 13:24:03,completed,104.4
882,130,2024-12-12 10:59:42,completed,1581.64
883,9,2023-07-22 15:51:45,shipped,2373.63
884,49,2024-07-10 02:38:23,completed,673.6
885,374,2023-01-20 21:19:22,processing,73.16
886,24,2023-05-26 09:01:35,completed,431.54
887,300,2024-10-28 03:59:42,completed,572.33
888,198,2023-01-20 16:23:35,completed,131.19
889,480,2023-06-21 23:50:57,completed,594.64
890,430,2023-09-27 13:13:20,completed,660.84
891,242,2023-06-04 08:06:22,completed,6766.27
892,487,2024-12-30 17:27:34,shipped,1562.14
893,181,2024-10-28 19:42:33,processing,2027.26
894,225,2024-01-27 09:22:21,completed,11272.26
895,153,2023-01-14 17:17:02,completed,2715.8
896,379,2023-10-09 14:28:37,completed,465.68
897,96,2024-09-15 08:26:56,completed,41.52
898,365,2023-06-20 10:21:24,completed,182.88
899,277,2024-04-15 03:47:03,completed,783.34
900,313,2024-06-30 00:45:10,completed,1739.94
901,338,2024-07-05 21:28:46,completed,465.01
902,348,2023-03-20 11:23:33,shipped,469.38
903,57,2024-02-18 07:27:43,completed,5525.85
904,28,2023-09-26 06:02:15,completed,465.68
905,356,2023-05-19 12:03:15,completed,3556.52
906,252,2023-02-10 09:22:57,completed,187.25
907,492,2024-10-25 11:14:39,completed,1145.34
908,351,2023-11-09 21:54:49,completed,610.91
909,400,2023-02-01 08:56:04,processing,73.16
910,466,2024-02-02 21:24:56,completed,7226.38
911,317,2023-03-20 02:50:25,completed,217.5
912,288,2023-07-10 20:48:07,completed,185.24
913,268,2023-10-20 06:13:27,completed,871.49
914,500,2024-06-19 18:55:52,completed,1939.62
915,103,2023-05-01 16:26:42,completed,356.83
916,136,2024-12-29 16:44:40,completed,652.57
917,106,2024-02-07 07:54:22,completed,298.73
918,89,2024-11-29 05:42:42,processing,599.92
919,170,2023-02-22 19:06:15,completed,1843.15
920,411,2024-10-21 15:08:47,completed,2452.43
921,405,2023-06-28 06:49:20,cancelled,1956.61
922,316,2024-06-04 22:06:38,completed,321.28
923,329,2024-04-01 09:55:15,completed,5743.46
924,430,2023-09-30 01:21:44,completed,7746.99
925,53,2023-02-07 10:09:33,completed,404.5
926,196,2024-05-12 16:27:59,completed,10497.05
927,329,2023-01-24 19:33:13,completed,182.88
928,147,2023-04-04 07:05:42,completed,968.78
929,219,2023-10-31 11:09:47,completed,9658.56
930,253,2024-01-02 09:16:29,cancelled,2776.29
931,431,2024-11-14 05:07:16,completed,1553.58
932,490,2024-04-03 00:45:17,completed,508.29
933,434,2024-09-21 12:35:40,completed,1939.62
934,385,2024-11-25 08:55:05,completed,3296.21
935,442,2023-07-18 02:09:31,completed,547.5
936,10,2024-08-24 01:38:42,completed,498.57
937,216,2024-09-04 16:40:56,completed,582.1
938,51,2024-11-23 04:26:16,completed,4321.75
939,384,2024-03-17 13:15:57,completed,2599.64
940,377,2024-06-30 20:34:42,completed,224.93
941,362,2024-09-15 19:23:19,completed,8129.28
942,155,2023-05-06 15:17:49,completed,452.68
943,208,2024-01-26 11:00:25,completed,8818.38
944,211,2023-11-04 03:35:02,processing,5635.15
945,182,2023-11-01 08:22:39,completed,3441.86
946,287,2024-02-01 11:27:19,completed,1777.35
947,164,2024-11-06 08:10:09,completed,1789.96
948,295,2023-01-15 00:57:47,completed,1977.74
949,13,2023-12-23 22:11:06,processing,1269.55
950,426,2023-09-05 09:23:43,completed,465.68
951,155,2024-07-10 22:23:25,cancelled,2211.68
952,3,2023-10-15 16:27:15,completed,2214.03
953,279,2023-07-12 06:03:00,completed,1876.42
954,298,2023-10-15 04:53:54,completed,1939.62
955,20,2023-01-28 10:03:09,completed,3544.65
956,385,2024-01-14 07:19:37,completed,1982.66
957,300,2023-02-26 10:04:44,cancelled,3388.46
958,446,2024-05-09 19:53:10,completed,997.32
959,127,2023-09-13 13:54:11,completed,10340.2
960,112,2023-05-01 16:06:16,completed,11858.91
961,475,2023-11-11 18:52:33,completed,5490.81
962,293,2024-03-12 22:38:30,completed,1747.41
963,273,2023-11-09 17:39:21,cancelled,1789.96
964,191,2024-09-27 14:35:38,completed,15239.57
965,423,2024-09-15 08:14:10,completed,165.39
966,349,2023-09-02 11:51:44,completed,2053.76
967,482,2023-02-24 16:12:00,completed,557.02
968,458,2023-01-14 21:31:38,completed,353.61
969,126,2023-03-11 01:45:25,completed,10085.41
970,396,2024-04-17 12:39:38,completed,943.68
971,38,2023-01-04 21:03:53,completed,2207.87
972,116,2024-01-05 06:49:59,shipped,7721.45
973,166,2024-12-08 11:49:26,completed,3998.31
974,4,2023-11-21 03:56:23,processing,615.24
975,452,2023-08-08 12:58:32,completed,1303.73
976,94,2024-10-23 02:19:09,completed,6426.01
977,319,2023-05-20 09:22:04,completed,131.19
978,116,2023-12-07 17:20:01,completed,7331.78
979,357,2023-02-15 15:41:06,completed,2577.06
980,345,2023-09-01 01:16:46,completed,2317.69
981,90,2024-01-03 17:29:36,completed,3364.32
982,196,2023-08-27 23:35:12,completed,1220.72
983,134,2024-07-26 12:46:53,completed,1827.73
984,214,2023-03-21 08:39:21,completed,947.11
985,82,2024-05-26 00:31:34,completed,5525.85
986,419,2023-12-24 13:51:58,completed,1128.13
987,459,2024-07-13 05:58:31,completed,484.52
988,3,2024-06-07 05:41:07,completed,1340.3
989,493,2023-06-20 02:11:39,completed,15641.06
990,244,2024-07-09 12:56:52,completed,2075.88
991,457,2024-02-08 05:21:50,completed,7483.62
992,191,2023-02-06 23:38:09,processing,207.67
993,238,2023-05-01 10:33:45,completed,269.1
994,455,2023-08-20 03:58:09,completed,1953.24
995,336,2023-06-15 05:17:31,completed,290.13
996,188,2024-01-20 18:51:05,completed,17893.9
997,295,2023-04-08 03:33:08,completed,2054.9
998,348,2024-08-23 17:56:23,completed,11734.44
999,169,2024-08-02 17:52:34,completed,1253.85
1000,113,2024-06-15 05:54:58,completed,280.49
1001,158,2023-06-10 07:11:33,completed,1467.01
1002,220,2023-03-14 15:33:22,completed,2416.67
1003,112,2024-07-30 10:34:05,cancelled,655.51
1004,294,2024-10-01 06:41:55,processing,1484.31
1005,95,2024-04-02 18:55:10,completed,699.42
1006,492,2023-12-17 03:14:17,completed,1073.93
1007,446,2024-06-13 02:34:41,completed,2000.78
1008,362,2024-06-25 16:02:17,completed,1208.62
1009,196,2023-01-03 05:35:09,processing,2152.58
1010,137,2024-08-24 10:23:42,completed,2477.02
1011,9,2024-01-18 15:32:27,processing,5129.01
1012,93,2023-09-22 20:44:23,completed,1120.36
1013,64,2024-04-14 09:59:29,completed,10577.11
1014,28,2024-03-11 11:13:30,completed,109.52
1015,473,2023-12-12 23:36:12,completed,3111.45
1016,311,2024-04-30 04:34:17,completed,6254.89
1017,481,2023-09-15 01:38:44,completed,3381.46
1018,158,2023-08-07 00:50:58,completed,7717.28
1019,288,2024-09-30 23:26:31,completed,4097.92
1020,47,2023-09-05 21:50:15,completed,6657.33
1021,488,2024-11-07 05:49:17,completed,882.86
1022,147,2024-04-07 23:22:49,completed,11001.41
1023,470,2024-12-03 04:31:12,completed,497.22
1024,153,2024-09-13 13:32:46,completed,2183.08
1025,92,2024-07-26 11:36:29,completed,5124.29
1026,393,2023-04-25 17:45:08,cancelled,1068.67
1027,257,2023-01-22 17:23:03,completed,525.55
1028,441,2024-03-01 07:05:07,completed,11027.26
1029,80,2023-04-22 04:27:54,processing,195.42
1030,91,2023-12-22 15:24:37,completed,1826.47
1031,295,2023-02-28 09:49:56,completed,11347.07
1032,94,2023-04-01 13:34:09,completed,10523.08
1033,483,2024-10-18 14:26:50,completed,531.02
1034,94,2023-04-03 22:49:32,completed,5078.04
1035,357,2024-12-25 12:12:10,completed,764.68
1036,176,2024-03-16 11:46:59,cancelled,2486.03
1037,276,2023-06-10 16:02:38,completed,465.68
1038,16,2023-04-01 01:50:29,completed,1086.69
1039,499,2023-03-19 04:35:11,completed,2320.28
1040,22,2023-04-09 10:19:19,completed,483.35
1041,305,2023-06-05 23:40:46,completed,527.66
1042,55,2024-04-17 02:57:27,completed,1842.68
1043,130,2023-09-11 22:10:58,shipped,2249.21
1044,138,2024-10-07 09:14:02,completed,1561.24
1045,177,2023-04-24 07:43:00,completed,660.84
1046,289,2023-07-19 10:32:08,completed,605.71
1047,422,2023-11-18 04:52:15,completed,1549.98
1048,14,2024-12-18 23:28:53,completed,7678.42
1049,379,2023-09-26 01:10:39,processing,1136.05
1050,11,2024-03-08 23:06:57,shipped,2761.27
1051,460,2023-06-24 15:13:07,completed,16515.49
1052,34,2024-10-02 22:09:22,completed,521.01
1053,161,2023-03-15 09:52:18,completed,899.64
1054,256,2024-02-10 13:22:46,completed,284.36
1055,345,2023-08-07 21:55:27,completed,6369.95
1056,14,2024-06-28 08:12:37,completed,1789.96
1057,497,2024-12-27 23:04:56,cancelled,2531.81
1058,248,2024-05-16 22:07:38,completed,2144.4
1059,203,2024-02-05 10:19:29,completed,6898.73
1060,322,2023-04-02 22:12:17,completed,5911.49
1061,348,2023-01-19 05:24:59,completed,1574.27
1062,293,2024-10-16 18:11:36,completed,5270.65
1063,21,2024-10-18 17:39:41,completed,702.41
1064,48,2024-08-06 21:35:59,cancelled,1181.86
1065,171,2024-11-29 04:18:49,completed,6963.46
1066,227,2024-08-24 08:54:31,completed,621.54
1067,134,2023-07-26 18:20:34,cancelled,427.23
1068,206,2023-04-15 22:33:56,completed,853.46
1069,380,2024-03-31 19:20:31,completed,1973.32
1070,32,2023-07-02 15:17:36,shipped,477.29
1071,484,2024-06-27 06:33:23,completed,11183.06
1072,55,2023-11-17 08:24:24,completed,10340.2
1073,343,2024-03-19 22:09:21,completed,1207.29
1074,363,2024-08-14 12:37:48,shipped,516.99
1075,199,2023-10-15 09:57:28,completed,8992.74
1076,135,2023-05-20 15:13:03,completed,730.57
1077,160,2023-05-26 08:20:01,completed,3287.72
1078,274,2024-03-09 21:50:35,completed,6945.44
1079,364,2024-10-10 05:04:21,processing,1545.33
1080,266,2024-09-24 15:16:39,shipped,393.91
1081,460,2023-07-30 15:31:27,completed,414.37
1082,213,2024-12-29 00:32:09,completed,411.64
1083,289,2024-11-29 05:10:00,cancelled,945.17
1084,368,2024-12-06 19:37:42,completed,2735.71
1085,360,2023-05-10 22:16:36,completed,1080.5
1086,125,2024-09-08 10:42:37,completed,224.49
1087,318,2024-03-08 05:09:51,completed,6914.9
1088,124,2023-05-26 20:07:11,completed,1534.74
1089,362,2024-01-19 17:47:52,completed,13349.51
1090,285,2024-11-13 16:57:31,completed,872.15
1091,291,2023-10-04 13:11:18,completed,867.11
1092,331,2023-12-04 10:04:01,completed,96.42
1093,164,2024-06-03 09:58:00,completed,394.36
1094,279,2024-09-15 22:47:36,completed,592.22
1095,25,2023-02-08 20:13:23,completed,1480.02
1096,187,2023-09-15 13:12:55,completed,12638.34
1097,250,2024-12-13 16:15:49,completed,1013.02
1098,55,2023-03-22 16:08:12,cancelled,10883.4
1099,215,2023-12-02 03:20:53,completed,8367.59
1100,177,2023-05-16 07:59:00,processing,2219.66
1101,479,2024-05-30 03:34:32,completed,2147.33
1102,142,2024-08-28 08:42:26,completed,2324.66
1103,401,2024-10-08 19:21:13,completed,549.93
1104,337,2024-07-20 22:34:50,completed,175.91
1105,55,2024-04-22 06:22:03,completed,2974.23
1106,58,2024-06-18 05:42:22,cancelled,246.79
1107,493,2023-12-27 03:50:28,completed,189.93
1108,85,2024-12-21 20:09:21,completed,752.73
1109,499,2023-08-30 12:45:19,completed,6906.97
1110,364,2024-02-06 02:54:53,completed,3052.35
1111,1,2023-09-10 03:56:34,completed,746.16
1112,302,2024-05-25 12:09:30,cancelled,708.68
1113,116,2023-07-05 00:58:19,completed,353.67
1114,36,2023-06-03 22:13:54,completed,10523.08
1115,369,2024-03-21 19:34:39,completed,1225.76
1116,437,2023-01-12 23:11:09,shipped,2774.87
1117,72,2024-05-10 20:53:00,completed,1876.24
1118,178,2023-02-23 01:49:47,completed,3863.97
1119,198,2024-04-25 02:36:11,completed,4906.74
1120,149,2024-05-26 04:36:08,completed,706.28
1121,113,2024-01-07 22:04:39,completed,870.91
1122,393,2023-11-29 04:59:56,shipped,66.67
1123,253,2023-04-17 22:30:59,completed,2757.61
1124,150,2023-04-24 11:52:18,completed,687.06
1125,377,2023-03-24 06:09:11,completed,2884.13
1126,484,2023-12-24 21:58:08,completed,281.44
1127,202,2024-07-25 23:20:38,shipped,1989.19
1128,380,2023-09-16 04:16:09,completed,2953.99
1129,51,2023-08-31 05:01:46,completed,10112.22
1130,381,2024-11-13 11:04:09,completed,1230.94
1131,187,2023-01-27 11:48:08,processing,2424.07
1132,348,2024-02-22 03:21:48,completed,2571.96
1133,442,2023-12-07 09:23:49,completed,559.96
1134,274,2023-05-19 16:53:51,completed,2946.07
1135,275,2023-07-18 17:02:13,completed,3246.54
1136,325,2024-12-25 05:09:28,cancelled,2024.26
1137,363,2024-09-26 07:22:27,completed,593.31
1138,307,2024-08-22 11:20:03,completed,990.5
1139,258,2023-12-02 02:19:34,processing,964.38
1140,460,2024-07-19 21:56:31,completed,2011.94
1141,249,2023-09-15 21:44:43,completed,11231.76
1142,31,2023-12-11 15:09:49,completed,414.37
1143,107,2024-10-11 14:13:57,completed,13141.83
1144,62,2024-05-12 11:25:56,shipped,4856.83
1145,369,2024-09-24 02:25:28,cancelled,1137.53
1146,382,2024-07-11 21:02:48,shipped,122.64
1147,439,2023-07-11 23:44:22,completed,1789.96
1148,46,2023-08-12 02:09:44,completed,978.27
1149,378,2024-07-30 06:19:05,completed,957.4
1150,291,2024-05-18 01:18:19,completed,5801.52
1151,94,2023-04-15 02:40:58,completed,6570.87
1152,87,2023-06-14 23:53:14,completed,5551.67
1153,131,2023-07-26 07:01:04,completed,602.95
1154,271,2024-07-27 17:00:36,completed,583.67
1155,323,2024-05-11 13:44:41,completed,13896.74
1156,16,2023-07-21 14:03:25,completed,3555.67
1157,457,2024-06-16 03:43:45,completed,318.24
1158,155,2023-07-08 20:21:01,completed,557.39
1159,455,2024-12-23 22:07:23,completed,2201.55
1160,98,2023-07-25 11:05:21,completed,8133.58
1161,371,2023-01-19 13:37:48,completed,1170.48
1162,367,2023-05-09 01:40:31,completed,284.58
1163,75,2024-12-12 11:18:28,shipped,498.57
1164,397,2023-12-11 14:30:38,completed,6753.75
1165,499,2023-06-20 12:38:29,completed,919.42
1166,366,2023-01-25 18:35:54,completed,7225.78
1167,249,2023-01-22 01:27:54,completed,4382.57
1168,34,2023-05-23 06:22:17,shipped,752.73
1169,248,2024-12-02 12:42:30,cancelled,4642.29
1170,379,2023-07-29 07:55:54,completed,6929.66
1171,1,2024-09-18 05:30:10,completed,2150.8
1172,281,2024-09-01 12:05:40,completed,1322.07
1173,195,2023-07-18 14:20:54,completed,171.04
1174,435,2023-04-07 20:31:08,completed,3578.15
1175,163,2024-01-24 05:45:03,completed,2178.66
1176,279,2023-02-01 08:02:35,processing,2101.16
1177,391,2024-04-20 10:02:02,completed,1713.97
1178,109,2024-04-28 05:10:26,processing,12767.53
1179,393,2023-03-28 01:37:43,completed,864.52
1180,305,2024-06-10 13:17:18,completed,1909.54
1181,235,2023-02-01 13:57:28,completed,110.25
1182,369,2023-03-25 09:32:39,completed,1142.16
1183,354,2024-11-12 01:28:42,completed,6400.28
1184,212,2023-01-15 03:15:46,completed,293.85
1185,204,2023-06-20 14:42:35,completed,514.45
1186,456,2024-09-11 14:57:08,processing,1214.45
1187,39,2023-04-05 16:31:49,completed,1790.84
1188,496,2023-07-20 23:01:02,completed,248.61
1189,369,2023-07-06 02:02:36,completed,1620.17
1190,25,2023-04-25 05:02:09,completed,108.37
1191,426,2024-02-22 18:59:46,completed,870.18
1192,397,2023-12-31 21:10:50,completed,1230.78
1193,154,2024-05-10 02:55:03,completed,1342.35
1194,433,2023-07-21 17:33:19,processing,10311.19
1195,355,2023-09-14 22:47:15,completed,2803.23
1196,399,2024-09-17 15:50:07,completed,12131.34
1197,316,2024-12-15 00:10:00,completed,244.88
1198,48,2024-06-17 05:13:43,processing,3610.83
1199,249,2024-07-05 17:44:55,completed,2426.51
1200,226,2023-12-31 15:26:45,completed,6856.93
1201,448,2023-06-08 15:18:13,completed,12397.29
1202,435,2024-07-09 15:06:18,completed,523.22
1203,316,2024-07-11 19:06:52,cancelled,7124.95
1204,396,2024-01-25 20:24:18,completed,866.38
1205,113,2024-04-26 11:30:42,completed,404.5
1206,134,2023-11-27 14:05:06,completed,3897.58
1207,471,2024-08-28 22:59:15,completed,7271.65
1208,23,2023-02-16 07:32:18,completed,6218.38
1209,472,2023-02-17 20:45:36,completed,2894.87
1210,352,2023-05-09 13:51:41,processing,500.16
1211,95,2024-07-29 21:04:28,completed,722.82
1212,136,2024-08-23 03:47:44,completed,1081.84
1213,206,2024-10-28 08:43:48,completed,1038.32
1214,347,2024-03-07 18:12:17,completed,2098.01
1215,425,2024-12-30 02:02:56,completed,542.34
1216,364,2024-12-04 00:45:16,completed,352.39
1217,195,2023-03-21 00:08:13,completed,7063.89
1218,45,2023-07-09 15:47:34,processing,554.39
1219,394,2023-04-28 06:53:25,completed,2925.78
1220,212,2024-01-08 21:20:18,completed,293.85
1221,244,2023-11-01 07:13:14,completed,2953.99
1222,47,2024-04-12 21:44:34,processing,825.15
1223,228,2024-04-06 06:08:55,completed,95.99
1224,107,2023-03-28 19:30:50,completed,790.82
1225,365,2024-05-21 07:31:31,completed,226.58
1226,211,2024-09-19 06:54:58,completed,17197.13
1227,327,2023-01-03 08:55:20,processing,121.09
1228,233,2023-05-23 19:16:42,completed,7553.98
1229,93,2023-06-26 13:14:58,processing,11651.21
1230,348,2023-08-04 02:25:07,completed,3215.18
1231,279,2024-12-03 21:13:39,completed,1230.94
1232,131,2023-09-23 06:09:40,cancelled,684.14
1233,425,2024-07-06 23:43:19,completed,846.03
1234,168,2024-08-23 14:04:02,completed,6192.2
1235,130,2023-09-25 04:05:47,completed,394.36
1236,397,2024-01-07 10:28:20,shipped,6045.72
1237,72,2023-11-18 04:37:05,completed,8188.46
1238,89,2023-10-03 02:48:23,completed,152.85
1239,68,2023-12-12 21:27:39,shipped,6753.75
1240,331,2023-07-04 07:42:05,completed,481.1
1241,97,2024-07-21 13:23:22,processing,1368.22
1242,219,2024-12-13 19:56:14,completed,12431.05
1243,379,2024-12-14 19:02:42,cancelled,8194.21
1244,131,2024-05-01 17:36:22,completed,7702.35
1245,249,2023-02-19 17:24:28,completed,594.64
1246,322,2023-12-18 03:49:21,completed,354.11
1247,117,2023-10-01 01:45:41,completed,3341.54
1248,488,2023-09-26 00:14:54,completed,760.26
1249,206,2023-07-13 19:50:06,completed,342.07
1250,143,2024-02-24 01:12:37,completed,14456.65
1251,21,2024-06-15 13:21:23,completed,7119.95
1252,62,2024-05-12 11:04:16,cancelled,5295.58
1253,477,2024-11-08 16:34:14,completed,9658.56
1254,99,2024-01-01 02:49:24,processing,644.35
1255,478,2023-10-30 21:30:54,completed,810.36
1256,477,2024-04-15 00:07:45,completed,2991.16
1257,191,2023-01-23 06:39:38,completed,6826.91
1258,56,2024-12-11 23:00:54,completed,1081.84
1259,469,2023-09-08 00:06:07,completed,1958.45
1260,441,2024-11-01 19:49:48,completed,2120.25
1261,483,2023-01-31 05:54:59,processing,1939.62
1262,334,2024-09-17 19:48:59,completed,2060.43
1263,14,2023-02-06 15:45:14,completed,2474.49
1264,338,2023-08-01 14:02:52,completed,66.67
1265,406,2023-03-25 15:12:21,completed,7049.58
1266,464,2024-04-08 20:15:45,completed,6913.59
1267,214,2023-02-03 10:34:22,completed,1562.14
1268,96,2023-10-10 06:31:42,completed,1851.23
1269,191,2023-01-05 08:01:30,completed,404.5
1270,19,2024-07-29 16:50:13,completed,9351.91
1271,30,2023-05-21 09:05:51,completed,610.82
1272,402,2024-07-01 19:17:51,shipped,790.18
1273,101,2023-05-28 13:19:41,completed,1285.25
1274,198,2024-05-05 03:02:16,completed,293.85
1275,453,2023-04-10 11:38:49,completed,465.68
1276,406,2023-02-22 05:34:17,completed,394.15
1277,316,2024-03-23 02:20:25,completed,10414.16
1278,318,2023-12-17 11:26:25,completed,5459.02
1279,240,2023-02-07 03:36:20,shipped,621.54
1280,478,2023-07-29 04:58:22,shipped,569.52
1281,350,2024-12-21 16:54:03,processing,7024.96
1282,278,2024-04-09 13:06:43,completed,1739.66
1283,454,2023-11-04 15:42:43,completed,527.6
1284,445,2024-11-28 12:43:05,completed,1566.92
1285,261,2024-11-20 16:23:21,processing,801.78
1286,409,2023-04-24 16:58:33,completed,2068.78
1287,119,2024-01-06 06:08:15,completed,638.92
1288,445,2024-06-04 16:14:21,completed,10751.31
1289,489,2023-03-24 11:14:25,completed,1379.07
1290,91,2024-07-03 22:20:18,completed,958.76
1291,437,2023-02-02 14:23:22,completed,1724.41
1292,106,2023-01-06 11:44:59,completed,565.6
1293,462,2024-02-17 07:37:16,completed,2010.18
1294,9,2024-03-11 09:35:28,completed,578.73
1295,257,2023-10-12 14:07:13,completed,2206.55
1296,75,2024-04-25 03:40:08,completed,6474.45
1297,96,2024-12-30 22:22:23,completed,2091.09
1298,495,2023-06-18 19:44:46,completed,2040.69
1299,376,2024-07-24 03:47:43,completed,165.87
1300,394,2023-03-06 12:37:30,completed,215.42
1301,395,2024-04-11 03:42:02,completed,2642.88
1302,148,2024-02-25 16:04:01,completed,51.31
1303,139,2024-02-06 17:33:27,completed,415.22
1304,328,2023-02-05 20:28:33,completed,1595.61
1305,255,2024-02-20 11:33:04,processing,3933.43
1306,337,2024-01-31 13:00:32,shipped,7904.33
1307,186,2023-12-16 18:43:49,completed,6657.33
1308,305,2024-08-02 10:52:07,completed,2131.37
1309,56,2024-01-11 15:23:11,processing,378.07
1310,470,2024-06-21 07:03:02,completed,7113.77
1311,195,2024-10-14 19:03:48,shipped,2984.0
1312,6,2024-08-23 07:54:57,completed,1258.3
1313,135,2023-03-23 07:26:27,completed,96.42
1314,489,2024-10-12 11:10:10,completed,6856.93
1315,363,2024-06-23 05:31:38,shipped,91.59
1316,47,2024-09-05 20:11:04,completed,2906.32
1317,497,2023-07-11 18:19:33,shipped,703.29
1318,258,2024-06-05 23:52:50,processing,8148.7
1319,321,2023-08-02 06:14:39,completed,190.33
1320,348,2023-07-07 00:24:10,completed,1992.17
1321,483,2024-07-30 07:46:35,completed,159.84
1322,391,2024-12-03 08:27:45,completed,1117.79
1323,415,2024-02-01 16:31:42,completed,241.26
1324,21,2023-10-31 22:43:27,shipped,2642.32
1325,85,2023-08-24 21:16:10,completed,110.25
1326,257,2023-07-30 14:17:24,completed,10588.69
1327,34,2024-10-02 00:22:51,completed,21616.25
1328,14,2024-10-04 09:18:54,completed,640.27
1329,293,2023-12-10 14:46:04,completed,1795.49
1330,469,2023-10-19 23:37:00,completed,651.0
1331,14,2024-10-05 16:27:07,completed,165.39
1332,352,2024-07-10 08:03:03,completed,2120.33
1333,311,2024-05-03 02:40:59,shipped,1263.25
1334,381,2024-05-25 19:23:32,completed,1148.15
1335,407,2024-02-13 17:40:29,completed,1045.38
1336,231,2024-01-04 04:55:45,completed,1057.06
1337,346,2023-10-16 06:29:53,completed,499.97
1338,49,2023-11-24 21:32:26,cancelled,8212.68
1339,269,2023-12-10 07:03:30,completed,2260.64
1340,81,2023-07-20 12:57:39,processing,3864.97
1341,244,2023-06-10 15:08:29,completed,664.23
1342,483,2024-02-21 22:31:07,completed,764.68
1343,475,2024-05-02 10:01:27,completed,800.47
1344,262,2024-02-29 00:50:36,cancelled,100.57
1345,405,2024-09-27 10:51:40,completed,15308.13
1346,489,2023-09-19 16:56:51,completed,778.28
1347,104,2023-11-13 04:47:12,completed,666.91
1348,499,2024-05-17 15:22:20,completed,906.42
1349,5,2024-03-26 02:49:57,completed,828.7
1350,68,2024-07-22 10:37:34,completed,4130.45
1351,47,2024-09-24 11:28:30,shipped,353.61
1352,469,2024-03-10 04:16:29,completed,295.72
1353,195,2023-02-10 09:44:14,completed,2985.28
1354,139,2023-02-11 17:18:34,completed,1506.26
1355,205,2024-09-22 07:59:24,shipped,3077.79
1356,325,2023-10-25 23:10:41,completed,621.54
1357,427,2023-04-29 23:20:52,completed,658.76
1358,32,2024-01-19 09:39:55,completed,2178.66
1359,1,2024-02-04 12:31:19,processing,17321.52
1360,153,2024-05-17 07:09:47,shipped,21711.24
1361,279,2024-07-21 16:30:41,processing,9720.05
1362,133,2024-07-22 03:47:53,completed,2867.81
1363,254,2023-12-08 02:37:07,completed,269.1
1364,472,2024-03-02 16:30:31,completed,829.94
1365,317,2024-11-02 02:01:46,completed,18582.66
1366,40,2024-03-19 07:43:26,completed,1976.15
1367,64,2023-12-15 06:38:16,completed,11060.49
1368,255,2024-04-16 02:43:33,completed,1251.68
1369,62,2024-04-02 20:03:34,shipped,1705.86
1370,231,2023-03-16 08:01:59,shipped,2112.03
1371,400,2023-01-05 02:07:56,completed,3560.76
1372,26,2024-01-04 16:20:26,processing,13141.83
1373,94,2024-04-17 00:35:28,completed,1083.43
1374,290,2024-02-29 06:26:33,completed,2840.56
1375,377,2023-03-04 02:40:50,completed,562.1
1376,478,2023-02-14 20:02:28,completed,4029.89
1377,403,2024-06-11 06:19:27,completed,1184.56
1378,95,2023-02-22 21:52:17,completed,545.04
1379,67,2023-06-05 15:50:23,completed,5021.95
1380,485,2023-08-21 08:15:53,processing,162.66
1381,165,2023-04-12 10:33:48,completed,1851.23
1382,185,2023-11-11 03:26:35,completed,281.44
1383,118,2023-02-06 09:38:20,processing,724.51
1384,127,2024-05-26 11:49:51,completed,2107.61
1385,252,2024-09-15 20:36:49,completed,2155.47
1386,276,2024-11-23 06:24:13,completed,584.81
1387,177,2023-04-28 19:20:54,completed,557.39
1388,243,2024-07-12 13:24:35,completed,1892.75
1389,371,2024-06-06 15:39:54,completed,1993.16
1390,461,2023-12-28 05:23:59,shipped,1292.18
1391,16,2024-08-13 03:00:21,completed,637.27
1392,291,2024-12-13 05:33:25,processing,1135.77
1393,256,2023-01-29 04:10:20,cancelled,1910.75
1394,242,2023-04-23 23:03:11,completed,1110.19
1395,24,2024-09-24 08:06:58,completed,7182.92
1396,214,2023-01-26 05:30:14,completed,12646.66
1397,206,2024-06-30 07:40:42,processing,13421.13
1398,19,2024-06-03 07:40:37,cancelled,571.66
1399,227,2023-07-04 04:24:35,completed,5165.15
1400,15,2023-04-20 23:20:20,completed,764.68
1401,241,2024-07-22 11:13:53,completed,217.5
1402,439,2024-09-30 22:12:45,completed,1385.46
1403,237,2024-05-11 05:42:10,shipped,3002.16
1404,103,2023-08-24 00:29:24,completed,1193.47
1405,158,2023-05-30 17:20:41,completed,654.31
1406,119,2024-12-22 17:58:51,completed,660.84
1407,417,2023-01-08 15:35:39,shipped,2597.38
1408,482,2023-12-07 10:03:46,completed,964.12
1409,226,2023-09-06 07:00:37,processing,1753.7
1410,482,2023-07-26 07:39:33,completed,958.76
1411,306,2023-04-04 00:05:20,processing,2697.06
1412,158,2024-03-04 19:13:27,processing,1065.73
1413,307,2023-02-02 09:25:20,processing,5780.87
1414,229,2024-07-02 09:06:08,processing,847.83
1415,168,2023-06-11 05:08:18,completed,1096.49
1416,32,2023-08-29 21:50:52,cancelled,6955.95
1417,156,2024-12-20 22:19:35,completed,329.38
1418,281,2024-02-01 17:59:59,completed,1030.79
1419,415,2024-10-02 04:02:18,shipped,7519.47
1420,365,2023-06-03 02:56:36,completed,1789.96
1421,151,2024-08-28 22:09:32,completed,325.99
1422,26,2024-05-17 12:39:17,completed,810.66
1423,489,2024-03-14 13:21:13,completed,137.26
1424,207,2024-12-24 14:31:56,completed,545.96
1425,433,2023-01-07 11:19:00,completed,1506.26
1426,118,2024-05-11 21:34:19,completed,9967.7
1427,242,2023-06-17 05:53:46,completed,10523.08
1428,493,2023-05-27 19:10:23,completed,224.93
1429,119,2024-04-22 22:55:27,completed,1303.73
1430,107,2023-02-04 16:07:12,completed,182.88
1431,326,2024-08-14 20:46:02,completed,121.09
1432,146,2024-04-06 08:46:15,completed,7201.39
1433,136,2024-09-24 06:22:51,completed,585.26
1434,35,2023-12-10 10:33:29,completed,539.88
1435,437,2024-10-17 14:40:27,completed,5362.07
1436,58,2024-10-20 10:24:47,completed,1877.89
1437,94,2024-12-27 05:15:11,completed,6753.75
1438,78,2023-05-03 17:28:52,completed,193.57
1439,287,2023-02-20 17:49:56,completed,1581.64
1440,97,2023-07-17 01:41:40,completed,162.27
1441,259,2023-05-24 19:12:35,completed,594.64
1442,144,2023-03-31 17:53:52,processing,3002.16
1443,391,2023-08-27 05:33:13,completed,620.02
1444,211,2023-08-09 20:25:26,completed,16254.57
1445,31,2023-11-14 05:09:22,cancelled,305.38
1446,123,2024-04-09 22:58:42,shipped,1910.76
1447,213,2024-08-13 05:42:49,shipped,209.52
1448,474,2024-01-10 06:11:49,completed,1939.62
1449,437,2023-11-18 00:44:35,completed,10350.68
1450,241,2024-12-28 15:31:16,completed,3284.0
1451,354,2023-01-19 23:56:34,cancelled,449.02
1452,162,2023-02-10 12:48:19,completed,2434.9
1453,468,2023-05-25 02:05:50,completed,12289.96
1454,424,2023-09-15 11:52:35,completed,753.15
1455,280,2023-03-14 15:10:17,completed,2711.11
1456,338,2024-10-30 21:13:08,processing,2062.15
1457,315,2024-07-21 06:15:14,cancelled,4484.6
1458,379,2023-08-24 12:07:13,completed,520.96
1459,422,2023-03-24 14:59:35,completed,108.37
1460,287,2024-01-29 00:10:13,completed,960.95
1461,143,2024-02-29 10:49:32,completed,694.06
1462,31,2024-09-09 07:55:49,cancelled,867.83
1463,8,2024-04-10 00:03:15,completed,798.8
1464,30,2024-08-14 10:19:10,completed,6228.24
1465,64,2024-06-22 17:02:33,completed,1207.38
1466,212,2023-12-23 09:47:07,completed,1654.8
1467,164,2023-01-21 04:59:39,completed,373.59
1468,444,2023-08-14 17:33:48,completed,5890.62
1469,299,2024-12-01 11:10:54,completed,5454.05
1470,262,2024-05-04 19:11:00,completed,621.54
1471,161,2023-05-15 20:39:48,completed,3564.67
1472,141,2023-03-07 05:55:38,completed,10523.08
1473,475,2023-05-09 06:57:42,completed,5132.65
1474,489,2024-01-28 00:29:54,completed,1274.54
1475,391,2023-08-18 12:12:10,completed,2058.94
1476,44,2023-01-04 10:44:01,completed,547.5
1477,160,2023-05-24 10:16:55,completed,1556.75
1478,74,2023-12-18 20:46:52,completed,525.55
1479,145,2024-05-15 09:03:25,completed,9806.97
1480,296,2023-12-31 07:10:20,completed,423.6
1481,391,2024-04-08 17:12:29,completed,1382.38
1482,78,2024-06-16 20:43:53,completed,452.68
1483,234,2023-11-01 09:45:34,completed,753.79
1484,353,2024-08-10 07:02:13,completed,1491.46
1485,103,2023-02-15 02:42:41,processing,1169.18
1486,108,2023-07-26 23:01:54,completed,121.09
1487,399,2023-10-31 12:11:21,completed,1385.46
1488,175,2024-04-08 18:07:09,processing,10688.95
1489,323,2024-01-22 00:00:50,processing,1689.82
1490,83,2024-04-23 21:26:16,completed,338.12
1491,407,2023-08-10 18:18:11,completed,1078.84
1492,28,2023-09-28 15:47:04,completed,3005.3
1493,286,2023-05-06 13:38:15,completed,1125.77
1494,275,2024-08-13 15:19:01,completed,1064.53
1495,175,2024-01-13 07:58:19,completed,602.41
1496,423,2024-09-20 11:24:02,completed,554.44
1497,115,2024-10-20 16:41:44,completed,1341.11
1498,81,2023-04-19 16:07:54,completed,1340.36
1499,313,2024-07-23 23:13:09,processing,1851.23
1500,191,2024-06-01 09:38:25,processing,1562.14
1501,42,2024-10-25 12:01:29,shipped,5776.46
1502,323,2023-09-30 10:32:59,completed,6842.57
1503,11,2023-12-13 06:02:26,completed,556.0
1504,49,2024-12-11 12:39:53,completed,7901.52
1505,354,2023-11-29 21:22:04,cancelled,162.66
1506,476,2024-06-05 21:27:19,cancelled,621.54
1507,367,2024-04-11 10:03:19,completed,322.38
1508,306,2024-09-23 08:32:28,shipped,527.62
1509,282,2023-09-13 08:04:47,completed,602.41
1510,356,2024-07-03 13:53:29,completed,6094.37
1511,457,2024-04-27 17:33:06,completed,907.01
1512,244,2024-05-08 23:28:01,processing,2388.17
1513,367,2023-09-18 11:30:12,completed,527.66
1514,450,2023-03-31 04:11:49,completed,2736.11
1515,328,2024-12-15 10:58:09,cancelled,207.92
1516,35,2024-12-18 06:31:23,completed,1010.15
1517,243,2024-07-09 05:53:55,completed,2651.9
1518,454,2024-03-28 07:47:19,completed,1777.35
1519,395,2024-07-13 06:01:16,completed,2154.83
1520,98,2024-08-02 21:43:48,completed,389.84
1521,91,2024-01-10 23:40:51,cancelled,703.99
1522,299,2023-02-01 02:21:42,completed,696.77
1523,3,2023-11-03 09:28:08,completed,1851.23
1524,254,2024-11-21 19:02:14,completed,2573.41
1525,96,2023-05-19 03:16:54,completed,329.38
1526,408,2024-02-01 20:37:30,completed,1965.75
1527,266,2023-06-20 20:20:55,completed,1259.32
1528,193,2024-01-19 01:00:59,completed,1816.53
1529,78,2023-12-07 13:12:02,completed,1684.25
1530,395,2023-01-02 08:11:35,completed,14540.38
1531,355,2024-06-30 23:08:27,completed,2338.34
1532,62,2024-07-18 20:59:30,completed,764.68
1533,460,2024-06-27 16:19:57,completed,11219.85
1534,19,2024-03-01 13:46:37,completed,1264.24
1535,285,2023-12-10 11:39:21,completed,658.86
1536,20,2023-06-21 04:52:56,processing,1222.53
1537,256,2023-02-08 16:51:57,completed,11284.08
1538,135,2024-07-30 16:28:58,completed,881.53
1539,156,2023-03-20 01:34:52,completed,1082.67
1540,466,2024-04-23 08:44:01,completed,362.63
1541,266,2024-03-23 10:00:37,completed,1448.91
1542,235,2023-07-12 21:04:53,completed,105.53
1543,243,2023-08-26 11:13:29,completed,768.68
1544,59,2024-03-19 20:21:11,completed,2535.99
1545,201,2024-04-18 14:12:01,completed,313.67
1546,123,2024-10-24 03:55:46,completed,5937.67
1547,396,2024-04-05 21:33:17,completed,557.02
1548,409,2024-05-04 19:32:47,completed,602.41
1549,280,2023-10-05 11:58:39,completed,113.29
1550,443,2023-08-18 19:15:10,completed,3534.19
1551,38,2024-07-04 21:58:39,completed,2018.68
1552,372,2024-02-25 20:46:16,completed,525.55
1553,386,2023-10-16 14:55:12,completed,182.68
1554,90,2024-03-02 23:01:54,completed,5065.22
1555,366,2023-09-29 07:47:21,completed,658.76
1556,422,2023-01-31 12:26:00,processing,1165.01
1557,350,2023-05-11 23:22:53,completed,182.48
1558,404,2023-03-21 09:19:31,completed,3710.99
1559,440,2023-01-23 02:46:16,completed,2389.39
1560,452,2024-03-25 09:13:20,completed,602.41
1561,423,2024-11-05 14:37:24,cancelled,301.08
1562,448,2024-08-07 20:26:17,completed,3341.54
1563,144,2024-04-01 20:39:40,completed,1233.28
1564,420,2024-05-18 15:55:37,completed,787.65
1565,207,2024-08-30 08:26:20,completed,2989.48
1566,387,2023-04-24 07:45:09,completed,8342.23
1567,274,2024-05-26 16:17:04,completed,1403.64
1568,183,2024-07-17 23:13:55,completed,16756.75
1569,3,2023-05-04 03:16:45,shipped,577.96
1570,53,2023-01-05 06:15:18,completed,602.41
1571,25,2023-07-07 20:00:41,shipped,15250.93
1572,443,2024-09-08 19:43:23,completed,1059.92
1573,262,2024-06-25 10:43:25,completed,2396.3
1574,329,2023-12-26 20:03:58,completed,2747.54
1575,251,2023-11-29 15:48:39,completed,833.4
1576,331,2024-04-28 04:04:49,completed,1464.42
1577,497,2023-04-14 06:28:08,completed,143.75
1578,75,2024-02-02 19:14:29,completed,398.34
1579,198,2023-06-24 19:27:29,completed,1939.62
1580,186,2023-11-06 20:45:51,completed,1428.51
1581,116,2023-02-22 11:37:06,completed,2059.06
1582,330,2024-08-01 23:42:04,completed,1063.96
1583,337,2023-04-02 17:41:04,completed,548.43
1584,99,2023-02-26 10:33:07,completed,1506.26
1585,200,2023-06-26 15:18:51,completed,3341.54
1586,274,2023-08-19 06:44:16,completed,1399.87
1587,482,2024-11-13 04:20:13,completed,868.87
1588,49,2024-06-29 20:06:21,completed,387.2
1589,194,2024-10-20 14:14:17,shipped,2744.19
1590,300,2024-12-27 08:36:49,completed,1851.23
1591,427,2023-11-28 09:09:39,completed,1546.27
1592,301,2023-09-20 16:20:11,completed,498.57
1593,76,2023-02-12 11:13:36,completed,729.12
1594,493,2023-01-12 16:58:55,cancelled,752.73
1595,104,2024-07-06 01:59:30,completed,594.64
1596,200,2024-04-02 04:02:18,completed,561.0
1597,264,2024-06-11 07:30:19,completed,7165.67
1598,354,2024-06-22 09:03:30,completed,2074.47
1599,62,2024-12-25 20:33:08,completed,1245.95
1600,282,2024-10-14 00:18:47,completed,1884.73
1601,56,2024-06-15 19:45:43,completed,14753.49
1602,80,2023-03-10 07:22:59,completed,211.44
1603,236,2023-02-17 14:03:36,completed,7294.26
1604,163,2023-10-05 10:44:34,processing,2178.66
1605,45,2023-04-19 09:52:55,completed,800.35
1606,331,2024-03-06 03:01:24,completed,5749.47
1607,4,2024-11-13 22:41:18,processing,2853.27
1608,31,2024-02-15 12:12:04,shipped,4224.26
1609,304,2024-07-12 22:09:58,completed,288.64
1610,55,2023-12-08 17:52:57,completed,61.24
1611,204,2024-08-16 05:51:10,completed,4349.16
1612,200,2023-03-29 16:10:02,completed,44.98
1613,332,2023-01-30 15:12:22,completed,5612.31
1614,241,2024-03-17 15:43:10,completed,2119.93
1615,454,2024-08-19 02:44:29,processing,5708.73
1616,304,2024-01-21 14:25:03,completed,1561.29
1617,359,2024-08-02 18:03:37,cancelled,1013.96
1618,385,2024-01-07 12:18:58,processing,301.08
1619,241,2024-05-01 10:40:21,shipped,1312.18
1620,363,2023-11-02 23:29:15,completed,7107.15
1621,318,2024-10-17 15:00:23,completed,4409.17
1622,56,2023-02-19 03:51:41,completed,10669.93
1623,424,2024-05-04 18:33:28,completed,5432.85
1624,435,2023-03-12 02:22:26,completed,137.26
1625,236,2023-11-25 17:11:51,completed,621.54
1626,454,2024-11-02 15:21:12,processing,673.6
1627,65,2024-11-28 08:45:13,completed,1337.26
1628,74,2024-02-04 11:18:31,completed,527.66
1629,441,2024-03-11 20:59:02,completed,2846.43
1630,302,2023-10-08 11:14:00,completed,11065.17
1631,363,2023-08-27 06:08:41,completed,7775.08
1632,132,2024-07-14 21:17:01,cancelled,11773.82
1633,107,2024-06-03 07:23:47,completed,258.71
1634,472,2023-05-22 15:30:54,completed,6570.87
1635,395,2023-01-08 06:51:33,completed,2809.99
1636,258,2024-08-01 05:26:34,completed,617.48
1637,189,2023-07-17 08:16:33,completed,2396.57
1638,292,2024-02-04 00:37:57,completed,4732.47
1639,425,2023-08-15 07:17:12,completed,2059.06
1640,168,2023-08-19 20:17:38,completed,1086.29
1641,270,2024-09-01 03:15:11,completed,2274.68
1642,414,2023-05-01 23:11:21,completed,281.44
1643,298,2023-08-26 18:10:56,processing,420.93
1644,91,2024-07-19 02:28:41,completed,10231.46
1645,10,2024-03-23 11:29:13,completed,1848.67
1646,210,2024-04-11 21:33:00,completed,304.48
1647,29,2024-07-22 04:24:58,completed,4123.87
1648,397,2023-04-21 15:33:21,completed,621.26
1649,135,2024-03-18 18:53:10,completed,2435.61
1650,18,2023-09-16 18:03:55,completed,6488.75
1651,12,2024-11-13 06:01:05,completed,234.31
1652,148,2023-09-25 06:47:20,completed,325.99
1653,279,2024-04-17 00:59:04,completed,2217.89
1654,223,2023-12-04 17:05:11,completed,5552.07
1655,162,2023-02-26 07:05:57,processing,2194.46
1656,372,2023-05-25 23:58:31,completed,387.2
1657,226,2023-05-12 03:28:39,completed,1562.14
1658,253,2023-12-26 14:55:16,cancelled,10693.84
1659,424,2024-12-04 23:22:30,completed,639.72
1660,118,2024-09-16 17:33:17,completed,309.8
1661,429,2023-01-26 00:45:46,completed,1068.67
1662,432,2023-11-10 14:51:36,completed,1027.21
1663,316,2024-05-19 18:25:36,completed,487.36
1664,3,2023-04-06 18:46:46,processing,1151.31
1665,70,2024-02-05 20:28:13,completed,2084.85
1666,343,2023-09-24 01:00:31,completed,11803.52
1667,441,2024-02-13 15:14:48,processing,12612.89
1668,249,2023-10-06 12:44:32,completed,1027.86
1669,33,2023-05-19 13:59:00,completed,4539.26
1670,408,2023-07-18 20:03:56,completed,2411.33
1671,392,2023-04-26 13:58:49,processing,1261.33
1672,428,2024-01-31 03:15:00,completed,7798.77
1673,60,2023-08-03 21:08:45,completed,764.68
1674,263,2023-08-25 16:05:24,completed,2239.52
1675,198,2024-09-04 09:14:23,completed,4524.59
1676,94,2023-09-11 10:30:16,completed,2927.31
1677,352,2024-02-29 10:17:55,completed,7895.28
1678,248,2024-11-16 15:15:29,completed,4021.72
1679,401,2023-01-19 23:38:52,completed,1135.28
1680,276,2023-01-23 04:39:49,completed,4941.78
1681,380,2024-04-28 04:21:51,completed,558.54
1682,25,2024-03-19 20:58:30,completed,999.14
1683,109,2023-02-11 06:52:15,completed,345.14
1684,444,2023-09-12 18:55:33,completed,3332.67
1685,210,2024-07-07 21:50:33,completed,1218.39
1686,425,2023-11-09 01:24:34,completed,853.46
1687,368,2024-12-30 16:48:47,completed,603.15
1688,384,2023-04-25 07:31:37,completed,10848.62
1689,299,2024-11-20 12:57:52,completed,1465.11
1690,138,2023-09-30 00:59:19,completed,2395.21
1691,285,2023-01-05 14:02:42,completed,1034.38
1692,326,2024-05-06 00:14:25,shipped,171.04
1693,146,2023-10-13 15:36:09,completed,3049.43
1694,29,2024-06-07 20:16:12,completed,96.42
1695,231,2023-05-26 17:32:50,completed,2123.01
1696,66,2024-01-20 02:39:35,completed,72.49
1697,322,2024-04-16 13:31:20,completed,6657.33
1698,107,2024-06-07 06:58:26,shipped,2300.25
1699,93,2023-07-23 23:29:40,completed,5943.04
1700,35,2024-01-11 00:17:26,completed,1531.96
1701,254,2024-11-03 08:04:50,processing,3378.85
1702,65,2024-06-05 01:12:00,completed,10927.58
1703,431,2023-06-18 07:40:53,completed,11497.85
1704,103,2024-08-19 09:31:48,shipped,61.32
1705,302,2024-11-24 08:03:49,completed,808.96
1706,112,2024-07-30 00:31:10,completed,919.51
1707,102,2023-02-07 21:12:11,completed,2271.26
1708,109,2024-08-02 06:02:07,cancelled,327.69
1709,293,2024-07-10 21:07:34,processing,6753.75
1710,307,2023-02-25 15:32:00,completed,1225.63
1711,234,2024-01-29 22:34:18,cancelled,714.48
1712,162,2024-06-09 11:36:01,completed,465.68
1713,16,2023-05-31 07:48:09,completed,247.85
1714,108,2024-05-06 15:27:12,completed,1056.15
1715,364,2024-02-01 08:04:01,completed,2634.7
1716,444,2024-05-05 02:28:32,completed,7798.77
1717,422,2023-08-03 07:49:11,completed,297.97
1718,492,2024-12-16 06:59:46,completed,1939.62
1719,114,2023-01-15 18:25:01,shipped,5731.14
1720,56,2024-08-25 00:37:06,completed,1230.94
1721,251,2024-03-24 19:12:14,completed,3981.04
1722,211,2024-06-20 01:16:58,completed,12958.95
1723,113,2024-05-26 10:42:01,completed,527.66
1724,231,2023-03-17 18:39:32,completed,402.27
1725,328,2024-11-16 15:29:07,completed,1270.81
1726,228,2023-08-15 17:16:56,cancelled,621.54
1727,52,2023-09-05 17:46:59,completed,1045.02
1728,353,2024-05-20 21:53:23,shipped,387.49
1729,233,2023-10-14 21:53:10,completed,790.82
1730,427,2023-12-20 11:01:54,completed,165.87
1731,319,2023-09-11 16:53:51,completed,328.97
1732,38,2023-04-29 13:33:36,completed,7622.14
1733,202,2023-09-25 12:13:46,completed,6753.75
1734,346,2024-01-31 06:44:03,completed,958.7
1735,188,2023-01-07 19:02:58,completed,2764.09
1736,95,2023-01-11 22:54:36,cancelled,687.06
1737,208,2024-05-31 18:03:41,completed,414.37
1738,290,2023-04-20 21:02:38,processing,708.68
1739,37,2024-06-07 00:49:54,shipped,2269.27
1740,500,2024-01-22 19:04:33,processing,708.68
1741,376,2023-06-26 02:12:45,completed,353.61
1742,330,2024-01-18 01:10:26,completed,5708.73
1743,144,2023-11-24 13:56:28,completed,6570.87
1744,116,2024-11-19 08:54:14,completed,3088.17
1745,36,2023-03-16 09:12:50,completed,417.18
1746,2,2024-02-28 09:25:11,completed,351.69
1747,59,2023-08-12 09:03:55,completed,3316.62
1748,11,2023-08-21 22:25:53,completed,853.46
1749,209,2024-09-26 01:42:08,cancelled,673.79
1750,59,2023-12-07 21:22:05,completed,2889.05
1751,69,2024-05-13 20:35:33,completed,9375.62
1752,154,2023-05-02 23:02:00,completed,131.51
1753,220,2024-09-24 07:52:07,completed,2765.19
1754,73,2024-04-14 04:01:27,processing,8230.32
1755,465,2024-11-12 18:32:21,completed,2255.24
1756,84,2023-06-18 06:18:56,processing,1349.28
1757,340,2023-12-19 13:30:27,completed,1042.3
1758,132,2024-11-29 14:41:45,completed,449.82
1759,259,2024-03-03 00:14:40,completed,2260.93
1760,199,2024-07-29 06:30:42,completed,9658.56
1761,229,2024-10-13 13:03:30,completed,651.5
1762,460,2023-04-24 12:05:18,completed,11049.95
1763,288,2023-11-09 16:09:00,completed,2768.57
1764,43,2024-07-30 20:01:03,completed,18244.53
1765,488,2023-05-02 06:20:17,cancelled,886.97
1766,29,2023-08-02 04:54:24,processing,4028.6
1767,109,2024-05-23 07:16:57,completed,2181.03
1768,6,2023-07-22 01:06:24,completed,1643.52
1769,390,2023-05-17 14:49:44,completed,2983.25
1770,329,2024-12-13 18:36:04,processing,10523.08
1771,289,2024-01-29 06:25:41,completed,121.09
1772,130,2023-05-26 13:18:12,completed,2436.63
1773,456,2024-01-21 19:34:06,completed,1202.73
1774,73,2024-09-20 19:28:14,completed,864.52
1775,190,2023-06-11 17:58:50,completed,690.63
1776,463,2024-10-09 12:43:50,processing,2489.4
1777,466,2024-05-22 20:01:53,cancelled,651.98
1778,330,2024-03-23 05:56:15,completed,801.46
1779,310,2024-08-26 12:51:22,processing,660.84
1780,386,2024-10-23 10:06:27,processing,1151.19
1781,205,2023-01-10 04:44:52,completed,10523.08
1782,199,2023-01-09 18:28:24,completed,5708.73
1783,63,2023-09-08 05:41:39,completed,602.41
1784,222,2024-05-25 17:25:19,processing,66.67
1785,21,2023-06-01 07:05:36,completed,3414.21
1786,165,2023-07-29 10:34:49,completed,1472.19
1787,57,2024-09-28 04:04:08,completed,1874.11
1788,107,2024-09-03 02:10:04,completed,233.74
1789,407,2024-07-28 09:46:14,processing,528.22
1790,122,2024-10-11 00:33:06,completed,9865.1
1791,405,2024-06-20 22:20:45,completed,465.68
1792,80,2023-06-24 10:23:15,completed,387.2
1793,156,2023-02-13 02:47:20,completed,1754.1
1794,438,2023-06-20 10:12:04,completed,1425.35
1795,367,2023-02-26 18:40:59,completed,1169.16
1796,417,2023-02-14 18:32:34,completed,867.11
1797,191,2024-01-28 16:50:12,completed,11691.11
1798,199,2024-01-01 12:42:57,completed,729.17
1799,464,2024-05-07 19:54:02,completed,3020.75
1800,211,2024-02-05 06:01:44,completed,990.83
1801,326,2024-01-01 18:28:40,completed,1128.13
1802,458,2023-05-12 13:59:39,completed,1350.85
1803,281,2024-03-17 04:32:10,completed,680.9
1804,253,2023-05-14 23:18:37,completed,4848.86
1805,54,2023-04-04 00:42:20,completed,3956.01
1806,77,2024-11-11 12:11:51,processing,1997.62
1807,427,2023-11-03 23:29:15,shipped,3044.43
1808,230,2024-05-02 09:45:58,cancelled,672.39
1809,289,2023-07-21 18:15:12,completed,617.48
1810,407,2023-01-30 15:32:20,completed,1665.23
1811,50,2024-04-19 16:23:37,completed,11135.12
1812,234,2023-01-12 14:35:51,cancelled,961.81
1813,496,2023-04-15 07:24:42,completed,942.7
1814,482,2023-11-21 15:20:58,completed,289.95
1815,405,2023-03-11 21:22:49,completed,1812.31
1816,379,2024-11-13 04:35:09,shipped,295.72
1817,219,2024-10-17 22:53:53,completed,2311.12
1818,108,2023-06-22 23:59:20,completed,465.68
1819,154,2024-02-29 07:15:13,completed,298.73
1820,6,2023-12-21 20:47:49,completed,9475.68
1821,135,2023-10-05 05:13:48,completed,7337.33
1822,297,2024-05-28 01:03:42,shipped,1572.12
1823,39,2023-12-14 03:43:16,completed,942.11
1824,313,2024-04-09 10:21:44,completed,955.94
1825,439,2024-09-13 10:43:50,completed,722.29
1826,392,2024-12-10 05:59:46,processing,3224.39
1827,406,2023-06-10 08:32:42,completed,6856.93
1828,255,2023-12-31 23:15:42,completed,1850.76
1829,379,2023-02-02 22:28:16,completed,4467.62
1830,272,2024-08-05 08:48:49,completed,8733.21
1831,415,2023-04-30 19:06:35,completed,3710.12
1832,279,2024-07-24 01:29:16,completed,4605.93
1833,497,2023-04-17 02:40:47,processing,1462.89
1834,97,2024-10-20 05:25:37,completed,5612.31
1835,210,2024-06-11 13:29:17,completed,564.14
1836,17,2024-10-04 07:20:01,completed,1922.2
1837,67,2024-06-20 08:32:34,completed,752.73
1838,444,2024-10-16 08:03:57,completed,13801.26
1839,439,2024-09-21 02:09:59,completed,783.3
1840,302,2024-04-15 07:25:05,cancelled,750.6
1841,103,2024-06-12 16:02:31,completed,1068.67
1842,114,2023-05-28 06:48:06,processing,3327.03
1843,32,2023-11-11 17:04:33,completed,1939.62
1844,79,2023-05-24 11:03:01,completed,10614.67
1845,334,2024-02-21 05:03:41,completed,235.5
1846,263,2023-05-15 15:55:25,completed,390.39
1847,198,2023-12-16 11:46:48,processing,6938.5
1848,365,2024-09-10 02:48:48,processing,584.25
1849,80,2023-07-06 19:52:34,completed,5708.73
1850,487,2024-02-03 08:08:37,completed,352.39
1851,430,2023-10-27 00:51:46,completed,2395.47
1852,147,2024-06-28 17:13:54,completed,12877.27
1853,80,2023-01-09 17:41:53,completed,1166.4
1854,375,2024-04-23 01:00:03,cancelled,2300.67
1855,282,2023-03-26 16:05:56,completed,2859.08
1856,395,2024-04-27 23:56:05,completed,2044.44
1857,113,2023-10-10 16:06:09,completed,2063.12
1858,70,2023-10-24 08:58:17,completed,220.96
1859,114,2024-05-23 22:25:05,completed,224.93
1860,279,2024-03-06 16:20:33,completed,465.68
1861,158,2024-08-08 10:01:12,completed,1854.89
1862,27,2024-09-22 03:30:48,completed,749.63
1863,417,2024-06-17 16:14:14,shipped,2442.97
1864,396,2024-08-05 14:27:57,completed,1767.88
1865,248,2023-08-29 22:39:59,completed,588.34
1866,138,2023-01-08 07:12:38,completed,2115.26
1867,144,2024-04-27 22:34:16,completed,197.86
1868,142,2023-08-29 22:01:10,completed,1385.46
1869,321,2023-01-04 18:40:38,processing,1385.46
1870,277,2024-06-23 11:16:35,shipped,208.8
1871,286,2023-07-01 14:51:56,completed,2003.54
1872,424,2023-07-27 17:22:28,completed,10523.08
1873,141,2023-03-20 08:51:25,completed,2161.52
1874,345,2023-07-18 05:06:31,completed,898.04
1875,93,2023-04-12 11:33:17,completed,7039.81
1876,268,2023-03-28 05:14:15,shipped,2151.72
1877,182,2024-12-15 08:32:09,cancelled,853.46
1878,322,2023-05-19 02:02:01,completed,6840.21
1879,322,2024-06-14 05:28:36,completed,182.48
1880,4,2023-04-10 11:03:09,completed,131.66
1881,59,2024-01-11 09:42:00,completed,444.52
1882,411,2024-04-12 04:57:12,completed,6938.5
1883,230,2024-02-28 23:40:05,completed,2672.73
1884,96,2024-03-04 08:46:12,completed,7721.45
1885,271,2024-05-31 17:23:08,completed,2567.37
1886,11,2024-04-07 03:26:12,processing,658.67
1887,85,2024-01-21 01:50:19,completed,4707.32
1888,420,2023-09-16 08:02:13,completed,2343.49
1889,88,2023-09-25 15:37:33,completed,1464.42
1890,133,2023-06-02 17:19:07,completed,2237.59
1891,124,2024-11-07 18:23:50,completed,518.96
1892,479,2024-06-06 11:38:10,processing,621.54
1893,412,2023-05-24 13:39:47,completed,602.41
1894,53,2024-04-07 06:57:42,completed,570.13
1895,223,2024-09-16 12:26:30,completed,73.96
1896,62,2024-12-06 07:54:03,completed,1643.52
1897,497,2024-07-04 18:02:08,completed,4880.95
1898,355,2023-02-24 21:55:36,shipped,929.94
1899,206,2024-10-27 21:53:54,completed,3008.06
1900,263,2023-03-11 22:09:49,completed,937.33
1901,297,2023-12-20 10:58:21,completed,13505.64
1902,129,2024-09-18 01:13:17,completed,1177.61
1903,257,2024-12-02 01:10:08,completed,2356.36
1904,112,2024-07-29 04:00:56,completed,920.02
1905,131,2024-07-27 08:26:51,completed,2285.66
1906,475,2023-05-24 16:35:20,completed,352.39
1907,413,2024-07-15 13:29:43,completed,710.96
1908,229,2023-08-24 15:11:06,completed,463.92
1909,364,2023-03-03 17:27:48,completed,621.54
1910,484,2024-02-24 11:39:17,completed,397.85
1911,316,2023-03-29 01:41:30,completed,6753.75
1912,464,2024-05-26 15:29:59,completed,37.31
1913,36,2024-07-05 04:43:29,completed,2624.95
1914,301,2024-04-11 03:52:56,completed,2601.09
1915,16,2023-07-27 21:37:21,shipped,7726.12
1916,45,2024-06-07 16:03:35,completed,13148.1
1917,43,2023-09-20 04:30:04,completed,10523.08
1918,403,2024-09-14 20:22:48,cancelled,584.33
1919,184,2024-03-01 06:13:22,completed,602.95
1920,237,2023-06-14 15:54:25,completed,1096.02
1921,16,2024-10-11 05:37:44,completed,1061.69
1922,14,2024-11-30 10:04:51,processing,281.62
1923,118,2024-10-16 21:13:09,completed,670.09
1924,103,2024-09-09 23:53:08,processing,864.02
1925,225,2024-04-21 18:53:10,completed,294.79
1926,484,2024-11-10 18:11:29,completed,339.54
1927,67,2023-02-21 02:11:30,completed,2252.79
1928,384,2024-02-15 00:28:46,completed,2201.56
1929,115,2023-10-29 21:31:46,shipped,159.84
1930,253,2024-11-14 12:13:29,cancelled,764.68
1931,166,2023-12-25 11:54:38,completed,126.51
1932,424,2024-05-24 08:07:47,completed,6753.75
1933,245,2024-03-21 18:09:04,processing,7813.81
1934,233,2024-03-09 01:35:04,completed,2747.0
1935,165,2023-03-30 03:30:53,completed,336.99
1936,97,2024-09-18 08:22:51,completed,1191.53
1937,322,2023-10-19 05:49:07,completed,3651.66
1938,133,2023-08-23 00:25:09,completed,4384.54
1939,135,2024-02-04 05:38:34,completed,2880.44
1940,192,2023-08-16 17:54:00,cancelled,6199.78
1941,187,2024-07-11 01:45:02,completed,9158.92
1942,366,2023-07-01 01:10:32,completed,542.46
1943,122,2023-03-28 02:13:50,completed,731.16
1944,41,2024-01-01 10:09:03,completed,404.5
1945,452,2024-01-25 19:46:19,completed,582.97
1946,196,2023-12-18 04:44:52,processing,4175.89
1947,170,2023-10-27 08:10:49,processing,6322.14
1948,119,2023-07-13 00:58:19,completed,146.34
1949,246,2024-09-08 03:43:30,shipped,11376.73
1950,471,2023-10-30 23:44:52,completed,1102.98
1951,255,2024-04-02 08:21:10,completed,1303.73
1952,54,2024-04-12 14:03:51,completed,362.63
1953,34,2024-02-08 22:00:48,completed,824.14
1954,123,2024-01-11 16:48:33,completed,2618.75
1955,424,2024-05-07 07:07:03,completed,546.62
1956,198,2023-06-05 04:33:33,completed,999.14
1957,322,2023-03-07 23:38:50,completed,1142.75
1958,157,2024-08-08 01:54:25,shipped,121.09
1959,457,2023-03-20 23:16:31,completed,404.5
1960,3,2024-02-27 08:24:29,completed,3323.4
1961,494,2023-04-12 16:34:41,completed,1471.69
1962,92,2024-04-01 23:22:44,shipped,2040.72
1963,494,2024-06-07 05:23:05,completed,764.68
1964,482,2023-12-07 20:12:24,completed,11468.48
1965,177,2023-05-19 02:53:48,completed,5555.77
1966,187,2023-01-16 11:20:08,completed,10523.08
1967,174,2023-08-01 09:00:27,completed,1303.73
1968,234,2023-11-11 19:35:06,completed,1076.29
1969,438,2023-05-13 02:12:44,completed,449.41
1970,61,2024-07-07 13:54:01,completed,3589.63
1971,444,2023-05-10 02:05:23,completed,347.03
1972,155,2023-12-25 20:37:32,processing,1069.14
1973,122,2023-07-02 20:39:44,completed,3862.55
1974,159,2024-08-06 15:23:42,completed,988.8
1975,114,2023-11-11 18:18:28,completed,449.02
1976,92,2024-01-04 14:57:38,completed,465.68
1977,453,2024-03-12 13:15:30,processing,184.75
1978,275,2024-05-09 05:42:30,completed,2853.64
1979,359,2024-06-20 19:15:52,completed,764.68
1980,479,2023-02-26 17:38:05,completed,1464.42
1981,494,2023-11-05 15:00:28,completed,490.35
1982,106,2023-08-29 21:56:02,completed,483.51
1983,6,2023-03-03 19:16:07,completed,8256.69
1984,95,2024-12-30 05:26:53,completed,8906.33
1985,184,2024-05-20 10:27:24,completed,2290.07
1986,242,2023-02-03 02:00:52,completed,142.84
1987,100,2024-12-27 23:16:26,completed,569.92
1988,414,2024-08-04 01:22:38,cancelled,6993.2
1989,171,2023-03-20 08:29:59,shipped,339.37
1990,345,2023-07-14 15:08:01,completed,697.07
1991,448,2023-11-05 05:20:22,processing,404.5
1992,335,2023-04-09 23:38:56,completed,2280.42
1993,423,2023-11-09 06:18:36,completed,426.85
1994,314,2023-02-09 16:57:13,completed,2379.73
1995,31,2024-08-29 18:37:56,completed,4117.34
1996,316,2024-02-13 09:34:14,completed,1461.08
1997,483,2024-01-10 12:38:29,completed,126.51
1998,170,2024-04-16 22:56:49,completed,1969.61
1999,185,2024-07-24 12:00:37,completed,3782.46
2000,437,2023-07-30 06:33:01,completed,5426.38
2001,417,2023-06-15 07:12:24,completed,5300.68
2002,336,2024-01-25 05:39:13,completed,1316.13
2003,374,2024-05-02 04:36:06,completed,1886.38
2004,287,2023-01-20 02:32:04,completed,325.99
2005,233,2024-08-09 01:39:45,completed,864.41
2006,323,2023-10-01 02:57:37,processing,13550.9
2007,361,2024-11-07 05:03:02,completed,2651.9
2008,201,2024-06-29 07:49:58,completed,190.33
2009,486,2024-05-23 17:47:37,completed,6474.45
2010,499,2024-01-17 15:41:23,completed,1508.51
2011,266,2024-09-17 20:23:40,completed,1761.02
2012,131,2024-04-17 13:21:42,completed,10883.64
2013,239,2024-05-31 09:02:52,completed,2481.6
2014,66,2023-06-05 19:42:23,completed,3014.47
2015,408,2023-12-29 12:29:05,completed,6310.02
2016,48,2024-12-14 04:30:02,completed,2119.84
2017,323,2023-11-21 11:27:39,shipped,1907.69
2018,229,2024-03-14 19:34:19,completed,5708.73
2019,18,2023-01-29 03:48:51,cancelled,1462.89
2020,247,2023-04-28 07:01:55,cancelled,5057.62
2021,218,2023-03-17 18:53:58,completed,3059.7
2022,432,2023-04-15 07:38:41,completed,6874.84
2023,16,2024-10-23 15:55:04,completed,667.97
2024,3,2023-04-20 05:49:42,completed,752.73
2025,430,2024-08-12 04:47:32,completed,512.1
2026,158,2023-09-16 11:48:06,completed,525.55
2027,310,2024-11-03 17:55:33,completed,10340.2
2028,47,2024-05-12 04:47:56,completed,472.79
2029,466,2023-03-11 15:09:52,completed,9475.68
2030,447,2023-02-26 00:17:33,completed,1845.48
2031,367,2023-06-09 23:23:45,completed,2071.95
2032,8,2024-11-04 02:58:26,completed,523.15
2033,196,2023-06-22 01:12:55,completed,6299.37
2034,13,2024-01-02 06:54:05,completed,4333.16
2035,24,2024-10-01 00:23:00,completed,217.5
2036,181,2023-11-26 03:03:58,completed,1491.46
2037,426,2024-07-19 20:11:52,completed,1019.17
2038,5,2023-11-07 14:58:36,processing,1091.44
2039,26,2023-10-02 11:40:50,shipped,66.67
2040,446,2024-12-11 13:48:28,completed,2389.84
2041,332,2024-03-20 13:29:35,completed,7721.45
2042,95,2023-03-06 03:57:46,completed,975.35
2043,318,2023-09-24 19:10:20,completed,1715.81
2044,352,2024-03-23 00:33:26,completed,4116.03
2045,187,2023-07-19 03:40:48,completed,1269.55
2046,426,2023-09-16 18:47:26,completed,5388.55
2047,8,2024-12-20 01:22:19,completed,1139.08
2048,236,2024-07-20 14:12:33,completed,591.28
2049,418,2024-03-31 11:03:20,completed,398.87
2050,306,2023-04-20 03:42:24,completed,1154.18
2051,139,2024-04-14 15:37:48,shipped,2219.33
2052,136,2023-05-07 23:07:33,completed,1705.74
2053,171,2024-10-02 03:21:09,cancelled,5708.73
2054,195,2023-03-16 22:26:15,completed,670.09
2055,479,2024-04-30 12:54:09,completed,2263.38
2056,491,2023-06-08 02:14:19,completed,6322.55
2057,190,2023-04-18 15:15:11,completed,272.11
2058,405,2023-07-04 05:25:03,completed,192.65
2059,336,2024-08-15 12:26:29,processing,1984.01
2060,359,2023-07-07 11:13:30,completed,673.6
2061,170,2024-05-08 10:55:29,processing,2121.07
2062,393,2023-12-04 19:46:48,completed,6197.14
2063,325,2024-09-29 16:33:09,completed,615.39
2064,162,2023-04-26 04:26:39,completed,4536.1
2065,473,2024-06-21 02:49:51,completed,7089.3
2066,192,2024-08-05 10:52:47,completed,15142.51
2067,46,2024-07-27 10:34:55,completed,3938.51
2068,34,2024-07-07 08:43:01,shipped,2953.99
2069,119,2024-09-15 20:37:52,completed,1220.24
2070,54,2023-04-04 17:20:27,completed,1012.06
2071,54,2023-08-07 05:32:18,shipped,1162.8
2072,287,2024-01-29 11:51:06,completed,853.46
2073,201,2024-06-29 06:02:58,completed,1606.83
2074,138,2024-06-22 10:22:59,cancelled,2280.63
2075,230,2023-03-18 00:13:40,completed,414.37
2076,391,2024-06-07 11:15:35,completed,2971.98
2077,343,2024-09-18 09:56:54,cancelled,5653.38
2078,122,2023-01-17 18:45:32,completed,1423.2
2079,13,2024-07-06 06:32:49,completed,926.41
2080,22,2023-08-08 08:47:47,completed,730.65
2081,476,2024-09-05 07:14:39,processing,1043.64
2082,362,2024-05-03 17:05:26,completed,1833.62
2083,172,2024-07-26 00:11:32,shipped,864.52
2084,475,2023-02-15 11:55:21,completed,5612.31
2085,476,2024-11-07 11:21:49,completed,569.52
2086,265,2024-07-24 14:46:22,completed,304.48
2087,404,2023-02-09 14:33:21,processing,4941.78
2088,218,2023-07-21 05:26:28,completed,1654.56
2089,407,2023-05-07 11:32:55,completed,6229.74
2090,116,2024-09-08 08:34:54,shipped,1159.99
2091,397,2023-03-25 13:59:00,completed,660.84
2092,194,2024-08-31 10:45:59,completed,999.14
2093,133,2024-01-18 08:08:06,cancelled,965.62
2094,322,2023-01-17 13:02:57,processing,10660.34
2095,479,2024-03-02 09:05:26,processing,1613.84
2096,431,2023-09-23 17:12:36,completed,856.45
2097,141,2024-11-21 01:25:28,cancelled,7446.68
2098,161,2023-01-06 08:32:56,completed,2157.12
2099,104,2023-01-03 22:57:17,cancelled,1081.84
2100,71,2023-11-22 05:18:18,completed,1922.13
2101,265,2024-07-01 17:07:52,completed,1473.5
2102,357,2024-11-14 15:35:24,completed,4581.47
2103,91,2023-04-27 07:30:37,processing,6856.93
2104,468,2024-08-23 20:33:00,completed,1324.68
2105,76,2024-01-16 22:39:38,completed,708.68
2106,142,2024-10-06 19:41:05,completed,92.66
2107,57,2024-09-29 16:37:47,completed,694.65
2108,442,2024-12-05 16:19:21,completed,1842.28
2109,413,2023-10-09 22:51:34,completed,6850.17
2110,299,2024-10-29 20:10:58,completed,1363.11
2111,213,2023-03-15 09:06:56,completed,1888.56
2112,33,2023-11-20 19:05:55,completed,354.6
2113,374,2023-01-12 06:43:52,completed,36.51
2114,47,2023-04-16 22:55:08,completed,467.35
2115,156,2023-12-14 18:49:49,completed,1815.43
2116,487,2024-07-14 16:53:29,completed,493.58
2117,219,2023-12-13 11:41:37,completed,4237.49
2118,175,2023-03-22 02:55:38,completed,91.59
2119,191,2024-10-20 13:58:08,completed,11387.6
2120,426,2024-07-30 16:28:02,completed,893.25
2121,248,2024-04-27 02:54:18,completed,182.43
2122,357,2024-07-24 03:37:21,completed,1725.86
2123,334,2023-07-08 13:13:27,completed,7798.77
2124,390,2023-06-30 22:03:06,completed,6753.75
2125,423,2024-09-12 09:57:25,completed,66.67
2126,20,2023-07-28 09:14:14,processing,6570.87
2127,52,2024-04-21 23:52:04,completed,352.39
2128,253,2024-07-21 13:14:17,completed,596.8
2129,71,2023-08-06 05:31:15,completed,669.71
2130,252,2023-02-01 23:58:01,completed,882.16
2131,141,2023-09-27 17:05:58,completed,1903.38
2132,238,2024-09-19 13:29:32,completed,999.14
2133,7,2024-03-01 04:41:57,completed,488.74
2134,456,2024-09-15 00:42:50,completed,132.13
2135,323,2023-07-18 09:11:36,processing,1303.73
2136,348,2024-10-12 00:10:22,processing,490.35
2137,399,2024-02-21 22:04:55,completed,1126.65
2138,264,2024-09-18 08:33:42,completed,250.27
2139,249,2023-02-01 16:28:13,completed,12286.36
2140,45,2024-06-17 02:38:39,completed,7995.32
2141,197,2023-05-23 09:45:08,processing,1562.14
2142,84,2024-01-27 00:03:06,completed,490.35
2143,1,2023-09-15 22:19:49,processing,72.49
2144,498,2024-09-10 22:00:09,processing,766.64
2145,388,2023-07-10 19:43:05,completed,10617.45
2146,35,2023-04-18 19:45:11,cancelled,1095.56
2147,280,2024-06-12 06:28:30,completed,105.53
2148,434,2023-01-20 14:22:21,processing,1940.71
2149,87,2024-06-25 14:00:27,completed,19134.24
2150,323,2024-07-11 22:42:47,completed,574.21
2151,138,2023-01-29 00:44:51,shipped,640.16
2152,348,2023-02-04 05:28:24,completed,606.54
2153,255,2024-05-02 21:39:08,completed,843.11
2154,250,2023-10-19 17:14:55,completed,863.22
2155,391,2023-02-23 14:59:56,processing,329.38
2156,267,2024-02-02 01:20:53,completed,342.41
2157,105,2023-05-31 11:15:30,completed,2131.55
2158,30,2023-02-08 16:24:27,completed,863.31
2159,345,2023-01-31 01:27:41,completed,1064.07
2160,215,2023-05-09 04:38:56,processing,11203.85
2161,76,2024-08-05 12:45:36,completed,197.86
2162,344,2023-01-19 21:23:49,processing,2168.25
2163,421,2023-04-26 16:09:07,completed,8656.28
2164,188,2024-01-01 08:33:36,completed,1851.23
2165,494,2024-09-27 19:36:25,completed,426.85
2166,168,2023-10-20 11:01:32,processing,2778.71
2167,494,2024-11-21 10:29:07,completed,11837.22
2168,234,2023-09-10 14:40:28,completed,2324.66
2169,422,2024-05-29 22:09:58,completed,6702.31
2170,165,2023-05-03 12:04:34,completed,2479.37
2171,271,2023-03-22 04:51:19,completed,794.45
2172,348,2024-07-31 08:37:40,completed,9658.56
2173,74,2023-03-17 03:03:03,completed,3555.6
2174,241,2023-12-09 07:44:12,completed,2642.02
2175,278,2024-09-30 18:38:16,completed,6474.45
2176,447,2023-03-23 22:04:41,completed,830.82
2177,215,2023-01-29 18:38:19,completed,11268.68
2178,69,2024-08-19 06:19:12,completed,378.07
2179,293,2023-10-05 21:57:37,cancelled,680.77
2180,110,2024-02-28 05:43:01,cancelled,1690.24
2181,30,2024-12-03 03:17:16,completed,7430.66
2182,270,2024-06-01 23:13:03,cancelled,3064.5
2183,408,2023-12-17 10:00:32,completed,352.39
2184,13,2024-10-04 02:12:11,completed,6758.94
2185,102,2023-01-09 15:28:14,completed,2687.23
2186,498,2023-09-21 20:26:44,completed,2534.13
2187,303,2024-03-18 17:49:18,completed,7533.77
2188,22,2023-08-24 03:31:46,completed,557.39
2189,101,2023-01-02 18:42:34,completed,449.77
2190,249,2024-12-26 11:26:05,completed,407.1
2191,77,2024-08-22 05:17:50,completed,3024.98
2192,73,2023-04-05 00:38:33,cancelled,600.91
2193,476,2023-11-22 13:17:03,completed,831.85
2194,161,2023-06-16 12:00:57,completed,1719.08
2195,464,2023-11-05 18:41:28,completed,617.48
2196,338,2023-08-13 15:12:25,cancelled,615.39
2197,232,2023-01-20 10:13:39,completed,1988.49
2198,250,2023-01-22 13:27:13,cancelled,490.35
2199,230,2023-04-26 21:13:13,completed,687.06
2200,123,2024-12-13 04:06:40,completed,146.34
2201,134,2024-06-02 17:58:57,shipped,502.08
2202,379,2024-05-10 08:23:29,completed,857.66
2203,173,2023-06-02 22:48:43,completed,1771.89
2204,329,2023-05-31 22:55:20,completed,1268.24
2205,293,2023-10-17 10:05:34,completed,10009.8
2206,73,2023-03-25 22:17:41,completed,1957.9
2207,417,2023-12-11 00:30:11,completed,2150.6
2208,301,2023-04-21 01:24:41,completed,745.36
2209,192,2023-10-11 16:38:29,completed,7904.33
2210,5,2023-07-23 16:24:22,completed,5727.97
2211,260,2024-04-01 10:42:17,completed,182.88
2212,200,2024-10-12 14:36:25,completed,9730.47
2213,19,2024-09-23 04:31:21,completed,8087.21
2214,113,2024-06-28 02:43:27,completed,1867.39
2215,44,2023-02-24 23:19:03,completed,764.68
2216,27,2023-05-07 15:26:37,completed,249.37
2217,450,2023-11-23 16:43:10,completed,5199.28
2218,189,2024-07-09 19:27:10,completed,2599.64
2219,8,2023-08-06 10:05:33,completed,899.01
2220,424,2024-11-23 03:54:24,completed,3594.51
2221,249,2023-04-04 19:17:56,completed,404.5
2222,214,2023-12-15 11:47:39,completed,2311.96
2223,466,2023-06-23 15:27:42,completed,4650.8
2224,161,2024-05-03 16:01:55,completed,3662.11
2225,49,2023-11-21 23:52:39,completed,2119.17
2226,161,2024-11-29 07:54:24,completed,204.81
2227,497,2024-03-26 23:39:17,completed,429.61
2228,283,2023-03-28 13:29:32,completed,370.35
2229,213,2024-07-30 01:12:10,completed,1736.29
2230,245,2024-01-02 14:38:47,cancelled,12460.19
2231,151,2023-02-26 16:09:38,completed,945.76
2232,396,2023-12-13 14:22:30,completed,564.14
2233,5,2024-04-21 11:41:31,processing,1044.41
2234,372,2024-08-23 10:02:55,completed,1376.9
2235,485,2023-09-29 11:19:23,processing,3217.05
2236,367,2023-06-15 07:09:48,completed,1498.75
2237,138,2023-08-15 03:13:11,completed,7040.61
2238,394,2023-01-15 02:08:35,completed,110.25
2239,485,2024-03-10 05:03:29,processing,11939.08
2240,362,2024-11-30 12:15:24,completed,1128.13
2241,258,2023-07-10 03:22:54,shipped,615.34
2242,377,2023-09-05 04:46:13,completed,12168.85
2243,272,2024-06-17 02:58:32,completed,572.48
2244,83,2024-11-22 11:36:52,completed,7614.0
2245,18,2023-12-03 10:15:14,completed,5708.73
2246,34,2024-09-24 08:39:16,cancelled,4556.57
2247,2,2024-01-11 19:01:30,completed,362.63
2248,416,2024-10-14 15:36:20,completed,2629.56
2249,365,2024-10-04 07:09:26,completed,3997.09
2250,128,2024-04-20 06:24:05,completed,253.02
2251,281,2023-07-25 12:12:58,completed,490.52
2252,181,2023-02-17 19:29:58,completed,2115.5
2253,232,2024-08-31 02:50:31,completed,1191.53
2254,444,2023-08-23 14:27:56,completed,8914.53
2255,149,2024-05-14 09:08:26,completed,1474.91
2256,9,2023-09-27 23:54:14,completed,2230.11
2257,18,2023-05-26 00:42:32,completed,11031.39
2258,474,2023-03-04 22:19:08,completed,2043.77
2259,33,2024-05-17 02:47:59,processing,3943.14
2260,346,2024-12-12 09:09:19,processing,73.16
2261,178,2024-09-09 03:35:28,completed,1230.94
2262,76,2023-05-26 14:50:56,completed,10411.24
2263,173,2024-06-08 22:33:16,completed,3803.84
2264,177,2024-02-26 21:49:17,completed,1808.53
2265,444,2023-08-16 01:21:20,processing,1851.23
2266,241,2023-04-02 00:31:51,completed,1039.45
2267,221,2024-11-11 13:05:48,completed,3192.95
2268,352,2024-03-15 21:55:26,completed,1019.27
2269,227,2024-03-31 19:52:13,completed,6753.75
2270,466,2024-03-04 14:17:00,cancelled,2075.88
2271,252,2024-01-21 03:45:35,completed,1163.76
2272,131,2024-10-23 14:23:55,completed,13610.84
2273,116,2024-02-27 13:08:19,processing,924.61
2274,279,2024-11-10 13:32:33,completed,98.36
2275,142,2024-06-06 10:09:38,completed,3544.65
2276,123,2023-02-21 18:55:03,processing,351.69
2277,429,2023-10-26 06:14:39,completed,323.76
2278,21,2024-03-29 23:39:11,completed,113.29
2279,423,2024-02-05 22:13:17,completed,2200.39
2280,77,2023-06-08 09:11:58,cancelled,592.22
2281,371,2024-11-09 03:49:03,processing,2041.86
2282,468,2023-03-24 15:36:16,completed,175.91
2283,358,2023-01-30 10:26:33,completed,5185.33
2284,445,2024-12-23 13:53:14,completed,2510.54
2285,172,2023-05-26 15:42:06,completed,673.6
2286,166,2024-01-05 05:01:08,completed,14736.85
2287,110,2024-05-23 15:45:59,completed,10560.39
2288,436,2023-01-25 20:13:12,completed,11387.6
2289,172,2024-03-23 05:16:17,cancelled,1399.87
2290,250,2024-01-05 22:59:09,shipped,2088.58
2291,470,2024-09-25 10:53:16,completed,1506.26
2292,432,2023-01-25 22:12:46,completed,145.36
2293,231,2023-11-08 22:58:21,cancelled,418.81
2294,491,2024-10-31 07:56:22,completed,6570.87
2295,392,2023-10-03 09:56:26,cancelled,2211.4
2296,353,2024-09-22 11:09:02,completed,1675.35
2297,336,2023-04-02 12:38:25,completed,6840.21
2298,32,2024-08-10 04:18:33,completed,1580.82
2299,399,2023-07-10 18:17:18,completed,1518.44
2300,194,2024-11-30 16:44:33,cancelled,184.75
2301,467,2023-04-05 20:33:25,completed,8585.97
2302,35,2023-12-26 23:50:13,completed,2326.94
2303,219,2024-07-28 00:25:12,completed,1128.28
2304,495,2023-02-11 11:45:02,completed,11005.14
2305,354,2023-02-19 06:44:19,completed,690.66
2306,382,2023-09-26 15:59:58,completed,2247.92
2307,369,2023-04-04 05:55:37,completed,643.39
2308,210,2024-01-31 17:43:51,shipped,7555.09
2309,201,2024-04-24 18:59:41,completed,1440.46
2310,54,2023-03-29 05:07:52,cancelled,491.04
2311,219,2024-10-10 05:01:16,completed,2778.97
2312,175,2024-07-30 10:53:57,completed,1163.02
2313,305,2024-10-05 23:43:33,processing,137.26
2314,213,2024-09-23 10:31:44,completed,1215.5
2315,200,2023-12-12 22:48:25,completed,314.81
2316,7,2023-12-06 09:59:12,completed,457.64
2317,165,2024-11-08 03:34:42,completed,1777.35
2318,433,2023-11-26 06:57:19,completed,318.49
2319,145,2024-10-15 12:08:15,completed,2057.09
2320,180,2024-03-05 09:51:00,completed,942.7
2321,466,2023-06-10 17:34:47,cancelled,1562.14
2322,189,2024-02-28 19:52:34,cancelled,10340.2
2323,127,2023-12-09 09:21:10,cancelled,737.48
2324,62,2023-07-17 02:44:45,completed,398.34
2325,400,2023-09-23 14:32:37,completed,555.22
2326,210,2023-07-08 12:11:05,completed,3664.95
2327,436,2023-06-30 09:32:55,completed,1654.56
2328,76,2023-01-12 07:42:30,completed,8043.71
2329,83,2023-10-23 23:41:54,completed,100.57
2330,141,2023-04-18 15:55:57,completed,1562.14
2331,60,2023-08-04 21:32:05,completed,10723.35
2332,197,2023-02-18 04:19:36,completed,7385.35
2333,341,2023-11-22 00:23:11,completed,949.23
2334,379,2023-05-29 10:41:51,completed,1375.38
2335,404,2024-03-02 21:58:01,completed,1987.24
2336,434,2024-03-10 03:19:25,completed,1076.29
2337,193,2024-06-25 05:59:49,completed,6645.49
2338,433,2023-08-07 06:31:02,completed,1007.61
2339,321,2024-03-20 01:59:23,shipped,783.55
2340,293,2023-12-05 09:54:44,completed,914.0
2341,56,2024-05-08 16:18:22,completed,765.94
2342,408,2023-12-16 03:54:07,completed,1742.75
2343,269,2024-06-25 19:11:48,completed,3670.93
2344,233,2024-09-18 09:28:29,completed,1467.01
2345,43,2023-03-21 01:59:10,completed,868.52
2346,307,2024-04-02 03:53:53,completed,192.65
2347,105,2023-02-17 23:32:30,completed,6945.0
2348,381,2024-09-13 15:48:13,completed,1374.18
2349,17,2023-10-19 00:40:12,completed,1820.67
2350,255,2024-11-26 07:46:01,completed,405.74
2351,261,2023-03-26 09:36:31,completed,4008.34
2352,63,2024-04-17 07:06:11,completed,13783.53
2353,154,2023-08-30 04:25:34,completed,449.82
2354,494,2024-09-02 20:34:34,completed,72.49
2355,187,2023-03-01 18:19:56,cancelled,9334.65
2356,339,2023-03-02 23:24:43,processing,525.55
2357,499,2023-03-15 09:17:18,completed,6195.94
2358,335,2023-02-15 18:00:29,completed,279.43
2359,71,2024-01-25 22:17:09,completed,193.57
2360,190,2024-02-11 01:09:55,completed,508.29
2361,155,2023-10-18 18:54:23,shipped,426.85
2362,473,2023-08-24 15:55:52,cancelled,2962.01
2363,365,2024-01-01 22:23:49,completed,2060.52
2364,371,2024-07-30 15:20:50,completed,841.35
2365,421,2023-01-26 23:38:07,cancelled,329.38
2366,388,2023-07-10 16:07:56,completed,1464.42
2367,21,2024-06-28 18:19:12,processing,8522.76
2368,374,2023-08-21 18:06:25,completed,1654.56
2369,465,2024-12-01 10:21:53,completed,2260.65
2370,445,2023-10-26 07:10:34,processing,719.99
2371,181,2023-09-23 12:59:55,completed,10557.59
2372,317,2024-10-11 00:09:04,completed,457.64
2373,63,2023-04-30 20:05:52,completed,7904.33
2374,455,2023-07-27 01:14:39,completed,336.99
2375,210,2023-09-11 23:04:32,completed,4113.15
2376,44,2023-04-06 12:39:52,processing,703.99
2377,392,2024-06-11 10:31:40,completed,6013.1
2378,389,2023-07-31 20:33:30,shipped,10823.76
2379,400,2024-10-25 06:28:42,completed,4231.63
2380,189,2023-03-11 03:31:47,cancelled,2364.35
2381,276,2024-07-07 20:42:57,completed,1440.99
2382,172,2024-02-12 19:36:35,completed,7795.77
2383,232,2023-05-21 07:28:42,completed,2314.67
2384,493,2023-04-09 02:09:22,completed,96.42
2385,17,2024-07-02 05:49:19,completed,1320.53
2386,486,2024-04-23 00:06:20,completed,297.97
2387,66,2024-09-16 10:12:33,cancelled,340.93
2388,56,2024-04-08 18:22:38,completed,5129.53
2389,172,2023-04-16 20:43:54,processing,4398.48
2390,299,2024-07-31 03:36:45,completed,2490.53
2391,291,2023-01-12 13:10:16,completed,5291.06
2392,178,2023-07-20 02:57:28,completed,766.32
2393,152,2024-11-15 18:05:22,completed,347.64
2394,200,2024-01-28 05:10:37,completed,2704.21
2395,236,2023-08-05 18:54:44,processing,3039.47
2396,240,2023-08-20 01:08:19,shipped,1505.93
2397,490,2023-02-18 00:43:58,completed,2547.41
2398,19,2023-03-26 05:55:26,processing,1503.06
2399,227,2024-05-10 14:58:38,completed,2574.19
2400,1,2023-04-28 22:16:51,completed,1859.67
2401,391,2023-07-04 13:00:52,shipped,432.68
2402,380,2024-02-02 18:24:18,completed,615.39
2403,413,2024-05-02 18:41:19,completed,629.89
2404,447,2024-09-24 23:50:12,completed,250.27
2405,217,2023-01-21 17:57:05,completed,602.41
2406,344,2023-10-04 09:26:11,completed,297.41
2407,338,2024-01-09 05:36:58,completed,6820.24
2408,329,2023-09-11 02:09:15,completed,2397.68
2409,188,2023-12-23 01:23:36,completed,11370.25
2410,92,2024-11-16 12:34:40,shipped,903.07
2411,331,2023-06-05 23:20:26,completed,190.33
2412,368,2024-12-06 01:14:26,completed,1108.49
2413,449,2023-03-14 07:13:21,shipped,673.6
2414,372,2023-05-23 11:28:04,completed,1211.02
2415,170,2024-11-15 15:44:13,completed,11691.18
2416,484,2024-05-29 06:41:30,completed,1303.73
2417,435,2023-08-17 13:16:39,processing,212.42
2418,488,2024-03-07 08:46:36,completed,1541.47
2419,111,2023-11-13 18:16:39,completed,10940.41
2420,233,2023-03-01 08:34:37,cancelled,2436.2
2421,378,2023-04-05 19:48:50,completed,2268.23
2422,249,2023-06-16 11:21:14,cancelled,708.68
2423,137,2024-07-16 18:06:25,cancelled,976.05
2424,348,2023-04-06 11:04:13,completed,1303.73
2425,308,2023-06-11 19:00:23,completed,1350.85
2426,264,2023-01-10 11:03:48,shipped,465.68
2427,180,2024-05-11 13:18:14,completed,777.48
2428,383,2024-06-17 01:46:12,completed,41.52
2429,222,2023-02-17 23:43:38,completed,6003.76
2430,164,2024-09-03 21:51:53,completed,1462.89
2431,340,2024-02-18 18:47:27,completed,659.53
2432,157,2024-10-14 01:46:09,completed,2270.82
2433,343,2023-07-24 23:32:01,completed,3657.35
2434,449,2024-11-08 16:56:30,completed,2253.33
2435,72,2023-03-14 15:42:30,completed,4626.16
2436,451,2024-02-04 02:19:09,completed,1115.72
2437,242,2024-07-18 02:09:52,completed,5429.43
2438,420,2024-05-11 18:56:37,processing,13455.4
2439,269,2023-01-14 04:23:41,completed,182.48
2440,332,2023-07-02 12:17:59,completed,2076.92
2441,282,2024-11-10 15:21:22,completed,449.82
2442,234,2024-07-26 06:37:02,processing,7022.32
2443,314,2024-10-12 12:37:48,completed,8449.45
2444,215,2024-07-16 12:59:25,cancelled,1753.07
2445,232,2023-10-17 22:10:53,completed,479.09
2446,285,2023-06-30 17:08:41,completed,570.08
2447,347,2024-07-31 18:22:45,completed,1960.45
2448,252,2024-03-27 07:37:35,completed,2103.59
2449,172,2024-06-09 06:18:19,completed,354.83
2450,438,2024-03-12 21:50:30,cancelled,2562.67
2451,221,2023-08-05 07:25:19,completed,1223.72
2452,361,2023-09-16 23:57:19,completed,152.85
2453,410,2023-10-06 10:50:15,cancelled,3022.63
2454,412,2023-02-21 20:43:56,completed,892.01
2455,200,2023-02-18 05:34:09,completed,11478.39
2456,464,2023-04-13 10:49:05,completed,694.81
2457,256,2024-07-04 10:24:02,completed,3727.77
2458,191,2024-07-03 21:28:08,cancelled,2255.24
2459,267,2024-10-20 12:52:58,completed,2991.77
2460,301,2023-08-20 14:26:14,completed,519.43
2461,208,2023-09-26 14:00:39,completed,593.31
2462,39,2023-03-17 12:10:59,completed,7758.76
2463,31,2024-09-10 00:26:12,completed,3215.18
2464,280,2024-06-26 17:43:53,completed,3236.35
2465,148,2024-11-11 18:37:41,completed,1939.62
2466,77,2024-06-29 08:40:35,cancelled,12086.76
2467,308,2023-05-01 18:40:34,completed,1462.45
2468,57,2024-07-09 06:37:43,processing,2748.72
2469,277,2023-02-21 08:32:02,completed,2093.14
2470,60,2024-12-14 02:43:31,completed,418.81
2471,204,2024-03-16 12:49:25,completed,376.45
2472,152,2023-08-11 22:05:05,completed,797.74
2473,112,2024-09-01 19:22:30,cancelled,95.99
2474,50,2023-09-13 20:41:42,processing,3651.66
2475,186,2024-01-30 16:58:11,completed,7678.1
2476,91,2023-05-07 23:26:36,completed,810.13
2477,25,2023-06-22 15:43:41,completed,11146.6
2478,493,2023-12-07 15:46:06,completed,394.36
2479,351,2024-01-22 08:22:42,completed,806.08
2480,311,2023-11-02 01:22:06,completed,399.27
2481,450,2024-12-28 11:11:36,completed,1124.35
2482,181,2024-12-24 02:11:46,completed,673.78
2483,490,2023-09-02 19:43:01,completed,1343.41
2484,142,2024-11-03 06:10:59,completed,7934.71
2485,385,2024-08-09 09:30:30,processing,1654.56
2486,494,2023-08-10 01:13:32,completed,522.35
2487,230,2024-02-15 17:28:53,completed,490.34
2488,217,2024-02-03 22:22:54,cancelled,3832.89
2489,327,2023-04-26 21:21:56,completed,2651.9
2490,448,2024-04-26 16:49:17,completed,17380.01
2491,200,2023-03-30 15:58:09,completed,233.74
2492,497,2023-09-16 06:44:20,completed,8585.97
2493,199,2023-12-09 08:55:23,processing,10523.08
2494,406,2024-06-25 00:57:50,completed,2250.03
2495,130,2023-12-13 12:25:35,completed,9081.09
2496,53,2023-04-10 23:13:45,processing,2324.66
2497,201,2023-08-28 16:53:42,completed,36.51
2498,223,2023-10-19 09:19:15,completed,781.93
2499,207,2024-03-18 12:13:11,completed,243.55
2500,148,2023-02-06 01:26:37,completed,452.68
2501,1,2023-01-11 21:11:23,completed,11512.83
2502,263,2024-06-22 23:07:49,completed,1731.66
2503,60,2023-02-05 03:17:06,completed,609.73
2504,201,2023-09-21 20:37:07,shipped,4018.5
2505,365,2024-04-28 22:56:37,shipped,1883.07
2506,400,2023-06-29 07:10:43,completed,3330.28
2507,266,2024-01-22 14:24:13,shipped,1009.98
2508,197,2024-10-04 09:13:47,completed,1218.78
2509,310,2023-01-10 10:00:55,completed,2262.51
2510,484,2023-02-15 11:32:36,completed,10964.39
2511,41,2023-08-26 15:24:11,completed,2157.32
2512,126,2024-10-15 10:25:14,completed,12064.65
2513,380,2024-09-05 09:51:13,completed,12695.28
2514,2,2024-01-09 20:20:38,completed,8383.96
2515,89,2024-05-02 11:35:07,completed,11387.6
2516,336,2024-11-20 20:56:46,completed,954.11
2517,494,2024-08-19 10:45:58,cancelled,2472.51
2518,24,2023-11-14 09:02:18,completed,2100.34
2519,472,2024-04-25 02:53:51,completed,2497.82
2520,210,2024-10-25 20:10:23,completed,2806.77
2521,41,2024-11-08 07:13:36,completed,2926.35
2522,187,2024-08-05 21:04:54,processing,2497.56
2523,290,2024-02-18 07:34:33,completed,5971.88
2524,237,2024-01-28 05:44:37,completed,11369.75
2525,183,2023-01-21 13:30:50,processing,72.49
2526,461,2023-02-13 07:10:44,completed,9171.8
2527,54,2023-04-29 18:54:05,cancelled,2528.64
2528,294,2024-05-26 23:01:53,completed,8235.9
2529,160,2023-02-13 05:04:15,completed,2317.1
2530,342,2024-06-08 09:51:12,completed,346.88
2531,293,2023-02-11 04:53:08,completed,974.55
2532,154,2023-12-14 07:58:58,completed,2572.66
2533,426,2024-04-26 06:42:52,completed,6679.42
2534,131,2023-08-28 18:00:10,completed,3341.54
2535,365,2024-08-02 10:06:29,completed,1851.23
2536,2,2023-03-04 22:57:41,completed,137.26
2537,345,2024-12-01 10:37:05,completed,10445.74
2538,183,2023-10-05 15:12:51,completed,211.44
2539,290,2023-11-27 00:29:49,processing,66.67
2540,313,2024-12-23 21:41:09,completed,621.54
2541,493,2024-12-29 03:12:47,completed,3736.82
2542,258,2024-11-17 00:37:58,completed,2374.79
2543,43,2024-11-21 03:54:50,completed,352.39
2544,490,2024-05-16 00:40:45,completed,3271.38
2545,201,2023-10-12 11:23:34,completed,1998.89
2546,75,2024-02-18 04:47:58,processing,325.99
2547,371,2023-02-02 16:42:50,completed,1096.02
2548,5,2024-04-13 09:51:27,completed,602.95
2549,406,2024-12-08 12:06:29,completed,687.06
2550,41,2024-03-10 04:00:04,cancelled,1777.56
2551,116,2024-01-21 04:50:05,completed,7215.34
2552,228,2024-12-28 07:01:56,completed,1479.64
2553,260,2023-12-17 11:46:42,completed,6936.63
2554,401,2023-07-14 07:31:55,completed,1202.31
2555,271,2023-10-08 10:56:04,processing,1890.53
2556,140,2024-02-10 23:35:13,completed,1455.24
2557,238,2023-08-20 07:52:12,completed,328.14
2558,106,2024-02-14 01:39:15,completed,7039.81
2559,164,2023-05-02 22:34:08,completed,2148.05
2560,70,2024-01-01 07:31:15,completed,8721.96
2561,36,2023-04-06 20:44:50,processing,2750.41
2562,321,2023-10-26 06:05:56,completed,2242.38
2563,424,2023-05-15 23:51:45,completed,281.04
2564,400,2024-08-10 21:29:04,shipped,11933.34
2565,71,2024-01-02 02:34:12,completed,1985.38
2566,234,2024-05-15 08:12:36,completed,917.2
2567,352,2023-11-15 10:14:09,completed,1939.62
2568,102,2023-04-25 16:52:09,processing,490.97
2569,385,2023-03-17 04:21:53,completed,1378.71
2570,247,2023-02-06 08:38:37,completed,3610.73
2571,206,2023-03-16 01:51:29,shipped,264.26
2572,328,2024-06-27 10:59:28,completed,335.33
2573,21,2024-03-30 02:49:44,completed,283.36
2574,215,2023-04-24 00:24:32,completed,1903.25
2575,203,2023-12-31 09:59:22,completed,144.98
2576,491,2023-01-18 05:05:23,processing,1501.58
2577,50,2023-02-28 08:30:50,completed,417.18
2578,12,2023-12-26 19:11:25,completed,10445.7
2579,393,2024-07-16 15:38:19,processing,574.72
2580,320,2024-07-31 13:06:26,completed,7550.38
2581,249,2023-10-22 05:17:03,completed,7904.33
2582,240,2023-04-23 09:42:26,processing,5429.43
2583,236,2023-12-03 16:10:38,completed,619.59
2584,352,2023-07-21 09:59:33,completed,209.71
2585,411,2024-02-01 00:07:49,completed,413.94
2586,165,2023-02-16 10:12:50,completed,525.55
2587,32,2023-07-08 16:07:35,completed,696.77
2588,371,2023-03-26 08:32:26,completed,10395.14
2589,68,2024-09-20 02:36:29,cancelled,46.18
2590,140,2024-04-09 04:38:54,completed,1246.99
2591,459,2023-07-19 08:09:39,completed,367.06
2592,66,2024-04-22 15:41:55,completed,37.31
2593,330,2024-12-21 11:40:43,completed,2222.22
2594,48,2023-08-16 18:32:11,completed,3662.67
2595,139,2023-02-18 10:53:22,completed,853.24
2596,91,2023-04-15 03:29:51,completed,284.58
2597,219,2024-08-02 01:29:37,completed,248.61
2598,154,2023-07-10 09:10:46,completed,6570.87
2599,42,2024-06-12 14:33:41,completed,608.05
2600,194,2024-01-18 11:15:01,completed,9658.56
2601,35,2024-11-09 21:56:38,completed,655.51
2602,243,2023-02-24 06:18:55,completed,519.43
2603,121,2023-06-07 07:37:49,processing,8311.03
2604,454,2024-09-10 17:25:27,completed,7409.26
2605,18,2023-11-04 20:06:12,completed,211.44
2606,291,2023-07-09 19:50:10,completed,4750.32
2607,200,2024-10-11 18:13:26,completed,1747.47
2608,144,2024-08-01 02:44:13,completed,165.87
2609,413,2024-01-19 09:38:11,cancelled,801.19
2610,169,2023-12-06 09:49:23,completed,5835.67
2611,318,2023-04-14 06:55:37,completed,1230.94
2612,244,2023-04-14 23:35:57,completed,812.71
2613,403,2024-02-29 03:10:58,completed,874.93
2614,444,2024-04-28 10:28:16,completed,2429.1
2615,276,2023-01-25 08:07:26,completed,708.68
2616,224,2023-09-21 07:19:36,completed,253.02
2617,244,2024-04-12 12:59:01,completed,131.19
2618,120,2023-01-27 01:49:49,completed,7850.08
2619,489,2024-09-30 13:50:49,processing,768.28
2620,370,2023-11-25 22:07:36,completed,1644.72
2621,349,2023-05-19 22:31:41,completed,996.58
2622,358,2023-05-23 03:52:14,shipped,600.91
2623,391,2024-10-31 10:26:56,completed,6657.33
2624,225,2024-04-07 16:27:56,completed,248.61
2625,226,2024-01-09 23:52:19,completed,2067.14
2626,427,2023-12-26 12:30:42,completed,654.8
2627,375,2023-02-22 08:28:42,completed,293.85
2628,136,2024-05-19 07:19:05,completed,6040.69
2629,468,2023-10-28 04:14:09,completed,2545.18
2630,264,2024-06-14 11:22:52,completed,481.91
2631,404,2024-02-11 20:15:22,cancelled,36.51
2632,182,2023-12-03 05:36:19,completed,283.36
2633,32,2024-07-20 12:24:43,completed,1234.96
2634,426,2024-11-03 20:24:06,processing,1065.66
2635,464,2023-03-12 08:22:34,completed,9871.19
2636,397,2024-01-09 00:08:56,completed,1611.39
2637,406,2023-07-27 21:01:53,completed,297.97
2638,330,2023-06-07 19:59:59,completed,2099.46
2639,172,2023-07-15 02:02:01,processing,1651.3
2640,237,2024-01-17 01:07:51,processing,2255.73
2641,169,2024-07-12 21:35:52,processing,5907.59
2642,171,2023-11-05 15:07:05,completed,14526.52
2643,293,2024-08-02 16:09:57,completed,3826.09
2644,318,2023-09-20 15:41:43,completed,637.27
2645,299,2023-11-04 05:56:55,completed,228.23
2646,441,2024-07-09 09:10:57,completed,492.72
2647,160,2024-10-08 19:10:55,completed,143.75
2648,259,2024-12-24 15:58:51,completed,1166.47
2649,105,2024-02-18 05:54:45,completed,449.02
2650,39,2023-10-18 08:59:13,completed,1234.24
2651,66,2023-10-22 21:49:55,completed,943.02
2652,81,2023-02-10 01:31:14,completed,2371.71
2653,321,2023-04-14 16:57:47,completed,5022.28
2654,286,2024-12-11 13:56:13,processing,321.81
2655,376,2024-11-14 07:00:30,completed,243.55
2656,264,2023-01-31 17:18:00,completed,507.64
2657,155,2023-06-06 10:19:46,completed,10523.08
2658,102,2023-03-31 04:29:50,completed,6856.93
2659,381,2024-01-17 13:12:46,completed,1298.57
2660,183,2024-11-23 17:50:14,completed,1196.49
2661,126,2023-10-31 07:39:24,completed,1824.44
2662,233,2024-07-17 21:07:11,completed,704.06
2663,47,2024-12-04 09:02:43,completed,10972.1
2664,84,2024-04-22 15:21:14,completed,4128.07
2665,153,2023-07-19 15:19:41,cancelled,514.02
2666,41,2023-08-01 10:03:22,completed,533.02
2667,280,2023-07-28 06:26:13,completed,5840.24
2668,482,2023-03-30 00:19:58,processing,648.11
2669,500,2024-10-09 04:53:56,completed,695.41
2670,244,2024-06-29 23:22:24,completed,674.71
2671,489,2024-08-08 19:27:45,processing,588.05
2672,481,2023-11-25 09:13:25,completed,2405.16
2673,396,2024-01-10 09:48:54,completed,242.79
2674,338,2023-07-11 02:09:22,completed,7798.73
2675,463,2024-08-16 18:52:05,completed,584.33
2676,214,2023-06-02 08:30:32,completed,293.85
2677,465,2023-10-31 00:59:39,completed,8983.75
2678,174,2024-06-22 16:01:21,completed,2077.71
2679,29,2023-09-25 11:33:07,completed,11682.18
2680,324,2024-05-31 18:39:50,completed,353.61
2681,208,2024-06-25 08:11:51,completed,241.15
2682,298,2023-01-15 03:06:26,completed,95.99
2683,22,2023-01-29 18:05:27,completed,72.49
2684,239,2023-11-11 17:23:14,cancelled,5952.13
2685,293,2024-12-06 14:31:48,completed,132.13
2686,256,2024-04-27 01:58:53,completed,981.85
2687,44,2024-10-21 03:16:48,cancelled,5612.31
2688,108,2024-12-18 00:34:24,completed,1643.52
2689,92,2024-12-15 01:37:53,completed,44.98
2690,318,2024-11-01 01:01:56,completed,7584.25
2691,293,2024-02-26 17:27:25,completed,295.72
2692,416,2024-06-30 11:31:54,completed,142.84
2693,326,2023-05-31 23:25:32,completed,498.57
2694,318,2023-03-09 19:10:41,completed,708.43
2695,368,2024-05-27 14:46:42,processing,301.08
2696,106,2023-07-20 19:48:32,cancelled,7863.65
2697,88,2023-07-16 19:23:40,completed,6878.36
2698,132,2024-09-28 06:10:02,completed,13713.86
2699,280,2023-03-10 23:13:46,completed,1303.73
2700,106,2023-02-08 12:24:09,completed,5955.52
2701,254,2023-10-29 16:54:10,completed,2618.75
2702,464,2023-11-23 20:54:10,processing,961.87
2703,274,2023-06-22 16:34:08,completed,2655.26
2704,15,2023-01-20 04:33:04,completed,602.95
2705,433,2023-07-06 16:05:05,completed,387.2
2706,356,2023-01-08 04:56:23,completed,15981.3
2707,363,2024-12-09 01:47:23,completed,1719.09
2708,34,2023-06-23 21:28:42,shipped,3285.15
2709,183,2024-02-15 10:02:39,completed,916.35
2710,221,2023-03-19 11:37:41,completed,5663.74
2711,33,2023-05-04 02:51:17,completed,8183.76
2712,297,2023-05-13 16:19:26,completed,2428.03
2713,157,2023-11-02 00:07:41,completed,352.68
2714,144,2024-05-11 18:55:27,completed,3688.12
2715,229,2023-02-08 17:02:42,shipped,999.14
2716,492,2024-08-20 20:27:56,completed,525.87
2717,72,2024-02-29 11:03:24,completed,10167.53
2718,43,2024-08-22 15:39:38,completed,4193.87
2719,482,2023-03-03 08:38:05,completed,569.52
2720,12,2024-07-05 00:28:53,completed,562.65
2721,100,2024-06-30 07:23:46,completed,986.74
2722,238,2023-09-20 03:25:46,processing,2078.63
2723,20,2023-03-23 02:11:30,completed,5199.28
2724,498,2023-09-02 03:02:12,completed,6972.92
2725,189,2023-05-08 15:07:44,completed,11908.48
2726,249,2024-07-30 19:12:03,completed,2904.67
2727,474,2024-06-29 13:51:37,completed,1063.44
2728,446,2024-04-24 11:00:36,completed,5448.11
2729,300,2023-02-21 14:23:10,completed,1513.77
2730,225,2024-04-06 00:55:17,completed,1472.2
2731,361,2024-10-09 23:40:06,completed,1363.86
2732,268,2024-05-14 04:03:50,shipped,1038.75
2733,398,2024-06-01 16:07:12,completed,1306.92
2734,355,2023-05-02 02:14:19,completed,7971.71
2735,139,2023-10-15 08:07:03,cancelled,3097.53
2736,309,2023-09-09 15:02:32,completed,617.83
2737,357,2023-11-09 12:07:06,completed,660.84
2738,209,2024-02-13 04:20:25,completed,4650.38
2739,147,2024-12-17 14:24:54,completed,5796.8
2740,432,2024-05-09 05:11:52,completed,241.76
2741,5,2023-01-24 15:07:10,completed,580.51
2742,37,2024-06-05 07:44:35,completed,1777.35
2743,192,2023-10-02 03:09:15,cancelled,7255.47
2744,87,2024-12-22 04:58:15,completed,195.13
2745,76,2023-04-17 13:17:24,cancelled,185.32
2746,87,2023-01-01 16:56:29,completed,411.6
2747,421,2024-10-08 02:01:42,completed,1011.68
2748,145,2024-04-10 10:32:20,completed,584.83
2749,465,2023-05-22 04:02:54,completed,10556.23
2750,480,2024-11-23 00:47:10,completed,660.84
2751,180,2023-07-17 02:18:01,completed,4446.84
2752,125,2023-04-27 08:33:18,shipped,3270.75
2753,87,2023-01-14 01:25:01,processing,958.76
2754,403,2023-01-29 19:51:34,shipped,1852.55
2755,464,2024-03-15 14:24:47,completed,1275.92
2756,80,2023-09-12 03:56:41,completed,1939.62
2757,400,2024-08-26 23:03:26,completed,11787.69
2758,354,2023-03-31 02:04:15,completed,1718.54
2759,306,2023-10-30 09:34:17,shipped,1024.5
2760,379,2023-08-13 19:21:32,completed,3724.97
2761,454,2024-11-23 16:12:25,completed,1009.76
2762,143,2023-02-20 08:11:55,completed,1789.96
2763,309,2024-06-23 20:01:11,completed,508.44
2764,310,2024-05-12 17:51:11,shipped,325.89
2765,218,2023-05-21 08:25:45,completed,466.08
2766,362,2024-06-26 18:33:34,completed,7163.84
2767,341,2023-06-12 14:23:51,completed,575.2
2768,180,2023-03-16 03:28:04,completed,10523.08
2769,171,2024-07-13 21:27:33,completed,3172.71
2770,452,2023-03-10 01:02:03,completed,5211.5
2771,160,2023-12-22 16:34:15,completed,810.86
2772,28,2023-10-01 14:51:56,completed,764.68
2773,276,2023-12-28 00:55:49,completed,703.48
2774,25,2024-09-29 09:27:48,completed,593.31
2775,3,2023-09-26 18:23:48,completed,133.34
2776,174,2024-05-18 08:46:54,completed,465.68
2777,191,2023-03-22 16:19:23,processing,353.61
2778,268,2024-06-24 15:18:05,completed,1076.29
2779,73,2024-08-25 23:05:23,completed,695.33
2780,402,2023-11-09 01:27:50,completed,4772.63
2781,204,2024-10-05 00:31:25,processing,2243.1
2782,242,2024-05-06 00:26:47,completed,418.81
2783,389,2024-08-30 14:19:00,completed,3892.41
2784,185,2023-08-21 17:21:15,completed,1828.66
2785,271,2023-07-10 19:14:04,completed,1761.95
2786,340,2024-09-07 05:45:34,completed,2398.73
2787,361,2023-12-15 03:30:58,completed,1941.0
2788,366,2023-09-09 22:49:47,completed,387.2
2789,259,2024-03-05 15:12:12,shipped,7052.35
2790,162,2023-04-12 18:56:10,completed,298.62
2791,118,2024-06-25 08:05:00,completed,353.61
2792,426,2023-01-20 09:33:42,completed,602.41
2793,36,2023-01-27 18:22:41,completed,525.55
2794,144,2024-07-16 16:59:29,completed,523.78
2795,103,2023-01-01 16:36:02,completed,602.95
2796,439,2024-09-20 05:34:53,completed,2983.28
2797,377,2023-06-11 10:56:13,completed,1263.54
2798,440,2024-11-26 02:34:00,completed,440.15
2799,234,2024-03-21 22:22:19,completed,2335.65
2800,420,2024-08-10 18:49:32,completed,1403.64
2801,142,2024-06-02 19:04:16,completed,11070.68
2802,340,2024-12-01 19:34:29,completed,887.18
2803,142,2024-06-16 14:57:11,completed,1234.24
2804,139,2024-02-10 00:54:27,completed,2344.08
2805,199,2023-12-12 06:04:03,completed,367.81
2806,205,2024-09-26 15:36:14,completed,1245.67
2807,86,2024-05-26 13:41:19,completed,849.62
2808,432,2024-11-03 01:12:23,completed,664.68
2809,302,2023-05-21 11:24:57,completed,6419.14
2810,457,2024-12-20 20:48:05,completed,1627.31
2811,274,2023-04-29 14:25:09,completed,2645.52
2812,53,2023-04-25 16:49:05,completed,211.44
2813,248,2023-05-23 07:51:44,completed,10311.19
2814,140,2024-11-13 22:34:10,processing,4310.85
2815,351,2023-03-02 09:32:29,shipped,620.98
2816,274,2023-12-02 21:44:45,completed,525.55
2817,82,2024-07-05 23:37:28,completed,7798.77
2818,285,2024-10-30 14:31:55,completed,810.36
2819,265,2023-12-04 19:33:27,completed,657.43
2820,383,2023-10-13 17:35:42,completed,3519.09
2821,4,2023-04-01 23:53:59,shipped,584.33
2822,299,2023-10-09 04:00:56,completed,2960.69
2823,24,2024-05-13 02:53:14,completed,1755.08
2824,99,2024-05-30 07:39:48,shipped,1599.81
2825,449,2023-08-04 16:12:39,completed,1447.63
2826,368,2023-07-07 00:16:40,cancelled,985.43
2827,462,2023-02-10 13:24:24,completed,1835.41
2828,268,2024-09-24 02:09:09,completed,6474.45
2829,41,2023-01-17 22:51:31,processing,548.48
2830,327,2023-07-25 16:35:43,completed,3048.85
2831,306,2023-05-05 02:18:12,completed,2742.03
2832,26,2023-10-25 00:13:31,completed,109.52
2833,140,2023-10-28 21:59:02,completed,663.74
2834,392,2024-07-08 11:37:44,completed,978.27
2835,264,2024-03-22 21:44:53,shipped,6753.75
2836,330,2023-07-28 19:52:40,processing,449.77
2837,74,2023-04-20 00:07:14,completed,293.85
2838,291,2024-01-28 20:17:50,completed,249.37
2839,77,2023-12-06 16:27:24,completed,2193.3
2840,444,2024-05-20 12:26:20,completed,96.42
2841,166,2024-11-04 12:23:41,cancelled,162.66
2842,318,2023-10-11 15:08:21,processing,2597.1
2843,256,2023-01-15 10:33:45,completed,3121.97
2844,489,2023-02-28 23:56:26,completed,819.46
2845,21,2024-05-19 22:16:48,processing,109.52
2846,203,2024-03-10 01:49:39,cancelled,519.35
2847,35,2024-06-03 06:19:57,completed,534.82
2848,257,2024-10-22 13:23:54,processing,2015.35
2849,68,2024-01-30 11:21:32,processing,2838.6
2850,434,2024-10-01 15:13:21,completed,10941.11
2851,37,2023-06-08 05:30:50,completed,8182.53
2852,261,2023-01-17 14:48:35,completed,71.91
2853,312,2024-01-05 04:39:38,completed,625.1
2854,348,2023-11-22 08:02:36,completed,224.49
2855,233,2023-03-30 14:06:44,processing,1598.94
2856,334,2023-05-19 06:38:38,completed,398.34
2857,206,2023-06-08 12:14:02,cancelled,1724.41
2858,195,2023-04-12 12:57:07,completed,3786.85
2859,212,2024-10-22 15:53:55,shipped,6694.75
2860,327,2024-09-23 08:36:27,completed,3500.73
2861,328,2023-11-09 14:55:35,completed,3666.74
2862,250,2023-11-21 16:30:59,completed,4114.62
2863,458,2024-07-14 10:36:18,completed,5612.31
2864,44,2024-02-17 22:24:03,completed,1506.26
2865,203,2024-03-19 08:53:53,completed,7118.64
2866,199,2024-12-24 01:24:58,completed,1562.14
2867,319,2023-09-24 23:52:46,cancelled,195.42
2868,231,2024-04-25 22:00:41,completed,714.83
2869,132,2024-02-27 07:49:10,processing,197.86
2870,61,2024-07-13 20:40:48,completed,5708.73
2871,339,2023-09-23 21:19:13,completed,1964.01
2872,341,2023-09-18 11:17:25,cancelled,465.68
2873,222,2024-02-14 10:34:42,completed,1385.46
2874,498,2024-07-08 02:02:50,shipped,121.09
2875,357,2023-05-31 03:09:18,cancelled,1187.98
2876,258,2023-08-09 22:59:46,completed,5407.7
2877,146,2023-10-06 03:56:08,cancelled,617.48
2878,329,2023-11-15 02:32:36,completed,958.64
2879,181,2023-06-28 09:14:26,completed,4218.25
2880,498,2023-05-21 21:55:55,completed,877.28
2881,225,2023-12-04 11:14:03,processing,3344.98
2882,321,2024-09-14 06:34:33,shipped,584.83
2883,57,2023-10-22 05:30:30,completed,37.31
2884,392,2023-08-20 16:37:05,completed,1328.82
2885,198,2024-06-20 02:20:16,completed,2277.53
2886,250,2023-05-01 00:51:00,completed,7986.84
2887,200,2024-03-13 17:15:11,completed,476.41
2888,104,2024-09-04 13:28:06,completed,593.31
2889,483,2024-07-08 00:54:08,completed,304.48
2890,118,2023-06-11 19:29:55,processing,3965.32
2891,449,2024-08-29 10:56:41,completed,5227.18
2892,377,2023-10-08 09:58:42,completed,2115.5
2893,240,2023-09-15 20:45:23,completed,635.44
2894,157,2023-08-29 10:36:46,completed,9372.5
2895,91,2023-02-06 17:16:19,completed,1574.27
2896,398,2023-09-19 00:46:40,completed,2537.52
2897,320,2023-01-15 02:23:26,processing,1789.96
2898,440,2024-08-06 17:40:20,completed,4869.43
2899,283,2023-10-15 03:45:14,completed,829.1
2900,351,2024-06-30 20:22:51,completed,862.18
2901,17,2024-01-19 05:04:44,completed,770.38
2902,226,2023-01-23 13:49:57,completed,2262.49
2903,351,2023-04-30 14:57:00,completed,3611.51
2904,262,2024-10-13 08:11:32,completed,1385.46
2905,217,2024-08-04 16:16:19,completed,6570.87
2906,484,2024-04-08 11:37:21,completed,2613.22
2907,22,2023-10-13 19:34:53,completed,3822.85
2908,488,2024-02-12 05:43:37,completed,602.41
2909,230,2023-11-16 13:30:14,completed,2194.46
2910,122,2023-05-31 14:49:07,completed,426.85
2911,358,2023-11-05 10:52:23,completed,2953.99
2912,144,2023-11-18 14:52:57,completed,686.81
2913,56,2024-05-12 10:27:29,completed,2278.72
2914,243,2024-10-21 04:53:08,completed,224.49
2915,358,2023-02-14 02:25:14,completed,1397.07
2916,62,2023-04-10 21:16:44,completed,131.66
2917,316,2024-07-17 14:14:01,completed,2097.94
2918,19,2024-11-04 11:10:16,completed,66.67
2919,376,2023-11-30 08:26:15,completed,1939.62
2920,367,2023-04-02 13:18:20,completed,6570.87
2921,251,2024-02-06 06:46:41,processing,2651.9
2922,291,2024-10-08 01:49:08,completed,703.38
2923,117,2024-04-19 02:12:32,processing,698.81
2924,359,2024-06-12 05:58:27,completed,1643.52
2925,333,2024-12-01 11:08:26,completed,1464.42
2926,109,2024-05-07 21:18:11,completed,248.61
2927,196,2023-02-12 02:44:39,processing,132.13
2928,417,2024-12-01 07:32:41,completed,1643.52
2929,241,2024-08-20 06:56:25,completed,131.19
2930,70,2024-11-20 00:22:33,processing,835.34
2931,288,2023-06-29 05:01:51,completed,426.85
2932,33,2023-02-27 02:03:03,completed,1764.39
2933,32,2024-08-13 23:24:28,completed,2324.66
2934,413,2023-05-20 04:41:50,completed,638.92
2935,207,2023-11-20 06:36:04,completed,1320.12
2936,372,2023-01-05 15:54:31,completed,279.43
2937,110,2024-03-08 21:25:49,completed,465.68
2938,235,2023-10-19 12:16:07,completed,14233.9
2939,394,2023-01-22 22:39:04,completed,15697.69
2940,244,2023-02-08 03:32:21,completed,6267.49
2941,318,2023-12-22 21:17:33,processing,13205.74
2942,398,2023-11-26 20:58:53,completed,379.4
2943,74,2023-10-13 18:41:29,completed,1850.74
2944,339,2024-11-11 20:30:16,completed,295.72
2945,203,2023-06-29 06:31:06,completed,13216.05
2946,21,2023-09-15 05:01:01,completed,748.17
2947,1,2023-08-04 13:06:34,shipped,6954.57
2948,175,2023-05-26 05:21:36,completed,95.99
2949,96,2023-08-01 03:04:18,processing,2423.0
2950,80,2023-09-14 12:21:35,completed,2099.66
2951,98,2023-07-17 21:38:26,completed,1239.02
2952,423,2024-04-02 08:37:03,completed,10523.08
2953,450,2024-07-16 08:45:58,completed,719.12
2954,281,2023-11-28 15:11:12,processing,733.26
2955,251,2023-03-30 01:35:59,completed,2618.75
2956,122,2024-12-02 09:24:42,processing,1883.23
2957,175,2024-02-25 07:51:50,completed,223.92
2958,498,2023-01-13 04:12:15,completed,7507.93
2959,408,2023-01-28 05:57:22,completed,16205.31
2960,119,2023-02-06 14:39:35,completed,2001.4
2961,138,2024-09-17 08:05:32,completed,708.68
2962,242,2024-08-10 08:45:13,processing,1071.05
2963,371,2023-06-07 02:07:56,completed,715.88
2964,25,2023-08-23 11:53:40,completed,195.42
2965,274,2023-04-20 04:18:37,completed,1980.29
2966,300,2023-11-21 10:06:53,shipped,584.83
2967,118,2023-03-12 18:30:27,shipped,12054.43
2968,295,2024-08-18 21:50:46,completed,1284.83
2969,409,2024-12-24 14:54:07,cancelled,2727.54
2970,107,2024-03-01 15:51:15,completed,482.43
2971,368,2024-02-26 19:13:46,completed,706.25
2972,328,2023-11-07 09:14:39,completed,1230.94
2973,297,2023-11-04 21:16:00,completed,6196.55
2974,280,2024-11-10 01:24:35,completed,10544.39
2975,214,2024-12-23 01:56:38,completed,674.72
2976,226,2023-10-07 08:45:15,processing,12601.61
2977,456,2024-01-19 23:23:40,completed,4818.13
2978,426,2023-09-13 01:02:23,completed,1874.88
2979,216,2024-01-01 22:25:40,processing,7855.14
2980,472,2023-04-02 08:33:35,processing,1693.28
2981,492,2024-12-04 21:43:04,completed,6657.33
2982,58,2024-09-04 18:55:08,completed,1789.96
2983,442,2023-12-04 14:39:22,completed,187.76
2984,74,2024-08-15 17:43:51,completed,1462.89
2985,200,2024-09-14 11:08:32,completed,764.68
2986,452,2024-03-15 12:22:53,completed,1968.21
2987,448,2024-07-18 08:24:40,completed,989.81
2988,50,2024-11-30 12:32:21,completed,621.54
2989,354,2024-12-28 18:13:17,completed,5944.59
2990,203,2023-05-17 04:06:36,completed,3341.54
2991,455,2023-04-09 07:06:57,completed,3840.96
2992,292,2023-05-02 11:57:53,processing,999.14
2993,329,2024-01-04 19:54:29,completed,1279.76
2994,473,2024-10-20 09:38:49,processing,1372.57
2995,13,2023-01-11 09:32:45,completed,1583.12
2996,159,2023-02-23 03:23:06,completed,1020.77
2997,83,2023-02-28 21:14:26,completed,2975.99
2998,122,2024-10-25 17:18:57,completed,5481.16
2999,138,2024-05-20 04:29:39,completed,136.01
3000,101,2023-10-02 07:05:15,completed,165.39
3001,318,2023-04-15 01:47:11,completed,509.14
3002,373,2024-01-21 05:18:40,shipped,859.33
3003,338,2023-08-11 16:38:24,completed,3153.11
3004,86,2024-11-22 10:57:37,cancelled,506.88
3005,388,2023-01-15 04:14:59,processing,1938.94
3006,332,2023-02-07 13:30:54,completed,61.32
3007,263,2023-11-23 11:55:33,completed,2659.74
3008,108,2023-06-14 03:47:51,completed,347.03
3009,91,2024-04-07 23:17:32,completed,36.51
3010,168,2023-01-23 19:06:57,completed,1854.96
3011,262,2024-03-15 13:02:39,shipped,10523.08
3012,133,2024-04-27 08:29:53,shipped,146.34
3013,196,2024-11-07 22:47:04,completed,1085.66
3014,90,2023-01-05 07:13:14,completed,7172.18
3015,472,2023-02-17 09:48:52,completed,6753.75
3016,73,2024-07-05 04:42:32,completed,284.58
3017,232,2023-08-06 20:01:45,processing,1427.2
3018,119,2024-07-15 15:06:51,completed,1713.97
3019,51,2024-04-08 14:45:02,cancelled,7355.5
3020,455,2023-09-07 02:37:41,processing,7449.22
3021,221,2024-10-23 11:59:13,completed,325.54
3022,284,2023-09-22 14:58:15,completed,209.71
3023,291,2023-12-31 14:58:32,completed,1139.72
3024,492,2024-08-01 17:36:34,completed,538.2
3025,50,2023-10-21 10:17:00,shipped,1715.68
3026,73,2024-07-18 20:20:06,completed,494.65
3027,15,2023-05-30 05:35:05,completed,449.77
3028,164,2023-12-22 20:00:18,completed,41.52
3029,40,2024-06-13 00:06:46,processing,1192.01
3030,146,2023-03-04 20:12:54,completed,3215.18
3031,376,2023-05-22 14:16:59,completed,9203.45
3032,139,2024-07-22 03:10:29,completed,602.41
3033,43,2024-02-09 01:12:59,completed,468.62
3034,23,2024-11-28 16:41:26,completed,716.1
3035,419,2023-02-16 16:58:56,completed,2676.35
3036,443,2023-01-07 18:10:50,shipped,465.74
3037,89,2023-10-18 13:39:15,completed,1125.43
3038,319,2024-01-01 08:39:44,cancelled,7590.69
3039,14,2024-04-13 12:17:01,completed,455.89
3040,39,2023-04-29 16:46:57,completed,744.8
3041,12,2023-05-30 02:34:52,completed,4357.32
3042,420,2023-05-30 10:08:41,completed,670.09
3043,364,2024-06-01 07:41:33,shipped,325.99
3044,401,2024-08-06 05:24:52,completed,315.86
3045,174,2024-07-30 03:54:50,completed,143.75
3046,198,2024-05-12 04:54:39,completed,305.7
3047,253,2024-06-27 18:01:11,completed,621.03
3048,144,2024-10-28 15:55:11,completed,16405.05
3049,89,2023-10-29 16:03:49,completed,7105.75
3050,149,2024-12-16 12:37:07,completed,2317.1
3051,180,2024-03-01 05:26:50,completed,10730.75
3052,36,2023-12-21 02:27:33,completed,13081.04
3053,286,2024-01-21 03:28:01,processing,2926.92
3054,89,2023-07-30 14:12:41,completed,1742.75
3055,445,2024-04-19 07:55:52,completed,3279.97
3056,370,2024-05-26 17:08:11,completed,847.19
3057,49,2023-11-05 07:32:46,completed,3544.65
3058,103,2023-03-02 00:27:36,completed,521.01
3059,117,2024-04-20 16:27:45,completed,621.54
3060,361,2024-06-27 11:40:20,completed,1857.66
3061,472,2024-12-11 18:11:37,completed,452.68
3062,110,2023-08-17 12:56:04,completed,515.75
3063,49,2024-11-25 17:29:32,completed,3090.0
3064,126,2024-04-22 21:44:54,completed,13416.93
3065,474,2023-09-01 10:51:46,completed,2203.43
3066,152,2023-10-15 06:48:30,completed,1015.74
3067,360,2024-08-18 10:12:01,completed,1350.85
3068,495,2023-02-26 10:13:13,completed,3223.11
3069,123,2023-07-05 08:26:34,completed,36.51
3070,322,2023-05-17 09:26:26,completed,449.02
3071,19,2024-03-03 04:53:17,completed,8841.34
3072,476,2024-08-02 18:53:14,shipped,582.97
3073,99,2023-02-24 12:27:03,completed,602.41
3074,455,2024-02-28 00:30:51,completed,1574.27
3075,180,2023-09-01 08:00:34,completed,744.05
3076,181,2024-03-19 02:05:47,processing,133.34
3077,417,2024-06-12 21:51:12,completed,7038.67
3078,6,2024-10-08 07:26:24,completed,2543.16
3079,474,2024-01-27 19:07:40,completed,3803.84
3080,31,2024-08-06 14:34:04,shipped,765.27
3081,354,2024-02-19 10:13:52,completed,2955.41
3082,45,2024-10-08 10:15:37,processing,2379.77
3083,426,2023-01-29 18:13:55,completed,1142.16
3084,226,2023-08-19 11:38:32,processing,248.61
3085,69,2023-02-04 05:32:10,cancelled,9475.68
3086,273,2024-06-06 17:20:20,completed,707.22
3087,253,2023-12-18 15:24:06,completed,1422.86
3088,129,2023-07-12 07:17:17,completed,6799.86
3089,78,2023-08-04 23:13:50,completed,11207.12
3090,488,2024-07-21 02:43:59,completed,250.27
3091,217,2024-07-07 14:04:44,completed,510.79
3092,258,2023-05-09 18:48:49,completed,2773.25
3093,183,2024-10-21 06:15:49,completed,7702.35
3094,465,2023-01-14 23:42:39,cancelled,211.44
3095,171,2024-09-19 21:07:03,completed,960.13
3096,147,2024-07-07 07:21:45,completed,1758.72
3097,110,2023-09-05 08:31:53,completed,1547.81
3098,490,2024-04-23 07:14:34,completed,764.68
3099,74,2023-08-21 18:47:28,completed,1851.23
3100,498,2023-03-10 22:08:55,processing,2759.37
3101,275,2024-12-23 08:55:25,completed,2436.06
3102,201,2023-07-31 17:50:41,shipped,884.05
3103,110,2023-05-06 06:19:14,completed,594.64
3104,152,2024-03-03 08:09:21,completed,574.88
3105,50,2024-05-14 04:29:42,completed,2061.71
3106,412,2023-10-05 20:42:36,completed,1270.81
3107,356,2023-04-11 23:20:11,cancelled,1382.38
3108,240,2023-05-14 12:38:03,processing,1216.3
3109,443,2023-09-21 10:14:23,completed,2145.45
3110,200,2023-02-18 14:00:39,completed,804.32
3111,188,2023-02-12 18:32:44,processing,3153.11
3112,117,2024-09-26 12:21:51,completed,1643.52
3113,48,2024-04-25 07:34:48,completed,2209.55
3114,154,2024-08-21 07:30:53,completed,17152.76
3115,37,2023-11-14 15:36:40,completed,1557.59
3116,342,2023-11-06 02:00:12,completed,10940.69
3117,135,2024-11-08 14:38:06,completed,1691.48
3118,298,2023-07-07 12:54:40,completed,628.34
3119,450,2024-04-21 12:22:07,completed,140.92
3120,110,2023-03-19 21:25:29,processing,3963.02
3121,64,2023-03-19 02:36:43,completed,220.3
3122,267,2024-03-03 07:44:25,completed,278.2
3123,294,2023-05-11 08:27:18,completed,2856.85
3124,375,2023-05-24 02:52:25,cancelled,941.85
3125,10,2023-09-15 22:55:17,completed,1399.87
3126,453,2024-06-16 23:03:08,completed,1261.42
3127,166,2024-12-07 06:26:46,completed,5462.12
3128,399,2023-05-23 04:56:35,completed,248.37
3129,114,2024-07-19 13:26:12,processing,13184.11
3130,263,2024-01-26 12:25:05,completed,6753.75
3131,189,2024-02-04 07:52:10,completed,516.99
3132,380,2023-02-18 05:17:54,processing,51.31
3133,386,2024-06-13 15:20:05,completed,490.35
3134,253,2023-08-09 02:35:00,completed,298.62
3135,282,2024-02-28 14:26:17,completed,92.66
3136,255,2023-11-15 10:49:20,shipped,1145.9
3137,30,2023-09-15 06:30:44,completed,7056.55
3138,136,2024-07-29 10:23:26,completed,2234.24
3139,36,2023-07-19 15:14:45,shipped,1385.46
3140,131,2023-03-09 12:24:46,completed,1568.88
3141,314,2024-03-06 13:30:07,completed,440.15
3142,273,2024-12-21 16:55:12,completed,1838.14
3143,268,2024-05-19 12:54:14,completed,192.84
3144,330,2023-09-02 22:20:34,completed,421.1
3145,496,2024-09-04 06:34:36,completed,248.61
3146,131,2023-08-15 01:19:20,completed,2482.68
3147,338,2024-08-26 22:11:39,completed,1029.08
3148,235,2024-07-10 20:52:11,completed,2063.12
3149,464,2023-08-21 14:10:35,completed,1851.23
3150,454,2023-02-23 13:30:34,completed,1950.83
3151,485,2024-05-22 19:37:50,completed,1522.13
3152,467,2024-09-29 12:39:39,completed,5790.6
3153,205,2023-04-08 08:47:52,processing,2699.61
3154,392,2023-06-01 07:10:13,completed,3629.55
3155,137,2024-10-23 11:29:28,completed,2420.35
3156,430,2024-06-05 17:47:42,completed,224.49
3157,205,2023-06-19 23:04:17,completed,702.14
3158,426,2023-03-18 07:06:19,completed,284.58
3159,212,2024-12-01 22:47:13,completed,2252.91
3160,471,2024-04-28 12:56:48,completed,989.18
3161,378,2024-09-22 22:22:23,completed,5822.02
3162,207,2024-01-18 14:07:40,processing,182.48
3163,80,2023-10-08 09:10:37,completed,633.16
3164,289,2023-06-24 21:38:35,completed,2704.64
3165,313,2024-09-26 00:42:52,completed,1366.76
3166,409,2024-07-05 09:59:36,completed,325.54
3167,220,2024-03-23 15:09:34,processing,1230.58
3168,441,2024-12-19 17:24:16,completed,293.85
3169,406,2024-10-12 11:54:44,completed,4675.52
3170,442,2024-08-08 01:22:49,completed,2777.32
3171,323,2023-03-12 01:36:26,completed,283.36
3172,142,2024-12-12 20:43:45,processing,495.7
3173,38,2023-05-06 01:02:36,completed,2039.94
3174,433,2023-09-10 03:22:36,completed,864.02
3175,323,2024-12-13 15:11:40,cancelled,176.14
3176,364,2024-04-07 12:06:20,completed,5149.79
3177,431,2024-02-10 18:08:22,completed,2750.94
3178,126,2024-12-28 04:43:09,completed,121.09
3179,82,2024-01-27 20:45:09,processing,826.66
3180,81,2023-02-20 04:08:41,completed,3953.6
3181,494,2023-11-07 22:15:50,completed,7038.67
3182,33,2024-11-12 07:23:11,completed,658.36
3183,388,2024-11-16 23:41:36,processing,4187.45
3184,333,2023-05-10 11:07:48,completed,6753.75
3185,251,2024-03-24 16:13:56,completed,557.39
3186,374,2024-12-28 01:50:40,completed,850.26
3187,207,2024-04-20 13:31:50,completed,687.06
3188,96,2023-03-27 09:41:44,completed,195.42
3189,355,2023-04-24 00:58:42,completed,1106.65
3190,324,2023-04-29 12:21:58,completed,19443.13
3191,338,2023-12-11 04:34:53,completed,398.59
3192,489,2023-11-28 09:46:21,completed,691.42
3193,160,2023-10-29 18:07:17,completed,2324.66
3194,267,2024-02-17 02:47:56,completed,936.55
3195,42,2024-10-08 17:00:16,completed,1436.83
3196,457,2024-08-21 20:49:08,completed,6025.55
3197,238,2024-10-11 21:15:33,completed,250.27
3198,5,2024-09-09 12:30:27,completed,525.55
3199,355,2023-09-28 16:50:31,completed,1991.96
3200,195,2024-07-23 15:23:02,completed,392.65
3201,402,2024-07-20 02:02:12,completed,4075.22
3202,211,2023-09-24 10:06:35,completed,137.26
3203,37,2023-03-06 03:50:17,processing,209.71
3204,260,2024-08-07 18:41:10,completed,999.14
3205,97,2023-03-30 09:15:21,completed,5575.77
3206,227,2023-10-16 23:32:05,completed,1705.46
3207,141,2023-08-15 14:12:55,completed,729.93
3208,347,2023-02-21 14:27:25,completed,1051.65
3209,12,2023-07-13 08:01:37,completed,165.87
3210,491,2023-11-23 20:11:39,cancelled,8460.22
3211,330,2024-05-27 06:08:54,completed,1377.67
3212,395,2023-11-11 10:12:39,completed,118.65
3213,177,2024-12-27 17:26:24,completed,249.37
3214,213,2023-10-17 06:48:56,completed,1860.31
3215,281,2023-12-21 18:16:18,completed,578.73
3216,267,2023-12-05 09:40:40,processing,7222.69
3217,294,2024-08-17 08:51:41,completed,244.37
3218,361,2023-04-26 04:06:29,completed,512.3
3219,241,2023-08-11 12:03:15,completed,600.91
3220,379,2023-01-20 01:51:12,completed,2660.27
3221,497,2023-02-06 08:11:20,completed,548.03
3222,164,2024-05-27 13:10:50,completed,131.66
3223,328,2024-01-23 18:26:49,completed,256.05
3224,267,2023-11-03 14:01:12,completed,1008.47
3225,60,2024-01-28 14:37:36,completed,999.14
3226,467,2023-01-03 21:36:55,completed,224.93
3227,468,2023-09-06 02:47:16,processing,8308.83
3228,464,2024-03-04 22:08:35,completed,6850.17
3229,481,2024-06-27 17:43:42,processing,6977.89
3230,127,2023-11-15 19:50:55,completed,354.83
3231,483,2024-01-24 00:43:18,processing,1076.29
3232,71,2023-08-16 15:25:33,completed,241.15
3233,238,2023-05-31 21:10:29,completed,557.74
3234,207,2024-05-04 07:56:38,completed,1303.73
3235,315,2024-11-29 19:50:25,completed,2466.18
3236,24,2023-05-15 01:37:27,shipped,5749.49
3237,82,2023-08-22 14:45:51,completed,2084.48
3238,482,2024-02-11 06:35:58,processing,2312.78
3239,393,2024-03-11 12:40:39,completed,7118.78
3240,202,2024-04-24 13:34:56,cancelled,7904.33
3241,131,2023-02-25 12:23:39,completed,1763.22
3242,480,2023-07-20 05:48:23,completed,3430.35
3243,461,2024-05-05 11:56:00,completed,10860.07
3244,287,2024-05-11 12:42:14,completed,41.52
3245,396,2024-04-23 17:29:39,completed,182.43
3246,34,2024-09-27 16:16:57,processing,765.22
3247,192,2023-02-27 15:46:18,completed,1825.87
3248,170,2024-08-24 21:58:44,completed,8170.47
3249,122,2023-11-19 03:00:09,completed,449.02
3250,344,2024-01-05 09:46:25,completed,982.73
3251,363,2024-12-05 17:09:00,completed,5327.51
3252,437,2024-03-15 22:14:26,completed,2047.09
3253,231,2023-07-02 16:20:56,completed,729.93
3254,485,2024-05-08 21:24:56,completed,868.52
3255,268,2024-06-07 23:16:57,completed,1144.68
3256,48,2024-09-22 22:51:38,completed,806.99
3257,141,2023-04-07 20:24:37,completed,534.82
3258,442,2024-10-09 16:57:08,processing,1148.97
3259,289,2023-06-20 00:42:03,completed,781.93
3260,177,2023-10-21 16:57:25,completed,12131.81
3261,46,2024-11-07 20:31:08,completed,1769.09
3262,56,2023-06-23 07:14:39,completed,131.51
3263,376,2023-03-05 17:27:40,completed,772.55
3264,138,2024-04-17 04:45:35,processing,524.99
3265,225,2024-02-08 14:25:06,completed,1988.49
3266,385,2023-01-12 03:44:45,completed,111.65
3267,457,2023-11-20 11:17:57,completed,10340.2
3268,329,2023-11-12 15:33:35,completed,556.74
3269,8,2023-01-16 17:42:06,completed,725.46
3270,186,2024-12-13 18:21:34,completed,864.52
3271,289,2024-05-09 20:29:56,completed,1145.56
3272,416,2024-08-21 23:25:36,completed,1142.16
3273,4,2023-01-18 22:36:51,completed,66.67
3274,297,2024-04-11 22:16:24,completed,10619.63
3275,25,2024-08-05 13:31:37,completed,2501.32
3276,259,2023-03-09 09:19:47,cancelled,6066.56
3277,192,2024-10-16 05:54:44,completed,2666.39
3278,33,2024-01-24 18:56:52,completed,347.03
3279,381,2023-01-24 10:05:35,completed,1489.34
3280,125,2024-05-17 10:48:52,completed,5708.73
3281,216,2023-04-25 06:49:10,completed,228.66
3282,431,2023-12-10 04:48:29,completed,463.36
3283,224,2024-01-25 12:57:37,completed,999.14
3284,357,2023-05-14 11:05:35,completed,6975.29
3285,123,2023-09-01 11:20:41,processing,670.09
3286,18,2024-04-14 16:00:28,completed,332.07
3287,478,2024-02-03 03:18:10,completed,2463.02
3288,280,2024-02-01 10:23:38,completed,660.84
3289,60,2024-01-08 07:13:49,completed,587.68
3290,333,2023-12-15 12:00:58,completed,3939.7
3291,251,2024-04-20 09:06:37,completed,6066.56
3292,464,2024-08-05 20:29:13,completed,2497.24
3293,111,2023-10-03 00:48:55,completed,5322.15
3294,64,2023-03-14 17:02:49,completed,7360.81
3295,91,2023-10-10 08:01:49,completed,2101.89
3296,129,2023-08-30 12:37:54,completed,1767.78
3297,1,2024-09-11 07:07:49,completed,4034.47
3298,22,2024-04-11 04:13:11,completed,352.39
3299,324,2024-01-26 21:42:08,completed,192.65
3300,422,2024-09-13 05:31:18,processing,999.14
3301,171,2024-10-18 03:08:18,processing,764.68
3302,451,2023-11-04 12:06:03,completed,2682.73
3303,64,2024-08-06 02:02:26,completed,241.15
3304,487,2024-07-24 14:57:17,processing,2152.58
3305,430,2023-03-16 00:51:40,cancelled,626.57
3306,127,2023-04-15 18:17:58,completed,2882.5
3307,143,2024-03-12 13:32:27,completed,11088.49
3308,80,2023-03-06 23:38:25,completed,1643.52
3309,365,2023-04-02 20:19:56,completed,5358.62
3310,492,2024-07-29 14:01:41,cancelled,2759.43
3311,184,2023-01-12 06:09:52,completed,2057.09
3312,297,2023-12-20 20:46:42,completed,2278.38
3313,349,2024-07-04 14:05:08,processing,1904.6
3314,9,2023-08-12 14:20:56,cancelled,704.93
3315,447,2024-05-10 17:21:14,completed,8143.37
3316,494,2023-08-08 02:44:04,processing,3739.32
3317,66,2024-04-07 16:56:10,completed,2983.1
3318,398,2024-11-12 07:22:21,completed,673.6
3319,185,2023-12-02 15:30:48,processing,1067.41
3320,359,2024-01-08 22:50:06,completed,234.31
3321,475,2024-03-09 13:54:51,shipped,698.83
3322,38,2023-10-18 16:00:50,completed,969.91
3323,446,2023-05-05 17:11:10,completed,361.76
3324,97,2024-02-22 09:19:19,completed,295.83
3325,96,2024-06-08 04:00:54,completed,6956.14
3326,401,2023-02-14 12:02:09,shipped,284.58
3327,134,2023-04-29 00:32:16,processing,864.52
3328,189,2024-12-23 17:56:15,shipped,804.32
3329,478,2023-12-14 18:50:31,completed,1417.36
3330,342,2024-09-13 05:39:40,completed,735.63
3331,148,2023-06-12 14:15:45,completed,1258.72
3332,419,2023-03-10 15:41:29,completed,649.12
3333,329,2023-10-20 11:24:00,completed,173.77
3334,82,2023-02-19 04:47:43,completed,10682.65
3335,96,2024-08-15 19:23:23,completed,928.89
3336,434,2024-03-24 12:12:46,completed,197.86
3337,416,2024-10-24 10:29:09,processing,5525.85
3338,324,2024-08-05 19:59:12,completed,5141.45
3339,188,2023-07-25 11:45:10,shipped,958.76
3340,149,2023-09-15 14:34:05,completed,563.32
3341,53,2024-08-13 17:57:51,completed,292.68
3342,164,2024-03-25 11:21:26,completed,1399.75
3343,315,2024-02-03 18:49:40,completed,131.51
3344,113,2023-10-06 07:22:04,completed,5612.31
3345,226,2024-06-14 21:43:03,completed,201.52
3346,3,2023-03-20 08:03:06,completed,7861.54
3347,107,2023-08-01 12:06:36,cancelled,10644.68
3348,334,2024-08-07 13:17:57,completed,10995.08
3349,81,2024-07-15 02:19:06,completed,182.48
3350,208,2023-10-17 14:47:32,completed,1495.52
3351,165,2024-05-28 05:27:35,completed,3431.1
3352,98,2023-10-13 21:21:02,completed,3676.53
3353,124,2023-05-19 23:48:37,completed,5057.62
3354,113,2023-12-15 19:29:31,completed,2598.29
3355,312,2024-08-24 10:17:03,completed,2486.93
3356,316,2024-10-24 00:55:33,completed,325.54
3357,125,2023-09-15 19:20:27,completed,2449.43
3358,271,2024-12-12 06:06:41,completed,679.28
3359,113,2024-11-26 14:07:59,processing,979.89
3360,349,2024-02-21 09:27:10,completed,2057.09
3361,82,2024-06-24 21:45:43,completed,417.18
3362,499,2023-11-17 14:18:21,processing,735.28
3363,154,2024-01-25 13:47:57,completed,601.58
3364,227,2023-01-05 16:21:53,completed,8954.09
3365,357,2023-07-25 03:01:39,completed,3096.05
3366,180,2023-05-18 03:37:14,completed,6010.55
3367,187,2024-05-13 21:47:04,completed,4597.04
3368,165,2023-08-06 04:26:24,completed,387.2
3369,475,2024-10-25 17:52:18,completed,7465.77
3370,207,2024-10-23 17:34:49,completed,1210.6
3371,46,2024-12-03 12:10:12,completed,2496.25
3372,162,2024-10-30 23:41:15,completed,10340.2
3373,62,2023-02-08 02:46:25,completed,325.54
3374,131,2024-01-14 15:01:40,completed,10523.08
3375,280,2024-12-19 15:10:57,completed,2059.06
3376,425,2023-09-05 15:38:14,completed,1559.42
3377,363,2024-04-05 05:10:04,processing,7116.08
3378,407,2023-04-11 22:11:51,completed,293.85
3379,100,2023-09-10 04:56:42,completed,249.37
3380,438,2023-10-09 13:26:40,completed,1415.57
3381,204,2023-10-24 12:21:12,processing,387.2
3382,160,2023-09-02 03:35:10,completed,703.99
3383,153,2024-04-17 01:55:41,completed,2028.56
3384,184,2023-11-18 00:15:14,completed,197.86
3385,354,2024-11-26 13:39:02,completed,6570.87
3386,70,2023-05-30 19:12:26,completed,14298.69
3387,411,2023-03-22 18:02:49,completed,3101.72
3388,259,2023-09-15 21:09:32,completed,3451.79
3389,154,2023-08-15 10:13:02,completed,1204.35
3390,182,2023-06-15 23:24:33,shipped,19914.24
3391,375,2023-02-11 19:16:32,completed,13824.36
3392,454,2024-04-23 10:55:58,completed,152.85
3393,423,2023-06-25 21:18:20,completed,21195.33
3394,4,2023-10-28 14:24:03,completed,396.98
3395,10,2024-08-21 00:49:40,completed,421.1
3396,494,2023-05-02 03:32:32,cancelled,1348.55
3397,48,2024-12-12 14:22:26,completed,2283.93
3398,58,2024-04-08 18:15:09,completed,131.51
3399,138,2024-03-12 19:32:19,completed,3032.41
3400,55,2024-05-26 20:18:12,completed,16930.78
3401,417,2024-08-02 17:32:58,completed,906.83
3402,372,2024-11-27 08:05:36,processing,1400.78
3403,179,2023-09-21 02:42:06,completed,1606.64
3404,243,2023-05-04 09:47:21,completed,970.17
3405,50,2023-05-02 17:00:01,completed,411.6
3406,377,2023-06-16 04:41:43,completed,594.64
3407,106,2024-08-31 22:14:46,completed,1044.1
3408,469,2024-06-14 09:52:23,completed,7150.22
3409,316,2024-08-12 09:05:16,completed,999.14
3410,340,2023-11-03 14:16:54,completed,10816.02
3411,337,2023-01-21 09:04:20,completed,525.55
3412,381,2024-05-31 00:36:04,processing,1787.27
3413,123,2023-12-03 07:56:12,completed,7696.41
3414,148,2023-09-16 10:18:49,completed,602.95
3415,478,2023-05-07 13:55:10,completed,8278.0
3416,20,2023-08-19 15:44:29,completed,602.41
3417,247,2023-04-06 14:15:19,shipped,6657.33
3418,281,2023-12-30 00:31:37,completed,579.6
3419,494,2023-08-21 18:26:29,completed,717.53
3420,277,2024-08-10 09:58:06,completed,1733.52
3421,40,2024-08-20 21:40:34,completed,864.52
3422,114,2024-02-07 08:20:16,completed,293.85
3423,51,2023-11-24 01:43:09,completed,905.49
3424,355,2024-02-11 06:09:30,completed,999.14
3425,239,2024-11-04 04:24:01,cancelled,1794.6
3426,290,2023-07-18 01:21:56,completed,61.32
3427,181,2024-12-09 07:59:21,shipped,12990.19
3428,26,2023-12-24 09:37:22,completed,10655.41
3429,460,2023-08-02 21:07:21,completed,175.91
3430,59,2024-10-25 02:05:33,cancelled,2324.66
3431,277,2024-03-17 19:00:39,completed,10663.96
3432,483,2024-04-20 00:01:08,processing,777.14
3433,416,2023-11-27 02:23:44,completed,8353.35
3434,60,2023-05-23 23:59:47,completed,12040.48
3435,289,2023-05-31 16:50:52,completed,747.43
3436,266,2023-04-01 21:24:06,completed,926.95
3437,403,2023-03-27 11:48:23,completed,1242.98
3438,377,2024-11-13 17:12:41,completed,1393.21
3439,181,2024-03-25 01:50:28,completed,1742.75
3440,290,2024-12-10 18:15:56,completed,131.66
3441,172,2024-01-29 04:51:01,completed,126.51
3442,245,2024-01-24 22:50:19,completed,1443.95
3443,77,2024-02-04 03:58:30,completed,207.71
3444,117,2024-09-22 12:13:06,completed,11102.0
3445,217,2023-08-08 14:44:12,completed,1071.64
3446,488,2023-05-05 06:30:12,completed,11268.55
3447,132,2024-05-10 01:30:23,completed,18044.83
3448,228,2023-10-03 08:18:46,processing,1374.12
3449,54,2023-10-09 08:29:08,completed,804.42
3450,454,2023-07-20 20:46:30,completed,5708.73
3451,443,2023-07-10 10:04:18,completed,7630.75
3452,163,2024-08-17 03:53:11,completed,7539.6
3453,321,2023-03-15 20:47:34,processing,436.2
3454,238,2023-07-18 04:46:23,completed,5902.66
3455,80,2023-11-25 04:36:56,completed,233.74
3456,499,2024-07-29 10:51:46,completed,1008.54
3457,284,2024-11-20 22:41:33,completed,419.42
3458,207,2023-08-24 10:01:41,completed,586.97
3459,390,2024-07-14 12:01:42,completed,11131.02
3460,500,2024-11-25 20:18:59,processing,4123.38
3461,447,2023-03-10 15:34:37,completed,855.46
3462,33,2024-05-13 09:27:52,completed,1217.8
3463,69,2024-05-24 15:23:14,processing,6667.29
3464,150,2024-09-01 18:10:05,completed,4600.77
3465,109,2023-10-02 07:41:19,completed,6856.93
3466,456,2024-01-24 21:19:11,completed,298.62
3467,22,2024-11-27 09:34:53,completed,968.6
3468,166,2024-05-12 22:22:01,completed,10678.32
3469,317,2024-05-13 19:07:20,completed,143.75
3470,339,2024-05-19 09:17:32,shipped,2602.28
3471,357,2024-05-11 05:12:49,completed,10523.08
3472,346,2023-07-14 10:38:10,completed,1506.26
3473,1,2024-02-06 14:37:58,completed,670.45
3474,196,2024-10-14 02:18:41,completed,420.28
3475,241,2023-04-13 10:45:34,completed,538.2
3476,391,2024-09-23 21:28:48,completed,688.21
3477,64,2023-01-31 02:03:50,completed,983.39
3478,1,2024-07-14 05:29:52,processing,388.51
3479,216,2024-04-01 12:53:41,completed,10854.24
3480,484,2024-02-24 16:47:35,completed,404.15
3481,418,2023-09-05 23:24:53,completed,4932.94
3482,160,2023-07-15 16:56:44,completed,1609.28
3483,364,2023-06-05 00:14:33,completed,11163.78
3484,288,2023-12-06 00:52:05,completed,1789.96
3485,212,2024-05-14 06:38:49,cancelled,1299.72
3486,221,2024-02-21 01:14:21,completed,360.52
3487,496,2024-09-11 08:33:35,shipped,5158.19
3488,151,2023-02-18 00:36:25,processing,404.5
3489,191,2024-09-23 09:27:59,completed,7539.13
3490,90,2024-04-13 19:10:01,completed,1580.3
3491,466,2024-11-08 07:49:01,completed,594.57
3492,413,2024-07-29 06:21:02,completed,4869.43
3493,364,2024-06-18 14:10:40,completed,2196.59
3494,214,2023-02-17 03:31:38,shipped,193.57
3495,457,2024-05-24 06:24:32,completed,2705.94
3496,119,2023-03-21 03:58:49,completed,2729.0
3497,392,2023-04-26 00:16:07,completed,402.13
3498,262,2023-06-23 14:09:35,completed,566.8
3499,47,2023-11-03 08:38:20,completed,823.7
3500,433,2023-09-10 14:06:08,completed,1785.26
3501,409,2024-10-30 05:07:23,completed,1927.99
3502,486,2023-02-15 09:38:20,completed,11035.34
3503,481,2023-05-25 09:41:12,completed,118.65
3504,292,2023-01-15 13:00:05,processing,2953.99
3505,81,2023-04-13 19:24:24,completed,10771.69
3506,481,2024-04-19 13:12:36,completed,772.12
3507,253,2023-08-20 03:21:58,completed,7104.78
3508,405,2023-09-13 16:19:59,completed,3452.38
3509,386,2023-10-15 08:09:12,completed,2063.12
3510,468,2023-03-07 06:43:23,completed,1428.91
3511,290,2023-02-05 01:50:34,completed,132.13
3512,251,2024-07-25 12:28:57,completed,771.95
3513,429,2024-08-16 13:04:34,processing,72.49
3514,328,2023-06-17 18:03:40,completed,7334.5
3515,73,2023-02-23 17:38:02,processing,1385.46
3516,134,2023-10-01 08:41:13,completed,12559.44
3517,438,2023-03-18 18:23:44,completed,2703.13
3518,266,2023-01-29 19:44:38,completed,730.04
3519,269,2023-04-09 13:37:55,completed,1205.89
3520,488,2024-05-27 16:11:17,shipped,2216.79
3521,297,2023-10-28 08:03:55,completed,896.34
3522,360,2023-05-01 16:33:45,completed,2608.02
3523,438,2023-05-06 17:39:58,completed,1969.06
3524,450,2024-03-08 01:10:43,processing,449.77
3525,139,2023-09-05 20:40:24,cancelled,246.79
3526,171,2024-06-30 08:19:52,completed,41.52
3527,181,2024-07-15 02:56:03,completed,4890.79
3528,315,2023-04-03 22:53:07,completed,4411.76
3529,315,2023-01-17 21:48:45,completed,12291.64
3530,194,2024-04-23 05:07:39,processing,2784.51
3531,28,2023-11-26 02:29:23,shipped,13203.21
3532,118,2024-12-07 03:29:43,completed,2191.2
3533,137,2024-02-19 17:58:11,completed,1851.23
3534,239,2024-05-12 16:27:45,processing,3199.8
3535,316,2023-03-13 00:42:54,completed,6352.93
3536,284,2024-11-08 11:31:31,processing,9658.56
3537,333,2024-09-25 15:15:51,completed,2249.21
3538,415,2023-07-21 16:39:41,processing,162.66
3539,219,2023-09-11 19:01:13,completed,717.54
3540,452,2024-08-27 15:52:19,processing,536.57
3541,480,2024-06-11 01:27:29,processing,11087.22
3542,30,2023-09-13 09:24:03,completed,2155.42
3543,17,2024-04-25 04:17:56,completed,10401.44
3544,275,2024-03-19 21:07:01,completed,2630.81
3545,6,2024-03-14 14:12:41,completed,1742.95
3546,32,2023-07-29 19:17:03,completed,278.2
3547,460,2023-07-07 21:01:32,completed,1681.29
3548,79,2023-07-22 16:53:24,completed,1994.11
3549,174,2023-07-02 05:46:46,completed,5489.61
3550,205,2024-02-24 06:38:46,completed,20611.16
3551,48,2024-11-30 22:30:42,shipped,1325.07
3552,375,2024-02-03 07:06:30,completed,2088.19
3553,28,2024-06-29 20:13:44,completed,2293.96
3554,105,2023-09-14 16:44:09,completed,566.8
3555,12,2024-12-02 00:34:36,completed,248.61
3556,95,2024-03-17 06:19:38,completed,684.14
3557,106,2024-12-08 22:40:44,processing,1096.02
3558,433,2024-03-04 02:01:56,completed,269.1
3559,255,2024-03-01 20:50:10,completed,2903.35
3560,143,2023-01-20 02:25:26,cancelled,2546.26
3561,374,2024-05-09 20:19:17,completed,554.22
3562,101,2023-02-08 00:50:34,completed,5393.0
3563,233,2024-09-25 13:52:22,cancelled,1847.48
3564,395,2024-05-10 18:30:37,completed,224.49
3565,245,2023-04-06 01:48:29,completed,582.97
3566,443,2023-04-27 11:54:19,completed,6753.75
3567,440,2024-08-11 19:29:02,completed,615.39
3568,481,2024-06-20 09:45:07,completed,999.14
3569,126,2024-07-09 08:25:46,completed,742.72
3570,472,2023-01-04 05:41:15,completed,2075.88
3571,71,2023-07-17 03:29:02,shipped,11271.43
3572,8,2023-10-27 21:18:59,completed,1608.42
3573,382,2023-02-07 17:39:37,completed,418.81
3574,344,2024-08-21 06:24:51,completed,356.28
3575,179,2024-03-28 12:47:56,shipped,886.97
3576,137,2023-09-10 07:01:15,completed,3836.88
3577,279,2024-12-05 00:29:00,completed,883.85
3578,121,2024-03-31 08:57:09,completed,4985.06
3579,158,2024-02-04 05:58:23,cancelled,1484.3
3580,250,2023-05-19 13:13:42,completed,1789.96
3581,365,2024-03-20 19:28:51,completed,482.06
3582,52,2023-04-10 09:24:39,completed,562.06
3583,314,2023-11-19 16:59:52,shipped,1269.55
3584,239,2024-08-07 17:31:12,completed,764.68
3585,101,2023-08-08 21:39:58,completed,304.48
3586,476,2023-06-07 20:31:14,shipped,193.57
3587,139,2023-08-10 16:11:17,processing,1269.55
3588,267,2023-03-04 00:43:12,completed,16515.49
3589,251,2023-11-23 01:04:37,completed,10116.2
3590,315,2024-06-30 14:05:59,completed,1939.62
3591,187,2023-01-02 00:12:11,completed,3183.21
3592,426,2024-10-01 05:35:08,completed,1261.9
3593,160,2024-11-11 11:08:43,completed,414.37
3594,375,2023-05-27 13:11:26,completed,3350.33
3595,176,2023-03-18 05:00:46,shipped,5612.31
3596,117,2023-09-05 05:00:15,completed,465.68
3597,322,2024-07-01 15:15:40,completed,2816.49
3598,54,2023-01-05 06:33:19,completed,1304.43
3599,440,2023-11-23 20:42:55,completed,790.82
3600,246,2024-03-09 01:19:27,processing,352.39
3601,108,2024-05-17 03:40:28,completed,374.1
3602,478,2024-11-26 11:59:53,completed,1988.99
3603,42,2024-12-12 23:49:20,completed,6657.33
3604,41,2024-07-24 23:50:34,completed,1664.01
3605,399,2023-11-18 03:15:03,completed,2923.82
3606,101,2024-08-18 03:02:40,completed,916.2
3607,450,2024-08-15 14:41:35,completed,7957.94
3608,260,2024-04-13 17:04:16,shipped,108.37
3609,77,2024-03-12 05:45:48,completed,387.2
3610,42,2023-11-10 11:37:34,completed,193.57
3611,189,2023-12-23 21:32:00,completed,250.27
3612,126,2024-05-28 02:25:53,completed,1012.59
3613,349,2024-10-15 05:43:38,completed,10705.96
3614,85,2023-07-15 00:50:24,completed,6961.81
3615,449,2023-06-07 04:12:45,completed,1111.48
3616,199,2024-07-29 08:12:32,completed,1061.17
3617,228,2024-06-03 11:18:33,completed,325.54
3618,65,2024-08-04 11:54:36,completed,1806.88
3619,61,2024-04-21 20:38:44,completed,5149.57
3620,348,2024-12-13 14:12:14,processing,7904.33
3621,23,2023-07-12 00:31:20,completed,6356.53
3622,350,2024-07-03 10:32:36,completed,1643.52
3623,450,2024-01-14 10:28:21,completed,3786.85
3624,457,2023-07-09 08:13:04,cancelled,2167.58
3625,82,2023-12-23 13:29:49,completed,578.05
3626,342,2024-09-27 00:38:36,shipped,44.98
3627,283,2024-09-09 03:33:12,completed,1562.14
3628,454,2024-01-20 13:45:36,completed,1562.14
3629,448,2024-10-20 04:50:19,completed,435.12
3630,260,2023-10-15 02:50:03,shipped,1164.36
3631,113,2024-02-17 02:10:33,completed,1385.71
3632,58,2023-09-16 18:20:19,completed,1549.23
3633,141,2023-04-15 07:29:01,completed,954.52
3634,82,2023-10-16 17:29:46,completed,6086.19
3635,295,2023-04-10 17:49:17,completed,1344.13
3636,374,2023-09-14 19:18:48,completed,4236.66
3637,304,2024-06-18 09:43:53,completed,549.69
3638,162,2024-11-20 18:38:14,processing,11626.77
3639,213,2023-12-15 12:15:31,completed,131.19
3640,7,2024-08-21 14:16:23,completed,12199.92
3641,296,2024-02-03 00:40:51,completed,110.25
3642,402,2024-06-05 02:35:48,completed,3002.16
3643,158,2024-12-05 16:49:04,processing,547.5
3644,222,2024-12-07 17:00:49,completed,352.39
3645,378,2024-10-06 20:52:02,completed,453.66
3646,473,2024-11-01 00:57:07,shipped,638.99
3647,179,2023-11-20 14:29:00,completed,4875.93
3648,302,2024-03-15 19:32:26,completed,897.79
3649,440,2023-07-25 09:34:45,shipped,1895.6
3650,26,2024-11-25 18:15:04,cancelled,244.37
3651,225,2023-12-13 13:14:41,completed,1755.26
3652,48,2024-11-01 01:23:13,completed,6665.43
3653,153,2024-10-19 13:29:09,processing,1094.94
3654,270,2024-08-26 00:57:13,completed,3400.38
3655,253,2023-03-28 11:47:57,completed,6855.98
3656,415,2023-08-13 10:17:06,completed,2168.03
3657,12,2024-07-13 12:05:25,completed,1976.99
3658,245,2023-05-10 00:27:21,completed,487.08
3659,19,2024-04-17 20:26:41,completed,1440.46
3660,322,2023-11-15 14:43:13,completed,1521.23
3661,309,2023-02-26 08:58:51,processing,834.13
3662,47,2024-12-02 08:53:04,shipped,652.63
3663,268,2023-03-28 15:43:11,completed,219.52
3664,246,2023-01-27 07:36:37,completed,1233.09
3665,389,2023-01-14 21:49:31,completed,1401.93
3666,492,2024-05-16 21:00:03,completed,885.77
3667,17,2024-04-15 07:45:45,cancelled,11939.08
3668,68,2024-10-28 04:52:55,completed,2349.78
3669,129,2023-09-22 17:13:50,completed,1757.59
3670,305,2023-12-27 06:32:53,shipped,6932.55
3671,104,2024-06-26 15:24:46,completed,1054.03
3672,93,2024-10-18 06:54:25,cancelled,658.67
3673,180,2023-07-21 04:59:18,completed,390.8
3674,395,2024-09-12 09:37:38,shipped,564.4
3675,175,2024-04-26 23:58:33,completed,1562.47
3676,346,2024-03-27 03:19:43,completed,16101.71
3677,108,2023-08-18 04:56:53,completed,7545.99
3678,10,2024-05-10 19:39:38,completed,490.35
3679,286,2023-02-12 00:10:41,completed,46.18
3680,461,2024-08-18 17:52:52,completed,2743.7
3681,344,2023-12-14 08:25:59,completed,18644.45
3682,124,2024-04-24 03:43:02,completed,1140.87
3683,119,2024-08-21 04:25:38,cancelled,5774.46
3684,479,2023-05-03 07:01:19,completed,3911.31
3685,189,2024-02-07 15:00:27,completed,583.67
3686,104,2023-11-16 06:19:54,completed,243.55
3687,360,2024-05-21 21:27:56,completed,2008.75
3688,229,2023-03-28 21:26:19,cancelled,5278.12
3689,197,2023-07-30 14:59:20,completed,1924.44
3690,268,2024-03-30 11:10:36,processing,531.71
3691,293,2023-08-22 16:57:42,completed,11483.46
3692,170,2024-12-29 23:39:41,completed,2287.4
3693,332,2023-02-16 04:37:00,completed,452.77
3694,136,2023-03-28 17:09:49,completed,762.03
3695,271,2024-02-01 19:37:03,completed,1942.14
3696,490,2023-12-01 05:56:32,completed,413.72
3697,179,2024-08-15 03:49:33,processing,3495.59
3698,222,2023-03-23 10:55:32,completed,5429.43
3699,477,2023-06-24 15:10:58,completed,3273.44
3700,433,2023-01-28 09:09:03,cancelled,722.05
3701,346,2024-12-17 20:32:55,completed,1357.61
3702,281,2023-03-30 22:06:47,completed,1076.29
3703,487,2023-06-09 14:16:20,completed,1059.92
3704,410,2023-08-14 14:01:10,completed,7969.84
3705,420,2023-11-20 08:24:17,processing,330.46
3706,89,2023-06-25 14:00:53,completed,4428.72
3707,415,2023-08-20 06:01:41,completed,1445.84
3708,334,2024-05-02 21:06:35,processing,3246.53
3709,392,2023-03-28 11:23:00,completed,3002.16
3710,197,2023-07-17 01:41:59,completed,457.64
3711,472,2023-07-07 04:04:02,completed,2566.46
3712,252,2023-04-20 05:03:45,completed,5733.52
3713,46,2023-07-06 05:31:35,completed,10211.66
3714,446,2023-02-24 01:51:00,completed,418.81
3715,135,2024-06-26 18:54:23,processing,621.54
3716,128,2024-02-03 08:54:11,completed,787.41
3717,167,2023-08-23 03:57:38,completed,786.76
3718,300,2023-06-26 04:37:20,completed,1344.97
3719,162,2023-10-20 04:38:35,completed,1780.62
3720,18,2023-09-17 17:15:29,completed,5666.77
3721,383,2023-10-04 22:37:19,completed,5895.11
3722,462,2024-09-01 14:58:15,completed,107.47
3723,48,2024-12-14 21:48:38,completed,11002.68
3724,446,2023-04-10 09:27:14,completed,1553.1
3725,247,2024-01-01 20:58:18,completed,1777.35
3726,170,2023-11-10 03:20:46,completed,329.38
3727,353,2024-01-27 14:33:47,completed,301.4
3728,248,2024-10-25 22:19:51,completed,2326.37
3729,346,2024-03-24 13:36:24,processing,364.96
3730,487,2023-07-02 19:53:39,completed,293.85
3731,330,2024-11-28 15:36:08,completed,465.68
3732,332,2024-10-24 04:58:21,shipped,6575.02
3733,66,2024-06-30 16:59:50,shipped,804.02
3734,161,2024-11-30 14:46:15,completed,728.68
3735,498,2024-01-27 11:33:44,completed,1268.24
3736,184,2023-07-25 22:21:15,completed,2892.22
3737,39,2023-07-03 04:50:23,completed,6826.91
3738,5,2023-02-20 20:06:39,completed,41.52
3739,98,2024-11-01 11:18:06,completed,449.77
3740,194,2024-01-04 01:01:13,completed,409.76
3741,282,2024-02-11 20:05:25,completed,4614.2
3742,149,2024-06-08 03:18:55,cancelled,557.39
3743,285,2024-11-11 13:06:51,processing,1263.24
3744,495,2023-06-04 08:08:16,completed,304.48
3745,4,2024-10-15 10:37:27,completed,1013.18
3746,5,2023-05-19 10:45:08,completed,20820.21
3747,388,2023-08-14 05:20:03,completed,264.26
3748,371,2023-07-06 03:12:04,processing,7197.99
3749,389,2024-12-09 15:44:53,completed,2203.71
3750,172,2024-12-05 08:53:13,completed,6554.92
3751,463,2023-03-17 03:00:09,shipped,723.5
3752,270,2024-12-21 21:21:27,completed,1628.81
3753,129,2024-02-05 19:02:00,completed,3786.85
3754,128,2023-04-23 12:20:21,completed,564.14
3755,142,2024-08-01 12:12:41,completed,46.18
3756,403,2024-04-02 01:49:16,completed,6880.26
3757,412,2023-02-18 07:25:49,completed,12304.43
3758,186,2023-09-22 00:02:22,completed,385.11
3759,42,2024-05-12 18:47:54,completed,5300.2
3760,153,2024-03-07 13:52:34,completed,7366.01
3761,9,2023-02-01 06:34:19,completed,1714.41
3762,303,2023-12-03 05:26:56,completed,224.49
3763,347,2024-02-29 00:28:24,processing,10925.43
3764,474,2023-01-28 04:48:09,shipped,6840.21
3765,53,2024-03-27 20:05:43,completed,293.85
3766,445,2023-06-22 18:16:57,completed,2177.48
3767,21,2023-10-16 03:22:22,completed,2208.77
3768,258,2024-02-16 18:00:59,completed,498.76
3769,233,2023-04-30 05:36:58,shipped,182.48
3770,54,2024-01-12 07:21:46,completed,336.99
3771,148,2024-02-03 12:16:23,completed,327.69
3772,237,2023-11-04 20:57:24,completed,2072.88
3773,100,2024-08-05 23:18:55,completed,680.77
3774,20,2024-09-04 09:42:41,completed,3619.23
3775,105,2024-08-16 02:54:40,completed,1879.36
3776,179,2023-11-01 08:10:56,completed,6936.63
3777,160,2024-11-06 15:35:21,completed,979.49
3778,60,2024-05-19 20:45:19,completed,175.91
3779,347,2023-08-06 15:50:09,completed,483.51
3780,462,2024-08-21 11:43:06,completed,2362.26
3781,377,2024-07-24 23:25:47,completed,919.46
3782,273,2023-03-31 01:51:22,completed,1797.34
3783,151,2023-03-25 15:25:30,completed,578.97
3784,160,2023-03-01 01:28:37,completed,7399.16
3785,201,2023-02-06 06:35:41,completed,544.12
3786,455,2024-03-02 16:13:02,completed,638.86
3787,214,2024-09-04 10:57:47,completed,1059.92
3788,355,2024-01-06 22:01:35,completed,1380.07
3789,487,2023-08-08 01:40:37,shipped,126.51
3790,500,2023-03-06 07:37:30,completed,973.11
3791,277,2024-12-15 09:27:27,completed,696.77
3792,286,2023-02-19 14:56:31,completed,137.26
3793,107,2024-12-21 23:24:04,completed,411.6
3794,371,2024-10-14 09:17:37,completed,10340.2
3795,399,2023-09-13 17:13:19,completed,1469.03
3796,158,2023-05-04 01:33:40,completed,8270.35
3797,461,2023-04-06 06:30:00,completed,521.01
3798,433,2024-10-08 02:49:26,processing,46.18
3799,133,2024-05-10 00:28:31,processing,2562.61
3800,404,2023-07-02 00:03:35,completed,7256.38
3801,69,2024-07-20 03:07:48,cancelled,752.73
3802,380,2024-12-14 18:19:12,completed,1360.74
3803,469,2024-02-01 12:42:14,completed,14037.53
3804,361,2024-11-03 04:49:35,cancelled,544.92
3805,351,2023-01-21 05:01:15,processing,1268.67
3806,170,2024-04-27 02:37:46,shipped,1230.94
3807,411,2024-10-12 14:17:59,completed,6836.34
3808,487,2023-05-07 09:29:17,completed,1529.07
3809,186,2023-09-12 12:34:53,completed,1230.94
3810,220,2024-02-08 20:58:43,completed,764.68
3811,193,2023-04-27 06:34:05,completed,756.08
3812,93,2023-12-07 20:22:37,completed,1777.35
3813,5,2023-03-19 04:26:10,completed,453.66
3814,116,2023-11-04 07:30:01,shipped,529.46
3815,78,2023-01-06 14:47:25,completed,224.93
3816,106,2023-09-03 06:15:01,completed,584.91
3817,128,2023-01-29 21:14:57,processing,418.81
3818,462,2023-03-04 09:42:30,completed,607.12
3819,255,2024-11-30 17:45:23,completed,10523.08
3820,413,2024-07-22 14:40:53,completed,6557.56
3821,329,2024-01-26 19:00:25,completed,8076.97
3822,44,2023-09-27 20:31:26,processing,584.83
3823,223,2024-10-14 04:55:40,completed,6470.46
3824,35,2024-12-26 01:39:34,completed,1312.9
3825,295,2023-01-21 05:28:40,completed,979.89
3826,248,2023-06-25 02:43:51,shipped,279.58
3827,425,2024-03-04 18:00:07,completed,490.35
3828,41,2023-11-07 17:00:27,processing,1208.05
3829,427,2024-04-01 05:19:10,completed,3088.45
3830,1,2024-04-26 21:32:13,completed,3544.65
3831,427,2024-03-17 14:47:51,completed,241.15
3832,172,2024-12-14 02:20:50,processing,274.52
3833,138,2024-07-28 16:57:43,completed,237.38
3834,257,2023-04-18 00:18:33,completed,593.31
3835,43,2024-10-15 21:37:37,completed,864.52
3836,447,2024-04-02 13:32:15,processing,104.4
3837,100,2023-04-08 13:47:35,completed,441.72
3838,251,2024-12-28 20:57:39,completed,7361.18
3839,181,2024-12-03 16:28:31,completed,387.2
3840,195,2023-12-07 23:30:36,completed,6639.01
3841,93,2023-10-16 13:46:51,cancelled,6239.51
3842,288,2024-06-19 07:57:12,completed,192.65
3843,478,2024-05-09 18:58:15,completed,1148.83
3844,70,2023-04-07 04:29:54,completed,2060.22
3845,249,2024-09-10 00:20:09,processing,2736.05
3846,189,2024-07-15 21:55:42,completed,621.54
3847,41,2023-09-22 05:50:03,completed,4965.28
3848,445,2023-11-06 15:22:27,completed,10340.2
3849,493,2023-12-21 10:54:58,completed,414.37
3850,93,2024-07-07 04:46:31,completed,10237.21
3851,44,2023-07-13 09:27:14,completed,5303.8
3852,303,2023-11-20 07:20:28,shipped,131.66
3853,456,2024-04-23 23:18:27,completed,5525.85
3854,292,2024-05-23 05:43:09,completed,6530.41
3855,113,2024-08-04 17:28:47,completed,2072.05
3856,388,2024-04-23 05:44:52,completed,1225.0
3857,56,2024-06-28 18:46:14,shipped,3283.83
3858,46,2023-02-03 18:33:11,completed,1328.46
3859,245,2023-09-17 13:49:03,completed,2651.9
3860,204,2023-01-16 12:57:55,completed,1063.1
3861,387,2023-07-12 19:43:23,completed,4667.96
3862,147,2024-09-15 04:21:05,cancelled,3786.85
3863,339,2023-07-18 12:38:34,completed,751.49
3864,230,2023-02-06 01:40:00,completed,2090.04
3865,216,2024-10-04 18:53:47,completed,6982.47
3866,443,2023-08-03 21:19:16,processing,1659.03
3867,144,2023-06-02 08:22:52,completed,279.43
3868,269,2023-11-20 02:58:07,cancelled,66.67
3869,102,2023-02-06 21:48:22,completed,2618.23
3870,428,2024-01-24 09:45:50,completed,210.16
3871,31,2024-02-17 07:36:08,completed,6361.44
3872,156,2024-10-25 16:51:11,completed,7222.69
3873,267,2023-05-20 07:34:31,completed,2741.89
3874,90,2024-12-30 21:28:52,processing,1385.46
3875,316,2024-08-27 05:54:33,completed,378.07
3876,116,2024-09-28 08:51:11,completed,1154.98
3877,358,2023-07-04 10:01:18,completed,185.24
3878,383,2024-11-07 04:57:46,completed,1084.5
3879,234,2024-08-17 13:48:33,completed,185.24
3880,146,2024-08-24 16:57:58,completed,1109.87
3881,181,2023-05-13 16:31:11,completed,1413.33
3882,456,2023-10-20 06:27:28,completed,73.96
3883,472,2023-04-06 05:22:38,completed,2025.69
3884,79,2023-03-22 00:30:41,completed,6570.87
3885,229,2024-01-23 07:26:02,completed,4420.75
3886,69,2024-12-04 14:31:20,completed,2123.79
3887,229,2024-07-16 06:37:11,processing,243.55
3888,348,2023-09-12 06:54:46,completed,1888.54
3889,136,2023-07-03 23:36:18,shipped,8686.13
3890,125,2024-12-09 10:28:02,completed,3786.85
3891,327,2024-01-04 17:00:20,completed,91.59
3892,461,2023-07-04 18:51:31,completed,3279.8
3893,77,2024-01-02 20:11:06,processing,4513.99
3894,388,2024-04-10 03:09:21,cancelled,1096.02
3895,479,2023-05-05 10:33:01,completed,884.49
3896,317,2023-01-18 01:55:13,processing,136.01
3897,490,2024-08-05 18:09:58,completed,478.69
3898,103,2023-10-17 11:33:44,completed,16511.68
3899,370,2024-11-30 20:17:21,completed,868.52
3900,374,2023-11-02 00:13:21,completed,281.01
3901,470,2023-08-19 01:03:56,cancelled,118.65
3902,177,2023-03-04 04:42:13,completed,347.03
3903,15,2024-08-25 20:52:14,completed,1081.84
3904,383,2023-07-18 19:48:53,completed,8198.46
3905,27,2024-12-27 00:02:37,completed,1084.16
3906,110,2024-10-30 10:34:07,completed,784.12
3907,488,2023-03-28 06:57:01,completed,3428.95
3908,17,2023-01-19 19:09:03,processing,411.6
3909,234,2024-11-14 03:34:56,processing,411.6
3910,75,2024-11-25 23:06:44,shipped,473.62
3911,266,2024-12-13 18:16:48,shipped,1230.94
3912,206,2023-10-08 19:47:50,cancelled,248.61
3913,36,2023-03-05 21:35:07,completed,2064.62
3914,122,2023-04-13 16:00:13,completed,1012.86
3915,254,2024-12-09 18:40:17,completed,2031.62
3916,347,2024-12-25 23:22:56,processing,673.6
3917,51,2023-12-01 05:04:43,completed,4140.83
3918,10,2023-06-26 02:41:50,completed,7702.35
3919,81,2024-05-13 16:38:19,completed,1806.01
3920,81,2023-04-28 15:53:04,completed,8011.33
3921,291,2023-12-07 02:22:58,completed,3430.78
3922,219,2024-08-28 06:34:58,completed,73.96
3923,249,2023-12-24 22:50:10,shipped,3660.91
3924,358,2023-04-30 23:38:54,completed,636.14
3925,457,2023-10-31 00:53:48,completed,3803.84
3926,216,2023-05-03 08:40:35,completed,1440.46
3927,234,2023-04-07 14:12:28,completed,465.68
3928,2,2023-03-10 02:07:47,completed,885.77
3929,46,2024-09-27 23:58:26,completed,685.51
3930,110,2024-09-03 03:06:23,completed,278.2
3931,62,2024-06-01 07:50:55,shipped,655.51
3932,125,2024-06-22 18:20:52,completed,398.34
3933,83,2023-06-07 05:43:47,completed,241.26
3934,11,2024-10-30 22:15:07,completed,2176.28
3935,395,2024-03-12 03:58:24,completed,7129.88
3936,213,2023-06-25 03:24:27,completed,10918.93
3937,376,2023-01-18 19:46:49,completed,1139.58
3938,380,2023-05-22 07:45:07,completed,5612.31
3939,31,2023-05-09 01:58:38,completed,4658.89
3940,109,2024-12-12 16:24:43,completed,2406.83
3941,283,2024-05-09 16:59:14,completed,1581.11
3942,359,2024-12-04 21:42:14,completed,9867.89
3943,260,2024-11-25 03:58:29,completed,11907.79
3944,283,2023-10-06 00:35:29,completed,7039.81
3945,331,2023-07-23 02:52:38,processing,1307.77
3946,438,2024-01-01 06:12:36,completed,209.71
3947,459,2024-08-31 21:50:19,completed,5275.12
3948,126,2023-04-11 23:59:13,completed,10340.2
3949,339,2023-07-19 06:00:36,completed,10340.2
3950,193,2024-03-12 08:11:12,completed,1603.19
3951,27,2024-02-20 09:33:41,completed,1044.46
3952,244,2024-06-26 09:46:06,completed,996.58
3953,341,2024-11-03 22:09:01,completed,783.47
3954,338,2023-11-13 04:55:50,completed,528.16
3955,231,2023-02-03 10:44:33,completed,10523.08
3956,341,2023-08-28 04:54:42,completed,10934.68
3957,216,2023-07-01 08:46:49,completed,9043.29
3958,94,2024-09-08 05:47:51,completed,6763.87
3959,414,2023-10-01 09:31:45,completed,182.43
3960,28,2024-02-23 15:52:25,cancelled,11721.68
3961,188,2024-04-09 09:51:26,completed,1458.32
3962,460,2023-11-15 02:32:21,completed,1705.57
3963,81,2023-02-22 22:46:52,completed,309.62
3964,375,2024-02-18 09:15:53,processing,886.97
3965,90,2024-02-13 01:22:12,completed,336.99
3966,157,2024-10-14 14:36:35,completed,2263.05
3967,224,2024-06-12 10:07:02,completed,1237.9
3968,359,2023-12-23 17:18:39,processing,6753.75
3969,159,2023-01-23 03:38:07,completed,2672.95
3970,187,2023-07-26 22:16:15,completed,617.48
3971,179,2023-01-14 03:17:40,completed,525.55
3972,189,2023-08-02 17:56:22,shipped,46.18
3973,127,2024-06-26 13:54:17,completed,444.76
3974,406,2024-08-22 22:03:31,completed,1425.4
3975,316,2023-05-30 08:24:38,completed,5776.46
3976,134,2023-04-27 03:21:31,processing,5807.5
3977,457,2024-07-01 08:39:25,completed,1992.33
3978,157,2024-04-13 06:45:02,completed,96.42
3979,374,2024-12-25 10:30:19,completed,2097.96
3980,140,2024-11-23 15:07:59,cancelled,269.1
3981,451,2024-01-11 07:42:12,completed,339.44
3982,204,2023-03-26 23:03:20,completed,6653.82
3983,64,2024-02-23 11:53:08,completed,741.75
3984,147,2024-02-11 07:24:50,completed,3965.32
3985,352,2024-06-18 15:30:41,completed,631.97
3986,115,2023-10-12 18:39:56,completed,471.04
3987,469,2024-12-04 18:30:18,completed,394.36
3988,345,2023-05-06 22:49:31,completed,11739.38
3989,93,2024-03-26 09:33:54,processing,1464.42
3990,134,2024-12-21 07:46:36,cancelled,1474.33
3991,336,2023-05-29 14:01:34,processing,2253.33
3992,279,2023-05-06 20:57:49,completed,247.85
3993,296,2023-12-02 18:01:37,completed,1711.0
3994,189,2023-01-29 10:03:53,completed,999.14
3995,216,2023-11-11 12:21:28,completed,2862.43
3996,113,2024-10-16 12:52:27,processing,7139.39
3997,41,2024-08-15 08:27:17,completed,8332.92
3998,362,2023-07-19 17:04:54,completed,2099.72
3999,285,2024-11-06 05:11:23,completed,915.68
4000,311,2024-05-30 08:58:20,completed,2449.92
4001,118,2023-08-31 10:01:24,completed,3413.45
4002,101,2023-07-28 02:56:08,cancelled,1233.09
4003,215,2023-12-05 08:08:36,cancelled,498.57
4004,354,2024-03-29 09:02:07,completed,7369.39
4005,243,2023-07-07 00:24:28,completed,1233.09
4006,14,2024-08-21 02:51:34,completed,325.99
4007,286,2024-07-05 13:31:39,completed,17093.17
4008,57,2024-08-16 19:23:00,completed,754.4
4009,82,2023-07-25 07:08:28,shipped,4302.15
4010,366,2023-05-19 03:18:13,completed,621.54
4011,295,2023-10-25 11:31:45,cancelled,1043.64
4012,396,2024-06-09 06:13:29,completed,162.27
4013,426,2023-12-21 05:08:51,processing,2484.99
4014,44,2024-10-21 04:07:34,completed,498.57
4015,65,2023-03-31 05:46:20,completed,9932.86
4016,171,2023-06-15 01:53:38,completed,902.49
4017,367,2024-09-21 17:34:15,completed,8518.98
4018,100,2024-02-18 04:47:46,completed,11917.12
4019,213,2023-04-16 16:43:49,completed,870.95
4020,168,2023-03-29 13:25:55,processing,247.85
4021,374,2024-08-14 20:55:45,completed,1256.73
4022,123,2023-11-22 07:29:55,processing,279.43
4023,210,2024-09-07 03:46:14,completed,1975.2
4024,41,2023-08-06 20:46:56,completed,1606.04
4025,117,2024-12-09 18:52:39,completed,202.76
4026,13,2023-10-24 20:35:29,processing,6657.33
4027,5,2024-12-18 08:18:22,completed,3544.65
4028,264,2023-02-21 12:41:06,completed,1905.22
4029,197,2023-11-12 19:41:20,completed,300.41
4030,458,2024-12-02 07:55:10,completed,9943.19
4031,478,2024-04-05 20:19:04,completed,680.77
4032,255,2024-07-14 08:56:24,completed,4481.14
4033,104,2024-07-25 00:33:52,completed,1799.37
4034,305,2023-08-17 17:50:28,completed,1217.49
4035,217,2024-08-15 08:39:41,completed,886.81
4036,155,2023-08-02 19:36:04,completed,351.69
4037,66,2023-04-17 10:38:59,completed,4294.19
4038,439,2023-02-03 12:27:50,completed,1851.23
4039,201,2024-06-20 17:51:34,processing,312.21
4040,405,2024-07-11 21:29:47,completed,2119.84
4041,113,2024-12-24 08:47:23,completed,6570.87
4042,483,2024-12-11 04:07:04,completed,627.02
4043,321,2023-11-08 15:45:14,completed,942.7
4044,449,2023-03-14 10:49:57,completed,592.9
4045,438,2023-08-28 10:01:27,completed,1588.31
4046,245,2024-05-08 03:20:41,completed,916.89
4047,417,2024-09-05 05:09:16,completed,1289.19
4048,256,2024-07-30 09:49:36,processing,494.96
4049,343,2024-03-19 11:30:28,completed,341.78
4050,343,2023-06-15 14:46:58,shipped,1789.96
4051,375,2023-03-16 01:23:02,processing,10963.23
4052,218,2024-09-06 17:10:08,completed,1225.36
4053,2,2023-01-03 22:13:58,completed,426.38
4054,221,2023-07-16 08:50:34,completed,2249.21
4055,25,2023-11-27 14:56:54,completed,669.62
4056,215,2023-07-28 21:22:59,completed,11745.76
4057,45,2024-06-02 05:43:25,completed,2273.07
4058,250,2024-07-02 21:06:13,completed,2012.88
4059,494,2023-12-17 08:15:03,completed,1750.15
4060,203,2024-07-20 05:28:20,completed,15486.1
4061,302,2024-03-04 12:23:24,completed,3711.82
4062,407,2023-02-25 01:09:31,cancelled,1851.23
4063,62,2023-06-14 07:21:50,completed,594.64
4064,184,2023-12-31 09:39:50,completed,5113.15
4065,441,2023-07-31 12:45:31,completed,2071.95
4066,126,2024-12-18 20:56:05,completed,849.62
4067,127,2024-08-04 17:00:33,completed,1737.22
4068,30,2023-03-05 01:17:11,cancelled,2057.09
4069,79,2024-10-27 16:52:28,completed,9658.56
4070,60,2023-06-30 06:01:09,completed,999.14
4071,290,2023-10-25 11:51:10,completed,1699.3
4072,110,2024-05-03 23:12:02,completed,9475.68
4073,155,2023-11-28 13:20:37,completed,9475.68
4074,480,2023-03-04 04:50:56,completed,3002.16
4075,93,2024-02-02 16:18:08,completed,1982.66
4076,338,2023-09-17 21:42:36,processing,256.05
4077,132,2024-08-01 18:07:01,completed,10975.76
4078,449,2023-12-25 19:46:48,completed,15382.12
4079,121,2024-03-08 00:49:03,completed,4873.87
4080,215,2023-11-17 18:52:01,processing,2213.14
4081,179,2024-06-02 14:16:44,completed,10523.08
4082,264,2024-02-16 11:47:05,completed,1819.94
4083,422,2024-04-14 21:43:54,completed,279.58
4084,274,2024-09-13 11:23:57,processing,952.43
4085,116,2024-06-24 22:52:37,completed,968.68
4086,377,2023-04-11 20:08:21,completed,843.43
4087,158,2024-03-05 12:19:34,completed,105.53
4088,328,2023-08-12 19:00:30,completed,1706.4
4089,211,2024-09-03 18:06:43,completed,6720.66
4090,383,2024-08-20 00:50:03,completed,1329.02
4091,405,2024-04-12 21:33:19,completed,281.04
4092,311,2024-04-06 14:24:02,completed,2113.51
4093,227,2023-03-10 22:03:55,completed,1303.73
4094,345,2023-03-10 12:17:14,processing,5612.31
4095,168,2023-11-28 11:46:49,completed,7708.69
4096,13,2023-06-26 06:10:51,completed,1542.21
4097,314,2024-12-10 05:03:39,completed,1988.41
4098,452,2024-12-17 04:13:48,completed,2222.93
4099,432,2024-08-26 07:42:05,completed,5429.43
4100,377,2024-12-26 15:02:31,completed,6065.86
4101,156,2023-10-20 09:57:06,completed,1759.86
4102,398,2024-04-08 14:23:10,completed,547.5
4103,485,2024-06-12 22:33:22,completed,6753.75
4104,313,2023-07-02 13:27:41,completed,1263.25
4105,228,2023-01-28 17:10:58,completed,2651.9
4106,292,2023-02-01 17:51:25,completed,362.63
4107,38,2024-12-16 17:22:24,completed,999.14
4108,338,2024-01-24 04:18:48,processing,818.04
4109,200,2023-04-08 21:50:44,completed,520.53
4110,4,2024-02-23 18:56:10,completed,908.69
4111,428,2023-09-17 22:09:03,processing,94.56
4112,483,2023-01-12 10:05:32,completed,876.66
4113,133,2023-09-07 21:39:37,completed,465.68
4114,156,2023-11-08 03:48:53,completed,593.31
4115,179,2024-07-01 14:01:36,processing,1262.86
4116,102,2024-03-11 07:56:25,completed,569.16
4117,174,2023-10-23 22:53:05,processing,750.99
4118,449,2024-12-14 14:48:42,completed,5354.79
4119,52,2024-07-06 14:43:54,completed,1043.64
4120,68,2023-04-09 08:30:15,processing,17562.89
4121,142,2024-11-10 03:32:58,completed,377.48
4122,116,2023-04-25 00:37:58,processing,871.58
4123,439,2023-07-17 05:59:19,completed,1038.32
4124,14,2023-06-13 13:54:36,completed,10023.2
4125,146,2023-08-20 21:13:40,completed,1917.08
4126,408,2024-02-25 20:54:03,completed,1561.96
4127,231,2023-07-28 03:51:35,completed,715.95
4128,9,2024-07-03 10:01:48,completed,602.41
4129,122,2023-05-08 17:08:00,completed,7409.03
4130,247,2023-09-06 21:56:07,completed,1848.89
4131,375,2023-05-18 14:47:23,completed,2255.16
4132,315,2024-11-26 14:42:01,completed,7086.18
4133,437,2024-11-18 02:48:05,completed,403.7
4134,237,2023-12-15 11:24:47,processing,578.9
4135,419,2023-05-24 13:32:56,completed,2058.94
4136,178,2024-06-21 09:30:15,completed,109.52
4137,223,2024-04-26 01:27:19,completed,6892.32
4138,481,2024-06-19 17:17:21,completed,298.62
4139,295,2023-07-08 19:17:40,completed,615.69
4140,215,2023-08-28 19:17:12,completed,15079.38
4141,85,2023-05-05 22:24:50,completed,560.61
4142,323,2023-01-30 15:56:35,completed,11401.31
4143,371,2024-05-23 23:27:35,processing,5709.14
4144,119,2024-09-08 20:52:10,completed,7413.47
4145,467,2023-10-02 15:48:20,completed,15727.83
4146,146,2023-05-14 13:01:23,completed,233.74
4147,385,2024-10-31 13:06:18,completed,922.63
4148,141,2023-12-10 07:00:32,completed,2643.66
4149,135,2024-05-07 20:38:26,processing,1059.92
4150,384,2024-08-20 11:39:39,completed,907.32
4151,440,2024-08-05 09:07:48,cancelled,4075.22
4152,402,2023-03-25 14:49:51,completed,1096.02
4153,398,2023-11-05 09:52:48,completed,7785.46
4154,491,2024-06-16 19:31:55,completed,1025.68
4155,236,2023-09-28 04:48:31,processing,1385.46
4156,235,2023-11-21 18:45:41,cancelled,949.92
4157,312,2023-09-11 17:37:51,cancelled,853.46
4158,454,2024-01-15 22:56:10,completed,964.95
4159,128,2023-01-17 18:45:37,completed,1221.07
4160,431,2024-12-03 16:30:09,completed,647.93
4161,156,2024-12-08 20:11:25,shipped,7119.04
4162,282,2024-06-21 15:36:31,completed,1420.36
4163,233,2024-04-13 04:56:17,completed,2648.3
4164,26,2024-02-18 10:33:35,completed,1144.14
4165,384,2024-01-28 10:47:18,processing,726.69
4166,209,2023-09-01 23:57:03,completed,15236.14
4167,147,2023-07-08 12:51:00,completed,5659.91
4168,362,2023-01-11 02:26:47,completed,775.16
4169,489,2023-06-06 04:05:55,completed,594.64
4170,84,2023-04-15 16:30:11,cancelled,1782.53
4171,330,2023-03-02 02:33:30,completed,1169.31
4172,358,2024-06-16 19:06:06,completed,1869.58
4173,134,2024-05-16 22:05:57,completed,398.34
4174,379,2024-04-08 13:51:48,completed,722.18
4175,15,2024-05-09 01:43:49,completed,18053.65
4176,255,2024-07-17 23:28:02,processing,557.39
4177,72,2023-02-09 04:23:20,completed,1419.22
4178,477,2023-01-02 23:19:59,completed,647.93
4179,215,2024-06-15 11:49:33,completed,986.38
4180,244,2023-04-16 12:04:43,completed,1537.73
4181,379,2023-02-02 07:21:33,completed,4214.04
4182,20,2024-03-08 11:01:37,cancelled,543.49
4183,61,2024-02-26 00:58:33,completed,126.51
4184,51,2023-10-11 20:20:09,completed,3750.67
4185,234,2023-01-14 05:35:21,completed,10523.08
4186,493,2024-04-15 00:34:34,completed,1899.48
4187,478,2023-05-11 12:19:40,completed,281.04
4188,468,2024-12-06 23:59:08,completed,12008.44
4189,66,2024-11-02 14:18:07,completed,805.69
4190,38,2023-12-14 13:29:46,completed,702.82
4191,40,2023-06-22 19:51:25,completed,6676.4
4192,230,2024-05-29 16:09:24,cancelled,1921.68
4193,265,2023-10-15 10:59:53,completed,10340.2
4194,26,2023-08-16 01:35:14,completed,1062.4
4195,373,2023-11-15 09:10:37,completed,3263.07
4196,456,2024-12-03 18:18:20,processing,10523.08
4197,333,2023-06-16 12:39:35,completed,782.81
4198,403,2024-02-19 18:31:51,completed,828.92
4199,291,2023-10-10 16:27:59,completed,1658.42
4200,267,2023-09-28 18:12:11,completed,9363.66
4201,10,2023-04-18 19:42:11,completed,301.08
4202,143,2023-04-12 04:19:38,completed,6147.69
4203,361,2023-02-06 02:14:27,shipped,586.79
4204,432,2023-09-22 20:23:07,cancelled,13292.85
4205,299,2024-03-05 21:22:07,completed,2386.37
4206,299,2024-01-30 16:39:48,completed,3341.54
4207,77,2024-11-11 07:44:02,completed,745.24
4208,426,2023-07-27 23:34:52,completed,593.31
4209,358,2024-10-14 01:03:12,processing,1464.42
4210,282,2023-06-15 23:26:22,shipped,8419.07
4211,378,2023-06-11 18:24:25,completed,578.73
4212,70,2023-06-04 16:55:28,cancelled,593.31
4213,239,2024-06-09 18:36:52,processing,82.69
4214,20,2024-10-19 12:00:52,completed,362.63
4215,344,2023-06-14 04:17:33,completed,718.26
4216,254,2024-01-19 14:36:21,completed,1178.18
4217,303,2024-03-07 22:49:27,completed,1713.97
4218,188,2023-05-15 06:00:57,shipped,703.99
4219,308,2023-10-05 23:53:13,completed,2462.86
4220,113,2024-11-10 23:04:51,cancelled,538.84
4221,18,2023-01-22 09:44:46,cancelled,13811.17
4222,468,2023-03-18 20:18:34,completed,73.96
4223,121,2024-10-01 08:28:44,completed,165.87
4224,14,2024-09-07 23:43:27,processing,2648.0
4225,314,2023-09-10 17:10:23,shipped,1084.56
4226,31,2023-05-16 17:56:09,completed,1777.35
4227,143,2023-06-04 05:49:23,completed,1025.29
4228,488,2023-08-01 02:39:57,completed,98.36
4229,298,2023-08-02 04:58:01,processing,572.9
4230,162,2024-03-30 17:09:10,processing,695.21
4231,288,2023-04-25 06:15:10,shipped,242.18
4232,416,2024-10-17 09:42:15,completed,11870.24
4233,462,2024-02-28 23:50:28,processing,864.52
4234,421,2024-11-26 19:34:31,cancelled,538.2
4235,353,2024-07-29 07:27:43,completed,1772.26
4236,472,2024-11-11 05:43:33,processing,578.97
4237,477,2024-02-15 05:03:44,completed,1291.58
4238,460,2023-09-03 09:06:24,completed,582.97
4239,259,2023-05-02 16:50:46,processing,1912.9
4240,466,2023-01-27 12:15:08,completed,1052.84
4241,133,2024-06-08 14:52:10,completed,2636.41
4242,110,2024-05-27 07:39:27,completed,92.66
4243,24,2024-05-29 11:00:08,completed,3507.36
4244,141,2024-08-14 02:19:22,processing,1375.73
4245,15,2023-11-23 23:10:32,completed,465.68
4246,52,2023-02-22 08:44:06,shipped,1107.12
4247,281,2024-07-06 13:43:24,processing,2534.32
4248,199,2023-03-06 00:15:58,processing,203.89
4249,148,2023-06-13 23:02:26,completed,1979.82
4250,302,2023-03-12 05:37:22,completed,7330.62
4251,209,2024-05-16 05:15:20,completed,471.04
4252,158,2024-06-29 01:18:38,processing,11903.88
4253,129,2024-11-07 23:09:13,completed,869.08
4254,61,2024-12-16 22:06:19,processing,1777.35
4255,89,2024-10-19 08:01:59,cancelled,8747.27
4256,194,2023-06-02 10:16:03,completed,1399.87
4257,60,2024-05-27 22:01:46,completed,7798.77
4258,408,2023-12-03 10:36:22,processing,942.28
4259,406,2023-10-01 19:55:54,completed,1506.26
4260,421,2024-02-13 12:35:34,completed,482.06
4261,492,2023-10-06 16:02:07,completed,233.74
4262,403,2023-09-08 11:08:01,completed,348.59
4263,361,2024-06-09 08:33:54,completed,621.54
4264,461,2023-08-08 23:10:21,completed,2124.58
4265,500,2024-11-29 15:48:18,completed,4869.54
4266,406,2024-04-10 12:49:31,completed,2440.16
4267,14,2024-07-07 20:55:07,processing,8051.83
4268,275,2024-08-15 11:14:37,completed,108.37
4269,179,2023-02-26 11:59:35,completed,352.39
4270,230,2023-03-10 23:53:19,completed,283.36
4271,47,2024-05-21 16:18:21,completed,4228.46
4272,98,2024-03-05 17:36:20,completed,1096.02
4273,465,2023-09-06 04:28:31,completed,1439.74
4274,160,2024-07-02 00:42:21,completed,1680.27
4275,482,2024-03-01 07:55:12,completed,1654.8
4276,92,2024-08-06 07:29:59,completed,1762.12
4277,155,2024-05-04 16:16:06,cancelled,6852.09
4278,77,2023-07-15 21:13:47,processing,4484.64
4279,444,2023-10-15 11:28:04,completed,1851.23
4280,482,2024-02-24 12:31:21,completed,3432.63
4281,218,2023-11-06 20:11:41,processing,5745.24
4282,143,2023-04-06 04:22:38,completed,7537.23
4283,53,2023-11-24 08:12:03,completed,165.87
4284,122,2024-08-04 22:31:07,completed,380.65
4285,440,2024-10-01 12:24:45,completed,6657.33
4286,223,2023-01-30 20:30:22,completed,7607.68
4287,423,2024-08-05 00:51:47,completed,1490.2
4288,484,2023-01-16 19:06:29,completed,1946.11
4289,338,2024-07-04 04:41:08,processing,2907.88
4290,497,2024-03-24 23:34:38,shipped,6798.73
4291,179,2023-04-22 13:03:13,completed,810.36
4292,480,2023-12-25 15:29:15,completed,583.67
4293,157,2024-09-08 20:36:17,completed,790.82
4294,101,2024-12-23 17:42:42,completed,2041.1
4295,98,2023-12-17 01:15:52,cancelled,930.25
4296,93,2023-12-20 18:14:12,completed,2548.75
4297,147,2023-09-07 06:37:52,cancelled,896.43
4298,218,2024-05-25 15:28:44,shipped,582.97
4299,72,2023-03-26 02:23:51,completed,1705.86
4300,324,2024-07-18 00:05:55,processing,244.38
4301,245,2024-02-11 05:27:11,completed,1400.96
4302,122,2023-07-31 04:58:28,completed,1816.53
4303,244,2023-06-07 17:36:31,completed,786.93
4304,408,2023-04-14 20:42:26,completed,3456.28
4305,319,2023-01-09 11:37:26,completed,336.99
4306,280,2023-09-21 21:27:22,completed,617.48
4307,36,2024-06-26 14:19:23,processing,3484.46
4308,121,2023-11-30 07:49:37,completed,146.34
4309,213,2024-12-02 15:57:52,cancelled,465.68
4310,90,2024-12-01 12:40:10,shipped,759.35
4311,422,2024-06-05 23:26:19,completed,2264.33
4312,215,2023-01-22 00:02:52,completed,673.86
4313,494,2023-04-05 00:07:30,shipped,1789.96
4314,466,2023-02-06 23:10:23,completed,7191.77
4315,19,2024-04-26 23:32:24,completed,148.28
4316,391,2024-12-06 11:26:11,completed,1001.63
4317,262,2024-09-10 11:02:21,completed,1543.59
4318,146,2024-07-03 21:15:57,completed,11668.64
4319,24,2023-08-27 10:13:58,completed,379.0
4320,399,2024-12-27 13:02:20,processing,2445.04
4321,167,2023-11-14 13:59:17,completed,11827.66
4322,325,2023-10-19 07:16:33,completed,2454.07
4323,297,2024-05-21 10:29:00,completed,6044.82
4324,404,2024-09-06 13:03:54,completed,8939.89
4325,136,2023-02-01 17:28:21,completed,2519.48
4326,153,2024-04-07 16:59:12,completed,1473.53
4327,181,2023-02-26 23:46:09,completed,247.85
4328,335,2023-07-09 09:51:21,processing,6911.41
4329,349,2024-05-07 11:56:42,completed,5786.5
4330,444,2024-03-04 09:17:01,completed,233.74
4331,99,2024-09-22 05:50:57,cancelled,5773.7
4332,425,2024-08-11 09:17:44,completed,197.86
4333,164,2024-07-17 09:36:30,completed,2117.4
4334,460,2024-07-14 16:26:57,completed,3538.82
4335,289,2023-11-08 03:01:21,completed,183.64
4336,482,2024-08-17 23:11:45,completed,758.16
4337,150,2023-03-26 14:05:24,completed,1276.02
4338,239,2024-02-01 05:59:41,completed,4546.26
4339,115,2024-01-12 12:33:41,completed,8415.83
4340,154,2024-02-09 12:00:28,shipped,687.06
4341,332,2024-05-23 03:48:03,processing,1789.96
4342,364,2023-02-19 06:25:36,cancelled,3341.54
4343,309,2024-09-16 04:30:18,completed,9473.97
4344,374,2024-11-07 06:58:54,processing,8191.35
4345,292,2023-04-03 10:27:56,completed,942.54
4346,109,2023-09-30 03:29:22,completed,1256.18
4347,254,2024-01-04 08:10:44,completed,6516.07
4348,101,2024-06-07 17:40:01,completed,620.29
4349,114,2024-11-20 01:31:01,completed,466.28
4350,90,2024-09-23 05:14:53,completed,1230.94
4351,129,2023-07-09 11:13:32,completed,1068.63
4352,325,2024-09-21 07:12:53,completed,1861.36
4353,118,2023-01-28 01:23:32,completed,2094.72
4354,499,2023-10-29 01:09:20,completed,1789.96
4355,339,2023-07-29 22:28:47,completed,1068.67
4356,271,2023-05-19 22:59:52,completed,7134.94
4357,24,2024-07-26 22:39:11,completed,2434.39
4358,121,2024-12-12 17:17:36,completed,3810.82
4359,142,2023-06-24 05:13:03,completed,989.99
4360,16,2023-02-12 04:28:43,completed,447.24
4361,35,2024-07-30 23:25:13,completed,386.04
4362,141,2023-12-21 22:58:10,completed,897.35
4363,125,2023-01-09 01:40:57,completed,1562.14
4364,130,2023-02-11 16:27:49,completed,15508.16
4365,119,2023-11-15 23:19:56,processing,729.94
4366,200,2024-08-11 12:20:09,completed,5179.59
4367,361,2023-07-24 03:56:28,completed,295.72
4368,162,2023-08-25 07:19:38,completed,3807.77
4369,191,2023-12-11 22:03:46,completed,873.67
4370,164,2024-05-28 21:59:26,completed,192.84
4371,5,2024-01-05 15:44:01,completed,4292.72
4372,77,2023-08-15 04:01:24,completed,1584.77
4373,248,2023-05-14 18:10:24,completed,11138.16
4374,260,2024-07-29 06:10:53,completed,298.73
4375,404,2023-06-13 10:36:28,completed,1851.23
4376,265,2024-07-29 01:16:37,completed,1303.89
4377,103,2023-12-01 14:27:58,completed,2083.24
4378,340,2023-03-25 15:58:14,shipped,2755.62
4379,151,2023-03-05 01:04:40,completed,2825.58
4380,358,2024-04-13 03:12:59,processing,4694.18
4381,448,2023-07-23 16:29:09,completed,487.95
4382,436,2024-02-12 12:39:19,completed,3364.26
4383,124,2024-10-28 20:49:42,completed,3651.66
4384,76,2023-09-29 06:10:21,shipped,182.88
4385,76,2024-12-01 08:27:08,shipped,190.33
4386,74,2024-12-29 14:43:31,completed,3535.76
4387,488,2023-04-22 23:29:45,shipped,772.22
4388,304,2024-04-08 06:17:33,completed,464.32
4389,7,2024-05-17 00:26:39,completed,1339.81
4390,457,2023-10-13 18:08:55,completed,1534.14
4391,72,2024-12-20 07:21:14,completed,586.34
4392,149,2023-12-14 21:56:55,completed,5207.16
4393,407,2024-06-10 17:22:24,processing,593.31
4394,68,2023-12-12 13:25:32,completed,3215.18
4395,295,2024-10-27 14:51:47,shipped,899.64
4396,155,2024-01-14 08:47:35,cancelled,8406.95
4397,6,2024-10-30 17:45:23,completed,10892.4
4398,302,2024-03-04 07:43:51,completed,838.06
4399,352,2023-01-28 03:59:44,processing,6657.33
4400,377,2023-06-26 06:13:24,completed,3199.75
4401,137,2023-08-15 11:54:04,completed,7749.81
4402,118,2024-03-14 12:55:33,completed,652.63
4403,249,2023-02-08 11:01:49,completed,660.84
4404,132,2023-03-07 21:24:29,completed,687.06
4405,406,2024-11-07 04:41:44,completed,330.78
4406,1,2023-09-18 14:46:49,completed,810.36
4407,284,2023-03-31 00:21:05,completed,516.99
4408,317,2023-07-23 10:50:58,shipped,7116.38
4409,269,2024-07-03 21:29:21,completed,1343.14
4410,111,2024-06-11 20:00:07,completed,162.66
4411,191,2023-12-21 11:30:50,completed,1303.69
4412,397,2024-11-08 19:25:34,completed,1376.62
4413,61,2024-12-28 18:05:14,processing,360.52
4414,361,2023-03-13 15:31:28,completed,655.51
4415,440,2024-06-05 04:58:03,cancelled,572.37
4416,123,2023-12-26 09:30:42,completed,94.56
4417,6,2023-04-15 03:04:02,completed,2099.17
4418,304,2024-05-15 14:57:12,completed,1968.21
4419,54,2024-02-16 22:18:09,processing,17380.01
4420,112,2024-03-10 13:27:35,completed,1295.5
4421,27,2023-11-17 04:21:52,completed,3637.26
4422,263,2023-01-11 04:08:42,completed,1939.62
4423,231,2023-10-09 09:01:51,processing,557.39
4424,344,2023-12-17 13:11:14,completed,500.54
4425,410,2023-04-03 19:30:20,completed,1211.55
4426,21,2024-02-24 16:49:55,completed,465.68
4427,297,2023-07-18 09:53:51,completed,5253.55
4428,381,2023-11-14 00:22:54,completed,1181.86
4429,128,2024-10-09 02:21:24,shipped,1166.47
4430,95,2024-11-02 08:29:59,completed,1071.63
4431,194,2024-08-30 09:13:58,completed,10688.95
4432,18,2024-05-25 16:36:29,completed,827.6
4433,83,2024-08-10 12:31:16,completed,1571.1
4434,309,2023-03-01 15:04:36,completed,2573.32
4435,24,2024-08-18 07:39:49,shipped,668.18
4436,321,2023-02-03 15:02:56,completed,13955.01
4437,157,2023-08-04 21:20:34,completed,1000.03
4438,71,2024-10-22 13:05:16,completed,1643.52
4439,247,2024-12-28 17:42:06,completed,2063.12
4440,15,2023-01-07 19:13:28,cancelled,2038.9
4441,25,2023-11-30 16:02:11,completed,2944.74
4442,306,2024-08-25 13:29:16,completed,3236.42
4443,57,2023-05-02 15:27:44,completed,2339.3
4444,473,2024-02-09 18:37:59,completed,304.48
4445,313,2023-09-15 15:04:27,completed,2276.73
4446,419,2024-07-25 06:03:20,completed,126.51
4447,336,2024-05-28 10:54:56,completed,1464.42
4448,425,2024-04-09 18:40:14,completed,1513.44
4449,200,2024-05-27 13:43:14,completed,1632.25
4450,123,2023-03-10 01:43:35,completed,903.07
4451,263,2023-02-16 21:14:50,completed,4241.42
4452,336,2024-10-12 14:44:15,completed,1148.06
4453,148,2024-04-08 19:46:03,completed,1518.23
4454,237,2023-11-11 02:22:13,completed,336.99
4455,325,2023-03-18 06:18:14,completed,66.67
4456,267,2024-03-11 19:37:37,completed,2590.57
4457,420,2024-02-23 16:37:35,completed,279.43
4458,151,2023-05-07 22:21:23,completed,5646.94
4459,71,2023-04-11 01:12:08,completed,352.87
4460,468,2024-10-22 10:52:41,completed,2468.54
4461,319,2024-04-27 18:45:31,completed,5843.82
4462,31,2024-05-03 07:58:34,processing,621.54
4463,204,2023-07-14 06:32:49,completed,2685.42
4464,187,2023-09-06 14:25:35,processing,662.57
4465,401,2023-08-13 11:49:39,completed,920.16
4466,50,2024-07-27 14:29:59,completed,2463.08
4467,153,2024-05-03 12:41:43,completed,4109.04
4468,357,2024-12-18 15:56:41,completed,3002.16
4469,175,2023-09-06 22:33:28,shipped,12382.78
4470,192,2023-11-07 12:23:27,completed,162.27
4471,197,2024-07-16 19:39:51,completed,1376.97
4472,96,2023-05-28 08:44:22,completed,417.82
4473,284,2023-11-02 16:56:19,completed,73.96
4474,470,2023-04-15 22:00:13,completed,7042.63
4475,140,2024-04-01 17:55:37,completed,1184.1
4476,421,2024-11-27 01:12:07,completed,2557.1
4477,15,2023-04-26 19:56:08,completed,3986.26
4478,109,2023-05-12 22:19:33,completed,1789.96
4479,369,2024-07-27 14:07:11,completed,3969.71
4480,461,2024-02-07 23:25:36,completed,10874.77
4481,289,2024-09-20 06:21:39,completed,258.2
4482,273,2024-02-01 06:35:08,completed,868.52
4483,36,2023-12-14 12:32:59,completed,353.89
4484,9,2024-06-08 00:32:55,completed,293.85
4485,68,2023-06-12 01:08:51,completed,3290.18
4486,367,2024-01-19 20:43:05,completed,1613.84
4487,398,2023-10-06 04:06:34,completed,3342.83
4488,478,2023-06-02 02:03:00,completed,492.73
4489,168,2023-02-22 23:35:10,completed,338.12
4490,165,2023-04-06 11:22:08,processing,1254.41
4491,458,2023-11-16 21:01:04,completed,95.99
4492,246,2024-05-06 11:00:14,completed,6901.7
4493,43,2023-03-28 01:02:35,completed,193.57
4494,105,2023-04-14 20:23:29,completed,578.73
4495,271,2024-08-22 05:06:45,completed,498.57
4496,382,2024-03-01 23:26:17,processing,2235.45
4497,306,2023-07-01 09:28:59,completed,873.42
4498,148,2024-02-06 10:35:39,completed,3044.7
4499,400,2023-06-16 09:33:33,cancelled,987.29
4500,352,2023-07-05 11:57:03,completed,534.42
4501,72,2023-03-24 19:22:05,completed,7068.29
4502,162,2023-01-18 00:02:18,processing,1777.35
4503,116,2023-03-21 19:57:44,completed,3376.78
4504,131,2024-01-14 12:50:13,completed,6047.87
4505,447,2024-09-01 10:25:17,completed,2262.49
4506,205,2023-06-05 02:57:03,cancelled,191.02
4507,156,2024-07-23 22:24:22,completed,8644.63
4508,478,2023-05-22 10:31:53,completed,2860.27
4509,49,2023-02-02 07:17:06,completed,529.65
4510,418,2023-08-10 21:44:38,completed,1360.04
4511,226,2023-06-18 21:47:58,completed,2953.99
4512,440,2023-04-15 19:12:08,completed,21314.53
4513,52,2024-02-24 01:10:08,completed,1960.75
4514,148,2023-10-11 11:48:27,completed,958.76
4515,455,2023-12-30 23:43:30,completed,248.61
4516,359,2024-01-17 17:09:55,completed,2320.65
4517,192,2023-12-05 18:10:30,completed,1068.67
4518,4,2024-03-09 19:22:09,completed,2813.18
4519,22,2024-04-28 16:50:25,completed,1789.96
4520,328,2023-12-31 08:32:20,completed,7840.42
4521,198,2024-01-18 23:50:59,completed,708.68
4522,273,2023-08-04 15:24:16,completed,1643.52
4523,149,2024-10-23 18:45:27,completed,616.07
4524,393,2023-10-16 23:39:41,processing,4696.74
4525,145,2023-10-07 13:38:08,completed,4983.74
4526,267,2023-01-23 04:18:28,processing,7466.66
4527,160,2024-05-02 22:53:53,completed,2057.09
4528,156,2024-06-24 23:03:10,shipped,17197.13
4529,35,2023-09-19 18:20:44,completed,3900.69
4530,53,2024-03-02 12:58:18,completed,894.53
4531,1,2023-10-28 14:48:32,completed,578.54
4532,274,2023-11-06 05:24:13,processing,1206.37
4533,478,2024-01-21 10:30:04,completed,787.16
4534,204,2023-02-09 21:13:43,completed,1141.19
4535,492,2023-09-10 11:41:08,completed,443.45
4536,409,2024-10-27 03:17:00,shipped,1988.49
4537,260,2023-03-12 01:54:35,completed,708.68
4538,191,2023-04-18 14:37:43,completed,422.74
4539,5,2023-03-30 21:25:59,processing,10286.49
4540,300,2023-08-15 21:31:58,completed,9229.7
4541,256,2023-07-21 01:09:01,processing,1621.94
4542,160,2024-06-30 22:32:18,completed,465.68
4543,434,2023-06-17 07:13:24,completed,2691.27
4544,92,2023-06-19 17:12:10,processing,579.76
4545,32,2023-08-13 02:02:04,completed,457.64
4546,67,2024-04-14 18:30:01,completed,764.68
4547,364,2024-04-21 07:41:12,completed,298.62
4548,95,2023-05-09 12:44:56,completed,513.45
4549,440,2024-02-25 01:22:55,completed,10432.86
4550,361,2024-11-19 18:10:06,completed,1311.63
4551,281,2024-04-04 03:55:17,completed,10523.08
4552,323,2024-12-01 21:49:56,completed,387.2
4553,404,2024-06-08 09:31:41,completed,1464.42
4554,494,2023-01-28 02:10:31,completed,1212.05
4555,340,2024-12-22 19:18:51,completed,6936.63
4556,306,2023-02-24 20:35:42,completed,5472.27
4557,267,2023-01-08 02:34:14,completed,377.48
4558,180,2024-10-19 18:34:03,completed,3612.56
4559,69,2023-03-27 03:10:03,shipped,1991.52
4560,255,2023-11-23 11:45:58,completed,51.31
4561,377,2023-02-12 06:46:15,completed,207.67
4562,199,2023-04-27 22:37:16,completed,404.5
4563,153,2023-02-20 00:17:33,shipped,209.71
4564,73,2024-06-05 20:19:48,processing,199.97
4565,163,2024-02-09 00:28:57,completed,625.52
4566,11,2024-06-12 00:06:45,completed,1020.81
4567,299,2023-06-30 14:00:12,completed,1303.73
4568,264,2023-02-02 02:23:12,completed,920.18
4569,164,2024-07-09 00:44:28,completed,1189.45
4570,26,2024-04-23 07:25:00,completed,555.3
4571,274,2023-03-07 09:32:29,processing,347.03
4572,383,2023-07-07 07:48:50,completed,2395.98
4573,156,2024-05-24 03:07:37,completed,1542.34
4574,494,2023-12-13 23:10:17,completed,1303.73
4575,435,2024-02-23 00:56:00,cancelled,1443.36
4576,111,2023-09-14 22:09:54,completed,1622.37
4577,140,2024-07-08 15:47:43,completed,1129.91
4578,316,2024-07-05 09:17:46,completed,7455.57
4579,111,2024-05-23 06:49:03,completed,811.25
4580,363,2023-05-18 07:28:53,completed,975.38
4581,150,2024-11-15 17:57:27,completed,1851.23
4582,215,2023-12-31 12:59:59,completed,594.64
4583,202,2023-01-27 14:30:33,completed,1566.22
4584,364,2024-11-02 18:02:16,completed,387.2
4585,395,2024-04-03 12:56:33,shipped,8087.21
4586,372,2023-09-23 09:53:45,completed,490.35
4587,301,2024-08-15 22:06:36,completed,279.43
4588,396,2024-06-05 18:10:59,cancelled,1367.63
4589,236,2023-12-20 07:22:39,processing,2326.83
4590,322,2023-04-19 03:34:23,cancelled,1713.97
4591,375,2024-12-06 13:19:33,completed,1888.54
4592,398,2024-11-15 21:38:23,completed,1011.26
4593,244,2024-04-14 14:03:24,completed,7426.94
4594,190,2024-09-20 23:45:53,completed,651.45
4595,435,2023-05-02 18:16:31,completed,735.18
4596,416,2023-09-25 21:29:41,completed,295.72
4597,151,2023-05-16 23:42:17,completed,7105.44
4598,30,2024-07-22 22:39:21,completed,2130.03
4599,388,2023-10-30 15:09:10,completed,418.81
4600,376,2023-12-14 13:39:07,completed,578.75
4601,91,2023-03-09 07:13:16,completed,400.04
4602,299,2024-10-27 12:56:50,processing,347.45
4603,297,2024-07-05 11:40:09,completed,10367.24
4604,319,2024-02-22 06:58:08,completed,237.3
4605,375,2023-10-30 19:28:13,completed,1777.35
4606,483,2024-07-21 16:39:15,completed,190.33
4607,365,2023-08-06 21:07:22,cancelled,2789.44
4608,373,2024-12-23 14:46:01,completed,335.92
4609,279,2023-12-30 08:41:46,completed,1837.75
4610,218,2024-03-01 02:58:33,completed,1538.31
4611,134,2024-07-28 01:15:17,completed,1726.45
4612,319,2023-07-08 21:26:20,cancelled,6570.87
4613,304,2023-08-22 19:55:19,completed,209.71
4614,215,2024-12-13 12:32:41,completed,662.53
4615,93,2023-02-24 01:43:42,completed,5416.89
4616,184,2024-01-21 02:08:59,completed,621.54
4617,353,2023-08-08 17:41:11,completed,1166.47
4618,374,2024-01-24 19:37:21,completed,5525.85
4619,422,2023-01-09 02:13:44,cancelled,522.98
4620,284,2023-08-22 16:24:20,cancelled,8030.06
4621,424,2024-08-26 12:35:40,completed,2950.63
4622,155,2024-03-26 21:39:05,completed,5602.51
4623,357,2024-02-21 02:15:50,completed,11387.6
4624,199,2024-07-13 09:59:08,shipped,280.14
4625,78,2024-07-08 01:55:02,completed,567.33
4626,246,2023-01-08 23:29:52,completed,2214.82
4627,71,2023-02-24 18:54:03,completed,658.67
4628,120,2024-07-10 22:54:05,completed,1943.89
4629,437,2023-11-24 02:55:13,shipped,1644.55
4630,365,2023-03-13 10:25:24,completed,2368.04
4631,473,2023-06-01 20:05:58,completed,2135.51
4632,188,2024-02-16 06:31:44,completed,5651.01
4633,436,2023-08-15 18:13:09,completed,7029.87
4634,384,2023-12-25 18:01:57,completed,243.55
4635,308,2024-03-07 13:11:36,completed,11203.85
4636,123,2023-03-11 23:41:26,completed,1166.47
4637,20,2023-07-06 01:58:03,processing,1660.36
4638,25,2023-02-12 18:41:52,processing,51.31
4639,360,2023-01-31 15:06:31,completed,342.07
4640,68,2023-01-24 15:09:34,completed,10523.08
4641,64,2024-09-16 23:00:18,completed,3786.85
4642,179,2023-02-10 14:49:59,completed,10340.2
4643,6,2023-12-08 00:25:24,completed,2087.9
4644,433,2023-10-01 15:13:44,completed,131.19
4645,407,2023-02-12 14:07:58,completed,12455.46
4646,129,2024-10-06 08:50:20,completed,378.07
4647,369,2024-08-17 23:56:50,completed,1642.5
4648,2,2024-03-26 07:48:10,completed,1246.67
4649,134,2024-07-17 23:03:16,completed,1777.35
4650,150,2023-08-29 18:47:22,completed,3002.16
4651,193,2023-01-27 12:23:52,completed,220.5
4652,32,2023-08-28 11:00:35,completed,573.77
4653,22,2024-06-02 16:46:00,completed,1511.4
4654,353,2024-09-26 06:28:48,completed,3128.55
4655,38,2023-10-18 12:07:13,processing,2830.51
4656,110,2023-05-27 16:53:28,completed,148.28
4657,120,2024-11-09 14:55:43,completed,655.51
4658,168,2023-06-15 17:27:54,completed,2188.23
4659,400,2024-08-06 05:29:13,completed,11745.59
4660,495,2024-09-24 04:07:15,completed,581.75
4661,190,2023-02-17 11:00:01,completed,8768.85
4662,311,2023-03-17 10:31:26,processing,6874.84
4663,149,2023-03-19 03:15:44,completed,942.03
4664,169,2023-03-12 23:02:38,completed,3644.2
4665,109,2023-10-02 23:11:03,completed,10998.96
4666,69,2024-02-03 14:45:21,completed,583.67
4667,187,2024-11-26 09:27:06,completed,176.14
4668,192,2023-12-13 16:50:29,completed,1506.26
4669,343,2023-12-02 13:24:23,completed,12587.68
4670,269,2023-07-14 03:51:43,completed,685.51
4671,418,2023-07-11 04:21:44,completed,10523.08
4672,155,2024-11-28 04:51:06,processing,6198.36
4673,117,2024-04-19 19:52:25,completed,600.14
4674,30,2023-04-16 07:37:17,completed,764.68
4675,98,2024-03-29 19:30:29,completed,690.64
4676,495,2024-07-04 03:51:07,processing,471.04
4677,124,2023-08-09 13:55:32,completed,6217.15
4678,195,2023-05-21 07:56:35,completed,96.42
4679,392,2023-08-25 09:12:59,processing,9538.01
4680,386,2023-02-05 06:00:35,completed,1385.46
4681,213,2023-07-30 22:18:34,completed,3751.44
4682,465,2024-06-12 04:16:42,completed,2370.25
4683,384,2023-05-01 05:39:01,cancelled,1160.35
4684,189,2023-12-24 05:16:36,completed,489.95
4685,110,2024-01-08 13:04:33,completed,1190.05
4686,228,2024-12-05 04:34:35,completed,7509.21
4687,311,2024-03-23 08:31:55,completed,10298.86
4688,129,2023-03-23 07:22:52,completed,283.36
4689,203,2024-01-11 09:01:54,processing,386.59
4690,327,2023-06-08 14:33:35,completed,6474.45
4691,314,2023-08-27 20:26:20,processing,6595.7
4692,316,2023-10-27 15:39:12,completed,91.59
4693,158,2023-11-30 04:02:42,processing,2292.87
4694,399,2024-08-09 11:07:20,completed,615.39
4695,460,2024-10-01 13:45:37,completed,1045.02
4696,297,2024-12-25 11:00:03,completed,207.71
4697,221,2023-01-27 03:54:29,completed,182.88
4698,140,2023-12-11 06:20:16,completed,352.39
4699,321,2023-07-21 18:13:45,completed,1350.85
4700,6,2024-08-16 20:20:54,processing,3352.44
4701,10,2023-02-04 16:46:04,completed,14114.72
4702,464,2024-12-01 21:23:01,completed,7222.69
4703,199,2023-09-11 01:27:34,completed,652.69
4704,469,2023-02-05 12:12:34,completed,10945.43
4705,31,2024-02-15 20:48:21,processing,7519.47
4706,173,2023-12-02 13:28:54,completed,1195.86
4707,436,2023-01-08 07:28:52,completed,1711.0
4708,184,2023-08-11 06:32:09,completed,6187.0
4709,49,2023-03-10 09:41:28,completed,276.48
4710,430,2024-12-25 10:18:46,completed,2575.93
4711,469,2024-02-07 03:37:00,completed,73.16
4712,182,2023-05-15 18:34:49,completed,1998.2
4713,491,2023-11-05 22:22:03,cancelled,1233.28
4714,15,2024-03-20 13:25:15,completed,1123.05
4715,92,2024-09-17 04:58:25,completed,3392.85
4716,169,2024-11-02 12:15:06,completed,3482.53
4717,458,2023-05-30 10:53:26,processing,1851.23
4718,255,2024-07-04 18:37:43,completed,5552.99
4719,185,2024-02-13 13:05:50,completed,1076.29
4720,333,2023-04-23 02:58:55,cancelled,6753.75
4721,147,2023-12-09 02:57:53,completed,1284.9
4722,268,2024-03-17 02:08:07,completed,1385.46
4723,385,2024-12-30 09:19:09,processing,12183.18
4724,210,2024-10-30 21:51:44,processing,5708.73
4725,379,2023-10-07 22:46:28,completed,725.25
4726,479,2023-01-22 13:30:17,completed,490.35
4727,447,2023-12-02 14:00:04,completed,1341.21
4728,423,2024-07-08 14:13:44,completed,10934.03
4729,462,2024-02-05 21:12:00,completed,2059.06
4730,424,2023-10-25 04:43:53,completed,11871.83
4731,316,2024-02-04 04:23:58,cancelled,241.26
4732,343,2023-09-05 21:40:32,completed,11723.53
4733,446,2024-04-30 08:24:33,shipped,3621.2
4734,470,2024-01-02 00:56:51,completed,10939.32
4735,216,2024-03-03 13:02:26,processing,802.16
4736,330,2023-08-19 18:04:04,completed,2955.13
4737,370,2024-11-24 09:09:11,shipped,2268.53
4738,4,2024-02-25 19:30:46,completed,66.67
4739,283,2023-11-12 00:15:11,completed,2115.5
4740,161,2023-12-23 15:42:09,completed,8875.04
4741,203,2023-10-09 02:26:20,completed,7039.81
4742,352,2023-12-09 05:14:39,completed,825.98
4743,229,2023-01-25 04:35:27,completed,3727.08
4744,371,2024-11-09 02:48:39,cancelled,2398.73
4745,143,2024-04-08 00:38:39,completed,10340.2
4746,51,2024-10-05 15:04:28,completed,1768.56
4747,270,2023-09-05 23:40:47,completed,2676.43
4748,361,2024-12-30 05:06:38,completed,7335.08
4749,472,2024-11-06 06:13:46,completed,512.73
4750,140,2024-06-21 23:05:10,completed,2996.99
4751,489,2023-01-31 08:55:43,completed,347.03
4752,82,2024-05-23 17:25:45,processing,2211.19
4753,400,2024-04-12 06:44:14,completed,5832.22
4754,300,2024-08-18 13:50:35,processing,7207.86
4755,430,2024-09-17 18:25:12,processing,9214.74
4756,13,2024-01-15 08:12:14,shipped,674.46
4757,149,2024-07-20 03:07:04,completed,521.01
4758,6,2024-03-12 01:58:44,completed,11820.21
4759,420,2024-06-28 01:43:56,shipped,41.52
4760,388,2024-02-11 10:00:43,completed,17780.1
4761,131,2023-10-09 05:45:30,completed,596.8
4762,430,2024-10-29 00:19:03,completed,496.83
4763,224,2024-05-01 23:03:53,completed,2593.2
4764,479,2023-09-30 12:34:19,completed,2569.14
4765,189,2024-04-02 21:12:22,completed,1721.67
4766,489,2024-11-17 19:32:13,completed,329.38
4767,224,2024-07-01 11:14:16,completed,1688.36
4768,344,2023-01-02 19:31:23,completed,2415.68
4769,396,2023-11-20 00:04:25,shipped,4457.59
4770,155,2024-01-27 06:29:01,completed,6657.33
4771,270,2024-05-03 14:44:18,completed,596.8
4772,417,2023-11-13 21:44:35,completed,1230.94
4773,404,2023-01-08 21:17:17,completed,1020.53
4774,254,2023-08-23 13:16:25,processing,853.46
4775,331,2024-03-09 10:46:16,cancelled,3414.31
4776,379,2023-05-28 01:38:19,shipped,600.91
4777,491,2024-05-30 18:59:16,completed,1149.42
4778,5,2024-10-22 00:39:46,completed,678.8
4779,350,2023-06-01 23:37:40,completed,835.12
4780,327,2024-10-07 01:12:28,completed,453.66
4781,28,2023-05-07 04:08:57,completed,10523.08
4782,162,2023-08-18 14:54:19,completed,7868.13
4783,495,2024-12-06 05:28:39,completed,779.33
4784,297,2024-12-17 17:23:51,completed,584.91
4785,290,2023-02-03 11:40:52,completed,1779.15
4786,245,2023-02-10 16:27:55,completed,287.33
4787,156,2023-12-29 07:40:52,completed,1462.89
4788,288,2024-07-18 14:11:41,completed,2057.09
4789,340,2023-04-16 10:23:59,shipped,13515.87
4790,311,2024-07-25 23:52:52,completed,817.86
4791,195,2024-01-01 14:50:45,completed,449.82
4792,146,2023-08-03 02:27:41,completed,726.56
4793,115,2023-11-17 04:54:55,completed,851.96
4794,181,2024-12-11 07:15:52,completed,6753.75
4795,220,2024-02-08 11:37:18,completed,853.24
4796,114,2023-06-20 01:27:54,processing,6753.75
4797,332,2023-03-19 08:48:34,completed,419.82
4798,413,2023-09-27 00:38:53,completed,1986.3
4799,307,2024-11-11 16:27:21,completed,2155.72
4800,290,2024-05-10 22:24:23,completed,9681.62
4801,145,2023-09-03 06:43:39,completed,140.92
4802,477,2024-12-28 12:25:31,completed,6537.51
4803,279,2024-10-17 06:36:55,completed,10767.45
4804,406,2023-05-24 00:51:50,completed,7039.81
4805,161,2023-04-20 09:26:12,completed,3534.19
4806,368,2023-07-03 08:15:30,completed,7836.34
4807,430,2023-07-20 00:49:21,processing,1065.34
4808,466,2023-11-07 11:45:48,processing,2234.15
4809,402,2023-12-14 03:54:02,processing,190.33
4810,254,2024-03-21 12:16:30,completed,1810.39
4811,208,2024-05-20 09:45:02,shipped,10360.4
4812,467,2024-09-30 09:21:16,completed,795.68
4813,195,2024-02-25 06:55:02,completed,357.78
4814,483,2023-09-10 01:43:50,processing,338.12
4815,381,2024-06-03 03:49:27,completed,7488.38
4816,226,2024-03-16 20:29:25,completed,7029.05
4817,457,2023-11-10 02:55:49,completed,747.49
4818,310,2023-06-15 21:07:36,completed,1184.42
4819,166,2023-05-29 20:51:28,completed,1303.73
4820,445,2023-11-02 23:07:31,completed,1079.64
4821,65,2024-04-27 23:02:36,completed,1277.02
4822,54,2024-05-14 13:08:04,completed,215.42
4823,376,2023-05-15 13:26:06,completed,490.35
4824,397,2023-08-25 06:30:33,completed,12183.18
4825,401,2024-12-05 00:27:36,completed,10322.79
4826,172,2024-10-11 08:32:00,completed,6753.75
4827,203,2024-10-23 09:52:41,completed,175.91
4828,430,2024-03-14 09:25:39,completed,11123.99
4829,413,2023-12-28 01:17:38,completed,2349.78
4830,88,2023-09-25 18:09:03,completed,1465.73
4831,87,2023-04-01 00:26:56,cancelled,7004.02
4832,344,2023-10-07 10:34:39,completed,329.38
4833,350,2023-12-01 22:11:22,completed,1851.23
4834,307,2024-09-04 13:08:46,completed,1449.73
4835,246,2024-09-19 12:30:30,completed,2580.78
4836,336,2024-07-04 11:50:58,completed,1440.46
4837,280,2024-06-04 20:23:55,completed,224.93
4838,396,2024-08-04 05:04:09,completed,1074.22
4839,345,2023-03-27 12:43:53,completed,241.15
4840,173,2024-06-25 00:06:44,completed,256.05
4841,278,2023-09-06 15:02:21,completed,3273.33
4842,287,2023-04-19 16:45:50,completed,5708.73
4843,313,2024-09-05 15:49:49,completed,835.56
4844,262,2024-07-08 13:37:16,processing,658.29
4845,114,2024-02-10 20:05:33,completed,1377.67
4846,85,2023-05-10 08:04:34,processing,835.12
4847,241,2024-05-18 21:30:04,completed,4187.62
4848,350,2023-12-19 23:42:53,completed,2618.75
4849,157,2023-06-01 03:50:43,completed,19179.22
4850,116,2024-10-08 01:01:51,completed,2504.56
4851,174,2023-12-11 04:45:30,completed,185.24
4852,289,2024-10-31 00:34:15,shipped,867.11
4853,367,2023-09-17 00:47:56,completed,292.71
4854,389,2023-07-04 15:58:49,completed,8981.99
4855,424,2023-02-01 10:12:02,completed,404.45
4856,252,2023-07-15 06:32:01,shipped,7497.36
4857,498,2023-01-14 20:46:47,completed,10949.6
4858,487,2024-09-26 20:26:55,completed,709.61
4859,182,2023-12-13 22:19:48,completed,2953.99
4860,244,2023-10-16 19:52:59,completed,612.27
4861,211,2024-04-13 03:11:31,completed,13609.2
4862,127,2023-08-17 11:28:09,completed,1982.66
4863,23,2024-08-03 13:54:07,completed,2044.13
4864,50,2024-02-26 21:32:17,completed,1922.29
4865,82,2024-10-10 08:06:48,cancelled,378.07
4866,389,2023-10-06 08:46:43,cancelled,1138.05
4867,173,2024-01-28 05:51:17,completed,2075.88
4868,382,2024-07-17 09:22:17,completed,3149.78
4869,175,2024-05-29 17:22:35,completed,71.91
4870,309,2023-12-16 14:06:49,completed,10523.08
4871,321,2023-09-18 02:29:51,completed,2048.19
4872,105,2023-07-10 00:32:59,completed,1156.93
4873,29,2023-05-08 07:49:48,completed,452.5
4874,258,2023-03-03 01:18:25,completed,72.49
4875,184,2023-07-14 15:14:35,completed,896.74
4876,224,2024-02-16 09:21:45,completed,1096.02
4877,123,2024-07-08 02:08:03,completed,1138.05
4878,201,2023-10-02 02:08:18,completed,1483.46
4879,133,2024-08-09 21:52:34,completed,2010.64
4880,155,2024-08-03 21:12:31,completed,7012.96
4881,456,2024-10-27 14:22:04,shipped,2205.67
4882,446,2024-11-08 06:12:58,completed,262.09
4883,39,2023-11-03 09:40:05,completed,2858.86
4884,264,2023-02-15 10:09:12,completed,6496.88
4885,421,2023-10-11 07:15:13,completed,2317.1
4886,70,2024-01-29 01:38:32,processing,1655.19
4887,375,2024-05-11 10:17:28,completed,162.66
4888,143,2024-12-14 03:31:43,completed,719.9
4889,435,2023-04-08 15:16:03,completed,362.63
4890,2,2023-08-05 21:09:56,completed,564.01
4891,104,2023-06-21 06:05:10,completed,1314.12
4892,395,2024-12-05 20:14:36,completed,852.53
4893,349,2024-07-11 20:42:04,completed,790.82
4894,477,2024-06-16 16:25:47,processing,4462.02
4895,277,2024-10-28 17:11:13,completed,649.33
4896,371,2024-10-27 04:31:29,completed,2982.77
4897,389,2023-10-19 15:14:19,completed,1033.09
4898,310,2023-09-26 22:07:32,completed,9648.94
4899,4,2023-11-24 06:00:00,completed,1128.13
4900,285,2023-04-23 21:21:10,completed,602.41
4901,117,2023-08-08 04:21:12,completed,92.66
4902,236,2023-05-30 04:18:35,completed,135.2
4903,72,2023-12-04 18:08:59,shipped,853.46
4904,254,2024-08-16 14:55:07,processing,1073.54
4905,198,2023-11-05 13:01:21,completed,1175.87
4906,47,2024-11-24 13:31:13,completed,152.85
4907,248,2023-02-24 06:26:39,completed,1550.23
4908,331,2023-04-02 02:43:25,completed,1608.32
4909,452,2024-06-20 00:45:24,completed,7077.51
4910,176,2023-06-25 14:30:35,completed,2216.97
4911,457,2023-06-10 04:37:37,completed,664.23
4912,248,2023-01-30 09:10:46,completed,718.26
4913,143,2023-05-12 06:01:27,completed,885.77
4914,47,2023-10-05 05:20:44,completed,195.42
4915,298,2024-04-01 21:33:45,completed,1170.27
4916,480,2024-03-13 05:49:14,completed,220.5
4917,342,2023-02-10 05:51:21,completed,929.46
4918,74,2023-03-20 00:25:24,completed,6960.39
4919,201,2023-09-02 12:41:02,shipped,1017.84
4920,112,2024-03-23 01:54:04,completed,348.59
4921,197,2024-09-10 19:37:02,cancelled,9261.71
4922,311,2024-01-19 14:48:33,completed,6753.75
4923,354,2023-11-16 18:05:46,completed,578.97
4924,423,2024-09-12 16:59:58,completed,336.4
4925,274,2024-11-30 19:24:51,processing,249.37
4926,342,2023-03-07 13:06:23,completed,1951.8
4927,106,2024-06-20 12:13:40,completed,444.74
4928,397,2024-10-01 13:30:55,completed,13132.15
4929,228,2024-11-03 06:46:55,completed,615.39
4930,377,2024-05-17 15:23:40,processing,2017.7
4931,406,2023-06-22 06:39:59,completed,831.88
4932,327,2023-02-27 09:46:07,completed,621.54
4933,286,2024-06-13 16:27:01,completed,3168.43
4934,333,2024-01-09 04:04:25,completed,817.37
4935,402,2024-02-19 11:21:46,completed,709.98
4936,312,2024-10-10 16:45:23,completed,1769.17
4937,193,2023-05-12 23:49:56,completed,9276.08
4938,243,2023-10-30 17:58:09,cancelled,7712.31
4939,152,2024-09-18 05:50:18,cancelled,4266.38
4940,234,2023-07-12 08:26:23,completed,306.18
4941,463,2023-10-28 22:18:47,completed,2630.81
4942,107,2023-08-24 08:50:31,completed,684.14
4943,176,2023-02-12 22:40:50,processing,61.32
4944,208,2024-06-22 12:54:38,processing,538.2
4945,150,2024-12-10 01:24:02,completed,301.08
4946,362,2023-12-27 14:25:50,completed,1851.23
4947,380,2023-11-12 07:24:27,completed,4355.31
4948,82,2023-02-15 08:10:59,completed,3407.59
4949,303,2024-02-08 05:26:56,cancelled,9760.6
4950,40,2023-12-21 02:38:33,completed,4386.56
4951,472,2023-06-12 06:23:01,completed,864.52
4952,26,2023-10-25 07:23:24,completed,10594.99
4953,240,2023-01-15 23:20:24,completed,1372.0
4954,212,2024-06-25 03:56:19,completed,596.73
4955,81,2024-12-18 15:37:27,completed,465.68
4956,335,2024-06-05 07:25:09,completed,917.2
4957,413,2023-09-21 21:05:05,processing,1903.02
4958,63,2024-08-19 08:10:06,completed,1965.87
4959,343,2023-02-11 20:37:25,completed,738.42
4960,313,2024-12-23 12:37:57,completed,95.99
4961,360,2023-08-30 00:25:34,completed,10593.47
4962,61,2024-05-10 18:33:36,cancelled,11439.18
4963,38,2024-09-28 23:35:38,completed,279.43
4964,399,2024-10-22 14:01:43,shipped,1988.49
4965,13,2024-08-30 02:41:39,completed,425.04
4966,456,2023-03-14 13:31:24,completed,3023.05
4967,142,2024-12-19 18:33:57,completed,2191.02
4968,69,2023-06-19 05:52:19,completed,185.24
4969,358,2024-11-25 01:05:15,completed,1303.73
4970,9,2023-05-12 20:10:03,completed,2189.89
4971,398,2023-02-14 19:11:39,completed,815.19
4972,62,2024-08-03 21:30:33,completed,13514.26
4973,71,2024-11-08 07:15:55,completed,2618.75
4974,240,2024-04-05 00:03:36,processing,706.81
4975,457,2024-04-01 18:54:26,completed,3364.23
4976,97,2024-09-22 17:14:01,processing,278.2
4977,267,2024-03-13 12:53:24,completed,36.51
4978,386,2024-04-29 23:00:48,completed,4395.26
4979,61,2023-03-05 16:39:05,completed,656.3
4980,395,2023-03-14 07:07:31,completed,208.91
4981,343,2024-09-15 05:56:05,completed,691.19
4982,275,2024-09-18 01:00:07,completed,398.87
4983,391,2023-08-22 07:15:59,completed,1888.92
4984,84,2024-02-13 17:24:32,completed,600.91
4985,481,2024-01-06 15:54:18,completed,914.51
4986,186,2024-03-29 09:12:12,completed,1986.37
4987,273,2024-08-13 08:27:28,completed,3210.97
4988,160,2024-05-18 12:22:33,processing,656.74
4989,377,2024-12-20 18:31:08,completed,207.67
4990,195,2023-08-07 09:45:16,shipped,3453.82
4991,485,2023-02-09 23:27:49,completed,16165.85
4992,347,2023-12-24 17:16:40,completed,193.58
4993,321,2023-05-21 20:22:34,completed,1245.67
4994,415,2024-11-29 00:50:45,completed,1196.21
4995,209,2023-11-06 09:52:33,completed,44.98
4996,84,2023-02-06 10:21:26,completed,72.49
4997,279,2023-06-30 11:09:17,completed,4250.78
4998,385,2023-10-29 20:47:35,completed,1412.09
4999,167,2024-10-22 13:36:25,completed,548.69
5000,217,2024-05-30 09:12:23,completed,621.54
5001,12,2023-06-05 18:12:10,completed,6570.87
5002,191,2023-07-10 12:27:31,completed,835.47
5003,427,2023-10-27 04:10:35,completed,579.76
5004,463,2023-07-15 15:09:26,completed,8450.75
5005,76,2024-02-02 02:27:09,completed,250.27
5006,54,2024-02-09 18:51:15,completed,1993.16
5007,123,2024-08-09 17:34:34,completed,387.2
5008,283,2024-05-06 01:36:36,completed,738.13
5009,489,2024-12-03 07:26:14,processing,3308.88
5010,103,2024-01-19 06:36:57,completed,2512.9
5011,500,2023-03-12 05:16:29,completed,13324.71
5012,454,2024-02-13 14:34:34,completed,511.86
5013,42,2023-12-04 19:21:41,completed,479.09
5014,74,2024-06-26 06:46:04,completed,683.79
5015,340,2024-08-10 03:17:19,completed,1538.17
5016,166,2024-03-14 03:51:22,completed,2043.46
5017,103,2024-12-02 04:01:02,completed,1939.62
5018,435,2023-05-29 04:27:49,completed,934.8
5019,319,2023-04-26 20:33:47,completed,1697.83
5020,36,2023-05-28 03:08:45,completed,5576.27
5021,323,2023-08-26 14:19:42,completed,9658.56
5022,206,2023-04-18 16:06:03,completed,525.55
5023,453,2024-10-05 03:58:05,shipped,2155.04
5024,164,2023-03-09 01:12:02,completed,655.51
5025,497,2024-06-25 04:45:54,completed,416.17
5026,41,2024-12-26 00:41:14,completed,426.39
5027,103,2024-02-07 01:59:29,completed,2411.06
5028,17,2024-12-01 15:16:43,completed,19484.23
5029,279,2024-12-02 14:16:25,completed,131.51
5030,231,2024-01-14 20:08:47,completed,2906.32
5031,287,2024-07-28 17:21:23,completed,326.61
5032,89,2024-05-02 11:55:46,completed,6182.47
5033,60,2023-04-18 03:08:44,processing,905.36
5034,191,2024-04-12 17:59:28,completed,330.71
5035,230,2023-04-06 12:23:45,completed,1643.52
5036,354,2023-07-10 09:33:56,processing,11032.0
5037,33,2023-05-15 22:40:00,completed,1962.62
5038,242,2024-03-11 10:57:04,completed,921.09
5039,112,2024-04-11 01:38:38,completed,675.39
5040,93,2023-09-30 20:28:27,processing,2572.6
5041,78,2024-12-29 18:19:13,shipped,2015.08
5042,358,2024-06-03 20:12:23,completed,1354.93
5043,44,2023-10-17 01:37:37,completed,6753.75
5044,311,2024-08-13 16:47:41,completed,1789.96
5045,215,2024-07-24 11:08:11,completed,1711.21
5046,298,2024-12-28 12:52:01,completed,13170.39
5047,371,2023-03-06 23:17:41,processing,490.35
5048,128,2024-01-16 06:54:28,completed,4543.79
5049,56,2024-01-03 16:37:06,completed,1872.5
5050,320,2024-01-07 21:57:06,completed,478.33
5051,249,2024-05-03 11:40:48,completed,1399.87
5052,377,2024-06-26 19:06:14,processing,1013.53
5053,498,2023-03-26 20:46:00,completed,165.39
5054,168,2023-06-10 10:51:33,completed,4799.23
5055,302,2024-03-23 03:58:07,completed,8768.85
5056,264,2024-08-22 04:08:39,processing,5231.51
5057,5,2023-10-11 12:24:22,completed,2211.4
5058,244,2024-07-17 03:50:00,completed,16844.25
5059,223,2023-03-23 10:05:42,completed,1467.18
5060,201,2024-03-13 20:53:13,completed,839.88
5061,153,2024-12-18 14:42:49,completed,423.13
5062,373,2023-01-02 09:03:15,completed,3346.2
5063,262,2024-04-29 01:50:33,completed,5332.26
5064,319,2023-02-18 01:31:49,processing,795.07
5065,288,2024-01-16 06:48:44,shipped,1993.16
5066,92,2023-05-16 23:42:32,completed,1464.42
5067,70,2023-03-24 10:16:35,completed,708.68
5068,199,2023-10-31 21:16:41,completed,352.39
5069,480,2023-09-29 22:57:58,completed,7405.32
5070,92,2024-03-09 10:51:44,completed,1464.42
5071,322,2023-02-18 02:18:30,completed,2355.06
5072,189,2023-11-01 02:08:46,completed,411.6
5073,128,2023-05-11 07:03:58,completed,907.32
5074,454,2023-04-08 20:45:38,completed,1113.87
5075,168,2024-05-25 02:36:22,completed,2651.9
5076,303,2023-07-26 12:41:52,completed,3039.61
5077,493,2024-07-26 12:00:53,completed,356.34
5078,107,2024-10-04 22:51:31,completed,1269.55
5079,327,2024-04-17 06:58:52,cancelled,6817.17
5080,183,2023-04-02 17:59:04,completed,2419.52
5081,186,2024-09-23 20:42:21,completed,8399.92
5082,330,2023-05-26 20:03:13,completed,199.96
5083,341,2023-07-04 21:34:56,completed,602.41
5084,383,2023-08-10 18:51:34,completed,330.73
5085,133,2024-03-26 16:59:26,processing,648.11
5086,320,2023-04-27 04:49:44,completed,1668.35
5087,119,2023-09-28 20:47:26,completed,1150.15
5088,446,2023-08-12 21:08:31,completed,2338.95
5089,378,2023-07-12 00:31:14,completed,3031.97
5090,35,2024-03-21 20:24:14,completed,1686.99
5091,227,2023-09-10 20:51:49,completed,6021.59
5092,243,2023-09-17 18:22:23,completed,1352.75
5093,28,2024-11-23 06:17:04,completed,3084.99
5094,149,2023-08-19 04:59:42,completed,574.77
5095,193,2024-01-15 14:37:47,completed,2115.26
5096,30,2023-12-04 04:14:59,completed,2733.91
5097,127,2024-12-12 23:36:40,shipped,387.2
5098,184,2024-04-01 00:14:46,cancelled,1336.31
5099,320,2024-11-08 16:39:13,completed,7547.68
5100,260,2024-09-13 01:53:31,completed,383.9
5101,221,2023-06-13 01:21:24,completed,868.52
5102,318,2023-08-20 15:30:06,completed,2809.99
5103,376,2023-01-09 18:40:34,completed,10975.76
5104,145,2023-07-17 17:15:11,completed,725.94
5105,418,2023-01-09 10:35:45,completed,247.85
5106,289,2024-08-04 02:47:00,completed,7782.69
5107,434,2023-12-16 19:46:47,completed,8685.74
5108,342,2023-01-22 11:12:27,completed,228.23
5109,286,2024-06-20 09:18:35,completed,673.6
5110,429,2023-05-16 15:15:04,completed,1852.27
5111,20,2023-09-27 11:52:01,cancelled,2757.61
5112,423,2024-12-18 05:46:20,completed,7159.26
5113,66,2024-10-28 01:04:11,completed,805.4
5114,137,2023-07-15 14:03:36,shipped,3346.2
5115,288,2024-08-08 03:11:47,completed,1001.78
5116,496,2024-12-01 15:29:17,completed,2943.35
5117,307,2023-11-06 03:27:32,processing,256.05
5118,99,2023-06-27 21:11:34,completed,279.71
5119,79,2023-12-30 07:41:48,completed,7941.22
5120,105,2024-11-28 05:59:59,completed,7081.33
5121,325,2023-01-13 06:53:45,processing,1462.89
5122,37,2024-11-12 06:26:10,completed,2269.23
5123,283,2024-05-26 18:28:24,completed,2542.92
5124,477,2024-05-14 04:28:07,completed,1324.68
5125,172,2024-10-09 06:57:28,shipped,764.68
5126,268,2023-10-15 02:16:27,completed,302.5
5127,343,2023-09-07 13:36:53,completed,578.97
5128,338,2023-01-21 07:24:42,shipped,608.96
5129,500,2023-06-04 20:31:24,completed,88.07
5130,125,2024-10-13 05:11:31,processing,2947.24
5131,423,2023-07-27 09:04:21,completed,1397.41
5132,32,2024-07-29 06:06:44,completed,764.68
5133,57,2023-01-07 01:13:05,completed,509.27
5134,276,2023-03-18 21:50:50,completed,137.26
5135,32,2023-12-17 19:03:36,shipped,287.96
5136,50,2024-08-07 09:36:11,completed,377.48
5137,75,2024-07-09 11:14:53,completed,1968.21
5138,435,2024-11-03 02:39:57,processing,884.27
5139,452,2023-10-12 05:05:05,completed,650.42
5140,410,2024-05-09 09:14:34,completed,2253.33
5141,400,2023-12-09 18:04:24,completed,2953.99
5142,18,2023-01-17 05:51:57,completed,2809.37
5143,354,2023-11-26 15:36:48,completed,7453.76
5144,22,2023-08-04 22:51:22,completed,1359.76
5145,175,2024-05-12 04:00:25,shipped,507.59
5146,172,2024-05-29 06:01:38,completed,2442.5
5147,304,2024-10-17 03:14:26,cancelled,100.57
5148,388,2023-12-16 18:26:36,completed,13121.35
5149,225,2023-03-10 14:02:27,completed,3859.35
5150,343,2023-02-12 03:54:34,completed,670.09
5151,497,2023-11-26 01:57:26,completed,1045.02
5152,449,2023-12-03 20:24:22,completed,1862.45
5153,427,2023-06-02 23:29:05,completed,534.82
5154,383,2024-08-17 15:14:28,completed,17659.44
5155,7,2023-12-29 11:33:47,completed,214.64
5156,53,2023-11-24 22:24:32,completed,791.87
5157,148,2023-08-30 21:43:51,completed,304.94
5158,319,2024-09-05 02:12:17,processing,1535.53
5159,377,2024-11-09 00:14:53,completed,1188.34
5160,268,2024-03-11 04:40:29,processing,1189.45
5161,155,2024-05-15 09:01:24,completed,977.17
5162,73,2023-01-10 13:29:16,completed,2063.12
5163,458,2024-10-31 19:15:58,completed,6771.69
5164,499,2024-12-02 06:44:09,completed,7779.23
5165,455,2023-12-15 19:31:05,completed,630.34
5166,286,2023-04-08 10:49:02,completed,425.04
5167,342,2024-03-12 06:18:49,completed,545.82
5168,85,2023-01-21 10:54:24,completed,1789.96
5169,323,2024-04-06 20:22:35,completed,735.98
5170,447,2023-10-25 05:25:08,completed,557.39
5171,243,2024-01-11 08:04:17,completed,6900.25
5172,136,2024-02-13 13:03:19,completed,2393.91
5173,436,2024-11-30 12:39:06,cancelled,10584.31
5174,459,2024-12-05 06:02:08,completed,498.57
5175,273,2023-05-07 20:47:09,completed,10016.22
5176,182,2024-01-19 12:40:44,completed,23257.99
5177,139,2023-03-30 01:50:48,processing,1713.97
5178,101,2023-03-11 09:42:59,cancelled,465.68
5179,89,2023-12-20 19:21:25,processing,1285.69
5180,102,2024-10-05 20:45:07,processing,4269.99
5181,338,2024-04-07 11:02:12,processing,10769.54
5182,97,2024-06-03 08:01:58,completed,708.68
5183,254,2023-10-25 02:48:55,completed,952.99
5184,340,2023-09-16 16:28:23,completed,4181.91
5185,30,2024-03-28 14:59:50,completed,2439.71
5186,130,2023-04-10 13:00:05,completed,485.5
5187,149,2024-01-22 13:06:00,completed,6856.93
5188,474,2023-08-30 10:16:53,processing,2453.18
5189,485,2024-02-28 09:07:54,processing,1936.09
5190,337,2024-06-23 21:18:10,completed,9658.56
5191,246,2023-03-18 11:38:25,completed,1851.23
5192,52,2024-02-10 06:56:33,completed,660.84
5193,274,2023-09-03 03:55:21,completed,525.55
5194,180,2024-12-02 23:11:01,completed,398.87
5195,451,2023-11-02 07:24:00,completed,2137.12
5196,348,2023-07-11 00:03:48,completed,1324.68
5197,278,2024-10-20 06:14:48,completed,6753.75
5198,41,2024-04-05 13:11:40,completed,352.39
5199,188,2023-08-09 17:26:18,completed,2338.64
5200,391,2024-07-22 13:18:45,cancelled,788.74
5201,123,2024-10-09 12:33:57,completed,1832.78
5202,139,2024-12-18 11:29:03,processing,3292.52
5203,253,2023-12-29 05:15:54,completed,2080.54
5204,404,2024-08-24 01:26:51,completed,5359.63
5205,172,2024-08-29 02:38:50,completed,5377.45
5206,143,2024-07-07 15:00:36,completed,1440.46
5207,178,2024-06-10 07:41:24,completed,5790.7
5208,125,2024-02-08 12:14:11,completed,641.56
5209,407,2024-09-10 11:18:42,completed,1130.54
5210,275,2024-04-04 07:18:40,completed,347.03
5211,354,2024-01-22 04:04:00,completed,693.04
5212,234,2024-06-04 11:08:14,processing,4364.93
5213,221,2024-12-25 13:39:59,completed,6570.87
5214,454,2024-03-10 23:09:11,processing,11422.96
5215,145,2024-01-31 11:34:46,completed,244.37
5216,432,2024-02-16 11:03:56,processing,10859.09
5217,233,2024-01-20 03:07:48,completed,1565.34
5218,90,2023-03-08 05:32:52,completed,11020.97
5219,57,2023-01-21 06:27:32,completed,1777.35
5220,93,2023-11-10 13:56:07,completed,4075.22
5221,330,2023-09-03 07:57:42,completed,1630.79
5222,386,2023-01-15 18:17:17,completed,1782.16
5223,75,2024-08-24 20:03:55,completed,2187.6
5224,109,2024-08-21 15:28:30,completed,5244.29
5225,108,2024-04-19 06:07:01,completed,691.19
5226,56,2023-05-07 06:08:13,completed,2750.53
5227,267,2023-11-15 04:18:09,completed,2209.22
5228,363,2023-02-28 17:58:16,completed,10841.72
5229,229,2023-10-09 11:44:21,completed,396.01
5230,338,2024-10-05 09:25:55,completed,2421.53
5231,132,2023-12-01 14:24:03,completed,4155.53
5232,391,2023-06-14 03:43:50,completed,465.68
5233,423,2024-02-28 21:11:50,cancelled,1789.96
5234,462,2024-01-04 17:56:21,completed,1365.6
5235,215,2024-11-04 23:45:30,completed,426.85
5236,231,2024-05-07 05:42:14,completed,416.1
5237,414,2023-04-24 12:34:36,cancelled,387.2
5238,276,2023-01-29 22:46:58,completed,322.38
5239,482,2024-05-21 03:28:10,completed,18266.98
5240,141,2023-05-25 03:07:54,completed,2196.97
5241,203,2023-11-28 00:34:12,completed,534.64
5242,138,2023-11-16 22:02:28,completed,13174.98
5243,102,2024-12-02 11:06:18,completed,281.04
5244,53,2023-09-02 18:46:54,processing,619.41
5245,182,2024-02-10 13:20:18,completed,6166.86
5246,263,2023-11-12 21:51:38,shipped,4406.25
5247,90,2024-07-06 07:51:43,processing,3182.22
5248,375,2024-06-19 00:32:54,completed,914.72
5249,468,2023-02-24 23:22:33,processing,1683.79
5250,190,2024-12-06 00:19:30,completed,600.91
5251,466,2024-07-14 00:27:44,completed,182.43
5252,396,2023-01-18 01:47:39,completed,583.67
5253,105,2023-09-06 15:46:04,completed,1930.25
5254,233,2023-04-17 00:22:26,completed,5641.42
5255,169,2024-06-01 18:33:12,completed,15696.44
5256,247,2024-01-08 18:44:26,completed,10963.23
5257,127,2024-03-14 03:51:57,completed,901.03
5258,442,2023-05-22 09:33:07,processing,496.72
5259,138,2024-01-26 01:48:34,completed,279.43
5260,220,2023-11-10 17:58:44,completed,10078.02
5261,77,2023-09-08 19:48:03,completed,465.68
5262,316,2023-08-06 11:38:59,shipped,10242.95
5263,271,2023-07-30 23:23:14,completed,298.62
5264,298,2024-07-22 15:28:27,completed,10434.75
5265,249,2023-02-10 12:14:19,completed,1068.67
5266,493,2024-02-05 15:26:29,completed,269.1
5267,184,2024-11-10 23:31:29,completed,9472.84
5268,499,2024-02-07 07:58:35,cancelled,284.58
5269,111,2023-11-06 00:10:40,cancelled,1885.95
5270,39,2024-04-18 09:48:54,completed,1399.87
5271,275,2024-03-18 15:09:45,completed,1501.28
5272,266,2023-06-17 05:27:05,completed,705.76
5273,322,2023-05-14 15:50:42,completed,281.44
5274,385,2023-10-16 14:58:27,completed,121.09
5275,303,2024-08-31 01:28:30,processing,3177.22
5276,370,2023-04-27 09:12:16,completed,146.45
5277,369,2024-09-20 06:45:00,completed,852.52
5278,261,2024-11-15 06:19:27,completed,352.39
5279,387,2024-07-13 10:02:57,completed,658.71
5280,381,2023-02-12 08:17:10,completed,677.07
5281,286,2024-06-01 18:42:37,completed,279.16
5282,28,2024-10-21 19:46:13,completed,1043.64
5283,44,2024-03-29 17:54:45,completed,1320.74
5284,248,2023-10-15 06:50:37,completed,137.26
5285,488,2024-07-08 06:31:49,completed,208.91
5286,239,2023-05-27 04:34:41,completed,1722.0
5287,453,2023-07-12 02:08:22,shipped,10649.59
5288,468,2024-03-22 16:25:11,cancelled,4666.26
5289,74,2024-07-12 03:36:55,cancelled,131.19
5290,155,2024-03-07 15:26:43,completed,152.83
5291,74,2023-12-25 08:23:41,completed,243.55
5292,231,2024-02-18 21:33:40,completed,1041.56
5293,274,2024-03-23 12:12:58,completed,1851.23
5294,152,2024-04-18 13:39:41,completed,414.37
5295,6,2024-03-14 19:50:47,completed,11231.76
5296,484,2023-05-25 06:07:42,completed,14234.86
5297,74,2024-04-16 03:53:32,completed,137.08
5298,467,2023-07-11 01:50:57,cancelled,596.43
5299,80,2024-10-19 20:46:15,completed,346.02
5300,40,2023-11-13 09:05:10,completed,2437.01
5301,466,2023-06-30 19:33:33,completed,6598.58
5302,472,2023-07-28 12:28:07,shipped,2059.06
5303,368,2024-10-08 02:09:35,completed,507.62
5304,37,2023-04-10 10:11:06,completed,660.84
5305,407,2024-12-04 19:57:31,completed,1823.89
5306,87,2023-01-04 21:53:01,completed,829.1
5307,41,2023-03-14 07:06:22,completed,1181.94
5308,180,2024-12-12 07:20:46,completed,3898.85
5309,182,2023-06-19 11:48:18,completed,800.69
5310,114,2023-04-01 10:19:21,completed,1801.01
5311,222,2024-06-26 17:23:12,completed,295.83
5312,241,2024-04-08 06:29:17,processing,11983.22
5313,34,2023-12-23 09:26:51,processing,3881.64
5314,375,2024-11-19 05:06:57,processing,1140.36
5315,38,2023-07-24 17:17:39,completed,1713.97
5316,256,2024-06-17 04:06:32,completed,2107.28
5317,310,2023-01-28 05:02:03,completed,226.89
5318,336,2023-04-22 07:35:03,completed,330.73
5319,369,2023-12-28 04:53:22,completed,835.06
5320,13,2024-06-09 13:57:43,completed,2290.91
5321,433,2024-09-28 18:20:14,shipped,5918.44
5322,239,2024-02-04 20:57:12,processing,2444.63
5323,127,2024-12-14 02:03:32,completed,280.14
5324,199,2024-09-07 02:09:36,completed,6047.34
5325,71,2024-10-29 09:01:59,completed,802.67
5326,69,2024-07-14 02:50:30,completed,1697.83
5327,103,2024-06-14 21:51:02,completed,184.75
5328,225,2024-11-04 07:33:48,completed,1780.78
5329,52,2023-09-21 16:37:48,completed,7587.99
5330,221,2023-09-11 13:17:10,completed,10523.08
5331,249,2023-11-06 02:17:26,processing,522.7
5332,285,2024-07-16 10:53:17,completed,490.35
5333,134,2023-03-04 05:21:50,completed,1068.67
5334,259,2024-04-07 08:06:23,processing,1088.9
5335,88,2024-08-05 21:18:31,shipped,3731.48
5336,35,2024-06-29 20:17:35,completed,862.41
5337,299,2024-10-23 02:34:00,completed,2346.56
5338,314,2024-07-22 03:17:45,completed,1853.88
5339,228,2024-04-19 15:58:54,completed,764.68
5340,135,2023-04-09 14:46:08,completed,61.32
5341,172,2023-04-26 11:57:15,completed,421.84
5342,413,2023-12-12 08:37:35,completed,482.06
5343,389,2024-03-08 14:14:51,completed,723.77
5344,488,2024-05-31 14:06:56,completed,7006.22
5345,235,2024-06-15 20:52:07,completed,3402.97
5346,282,2023-01-11 07:11:28,completed,1142.16
5347,126,2023-04-08 23:14:40,completed,769.25
5348,192,2024-05-08 18:46:05,completed,113.29
5349,319,2023-06-09 08:58:31,cancelled,3522.07
5350,189,2023-03-24 14:32:34,completed,1504.11
5351,412,2023-08-15 15:52:20,processing,421.95
5352,158,2023-03-10 20:10:23,completed,3002.16
5353,368,2023-10-03 17:07:25,completed,1643.52
5354,366,2023-03-04 17:20:19,completed,691.19
5355,220,2023-09-09 15:44:52,processing,301.08
5356,133,2024-03-14 04:37:49,completed,182.48
5357,115,2024-11-26 03:00:04,completed,417.18
5358,55,2024-04-26 21:19:50,completed,1632.18
5359,190,2023-04-02 23:46:42,completed,3337.11
5360,70,2024-01-16 22:20:21,shipped,2193.58
5361,499,2023-02-04 08:21:12,processing,5157.85
5362,285,2024-03-14 15:26:24,processing,7194.62
5363,86,2023-05-14 13:37:24,processing,1233.09
5364,242,2023-02-28 05:58:03,completed,1096.32
5365,115,2023-04-30 08:54:02,completed,1900.52
5366,412,2023-12-28 03:52:23,cancelled,2473.07
5367,234,2023-07-19 15:03:01,completed,136.01
5368,335,2023-01-16 21:51:07,processing,3094.91
5369,115,2024-05-25 20:35:11,completed,10804.12
5370,168,2024-08-13 03:48:33,completed,224.93
5371,274,2024-09-17 15:32:28,completed,61.24
5372,355,2024-07-09 19:06:55,completed,2451.17
5373,386,2024-01-31 16:44:25,shipped,4653.96
5374,87,2023-04-07 00:37:48,completed,189.96
5375,153,2023-02-14 04:30:13,completed,3254.85
5376,302,2024-01-21 12:00:24,completed,3629.55
5377,454,2023-04-27 20:54:35,completed,263.02
5378,255,2024-07-10 11:26:38,completed,9111.28
5379,314,2024-12-10 02:01:47,completed,5612.31
5380,44,2023-08-20 17:14:23,completed,100.57
5381,399,2023-05-03 21:23:06,processing,3236.88
5382,106,2023-12-09 19:42:10,completed,482.06
5383,208,2023-07-05 14:07:50,completed,182.88
5384,217,2023-08-17 15:26:46,completed,1273.06
5385,273,2023-03-19 00:08:00,completed,1122.77
5386,53,2023-09-08 06:41:45,completed,2397.49
5387,473,2024-04-28 07:07:51,completed,3544.65
5388,409,2024-02-07 13:16:53,completed,958.76
5389,306,2024-12-08 00:02:37,shipped,3474.22
5390,381,2023-07-22 00:00:29,completed,659.3
5391,115,2024-05-24 08:40:43,completed,670.09
5392,276,2024-08-12 21:12:14,completed,730.9
5393,82,2023-06-20 05:49:17,completed,5466.63
5394,441,2024-05-11 18:11:01,completed,654.97
5395,406,2023-09-21 12:10:45,processing,1132.41
5396,347,2024-06-15 01:23:03,completed,7904.33
5397,319,2024-09-29 00:22:55,completed,132.33
5398,148,2024-06-26 15:20:02,completed,1464.42
5399,498,2024-06-24 21:23:44,completed,2250.62
5400,280,2024-08-31 12:29:47,completed,525.55
5401,29,2023-09-12 08:49:24,shipped,300.37
5402,139,2023-04-06 16:39:34,completed,655.51
5403,235,2024-09-20 15:03:05,completed,2059.06
5404,443,2024-07-25 02:47:31,completed,3197.17
5405,167,2024-05-23 08:05:25,cancelled,295.72
5406,461,2023-12-01 01:07:41,completed,1302.08
5407,151,2023-11-06 20:48:15,completed,165.87
5408,253,2024-08-14 00:46:21,completed,2777.67
5409,470,2024-05-28 16:09:58,completed,394.36
5410,309,2023-08-02 03:18:33,completed,2294.91
5411,470,2023-07-27 22:13:01,completed,3181.3
5412,384,2024-05-09 08:32:01,completed,1531.41
5413,339,2023-04-27 19:38:36,completed,1479.3
5414,298,2024-12-14 23:20:57,completed,293.85
5415,108,2023-01-06 00:08:47,completed,1260.44
5416,380,2024-02-15 20:53:27,completed,999.14
5417,461,2024-12-03 11:09:15,completed,582.97
5418,243,2024-04-29 10:13:05,completed,886.97
5419,360,2023-08-11 10:13:50,completed,1261.24
5420,191,2024-04-02 05:20:22,completed,703.99
5421,59,2023-09-16 04:50:17,completed,703.99
5422,399,2023-08-03 22:17:40,completed,1059.92
5423,282,2023-03-10 22:51:38,completed,283.36
5424,274,2023-08-04 15:05:35,completed,3378.62
5425,241,2024-12-24 08:55:51,completed,670.09
5426,493,2024-06-06 08:39:22,completed,911.3
5427,145,2023-04-18 09:29:59,completed,6900.88
5428,404,2023-10-28 08:30:46,completed,165.39
5429,441,2023-05-01 05:25:25,completed,1121.92
5430,235,2024-01-01 01:17:22,processing,1613.8
5431,242,2024-05-25 04:10:06,completed,387.2
5432,396,2024-02-26 04:24:30,completed,2635.67
5433,334,2024-05-18 16:54:43,completed,3836.87
5434,251,2024-07-07 04:47:14,completed,1886.62
5435,200,2024-03-20 14:03:02,completed,2765.08
5436,347,2024-07-31 10:33:50,completed,2630.04
5437,73,2024-03-15 03:10:37,completed,1961.38
5438,59,2024-04-29 01:59:20,completed,562.08
5439,359,2024-02-15 19:30:34,completed,2149.85
5440,232,2024-02-22 21:50:57,completed,717.53
5441,397,2023-05-27 00:46:17,completed,2451.52
5442,233,2023-12-05 09:18:22,processing,224.93
5443,467,2024-11-05 03:23:01,completed,465.68
5444,304,2024-03-10 22:48:51,completed,2867.47
5445,500,2024-06-14 09:22:40,completed,2542.32
5446,321,2024-10-10 02:01:18,completed,5710.47
5447,310,2023-05-03 21:36:14,completed,1061.69
5448,393,2024-06-24 23:22:48,processing,2089.23
5449,147,2023-05-05 23:52:57,completed,434.54
5450,245,2023-02-17 21:27:08,completed,2071.0
5451,48,2024-12-27 06:30:08,processing,1731.47
5452,305,2023-11-08 23:28:47,completed,8406.96
5453,128,2023-08-29 08:36:53,completed,1144.58
5454,261,2023-06-07 11:41:00,processing,1166.47
5455,429,2024-04-11 13:02:31,completed,209.71
5456,11,2023-07-31 08:50:51,completed,3300.01
5457,468,2024-07-19 03:48:58,processing,5946.95
5458,248,2023-10-05 00:13:34,completed,3276.5
5459,111,2024-09-06 11:55:40,completed,1440.21
5460,41,2024-02-11 11:48:24,completed,4403.64
5461,67,2023-01-03 10:34:39,processing,1948.95
5462,325,2023-06-01 14:16:40,completed,182.48
5463,12,2024-05-19 16:13:39,completed,1509.14
5464,142,2023-08-07 08:09:18,processing,2750.88
5465,267,2024-06-21 17:44:49,completed,2212.49
5466,327,2024-05-05 12:13:44,completed,2708.93
5467,413,2023-01-01 16:14:58,completed,7188.11
5468,396,2023-11-14 06:09:08,completed,3766.84
5469,493,2024-06-29 14:35:38,completed,1921.68
5470,8,2024-08-20 06:18:17,completed,5509.09
5471,443,2024-05-24 23:16:06,completed,1402.1
5472,373,2024-04-01 10:55:06,processing,3689.22
5473,12,2023-12-11 08:26:26,processing,1851.23
5474,34,2023-08-31 22:25:44,completed,5429.43
5475,385,2023-09-23 21:08:46,processing,2340.24
5476,207,2023-07-15 16:39:54,completed,2330.31
5477,339,2024-09-20 01:59:56,completed,1852.06
5478,456,2023-07-10 15:45:03,completed,413.61
5479,312,2024-09-17 00:34:01,completed,292.17
5480,399,2024-01-08 11:13:16,completed,1446.36
5481,216,2024-07-22 05:07:47,completed,2108.41
5482,493,2024-03-29 01:44:51,completed,1939.62
5483,261,2023-04-16 20:05:34,completed,11387.6
5484,478,2024-06-04 03:25:44,completed,461.91
5485,75,2023-03-29 10:02:56,completed,131.51
5486,387,2024-09-25 13:49:41,completed,2580.78
5487,454,2024-06-20 05:05:26,completed,5438.49
5488,37,2023-01-25 10:13:01,completed,5525.85
5489,486,2023-06-29 20:27:39,cancelled,1843.58
5490,350,2023-08-25 20:21:17,completed,3537.66
5491,144,2024-05-04 13:15:29,processing,1718.32
5492,9,2023-05-11 13:29:15,completed,2288.91
5493,260,2023-01-14 10:50:18,completed,2205.37
5494,176,2024-03-06 21:17:24,completed,421.1
5495,337,2024-03-20 01:45:43,completed,3365.69
5496,28,2023-07-08 16:12:42,completed,338.12
5497,53,2023-10-22 15:58:11,completed,214.88
5498,141,2024-01-25 04:00:02,completed,121.09
5499,57,2023-05-26 15:31:39,completed,3432.63
5500,178,2024-09-30 01:16:43,completed,5754.91
5501,348,2024-03-23 15:18:19,completed,4834.27
5502,172,2024-05-13 02:58:52,completed,739.1
5503,319,2023-01-25 05:06:57,completed,564.14
5504,366,2024-10-16 08:19:47,completed,1960.25
5505,373,2023-04-25 20:47:56,cancelled,685.51
5506,286,2023-08-01 23:59:21,completed,2059.06
5507,429,2023-11-25 04:27:32,completed,1851.23
5508,57,2023-05-11 15:31:32,completed,704.78
5509,176,2023-04-14 21:35:55,completed,7692.9
5510,105,2024-11-02 18:55:33,completed,717.54
5511,16,2024-09-24 20:37:32,completed,803.58
5512,232,2024-12-26 21:50:16,completed,6856.93
5513,478,2023-07-16 05:53:10,completed,13693.64
5514,243,2023-12-18 02:11:30,completed,2075.88
5515,150,2024-06-27 12:10:19,processing,5179.59
5516,167,2024-04-06 15:13:35,completed,1713.97
5517,254,2024-01-13 21:57:04,completed,126.51
5518,313,2023-07-01 05:03:52,completed,793.47
5519,215,2023-06-26 04:20:42,completed,4300.5
5520,33,2024-02-23 16:19:52,shipped,1009.47
5521,460,2024-09-03 23:46:48,completed,5033.37
5522,200,2024-05-18 11:26:53,completed,823.11
5523,266,2024-12-11 02:37:47,completed,403.7
5524,351,2023-10-07 15:41:19,processing,12183.18
5525,326,2024-07-25 07:21:34,completed,2080.08
5526,112,2024-12-16 06:19:08,processing,10688.95
5527,71,2023-08-09 21:48:00,completed,7390.26
5528,422,2023-12-15 06:33:54,completed,11313.9
5529,35,2024-11-28 12:12:57,completed,895.21
5530,453,2024-12-03 01:09:17,shipped,747.63
5531,127,2023-07-27 06:26:39,processing,7255.27
5532,393,2024-09-11 09:36:56,completed,4033.61
5533,241,2024-09-16 15:55:12,cancelled,689.52
5534,465,2023-07-26 02:41:00,processing,1013.98
5535,204,2024-06-30 05:42:09,processing,622.12
5536,439,2023-05-03 06:34:00,shipped,229.29
5537,168,2024-04-30 03:45:36,completed,1584.69
5538,109,2024-06-11 11:33:04,completed,7171.22
5539,5,2024-08-15 20:27:40,completed,118.65
5540,482,2024-12-13 07:02:25,completed,631.5
5541,86,2023-10-06 03:44:37,completed,2419.81
5542,121,2024-08-17 05:27:54,processing,104.4
5543,366,2023-03-01 16:11:49,completed,8457.23
5544,481,2023-12-07 09:54:14,processing,279.43
5545,17,2024-07-27 23:48:55,processing,3221.13
5546,22,2023-12-10 15:27:42,processing,1457.37
5547,9,2024-03-24 10:33:09,completed,9694.02
5548,84,2024-09-15 22:36:50,completed,2379.77
5549,178,2024-06-07 09:44:20,completed,1478.08
5550,80,2023-07-14 15:33:31,completed,3334.8
5551,343,2023-09-25 21:14:31,processing,752.73
5552,489,2023-03-16 19:45:06,completed,92.66
5553,364,2023-03-16 11:36:58,completed,4406.05
5554,228,2023-12-31 19:39:56,completed,2412.18
5555,336,2024-09-22 12:51:04,completed,11641.57
5556,488,2024-04-24 15:54:35,completed,1092.57
5557,488,2023-04-20 12:33:21,completed,574.32
5558,108,2024-02-20 16:51:46,shipped,767.38
5559,332,2023-09-03 17:19:56,completed,1281.68
5560,490,2024-08-27 19:03:57,completed,7083.41
5561,123,2024-12-17 09:07:28,shipped,2382.32
5562,252,2023-05-19 22:35:41,processing,852.93
5563,329,2023-12-04 04:26:09,completed,7169.85
5564,494,2024-06-11 07:09:40,cancelled,863.74
5565,10,2023-02-27 01:45:47,completed,104.4
5566,363,2023-06-20 00:48:46,completed,815.61
5567,46,2023-04-12 11:34:30,completed,137.64
5568,185,2024-10-21 20:50:30,completed,502.99
5569,117,2023-02-26 12:11:56,completed,1105.56
5570,24,2024-04-17 18:45:25,completed,1296.02
5571,200,2023-08-07 09:29:22,shipped,9651.82
5572,142,2024-05-18 10:37:13,completed,13187.52
5573,6,2023-09-15 18:56:21,completed,525.55
5574,419,2024-05-14 11:21:50,completed,26408.46
5575,297,2024-05-15 23:32:01,completed,1969.51
5576,448,2024-10-18 11:33:02,completed,857.06
5577,154,2023-09-20 12:24:55,completed,296.56
5578,135,2024-11-16 15:46:53,completed,490.35
5579,94,2024-03-30 05:36:49,shipped,3822.51
5580,270,2024-06-27 18:00:51,completed,677.12
5581,106,2023-03-11 06:55:31,completed,7025.83
5582,276,2023-11-08 20:04:54,shipped,406.08
5583,298,2023-08-23 04:36:37,shipped,3626.78
5584,86,2024-04-16 09:52:23,processing,3738.47
5585,205,2024-09-24 14:47:38,completed,996.28
5586,222,2023-12-10 14:01:48,completed,1284.03
5587,474,2024-11-14 11:40:42,completed,104.4
5588,398,2023-06-03 09:14:57,completed,1320.66
5589,458,2023-11-22 07:49:08,completed,107.47
5590,317,2024-11-16 20:32:15,processing,8036.99
5591,249,2023-02-22 21:59:15,completed,7166.32
5592,91,2023-01-03 20:27:44,completed,1036.45
5593,86,2023-01-29 16:30:49,completed,6292.4
5594,320,2024-12-18 23:32:44,completed,9078.49
5595,304,2024-05-10 15:27:43,completed,1222.63
5596,203,2024-02-03 13:57:19,completed,6828.37
5597,119,2024-09-26 20:30:33,completed,1018.0
5598,434,2023-06-12 22:22:44,completed,1423.43
5599,465,2023-11-24 09:13:37,cancelled,1997.67
5600,375,2024-11-06 12:19:48,cancelled,266.45
5601,447,2024-11-22 06:43:43,completed,971.99
5602,313,2024-11-04 12:08:51,cancelled,7584.06
5603,61,2023-12-14 12:56:33,completed,2521.82
5604,190,2024-06-10 02:50:36,completed,131.51
5605,254,2023-12-08 15:37:46,completed,867.11
5606,447,2023-01-20 06:58:11,completed,3519.34
5607,471,2023-12-01 22:26:46,completed,636.69
5608,405,2024-01-27 20:42:11,completed,3651.66
5609,490,2023-04-29 07:02:36,completed,2408.24
5610,68,2023-02-19 22:02:41,completed,269.1
5611,366,2024-02-16 08:20:10,cancelled,248.61
5612,262,2023-07-08 17:58:56,completed,2348.67
5613,198,2023-12-26 02:26:31,completed,301.08
5614,255,2024-10-31 11:33:40,shipped,7591.03
5615,175,2023-05-28 14:56:41,completed,8325.43
5616,157,2024-10-06 21:14:47,completed,113.29
5617,4,2023-09-09 14:15:07,completed,44.98
5618,500,2023-07-28 10:54:11,completed,3694.48
5619,89,2023-04-28 07:18:19,completed,17431.32
5620,131,2023-09-06 00:18:28,completed,1909.19
5621,202,2023-03-19 20:56:22,cancelled,1593.06
5622,445,2023-02-07 20:29:46,completed,165.39
5623,411,2023-06-13 12:53:57,completed,1968.21
5624,109,2023-11-27 05:52:59,completed,465.68
5625,124,2024-09-24 18:05:20,completed,3059.36
5626,184,2023-01-10 10:17:44,completed,7193.92
5627,450,2023-06-05 20:49:38,completed,1333.37
5628,136,2023-05-09 13:09:24,processing,2811.08
5629,77,2023-12-12 04:42:23,completed,6133.91
5630,222,2024-06-15 13:59:32,completed,7324.09
5631,86,2023-08-09 00:39:00,cancelled,66.67
5632,217,2023-12-06 22:48:59,completed,105.53
5633,315,2024-12-08 11:13:49,completed,680.77
5634,58,2024-06-25 13:46:24,completed,1864.79
5635,20,2024-07-30 23:23:40,completed,4631.61
5636,497,2024-09-20 06:09:21,completed,3242.19
5637,279,2023-09-21 23:34:57,completed,1103.62
5638,399,2023-09-18 07:39:29,completed,209.71
5639,490,2023-02-04 11:55:41,completed,96.42
5640,389,2023-02-06 09:35:06,processing,2228.13
5641,177,2024-09-28 14:24:37,cancelled,869.94
5642,126,2024-02-07 09:23:10,completed,703.99
5643,244,2023-03-29 23:48:24,processing,7594.97
5644,43,2024-07-01 16:43:58,completed,2121.65
5645,9,2023-08-22 03:38:42,completed,6576.54
5646,440,2024-12-23 05:23:21,completed,126.51
5647,286,2024-09-21 13:06:28,processing,3085.18
5648,71,2024-03-21 01:05:47,completed,1316.0
5649,423,2023-09-11 07:58:27,completed,2672.14
5650,339,2024-11-09 07:02:54,completed,9607.19
5651,423,2024-11-09 08:05:38,completed,394.36
5652,364,2023-11-17 22:20:06,shipped,3786.85
5653,235,2023-03-15 16:23:33,completed,3755.91
5654,210,2023-10-12 03:18:34,completed,7844.91
5655,485,2024-03-10 01:24:36,completed,1643.52
5656,392,2023-04-27 21:43:39,completed,394.39
5657,414,2024-10-07 05:05:41,completed,3025.78
5658,119,2023-08-02 08:53:20,completed,2291.31
5659,318,2024-03-20 06:09:04,completed,716.08
5660,459,2023-11-10 21:28:02,completed,1899.12
5661,447,2023-11-29 07:32:09,cancelled,687.06
5662,443,2023-05-05 23:53:53,completed,848.19
5663,196,2023-02-25 04:06:53,completed,7721.45
5664,2,2023-03-11 13:12:19,completed,3696.15
5665,227,2023-05-02 03:06:46,completed,387.2
5666,61,2024-04-19 12:28:28,completed,8303.2
5667,185,2024-03-28 12:18:35,completed,1789.96
5668,345,2024-03-28 10:28:02,completed,375.6
5669,421,2023-02-10 22:48:16,completed,2882.05
5670,323,2023-05-07 16:57:49,completed,7860.12
5671,292,2024-04-14 00:22:07,completed,1709.7
5672,119,2024-01-04 17:25:36,completed,6033.92
5673,236,2023-03-17 01:13:54,completed,2895.69
5674,365,2024-07-01 10:28:37,completed,862.4
5675,61,2023-04-25 05:57:22,completed,1051.5
5676,345,2023-07-28 03:11:58,completed,932.44
5677,490,2023-02-21 13:59:46,completed,6753.75
5678,72,2023-12-17 15:48:03,completed,3135.38
5679,250,2024-10-12 14:39:15,completed,589.02
5680,394,2024-03-28 15:52:47,completed,1186.62
5681,391,2023-12-11 23:02:40,completed,92.66
5682,355,2024-10-24 00:52:29,processing,945.38
5683,41,2024-03-12 19:27:19,completed,418.26
5684,118,2023-11-14 07:03:26,completed,2058.94
5685,135,2023-08-02 04:33:08,completed,4621.85
5686,48,2023-07-28 04:23:12,completed,416.74
5687,140,2023-02-13 10:19:22,completed,417.05
5688,270,2024-08-20 12:35:42,processing,902.06
5689,281,2024-08-02 09:27:07,completed,3838.16
5690,186,2023-06-09 21:25:12,completed,1011.7
5691,195,2023-09-14 15:58:17,completed,415.34
5692,107,2023-06-13 16:22:54,completed,14763.74
5693,390,2023-10-24 08:46:26,processing,197.86
5694,394,2023-05-01 04:44:29,completed,1263.19
5695,489,2023-01-16 08:49:26,completed,418.81
5696,49,2024-08-28 16:09:32,processing,730.38
5697,257,2023-07-23 18:24:59,completed,644.72
5698,114,2023-02-04 12:22:30,completed,7235.1
5699,1,2023-03-12 01:54:11,completed,926.95
5700,60,2023-08-07 02:10:26,completed,621.54
5701,353,2024-09-20 08:49:18,completed,701.46
5702,203,2024-09-22 10:09:24,completed,2870.81
5703,146,2023-12-16 05:25:47,completed,2700.19
5704,379,2023-08-09 22:11:39,completed,414.37
5705,387,2023-08-14 16:15:40,completed,1499.06
5706,199,2023-07-14 22:16:57,completed,10115.24
5707,290,2023-10-05 01:59:11,completed,6254.77
5708,149,2023-04-19 10:59:31,processing,324.54
5709,465,2023-12-22 19:13:15,cancelled,2324.66
5710,22,2024-07-20 12:23:19,completed,1698.12
5711,346,2023-03-21 19:01:08,completed,7182.96
5712,162,2024-02-11 08:48:03,completed,249.37
5713,193,2024-03-02 09:25:33,completed,449.82
5714,197,2023-12-03 16:24:15,completed,297.8
5715,207,2023-12-08 04:13:31,completed,2372.23
5716,462,2023-09-18 18:33:07,completed,3002.33
5717,68,2023-02-07 21:12:41,completed,489.84
5718,173,2024-12-20 23:06:52,completed,190.33
5719,439,2023-02-28 09:15:05,completed,6570.87
5720,248,2024-08-18 12:36:59,completed,9475.68
5721,489,2024-07-29 13:34:50,completed,1929.58
5722,81,2023-06-30 13:39:42,processing,608.96
5723,440,2024-11-15 09:45:18,completed,1713.97
5724,409,2023-07-01 05:22:24,completed,1396.33
5725,125,2024-07-16 04:39:48,processing,4826.01
5726,326,2024-03-14 16:17:48,completed,958.76
5727,209,2024-06-29 19:08:24,completed,175.91
5728,201,2023-09-30 05:24:18,completed,37.31
5729,85,2024-11-25 02:45:50,completed,162.27
5730,235,2023-05-10 05:12:39,processing,1220.94
5731,208,2023-08-17 01:00:52,shipped,244.37
5732,63,2023-07-29 13:31:30,completed,241.26
5733,192,2024-12-13 15:35:50,completed,583.67
5734,367,2023-04-25 16:38:13,completed,2261.92
5735,43,2023-01-04 01:17:51,cancelled,660.84
5736,38,2024-12-22 15:19:55,completed,20038.06
5737,8,2024-12-28 17:32:39,completed,8771.26
5738,60,2024-12-08 19:59:53,completed,938.28
5739,178,2024-02-29 16:31:10,completed,104.4
5740,449,2023-08-14 00:46:39,completed,415.77
5741,229,2024-01-19 19:19:46,processing,2465.02
5742,182,2024-12-29 16:28:27,completed,302.27
5743,290,2023-05-08 02:48:30,completed,868.52
5744,308,2023-07-28 15:07:09,completed,764.68
5745,444,2023-03-17 12:46:16,completed,2026.72
5746,253,2023-07-13 06:26:34,completed,704.43
5747,199,2023-12-06 13:31:11,completed,1266.07
5748,362,2023-07-15 14:09:54,completed,140.92
5749,213,2024-10-05 01:15:48,completed,660.84
5750,441,2023-02-21 07:24:59,completed,4447.97
5751,46,2024-12-23 03:06:16,completed,280.14
5752,141,2023-09-12 12:23:39,completed,1818.53
5753,119,2024-01-18 07:32:27,processing,12927.56
5754,158,2024-05-10 01:56:07,completed,1085.93
5755,326,2023-03-26 18:55:37,completed,1713.97
5756,107,2024-05-18 07:08:29,processing,2074.44
5757,46,2024-10-07 13:23:10,completed,1199.04
5758,380,2024-06-22 01:46:35,completed,404.5
5759,269,2024-10-12 04:22:12,completed,2176.28
5760,8,2023-09-04 01:50:42,processing,1789.96
5761,108,2024-10-05 07:30:51,completed,956.02
5762,97,2024-02-08 12:26:28,completed,1481.74
5763,212,2024-12-08 04:10:16,completed,211.44
5764,242,2023-11-07 15:28:09,completed,1757.27
5765,11,2024-06-25 14:27:16,completed,4387.31
5766,377,2023-07-15 21:02:11,completed,2659.97
5767,214,2023-02-12 19:25:07,completed,1247.66
5768,198,2024-02-08 22:22:54,completed,510.12
5769,331,2023-03-08 17:00:50,completed,794.25
5770,178,2023-11-26 02:11:39,processing,1304.04
5771,227,2024-08-18 22:20:01,completed,602.41
5772,401,2024-07-01 23:20:03,completed,939.21
5773,23,2024-08-13 13:51:35,cancelled,1844.96
5774,401,2023-05-06 04:54:30,completed,3544.65
5775,432,2023-02-09 22:20:45,cancelled,1808.88
5776,170,2024-12-04 05:32:47,completed,298.73
5777,393,2023-06-09 06:56:13,completed,353.61
5778,230,2023-01-24 00:23:11,completed,389.84
5779,353,2024-09-03 11:00:29,completed,1827.27
5780,448,2023-12-02 21:10:37,completed,518.57
5781,233,2023-03-02 08:27:37,completed,3971.3
5782,421,2024-11-04 05:56:26,processing,1939.62
5783,69,2023-09-04 12:22:12,completed,432.6
5784,66,2023-06-26 23:03:30,processing,2570.62
5785,351,2024-11-19 21:40:42,completed,2887.34
5786,495,2023-08-13 19:50:11,completed,893.52
5787,404,2024-09-17 06:39:41,completed,839.88
5788,102,2023-02-13 15:36:49,completed,217.51
5789,390,2023-10-22 05:38:16,completed,2363.29
5790,458,2023-08-25 03:24:19,completed,3864.85
5791,345,2024-02-19 13:00:17,completed,2115.5
5792,403,2023-06-10 17:46:03,completed,687.06
5793,154,2023-01-31 14:58:12,completed,1068.67
5794,491,2023-08-24 14:17:41,completed,3532.96
5795,396,2024-03-16 00:06:44,completed,1440.46
5796,319,2024-06-23 01:33:08,completed,352.39
5797,102,2023-08-15 19:50:39,completed,3786.85
5798,68,2024-07-15 08:15:25,shipped,1893.0
5799,82,2023-03-25 06:54:21,completed,5474.8
5800,435,2023-11-21 00:43:16,processing,1898.21
5801,400,2023-08-03 23:12:00,completed,3581.24
5802,274,2023-12-07 14:10:26,completed,1740.69
5803,335,2024-11-12 05:42:19,completed,389.84
5804,5,2024-02-04 12:27:13,completed,1131.36
5805,165,2024-07-17 12:38:22,processing,1777.35
5806,290,2023-03-09 17:07:20,completed,5152.12
5807,109,2023-09-02 07:22:47,completed,1197.54
5808,217,2024-04-18 03:02:01,processing,1559.63
5809,184,2024-11-14 10:34:27,completed,737.14
5810,12,2023-09-21 23:40:46,completed,12142.81
5811,462,2023-03-17 10:38:30,cancelled,5429.43
5812,308,2024-01-28 17:50:05,cancelled,583.67
5813,29,2024-07-16 11:42:59,completed,371.93
5814,77,2024-10-15 16:35:50,processing,1318.18
5815,489,2023-11-17 22:30:15,completed,604.8
5816,169,2024-04-02 02:41:57,completed,1187.31
5817,253,2023-12-04 23:57:20,completed,1230.94
5818,314,2023-06-24 09:56:51,completed,3429.01
5819,145,2023-07-11 09:53:17,completed,6657.33
5820,69,2024-04-28 23:54:49,completed,1385.46
5821,194,2024-09-17 17:20:31,completed,303.79
5822,171,2023-03-11 01:27:50,completed,564.14
5823,261,2024-03-18 03:29:01,processing,224.18
5824,194,2023-11-06 18:50:34,completed,2162.03
5825,490,2024-10-10 20:37:40,completed,2154.82
5826,109,2023-02-01 19:02:49,completed,6095.12
5827,350,2024-08-14 19:22:50,completed,5276.92
5828,78,2024-02-22 14:15:58,completed,12137.12
5829,247,2023-06-06 18:00:07,cancelled,891.31
5830,117,2023-10-17 06:40:16,completed,1048.76
5831,82,2024-12-29 06:45:28,completed,378.07
5832,492,2023-05-23 23:31:50,completed,4462.51
5833,190,2023-10-16 17:23:32,completed,5525.85
5834,423,2024-06-19 10:59:11,completed,269.75
5835,208,2024-01-12 22:30:57,completed,1111.72
5836,15,2023-06-16 05:36:38,processing,849.27
5837,213,2023-03-20 05:52:12,cancelled,269.1
5838,331,2023-04-14 21:10:59,completed,823.11
5839,332,2024-10-13 18:27:37,processing,1451.66
5840,113,2024-10-06 22:28:33,completed,465.68
5841,297,2024-11-23 08:17:53,completed,3232.4
5842,151,2023-03-30 17:05:51,processing,923.77
5843,82,2023-10-08 09:30:14,completed,13324.73
5844,430,2024-05-20 21:51:44,cancelled,1777.35
5845,240,2023-01-18 17:34:48,cancelled,490.35
5846,125,2023-09-26 15:19:26,completed,298.62
5847,483,2024-04-19 06:00:09,shipped,327.69
5848,296,2023-02-05 20:25:55,completed,3651.66
5849,334,2024-04-17 21:16:48,completed,533.54
5850,292,2024-08-18 11:51:51,completed,651.4
5851,425,2024-07-28 03:53:35,completed,108.37
5852,463,2023-10-14 08:47:18,completed,2115.26
5853,352,2024-12-28 14:42:24,completed,2651.9
5854,76,2024-06-21 20:00:42,completed,637.27
5855,388,2023-10-23 03:59:27,completed,2204.2
5856,281,2024-06-14 07:08:38,completed,1711.79
5857,177,2024-11-04 06:22:20,completed,491.15
5858,364,2023-02-25 08:06:43,completed,703.99
5859,43,2024-06-28 18:44:00,completed,696.77
5860,270,2024-02-29 09:32:09,completed,1858.4
5861,317,2024-03-07 15:49:40,completed,11069.83
5862,366,2024-02-11 17:01:39,completed,545.88
5863,350,2023-08-03 22:56:39,completed,66.67
5864,304,2023-05-27 11:10:14,completed,1571.03
5865,136,2024-11-25 14:27:07,completed,12885.21
5866,190,2024-08-22 05:45:04,completed,1299.8
5867,436,2023-10-17 19:02:02,shipped,2566.47
5868,457,2023-05-11 16:30:26,completed,224.93
5869,450,2024-04-07 14:30:26,completed,1911.5
5870,2,2024-07-30 05:28:12,completed,7039.81
5871,432,2023-03-29 22:59:46,shipped,1821.06
5872,202,2023-04-18 23:22:33,processing,5862.65
5873,205,2023-06-13 17:44:31,completed,1063.41
5874,184,2024-07-03 20:38:05,completed,2308.87
5875,264,2023-05-11 03:48:57,completed,1757.97
5876,298,2023-10-13 10:45:35,completed,973.23
5877,369,2023-07-05 18:13:24,completed,2211.25
5878,69,2024-04-19 23:32:08,completed,1368.16
5879,445,2023-09-20 00:04:02,completed,195.42
5880,335,2023-06-18 17:46:56,completed,2057.49
5881,356,2024-02-12 02:43:47,completed,2542.57
5882,376,2024-07-23 22:07:06,completed,10022.18
5883,152,2024-01-28 01:00:41,completed,912.7
5884,450,2023-01-25 22:50:55,cancelled,666.52
5885,477,2024-06-23 17:34:56,processing,1361.66
5886,445,2023-02-10 14:02:48,completed,152.85
5887,105,2023-12-02 10:32:27,completed,3807.09
5888,97,2023-10-12 07:29:22,completed,1640.97
5889,298,2024-05-23 04:14:40,completed,1880.34
5890,500,2023-11-22 12:06:46,completed,11187.31
5891,56,2024-07-18 08:34:19,shipped,352.39
5892,205,2024-10-26 07:35:54,completed,207.71
5893,263,2023-11-11 09:51:16,completed,1544.65
5894,61,2024-08-01 17:46:26,completed,295.83
5895,368,2024-08-09 00:14:48,completed,182.48
5896,169,2023-07-06 05:29:06,completed,3803.84
5897,298,2024-04-07 22:12:47,processing,1939.62
5898,242,2024-02-29 03:53:27,completed,1789.96
5899,271,2024-09-23 23:26:41,completed,3654.79
5900,159,2024-05-06 14:58:09,completed,1387.39
5901,281,2023-09-01 10:30:48,completed,895.68
5902,445,2023-02-03 07:16:07,completed,3960.92
5903,50,2023-08-20 08:29:48,completed,2241.01
5904,101,2023-08-04 15:17:15,shipped,335.75
5905,69,2024-06-14 00:27:28,completed,394.36
5906,56,2024-06-24 03:07:37,completed,2807.32
5907,371,2024-05-31 15:03:12,completed,1013.29
5908,267,2024-10-27 17:19:12,processing,861.87
5909,425,2023-03-12 18:58:11,completed,1172.04
5910,239,2024-08-29 10:37:07,completed,184.75
5911,110,2024-12-12 02:56:35,completed,1081.84
5912,299,2024-05-23 18:47:51,completed,1325.13
5913,329,2024-05-07 01:41:42,completed,1264.22
5914,178,2024-05-07 11:33:50,completed,853.98
5915,51,2023-02-02 05:30:22,shipped,1068.67
5916,423,2023-02-16 04:37:53,processing,999.14
5917,152,2024-08-23 20:22:08,shipped,208.91
5918,44,2024-01-19 09:48:09,cancelled,883.17
5919,498,2024-07-13 12:52:02,completed,2840.56
5920,290,2024-12-25 07:02:15,cancelled,720.08
5921,251,2024-12-08 00:08:31,shipped,861.42
5922,240,2023-02-04 09:48:36,completed,450.86
5923,6,2024-11-16 04:54:29,processing,402.25
5924,181,2023-02-16 23:19:50,cancelled,1851.23
5925,452,2024-05-12 04:02:05,completed,1018.63
5926,179,2024-03-05 10:49:30,completed,1562.14
5927,130,2024-07-29 07:02:12,completed,118.65
5928,113,2024-07-18 18:08:06,completed,6978.02
5929,307,2024-11-28 14:07:56,completed,482.06
5930,302,2023-03-14 20:30:08,completed,648.11
5931,50,2023-12-18 20:27:52,completed,1446.15
5932,35,2024-06-13 13:57:13,completed,7301.09
5933,413,2023-08-27 00:10:30,cancelled,905.36
5934,279,2023-11-13 21:20:47,completed,6753.75
5935,408,2023-08-24 14:06:18,processing,2063.12
5936,239,2024-08-06 07:37:15,completed,6132.31
5937,146,2024-03-14 11:40:08,completed,869.84
5938,46,2023-07-03 16:32:30,completed,899.65
5939,138,2023-11-04 11:01:15,processing,1549.26
5940,88,2024-06-28 22:54:37,completed,3012.58
5941,177,2024-03-28 08:07:32,completed,100.57
5942,28,2024-02-06 11:17:21,completed,1213.9
5943,351,2023-03-03 07:28:11,completed,386.86
5944,499,2024-07-14 20:14:14,completed,688.21
5945,260,2024-05-09 02:34:47,shipped,17493.95
5946,231,2023-04-10 07:48:10,completed,208.91
5947,417,2023-03-12 07:19:09,completed,2158.16
5948,258,2024-09-02 12:53:21,completed,3931.85
5949,221,2024-12-01 04:13:45,completed,593.31
5950,405,2023-03-31 09:54:48,completed,182.43
5951,119,2023-06-15 01:01:34,cancelled,1968.21
5952,281,2024-02-02 00:21:07,completed,675.39
5953,164,2023-05-02 15:14:00,completed,1242.0
5954,497,2024-08-03 15:52:48,completed,764.68
5955,358,2023-06-30 01:06:15,completed,2270.82
5956,212,2024-08-07 14:20:00,completed,10985.39
5957,422,2024-05-12 07:53:55,completed,999.14
5958,136,2024-01-07 11:29:32,completed,5459.3
5959,184,2023-02-20 04:25:23,completed,14578.38
5960,339,2024-05-28 00:07:55,shipped,2211.06
5961,156,2023-06-26 01:01:27,completed,966.49
5962,337,2024-04-13 15:42:43,completed,962.88
5963,95,2023-06-15 06:58:36,completed,482.06
5964,171,2024-07-28 04:16:34,shipped,2255.24
5965,335,2023-09-05 17:39:23,processing,263.32
5966,86,2024-04-29 06:31:13,completed,2386.37
5967,77,2023-05-08 14:56:47,cancelled,15794.18
5968,117,2023-03-23 19:54:32,completed,281.04
5969,458,2023-01-13 06:26:03,completed,1186.99
5970,72,2024-05-12 13:53:29,completed,2669.67
5971,238,2024-08-28 09:21:01,completed,2059.76
5972,330,2024-12-16 03:05:21,cancelled,3712.98
5973,442,2024-06-21 19:59:01,completed,211.44
5974,388,2024-08-31 04:46:27,processing,2063.12
5975,448,2024-07-13 21:52:30,completed,621.54
5976,55,2023-06-27 21:49:17,completed,588.67
5977,256,2023-04-14 08:45:02,completed,6570.87
5978,375,2023-01-13 19:18:44,cancelled,7476.49
5979,255,2024-08-16 14:51:19,completed,8280.39
5980,59,2023-07-25 02:11:44,cancelled,1141.88
5981,157,2024-11-06 06:51:16,completed,207.71
5982,429,2024-08-15 03:30:41,completed,1230.94
5983,385,2023-10-01 19:16:40,completed,7904.33
5984,201,2024-09-25 11:15:03,processing,1445.41
5985,308,2023-10-05 19:01:50,completed,6791.06
5986,88,2024-05-27 00:59:01,completed,582.97
5987,261,2024-03-27 01:28:33,completed,2693.42
5988,60,2024-10-19 08:23:17,completed,10340.2
5989,110,2024-11-14 07:05:26,processing,621.54
5990,390,2023-07-26 21:30:41,processing,1711.0
5991,417,2024-03-01 19:00:18,completed,293.85
5992,68,2023-08-25 03:00:07,processing,1365.56
5993,244,2024-11-04 09:22:11,completed,1939.62
5994,252,2023-04-12 01:08:44,processing,2168.25
5995,357,2024-10-15 17:50:46,completed,88.07
5996,299,2024-12-19 16:24:40,completed,687.06
5997,111,2023-09-02 15:32:38,completed,209.71
5998,125,2023-11-24 02:33:42,shipped,6753.75
5999,369,2023-10-09 14:30:49,completed,7904.33
6000,356,2024-05-29 02:56:56,completed,7904.33
6001,385,2023-08-03 08:13:06,completed,623.27
6002,38,2024-11-17 20:37:37,completed,143.75
6003,326,2023-11-27 17:50:33,shipped,7248.01
6004,389,2024-07-04 23:31:50,shipped,7904.33
6005,327,2023-01-04 03:06:36,shipped,2312.36
6006,165,2024-01-23 21:19:59,completed,611.24
6007,450,2023-01-16 10:28:17,completed,12363.99
6008,35,2024-10-18 17:09:34,cancelled,2540.41
6009,475,2024-08-17 08:28:26,completed,46.18
6010,54,2023-09-13 17:58:29,completed,696.77
6011,156,2023-02-04 18:26:02,cancelled,1534.22
6012,494,2023-11-02 14:36:41,completed,9841.44
6013,121,2023-12-22 22:09:50,completed,482.06
6014,498,2024-09-20 18:55:44,processing,298.2
6015,325,2024-06-05 14:37:56,cancelled,327.69
6016,192,2023-09-19 00:00:49,completed,9658.56
6017,256,2024-04-25 23:13:23,processing,2254.7
6018,424,2024-02-04 06:37:41,completed,1424.78
6019,430,2023-12-07 01:35:53,completed,3269.42
6020,6,2023-09-16 11:05:23,completed,2599.64
6021,6,2024-04-14 05:17:02,processing,2793.81
6022,122,2024-11-01 01:14:03,completed,2115.26
6023,363,2023-09-18 05:50:17,completed,714.47
6024,222,2024-01-24 11:25:20,processing,560.15
6025,138,2024-06-26 10:03:32,completed,1713.97
6026,9,2023-04-05 12:15:38,processing,680.77
6027,129,2024-10-07 06:42:46,completed,347.73
6028,241,2023-09-12 08:02:32,completed,985.59
6029,349,2024-11-29 07:43:30,completed,6252.44
6030,271,2023-11-29 10:52:55,completed,1753.1
6031,266,2024-01-19 20:26:34,completed,685.51
6032,107,2023-03-23 19:04:08,completed,9476.66
6033,259,2023-04-03 17:18:30,completed,1526.06
6034,293,2024-02-15 08:56:16,completed,731.83
6035,222,2023-06-29 04:06:01,cancelled,465.68
6036,16,2024-02-27 09:38:02,processing,2371.51
6037,258,2024-02-08 07:55:12,completed,1777.35
6038,346,2024-09-10 07:26:10,processing,298.73
6039,210,2024-05-16 19:35:57,completed,1472.36
6040,419,2024-06-22 09:08:03,completed,2398.73
6041,305,2023-07-10 06:33:52,completed,1939.62
6042,199,2023-07-18 10:11:41,completed,136.01
6043,201,2024-04-29 16:01:38,completed,547.5
6044,248,2024-08-22 14:58:00,completed,246.79
6045,4,2024-06-10 00:56:25,completed,1380.3
6046,439,2024-08-13 23:53:14,processing,327.69
6047,108,2023-01-17 11:49:42,completed,137.26
6048,127,2023-01-18 02:27:37,processing,7351.98
6049,15,2024-10-12 11:56:41,completed,7445.8
6050,22,2024-01-10 10:44:11,completed,162.27
6051,68,2023-02-21 14:18:17,completed,94.56
6052,35,2023-09-12 12:32:39,completed,1982.66
6053,93,2023-08-19 11:19:40,completed,11793.45
6054,459,2023-04-30 12:20:36,completed,96.42
6055,132,2023-08-22 13:35:14,completed,478.33
6056,94,2024-04-16 12:45:59,completed,3824.16
6057,401,2024-04-24 08:54:27,completed,2096.36
6058,327,2023-11-07 20:40:53,completed,670.09
6059,443,2024-01-01 04:14:58,processing,1711.0
6060,121,2023-12-09 17:05:33,completed,10340.2
6061,124,2024-11-25 17:17:38,completed,10523.08
6062,98,2024-03-21 04:28:12,completed,538.27
6063,376,2024-01-12 13:29:57,shipped,10797.84
6064,469,2024-03-14 18:58:41,completed,799.71
6065,324,2023-06-12 13:22:26,completed,2057.09
6066,462,2024-06-13 08:20:36,completed,899.64
6067,257,2024-04-30 09:06:44,completed,2411.74
6068,29,2024-07-27 07:56:59,processing,3536.43
6069,235,2024-05-29 00:30:51,completed,958.76
6070,162,2024-03-03 01:00:45,processing,1133.69
6071,248,2023-05-31 02:23:45,completed,9975.75
6072,440,2023-07-13 15:24:23,completed,452.68
6073,195,2024-05-10 04:01:41,processing,2605.7
6074,296,2024-07-24 22:40:10,completed,1067.74
6075,44,2024-12-09 03:43:06,shipped,865.72
6076,275,2023-12-27 06:06:38,completed,2486.03
6077,93,2024-02-06 04:35:49,completed,938.72
6078,334,2024-05-20 13:30:50,shipped,1752.75
6079,72,2023-03-01 04:29:47,shipped,5949.99
6080,493,2024-09-01 17:28:58,completed,1421.98
6081,184,2023-08-01 14:13:57,shipped,1234.45
6082,375,2023-12-01 15:08:53,completed,4408.39
6083,164,2023-10-18 11:59:25,completed,498.57
6084,363,2024-11-08 19:50:20,completed,387.2
6085,19,2024-04-24 13:41:58,completed,1643.52
6086,68,2023-03-21 15:48:34,cancelled,9830.76
6087,302,2024-04-19 19:07:09,completed,871.94
6088,163,2024-04-28 23:46:05,cancelled,670.09
6089,182,2024-06-30 00:47:24,completed,2727.61
6090,158,2024-03-11 13:23:06,completed,1886.38
6091,36,2023-02-24 13:31:30,processing,999.14
6092,479,2023-12-19 09:36:47,processing,398.34
6093,111,2023-08-28 22:20:25,completed,621.54
6094,444,2024-08-08 18:54:20,completed,2501.12
6095,40,2024-09-05 04:42:27,completed,692.49
6096,159,2024-05-30 07:46:21,completed,449.62
6097,344,2023-01-29 03:24:27,cancelled,2484.38
6098,369,2023-07-06 02:18:58,shipped,1424.81
6099,484,2024-11-30 05:58:29,completed,2003.78
6100,176,2023-05-31 14:03:48,cancelled,14465.15
6101,311,2024-03-13 19:31:20,shipped,1613.03
6102,36,2024-03-23 00:45:19,completed,71.91
6103,85,2023-02-21 10:19:38,completed,5788.46
6104,208,2023-09-23 02:57:59,completed,2648.89
6105,320,2024-10-20 21:33:27,completed,465.68
6106,182,2023-01-31 21:36:08,completed,1968.21
6107,335,2023-10-24 22:29:34,completed,2672.73
6108,2,2024-03-28 03:11:13,completed,1246.85
6109,131,2024-11-07 08:21:31,completed,3595.96
6110,193,2024-04-11 09:51:17,shipped,949.23
6111,309,2023-06-30 07:56:48,completed,2710.67
6112,491,2024-03-13 14:19:08,completed,147.73
6113,331,2024-03-20 06:29:01,completed,10362.55
6114,440,2024-04-12 14:08:41,processing,1305.67
6115,477,2024-03-09 19:30:29,cancelled,3896.5
6116,230,2024-11-20 08:48:50,completed,1096.02
6117,129,2024-01-15 13:12:18,completed,6936.63
6118,79,2023-07-31 00:21:08,completed,621.85
6119,132,2024-10-31 09:22:59,completed,3117.45
6120,386,2024-06-30 15:32:26,completed,548.05
6121,88,2024-11-08 07:16:07,completed,8150.44
6122,306,2023-06-22 07:07:23,completed,3998.29
6123,235,2024-08-09 08:08:24,completed,165.87
6124,273,2023-03-24 23:10:14,completed,6657.33
6125,436,2024-12-14 17:59:22,completed,571.58
6126,208,2023-10-25 06:06:10,completed,19857.03
6127,184,2024-04-25 10:36:16,completed,1966.46
6128,285,2024-01-29 03:27:56,completed,7196.77
6129,34,2023-06-30 15:46:13,completed,7369.05
6130,58,2024-12-09 03:19:59,completed,51.31
6131,96,2023-01-19 05:53:12,cancelled,325.54
6132,217,2024-07-26 14:10:23,completed,1506.26
6133,234,2023-12-26 22:17:01,completed,1497.3
6134,25,2023-06-20 21:54:38,completed,889.16
6135,473,2023-12-08 11:40:02,completed,10370.66
6136,443,2023-05-14 19:21:41,completed,13229.23
6137,329,2023-04-22 15:53:44,completed,319.68
6138,59,2024-07-24 18:23:17,completed,11313.9
6139,282,2024-12-16 08:07:48,shipped,131.19
6140,460,2023-04-02 02:13:17,completed,1634.63
6141,43,2023-01-20 14:40:18,shipped,1462.89
6142,135,2023-08-04 23:04:47,completed,262.38
6143,42,2023-04-18 03:04:09,completed,578.73
6144,29,2023-06-12 22:46:04,completed,736.48
6145,72,2024-03-30 20:44:43,completed,131.66
6146,382,2023-12-06 19:40:05,processing,696.77
6147,424,2023-08-01 17:30:11,cancelled,1559.31
6148,448,2023-08-30 04:09:08,completed,3158.91
6149,196,2024-02-06 11:41:28,completed,2831.81
6150,300,2024-02-13 07:08:22,completed,922.77
6151,29,2023-02-06 18:41:46,completed,4075.22
6152,211,2023-06-20 05:22:44,cancelled,392.01
6153,203,2024-05-12 21:04:12,cancelled,783.81
6154,109,2023-04-25 05:50:27,completed,8585.97
6155,201,2023-03-06 13:13:57,completed,490.35
6156,144,2024-11-20 14:13:45,shipped,578.73
6157,405,2023-07-11 06:23:23,completed,3773.39
6158,209,2023-08-22 18:47:58,completed,411.6
6159,1,2023-12-23 01:01:46,completed,319.32
6160,407,2023-12-10 01:32:53,completed,5988.03
6161,181,2024-09-30 17:44:41,completed,3571.32
6162,488,2023-11-30 12:51:39,completed,1422.77
6163,230,2023-08-27 08:29:37,completed,498.57
6164,164,2024-05-26 23:10:13,completed,749.09
6165,467,2023-08-09 20:08:16,completed,1939.62
6166,461,2023-04-18 06:28:57,completed,889.4
6167,296,2023-02-10 22:18:14,completed,2307.17
6168,314,2023-02-07 05:25:31,cancelled,586.34
6169,206,2023-12-02 00:58:05,completed,490.35
6170,201,2023-03-02 06:23:29,shipped,1718.51
6171,489,2024-11-02 04:16:27,completed,11362.79
6172,478,2024-05-06 02:19:20,completed,162.27
6173,377,2023-11-14 05:56:04,cancelled,1475.31
6174,100,2024-12-12 19:07:50,completed,1021.72
6175,323,2024-05-19 14:13:39,completed,2602.82
6176,114,2024-05-15 12:49:06,shipped,323.76
6177,100,2024-10-05 15:32:52,completed,1593.81
6178,174,2024-01-24 12:07:39,completed,1531.8
6179,105,2024-09-29 00:30:51,completed,1605.89
6180,7,2023-05-08 15:36:40,completed,175.91
6181,494,2024-01-09 09:49:02,processing,2833.43
6182,421,2023-11-17 23:52:01,completed,423.13
6183,390,2024-10-01 14:37:46,completed,14630.34
6184,149,2023-05-19 12:27:52,completed,6880.26
6185,154,2024-03-11 04:08:55,completed,182.43
6186,127,2024-09-03 23:09:34,shipped,4470.38
6187,270,2023-05-27 17:57:45,completed,10936.63
6188,429,2024-06-29 05:54:50,completed,602.41
6189,212,2023-07-23 08:14:33,completed,9994.91
6190,416,2023-05-12 04:22:43,shipped,696.77
6191,99,2024-12-28 11:40:40,completed,279.71
6192,288,2024-07-10 09:10:56,cancelled,811.36
6193,60,2023-05-04 08:00:54,completed,4763.43
6194,157,2023-12-19 09:39:20,shipped,162.66
6195,147,2024-07-16 09:01:25,completed,1904.64
6196,295,2024-12-25 00:59:32,completed,1059.92
6197,117,2023-06-04 18:24:30,completed,2259.41
6198,252,2024-05-31 18:29:08,processing,935.22
6199,315,2023-01-28 08:28:29,completed,1773.94
6200,493,2023-03-14 12:39:50,completed,853.46
6201,52,2024-02-24 03:33:37,completed,215.42
6202,61,2024-01-30 23:57:31,cancelled,1939.62
6203,190,2023-04-10 20:32:51,completed,9309.23
6204,19,2024-12-09 04:45:45,completed,1076.29
6205,453,2024-07-03 14:50:22,completed,7039.81
6206,272,2024-06-02 20:54:58,cancelled,165.87
6207,185,2024-02-04 00:57:17,completed,2071.95
6208,218,2023-08-05 19:03:29,cancelled,2113.5
6209,429,2024-06-09 02:42:39,completed,1774.71
6210,363,2024-06-26 01:58:30,shipped,1440.8
6211,391,2024-07-29 04:43:06,completed,8132.45
6212,177,2023-11-26 22:37:55,completed,6840.21
6213,291,2023-05-16 20:21:02,processing,1268.24
6214,1,2023-09-26 10:48:45,completed,5894.01
6215,369,2024-06-11 22:28:52,cancelled,414.37
6216,139,2024-11-27 17:05:30,processing,7993.04
6217,258,2023-08-12 20:08:20,completed,601.29
6218,169,2023-03-08 22:06:26,completed,302.89
6219,326,2023-08-02 11:39:08,completed,10029.1
6220,354,2023-07-28 03:20:06,completed,6474.45
6221,224,2024-08-08 21:50:51,completed,1059.92
6222,150,2023-01-31 12:31:39,completed,2140.12
6223,181,2023-07-04 17:43:02,completed,465.68
6224,254,2024-02-08 19:29:39,completed,853.52
6225,323,2024-01-10 06:25:14,processing,1030.79
6226,287,2023-01-28 02:34:13,completed,829.1
6227,472,2024-04-27 17:46:41,completed,4135.87
6228,283,2024-12-15 18:14:43,completed,4290.64
6229,137,2023-11-10 01:15:16,completed,2050.0
6230,298,2023-06-20 13:48:09,completed,2104.64
6231,490,2024-01-28 20:15:41,processing,8147.14
6232,482,2024-12-09 12:34:40,completed,121.09
6233,318,2024-12-05 18:52:09,cancelled,983.12
6234,11,2023-05-08 09:54:58,cancelled,171.04
6235,411,2023-07-05 23:40:52,completed,6102.52
6236,49,2024-10-03 17:05:42,completed,8152.94
6237,84,2024-12-29 23:02:27,completed,5860.16
6238,74,2023-08-06 23:33:49,completed,1928.91
6239,466,2023-06-18 02:07:45,completed,9951.35
6240,319,2023-05-25 00:55:01,completed,455.96
6241,132,2024-06-02 10:40:13,completed,904.44
6242,456,2024-12-09 19:21:22,completed,8869.68
6243,443,2023-06-28 14:10:12,completed,830.82
6244,39,2024-02-22 18:54:41,completed,8171.43
6245,67,2024-07-05 15:37:01,completed,3800.85
6246,129,2024-02-28 19:02:52,processing,1980.29
6247,217,2024-01-11 23:51:13,completed,1275.16
6248,119,2023-06-05 16:11:23,processing,459.11
6249,312,2023-11-27 08:48:48,completed,915.33
6250,301,2024-12-26 21:45:17,completed,2180.26
6251,22,2024-05-30 12:54:02,completed,3074.36
6252,437,2023-07-09 01:14:21,completed,132.33
6253,400,2024-04-30 18:10:50,completed,1068.67
6254,458,2024-06-10 01:27:52,processing,1076.29
6255,250,2024-08-30 23:58:30,completed,411.6
6256,390,2023-02-16 04:59:27,completed,777.14
6257,159,2023-12-07 05:35:50,completed,2043.9
6258,27,2023-12-01 13:43:55,cancelled,2338.28
6259,88,2023-11-30 14:16:12,completed,532.23
6260,228,2023-09-16 21:48:00,completed,2002.4
6261,230,2024-12-08 12:15:46,completed,5429.43
6262,342,2023-01-11 07:38:12,cancelled,1116.8
6263,150,2024-11-15 14:00:36,processing,966.55
6264,137,2024-01-21 18:16:14,completed,2002.3
6265,344,2023-07-09 01:25:17,completed,6753.75
6266,268,2023-01-02 14:44:25,completed,4487.3
6267,257,2023-07-05 22:58:39,completed,594.64
6268,160,2024-01-01 09:50:16,completed,1939.62
6269,320,2023-02-22 17:29:24,processing,7503.97
6270,426,2024-06-15 11:15:05,completed,1324.27
6271,176,2024-12-14 02:54:29,completed,72.49
6272,319,2023-11-06 09:22:19,processing,498.57
6273,55,2023-03-21 14:33:46,cancelled,1194.38
6274,216,2023-01-02 16:26:50,shipped,653.31
6275,316,2024-03-22 02:12:55,completed,2602.28
6276,88,2024-07-14 00:37:40,completed,660.84
6277,45,2024-11-06 12:23:19,completed,764.68
6278,381,2023-05-01 05:03:56,completed,1303.66
6279,410,2024-05-30 18:34:47,shipped,1826.47
6280,91,2023-08-04 07:54:36,completed,1967.68
6281,409,2024-05-15 08:09:10,completed,293.85
6282,59,2023-11-24 06:46:44,completed,2779.49
6283,33,2024-06-06 03:50:54,completed,171.04
6284,267,2024-05-10 07:52:22,completed,1080.85
6285,90,2023-10-11 19:13:16,completed,211.44
6286,262,2023-10-04 05:20:46,completed,1189.45
6287,83,2023-01-26 20:09:06,completed,553.09
6288,155,2024-11-19 12:55:11,completed,3846.42
6289,290,2023-12-10 03:01:46,completed,753.64
6290,461,2023-11-24 18:39:28,completed,457.64
6291,285,2024-02-17 14:09:36,completed,3684.94
6292,104,2024-02-29 09:09:42,completed,2652.69
6293,40,2024-06-20 18:34:03,processing,279.43
6294,465,2023-03-05 04:58:45,completed,3098.52
6295,302,2023-01-20 14:14:49,completed,4540.88
6296,237,2023-11-07 08:26:28,completed,855.98
6297,199,2023-09-30 09:18:07,completed,1930.26
6298,395,2023-01-31 00:39:13,completed,137.26
6299,451,2023-12-01 05:17:33,completed,4251.19
6300,233,2023-05-06 22:53:56,completed,1361.54
6301,93,2024-12-25 20:23:29,completed,764.68
6302,302,2024-01-21 07:54:07,completed,61.24
6303,96,2023-05-04 18:27:51,completed,662.36
6304,76,2023-05-12 08:20:02,completed,5097.03
6305,481,2024-01-18 05:15:39,completed,315.46
6306,167,2023-06-19 10:19:33,completed,1818.3
6307,87,2023-05-06 12:48:30,completed,1976.7
6308,368,2024-04-08 07:46:37,completed,10360.37
6309,463,2023-02-12 17:37:08,completed,66.67
6310,208,2024-03-06 11:51:53,completed,2003.78
6311,262,2024-08-20 12:34:08,completed,557.02
6312,446,2024-12-26 00:12:58,completed,1484.36
6313,412,2023-12-27 17:00:12,completed,171.04
6314,317,2023-09-27 02:19:30,completed,11850.89
6315,349,2023-05-03 08:49:59,completed,2535.25
6316,368,2024-08-29 11:26:17,completed,1093.46
6317,46,2024-12-23 13:39:14,completed,352.2
6318,12,2024-11-28 23:34:58,completed,5306.1
6319,284,2023-09-12 12:27:25,completed,12580.17
6320,28,2024-03-26 04:54:01,completed,445.71
6321,328,2024-12-12 08:14:01,completed,4290.64
6322,297,2023-03-02 22:41:55,completed,814.24
6323,233,2024-08-01 17:42:10,shipped,1266.57
6324,177,2024-01-01 12:49:08,completed,14133.56
6325,156,2024-04-18 06:50:57,completed,1939.62
6326,37,2023-01-02 04:47:45,processing,146.34
6327,9,2023-12-02 02:40:25,completed,4573.79
6328,178,2023-07-10 03:03:14,completed,966.2
6329,87,2024-10-19 20:47:09,completed,989.72
6330,400,2024-06-01 08:17:21,processing,279.43
6331,256,2024-04-10 14:25:18,processing,230.02
6332,288,2024-02-12 05:39:14,completed,482.52
6333,399,2024-03-31 00:46:38,completed,5820.91
6334,233,2024-05-14 15:37:23,completed,1020.57
6335,288,2024-06-23 04:43:17,processing,1096.02
6336,329,2023-03-10 20:54:03,completed,1374.06
6337,49,2024-09-14 02:38:22,completed,2027.14
6338,266,2024-01-16 23:02:12,completed,958.76
6339,11,2023-03-21 17:10:22,completed,2896.69
6340,24,2024-11-13 09:48:47,completed,1267.44
6341,210,2023-01-18 17:32:00,shipped,4214.79
6342,459,2024-04-29 23:19:19,completed,387.14
6343,315,2024-07-14 03:43:01,completed,11246.06
6344,455,2024-05-17 03:21:12,completed,729.2
6345,218,2024-04-13 11:02:50,completed,6288.38
6346,73,2024-08-03 06:38:31,shipped,2903.29
6347,383,2023-04-22 04:31:11,completed,1898.26
6348,53,2024-03-01 00:22:35,completed,15212.92
6349,5,2023-11-15 00:57:04,completed,10852.3
6350,21,2023-09-27 23:34:53,completed,13589.65
6351,363,2024-02-22 09:42:34,completed,230.88
6352,247,2023-10-13 11:55:06,completed,1303.73
6353,13,2023-12-12 21:35:27,completed,3088.45
6354,449,2024-02-28 17:58:32,processing,1121.81
6355,429,2023-09-01 14:26:02,completed,884.05
6356,446,2024-01-30 00:21:49,completed,1200.84
6357,242,2024-01-12 10:50:35,completed,1939.62
6358,83,2024-11-23 07:04:24,completed,498.59
6359,91,2023-09-09 05:02:10,completed,1464.42
6360,474,2024-04-07 01:27:28,completed,1862.25
6361,94,2023-12-15 15:57:28,completed,490.35
6362,244,2024-06-20 07:06:57,cancelled,1460.44
6363,247,2023-06-04 09:31:42,completed,978.96
6364,341,2024-02-17 07:38:28,completed,2424.07
6365,453,2023-01-24 16:54:55,completed,182.43
6366,233,2024-06-10 13:22:19,completed,2978.86
6367,246,2023-01-11 18:06:21,completed,1777.35
6368,362,2023-10-04 15:15:34,completed,1577.13
6369,137,2024-06-21 13:17:03,completed,1233.09
6370,124,2024-03-31 21:52:18,completed,3936.42
6371,354,2024-01-11 17:43:07,completed,246.79
6372,61,2024-01-19 14:16:10,completed,490.35
6373,310,2023-09-20 17:03:51,completed,761.0
6374,442,2024-08-13 18:36:32,completed,1323.08
6375,386,2024-03-12 20:12:36,processing,1404.96
6376,377,2024-07-15 07:24:42,completed,6850.17
6377,116,2024-09-21 12:15:20,completed,1165.55
6378,113,2024-03-30 00:54:58,completed,670.09
6379,140,2024-02-11 04:29:51,completed,648.11
6380,261,2023-01-04 00:10:24,completed,5296.11
6381,45,2024-10-11 21:45:39,completed,10523.08
6382,5,2024-06-24 02:40:49,completed,4325.08
6383,179,2023-04-28 03:16:09,completed,838.23
6384,167,2024-02-28 00:09:11,processing,5198.81
6385,128,2024-08-11 04:50:11,completed,733.9
6386,245,2023-12-01 17:43:41,processing,7039.81
6387,375,2024-05-25 07:35:27,completed,3719.54
6388,346,2024-08-19 02:36:47,completed,17197.13
6389,500,2023-06-06 21:23:42,completed,4062.48
6390,269,2023-08-20 10:33:32,completed,7798.77
6391,336,2024-09-04 12:57:55,completed,2195.45
6392,140,2023-05-06 07:44:40,completed,8745.88
6393,254,2024-10-01 02:59:00,completed,2180.43
6394,256,2023-03-18 22:57:21,processing,648.61
6395,326,2023-09-09 13:21:29,completed,651.12
6396,485,2024-08-11 00:14:49,completed,764.68
6397,26,2024-08-21 22:02:07,completed,1686.46
6398,212,2023-10-27 21:30:39,completed,879.11
6399,116,2023-04-20 08:04:13,completed,5225.77
6400,162,2023-02-21 12:00:53,processing,71.91
6401,184,2023-05-15 07:09:23,completed,1096.02
6402,310,2024-12-15 08:10:51,completed,636.14
6403,107,2023-07-13 05:26:39,completed,11518.79
6404,75,2024-11-08 03:42:55,completed,12872.47
6405,498,2023-07-01 09:12:13,shipped,281.04
6406,322,2023-01-23 17:54:36,completed,7904.33
6407,71,2023-05-24 05:31:27,completed,4869.43
6408,342,2024-10-12 02:57:14,completed,7266.69
6409,425,2023-08-20 22:55:14,completed,329.38
6410,131,2024-03-12 22:02:07,completed,855.85
6411,340,2024-06-30 18:44:57,processing,140.92
6412,142,2023-09-17 04:35:21,completed,7192.44
6413,281,2024-01-20 17:06:45,completed,185.24
6414,262,2024-10-08 22:16:37,cancelled,1061.52
6415,497,2024-08-20 07:53:36,completed,607.12
6416,454,2024-02-23 07:04:28,completed,1791.0
6417,240,2023-09-13 09:51:58,completed,958.76
6418,176,2023-08-04 00:48:04,completed,2782.81
6419,439,2023-03-07 10:19:46,completed,2825.15
6420,437,2024-07-27 09:01:01,shipped,175.91
6421,311,2024-03-28 22:57:54,completed,764.68
6422,372,2024-07-18 12:22:31,completed,774.39
6423,37,2023-09-04 22:08:41,completed,1096.02
6424,291,2024-03-19 10:03:20,completed,7178.34
6425,329,2023-01-13 22:42:11,completed,3786.85
6426,384,2024-02-10 21:54:12,cancelled,615.95
6427,460,2024-06-05 11:45:50,completed,88.07
6428,53,2024-12-23 17:42:58,completed,216.74
6429,50,2023-09-17 12:56:14,completed,5465.04
6430,400,2023-12-03 04:59:22,completed,1734.22
6431,230,2023-05-16 05:44:49,completed,170.27
6432,457,2023-07-13 11:50:47,completed,1755.98
6433,491,2024-05-06 05:06:11,cancelled,621.54
6434,242,2023-08-25 20:11:59,completed,1252.29
6435,436,2023-08-17 06:12:45,completed,996.58
6436,312,2023-08-11 06:12:40,processing,931.77
6437,252,2023-01-06 14:13:38,completed,965.35
6438,177,2024-11-19 14:55:26,completed,1654.54
6439,414,2024-09-03 14:41:45,processing,704.99
6440,9,2023-07-01 12:53:52,completed,5744.64
6441,65,2023-04-20 05:50:59,completed,2809.99
6442,121,2023-01-22 22:45:39,completed,2701.24
6443,274,2023-01-02 14:55:00,completed,1284.9
6444,483,2024-10-28 21:55:32,completed,6753.75
6445,345,2024-11-22 18:12:09,completed,507.2
6446,274,2024-05-04 07:40:21,completed,248.61
6447,454,2024-04-06 11:16:27,cancelled,246.79
6448,163,2024-02-04 20:41:15,completed,621.97
6449,301,2024-07-13 06:31:03,completed,5997.71
6450,50,2023-08-18 07:24:12,completed,173.32
6451,292,2024-05-26 14:33:14,cancelled,162.66
6452,28,2023-05-22 21:17:36,completed,1185.68
6453,55,2023-02-23 19:09:57,cancelled,10874.96
6454,62,2023-05-01 00:25:01,completed,10523.08
6455,303,2024-12-23 23:42:55,completed,6840.21
6456,459,2023-09-24 14:01:35,completed,66.67
6457,313,2024-05-08 12:28:48,completed,3707.02
6458,296,2024-04-25 06:41:08,completed,3152.58
6459,96,2023-08-29 02:05:43,completed,876.63
6460,330,2023-07-17 13:12:05,processing,1562.14
6461,312,2023-12-08 00:29:09,processing,2202.92
6462,55,2024-12-08 04:12:13,processing,764.68
6463,144,2023-05-10 01:39:19,completed,146.34
6464,359,2024-10-07 10:18:53,completed,17197.13
6465,370,2023-11-11 16:53:25,completed,2018.19
6466,237,2023-03-28 18:57:48,completed,2649.94
6467,483,2023-03-31 04:58:36,processing,10523.08
6468,168,2024-05-06 06:12:23,completed,2953.99
6469,17,2023-07-11 23:13:11,completed,525.55
6470,294,2024-05-14 00:28:54,completed,2434.91
6471,388,2024-10-02 08:00:17,completed,1858.22
6472,376,2024-11-17 08:41:35,completed,9658.56
6473,402,2023-09-25 03:09:27,completed,418.2
6474,114,2024-11-27 03:12:31,cancelled,1385.46
6475,332,2023-06-25 13:39:45,completed,7235.65
6476,185,2024-03-24 02:17:32,completed,933.82
6477,324,2024-04-24 19:55:48,completed,5796.31
6478,176,2023-08-16 16:46:31,completed,2613.16
6479,411,2024-08-08 20:41:36,completed,681.07
6480,98,2024-07-01 20:09:20,completed,2054.84
6481,138,2023-09-13 01:20:39,completed,9120.02
6482,295,2023-03-08 22:31:47,completed,2086.41
6483,402,2023-04-18 09:04:03,processing,351.69
6484,107,2023-06-10 06:00:10,completed,1982.66
6485,100,2023-10-27 13:47:24,completed,1171.93
6486,408,2024-08-16 11:03:25,completed,3205.64
6487,404,2024-07-25 19:52:19,completed,865.33
6488,425,2024-06-12 22:33:50,completed,578.73
6489,305,2023-06-29 17:55:45,completed,7873.53
6490,351,2024-04-23 17:44:46,shipped,688.62
6491,493,2023-08-01 02:53:27,cancelled,1218.34
6492,458,2024-09-30 05:40:52,completed,2069.96
6493,459,2023-08-19 21:26:58,completed,1789.96
6494,85,2024-02-11 01:23:53,completed,2115.26
6495,185,2023-05-02 02:44:47,completed,859.24
6496,209,2023-07-12 04:24:41,cancelled,6849.74
6497,371,2023-08-02 16:11:29,completed,2956.22
6498,451,2024-06-15 01:47:20,completed,652.63
6499,85,2024-08-27 03:02:49,completed,1050.76
6500,69,2023-04-25 16:38:37,completed,1692.92
6501,206,2023-07-13 22:50:44,completed,2020.44
6502,90,2023-08-04 21:52:44,completed,71.91
6503,86,2024-08-07 09:51:00,shipped,1003.12
6504,322,2024-03-17 17:16:50,completed,7441.84
6505,346,2023-12-21 12:06:17,cancelled,71.91
6506,387,2023-01-30 12:01:24,completed,51.31
6507,234,2023-09-15 21:54:10,completed,2070.37
6508,252,2023-02-19 06:21:47,completed,621.54
6509,182,2024-08-24 07:01:00,completed,3984.8
6510,199,2024-11-11 18:52:58,completed,193.37
6511,410,2024-03-12 18:53:34,completed,224.49
6512,334,2023-08-24 23:16:31,processing,696.77
6513,122,2023-07-16 04:49:02,completed,1248.63
6514,466,2024-09-26 19:56:47,completed,2164.61
6515,407,2024-12-26 18:46:44,completed,362.63
6516,160,2024-06-15 14:23:44,completed,7235.0
6517,416,2024-10-03 15:54:57,processing,1114.0
6518,333,2023-07-24 20:19:07,processing,1447.06
6519,183,2023-05-31 00:38:47,completed,1303.73
6520,115,2024-06-17 20:29:48,processing,1385.46
6521,179,2023-08-23 01:48:37,completed,8733.21
6522,98,2023-05-15 10:25:47,completed,7406.38
6523,304,2023-12-16 17:34:05,completed,1399.87
6524,432,2023-10-27 01:42:00,completed,2841.65
6525,381,2024-02-12 20:15:47,completed,2427.23
6526,164,2024-01-12 22:16:10,processing,1258.41
6527,274,2023-04-16 09:16:34,completed,2532.93
6528,131,2024-06-01 11:06:57,completed,1328.46
6529,100,2023-12-21 06:25:50,completed,7173.82
6530,246,2024-02-07 14:33:06,completed,325.54
6531,432,2024-07-13 21:47:44,processing,1916.65
6532,425,2023-05-24 03:59:59,completed,365.76
6533,285,2023-01-15 03:00:42,completed,6961.46
6534,192,2023-08-24 10:57:28,completed,885.08
6535,179,2023-02-02 10:09:30,completed,12397.57
6536,256,2023-12-07 00:31:30,completed,1404.32
6537,150,2023-01-08 17:05:09,completed,6753.75
6538,282,2023-06-22 15:13:28,completed,1490.65
6539,144,2024-12-11 05:49:57,processing,1361.97
6540,479,2023-11-30 22:36:00,cancelled,6015.06
6541,337,2024-02-28 21:51:29,completed,809.66
6542,434,2024-03-15 18:01:20,completed,136.01
6543,244,2023-10-31 15:58:57,cancelled,98.36
6544,249,2024-11-30 10:55:15,completed,1440.46
6545,370,2024-12-02 09:05:59,processing,1349.5
6546,352,2024-12-14 11:37:34,completed,6988.06
6547,146,2024-10-20 15:30:29,processing,764.68
6548,176,2023-07-06 06:37:44,completed,984.17
6549,218,2023-11-17 13:17:07,shipped,3994.76
6550,483,2024-07-02 11:30:15,completed,565.06
6551,402,2024-07-11 01:11:45,completed,648.11
6552,295,2024-12-28 19:20:11,completed,9909.29
6553,184,2023-12-15 19:23:10,completed,66.67
6554,331,2024-04-07 14:23:51,processing,999.14
6555,358,2023-05-26 03:03:14,completed,1671.17
6556,82,2024-08-08 00:31:43,completed,416.42
6557,299,2023-02-21 22:28:55,completed,1152.74
6558,84,2023-04-17 08:35:23,cancelled,478.01
6559,243,2023-02-19 10:24:03,completed,1968.21
6560,140,2024-09-12 06:50:12,completed,6753.75
6561,151,2023-02-02 23:53:20,completed,250.78
6562,331,2024-01-27 12:45:31,completed,615.84
6563,396,2023-12-10 08:26:52,completed,626.09
6564,374,2024-02-24 11:23:21,completed,3509.86
6565,297,2024-08-22 12:29:57,completed,398.34
6566,75,2023-03-17 10:43:52,completed,1977.06
6567,114,2024-03-25 03:23:08,completed,1643.52
6568,277,2023-12-04 07:48:43,processing,2104.69
6569,345,2023-07-02 01:23:26,completed,1592.95
6570,44,2024-07-15 15:40:01,completed,621.54
6571,369,2024-04-17 07:22:31,cancelled,352.39
6572,448,2024-09-07 14:55:53,processing,66.67
6573,255,2023-02-21 01:05:34,completed,162.27
6574,275,2023-03-13 13:05:44,completed,10615.74
6575,471,2023-12-31 11:27:22,completed,14659.45
6576,212,2024-10-10 17:13:08,completed,808.36
6577,175,2024-01-25 07:42:58,completed,2092.99
6578,218,2023-03-16 07:46:45,processing,2336.54
6579,229,2023-04-25 03:17:02,completed,2770.98
6580,149,2023-03-28 22:03:12,completed,3209.9
6581,500,2024-01-08 14:22:13,processing,764.68
6582,388,2023-10-22 07:22:27,completed,4221.86
6583,463,2024-11-26 10:42:38,completed,3311.17
6584,409,2023-12-07 06:08:16,processing,5153.32
6585,77,2023-06-16 20:37:14,completed,3207.17
6586,79,2024-06-27 16:50:05,cancelled,1832.31
6587,378,2023-11-21 03:17:04,completed,621.54
6588,297,2023-09-19 01:36:49,shipped,510.36
6589,363,2023-01-17 23:49:55,completed,4033.64
6590,128,2024-05-28 22:24:29,completed,2083.23
6591,124,2024-02-22 07:32:22,completed,660.84
6592,34,2023-12-31 08:43:13,processing,9257.93
6593,20,2023-06-30 10:38:41,cancelled,3258.12
6594,1,2023-10-15 09:19:16,processing,1851.23
6595,222,2024-07-19 21:39:38,completed,126.51
6596,159,2024-07-11 22:57:46,completed,5027.51
6597,109,2024-08-19 17:49:22,completed,283.36
6598,444,2024-02-10 13:06:14,completed,465.68
6599,294,2024-07-19 22:35:22,completed,3215.18
6600,290,2023-10-19 13:37:44,completed,1556.2
6601,316,2023-07-24 06:39:59,completed,2841.34
6602,309,2024-09-12 20:06:19,processing,404.15
6603,100,2023-11-03 23:55:14,completed,46.18
6604,189,2024-06-13 17:12:30,completed,1045.02
6605,135,2024-06-03 00:33:45,completed,1464.42
6606,155,2023-10-17 09:47:49,completed,687.81
6607,283,2023-10-26 11:13:07,completed,2058.94
6608,250,2024-09-26 20:24:09,completed,1171.4
6609,131,2023-07-12 20:08:37,completed,6856.93
6610,210,2023-09-16 08:17:18,completed,215.42
6611,257,2024-11-15 05:05:56,completed,7946.37
6612,72,2024-08-06 11:21:21,completed,2957.31
6613,271,2023-08-20 06:02:32,completed,3734.11
6614,11,2023-03-12 23:32:24,completed,10554.43
6615,421,2024-07-02 01:03:16,processing,5111.87
6616,316,2023-08-01 22:54:37,processing,2651.9
6617,246,2024-05-03 19:48:04,cancelled,2151.09
6618,4,2023-03-09 03:37:59,completed,940.59
6619,252,2023-01-30 14:27:01,completed,152.85
6620,122,2024-09-17 20:10:10,completed,1202.46
6621,452,2024-09-30 04:39:24,completed,2218.91
6622,1,2023-04-26 06:17:57,completed,94.56
6623,332,2023-07-24 00:07:31,completed,15265.18
6624,360,2023-07-14 02:15:35,shipped,3596.5
6625,59,2024-07-20 00:46:18,completed,2154.12
6626,256,2024-02-27 01:15:59,completed,2826.16
6627,33,2023-10-20 17:34:06,completed,452.68
6628,427,2024-10-31 23:53:10,completed,1204.68
6629,418,2024-06-11 17:44:56,completed,1473.36
6630,127,2023-09-09 01:15:59,completed,20017.74
6631,46,2024-03-26 13:45:59,completed,6840.21
6632,311,2024-08-03 16:41:14,completed,1273.8
6633,220,2023-12-29 03:56:09,completed,421.1
6634,117,2024-10-18 07:26:38,completed,502.84
6635,479,2024-12-14 03:13:29,completed,7856.08
6636,359,2024-12-06 08:32:43,completed,1113.9
6637,222,2023-09-03 15:21:14,completed,1915.57
6638,352,2024-08-29 02:54:13,completed,1660.43
6639,417,2023-12-11 17:46:24,completed,1850.74
6640,187,2024-05-12 05:33:01,completed,1713.97
6641,46,2023-07-31 08:46:58,completed,275.58
6642,350,2023-07-10 05:58:48,completed,708.68
6643,187,2024-11-08 17:55:26,processing,621.54
6644,228,2024-06-10 16:32:50,processing,2057.09
6645,270,2023-09-26 05:32:53,completed,1586.47
6646,444,2023-04-30 03:08:54,completed,937.55
6647,241,2024-05-05 10:26:17,completed,2694.2
6648,343,2024-04-02 21:41:27,shipped,439.21
6649,143,2024-04-25 06:38:24,completed,3203.36
6650,406,2024-11-30 20:42:53,processing,1068.67
6651,22,2023-04-02 16:05:44,completed,209.71
6652,325,2023-08-27 19:04:31,completed,643.67
6653,316,2024-08-06 17:18:41,completed,295.72
6654,409,2023-08-20 19:46:03,completed,1969.13
6655,263,2023-05-21 14:19:05,completed,2814.17
6656,232,2024-01-09 10:56:55,completed,1393.21
6657,425,2023-10-03 01:04:38,completed,756.14
6658,336,2024-02-22 07:51:15,processing,4489.59
6659,226,2023-11-14 01:38:16,completed,826.45
6660,165,2024-04-08 06:26:28,completed,1385.46
6661,478,2023-05-31 08:00:21,completed,1108.37
6662,439,2023-05-28 07:26:32,completed,2230.96
6663,127,2024-10-06 13:28:56,processing,2075.88
6664,399,2024-08-22 16:11:33,completed,614.95
6665,228,2024-07-14 03:22:31,completed,4001.36
6666,377,2024-01-27 19:57:50,shipped,3544.65
6667,213,2023-09-24 03:15:31,processing,1789.96
6668,494,2023-06-08 21:45:22,completed,1779.07
6669,200,2023-12-12 21:03:07,processing,711.17
6670,497,2024-07-24 21:30:53,processing,2136.06
6671,378,2023-06-24 13:05:19,processing,6474.45
6672,211,2024-08-08 07:02:45,shipped,6856.93
6673,107,2024-02-16 18:13:52,completed,603.15
6674,208,2024-08-03 16:33:45,completed,12441.66
6675,352,2024-08-16 23:05:34,completed,10757.39
6676,124,2024-04-21 01:34:48,shipped,11251.53
6677,16,2024-05-23 03:14:39,completed,693.91
6678,327,2024-12-14 11:02:23,completed,493.39
6679,36,2024-06-28 21:09:49,completed,3743.83
6680,305,2024-02-02 07:13:40,shipped,2333.07
6681,426,2024-01-24 16:49:24,completed,1043.64
6682,417,2023-04-11 04:33:40,completed,6161.41
6683,433,2024-11-21 12:24:46,completed,3988.65
6684,434,2024-04-17 04:59:42,completed,955.01
6685,278,2024-02-16 03:22:27,completed,2224.26
6686,148,2024-12-24 03:26:38,completed,264.53
6687,104,2024-06-16 02:43:53,completed,4667.96
6688,338,2023-11-13 23:22:07,completed,496.36
6689,52,2023-05-22 08:11:25,completed,645.46
6690,498,2023-08-15 11:52:08,completed,362.63
6691,201,2024-12-14 04:34:46,completed,879.16
6692,368,2024-06-14 15:39:49,completed,1618.84
6693,250,2024-06-30 09:08:33,completed,2240.6
6694,473,2023-11-16 07:46:20,completed,2782.61
6695,427,2024-10-19 14:26:33,completed,2356.53
6696,485,2023-02-13 13:02:58,completed,1050.51
6697,342,2024-05-13 19:40:05,processing,5907.76
6698,120,2024-08-24 22:10:03,cancelled,594.64
6699,219,2024-01-30 03:34:10,completed,4971.74
6700,452,2024-02-15 02:11:36,shipped,9475.68
6701,380,2024-07-26 15:58:39,completed,316.08
6702,298,2024-03-19 08:13:52,cancelled,211.44
6703,180,2024-01-08 03:13:29,cancelled,1216.36
6704,27,2023-12-23 02:39:42,completed,7354.66
6705,471,2023-08-09 15:00:47,completed,7336.4
6706,486,2023-01-15 14:23:40,processing,376.05
6707,43,2023-04-16 11:17:10,completed,132.33
6708,444,2023-06-02 06:52:01,completed,104.4
6709,36,2024-10-20 14:07:45,completed,10523.08
6710,429,2023-10-10 04:19:32,completed,976.14
6711,489,2024-03-12 22:47:47,completed,754.96
6712,174,2024-06-17 20:29:34,completed,421.06
6713,143,2023-11-17 05:07:01,processing,343.57
6714,219,2023-12-08 21:28:18,processing,4995.94
6715,466,2023-05-30 13:20:46,shipped,899.54
6716,182,2023-06-12 19:38:42,completed,165.39
6717,245,2023-11-30 06:39:33,shipped,2250.67
6718,57,2023-12-08 17:02:37,completed,3811.12
6719,121,2024-04-12 00:41:36,completed,560.06
6720,36,2024-10-20 11:21:56,completed,36.51
6721,75,2023-03-17 22:45:47,completed,136.01
6722,373,2024-02-09 12:35:51,completed,978.27
6723,378,2024-12-12 20:33:19,completed,1437.18
6724,32,2023-10-04 18:30:07,completed,500.42
6725,181,2024-09-14 00:22:36,completed,839.88
6726,57,2024-01-07 02:40:31,completed,224.49
6727,157,2023-05-12 23:37:02,completed,683.07
6728,32,2024-11-20 08:57:58,processing,497.31
6729,486,2023-10-12 14:33:59,processing,621.54
6730,101,2024-03-19 11:51:01,completed,1917.52
6731,37,2023-04-06 04:41:45,completed,673.04
6732,368,2024-03-15 19:49:23,processing,689.72
6733,118,2023-05-30 21:23:40,completed,226.58
6734,161,2023-03-29 20:48:55,completed,136.01
6735,392,2024-01-14 09:30:20,completed,8814.12
6736,366,2023-08-28 08:12:17,completed,1672.13
6737,122,2024-07-24 20:22:38,processing,2743.9
6738,64,2023-06-03 16:23:39,processing,274.47
6739,240,2024-09-09 12:46:44,cancelled,1168.96
6740,449,2023-04-11 09:01:54,completed,3135.8
6741,440,2023-01-27 21:38:35,completed,1890.26
6742,46,2024-01-01 21:14:42,completed,2324.66
6743,257,2023-07-30 10:36:05,completed,696.77
6744,287,2024-12-04 06:56:46,processing,1308.35
6745,311,2023-10-03 12:48:12,completed,1777.35
6746,247,2024-02-14 16:23:02,completed,1851.23
6747,83,2023-02-27 23:17:19,completed,338.83
6748,274,2024-04-24 03:11:12,completed,964.78
6749,424,2024-03-26 06:47:29,cancelled,1222.25
6750,114,2023-07-14 10:55:45,completed,224.93
6751,81,2024-12-10 17:44:23,completed,998.99
6752,349,2024-06-13 22:54:52,completed,572.44
6753,62,2024-11-02 11:13:01,completed,654.26
6754,272,2024-09-23 05:16:20,completed,1340.98
6755,76,2024-09-13 09:32:22,completed,3400.42
6756,252,2024-05-12 14:56:24,completed,3884.37
6757,290,2023-10-13 07:35:30,completed,13305.54
6758,118,2024-07-08 10:29:20,completed,460.49
6759,204,2023-12-11 05:19:54,completed,2111.05
6760,168,2024-10-20 16:22:13,cancelled,2463.56
6761,389,2024-03-19 18:06:18,completed,2680.77
6762,100,2023-01-07 00:50:50,completed,5212.94
6763,320,2024-04-09 17:07:54,completed,7039.81
6764,48,2024-04-15 02:49:54,completed,621.54
6765,219,2024-10-08 18:47:19,completed,411.26
6766,359,2024-07-25 06:37:20,completed,13122.72
6767,187,2024-07-07 06:20:33,shipped,253.02
6768,93,2024-07-22 17:43:14,processing,298.73
6769,304,2023-11-07 09:44:08,completed,241.26
6770,46,2023-08-07 13:27:36,completed,2313.33
6771,70,2024-09-11 07:36:02,completed,1034.05
6772,450,2024-05-27 20:32:16,completed,1777.35
6773,98,2023-10-09 10:02:55,completed,4039.42
6774,425,2023-03-11 14:11:26,completed,814.8
6775,8,2024-11-03 03:51:47,completed,9861.89
6776,8,2023-07-24 16:19:44,completed,4342.85
6777,243,2024-06-13 02:41:21,completed,2470.54
6778,400,2024-08-03 05:04:35,completed,1026.4
6779,140,2024-10-28 09:10:23,completed,301.08
6780,467,2024-07-21 10:29:52,completed,6110.2
6781,403,2023-05-30 20:15:16,completed,2230.34
6782,66,2023-02-17 21:38:33,completed,387.76
6783,226,2024-11-26 18:25:45,completed,13923.81
6784,269,2024-03-08 16:54:26,completed,1361.54
6785,453,2023-07-19 17:32:37,completed,5970.3
6786,77,2023-08-17 05:31:07,processing,1608.17
6787,320,2023-10-01 20:19:48,processing,660.84
6788,132,2023-08-10 11:03:36,completed,10236.72
6789,163,2024-06-11 02:07:38,completed,11667.86
6790,353,2024-09-14 09:24:37,completed,583.67
6791,32,2024-04-04 08:02:31,processing,4369.82
6792,446,2023-07-25 08:51:52,processing,529.53
6793,86,2024-11-17 05:00:33,completed,342.07
6794,16,2024-03-16 03:13:41,completed,2062.33
6795,140,2024-10-12 20:30:35,completed,5381.69
6796,76,2024-10-24 05:38:01,completed,61.24
6797,468,2024-10-04 06:09:57,completed,2663.43
6798,397,2024-07-19 23:00:23,processing,1820.97
6799,351,2024-07-27 10:47:40,shipped,699.56
6800,17,2024-10-14 16:21:14,completed,338.12
6801,165,2023-09-22 14:48:48,completed,2507.91
6802,295,2024-03-19 21:42:54,completed,1176.65
6803,34,2024-01-06 16:40:16,completed,1851.23
6804,244,2024-07-16 12:01:22,completed,1439.29
6805,384,2024-09-02 08:54:02,completed,465.68
6806,28,2023-03-07 05:18:30,completed,1846.52
6807,323,2023-04-29 05:40:47,completed,2503.64
6808,52,2023-05-04 11:31:18,completed,621.54
6809,108,2023-10-09 23:59:05,completed,941.36
6810,255,2023-04-26 08:13:18,completed,1338.71
6811,255,2024-12-12 22:27:46,processing,11340.36
6812,16,2023-08-24 08:30:42,completed,3979.86
6813,216,2024-10-09 16:35:04,completed,1027.21
6814,426,2023-04-29 10:16:56,cancelled,14951.59
6815,487,2024-07-15 11:43:50,completed,1483.16
6816,204,2024-10-29 21:02:38,completed,3341.54
6817,493,2023-04-13 15:20:06,completed,1888.99
6818,74,2023-11-23 10:57:07,completed,3963.46
6819,78,2024-12-15 05:37:04,cancelled,2049.25
6820,438,2023-02-28 18:46:25,completed,2410.15
6821,305,2023-12-15 22:23:33,completed,10340.2
6822,330,2024-10-31 18:19:06,completed,1200.96
6823,278,2023-05-25 00:05:12,completed,7317.62
6824,487,2023-07-20 19:12:37,cancelled,347.03
6825,243,2023-12-16 21:41:34,completed,795.87
6826,381,2024-02-19 23:18:03,completed,11776.84
6827,72,2024-02-27 21:09:05,completed,1465.97
6828,41,2024-03-25 16:34:01,completed,1851.23
6829,446,2023-08-22 10:30:42,completed,925.59
6830,304,2024-09-02 07:47:49,completed,1616.24
6831,487,2023-08-30 14:15:11,completed,763.25
6832,345,2024-08-13 05:03:02,completed,791.67
6833,326,2024-01-09 00:39:58,processing,15889.39
6834,184,2024-04-09 04:59:51,completed,946.65
6835,97,2024-05-18 14:39:07,completed,73.16
6836,74,2023-01-12 22:54:31,completed,2597.47
6837,263,2024-04-30 02:58:06,completed,228.23
6838,141,2024-12-27 11:31:31,completed,8900.91
6839,73,2023-05-13 14:40:18,completed,6381.97
6840,299,2023-08-24 01:56:20,processing,864.52
6841,302,2023-07-08 13:21:09,completed,563.91
6842,347,2023-07-26 21:27:19,completed,6753.75
6843,84,2023-11-21 03:20:07,processing,284.92
6844,129,2024-03-23 22:54:01,completed,8447.44
6845,170,2023-06-13 14:50:27,completed,1233.97
6846,127,2024-06-23 14:28:38,processing,2163.68
6847,410,2024-11-12 09:09:30,completed,2127.91
6848,216,2024-10-02 22:26:45,completed,283.36
6849,312,2023-09-05 19:36:44,completed,637.68
6850,464,2023-12-03 13:29:46,completed,2516.03
6851,499,2023-01-14 09:29:12,completed,2018.19
6852,211,2023-12-26 05:07:11,shipped,11623.18
6853,304,2023-02-02 08:25:10,completed,896.74
6854,363,2023-12-27 09:26:30,completed,1476.8
6855,371,2024-09-21 06:14:55,completed,1777.35
6856,448,2024-06-27 10:00:25,processing,1464.42
6857,268,2024-02-27 09:33:47,processing,2759.48
6858,308,2024-08-16 01:37:54,completed,560.28
6859,328,2023-05-28 15:08:39,completed,2324.85
6860,323,2024-03-09 06:13:03,completed,211.44
6861,484,2023-07-29 15:38:18,completed,3100.52
6862,363,2024-01-01 09:13:14,completed,674.46
6863,222,2024-02-03 03:52:40,processing,1176.28
6864,286,2023-09-28 21:19:22,completed,8302.67
6865,473,2023-07-18 14:23:57,completed,594.64
6866,461,2024-04-07 02:16:34,completed,898.43
6867,143,2024-12-23 12:53:47,completed,811.87
6868,241,2024-12-28 19:44:45,completed,465.68
6869,34,2023-04-27 22:35:45,completed,529.91
6870,187,2024-02-05 15:53:09,completed,13457.62
6871,360,2024-07-03 05:35:07,completed,2599.64
6872,168,2024-10-11 07:32:15,cancelled,1819.69
6873,68,2024-03-28 19:01:40,completed,5591.28
6874,361,2023-10-09 16:51:04,completed,327.69
6875,108,2024-10-08 17:53:20,shipped,15671.42
6876,404,2023-03-08 09:53:35,processing,2115.5
6877,226,2023-06-14 10:23:34,completed,405.35
6878,421,2023-11-11 11:51:42,completed,958.76
6879,219,2023-07-11 02:28:47,completed,2967.31
6880,362,2024-07-22 22:57:03,completed,899.43
6881,437,2023-03-24 00:20:41,processing,6065.5
6882,80,2024-11-15 14:17:00,completed,1062.99
6883,133,2023-02-12 19:04:39,completed,246.79
6884,90,2024-08-23 15:59:07,completed,563.54
6885,146,2023-07-30 05:46:01,completed,5525.85
6886,327,2023-07-15 03:00:31,completed,1104.78
6887,357,2023-05-05 16:28:13,completed,414.37
6888,85,2023-02-03 08:59:15,completed,3358.43
6889,98,2023-04-25 20:07:36,shipped,4235.99
6890,246,2024-10-18 14:06:09,completed,2194.46
6891,46,2023-09-18 13:09:46,completed,802.23
6892,484,2024-01-01 23:11:29,completed,5129.38
6893,393,2023-10-25 21:54:08,completed,709.06
6894,358,2023-10-08 04:42:48,shipped,17322.51
6895,272,2024-02-06 06:51:25,completed,885.65
6896,103,2023-11-30 21:36:45,processing,457.67
6897,290,2023-09-19 09:30:10,completed,3148.05
6898,111,2023-02-01 02:45:29,completed,1226.88
6899,13,2024-06-14 13:19:40,completed,621.54
6900,336,2024-03-29 05:38:35,cancelled,1789.96
6901,390,2024-04-13 11:38:10,completed,6856.93
6902,301,2024-05-22 06:00:22,cancelled,491.04
6903,471,2023-04-03 20:49:29,completed,1255.33
6904,293,2023-04-12 03:16:31,processing,274.91
6905,438,2023-11-20 13:38:00,completed,7249.45
6906,464,2024-07-06 14:54:44,completed,1644.75
6907,260,2024-06-23 21:27:02,completed,2028.85
6908,255,2023-11-11 19:52:55,completed,347.03
6909,488,2023-02-24 03:40:25,completed,6080.66
6910,453,2023-06-09 07:38:09,completed,694.06
6911,395,2023-07-17 19:23:09,completed,6474.45
6912,396,2023-04-21 06:03:07,processing,791.24
6913,78,2024-03-24 14:55:56,completed,6856.93
6914,237,2024-01-20 18:40:30,completed,1312.76
6915,318,2023-04-09 07:50:31,cancelled,1399.68
6916,272,2024-05-07 12:32:37,completed,564.14
6917,119,2024-08-24 17:58:22,completed,6986.71
6918,280,2024-04-13 17:37:25,completed,2477.44
6919,445,2024-10-19 01:46:19,completed,803.8
6920,289,2023-06-21 23:11:53,completed,746.74
6921,180,2023-10-29 10:48:23,completed,490.35
6922,152,2024-02-24 09:07:20,completed,4106.22
6923,141,2024-10-22 21:40:10,completed,109.52
6924,36,2023-01-31 02:16:50,completed,5345.62
6925,47,2024-04-13 06:07:34,completed,1328.76
6926,88,2023-07-30 09:05:33,completed,688.21
6927,87,2023-02-12 20:55:44,completed,7042.44
6928,407,2024-02-08 13:25:51,completed,247.85
6929,494,2024-11-02 08:26:53,completed,1574.27
6930,405,2023-03-06 02:46:06,completed,564.04
6931,79,2024-03-22 13:22:00,completed,602.41
6932,491,2024-09-20 15:14:51,completed,676.15
6933,294,2024-06-12 16:55:05,processing,622.52
6934,328,2023-10-11 08:47:55,completed,2295.37
6935,182,2023-08-09 07:07:24,completed,1968.21
6936,93,2024-07-27 11:13:32,completed,380.75
6937,51,2023-05-27 18:26:39,completed,1789.96
6938,365,2024-10-08 12:52:38,completed,279.71
6939,4,2023-01-11 09:18:39,completed,2274.59
6940,157,2024-07-02 00:42:02,completed,7552.69
6941,399,2024-09-21 12:46:01,completed,529.46
6942,111,2024-07-22 23:01:05,completed,269.1
6943,202,2024-02-07 05:41:15,completed,15335.91
6944,125,2024-11-10 11:39:46,cancelled,929.38
6945,338,2023-02-19 21:21:27,completed,298.62
6946,198,2024-05-08 13:48:48,completed,8277.14
6947,394,2024-03-19 11:12:07,completed,3967.87
6948,214,2023-07-11 09:12:37,processing,338.12
6949,416,2024-07-25 01:54:40,completed,10436.19
6950,234,2024-01-21 11:47:05,completed,1977.41
6951,1,2024-02-13 02:46:04,processing,1325.53
6952,388,2023-10-13 04:01:12,completed,2261.33
6953,497,2024-05-06 18:36:57,completed,1602.09
6954,207,2024-07-06 14:26:28,shipped,5258.58
6955,69,2023-07-13 19:06:04,completed,2118.4
6956,221,2024-11-01 07:25:23,completed,347.03
6957,330,2023-07-11 22:43:31,shipped,1293.29
6958,484,2023-09-12 20:26:46,completed,2063.12
6959,483,2023-08-23 21:38:59,completed,1233.09
6960,102,2023-11-02 18:45:04,completed,6570.87
6961,109,2024-04-23 14:36:36,completed,2534.81
6962,202,2023-01-05 09:10:56,completed,3121.79
6963,179,2024-12-01 06:41:56,completed,2858.04
6964,402,2024-06-08 14:39:44,cancelled,602.41
6965,417,2024-06-06 16:44:23,completed,841.55
6966,183,2024-11-08 09:35:53,completed,571.21
6967,203,2024-10-24 16:29:47,cancelled,1250.51
6968,253,2023-01-10 10:34:34,completed,202.68
6969,448,2024-10-18 06:29:48,completed,1506.26
6970,343,2024-11-08 18:17:16,processing,6753.75
6971,167,2024-04-09 06:11:35,completed,5179.59
6972,34,2023-09-16 06:40:03,completed,250.27
6973,319,2023-03-01 20:56:54,completed,723.01
6974,315,2024-03-25 20:49:30,completed,983.19
6975,48,2024-05-09 09:19:11,completed,600.91
6976,482,2024-10-23 00:34:06,completed,6753.75
6977,25,2024-11-11 01:12:58,cancelled,10737.02
6978,369,2023-03-09 02:48:02,cancelled,534.9
6979,435,2023-07-02 22:38:56,completed,1059.4
6980,121,2023-07-05 08:21:30,completed,2542.57
6981,79,2024-03-18 00:54:06,completed,6836.86
6982,237,2023-11-02 05:39:46,completed,12393.72
6983,402,2023-01-16 19:02:41,completed,525.55
6984,308,2024-05-14 18:12:40,completed,948.56
6985,472,2024-10-01 15:51:19,completed,253.27
6986,204,2024-07-04 19:40:42,completed,602.41
6987,334,2024-09-09 15:53:12,shipped,271.5
6988,493,2024-11-21 15:40:16,completed,546.62
6989,367,2024-06-30 12:21:15,completed,1018.94
6990,278,2024-10-19 18:35:50,completed,1485.77
6991,437,2023-05-15 09:11:34,completed,2809.99
6992,372,2024-07-07 16:47:09,completed,648.11
6993,15,2024-09-13 23:05:54,completed,184.75
6994,8,2023-09-14 23:18:10,completed,1939.62
6995,64,2024-02-29 21:07:24,completed,594.64
6996,182,2024-10-22 12:28:01,shipped,2462.5
6997,168,2024-04-18 07:31:42,completed,999.14
6998,149,2024-07-30 13:08:47,completed,999.14
6999,399,2024-06-03 01:51:15,completed,1383.85
7000,418,2024-05-10 06:49:24,completed,13372.76
7001,465,2024-03-21 09:22:31,completed,1868.01
7002,337,2023-10-17 04:47:10,completed,1245.67
7003,190,2024-05-13 00:23:07,completed,712.68
7004,452,2024-12-01 17:29:08,completed,98.36
7005,252,2023-11-30 04:27:58,completed,867.11
7006,294,2023-07-26 14:39:49,processing,279.43
7007,104,2023-05-10 10:04:33,completed,3544.65
7008,106,2024-02-04 06:24:33,shipped,331.74
7009,454,2023-09-18 23:46:54,completed,7959.65
7010,389,2024-05-24 18:52:21,processing,2037.98
7011,190,2023-05-03 17:21:50,completed,1647.72
7012,287,2024-05-14 13:47:16,completed,1725.84
7013,134,2024-03-14 04:52:12,completed,754.96
7014,31,2023-07-18 05:52:05,processing,1230.94
7015,484,2023-01-24 08:18:27,completed,949.23
7016,287,2024-07-17 18:04:12,shipped,152.85
7017,498,2024-10-27 09:05:38,completed,13456.82
7018,339,2023-03-13 23:34:53,processing,709.95
7019,317,2023-12-22 18:37:43,completed,2149.33
7020,169,2024-10-25 23:17:40,completed,888.81
7021,152,2023-06-11 18:07:03,completed,348.71
7022,115,2024-06-08 05:25:29,completed,1567.5
7023,270,2024-06-06 09:28:19,completed,2349.7
7024,103,2023-06-19 01:43:24,completed,1702.19
7025,184,2023-03-07 13:03:58,completed,1518.51
7026,277,2023-09-16 22:28:52,completed,6217.04
7027,494,2023-07-24 17:08:56,completed,3820.53
7028,29,2023-04-29 20:56:01,completed,1298.91
7029,291,2023-12-05 06:22:14,completed,445.63
7030,22,2024-06-11 05:39:54,completed,3763.97
7031,75,2024-07-12 16:50:24,completed,1131.14
7032,293,2024-05-07 02:43:46,completed,1065.17
7033,82,2023-11-05 15:31:27,completed,1333.4
7034,190,2024-06-30 14:48:30,completed,298.73
7035,447,2024-03-13 15:18:08,completed,7815.69
7036,438,2023-02-04 09:24:31,completed,7938.41
7037,137,2023-04-01 00:36:56,completed,1679.92
7038,228,2024-02-08 07:07:38,completed,2681.5
7039,250,2023-06-10 21:54:15,completed,1328.82
7040,128,2024-04-02 02:59:03,completed,1982.66
7041,414,2023-12-31 09:32:25,completed,433.15
7042,268,2024-12-23 12:06:43,completed,11315.01
7043,476,2023-11-18 04:56:12,completed,109.52
7044,252,2023-02-25 23:18:31,completed,5575.77
7045,94,2023-05-27 11:11:29,completed,1942.81
7046,288,2024-06-19 22:22:46,shipped,110.25
7047,420,2023-02-10 02:35:54,completed,5137.69
7048,289,2023-10-06 18:52:16,completed,843.43
7049,178,2023-08-21 23:02:00,completed,1108.81
7050,493,2023-10-29 13:43:42,processing,1252.73
7051,149,2024-02-12 21:44:42,cancelled,1939.62
7052,273,2023-05-09 16:08:55,completed,478.5
7053,464,2024-05-20 03:36:57,completed,1982.66
7054,210,2023-11-07 20:58:22,completed,4150.87
7055,319,2023-06-16 15:17:40,completed,477.03
7056,351,2024-01-31 12:31:14,completed,1684.06
7057,485,2024-11-19 06:27:32,completed,804.32
7058,58,2023-10-09 00:15:09,completed,4075.22
7059,179,2023-07-06 14:20:06,processing,2397.26
7060,455,2023-11-03 00:56:14,shipped,1295.87
7061,297,2024-02-14 06:47:53,completed,1713.97
7062,203,2023-10-19 19:26:19,completed,3212.62
7063,97,2024-05-09 01:15:12,completed,12188.75
7064,245,2024-03-26 05:38:54,completed,6885.41
7065,144,2023-04-21 07:24:07,completed,5188.59
7066,281,2024-12-11 14:09:05,completed,4269.99
7067,338,2023-11-11 14:31:20,completed,1725.52
7068,238,2024-04-14 07:32:56,completed,1851.23
7069,108,2024-03-15 03:55:04,completed,1826.78
7070,256,2023-03-27 23:28:17,completed,380.66
7071,22,2024-12-11 00:14:36,completed,1851.23
7072,271,2023-02-01 22:11:42,completed,896.19
7073,181,2023-08-07 20:45:03,completed,6753.75
7074,173,2024-07-15 07:34:46,completed,449.82
7075,38,2024-06-19 08:23:36,completed,6657.33
7076,40,2024-05-24 17:11:08,completed,1643.52
7077,229,2024-10-01 04:45:11,completed,211.44
7078,8,2024-02-09 20:10:37,completed,1070.56
7079,246,2024-02-12 02:38:23,completed,5591.7
7080,500,2024-02-20 01:06:48,completed,2486.03
7081,400,2023-05-17 19:31:10,completed,1589.6
7082,298,2024-08-03 06:18:20,completed,885.77
7083,195,2023-02-21 16:03:24,completed,717.53
7084,128,2023-02-20 09:55:06,completed,1656.41
7085,30,2024-03-22 05:22:26,completed,502.84
7086,219,2023-03-10 17:04:22,completed,140.92
7087,256,2024-05-11 17:54:30,completed,1170.52
7088,421,2023-09-08 17:43:45,completed,7431.92
7089,109,2024-01-03 05:50:05,completed,283.36
7090,142,2024-04-09 19:59:35,completed,750.65
7091,61,2023-09-08 21:51:38,completed,217.5
7092,304,2023-07-13 16:39:31,completed,2062.41
7093,29,2023-01-31 22:19:51,processing,691.19
7094,121,2024-10-16 18:02:54,completed,541.7
7095,427,2023-07-10 07:36:34,completed,7981.65
7096,122,2023-11-28 10:28:29,completed,12802.23
7097,365,2023-03-27 15:21:20,completed,874.56
7098,263,2024-12-26 02:06:41,completed,6388.65
7099,388,2023-09-07 01:32:05,completed,9170.51
7100,57,2023-01-14 17:44:56,shipped,140.92
7101,80,2023-12-26 11:39:38,completed,691.44
7102,227,2024-07-03 11:39:44,completed,877.03
7103,216,2023-04-24 06:04:19,processing,7506.74
7104,426,2024-09-13 20:40:52,cancelled,621.54
7105,240,2023-12-27 01:36:14,completed,4467.15
7106,492,2024-04-26 15:17:49,completed,20460.95
7107,460,2023-05-13 07:54:32,completed,1756.74
7108,332,2023-04-06 01:35:07,completed,1043.64
7109,53,2024-09-21 13:26:27,completed,5805.15
7110,105,2024-03-29 22:04:46,processing,465.68
7111,68,2024-02-12 15:10:14,completed,2194.53
7112,310,2023-02-20 07:59:55,completed,1562.14
7113,395,2024-10-10 15:02:31,completed,557.02
7114,476,2023-11-11 18:09:58,completed,404.5
7115,146,2023-08-18 19:01:16,completed,1720.9
7116,48,2023-02-25 14:45:31,shipped,1269.55
7117,488,2023-04-08 00:20:18,completed,7232.08
7118,112,2024-11-18 18:21:44,cancelled,815.99
7119,225,2023-06-23 05:10:20,completed,190.33
7120,437,2024-03-18 09:26:53,completed,2394.74
7121,82,2023-03-09 21:24:38,completed,2827.64
7122,251,2024-06-30 23:09:52,completed,1107.51
7123,234,2024-11-23 07:19:32,completed,1303.73
7124,26,2024-10-11 21:02:09,completed,632.1
7125,218,2023-01-03 17:01:02,completed,602.41
7126,108,2024-07-03 12:16:19,completed,1003.27
7127,417,2023-01-01 18:43:42,completed,2374.79
7128,400,2023-11-30 15:47:57,completed,6824.0
7129,167,2024-03-01 09:19:50,completed,911.02
7130,53,2024-11-27 05:33:58,completed,7279.82
7131,355,2024-01-26 07:26:33,completed,1960.48
7132,428,2024-06-15 23:28:55,completed,13029.41
7133,138,2024-09-29 23:09:02,completed,8113.91
7134,87,2023-09-29 06:29:34,completed,182.43
7135,26,2023-10-06 12:28:35,processing,372.66
7136,92,2024-07-31 07:14:38,completed,10657.15
7137,414,2023-10-25 11:30:58,completed,7770.29
7138,433,2024-09-20 21:43:47,completed,394.36
7139,29,2024-03-06 04:01:35,completed,587.93
7140,289,2024-06-04 11:07:03,completed,417.18
7141,131,2023-09-09 01:40:41,completed,864.52
7142,45,2024-12-23 12:46:23,completed,996.58
7143,475,2024-12-19 18:59:56,completed,4160.96
7144,390,2023-06-05 15:31:15,completed,1059.92
7145,19,2024-06-02 07:32:14,completed,626.74
7146,233,2024-08-05 11:59:21,processing,13671.36
7147,279,2024-04-14 13:22:17,completed,14167.84
7148,384,2023-11-19 05:15:03,cancelled,4669.75
7149,303,2023-05-11 10:09:02,completed,274.34
7150,383,2024-03-04 06:08:09,completed,1840.3
7151,9,2024-01-02 07:33:54,completed,1045.02
7152,450,2023-04-15 00:26:50,completed,4029.73
7153,388,2023-09-04 05:41:08,completed,325.54
7154,337,2023-11-05 09:18:50,completed,1851.23
7155,431,2024-03-24 16:46:50,completed,7376.8
7156,220,2024-07-20 17:48:39,completed,7509.55
7157,174,2024-11-18 13:58:57,shipped,325.99
7158,439,2023-12-27 14:28:50,completed,1713.97
7159,114,2023-08-12 03:12:10,completed,2858.25
7160,201,2024-05-10 06:41:17,completed,132.13
7161,148,2023-12-10 05:56:44,completed,94.56
7162,323,2023-03-08 14:33:49,shipped,123.8
7163,105,2023-03-02 05:26:53,completed,1934.93
7164,179,2024-02-24 06:44:44,completed,411.6
7165,433,2024-05-05 03:56:00,completed,3141.36
7166,198,2024-04-22 06:02:42,processing,136.01
7167,351,2023-12-19 10:45:29,completed,3604.04
7168,298,2023-12-19 09:11:11,cancelled,5260.62
7169,273,2024-09-08 09:30:41,completed,3725.82
7170,377,2023-08-12 11:05:04,shipped,622.98
7171,181,2024-04-26 13:04:37,processing,756.15
7172,259,2024-01-31 02:07:56,completed,12397.29
7173,474,2023-03-13 10:53:13,completed,871.68
7174,127,2024-06-06 19:06:43,completed,2027.8
7175,100,2023-05-10 03:15:57,completed,224.49
7176,295,2024-05-14 04:57:19,completed,703.99
7177,130,2024-07-15 00:01:50,completed,301.08
7178,195,2024-05-09 10:15:42,cancelled,578.73
7179,76,2024-11-01 03:10:06,completed,766.52
7180,325,2024-10-16 15:24:06,completed,394.36
7181,137,2024-05-30 15:40:58,completed,870.91
7182,277,2024-09-23 08:07:00,completed,8317.9
7183,299,2023-12-02 08:33:09,completed,10308.99
7184,15,2023-10-08 08:40:18,completed,11983.22
7185,144,2024-09-26 07:41:32,completed,14716.18
7186,410,2023-06-16 10:33:45,completed,1137.82
7187,342,2024-01-03 15:19:35,processing,143.75
7188,336,2023-05-13 09:21:25,completed,1358.96
7189,38,2024-04-29 08:04:07,completed,1123.96
7190,466,2023-03-11 12:22:55,shipped,1623.87
7191,348,2024-08-20 10:28:34,completed,2084.82
7192,86,2023-09-16 10:28:43,processing,264.53
7193,189,2023-08-19 12:26:48,completed,1303.73
7194,413,2024-09-26 09:45:32,completed,6224.61
7195,15,2024-06-22 01:52:00,completed,793.23
7196,449,2023-06-27 22:55:36,processing,2358.89
7197,9,2023-05-14 12:44:20,completed,98.36
7198,282,2023-01-06 02:22:30,completed,7699.0
7199,202,2024-10-16 09:27:37,completed,578.73
7200,401,2023-01-01 19:57:35,completed,764.68
7201,338,2024-04-04 09:49:58,completed,2192.27
7202,132,2023-05-21 16:56:27,completed,5570.35
7203,151,2024-08-03 08:30:51,processing,1139.34
7204,176,2023-12-09 10:35:28,completed,5708.73
7205,184,2024-08-07 00:36:06,completed,502.42
7206,207,2024-12-19 20:54:54,completed,224.49
7207,423,2023-09-21 11:51:16,completed,333.7
7208,160,2024-02-13 13:51:51,processing,621.5
7209,266,2023-05-25 13:57:38,completed,9658.56
7210,332,2024-10-07 21:51:25,completed,385.15
7211,102,2023-05-09 15:29:18,completed,1893.52
7212,99,2023-12-11 20:53:44,completed,980.4
7213,437,2023-11-03 06:49:54,processing,2809.99
7214,150,2023-09-22 23:30:38,completed,455.56
7215,59,2024-08-10 23:42:12,completed,1178.68
7216,355,2023-03-05 10:24:06,processing,6805.06
7217,393,2024-03-17 05:09:55,completed,207.71
7218,72,2024-12-04 07:56:22,completed,1043.64
7219,205,2023-11-05 22:14:07,completed,615.39
7220,28,2024-08-04 17:12:19,completed,764.68
7221,120,2023-08-03 01:56:29,completed,551.24
7222,317,2024-08-06 21:40:12,completed,516.45
7223,328,2023-11-18 11:46:09,completed,558.73
7224,217,2024-04-10 04:41:16,completed,1635.73
7225,24,2024-03-07 01:03:54,completed,621.54
7226,382,2024-08-26 15:20:03,completed,4587.54
7227,165,2024-02-10 10:50:10,processing,5278.72
7228,245,2023-12-09 01:58:15,processing,778.32
7229,247,2024-03-15 13:34:19,cancelled,8187.49
7230,341,2023-01-29 06:21:25,completed,1789.96
7231,256,2024-10-31 22:34:05,cancelled,690.61
7232,30,2024-06-30 20:53:47,completed,1268.24
7233,22,2024-08-28 21:23:34,completed,5692.38
7234,114,2024-11-09 17:25:47,completed,3210.38
7235,294,2024-08-16 14:52:58,processing,278.9
7236,205,2024-01-18 17:45:18,processing,2710.55
7237,227,2023-01-02 00:58:33,completed,36.51
7238,10,2024-03-31 03:15:22,completed,281.44
7239,95,2024-02-26 12:47:52,completed,1851.23
7240,37,2024-07-05 18:33:31,completed,183.18
7241,174,2024-03-09 23:19:42,completed,73.96
7242,4,2023-06-21 00:13:40,completed,456.28
7243,395,2024-08-11 01:26:08,completed,1022.39
7244,295,2023-11-07 02:57:25,processing,608.99
7245,94,2023-12-02 22:46:45,completed,165.87
7246,185,2024-01-20 01:19:51,completed,550.3
7247,107,2024-10-24 03:33:58,completed,1851.23
7248,245,2024-12-20 12:11:50,completed,727.97
7249,154,2024-10-28 19:40:15,completed,886.9
7250,417,2023-10-31 19:36:10,completed,1667.18
7251,21,2023-12-16 15:32:33,cancelled,2816.3
7252,234,2023-01-12 22:58:56,completed,1544.65
7253,260,2024-03-31 18:05:19,completed,504.74
7254,310,2023-05-03 01:07:25,completed,2271.96
7255,57,2023-12-14 01:11:30,shipped,6249.49
7256,226,2023-07-07 00:21:45,completed,1036.45
7257,70,2023-06-14 08:02:09,cancelled,5583.13
7258,204,2023-02-20 07:10:01,completed,3421.25
7259,359,2024-09-30 02:27:08,completed,1382.16
7260,288,2023-12-16 04:32:37,completed,192.65
7261,366,2024-05-08 00:26:05,completed,1643.97
7262,79,2023-04-20 09:17:14,completed,94.56
7263,207,2024-09-15 17:28:30,completed,3341.54
7264,371,2024-01-01 02:37:19,completed,563.13
7265,62,2023-03-09 08:06:56,cancelled,457.64
7266,499,2024-07-23 08:55:49,completed,11920.95
7267,283,2023-07-19 18:17:23,completed,2462.86
7268,106,2024-01-11 15:53:21,shipped,3535.52
7269,48,2024-10-19 01:41:16,cancelled,3738.98
7270,7,2024-03-30 03:19:17,completed,414.17
7271,202,2023-07-22 01:47:01,completed,4640.39
7272,414,2023-04-27 19:31:24,completed,217.5
7273,472,2024-06-19 23:46:50,completed,235.34
7274,313,2024-03-03 19:31:23,completed,2089.6
7275,355,2023-11-22 07:35:46,completed,2809.99
7276,112,2023-10-14 23:51:45,completed,487.92
7277,273,2023-10-02 20:28:48,completed,402.74
7278,88,2024-08-05 13:30:03,shipped,1629.54
7279,86,2023-12-21 02:18:14,completed,2696.79
7280,349,2023-06-16 20:37:55,completed,12183.18
7281,498,2023-07-27 11:39:52,processing,10740.58
7282,58,2024-10-06 12:53:56,processing,1237.86
7283,314,2024-05-09 05:13:50,processing,1713.96
7284,292,2023-06-09 12:46:03,completed,782.12
7285,138,2023-04-06 08:10:20,completed,338.12
7286,106,2023-03-04 05:21:49,completed,248.75
7287,143,2024-12-20 19:46:42,completed,351.69
7288,449,2024-11-08 21:58:25,completed,835.47
7289,297,2023-01-30 04:52:56,completed,146.76
7290,109,2023-09-13 14:51:45,completed,182.43
7291,267,2023-03-24 13:52:38,completed,1643.52
7292,131,2023-12-13 12:22:08,completed,329.38
7293,102,2023-06-27 08:09:19,completed,1494.25
7294,223,2024-11-04 09:32:20,completed,2063.17
7295,328,2024-09-19 01:51:00,completed,577.23
7296,279,2024-02-12 07:41:26,completed,1043.26
7297,394,2023-10-16 16:40:11,completed,978.27
7298,419,2024-08-12 16:22:11,completed,304.48
7299,353,2023-11-08 14:03:50,completed,1745.21
7300,53,2024-09-22 01:23:34,completed,243.55
7301,496,2023-10-01 10:05:44,completed,621.54
7302,68,2023-01-07 21:26:28,completed,6753.75
7303,291,2024-01-31 02:22:45,completed,666.8
7304,191,2024-08-29 22:21:29,completed,217.5
7305,480,2024-11-21 00:28:56,completed,3341.54
7306,284,2024-02-14 23:44:13,completed,963.63
7307,22,2023-03-16 05:11:17,completed,1134.18
7308,324,2024-03-13 18:15:06,completed,13144.83
7309,446,2023-10-02 03:19:17,completed,645.91
7310,297,2023-10-02 09:17:13,completed,678.63
7311,35,2023-07-27 03:16:01,processing,717.96
7312,25,2024-06-01 08:23:43,completed,1374.92
7313,214,2024-02-27 20:52:33,completed,303.19
7314,271,2023-03-26 07:47:30,completed,5352.27
7315,341,2023-02-02 01:28:50,completed,5384.3
7316,300,2024-04-05 05:36:09,completed,1939.62
7317,111,2023-05-02 13:52:44,completed,2387.16
7318,359,2024-04-24 05:49:20,completed,417.82
7319,60,2024-01-07 17:30:51,completed,525.55
7320,303,2023-06-01 05:52:03,completed,325.54
7321,467,2023-08-24 18:44:06,completed,347.03
7322,402,2023-08-01 21:38:38,completed,6753.75
7323,149,2023-01-03 10:46:06,completed,834.36
7324,150,2023-12-26 07:48:23,completed,534.12
7325,175,2024-11-23 19:36:58,completed,6137.94
7326,352,2023-10-13 06:44:15,completed,1939.62
7327,455,2023-09-12 12:53:26,completed,602.41
7328,478,2023-08-24 02:15:07,completed,5915.93
7329,376,2024-06-06 10:57:07,completed,557.39
7330,135,2024-08-18 09:35:50,completed,2319.58
7331,269,2024-05-27 16:14:50,completed,878.16
7332,433,2023-11-06 02:41:04,completed,2025.29
7333,94,2023-04-02 07:52:12,processing,11689.88
7334,66,2024-06-15 18:16:15,completed,697.15
7335,293,2023-01-09 07:14:42,completed,342.07
7336,158,2024-04-22 01:59:01,processing,6856.93
7337,415,2023-09-19 15:04:27,completed,2367.07
7338,186,2024-08-29 23:19:22,completed,7768.1
7339,437,2023-10-17 13:21:01,completed,192.65
7340,109,2024-04-20 13:58:57,completed,623.17
7341,37,2024-07-07 05:30:29,completed,1914.27
7342,361,2023-06-23 00:42:47,processing,283.36
7343,248,2023-06-11 13:29:41,completed,5840.86
7344,273,2024-02-27 23:52:58,completed,456.12
7345,403,2024-11-25 12:20:49,completed,1660.05
7346,249,2023-10-22 16:44:22,shipped,5612.31
7347,85,2023-11-14 12:32:33,completed,1562.14
7348,207,2024-06-02 08:30:12,completed,6657.33
7349,409,2023-07-29 05:02:49,processing,1831.51
7350,106,2024-09-04 19:27:14,processing,867.11
7351,113,2024-11-06 10:20:12,completed,1059.92
7352,331,2023-09-11 03:14:40,completed,41.52
7353,460,2023-11-01 04:44:17,completed,7904.33
7354,40,2024-03-12 21:36:54,completed,637.27
7355,83,2023-07-06 19:22:08,completed,1250.44
7356,389,2023-06-04 14:16:27,processing,12269.64
7357,14,2023-05-20 07:32:02,completed,564.63
7358,47,2024-01-18 05:31:56,completed,902.9
7359,445,2024-03-07 08:47:01,completed,1399.87
7360,35,2024-09-06 15:35:24,processing,3217.81
7361,325,2023-02-07 11:41:39,completed,13408.77
7362,104,2023-02-04 22:23:13,completed,13414.76
7363,375,2023-04-30 03:57:37,completed,941.56
7364,165,2024-08-26 10:11:44,cancelled,1681.65
7365,265,2024-01-18 13:57:55,completed,17647.92
7366,354,2023-09-07 21:49:05,completed,758.09
7367,372,2023-12-14 06:03:14,completed,1117.87
7368,379,2023-08-18 12:25:51,completed,660.84
7369,161,2023-01-04 02:07:51,completed,1395.45
7370,254,2023-07-23 04:45:39,completed,1247.49
7371,440,2024-07-05 02:10:26,completed,6570.87
7372,177,2024-05-26 01:36:55,completed,6570.87
7373,263,2023-07-30 22:52:58,shipped,1777.35
7374,391,2023-05-27 09:57:06,completed,1890.87
7375,38,2023-12-26 15:24:17,completed,457.64
7376,44,2023-01-16 02:02:24,completed,352.39
7377,162,2024-11-20 14:50:35,completed,1768.56
7378,54,2023-09-11 14:26:58,completed,3489.44
7379,273,2024-07-05 03:23:25,completed,401.28
7380,65,2024-02-14 23:58:56,completed,621.54
7381,302,2023-07-07 01:58:18,completed,1452.83
7382,21,2024-12-25 04:40:35,completed,1676.1
7383,437,2023-08-05 03:01:03,shipped,1324.68
7384,26,2023-02-07 16:42:50,completed,1939.62
7385,308,2024-08-01 15:45:38,completed,703.52
7386,16,2023-02-04 14:40:26,shipped,2410.9
7387,416,2024-02-24 19:26:21,completed,7222.69
7388,434,2024-01-02 12:11:52,completed,1544.65
7389,37,2023-10-27 02:08:07,completed,696.27
7390,109,2023-07-12 03:41:34,completed,460.36
7391,351,2024-08-22 21:59:04,shipped,2226.21
7392,375,2024-09-11 03:17:40,completed,338.12
7393,481,2024-03-23 06:56:48,completed,532.27
7394,228,2024-07-26 00:24:58,completed,729.64
7395,215,2023-06-14 11:16:32,completed,1310.61
7396,239,2023-02-11 15:40:05,completed,1230.94
7397,425,2024-03-13 01:21:19,completed,896.77
7398,452,2024-04-03 06:25:40,completed,5525.85
7399,182,2024-09-07 11:13:17,completed,329.05
7400,309,2023-04-04 01:15:55,completed,12334.91
7401,24,2024-07-09 00:53:06,completed,779.85
7402,13,2023-07-29 16:16:42,completed,269.1
7403,249,2023-07-19 11:08:55,processing,191.98
7404,219,2023-02-01 02:56:48,completed,2950.78
7405,213,2023-01-25 15:58:59,shipped,1506.26
7406,36,2023-09-29 13:20:15,completed,3375.32
7407,472,2024-11-28 01:27:07,shipped,717.53
7408,471,2023-02-05 04:34:06,completed,525.55
7409,153,2024-09-29 13:11:06,cancelled,2076.88
7410,464,2024-11-20 04:02:58,completed,1643.52
7411,219,2024-05-26 00:37:27,processing,11308.09
7412,82,2024-01-11 10:45:09,completed,607.51
7413,44,2024-01-19 04:53:25,cancelled,1719.51
7414,293,2023-12-27 17:58:15,completed,685.51
7415,74,2023-01-29 11:59:49,completed,13525.24
7416,398,2023-01-19 10:46:11,completed,920.12
7417,426,2023-09-03 17:49:55,completed,647.23
7418,320,2023-01-16 04:05:27,completed,11019.2
7419,440,2023-04-19 01:26:12,completed,2087.76
7420,29,2024-04-03 08:10:16,completed,687.06
7421,100,2024-02-08 21:58:34,completed,584.83
7422,192,2023-03-01 22:57:52,completed,6981.09
7423,480,2024-11-27 19:04:05,completed,1044.39
7424,24,2023-06-06 03:41:30,completed,2379.77
7425,399,2023-03-24 07:29:56,completed,1464.42
7426,466,2023-12-26 14:59:26,completed,598.12
7427,120,2024-05-14 21:10:05,processing,6038.79
7428,403,2024-10-16 04:46:05,completed,680.77
7429,297,2023-05-27 00:03:55,completed,598.01
7430,401,2023-02-17 09:29:08,completed,209.71
7431,489,2024-09-29 14:33:29,shipped,3953.64
7432,290,2023-02-08 19:24:14,completed,36.51
7433,290,2023-12-24 16:01:32,completed,4291.84
7434,294,2024-12-26 01:56:32,completed,651.51
7435,22,2023-06-16 09:46:29,completed,2480.82
7436,345,2023-01-25 14:45:16,completed,2445.47
7437,471,2024-08-13 23:55:07,completed,293.85
7438,182,2023-09-22 19:19:23,completed,575.75
7439,15,2024-11-13 20:22:15,completed,6868.22
7440,199,2024-06-14 17:00:11,completed,2925.57
7441,85,2024-05-18 15:55:31,shipped,557.61
7442,174,2023-06-30 13:25:04,completed,4174.32
7443,345,2023-03-22 14:26:52,completed,2526.44
7444,382,2023-07-19 06:18:40,completed,1912.73
7445,50,2024-11-01 17:56:44,completed,1529.44
7446,399,2024-05-29 08:53:31,completed,1713.97
7447,166,2024-12-20 00:59:16,completed,586.82
7448,379,2024-07-05 02:07:20,completed,107.47
7449,493,2023-08-25 22:18:47,shipped,347.03
7450,481,2023-02-08 23:47:31,completed,714.04
7451,287,2023-06-29 13:41:15,completed,329.38
7452,387,2023-03-10 20:39:27,completed,5708.73
7453,317,2023-06-03 21:42:20,completed,4769.9
7454,298,2024-05-13 04:42:26,completed,95.99
7455,415,2024-03-09 03:13:29,completed,2967.08
7456,271,2023-05-06 18:31:40,completed,11971.27
7457,139,2023-06-30 15:38:55,shipped,10523.08
7458,9,2023-11-10 05:16:40,completed,414.37
7459,223,2024-02-17 01:18:36,completed,1711.1
7460,58,2023-12-24 16:31:33,completed,11101.81
7461,209,2023-01-07 21:07:53,completed,10906.49
7462,398,2023-01-17 04:35:11,completed,109.52
7463,165,2023-07-12 16:16:17,completed,7076.8
7464,297,2023-04-02 12:23:03,completed,658.67
7465,193,2023-05-18 18:56:10,completed,165.39
7466,79,2023-10-02 00:46:39,cancelled,6681.49
7467,458,2023-03-25 20:08:42,completed,5764.06
7468,458,2023-04-09 23:56:41,completed,936.52
7469,16,2024-09-12 21:03:01,completed,248.61
7470,337,2023-10-04 08:04:39,completed,182.54
7471,109,2023-02-18 14:10:51,completed,540.6
7472,189,2024-08-10 05:22:53,completed,5034.82
7473,21,2023-09-01 05:39:41,shipped,5708.73
7474,113,2023-03-08 13:52:29,completed,9560.47
7475,202,2023-02-20 19:38:01,completed,11269.21
7476,444,2023-07-20 22:46:26,completed,988.39
7477,384,2024-05-29 22:22:06,completed,10705.96
7478,394,2023-02-05 07:18:29,processing,264.84
7479,44,2024-04-21 10:45:27,completed,1825.57
7480,133,2023-05-25 02:03:50,completed,1365.42
7481,346,2024-03-12 12:44:27,processing,657.68
7482,387,2023-10-06 11:51:47,completed,10754.19
7483,380,2023-02-13 20:07:22,completed,301.08
7484,356,2024-05-21 19:29:45,processing,999.21
7485,214,2023-05-30 07:33:59,processing,6008.27
7486,387,2024-08-16 23:19:12,completed,2885.31
7487,154,2024-11-06 05:12:06,completed,621.54
7488,113,2023-03-17 01:19:02,completed,279.43
7489,446,2023-06-06 15:42:34,completed,233.74
7490,361,2024-08-11 23:11:24,completed,482.06
7491,334,2024-11-06 13:14:55,completed,621.54
7492,344,2024-08-25 05:26:41,completed,751.36
7493,165,2024-09-30 12:55:48,processing,1264.24
7494,177,2023-01-01 15:12:52,completed,1562.14
7495,147,2024-02-14 12:10:39,completed,2240.76
7496,318,2023-05-27 06:45:27,completed,1851.23
7497,273,2023-10-31 12:31:39,cancelled,1541.59
7498,181,2024-05-10 05:31:23,completed,2745.97
7499,366,2023-08-11 15:33:12,completed,10705.96
7500,119,2023-02-22 07:16:45,completed,2935.41
7501,491,2023-05-04 20:58:08,completed,395.13
7502,259,2023-09-10 13:16:47,completed,1733.52
7503,54,2024-08-09 11:54:31,processing,8235.62
7504,79,2024-10-15 15:28:46,completed,1037.17
7505,395,2023-01-20 04:42:10,completed,10568.43
7506,404,2024-03-23 15:54:03,completed,337.95
7507,228,2023-03-03 19:09:18,completed,298.62
7508,199,2023-06-09 23:53:31,completed,6474.45
7509,320,2024-05-13 14:16:12,completed,10523.08
7510,197,2024-05-18 15:29:26,completed,1939.62
7511,119,2023-03-11 06:54:55,completed,1128.13
7512,60,2024-08-04 13:46:51,cancelled,764.68
7513,88,2023-01-23 05:14:15,shipped,659.63
7514,325,2023-06-01 21:16:57,completed,2127.7
7515,361,2024-06-17 14:25:40,processing,998.62
7516,196,2023-02-10 06:25:14,completed,1562.14
7517,358,2023-05-08 02:29:44,completed,999.14
7518,65,2024-09-25 01:00:03,completed,803.07
7519,110,2023-10-29 08:01:55,completed,10450.45
7520,338,2024-11-02 12:53:49,completed,1199.06
7521,65,2023-08-17 08:56:31,completed,414.37
7522,196,2024-02-29 15:44:50,completed,5393.04
7523,391,2024-11-25 15:22:51,cancelled,2445.47
7524,69,2023-06-16 22:05:20,processing,1026.37
7525,29,2024-03-19 07:15:16,completed,182.48
7526,12,2024-08-11 10:39:40,completed,958.76
7527,116,2023-12-28 00:13:48,completed,2826.55
7528,276,2023-06-12 17:12:53,shipped,6474.45
7529,447,2023-01-14 04:11:30,completed,2573.68
7530,332,2024-06-17 04:43:19,completed,323.76
7531,184,2024-09-07 03:45:23,completed,664.23
7532,84,2024-10-31 00:59:07,completed,482.06
7533,417,2023-09-04 06:40:04,completed,1303.73
7534,172,2024-04-01 04:20:25,cancelled,2455.61
7535,337,2023-08-16 11:25:44,completed,2593.59
7536,304,2023-12-06 00:01:12,processing,1713.97
7537,464,2024-03-25 10:44:18,completed,4776.62
7538,213,2024-06-20 22:24:38,completed,1047.32
7539,304,2023-12-20 17:39:55,completed,195.25
7540,86,2024-10-28 11:52:09,processing,281.44
7541,218,2023-03-20 20:24:59,completed,1124.63
7542,313,2023-06-30 22:51:50,processing,304.48
7543,210,2024-01-27 13:35:42,completed,12168.45
7544,315,2023-01-12 09:25:19,processing,673.98
7545,398,2023-07-08 01:46:05,completed,735.47
7546,27,2023-04-30 22:42:31,completed,559.42
7547,342,2023-10-21 02:23:44,processing,2713.31
7548,138,2023-10-25 13:18:19,completed,1835.23
7549,111,2023-04-03 21:23:49,shipped,525.55
7550,263,2024-07-17 10:23:02,completed,7618.97
7551,431,2024-01-01 00:03:57,completed,621.54
7552,106,2023-04-02 08:43:01,completed,13799.75
7553,349,2023-08-15 05:19:14,completed,465.68
7554,432,2024-12-09 18:49:52,completed,1939.62
7555,474,2023-11-14 05:44:23,completed,2110.17
7556,442,2023-06-05 00:32:02,completed,1678.7
7557,19,2023-08-12 06:03:44,completed,8285.83
7558,489,2023-06-08 00:35:48,cancelled,6519.74
7559,47,2024-01-08 11:56:37,cancelled,73.96
7560,105,2023-01-30 13:57:51,completed,4244.12
7561,90,2024-12-18 23:06:07,processing,10858.86
7562,333,2024-03-15 00:07:44,completed,6347.44
7563,142,2024-12-17 22:28:53,completed,3885.27
7564,497,2024-02-17 17:45:36,completed,2057.53
7565,121,2023-04-30 11:22:37,completed,395.69
7566,411,2023-10-14 03:12:14,completed,2063.12
7567,264,2023-12-18 23:51:18,completed,673.6
7568,472,2023-01-03 08:44:20,completed,215.42
7569,438,2024-05-09 20:26:52,completed,6307.72
7570,149,2023-12-02 10:46:20,completed,753.87
7571,297,2023-04-11 04:39:21,completed,283.36
7572,126,2024-08-14 12:15:40,completed,926.95
7573,277,2024-06-13 09:34:52,processing,9658.56
7574,38,2024-03-12 03:04:59,cancelled,449.02
7575,473,2023-07-01 21:18:58,completed,10036.63
7576,476,2023-03-21 23:28:09,completed,1759.86
7577,293,2023-11-11 14:54:29,completed,3321.24
7578,477,2024-01-22 20:36:39,shipped,5430.15
7579,84,2024-10-28 22:52:12,completed,10523.08
7580,33,2024-09-03 12:21:29,completed,965.92
7581,117,2024-03-20 00:44:20,completed,1465.13
7582,18,2024-06-01 11:57:46,completed,1230.94
7583,241,2023-06-28 16:17:14,completed,91.59
7584,406,2023-05-13 10:51:22,shipped,1158.12
7585,373,2024-11-25 21:13:42,completed,490.35
7586,103,2024-04-10 19:17:34,processing,1385.46
7587,55,2023-03-09 22:17:34,completed,5347.76
7588,432,2023-08-18 07:52:31,completed,1968.21
7589,7,2023-08-30 18:55:16,completed,3803.84
7590,490,2024-11-06 12:47:28,completed,10584.32
7591,307,2024-06-21 05:36:27,completed,137.26
7592,195,2024-12-09 11:49:30,completed,683.18
7593,386,2023-04-06 11:30:32,completed,355.99
7594,475,2023-08-02 14:45:27,completed,1608.76
7595,87,2024-04-28 15:06:28,processing,387.31
7596,32,2024-10-13 20:07:37,completed,6632.11
7597,112,2023-08-14 23:05:30,completed,283.36
7598,230,2024-09-24 23:47:04,completed,3981.12
7599,126,2023-10-25 10:32:50,completed,498.57
7600,374,2023-03-04 09:22:30,completed,5481.87
7601,482,2023-09-15 01:28:08,completed,175.91
7602,399,2023-10-01 03:24:46,completed,1851.23
7603,267,2024-08-25 23:53:21,completed,586.82
7604,353,2024-04-03 11:56:02,completed,982.43
7605,377,2023-06-09 08:41:28,completed,387.2
7606,184,2023-03-14 15:24:02,completed,2317.1
7607,30,2023-08-23 15:48:11,completed,956.66
7608,212,2024-08-21 12:14:05,completed,465.68
7609,268,2023-09-30 03:18:55,completed,2972.18
7610,326,2023-08-23 05:01:08,completed,1117.81
7611,143,2023-10-14 23:57:52,cancelled,602.41
7612,194,2023-01-19 18:00:43,completed,781.38
7613,142,2024-11-16 06:05:48,completed,999.14
7614,319,2023-10-10 10:26:16,completed,808.3
7615,460,2024-04-30 07:46:39,completed,6570.87
7616,26,2024-02-08 21:41:28,completed,1440.99
7617,490,2023-01-04 00:01:47,completed,207.68
7618,395,2024-10-14 04:41:24,completed,6258.01
7619,59,2023-03-01 16:15:25,completed,3215.18
7620,159,2023-12-18 22:39:02,completed,4478.41
7621,475,2024-07-03 14:05:36,completed,297.97
7622,6,2024-12-30 03:28:26,completed,658.67
7623,309,2024-05-10 02:52:59,completed,1622.07
7624,260,2024-06-05 11:29:20,completed,3566.47
7625,405,2024-09-09 17:07:58,completed,5551.52
7626,152,2024-09-03 21:38:11,completed,473.0
7627,99,2023-11-09 17:53:17,completed,764.68
7628,288,2023-07-11 10:03:53,completed,5522.09
7629,277,2024-08-22 02:55:24,processing,7612.89
7630,465,2023-01-22 10:58:36,cancelled,602.41
7631,274,2023-08-17 23:17:18,completed,301.08
7632,142,2023-11-11 14:33:03,completed,7904.33
7633,153,2024-02-12 21:01:35,completed,790.82
7634,311,2024-12-23 15:42:51,completed,2499.37
7635,261,2023-03-06 06:03:50,completed,951.13
7636,396,2024-04-09 05:25:36,completed,3353.85
7637,7,2024-06-28 17:07:06,processing,2214.19
7638,86,2024-11-07 01:18:35,shipped,1765.22
7639,49,2024-05-04 17:30:06,completed,248.84
7640,443,2023-07-29 14:40:19,shipped,217.08
7641,264,2024-05-04 10:38:33,processing,247.85
7642,356,2024-10-08 04:04:39,cancelled,1809.39
7643,410,2024-11-02 11:51:53,processing,5610.08
7644,361,2023-04-11 20:02:56,completed,1052.02
7645,308,2024-07-03 11:28:29,completed,5240.67
7646,107,2024-12-29 12:39:46,completed,621.54
7647,284,2024-09-03 07:09:13,completed,10557.11
7648,288,2023-08-07 05:17:39,processing,1713.97
7649,167,2024-07-07 19:26:33,completed,131.66
7650,60,2024-06-26 09:13:28,completed,7904.33
7651,379,2024-05-31 03:36:07,completed,525.55
7652,484,2024-08-12 23:42:49,completed,1169.04
7653,265,2024-04-27 10:02:26,completed,618.63
7654,389,2024-03-31 23:30:16,cancelled,5805.15
7655,333,2024-12-07 13:14:32,processing,13141.83
7656,324,2023-07-01 01:44:29,completed,1981.14
7657,88,2023-08-05 04:47:43,completed,219.04
7658,78,2023-10-19 08:49:35,completed,6954.89
7659,155,2024-09-01 17:24:03,completed,639.49
7660,470,2023-11-28 17:09:43,shipped,2194.46
7661,299,2023-03-29 09:15:06,completed,190.33
7662,157,2023-09-16 05:16:16,completed,7039.81
7663,326,2024-10-11 13:37:16,completed,607.02
7664,361,2023-01-19 16:17:22,processing,193.57
7665,319,2024-12-14 06:25:39,completed,5356.35
7666,396,2023-12-07 17:36:26,shipped,1366.07
7667,479,2024-08-16 03:38:35,completed,336.99
7668,150,2024-11-02 05:05:10,processing,2432.73
7669,196,2024-12-02 13:00:37,completed,562.08
7670,347,2024-11-28 00:36:27,completed,11747.89
7671,61,2023-01-10 06:02:42,completed,1230.94
7672,321,2024-08-17 12:16:28,completed,652.63
7673,227,2023-01-17 15:27:56,cancelled,3737.49
7674,17,2023-05-01 04:36:59,completed,1939.62
7675,351,2024-07-22 22:24:04,completed,7116.38
7676,243,2024-07-31 01:26:31,completed,7135.01
7677,68,2023-09-26 06:14:08,completed,5867.94
7678,64,2024-06-06 13:13:14,completed,2075.88
7679,410,2024-09-21 23:22:10,processing,6657.33
7680,67,2023-07-09 15:03:34,completed,2536.9
7681,354,2023-07-06 05:00:50,completed,780.13
7682,404,2024-07-27 00:59:29,completed,9804.9
7683,407,2023-09-02 08:25:06,completed,1506.26
7684,463,2023-10-06 15:51:03,completed,2053.76
7685,374,2024-09-02 18:11:09,completed,11837.22
7686,353,2023-06-01 13:44:24,completed,51.31
7687,146,2023-11-27 05:14:58,completed,162.66
7688,149,2024-05-25 22:38:38,completed,723.5
7689,406,2024-04-24 23:48:11,cancelled,387.2
7690,41,2023-11-01 13:48:12,completed,6753.75
7691,394,2023-05-30 21:46:38,completed,961.35
7692,21,2024-01-09 23:45:12,completed,1696.19
7693,142,2023-05-22 16:46:32,completed,3977.64
7694,79,2023-12-11 02:21:52,shipped,617.48
7695,399,2024-06-06 00:46:26,completed,387.2
7696,275,2024-07-27 20:08:25,completed,787.7
7697,244,2023-03-11 12:51:33,processing,1110.31
7698,332,2024-02-29 21:38:39,completed,1613.84
7699,84,2024-12-08 23:49:02,completed,2505.84
7700,454,2024-09-05 06:05:42,completed,15625.78
7701,14,2023-07-26 02:36:33,completed,374.24
7702,222,2023-11-22 09:52:06,completed,810.08
7703,335,2023-06-15 00:29:29,completed,1892.81
7704,242,2024-11-23 16:01:32,completed,1071.95
7705,215,2024-09-01 07:31:36,completed,263.01
7706,492,2024-01-04 03:27:15,completed,584.83
7707,41,2023-09-20 13:26:19,completed,5334.61
7708,448,2023-07-25 11:20:50,completed,8417.62
7709,467,2023-09-26 03:12:41,completed,658.67
7710,281,2023-02-07 13:58:51,completed,547.34
7711,461,2023-12-15 08:21:39,processing,1633.69
7712,92,2023-03-06 06:46:52,completed,13959.33
7713,212,2023-07-24 03:46:06,completed,7904.33
7714,449,2024-02-09 08:02:43,completed,2711.77
7715,240,2024-12-07 05:08:51,completed,985.86
7716,421,2024-09-12 13:04:21,completed,7641.5
7717,388,2024-09-06 09:55:10,processing,2262.49
7718,100,2024-11-26 22:44:24,completed,7638.2
7719,165,2024-01-30 22:57:46,cancelled,278.11
7720,200,2023-11-18 18:41:42,completed,778.17
7721,377,2024-07-22 14:39:42,completed,11907.94
7722,264,2023-09-01 16:19:51,completed,750.04
7723,198,2023-06-25 04:39:37,completed,1645.61
7724,434,2023-10-15 12:37:15,completed,6753.75
7725,248,2024-09-16 01:19:06,completed,737.78
7726,121,2023-07-18 17:17:36,completed,660.84
7727,465,2024-12-19 09:33:36,completed,351.69
7728,358,2023-05-22 05:29:37,completed,15176.75
7729,347,2023-08-12 11:14:48,completed,10340.2
7730,225,2023-04-01 09:38:34,completed,680.77
7731,203,2024-09-06 02:11:49,completed,367.66
7732,140,2023-01-28 13:37:21,completed,1789.96
7733,300,2023-02-03 03:20:02,completed,1643.52
7734,360,2024-11-24 16:46:11,completed,150.58
7735,184,2024-07-13 01:02:26,completed,594.29
7736,66,2024-07-27 16:04:56,completed,760.91
7737,372,2024-06-20 20:32:44,completed,12543.76
7738,397,2024-10-13 08:31:42,completed,547.5
7739,158,2023-09-08 13:11:30,completed,8087.21
7740,193,2023-10-23 09:27:43,shipped,685.51
7741,186,2024-09-10 10:01:21,cancelled,525.55
7742,313,2024-01-26 00:28:18,completed,996.58
7743,456,2024-08-26 13:42:05,completed,596.84
7744,151,2024-08-14 16:45:41,completed,1305.79
7745,243,2023-03-28 19:41:48,completed,7365.8
7746,476,2023-01-12 18:01:36,completed,346.29
7747,449,2023-12-23 09:40:12,completed,521.73
7748,148,2024-07-19 05:12:31,completed,1917.52
7749,124,2023-10-07 06:11:22,completed,5595.61
7750,321,2024-11-22 23:41:59,completed,4553.82
7751,67,2024-02-29 18:46:51,shipped,1921.68
7752,439,2024-11-12 05:13:01,completed,5179.59
7753,479,2023-12-10 20:49:35,completed,602.95
7754,88,2023-02-05 08:12:21,completed,1000.39
7755,273,2024-01-09 06:39:47,completed,256.05
7756,338,2024-12-07 17:36:00,completed,6657.33
7757,154,2023-08-21 00:24:41,completed,554.22
7758,258,2023-08-24 22:03:34,completed,594.64
7759,266,2023-08-20 05:45:17,completed,956.66
7760,234,2023-10-19 12:21:30,completed,2059.06
7761,367,2023-10-02 21:21:51,completed,692.53
7762,316,2024-01-25 09:45:34,completed,1857.51
7763,21,2023-08-11 02:01:36,completed,702.01
7764,395,2023-12-05 00:03:43,completed,2057.09
7765,209,2023-04-10 12:39:02,completed,1817.52
7766,270,2023-10-06 02:53:16,completed,7275.74
7767,43,2023-01-03 03:16:05,completed,2027.64
7768,229,2024-07-07 18:01:04,completed,1643.52
7769,297,2023-02-28 19:50:02,shipped,2335.14
7770,119,2023-09-01 16:42:33,processing,8713.33
7771,487,2024-09-18 08:17:14,shipped,764.68
7772,211,2023-09-03 16:30:08,processing,1800.67
7773,279,2023-10-09 10:01:23,completed,1453.29
7774,121,2023-04-21 16:19:53,completed,281.44
7775,200,2023-05-05 04:29:02,completed,13254.73
7776,80,2024-01-23 13:39:17,completed,108.37
7777,112,2024-06-24 12:31:06,completed,2571.56
7778,95,2023-07-06 06:40:56,completed,465.68
7779,371,2024-10-12 06:23:46,completed,869.94
7780,408,2023-08-13 21:49:23,completed,633.99
7781,391,2024-04-16 10:56:14,completed,1100.79
7782,140,2023-01-14 01:10:33,processing,3335.07
7783,268,2024-10-05 05:39:00,completed,207.68
7784,146,2023-03-01 15:03:50,completed,6657.33
7785,484,2023-03-04 11:47:13,completed,72.49
7786,53,2024-05-06 02:52:16,completed,752.73
7787,383,2024-05-14 02:22:02,completed,1635.01
7788,206,2024-06-27 08:01:57,completed,461.55
7789,347,2024-06-09 12:52:20,completed,71.91
7790,48,2023-03-20 22:48:06,completed,853.46
7791,175,2024-01-23 04:44:26,completed,6657.33
7792,51,2023-11-24 10:55:39,completed,465.68
7793,396,2024-10-30 22:27:05,completed,670.09
7794,3,2023-10-04 22:48:07,completed,11566.72
7795,384,2024-03-14 04:11:09,cancelled,13440.56
7796,453,2024-01-03 00:29:00,completed,697.07
7797,431,2023-03-17 17:15:29,shipped,594.08
7798,374,2024-10-11 06:56:10,completed,2073.89
7799,290,2024-02-05 13:11:09,completed,6667.29
7800,286,2024-02-08 03:11:33,completed,5612.31
7801,389,2023-12-01 23:22:41,completed,342.07
7802,468,2023-10-29 09:50:19,processing,1154.19
7803,488,2023-05-23 22:17:20,completed,387.2
7804,407,2023-03-24 17:22:52,completed,1664.89
7805,78,2023-07-03 15:13:19,completed,11444.17
7806,111,2024-10-29 13:04:36,completed,414.37
7807,370,2023-10-13 19:54:30,completed,999.14
7808,368,2023-11-08 10:32:39,completed,1356.43
7809,308,2024-06-18 07:35:04,completed,1601.12
7810,473,2024-06-18 07:37:42,completed,5891.61
7811,139,2024-12-08 19:44:27,completed,1215.51
7812,177,2023-11-25 16:40:49,completed,193.6
7813,395,2024-09-09 20:19:13,completed,95.99
7814,329,2023-12-30 04:57:08,completed,8431.59
7815,470,2024-10-02 13:22:50,completed,652.63
7816,405,2023-03-04 13:07:52,completed,1927.75
7817,374,2024-07-18 01:26:11,completed,456.32
7818,328,2023-08-10 17:51:48,completed,2118.86
7819,195,2024-06-25 20:02:17,completed,601.69
7820,281,2023-09-16 08:27:05,completed,18169.43
7821,60,2023-11-25 08:17:28,completed,471.04
7822,500,2024-03-20 00:18:52,completed,14897.27
7823,329,2024-10-22 23:08:16,completed,742.92
7824,489,2023-06-18 20:44:56,completed,1742.75
7825,500,2023-01-11 20:00:15,completed,717.53
7826,464,2024-08-23 22:36:57,completed,1679.36
7827,382,2024-05-10 17:03:58,completed,589.68
7828,474,2024-09-12 20:31:55,completed,2255.24
7829,232,2024-05-09 23:33:25,completed,362.63
7830,123,2024-07-11 13:12:21,shipped,1713.97
7831,368,2023-02-01 13:52:03,completed,3140.06
7832,217,2023-12-27 10:42:13,completed,269.1
7833,493,2024-09-27 21:12:29,completed,7154.06
7834,114,2023-02-03 19:48:19,completed,4155.23
7835,115,2024-08-15 16:08:29,completed,66.67
7836,404,2024-05-08 21:04:04,completed,1470.38
7837,84,2023-09-24 11:36:22,completed,1777.35
7838,412,2024-12-04 16:57:58,completed,265.96
7839,254,2024-04-01 17:15:05,processing,11738.09
7840,275,2023-06-18 03:09:09,completed,2062.77
7841,352,2024-12-17 11:26:13,completed,246.79
7842,251,2024-03-02 21:05:07,completed,1717.25
7843,210,2024-05-12 20:42:56,completed,2832.02
7844,110,2023-01-02 04:51:25,completed,3715.36
7845,138,2024-07-15 08:22:32,completed,1914.24
7846,170,2024-03-22 18:19:17,completed,4293.79
7847,12,2023-09-23 08:25:24,completed,648.11
7848,361,2024-01-11 12:29:43,completed,389.0
7849,468,2023-09-05 17:33:54,cancelled,6657.33
7850,424,2024-09-19 06:40:42,completed,12968.3
7851,390,2023-06-05 23:01:25,completed,1068.19
7852,78,2024-11-19 00:04:23,completed,1196.77
7853,393,2024-09-24 11:00:34,completed,118.65
7854,393,2023-03-31 16:11:36,completed,16648.76
7855,113,2023-04-07 03:34:30,completed,6506.6
7856,34,2023-07-02 22:24:32,completed,2782.52
7857,322,2023-05-30 06:32:56,completed,843.33
7858,204,2024-10-12 23:41:30,processing,611.44
7859,374,2023-04-11 22:21:52,completed,211.44
7860,225,2024-11-07 08:49:53,completed,1307.71
7861,460,2024-02-15 19:32:06,completed,768.92
7862,471,2023-04-04 00:28:51,completed,1616.75
7863,196,2024-05-10 10:50:01,completed,387.2
7864,352,2023-06-21 10:00:46,completed,2458.48
7865,141,2024-07-07 21:36:22,processing,6427.33
7866,16,2024-10-30 00:46:08,completed,410.66
7867,134,2023-07-01 12:22:05,completed,432.75
7868,332,2023-08-06 19:19:15,completed,1833.04
7869,62,2024-06-26 23:33:36,completed,283.36
7870,86,2023-10-06 07:27:35,processing,1851.23
7871,5,2024-01-07 03:44:42,processing,249.37
7872,371,2023-01-31 17:59:16,completed,2002.94
7873,388,2024-01-21 19:50:12,completed,1090.06
7874,219,2024-02-22 16:52:25,completed,7077.51
7875,38,2023-09-03 11:36:11,completed,15952.51
7876,149,2023-12-11 16:47:06,completed,298.62
7877,302,2023-08-30 18:04:31,completed,4611.54
7878,418,2023-08-19 17:45:06,completed,230.35
7879,169,2024-06-06 05:51:14,completed,1949.8
7880,275,2024-04-19 18:34:53,completed,582.68
7881,441,2023-07-21 12:46:33,completed,695.8
7882,396,2023-10-22 18:18:56,processing,521.51
7883,131,2023-01-20 08:10:08,completed,152.85
7884,123,2023-12-03 02:57:20,completed,958.76
7885,49,2024-05-31 07:10:34,completed,1045.02
7886,476,2023-11-25 16:49:24,completed,283.36
7887,292,2024-12-13 18:35:07,completed,926.95
7888,137,2023-11-16 21:39:06,completed,481.76
7889,144,2024-09-14 17:49:29,processing,192.65
7890,252,2023-09-01 01:37:43,completed,11403.94
7891,245,2024-06-25 13:15:31,completed,10943.36
7892,247,2024-04-19 03:53:38,shipped,5192.05
7893,341,2024-12-10 10:29:45,completed,10858.86
7894,284,2023-05-08 20:48:28,completed,949.23
7895,282,2023-09-13 08:47:00,completed,2786.54
7896,196,2024-09-04 07:59:19,processing,1595.43
7897,105,2024-06-10 08:24:50,completed,1506.26
7898,126,2023-09-30 22:13:48,completed,228.23
7899,35,2023-11-18 17:18:44,completed,3347.71
7900,270,2023-09-24 04:08:36,completed,2787.77
7901,142,2023-08-07 01:18:52,completed,8460.33
7902,385,2023-09-24 18:19:43,processing,192.51
7903,236,2023-08-21 00:04:05,completed,5612.31
7904,479,2023-04-06 00:42:06,shipped,853.46
7905,307,2023-12-21 09:49:36,completed,1573.29
7906,137,2023-05-12 17:26:11,completed,740.11
7907,406,2023-11-01 19:55:13,cancelled,6753.75
7908,491,2023-09-08 19:17:19,completed,4912.77
7909,334,2023-04-22 01:29:09,completed,2058.94
7910,273,2023-03-10 02:52:02,completed,14051.82
7911,385,2023-09-24 13:12:11,completed,2729.95
7912,499,2024-02-18 16:31:52,cancelled,1789.96
7913,10,2024-04-14 17:17:13,completed,418.81
7914,375,2023-02-25 01:21:00,completed,2380.67
7915,319,2023-12-17 14:33:43,completed,858.87
7916,8,2024-02-10 17:11:48,completed,999.14
7917,483,2024-02-28 18:01:33,completed,525.55
7918,298,2024-05-28 23:25:29,completed,2985.29
7919,78,2024-01-11 22:20:54,completed,606.94
7920,208,2023-05-26 21:59:01,completed,744.12
7921,61,2023-09-20 06:53:31,cancelled,2068.74
7922,186,2024-08-20 08:24:53,completed,5237.5
7923,287,2024-03-08 00:26:26,processing,1303.73
7924,295,2024-08-05 05:30:09,completed,262.7
7925,288,2023-06-18 17:50:17,completed,1399.87
7926,46,2024-08-09 15:34:03,processing,2672.73
7927,278,2023-04-13 23:13:13,completed,11083.79
7928,301,2024-10-09 19:22:21,processing,764.68
7929,421,2023-10-23 09:31:54,completed,2657.07
7930,257,2023-10-28 15:38:00,processing,11499.31
7931,64,2023-01-12 06:07:37,completed,1143.84
7932,208,2023-01-02 09:30:23,completed,10523.08
7933,283,2024-06-09 14:31:37,completed,7767.52
7934,486,2024-05-04 06:45:27,completed,5708.73
7935,438,2024-09-06 19:12:08,shipped,1052.28
7936,404,2024-02-29 01:50:10,cancelled,3283.6
7937,459,2023-03-04 07:10:06,completed,159.84
7938,84,2023-01-25 00:32:56,completed,912.9
7939,34,2023-03-10 13:10:33,completed,13653.14
7940,56,2023-12-30 00:15:01,completed,2063.12
7941,323,2023-07-30 18:57:50,cancelled,6826.18
7942,404,2023-10-01 08:45:41,completed,691.19
7943,495,2024-01-30 12:39:47,completed,1423.63
7944,272,2023-11-13 10:46:06,cancelled,634.57
7945,96,2024-01-15 07:40:55,completed,414.37
7946,41,2024-11-02 00:47:25,processing,2017.27
7947,185,2023-12-24 14:57:44,completed,592.72
7948,210,2024-10-31 04:11:24,completed,3341.54
7949,276,2023-12-26 17:35:27,completed,621.54
7950,445,2024-11-04 14:46:57,completed,621.31
7951,232,2024-04-13 06:48:21,completed,192.65
7952,74,2024-05-10 07:19:35,completed,2070.73
7953,366,2024-05-22 03:52:29,completed,136.01
7954,401,2024-11-17 21:52:54,completed,7084.18
7955,70,2024-07-01 07:03:49,cancelled,1096.02
7956,444,2023-04-22 20:53:24,completed,1982.66
7957,19,2024-06-15 00:53:47,completed,193.57
7958,206,2023-11-19 00:06:57,completed,2230.11
7959,481,2024-02-13 05:54:11,completed,2143.57
7960,104,2024-01-30 03:51:26,completed,1096.47
7961,435,2023-03-05 00:12:20,completed,545.96
7962,195,2024-03-27 18:52:37,completed,2193.52
7963,382,2024-12-06 12:33:57,processing,621.54
7964,31,2024-04-23 06:11:23,completed,1403.64
7965,69,2023-03-12 06:50:51,completed,10298.86
7966,153,2023-02-01 10:21:55,cancelled,1652.09
7967,216,2023-10-01 01:11:54,completed,745.36
7968,252,2023-05-08 19:31:03,processing,3557.75
7969,424,2023-08-20 11:37:50,completed,615.39
7970,318,2024-08-09 17:48:56,completed,182.43
7971,497,2023-02-23 05:51:59,completed,1575.31
7972,275,2024-03-10 01:28:58,completed,465.68
7973,93,2023-06-30 04:40:37,completed,126.51
7974,167,2024-10-12 11:24:00,completed,176.14
7975,213,2023-04-30 11:58:50,completed,1096.02
7976,274,2023-10-15 06:05:03,shipped,109.52
7977,190,2024-06-07 23:47:09,completed,1668.65
7978,420,2023-09-24 12:10:55,completed,2806.18
7979,309,2023-01-08 23:02:05,completed,1318.07
7980,393,2024-02-02 02:46:29,completed,1316.85
7981,26,2024-07-15 01:03:42,processing,392.06
7982,275,2024-05-25 09:43:49,completed,567.03
7983,82,2024-09-02 04:06:05,completed,2580.78
7984,153,2023-05-07 07:09:24,completed,1860.7
7985,342,2024-01-25 12:26:57,completed,3619.09
7986,118,2023-09-28 16:08:05,completed,1537.71
7987,165,2023-07-04 06:49:28,completed,1464.42
7988,368,2023-09-07 14:32:21,completed,304.79
7989,239,2024-08-16 05:42:05,completed,2780.59
7990,199,2023-11-13 12:47:06,completed,13595.49
7991,497,2024-11-17 21:25:47,completed,1018.03
7992,60,2024-05-11 17:04:00,cancelled,61.24
7993,340,2024-12-07 23:05:43,completed,318.19
7994,228,2023-03-26 09:23:25,completed,3163.68
7995,494,2024-05-13 12:12:36,completed,860.13
7996,167,2023-02-04 13:35:48,completed,852.71
7997,410,2023-07-01 03:01:59,completed,12308.41
7998,194,2023-11-26 10:34:11,completed,4942.59
7999,218,2024-09-13 14:59:59,completed,10998.29
8000,152,2024-09-03 21:47:11,completed,1097.64
8001,463,2023-12-13 09:49:41,cancelled,175.91
8002,287,2023-02-28 14:32:00,processing,1343.43
8003,156,2024-10-14 12:08:51,completed,928.34
8004,447,2023-09-20 20:54:12,processing,682.99
8005,183,2024-05-29 23:12:11,completed,269.1
8006,393,2023-05-01 09:20:12,completed,11479.64
8007,479,2024-03-14 16:35:23,completed,3119.24
8008,141,2024-06-17 04:54:17,completed,2337.96
8009,87,2023-08-25 23:40:46,processing,918.4
8010,42,2024-08-08 16:20:23,completed,1851.23
8011,434,2024-12-18 21:23:14,completed,2404.83
8012,284,2024-07-28 07:27:02,completed,2270.87
8013,150,2024-08-10 07:43:54,completed,2216.36
8014,361,2023-09-01 17:35:41,completed,490.35
8015,255,2024-01-31 02:37:09,completed,1682.87
8016,322,2024-09-20 18:17:05,completed,1356.0
8017,4,2023-05-24 09:29:13,completed,764.68
8018,235,2023-07-11 19:19:30,completed,2600.84
8019,478,2024-02-21 06:51:21,completed,2201.05
8020,426,2023-03-25 05:34:01,processing,325.99
8021,223,2023-10-03 16:02:13,completed,104.4
8022,223,2024-12-03 08:08:08,completed,1021.53
8023,211,2023-11-03 22:34:01,completed,616.61
8024,324,2023-02-26 00:43:44,processing,190.33
8025,418,2023-08-25 22:38:06,cancelled,3875.02
8026,254,2024-02-08 04:44:49,completed,278.2
8027,5,2023-07-05 10:17:16,completed,5768.03
8028,144,2024-10-08 12:34:24,completed,91.59
8029,427,2023-03-12 07:51:35,processing,1916.55
8030,178,2023-05-22 02:42:25,completed,6317.59
8031,5,2024-11-20 16:56:59,completed,432.16
8032,37,2024-11-25 23:19:43,cancelled,2590.84
8033,234,2024-06-16 15:52:34,completed,17380.01
8034,239,2023-03-06 00:46:16,completed,706.25
8035,209,2024-12-20 22:39:53,completed,1761.26
8036,74,2023-03-01 23:03:01,completed,2183.89
8037,442,2024-08-02 08:05:13,completed,183.18
8038,460,2024-10-19 16:16:16,shipped,10523.08
8039,324,2024-11-10 14:26:39,completed,12448.71
8040,307,2023-05-15 19:17:33,completed,729.16
8041,109,2023-07-28 04:21:39,completed,490.35
8042,136,2024-11-07 14:08:09,completed,2886.13
8043,374,2024-04-11 21:32:28,completed,1616.38
8044,32,2023-07-20 04:54:23,completed,4331.59
8045,65,2024-11-04 11:28:23,completed,1777.35
8046,447,2023-10-02 05:19:43,completed,2782.13
8047,372,2023-02-03 20:37:06,completed,816.96
8048,187,2023-02-13 05:59:28,completed,1006.09
8049,435,2023-06-08 04:36:11,completed,1184.31
8050,449,2024-07-11 09:02:05,completed,2398.73
8051,500,2023-12-21 16:00:53,completed,690.4
8052,398,2023-11-15 15:21:04,completed,269.1
8053,347,2024-06-16 20:31:13,completed,1851.23
8054,121,2024-12-18 19:12:41,completed,5827.38
8055,66,2024-06-18 15:20:03,completed,131.19
8056,275,2024-09-13 05:59:10,completed,8891.04
8057,255,2024-08-18 12:27:42,completed,2391.34
8058,270,2023-03-17 07:04:31,completed,1836.81
8059,136,2023-08-22 05:53:26,completed,853.46
8060,80,2024-02-22 12:57:45,processing,1983.36
8061,101,2024-12-27 21:11:01,completed,4781.31
8062,438,2023-08-30 03:11:26,completed,1015.99
8063,451,2023-08-30 10:42:52,completed,7358.4
8064,405,2023-06-18 07:29:10,completed,2642.09
8065,224,2023-11-02 15:35:22,processing,7793.94
8066,283,2024-10-10 17:00:15,completed,582.97
8067,388,2023-06-02 02:13:46,completed,1019.88
8068,209,2024-08-02 15:42:51,completed,569.16
8069,119,2024-08-07 14:40:54,processing,190.33
8070,8,2023-05-29 11:37:16,completed,452.68
8071,370,2023-03-27 21:45:14,cancelled,2651.9
8072,161,2023-03-17 06:50:18,completed,1261.75
8073,361,2023-01-20 10:41:29,completed,11509.2
8074,479,2023-09-10 11:10:00,completed,398.87
8075,421,2024-12-22 19:09:59,completed,1603.79
8076,167,2023-07-21 18:43:57,processing,193.57
8077,374,2023-11-19 03:13:10,completed,555.88
8078,289,2023-06-10 07:32:36,shipped,132.33
8079,334,2024-12-03 07:08:30,completed,2053.76
8080,440,2024-02-19 14:26:36,processing,7603.95
8081,198,2023-10-08 18:27:42,cancelled,1464.42
8082,246,2023-12-27 18:22:13,completed,2270.82
8083,388,2024-11-30 10:07:46,completed,1385.46
8084,345,2023-09-18 12:52:37,completed,1789.96
8085,159,2024-02-16 16:23:11,cancelled,382.39
8086,461,2024-01-07 16:02:22,completed,1461.44
8087,162,2024-04-09 08:37:30,cancelled,284.58
8088,424,2023-03-12 14:57:12,completed,2011.53
8089,334,2024-07-26 11:05:46,completed,666.88
8090,344,2024-01-25 22:15:03,completed,1938.02
8091,4,2024-06-06 03:33:05,completed,449.02
8092,333,2023-06-29 08:57:30,completed,162.66
8093,94,2024-12-15 12:10:20,processing,823.11
8094,94,2024-08-19 08:15:14,completed,688.21
8095,67,2024-09-26 04:51:11,completed,712.99
8096,456,2023-07-19 08:10:14,completed,2270.04
8097,163,2023-02-23 00:06:53,processing,7784.61
8098,373,2023-03-30 18:25:06,completed,1939.62
8099,226,2024-11-25 04:31:45,completed,95.99
8100,323,2024-02-18 10:31:28,completed,10523.08
8101,491,2024-06-22 20:37:59,completed,944.34
8102,162,2024-10-12 08:11:52,completed,637.27
8103,342,2024-09-17 04:59:56,completed,2676.51
8104,484,2023-01-07 21:25:23,shipped,499.88
8105,279,2024-09-12 06:03:24,completed,7336.72
8106,87,2024-01-16 10:13:49,completed,883.83
8107,116,2024-08-05 05:19:03,completed,295.72
8108,323,2023-11-11 00:09:25,completed,527.28
8109,432,2023-10-03 11:07:10,completed,2672.73
8110,299,2023-01-08 16:32:40,completed,5280.16
8111,275,2023-09-05 20:55:42,completed,5708.73
8112,388,2023-09-08 08:07:08,completed,2467.54
8113,186,2024-05-11 15:40:26,completed,680.77
8114,301,2023-04-07 16:48:42,completed,2277.92
8115,368,2024-12-22 14:09:09,completed,2743.84
8116,206,2023-03-02 13:32:40,completed,2618.18
8117,341,2023-12-07 21:56:15,cancelled,7967.68
8118,270,2024-04-30 03:35:34,completed,530.73
8119,69,2023-09-28 06:46:32,cancelled,583.01
8120,431,2024-07-26 18:36:37,completed,131.19
8121,456,2023-03-31 20:19:53,cancelled,764.65
8122,16,2023-11-19 12:23:45,completed,256.05
8123,20,2024-05-14 00:28:55,completed,551.88
8124,49,2024-08-19 18:54:14,shipped,6856.93
8125,379,2024-06-25 12:45:22,completed,1818.68
8126,289,2023-03-26 14:55:58,completed,3994.6
8127,423,2024-12-15 08:57:18,completed,4841.97
8128,382,2023-11-28 10:31:41,completed,8226.35
8129,106,2024-08-16 17:05:33,completed,482.06
8130,325,2023-07-24 03:46:58,shipped,2135.61
8131,174,2023-12-09 09:07:34,completed,10950.06
8132,189,2023-05-17 06:36:05,completed,9841.44
8133,2,2023-01-28 15:57:42,completed,2155.71
8134,358,2024-05-10 09:53:19,completed,17380.01
8135,440,2024-10-10 06:08:06,completed,3732.21
8136,77,2023-12-29 05:29:03,completed,979.19
8137,152,2024-12-25 05:51:57,completed,6941.76
8138,66,2024-01-29 23:25:35,completed,1756.19
8139,304,2023-10-23 18:34:26,completed,9429.53
8140,175,2024-10-04 19:32:32,completed,418.36
8141,421,2023-05-05 15:05:37,completed,219.04
8142,44,2023-08-31 21:25:12,completed,4158.26
8143,118,2023-06-14 07:51:46,processing,3215.18
8144,87,2023-07-15 11:47:39,processing,301.08
8145,255,2023-01-21 07:54:16,completed,1151.6
8146,17,2023-05-18 15:57:07,completed,1939.62
8147,73,2024-11-28 13:07:34,processing,5038.2
8148,15,2024-01-06 00:35:57,completed,246.78
8149,376,2024-10-04 08:17:54,shipped,884.39
8150,355,2024-02-08 16:38:38,processing,208.91
8151,280,2023-09-21 23:57:38,completed,608.96
8152,420,2024-12-18 09:11:51,completed,449.02
8153,270,2024-06-02 21:06:21,completed,529.98
8154,237,2024-02-01 04:19:31,completed,926.95
8155,193,2024-10-31 21:30:31,completed,244.37
8156,200,2024-03-10 04:13:23,completed,1611.6
8157,379,2024-07-08 22:11:23,completed,360.66
8158,359,2024-03-07 21:17:47,completed,110.25
8159,189,2024-07-24 02:13:49,completed,1696.51
8160,253,2023-04-27 09:37:13,completed,7022.45
8161,217,2024-03-19 13:31:06,completed,171.07
8162,69,2023-12-13 12:54:15,completed,343.99
8163,241,2024-02-11 06:44:40,completed,92.66
8164,407,2023-10-27 23:25:22,processing,5723.31
8165,303,2024-09-07 10:25:16,completed,8538.45
8166,338,2023-03-19 21:50:27,completed,1999.71
8167,404,2023-08-28 13:21:44,completed,2648.3
8168,225,2024-12-29 09:04:10,completed,764.68
8169,322,2023-01-17 01:33:16,completed,279.43
8170,275,2024-10-13 05:51:44,completed,10523.08
8171,21,2024-05-11 12:19:47,completed,1194.44
8172,2,2024-12-04 11:52:54,completed,2697.51
8173,89,2023-09-28 05:08:23,completed,7158.47
8174,220,2024-07-18 00:50:26,completed,10340.2
8175,294,2023-03-04 20:20:48,completed,5708.73
8176,285,2023-05-26 16:40:52,completed,1230.94
8177,13,2023-01-11 06:45:55,cancelled,673.6
8178,241,2023-06-13 20:31:14,completed,2176.28
8179,481,2024-11-03 00:13:10,completed,1100.36
8180,267,2023-12-21 12:14:57,completed,4869.43
8181,173,2023-02-10 15:44:47,completed,621.54
8182,398,2023-12-19 04:54:29,completed,6454.24
8183,158,2023-02-24 01:59:08,completed,713.47
8184,243,2024-08-14 04:52:30,completed,457.64
8185,480,2023-07-03 21:47:19,completed,293.85
8186,217,2023-07-22 09:56:46,completed,9841.44
8187,53,2023-10-08 23:46:16,shipped,525.55
8188,86,2024-09-25 23:59:45,completed,776.82
8189,240,2023-10-20 18:26:44,processing,7721.45
8190,49,2023-09-10 16:17:40,completed,3287.05
8191,271,2024-08-23 04:46:24,processing,351.69
8192,71,2024-12-25 15:50:45,completed,3544.65
8193,369,2023-12-12 09:13:55,completed,919.96
8194,87,2023-11-04 21:01:04,completed,5712.28
8195,223,2024-05-15 20:42:56,completed,1703.52
8196,244,2024-05-06 23:10:35,processing,1777.35
8197,440,2023-01-23 22:23:41,completed,449.82
8198,19,2024-03-16 09:16:44,completed,525.55
8199,489,2023-09-04 14:13:26,completed,3786.85
8200,45,2024-07-27 14:32:25,processing,1777.35
8201,19,2023-01-18 06:17:08,completed,1385.46
8202,186,2024-02-09 03:54:22,completed,249.23
8203,54,2024-11-13 17:40:42,processing,284.58
8204,112,2023-03-30 18:26:47,processing,436.37
8205,415,2024-12-19 05:56:33,completed,258.2
8206,182,2024-04-10 21:14:55,completed,182.48
8207,298,2024-12-25 06:32:43,completed,8151.12
8208,30,2023-10-13 04:25:35,completed,2255.77
8209,83,2023-12-04 04:31:04,cancelled,10557.59
8210,99,2023-06-20 17:39:07,completed,2414.13
8211,145,2024-07-07 23:53:24,processing,932.69
8212,287,2023-10-29 20:21:18,completed,243.55
8213,310,2023-08-17 23:08:23,completed,3844.64
8214,370,2023-07-10 08:27:28,processing,516.99
8215,64,2024-03-01 16:25:28,completed,1613.84
8216,311,2024-10-10 17:54:37,completed,329.38
8217,245,2024-09-14 02:06:24,completed,5251.27
8218,60,2023-06-08 09:20:22,completed,839.01
8219,237,2023-04-26 07:09:05,processing,6002.62
8220,203,2023-04-09 14:25:52,completed,3036.59
8221,94,2024-03-21 15:22:31,cancelled,498.2
8222,455,2023-01-06 19:26:01,completed,1515.73
8223,4,2024-05-05 14:04:22,completed,388.41
8224,327,2023-05-24 14:40:12,completed,465.68
8225,457,2024-04-30 16:49:09,completed,4302.9
8226,458,2024-02-03 00:20:26,completed,578.97
8227,51,2024-10-11 08:22:01,completed,1472.4
8228,111,2023-01-13 14:17:23,completed,478.33
8229,473,2024-05-03 03:17:04,completed,1643.52
8230,104,2023-08-26 19:58:39,completed,5924.73
8231,380,2024-12-28 15:00:34,processing,66.67
8232,20,2023-12-30 12:16:27,completed,295.72
8233,127,2023-12-25 16:15:40,completed,329.91
8234,442,2023-05-31 04:39:12,completed,431.96
8235,339,2023-03-01 21:31:28,cancelled,3936.42
8236,264,2024-02-08 11:51:21,completed,126.51
8237,245,2024-08-27 16:51:38,completed,269.47
8238,116,2023-05-21 13:17:11,completed,1399.18
8239,307,2023-09-05 08:04:59,cancelled,8324.4
8240,474,2024-02-02 22:19:07,completed,1851.23
8241,76,2023-11-30 09:44:24,completed,1404.29
8242,113,2023-10-13 12:10:52,completed,92.66
8243,135,2023-02-19 07:55:51,processing,1169.04
8244,416,2023-12-10 01:38:04,completed,1106.61
8245,248,2023-05-26 22:35:27,completed,279.71
8246,47,2023-05-18 16:35:34,processing,449.02
8247,463,2023-07-19 13:43:05,completed,1303.73
8248,358,2023-06-27 23:29:11,completed,6570.87
8249,445,2024-09-09 14:14:04,processing,1168.68
8250,345,2024-12-09 20:57:30,completed,1455.72
8251,324,2024-11-28 04:23:00,completed,425.04
8252,403,2023-05-25 16:54:07,processing,10260.94
8253,79,2024-03-18 22:06:01,completed,714.9
8254,126,2024-07-26 13:56:29,completed,957.29
8255,139,2023-09-20 18:38:01,completed,1643.52
8256,377,2023-05-21 19:09:02,completed,465.68
8257,262,2023-01-27 15:13:58,completed,2344.6
8258,299,2024-02-16 20:43:33,completed,10340.2
8259,427,2023-02-02 13:51:27,completed,146.34
8260,219,2023-04-28 03:06:12,completed,15727.83
8261,289,2023-09-16 08:53:46,processing,691.19
8262,402,2023-07-20 17:42:00,completed,2546.26
8263,87,2023-03-27 15:36:19,completed,3305.32
8264,296,2023-11-29 09:26:40,completed,764.68
8265,198,2023-08-20 03:28:13,completed,2324.66
8266,312,2024-06-11 16:27:46,completed,696.77
8267,143,2024-02-02 23:57:12,completed,9828.82
8268,385,2023-10-08 13:43:25,completed,1108.53
8269,46,2023-07-22 06:13:23,completed,2474.83
8270,323,2023-08-18 15:18:01,cancelled,2573.35
8271,80,2023-04-23 22:10:34,completed,132.13
8272,205,2024-10-25 17:12:16,completed,215.42
8273,137,2023-11-17 11:42:16,completed,15247.59
8274,88,2023-03-01 15:35:14,completed,298.62
8275,112,2024-01-13 05:15:12,completed,2515.43
8276,115,2023-05-08 16:37:09,completed,2058.94
8277,68,2023-09-28 06:51:46,completed,709.31
8278,58,2024-09-02 22:59:48,completed,1496.59
8279,396,2024-07-25 08:43:43,completed,1052.77
8280,498,2024-01-23 02:53:55,completed,6175.62
8281,439,2024-04-22 10:18:39,completed,2841.65
8282,135,2023-05-24 09:11:24,completed,3857.14
8283,241,2024-08-27 06:48:16,processing,5429.43
8284,26,2023-04-22 14:50:48,completed,6904.56
8285,222,2024-07-11 15:33:18,completed,525.55
8286,222,2024-06-04 20:05:34,completed,325.54
8287,124,2023-12-07 11:05:09,completed,9658.56
8288,388,2024-05-16 14:36:06,completed,592.47
8289,256,2023-06-24 22:52:14,completed,6417.64
8290,1,2023-08-23 05:27:26,completed,4056.16
8291,185,2024-07-09 12:16:37,completed,249.37
8292,426,2024-09-23 15:50:47,completed,8600.26
8293,251,2023-10-16 14:28:17,processing,582.97
8294,65,2024-07-05 21:32:52,completed,404.5
8295,448,2024-04-09 04:23:49,completed,37.31
8296,99,2024-05-25 18:47:19,completed,1523.19
8297,432,2023-08-15 17:27:48,cancelled,1713.97
8298,133,2024-03-25 06:16:53,completed,351.44
8299,427,2023-08-07 23:20:44,completed,5807.09
8300,499,2023-03-10 22:54:01,completed,6753.75
8301,119,2024-04-02 00:18:36,completed,6612.84
8302,496,2023-12-05 17:42:41,completed,658.67
8303,138,2024-07-12 20:23:22,completed,1043.13
8304,291,2023-04-21 02:58:05,completed,461.03
8305,353,2023-10-27 03:11:25,completed,11125.04
8306,225,2023-05-08 06:24:54,completed,688.21
8307,474,2023-02-24 09:46:22,completed,1939.62
8308,85,2023-11-29 04:01:32,shipped,197.86
8309,272,2024-11-09 23:48:51,completed,2063.12
8310,376,2023-07-28 03:15:37,completed,2079.74
8311,371,2023-06-08 17:56:48,processing,7702.35
8312,46,2023-06-16 21:35:55,completed,7720.32
8313,411,2023-01-05 18:32:40,completed,553.42
8314,250,2024-08-12 04:52:30,shipped,2270.82
8315,378,2023-03-29 22:28:14,completed,2165.75
8316,36,2023-08-06 06:39:52,completed,195.42
8317,106,2024-06-26 23:28:25,processing,2189.82
8318,306,2024-12-06 04:29:17,completed,104.4
8319,72,2024-02-12 10:34:43,completed,6753.75
8320,382,2024-10-02 08:33:43,completed,1243.1
8321,367,2023-08-10 21:19:47,cancelled,449.02
8322,401,2024-01-13 07:02:36,shipped,1191.53
8323,231,2024-11-02 05:05:23,completed,414.37
8324,393,2024-11-29 00:36:37,processing,325.99
8325,386,2023-07-15 09:52:23,completed,6657.33
8326,245,2023-04-26 16:17:47,completed,660.84
8327,166,2023-02-04 01:48:00,completed,1304.43
8328,71,2023-11-03 00:32:38,completed,10523.08
8329,291,2024-01-17 01:52:41,completed,1643.52
8330,55,2023-11-08 04:39:35,processing,1087.21
8331,264,2023-12-01 14:30:04,completed,2500.49
8332,466,2023-05-22 22:34:29,completed,4689.88
8333,238,2023-07-14 10:15:25,shipped,652.7
8334,343,2023-05-19 08:44:10,processing,165.39
8335,396,2023-04-06 09:11:35,processing,9658.56
8336,301,2024-01-18 13:18:31,processing,2077.36
8337,10,2024-01-08 10:43:46,completed,1101.66
8338,80,2023-01-05 11:57:44,completed,6434.24
8339,239,2024-04-25 08:24:50,completed,6559.95
8340,103,2023-10-23 06:13:42,completed,108.37
8341,332,2024-07-20 13:38:20,completed,2057.09
8342,350,2023-06-20 19:35:13,completed,2580.78
8343,267,2024-06-28 16:09:26,completed,6479.01
8344,313,2024-03-26 02:24:05,completed,207.71
8345,411,2024-08-20 18:27:07,completed,283.36
8346,291,2023-02-10 04:22:16,completed,600.91
8347,212,2024-04-10 17:35:48,completed,8394.08
8348,124,2024-06-17 10:41:21,completed,2953.99
8349,289,2023-05-20 13:22:46,completed,3200.08
8350,408,2024-01-30 23:09:26,completed,10523.08
8351,198,2024-03-02 01:07:50,completed,2136.49
8352,401,2024-09-06 16:17:58,processing,261.0
8353,4,2024-03-20 12:21:13,completed,536.53
8354,189,2024-10-09 17:16:33,completed,304.48
8355,423,2024-07-19 18:08:56,completed,3560.59
8356,46,2024-04-14 01:19:14,completed,3264.55
8357,45,2024-02-25 09:40:16,completed,1393.21
8358,292,2024-06-06 04:39:10,completed,5708.73
8359,143,2023-01-26 01:45:28,completed,549.47
8360,480,2024-10-07 20:39:40,completed,621.54
8361,102,2023-09-26 23:48:18,completed,4019.06
8362,478,2024-08-09 19:06:24,completed,1414.9
8363,277,2024-03-29 19:02:59,completed,765.92
8364,374,2023-01-17 22:03:28,completed,2618.75
8365,206,2024-07-06 10:21:41,processing,92.66
8366,277,2024-09-26 09:35:30,completed,2270.82
8367,127,2023-10-23 03:05:41,processing,327.69
8368,285,2024-11-07 12:30:55,processing,121.09
8369,288,2024-10-29 01:53:51,completed,8271.17
8370,109,2024-09-22 17:35:17,completed,7780.59
8371,369,2024-03-31 21:26:56,processing,3757.39
8372,417,2024-03-17 09:37:29,completed,5612.31
8373,130,2023-04-29 01:00:51,processing,108.37
8374,320,2024-02-06 19:24:46,completed,281.04
8375,383,2023-06-12 23:16:34,processing,6570.87
8376,468,2024-01-30 23:54:58,completed,1191.18
8377,125,2024-08-06 16:16:40,processing,248.61
8378,376,2023-12-02 22:12:10,completed,673.6
8379,142,2023-04-21 07:21:07,completed,599.12
8380,334,2023-07-09 13:00:26,completed,929.38
8381,139,2024-10-25 19:23:55,completed,1968.81
8382,229,2024-11-12 13:05:15,completed,557.39
8383,179,2024-01-15 10:35:54,completed,13000.1
8384,397,2023-02-14 21:56:24,completed,602.41
8385,97,2024-02-15 05:56:04,completed,1302.99
8386,220,2023-11-01 15:24:12,completed,1387.63
8387,342,2024-02-29 04:44:25,completed,329.38
8388,207,2024-05-30 12:28:22,completed,9475.68
8389,117,2023-07-25 04:49:37,cancelled,5840.84
8390,499,2023-07-02 16:35:41,completed,500.54
8391,87,2023-02-13 12:01:07,completed,3045.45
8392,344,2024-11-10 14:31:07,completed,3884.18
8393,167,2023-07-18 16:13:52,completed,1171.63
8394,150,2024-10-17 01:28:41,completed,6850.17
8395,241,2024-09-25 08:49:02,completed,691.19
8396,172,2024-01-20 18:36:14,completed,234.31
8397,410,2023-05-15 18:57:24,completed,12183.18
8398,430,2023-08-14 07:42:47,completed,276.99
8399,93,2023-07-21 08:38:26,completed,162.27
8400,46,2024-01-10 22:07:18,completed,7447.82
8401,256,2023-04-17 06:08:49,completed,863.2
8402,98,2024-06-29 12:18:59,cancelled,4351.61
8403,13,2024-07-21 08:22:52,processing,1506.26
8404,256,2023-05-30 15:05:21,shipped,584.83
8405,197,2024-01-06 19:47:51,completed,421.1
8406,425,2023-11-13 15:48:02,completed,619.43
8407,43,2024-04-17 12:09:41,completed,10377.89
8408,91,2023-04-24 10:26:09,completed,1778.58
8409,420,2024-06-27 17:21:43,completed,1290.01
8410,185,2024-01-25 00:00:44,completed,2805.8
8411,188,2024-04-15 07:14:19,completed,897.92
8412,271,2023-02-28 06:50:15,completed,2288.05
8413,142,2023-01-07 18:06:15,completed,867.11
8414,496,2023-09-22 13:47:06,completed,2929.34
8415,243,2024-05-21 05:24:12,processing,61.32
8416,321,2023-11-23 21:18:17,completed,2395.38
8417,80,2023-11-27 10:17:46,processing,325.54
8418,21,2023-08-31 23:11:24,completed,5063.15
8419,312,2023-01-18 09:56:38,shipped,171.04
8420,35,2024-09-24 23:19:37,shipped,182.88
8421,186,2024-01-28 21:38:03,completed,3060.73
8422,39,2024-11-17 08:21:56,completed,647.48
8423,150,2024-12-21 17:52:02,completed,1684.11
8424,241,2023-07-31 02:09:06,completed,602.95
8425,284,2023-01-15 00:29:50,cancelled,532.35
8426,150,2023-11-09 06:54:33,completed,2487.12
8427,403,2024-08-19 13:43:51,completed,521.68
8428,360,2023-03-25 23:17:38,completed,797.45
8429,13,2024-08-30 16:54:17,completed,1851.23
8430,274,2023-12-12 12:11:54,completed,482.06
8431,491,2023-05-01 03:04:55,completed,1988.49
8432,62,2024-01-25 08:53:04,completed,930.05
8433,380,2023-12-12 17:35:37,processing,761.4
8434,118,2024-04-25 07:40:05,completed,5206.42
8435,485,2023-08-18 05:30:06,completed,1777.35
8436,197,2023-10-04 12:52:30,completed,1768.56
8437,442,2023-03-16 23:49:59,completed,2844.25
8438,337,2023-05-07 18:00:31,processing,1230.94
8439,9,2023-01-03 15:34:46,completed,414.37
8440,212,2024-04-04 04:47:06,completed,1949.8
8441,390,2024-06-23 02:20:09,cancelled,1797.35
8442,166,2023-04-28 09:05:53,completed,978.66
8443,323,2024-09-08 19:21:40,completed,98.36
8444,77,2023-09-10 13:41:16,completed,973.28
8445,481,2024-02-22 06:57:35,completed,596.16
8446,174,2023-09-30 02:09:59,completed,521.01
8447,232,2023-03-04 11:54:33,completed,764.68
8448,223,2023-08-12 05:31:05,completed,621.54
8449,315,2023-07-22 02:43:25,completed,330.78
8450,109,2023-02-16 18:06:35,completed,6894.67
8451,438,2024-08-23 01:30:21,completed,1499.5
8452,354,2024-03-15 07:24:47,completed,7655.81
8453,234,2023-09-16 03:28:31,completed,7904.33
8454,239,2024-06-15 17:08:59,completed,2555.18
8455,215,2024-01-12 10:41:21,cancelled,7772.76
8456,489,2024-11-30 13:29:01,completed,1074.52
8457,136,2024-11-10 04:35:49,processing,362.63
8458,465,2024-09-17 18:46:04,completed,1734.61
8459,375,2023-09-06 00:26:51,completed,1403.22
8460,358,2023-10-06 15:24:13,completed,2013.88
8461,100,2024-11-18 04:12:45,completed,6439.28
8462,273,2023-02-03 20:02:44,completed,1851.23
8463,24,2024-04-08 13:29:26,completed,2697.51
8464,53,2023-01-22 07:12:15,completed,857.49
8465,137,2023-08-16 12:12:06,completed,8459.68
8466,371,2024-06-08 22:27:41,completed,7241.01
8467,453,2024-07-23 15:15:47,processing,6570.87
8468,20,2023-04-01 00:43:29,completed,1340.96
8469,383,2024-06-13 08:27:55,completed,1088.62
8470,11,2024-09-29 08:21:14,completed,175.91
8471,186,2024-08-21 12:18:07,completed,1145.86
8472,219,2024-04-17 04:03:13,completed,1939.62
8473,370,2023-12-18 00:18:45,completed,293.85
8474,385,2024-04-11 15:43:23,completed,10340.2
8475,40,2023-12-24 18:11:12,completed,92.66
8476,254,2024-11-26 12:36:58,completed,449.82
8477,121,2024-05-10 02:21:08,completed,468.86
8478,167,2023-03-31 09:44:58,cancelled,1711.0
8479,371,2024-03-31 13:29:07,processing,1067.13
8480,13,2024-09-27 02:10:11,completed,254.81
8481,337,2023-07-13 15:31:51,completed,7721.45
8482,354,2024-02-10 00:21:41,completed,8016.93
8483,188,2023-01-02 03:10:39,completed,244.37
8484,311,2024-12-06 03:43:35,completed,1643.52
8485,259,2024-06-29 03:16:50,completed,1440.46
8486,355,2023-07-03 03:43:37,completed,450.7
8487,391,2024-01-30 20:28:18,completed,1128.13
8488,297,2023-12-09 20:05:15,completed,1939.62
8489,115,2024-08-30 09:18:46,completed,2989.48
8490,120,2023-11-26 02:05:27,shipped,295.72
8491,59,2024-09-05 11:40:37,completed,105.53
8492,31,2024-09-06 09:26:11,processing,94.56
8493,325,2023-09-17 07:27:03,completed,2674.57
8494,336,2024-12-26 16:40:32,completed,810.36
8495,495,2023-11-22 02:02:16,completed,389.15
8496,54,2023-08-03 18:22:46,completed,626.31
8497,137,2024-06-25 20:41:38,completed,2775.85
8498,23,2023-01-20 22:07:14,processing,9984.1
8499,312,2024-07-23 16:19:49,completed,2677.23
8500,111,2024-06-26 20:24:01,completed,1096.02
8501,212,2024-11-04 09:51:32,completed,197.86
8502,394,2024-05-29 22:02:02,processing,4292.72
8503,446,2024-12-26 17:13:27,completed,7965.33
8504,212,2024-11-25 14:49:50,completed,569.89
8505,487,2023-03-27 01:45:44,shipped,5443.17
8506,443,2023-02-04 20:29:07,shipped,3313.54
8507,391,2023-12-02 12:42:39,completed,209.28
8508,397,2023-12-09 22:16:30,completed,249.37
8509,258,2023-06-26 21:31:37,completed,2738.28
8510,426,2023-09-09 11:27:55,completed,982.87
8511,51,2024-08-22 00:53:21,completed,580.21
8512,146,2023-06-21 05:37:02,completed,676.41
8513,400,2024-06-12 12:27:34,completed,5444.82
8514,264,2024-02-21 05:58:03,completed,8344.96
8515,176,2023-06-16 22:54:50,completed,2707.16
8516,453,2024-09-07 16:55:37,completed,200.39
8517,293,2023-02-05 05:34:56,processing,1233.09
8518,241,2024-03-24 20:22:12,completed,1059.71
8519,350,2023-11-02 00:58:06,completed,1875.34
8520,226,2023-12-19 02:05:28,completed,696.77
8521,341,2024-07-05 07:07:11,completed,10127.83
8522,321,2024-02-19 18:32:55,completed,2502.39
8523,224,2024-12-18 16:14:02,completed,411.28
8524,483,2023-10-02 02:47:44,completed,621.54
8525,219,2024-01-21 17:56:57,completed,1142.16
8526,469,2023-09-10 15:31:30,completed,1293.37
8527,153,2023-01-14 10:28:34,completed,4869.43
8528,477,2023-05-15 04:51:49,completed,1866.6
8529,20,2024-10-27 17:07:57,completed,3184.84
8530,333,2023-04-03 06:54:22,completed,999.14
8531,136,2023-02-23 13:58:25,completed,5222.64
8532,417,2024-10-11 13:50:04,completed,12958.95
8533,496,2023-06-06 06:34:42,completed,328.77
8534,408,2023-09-24 13:03:04,cancelled,2190.37
8535,174,2023-01-19 23:24:31,completed,1231.91
8536,280,2024-06-28 21:09:17,completed,1290.52
8537,91,2023-06-15 17:46:15,completed,868.52
8538,260,2023-05-26 18:14:18,completed,411.6
8539,410,2024-06-12 14:20:34,completed,4101.48
8540,101,2024-06-11 06:33:34,processing,66.67
8541,272,2023-06-18 13:19:33,completed,494.77
8542,82,2023-03-21 05:40:20,completed,1794.48
8543,249,2023-10-01 23:43:49,processing,1174.83
8544,416,2023-07-29 08:56:19,completed,8865.88
8545,332,2023-04-16 00:01:54,completed,648.56
8546,201,2024-04-02 02:14:45,completed,617.48
8547,175,2024-03-04 21:24:55,shipped,695.28
8548,413,2024-07-02 02:13:11,completed,5702.6
8549,387,2024-04-12 17:14:38,processing,1981.23
8550,212,2023-08-06 10:47:42,completed,490.35
8551,186,2024-09-11 13:53:08,completed,193.57
8552,129,2024-11-12 19:57:09,completed,1038.32
8553,434,2024-03-24 17:51:20,completed,525.55
8554,303,2024-07-17 15:11:07,completed,6004.18
8555,255,2024-03-31 22:27:06,completed,979.89
8556,154,2024-10-14 10:59:53,cancelled,2317.1
8557,437,2024-05-30 12:23:26,completed,4614.2
8558,449,2023-08-23 21:18:45,completed,1789.96
8559,262,2024-01-11 14:07:33,completed,518.86
8560,41,2023-10-24 12:08:01,completed,241.26
8561,399,2023-06-06 16:37:40,completed,411.6
8562,343,2024-04-17 07:18:29,completed,10523.08
8563,147,2024-01-26 22:18:10,completed,5313.67
8564,350,2024-03-26 02:46:24,completed,675.57
8565,238,2024-06-15 19:11:32,processing,3128.2
8566,378,2024-09-14 23:28:31,completed,5775.34
8567,268,2023-02-02 14:38:01,shipped,10645.17
8568,12,2024-05-08 13:32:03,completed,2238.35
8569,255,2024-03-21 19:53:44,completed,1542.08
8570,302,2024-06-06 15:04:28,completed,5836.8
8571,374,2023-02-17 21:43:56,completed,37.31
8572,325,2024-08-21 08:13:41,completed,715.15
8573,303,2023-12-12 23:44:22,completed,3803.84
8574,7,2024-02-16 17:21:35,completed,2216.81
8575,451,2024-06-25 13:29:42,completed,279.71
8576,278,2024-10-29 16:00:46,completed,1428.38
8577,65,2024-09-24 17:08:04,completed,1506.26
8578,50,2023-10-13 02:56:40,shipped,1230.94
8579,23,2023-08-07 14:50:43,completed,3978.86
8580,469,2023-11-11 23:11:18,completed,949.23
8581,493,2024-09-17 12:00:04,completed,1043.64
8582,284,2023-02-28 14:51:59,completed,1742.75
8583,147,2023-04-19 01:53:05,completed,1844.72
8584,138,2024-01-27 07:37:57,processing,6753.75
8585,332,2024-03-25 17:56:31,completed,2117.45
8586,389,2024-07-22 12:09:58,completed,2386.31
8587,18,2023-07-25 11:38:42,completed,1054.49
8588,499,2023-01-13 07:02:26,completed,772.18
8589,248,2023-05-25 09:21:23,completed,94.56
8590,29,2024-12-19 11:41:20,completed,2849.88
8591,434,2023-12-10 12:49:00,completed,3179.36
8592,40,2024-09-18 20:21:00,processing,224.49
8593,73,2023-09-02 09:43:32,completed,912.47
8594,426,2023-09-11 10:35:48,completed,1713.97
8595,115,2024-06-27 05:07:42,completed,5633.32
8596,22,2024-09-23 13:41:41,completed,3651.66
8597,260,2023-10-24 15:22:08,completed,1789.96
8598,372,2023-09-28 10:57:40,completed,2412.9
8599,452,2023-08-16 10:26:56,completed,1968.21
8600,370,2023-04-14 17:32:59,completed,11273.93
8601,453,2024-10-02 03:20:10,shipped,1935.68
8602,269,2024-10-26 10:01:14,completed,927.56
8603,288,2023-07-09 07:55:22,completed,435.0
8604,35,2024-08-28 17:17:47,completed,1852.52
8605,393,2024-05-28 09:42:18,completed,691.19
8606,278,2024-12-17 13:57:20,shipped,794.17
8607,252,2023-02-17 02:01:04,completed,182.48
8608,423,2024-11-29 00:15:59,completed,341.85
8609,366,2024-10-08 10:53:36,completed,1789.96
8610,424,2024-12-24 07:55:36,completed,390.84
8611,487,2023-07-23 21:05:10,completed,498.57
8612,276,2023-07-18 04:35:49,completed,490.35
8613,109,2023-07-16 15:14:03,completed,1921.1
8614,247,2024-08-08 01:53:19,cancelled,1059.92
8615,392,2024-07-16 22:15:40,completed,4284.3
8616,356,2023-03-04 16:56:50,completed,1259.84
8617,219,2023-08-08 11:58:51,shipped,1290.64
8618,185,2024-03-05 00:15:03,completed,5891.61
8619,173,2024-06-16 22:09:22,completed,1789.96
8620,80,2023-08-09 09:39:34,completed,3327.81
8621,270,2024-04-25 03:59:14,shipped,302.19
8622,474,2023-09-16 22:26:00,completed,1096.02
8623,413,2024-10-12 17:00:49,completed,1274.54
8624,226,2023-02-14 23:26:21,shipped,1262.52
8625,411,2023-02-05 21:32:27,cancelled,7904.33
8626,340,2023-01-05 03:32:34,completed,4675.52
8627,30,2023-01-21 11:59:51,cancelled,2862.2
8628,237,2024-10-28 11:49:39,completed,1395.36
8629,177,2024-06-15 14:26:52,completed,295.72
8630,474,2024-01-26 13:24:47,shipped,2822.72
8631,154,2024-01-12 06:12:07,processing,10340.2
8632,410,2023-07-23 14:06:15,shipped,356.31
8633,299,2024-12-18 15:57:55,completed,5140.07
8634,192,2023-03-03 21:46:14,cancelled,2540.63
8635,387,2023-06-16 22:00:23,completed,162.66
8636,251,2023-06-04 13:48:41,completed,1024.05
8637,126,2024-05-31 04:14:19,processing,190.33
8638,464,2024-05-06 07:34:16,completed,5483.3
8639,163,2023-06-21 05:51:41,completed,1464.0
8640,315,2024-02-21 08:11:23,cancelled,2113.72
8641,51,2024-07-29 13:25:04,completed,1858.34
8642,329,2023-07-22 09:58:55,completed,2261.05
8643,301,2024-10-24 08:19:02,completed,1845.38
8644,417,2023-11-07 16:45:07,completed,660.84
8645,11,2024-08-12 05:43:52,processing,417.18
8646,458,2023-11-13 05:04:12,completed,1626.33
8647,196,2024-02-12 20:07:35,completed,842.2
8648,92,2024-08-20 11:52:27,completed,2574.64
8649,1,2024-03-01 01:56:15,shipped,278.0
8650,151,2024-02-09 13:42:41,completed,937.2
8651,111,2024-05-03 05:28:18,processing,1562.14
8652,286,2023-11-20 21:36:06,processing,1495.52
8653,12,2023-10-23 23:14:41,completed,1485.59
8654,453,2023-07-11 12:20:33,completed,3209.61
8655,455,2024-02-09 03:17:05,completed,2552.54
8656,87,2024-10-07 04:07:34,completed,389.7
8657,287,2023-12-08 07:58:54,completed,2429.96
8658,200,2023-04-20 01:10:41,completed,414.37
8659,388,2024-10-28 05:46:23,completed,621.54
8660,276,2023-05-20 10:55:11,completed,905.84
8661,265,2024-10-12 06:32:01,completed,1777.35
8662,55,2023-09-24 13:37:08,processing,1399.87
8663,83,2024-09-06 16:24:08,completed,672.57
8664,500,2024-07-14 15:55:55,completed,10617.32
8665,379,2023-03-01 11:24:35,completed,2811.08
8666,464,2024-06-27 22:54:45,completed,3876.82
8667,211,2024-07-07 19:20:34,shipped,4797.41
8668,493,2023-07-03 18:24:25,completed,11639.36
8669,186,2023-09-21 18:55:02,completed,606.6
8670,320,2024-09-09 09:20:31,completed,1219.31
8671,32,2024-01-02 16:29:38,completed,256.05
8672,270,2023-09-19 04:41:26,completed,17773.07
8673,412,2023-05-20 06:39:13,completed,1843.1
8674,63,2023-06-29 08:56:11,completed,3117.58
8675,65,2023-11-20 02:37:14,completed,2119.42
8676,453,2023-02-08 10:20:00,completed,5525.85
8677,51,2023-03-04 19:08:09,completed,7392.17
8678,115,2024-01-21 08:46:20,processing,198.78
8679,32,2023-10-13 11:11:23,processing,1128.13
8680,4,2024-01-08 10:53:38,completed,656.87
8681,133,2024-10-15 20:54:36,completed,864.52
8682,202,2023-04-16 20:17:29,processing,2040.19
8683,472,2023-01-06 14:08:51,completed,10900.42
8684,495,2023-07-09 14:55:24,processing,1506.26
8685,492,2024-10-05 04:10:43,completed,1513.58
8686,124,2023-11-17 14:39:42,completed,1319.63
8687,75,2024-01-11 08:31:32,completed,1096.02
8688,496,2024-07-22 20:02:32,completed,2175.69
8689,261,2024-11-01 22:12:23,processing,764.68
8690,9,2024-03-06 10:35:16,completed,6779.61
8691,111,2024-08-03 15:44:44,completed,621.71
8692,146,2023-08-15 11:28:20,processing,113.29
8693,182,2023-05-13 09:37:08,completed,148.28
8694,323,2024-10-31 10:22:08,completed,249.37
8695,466,2024-06-08 07:19:35,processing,1399.87
8696,171,2024-08-28 12:49:49,completed,12704.29
8697,135,2024-12-09 13:31:52,completed,2324.66
8698,247,2024-02-28 10:08:04,processing,5429.43
8699,274,2024-08-07 02:25:37,processing,1323.22
8700,255,2023-10-27 05:20:26,completed,10601.11
8701,432,2024-08-15 09:43:53,completed,2194.46
8702,333,2023-05-16 20:33:24,completed,1713.97
8703,194,2024-03-23 13:32:46,completed,11387.6
8704,340,2024-02-23 08:22:09,shipped,3727.77
8705,186,2023-06-15 00:57:43,completed,648.11
8706,251,2023-04-28 00:51:36,completed,2344.76
8707,308,2023-05-12 06:43:37,completed,8782.56
8708,328,2024-11-22 09:00:25,completed,1713.97
8709,417,2023-06-08 23:58:56,processing,13030.62
8710,265,2023-06-29 01:52:38,completed,7195.04
8711,351,2024-02-02 13:25:57,completed,298.73
8712,500,2024-05-01 07:26:04,completed,6963.46
8713,154,2024-01-16 03:06:46,completed,2363.89
8714,382,2023-04-03 05:44:11,completed,5701.43
8715,264,2023-04-25 10:47:23,completed,1789.96
8716,281,2024-09-16 01:08:40,completed,465.68
8717,154,2023-07-03 15:15:30,completed,1563.1
8718,390,2023-12-16 07:57:46,processing,7116.38
8719,414,2023-12-21 12:34:05,completed,2041.37
8720,273,2023-10-27 03:09:00,completed,1185.74
8721,144,2023-01-04 06:44:30,completed,3104.06
8722,35,2023-06-06 10:15:10,completed,1218.2
8723,238,2024-08-02 16:38:31,completed,304.48
8724,332,2024-04-04 05:59:53,processing,1080.42
8725,226,2023-11-02 06:29:22,completed,281.44
8726,386,2023-10-10 05:46:23,completed,2817.62
8727,61,2024-05-29 20:12:15,completed,7059.28
8728,258,2023-05-10 12:35:11,completed,876.42
8729,221,2024-11-03 14:17:32,completed,483.51
8730,381,2024-06-23 03:31:42,completed,5605.34
8731,103,2024-09-07 07:16:53,completed,293.85
8732,37,2023-10-19 22:14:50,shipped,8754.93
8733,405,2024-09-23 04:13:02,completed,1054.75
8734,108,2023-06-15 21:15:22,completed,584.33
8735,156,2024-03-05 04:17:26,completed,7492.55
8736,319,2024-06-29 11:11:25,completed,1684.83
8737,31,2024-12-10 18:08:12,completed,7013.45
8738,148,2023-06-30 12:41:54,completed,1421.41
8739,268,2024-04-13 23:27:05,cancelled,1744.56
8740,48,2024-09-15 17:07:42,completed,342.07
8741,270,2023-05-15 23:25:19,completed,105.53
8742,314,2024-09-17 09:32:17,completed,2296.15
8743,136,2023-09-10 21:01:28,completed,2775.81
8744,123,2023-05-04 20:32:05,completed,602.41
8745,327,2023-10-23 19:06:44,completed,2115.19
8746,125,2023-12-29 22:12:34,completed,471.04
8747,46,2023-07-16 19:07:13,completed,1328.46
8748,48,2023-01-10 14:45:21,completed,10443.38
8749,359,2023-10-14 02:47:47,processing,12047.05
8750,270,2023-07-27 19:12:20,completed,3666.74
8751,355,2023-06-01 21:31:38,completed,192.65
8752,186,2024-09-24 08:39:58,completed,5668.2
8753,462,2024-07-04 20:54:52,completed,864.52
8754,189,2023-06-20 10:03:29,completed,3014.51
8755,256,2023-10-12 10:30:39,completed,1613.84
8756,160,2024-06-19 18:58:30,processing,1166.47
8757,435,2024-12-19 10:26:34,completed,6191.87
8758,362,2023-07-21 06:27:34,completed,1018.51
8759,448,2024-11-03 07:55:06,completed,996.58
8760,150,2024-10-04 02:46:58,completed,1115.59
8761,250,2023-05-08 05:04:08,completed,236.51
8762,351,2024-06-10 11:59:45,completed,433.49
8763,339,2023-09-21 19:48:27,completed,503.54
8764,352,2024-05-23 11:29:09,shipped,182.88
8765,343,2023-10-01 20:38:10,completed,293.85
8766,74,2023-07-09 14:29:05,completed,630.87
8767,408,2024-08-07 19:24:58,completed,622.35
8768,54,2023-08-22 11:40:53,completed,207.71
8769,309,2024-03-19 17:41:52,completed,1703.08
8770,236,2024-03-04 20:16:28,completed,1127.26
8771,499,2024-01-04 15:54:29,completed,2294.6
8772,263,2023-05-24 12:39:12,completed,886.97
8773,431,2024-08-24 20:54:58,completed,1280.44
8774,406,2023-08-27 20:23:10,completed,10523.08
8775,117,2023-12-17 03:03:28,completed,449.77
8776,269,2024-05-04 03:06:08,completed,171.04
8777,197,2023-06-30 05:24:41,completed,13896.74
8778,16,2024-07-24 04:01:47,shipped,723.5
8779,29,2024-03-05 11:16:14,completed,2463.02
8780,275,2023-12-30 19:14:25,completed,1742.75
8781,1,2024-07-29 09:04:27,completed,217.5
8782,232,2024-02-21 12:55:17,completed,707.66
8783,349,2023-06-08 02:37:36,completed,4893.61
8784,358,2023-12-09 14:20:06,completed,248.61
8785,138,2024-04-07 17:55:01,completed,5899.66
8786,237,2024-11-29 02:25:08,completed,944.04
8787,37,2024-05-14 04:07:03,completed,14087.85
8788,256,2024-10-21 14:17:45,completed,12759.37
8789,190,2024-03-24 14:01:21,completed,525.55
8790,374,2024-06-18 01:23:14,completed,14127.05
8791,75,2024-01-29 15:06:46,completed,10239.25
8792,48,2024-11-17 10:56:20,completed,12183.18
8793,146,2023-12-04 07:23:20,completed,73.96
8794,456,2023-08-14 11:18:44,processing,2190.33
8795,23,2023-06-14 13:45:25,completed,1045.22
8796,108,2024-08-13 15:15:31,completed,162.66
8797,139,2023-04-04 06:17:06,processing,1363.2
8798,40,2024-09-09 17:14:14,completed,5394.41
8799,345,2023-09-07 17:06:47,completed,7467.03
8800,367,2023-08-16 05:47:42,cancelled,122.64
8801,121,2024-12-21 23:47:07,completed,787.64
8802,210,2023-03-22 14:54:44,cancelled,1191.45
8803,391,2023-12-30 22:52:23,completed,567.67
8804,206,2023-04-03 23:57:36,cancelled,1097.34
8805,26,2023-06-02 00:39:05,completed,709.21
8806,280,2023-11-26 07:39:02,completed,600.89
8807,372,2023-10-06 08:21:44,completed,586.82
8808,246,2023-09-20 07:43:56,completed,234.31
8809,141,2024-12-18 14:51:00,completed,10523.08
8810,13,2023-07-10 20:01:45,completed,8468.47
8811,181,2024-11-03 21:55:47,completed,1463.91
8812,333,2024-03-11 08:57:03,completed,1128.13
8813,193,2024-03-31 18:55:43,completed,1495.88
8814,456,2024-03-20 21:42:41,completed,529.64
8815,424,2023-07-29 15:09:50,completed,7040.28
8816,19,2023-10-11 14:46:37,completed,7454.25
8817,146,2024-11-01 17:47:52,completed,695.33
8818,52,2024-12-15 17:56:50,completed,17380.01
8819,298,2023-08-11 14:15:23,completed,602.95
8820,342,2024-10-18 09:26:57,completed,5159.76
8821,423,2023-03-20 16:50:19,processing,418.81
8822,430,2023-01-24 16:31:06,completed,426.03
8823,453,2023-05-18 16:52:13,completed,325.54
8824,111,2024-08-11 03:56:38,completed,3121.95
8825,105,2024-07-02 02:50:59,processing,1921.68
8826,352,2023-07-23 23:17:47,completed,376.45
8827,476,2023-12-12 04:53:53,completed,324.54
8828,488,2024-12-22 15:37:39,completed,2660.04
8829,58,2023-05-27 07:33:06,cancelled,1156.87
8830,304,2023-08-26 21:12:02,completed,6753.75
8831,220,2023-12-31 07:31:43,cancelled,7532.52
8832,31,2024-08-13 00:35:28,completed,422.93
8833,204,2024-08-01 18:57:28,completed,2024.61
8834,129,2023-01-28 07:58:31,shipped,12095.05
8835,76,2024-03-20 02:38:32,completed,7721.45
8836,298,2023-11-19 13:51:22,completed,1135.54
8837,46,2024-05-09 07:56:25,completed,1789.96
8838,420,2024-03-28 03:52:24,completed,1046.05
8839,8,2024-04-27 23:33:56,shipped,247.85
8840,467,2023-06-16 22:38:06,completed,10847.62
8841,334,2023-01-24 00:32:12,shipped,677.61
8842,381,2023-10-24 06:38:15,completed,843.97
8843,28,2024-12-27 17:18:05,completed,8752.28
8844,400,2024-05-26 20:51:30,completed,10849.07
8845,9,2023-02-08 12:26:49,completed,244.88
8846,234,2024-06-29 07:59:21,completed,2046.45
8847,418,2024-09-29 08:37:45,completed,2618.75
8848,43,2024-12-22 08:44:24,completed,1595.42
8849,373,2023-04-18 03:52:47,completed,894.3
8850,472,2024-11-28 07:09:12,completed,2057.09
8851,36,2023-09-12 14:58:42,completed,3871.02
8852,11,2023-05-17 08:07:54,processing,542.34
8853,206,2024-07-26 22:17:27,completed,2809.99
8854,462,2024-12-11 16:07:41,completed,2573.28
8855,186,2024-09-01 08:11:23,completed,237.3
8856,294,2024-09-04 11:09:18,completed,3341.54
8857,270,2023-01-26 04:34:36,completed,2261.95
8858,117,2023-12-12 00:45:52,completed,2398.73
8859,214,2023-03-15 03:23:09,completed,884.01
8860,114,2023-08-05 05:23:00,processing,10098.2
8861,459,2024-11-27 08:46:27,completed,274.34
8862,20,2023-06-09 04:53:20,completed,16137.42
8863,141,2024-08-02 10:27:46,completed,243.55
8864,304,2023-07-18 17:33:13,completed,939.04
8865,265,2024-03-09 00:56:28,completed,1385.46
8866,221,2023-03-07 23:44:19,completed,8153.61
8867,492,2024-02-17 10:24:55,completed,2275.96
8868,232,2024-10-29 07:29:03,completed,745.36
8869,499,2024-01-21 16:08:23,processing,2532.61
8870,202,2023-07-31 06:04:30,completed,6942.25
8871,118,2024-06-14 12:27:03,completed,1643.52
8872,461,2024-04-15 04:25:40,completed,7244.39
8873,474,2024-01-19 09:27:26,processing,11444.29
8874,463,2024-07-23 22:29:47,completed,113.29
8875,441,2024-10-24 22:11:38,shipped,6793.98
8876,33,2023-04-10 22:08:50,completed,826.29
8877,488,2023-01-08 13:54:51,completed,2249.21
8878,93,2023-06-29 09:04:31,processing,148.28
8879,308,2023-03-28 00:13:00,completed,1385.46
8880,420,2023-01-15 21:57:49,completed,1561.37
8881,93,2023-12-29 00:15:10,shipped,351.69
8882,280,2023-02-12 04:52:36,completed,250.27
8883,125,2024-08-05 09:00:05,cancelled,10043.84
8884,40,2024-01-05 09:49:27,completed,1464.42
8885,157,2024-06-29 19:26:25,completed,2075.88
8886,338,2023-01-27 04:12:25,completed,210.09
8887,129,2023-12-23 00:23:30,completed,795.76
8888,315,2024-11-12 02:30:20,completed,688.68
8889,294,2024-11-08 17:18:31,processing,2761.14
8890,229,2024-09-17 21:41:55,completed,3212.06
8891,25,2023-03-03 19:03:40,completed,3741.85
8892,84,2024-09-21 10:15:41,completed,18610.71
8893,484,2024-05-29 13:20:53,completed,4032.84
8894,430,2023-06-15 07:52:33,processing,211.44
8895,473,2024-02-08 22:33:12,completed,6371.3
8896,339,2024-02-06 02:49:41,completed,10557.7
8897,469,2024-10-09 05:28:58,completed,652.63
8898,441,2023-03-21 19:22:56,completed,2213.86
8899,141,2024-01-14 16:14:45,completed,4185.47
8900,60,2024-06-05 13:33:44,completed,1304.67
8901,477,2023-04-17 04:45:05,completed,378.07
8902,317,2023-08-31 05:16:08,cancelled,1000.65
8903,67,2023-11-19 09:00:45,completed,1198.5
8904,198,2024-06-19 02:34:02,completed,1440.99
8905,29,2023-03-23 10:13:42,completed,73.96
8906,486,2024-01-19 23:09:22,completed,347.03
8907,453,2023-03-20 17:44:24,completed,2718.34
8908,377,2023-09-26 01:52:18,completed,347.03
8909,315,2024-12-18 16:25:44,completed,182.48
8910,341,2024-03-21 00:11:02,completed,352.39
8911,447,2024-08-11 14:23:40,completed,3540.93
8912,490,2024-03-11 08:50:22,completed,593.31
8913,276,2023-04-19 09:52:20,completed,1969.0
8914,121,2024-05-11 04:08:06,completed,165.87
8915,230,2023-07-11 04:09:10,completed,1593.44
8916,67,2024-10-18 16:39:46,completed,17663.69
8917,423,2024-02-15 18:44:12,completed,6753.75
8918,241,2024-08-26 16:30:11,shipped,338.12
8919,457,2023-09-16 06:33:03,completed,61.24
8920,393,2024-05-08 02:54:01,processing,36.51
8921,389,2024-01-14 12:28:42,completed,715.5
8922,80,2023-02-06 09:52:29,completed,696.77
8923,140,2023-07-06 13:41:04,processing,325.54
8924,178,2023-07-29 09:25:46,completed,446.23
8925,382,2024-07-12 05:44:37,completed,7594.84
8926,454,2023-01-04 07:08:49,completed,2809.99
8927,130,2023-03-13 11:55:29,completed,10176.56
8928,465,2024-12-07 16:18:42,completed,4745.6
8929,332,2023-03-30 11:25:39,processing,6288.56
8930,225,2023-05-13 16:53:41,completed,7798.77
8931,449,2023-08-09 07:00:04,completed,71.91
8932,444,2024-06-26 02:53:58,completed,6753.75
8933,393,2024-08-27 00:39:30,completed,12183.18
8934,243,2023-02-08 12:21:42,completed,11138.16
8935,38,2024-09-26 13:08:04,completed,2095.95
8936,29,2024-06-10 06:54:19,processing,402.35
8937,354,2023-03-17 21:47:57,completed,878.8
8938,292,2023-09-21 16:37:19,cancelled,1851.23
8939,252,2024-06-01 16:41:24,completed,698.15
8940,399,2023-09-10 04:10:39,completed,614.85
8941,174,2023-08-05 05:43:23,completed,1015.73
8942,177,2024-09-28 15:54:18,completed,794.41
8943,359,2023-03-21 14:12:38,completed,863.65
8944,289,2024-07-28 19:30:09,completed,3356.1
8945,330,2023-11-23 00:47:38,cancelled,3993.58
8946,368,2023-12-03 03:08:17,completed,3439.78
8947,404,2023-04-04 20:17:02,processing,631.95
8948,492,2024-02-20 04:20:45,completed,1266.52
8949,40,2023-02-01 14:16:57,shipped,5576.81
8950,198,2024-10-17 22:09:09,completed,12629.75
8951,44,2024-05-30 05:00:30,completed,107.47
8952,301,2024-09-28 14:42:16,processing,398.34
8953,39,2024-05-13 21:11:55,completed,1468.67
8954,297,2024-11-28 09:55:36,completed,1672.23
8955,75,2024-01-23 07:30:00,completed,514.02
8956,150,2023-04-07 04:13:43,shipped,655.38
8957,438,2024-02-06 13:53:00,shipped,843.25
8958,215,2024-11-23 21:07:27,completed,1086.77
8959,69,2023-10-11 08:35:41,shipped,1630.61
8960,444,2024-04-18 11:08:13,completed,7440.81
8961,185,2023-07-28 21:28:36,completed,685.51
8962,471,2024-02-18 01:42:25,completed,465.68
8963,286,2024-08-17 00:59:40,completed,1200.47
8964,366,2024-10-28 16:16:49,completed,1777.35
8965,201,2023-06-18 12:32:22,completed,1011.81
8966,370,2024-09-18 14:19:28,completed,9566.62
8967,190,2023-03-26 13:30:52,completed,1256.98
8968,270,2024-03-15 13:41:31,completed,1324.68
8969,62,2024-07-26 13:36:51,processing,2686.58
8970,237,2024-04-29 01:35:03,completed,949.23
8971,202,2023-10-02 21:51:56,completed,6570.87
8972,336,2024-02-25 02:40:32,completed,2322.19
8973,488,2023-09-06 09:53:39,completed,578.97
8974,230,2023-07-11 14:14:07,completed,398.34
8975,260,2023-10-11 15:45:55,completed,2418.06
8976,156,2023-12-13 12:22:17,completed,1217.21
8977,173,2024-04-14 02:01:42,completed,208.91
8978,238,2024-09-03 02:39:26,completed,2012.18
8979,438,2023-05-25 03:03:16,completed,362.63
8980,174,2023-12-17 06:57:10,processing,1398.96
8981,123,2024-04-27 11:13:18,completed,934.74
8982,295,2024-07-29 21:40:54,completed,2639.26
8983,32,2023-09-09 07:46:49,completed,484.8
8984,326,2024-08-25 01:31:30,completed,1256.26
8985,447,2024-06-08 12:17:26,completed,1033.74
8986,267,2023-08-12 18:30:18,completed,91.59
8987,326,2023-05-11 08:59:52,completed,1533.39
8988,227,2023-10-20 11:58:25,processing,853.46
8989,410,2024-10-26 13:16:31,completed,46.18
8990,216,2023-07-02 09:33:40,completed,14661.01
8991,451,2024-12-06 17:45:52,completed,2580.78
8992,223,2023-03-29 09:19:37,completed,5429.43
8993,111,2024-08-28 23:44:00,processing,246.79
8994,88,2023-08-28 19:49:35,processing,8975.13
8995,208,2023-12-30 14:51:05,completed,1789.96
8996,453,2023-02-03 00:24:35,completed,998.42
8997,159,2024-12-27 16:05:55,completed,1206.37
8998,314,2023-09-10 22:06:40,completed,2882.91
8999,59,2024-12-22 13:22:10,completed,1851.23
9000,212,2023-03-29 22:25:23,completed,192.65
9001,170,2023-10-21 09:42:07,completed,279.43
9002,165,2024-04-05 01:47:38,completed,1939.62
9003,300,2023-11-14 21:56:28,completed,584.33
9004,244,2024-01-07 06:38:34,processing,2927.19
9005,251,2024-06-02 23:58:17,cancelled,4753.79
9006,382,2024-11-13 22:46:47,completed,6936.63
9007,133,2024-11-27 13:43:28,completed,1230.94
9008,180,2023-10-10 05:48:41,completed,419.42
9009,305,2024-09-14 22:25:50,completed,426.85
9010,8,2024-05-09 18:49:00,completed,978.27
9011,380,2024-04-18 02:33:09,completed,1833.89
9012,33,2024-12-15 21:53:00,completed,10340.2
9013,227,2023-06-21 08:32:00,completed,982.05
9014,380,2024-12-10 13:36:08,processing,228.23
9015,389,2023-07-15 16:28:48,completed,2002.87
9016,210,2023-11-12 09:55:49,completed,233.74
9017,106,2023-06-18 06:33:35,completed,8289.39
9018,225,2024-03-20 00:07:01,completed,346.0
9019,263,2023-10-31 00:20:03,completed,1096.02
9020,119,2024-01-20 08:21:58,completed,4399.2
9021,223,2024-12-24 06:21:04,completed,2685.18
9022,100,2023-05-24 22:16:40,completed,10364.81
9023,307,2024-12-25 02:56:34,completed,10370.66
9024,243,2024-05-24 04:20:04,completed,3341.19
9025,452,2024-05-10 20:11:48,shipped,6667.29
9026,273,2024-04-05 13:11:19,completed,2901.78
9027,271,2024-06-05 07:14:57,completed,512.1
9028,495,2023-02-21 09:56:52,completed,4863.67
9029,238,2024-10-26 13:58:28,completed,182.43
9030,293,2023-11-24 07:21:03,processing,427.85
9031,307,2024-06-02 18:57:03,completed,621.54
9032,393,2024-09-21 08:45:55,completed,787.23
9033,490,2024-05-14 04:42:45,processing,1440.46
9034,493,2023-03-15 13:10:09,completed,8751.91
9035,31,2023-09-29 23:37:33,completed,1834.46
9036,267,2024-02-29 10:58:00,completed,1394.57
9037,372,2023-08-08 04:07:32,completed,1974.36
9038,97,2024-07-29 11:27:16,completed,5426.59
9039,71,2023-07-25 01:37:35,completed,347.03
9040,89,2024-07-15 04:29:36,completed,1029.15
9041,168,2024-01-22 14:40:44,cancelled,2189.17
9042,92,2024-06-26 06:57:48,completed,764.68
9043,348,2023-02-18 08:35:31,completed,92.66
9044,202,2023-01-17 03:26:19,cancelled,1713.97
9045,332,2023-10-27 22:14:55,shipped,993.46
9046,151,2023-10-22 05:52:46,completed,9886.79
9047,101,2023-05-29 12:08:14,completed,482.06
9048,109,2023-02-28 21:09:35,completed,11427.81
9049,44,2024-08-18 22:07:16,completed,146.34
9050,321,2023-02-11 10:57:12,completed,14158.18
9051,23,2023-01-29 16:33:27,shipped,389.84
9052,211,2024-11-20 18:43:35,completed,788.97
9053,194,2023-08-15 12:09:21,completed,1184.94
9054,135,2024-03-23 06:05:29,processing,1246.0
9055,355,2024-09-06 04:40:01,completed,6649.06
9056,119,2023-08-07 06:21:56,completed,3252.85
9057,1,2023-10-27 08:10:38,completed,1939.62
9058,469,2023-06-24 19:58:46,cancelled,336.99
9059,16,2023-06-12 21:31:27,completed,182.43
9060,271,2023-02-05 13:05:37,completed,853.46
9061,14,2023-04-28 01:56:23,completed,1265.83
9062,285,2023-01-21 08:08:20,completed,680.77
9063,170,2023-08-04 04:07:46,completed,584.83
9064,329,2023-12-19 18:58:48,completed,749.86
9065,45,2024-11-12 22:58:45,completed,1955.67
9066,488,2023-04-22 12:42:46,cancelled,999.14
9067,463,2023-10-20 23:16:44,cancelled,1107.04
9068,339,2023-04-29 22:54:04,completed,1264.57
9069,195,2024-09-18 06:31:54,completed,2304.53
9070,191,2023-06-18 15:51:12,completed,1230.94
9071,323,2023-04-19 01:55:01,completed,428.94
9072,215,2023-10-24 12:56:01,completed,598.64
9073,316,2024-09-10 20:35:26,completed,2482.1
9074,231,2024-08-21 22:53:27,completed,2274.48
9075,27,2023-08-19 19:21:18,completed,920.18
9076,92,2024-04-02 05:09:44,shipped,1530.57
9077,496,2024-04-26 20:10:17,completed,1729.15
9078,121,2023-12-05 02:44:54,completed,1730.7
9079,96,2023-12-29 02:19:11,processing,578.97
9080,231,2023-12-29 04:07:29,completed,4088.76
9081,197,2024-10-26 20:34:20,completed,10523.08
9082,36,2024-02-22 10:38:21,completed,1128.13
9083,243,2024-01-26 07:13:11,completed,152.85
9084,116,2023-09-30 23:59:05,completed,2372.93
9085,450,2023-06-12 02:44:16,completed,7053.52
9086,140,2024-04-08 15:21:52,completed,6570.87
9087,217,2024-02-11 14:22:45,cancelled,1731.63
9088,75,2023-06-15 17:55:08,completed,4032.14
9089,212,2024-03-12 21:12:37,completed,1956.54
9090,136,2024-02-12 11:43:35,completed,7039.81
9091,395,2024-11-30 04:53:20,completed,202.93
9092,37,2023-08-26 02:29:50,completed,1603.81
9093,149,2024-12-13 16:30:00,completed,131.19
9094,180,2023-12-21 07:43:54,shipped,4172.35
9095,315,2024-04-27 06:51:22,completed,821.73
9096,473,2024-12-12 00:36:03,completed,1566.86
9097,276,2023-09-20 03:17:22,completed,1148.58
9098,257,2024-10-12 00:21:55,completed,1523.48
9099,154,2024-08-13 16:52:26,completed,323.76
9100,38,2024-12-04 20:44:59,completed,603.0
9101,97,2024-12-04 09:34:59,completed,7381.77
9102,295,2023-04-03 00:01:41,completed,418.81
9103,125,2023-02-26 10:00:39,completed,926.95
9104,277,2024-09-15 09:29:20,completed,1796.27
9105,237,2023-10-22 14:18:57,completed,1606.9
9106,413,2024-08-15 19:04:36,completed,1560.41
9107,151,2024-08-23 05:38:36,completed,3432.32
9108,106,2024-05-27 06:18:50,completed,4853.39
9109,25,2024-04-24 01:33:07,processing,88.07
9110,385,2023-10-31 23:24:38,completed,1350.85
9111,482,2024-08-31 18:27:32,completed,12183.18
9112,64,2024-03-09 22:17:06,completed,197.86
9113,360,2023-04-24 04:11:23,completed,583.67
9114,142,2024-02-25 09:28:14,completed,2884.22
9115,157,2023-03-03 23:09:42,completed,2748.72
9116,94,2024-03-17 15:25:05,completed,1844.96
9117,40,2023-08-12 16:32:40,completed,8266.35
9118,149,2023-12-28 15:54:46,completed,414.37
9119,183,2024-02-15 18:34:43,processing,593.31
9120,456,2023-01-17 06:12:12,completed,377.85
9121,23,2024-03-25 17:48:38,completed,6678.34
9122,237,2023-02-27 14:24:51,completed,1462.89
9123,134,2024-05-25 13:04:38,completed,4293.74
9124,366,2023-12-09 13:20:27,completed,4185.4
9125,399,2024-06-02 05:01:25,completed,284.92
9126,201,2023-01-29 20:19:04,processing,444.52
9127,375,2024-12-22 23:36:20,completed,5476.32
9128,220,2024-01-28 03:48:38,processing,1317.34
9129,467,2024-10-31 06:42:55,completed,8246.4
9130,297,2023-09-04 12:54:04,completed,1337.83
9131,436,2023-08-06 22:28:44,completed,8860.44
9132,303,2024-02-28 16:10:29,completed,1016.59
9133,467,2023-10-02 01:28:34,completed,2630.81
9134,340,2024-07-20 13:40:58,completed,246.79
9135,111,2024-09-21 04:45:46,completed,13063.34
9136,380,2023-03-31 11:40:39,cancelled,2273.91
9137,200,2023-05-01 11:37:32,completed,6114.93
9138,312,2023-08-05 00:56:26,completed,9475.68
9139,45,2024-06-12 07:19:20,completed,6014.84
9140,15,2023-07-19 17:45:11,completed,73.96
9141,363,2024-07-10 20:05:00,completed,1152.46
9142,468,2023-11-12 11:26:19,completed,2418.06
9143,114,2023-10-13 14:08:49,processing,2196.16
9144,333,2024-04-27 16:14:01,completed,1562.14
9145,406,2023-04-04 16:11:19,completed,450.47
9146,412,2024-01-25 14:23:19,completed,490.35
9147,213,2023-11-09 15:05:08,completed,899.74
9148,263,2023-08-28 21:21:37,completed,2471.62
9149,392,2023-04-30 22:39:37,completed,12943.89
9150,259,2024-08-05 23:03:47,processing,1010.67
9151,394,2024-07-03 10:41:00,completed,700.54
9152,193,2024-04-21 23:52:53,shipped,1046.12
9153,54,2023-11-23 22:36:40,completed,1216.64
9154,230,2023-09-26 20:40:25,completed,3124.05
9155,40,2024-05-06 00:06:05,processing,7515.37
9156,11,2023-10-07 23:37:29,completed,10523.08
9157,161,2024-07-21 14:35:00,completed,352.39
9158,160,2024-05-02 16:51:39,shipped,1323.1
9159,89,2024-07-23 14:49:51,processing,530.33
9160,303,2024-09-22 22:39:17,completed,6519.09
9161,144,2024-10-01 00:16:17,completed,1875.71
9162,223,2024-06-21 01:19:13,processing,13131.78
9163,168,2024-02-23 14:34:41,completed,507.2
9164,44,2023-09-22 11:03:52,completed,4709.21
9165,300,2023-10-19 06:52:55,completed,491.65
9166,49,2023-02-25 23:50:02,shipped,1350.85
9167,471,2024-01-28 07:19:25,completed,2324.66
9168,373,2024-01-05 04:48:41,completed,453.66
9169,331,2024-04-18 03:02:43,completed,2650.08
9170,296,2023-11-17 02:16:46,completed,293.85
9171,169,2024-10-04 07:49:52,completed,471.83
9172,407,2024-04-02 17:13:10,completed,2058.94
9173,45,2024-07-08 04:45:04,processing,660.84
9174,60,2024-10-22 04:58:19,processing,122.09
9175,162,2023-10-15 10:27:58,completed,525.55
9176,150,2024-02-05 10:53:30,completed,810.36
9177,229,2023-05-11 15:02:54,completed,244.37
9178,220,2024-07-25 23:02:07,completed,3997.41
9179,27,2023-05-29 13:26:00,completed,254.0
9180,183,2024-10-23 03:26:28,shipped,621.54
9181,262,2024-02-07 09:06:05,processing,403.02
9182,45,2023-12-30 04:09:22,completed,1328.82
9183,419,2023-10-08 09:12:55,completed,4194.62
9184,118,2023-10-24 23:52:08,completed,1588.8
9185,11,2024-07-08 18:17:35,completed,66.67
9186,294,2024-10-03 17:50:50,cancelled,10523.08
9187,84,2024-11-18 08:23:31,completed,670.42
9188,285,2023-03-07 14:39:51,completed,986.61
9189,179,2024-02-06 01:05:40,completed,1545.79
9190,27,2024-09-01 05:07:30,completed,703.17
9191,406,2023-02-07 15:18:43,completed,8326.31
9192,334,2024-10-12 17:14:58,completed,16332.52
9193,413,2023-09-07 16:32:49,completed,5658.49
9194,296,2024-07-13 20:02:41,completed,7159.96
9195,47,2024-03-12 14:28:29,completed,3942.54
9196,449,2024-06-05 14:18:44,completed,660.84
9197,489,2024-11-27 10:55:27,completed,659.33
9198,144,2024-08-14 13:17:25,completed,885.77
9199,25,2024-07-14 01:52:01,processing,2290.72
9200,139,2023-12-30 22:23:21,processing,1691.83
9201,424,2024-11-22 15:46:02,completed,10523.08
9202,31,2024-07-19 06:41:47,completed,3760.01
9203,229,2023-07-24 03:26:42,completed,503.6
9204,161,2024-04-03 07:44:10,cancelled,61.32
9205,497,2023-07-28 05:09:20,completed,645.95
9206,205,2024-10-28 06:46:43,completed,9247.49
9207,265,2024-12-18 06:19:30,completed,2534.6
9208,350,2024-01-02 21:56:07,completed,853.46
9209,122,2023-10-13 14:04:28,processing,4599.06
9210,417,2023-09-11 23:03:55,completed,4171.34
9211,60,2023-01-05 12:38:34,completed,449.78
9212,13,2024-09-25 04:55:04,processing,722.76
9213,342,2023-07-24 05:43:09,completed,2092.46
9214,112,2023-09-17 22:10:00,completed,377.48
9215,238,2024-03-11 17:03:34,processing,224.76
9216,43,2024-03-14 00:25:57,completed,943.24
9217,15,2024-04-11 16:48:56,completed,3651.66
9218,122,2023-07-07 02:19:45,completed,3130.49
9219,206,2023-08-05 00:07:38,completed,131.66
9220,410,2023-11-03 21:46:42,shipped,1922.13
9221,188,2023-12-31 09:25:43,completed,5708.73
9222,341,2023-07-20 18:20:28,completed,323.76
9223,288,2024-05-09 22:45:21,cancelled,1142.16
9224,129,2023-05-24 18:53:11,completed,465.68
9225,357,2023-04-26 19:55:11,completed,3803.84
9226,215,2024-04-18 21:41:28,processing,61.32
9227,477,2023-06-25 11:46:53,completed,465.68
9228,197,2024-04-18 02:50:56,completed,2227.66
9229,376,2024-03-05 06:36:32,completed,207.67
9230,235,2023-03-19 09:36:26,processing,916.93
9231,355,2023-12-28 10:57:39,completed,17337.22
9232,186,2024-04-08 16:03:17,completed,88.07
9233,144,2023-02-28 04:48:42,processing,3108.57
9234,157,2024-12-12 00:27:20,cancelled,171.04
9235,245,2024-10-19 13:10:24,cancelled,351.69
9236,399,2023-05-05 23:33:54,completed,675.39
9237,89,2023-08-31 01:59:31,shipped,1045.61
9238,407,2024-10-31 00:48:15,completed,2659.94
9239,485,2023-05-23 06:28:01,completed,1886.5
9240,379,2024-12-07 16:09:02,completed,2384.6
9241,178,2023-12-03 17:44:36,completed,494.8
9242,250,2023-11-10 05:42:04,completed,3381.05
9243,470,2023-01-16 22:36:12,shipped,464.98
9244,243,2023-01-25 00:31:56,completed,4416.88
9245,35,2023-05-23 05:21:23,completed,817.16
9246,331,2023-05-21 15:26:41,completed,2115.5
9247,74,2023-01-14 23:05:05,completed,8738.58
9248,426,2024-04-16 13:12:04,completed,9658.56
9249,126,2024-12-28 10:19:30,completed,2333.07
9250,384,2024-05-20 07:42:56,completed,2468.54
9251,221,2023-01-08 09:32:08,completed,12859.71
9252,220,2023-09-09 12:09:15,completed,6314.86
9253,60,2023-08-12 22:56:24,completed,14094.84
9254,289,2023-12-26 13:56:02,completed,721.19
9255,77,2023-02-20 05:23:41,completed,660.84
9256,426,2023-10-16 01:41:13,completed,797.74
9257,62,2023-08-20 01:59:48,cancelled,460.32
9258,452,2024-05-09 10:09:59,processing,1096.02
9259,117,2024-04-10 12:03:40,completed,3184.47
9260,245,2023-02-08 06:26:28,completed,6720.66
9261,328,2023-09-25 23:32:54,completed,465.68
9262,323,2023-01-08 17:34:42,completed,263.32
9263,169,2024-10-28 15:36:47,completed,159.84
9264,280,2023-03-31 13:49:01,completed,1230.94
9265,45,2024-06-30 16:58:25,shipped,553.75
9266,153,2024-06-27 02:01:28,completed,1939.62
9267,431,2023-02-21 14:54:04,completed,1033.31
9268,222,2024-04-08 20:17:45,completed,7174.57
9269,354,2023-03-25 00:41:06,completed,911.33
9270,270,2023-09-06 01:56:02,completed,146.34
9271,428,2023-12-19 07:19:32,completed,898.27
9272,96,2024-05-01 21:51:39,completed,224.49
9273,500,2024-05-16 00:03:36,completed,868.52
9274,273,2023-11-10 03:09:12,completed,8496.73
9275,171,2024-09-26 19:30:33,completed,1710.42
9276,149,2023-02-13 05:58:14,completed,13750.76
9277,282,2023-08-25 04:04:39,completed,3075.0
9278,264,2023-01-12 14:36:26,completed,2059.06
9279,193,2024-06-07 14:19:32,completed,753.2
9280,438,2023-05-08 17:15:27,completed,110.25
9281,433,2024-05-22 20:19:51,completed,224.93
9282,269,2023-09-12 02:13:11,shipped,886.97
9283,276,2024-09-30 19:01:18,completed,11303.55
9284,206,2023-07-05 01:45:50,completed,688.21
9285,320,2024-01-16 23:47:29,completed,9475.68
9286,254,2024-06-17 06:20:44,completed,147.92
9287,496,2023-02-25 00:42:26,completed,9755.91
9288,263,2024-09-05 23:40:44,completed,7039.81
9289,165,2023-05-03 09:33:28,completed,2302.19
9290,467,2024-05-28 12:55:09,completed,2515.71
9291,289,2024-12-28 14:30:54,processing,8269.76
9292,39,2023-12-14 15:32:58,completed,9707.74
9293,162,2024-07-16 10:10:06,completed,765.84
9294,150,2023-11-09 20:10:43,completed,6779.3
9295,418,2023-03-07 18:48:05,completed,487.95
9296,479,2024-11-05 20:00:14,completed,347.03
9297,175,2023-11-03 20:48:54,completed,703.99
9298,272,2024-08-04 00:55:36,completed,5876.52
9299,479,2024-02-14 18:15:48,completed,224.49
9300,341,2024-09-25 14:59:07,processing,1269.55
9301,145,2023-05-11 01:13:33,shipped,1136.4
9302,358,2023-07-31 02:31:22,completed,1464.42
9303,144,2023-12-09 02:31:38,completed,9966.18
9304,474,2023-02-19 23:13:45,completed,484.52
9305,147,2024-09-08 06:03:38,completed,594.64
9306,338,2024-08-15 03:34:00,completed,863.74
9307,56,2024-07-02 21:50:07,completed,999.14
9308,369,2023-01-23 11:21:22,completed,920.18
9309,320,2024-09-09 01:54:31,shipped,2086.16
9310,192,2023-07-01 23:45:56,completed,1305.13
9311,307,2024-04-22 20:53:43,completed,2326.15
9312,161,2024-09-05 07:08:23,completed,3383.49
9313,444,2023-11-04 06:05:42,shipped,192.65
9314,207,2024-02-10 16:29:59,completed,2440.42
9315,189,2023-12-25 03:22:42,completed,691.19
9316,455,2024-05-28 01:34:17,completed,5612.31
9317,303,2024-11-02 09:08:28,completed,325.99
9318,438,2023-04-16 21:52:06,cancelled,17126.35
9319,415,2023-02-10 18:54:03,completed,879.45
9320,484,2023-10-11 18:30:27,completed,352.39
9321,263,2023-12-23 03:52:52,shipped,7607.68
9322,354,2024-05-24 22:53:46,processing,1613.84
9323,324,2023-09-05 23:57:46,processing,2345.63
9324,316,2024-12-18 18:58:58,completed,998.77
9325,366,2024-11-25 05:20:14,completed,155.96
9326,204,2023-10-21 21:32:04,processing,1185.86
9327,201,2023-07-15 06:41:31,completed,2324.66
9328,389,2023-07-09 11:10:57,cancelled,6141.24
9329,474,2023-08-25 20:17:10,shipped,378.45
9330,382,2024-02-02 01:58:44,completed,3364.23
9331,396,2024-09-26 22:12:26,processing,15769.63
9332,280,2024-03-01 12:29:10,processing,684.21
9333,500,2023-05-30 08:01:06,processing,1041.52
9334,361,2024-04-13 09:00:08,completed,10523.08
9335,153,2023-02-14 10:08:31,completed,960.93
9336,341,2024-03-20 22:56:24,completed,10656.82
9337,405,2023-05-17 17:26:46,completed,1550.71
9338,106,2023-01-11 14:31:16,completed,1958.92
9339,103,2024-12-06 03:30:39,completed,2661.89
9340,164,2024-03-14 11:02:19,completed,6408.78
9341,283,2024-12-13 14:57:55,cancelled,2006.86
9342,320,2023-02-10 22:32:39,completed,10701.25
9343,496,2024-06-18 18:35:03,completed,2138.02
9344,153,2024-09-08 14:46:52,processing,8662.72
9345,261,2024-02-22 06:53:32,completed,716.43
9346,447,2023-04-19 13:31:51,completed,1166.47
9347,214,2023-08-15 10:10:23,cancelled,1570.57
9348,378,2023-11-08 21:18:58,completed,6753.75
9349,236,2023-08-02 16:30:38,processing,297.53
9350,480,2024-10-18 22:02:12,completed,2138.02
9351,475,2024-08-15 14:55:15,completed,1013.73
9352,70,2023-07-08 21:03:33,completed,853.24
9353,223,2023-04-11 15:46:30,completed,596.8
9354,452,2024-12-13 22:08:38,cancelled,8347.87
9355,314,2023-01-05 07:19:47,completed,2504.6
9356,461,2023-11-08 10:48:14,completed,2618.75
9357,37,2024-12-17 06:28:31,completed,9475.68
9358,112,2024-10-21 22:36:42,completed,987.02
9359,155,2024-01-22 06:41:11,completed,362.63
9360,95,2024-11-22 04:29:38,completed,450.75
9361,382,2023-07-17 22:48:57,completed,478.33
9362,300,2023-11-19 11:11:45,completed,490.35
9363,213,2024-02-05 18:58:02,completed,1789.96
9364,428,2024-10-26 06:58:57,completed,6753.75
9365,277,2023-01-23 19:06:26,completed,536.14
9366,221,2024-01-04 08:27:36,completed,602.95
9367,241,2024-05-24 19:43:21,processing,1213.03
9368,386,2024-05-19 15:34:05,shipped,1877.49
9369,20,2024-03-27 11:31:38,completed,1974.68
9370,17,2024-02-24 11:18:37,completed,2529.14
9371,237,2023-08-26 21:48:35,shipped,1803.93
9372,202,2024-12-29 08:08:17,cancelled,13089.66
9373,83,2023-01-29 00:10:25,completed,1230.94
9374,165,2023-03-26 05:46:58,completed,465.68
9375,376,2024-05-20 16:35:08,completed,764.68
9376,382,2023-12-29 06:56:47,processing,1486.66
9377,173,2023-11-25 18:39:52,cancelled,1785.88
9378,220,2023-12-22 03:51:16,processing,1303.73
9379,321,2023-12-06 21:47:19,completed,2044.2
9380,195,2023-03-11 03:23:02,completed,2618.75
9381,235,2023-10-16 17:15:46,completed,6713.08
9382,311,2024-12-13 22:43:21,completed,9954.39
9383,75,2023-07-30 05:36:57,completed,648.11
9384,1,2023-09-22 20:01:09,completed,7495.53
9385,474,2024-11-29 18:55:17,processing,7120.74
9386,128,2023-12-22 03:53:31,completed,1364.74
9387,400,2023-08-25 19:53:50,completed,6570.87
9388,247,2024-05-13 10:30:01,completed,578.77
9389,134,2023-02-12 18:10:37,shipped,7214.42
9390,110,2023-12-27 23:00:36,completed,1071.01
9391,104,2024-02-17 16:27:01,completed,1784.27
9392,60,2023-09-26 19:38:39,completed,2212.14
9393,184,2024-03-14 08:40:12,completed,525.55
9394,286,2023-06-17 01:22:30,completed,2373.38
9395,435,2024-01-05 03:26:11,completed,2581.79
9396,259,2024-05-24 03:18:16,completed,426.85
9397,85,2024-08-07 03:10:36,completed,615.39
9398,24,2023-02-14 03:41:51,completed,898.84
9399,269,2023-06-17 19:45:59,completed,1851.04
9400,15,2023-12-21 16:59:17,completed,884.39
9401,111,2024-01-25 07:07:51,completed,7721.45
9402,348,2023-07-31 08:07:16,shipped,2651.9
9403,475,2023-02-14 09:33:30,processing,7712.93
9404,50,2023-12-05 05:55:06,completed,17562.89
9405,256,2024-07-28 22:27:37,completed,9658.56
9406,474,2023-08-14 19:23:41,completed,162.27
9407,155,2024-09-26 00:54:35,completed,800.35
9408,428,2023-12-16 07:30:14,completed,1982.66
9409,129,2023-05-15 05:59:22,completed,2809.99
9410,400,2024-03-07 22:39:10,completed,9658.56
9411,336,2023-03-08 13:22:06,completed,967.78
9412,161,2023-01-26 15:54:16,cancelled,578.97
9413,438,2023-02-04 12:45:57,shipped,12669.61
9414,93,2023-07-03 02:17:01,shipped,14469.26
9415,475,2023-05-24 19:05:20,completed,18010.21
9416,107,2023-05-27 12:28:28,processing,2159.81
9417,477,2024-06-09 16:43:58,completed,3786.85
9418,276,2024-05-18 13:05:24,completed,4249.94
9419,192,2024-09-17 11:02:23,completed,560.93
9420,180,2023-05-04 23:31:16,shipped,3254.85
9421,327,2024-04-02 23:03:17,completed,2569.7
9422,171,2023-04-17 01:49:30,completed,2983.26
9423,127,2023-08-15 07:25:19,cancelled,136.01
9424,371,2024-03-08 22:21:39,completed,2217.1
9425,74,2024-02-16 01:05:08,processing,104.4
9426,209,2024-03-22 12:50:05,completed,449.02
9427,182,2023-05-17 20:18:16,completed,1147.11
9428,416,2024-08-02 17:08:27,processing,7039.81
9429,284,2024-03-03 23:46:18,completed,4075.22
9430,346,2023-02-16 10:03:27,processing,6989.07
9431,312,2024-12-19 15:19:49,cancelled,1167.11
9432,325,2024-06-03 02:29:05,completed,73.96
9433,221,2023-03-18 05:05:41,completed,352.39
9434,238,2024-04-03 20:13:46,completed,1078.27
9435,488,2024-11-16 08:00:18,completed,2620.51
9436,410,2023-11-21 17:28:41,completed,1777.35
9437,232,2023-04-14 13:14:23,completed,1043.64
9438,50,2024-09-26 09:30:16,completed,1881.44
9439,53,2023-06-26 09:33:33,completed,691.05
9440,393,2023-09-21 16:30:18,completed,2317.1
9441,333,2023-08-15 13:37:54,completed,1753.04
9442,15,2023-02-28 00:22:50,completed,2570.04
9443,95,2024-12-30 16:35:46,completed,2095.28
9444,287,2024-09-01 05:18:49,completed,10638.93
9445,385,2023-02-08 22:20:52,completed,1768.56
9446,292,2024-03-25 10:33:29,completed,6570.87
9447,446,2024-08-20 11:18:56,completed,4942.66
9448,260,2024-03-14 13:36:08,completed,583.67
9449,397,2024-11-25 01:25:54,completed,764.68
9450,411,2023-11-30 21:19:56,completed,10865.15
9451,278,2023-05-07 00:22:28,completed,244.18
9452,116,2024-02-23 14:49:23,completed,5523.45
9453,255,2023-01-15 11:13:58,completed,4277.2
9454,255,2024-11-04 10:07:02,completed,833.79
9455,197,2023-08-02 20:39:11,completed,513.17
9456,201,2023-12-27 17:22:22,completed,2419.73
9457,169,2024-05-02 04:11:07,completed,420.35
9458,341,2023-09-28 09:59:26,completed,6753.75
9459,16,2023-07-07 17:30:09,cancelled,2298.14
9460,271,2024-07-09 19:37:01,completed,3422.83
9461,459,2023-05-31 01:06:32,cancelled,870.91
9462,118,2023-08-31 20:07:26,processing,1506.26
9463,481,2023-12-09 22:32:07,completed,6474.45
9464,287,2023-05-04 00:56:30,completed,7281.97
9465,440,2023-03-03 20:24:57,completed,6936.63
9466,490,2024-01-27 04:34:37,completed,449.02
9467,498,2024-10-12 23:01:53,completed,1298.37
9468,61,2024-01-11 00:57:35,completed,435.88
9469,437,2024-10-29 04:56:39,completed,417.27
9470,88,2023-12-13 03:49:30,completed,3254.31
9471,430,2024-11-04 12:50:49,shipped,864.55
9472,129,2023-05-23 03:59:48,cancelled,2739.56
9473,16,2024-07-06 15:05:46,completed,3277.6
9474,52,2024-05-07 09:27:23,processing,10523.08
9475,481,2023-09-19 16:20:32,completed,193.57
9476,432,2024-02-26 06:24:10,completed,5820.8
9477,220,2023-09-20 19:09:15,completed,12744.89
9478,212,2024-04-21 18:40:33,completed,600.4
9479,367,2024-07-27 06:12:24,processing,674.86
9480,349,2024-10-16 02:23:24,processing,11633.31
9481,237,2024-05-11 09:09:34,completed,641.65
9482,410,2023-07-18 05:44:35,completed,1166.47
9483,388,2024-11-08 07:48:37,completed,2490.05
9484,367,2024-01-06 05:40:43,completed,3651.66
9485,392,2024-06-21 05:44:46,completed,553.39
9486,56,2024-09-17 17:14:08,cancelled,696.18
9487,409,2023-12-14 03:43:26,completed,482.06
9488,220,2023-08-17 21:50:56,completed,387.2
9489,227,2023-09-10 04:22:21,cancelled,1303.73
9490,8,2024-01-15 08:26:09,completed,1083.16
9491,364,2023-05-04 06:39:12,processing,12590.88
9492,380,2024-05-02 10:36:10,completed,2908.33
9493,250,2024-05-14 18:49:00,completed,406.08
9494,417,2023-11-07 02:23:44,cancelled,925.61
9495,165,2023-07-16 02:22:49,completed,600.91
9496,109,2024-11-24 04:29:48,processing,6753.75
9497,458,2023-03-22 19:54:10,cancelled,1784.88
9498,118,2023-04-29 16:05:06,completed,5009.07
9499,298,2024-01-09 14:26:19,processing,3651.66
9500,259,2024-05-10 01:28:10,completed,1075.61
9501,442,2023-09-25 18:54:19,processing,269.1
9502,23,2024-11-08 01:13:16,completed,4427.11
9503,494,2024-08-22 06:38:30,completed,3651.66
9504,44,2023-04-09 06:22:07,completed,1200.04
9505,343,2024-07-17 14:41:38,completed,136.01
9506,114,2023-01-26 11:05:18,cancelled,635.06
9507,151,2023-09-05 07:20:13,completed,485.91
9508,406,2024-03-30 22:32:00,completed,1205.43
9509,109,2024-11-16 11:30:19,processing,564.14
9510,302,2024-12-05 12:33:51,completed,131.51
9511,107,2024-11-16 03:57:12,completed,1403.64
9512,289,2024-06-24 15:15:53,completed,1233.09
9513,151,2023-01-21 16:51:19,completed,1569.02
9514,211,2023-01-11 14:31:53,processing,7451.48
9515,295,2024-10-22 02:10:42,completed,3786.85
9516,404,2023-03-13 09:44:53,completed,6570.87
9517,433,2023-02-05 07:37:55,completed,9443.82
9518,340,2024-05-21 07:53:49,completed,2630.81
9519,32,2023-07-02 08:32:10,completed,2166.47
9520,491,2024-06-28 23:21:45,shipped,3964.07
9521,464,2024-09-23 11:34:05,completed,190.33
9522,77,2023-04-29 18:40:01,completed,91.59
9523,454,2024-04-12 05:56:34,completed,9476.88
9524,158,2024-12-01 23:13:51,completed,1274.86
9525,498,2023-11-01 20:04:43,completed,1186.5
9526,417,2023-02-02 11:36:28,completed,281.04
9527,481,2023-08-06 04:09:26,completed,490.35
9528,352,2023-09-10 01:08:34,processing,764.68
9529,193,2024-02-06 12:27:59,completed,3467.92
9530,281,2023-04-25 20:49:44,completed,715.8
9531,226,2024-08-25 22:50:39,completed,1124.56
9532,90,2023-05-16 00:39:14,completed,2324.66
9533,276,2023-12-08 20:32:39,processing,12092.96
9534,176,2024-07-05 22:21:50,completed,1155.27
9535,353,2024-06-13 11:38:48,cancelled,13886.54
9536,467,2024-09-11 04:45:23,completed,17918.12
9537,236,2024-06-13 19:00:55,completed,1360.01
9538,342,2023-12-04 01:44:53,processing,1925.19
9539,227,2023-10-19 03:08:46,cancelled,1951.72
9540,62,2024-08-29 18:29:14,completed,1719.11
9541,371,2024-08-17 00:40:52,completed,338.12
9542,297,2024-05-17 08:35:35,completed,441.01
9543,184,2023-09-19 09:43:36,completed,4367.76
9544,188,2023-12-01 05:48:12,completed,3682.37
9545,20,2023-06-14 22:18:03,completed,2717.93
9546,117,2024-12-24 08:31:29,completed,818.04
9547,204,2023-03-09 07:02:26,completed,929.88
9548,449,2023-03-27 12:05:52,completed,193.57
9549,376,2024-11-28 03:16:29,processing,1742.75
9550,414,2024-01-24 22:19:25,shipped,779.39
9551,329,2024-03-27 14:00:27,completed,140.92
9552,56,2024-01-17 09:05:43,completed,1830.09
9553,206,2024-12-10 18:55:45,completed,165.87
9554,207,2024-11-30 22:54:19,completed,1128.13
9555,465,2023-05-19 22:45:47,completed,4058.76
9556,235,2023-07-17 08:42:16,completed,2163.68
9557,486,2024-04-22 08:13:57,completed,1406.69
9558,472,2023-11-27 08:10:39,completed,1291.32
9559,368,2023-03-10 14:20:28,completed,1527.32
9560,16,2024-05-01 12:20:32,completed,1385.46
9561,136,2023-05-25 21:58:54,completed,709.92
9562,352,2023-06-22 11:45:49,completed,8064.87
9563,41,2023-02-08 08:02:57,completed,13884.85
9564,176,2023-10-02 05:19:38,completed,5421.11
9565,355,2023-11-28 03:56:30,processing,11549.11
9566,172,2024-01-13 19:32:15,completed,527.66
9567,124,2023-08-03 09:56:36,completed,707.01
9568,352,2024-10-01 01:43:48,completed,1401.91
9569,236,2024-10-23 17:12:27,completed,245.53
9570,174,2023-03-06 12:22:26,completed,1376.89
9571,331,2024-04-05 00:19:42,completed,1633.93
9572,500,2023-05-03 08:47:49,completed,2400.42
9573,237,2024-04-19 15:45:42,completed,833.34
9574,256,2024-10-08 21:37:11,processing,109.52
9575,53,2024-07-26 21:36:13,completed,9008.47
9576,84,2023-10-31 15:22:52,completed,567.44
9577,335,2024-08-21 13:02:33,completed,7208.62
9578,139,2023-06-07 21:12:46,completed,5572.52
9579,142,2023-03-07 12:20:36,completed,593.31
9580,338,2023-12-13 04:45:44,cancelled,1671.54
9581,258,2023-11-10 07:15:18,completed,4230.39
9582,453,2023-01-11 18:07:19,completed,1076.29
9583,495,2023-02-25 23:15:57,completed,960.94
9584,221,2024-07-09 02:08:32,completed,971.89
9585,152,2023-12-08 17:41:29,completed,455.6
9586,491,2024-01-06 18:36:37,completed,256.44
9587,53,2023-05-31 21:28:20,completed,142.17
9588,27,2024-11-03 16:11:57,completed,147.92
9589,117,2023-07-09 00:47:13,processing,11501.35
9590,337,2023-09-06 02:39:41,completed,664.23
9591,410,2023-09-27 18:16:23,processing,131.51
9592,231,2024-08-09 15:40:23,completed,323.18
9593,326,2023-05-08 22:18:50,completed,3530.48
9594,199,2024-01-08 16:53:03,completed,137.77
9595,103,2023-02-20 19:01:23,completed,2075.88
9596,167,2023-07-23 07:27:52,cancelled,5748.32
9597,46,2024-05-06 02:35:55,completed,841.97
9598,208,2023-07-26 17:11:23,processing,853.24
9599,261,2023-12-22 21:28:34,completed,105.53
9600,169,2024-04-15 22:51:04,completed,2506.39
9601,390,2024-12-29 05:58:22,cancelled,621.54
9602,288,2024-08-02 03:58:14,completed,562.08
9603,259,2024-01-25 01:34:30,completed,687.1
9604,10,2024-03-19 19:40:31,completed,394.36
9605,394,2023-08-18 11:57:09,completed,347.03
9606,326,2024-11-21 17:45:23,completed,2234.23
9607,353,2023-11-18 05:14:17,completed,1764.55
9608,71,2024-05-21 11:24:04,completed,269.1
9609,107,2024-11-30 02:28:23,processing,690.97
9610,426,2024-08-06 02:21:17,completed,1817.76
9611,337,2024-03-28 23:22:34,completed,378.07
9612,106,2024-10-13 16:57:22,completed,2568.17
9613,118,2023-03-15 07:39:30,completed,2398.73
9614,406,2024-05-21 19:03:37,completed,801.85
9615,490,2024-07-15 19:46:32,completed,569.63
9616,433,2024-09-02 19:03:27,completed,1483.46
9617,116,2023-05-26 13:54:54,cancelled,2809.99
9618,64,2024-08-31 08:06:55,processing,2945.98
9619,149,2024-04-30 11:37:01,completed,2781.02
9620,294,2023-07-23 16:24:04,completed,779.13
9621,130,2024-02-04 02:58:27,cancelled,1939.62
9622,340,2024-08-11 05:52:01,shipped,602.95
9623,17,2024-02-18 22:19:44,completed,16332.61
9624,407,2024-05-28 09:42:39,completed,5525.85
9625,475,2024-06-10 10:14:13,completed,1230.94
9626,281,2024-03-08 10:39:20,completed,1789.96
9627,221,2023-06-09 19:45:22,processing,929.14
9628,421,2023-03-19 06:02:14,completed,311.04
9629,148,2023-12-07 11:43:29,completed,449.77
9630,401,2023-03-24 04:06:27,completed,1730.4
9631,279,2023-08-20 05:49:02,completed,1615.78
9632,18,2023-05-10 19:39:31,processing,2269.0
9633,499,2024-02-18 02:15:55,cancelled,1464.42
9634,118,2023-05-22 00:41:44,completed,1464.42
9635,135,2023-02-05 02:12:38,completed,7695.32
9636,442,2024-07-29 16:05:19,completed,764.68
9637,480,2024-10-09 07:04:03,completed,295.72
9638,36,2024-09-18 14:01:13,completed,2325.25
9639,346,2024-09-30 01:50:00,completed,3680.86
9640,475,2024-01-25 18:45:33,cancelled,2324.66
9641,24,2023-01-18 19:55:21,completed,417.4
9642,270,2024-02-12 10:49:10,completed,3023.05
9643,331,2024-02-28 12:50:49,completed,7064.6
9644,157,2023-09-23 14:16:59,completed,6856.93
9645,378,2023-09-19 02:32:58,cancelled,1240.95
9646,289,2023-08-18 16:41:23,completed,360.52
9647,463,2023-05-10 11:07:01,completed,108.37
9648,248,2024-07-17 03:33:13,processing,7695.37
9649,159,2024-03-07 08:26:36,processing,4643.12
9650,142,2024-05-16 18:29:42,completed,457.64
9651,9,2024-10-11 11:24:16,completed,1562.14
9652,299,2023-03-10 04:46:18,completed,347.03
9653,230,2024-06-28 05:46:36,completed,2188.86
9654,456,2024-05-27 09:39:31,completed,754.66
9655,421,2024-06-17 17:59:10,completed,6570.87
9656,67,2024-04-13 15:43:01,completed,764.68
9657,332,2024-07-23 13:54:37,completed,2507.16
9658,222,2024-12-20 05:33:25,shipped,2477.02
9659,68,2024-06-27 04:53:33,shipped,5420.74
9660,50,2024-10-28 06:53:03,completed,44.98
9661,145,2024-09-25 19:52:30,completed,256.74
9662,303,2023-04-16 09:58:00,completed,6703.89
9663,200,2024-06-11 04:31:11,completed,749.49
9664,142,2023-08-05 06:13:26,completed,2115.5
9665,358,2024-09-18 06:33:47,completed,10557.36
9666,221,2024-07-14 15:20:10,completed,2472.42
9667,423,2023-01-07 06:43:34,completed,2141.09
9668,457,2024-03-12 02:36:17,cancelled,298.62
9669,102,2023-12-09 00:40:49,completed,352.39
9670,330,2024-06-25 06:10:53,completed,413.21
9671,1,2024-10-13 02:10:34,completed,267.43
9672,97,2024-03-27 20:38:58,cancelled,2570.85
9673,136,2024-12-28 09:54:40,completed,213.86
9674,10,2023-12-14 04:20:36,completed,1464.42
9675,403,2024-07-30 18:42:40,completed,1939.62
9676,400,2023-05-28 01:28:27,shipped,3012.55
9677,467,2024-02-24 08:44:04,completed,1149.45
9678,200,2023-12-31 13:09:45,completed,190.33
9679,14,2023-08-03 20:56:49,completed,579.93
9680,87,2024-04-20 22:36:04,cancelled,708.68
9681,447,2024-06-14 17:14:13,processing,143.75
9682,71,2024-10-21 21:49:33,completed,1395.36
9683,307,2024-05-23 14:51:27,shipped,140.92
9684,18,2024-12-30 01:33:50,completed,1285.48
9685,270,2024-06-05 05:23:25,completed,2247.65
9686,362,2023-09-21 17:53:59,completed,921.96
9687,81,2023-06-13 04:19:36,completed,6570.87
9688,307,2023-06-03 22:46:22,completed,2592.3
9689,330,2024-12-01 17:49:44,completed,453.66
9690,445,2023-01-21 21:43:50,completed,673.6
9691,203,2023-09-06 12:51:00,completed,2300.58
9692,252,2023-06-20 20:58:26,completed,741.76
9693,247,2024-05-10 09:20:35,completed,897.61
9694,340,2024-07-08 22:50:32,completed,536.49
9695,258,2023-02-20 03:37:02,shipped,1015.73
9696,358,2023-03-27 18:14:58,processing,2925.78
9697,266,2024-01-12 06:31:13,processing,670.09
9698,148,2023-06-18 16:13:34,processing,600.91
9699,4,2023-06-07 14:50:33,completed,98.36
9700,457,2024-01-31 02:24:58,completed,11942.88
9701,181,2023-09-12 08:37:44,completed,1562.14
9702,477,2024-05-01 11:46:16,completed,949.23
9703,122,2023-09-26 01:14:04,completed,6849.74
9704,92,2024-06-06 17:26:15,completed,10943.98
9705,475,2024-05-06 02:28:15,completed,703.99
9706,43,2024-09-05 00:36:28,completed,7702.35
9707,319,2024-03-19 12:08:15,completed,612.98
9708,122,2024-12-22 14:23:08,completed,901.94
9709,60,2024-08-09 05:19:26,completed,2027.36
9710,442,2024-05-30 07:07:15,shipped,685.51
9711,268,2024-05-17 13:00:12,completed,905.26
9712,312,2023-06-22 00:08:49,processing,18125.95
9713,29,2024-04-08 17:24:27,completed,414.37
9714,433,2023-04-15 08:35:34,processing,1278.57
9715,284,2023-01-15 18:13:47,processing,8156.72
9716,339,2023-08-05 02:17:11,shipped,1680.71
9717,124,2024-10-09 10:24:03,completed,7798.77
9718,392,2023-01-04 12:40:17,completed,8040.34
9719,359,2023-10-04 11:07:20,completed,525.55
9720,252,2024-06-25 10:42:04,completed,2171.61
9721,163,2024-06-02 14:56:04,completed,1574.27
9722,394,2024-10-24 09:54:35,completed,2055.38
9723,336,2023-02-02 21:04:37,shipped,772.34
9724,187,2023-09-19 04:35:01,completed,578.73
9725,334,2024-04-07 09:41:28,completed,147.92
9726,99,2024-09-27 14:19:05,completed,466.19
9727,288,2024-05-20 01:01:02,processing,387.2
9728,237,2024-09-12 02:25:18,completed,243.55
9729,204,2024-01-01 06:50:48,completed,990.81
9730,336,2024-02-01 23:13:29,completed,2224.48
9731,72,2024-08-03 18:18:28,processing,3897.57
9732,48,2024-09-11 12:50:16,completed,17471.6
9733,58,2024-04-27 17:55:19,completed,184.75
9734,334,2023-03-14 05:52:31,completed,295.72
9735,286,2024-01-09 17:03:02,completed,1713.97
9736,370,2024-01-18 03:34:09,completed,10619.07
9737,430,2023-02-01 08:28:33,completed,8484.45
9738,111,2024-07-13 07:29:41,completed,1789.96
9739,463,2023-10-27 19:03:27,completed,1239.68
9740,259,2024-12-24 18:47:50,completed,387.2
9741,378,2023-08-03 21:37:06,completed,476.06
9742,377,2023-03-28 13:49:05,processing,2274.58
9743,459,2023-12-28 14:12:51,completed,3002.49
9744,380,2024-02-14 21:27:49,completed,215.42
9745,195,2024-06-08 20:34:41,completed,399.19
9746,9,2024-03-07 08:24:36,completed,1451.18
9747,418,2023-07-07 11:24:23,processing,1806.63
9748,408,2024-09-26 08:16:22,processing,131.19
9749,49,2024-08-07 01:18:45,completed,2881.57
9750,327,2024-04-05 11:33:20,completed,9738.86
9751,421,2024-04-10 15:19:46,completed,5185.33
9752,164,2023-04-11 12:57:14,completed,1427.49
9753,442,2023-11-28 23:32:36,completed,1939.62
9754,71,2023-05-15 00:26:26,completed,615.57
9755,375,2024-05-20 21:08:24,completed,853.46
9756,429,2024-08-15 00:55:25,shipped,1230.94
9757,172,2024-04-13 18:10:16,completed,15555.71
9758,342,2024-07-30 14:57:37,shipped,769.22
9759,44,2024-03-17 21:41:08,completed,5478.86
9760,384,2024-12-04 07:28:57,completed,6570.87
9761,298,2023-06-15 16:34:53,completed,398.34
9762,73,2024-01-03 05:32:31,cancelled,596.76
9763,232,2024-03-07 02:37:34,completed,1506.26
9764,59,2023-04-21 06:27:10,completed,13165.32
9765,66,2024-11-14 19:44:11,completed,5179.59
9766,447,2024-03-20 19:02:21,processing,2398.73
9767,209,2023-09-08 13:31:07,completed,747.12
9768,133,2024-05-07 00:01:48,completed,1575.04
9769,92,2023-04-30 08:47:22,completed,10441.33
9770,10,2024-11-23 18:14:07,processing,9658.56
9771,418,2024-08-16 19:21:07,completed,1341.02
9772,270,2024-05-25 02:11:44,cancelled,849.7
9773,168,2023-07-26 14:08:32,completed,537.43
9774,497,2024-05-11 18:41:17,completed,356.52
9775,62,2023-06-12 04:36:02,completed,2384.63
9776,331,2023-06-19 15:29:57,completed,7107.36
9777,345,2024-10-25 12:11:31,completed,7904.33
9778,56,2023-07-08 22:29:10,completed,5179.59
9779,348,2023-07-09 15:42:52,processing,764.68
9780,186,2023-04-19 17:02:47,completed,2181.35
9781,98,2023-06-23 21:57:31,shipped,244.37
9782,61,2024-02-22 13:52:39,completed,1216.06
9783,226,2023-10-23 19:17:07,processing,2201.43
9784,243,2023-06-24 04:32:13,completed,3312.74
9785,490,2024-05-24 03:58:37,completed,774.13
9786,419,2023-10-13 09:02:48,cancelled,691.19
9787,1,2024-11-21 01:41:12,completed,2756.3
9788,175,2024-03-12 13:51:42,completed,17751.11
9789,122,2023-06-01 07:38:56,processing,680.77
9790,136,2024-10-21 21:51:00,completed,10858.86
9791,153,2023-07-25 21:10:29,shipped,1382.38
9792,61,2023-11-10 08:25:29,completed,298.62
9793,480,2023-01-19 03:43:31,completed,584.83
9794,91,2023-12-23 00:10:37,processing,295.83
9795,424,2024-05-30 14:54:51,completed,498.57
9796,453,2023-07-02 11:59:05,completed,162.66
9797,417,2023-10-17 01:13:46,completed,1142.16
9798,151,2023-11-02 21:59:48,completed,490.35
9799,434,2023-11-15 20:53:27,cancelled,438.8
9800,11,2023-01-27 11:46:30,completed,256.44
9801,117,2024-08-29 00:31:20,completed,95.99
9802,438,2023-09-29 12:53:40,processing,834.36
9803,82,2023-10-24 01:07:06,completed,2778.32
9804,78,2023-01-17 20:25:04,cancelled,1464.42
9805,139,2023-12-27 20:43:40,completed,660.84
9806,17,2023-09-24 21:34:43,completed,7039.81
9807,324,2023-03-25 05:10:41,completed,1995.72
9808,210,2023-11-17 23:13:55,completed,88.07
9809,391,2023-04-03 20:33:53,completed,4204.56
9810,39,2023-10-24 02:09:28,processing,582.97
9811,374,2024-12-09 01:06:59,completed,5933.22
9812,460,2023-04-20 07:01:45,completed,3817.59
9813,11,2023-05-31 19:15:16,completed,5852.48
9814,320,2024-07-31 10:12:18,cancelled,596.87
9815,58,2023-02-09 02:55:09,completed,2557.88
9816,464,2023-04-14 05:06:46,completed,7669.03
9817,247,2024-03-25 02:26:59,completed,214.64
9818,150,2024-11-04 07:08:59,completed,9836.71
9819,158,2023-10-01 07:32:20,completed,11714.22
9820,31,2023-02-08 00:32:36,completed,3375.18
9821,422,2024-07-25 15:26:07,completed,10401.44
9822,1,2023-02-14 06:44:56,completed,1851.23
9823,191,2023-02-03 21:08:43,completed,2663.0
9824,184,2023-08-09 16:43:18,completed,279.71
9825,294,2023-02-21 13:31:21,shipped,92.66
9826,69,2024-08-20 21:59:11,completed,1585.15
9827,399,2024-07-15 16:00:49,completed,2659.4
9828,4,2024-01-14 00:07:20,cancelled,1230.94
9829,127,2023-06-10 16:42:00,completed,1116.29
9830,247,2023-07-29 02:24:45,completed,1851.23
9831,3,2024-02-20 22:56:05,completed,5714.78
9832,263,2024-09-19 23:18:49,completed,343.14
9833,496,2023-02-01 08:15:11,completed,307.05
9834,2,2023-03-28 17:26:32,completed,1679.96
9835,112,2024-11-07 21:37:23,completed,132.13
9836,434,2023-08-16 23:26:55,completed,184.75
9837,391,2023-02-28 03:11:34,completed,3583.72
9838,106,2024-07-26 12:38:07,processing,9548.84
9839,212,2023-11-23 16:40:56,shipped,37.31
9840,492,2023-04-27 02:59:41,completed,1464.97
9841,440,2024-02-04 08:37:10,completed,7839.91
9842,145,2023-01-10 08:03:11,completed,583.67
9843,473,2023-12-21 23:40:14,completed,723.5
9844,352,2024-02-19 22:59:10,completed,769.58
9845,186,2023-12-27 02:26:32,completed,6066.92
9846,360,2024-03-13 16:26:54,completed,602.41
9847,78,2023-03-04 04:34:35,completed,175.91
9848,339,2024-10-28 06:56:36,completed,11029.58
9849,315,2023-01-20 01:08:31,completed,1071.61
9850,173,2023-11-29 15:03:37,completed,578.73
9851,124,2024-11-05 19:41:27,completed,2402.33
9852,381,2024-07-08 14:21:19,completed,1625.7
9853,313,2024-06-06 09:54:39,completed,7029.69
9854,438,2023-12-23 19:07:31,processing,10448.57
9855,336,2024-09-03 23:24:07,completed,105.53
9856,295,2023-04-03 05:10:56,completed,1051.97
9857,499,2023-01-10 18:32:49,completed,484.52
9858,261,2024-03-14 17:28:26,shipped,7465.98
9859,415,2024-03-15 16:57:42,completed,1995.36
9860,342,2023-01-01 14:52:45,completed,2599.64
9861,23,2023-04-25 19:37:56,completed,1285.84
9862,151,2023-12-12 00:58:40,completed,2105.12
9863,86,2024-12-10 17:29:17,processing,3101.42
9864,253,2023-08-04 15:42:52,cancelled,440.15
9865,258,2023-06-27 09:41:00,completed,411.6
9866,37,2023-04-17 21:35:36,completed,6474.45
9867,162,2024-01-26 13:07:22,completed,248.61
9868,210,2023-04-05 11:12:48,completed,1374.18
9869,252,2024-12-03 23:25:18,processing,525.55
9870,351,2023-08-21 12:19:37,completed,852.97
9871,209,2024-08-03 14:54:07,completed,250.27
9872,434,2024-12-15 04:30:28,completed,2672.25
9873,355,2023-12-13 10:08:09,cancelled,1102.45
9874,38,2024-08-27 18:31:27,completed,323.76
9875,95,2023-03-29 15:45:46,cancelled,2609.58
9876,266,2024-04-10 11:43:45,completed,398.87
9877,426,2023-04-11 14:05:34,completed,2178.66
9878,95,2024-04-13 07:41:42,completed,11533.31
9879,481,2024-11-19 10:42:27,completed,2519.34
9880,272,2024-10-03 19:30:55,completed,182.43
9881,343,2024-07-02 10:18:46,completed,2208.72
9882,3,2024-05-15 10:25:44,completed,284.92
9883,267,2024-08-01 09:17:08,cancelled,3651.66
9884,383,2024-08-25 11:29:57,completed,5435.6
9885,130,2024-06-07 07:25:41,shipped,2630.81
9886,7,2023-04-26 12:28:52,completed,592.34
9887,341,2024-04-30 18:18:54,completed,2343.66
9888,408,2023-02-08 09:01:33,completed,870.15
9889,145,2024-12-18 01:50:12,completed,3135.02
9890,132,2023-12-03 06:00:58,shipped,10696.84
9891,99,2023-08-08 15:08:45,completed,1261.32
9892,203,2023-07-29 09:18:50,processing,11044.19
9893,401,2023-07-27 22:47:24,completed,1011.36
9894,307,2024-02-19 17:44:13,completed,2058.94
9895,134,2024-08-04 11:51:36,completed,165.87
9896,293,2024-08-27 23:54:50,cancelled,227.93
9897,379,2024-11-19 03:44:57,completed,388.07
9898,157,2024-10-05 13:51:42,completed,192.65
9899,116,2024-07-31 23:57:44,completed,5708.73
9900,475,2024-05-15 03:40:44,completed,2199.58
9901,182,2024-11-23 03:18:15,completed,329.38
9902,237,2024-03-18 21:59:55,completed,4642.38
9903,207,2023-01-15 23:39:19,completed,352.39
9904,348,2024-04-02 19:18:49,completed,1114.78
9905,92,2023-10-12 21:04:27,processing,563.94
9906,495,2023-03-30 23:39:33,completed,5807.73
9907,144,2024-12-07 07:57:19,cancelled,680.77
9908,88,2023-09-04 21:49:25,completed,293.85
9909,62,2023-06-10 17:36:39,processing,351.69
9910,233,2023-11-06 11:20:41,completed,2143.37
9911,350,2024-08-12 04:32:58,completed,2504.19
9912,198,2023-08-11 01:36:34,completed,15525.53
9913,425,2023-05-20 15:22:30,completed,801.41
9914,357,2023-04-25 11:24:03,completed,113.29
9915,425,2024-06-14 21:41:39,completed,1180.82
9916,363,2023-10-18 11:21:20,completed,1161.41
9917,193,2023-07-21 05:09:59,completed,73.16
9918,39,2023-08-22 05:10:29,completed,11114.38
9919,283,2024-09-21 12:35:27,processing,316.26
9920,83,2024-01-28 14:18:11,processing,2606.44
9921,138,2023-10-09 14:26:13,completed,13414.62
9922,36,2024-01-08 14:14:09,completed,10523.08
9923,17,2023-06-14 08:27:23,processing,3417.99
9924,163,2023-12-14 02:42:03,completed,347.03
9925,33,2024-07-03 23:54:55,completed,8613.01
9926,91,2023-08-31 16:42:17,completed,1851.23
9927,312,2024-01-05 04:38:00,completed,7607.68
9928,301,2023-01-17 20:10:05,completed,2691.02
9929,310,2023-08-02 06:19:02,completed,2047.39
9930,231,2024-09-22 05:04:07,completed,866.26
9931,415,2023-10-05 17:19:09,completed,10517.24
9932,169,2023-08-11 01:04:01,cancelled,283.36
9933,44,2024-11-25 18:07:08,completed,1086.54
9934,125,2023-04-18 19:07:24,completed,2630.55
9935,418,2023-09-29 14:31:52,processing,1003.11
9936,309,2023-11-19 09:22:05,completed,1081.84
9937,433,2024-04-10 12:30:35,completed,2154.83
9938,223,2023-12-28 23:05:00,shipped,264.66
9939,102,2023-10-21 18:57:42,cancelled,2087.9
9940,213,2024-09-20 17:48:31,completed,10800.78
9941,129,2024-10-01 19:33:24,completed,465.68
9942,142,2024-11-21 15:17:04,completed,3882.84
9943,135,2024-08-13 09:09:33,completed,18392.51
9944,140,2023-09-05 19:43:46,completed,673.6
9945,488,2023-01-16 23:38:02,completed,5429.43
9946,203,2023-05-26 10:01:55,processing,1849.64
9947,369,2024-05-29 10:21:21,shipped,2361.09
9948,51,2023-06-08 18:14:49,completed,14635.92
9949,422,2023-03-29 12:40:42,completed,347.03
9950,79,2023-01-28 15:04:24,completed,9548.6
9951,245,2023-09-24 23:15:20,shipped,1096.02
9952,162,2024-02-24 12:46:07,processing,712.99
9953,179,2024-05-09 21:48:18,shipped,316.51
9954,65,2024-06-10 14:18:45,cancelled,279.43
9955,31,2023-02-19 00:44:39,completed,3002.16
9956,158,2024-11-12 00:26:37,completed,44.98
9957,84,2023-05-03 23:37:57,completed,1513.63
9958,130,2024-07-09 01:54:01,cancelled,658.67
9959,169,2023-06-01 10:53:02,completed,602.95
9960,74,2024-12-10 21:20:43,processing,1090.89
9961,14,2023-04-18 00:43:28,completed,207.67
9962,79,2023-05-16 12:04:07,completed,1218.78
9963,119,2023-12-26 18:24:49,completed,8718.03
9964,360,2024-09-09 21:45:37,completed,2149.68
9965,157,2023-08-27 23:11:57,completed,2376.12
9966,195,2024-10-02 22:41:35,completed,886.97
9967,391,2023-09-15 01:27:48,completed,684.08
9968,197,2024-11-15 13:36:56,completed,602.45
9969,258,2023-07-04 19:58:03,shipped,4200.22
9970,148,2024-01-07 07:08:30,completed,583.67
9971,457,2023-06-22 15:25:31,completed,6395.79
9972,162,2024-09-03 22:24:45,completed,630.38
9973,122,2023-12-31 17:59:20,completed,3547.4
9974,352,2024-09-29 09:30:22,completed,5988.87
9975,275,2024-12-11 22:04:01,completed,525.55
9976,62,2023-12-18 14:07:49,completed,394.36
9977,352,2023-10-22 05:02:03,cancelled,1988.49
9978,434,2023-03-12 21:02:07,completed,6060.42
9979,479,2023-05-08 20:16:52,completed,241.26
9980,411,2023-05-23 22:12:04,shipped,8323.75
9981,183,2024-06-14 19:38:24,completed,655.85
9982,177,2023-09-16 15:32:00,completed,4366.53
9983,166,2024-05-09 17:55:37,completed,876.05
9984,368,2024-06-16 20:50:21,completed,7114.97
9985,142,2023-02-13 10:48:18,completed,10523.08
9986,198,2024-10-16 02:01:56,completed,390.77
9987,156,2023-10-06 02:51:07,processing,556.4
9988,340,2023-08-18 10:55:59,completed,713.2
9989,148,2023-04-24 12:32:04,completed,764.68
9990,67,2024-04-01 22:50:02,completed,209.71
9991,145,2023-08-07 13:56:08,processing,2644.51
9992,290,2024-06-30 05:38:31,completed,1938.24
9993,486,2024-01-13 07:41:42,shipped,5891.61
9994,244,2023-04-05 05:03:48,completed,3215.18
9995,254,2023-10-26 01:29:01,completed,10879.23
9996,242,2023-04-18 06:42:01,completed,1102.69
9997,200,2023-01-22 11:44:33,completed,696.97
9998,308,2023-10-17 10:46:07,completed,2231.89
9999,170,2023-09-29 15:01:19,completed,14761.26
10000,2,2024-06-21 23:10:09,completed,10980.72
