order_item_id,user_id,order_id,product_id,quantity,item_price
1,333,1,32,1,182.43
2,333,1,34,2,269.1
3,333,1,37,1,113.29
4,333,1,39,1,51.31
5,333,1,31,1,118.65
6,172,2,8,1,338.12
7,172,2,42,1,162.27
8,172,2,46,1,121.09
9,172,2,48,1,377.48
10,172,2,50,1,103.84
11,119,3,17,1,281.04
12,119,3,135,1,248.61
13,233,4,20,1,600.91
14,233,4,189,1,46.18
15,56,5,9,1,864.52
16,56,5,2,1,6856.93
17,56,5,3,1,182.88
18,56,5,6,1,2618.75
19,26,6,138,2,2075.88
20,26,6,141,1,449.82
21,112,7,32,1,182.43
22,112,7,18,1,685.51
23,112,7,37,1,113.29
24,112,7,31,2,118.65
25,412,8,80,1,996.58
26,412,8,44,1,1768.56
27,408,9,162,2,2324.66
28,408,9,62,2,122.09
29,120,10,115,1,131.51
30,444,11,51,1,66.67
31,444,11,53,1,95.99
32,444,11,54,1,131.19
33,444,11,56,1,327.69
34,444,11,63,2,557.39
35,215,12,32,1,182.43
36,215,12,37,1,113.29
37,215,12,31,1,118.65
38,96,13,48,1,377.48
39,96,13,41,1,708.68
40,96,13,162,1,2324.66
41,96,13,47,1,691.19
42,325,14,99,1,185.24
43,325,14,12,1,378.07
44,308,15,148,1,658.67
45,101,16,33,1,404.5
46,101,16,47,1,691.19
47,197,17,128,1,664.23
48,197,17,19,1,195.42
49,457,18,65,1,586.82
50,457,18,1,1,5429.43
51,457,18,3,1,182.88
52,457,18,4,1,1045.02
53,434,19,132,1,284.92
54,384,20,48,1,377.48
55,384,20,57,1,215.42
56,384,20,42,1,162.27
57,384,20,47,1,691.19
58,319,21,34,1,269.1
59,319,21,35,1,790.82
60,319,21,38,1,325.54
61,319,21,170,1,810.36
62,319,21,79,1,421.1
63,231,22,8,1,338.12
64,479,23,51,1,66.67
65,479,23,53,2,95.99
66,479,23,54,1,131.19
67,426,24,99,1,185.24
68,322,25,79,1,421.1
69,40,26,56,1,327.69
70,40,26,51,1,66.67
71,40,26,53,1,95.99
72,40,26,54,2,131.19
73,110,27,51,1,66.67
74,110,27,54,1,131.19
75,337,28,32,1,182.43
76,337,28,39,1,51.31
77,337,28,37,1,113.29
78,337,28,31,1,118.65
79,246,29,48,2,377.48
80,246,29,41,1,708.68
81,246,29,88,1,398.34
82,246,29,47,1,691.19
83,113,30,25,2,958.76
84,113,30,26,1,547.5
85,113,30,28,1,207.71
86,113,30,29,1,137.26
87,286,31,165,1,867.11
88,272,32,168,1,126.51
89,37,33,84,2,98.36
90,37,33,25,1,958.76
91,37,33,26,1,547.5
92,37,33,28,1,207.71
93,37,33,29,1,137.26
94,37,33,31,1,118.65
95,222,34,104,1,146.34
96,232,35,33,1,404.5
97,232,35,34,1,269.1
98,232,35,35,1,790.82
99,232,35,8,1,338.12
100,232,35,107,1,5057.62
101,338,36,33,1,404.5
102,338,36,34,1,269.1
103,338,36,35,1,790.82
104,225,37,41,1,708.68
105,225,37,42,1,162.27
106,225,37,157,1,278.2
107,225,37,47,1,691.19
108,340,38,48,2,377.48
109,340,38,41,1,708.68
110,340,38,26,1,547.5
111,340,38,47,1,691.19
112,441,39,8,1,338.12
113,441,39,113,1,61.24
114,445,40,161,1,280.14
115,221,41,2,1,6856.93
116,221,41,3,2,182.88
117,221,41,6,1,2618.75
118,221,41,9,1,864.52
119,221,41,147,1,4075.22
120,391,42,167,1,104.4
121,391,42,12,1,378.07
122,391,42,25,1,958.76
123,391,42,26,1,547.5
124,391,42,28,1,207.71
125,391,42,29,1,137.26
126,308,43,25,1,958.76
127,308,43,26,1,547.5
128,308,43,29,1,137.26
129,449,44,32,1,182.43
130,449,44,39,1,51.31
131,449,44,37,1,113.29
132,449,44,31,1,118.65
133,127,45,53,1,95.99
134,16,46,193,1,256.05
135,167,47,161,1,280.14
136,167,47,85,1,1742.75
137,178,48,32,1,182.43
138,178,48,39,1,51.31
139,178,48,37,2,113.29
140,178,48,31,1,118.65
141,86,49,167,1,104.4
142,86,49,41,1,708.68
143,86,49,42,1,162.27
144,86,49,47,2,691.19
145,86,49,48,1,377.48
146,86,49,157,1,278.2
147,462,50,2,2,6856.93
148,462,50,6,1,2618.75
149,462,50,9,1,864.52
150,462,50,76,1,110.25
151,462,50,173,1,426.85
152,329,51,96,1,2249.21
153,393,52,2,1,6856.93
154,393,52,3,1,182.88
155,393,52,6,1,2618.75
156,393,52,9,1,864.52
157,393,52,76,1,110.25
158,122,53,1,1,5429.43
159,122,53,10,1,96.42
160,122,53,3,1,182.88
161,122,53,4,1,1045.02
162,110,54,74,1,132.13
163,110,54,111,1,453.66
164,15,55,33,1,404.5
165,15,55,34,1,269.1
166,15,55,35,1,790.82
167,15,55,169,1,452.68
168,15,55,63,1,557.39
169,355,56,2,1,6856.93
170,355,56,3,1,182.88
171,28,57,37,1,113.29
172,28,57,42,1,162.27
173,28,57,47,1,691.19
174,28,57,48,1,377.48
175,28,57,26,1,547.5
176,306,58,70,1,1076.29
177,306,58,2,1,6856.93
178,306,58,3,1,182.88
179,306,58,6,1,2618.75
180,443,59,32,1,182.43
181,443,59,37,2,113.29
182,443,59,39,1,51.31
183,443,59,155,1,298.62
184,443,59,31,2,118.65
185,271,60,63,1,557.39
186,111,61,41,1,708.68
187,111,61,42,1,162.27
188,111,61,76,1,110.25
189,111,61,47,1,691.19
190,111,61,48,1,377.48
191,111,61,63,1,557.39
192,208,62,98,1,449.02
193,208,62,101,1,241.26
194,208,62,42,1,162.27
195,208,62,46,1,121.09
196,208,62,48,1,377.48
197,136,63,12,1,378.07
198,136,63,125,1,208.91
199,147,64,152,1,92.66
200,147,64,139,1,351.69
201,427,65,87,1,281.44
202,452,66,200,1,284.58
203,452,66,25,1,958.76
204,452,66,28,1,207.71
205,452,66,29,1,137.26
206,181,67,9,1,864.52
207,181,67,2,2,6856.93
208,181,67,161,1,280.14
209,181,67,60,2,325.99
210,263,68,9,1,864.52
211,263,68,2,1,6856.93
212,263,68,3,1,182.88
213,263,68,6,1,2618.75
214,207,69,139,1,351.69
215,301,70,41,1,708.68
216,301,70,95,1,217.5
217,481,71,144,1,91.59
218,481,71,11,1,73.96
219,341,72,25,1,958.76
220,341,72,28,1,207.71
221,450,73,56,2,327.69
222,450,73,161,1,280.14
223,450,73,51,1,66.67
224,450,73,53,1,95.99
225,181,74,52,1,108.37
226,373,75,56,1,327.69
227,373,75,187,1,521.01
228,322,76,16,1,680.77
229,322,76,51,1,66.67
230,322,76,53,1,95.99
231,322,76,54,1,131.19
232,322,76,56,2,327.69
233,355,77,40,1,36.51
234,355,77,10,1,96.42
235,355,77,51,1,66.67
236,355,77,53,1,95.99
237,355,77,56,1,327.69
238,77,78,161,1,280.14
239,77,78,170,1,810.36
240,77,78,51,1,66.67
241,77,78,53,2,95.99
242,77,78,56,1,327.69
243,21,79,50,1,103.84
244,36,80,149,1,652.63
245,36,80,181,1,353.61
246,235,81,2,1,6856.93
247,235,81,3,1,182.88
248,235,81,6,1,2618.75
249,278,82,48,1,377.48
250,278,82,42,1,162.27
251,278,82,45,1,207.67
252,278,82,46,1,121.09
253,385,83,34,2,269.1
254,385,83,115,1,131.51
255,385,83,25,1,958.76
256,385,83,28,1,207.71
257,385,83,29,1,137.26
258,372,84,42,1,162.27
259,372,84,155,1,298.62
260,372,84,46,1,121.09
261,486,85,123,1,140.92
262,117,86,128,1,664.23
263,117,86,80,1,996.58
264,68,87,34,1,269.1
265,316,88,197,1,1440.46
266,20,89,148,1,658.67
267,202,90,133,1,165.39
268,202,90,182,1,190.33
269,494,91,1,1,5429.43
270,494,91,10,1,96.42
271,494,91,153,1,564.14
272,494,91,4,2,1045.02
273,463,92,1,1,5429.43
274,463,92,10,1,96.42
275,463,92,3,1,182.88
276,463,92,4,1,1045.02
277,153,93,33,1,404.5
278,153,93,34,1,269.1
279,153,93,35,1,790.82
280,153,93,133,1,165.39
281,153,93,38,1,325.54
282,153,93,62,1,122.09
283,322,94,42,1,162.27
284,322,94,46,1,121.09
285,322,94,50,1,103.84
286,322,94,19,1,195.42
287,322,94,155,1,298.62
288,151,95,9,1,864.52
289,151,95,2,1,6856.93
290,151,95,115,1,131.51
291,338,96,11,1,73.96
292,338,96,190,1,615.39
293,365,97,104,1,146.34
294,365,97,47,1,691.19
295,354,98,33,1,404.5
296,354,98,34,1,269.1
297,354,98,35,1,790.82
298,354,98,166,1,184.75
299,354,98,38,2,325.54
300,354,98,28,1,207.71
301,18,99,185,1,329.38
302,446,100,32,1,182.43
303,446,100,85,1,1742.75
304,446,100,37,1,113.29
305,446,100,39,1,51.31
306,494,101,33,1,404.5
307,494,101,34,1,269.1
308,494,101,35,1,790.82
309,494,101,166,2,184.75
310,494,101,38,1,325.54
311,14,102,51,1,66.67
312,14,102,53,1,95.99
313,14,102,38,1,325.54
314,55,103,1,1,5429.43
315,356,104,1,1,5429.43
316,356,104,10,2,96.42
317,356,104,4,1,1045.02
318,356,104,138,1,2075.88
319,450,105,33,1,404.5
320,450,105,34,1,269.1
321,450,105,35,1,790.82
322,450,105,38,1,325.54
323,489,106,32,1,182.43
324,489,106,37,1,113.29
325,489,106,39,1,51.31
326,489,106,184,1,617.48
327,489,106,31,1,118.65
328,200,107,48,2,377.48
329,200,107,41,1,708.68
330,200,107,47,1,691.19
331,441,108,56,2,327.69
332,441,108,51,2,66.67
333,441,108,53,1,95.99
334,441,108,54,1,131.19
335,205,109,200,1,284.58
336,205,109,46,1,121.09
337,205,109,31,1,118.65
338,49,110,197,1,1440.46
339,433,111,73,1,249.37
340,433,111,148,1,658.67
341,433,111,25,1,958.76
342,433,111,28,1,207.71
343,433,111,29,1,137.26
344,165,112,9,1,864.52
345,165,112,2,1,6856.93
346,286,113,1,1,5429.43
347,286,113,194,1,582.97
348,286,113,3,1,182.88
349,286,113,4,1,1045.02
350,286,113,10,2,96.42
351,286,113,159,1,132.33
352,208,114,2,1,6856.93
353,208,114,3,1,182.88
354,208,114,6,1,2618.75
355,208,114,9,1,864.52
356,208,114,76,1,110.25
357,79,115,66,1,234.31
358,79,115,188,1,2599.64
359,396,116,1,1,5429.43
360,396,116,194,1,582.97
361,396,116,3,1,182.88
362,396,116,4,1,1045.02
363,158,117,32,1,182.43
364,158,117,37,1,113.29
365,158,117,39,1,51.31
366,158,117,15,1,478.33
367,158,117,31,1,118.65
368,350,118,129,1,94.56
369,12,119,42,1,162.27
370,12,119,46,1,121.09
371,134,120,131,1,457.64
372,134,120,17,1,281.04
373,134,120,25,1,958.76
374,134,120,26,1,547.5
375,134,120,28,1,207.71
376,134,120,29,1,137.26
377,436,121,42,1,162.27
378,436,121,46,1,121.09
379,436,121,48,1,377.48
380,436,121,113,1,61.24
381,436,121,50,1,103.84
382,436,121,60,1,325.99
383,193,122,2,1,6856.93
384,193,122,3,1,182.88
385,70,123,100,1,418.81
386,78,124,48,2,377.48
387,78,124,41,1,708.68
388,78,124,42,1,162.27
389,78,124,47,1,691.19
390,111,125,180,1,279.71
391,111,125,70,1,1076.29
392,278,126,160,1,298.73
393,82,127,84,1,98.36
394,106,128,33,1,404.5
395,106,128,34,1,269.1
396,106,128,38,1,325.54
397,180,129,2,1,6856.93
398,28,130,164,1,297.97
399,28,130,37,1,113.29
400,28,130,41,1,708.68
401,28,130,42,1,162.27
402,28,130,47,1,691.19
403,300,131,32,2,182.43
404,300,131,37,1,113.29
405,300,131,77,1,193.57
406,300,131,85,1,1742.75
407,300,131,31,1,118.65
408,387,132,50,1,103.84
409,387,132,4,1,1045.02
410,361,133,25,1,958.76
411,361,133,26,1,547.5
412,361,133,28,1,207.71
413,361,133,29,1,137.26
414,173,134,32,1,182.43
415,173,134,37,1,113.29
416,173,134,39,1,51.31
417,173,134,135,1,248.61
418,173,134,183,1,171.04
419,173,134,31,1,118.65
420,348,135,140,1,61.32
421,405,136,56,1,327.69
422,405,136,35,2,790.82
423,474,137,112,1,2651.9
424,474,137,2,1,6856.93
425,47,138,33,2,404.5
426,47,138,34,1,269.1
427,47,138,46,1,121.09
428,86,139,30,1,583.67
429,239,140,87,1,281.44
430,344,141,1,1,5429.43
431,344,141,10,1,96.42
432,344,141,4,1,1045.02
433,481,142,136,2,1233.09
434,310,143,1,1,5429.43
435,310,143,3,2,182.88
436,310,143,4,1,1045.02
437,468,144,32,1,182.43
438,468,144,39,1,51.31
439,468,144,31,1,118.65
440,456,145,41,1,708.68
441,456,145,177,1,3544.65
442,456,145,25,1,958.76
443,456,145,26,1,547.5
444,456,145,28,1,207.71
445,456,145,29,1,137.26
446,267,146,33,1,404.5
447,267,146,34,2,269.1
448,267,146,35,1,790.82
449,267,146,38,1,325.54
450,19,147,82,1,482.06
451,66,148,37,1,113.29
452,66,148,41,1,708.68
453,66,148,47,2,691.19
454,66,148,48,1,377.48
455,66,148,93,2,304.48
456,253,149,197,1,1440.46
457,253,149,25,1,958.76
458,253,149,26,1,547.5
459,253,149,28,1,207.71
460,253,149,29,1,137.26
461,211,150,189,1,46.18
462,211,150,182,1,190.33
463,226,151,32,1,182.43
464,226,151,39,1,51.31
465,226,151,37,1,113.29
466,226,151,31,1,118.65
467,412,152,32,1,182.43
468,412,152,4,1,1045.02
469,412,152,37,1,113.29
470,412,152,39,1,51.31
471,412,152,31,1,118.65
472,371,153,1,1,5429.43
473,371,153,3,1,182.88
474,371,153,4,1,1045.02
475,371,153,10,1,96.42
476,371,153,78,1,637.27
477,371,153,143,1,602.95
478,131,154,198,1,440.15
479,389,155,32,1,182.43
480,389,155,64,1,578.73
481,389,155,37,1,113.29
482,389,155,39,1,51.31
483,389,155,31,1,118.65
484,309,156,1,1,5429.43
485,309,156,3,1,182.88
486,309,156,135,1,248.61
487,309,156,10,1,96.42
488,309,156,89,2,73.16
489,282,157,36,1,703.99
490,304,158,182,1,190.33
491,499,159,1,1,5429.43
492,499,159,10,1,96.42
493,499,159,3,1,182.88
494,499,159,174,1,886.97
495,45,160,25,1,958.76
496,45,160,26,1,547.5
497,45,160,29,1,137.26
498,356,161,32,1,182.43
499,356,161,37,1,113.29
500,499,162,48,1,377.48
501,499,162,42,1,162.27
502,499,162,50,1,103.84
503,499,162,46,1,121.09
504,296,163,161,1,280.14
505,296,163,151,1,71.91
506,286,164,33,1,404.5
507,168,165,25,1,958.76
508,168,165,28,1,207.71
509,168,165,29,1,137.26
510,49,166,160,1,298.73
511,49,166,174,1,886.97
512,283,167,32,1,182.43
513,283,167,37,1,113.29
514,283,167,39,2,51.31
515,283,167,89,1,73.16
516,283,167,31,1,118.65
517,207,168,10,1,96.42
518,243,169,2,1,6856.93
519,243,169,3,1,182.88
520,243,169,6,1,2618.75
521,335,170,25,1,958.76
522,335,170,26,1,547.5
523,335,170,129,1,94.56
524,335,170,29,1,137.26
525,176,171,25,1,958.76
526,176,171,26,1,547.5
527,176,171,28,1,207.71
528,176,171,29,1,137.26
529,148,172,17,2,281.04
530,148,172,2,1,6856.93
531,148,172,3,1,182.88
532,148,172,165,1,867.11
533,114,173,33,1,404.5
534,114,173,34,1,269.1
535,114,173,35,1,790.82
536,114,173,38,1,325.54
537,378,174,148,1,658.67
538,378,174,5,1,1043.64
539,269,175,68,1,1081.84
540,30,176,33,1,404.5
541,30,176,34,1,269.1
542,30,176,35,1,790.82
543,30,176,38,2,325.54
544,195,177,191,1,2178.66
545,176,178,186,1,109.52
546,176,178,6,1,2618.75
547,159,179,178,1,3002.16
548,159,179,124,1,4869.43
549,452,180,25,1,958.76
550,452,180,26,1,547.5
551,452,180,59,1,88.07
552,452,180,28,1,207.71
553,452,180,29,1,137.26
554,52,181,35,2,790.82
555,52,181,51,1,66.67
556,52,181,20,1,600.91
557,52,181,54,1,131.19
558,52,181,56,1,327.69
559,216,182,106,1,449.77
560,216,182,51,1,66.67
561,216,182,53,1,95.99
562,216,182,54,1,131.19
563,216,182,26,2,547.5
564,88,183,96,1,2249.21
565,88,183,51,2,66.67
566,88,183,118,2,175.91
567,88,183,54,1,131.19
568,88,183,56,1,327.69
569,218,184,42,1,162.27
570,218,184,46,1,121.09
571,218,184,48,1,377.48
572,218,184,50,1,103.84
573,218,184,119,1,1350.85
574,102,185,160,1,298.73
575,176,186,33,1,404.5
576,176,186,34,1,269.1
577,176,186,35,1,790.82
578,176,186,191,1,2178.66
579,42,187,9,1,864.52
580,42,187,2,1,6856.93
581,42,187,6,1,2618.75
582,47,188,112,1,2651.9
583,47,188,85,1,1742.75
584,375,189,33,1,404.5
585,375,189,34,1,269.1
586,375,189,102,1,1982.66
587,193,190,160,1,298.73
588,193,190,22,1,2057.09
589,193,190,25,1,958.76
590,193,190,26,1,547.5
591,193,190,28,1,207.71
592,193,190,29,2,137.26
593,401,191,25,2,958.76
594,401,191,26,1,547.5
595,401,191,29,1,137.26
596,234,192,2,1,6856.93
597,234,192,3,1,182.88
598,234,192,6,1,2618.75
599,234,192,9,1,864.52
600,234,192,76,1,110.25
601,234,192,23,1,3803.84
602,164,193,48,1,377.48
603,164,193,41,1,708.68
604,164,193,42,1,162.27
605,164,193,47,1,691.19
606,255,194,41,1,708.68
607,255,194,42,1,162.27
608,255,194,47,1,691.19
609,331,195,2,1,6856.93
610,331,195,3,1,182.88
611,331,195,6,1,2618.75
612,331,195,143,1,602.95
613,155,196,32,2,182.43
614,155,196,37,1,113.29
615,155,196,144,1,91.59
616,155,196,26,1,547.5
617,155,196,31,1,118.65
618,46,197,41,1,708.68
619,46,197,42,1,162.27
620,46,197,47,1,691.19
621,46,197,48,2,377.48
622,46,197,53,1,95.99
623,50,198,178,1,3002.16
624,50,198,46,1,121.09
625,50,198,159,1,132.33
626,22,199,17,1,281.04
627,22,199,85,1,1742.75
628,43,200,184,1,617.48
629,43,200,163,1,417.18
630,77,201,56,1,327.69
631,77,201,51,1,66.67
632,77,201,54,1,131.19
633,17,202,39,1,51.31
634,17,202,42,1,162.27
635,17,202,46,1,121.09
636,17,202,48,2,377.48
637,17,202,28,2,207.71
638,129,203,84,1,98.36
639,129,203,199,1,107.47
640,353,204,32,1,182.43
641,353,204,178,1,3002.16
642,353,204,39,1,51.31
643,147,205,48,1,377.48
644,147,205,50,1,103.84
645,147,205,46,1,121.09
646,93,206,164,1,297.97
647,93,206,51,2,66.67
648,93,206,53,1,95.99
649,93,206,54,2,131.19
650,93,206,56,1,327.69
651,81,207,32,1,182.43
652,81,207,37,1,113.29
653,81,207,198,1,440.15
654,81,207,103,2,398.87
655,81,207,39,1,51.31
656,411,208,48,1,377.48
657,411,208,50,1,103.84
658,411,208,46,1,121.09
659,290,209,32,2,182.43
660,290,209,39,1,51.31
661,290,209,37,1,113.29
662,290,209,31,1,118.65
663,202,210,2,1,6856.93
664,202,210,3,1,182.88
665,202,210,6,1,2618.75
666,419,211,48,1,377.48
667,419,211,42,1,162.27
668,419,211,67,1,3651.66
669,419,211,46,1,121.09
670,120,212,25,1,958.76
671,120,212,28,1,207.71
672,120,212,29,1,137.26
673,101,213,2,1,6856.93
674,101,213,3,1,182.88
675,101,213,6,1,2618.75
676,363,214,68,1,1081.84
677,58,215,116,1,136.01
678,109,216,34,1,269.1
679,109,216,35,1,790.82
680,109,216,38,1,325.54
681,462,217,26,1,547.5
682,438,218,32,1,182.43
683,438,218,37,1,113.29
684,438,218,39,1,51.31
685,438,218,182,1,190.33
686,438,218,31,1,118.65
687,445,219,169,1,452.68
688,445,219,25,1,958.76
689,445,219,26,1,547.5
690,445,219,28,1,207.71
691,445,219,29,1,137.26
692,445,219,191,1,2178.66
693,393,220,48,1,377.48
694,393,220,47,1,691.19
695,270,221,2,1,6856.93
696,270,221,3,1,182.88
697,272,222,24,1,362.63
698,272,222,110,1,228.23
699,174,223,48,1,377.48
700,174,223,41,1,708.68
701,174,223,47,1,691.19
702,382,224,25,1,958.76
703,382,224,140,1,61.32
704,382,224,29,1,137.26
705,382,224,84,2,98.36
706,131,225,28,1,207.71
707,364,226,45,1,207.67
708,342,227,102,1,1982.66
709,342,227,53,1,95.99
710,342,227,25,1,958.76
711,342,227,26,1,547.5
712,342,227,28,1,207.71
713,342,227,29,1,137.26
714,267,228,48,1,377.48
715,267,228,2,1,6856.93
716,267,228,3,1,182.88
717,267,228,195,1,411.6
718,331,229,172,1,72.49
719,327,230,134,2,3215.18
720,327,230,151,1,71.91
721,417,231,1,1,5429.43
722,417,231,10,1,96.42
723,417,231,3,1,182.88
724,417,231,182,1,190.33
725,262,232,33,1,404.5
726,262,232,37,1,113.29
727,262,232,41,1,708.68
728,262,232,42,1,162.27
729,262,232,47,1,691.19
730,154,233,32,1,182.43
731,154,233,39,1,51.31
732,154,233,37,1,113.29
733,154,233,31,1,118.65
734,45,234,1,1,5429.43
735,45,234,3,1,182.88
736,45,234,179,1,148.28
737,293,235,24,1,362.63
738,293,235,2,1,6856.93
739,293,235,3,2,182.88
740,293,235,180,1,279.71
741,377,236,80,1,996.58
742,377,236,180,1,279.71
743,455,237,1,1,5429.43
744,455,237,10,1,96.42
745,455,237,3,1,182.88
746,359,238,1,1,5429.43
747,359,238,3,1,182.88
748,359,238,4,2,1045.02
749,409,239,156,1,131.66
750,409,239,141,1,449.82
751,166,240,48,1,377.48
752,166,240,41,1,708.68
753,166,240,156,1,131.66
754,166,240,47,1,691.19
755,268,241,170,1,810.36
756,417,242,48,1,377.48
757,417,242,41,1,708.68
758,417,242,42,1,162.27
759,417,242,47,1,691.19
760,94,243,58,1,143.75
761,257,244,2,2,6856.93
762,257,244,3,1,182.88
763,257,244,6,1,2618.75
764,257,244,7,1,2063.12
765,257,244,9,1,864.52
766,257,244,88,1,398.34
767,480,245,32,1,182.43
768,480,245,39,1,51.31
769,480,245,37,1,113.29
770,480,245,31,1,118.65
771,63,246,9,1,864.52
772,63,246,2,1,6856.93
773,63,246,3,1,182.88
774,63,246,6,1,2618.75
775,292,247,32,1,182.43
776,292,247,37,1,113.29
777,292,247,39,1,51.31
778,292,247,110,1,228.23
779,292,247,120,1,37.31
780,292,247,31,1,118.65
781,468,248,32,1,182.43
782,468,248,37,1,113.29
783,468,248,39,1,51.31
784,468,248,136,1,1233.09
785,468,248,53,1,95.99
786,229,249,42,1,162.27
787,229,249,50,1,103.84
788,229,249,46,1,121.09
789,313,250,13,1,342.07
790,294,251,25,1,958.76
791,294,251,26,2,547.5
792,294,251,28,1,207.71
793,294,251,29,1,137.26
794,214,252,1,1,5429.43
795,214,252,10,1,96.42
796,214,252,3,2,182.88
797,214,252,195,1,411.6
798,314,253,152,1,92.66
799,201,254,9,2,864.52
800,201,254,2,1,6856.93
801,201,254,6,1,2618.75
802,201,254,130,1,3341.54
803,226,255,138,2,2075.88
804,226,255,47,1,691.19
805,264,256,1,1,5429.43
806,264,256,3,1,182.88
807,264,256,4,1,1045.02
808,264,256,37,1,113.29
809,264,256,10,1,96.42
810,106,257,57,1,215.42
811,106,257,127,1,209.71
812,272,258,1,1,5429.43
813,272,258,10,1,96.42
814,272,258,3,1,182.88
815,456,259,188,2,2599.64
816,456,259,4,1,1045.02
817,24,260,57,2,215.42
818,473,261,1,1,5429.43
819,473,261,4,1,1045.02
820,351,262,22,2,2057.09
821,481,263,200,1,284.58
822,481,263,151,1,71.91
823,473,264,32,1,182.43
824,473,264,37,1,113.29
825,473,264,31,1,118.65
826,168,265,32,1,182.43
827,168,265,37,1,113.29
828,168,265,31,1,118.65
829,321,266,33,1,404.5
830,321,266,34,1,269.1
831,321,266,35,2,790.82
832,321,266,59,1,88.07
833,26,267,161,1,280.14
834,26,267,139,1,351.69
835,465,268,33,1,404.5
836,327,269,70,1,1076.29
837,327,269,95,1,217.5
838,243,270,177,1,3544.65
839,243,270,174,1,886.97
840,107,271,154,1,3786.85
841,78,272,2,2,6856.93
842,78,272,133,1,165.39
843,78,272,6,1,2618.75
844,457,273,18,1,685.51
845,457,273,51,1,66.67
846,457,273,53,1,95.99
847,457,273,54,2,131.19
848,371,274,35,1,790.82
849,391,275,3,2,182.88
850,282,276,40,1,36.51
851,477,277,76,1,110.25
852,289,278,51,1,66.67
853,158,279,9,1,864.52
854,158,279,2,1,6856.93
855,158,279,169,1,452.68
856,410,280,48,1,377.48
857,410,280,42,1,162.27
858,410,280,50,1,103.84
859,410,280,46,1,121.09
860,302,281,14,1,687.06
861,413,282,182,1,190.33
862,389,283,56,1,327.69
863,389,283,51,1,66.67
864,389,283,54,1,131.19
865,274,284,32,1,182.43
866,274,284,33,1,404.5
867,274,284,39,1,51.31
868,274,284,149,1,652.63
869,274,284,31,1,118.65
870,452,285,56,1,327.69
871,452,285,51,1,66.67
872,452,285,150,1,244.37
873,39,286,32,1,182.43
874,39,286,39,1,51.31
875,39,286,37,1,113.29
876,39,286,31,1,118.65
877,244,287,189,1,46.18
878,28,288,38,1,325.54
879,365,289,34,1,269.1
880,365,289,38,1,325.54
881,56,290,190,1,615.39
882,56,290,15,1,478.33
883,309,291,42,1,162.27
884,309,291,47,1,691.19
885,268,292,33,1,404.5
886,268,292,34,2,269.1
887,268,292,35,1,790.82
888,268,292,38,1,325.54
889,268,292,23,1,3803.84
890,268,292,56,1,327.69
891,437,293,32,1,182.43
892,437,293,39,1,51.31
893,437,293,37,1,113.29
894,437,293,31,1,118.65
895,169,294,33,1,404.5
896,169,294,34,1,269.1
897,169,294,35,1,790.82
898,169,294,38,2,325.54
899,169,294,50,1,103.84
900,169,294,125,1,208.91
901,393,295,2,1,6856.93
902,393,295,3,1,182.88
903,393,295,167,1,104.4
904,393,295,9,1,864.52
905,393,295,49,1,247.85
906,248,296,125,2,208.91
907,248,296,54,1,131.19
908,161,297,123,1,140.92
909,332,298,33,1,404.5
910,332,298,34,2,269.1
911,332,298,35,1,790.82
912,116,299,171,1,100.57
913,458,300,41,1,708.68
914,458,300,101,1,241.26
915,458,300,47,1,691.19
916,426,301,168,1,126.51
917,466,302,32,1,182.43
918,466,302,37,1,113.29
919,466,302,31,2,118.65
920,258,303,25,1,958.76
921,258,303,26,1,547.5
922,258,303,28,1,207.71
923,258,303,197,1,1440.46
924,288,304,33,1,404.5
925,288,304,34,1,269.1
926,288,304,35,1,790.82
927,288,304,200,1,284.58
928,288,304,84,1,98.36
929,170,305,64,2,578.73
930,170,305,155,1,298.62
931,366,306,172,1,72.49
932,366,306,109,1,44.98
933,366,306,46,1,121.09
934,366,306,48,1,377.48
935,366,306,50,1,103.84
936,158,307,42,1,162.27
937,158,307,46,1,121.09
938,158,307,50,1,103.84
939,158,307,19,1,195.42
940,158,307,55,1,41.52
941,177,308,48,2,377.48
942,177,308,42,1,162.27
943,177,308,46,1,121.09
944,177,308,151,1,71.91
945,15,309,32,1,182.43
946,15,309,40,1,36.51
947,15,309,37,2,113.29
948,147,310,121,1,279.43
949,147,310,51,1,66.67
950,147,310,53,1,95.99
951,65,311,43,1,1574.27
952,415,312,41,1,708.68
953,415,312,42,1,162.27
954,415,312,141,1,449.82
955,415,312,47,1,691.19
956,415,312,48,1,377.48
957,62,313,9,2,864.52
958,62,313,2,1,6856.93
959,62,313,3,1,182.88
960,62,313,6,1,2618.75
961,96,314,29,1,137.26
962,169,315,2,1,6856.93
963,169,315,3,1,182.88
964,169,315,6,1,2618.75
965,265,316,48,1,377.48
966,265,316,42,1,162.27
967,265,316,80,1,996.58
968,265,316,46,1,121.09
969,360,317,1,1,5429.43
970,360,317,10,1,96.42
971,360,317,3,1,182.88
972,360,317,4,1,1045.02
973,433,318,1,1,5429.43
974,433,318,10,1,96.42
975,433,318,3,1,182.88
976,482,319,129,1,94.56
977,482,319,41,1,708.68
978,482,319,42,1,162.27
979,482,319,47,1,691.19
980,482,319,48,1,377.48
981,424,320,48,1,377.48
982,424,320,153,1,564.14
983,424,320,42,1,162.27
984,424,320,47,1,691.19
985,215,321,2,1,6856.93
986,215,321,6,1,2618.75
987,356,322,158,1,655.51
988,411,323,50,1,103.84
989,411,323,148,1,658.67
990,25,324,14,1,687.06
991,418,325,164,1,297.97
992,418,325,151,2,71.91
993,208,326,105,1,250.27
994,208,326,147,1,4075.22
995,279,327,48,1,377.48
996,279,327,50,1,103.84
997,279,327,46,1,121.09
998,319,328,46,1,121.09
999,319,328,51,2,66.67
1000,319,328,53,1,95.99
1001,319,328,54,1,131.19
1002,319,328,121,1,279.43
1003,294,329,177,1,3544.65
1004,294,329,68,1,1081.84
1005,379,330,185,1,329.38
1006,379,330,154,1,3786.85
1007,4,331,2,2,6856.93
1008,4,331,3,1,182.88
1009,4,331,6,2,2618.75
1010,4,331,9,1,864.52
1011,4,331,63,1,557.39
1012,111,332,84,1,98.36
1013,111,332,25,1,958.76
1014,111,332,26,1,547.5
1015,111,332,29,1,137.26
1016,111,332,191,1,2178.66
1017,497,333,56,1,327.69
1018,497,333,51,1,66.67
1019,497,333,53,2,95.99
1020,497,333,54,2,131.19
1021,495,334,25,1,958.76
1022,495,334,26,1,547.5
1023,495,334,29,1,137.26
1024,386,335,42,1,162.27
1025,386,335,46,1,121.09
1026,386,335,113,2,61.24
1027,386,335,50,1,103.84
1028,386,335,151,1,71.91
1029,242,336,129,1,94.56
1030,299,337,33,1,404.5
1031,299,337,34,1,269.1
1032,299,337,38,1,325.54
1033,299,337,7,1,2063.12
1034,299,337,30,1,583.67
1035,402,338,25,1,958.76
1036,402,338,26,1,547.5
1037,402,338,28,1,207.71
1038,402,338,29,1,137.26
1039,124,339,195,1,411.6
1040,201,340,166,1,184.75
1041,201,340,8,1,338.12
1042,201,340,42,1,162.27
1043,201,340,47,1,691.19
1044,201,340,48,2,377.48
1045,76,341,41,1,708.68
1046,76,341,42,1,162.27
1047,76,341,47,1,691.19
1048,76,341,48,1,377.48
1049,76,341,113,1,61.24
1050,76,341,25,1,958.76
1051,131,342,48,1,377.48
1052,131,342,46,1,121.09
1053,448,343,153,2,564.14
1054,488,344,179,1,148.28
1055,488,344,47,1,691.19
1056,297,345,43,1,1574.27
1057,363,346,58,1,143.75
1058,363,346,21,1,2953.99
1059,135,347,1,1,5429.43
1060,188,348,51,1,66.67
1061,188,348,53,1,95.99
1062,126,349,105,2,250.27
1063,126,349,110,1,228.23
1064,342,350,12,2,378.07
1065,392,351,57,1,215.42
1066,392,351,137,1,593.31
1067,103,352,81,1,1613.84
1068,390,353,1,1,5429.43
1069,390,353,10,1,96.42
1070,390,353,4,1,1045.02
1071,402,354,34,1,269.1
1072,261,355,176,1,1269.55
1073,261,355,58,1,143.75
1074,471,356,89,1,73.16
1075,471,356,9,1,864.52
1076,471,356,2,1,6856.93
1077,16,357,120,1,37.31
1078,73,358,96,1,2249.21
1079,73,358,92,2,182.48
1080,132,359,114,1,246.79
1081,132,359,45,1,207.67
1082,296,360,88,1,398.34
1083,25,361,1,1,5429.43
1084,25,361,10,1,96.42
1085,25,361,171,1,100.57
1086,25,361,42,1,162.27
1087,243,362,48,2,377.48
1088,243,362,42,1,162.27
1089,243,362,50,1,103.84
1090,243,362,46,1,121.09
1091,236,363,12,2,378.07
1092,484,364,83,1,584.83
1093,484,364,9,1,864.52
1094,484,364,2,2,6856.93
1095,484,364,3,2,182.88
1096,469,365,25,2,958.76
1097,469,365,26,1,547.5
1098,469,365,28,1,207.71
1099,456,366,37,1,113.29
1100,456,366,23,1,3803.84
1101,432,367,56,1,327.69
1102,432,367,51,1,66.67
1103,432,367,53,1,95.99
1104,432,367,54,1,131.19
1105,75,368,9,1,864.52
1106,75,368,25,1,958.76
1107,75,368,26,1,547.5
1108,75,368,28,1,207.71
1109,75,368,190,1,615.39
1110,82,369,32,1,182.43
1111,82,369,5,1,1043.64
1112,82,369,37,1,113.29
1113,82,369,158,1,655.51
1114,82,369,31,1,118.65
1115,488,370,196,1,211.44
1116,488,370,12,1,378.07
1117,220,371,56,1,327.69
1118,220,371,51,2,66.67
1119,438,372,125,1,208.91
1120,438,372,51,2,66.67
1121,438,372,156,1,131.66
1122,438,372,53,1,95.99
1123,394,373,40,1,36.51
1124,438,374,56,1,327.69
1125,438,374,51,1,66.67
1126,438,374,53,1,95.99
1127,438,374,54,1,131.19
1128,281,375,178,1,3002.16
1129,106,376,32,1,182.43
1130,106,376,37,1,113.29
1131,106,376,39,1,51.31
1132,96,377,33,2,404.5
1133,96,377,34,1,269.1
1134,96,377,35,1,790.82
1135,96,377,38,1,325.54
1136,125,378,181,1,353.61
1137,125,378,191,1,2178.66
1138,495,379,32,1,182.43
1139,495,379,37,1,113.29
1140,495,379,39,1,51.31
1141,218,380,48,1,377.48
1142,218,380,41,1,708.68
1143,218,380,42,1,162.27
1144,218,380,47,1,691.19
1145,326,381,32,1,182.43
1146,326,381,37,1,113.29
1147,326,381,39,1,51.31
1148,326,381,87,1,281.44
1149,326,381,31,1,118.65
1150,192,382,2,1,6856.93
1151,192,382,6,1,2618.75
1152,192,382,9,1,864.52
1153,192,382,19,1,195.42
1154,192,382,90,2,2115.26
1155,477,383,33,1,404.5
1156,477,383,34,1,269.1
1157,477,383,37,1,113.29
1158,477,383,38,1,325.54
1159,477,383,156,2,131.66
1160,365,384,25,1,958.76
1161,365,384,153,1,564.14
1162,365,384,92,1,182.48
1163,365,384,29,2,137.26
1164,252,385,32,1,182.43
1165,252,385,37,1,113.29
1166,252,385,135,1,248.61
1167,252,385,200,1,284.58
1168,252,385,39,1,51.31
1169,243,386,133,1,165.39
1170,23,387,197,1,1440.46
1171,287,388,41,1,708.68
1172,287,388,42,1,162.27
1173,287,388,47,1,691.19
1174,287,388,48,1,377.48
1175,287,388,18,1,685.51
1176,173,389,1,1,5429.43
1177,173,389,10,1,96.42
1178,173,389,3,1,182.88
1179,173,389,4,1,1045.02
1180,328,390,90,1,2115.26
1181,328,390,132,1,284.92
1182,495,391,32,1,182.43
1183,495,391,39,1,51.31
1184,495,391,31,1,118.65
1185,2,392,2,2,6856.93
1186,2,392,3,1,182.88
1187,2,392,6,1,2618.75
1188,2,392,9,1,864.52
1189,2,392,113,1,61.24
1190,289,393,2,1,6856.93
1191,289,393,3,1,182.88
1192,289,393,6,1,2618.75
1193,289,393,9,1,864.52
1194,289,393,22,1,2057.09
1195,289,393,58,1,143.75
1196,245,394,2,2,6856.93
1197,245,394,3,1,182.88
1198,245,394,6,1,2618.75
1199,55,395,195,1,411.6
1200,55,395,29,1,137.26
1201,121,396,154,1,3786.85
1202,413,397,85,1,1742.75
1203,400,398,106,1,449.77
1204,400,398,37,1,113.29
1205,228,399,1,1,5429.43
1206,228,399,4,1,1045.02
1207,228,399,140,1,61.32
1208,140,400,48,1,377.48
1209,140,400,50,1,103.84
1210,140,400,46,1,121.09
1211,141,401,25,1,958.76
1212,141,401,26,1,547.5
1213,141,401,29,1,137.26
1214,155,402,33,1,404.5
1215,155,402,34,1,269.1
1216,155,402,38,1,325.54
1217,423,403,42,2,162.27
1218,423,403,138,1,2075.88
1219,472,404,65,1,586.82
1220,218,405,122,1,696.77
1221,218,405,12,1,378.07
1222,218,405,25,2,958.76
1223,218,405,26,1,547.5
1224,218,405,28,1,207.71
1225,217,406,1,1,5429.43
1226,217,406,10,1,96.42
1227,217,406,3,1,182.88
1228,217,406,4,1,1045.02
1229,169,407,18,1,685.51
1230,169,407,34,1,269.1
1231,169,407,35,1,790.82
1232,169,407,197,1,1440.46
1233,57,408,20,1,600.91
1234,485,409,1,1,5429.43
1235,485,409,3,1,182.88
1236,485,409,4,1,1045.02
1237,485,409,10,1,96.42
1238,485,409,93,1,304.48
1239,138,410,112,1,2651.9
1240,138,410,1,1,5429.43
1241,138,410,4,1,1045.02
1242,371,411,32,1,182.43
1243,371,411,39,1,51.31
1244,371,411,37,1,113.29
1245,371,411,31,1,118.65
1246,445,412,48,1,377.48
1247,445,412,42,1,162.27
1248,445,412,50,1,103.84
1249,445,412,46,1,121.09
1250,52,413,32,1,182.43
1251,52,413,37,1,113.29
1252,52,413,39,1,51.31
1253,60,414,159,1,132.33
1254,315,415,2,1,6856.93
1255,205,416,25,1,958.76
1256,205,416,139,1,351.69
1257,205,416,28,1,207.71
1258,205,416,57,1,215.42
1259,227,417,48,1,377.48
1260,227,417,110,1,228.23
1261,150,418,35,1,790.82
1262,150,418,166,1,184.75
1263,27,419,74,1,132.13
1264,27,419,102,1,1982.66
1265,468,420,41,1,708.68
1266,468,420,42,2,162.27
1267,468,420,111,1,453.66
1268,468,420,47,1,691.19
1269,468,420,178,1,3002.16
1270,32,421,190,1,615.39
1271,32,421,95,1,217.5
1272,483,422,100,1,418.81
1273,254,423,152,1,92.66
1274,254,423,51,1,66.67
1275,254,423,53,1,95.99
1276,254,423,54,1,131.19
1277,129,424,171,1,100.57
1278,271,425,178,1,3002.16
1279,438,426,42,1,162.27
1280,438,426,5,1,1043.64
1281,438,426,47,1,691.19
1282,469,427,20,1,600.91
1283,156,428,48,2,377.48
1284,156,428,41,1,708.68
1285,156,428,47,1,691.19
1286,445,429,170,1,810.36
1287,445,429,51,1,66.67
1288,445,429,54,2,131.19
1289,445,429,119,1,1350.85
1290,445,429,56,1,327.69
1291,367,430,41,2,708.68
1292,367,430,50,1,103.84
1293,367,430,38,1,325.54
1294,367,430,47,2,691.19
1295,399,431,33,1,404.5
1296,399,431,34,1,269.1
1297,399,431,38,1,325.54
1298,316,432,32,1,182.43
1299,316,432,139,1,351.69
1300,316,432,37,1,113.29
1301,316,432,31,2,118.65
1302,4,433,48,1,377.48
1303,4,433,50,1,103.84
1304,4,433,46,2,121.09
1305,77,434,161,1,280.14
1306,77,434,41,1,708.68
1307,77,434,42,1,162.27
1308,77,434,47,1,691.19
1309,77,434,48,1,377.48
1310,77,434,145,1,165.87
1311,101,435,33,1,404.5
1312,101,435,34,1,269.1
1313,101,435,35,1,790.82
1314,101,435,38,1,325.54
1315,101,435,199,1,107.47
1316,101,435,105,1,250.27
1317,408,436,48,1,377.48
1318,408,436,153,1,564.14
1319,408,436,42,1,162.27
1320,408,436,47,1,691.19
1321,161,437,186,2,109.52
1322,161,437,35,1,790.82
1323,76,438,1,1,5429.43
1324,76,438,66,1,234.31
1325,76,438,3,1,182.88
1326,76,438,10,1,96.42
1327,76,438,47,1,691.19
1328,372,439,1,1,5429.43
1329,372,439,10,1,96.42
1330,372,439,3,1,182.88
1331,372,439,4,1,1045.02
1332,256,440,33,1,404.5
1333,256,440,34,1,269.1
1334,256,440,35,1,790.82
1335,259,441,32,1,182.43
1336,259,441,39,1,51.31
1337,259,441,31,1,118.65
1338,107,442,33,1,404.5
1339,107,442,34,1,269.1
1340,107,442,35,1,790.82
1341,413,443,133,1,165.39
1342,258,444,2,1,6856.93
1343,258,444,3,1,182.88
1344,258,444,6,1,2618.75
1345,258,444,9,1,864.52
1346,258,444,82,1,482.06
1347,55,445,25,1,958.76
1348,55,445,26,1,547.5
1349,55,445,28,1,207.71
1350,55,445,29,1,137.26
1351,83,446,101,1,241.26
1352,83,446,51,1,66.67
1353,83,446,53,1,95.99
1354,83,446,56,1,327.69
1355,83,446,186,1,109.52
1356,497,447,17,1,281.04
1357,497,447,34,1,269.1
1358,497,447,188,1,2599.64
1359,497,447,38,2,325.54
1360,156,448,1,1,5429.43
1361,156,448,130,1,3341.54
1362,156,448,3,1,182.88
1363,156,448,4,1,1045.02
1364,486,449,1,1,5429.43
1365,486,449,10,1,96.42
1366,486,449,3,1,182.88
1367,486,449,4,1,1045.02
1368,276,450,160,1,298.73
1369,276,450,145,1,165.87
1370,119,451,19,1,195.42
1371,119,451,51,1,66.67
1372,119,451,53,1,95.99
1373,119,451,54,1,131.19
1374,119,451,56,1,327.69
1375,218,452,32,1,182.43
1376,218,452,37,1,113.29
1377,218,452,31,1,118.65
1378,223,453,32,1,182.43
1379,274,454,51,2,66.67
1380,274,454,53,1,95.99
1381,274,454,54,1,131.19
1382,124,455,9,1,864.52
1383,124,455,2,1,6856.93
1384,124,455,3,1,182.88
1385,158,456,1,1,5429.43
1386,158,456,51,2,66.67
1387,264,457,33,1,404.5
1388,264,457,34,1,269.1
1389,264,457,38,2,325.54
1390,472,458,80,1,996.58
1391,288,459,5,1,1043.64
1392,288,459,25,1,958.76
1393,288,459,28,1,207.71
1394,288,459,29,1,137.26
1395,288,459,62,1,122.09
1396,152,460,17,2,281.04
1397,452,461,56,1,327.69
1398,452,461,51,1,66.67
1399,452,461,53,1,95.99
1400,452,461,133,1,165.39
1401,65,462,48,1,377.48
1402,65,462,42,1,162.27
1403,65,462,46,1,121.09
1404,78,463,48,1,377.48
1405,78,463,42,1,162.27
1406,78,463,50,1,103.84
1407,78,463,46,1,121.09
1408,52,464,157,1,278.2
1409,14,465,25,2,958.76
1410,14,465,26,1,547.5
1411,14,465,28,1,207.71
1412,14,465,29,1,137.26
1413,246,466,175,1,152.85
1414,222,467,33,1,404.5
1415,222,467,34,2,269.1
1416,222,467,85,2,1742.75
1417,222,467,118,1,175.91
1418,59,468,2,1,6856.93
1419,59,468,109,2,44.98
1420,59,468,25,1,958.76
1421,59,468,26,1,547.5
1422,59,468,28,1,207.71
1423,59,468,29,1,137.26
1424,220,469,196,1,211.44
1425,374,470,2,1,6856.93
1426,374,470,3,1,182.88
1427,374,470,6,1,2618.75
1428,374,470,8,1,338.12
1429,374,470,9,1,864.52
1430,168,471,33,1,404.5
1431,168,471,34,1,269.1
1432,481,472,41,1,708.68
1433,481,472,42,1,162.27
1434,481,472,140,1,61.32
1435,481,472,47,1,691.19
1436,481,472,48,1,377.48
1437,486,473,32,1,182.43
1438,486,473,106,1,449.77
1439,486,473,37,1,113.29
1440,486,473,39,1,51.31
1441,41,474,1,1,5429.43
1442,41,474,10,1,96.42
1443,41,474,3,1,182.88
1444,41,474,4,1,1045.02
1445,311,475,6,1,2618.75
1446,378,476,1,1,5429.43
1447,378,476,3,1,182.88
1448,378,476,4,1,1045.02
1449,378,476,136,1,1233.09
1450,378,476,58,1,143.75
1451,186,477,33,1,404.5
1452,186,477,34,1,269.1
1453,186,477,35,1,790.82
1454,186,477,38,1,325.54
1455,143,478,51,1,66.67
1456,143,478,53,1,95.99
1457,143,478,54,1,131.19
1458,183,479,3,1,182.88
1459,183,479,47,1,691.19
1460,256,480,96,1,2249.21
1461,256,480,79,1,421.1
1462,486,481,28,2,207.71
1463,486,481,13,1,342.07
1464,287,482,81,1,1613.84
1465,287,482,198,1,440.15
1466,175,483,32,1,182.43
1467,175,483,113,1,61.24
1468,175,483,164,1,297.97
1469,175,483,39,1,51.31
1470,486,484,113,1,61.24
1471,75,485,136,1,1233.09
1472,75,485,94,1,192.65
1473,462,486,11,1,73.96
1474,249,487,37,1,113.29
1475,299,488,32,1,182.43
1476,299,488,161,1,280.14
1477,299,488,39,1,51.31
1478,299,488,41,1,708.68
1479,299,488,31,1,118.65
1480,310,489,103,1,398.87
1481,249,490,48,1,377.48
1482,249,490,50,1,103.84
1483,249,490,109,1,44.98
1484,249,490,46,1,121.09
1485,339,491,171,1,100.57
1486,339,491,150,1,244.37
1487,213,492,32,1,182.43
1488,213,492,39,2,51.31
1489,38,493,16,1,680.77
1490,220,494,132,2,284.92
1491,220,494,41,1,708.68
1492,220,494,47,1,691.19
1493,220,494,48,1,377.48
1494,220,494,152,1,92.66
1495,431,495,32,1,182.43
1496,431,495,37,1,113.29
1497,431,495,39,2,51.31
1498,431,495,174,1,886.97
1499,431,495,124,1,4869.43
1500,431,495,31,2,118.65
1501,146,496,25,1,958.76
1502,146,496,76,1,110.25
1503,191,497,2,1,6856.93
1504,191,497,3,1,182.88
1505,191,497,125,1,208.91
1506,191,497,6,1,2618.75
1507,388,498,164,1,297.97
1508,388,498,22,1,2057.09
1509,74,499,48,1,377.48
1510,74,499,42,1,162.27
1511,74,499,95,1,217.5
1512,74,499,47,1,691.19
1513,84,500,83,1,584.83
1514,84,500,51,1,66.67
1515,84,500,53,1,95.99
1516,84,500,181,1,353.61
1517,84,500,56,1,327.69
1518,499,501,1,1,5429.43
1519,499,501,3,1,182.88
1520,499,501,4,1,1045.02
1521,499,501,134,1,3215.18
1522,499,501,10,1,96.42
1523,499,501,13,1,342.07
1524,91,502,25,1,958.76
1525,91,502,163,2,417.18
1526,91,502,28,1,207.71
1527,91,502,29,1,137.26
1528,9,503,144,1,91.59
1529,9,503,127,1,209.71
1530,497,504,120,1,37.31
1531,497,504,167,1,104.4
1532,414,505,130,1,3341.54
1533,414,505,165,1,867.11
1534,498,506,121,1,279.43
1535,144,507,74,1,132.13
1536,144,507,46,1,121.09
1537,144,507,48,1,377.48
1538,144,507,50,1,103.84
1539,144,507,25,1,958.76
1540,290,508,88,1,398.34
1541,290,508,34,1,269.1
1542,107,509,32,1,182.43
1543,107,509,37,1,113.29
1544,107,509,39,1,51.31
1545,395,510,181,1,353.61
1546,395,510,30,1,583.67
1547,445,511,65,2,586.82
1548,445,511,75,1,670.09
1549,21,512,194,1,582.97
1550,21,512,85,1,1742.75
1551,346,513,51,1,66.67
1552,346,513,53,1,95.99
1553,346,513,54,1,131.19
1554,106,514,25,1,958.76
1555,106,514,26,1,547.5
1556,106,514,28,1,207.71
1557,106,514,47,2,691.19
1558,363,515,200,1,284.58
1559,211,516,94,1,192.65
1560,124,517,152,1,92.66
1561,124,517,170,1,810.36
1562,265,518,172,1,72.49
1563,265,518,100,1,418.81
1564,249,519,197,1,1440.46
1565,249,519,69,1,5185.33
1566,489,520,137,2,593.31
1567,489,520,79,1,421.1
1568,134,521,50,1,103.84
1569,134,521,46,1,121.09
1570,435,522,26,1,547.5
1571,435,522,4,1,1045.02
1572,392,523,2,1,6856.93
1573,392,523,52,1,108.37
1574,496,524,25,1,958.76
1575,496,524,26,1,547.5
1576,496,524,29,1,137.26
1577,348,525,88,2,398.34
1578,416,526,194,1,582.97
1579,6,527,41,1,708.68
1580,6,527,76,2,110.25
1581,6,527,47,1,691.19
1582,6,527,48,2,377.48
1583,6,527,21,1,2953.99
1584,126,528,33,1,404.5
1585,126,528,34,2,269.1
1586,126,528,35,1,790.82
1587,126,528,4,1,1045.02
1588,126,528,38,1,325.54
1589,126,528,167,1,104.4
1590,57,529,48,1,377.48
1591,57,529,41,1,708.68
1592,57,529,42,1,162.27
1593,57,529,47,2,691.19
1594,318,530,67,1,3651.66
1595,318,530,42,1,162.27
1596,318,530,46,1,121.09
1597,318,530,50,1,103.84
1598,318,530,150,1,244.37
1599,27,531,32,2,182.43
1600,27,531,38,1,325.54
1601,405,532,69,1,5185.33
1602,405,532,42,1,162.27
1603,405,532,46,1,121.09
1604,405,532,48,1,377.48
1605,405,532,50,1,103.84
1606,405,532,58,1,143.75
1607,24,533,185,1,329.38
1608,24,533,186,1,109.52
1609,301,534,42,1,162.27
1610,301,534,50,1,103.84
1611,301,534,46,1,121.09
1612,342,535,25,1,958.76
1613,342,535,26,1,547.5
1614,342,535,28,1,207.71
1615,342,535,29,1,137.26
1616,500,536,32,1,182.43
1617,500,536,124,1,4869.43
1618,500,536,39,1,51.31
1619,500,536,31,2,118.65
1620,60,537,41,1,708.68
1621,60,537,42,1,162.27
1622,60,537,14,2,687.06
1623,60,537,47,2,691.19
1624,60,537,48,1,377.48
1625,314,538,17,1,281.04
1626,314,538,116,1,136.01
1627,83,539,159,1,132.33
1628,402,540,51,2,66.67
1629,402,540,53,1,95.99
1630,402,540,54,1,131.19
1631,51,541,2,1,6856.93
1632,51,541,3,1,182.88
1633,51,541,6,1,2618.75
1634,359,542,34,2,269.1
1635,359,542,35,1,790.82
1636,359,542,38,1,325.54
1637,359,542,77,2,193.57
1638,359,542,24,1,362.63
1639,407,543,33,2,404.5
1640,407,543,34,2,269.1
1641,407,543,38,1,325.54
1642,407,543,71,1,241.15
1643,361,544,57,1,215.42
1644,361,544,174,1,886.97
1645,205,545,90,1,2115.26
1646,205,545,167,1,104.4
1647,494,546,34,1,269.1
1648,494,546,35,2,790.82
1649,494,546,38,1,325.54
1650,494,546,71,1,241.15
1651,494,546,14,1,687.06
1652,172,547,1,1,5429.43
1653,172,547,10,1,96.42
1654,172,547,22,1,2057.09
1655,172,547,41,1,708.68
1656,378,548,32,1,182.43
1657,378,548,104,1,146.34
1658,378,548,39,1,51.31
1659,378,548,31,1,118.65
1660,480,549,56,1,327.69
1661,480,549,106,1,449.77
1662,480,549,51,1,66.67
1663,480,549,54,2,131.19
1664,257,550,196,2,211.44
1665,257,550,23,1,3803.84
1666,199,551,21,1,2953.99
1667,199,551,70,1,1076.29
1668,390,552,16,1,680.77
1669,390,552,63,1,557.39
1670,111,553,1,1,5429.43
1671,111,553,3,1,182.88
1672,111,553,4,1,1045.02
1673,417,554,83,1,584.83
1674,417,554,116,1,136.01
1675,453,555,1,1,5429.43
1676,453,555,10,1,96.42
1677,453,555,3,1,182.88
1678,429,556,42,1,162.27
1679,429,556,46,2,121.09
1680,429,556,48,1,377.48
1681,429,556,50,1,103.84
1682,429,556,88,2,398.34
1683,485,557,69,1,5185.33
1684,485,557,42,1,162.27
1685,485,557,46,1,121.09
1686,485,557,48,1,377.48
1687,485,557,50,1,103.84
1688,306,558,32,1,182.43
1689,306,558,37,1,113.29
1690,306,558,39,1,51.31
1691,427,559,106,1,449.77
1692,427,559,133,1,165.39
1693,360,560,77,1,193.57
1694,443,561,125,1,208.91
1695,131,562,32,1,182.43
1696,131,562,39,2,51.31
1697,131,562,37,1,113.29
1698,131,562,31,1,118.65
1699,340,563,33,2,404.5
1700,340,563,34,1,269.1
1701,340,563,35,1,790.82
1702,340,563,38,1,325.54
1703,483,564,18,2,685.51
1704,94,565,34,2,269.1
1705,94,565,35,1,790.82
1706,94,565,171,1,100.57
1707,94,565,38,1,325.54
1708,65,566,128,1,664.23
1709,65,566,47,1,691.19
1710,483,567,114,1,246.79
1711,392,568,42,1,162.27
1712,392,568,46,1,121.09
1713,392,568,48,1,377.48
1714,392,568,50,1,103.84
1715,392,568,121,1,279.43
1716,392,568,30,1,583.67
1717,254,569,9,1,864.52
1718,254,569,2,1,6856.93
1719,254,569,3,1,182.88
1720,163,570,56,1,327.69
1721,163,570,51,1,66.67
1722,163,570,53,1,95.99
1723,201,571,56,1,327.69
1724,201,571,51,1,66.67
1725,201,571,53,1,95.99
1726,201,571,54,1,131.19
1727,488,572,200,1,284.58
1728,228,573,128,1,664.23
1729,480,574,134,1,3215.18
1730,480,574,41,2,708.68
1731,480,574,13,1,342.07
1732,480,574,47,1,691.19
1733,480,574,48,1,377.48
1734,370,575,29,1,137.26
1735,370,575,103,1,398.87
1736,220,576,161,1,280.14
1737,220,576,58,1,143.75
1738,99,577,32,1,182.43
1739,99,577,99,1,185.24
1740,99,577,37,1,113.29
1741,99,577,31,1,118.65
1742,329,578,1,1,5429.43
1743,329,578,10,1,96.42
1744,329,578,3,2,182.88
1745,329,578,4,1,1045.02
1746,194,579,51,1,66.67
1747,464,580,48,1,377.48
1748,464,580,42,1,162.27
1749,464,580,176,1,1269.55
1750,464,580,47,1,691.19
1751,288,581,34,2,269.1
1752,288,581,110,1,228.23
1753,288,581,38,1,325.54
1754,256,582,75,1,670.09
1755,256,582,85,1,1742.75
1756,256,582,25,1,958.76
1757,256,582,26,1,547.5
1758,256,582,29,1,137.26
1759,270,583,41,1,708.68
1760,270,583,42,1,162.27
1761,270,583,170,1,810.36
1762,270,583,47,1,691.19
1763,270,583,48,1,377.48
1764,270,583,17,1,281.04
1765,364,584,193,2,256.05
1766,2,585,48,1,377.48
1767,2,585,42,1,162.27
1768,2,585,50,1,103.84
1769,2,585,46,2,121.09
1770,452,586,103,1,398.87
1771,452,586,170,1,810.36
1772,452,586,42,1,162.27
1773,452,586,47,1,691.19
1774,452,586,48,1,377.48
1775,328,587,158,1,655.51
1776,442,588,32,1,182.43
1777,442,588,144,1,91.59
1778,442,588,39,1,51.31
1779,442,588,31,2,118.65
1780,71,589,1,1,5429.43
1781,71,589,83,1,584.83
1782,71,589,4,1,1045.02
1783,71,589,197,1,1440.46
1784,347,590,56,1,327.69
1785,347,590,51,1,66.67
1786,306,591,194,2,582.97
1787,306,591,80,1,996.58
1788,306,591,25,1,958.76
1789,306,591,26,1,547.5
1790,306,591,28,1,207.71
1791,306,591,29,1,137.26
1792,419,592,121,1,279.43
1793,419,592,60,1,325.99
1794,96,593,33,1,404.5
1795,96,593,34,1,269.1
1796,96,593,35,1,790.82
1797,96,593,38,1,325.54
1798,96,593,16,1,680.77
1799,57,594,9,1,864.52
1800,57,594,2,1,6856.93
1801,57,594,6,1,2618.75
1802,60,595,56,1,327.69
1803,60,595,51,1,66.67
1804,60,595,53,1,95.99
1805,60,595,54,1,131.19
1806,487,596,72,1,295.83
1807,487,596,42,1,162.27
1808,487,596,46,1,121.09
1809,487,596,87,1,281.44
1810,286,597,34,1,269.1
1811,286,597,111,2,453.66
1812,417,598,1,1,5429.43
1813,417,598,3,2,182.88
1814,417,598,4,1,1045.02
1815,417,598,48,1,377.48
1816,417,598,184,1,617.48
1817,378,599,188,2,2599.64
1818,378,599,44,2,1768.56
1819,334,600,186,1,109.52
1820,334,600,70,1,1076.29
1821,134,601,1,1,5429.43
1822,134,601,3,1,182.88
1823,134,601,10,1,96.42
1824,134,601,175,1,152.85
1825,134,601,152,1,92.66
1826,165,602,72,1,295.83
1827,165,602,42,1,162.27
1828,165,602,51,1,66.67
1829,165,602,47,1,691.19
1830,28,603,1,1,5429.43
1831,28,603,10,1,96.42
1832,28,603,4,1,1045.02
1833,28,603,101,1,241.26
1834,243,604,33,1,404.5
1835,243,604,34,1,269.1
1836,243,604,35,2,790.82
1837,243,604,38,1,325.54
1838,40,605,80,1,996.58
1839,168,606,80,1,996.58
1840,168,606,118,1,175.91
1841,436,607,2,1,6856.93
1842,436,607,3,1,182.88
1843,436,607,6,1,2618.75
1844,412,608,56,1,327.69
1845,412,608,51,1,66.67
1846,412,608,188,1,2599.64
1847,412,608,53,1,95.99
1848,460,609,9,1,864.52
1849,460,609,2,1,6856.93
1850,460,609,6,1,2618.75
1851,154,610,115,1,131.51
1852,154,610,127,1,209.71
1853,490,611,137,1,593.31
1854,490,611,119,1,1350.85
1855,201,612,32,1,182.43
1856,201,612,37,1,113.29
1857,201,612,81,1,1613.84
1858,201,612,22,1,2057.09
1859,201,612,31,1,118.65
1860,68,613,2,1,6856.93
1861,68,613,92,1,182.48
1862,68,613,6,1,2618.75
1863,225,614,56,1,327.69
1864,225,614,110,1,228.23
1865,424,615,1,1,5429.43
1866,424,615,10,2,96.42
1867,424,615,3,1,182.88
1868,424,615,4,1,1045.02
1869,94,616,25,1,958.76
1870,94,616,26,1,547.5
1871,94,616,28,1,207.71
1872,94,616,29,1,137.26
1873,481,617,5,1,1043.64
1874,10,618,41,1,708.68
1875,10,618,42,1,162.27
1876,10,618,47,2,691.19
1877,10,618,48,1,377.48
1878,10,618,159,1,132.33
1879,8,619,51,1,66.67
1880,8,619,53,1,95.99
1881,8,619,54,1,131.19
1882,8,619,56,1,327.69
1883,8,619,158,1,655.51
1884,239,620,75,1,670.09
1885,430,621,2,1,6856.93
1886,430,621,3,1,182.88
1887,430,621,6,1,2618.75
1888,430,621,9,1,864.52
1889,430,621,27,1,1128.13
1890,139,622,48,1,377.48
1891,139,622,41,1,708.68
1892,139,622,71,1,241.15
1893,139,622,47,1,691.19
1894,425,623,1,1,5429.43
1895,425,623,69,2,5185.33
1896,413,624,147,1,4075.22
1897,413,624,103,1,398.87
1898,402,625,33,1,404.5
1899,402,625,19,1,195.42
1900,280,626,197,1,1440.46
1901,280,626,42,1,162.27
1902,280,626,46,1,121.09
1903,280,626,48,1,377.48
1904,280,626,50,1,103.84
1905,280,626,25,1,958.76
1906,486,627,97,1,1968.21
1907,486,627,116,1,136.01
1908,97,628,16,1,680.77
1909,268,629,32,2,182.43
1910,496,630,32,1,182.43
1911,496,630,76,2,110.25
1912,496,630,39,1,51.31
1913,144,631,56,1,327.69
1914,144,631,51,1,66.67
1915,144,631,53,1,95.99
1916,144,631,54,1,131.19
1917,108,632,121,1,279.43
1918,368,633,25,1,958.76
1919,368,633,118,2,175.91
1920,368,633,29,1,137.26
1921,368,633,198,1,440.15
1922,196,634,157,1,278.2
1923,196,634,110,1,228.23
1924,453,635,48,1,377.48
1925,453,635,42,1,162.27
1926,453,635,46,1,121.09
1927,252,636,51,1,66.67
1928,252,636,85,1,1742.75
1929,252,636,53,1,95.99
1930,252,636,54,1,131.19
1931,252,636,56,1,327.69
1932,123,637,32,1,182.43
1933,123,637,39,1,51.31
1934,123,637,31,1,118.65
1935,330,638,1,1,5429.43
1936,330,638,3,1,182.88
1937,330,638,104,1,146.34
1938,330,638,10,1,96.42
1939,330,638,183,1,171.04
1940,361,639,84,1,98.36
1941,102,640,2,1,6856.93
1942,102,640,3,1,182.88
1943,102,640,6,1,2618.75
1944,102,640,39,1,51.31
1945,102,640,9,1,864.52
1946,111,641,191,1,2178.66
1947,111,641,79,2,421.1
1948,408,642,172,1,72.49
1949,137,643,50,1,103.84
1950,137,643,106,1,449.77
1951,179,644,24,1,362.63
1952,179,644,25,1,958.76
1953,179,644,29,1,137.26
1954,210,645,41,1,708.68
1955,210,645,47,1,691.19
1956,233,646,170,1,810.36
1957,233,646,51,1,66.67
1958,233,646,53,1,95.99
1959,233,646,182,1,190.33
1960,233,646,54,1,131.19
1961,35,647,100,1,418.81
1962,35,647,52,1,108.37
1963,178,648,33,1,404.5
1964,178,648,34,1,269.1
1965,178,648,35,1,790.82
1966,178,648,38,1,325.54
1967,291,649,32,1,182.43
1968,291,649,37,1,113.29
1969,291,649,38,1,325.54
1970,291,649,39,1,51.31
1971,291,649,31,1,118.65
1972,40,650,84,1,98.36
1973,63,651,154,1,3786.85
1974,395,652,161,2,280.14
1975,395,652,36,1,703.99
1976,326,653,1,1,5429.43
1977,326,653,10,1,96.42
1978,326,653,3,1,182.88
1979,326,653,4,1,1045.02
1980,372,654,126,1,224.49
1981,9,655,54,1,131.19
1982,9,655,119,2,1350.85
1983,48,656,2,1,6856.93
1984,48,656,6,1,2618.75
1985,159,657,34,1,269.1
1986,159,657,35,1,790.82
1987,159,657,38,1,325.54
1988,378,658,147,1,4075.22
1989,354,659,185,2,329.38
1990,354,659,179,1,148.28
1991,354,659,25,1,958.76
1992,354,659,26,1,547.5
1993,354,659,28,1,207.71
1994,354,659,29,1,137.26
1995,198,660,50,1,103.84
1996,198,660,46,1,121.09
1997,368,661,25,1,958.76
1998,368,661,26,1,547.5
1999,368,661,28,2,207.71
2000,368,661,173,1,426.85
2001,396,662,33,2,404.5
2002,396,662,34,1,269.1
2003,396,662,134,1,3215.18
2004,321,663,165,1,867.11
2005,78,664,48,1,377.48
2006,78,664,41,1,708.68
2007,78,664,42,1,162.27
2008,78,664,47,1,691.19
2009,202,665,185,1,329.38
2010,202,665,9,1,864.52
2011,202,665,2,1,6856.93
2012,202,665,3,1,182.88
2013,160,666,56,1,327.69
2014,160,666,51,2,66.67
2015,160,666,136,1,1233.09
2016,408,667,32,1,182.43
2017,408,667,166,2,184.75
2018,408,667,39,1,51.31
2019,408,667,140,2,61.32
2020,408,667,31,1,118.65
2021,439,668,178,1,3002.16
2022,439,668,47,1,691.19
2023,9,669,184,1,617.48
2024,9,669,48,1,377.48
2025,114,670,2,1,6856.93
2026,114,670,6,1,2618.75
2027,114,670,9,1,864.52
2028,114,670,85,2,1742.75
2029,114,670,58,2,143.75
2030,155,671,32,1,182.43
2031,155,671,1,1,5429.43
2032,155,671,3,1,182.88
2033,155,671,4,1,1045.02
2034,155,671,150,1,244.37
2035,223,672,137,1,593.31
2036,223,672,91,1,978.27
2037,77,673,8,1,338.12
2038,77,673,97,1,1968.21
2039,210,674,51,2,66.67
2040,210,674,53,1,95.99
2041,210,674,54,1,131.19
2042,11,675,36,1,703.99
2043,408,676,32,1,182.43
2044,408,676,39,1,51.31
2045,458,677,39,1,51.31
2046,458,678,2,1,6856.93
2047,458,678,3,1,182.88
2048,458,678,6,1,2618.75
2049,458,678,9,1,864.52
2050,458,678,108,1,5179.59
2051,355,679,1,2,5429.43
2052,355,679,3,2,182.88
2053,110,680,87,1,281.44
2054,184,681,1,1,5429.43
2055,184,681,10,1,96.42
2056,184,681,3,1,182.88
2057,184,681,4,1,1045.02
2058,392,682,32,1,182.43
2059,392,682,39,1,51.31
2060,392,682,31,2,118.65
2061,308,683,33,1,404.5
2062,308,683,34,1,269.1
2063,308,683,35,1,790.82
2064,308,683,92,1,182.48
2065,407,684,25,2,958.76
2066,407,684,26,1,547.5
2067,407,684,29,1,137.26
2068,236,685,194,1,582.97
2069,43,686,70,1,1076.29
2070,43,686,51,2,66.67
2071,43,686,53,1,95.99
2072,43,686,56,2,327.69
2073,43,686,28,1,207.71
2074,50,687,139,1,351.69
2075,213,688,99,1,185.24
2076,213,688,198,1,440.15
2077,114,689,122,1,696.77
2078,114,689,19,1,195.42
2079,16,690,184,1,617.48
2080,16,690,98,1,449.02
2081,132,691,1,1,5429.43
2082,132,691,194,2,582.97
2083,132,691,3,1,182.88
2084,132,691,4,1,1045.02
2085,132,691,167,1,104.4
2086,227,692,25,1,958.76
2087,227,692,26,1,547.5
2088,227,692,28,1,207.71
2089,101,693,2,1,6856.93
2090,101,693,3,1,182.88
2091,101,693,6,1,2618.75
2092,231,694,48,1,377.48
2093,231,694,41,1,708.68
2094,231,694,47,1,691.19
2095,389,695,42,1,162.27
2096,389,695,76,1,110.25
2097,389,695,46,1,121.09
2098,389,695,50,2,103.84
2099,389,695,123,1,140.92
2100,349,696,32,1,182.43
2101,349,696,189,1,46.18
2102,349,696,37,1,113.29
2103,349,696,39,1,51.31
2104,72,697,32,1,182.43
2105,72,697,1,1,5429.43
2106,72,697,37,1,113.29
2107,72,697,39,1,51.31
2108,72,697,43,1,1574.27
2109,72,697,31,1,118.65
2110,69,698,32,1,182.43
2111,69,698,39,1,51.31
2112,47,699,65,1,586.82
2113,472,700,28,1,207.71
2114,472,700,175,1,152.85
2115,11,701,90,1,2115.26
2116,11,701,118,1,175.91
2117,66,702,27,1,1128.13
2118,427,703,33,1,404.5
2119,427,703,34,1,269.1
2120,427,703,175,1,152.85
2121,427,703,154,1,3786.85
2122,10,704,99,1,185.24
2123,10,704,41,2,708.68
2124,10,704,42,1,162.27
2125,10,704,47,1,691.19
2126,10,704,48,1,377.48
2127,435,705,20,1,600.91
2128,435,705,133,1,165.39
2129,350,706,131,1,457.64
2130,30,707,158,1,655.51
2131,210,708,48,1,377.48
2132,210,708,42,1,162.27
2133,210,708,50,1,103.84
2134,210,708,46,1,121.09
2135,186,709,1,1,5429.43
2136,186,709,10,1,96.42
2137,467,710,32,1,182.43
2138,467,710,37,1,113.29
2139,467,710,39,1,51.31
2140,467,710,12,1,378.07
2141,467,710,21,1,2953.99
2142,467,710,31,1,118.65
2143,136,711,128,1,664.23
2144,136,711,33,1,404.5
2145,136,711,34,1,269.1
2146,136,711,35,1,790.82
2147,136,711,38,1,325.54
2148,481,712,25,1,958.76
2149,481,712,26,2,547.5
2150,481,712,29,1,137.26
2151,439,713,143,1,602.95
2152,332,714,89,1,73.16
2153,332,714,60,1,325.99
2154,322,715,56,1,327.69
2155,322,715,51,1,66.67
2156,322,715,54,1,131.19
2157,322,715,39,1,51.31
2158,442,716,9,1,864.52
2159,442,716,2,1,6856.93
2160,442,716,21,1,2953.99
2161,405,717,1,1,5429.43
2162,405,717,10,1,96.42
2163,405,717,3,2,182.88
2164,405,717,4,1,1045.02
2165,459,718,1,1,5429.43
2166,459,718,154,1,3786.85
2167,459,718,4,1,1045.02
2168,456,719,114,1,246.79
2169,456,719,52,1,108.37
2170,15,720,56,1,327.69
2171,15,720,51,1,66.67
2172,15,720,109,1,44.98
2173,15,720,54,1,131.19
2174,443,721,56,1,327.69
2175,443,721,51,1,66.67
2176,443,721,4,1,1045.02
2177,443,721,54,1,131.19
2178,429,722,8,1,338.12
2179,429,722,2,1,6856.93
2180,429,722,6,1,2618.75
2181,201,723,34,1,269.1
2182,201,723,35,1,790.82
2183,201,723,38,1,325.54
2184,201,723,138,1,2075.88
2185,189,724,1,1,5429.43
2186,189,724,3,1,182.88
2187,189,724,4,1,1045.02
2188,189,724,10,1,96.42
2189,189,724,17,1,281.04
2190,189,724,88,1,398.34
2191,441,725,162,1,2324.66
2192,436,726,32,1,182.43
2193,436,726,37,1,113.29
2194,436,726,39,1,51.31
2195,78,727,168,1,126.51
2196,78,727,47,1,691.19
2197,78,727,51,1,66.67
2198,78,727,53,1,95.99
2199,78,727,56,1,327.69
2200,487,728,167,1,104.4
2201,206,729,58,1,143.75
2202,488,730,65,1,586.82
2203,488,730,163,1,417.18
2204,269,731,34,1,269.1
2205,269,731,38,1,325.54
2206,95,732,56,1,327.69
2207,95,732,51,1,66.67
2208,95,732,85,1,1742.75
2209,95,732,195,1,411.6
2210,491,733,20,1,600.91
2211,296,734,56,1,327.69
2212,296,734,51,1,66.67
2213,296,734,53,1,95.99
2214,296,734,54,1,131.19
2215,53,735,174,1,886.97
2216,221,736,33,2,404.5
2217,221,736,34,1,269.1
2218,221,736,35,2,790.82
2219,221,736,38,1,325.54
2220,359,737,183,1,171.04
2221,67,738,104,1,146.34
2222,67,738,174,1,886.97
2223,202,739,64,2,578.73
2224,202,739,124,1,4869.43
2225,454,740,17,1,281.04
2226,230,741,25,2,958.76
2227,230,741,28,1,207.71
2228,230,741,140,2,61.32
2229,13,742,126,1,224.49
2230,404,743,9,1,864.52
2231,404,743,2,1,6856.93
2232,404,743,3,1,182.88
2233,404,743,6,2,2618.75
2234,308,744,25,1,958.76
2235,308,744,26,1,547.5
2236,308,744,53,1,95.99
2237,308,744,29,1,137.26
2238,172,745,138,1,2075.88
2239,142,746,42,1,162.27
2240,142,746,51,1,66.67
2241,142,746,133,2,165.39
2242,142,746,46,1,121.09
2243,345,747,81,2,1613.84
2244,345,747,186,1,109.52
2245,304,748,194,1,582.97
2246,304,748,93,1,304.48
2247,240,749,128,1,664.23
2248,240,749,1,1,5429.43
2249,240,749,3,2,182.88
2250,431,750,13,1,342.07
2251,93,751,194,1,582.97
2252,262,752,57,1,215.42
2253,262,752,181,1,353.61
2254,282,753,8,1,338.12
2255,282,753,1,1,5429.43
2256,282,753,10,1,96.42
2257,282,753,3,1,182.88
2258,212,754,126,1,224.49
2259,212,754,23,1,3803.84
2260,362,755,48,1,377.48
2261,362,755,42,1,162.27
2262,362,755,50,2,103.84
2263,362,755,46,1,121.09
2264,304,756,28,1,207.71
2265,304,756,25,1,958.76
2266,304,756,26,1,547.5
2267,304,756,124,1,4869.43
2268,304,756,29,1,137.26
2269,498,757,56,1,327.69
2270,498,757,51,1,66.67
2271,498,757,54,1,131.19
2272,498,757,7,1,2063.12
2273,236,758,51,1,66.67
2274,236,758,180,1,279.71
2275,236,758,53,1,95.99
2276,236,758,54,1,131.19
2277,236,758,56,1,327.69
2278,491,759,33,1,404.5
2279,491,759,34,1,269.1
2280,491,759,35,1,790.82
2281,300,760,162,2,2324.66
2282,300,760,5,1,1043.64
2283,300,760,51,1,66.67
2284,300,760,53,1,95.99
2285,300,760,56,1,327.69
2286,16,761,42,1,162.27
2287,16,761,50,1,103.84
2288,16,761,46,1,121.09
2289,332,762,32,1,182.43
2290,332,762,37,2,113.29
2291,332,762,39,1,51.31
2292,332,762,80,1,996.58
2293,332,762,31,1,118.65
2294,498,763,1,1,5429.43
2295,498,763,3,1,182.88
2296,498,763,4,1,1045.02
2297,372,764,8,1,338.12
2298,405,765,110,1,228.23
2299,248,766,42,1,162.27
2300,248,766,118,1,175.91
2301,248,766,50,1,103.84
2302,248,766,46,1,121.09
2303,462,767,32,1,182.43
2304,462,767,37,1,113.29
2305,462,767,39,1,51.31
2306,462,767,72,1,295.83
2307,462,767,31,1,118.65
2308,202,768,47,2,691.19
2309,293,769,33,1,404.5
2310,483,770,41,1,708.68
2311,483,770,42,1,162.27
2312,483,770,47,1,691.19
2313,62,771,105,1,250.27
2314,62,771,51,1,66.67
2315,62,771,53,1,95.99
2316,62,771,54,1,131.19
2317,62,771,56,1,327.69
2318,213,772,9,1,864.52
2319,213,772,2,1,6856.93
2320,213,772,3,1,182.88
2321,213,772,6,1,2618.75
2322,202,773,48,1,377.48
2323,202,773,41,1,708.68
2324,202,773,47,1,691.19
2325,95,774,2,1,6856.93
2326,95,774,3,1,182.88
2327,95,774,197,1,1440.46
2328,95,774,6,1,2618.75
2329,95,774,9,1,864.52
2330,95,774,183,1,171.04
2331,395,775,1,1,5429.43
2332,395,775,10,1,96.42
2333,394,776,32,1,182.43
2334,394,776,37,1,113.29
2335,394,776,135,1,248.61
2336,394,776,39,1,51.31
2337,394,776,27,1,1128.13
2338,223,777,32,1,182.43
2339,223,777,37,1,113.29
2340,223,777,39,1,51.31
2341,223,777,55,1,41.52
2342,223,777,31,1,118.65
2343,458,778,133,1,165.39
2344,458,778,103,2,398.87
2345,9,779,75,1,670.09
2346,301,780,154,2,3786.85
2347,441,781,2,1,6856.93
2348,409,782,32,1,182.43
2349,409,782,80,1,996.58
2350,409,782,31,1,118.65
2351,183,783,32,2,182.43
2352,183,783,138,1,2075.88
2353,183,783,37,1,113.29
2354,183,783,31,1,118.65
2355,305,784,129,1,94.56
2356,254,785,195,1,411.6
2357,254,785,133,1,165.39
2358,352,786,168,1,126.51
2359,352,786,18,1,685.51
2360,425,787,65,1,586.82
2361,15,788,157,1,278.2
2362,15,788,95,2,217.5
2363,207,789,108,1,5179.59
2364,319,790,25,1,958.76
2365,319,790,29,1,137.26
2366,216,791,48,2,377.48
2367,216,791,42,2,162.27
2368,216,791,50,1,103.84
2369,216,791,46,1,121.09
2370,163,792,34,1,269.1
2371,255,793,155,1,298.62
2372,26,794,51,1,66.67
2373,26,794,53,1,95.99
2374,26,794,54,1,131.19
2375,26,794,149,1,652.63
2376,26,794,56,1,327.69
2377,206,795,42,1,162.27
2378,206,795,172,1,72.49
2379,206,795,46,1,121.09
2380,206,795,48,1,377.48
2381,206,795,50,1,103.84
2382,206,795,95,1,217.5
2383,68,796,1,1,5429.43
2384,68,796,10,2,96.42
2385,68,796,3,1,182.88
2386,258,797,169,1,452.68
2387,162,798,42,1,162.27
2388,162,798,50,1,103.84
2389,162,798,46,1,121.09
2390,298,799,160,1,298.73
2391,298,799,168,1,126.51
2392,298,799,41,1,708.68
2393,298,799,42,1,162.27
2394,298,799,47,2,691.19
2395,456,800,131,1,457.64
2396,456,800,100,2,418.81
2397,456,800,42,1,162.27
2398,456,800,46,1,121.09
2399,456,800,48,1,377.48
2400,370,801,166,1,184.75
2401,75,802,25,1,958.76
2402,75,802,185,1,329.38
2403,75,802,28,1,207.71
2404,75,802,29,2,137.26
2405,163,803,32,1,182.43
2406,163,803,185,1,329.38
2407,163,803,37,2,113.29
2408,163,803,31,1,118.65
2409,37,804,18,2,685.51
2410,37,804,50,1,103.84
2411,37,804,25,1,958.76
2412,37,804,26,1,547.5
2413,37,804,29,1,137.26
2414,290,805,32,1,182.43
2415,290,805,39,1,51.31
2416,411,806,32,1,182.43
2417,411,806,15,1,478.33
2418,411,806,37,1,113.29
2419,411,806,39,1,51.31
2420,234,807,1,1,5429.43
2421,234,807,10,1,96.42
2422,234,807,3,1,182.88
2423,234,807,157,1,278.2
2424,25,808,42,1,162.27
2425,25,808,140,1,61.32
2426,51,809,133,1,165.39
2427,51,809,41,1,708.68
2428,51,809,42,1,162.27
2429,51,809,47,1,691.19
2430,51,809,48,1,377.48
2431,149,810,42,1,162.27
2432,149,810,46,1,121.09
2433,39,811,163,1,417.18
2434,39,811,69,2,5185.33
2435,232,812,25,1,958.76
2436,232,812,29,1,137.26
2437,399,813,150,1,244.37
2438,499,814,156,2,131.66
2439,190,815,51,1,66.67
2440,190,815,53,1,95.99
2441,190,815,54,1,131.19
2442,52,816,1,1,5429.43
2443,52,816,3,2,182.88
2444,52,816,4,2,1045.02
2445,52,816,85,1,1742.75
2446,52,816,126,1,224.49
2447,426,817,171,1,100.57
2448,138,818,32,1,182.43
2449,138,818,37,1,113.29
2450,138,818,31,1,118.65
2451,183,819,2,1,6856.93
2452,183,819,3,1,182.88
2453,183,819,6,1,2618.75
2454,123,820,32,1,182.43
2455,123,820,37,1,113.29
2456,123,820,39,1,51.31
2457,205,821,48,1,377.48
2458,205,821,42,1,162.27
2459,205,821,46,1,121.09
2460,236,822,1,1,5429.43
2461,236,822,10,2,96.42
2462,236,822,4,1,1045.02
2463,448,823,33,1,404.5
2464,448,823,34,1,269.1
2465,448,823,38,1,325.54
2466,135,824,38,1,325.54
2467,135,824,51,1,66.67
2468,135,824,53,1,95.99
2469,135,824,56,1,327.69
2470,135,824,88,1,398.34
2471,441,825,86,1,336.99
2472,162,826,21,1,2953.99
2473,428,827,77,1,193.57
2474,428,827,56,2,327.69
2475,428,827,25,1,958.76
2476,428,827,26,1,547.5
2477,428,827,28,1,207.71
2478,355,828,130,1,3341.54
2479,355,828,42,1,162.27
2480,355,828,46,1,121.09
2481,355,828,48,1,377.48
2482,355,828,50,2,103.84
2483,355,828,180,1,279.71
2484,32,829,9,1,864.52
2485,32,829,2,1,6856.93
2486,32,829,3,2,182.88
2487,32,829,35,1,790.82
2488,283,830,41,1,708.68
2489,283,830,42,1,162.27
2490,283,830,47,1,691.19
2491,283,830,48,1,377.48
2492,283,830,58,1,143.75
2493,283,830,31,1,118.65
2494,337,831,144,1,91.59
2495,337,831,51,1,66.67
2496,387,832,136,2,1233.09
2497,387,832,102,1,1982.66
2498,466,833,123,1,140.92
2499,441,834,56,1,327.69
2500,441,834,51,1,66.67
2501,441,834,53,1,95.99
2502,298,835,1,1,5429.43
2503,298,835,10,1,96.42
2504,159,836,1,1,5429.43
2505,159,836,3,2,182.88
2506,159,836,4,1,1045.02
2507,159,836,141,1,449.82
2508,159,836,123,2,140.92
2509,250,837,50,1,103.84
2510,278,838,120,1,37.31
2511,278,838,164,1,297.97
2512,50,839,32,1,182.43
2513,50,839,39,2,51.31
2514,50,839,37,1,113.29
2515,50,839,31,2,118.65
2516,34,840,56,2,327.69
2517,34,840,34,1,269.1
2518,34,840,51,1,66.67
2519,34,840,54,1,131.19
2520,358,841,160,1,298.73
2521,358,841,113,1,61.24
2522,358,841,34,1,269.1
2523,358,841,35,1,790.82
2524,457,842,1,1,5429.43
2525,457,842,10,1,96.42
2526,457,842,4,1,1045.02
2527,457,842,30,2,583.67
2528,348,843,170,1,810.36
2529,480,844,25,1,958.76
2530,480,844,91,1,978.27
2531,480,844,28,1,207.71
2532,480,844,29,1,137.26
2533,498,845,2,1,6856.93
2534,498,845,3,1,182.88
2535,498,845,165,1,867.11
2536,498,845,9,1,864.52
2537,498,845,43,1,1574.27
2538,294,846,44,1,1768.56
2539,294,846,79,1,421.1
2540,91,847,33,1,404.5
2541,91,847,34,1,269.1
2542,91,847,35,1,790.82
2543,91,847,38,1,325.54
2544,425,848,56,1,327.69
2545,425,848,51,1,66.67
2546,425,848,53,1,95.99
2547,425,848,54,1,131.19
2548,282,849,94,1,192.65
2549,32,850,66,1,234.31
2550,32,850,51,1,66.67
2551,32,850,53,1,95.99
2552,32,850,54,1,131.19
2553,32,850,56,1,327.69
2554,328,851,41,1,708.68
2555,328,851,42,1,162.27
2556,328,851,78,1,637.27
2557,328,851,47,2,691.19
2558,328,851,48,1,377.48
2559,328,851,28,1,207.71
2560,24,852,33,1,404.5
2561,24,852,34,1,269.1
2562,24,852,35,1,790.82
2563,24,852,38,1,325.54
2564,24,852,146,1,323.76
2565,455,853,40,1,36.51
2566,455,853,67,1,3651.66
2567,401,854,154,1,3786.85
2568,401,854,25,1,958.76
2569,401,854,26,1,547.5
2570,401,854,28,1,207.71
2571,401,854,29,1,137.26
2572,75,855,146,1,323.76
2573,186,856,32,1,182.43
2574,186,856,37,1,113.29
2575,186,856,39,2,51.31
2576,186,856,199,1,107.47
2577,186,856,74,1,132.13
2578,186,856,31,1,118.65
2579,211,857,2,1,6856.93
2580,211,857,3,1,182.88
2581,211,857,167,1,104.4
2582,21,858,1,1,5429.43
2583,21,858,3,1,182.88
2584,21,858,4,1,1045.02
2585,350,859,33,1,404.5
2586,350,859,34,1,269.1
2587,350,859,35,1,790.82
2588,350,859,38,1,325.54
2589,350,859,28,1,207.71
2590,369,860,41,1,708.68
2591,369,860,42,1,162.27
2592,369,860,14,1,687.06
2593,369,860,47,1,691.19
2594,164,861,32,1,182.43
2595,164,861,132,1,284.92
2596,164,861,39,1,51.31
2597,164,861,170,1,810.36
2598,164,861,31,1,118.65
2599,265,862,42,1,162.27
2600,265,862,50,1,103.84
2601,265,862,46,1,121.09
2602,106,863,96,2,2249.21
2603,106,863,116,1,136.01
2604,106,863,25,1,958.76
2605,106,863,26,1,547.5
2606,106,863,28,1,207.71
2607,106,863,29,1,137.26
2608,356,864,51,2,66.67
2609,356,864,53,1,95.99
2610,356,864,54,1,131.19
2611,31,865,59,1,88.07
2612,31,865,19,1,195.42
2613,27,866,66,1,234.31
2614,27,866,82,1,482.06
2615,424,867,48,2,377.48
2616,424,867,41,1,708.68
2617,424,867,47,1,691.19
2618,119,868,1,1,5429.43
2619,119,868,10,1,96.42
2620,119,868,3,1,182.88
2621,119,868,4,1,1045.02
2622,369,869,48,1,377.48
2623,369,869,25,1,958.76
2624,369,869,28,1,207.71
2625,369,869,29,2,137.26
2626,325,870,32,1,182.43
2627,325,870,39,1,51.31
2628,325,870,44,1,1768.56
2629,325,870,77,1,193.57
2630,325,870,31,1,118.65
2631,384,871,9,1,864.52
2632,384,871,2,1,6856.93
2633,384,871,3,1,182.88
2634,384,871,164,1,297.97
2635,23,872,65,1,586.82
2636,23,872,33,1,404.5
2637,23,872,34,1,269.1
2638,23,872,38,1,325.54
2639,23,872,20,1,600.91
2640,212,873,51,1,66.67
2641,212,873,156,1,131.66
2642,212,873,53,2,95.99
2643,212,873,54,1,131.19
2644,71,874,32,1,182.43
2645,71,874,39,1,51.31
2646,71,874,37,1,113.29
2647,71,874,31,1,118.65
2648,25,875,44,1,1768.56
2649,140,876,90,1,2115.26
2650,405,877,42,1,162.27
2651,405,877,50,1,103.84
2652,405,877,46,1,121.09
2653,58,878,51,1,66.67
2654,58,878,133,1,165.39
2655,58,878,54,1,131.19
2656,214,879,132,1,284.92
2657,155,880,97,1,1968.21
2658,186,881,167,1,104.4
2659,130,882,35,2,790.82
2660,9,883,33,1,404.5
2661,9,883,34,1,269.1
2662,9,883,35,1,790.82
2663,9,883,38,1,325.54
2664,9,883,30,1,583.67
2665,49,884,33,1,404.5
2666,49,884,34,1,269.1
2667,374,885,89,1,73.16
2668,24,886,114,1,246.79
2669,24,886,166,1,184.75
2670,300,887,114,1,246.79
2671,300,887,38,1,325.54
2672,198,888,54,1,131.19
2673,480,889,34,1,269.1
2674,480,889,38,1,325.54
2675,430,890,48,1,377.48
2676,430,890,42,1,162.27
2677,430,890,46,1,121.09
2678,242,891,1,1,5429.43
2679,242,891,3,1,182.88
2680,242,891,103,1,398.87
2681,242,891,10,1,96.42
2682,242,891,148,1,658.67
2683,487,892,41,1,708.68
2684,487,892,42,1,162.27
2685,487,892,47,1,691.19
2686,181,893,33,1,404.5
2687,181,893,34,1,269.1
2688,181,893,35,1,790.82
2689,181,893,38,1,325.54
2690,181,893,31,2,118.65
2691,225,894,2,1,6856.93
2692,225,894,6,1,2618.75
2693,225,894,9,1,864.52
2694,225,894,149,1,652.63
2695,225,894,121,1,279.43
2696,153,895,33,1,404.5
2697,153,895,34,1,269.1
2698,153,895,35,1,790.82
2699,153,895,38,1,325.54
2700,153,895,9,1,864.52
2701,153,895,140,1,61.32
2702,379,896,32,1,182.43
2703,379,896,39,1,51.31
2704,379,896,37,1,113.29
2705,379,896,31,1,118.65
2706,96,897,55,1,41.52
2707,365,898,3,1,182.88
2708,277,899,32,1,182.43
2709,277,899,20,1,600.91
2710,313,900,25,1,958.76
2711,313,900,26,1,547.5
2712,313,900,10,1,96.42
2713,313,900,29,1,137.26
2714,338,901,88,1,398.34
2715,338,901,51,1,66.67
2716,348,902,110,1,228.23
2717,348,902,71,1,241.15
2718,57,903,1,1,5429.43
2719,57,903,10,1,96.42
2720,28,904,32,1,182.43
2721,28,904,39,1,51.31
2722,28,904,37,1,113.29
2723,28,904,31,1,118.65
2724,356,905,97,1,1968.21
2725,356,905,200,1,284.58
2726,356,905,25,1,958.76
2727,356,905,28,1,207.71
2728,356,905,29,1,137.26
2729,252,906,11,1,73.96
2730,252,906,37,1,113.29
2731,492,907,99,1,185.24
2732,492,907,42,1,162.27
2733,492,907,46,1,121.09
2734,492,907,48,1,377.48
2735,492,907,50,1,103.84
2736,492,907,19,1,195.42
2737,351,908,132,1,284.92
2738,351,908,60,1,325.99
2739,400,909,89,1,73.16
2740,466,910,1,1,5429.43
2741,466,910,10,1,96.42
2742,466,910,4,1,1045.02
2743,466,910,158,1,655.51
2744,317,911,95,1,217.5
2745,288,912,99,1,185.24
2746,268,913,169,1,452.68
2747,268,913,100,1,418.81
2748,500,914,48,1,377.48
2749,500,914,41,1,708.68
2750,500,914,42,1,162.27
2751,500,914,47,1,691.19
2752,103,915,132,1,284.92
2753,103,915,151,1,71.91
2754,136,916,50,1,103.84
2755,136,916,51,1,66.67
2756,136,916,82,1,482.06
2757,106,917,160,1,298.73
2758,89,918,33,1,404.5
2759,89,918,19,1,195.42
2760,170,919,73,1,249.37
2761,170,919,33,1,404.5
2762,170,919,34,2,269.1
2763,170,919,38,2,325.54
2764,411,920,197,1,1440.46
2765,411,920,146,1,323.76
2766,411,920,51,2,66.67
2767,411,920,53,1,95.99
2768,411,920,54,1,131.19
2769,411,920,56,1,327.69
2770,405,921,176,1,1269.55
2771,405,921,14,1,687.06
2772,316,922,73,1,249.37
2773,316,922,151,1,71.91
2774,329,923,41,1,708.68
2775,329,923,42,1,162.27
2776,329,923,47,1,691.19
2777,329,923,48,1,377.48
2778,329,923,23,1,3803.84
2779,430,924,1,1,5429.43
2780,430,924,3,2,182.88
2781,430,924,4,1,1045.02
2782,430,924,170,1,810.36
2783,430,924,10,1,96.42
2784,53,925,33,1,404.5
2785,196,926,2,1,6856.93
2786,196,926,3,1,182.88
2787,196,926,198,1,440.15
2788,196,926,6,1,2618.75
2789,196,926,88,1,398.34
2790,329,927,3,1,182.88
2791,147,928,32,1,182.43
2792,147,928,57,1,215.42
2793,147,928,131,1,457.64
2794,147,928,37,1,113.29
2795,219,929,2,1,6856.93
2796,219,929,3,1,182.88
2797,219,929,6,1,2618.75
2798,253,930,32,1,182.43
2799,253,930,37,1,113.29
2800,253,930,39,1,51.31
2801,253,930,81,1,1613.84
2802,253,930,122,1,696.77
2803,253,930,31,1,118.65
2804,431,931,33,1,404.5
2805,431,931,34,1,269.1
2806,431,931,163,1,417.18
2807,431,931,38,1,325.54
2808,431,931,29,1,137.26
2809,490,932,42,1,162.27
2810,490,932,50,1,103.84
2811,490,932,46,2,121.09
2812,434,933,48,1,377.48
2813,434,933,41,1,708.68
2814,434,933,42,1,162.27
2815,434,933,47,1,691.19
2816,385,934,136,1,1233.09
2817,385,934,7,1,2063.12
2818,442,935,26,1,547.5
2819,10,936,48,1,377.48
2820,10,936,46,1,121.09
2821,216,937,106,1,449.77
2822,216,937,159,1,132.33
2823,51,938,75,1,670.09
2824,51,938,67,1,3651.66
2825,384,939,188,1,2599.64
2826,377,940,50,1,103.84
2827,377,940,46,1,121.09
2828,362,941,1,1,5429.43
2829,362,941,3,2,182.88
2830,362,941,4,1,1045.02
2831,362,941,165,1,867.11
2832,362,941,38,1,325.54
2833,362,941,10,1,96.42
2834,155,942,169,1,452.68
2835,208,943,1,1,5429.43
2836,208,943,97,1,1968.21
2837,208,943,3,1,182.88
2838,208,943,4,1,1045.02
2839,208,943,10,2,96.42
2840,211,944,69,1,5185.33
2841,211,944,141,1,449.82
2842,182,945,33,1,404.5
2843,182,945,34,1,269.1
2844,182,945,35,1,790.82
2845,182,945,100,1,418.81
2846,182,945,38,1,325.54
2847,182,945,136,1,1233.09
2848,287,946,48,1,377.48
2849,287,946,41,1,708.68
2850,287,946,47,1,691.19
2851,164,947,33,1,404.5
2852,164,947,34,1,269.1
2853,164,947,35,1,790.82
2854,164,947,38,1,325.54
2855,295,948,168,1,126.51
2856,295,948,25,1,958.76
2857,295,948,26,1,547.5
2858,295,948,28,1,207.71
2859,295,948,29,1,137.26
2860,13,949,176,1,1269.55
2861,426,950,32,1,182.43
2862,426,950,39,1,51.31
2863,426,950,37,1,113.29
2864,426,950,31,1,118.65
2865,155,951,90,1,2115.26
2866,155,951,10,1,96.42
2867,3,952,137,1,593.31
2868,3,952,170,2,810.36
2869,279,953,137,1,593.31
2870,279,953,51,1,66.67
2871,279,953,53,2,95.99
2872,279,953,56,1,327.69
2873,279,953,122,1,696.77
2874,298,954,48,1,377.48
2875,298,954,41,1,708.68
2876,298,954,42,1,162.27
2877,298,954,47,1,691.19
2878,20,955,177,1,3544.65
2879,385,956,102,1,1982.66
2880,300,957,197,1,1440.46
2881,300,957,29,1,137.26
2882,300,957,25,1,958.76
2883,300,957,26,1,547.5
2884,300,957,93,1,304.48
2885,446,958,26,1,547.5
2886,446,958,141,1,449.82
2887,127,959,9,1,864.52
2888,127,959,2,1,6856.93
2889,127,959,6,1,2618.75
2890,112,960,1,2,5429.43
2891,112,960,18,1,685.51
2892,112,960,3,1,182.88
2893,112,960,156,1,131.66
2894,475,961,136,1,1233.09
2895,475,961,21,1,2953.99
2896,475,961,25,1,958.76
2897,475,961,28,1,207.71
2898,475,961,29,1,137.26
2899,293,962,25,1,958.76
2900,293,962,26,1,547.5
2901,293,962,71,1,241.15
2902,273,963,33,1,404.5
2903,273,963,34,1,269.1
2904,273,963,35,1,790.82
2905,273,963,38,1,325.54
2906,191,964,2,2,6856.93
2907,191,964,3,1,182.88
2908,191,964,72,1,295.83
2909,191,964,9,1,864.52
2910,191,964,92,1,182.48
2911,423,965,133,1,165.39
2912,349,966,25,1,958.76
2913,349,966,26,2,547.5
2914,482,967,56,1,327.69
2915,482,967,51,2,66.67
2916,482,967,53,1,95.99
2917,458,968,181,1,353.61
2918,126,969,2,1,6856.93
2919,126,969,3,1,182.88
2920,126,969,173,1,426.85
2921,126,969,6,1,2618.75
2922,396,970,135,1,248.61
2923,396,970,46,1,121.09
2924,396,970,48,1,377.48
2925,396,970,50,1,103.84
2926,396,970,152,1,92.66
2927,38,971,193,1,256.05
2928,38,971,183,1,171.04
2929,38,971,25,1,958.76
2930,38,971,26,1,547.5
2931,38,971,29,2,137.26
2932,116,972,9,1,864.52
2933,116,972,2,1,6856.93
2934,166,973,177,1,3544.65
2935,166,973,111,1,453.66
2936,4,974,64,1,578.73
2937,4,974,40,1,36.51
2938,452,975,25,1,958.76
2939,452,975,28,1,207.71
2940,452,975,29,1,137.26
2941,94,976,80,1,996.58
2942,94,976,1,1,5429.43
2943,319,977,54,1,131.19
2944,116,978,121,1,279.43
2945,116,978,2,1,6856.93
2946,116,978,19,1,195.42
2947,357,979,56,2,327.69
2948,357,979,25,1,958.76
2949,357,979,26,1,547.5
2950,357,979,28,2,207.71
2951,345,980,41,1,708.68
2952,345,980,42,1,162.27
2953,345,980,12,1,378.07
2954,345,980,47,1,691.19
2955,345,980,48,1,377.48
2956,90,981,42,1,162.27
2957,90,981,46,1,121.09
2958,90,981,48,1,377.48
2959,90,981,50,1,103.84
2960,90,981,188,1,2599.64
2961,196,982,181,1,353.61
2962,196,982,165,1,867.11
2963,134,983,136,1,1233.09
2964,134,983,34,1,269.1
2965,134,983,38,1,325.54
2966,214,984,32,1,182.43
2967,214,984,42,1,162.27
2968,214,984,46,1,121.09
2969,214,984,48,1,377.48
2970,214,984,50,1,103.84
2971,82,985,1,1,5429.43
2972,82,985,10,1,96.42
2973,419,986,27,1,1128.13
2974,459,987,57,1,215.42
2975,459,987,34,1,269.1
2976,3,988,186,1,109.52
2977,3,988,190,2,615.39
2978,493,989,2,1,6856.93
2979,493,989,3,1,182.88
2980,493,989,6,1,2618.75
2981,493,989,23,1,3803.84
2982,493,989,191,1,2178.66
2983,244,990,138,1,2075.88
2984,457,991,1,1,5429.43
2985,457,991,4,1,1045.02
2986,457,991,10,2,96.42
2987,457,991,20,1,600.91
2988,457,991,57,1,215.42
2989,191,992,45,1,207.67
2990,238,993,34,1,269.1
2991,455,994,56,1,327.69
2992,455,994,61,1,1462.89
2993,455,994,51,1,66.67
2994,455,994,53,1,95.99
2995,336,995,55,1,41.52
2996,336,995,135,1,248.61
2997,188,996,9,1,864.52
2998,188,996,2,2,6856.93
2999,188,996,6,1,2618.75
3000,188,996,122,1,696.77
3001,295,997,91,2,978.27
3002,295,997,84,1,98.36
3003,348,998,2,1,6856.93
3004,348,998,3,1,182.88
3005,348,998,6,1,2618.75
3006,348,998,138,1,2075.88
3007,169,999,75,1,670.09
3008,169,999,51,1,66.67
3009,169,999,53,1,95.99
3010,169,999,79,1,421.1
3011,113,1000,66,1,234.31
3012,113,1000,189,1,46.18
3013,158,1001,48,1,377.48
3014,158,1001,88,1,398.34
3015,158,1001,47,1,691.19
3016,220,1002,32,2,182.43
3017,220,1002,37,1,113.29
3018,220,1002,39,1,51.31
3019,220,1002,44,1,1768.56
3020,220,1002,31,1,118.65
3021,112,1003,158,1,655.51
3022,294,1004,56,1,327.69
3023,294,1004,25,1,958.76
3024,294,1004,51,1,66.67
3025,294,1004,54,1,131.19
3026,95,1005,32,2,182.43
3027,95,1005,39,2,51.31
3028,95,1005,37,1,113.29
3029,95,1005,31,1,118.65
3030,492,1006,99,1,185.24
3031,492,1006,51,1,66.67
3032,492,1006,53,1,95.99
3033,492,1006,56,1,327.69
3034,492,1006,88,1,398.34
3035,446,1007,41,1,708.68
3036,446,1007,20,1,600.91
3037,446,1007,47,1,691.19
3038,362,1008,42,1,162.27
3039,362,1008,46,1,121.09
3040,362,1008,48,1,377.48
3041,362,1008,50,2,103.84
3042,362,1008,54,1,131.19
3043,362,1008,125,1,208.91
3044,196,1009,70,2,1076.29
3045,137,1010,33,1,404.5
3046,137,1010,34,1,269.1
3047,137,1010,35,1,790.82
3048,137,1010,38,1,325.54
3049,137,1010,14,1,687.06
3050,9,1011,134,1,3215.18
3051,9,1011,41,1,708.68
3052,9,1011,42,1,162.27
3053,9,1011,139,1,351.69
3054,9,1011,47,1,691.19
3055,93,1012,79,1,421.1
3056,93,1012,51,1,66.67
3057,93,1012,53,1,95.99
3058,93,1012,56,1,327.69
3059,93,1012,125,1,208.91
3060,64,1013,1,1,5429.43
3061,64,1013,3,1,182.88
3062,64,1013,4,1,1045.02
3063,64,1013,40,1,36.51
3064,64,1013,10,1,96.42
3065,64,1013,154,1,3786.85
3066,28,1014,186,1,109.52
3067,473,1015,32,1,182.43
3068,473,1015,185,1,329.38
3069,473,1015,188,1,2599.64
3070,311,1016,34,1,269.1
3071,311,1016,35,1,790.82
3072,311,1016,124,1,4869.43
3073,311,1016,38,1,325.54
3074,481,1017,41,1,708.68
3075,481,1017,42,1,162.27
3076,481,1017,27,1,1128.13
3077,481,1017,47,2,691.19
3078,158,1018,1,1,5429.43
3079,158,1018,3,1,182.88
3080,158,1018,4,1,1045.02
3081,158,1018,165,1,867.11
3082,158,1018,10,2,96.42
3083,288,1019,90,1,2115.26
3084,288,1019,102,1,1982.66
3085,47,1020,1,1,5429.43
3086,47,1020,3,1,182.88
3087,47,1020,4,1,1045.02
3088,488,1021,32,1,182.43
3089,488,1021,163,1,417.18
3090,488,1021,37,1,113.29
3091,488,1021,39,1,51.31
3092,488,1021,31,1,118.65
3093,147,1022,2,1,6856.93
3094,147,1022,3,1,182.88
3095,147,1022,6,1,2618.75
3096,147,1022,9,1,864.52
3097,147,1022,15,1,478.33
3098,470,1023,135,2,248.61
3099,153,1024,25,1,958.76
3100,153,1024,75,1,670.09
3101,153,1024,180,1,279.71
3102,153,1024,29,2,137.26
3103,92,1025,51,1,66.67
3104,92,1025,107,1,5057.62
3105,393,1026,48,1,377.48
3106,393,1026,47,1,691.19
3107,257,1027,56,1,327.69
3108,257,1027,51,1,66.67
3109,257,1027,54,1,131.19
3110,441,1028,9,1,864.52
3111,441,1028,2,1,6856.93
3112,441,1028,6,1,2618.75
3113,441,1028,14,1,687.06
3114,80,1029,19,1,195.42
3115,91,1030,33,1,404.5
3116,91,1030,34,1,269.1
3117,91,1030,35,1,790.82
3118,91,1030,38,1,325.54
3119,91,1030,40,1,36.51
3120,295,1031,1,2,5429.43
3121,295,1031,10,1,96.42
3122,295,1031,3,1,182.88
3123,295,1031,125,1,208.91
3124,94,1032,9,1,864.52
3125,94,1032,2,1,6856.93
3126,94,1032,3,1,182.88
3127,94,1032,6,1,2618.75
3128,483,1033,42,1,162.27
3129,483,1033,50,1,103.84
3130,483,1033,46,1,121.09
3131,483,1033,151,2,71.91
3132,94,1034,178,1,3002.16
3133,94,1034,138,1,2075.88
3134,357,1035,48,1,377.48
3135,357,1035,42,1,162.27
3136,357,1035,50,1,103.84
3137,357,1035,46,1,121.09
3138,176,1036,48,1,377.48
3139,176,1036,41,2,708.68
3140,176,1036,47,1,691.19
3141,276,1037,32,1,182.43
3142,276,1037,39,1,51.31
3143,276,1037,37,1,113.29
3144,276,1037,31,1,118.65
3145,16,1038,193,1,256.05
3146,16,1038,110,1,228.23
3147,16,1038,46,1,121.09
3148,16,1038,48,1,377.48
3149,16,1038,50,1,103.84
3150,499,1039,41,1,708.68
3151,499,1039,42,1,162.27
3152,499,1039,47,1,691.19
3153,499,1039,48,1,377.48
3154,499,1039,182,2,190.33
3155,22,1040,139,1,351.69
3156,22,1040,156,1,131.66
3157,305,1041,32,1,182.43
3158,305,1041,37,2,113.29
3159,305,1041,31,1,118.65
3160,55,1042,197,1,1440.46
3161,55,1042,51,1,66.67
3162,55,1042,52,1,108.37
3163,55,1042,53,1,95.99
3164,55,1042,54,1,131.19
3165,130,1043,96,1,2249.21
3166,138,1044,194,1,582.97
3167,138,1044,91,1,978.27
3168,177,1045,48,1,377.48
3169,177,1045,42,1,162.27
3170,177,1045,46,1,121.09
3171,289,1046,48,1,377.48
3172,289,1046,110,1,228.23
3173,422,1047,186,1,109.52
3174,422,1047,197,1,1440.46
3175,14,1048,1,1,5429.43
3176,14,1048,3,1,182.88
3177,14,1048,4,1,1045.02
3178,14,1048,10,1,96.42
3179,14,1048,146,1,323.76
3180,14,1048,20,1,600.91
3181,379,1049,51,1,66.67
3182,379,1049,53,1,95.99
3183,379,1049,54,1,131.19
3184,379,1049,79,2,421.1
3185,11,1050,7,1,2063.12
3186,11,1050,42,1,162.27
3187,11,1050,46,1,121.09
3188,11,1050,48,1,377.48
3189,11,1050,120,1,37.31
3190,460,1051,2,2,6856.93
3191,460,1051,3,1,182.88
3192,460,1051,6,1,2618.75
3193,34,1052,187,1,521.01
3194,161,1053,141,2,449.82
3195,256,1054,42,1,162.27
3196,256,1054,62,1,122.09
3197,345,1055,1,1,5429.43
3198,345,1055,10,1,96.42
3199,345,1055,71,1,241.15
3200,345,1055,143,1,602.95
3201,14,1056,33,1,404.5
3202,14,1056,34,1,269.1
3203,14,1056,35,1,790.82
3204,14,1056,38,1,325.54
3205,497,1057,51,1,66.67
3206,497,1057,180,2,279.71
3207,497,1057,53,1,95.99
3208,497,1057,54,1,131.19
3209,497,1057,119,1,1350.85
3210,497,1057,56,1,327.69
3211,248,1058,33,2,404.5
3212,248,1058,34,1,269.1
3213,248,1058,35,1,790.82
3214,248,1058,151,2,71.91
3215,248,1058,156,1,131.66
3216,203,1059,1,1,5429.43
3217,203,1059,3,1,182.88
3218,203,1059,4,1,1045.02
3219,203,1059,10,1,96.42
3220,203,1059,172,2,72.49
3221,322,1060,1,1,5429.43
3222,322,1060,82,1,482.06
3223,348,1061,43,1,1574.27
3224,293,1062,112,1,2651.9
3225,293,1062,6,1,2618.75
3226,21,1063,32,1,182.43
3227,21,1063,159,1,132.33
3228,21,1063,37,1,113.29
3229,21,1063,167,1,104.4
3230,21,1063,39,1,51.31
3231,21,1063,31,1,118.65
3232,48,1064,163,1,417.18
3233,48,1064,42,1,162.27
3234,48,1064,46,1,121.09
3235,48,1064,48,1,377.48
3236,48,1064,50,1,103.84
3237,171,1065,1,1,5429.43
3238,171,1065,3,1,182.88
3239,171,1065,4,1,1045.02
3240,171,1065,10,1,96.42
3241,171,1065,127,1,209.71
3242,227,1066,56,1,327.69
3243,227,1066,51,1,66.67
3244,227,1066,53,1,95.99
3245,227,1066,54,1,131.19
3246,134,1067,32,1,182.43
3247,134,1067,115,1,131.51
3248,134,1067,37,1,113.29
3249,206,1068,42,1,162.27
3250,206,1068,47,1,691.19
3251,380,1069,25,1,958.76
3252,380,1069,26,1,547.5
3253,380,1069,28,1,207.71
3254,380,1069,29,1,137.26
3255,380,1069,62,1,122.09
3256,32,1070,32,1,182.43
3257,32,1070,142,1,243.55
3258,32,1070,39,1,51.31
3259,484,1071,65,1,586.82
3260,484,1071,2,1,6856.93
3261,484,1071,3,1,182.88
3262,484,1071,6,1,2618.75
3263,484,1071,9,1,864.52
3264,484,1071,89,1,73.16
3265,55,1072,9,1,864.52
3266,55,1072,2,1,6856.93
3267,55,1072,6,1,2618.75
3268,343,1073,42,1,162.27
3269,343,1073,4,1,1045.02
3270,363,1074,32,1,182.43
3271,363,1074,39,2,51.31
3272,363,1074,37,1,113.29
3273,363,1074,31,1,118.65
3274,199,1075,1,1,5429.43
3275,199,1075,97,1,1968.21
3276,199,1075,4,1,1045.02
3277,199,1075,10,1,96.42
3278,199,1075,111,1,453.66
3279,135,1076,137,1,593.31
3280,135,1076,29,1,137.26
3281,160,1077,41,1,708.68
3282,160,1077,42,1,162.27
3283,160,1077,47,2,691.19
3284,160,1077,48,2,377.48
3285,160,1077,121,1,279.43
3286,274,1078,1,1,5429.43
3287,274,1078,4,1,1045.02
3288,274,1078,104,1,146.34
3289,274,1078,10,1,96.42
3290,274,1078,110,1,228.23
3291,364,1079,66,1,234.31
3292,364,1079,158,2,655.51
3293,266,1080,32,1,182.43
3294,266,1080,55,1,41.52
3295,266,1080,39,1,51.31
3296,266,1080,31,1,118.65
3297,460,1081,32,1,182.43
3298,460,1081,37,1,113.29
3299,460,1081,31,1,118.65
3300,213,1082,73,1,249.37
3301,213,1082,42,1,162.27
3302,289,1083,184,1,617.48
3303,289,1083,56,1,327.69
3304,368,1084,41,1,708.68
3305,368,1084,27,1,1128.13
3306,368,1084,28,1,207.71
3307,368,1084,47,1,691.19
3308,360,1085,48,2,377.48
3309,360,1085,38,1,325.54
3310,125,1086,126,1,224.49
3311,318,1087,1,1,5429.43
3312,318,1087,3,1,182.88
3313,318,1087,10,1,96.42
3314,318,1087,148,1,658.67
3315,318,1087,26,1,547.5
3316,124,1088,46,1,121.09
3317,124,1088,143,1,602.95
3318,124,1088,48,1,377.48
3319,124,1088,50,1,103.84
3320,124,1088,185,1,329.38
3321,362,1089,2,1,6856.93
3322,362,1089,3,1,182.88
3323,362,1089,6,2,2618.75
3324,362,1089,9,1,864.52
3325,362,1089,50,2,103.84
3326,285,1090,199,1,107.47
3327,285,1090,42,1,162.27
3328,285,1090,46,1,121.09
3329,285,1090,48,1,377.48
3330,285,1090,50,1,103.84
3331,291,1091,165,1,867.11
3332,331,1092,10,1,96.42
3333,164,1093,56,1,327.69
3334,164,1093,51,1,66.67
3335,279,1094,56,1,327.69
3336,279,1094,51,2,66.67
3337,279,1094,54,1,131.19
3338,25,1095,129,1,94.56
3339,25,1095,34,1,269.1
3340,25,1095,35,1,790.82
3341,25,1095,38,1,325.54
3342,187,1096,2,1,6856.93
3343,187,1096,3,1,182.88
3344,187,1096,6,1,2618.75
3345,187,1096,9,1,864.52
3346,187,1096,90,1,2115.26
3347,250,1097,32,1,182.43
3348,250,1097,164,1,297.97
3349,250,1097,37,1,113.29
3350,250,1097,39,1,51.31
3351,250,1097,73,1,249.37
3352,250,1097,31,1,118.65
3353,55,1098,192,1,105.53
3354,55,1098,2,1,6856.93
3355,55,1098,3,2,182.88
3356,55,1098,6,1,2618.75
3357,55,1098,9,1,864.52
3358,55,1098,151,1,71.91
3359,215,1099,1,1,5429.43
3360,215,1099,3,1,182.88
3361,215,1099,4,1,1045.02
3362,215,1099,10,1,96.42
3363,215,1099,81,1,1613.84
3364,177,1100,90,1,2115.26
3365,177,1100,167,1,104.4
3366,479,1101,41,1,708.68
3367,479,1101,42,1,162.27
3368,479,1101,47,1,691.19
3369,479,1101,48,1,377.48
3370,479,1101,28,1,207.71
3371,142,1102,162,1,2324.66
3372,401,1103,32,1,182.43
3373,401,1103,123,1,140.92
3374,401,1103,37,2,113.29
3375,337,1104,118,1,175.91
3376,55,1105,74,1,132.13
3377,55,1105,25,1,958.76
3378,55,1105,26,1,547.5
3379,55,1105,27,1,1128.13
3380,55,1105,28,1,207.71
3381,58,1106,114,1,246.79
3382,493,1107,58,1,143.75
3383,493,1107,189,1,46.18
3384,85,1108,56,1,327.69
3385,85,1108,51,1,66.67
3386,85,1108,53,1,95.99
3387,85,1108,54,2,131.19
3388,499,1109,1,1,5429.43
3389,499,1109,4,1,1045.02
3390,499,1109,37,2,113.29
3391,499,1109,10,1,96.42
3392,499,1109,186,1,109.52
3393,364,1110,84,1,98.36
3394,364,1110,21,1,2953.99
3395,1,1111,137,1,593.31
3396,1,1111,175,1,152.85
3397,302,1112,41,1,708.68
3398,116,1113,11,1,73.96
3399,116,1113,180,1,279.71
3400,36,1114,9,1,864.52
3401,36,1114,2,1,6856.93
3402,36,1114,3,1,182.88
3403,36,1114,6,1,2618.75
3404,369,1115,34,1,269.1
3405,369,1115,15,2,478.33
3406,437,1116,51,2,66.67
3407,437,1116,53,1,95.99
3408,437,1116,102,1,1982.66
3409,437,1116,87,2,281.44
3410,72,1117,25,1,958.76
3411,72,1117,26,1,547.5
3412,72,1117,28,1,207.71
3413,72,1117,42,1,162.27
3414,178,1118,68,1,1081.84
3415,178,1118,138,1,2075.88
3416,178,1118,46,1,121.09
3417,178,1118,48,1,377.48
3418,178,1118,50,2,103.84
3419,198,1119,120,1,37.31
3420,198,1119,124,1,4869.43
3421,149,1120,121,1,279.43
3422,149,1120,173,1,426.85
3423,113,1121,73,1,249.37
3424,113,1121,51,1,66.67
3425,113,1121,53,1,95.99
3426,113,1121,54,1,131.19
3427,113,1121,56,1,327.69
3428,393,1122,51,1,66.67
3429,253,1123,25,1,958.76
3430,253,1123,26,1,547.5
3431,253,1123,28,1,207.71
3432,253,1123,5,1,1043.64
3433,150,1124,14,1,687.06
3434,377,1125,32,1,182.43
3435,377,1125,119,2,1350.85
3436,484,1126,87,1,281.44
3437,202,1127,41,1,708.68
3438,202,1127,48,2,377.48
3439,202,1127,51,1,66.67
3440,202,1127,54,1,131.19
3441,202,1127,56,1,327.69
3442,380,1128,21,1,2953.99
3443,51,1129,2,1,6856.93
3444,51,1129,3,1,182.88
3445,51,1129,6,1,2618.75
3446,51,1129,111,1,453.66
3447,381,1130,48,1,377.48
3448,381,1130,42,1,162.27
3449,381,1130,47,1,691.19
3450,187,1131,172,2,72.49
3451,187,1131,25,1,958.76
3452,187,1131,26,2,547.5
3453,187,1131,59,1,88.07
3454,187,1131,29,1,137.26
3455,348,1132,166,2,184.75
3456,348,1132,41,1,708.68
3457,348,1132,42,2,162.27
3458,348,1132,171,1,100.57
3459,348,1132,47,1,691.19
3460,348,1132,48,1,377.48
3461,442,1133,48,1,377.48
3462,442,1133,92,1,182.48
3463,274,1134,150,1,244.37
3464,274,1134,119,2,1350.85
3465,275,1135,112,1,2651.9
3466,275,1135,34,1,269.1
3467,275,1135,38,1,325.54
3468,325,1136,115,1,131.51
3469,325,1136,55,1,41.52
3470,325,1136,25,1,958.76
3471,325,1136,26,1,547.5
3472,325,1136,28,1,207.71
3473,325,1136,29,1,137.26
3474,363,1137,137,1,593.31
3475,307,1138,56,2,327.69
3476,307,1138,51,1,66.67
3477,307,1138,29,1,137.26
3478,307,1138,54,1,131.19
3479,258,1139,56,2,327.69
3480,258,1139,51,1,66.67
3481,258,1139,104,1,146.34
3482,258,1139,53,1,95.99
3483,460,1140,25,1,958.76
3484,460,1140,26,1,547.5
3485,460,1140,164,1,297.97
3486,460,1140,28,1,207.71
3487,249,1141,2,1,6856.93
3488,249,1141,3,1,182.88
3489,249,1141,6,1,2618.75
3490,249,1141,9,1,864.52
3491,249,1141,41,1,708.68
3492,31,1142,32,1,182.43
3493,31,1142,37,1,113.29
3494,31,1142,31,1,118.65
3495,107,1143,9,1,864.52
3496,107,1143,2,1,6856.93
3497,107,1143,3,1,182.88
3498,107,1143,6,2,2618.75
3499,62,1144,42,1,162.27
3500,62,1144,46,1,121.09
3501,62,1144,48,1,377.48
3502,62,1144,177,1,3544.65
3503,62,1144,50,1,103.84
3504,62,1144,26,1,547.5
3505,369,1145,113,1,61.24
3506,369,1145,70,1,1076.29
3507,382,1146,140,2,61.32
3508,439,1147,33,1,404.5
3509,439,1147,34,1,269.1
3510,439,1147,35,1,790.82
3511,439,1147,38,1,325.54
3512,46,1148,91,1,978.27
3513,378,1149,48,1,377.48
3514,378,1149,42,1,162.27
3515,378,1149,179,2,148.28
3516,378,1149,46,1,121.09
3517,291,1150,152,1,92.66
3518,291,1150,1,1,5429.43
3519,291,1150,121,1,279.43
3520,94,1151,1,1,5429.43
3521,94,1151,10,1,96.42
3522,94,1151,4,1,1045.02
3523,87,1152,32,1,182.43
3524,87,1152,188,2,2599.64
3525,87,1152,39,1,51.31
3526,87,1152,31,1,118.65
3527,131,1153,143,1,602.95
3528,271,1154,30,1,583.67
3529,323,1155,2,2,6856.93
3530,323,1155,3,1,182.88
3531,16,1156,4,1,1045.02
3532,16,1156,88,2,398.34
3533,16,1156,25,1,958.76
3534,16,1156,26,1,547.5
3535,16,1156,28,1,207.71
3536,457,1157,133,1,165.39
3537,457,1157,175,1,152.85
3538,155,1158,63,1,557.39
3539,455,1159,110,1,228.23
3540,455,1159,25,1,958.76
3541,455,1159,26,1,547.5
3542,455,1159,28,1,207.71
3543,455,1159,29,1,137.26
3544,455,1159,62,1,122.09
3545,98,1160,108,1,5179.59
3546,98,1160,21,1,2953.99
3547,371,1161,173,1,426.85
3548,371,1161,51,1,66.67
3549,371,1161,53,1,95.99
3550,371,1161,54,1,131.19
3551,371,1161,56,1,327.69
3552,371,1161,62,1,122.09
3553,367,1162,200,1,284.58
3554,75,1163,48,1,377.48
3555,75,1163,46,1,121.09
3556,397,1164,1,1,5429.43
3557,397,1164,10,1,96.42
3558,397,1164,3,1,182.88
3559,397,1164,4,1,1045.02
3560,499,1165,110,1,228.23
3561,499,1165,47,1,691.19
3562,366,1166,192,1,105.53
3563,366,1166,2,1,6856.93
3564,366,1166,156,2,131.66
3565,249,1167,191,1,2178.66
3566,249,1167,25,1,958.76
3567,249,1167,26,1,547.5
3568,249,1167,28,1,207.71
3569,249,1167,29,2,137.26
3570,249,1167,57,1,215.42
3571,34,1168,56,1,327.69
3572,34,1168,51,1,66.67
3573,34,1168,53,1,95.99
3574,34,1168,54,2,131.19
3575,248,1169,5,2,1043.64
3576,248,1169,41,1,708.68
3577,248,1169,42,1,162.27
3578,248,1169,47,1,691.19
3579,248,1169,48,1,377.48
3580,248,1169,190,1,615.39
3581,379,1170,1,1,5429.43
3582,379,1170,3,1,182.88
3583,379,1170,4,1,1045.02
3584,379,1170,10,1,96.42
3585,379,1170,118,1,175.91
3586,1,1171,200,2,284.58
3587,1,1171,35,2,790.82
3588,281,1172,42,1,162.27
3589,281,1172,46,1,121.09
3590,281,1172,48,1,377.48
3591,281,1172,50,1,103.84
3592,281,1172,63,1,557.39
3593,195,1173,183,1,171.04
3594,435,1174,90,1,2115.26
3595,435,1174,61,1,1462.89
3596,163,1175,191,1,2178.66
3597,279,1176,25,1,958.76
3598,279,1176,26,1,547.5
3599,279,1176,131,1,457.64
3600,279,1176,29,1,137.26
3601,391,1177,25,1,958.76
3602,391,1177,26,1,547.5
3603,391,1177,28,1,207.71
3604,109,1178,16,1,680.77
3605,109,1178,1,2,5429.43
3606,109,1178,3,1,182.88
3607,109,1178,4,1,1045.02
3608,393,1179,9,1,864.52
3609,305,1180,9,1,864.52
3610,305,1180,4,1,1045.02
3611,235,1181,76,1,110.25
3612,369,1182,48,2,377.48
3613,369,1182,42,1,162.27
3614,369,1182,50,1,103.84
3615,369,1182,46,1,121.09
3616,354,1183,112,2,2651.9
3617,354,1183,33,1,404.5
3618,354,1183,34,1,269.1
3619,354,1183,196,2,211.44
3620,212,1184,51,1,66.67
3621,212,1184,53,1,95.99
3622,212,1184,54,1,131.19
3623,204,1185,161,1,280.14
3624,204,1185,66,1,234.31
3625,456,1186,42,1,162.27
3626,456,1186,106,1,449.77
3627,456,1186,46,1,121.09
3628,456,1186,48,1,377.48
3629,456,1186,50,1,103.84
3630,39,1187,200,1,284.58
3631,39,1187,25,1,958.76
3632,39,1187,26,1,547.5
3633,496,1188,135,1,248.61
3634,369,1189,194,1,582.97
3635,369,1189,42,2,162.27
3636,369,1189,76,1,110.25
3637,369,1189,46,1,121.09
3638,369,1189,48,1,377.48
3639,369,1189,50,1,103.84
3640,25,1190,52,1,108.37
3641,426,1191,32,1,182.43
3642,426,1191,33,1,404.5
3643,426,1191,37,1,113.29
3644,426,1191,39,1,51.31
3645,426,1191,31,1,118.65
3646,397,1192,190,2,615.39
3647,154,1193,25,1,958.76
3648,154,1193,13,1,342.07
3649,154,1193,55,1,41.52
3650,433,1194,2,1,6856.93
3651,433,1194,3,1,182.88
3652,433,1194,149,1,652.63
3653,433,1194,6,1,2618.75
3654,355,1195,33,1,404.5
3655,355,1195,25,1,958.76
3656,355,1195,26,2,547.5
3657,355,1195,28,1,207.71
3658,355,1195,29,1,137.26
3659,399,1196,1,2,5429.43
3660,399,1196,4,1,1045.02
3661,399,1196,109,1,44.98
3662,399,1196,92,1,182.48
3663,316,1197,77,1,193.57
3664,316,1197,39,1,51.31
3665,48,1198,48,1,377.48
3666,48,1198,162,1,2324.66
3667,48,1198,95,1,217.5
3668,48,1198,47,1,691.19
3669,249,1199,49,1,247.85
3670,249,1199,191,1,2178.66
3671,226,1200,2,1,6856.93
3672,448,1201,9,1,864.52
3673,448,1201,2,1,6856.93
3674,448,1201,6,1,2618.75
3675,448,1201,22,1,2057.09
3676,435,1202,160,1,298.73
3677,435,1202,126,1,224.49
3678,316,1203,69,1,5185.33
3679,316,1203,41,1,708.68
3680,316,1203,42,1,162.27
3681,316,1203,47,1,691.19
3682,316,1203,48,1,377.48
3683,396,1204,148,1,658.67
3684,396,1204,28,1,207.71
3685,113,1205,33,1,404.5
3686,134,1206,48,2,377.48
3687,134,1206,41,1,708.68
3688,134,1206,85,1,1742.75
3689,134,1206,47,1,691.19
3690,471,1207,1,1,5429.43
3691,471,1207,4,1,1045.02
3692,471,1207,199,1,107.47
3693,471,1207,137,1,593.31
3694,471,1207,10,1,96.42
3695,23,1208,138,1,2075.88
3696,23,1208,85,1,1742.75
3697,23,1208,25,2,958.76
3698,23,1208,28,1,207.71
3699,23,1208,29,2,137.26
3700,472,1209,5,1,1043.64
3701,472,1209,25,1,958.76
3702,472,1209,26,1,547.5
3703,472,1209,28,1,207.71
3704,472,1209,29,1,137.26
3705,352,1210,12,1,378.07
3706,352,1210,62,1,122.09
3707,95,1211,120,1,37.31
3708,95,1211,18,1,685.51
3709,136,1212,68,1,1081.84
3710,206,1213,48,2,377.48
3711,206,1213,42,1,162.27
3712,206,1213,46,1,121.09
3713,347,1214,26,1,547.5
3714,347,1214,25,1,958.76
3715,347,1214,186,1,109.52
3716,347,1214,28,1,207.71
3717,347,1214,29,2,137.26
3718,425,1215,42,1,162.27
3719,425,1215,45,1,207.67
3720,425,1215,46,1,121.09
3721,425,1215,39,1,51.31
3722,364,1216,32,1,182.43
3723,364,1216,39,1,51.31
3724,364,1216,31,1,118.65
3725,195,1217,33,2,404.5
3726,195,1217,34,1,269.1
3727,195,1217,35,1,790.82
3728,195,1217,38,1,325.54
3729,195,1217,124,1,4869.43
3730,45,1218,115,1,131.51
3731,45,1218,196,2,211.44
3732,394,1219,61,2,1462.89
3733,212,1220,51,1,66.67
3734,212,1220,53,1,95.99
3735,212,1220,54,1,131.19
3736,244,1221,21,1,2953.99
3737,47,1222,184,1,617.48
3738,47,1222,45,1,207.67
3739,228,1223,53,1,95.99
3740,107,1224,35,1,790.82
3741,365,1225,37,2,113.29
3742,211,1226,9,1,864.52
3743,211,1226,2,2,6856.93
3744,211,1226,6,1,2618.75
3745,327,1227,46,1,121.09
3746,233,1228,1,1,5429.43
3747,233,1228,98,1,449.02
3748,233,1228,3,2,182.88
3749,233,1228,4,1,1045.02
3750,233,1228,10,2,96.42
3751,233,1228,151,1,71.91
3752,93,1229,2,1,6856.93
3753,93,1229,3,1,182.88
3754,93,1229,6,1,2618.75
3755,93,1229,9,1,864.52
3756,93,1229,27,1,1128.13
3757,348,1230,134,1,3215.18
3758,279,1231,48,1,377.48
3759,279,1231,42,1,162.27
3760,279,1231,47,1,691.19
3761,131,1232,13,2,342.07
3762,425,1233,51,1,66.67
3763,425,1233,53,1,95.99
3764,425,1233,54,1,131.19
3765,425,1233,56,1,327.69
3766,425,1233,126,1,224.49
3767,168,1234,32,1,182.43
3768,168,1234,96,1,2249.21
3769,168,1234,37,1,113.29
3770,168,1234,39,2,51.31
3771,168,1234,177,1,3544.65
3772,130,1235,56,1,327.69
3773,130,1235,51,1,66.67
3774,397,1236,1,1,5429.43
3775,397,1236,10,1,96.42
3776,397,1236,3,1,182.88
3777,397,1236,86,1,336.99
3778,72,1237,200,1,284.58
3779,72,1237,9,1,864.52
3780,72,1237,2,1,6856.93
3781,72,1237,32,1,182.43
3782,89,1238,175,1,152.85
3783,68,1239,1,1,5429.43
3784,68,1239,10,1,96.42
3785,68,1239,3,1,182.88
3786,68,1239,4,1,1045.02
3787,331,1240,114,1,246.79
3788,331,1240,66,1,234.31
3789,97,1241,128,1,664.23
3790,97,1241,36,1,703.99
3791,219,1242,1,2,5429.43
3792,219,1242,4,1,1045.02
3793,219,1242,10,1,96.42
3794,219,1242,74,1,132.13
3795,219,1242,155,1,298.62
3796,379,1243,1,1,5429.43
3797,379,1243,3,1,182.88
3798,379,1243,4,1,1045.02
3799,379,1243,197,1,1440.46
3800,379,1243,10,1,96.42
3801,131,1244,1,1,5429.43
3802,131,1244,3,1,182.88
3803,131,1244,4,2,1045.02
3804,249,1245,34,1,269.1
3805,249,1245,38,1,325.54
3806,322,1246,105,1,250.27
3807,322,1246,50,1,103.84
3808,117,1247,130,1,3341.54
3809,488,1248,82,1,482.06
3810,488,1248,157,1,278.2
3811,206,1249,13,1,342.07
3812,143,1250,48,1,377.48
3813,143,1250,32,1,182.43
3814,143,1250,2,2,6856.93
3815,143,1250,3,1,182.88
3816,21,1251,2,1,6856.93
3817,21,1251,115,2,131.51
3818,62,1252,76,1,110.25
3819,62,1252,69,1,5185.33
3820,477,1253,2,1,6856.93
3821,477,1253,3,1,182.88
3822,477,1253,6,1,2618.75
3823,99,1254,173,1,426.85
3824,99,1254,95,1,217.5
3825,478,1255,170,1,810.36
3826,477,1256,138,1,2075.88
3827,477,1256,131,2,457.64
3828,191,1257,1,1,5429.43
3829,191,1257,3,1,182.88
3830,191,1257,4,1,1045.02
3831,191,1257,10,1,96.42
3832,191,1257,89,1,73.16
3833,56,1258,68,1,1081.84
3834,469,1259,37,1,113.29
3835,469,1259,54,1,131.19
3836,469,1259,25,1,958.76
3837,469,1259,26,1,547.5
3838,469,1259,28,1,207.71
3839,441,1260,139,1,351.69
3840,441,1260,44,1,1768.56
3841,483,1261,48,1,377.48
3842,483,1261,41,1,708.68
3843,483,1261,42,1,162.27
3844,483,1261,47,1,691.19
3845,334,1262,25,1,958.76
3846,334,1262,26,1,547.5
3847,334,1262,106,1,449.77
3848,334,1262,167,1,104.4
3849,14,1263,72,1,295.83
3850,14,1263,191,1,2178.66
3851,338,1264,51,1,66.67
3852,406,1265,1,1,5429.43
3853,406,1265,3,1,182.88
3854,406,1265,4,1,1045.02
3855,406,1265,72,1,295.83
3856,406,1265,10,1,96.42
3857,464,1266,1,1,5429.43
3858,464,1266,3,1,182.88
3859,464,1266,4,1,1045.02
3860,464,1266,10,1,96.42
3861,464,1266,117,1,159.84
3862,214,1267,41,1,708.68
3863,214,1267,42,1,162.27
3864,214,1267,47,1,691.19
3865,96,1268,25,1,958.76
3866,96,1268,26,1,547.5
3867,96,1268,28,1,207.71
3868,96,1268,29,1,137.26
3869,191,1269,33,1,404.5
3870,19,1270,1,1,5429.43
3871,19,1270,6,1,2618.75
3872,19,1270,25,1,958.76
3873,19,1270,28,1,207.71
3874,19,1270,29,1,137.26
3875,30,1271,32,1,182.43
3876,30,1271,37,1,113.29
3877,30,1271,39,1,51.31
3878,30,1271,74,1,132.13
3879,30,1271,156,1,131.66
3880,402,1272,115,1,131.51
3881,402,1272,148,1,658.67
3882,101,1273,54,1,131.19
3883,101,1273,34,1,269.1
3884,101,1273,180,2,279.71
3885,101,1273,38,1,325.54
3886,198,1274,51,1,66.67
3887,198,1274,53,1,95.99
3888,198,1274,54,1,131.19
3889,453,1275,32,1,182.43
3890,453,1275,39,1,51.31
3891,453,1275,37,1,113.29
3892,453,1275,31,1,118.65
3893,406,1276,66,1,234.31
3894,406,1276,117,1,159.84
3895,316,1277,9,1,864.52
3896,316,1277,2,1,6856.93
3897,316,1277,11,1,73.96
3898,316,1277,6,1,2618.75
3899,318,1278,121,1,279.43
3900,318,1278,108,1,5179.59
3901,240,1279,56,1,327.69
3902,240,1279,51,1,66.67
3903,240,1279,53,1,95.99
3904,240,1279,54,1,131.19
3905,478,1280,32,1,182.43
3906,478,1280,37,1,113.29
3907,478,1280,39,1,51.31
3908,478,1280,50,1,103.84
3909,478,1280,31,1,118.65
3910,350,1281,1,1,5429.43
3911,350,1281,3,2,182.88
3912,350,1281,4,1,1045.02
3913,350,1281,166,1,184.75
3914,278,1282,43,1,1574.27
3915,278,1282,133,1,165.39
3916,454,1283,139,1,351.69
3917,454,1283,118,1,175.91
3918,445,1284,135,1,248.61
3919,445,1284,51,1,66.67
3920,445,1284,53,1,95.99
3921,445,1284,54,1,131.19
3922,445,1284,56,1,327.69
3923,445,1284,122,1,696.77
3924,261,1285,129,1,94.56
3925,261,1285,181,2,353.61
3926,409,1286,97,1,1968.21
3927,409,1286,171,1,100.57
3928,119,1287,48,1,377.48
3929,119,1287,50,1,103.84
3930,119,1287,40,1,36.51
3931,119,1287,46,1,121.09
3932,445,1288,2,1,6856.93
3933,445,1288,3,1,182.88
3934,445,1288,6,1,2618.75
3935,445,1288,9,1,864.52
3936,445,1288,110,1,228.23
3937,489,1289,176,1,1269.55
3938,489,1289,186,1,109.52
3939,91,1290,25,1,958.76
3940,437,1291,16,1,680.77
3941,437,1291,5,1,1043.64
3942,106,1292,32,1,182.43
3943,106,1292,129,1,94.56
3944,106,1292,39,1,51.31
3945,106,1292,31,2,118.65
3946,462,1293,152,1,92.66
3947,462,1293,25,2,958.76
3948,9,1294,64,1,578.73
3949,257,1295,199,1,107.47
3950,257,1295,49,1,247.85
3951,257,1295,25,1,958.76
3952,257,1295,26,1,547.5
3953,257,1295,28,1,207.71
3954,257,1295,29,1,137.26
3955,75,1296,1,1,5429.43
3956,75,1296,4,1,1045.02
3957,96,1297,25,1,958.76
3958,96,1297,26,1,547.5
3959,96,1297,83,1,584.83
3960,495,1298,81,1,1613.84
3961,495,1298,173,1,426.85
3962,376,1299,145,1,165.87
3963,394,1300,57,1,215.42
3964,395,1301,50,1,103.84
3965,395,1301,13,1,342.07
3966,395,1301,46,1,121.09
3967,395,1301,138,1,2075.88
3968,148,1302,39,1,51.31
3969,139,1303,186,1,109.52
3970,139,1303,175,2,152.85
3971,328,1304,33,1,404.5
3972,328,1304,34,1,269.1
3973,328,1304,35,1,790.82
3974,328,1304,54,1,131.19
3975,255,1305,195,1,411.6
3976,255,1305,29,1,137.26
3977,255,1305,25,1,958.76
3978,255,1305,26,1,547.5
3979,255,1305,28,2,207.71
3980,255,1305,61,1,1462.89
3981,337,1306,9,1,864.52
3982,337,1306,2,1,6856.93
3983,337,1306,3,1,182.88
3984,186,1307,1,1,5429.43
3985,186,1307,3,1,182.88
3986,186,1307,4,1,1045.02
3987,305,1308,161,1,280.14
3988,305,1308,25,1,958.76
3989,305,1308,26,1,547.5
3990,305,1308,28,1,207.71
3991,305,1308,29,1,137.26
3992,56,1309,12,1,378.07
3993,470,1310,11,1,73.96
3994,470,1310,2,1,6856.93
3995,470,1310,3,1,182.88
3996,195,1311,194,1,582.97
3997,195,1311,14,1,687.06
3998,195,1311,25,1,958.76
3999,195,1311,26,1,547.5
4000,195,1311,28,1,207.71
4001,6,1312,8,1,338.12
4002,6,1312,34,1,269.1
4003,6,1312,38,2,325.54
4004,135,1313,10,1,96.42
4005,489,1314,2,1,6856.93
4006,363,1315,144,1,91.59
4007,47,1316,33,1,404.5
4008,47,1316,34,1,269.1
4009,47,1316,35,2,790.82
4010,47,1316,38,2,325.54
4011,497,1317,60,2,325.99
4012,497,1317,39,1,51.31
4013,258,1318,9,1,864.52
4014,258,1318,2,1,6856.93
4015,258,1318,3,1,182.88
4016,258,1318,150,1,244.37
4017,321,1319,182,1,190.33
4018,348,1320,25,1,958.76
4019,348,1320,26,1,547.5
4020,348,1320,28,1,207.71
4021,348,1320,157,1,278.2
4022,483,1321,117,1,159.84
4023,391,1322,32,2,182.43
4024,391,1322,194,1,582.97
4025,391,1322,39,1,51.31
4026,391,1322,31,1,118.65
4027,415,1323,101,1,241.26
4028,21,1324,136,2,1233.09
4029,21,1324,59,2,88.07
4030,85,1325,76,1,110.25
4031,257,1326,193,2,256.05
4032,257,1326,2,1,6856.93
4033,257,1326,20,1,600.91
4034,257,1326,6,1,2618.75
4035,34,1327,1,2,5429.43
4036,34,1327,2,1,6856.93
4037,34,1327,3,1,182.88
4038,34,1327,66,1,234.31
4039,34,1327,6,1,2618.75
4040,34,1327,9,1,864.52
4041,14,1328,50,1,103.84
4042,14,1328,45,2,207.67
4043,14,1328,46,1,121.09
4044,293,1329,25,1,958.76
4045,293,1329,26,1,547.5
4046,293,1329,172,1,72.49
4047,293,1329,52,2,108.37
4048,469,1330,32,1,182.43
4049,469,1330,37,1,113.29
4050,469,1330,39,1,51.31
4051,469,1330,51,1,66.67
4052,469,1330,31,2,118.65
4053,14,1331,133,1,165.39
4054,352,1332,34,1,269.1
4055,352,1332,25,1,958.76
4056,352,1332,26,1,547.5
4057,352,1332,28,1,207.71
4058,352,1332,29,1,137.26
4059,311,1333,48,2,377.48
4060,311,1333,42,1,162.27
4061,311,1333,50,1,103.84
4062,311,1333,46,2,121.09
4063,381,1334,17,1,281.04
4064,381,1334,165,1,867.11
4065,407,1335,42,2,162.27
4066,407,1335,19,2,195.42
4067,407,1335,125,1,208.91
4068,407,1335,46,1,121.09
4069,231,1336,64,1,578.73
4070,231,1336,15,1,478.33
4071,346,1337,179,1,148.28
4072,346,1337,139,1,351.69
4073,49,1338,5,1,1043.64
4074,49,1338,42,1,162.27
4075,49,1338,47,2,691.19
4076,49,1338,48,2,377.48
4077,49,1338,124,1,4869.43
4078,269,1339,103,1,398.87
4079,269,1339,176,1,1269.55
4080,269,1339,51,2,66.67
4081,269,1339,54,1,131.19
4082,269,1339,56,1,327.69
4083,81,1340,33,1,404.5
4084,81,1340,34,1,269.1
4085,81,1340,35,1,790.82
4086,81,1340,36,1,703.99
4087,81,1340,38,1,325.54
4088,81,1340,18,2,685.51
4089,244,1341,128,1,664.23
4090,483,1342,48,1,377.48
4091,483,1342,50,1,103.84
4092,483,1342,42,1,162.27
4093,483,1342,46,1,121.09
4094,475,1343,194,1,582.97
4095,475,1343,95,1,217.5
4096,262,1344,171,1,100.57
4097,405,1345,65,1,586.82
4098,405,1345,1,1,5429.43
4099,405,1345,4,1,1045.02
4100,405,1345,10,1,96.42
4101,405,1345,147,2,4075.22
4102,489,1346,48,1,377.48
4103,489,1346,180,1,279.71
4104,489,1346,46,1,121.09
4105,104,1347,186,1,109.52
4106,104,1347,63,1,557.39
4107,499,1348,56,1,327.69
4108,499,1348,64,1,578.73
4109,5,1349,32,1,182.43
4110,5,1349,37,1,113.29
4111,5,1349,39,1,51.31
4112,5,1349,150,1,244.37
4113,5,1349,31,2,118.65
4114,68,1350,162,1,2324.66
4115,68,1350,42,1,162.27
4116,68,1350,25,1,958.76
4117,68,1350,26,1,547.5
4118,68,1350,29,1,137.26
4119,47,1351,181,1,353.61
4120,469,1352,32,1,182.43
4121,469,1352,37,1,113.29
4122,195,1353,33,2,404.5
4123,195,1353,34,1,269.1
4124,195,1353,35,2,790.82
4125,195,1353,38,1,325.54
4126,139,1354,25,1,958.76
4127,139,1354,26,1,547.5
4128,205,1355,32,2,182.43
4129,205,1355,188,1,2599.64
4130,205,1355,37,1,113.29
4131,325,1356,56,1,327.69
4132,325,1356,51,1,66.67
4133,325,1356,53,1,95.99
4134,325,1356,54,1,131.19
4135,427,1357,185,2,329.38
4136,32,1358,191,1,2178.66
4137,1,1359,132,1,284.92
4138,1,1359,2,2,6856.93
4139,1,1359,36,1,703.99
4140,1,1359,6,1,2618.75
4141,153,1360,2,2,6856.93
4142,153,1360,3,1,182.88
4143,153,1360,197,1,1440.46
4144,153,1360,6,2,2618.75
4145,153,1360,9,1,864.52
4146,153,1360,116,2,136.01
4147,279,1361,2,1,6856.93
4148,279,1361,150,1,244.37
4149,279,1361,6,1,2618.75
4150,133,1362,41,1,708.68
4151,133,1362,42,1,162.27
4152,133,1362,47,1,691.19
4153,133,1362,83,2,584.83
4154,133,1362,116,1,136.01
4155,254,1363,34,1,269.1
4156,472,1364,32,2,182.43
4157,472,1364,104,2,146.34
4158,472,1364,46,1,121.09
4159,472,1364,39,1,51.31
4160,317,1365,9,2,864.52
4161,317,1365,2,2,6856.93
4162,317,1365,187,1,521.01
4163,317,1365,6,1,2618.75
4164,40,1366,41,1,708.68
4165,40,1366,74,1,132.13
4166,40,1366,47,1,691.19
4167,40,1366,48,1,377.48
4168,40,1366,51,1,66.67
4169,64,1367,161,1,280.14
4170,64,1367,2,1,6856.93
4171,64,1367,198,1,440.15
4172,64,1367,6,1,2618.75
4173,64,1367,9,1,864.52
4174,255,1368,42,1,162.27
4175,255,1368,46,1,121.09
4176,255,1368,48,2,377.48
4177,255,1368,50,1,103.84
4178,255,1368,186,1,109.52
4179,62,1369,48,1,377.48
4180,62,1369,42,1,162.27
4181,62,1369,4,1,1045.02
4182,62,1369,46,1,121.09
4183,231,1370,97,1,1968.21
4184,231,1370,151,2,71.91
4185,400,1371,41,2,708.68
4186,400,1371,42,1,162.27
4187,400,1371,47,1,691.19
4188,400,1371,48,1,377.48
4189,400,1371,26,1,547.5
4190,400,1371,92,2,182.48
4191,26,1372,9,1,864.52
4192,26,1372,2,1,6856.93
4193,26,1372,3,1,182.88
4194,26,1372,6,2,2618.75
4195,94,1373,20,1,600.91
4196,94,1373,101,2,241.26
4197,290,1374,42,1,162.27
4198,290,1374,138,1,2075.88
4199,290,1374,46,1,121.09
4200,290,1374,48,1,377.48
4201,290,1374,50,1,103.84
4202,377,1375,32,1,182.43
4203,377,1375,37,1,113.29
4204,377,1375,39,1,51.31
4205,377,1375,10,1,96.42
4206,377,1375,31,1,118.65
4207,478,1376,25,1,958.76
4208,478,1376,26,1,547.5
4209,478,1376,28,1,207.71
4210,478,1376,29,1,137.26
4211,478,1376,191,1,2178.66
4212,403,1377,123,1,140.92
4213,403,1377,5,1,1043.64
4214,95,1378,32,1,182.43
4215,95,1378,39,1,51.31
4216,95,1378,94,1,192.65
4217,95,1378,31,1,118.65
4218,67,1379,32,2,182.43
4219,67,1379,37,1,113.29
4220,67,1379,39,1,51.31
4221,67,1379,147,1,4075.22
4222,67,1379,155,1,298.62
4223,67,1379,31,1,118.65
4224,485,1380,51,1,66.67
4225,485,1380,53,1,95.99
4226,165,1381,25,1,958.76
4227,165,1381,26,1,547.5
4228,165,1381,28,1,207.71
4229,165,1381,29,1,137.26
4230,185,1382,87,1,281.44
4231,118,1383,32,1,182.43
4232,118,1383,48,1,377.48
4233,118,1383,37,1,113.29
4234,118,1383,39,1,51.31
4235,127,1384,32,2,182.43
4236,127,1384,85,1,1742.75
4237,252,1385,25,1,958.76
4238,252,1385,132,1,284.92
4239,252,1385,29,2,137.26
4240,252,1385,78,1,637.27
4241,276,1386,120,1,37.31
4242,276,1386,26,1,547.5
4243,177,1387,63,1,557.39
4244,243,1388,55,1,41.52
4245,243,1388,25,1,958.76
4246,243,1388,26,1,547.5
4247,243,1388,28,1,207.71
4248,243,1388,29,1,137.26
4249,371,1389,80,2,996.58
4250,461,1390,48,1,377.48
4251,461,1390,113,1,61.24
4252,461,1390,42,1,162.27
4253,461,1390,47,1,691.19
4254,16,1391,78,1,637.27
4255,291,1392,32,1,182.43
4256,291,1392,37,1,113.29
4257,291,1392,39,1,51.31
4258,291,1392,75,1,670.09
4259,291,1392,31,1,118.65
4260,256,1393,5,1,1043.64
4261,256,1393,165,1,867.11
4262,242,1394,48,1,377.48
4263,242,1394,55,1,41.52
4264,242,1394,47,1,691.19
4265,24,1395,2,1,6856.93
4266,24,1395,60,1,325.99
4267,214,1396,2,1,6856.93
4268,214,1396,3,1,182.88
4269,214,1396,6,1,2618.75
4270,214,1396,102,1,1982.66
4271,214,1396,9,1,864.52
4272,214,1396,123,1,140.92
4273,206,1397,2,1,6856.93
4274,206,1397,3,2,182.88
4275,206,1397,6,2,2618.75
4276,206,1397,9,1,864.52
4277,206,1397,10,1,96.42
4278,19,1398,100,1,418.81
4279,19,1398,175,1,152.85
4280,227,1399,32,1,182.43
4281,227,1399,124,1,4869.43
4282,227,1399,37,1,113.29
4283,15,1400,48,1,377.48
4284,15,1400,42,1,162.27
4285,15,1400,50,1,103.84
4286,15,1400,46,1,121.09
4287,241,1401,95,1,217.5
4288,439,1402,34,1,269.1
4289,439,1402,35,1,790.82
4290,439,1402,38,1,325.54
4291,237,1403,178,1,3002.16
4292,103,1404,39,1,51.31
4293,103,1404,42,1,162.27
4294,103,1404,46,1,121.09
4295,103,1404,48,2,377.48
4296,103,1404,50,1,103.84
4297,158,1405,38,1,325.54
4298,158,1405,50,2,103.84
4299,158,1405,46,1,121.09
4300,119,1406,48,1,377.48
4301,119,1406,42,1,162.27
4302,119,1406,46,1,121.09
4303,417,1407,41,1,708.68
4304,417,1407,193,1,256.05
4305,417,1407,105,1,250.27
4306,417,1407,47,2,691.19
4307,482,1408,82,2,482.06
4308,226,1409,41,1,708.68
4309,226,1409,4,1,1045.02
4310,482,1410,25,1,958.76
4311,306,1411,137,1,593.31
4312,306,1411,102,1,1982.66
4313,306,1411,46,1,121.09
4314,158,1412,82,1,482.06
4315,158,1412,30,1,583.67
4316,307,1413,168,1,126.51
4317,307,1413,1,1,5429.43
4318,307,1413,50,1,103.84
4319,307,1413,46,1,121.09
4320,229,1414,64,1,578.73
4321,229,1414,34,1,269.1
4322,168,1415,32,1,182.43
4323,168,1415,37,1,113.29
4324,168,1415,39,1,51.31
4325,168,1415,51,1,66.67
4326,168,1415,153,1,564.14
4327,168,1415,31,1,118.65
4328,32,1416,1,1,5429.43
4329,32,1416,3,1,182.88
4330,32,1416,4,1,1045.02
4331,32,1416,155,1,298.62
4332,156,1417,185,1,329.38
4333,281,1418,48,1,377.48
4334,281,1418,42,2,162.27
4335,281,1418,50,2,103.84
4336,281,1418,46,1,121.09
4337,415,1419,1,1,5429.43
4338,415,1419,4,2,1045.02
4339,365,1420,33,1,404.5
4340,365,1420,34,1,269.1
4341,365,1420,35,1,790.82
4342,365,1420,38,1,325.54
4343,151,1421,60,1,325.99
4344,26,1422,129,2,94.56
4345,26,1422,51,1,66.67
4346,26,1422,53,1,95.99
4347,26,1422,54,1,131.19
4348,26,1422,56,1,327.69
4349,489,1423,29,1,137.26
4350,207,1424,32,1,182.43
4351,207,1424,77,1,193.57
4352,207,1424,39,1,51.31
4353,207,1424,31,1,118.65
4354,433,1425,25,1,958.76
4355,433,1425,26,1,547.5
4356,118,1426,2,1,6856.93
4357,118,1426,3,1,182.88
4358,118,1426,133,1,165.39
4359,118,1426,6,1,2618.75
4360,118,1426,58,1,143.75
4361,242,1427,9,1,864.52
4362,242,1427,2,1,6856.93
4363,242,1427,3,1,182.88
4364,242,1427,6,1,2618.75
4365,493,1428,50,1,103.84
4366,493,1428,46,1,121.09
4367,119,1429,25,1,958.76
4368,119,1429,28,1,207.71
4369,119,1429,29,1,137.26
4370,107,1430,3,1,182.88
4371,326,1431,46,1,121.09
4372,146,1432,1,1,5429.43
4373,146,1432,4,1,1045.02
4374,146,1432,15,1,478.33
4375,146,1432,135,1,248.61
4376,136,1433,19,1,195.42
4377,136,1433,51,1,66.67
4378,136,1433,53,2,95.99
4379,136,1433,54,1,131.19
4380,35,1434,155,1,298.62
4381,35,1434,101,1,241.26
4382,437,1435,108,1,5179.59
4383,437,1435,92,1,182.48
4384,58,1436,68,1,1081.84
4385,58,1436,175,2,152.85
4386,58,1436,51,1,66.67
4387,58,1436,53,1,95.99
4388,58,1436,56,1,327.69
4389,94,1437,1,1,5429.43
4390,94,1437,10,1,96.42
4391,94,1437,3,1,182.88
4392,94,1437,4,1,1045.02
4393,78,1438,77,1,193.57
4394,287,1439,35,2,790.82
4395,97,1440,42,1,162.27
4396,259,1441,34,1,269.1
4397,259,1441,38,1,325.54
4398,144,1442,178,1,3002.16
4399,391,1443,32,1,182.43
4400,391,1443,189,2,46.18
4401,391,1443,37,2,113.29
4402,391,1443,31,1,118.65
4403,211,1444,33,1,404.5
4404,211,1444,34,1,269.1
4405,211,1444,35,1,790.82
4406,211,1444,2,1,6856.93
4407,211,1444,38,1,325.54
4408,211,1444,23,2,3803.84
4409,31,1445,57,1,215.42
4410,31,1445,109,2,44.98
4411,123,1446,25,1,958.76
4412,123,1446,26,1,547.5
4413,123,1446,33,1,404.5
4414,213,1447,113,1,61.24
4415,213,1447,179,1,148.28
4416,474,1448,48,1,377.48
4417,474,1448,41,1,708.68
4418,474,1448,42,1,162.27
4419,474,1448,47,1,691.19
4420,437,1449,1,1,5429.43
4421,437,1449,3,1,182.88
4422,437,1449,4,1,1045.02
4423,437,1449,47,1,691.19
4424,437,1449,178,1,3002.16
4425,241,1450,178,1,3002.16
4426,241,1450,123,2,140.92
4427,354,1451,98,1,449.02
4428,162,1452,25,1,958.76
4429,162,1452,26,1,547.5
4430,162,1452,28,1,207.71
4431,162,1452,29,1,137.26
4432,162,1452,30,1,583.67
4433,468,1453,2,1,6856.93
4434,468,1453,3,2,182.88
4435,468,1453,6,1,2618.75
4436,468,1453,71,1,241.15
4437,468,1453,9,2,864.52
4438,468,1453,15,1,478.33
4439,424,1454,137,1,593.31
4440,424,1454,117,1,159.84
4441,280,1455,189,2,46.18
4442,280,1455,6,1,2618.75
4443,338,1456,34,1,269.1
4444,338,1456,35,1,790.82
4445,338,1456,38,1,325.54
4446,338,1456,12,1,378.07
4447,338,1456,155,1,298.62
4448,315,1457,192,1,105.53
4449,315,1457,51,2,66.67
4450,315,1457,54,1,131.19
4451,315,1457,56,1,327.69
4452,315,1457,154,1,3786.85
4453,379,1458,19,1,195.42
4454,379,1458,38,1,325.54
4455,422,1459,52,1,108.37
4456,287,1460,17,2,281.04
4457,287,1460,103,1,398.87
4458,143,1461,32,2,182.43
4459,143,1461,37,2,113.29
4460,143,1461,39,2,51.31
4461,31,1462,98,1,449.02
4462,31,1462,100,1,418.81
4463,8,1463,42,1,162.27
4464,8,1463,195,1,411.6
4465,8,1463,50,1,103.84
4466,8,1463,46,1,121.09
4467,30,1464,32,1,182.43
4468,30,1464,194,1,582.97
4469,30,1464,37,1,113.29
4470,30,1464,39,1,51.31
4471,30,1464,108,1,5179.59
4472,30,1464,31,1,118.65
4473,64,1465,8,1,338.12
4474,64,1465,42,1,162.27
4475,64,1465,46,1,121.09
4476,64,1465,50,1,103.84
4477,64,1465,82,1,482.06
4478,212,1466,152,1,92.66
4479,212,1466,41,1,708.68
4480,212,1466,42,1,162.27
4481,212,1466,47,1,691.19
4482,164,1467,101,1,241.26
4483,164,1467,159,1,132.33
4484,444,1468,112,2,2651.9
4485,444,1468,65,1,586.82
4486,299,1469,41,1,708.68
4487,299,1469,42,1,162.27
4488,299,1469,47,1,691.19
4489,299,1469,23,1,3803.84
4490,299,1469,59,1,88.07
4491,262,1470,56,1,327.69
4492,262,1470,51,1,66.67
4493,262,1470,53,1,95.99
4494,262,1470,54,1,131.19
4495,161,1471,81,2,1613.84
4496,161,1471,86,1,336.99
4497,141,1472,9,1,864.52
4498,141,1472,2,1,6856.93
4499,141,1472,3,1,182.88
4500,141,1472,6,1,2618.75
4501,475,1473,21,1,2953.99
4502,475,1473,191,1,2178.66
4503,489,1474,78,2,637.27
4504,391,1475,25,1,958.76
4505,391,1475,26,1,547.5
4506,391,1475,28,2,207.71
4507,391,1475,29,1,137.26
4508,44,1476,26,1,547.5
4509,160,1477,42,1,162.27
4510,160,1477,127,1,209.71
4511,160,1477,114,2,246.79
4512,160,1477,47,1,691.19
4513,74,1478,56,1,327.69
4514,74,1478,51,1,66.67
4515,74,1478,54,1,131.19
4516,145,1479,46,1,121.09
4517,145,1479,48,1,377.48
4518,145,1479,177,2,3544.65
4519,145,1479,50,1,103.84
4520,145,1479,90,1,2115.26
4521,296,1480,139,1,351.69
4522,296,1480,151,1,71.91
4523,391,1481,47,2,691.19
4524,78,1482,169,1,452.68
4525,234,1483,16,1,680.77
4526,234,1483,40,2,36.51
4527,353,1484,144,1,91.59
4528,353,1484,41,1,708.68
4529,353,1484,47,1,691.19
4530,103,1485,33,1,404.5
4531,103,1485,42,1,162.27
4532,103,1485,46,1,121.09
4533,103,1485,48,1,377.48
4534,103,1485,50,1,103.84
4535,108,1486,46,1,121.09
4536,399,1487,34,1,269.1
4537,399,1487,35,1,790.82
4538,399,1487,38,1,325.54
4539,175,1488,2,1,6856.93
4540,175,1488,3,1,182.88
4541,175,1488,6,1,2618.75
4542,175,1488,9,1,864.52
4543,175,1488,145,1,165.87
4544,323,1489,51,1,66.67
4545,323,1489,53,1,95.99
4546,323,1489,54,1,131.19
4547,323,1489,56,1,327.69
4548,323,1489,25,1,958.76
4549,323,1489,186,1,109.52
4550,83,1490,8,1,338.12
4551,407,1491,91,1,978.27
4552,407,1491,171,1,100.57
4553,28,1492,21,1,2953.99
4554,28,1492,39,1,51.31
4555,286,1493,184,1,617.48
4556,286,1493,42,1,162.27
4557,286,1493,50,1,103.84
4558,286,1493,46,2,121.09
4559,275,1494,42,1,162.27
4560,275,1494,46,1,121.09
4561,275,1494,48,1,377.48
4562,275,1494,50,1,103.84
4563,275,1494,182,1,190.33
4564,275,1494,186,1,109.52
4565,175,1495,48,1,377.48
4566,175,1495,50,1,103.84
4567,175,1495,46,1,121.09
4568,423,1496,163,1,417.18
4569,423,1496,29,1,137.26
4570,115,1497,32,1,182.43
4571,115,1497,37,1,113.29
4572,115,1497,39,1,51.31
4573,115,1497,20,1,600.91
4574,115,1497,29,2,137.26
4575,115,1497,31,1,118.65
4576,81,1498,33,1,404.5
4577,81,1498,34,1,269.1
4578,81,1498,38,1,325.54
4579,81,1498,115,1,131.51
4580,81,1498,127,1,209.71
4581,313,1499,25,1,958.76
4582,313,1499,26,1,547.5
4583,313,1499,28,1,207.71
4584,313,1499,29,1,137.26
4585,191,1500,41,1,708.68
4586,191,1500,42,1,162.27
4587,191,1500,47,1,691.19
4588,42,1501,32,1,182.43
4589,42,1501,1,1,5429.43
4590,42,1501,37,1,113.29
4591,42,1501,39,1,51.31
4592,323,1502,99,1,185.24
4593,323,1502,1,1,5429.43
4594,323,1502,3,1,182.88
4595,323,1502,4,1,1045.02
4596,11,1503,131,1,457.64
4597,11,1503,84,1,98.36
4598,49,1504,1,1,5429.43
4599,49,1504,3,2,182.88
4600,49,1504,4,1,1045.02
4601,49,1504,55,2,41.52
4602,49,1504,91,1,978.27
4603,354,1505,51,1,66.67
4604,354,1505,53,1,95.99
4605,476,1506,56,1,327.69
4606,476,1506,51,1,66.67
4607,476,1506,53,1,95.99
4608,476,1506,54,1,131.19
4609,367,1507,66,1,234.31
4610,367,1507,59,1,88.07
4611,306,1508,11,1,73.96
4612,306,1508,111,1,453.66
4613,282,1509,48,1,377.48
4614,282,1509,50,1,103.84
4615,282,1509,46,1,121.09
4616,356,1510,1,1,5429.43
4617,356,1510,82,1,482.06
4618,356,1510,3,1,182.88
4619,457,1511,56,1,327.69
4620,457,1511,105,1,250.27
4621,457,1511,51,1,66.67
4622,457,1511,54,2,131.19
4623,244,1512,73,1,249.37
4624,244,1512,42,1,162.27
4625,244,1512,46,1,121.09
4626,244,1512,14,2,687.06
4627,244,1512,48,1,377.48
4628,244,1512,50,1,103.84
4629,367,1513,32,1,182.43
4630,367,1513,37,2,113.29
4631,367,1513,31,1,118.65
4632,450,1514,48,1,377.48
4633,450,1514,41,1,708.68
4634,450,1514,25,1,958.76
4635,450,1514,47,1,691.19
4636,328,1515,116,1,136.01
4637,328,1515,151,1,71.91
4638,35,1516,16,1,680.77
4639,35,1516,185,1,329.38
4640,243,1517,112,1,2651.9
4641,454,1518,48,1,377.48
4642,454,1518,41,1,708.68
4643,454,1518,47,1,691.19
4644,395,1519,48,2,377.48
4645,395,1519,41,1,708.68
4646,395,1519,47,1,691.19
4647,98,1520,51,1,66.67
4648,98,1520,53,2,95.99
4649,98,1520,54,1,131.19
4650,91,1521,36,1,703.99
4651,299,1522,122,1,696.77
4652,3,1523,25,1,958.76
4653,3,1523,26,1,547.5
4654,3,1523,28,1,207.71
4655,3,1523,29,1,137.26
4656,254,1524,33,1,404.5
4657,254,1524,34,1,269.1
4658,254,1524,43,1,1574.27
4659,254,1524,38,1,325.54
4660,96,1525,185,1,329.38
4661,408,1526,27,1,1128.13
4662,408,1526,100,2,418.81
4663,266,1527,48,2,377.48
4664,266,1527,121,1,279.43
4665,266,1527,50,1,103.84
4666,266,1527,46,1,121.09
4667,193,1528,32,1,182.43
4668,193,1528,37,1,113.29
4669,193,1528,39,1,51.31
4670,193,1528,119,1,1350.85
4671,193,1528,31,1,118.65
4672,78,1529,48,1,377.48
4673,78,1529,50,1,103.84
4674,78,1529,68,1,1081.84
4675,78,1529,46,1,121.09
4676,395,1530,153,2,564.14
4677,395,1530,2,1,6856.93
4678,395,1530,6,1,2618.75
4679,395,1530,97,2,1968.21
4680,355,1531,200,1,284.58
4681,355,1531,25,1,958.76
4682,355,1531,26,2,547.5
4683,62,1532,48,1,377.48
4684,62,1532,42,1,162.27
4685,62,1532,50,1,103.84
4686,62,1532,46,1,121.09
4687,460,1533,2,1,6856.93
4688,460,1533,3,1,182.88
4689,460,1533,6,1,2618.75
4690,460,1533,9,1,864.52
4691,460,1533,122,1,696.77
4692,19,1534,64,1,578.73
4693,19,1534,18,1,685.51
4694,285,1535,157,1,278.2
4695,285,1535,182,2,190.33
4696,20,1536,168,1,126.51
4697,20,1536,25,1,958.76
4698,20,1536,29,1,137.26
4699,256,1537,2,1,6856.93
4700,256,1537,3,1,182.88
4701,256,1537,6,1,2618.75
4702,256,1537,9,1,864.52
4703,256,1537,52,1,108.37
4704,256,1537,149,1,652.63
4705,135,1538,75,1,670.09
4706,135,1538,196,1,211.44
4707,156,1539,91,1,978.27
4708,156,1539,167,1,104.4
4709,466,1540,24,1,362.63
4710,266,1541,33,1,404.5
4711,266,1541,34,1,269.1
4712,266,1541,38,1,325.54
4713,266,1541,106,1,449.77
4714,235,1542,192,1,105.53
4715,243,1543,122,1,696.77
4716,243,1543,151,1,71.91
4717,59,1544,25,1,958.76
4718,59,1544,26,2,547.5
4719,59,1544,28,1,207.71
4720,59,1544,29,2,137.26
4721,201,1545,179,1,148.28
4722,201,1545,133,1,165.39
4723,123,1546,33,1,404.5
4724,123,1546,34,1,269.1
4725,123,1546,35,1,790.82
4726,123,1546,38,1,325.54
4727,123,1546,172,1,72.49
4728,123,1546,147,1,4075.22
4729,396,1547,56,1,327.69
4730,396,1547,51,2,66.67
4731,396,1547,53,1,95.99
4732,409,1548,48,1,377.48
4733,409,1548,50,1,103.84
4734,409,1548,46,1,121.09
4735,280,1549,37,1,113.29
4736,443,1550,130,1,3341.54
4737,443,1550,94,1,192.65
4738,38,1551,25,1,958.76
4739,38,1551,34,1,269.1
4740,38,1551,35,1,790.82
4741,372,1552,56,1,327.69
4742,372,1552,51,1,66.67
4743,372,1552,54,1,131.19
4744,386,1553,89,1,73.16
4745,386,1553,186,1,109.52
4746,90,1554,6,1,2618.75
4747,90,1554,105,1,250.27
4748,90,1554,25,1,958.76
4749,90,1554,26,1,547.5
4750,90,1554,28,2,207.71
4751,90,1554,29,2,137.26
4752,366,1555,185,2,329.38
4753,422,1556,33,1,404.5
4754,422,1556,34,1,269.1
4755,422,1556,145,1,165.87
4756,422,1556,38,1,325.54
4757,350,1557,92,1,182.48
4758,404,1558,164,2,297.97
4759,404,1558,41,2,708.68
4760,404,1558,42,2,162.27
4761,404,1558,47,1,691.19
4762,404,1558,48,1,377.48
4763,404,1558,93,1,304.48
4764,440,1559,41,1,708.68
4765,440,1559,42,1,162.27
4766,440,1559,106,1,449.77
4767,440,1559,47,1,691.19
4768,440,1559,48,1,377.48
4769,452,1560,48,1,377.48
4770,452,1560,50,1,103.84
4771,452,1560,46,1,121.09
4772,423,1561,32,1,182.43
4773,423,1561,31,1,118.65
4774,448,1562,130,1,3341.54
4775,144,1563,25,1,958.76
4776,144,1563,29,2,137.26
4777,420,1564,48,1,377.48
4778,420,1564,50,1,103.84
4779,420,1564,99,1,185.24
4780,420,1564,46,1,121.09
4781,207,1565,51,1,66.67
4782,207,1565,188,1,2599.64
4783,207,1565,53,2,95.99
4784,207,1565,54,1,131.19
4785,387,1566,177,2,3544.65
4786,387,1566,51,1,66.67
4787,387,1566,53,2,95.99
4788,387,1566,54,1,131.19
4789,387,1566,56,2,327.69
4790,387,1566,28,1,207.71
4791,274,1567,33,2,404.5
4792,274,1567,34,1,269.1
4793,274,1567,38,1,325.54
4794,183,1568,2,2,6856.93
4795,183,1568,3,1,182.88
4796,183,1568,101,1,241.26
4797,183,1568,6,1,2618.75
4798,3,1569,56,1,327.69
4799,3,1569,105,1,250.27
4800,53,1570,48,1,377.48
4801,53,1570,50,1,103.84
4802,53,1570,46,1,121.09
4803,25,1571,2,1,6856.93
4804,25,1571,3,1,182.88
4805,25,1571,6,1,2618.75
4806,25,1571,9,1,864.52
4807,25,1571,147,1,4075.22
4808,25,1571,149,1,652.63
4809,443,1572,34,1,269.1
4810,443,1572,35,1,790.82
4811,262,1573,101,1,241.26
4812,262,1573,41,1,708.68
4813,262,1573,42,1,162.27
4814,262,1573,47,1,691.19
4815,262,1573,48,1,377.48
4816,262,1573,57,1,215.42
4817,329,1574,162,1,2324.66
4818,329,1574,196,2,211.44
4819,251,1575,104,1,146.34
4820,251,1575,14,1,687.06
4821,331,1576,33,1,404.5
4822,331,1576,34,1,269.1
4823,331,1576,35,1,790.82
4824,497,1577,58,1,143.75
4825,75,1578,32,1,182.43
4826,75,1578,37,1,113.29
4827,75,1578,39,2,51.31
4828,198,1579,48,1,377.48
4829,198,1579,41,1,708.68
4830,198,1579,42,1,162.27
4831,198,1579,47,1,691.19
4832,186,1580,136,1,1233.09
4833,186,1580,19,1,195.42
4834,116,1581,33,1,404.5
4835,116,1581,34,2,269.1
4836,116,1581,35,1,790.82
4837,116,1581,38,1,325.54
4838,330,1582,33,1,404.5
4839,330,1582,34,1,269.1
4840,330,1582,145,1,165.87
4841,330,1582,126,1,224.49
4842,337,1583,196,1,211.44
4843,337,1583,86,1,336.99
4844,99,1584,25,1,958.76
4845,99,1584,26,1,547.5
4846,200,1585,130,1,3341.54
4847,274,1586,41,1,708.68
4848,274,1586,47,1,691.19
4849,482,1587,32,2,182.43
4850,482,1587,37,2,113.29
4851,482,1587,39,1,51.31
4852,482,1587,199,1,107.47
4853,482,1587,31,1,118.65
4854,49,1588,42,1,162.27
4855,49,1588,50,1,103.84
4856,49,1588,46,1,121.09
4857,194,1589,197,1,1440.46
4858,194,1589,25,1,958.76
4859,194,1589,28,1,207.71
4860,194,1589,29,1,137.26
4861,300,1590,25,1,958.76
4862,300,1590,26,1,547.5
4863,300,1590,28,1,207.71
4864,300,1590,29,1,137.26
4865,427,1591,19,1,195.42
4866,427,1591,119,1,1350.85
4867,301,1592,48,1,377.48
4868,301,1592,46,1,121.09
4869,76,1593,161,1,280.14
4870,76,1593,126,2,224.49
4871,493,1594,56,1,327.69
4872,493,1594,51,1,66.67
4873,493,1594,53,1,95.99
4874,493,1594,54,2,131.19
4875,104,1595,34,1,269.1
4876,104,1595,38,1,325.54
4877,200,1596,155,1,298.62
4878,200,1596,54,2,131.19
4879,264,1597,33,1,404.5
4880,264,1597,34,1,269.1
4881,264,1597,35,1,790.82
4882,264,1597,38,1,325.54
4883,264,1597,112,2,2651.9
4884,264,1597,151,1,71.91
4885,354,1598,81,1,1613.84
4886,354,1598,51,1,66.67
4887,354,1598,164,1,297.97
4888,354,1598,53,1,95.99
4889,62,1599,80,1,996.58
4890,62,1599,73,1,249.37
4891,282,1600,132,1,284.92
4892,282,1600,51,1,66.67
4893,282,1600,53,1,95.99
4894,282,1600,54,1,131.19
4895,282,1600,56,1,327.69
4896,282,1600,91,1,978.27
4897,56,1601,2,1,6856.93
4898,56,1601,3,1,182.88
4899,56,1601,6,1,2618.75
4900,56,1601,107,1,5057.62
4901,56,1601,120,1,37.31
4902,80,1602,196,1,211.44
4903,236,1603,1,1,5429.43
4904,236,1603,33,1,404.5
4905,236,1603,3,1,182.88
4906,236,1603,4,1,1045.02
4907,236,1603,10,1,96.42
4908,236,1603,116,1,136.01
4909,163,1604,191,1,2178.66
4910,45,1605,37,1,113.29
4911,45,1605,14,1,687.06
4912,331,1606,153,1,564.14
4913,331,1606,69,1,5185.33
4914,4,1607,97,1,1968.21
4915,4,1607,51,1,66.67
4916,4,1607,53,1,95.99
4917,4,1607,54,2,131.19
4918,4,1607,56,1,327.69
4919,4,1607,159,1,132.33
4920,31,1608,80,1,996.58
4921,31,1608,81,2,1613.84
4922,304,1609,53,1,95.99
4923,304,1609,94,1,192.65
4924,55,1610,113,1,61.24
4925,204,1611,134,1,3215.18
4926,204,1611,166,1,184.75
4927,204,1611,51,1,66.67
4928,204,1611,53,1,95.99
4929,204,1611,54,1,131.19
4930,204,1611,56,2,327.69
4931,200,1612,109,1,44.98
4932,332,1613,1,1,5429.43
4933,332,1613,3,1,182.88
4934,241,1614,5,1,1043.64
4935,241,1614,70,1,1076.29
4936,454,1615,1,1,5429.43
4937,454,1615,10,1,96.42
4938,454,1615,3,1,182.88
4939,304,1616,9,1,864.52
4940,304,1616,122,1,696.77
4941,359,1617,153,1,564.14
4942,359,1617,141,1,449.82
4943,385,1618,32,1,182.43
4944,385,1618,31,1,118.65
4945,241,1619,42,1,162.27
4946,241,1619,46,1,121.09
4947,241,1619,48,1,377.48
4948,241,1619,50,1,103.84
4949,241,1619,26,1,547.5
4950,363,1620,1,1,5429.43
4951,363,1620,3,1,182.88
4952,363,1620,4,1,1045.02
4953,363,1620,141,1,449.82
4954,318,1621,32,1,182.43
4955,318,1621,67,1,3651.66
4956,318,1621,37,1,113.29
4957,318,1621,126,1,224.49
4958,318,1621,31,2,118.65
4959,56,1622,107,1,5057.62
4960,56,1622,1,1,5429.43
4961,56,1622,3,1,182.88
4962,424,1623,34,1,269.1
4963,424,1623,35,1,790.82
4964,424,1623,38,1,325.54
4965,424,1623,142,1,243.55
4966,424,1623,23,1,3803.84
4967,435,1624,29,1,137.26
4968,236,1625,56,1,327.69
4969,236,1625,51,1,66.67
4970,236,1625,53,1,95.99
4971,236,1625,54,1,131.19
4972,454,1626,33,1,404.5
4973,454,1626,34,1,269.1
4974,65,1627,8,1,338.12
4975,65,1627,33,1,404.5
4976,65,1627,34,1,269.1
4977,65,1627,38,1,325.54
4978,74,1628,32,1,182.43
4979,74,1628,37,2,113.29
4980,74,1628,31,1,118.65
4981,441,1629,114,1,246.79
4982,441,1629,188,1,2599.64
4983,302,1630,2,1,6856.93
4984,302,1630,3,1,182.88
4985,302,1630,6,1,2618.75
4986,302,1630,9,1,864.52
4987,302,1630,88,1,398.34
4988,302,1630,58,1,143.75
4989,363,1631,1,1,5429.43
4990,363,1631,3,2,182.88
4991,363,1631,4,1,1045.02
4992,363,1631,48,1,377.48
4993,363,1631,63,1,557.39
4994,132,1632,2,1,6856.93
4995,132,1632,3,1,182.88
4996,132,1632,90,1,2115.26
4997,132,1632,6,1,2618.75
4998,107,1633,11,1,73.96
4999,107,1633,166,1,184.75
5000,472,1634,1,1,5429.43
5001,472,1634,10,1,96.42
5002,472,1634,4,1,1045.02
5003,395,1635,25,2,958.76
5004,395,1635,26,1,547.5
5005,395,1635,28,1,207.71
5006,395,1635,29,1,137.26
5007,258,1636,184,1,617.48
5008,189,1637,162,1,2324.66
5009,189,1637,151,1,71.91
5010,292,1638,7,1,2063.12
5011,292,1638,15,1,478.33
5012,292,1638,25,1,958.76
5013,292,1638,26,2,547.5
5014,292,1638,29,1,137.26
5015,425,1639,33,1,404.5
5016,425,1639,34,2,269.1
5017,425,1639,35,1,790.82
5018,425,1639,38,1,325.54
5019,168,1640,98,1,449.02
5020,168,1640,78,1,637.27
5021,270,1641,48,1,377.48
5022,270,1641,81,1,1613.84
5023,270,1641,42,1,162.27
5024,270,1641,46,1,121.09
5025,414,1642,87,1,281.44
5026,298,1643,116,1,136.01
5027,298,1643,132,1,284.92
5028,91,1644,2,1,6856.93
5029,91,1644,3,1,182.88
5030,91,1644,6,1,2618.75
5031,91,1644,48,1,377.48
5032,91,1644,19,1,195.42
5033,10,1645,25,1,958.76
5034,10,1645,29,2,137.26
5035,10,1645,190,1,615.39
5036,210,1646,93,1,304.48
5037,29,1647,41,1,708.68
5038,29,1647,42,1,162.27
5039,29,1647,138,1,2075.88
5040,29,1647,47,1,691.19
5041,29,1647,48,1,377.48
5042,29,1647,52,1,108.37
5043,397,1648,32,1,182.43
5044,397,1648,37,1,113.29
5045,397,1648,38,1,325.54
5046,135,1649,33,2,404.5
5047,135,1649,34,1,269.1
5048,135,1649,35,1,790.82
5049,135,1649,38,1,325.54
5050,135,1649,71,1,241.15
5051,18,1650,1,1,5429.43
5052,18,1650,10,1,96.42
5053,18,1650,83,1,584.83
5054,18,1650,12,1,378.07
5055,12,1651,66,1,234.31
5056,148,1652,60,1,325.99
5057,279,1653,152,1,92.66
5058,279,1653,25,2,958.76
5059,279,1653,28,1,207.71
5060,223,1654,1,1,5429.43
5061,223,1654,140,2,61.32
5062,162,1655,33,2,404.5
5063,162,1655,34,1,269.1
5064,162,1655,35,1,790.82
5065,162,1655,38,1,325.54
5066,372,1656,42,1,162.27
5067,372,1656,50,1,103.84
5068,372,1656,46,1,121.09
5069,226,1657,41,1,708.68
5070,226,1657,42,1,162.27
5071,226,1657,47,1,691.19
5072,253,1658,2,1,6856.93
5073,253,1658,3,1,182.88
5074,253,1658,6,1,2618.75
5075,253,1658,9,1,864.52
5076,253,1658,113,1,61.24
5077,253,1658,186,1,109.52
5078,424,1659,48,1,377.48
5079,424,1659,50,1,103.84
5080,424,1659,120,1,37.31
5081,424,1659,46,1,121.09
5082,118,1660,196,1,211.44
5083,118,1660,84,1,98.36
5084,429,1661,48,1,377.48
5085,429,1661,47,1,691.19
5086,432,1662,33,1,404.5
5087,432,1662,34,1,269.1
5088,432,1662,181,1,353.61
5089,316,1663,3,1,182.88
5090,316,1663,93,1,304.48
5091,3,1664,193,2,256.05
5092,3,1664,73,1,249.37
5093,3,1664,51,1,66.67
5094,3,1664,53,2,95.99
5095,3,1664,54,1,131.19
5096,70,1665,42,1,162.27
5097,70,1665,12,1,378.07
5098,70,1665,47,1,691.19
5099,70,1665,48,2,377.48
5100,70,1665,84,1,98.36
5101,343,1666,2,1,6856.93
5102,343,1666,3,1,182.88
5103,343,1666,6,1,2618.75
5104,343,1666,9,1,864.52
5105,343,1666,122,1,696.77
5106,343,1666,30,1,583.67
5107,441,1667,1,2,5429.43
5108,441,1667,3,1,182.88
5109,441,1667,4,1,1045.02
5110,441,1667,8,1,338.12
5111,441,1667,10,1,96.42
5112,441,1667,144,1,91.59
5113,249,1668,170,1,810.36
5114,249,1668,95,1,217.5
5115,33,1669,41,1,708.68
5116,33,1669,42,1,162.27
5117,33,1669,47,1,691.19
5118,33,1669,48,1,377.48
5119,33,1669,188,1,2599.64
5120,408,1670,33,1,404.5
5121,408,1670,34,1,269.1
5122,408,1670,35,1,790.82
5123,408,1670,38,2,325.54
5124,408,1670,72,1,295.83
5125,392,1671,48,2,377.48
5126,392,1671,50,1,103.84
5127,392,1671,46,1,121.09
5128,392,1671,87,1,281.44
5129,428,1672,1,1,5429.43
5130,428,1672,10,1,96.42
5131,428,1672,3,1,182.88
5132,428,1672,4,2,1045.02
5133,60,1673,48,1,377.48
5134,60,1673,42,1,162.27
5135,60,1673,50,1,103.84
5136,60,1673,46,1,121.09
5137,263,1674,25,1,958.76
5138,263,1674,26,1,547.5
5139,263,1674,53,1,95.99
5140,263,1674,78,1,637.27
5141,198,1675,48,1,377.48
5142,198,1675,112,1,2651.9
5143,198,1675,46,1,121.09
5144,198,1675,14,2,687.06
5145,94,1676,33,1,404.5
5146,94,1676,34,1,269.1
5147,94,1676,35,1,790.82
5148,94,1676,61,1,1462.89
5149,352,1677,98,2,449.02
5150,352,1677,41,1,708.68
5151,352,1677,42,1,162.27
5152,352,1677,107,1,5057.62
5153,352,1677,47,1,691.19
5154,352,1677,48,1,377.48
5155,248,1678,128,1,664.23
5156,248,1678,25,2,958.76
5157,248,1678,26,2,547.5
5158,248,1678,28,1,207.71
5159,248,1678,29,1,137.26
5160,401,1679,106,1,449.77
5161,401,1679,18,1,685.51
5162,276,1680,41,1,708.68
5163,276,1680,42,1,162.27
5164,276,1680,47,1,691.19
5165,276,1680,48,1,377.48
5166,276,1680,178,1,3002.16
5167,380,1681,186,1,109.52
5168,380,1681,98,1,449.02
5169,25,1682,33,1,404.5
5170,25,1682,34,1,269.1
5171,25,1682,38,1,325.54
5172,109,1683,51,1,66.67
5173,109,1683,92,1,182.48
5174,109,1683,53,1,95.99
5175,444,1684,176,1,1269.55
5176,444,1684,7,1,2063.12
5177,210,1685,184,1,617.48
5178,210,1685,20,1,600.91
5179,425,1686,42,1,162.27
5180,425,1686,47,1,691.19
5181,368,1687,82,1,482.06
5182,368,1687,46,1,121.09
5183,384,1688,2,1,6856.93
5184,384,1688,3,1,182.88
5185,384,1688,38,1,325.54
5186,384,1688,6,1,2618.75
5187,384,1688,9,1,864.52
5188,299,1689,164,1,297.97
5189,299,1689,42,1,162.27
5190,299,1689,46,1,121.09
5191,299,1689,48,1,377.48
5192,299,1689,50,2,103.84
5193,299,1689,155,1,298.62
5194,138,1690,8,1,338.12
5195,138,1690,22,1,2057.09
5196,285,1691,16,1,680.77
5197,285,1691,181,1,353.61
5198,326,1692,183,1,171.04
5199,146,1693,41,1,708.68
5200,146,1693,42,1,162.27
5201,146,1693,47,2,691.19
5202,146,1693,48,1,377.48
5203,146,1693,125,1,208.91
5204,146,1693,127,1,209.71
5205,29,1694,10,1,96.42
5206,231,1695,176,1,1269.55
5207,231,1695,42,1,162.27
5208,231,1695,47,1,691.19
5209,66,1696,172,1,72.49
5210,322,1697,1,1,5429.43
5211,322,1697,3,1,182.88
5212,322,1697,4,1,1045.02
5213,107,1698,98,1,449.02
5214,107,1698,25,1,958.76
5215,107,1698,26,1,547.5
5216,107,1698,28,1,207.71
5217,107,1698,29,1,137.26
5218,93,1699,1,1,5429.43
5219,93,1699,10,1,96.42
5220,93,1699,3,1,182.88
5221,93,1699,66,1,234.31
5222,35,1700,25,1,958.76
5223,35,1700,28,1,207.71
5224,35,1700,29,1,137.26
5225,35,1700,110,1,228.23
5226,254,1701,120,1,37.31
5227,254,1701,130,1,3341.54
5228,65,1702,33,1,404.5
5229,65,1702,2,1,6856.93
5230,65,1702,3,1,182.88
5231,65,1702,6,1,2618.75
5232,65,1702,9,1,864.52
5233,431,1703,2,1,6856.93
5234,431,1703,3,1,182.88
5235,431,1703,6,1,2618.75
5236,431,1703,9,2,864.52
5237,431,1703,76,1,110.25
5238,103,1704,140,1,61.32
5239,302,1705,77,1,193.57
5240,302,1705,190,1,615.39
5241,112,1706,164,1,297.97
5242,112,1706,51,1,66.67
5243,112,1706,53,1,95.99
5244,112,1706,54,1,131.19
5245,112,1706,56,1,327.69
5246,102,1707,66,2,234.31
5247,102,1707,34,1,269.1
5248,102,1707,35,1,790.82
5249,102,1707,163,1,417.18
5250,102,1707,38,1,325.54
5251,109,1708,56,1,327.69
5252,293,1709,1,1,5429.43
5253,293,1709,10,1,96.42
5254,293,1709,3,1,182.88
5255,293,1709,4,1,1045.02
5256,307,1710,60,1,325.99
5257,307,1710,141,2,449.82
5258,234,1711,194,1,582.97
5259,234,1711,115,1,131.51
5260,162,1712,32,1,182.43
5261,162,1712,39,1,51.31
5262,162,1712,37,1,113.29
5263,162,1712,31,1,118.65
5264,16,1713,49,1,247.85
5265,108,1714,92,2,182.48
5266,108,1714,47,1,691.19
5267,364,1715,174,2,886.97
5268,364,1715,46,2,121.09
5269,364,1715,48,1,377.48
5270,364,1715,50,1,103.84
5271,364,1715,29,1,137.26
5272,444,1716,1,1,5429.43
5273,444,1716,10,1,96.42
5274,444,1716,3,1,182.88
5275,444,1716,4,2,1045.02
5276,422,1717,164,1,297.97
5277,492,1718,48,1,377.48
5278,492,1718,41,1,708.68
5279,492,1718,42,1,162.27
5280,492,1718,47,1,691.19
5281,114,1719,41,1,708.68
5282,114,1719,147,1,4075.22
5283,114,1719,193,1,256.05
5284,114,1719,47,1,691.19
5285,56,1720,48,1,377.48
5286,56,1720,42,1,162.27
5287,56,1720,47,1,691.19
5288,251,1721,185,1,329.38
5289,251,1721,67,1,3651.66
5290,211,1722,9,1,864.52
5291,211,1722,2,1,6856.93
5292,211,1722,6,2,2618.75
5293,113,1723,32,1,182.43
5294,113,1723,37,2,113.29
5295,113,1723,31,1,118.65
5296,231,1724,40,1,36.51
5297,231,1724,3,2,182.88
5298,328,1725,32,1,182.43
5299,328,1725,165,1,867.11
5300,328,1725,39,2,51.31
5301,328,1725,31,1,118.65
5302,228,1726,56,1,327.69
5303,228,1726,51,1,66.67
5304,228,1726,53,1,95.99
5305,228,1726,54,1,131.19
5306,52,1727,4,1,1045.02
5307,353,1728,104,1,146.34
5308,353,1728,71,1,241.15
5309,233,1729,35,1,790.82
5310,427,1730,145,1,165.87
5311,319,1731,186,1,109.52
5312,319,1731,84,1,98.36
5313,319,1731,46,1,121.09
5314,38,1732,1,1,5429.43
5315,38,1732,3,2,182.88
5316,38,1732,4,1,1045.02
5317,38,1732,10,1,96.42
5318,38,1732,18,1,685.51
5319,202,1733,1,1,5429.43
5320,202,1733,10,1,96.42
5321,202,1733,3,1,182.88
5322,202,1733,4,1,1045.02
5323,346,1734,144,1,91.59
5324,346,1734,165,1,867.11
5325,188,1735,138,1,2075.88
5326,188,1735,51,2,66.67
5327,188,1735,53,1,95.99
5328,188,1735,54,1,131.19
5329,188,1735,56,1,327.69
5330,95,1736,14,1,687.06
5331,208,1737,32,1,182.43
5332,208,1737,37,1,113.29
5333,208,1737,31,1,118.65
5334,290,1738,41,1,708.68
5335,37,1739,25,1,958.76
5336,37,1739,82,1,482.06
5337,37,1739,29,1,137.26
5338,37,1739,47,1,691.19
5339,500,1740,41,1,708.68
5340,376,1741,181,1,353.61
5341,330,1742,1,1,5429.43
5342,330,1742,10,1,96.42
5343,330,1742,3,1,182.88
5344,144,1743,1,1,5429.43
5345,144,1743,10,1,96.42
5346,144,1743,4,1,1045.02
5347,116,1744,25,2,958.76
5348,116,1744,26,1,547.5
5349,116,1744,123,1,140.92
5350,116,1744,28,1,207.71
5351,116,1744,29,2,137.26
5352,36,1745,163,1,417.18
5353,2,1746,139,1,351.69
5354,59,1747,24,1,362.63
5355,59,1747,21,1,2953.99
5356,11,1748,42,1,162.27
5357,11,1748,47,1,691.19
5358,209,1749,56,1,327.69
5359,209,1749,121,1,279.43
5360,209,1749,51,1,66.67
5361,59,1750,10,2,96.42
5362,59,1750,78,1,637.27
5363,59,1750,25,1,958.76
5364,59,1750,26,1,547.5
5365,59,1750,28,2,207.71
5366,59,1750,29,1,137.26
5367,69,1751,1,1,5429.43
5368,69,1751,4,1,1045.02
5369,69,1751,10,1,96.42
5370,69,1751,175,1,152.85
5371,69,1751,112,1,2651.9
5372,154,1752,115,1,131.51
5373,220,1753,112,1,2651.9
5374,220,1753,37,1,113.29
5375,73,1754,9,1,864.52
5376,73,1754,2,1,6856.93
5377,73,1754,3,1,182.88
5378,73,1754,60,1,325.99
5379,465,1755,33,1,404.5
5380,465,1755,34,1,269.1
5381,465,1755,35,2,790.82
5382,84,1756,32,1,182.43
5383,84,1756,37,1,113.29
5384,84,1756,14,1,687.06
5385,84,1756,49,1,247.85
5386,84,1756,31,1,118.65
5387,340,1757,128,1,664.23
5388,340,1757,12,1,378.07
5389,132,1758,141,1,449.82
5390,259,1759,131,1,457.64
5391,259,1759,71,1,241.15
5392,259,1759,41,1,708.68
5393,259,1759,42,1,162.27
5394,259,1759,47,1,691.19
5395,199,1760,2,1,6856.93
5396,199,1760,3,1,182.88
5397,199,1760,6,1,2618.75
5398,229,1761,83,1,584.83
5399,229,1761,51,1,66.67
5400,460,1762,2,1,6856.93
5401,460,1762,43,1,1574.27
5402,460,1762,6,1,2618.75
5403,288,1763,122,1,696.77
5404,288,1763,51,1,66.67
5405,288,1763,85,1,1742.75
5406,288,1763,54,2,131.19
5407,43,1764,9,2,864.52
5408,43,1764,2,2,6856.93
5409,43,1764,3,1,182.88
5410,43,1764,6,1,2618.75
5411,488,1765,174,1,886.97
5412,29,1766,130,1,3341.54
5413,29,1766,14,1,687.06
5414,109,1767,25,1,958.76
5415,109,1767,26,1,547.5
5416,109,1767,28,2,207.71
5417,109,1767,29,1,137.26
5418,109,1767,62,1,122.09
5419,6,1768,25,1,958.76
5420,6,1768,26,1,547.5
5421,6,1768,29,1,137.26
5422,390,1769,48,1,377.48
5423,390,1769,41,1,708.68
5424,390,1769,143,2,602.95
5425,390,1769,47,1,691.19
5426,329,1770,9,1,864.52
5427,329,1770,2,1,6856.93
5428,329,1770,3,1,182.88
5429,329,1770,6,1,2618.75
5430,289,1771,46,1,121.09
5431,130,1772,41,1,708.68
5432,130,1772,42,2,162.27
5433,130,1772,76,1,110.25
5434,130,1772,47,1,691.19
5435,130,1772,48,1,377.48
5436,130,1772,126,1,224.49
5437,456,1773,73,2,249.37
5438,456,1773,36,1,703.99
5439,73,1774,9,1,864.52
5440,190,1775,34,1,269.1
5441,190,1775,53,1,95.99
5442,190,1775,38,1,325.54
5443,463,1776,88,1,398.34
5444,463,1776,41,1,708.68
5445,463,1776,47,2,691.19
5446,466,1777,60,2,325.99
5447,330,1778,106,1,449.77
5448,330,1778,139,1,351.69
5449,310,1779,48,1,377.48
5450,310,1779,42,1,162.27
5451,310,1779,46,1,121.09
5452,386,1780,32,1,182.43
5453,386,1780,37,1,113.29
5454,386,1780,39,1,51.31
5455,386,1780,18,1,685.51
5456,386,1780,31,1,118.65
5457,205,1781,9,1,864.52
5458,205,1781,2,1,6856.93
5459,205,1781,3,1,182.88
5460,205,1781,6,1,2618.75
5461,199,1782,1,1,5429.43
5462,199,1782,10,1,96.42
5463,199,1782,3,1,182.88
5464,63,1783,48,1,377.48
5465,63,1783,50,1,103.84
5466,63,1783,46,1,121.09
5467,222,1784,51,1,66.67
5468,21,1785,128,1,664.23
5469,21,1785,41,1,708.68
5470,21,1785,42,1,162.27
5471,21,1785,170,1,810.36
5472,21,1785,47,1,691.19
5473,21,1785,48,1,377.48
5474,165,1786,32,1,182.43
5475,165,1786,37,1,113.29
5476,165,1786,80,1,996.58
5477,165,1786,113,1,61.24
5478,165,1786,31,1,118.65
5479,57,1787,32,1,182.43
5480,57,1787,37,2,113.29
5481,57,1787,39,2,51.31
5482,57,1787,82,2,482.06
5483,57,1787,180,1,279.71
5484,57,1787,31,1,118.65
5485,107,1788,32,1,182.43
5486,107,1788,39,1,51.31
5487,407,1789,59,1,88.07
5488,407,1789,198,1,440.15
5489,122,1790,96,1,2249.21
5490,122,1790,1,1,5429.43
5491,122,1790,10,1,96.42
5492,122,1790,4,2,1045.02
5493,405,1791,32,1,182.43
5494,405,1791,39,1,51.31
5495,405,1791,37,1,113.29
5496,405,1791,31,1,118.65
5497,80,1792,42,1,162.27
5498,80,1792,50,1,103.84
5499,80,1792,46,1,121.09
5500,156,1793,136,1,1233.09
5501,156,1793,187,1,521.01
5502,438,1794,25,1,958.76
5503,438,1794,101,1,241.26
5504,438,1794,59,1,88.07
5505,438,1794,29,1,137.26
5506,367,1795,32,1,182.43
5507,367,1795,37,1,113.29
5508,367,1795,39,1,51.31
5509,367,1795,83,1,584.83
5510,367,1795,31,2,118.65
5511,417,1796,165,1,867.11
5512,191,1797,1,1,5429.43
5513,191,1797,10,1,96.42
5514,191,1797,147,1,4075.22
5515,191,1797,4,2,1045.02
5516,199,1798,48,1,377.48
5517,199,1798,139,1,351.69
5518,464,1799,16,1,680.77
5519,464,1799,17,1,281.04
5520,464,1799,25,1,958.76
5521,464,1799,26,1,547.5
5522,464,1799,28,2,207.71
5523,464,1799,29,1,137.26
5524,211,1800,48,1,377.48
5525,211,1800,50,2,103.84
5526,211,1800,46,1,121.09
5527,211,1800,200,1,284.58
5528,326,1801,27,1,1128.13
5529,458,1802,119,1,1350.85
5530,281,1803,48,1,377.48
5531,281,1803,113,1,61.24
5532,281,1803,46,2,121.09
5533,253,1804,4,1,1045.02
5534,253,1804,23,1,3803.84
5535,54,1805,48,1,377.48
5536,54,1805,41,1,708.68
5537,54,1805,191,1,2178.66
5538,54,1805,47,1,691.19
5539,77,1806,161,1,280.14
5540,77,1806,11,1,73.96
5541,77,1806,25,1,958.76
5542,77,1806,26,1,547.5
5543,77,1806,29,1,137.26
5544,427,1807,99,1,185.24
5545,427,1807,68,1,1081.84
5546,427,1807,41,1,708.68
5547,427,1807,47,1,691.19
5548,427,1807,48,1,377.48
5549,230,1808,82,1,482.06
5550,230,1808,182,1,190.33
5551,289,1809,184,1,617.48
5552,407,1810,42,1,162.27
5553,407,1810,46,1,121.09
5554,407,1810,48,1,377.48
5555,407,1810,88,2,398.34
5556,407,1810,28,1,207.71
5557,50,1811,2,1,6856.93
5558,50,1811,3,1,182.88
5559,50,1811,6,1,2618.75
5560,50,1811,9,1,864.52
5561,50,1811,42,1,162.27
5562,50,1811,106,1,449.77
5563,234,1812,16,1,680.77
5564,234,1812,17,1,281.04
5565,496,1813,33,1,404.5
5566,496,1813,34,2,269.1
5567,482,1814,92,1,182.48
5568,482,1814,199,1,107.47
5569,405,1815,34,1,269.1
5570,405,1815,35,1,790.82
5571,405,1815,173,1,426.85
5572,405,1815,38,1,325.54
5573,379,1816,32,1,182.43
5574,379,1816,37,1,113.29
5575,219,1817,33,1,404.5
5576,219,1817,25,1,958.76
5577,219,1817,26,1,547.5
5578,219,1817,28,1,207.71
5579,219,1817,94,1,192.65
5580,108,1818,32,1,182.43
5581,108,1818,39,1,51.31
5582,108,1818,37,1,113.29
5583,108,1818,31,1,118.65
5584,154,1819,160,1,298.73
5585,6,1820,2,1,6856.93
5586,6,1820,6,1,2618.75
5587,135,1821,1,1,5429.43
5588,135,1821,99,1,185.24
5589,135,1821,3,1,182.88
5590,135,1821,4,1,1045.02
5591,135,1821,10,1,96.42
5592,135,1821,88,1,398.34
5593,297,1822,156,1,131.66
5594,297,1822,197,1,1440.46
5595,39,1823,187,1,521.01
5596,39,1823,79,1,421.1
5597,313,1824,24,1,362.63
5598,313,1824,137,1,593.31
5599,439,1825,16,1,680.77
5600,439,1825,55,1,41.52
5601,392,1826,33,1,404.5
5602,392,1826,34,1,269.1
5603,392,1826,35,1,790.82
5604,392,1826,38,2,325.54
5605,392,1826,9,1,864.52
5606,392,1826,150,1,244.37
5607,406,1827,2,1,6856.93
5608,255,1828,184,1,617.48
5609,255,1828,25,1,958.76
5610,255,1828,29,2,137.26
5611,379,1829,16,1,680.77
5612,379,1829,154,1,3786.85
5613,272,1830,1,1,5429.43
5614,272,1830,138,1,2075.88
5615,272,1830,3,1,182.88
5616,272,1830,4,1,1045.02
5617,415,1831,162,1,2324.66
5618,415,1831,34,1,269.1
5619,415,1831,35,1,790.82
5620,415,1831,38,1,325.54
5621,279,1832,135,1,248.61
5622,279,1832,191,2,2178.66
5623,497,1833,61,1,1462.89
5624,97,1834,1,1,5429.43
5625,97,1834,3,1,182.88
5626,210,1835,153,1,564.14
5627,17,1836,37,1,113.29
5628,17,1836,133,1,165.39
5629,17,1836,25,1,958.76
5630,17,1836,26,1,547.5
5631,17,1836,29,1,137.26
5632,67,1837,56,1,327.69
5633,67,1837,51,1,66.67
5634,67,1837,53,1,95.99
5635,67,1837,54,2,131.19
5636,444,1838,2,1,6856.93
5637,444,1838,3,1,182.88
5638,444,1838,6,2,2618.75
5639,444,1838,9,1,864.52
5640,444,1838,145,2,165.87
5641,444,1838,56,1,327.69
5642,439,1839,120,2,37.31
5643,439,1839,41,1,708.68
5644,302,1840,32,1,182.43
5645,302,1840,132,1,284.92
5646,302,1840,37,1,113.29
5647,302,1840,39,1,51.31
5648,302,1840,31,1,118.65
5649,103,1841,48,1,377.48
5650,103,1841,47,1,691.19
5651,114,1842,48,1,377.48
5652,114,1842,127,1,209.71
5653,114,1842,46,1,121.09
5654,114,1842,6,1,2618.75
5655,32,1843,48,1,377.48
5656,32,1843,41,1,708.68
5657,32,1843,42,1,162.27
5658,32,1843,47,1,691.19
5659,79,1844,2,1,6856.93
5660,79,1844,3,1,182.88
5661,79,1844,6,1,2618.75
5662,79,1844,9,1,864.52
5663,79,1844,144,1,91.59
5664,334,1845,50,1,103.84
5665,334,1845,156,1,131.66
5666,263,1846,72,1,295.83
5667,263,1846,129,1,94.56
5668,198,1847,1,1,5429.43
5669,198,1847,3,1,182.88
5670,198,1847,4,1,1045.02
5671,198,1847,166,1,184.75
5672,198,1847,10,1,96.42
5673,365,1848,13,1,342.07
5674,365,1848,46,2,121.09
5675,80,1849,1,1,5429.43
5676,80,1849,10,1,96.42
5677,80,1849,3,1,182.88
5678,487,1850,32,1,182.43
5679,487,1850,39,1,51.31
5680,487,1850,31,1,118.65
5681,430,1851,181,1,353.61
5682,430,1851,88,1,398.34
5683,430,1851,25,1,958.76
5684,430,1851,26,1,547.5
5685,430,1851,29,1,137.26
5686,147,1852,162,2,2324.66
5687,147,1852,2,1,6856.93
5688,147,1852,18,2,685.51
5689,80,1853,121,1,279.43
5690,80,1853,174,1,886.97
5691,375,1854,15,1,478.33
5692,375,1854,52,1,108.37
5693,375,1854,25,1,958.76
5694,375,1854,26,1,547.5
5695,375,1854,28,1,207.71
5696,282,1855,41,1,708.68
5697,282,1855,42,1,162.27
5698,282,1855,73,1,249.37
5699,282,1855,75,1,670.09
5700,282,1855,47,1,691.19
5701,282,1855,48,1,377.48
5702,395,1856,41,1,708.68
5703,395,1856,42,1,162.27
5704,395,1856,71,2,241.15
5705,395,1856,47,1,691.19
5706,113,1857,7,1,2063.12
5707,70,1858,120,2,37.31
5708,70,1858,104,1,146.34
5709,114,1859,50,1,103.84
5710,114,1859,46,1,121.09
5711,279,1860,32,1,182.43
5712,279,1860,39,1,51.31
5713,279,1860,37,1,113.29
5714,279,1860,31,1,118.65
5715,158,1861,25,1,958.76
5716,158,1861,26,1,547.5
5717,158,1861,123,1,140.92
5718,158,1861,28,1,207.71
5719,27,1862,193,1,256.05
5720,27,1862,114,2,246.79
5721,417,1863,32,1,182.43
5722,417,1863,37,2,113.29
5723,417,1863,39,1,51.31
5724,417,1863,81,1,1613.84
5725,417,1863,115,1,131.51
5726,417,1863,31,2,118.65
5727,396,1864,42,1,162.27
5728,396,1864,46,1,121.09
5729,396,1864,48,1,377.48
5730,396,1864,179,1,148.28
5731,396,1864,25,1,958.76
5732,248,1865,42,1,162.27
5733,248,1865,171,2,100.57
5734,248,1865,50,1,103.84
5735,248,1865,46,1,121.09
5736,138,1866,90,1,2115.26
5737,144,1867,51,1,66.67
5738,144,1867,54,1,131.19
5739,142,1868,34,1,269.1
5740,142,1868,35,1,790.82
5741,142,1868,38,1,325.54
5742,321,1869,34,1,269.1
5743,321,1869,35,1,790.82
5744,321,1869,38,1,325.54
5745,277,1870,167,2,104.4
5746,286,1871,32,1,182.43
5747,286,1871,39,1,51.31
5748,286,1871,81,1,1613.84
5749,286,1871,120,1,37.31
5750,286,1871,31,1,118.65
5751,424,1872,9,1,864.52
5752,424,1872,2,1,6856.93
5753,424,1872,3,1,182.88
5754,424,1872,6,1,2618.75
5755,141,1873,197,1,1440.46
5756,141,1873,46,1,121.09
5757,141,1873,48,1,377.48
5758,141,1873,50,1,103.84
5759,141,1873,31,1,118.65
5760,345,1874,98,2,449.02
5761,93,1875,2,1,6856.93
5762,93,1875,3,1,182.88
5763,268,1876,33,1,404.5
5764,268,1876,34,2,269.1
5765,268,1876,35,1,790.82
5766,268,1876,38,1,325.54
5767,268,1876,152,1,92.66
5768,182,1877,42,1,162.27
5769,182,1877,47,1,691.19
5770,322,1878,1,1,5429.43
5771,322,1878,3,2,182.88
5772,322,1878,4,1,1045.02
5773,322,1879,92,1,182.48
5774,4,1880,156,1,131.66
5775,59,1881,88,1,398.34
5776,59,1881,189,1,46.18
5777,411,1882,1,1,5429.43
5778,411,1882,3,1,182.88
5779,411,1882,4,1,1045.02
5780,411,1882,166,1,184.75
5781,411,1882,10,1,96.42
5782,230,1883,25,2,958.76
5783,230,1883,26,1,547.5
5784,230,1883,28,1,207.71
5785,96,1884,9,1,864.52
5786,96,1884,2,1,6856.93
5787,271,1885,41,1,708.68
5788,271,1885,42,1,162.27
5789,271,1885,105,1,250.27
5790,271,1885,47,1,691.19
5791,271,1885,48,2,377.48
5792,11,1886,148,1,658.67
5793,85,1887,32,1,182.43
5794,85,1887,39,1,51.31
5795,85,1887,147,1,4075.22
5796,85,1887,180,1,279.71
5797,85,1887,31,1,118.65
5798,420,1888,90,1,2115.26
5799,420,1888,110,1,228.23
5800,88,1889,33,1,404.5
5801,88,1889,34,1,269.1
5802,88,1889,35,1,790.82
5803,133,1890,164,1,297.97
5804,133,1890,41,1,708.68
5805,133,1890,42,1,162.27
5806,133,1890,47,1,691.19
5807,133,1890,48,1,377.48
5808,124,1891,131,1,457.64
5809,124,1891,140,1,61.32
5810,479,1892,56,1,327.69
5811,479,1892,51,1,66.67
5812,479,1892,53,1,95.99
5813,479,1892,54,1,131.19
5814,412,1893,48,1,377.48
5815,412,1893,50,1,103.84
5816,412,1893,46,1,121.09
5817,53,1894,82,1,482.06
5818,53,1894,59,1,88.07
5819,223,1895,11,1,73.96
5820,62,1896,25,1,958.76
5821,62,1896,26,1,547.5
5822,62,1896,29,1,137.26
5823,497,1897,33,1,404.5
5824,497,1897,34,1,269.1
5825,497,1897,147,1,4075.22
5826,497,1897,74,1,132.13
5827,355,1898,48,1,377.48
5828,355,1898,42,1,162.27
5829,355,1898,34,1,269.1
5830,355,1898,46,1,121.09
5831,206,1899,25,2,958.76
5832,206,1899,26,1,547.5
5833,206,1899,38,1,325.54
5834,206,1899,95,1,217.5
5835,263,1900,105,1,250.27
5836,263,1900,14,1,687.06
5837,297,1901,2,1,6856.93
5838,297,1901,67,1,3651.66
5839,297,1901,3,1,182.88
5840,297,1901,6,1,2618.75
5841,297,1901,19,1,195.42
5842,129,1902,194,1,582.97
5843,129,1902,34,1,269.1
5844,129,1902,38,1,325.54
5845,257,1903,32,1,182.43
5846,257,1903,66,1,234.31
5847,257,1903,41,1,708.68
5848,257,1903,42,1,162.27
5849,257,1903,47,1,691.19
5850,257,1903,48,1,377.48
5851,112,1904,32,1,182.43
5852,112,1904,34,1,269.1
5853,112,1904,99,1,185.24
5854,112,1904,37,1,113.29
5855,112,1904,39,1,51.31
5856,112,1904,31,1,118.65
5857,131,1905,33,1,404.5
5858,131,1905,34,1,269.1
5859,131,1905,35,1,790.82
5860,131,1905,38,1,325.54
5861,131,1905,49,2,247.85
5862,475,1906,32,1,182.43
5863,475,1906,39,1,51.31
5864,475,1906,31,1,118.65
5865,413,1907,42,1,162.27
5866,413,1907,50,1,103.84
5867,413,1907,46,1,121.09
5868,413,1907,146,1,323.76
5869,229,1908,92,1,182.48
5870,229,1908,87,1,281.44
5871,364,1909,56,1,327.69
5872,364,1909,51,1,66.67
5873,364,1909,53,1,95.99
5874,364,1909,54,1,131.19
5875,484,1910,32,1,182.43
5876,484,1910,57,1,215.42
5877,316,1911,1,1,5429.43
5878,316,1911,10,1,96.42
5879,316,1911,3,1,182.88
5880,316,1911,4,1,1045.02
5881,464,1912,120,1,37.31
5882,36,1913,56,1,327.69
5883,36,1913,97,1,1968.21
5884,36,1913,51,1,66.67
5885,36,1913,54,2,131.19
5886,301,1914,34,2,269.1
5887,301,1914,158,1,655.51
5888,301,1914,68,1,1081.84
5889,301,1914,38,1,325.54
5890,16,1915,102,1,1982.66
5891,16,1915,41,1,708.68
5892,16,1915,42,1,162.27
5893,16,1915,47,1,691.19
5894,16,1915,48,1,377.48
5895,16,1915,23,1,3803.84
5896,45,1916,2,1,6856.93
5897,45,1916,3,2,182.88
5898,45,1916,6,1,2618.75
5899,45,1916,138,1,2075.88
5900,45,1916,190,2,615.39
5901,43,1917,9,1,864.52
5902,43,1917,2,1,6856.93
5903,43,1917,3,1,182.88
5904,43,1917,6,1,2618.75
5905,403,1918,32,1,182.43
5906,403,1918,39,1,51.31
5907,403,1918,37,1,113.29
5908,403,1918,31,2,118.65
5909,184,1919,143,1,602.95
5910,237,1920,25,1,958.76
5911,237,1920,29,1,137.26
5912,16,1921,198,1,440.15
5913,16,1921,51,1,66.67
5914,16,1921,53,1,95.99
5915,16,1921,54,1,131.19
5916,16,1921,56,1,327.69
5917,14,1922,151,1,71.91
5918,14,1922,127,1,209.71
5919,118,1923,75,1,670.09
5920,103,1924,32,1,182.43
5921,103,1924,37,1,113.29
5922,103,1924,39,1,51.31
5923,103,1924,88,1,398.34
5924,103,1924,31,1,118.65
5925,225,1925,189,1,46.18
5926,225,1925,135,1,248.61
5927,484,1926,53,1,95.99
5928,484,1926,142,1,243.55
5929,67,1927,200,1,284.58
5930,67,1927,97,1,1968.21
5931,384,1928,33,1,404.5
5932,384,1928,34,1,269.1
5933,384,1928,35,1,790.82
5934,384,1928,195,1,411.6
5935,384,1928,38,1,325.54
5936,115,1929,117,1,159.84
5937,253,1930,48,1,377.48
5938,253,1930,42,1,162.27
5939,253,1930,50,1,103.84
5940,253,1930,46,1,121.09
5941,166,1931,168,1,126.51
5942,424,1932,1,1,5429.43
5943,424,1932,10,1,96.42
5944,424,1932,3,1,182.88
5945,424,1932,4,1,1045.02
5946,245,1933,9,1,864.52
5947,245,1933,2,1,6856.93
5948,245,1933,189,2,46.18
5949,233,1934,16,2,680.77
5950,233,1934,34,1,269.1
5951,233,1934,35,1,790.82
5952,233,1934,38,1,325.54
5953,165,1935,86,1,336.99
5954,97,1936,42,1,162.27
5955,97,1936,173,1,426.85
5956,97,1936,46,1,121.09
5957,97,1936,48,1,377.48
5958,97,1936,50,1,103.84
5959,322,1937,67,1,3651.66
5960,133,1938,178,1,3002.16
5961,133,1938,47,2,691.19
5962,135,1939,25,2,958.76
5963,135,1939,26,1,547.5
5964,135,1939,28,2,207.71
5965,192,1940,42,1,162.27
5966,192,1940,107,1,5057.62
5967,192,1940,46,1,121.09
5968,192,1940,48,2,377.48
5969,192,1940,50,1,103.84
5970,187,1941,2,1,6856.93
5971,187,1941,3,1,182.88
5972,187,1941,72,1,295.83
5973,187,1941,9,1,864.52
5974,187,1941,25,1,958.76
5975,366,1942,51,1,66.67
5976,366,1942,53,1,95.99
5977,366,1942,54,1,131.19
5978,366,1942,135,1,248.61
5979,122,1943,172,1,72.49
5980,122,1943,148,1,658.67
5981,41,1944,33,1,404.5
5982,452,1945,194,1,582.97
5983,196,1946,162,1,2324.66
5984,196,1946,25,1,958.76
5985,196,1946,26,1,547.5
5986,196,1946,28,1,207.71
5987,196,1946,29,1,137.26
5988,170,1947,108,1,5179.59
5989,170,1947,51,1,66.67
5990,170,1947,53,1,95.99
5991,170,1947,54,1,131.19
5992,170,1947,56,1,327.69
5993,170,1947,187,1,521.01
5994,119,1948,104,1,146.34
5995,246,1949,1,1,5429.43
5996,246,1949,83,1,584.83
5997,246,1949,3,1,182.88
5998,246,1949,108,1,5179.59
5999,471,1950,33,1,404.5
6000,471,1950,34,1,269.1
6001,471,1950,50,1,103.84
6002,471,1950,38,1,325.54
6003,255,1951,25,1,958.76
6004,255,1951,28,1,207.71
6005,255,1951,29,1,137.26
6006,54,1952,24,1,362.63
6007,34,1953,99,2,185.24
6008,34,1953,111,1,453.66
6009,123,1954,6,1,2618.75
6010,424,1955,88,1,398.34
6011,424,1955,179,1,148.28
6012,198,1956,33,1,404.5
6013,198,1956,34,1,269.1
6014,198,1956,38,1,325.54
6015,322,1957,42,1,162.27
6016,322,1957,12,1,378.07
6017,322,1957,46,1,121.09
6018,322,1957,48,1,377.48
6019,322,1957,50,1,103.84
6020,157,1958,46,1,121.09
6021,457,1959,33,1,404.5
6022,3,1960,33,2,404.5
6023,3,1960,34,1,269.1
6024,3,1960,35,2,790.82
6025,3,1960,38,1,325.54
6026,3,1960,8,1,338.12
6027,494,1961,115,1,131.51
6028,494,1961,75,2,670.09
6029,92,1962,164,1,297.97
6030,92,1962,85,1,1742.75
6031,494,1963,48,1,377.48
6032,494,1963,42,1,162.27
6033,494,1963,50,1,103.84
6034,494,1963,46,1,121.09
6035,482,1964,9,1,864.52
6036,482,1964,2,1,6856.93
6037,482,1964,153,2,564.14
6038,482,1964,6,1,2618.75
6039,177,1965,165,2,867.11
6040,177,1965,41,2,708.68
6041,177,1965,42,1,162.27
6042,177,1965,47,2,691.19
6043,177,1965,48,1,377.48
6044,177,1965,82,1,482.06
6045,187,1966,9,1,864.52
6046,187,1966,2,1,6856.93
6047,187,1966,3,1,182.88
6048,187,1966,6,1,2618.75
6049,174,1967,25,1,958.76
6050,174,1967,28,1,207.71
6051,174,1967,29,1,137.26
6052,234,1968,70,1,1076.29
6053,438,1969,179,2,148.28
6054,438,1969,175,1,152.85
6055,61,1970,177,1,3544.65
6056,61,1970,109,1,44.98
6057,444,1971,32,1,182.43
6058,444,1971,37,1,113.29
6059,444,1971,39,1,51.31
6060,155,1972,192,1,105.53
6061,155,1972,13,1,342.07
6062,155,1972,51,1,66.67
6063,155,1972,53,1,95.99
6064,155,1972,54,1,131.19
6065,155,1972,56,1,327.69
6066,122,1973,130,1,3341.54
6067,122,1973,187,1,521.01
6068,159,1974,51,1,66.67
6069,159,1974,54,1,131.19
6070,159,1974,56,1,327.69
6071,159,1974,60,1,325.99
6072,159,1974,29,1,137.26
6073,114,1975,98,1,449.02
6074,92,1976,32,1,182.43
6075,92,1976,39,1,51.31
6076,92,1976,37,1,113.29
6077,92,1976,31,1,118.65
6078,453,1977,166,1,184.75
6079,275,1978,48,1,377.48
6080,275,1978,41,1,708.68
6081,275,1978,70,1,1076.29
6082,275,1978,47,1,691.19
6083,359,1979,48,1,377.48
6084,359,1979,42,1,162.27
6085,359,1979,50,1,103.84
6086,359,1979,46,1,121.09
6087,479,1980,33,1,404.5
6088,479,1980,34,1,269.1
6089,479,1980,35,1,790.82
6090,494,1981,56,1,327.69
6091,494,1981,51,1,66.67
6092,494,1981,53,1,95.99
6093,106,1982,32,2,182.43
6094,106,1982,31,1,118.65
6095,6,1983,1,1,5429.43
6096,6,1983,3,1,182.88
6097,6,1983,4,1,1045.02
6098,6,1983,68,1,1081.84
6099,6,1983,10,1,96.42
6100,6,1983,79,1,421.1
6101,95,1984,1,1,5429.43
6102,95,1984,3,1,182.88
6103,95,1984,4,1,1045.02
6104,95,1984,70,2,1076.29
6105,95,1984,10,1,96.42
6106,184,1985,33,1,404.5
6107,184,1985,34,1,269.1
6108,184,1985,35,1,790.82
6109,184,1985,38,2,325.54
6110,184,1985,120,1,37.31
6111,184,1985,29,1,137.26
6112,242,1986,120,1,37.31
6113,242,1986,192,1,105.53
6114,100,1987,144,1,91.59
6115,100,1987,15,1,478.33
6116,414,1988,130,1,3341.54
6117,414,1988,67,1,3651.66
6118,171,1989,156,1,131.66
6119,171,1989,28,1,207.71
6120,345,1990,65,1,586.82
6121,345,1990,76,1,110.25
6122,448,1991,33,1,404.5
6123,335,1992,32,1,182.43
6124,335,1992,37,1,113.29
6125,335,1992,39,1,51.31
6126,335,1992,44,1,1768.56
6127,335,1992,189,1,46.18
6128,335,1992,31,1,118.65
6129,423,1993,173,1,426.85
6130,314,1994,33,1,404.5
6131,314,1994,34,1,269.1
6132,314,1994,35,1,790.82
6133,314,1994,131,1,457.64
6134,314,1994,38,1,325.54
6135,314,1994,74,1,132.13
6136,31,1995,32,1,182.43
6137,31,1995,67,1,3651.66
6138,31,1995,37,1,113.29
6139,31,1995,39,1,51.31
6140,31,1995,31,1,118.65
6141,316,1996,128,1,664.23
6142,316,1996,42,1,162.27
6143,316,1996,46,1,121.09
6144,316,1996,48,1,377.48
6145,316,1996,116,1,136.01
6146,483,1997,168,1,126.51
6147,170,1998,34,1,269.1
6148,170,1998,35,1,790.82
6149,170,1998,131,1,457.64
6150,170,1998,38,1,325.54
6151,170,1998,168,1,126.51
6152,185,1999,8,1,338.12
6153,185,1999,51,1,66.67
6154,185,1999,21,1,2953.99
6155,185,1999,53,1,95.99
6156,185,1999,56,1,327.69
6157,437,2000,114,1,246.79
6158,437,2000,108,1,5179.59
6159,417,2001,108,1,5179.59
6160,417,2001,46,1,121.09
6161,336,2002,136,1,1233.09
6162,336,2002,55,2,41.52
6163,374,2003,33,1,404.5
6164,374,2003,34,1,269.1
6165,374,2003,35,1,790.82
6166,374,2003,38,1,325.54
6167,374,2003,10,1,96.42
6168,287,2004,60,1,325.99
6169,233,2005,194,1,582.97
6170,233,2005,87,1,281.44
6171,323,2006,2,1,6856.93
6172,323,2006,147,1,4075.22
6173,323,2006,6,1,2618.75
6174,361,2007,112,1,2651.9
6175,201,2008,182,1,190.33
6176,486,2009,1,1,5429.43
6177,486,2009,4,1,1045.02
6178,499,2010,174,1,886.97
6179,499,2010,51,1,66.67
6180,499,2010,53,1,95.99
6181,499,2010,54,1,131.19
6182,499,2010,56,1,327.69
6183,266,2011,33,1,404.5
6184,266,2011,34,1,269.1
6185,266,2011,35,1,790.82
6186,266,2011,175,1,152.85
6187,266,2011,58,1,143.75
6188,131,2012,2,1,6856.93
6189,131,2012,3,1,182.88
6190,131,2012,6,1,2618.75
6191,131,2012,9,1,864.52
6192,131,2012,175,1,152.85
6193,131,2012,28,1,207.71
6194,239,2013,172,1,72.49
6195,239,2013,51,1,66.67
6196,239,2013,53,1,95.99
6197,239,2013,54,1,131.19
6198,239,2013,90,1,2115.26
6199,66,2014,71,1,241.15
6200,66,2014,183,1,171.04
6201,66,2014,25,2,958.76
6202,66,2014,26,1,547.5
6203,66,2014,29,1,137.26
6204,408,2015,1,1,5429.43
6205,408,2015,3,1,182.88
6206,408,2015,100,1,418.81
6207,408,2015,10,1,96.42
6208,408,2015,92,1,182.48
6209,48,2016,34,2,269.1
6210,48,2016,35,2,790.82
6211,323,2017,81,1,1613.84
6212,323,2017,51,1,66.67
6213,323,2017,53,1,95.99
6214,323,2017,54,1,131.19
6215,229,2018,1,1,5429.43
6216,229,2018,10,1,96.42
6217,229,2018,3,1,182.88
6218,18,2019,61,1,1462.89
6219,247,2020,107,1,5057.62
6220,218,2021,80,1,996.58
6221,218,2021,7,1,2063.12
6222,432,2022,1,1,5429.43
6223,432,2022,3,1,182.88
6224,432,2022,4,1,1045.02
6225,432,2022,10,1,96.42
6226,432,2022,46,1,121.09
6227,16,2023,34,1,269.1
6228,16,2023,103,1,398.87
6229,3,2024,56,1,327.69
6230,3,2024,51,1,66.67
6231,3,2024,53,1,95.99
6232,3,2024,54,2,131.19
6233,430,2025,193,2,256.05
6234,158,2026,56,1,327.69
6235,158,2026,51,1,66.67
6236,158,2026,54,1,131.19
6237,310,2027,9,1,864.52
6238,310,2027,2,1,6856.93
6239,310,2027,6,1,2618.75
6240,47,2028,161,1,280.14
6241,47,2028,94,1,192.65
6242,466,2029,2,1,6856.93
6243,466,2029,6,1,2618.75
6244,447,2030,25,1,958.76
6245,447,2030,26,1,547.5
6246,447,2030,115,1,131.51
6247,447,2030,28,1,207.71
6248,367,2031,41,1,708.68
6249,367,2031,42,1,162.27
6250,367,2031,47,1,691.19
6251,367,2031,48,1,377.48
6252,367,2031,159,1,132.33
6253,8,2032,33,1,404.5
6254,8,2032,31,1,118.65
6255,196,2033,1,1,5429.43
6256,196,2033,3,1,182.88
6257,196,2033,14,1,687.06
6258,13,2034,33,1,404.5
6259,13,2034,34,2,269.1
6260,13,2034,35,1,790.82
6261,13,2034,188,1,2599.64
6262,24,2035,95,1,217.5
6263,181,2036,144,1,91.59
6264,181,2036,41,1,708.68
6265,181,2036,47,1,691.19
6266,426,2037,48,1,377.48
6267,426,2037,8,1,338.12
6268,426,2037,92,1,182.48
6269,426,2037,46,1,121.09
6270,5,2038,32,1,182.43
6271,5,2038,37,1,113.29
6272,5,2038,103,1,398.87
6273,5,2038,157,1,278.2
6274,5,2038,31,1,118.65
6275,26,2039,51,1,66.67
6276,446,2040,33,1,404.5
6277,446,2040,34,2,269.1
6278,446,2040,35,1,790.82
6279,446,2040,133,2,165.39
6280,446,2040,38,1,325.54
6281,332,2041,9,1,864.52
6282,332,2041,2,1,6856.93
6283,95,2042,48,1,377.48
6284,95,2042,50,2,103.84
6285,95,2042,34,1,269.1
6286,95,2042,46,1,121.09
6287,318,2043,32,1,182.43
6288,318,2043,4,1,1045.02
6289,318,2043,37,1,113.29
6290,318,2043,39,1,51.31
6291,318,2043,146,1,323.76
6292,352,2044,22,1,2057.09
6293,352,2044,25,1,958.76
6294,352,2044,26,1,547.5
6295,352,2044,28,2,207.71
6296,352,2044,29,1,137.26
6297,187,2045,176,1,1269.55
6298,426,2046,164,1,297.97
6299,426,2046,25,1,958.76
6300,426,2046,154,1,3786.85
6301,426,2046,28,1,207.71
6302,426,2046,29,1,137.26
6303,8,2047,32,1,182.43
6304,8,2047,37,1,113.29
6305,8,2047,39,1,51.31
6306,8,2047,172,1,72.49
6307,8,2047,20,1,600.91
6308,8,2047,31,1,118.65
6309,236,2048,105,1,250.27
6310,236,2048,34,1,269.1
6311,236,2048,151,1,71.91
6312,418,2049,103,1,398.87
6313,306,2050,25,1,958.76
6314,306,2050,19,1,195.42
6315,139,2051,41,1,708.68
6316,139,2051,42,1,162.27
6317,139,2051,47,1,691.19
6318,139,2051,48,1,377.48
6319,139,2051,180,1,279.71
6320,136,2052,32,1,182.43
6321,136,2052,37,1,113.29
6322,136,2052,9,1,864.52
6323,136,2052,173,1,426.85
6324,136,2052,31,1,118.65
6325,171,2053,1,1,5429.43
6326,171,2053,10,1,96.42
6327,171,2053,3,1,182.88
6328,195,2054,75,1,670.09
6329,479,2055,41,1,708.68
6330,479,2055,42,1,162.27
6331,479,2055,47,1,691.19
6332,479,2055,48,1,377.48
6333,479,2055,146,1,323.76
6334,491,2056,122,2,696.77
6335,491,2056,42,1,162.27
6336,491,2056,46,1,121.09
6337,491,2056,48,2,377.48
6338,491,2056,50,1,103.84
6339,491,2056,154,1,3786.85
6340,190,2057,123,1,140.92
6341,190,2057,54,1,131.19
6342,405,2058,94,1,192.65
6343,336,2059,101,1,241.26
6344,336,2059,85,1,1742.75
6345,359,2060,33,1,404.5
6346,359,2060,34,1,269.1
6347,170,2061,64,1,578.73
6348,170,2061,42,2,162.27
6349,170,2061,46,1,121.09
6350,170,2061,48,1,377.48
6351,170,2061,50,1,103.84
6352,170,2061,190,1,615.39
6353,393,2062,1,1,5429.43
6354,393,2062,83,1,584.83
6355,393,2062,3,1,182.88
6356,325,2063,190,1,615.39
6357,162,2064,33,1,404.5
6358,162,2064,34,1,269.1
6359,162,2064,130,1,3341.54
6360,162,2064,38,1,325.54
6361,162,2064,19,1,195.42
6362,473,2065,177,2,3544.65
6363,192,2066,2,1,6856.93
6364,192,2066,3,1,182.88
6365,192,2066,69,1,5185.33
6366,192,2066,6,1,2618.75
6367,192,2066,155,1,298.62
6368,46,2067,5,2,1043.64
6369,46,2067,25,1,958.76
6370,46,2067,26,1,547.5
6371,46,2067,28,1,207.71
6372,46,2067,29,1,137.26
6373,34,2068,21,1,2953.99
6374,119,2069,194,1,582.97
6375,119,2069,78,1,637.27
6376,54,2070,48,2,377.48
6377,54,2070,116,1,136.01
6378,54,2070,46,1,121.09
6379,54,2071,48,1,377.48
6380,54,2071,128,1,664.23
6381,54,2071,46,1,121.09
6382,287,2072,42,1,162.27
6383,287,2072,47,1,691.19
6384,201,2073,32,1,182.43
6385,201,2073,37,2,113.29
6386,201,2073,39,1,51.31
6387,201,2073,170,1,810.36
6388,201,2073,31,1,118.65
6389,201,2073,95,1,217.5
6390,138,2074,164,1,297.97
6391,138,2074,102,1,1982.66
6392,230,2075,32,1,182.43
6393,230,2075,37,1,113.29
6394,230,2075,31,1,118.65
6395,391,2076,64,1,578.73
6396,391,2076,97,1,1968.21
6397,391,2076,51,1,66.67
6398,391,2076,53,1,95.99
6399,391,2076,54,2,131.19
6400,343,2077,32,1,182.43
6401,343,2077,66,1,234.31
6402,343,2077,69,1,5185.33
6403,343,2077,39,1,51.31
6404,122,2078,42,1,162.27
6405,122,2078,46,1,121.09
6406,122,2078,48,2,377.48
6407,122,2078,17,1,281.04
6408,122,2078,50,1,103.84
6409,13,2079,32,1,182.43
6410,13,2079,37,1,113.29
6411,13,2079,39,1,51.31
6412,13,2079,168,2,126.51
6413,13,2079,28,1,207.71
6414,13,2079,31,1,118.65
6415,22,2080,34,1,269.1
6416,22,2080,116,1,136.01
6417,22,2080,38,1,325.54
6418,476,2081,5,1,1043.64
6419,362,2082,42,1,162.27
6420,362,2082,46,1,121.09
6421,362,2082,48,1,377.48
6422,362,2082,190,1,615.39
6423,362,2082,63,1,557.39
6424,172,2083,9,1,864.52
6425,475,2084,1,1,5429.43
6426,475,2084,3,1,182.88
6427,476,2085,32,1,182.43
6428,476,2085,37,1,113.29
6429,476,2085,39,1,51.31
6430,476,2085,50,1,103.84
6431,476,2085,31,1,118.65
6432,265,2086,93,1,304.48
6433,404,2087,41,1,708.68
6434,404,2087,42,1,162.27
6435,404,2087,47,1,691.19
6436,404,2087,48,1,377.48
6437,404,2087,178,1,3002.16
6438,218,2088,34,2,269.1
6439,218,2088,35,1,790.82
6440,218,2088,38,1,325.54
6441,407,2089,1,1,5429.43
6442,407,2089,10,1,96.42
6443,407,2089,3,1,182.88
6444,407,2089,187,1,521.01
6445,116,2090,129,2,94.56
6446,116,2090,42,1,162.27
6447,116,2090,46,1,121.09
6448,116,2090,50,1,103.84
6449,116,2090,30,1,583.67
6450,397,2091,48,1,377.48
6451,397,2091,42,1,162.27
6452,397,2091,46,1,121.09
6453,194,2092,33,1,404.5
6454,194,2092,34,1,269.1
6455,194,2092,38,1,325.54
6456,133,2093,32,2,182.43
6457,133,2093,37,1,113.29
6458,133,2093,39,1,51.31
6459,133,2093,11,1,73.96
6460,133,2093,142,1,243.55
6461,133,2093,31,1,118.65
6462,322,2094,2,1,6856.93
6463,322,2094,3,1,182.88
6464,322,2094,6,1,2618.75
6465,322,2094,9,1,864.52
6466,322,2094,29,1,137.26
6467,479,2095,81,1,1613.84
6468,431,2096,24,2,362.63
6469,431,2096,54,1,131.19
6470,141,2097,1,1,5429.43
6471,141,2097,3,1,182.88
6472,141,2097,4,1,1045.02
6473,141,2097,18,1,685.51
6474,141,2097,50,1,103.84
6475,161,2098,41,1,708.68
6476,161,2098,42,1,162.27
6477,161,2098,47,1,691.19
6478,161,2098,48,1,377.48
6479,161,2098,95,1,217.5
6480,104,2099,68,1,1081.84
6481,71,2100,48,1,377.48
6482,71,2100,42,1,162.27
6483,71,2100,47,2,691.19
6484,265,2101,48,1,377.48
6485,265,2101,25,1,958.76
6486,265,2101,29,1,137.26
6487,357,2102,64,1,578.73
6488,357,2102,7,1,2063.12
6489,357,2102,41,1,708.68
6490,357,2102,42,1,162.27
6491,357,2102,47,1,691.19
6492,357,2102,48,1,377.48
6493,91,2103,2,1,6856.93
6494,468,2104,33,1,404.5
6495,468,2104,34,1,269.1
6496,468,2104,38,2,325.54
6497,76,2105,41,1,708.68
6498,142,2106,152,1,92.66
6499,57,2107,29,1,137.26
6500,57,2107,63,1,557.39
6501,442,2108,41,1,708.68
6502,442,2108,42,1,162.27
6503,442,2108,161,1,280.14
6504,442,2108,47,1,691.19
6505,413,2109,1,1,5429.43
6506,413,2109,10,2,96.42
6507,413,2109,3,1,182.88
6508,413,2109,4,1,1045.02
6509,299,2110,190,2,615.39
6510,299,2110,159,1,132.33
6511,213,2111,25,1,958.76
6512,213,2111,83,1,584.83
6513,213,2111,28,1,207.71
6514,213,2111,29,1,137.26
6515,33,2112,89,1,73.16
6516,33,2112,87,1,281.44
6517,374,2113,40,1,36.51
6518,47,2114,32,1,182.43
6519,47,2114,132,1,284.92
6520,156,2115,32,1,182.43
6521,156,2115,170,1,810.36
6522,156,2115,36,1,703.99
6523,156,2115,31,1,118.65
6524,487,2116,114,2,246.79
6525,219,2117,42,1,162.27
6526,219,2117,147,1,4075.22
6527,175,2118,144,1,91.59
6528,191,2119,9,2,864.52
6529,191,2119,2,1,6856.93
6530,191,2119,3,1,182.88
6531,191,2119,6,1,2618.75
6532,426,2120,32,1,182.43
6533,426,2120,37,1,113.29
6534,426,2120,39,1,51.31
6535,426,2120,11,1,73.96
6536,426,2120,181,1,353.61
6537,426,2120,31,1,118.65
6538,248,2121,32,1,182.43
6539,357,2122,41,1,708.68
6540,357,2122,60,1,325.99
6541,357,2122,47,1,691.19
6542,334,2123,1,1,5429.43
6543,334,2123,10,1,96.42
6544,334,2123,3,1,182.88
6545,334,2123,4,2,1045.02
6546,390,2124,1,1,5429.43
6547,390,2124,10,1,96.42
6548,390,2124,3,1,182.88
6549,390,2124,4,1,1045.02
6550,423,2125,51,1,66.67
6551,20,2126,1,1,5429.43
6552,20,2126,10,1,96.42
6553,20,2126,4,1,1045.02
6554,52,2127,32,1,182.43
6555,52,2127,39,1,51.31
6556,52,2127,31,1,118.65
6557,253,2128,32,2,182.43
6558,253,2128,37,1,113.29
6559,253,2128,31,1,118.65
6560,71,2129,135,1,248.61
6561,71,2129,79,1,421.1
6562,252,2130,48,1,377.48
6563,252,2130,50,2,103.84
6564,252,2130,118,1,175.91
6565,252,2130,46,1,121.09
6566,141,2131,32,1,182.43
6567,141,2131,195,1,411.6
6568,141,2131,37,1,113.29
6569,141,2131,25,1,958.76
6570,141,2131,31,2,118.65
6571,238,2132,33,1,404.5
6572,238,2132,34,1,269.1
6573,238,2132,38,1,325.54
6574,7,2133,150,2,244.37
6575,456,2134,74,1,132.13
6576,323,2135,25,1,958.76
6577,323,2135,28,1,207.71
6578,323,2135,29,1,137.26
6579,348,2136,56,1,327.69
6580,348,2136,51,1,66.67
6581,348,2136,53,1,95.99
6582,399,2137,32,1,182.43
6583,399,2137,193,1,256.05
6584,399,2137,37,1,113.29
6585,399,2137,39,2,51.31
6586,399,2137,181,1,353.61
6587,399,2137,31,1,118.65
6588,264,2138,105,1,250.27
6589,249,2139,1,1,5429.43
6590,249,2139,2,1,6856.93
6591,45,2140,69,1,5185.33
6592,45,2140,25,2,958.76
6593,45,2140,26,1,547.5
6594,45,2140,28,1,207.71
6595,45,2140,29,1,137.26
6596,197,2141,41,1,708.68
6597,197,2141,42,1,162.27
6598,197,2141,47,1,691.19
6599,84,2142,56,1,327.69
6600,84,2142,51,1,66.67
6601,84,2142,53,1,95.99
6602,1,2143,172,1,72.49
6603,498,2144,200,1,284.58
6604,498,2144,82,1,482.06
6605,388,2145,114,1,246.79
6606,388,2145,69,2,5185.33
6607,35,2146,33,1,404.5
6608,35,2146,34,1,269.1
6609,35,2146,10,1,96.42
6610,35,2146,38,1,325.54
6611,280,2147,192,1,105.53
6612,434,2148,48,1,377.48
6613,434,2148,42,2,162.27
6614,434,2148,26,1,547.5
6615,434,2148,47,1,691.19
6616,87,2149,2,2,6856.93
6617,87,2149,3,1,182.88
6618,87,2149,6,2,2618.75
6619,323,2150,32,1,182.43
6620,323,2150,117,1,159.84
6621,323,2150,37,1,113.29
6622,323,2150,31,1,118.65
6623,138,2151,152,1,92.66
6624,138,2151,26,1,547.5
6625,348,2152,45,1,207.67
6626,348,2152,103,1,398.87
6627,255,2153,104,1,146.34
6628,255,2153,122,1,696.77
6629,250,2154,28,1,207.71
6630,250,2154,158,1,655.51
6631,391,2155,185,1,329.38
6632,267,2156,49,1,247.85
6633,267,2156,129,1,94.56
6634,105,2157,33,1,404.5
6635,105,2157,34,2,269.1
6636,105,2157,35,1,790.82
6637,105,2157,38,1,325.54
6638,105,2157,172,1,72.49
6639,30,2158,200,1,284.58
6640,30,2158,64,1,578.73
6641,345,2159,3,1,182.88
6642,345,2159,51,1,66.67
6643,345,2159,19,2,195.42
6644,345,2159,53,1,95.99
6645,345,2159,56,1,327.69
6646,215,2160,2,1,6856.93
6647,215,2160,3,1,182.88
6648,215,2160,6,1,2618.75
6649,215,2160,9,1,864.52
6650,215,2160,16,1,680.77
6651,76,2161,51,1,66.67
6652,76,2161,54,1,131.19
6653,344,2162,25,1,958.76
6654,344,2162,28,1,207.71
6655,344,2162,29,1,137.26
6656,344,2162,9,1,864.52
6657,421,2163,154,1,3786.85
6658,421,2163,124,1,4869.43
6659,188,2164,25,1,958.76
6660,188,2164,26,1,547.5
6661,188,2164,28,1,207.71
6662,188,2164,29,1,137.26
6663,494,2165,173,1,426.85
6664,168,2166,33,1,404.5
6665,168,2166,34,1,269.1
6666,168,2166,35,1,790.82
6667,168,2166,9,1,864.52
6668,168,2166,106,1,449.77
6669,494,2167,2,1,6856.93
6670,494,2167,3,1,182.88
6671,494,2167,6,1,2618.75
6672,494,2167,191,1,2178.66
6673,234,2168,162,1,2324.66
6674,422,2169,1,1,5429.43
6675,422,2169,3,1,182.88
6676,422,2169,4,1,1045.02
6677,422,2169,109,1,44.98
6678,165,2170,48,2,377.48
6679,165,2170,41,1,708.68
6680,165,2170,42,2,162.27
6681,165,2170,47,1,691.19
6682,271,2171,32,2,182.43
6683,271,2171,37,1,113.29
6684,271,2171,39,1,51.31
6685,271,2171,104,1,146.34
6686,271,2171,31,1,118.65
6687,348,2172,2,1,6856.93
6688,348,2172,3,1,182.88
6689,348,2172,6,1,2618.75
6690,74,2173,48,1,377.48
6691,74,2173,162,1,2324.66
6692,74,2173,42,1,162.27
6693,74,2173,47,1,691.19
6694,241,2174,33,1,404.5
6695,241,2174,34,1,269.1
6696,241,2174,35,2,790.82
6697,241,2174,38,1,325.54
6698,241,2174,113,1,61.24
6699,278,2175,1,1,5429.43
6700,278,2175,4,1,1045.02
6701,447,2176,49,1,247.85
6702,447,2176,194,1,582.97
6703,215,2177,2,1,6856.93
6704,215,2177,3,1,182.88
6705,215,2177,6,1,2618.75
6706,215,2177,72,1,295.83
6707,215,2177,9,1,864.52
6708,215,2177,106,1,449.77
6709,69,2178,12,1,378.07
6710,293,2179,16,1,680.77
6711,110,2180,32,1,182.43
6712,110,2180,37,1,113.29
6713,110,2180,39,2,51.31
6714,110,2180,47,1,691.19
6715,110,2180,82,1,482.06
6716,110,2180,31,1,118.65
6717,30,2181,64,1,578.73
6718,30,2181,1,1,5429.43
6719,30,2181,48,1,377.48
6720,30,2181,4,1,1045.02
6721,270,2182,33,1,404.5
6722,270,2182,34,1,269.1
6723,270,2182,35,1,790.82
6724,270,2182,38,1,325.54
6725,270,2182,78,2,637.27
6726,408,2183,32,1,182.43
6727,408,2183,39,1,51.31
6728,408,2183,31,1,118.65
6729,13,2184,136,1,1233.09
6730,13,2184,1,1,5429.43
6731,13,2184,10,1,96.42
6732,102,2185,32,1,182.43
6733,102,2185,4,2,1045.02
6734,102,2185,37,1,113.29
6735,102,2185,39,1,51.31
6736,102,2185,115,1,131.51
6737,102,2185,31,1,118.65
6738,498,2186,96,1,2249.21
6739,498,2186,132,1,284.92
6740,303,2187,1,1,5429.43
6741,303,2187,4,1,1045.02
6742,303,2187,10,1,96.42
6743,303,2187,12,1,378.07
6744,303,2187,83,1,584.83
6745,22,2188,63,1,557.39
6746,101,2189,106,1,449.77
6747,249,2190,160,1,298.73
6748,249,2190,52,1,108.37
6749,77,2191,33,1,404.5
6750,77,2191,34,1,269.1
6751,77,2191,35,1,790.82
6752,77,2191,119,1,1350.85
6753,77,2191,127,1,209.71
6754,73,2192,20,1,600.91
6755,476,2193,104,1,146.34
6756,476,2193,18,1,685.51
6757,161,2194,122,2,696.77
6758,161,2194,38,1,325.54
6759,464,2195,184,1,617.48
6760,338,2196,190,1,615.39
6761,232,2197,25,1,958.76
6762,232,2197,26,1,547.5
6763,232,2197,28,1,207.71
6764,232,2197,29,2,137.26
6765,250,2198,56,1,327.69
6766,250,2198,51,1,66.67
6767,250,2198,53,1,95.99
6768,230,2199,14,1,687.06
6769,123,2200,104,1,146.34
6770,134,2201,200,1,284.58
6771,134,2201,95,1,217.5
6772,379,2202,34,1,269.1
6773,379,2202,115,2,131.51
6774,379,2202,38,1,325.54
6775,173,2203,42,1,162.27
6776,173,2203,141,1,449.82
6777,173,2203,46,1,121.09
6778,173,2203,48,1,377.48
6779,173,2203,50,1,103.84
6780,173,2203,63,1,557.39
6781,329,2204,33,1,404.5
6782,329,2204,34,2,269.1
6783,329,2204,38,1,325.54
6784,293,2205,97,1,1968.21
6785,293,2205,2,1,6856.93
6786,293,2205,3,1,182.88
6787,293,2205,9,1,864.52
6788,293,2205,29,1,137.26
6789,73,2206,33,1,404.5
6790,73,2206,34,1,269.1
6791,73,2206,38,1,325.54
6792,73,2206,25,1,958.76
6793,417,2207,129,1,94.56
6794,417,2207,13,1,342.07
6795,417,2207,25,1,958.76
6796,417,2207,26,1,547.5
6797,417,2207,28,1,207.71
6798,301,2208,48,1,377.48
6799,301,2208,114,1,246.79
6800,301,2208,46,1,121.09
6801,192,2209,9,1,864.52
6802,192,2209,2,1,6856.93
6803,192,2209,3,1,182.88
6804,5,2210,163,2,417.18
6805,5,2210,41,1,708.68
6806,5,2210,42,1,162.27
6807,5,2210,47,1,691.19
6808,5,2210,48,1,377.48
6809,5,2210,21,1,2953.99
6810,260,2211,3,1,182.88
6811,200,2212,2,1,6856.93
6812,200,2212,3,1,182.88
6813,200,2212,6,1,2618.75
6814,200,2212,151,1,71.91
6815,19,2213,9,1,864.52
6816,19,2213,2,1,6856.93
6817,19,2213,3,2,182.88
6818,113,2214,33,1,404.5
6819,113,2214,61,1,1462.89
6820,44,2215,48,1,377.48
6821,44,2215,42,1,162.27
6822,44,2215,50,1,103.84
6823,44,2215,46,1,121.09
6824,27,2216,73,1,249.37
6825,450,2217,188,2,2599.64
6826,189,2218,188,1,2599.64
6827,8,2219,137,1,593.31
6828,8,2219,175,2,152.85
6829,424,2220,32,1,182.43
6830,424,2220,44,1,1768.56
6831,424,2220,25,1,958.76
6832,424,2220,26,1,547.5
6833,424,2220,29,1,137.26
6834,249,2221,33,1,404.5
6835,214,2222,179,1,148.28
6836,214,2222,68,2,1081.84
6837,466,2223,33,1,404.5
6838,466,2223,34,1,269.1
6839,466,2223,67,1,3651.66
6840,466,2223,38,1,325.54
6841,161,2224,7,1,2063.12
6842,161,2224,46,1,121.09
6843,161,2224,48,1,377.48
6844,161,2224,80,1,996.58
6845,161,2224,50,1,103.84
6846,49,2225,41,1,708.68
6847,49,2225,51,1,66.67
6848,49,2225,149,1,652.63
6849,49,2225,47,1,691.19
6850,161,2226,129,1,94.56
6851,161,2226,76,1,110.25
6852,497,2227,99,1,185.24
6853,497,2227,150,1,244.37
6854,283,2228,95,1,217.5
6855,283,2228,175,1,152.85
6856,213,2229,72,1,295.83
6857,213,2229,197,1,1440.46
6858,245,2230,2,1,6856.93
6859,245,2230,3,2,182.88
6860,245,2230,6,2,2618.75
6861,151,2231,110,1,228.23
6862,151,2231,51,1,66.67
6863,151,2231,53,2,95.99
6864,151,2231,54,1,131.19
6865,151,2231,56,1,327.69
6866,396,2232,153,1,564.14
6867,5,2233,32,1,182.43
6868,5,2233,64,1,578.73
6869,5,2233,37,1,113.29
6870,5,2233,39,1,51.31
6871,5,2233,31,1,118.65
6872,372,2234,56,2,327.69
6873,372,2234,121,2,279.43
6874,372,2234,51,1,66.67
6875,372,2234,53,1,95.99
6876,485,2235,32,1,182.43
6877,485,2235,96,1,2249.21
6878,485,2235,39,2,51.31
6879,485,2235,153,1,564.14
6880,485,2235,31,1,118.65
6881,367,2236,34,1,269.1
6882,367,2236,35,1,790.82
6883,367,2236,37,1,113.29
6884,367,2236,38,1,325.54
6885,138,2237,108,1,5179.59
6886,138,2237,25,1,958.76
6887,138,2237,26,1,547.5
6888,138,2237,29,1,137.26
6889,138,2237,95,1,217.5
6890,394,2238,76,1,110.25
6891,485,2239,1,1,5429.43
6892,485,2239,3,1,182.88
6893,485,2239,4,1,1045.02
6894,485,2239,69,1,5185.33
6895,485,2239,10,1,96.42
6896,362,2240,27,1,1128.13
6897,258,2241,169,1,452.68
6898,258,2241,51,1,66.67
6899,258,2241,53,1,95.99
6900,377,2242,2,1,6856.93
6901,377,2242,3,2,182.88
6902,377,2242,6,1,2618.75
6903,377,2242,9,1,864.52
6904,377,2242,61,1,1462.89
6905,272,2243,198,1,440.15
6906,272,2243,159,1,132.33
6907,83,2244,1,1,5429.43
6908,83,2244,4,1,1045.02
6909,83,2244,137,1,593.31
6910,83,2244,10,1,96.42
6911,83,2244,141,1,449.82
6912,18,2245,1,1,5429.43
6913,18,2245,10,1,96.42
6914,18,2245,3,1,182.88
6915,34,2246,51,1,66.67
6916,34,2246,53,1,95.99
6917,34,2246,54,2,131.19
6918,34,2246,23,1,3803.84
6919,34,2246,56,1,327.69
6920,2,2247,24,1,362.63
6921,416,2248,200,1,284.58
6922,416,2248,34,1,269.1
6923,416,2248,138,1,2075.88
6924,365,2249,138,1,2075.88
6925,365,2249,184,1,617.48
6926,365,2249,25,1,958.76
6927,365,2249,28,1,207.71
6928,365,2249,29,1,137.26
6929,128,2250,168,2,126.51
6930,281,2251,73,1,249.37
6931,281,2251,71,1,241.15
6932,181,2252,33,1,404.5
6933,181,2252,34,1,269.1
6934,181,2252,35,1,790.82
6935,181,2252,38,2,325.54
6936,232,2253,42,1,162.27
6937,232,2253,173,1,426.85
6938,232,2253,46,1,121.09
6939,232,2253,48,1,377.48
6940,232,2253,50,1,103.84
6941,444,2254,1,1,5429.43
6942,444,2254,4,1,1045.02
6943,444,2254,10,1,96.42
6944,444,2254,20,1,600.91
6945,444,2254,85,1,1742.75
6946,149,2255,80,1,996.58
6947,149,2255,15,1,478.33
6948,9,2256,33,1,404.5
6949,9,2256,34,1,269.1
6950,9,2256,35,1,790.82
6951,9,2256,198,1,440.15
6952,9,2256,38,1,325.54
6953,18,2257,9,1,864.52
6954,18,2257,2,1,6856.93
6955,18,2257,6,1,2618.75
6956,18,2257,47,1,691.19
6957,474,2258,25,1,958.76
6958,474,2258,26,1,547.5
6959,474,2258,28,2,207.71
6960,474,2258,62,1,122.09
6961,33,2259,131,1,457.64
6962,33,2259,85,2,1742.75
6963,346,2260,89,1,73.16
6964,178,2261,48,1,377.48
6965,178,2261,42,1,162.27
6966,178,2261,47,1,691.19
6967,76,2262,2,1,6856.93
6968,76,2262,3,1,182.88
6969,76,2262,6,1,2618.75
6970,76,2262,16,1,680.77
6971,76,2262,151,1,71.91
6972,173,2263,23,1,3803.84
6973,177,2264,25,1,958.76
6974,177,2264,26,1,547.5
6975,177,2264,129,1,94.56
6976,177,2264,28,1,207.71
6977,444,2265,25,1,958.76
6978,444,2265,26,1,547.5
6979,444,2265,28,1,207.71
6980,444,2265,29,1,137.26
6981,241,2266,82,1,482.06
6982,241,2266,63,1,557.39
6983,221,2267,137,1,593.31
6984,221,2267,188,1,2599.64
6985,352,2268,170,1,810.36
6986,352,2268,125,1,208.91
6987,227,2269,1,1,5429.43
6988,227,2269,10,1,96.42
6989,227,2269,3,1,182.88
6990,227,2269,4,1,1045.02
6991,466,2270,138,1,2075.88
6992,252,2271,48,1,377.48
6993,252,2271,57,1,215.42
6994,252,2271,106,1,449.77
6995,252,2271,46,1,121.09
6996,131,2272,2,1,6856.93
6997,131,2272,3,1,182.88
6998,131,2272,164,1,297.97
6999,131,2272,6,2,2618.75
7000,131,2272,9,1,864.52
7001,131,2272,183,1,171.04
7002,116,2273,34,1,269.1
7003,116,2273,158,1,655.51
7004,279,2274,84,1,98.36
7005,142,2275,177,1,3544.65
7006,123,2276,139,1,351.69
7007,429,2277,146,1,323.76
7008,21,2278,37,1,113.29
7009,423,2279,131,1,457.64
7010,423,2279,85,1,1742.75
7011,77,2280,56,1,327.69
7012,77,2280,51,2,66.67
7013,77,2280,54,1,131.19
7014,371,2281,88,1,398.34
7015,371,2281,25,1,958.76
7016,371,2281,26,1,547.5
7017,371,2281,29,1,137.26
7018,468,2282,118,1,175.91
7019,358,2283,69,1,5185.33
7020,445,2284,65,1,586.82
7021,445,2284,172,1,72.49
7022,445,2284,25,1,958.76
7023,445,2284,26,1,547.5
7024,445,2284,28,1,207.71
7025,445,2284,29,1,137.26
7026,172,2285,33,1,404.5
7027,172,2285,34,1,269.1
7028,166,2286,2,1,6856.93
7029,166,2286,3,1,182.88
7030,166,2286,6,2,2618.75
7031,166,2286,9,1,864.52
7032,166,2286,74,1,132.13
7033,166,2286,61,1,1462.89
7034,110,2287,2,1,6856.93
7035,110,2287,3,1,182.88
7036,110,2287,6,1,2618.75
7037,110,2287,9,1,864.52
7038,110,2287,120,1,37.31
7039,436,2288,9,2,864.52
7040,436,2288,2,1,6856.93
7041,436,2288,3,1,182.88
7042,436,2288,6,1,2618.75
7043,172,2289,41,1,708.68
7044,172,2289,47,1,691.19
7045,250,2290,33,1,404.5
7046,250,2290,34,1,269.1
7047,250,2290,35,1,790.82
7048,250,2290,38,1,325.54
7049,250,2290,155,1,298.62
7050,470,2291,25,1,958.76
7051,470,2291,26,1,547.5
7052,432,2292,50,1,103.84
7053,432,2292,55,1,41.52
7054,231,2293,100,1,418.81
7055,491,2294,1,1,5429.43
7056,491,2294,10,1,96.42
7057,491,2294,4,1,1045.02
7058,392,2295,179,1,148.28
7059,392,2295,7,1,2063.12
7060,353,2296,32,2,182.43
7061,353,2296,196,1,211.44
7062,353,2296,165,1,867.11
7063,353,2296,37,1,113.29
7064,353,2296,31,1,118.65
7065,336,2297,1,1,5429.43
7066,336,2297,3,2,182.88
7067,336,2297,4,1,1045.02
7068,32,2298,25,1,958.76
7069,32,2298,29,1,137.26
7070,32,2298,54,1,131.19
7071,32,2298,181,1,353.61
7072,399,2299,48,1,377.48
7073,399,2299,42,1,162.27
7074,399,2299,58,2,143.75
7075,399,2299,47,1,691.19
7076,194,2300,166,1,184.75
7077,467,2301,9,2,864.52
7078,467,2301,2,1,6856.93
7079,35,2302,179,1,148.28
7080,35,2302,191,1,2178.66
7081,219,2303,153,2,564.14
7082,495,2304,2,1,6856.93
7083,495,2304,3,1,182.88
7084,495,2304,6,1,2618.75
7085,495,2304,9,1,864.52
7086,495,2304,82,1,482.06
7087,354,2305,65,1,586.82
7088,354,2305,50,1,103.84
7089,382,2306,97,1,1968.21
7090,382,2306,180,1,279.71
7091,369,2307,77,1,193.57
7092,369,2307,141,1,449.82
7093,210,2308,1,1,5429.43
7094,210,2308,3,1,182.88
7095,210,2308,4,1,1045.02
7096,210,2308,41,1,708.68
7097,210,2308,10,1,96.42
7098,210,2308,152,1,92.66
7099,201,2309,197,1,1440.46
7100,54,2310,42,1,162.27
7101,54,2310,50,2,103.84
7102,54,2310,46,1,121.09
7103,219,2311,41,1,708.68
7104,219,2311,42,1,162.27
7105,219,2311,74,1,132.13
7106,219,2311,47,1,691.19
7107,219,2311,48,1,377.48
7108,219,2311,181,2,353.61
7109,175,2312,42,1,162.27
7110,175,2312,46,1,121.09
7111,175,2312,48,1,377.48
7112,175,2312,50,1,103.84
7113,175,2312,88,1,398.34
7114,305,2313,29,1,137.26
7115,213,2314,104,1,146.34
7116,213,2314,42,1,162.27
7117,213,2314,46,1,121.09
7118,213,2314,48,1,377.48
7119,213,2314,50,1,103.84
7120,213,2314,93,1,304.48
7121,200,2315,92,1,182.48
7122,200,2315,159,1,132.33
7123,7,2316,131,1,457.64
7124,165,2317,48,1,377.48
7125,165,2317,41,1,708.68
7126,165,2317,47,1,691.19
7127,433,2318,116,1,136.01
7128,433,2318,92,1,182.48
7129,145,2319,22,1,2057.09
7130,180,2320,33,1,404.5
7131,180,2320,34,2,269.1
7132,466,2321,41,1,708.68
7133,466,2321,42,1,162.27
7134,466,2321,47,1,691.19
7135,189,2322,9,1,864.52
7136,189,2322,2,1,6856.93
7137,189,2322,6,1,2618.75
7138,127,2323,190,1,615.39
7139,127,2323,62,1,122.09
7140,62,2324,32,1,182.43
7141,62,2324,37,1,113.29
7142,62,2324,39,2,51.31
7143,400,2325,89,1,73.16
7144,400,2325,82,1,482.06
7145,210,2326,106,1,449.77
7146,210,2326,134,1,3215.18
7147,436,2327,34,2,269.1
7148,436,2327,35,1,790.82
7149,436,2327,38,1,325.54
7150,76,2328,2,1,6856.93
7151,76,2328,3,1,182.88
7152,76,2328,39,1,51.31
7153,76,2328,9,1,864.52
7154,76,2328,59,1,88.07
7155,83,2329,171,1,100.57
7156,141,2330,41,1,708.68
7157,141,2330,42,1,162.27
7158,141,2330,47,1,691.19
7159,60,2331,1,1,5429.43
7160,60,2331,3,1,182.88
7161,60,2331,4,1,1045.02
7162,60,2331,6,1,2618.75
7163,60,2331,10,1,96.42
7164,60,2331,119,1,1350.85
7165,197,2332,1,1,5429.43
7166,197,2332,3,1,182.88
7167,197,2332,4,1,1045.02
7168,197,2332,141,1,449.82
7169,197,2332,157,1,278.2
7170,341,2333,56,2,327.69
7171,341,2333,51,1,66.67
7172,341,2333,53,1,95.99
7173,341,2333,54,1,131.19
7174,379,2334,25,1,958.76
7175,379,2334,28,1,207.71
7176,379,2334,125,1,208.91
7177,404,2335,116,1,136.01
7178,404,2335,25,1,958.76
7179,404,2335,26,1,547.5
7180,404,2335,28,1,207.71
7181,404,2335,29,1,137.26
7182,434,2336,70,1,1076.29
7183,193,2337,120,2,37.31
7184,193,2337,1,1,5429.43
7185,193,2337,10,1,96.42
7186,193,2337,4,1,1045.02
7187,433,2338,56,1,327.69
7188,433,2338,82,1,482.06
7189,433,2338,51,1,66.67
7190,433,2338,54,1,131.19
7191,321,2339,189,2,46.18
7192,321,2339,47,1,691.19
7193,293,2340,76,1,110.25
7194,293,2340,51,1,66.67
7195,293,2340,54,1,131.19
7196,293,2340,56,1,327.69
7197,293,2340,157,1,278.2
7198,56,2341,32,1,182.43
7199,56,2341,39,1,51.31
7200,56,2341,110,1,228.23
7201,56,2341,51,1,66.67
7202,56,2341,31,2,118.65
7203,408,2342,85,1,1742.75
7204,269,2343,81,1,1613.84
7205,269,2343,22,1,2057.09
7206,233,2344,48,1,377.48
7207,233,2344,88,1,398.34
7208,233,2344,47,1,691.19
7209,43,2345,48,1,377.48
7210,43,2345,42,1,162.27
7211,43,2345,50,2,103.84
7212,43,2345,46,1,121.09
7213,307,2346,94,1,192.65
7214,105,2347,2,1,6856.93
7215,105,2347,59,1,88.07
7216,381,2348,25,1,958.76
7217,381,2348,28,2,207.71
7218,17,2349,41,1,708.68
7219,17,2349,42,1,162.27
7220,17,2349,76,1,110.25
7221,17,2349,47,1,691.19
7222,17,2349,179,1,148.28
7223,255,2350,186,1,109.52
7224,255,2350,51,1,66.67
7225,255,2350,84,1,98.36
7226,255,2350,54,1,131.19
7227,261,2351,33,1,404.5
7228,261,2351,34,1,269.1
7229,261,2351,35,1,790.82
7230,261,2351,38,1,325.54
7231,261,2351,44,1,1768.56
7232,261,2351,141,1,449.82
7233,63,2352,1,1,5429.43
7234,63,2352,2,1,6856.93
7235,63,2352,3,1,182.88
7236,63,2352,9,1,864.52
7237,63,2352,106,1,449.77
7238,154,2353,141,1,449.82
7239,494,2354,172,1,72.49
7240,187,2355,33,1,404.5
7241,187,2355,34,1,269.1
7242,187,2355,35,1,790.82
7243,187,2355,1,1,5429.43
7244,187,2355,38,1,325.54
7245,187,2355,90,1,2115.26
7246,339,2356,56,1,327.69
7247,339,2356,51,1,66.67
7248,339,2356,54,1,131.19
7249,499,2357,1,1,5429.43
7250,499,2357,10,1,96.42
7251,499,2357,75,1,670.09
7252,335,2358,121,1,279.43
7253,71,2359,77,1,193.57
7254,190,2360,42,1,162.27
7255,190,2360,50,1,103.84
7256,190,2360,46,2,121.09
7257,155,2361,173,1,426.85
7258,473,2362,41,2,708.68
7259,473,2362,42,1,162.27
7260,473,2362,47,2,691.19
7261,365,2363,153,1,564.14
7262,365,2363,25,1,958.76
7263,365,2363,28,1,207.71
7264,365,2363,29,1,137.26
7265,365,2363,94,1,192.65
7266,371,2364,26,1,547.5
7267,371,2364,51,1,66.67
7268,371,2364,53,1,95.99
7269,371,2364,54,1,131.19
7270,421,2365,185,1,329.38
7271,388,2366,33,1,404.5
7272,388,2366,34,1,269.1
7273,388,2366,35,1,790.82
7274,21,2367,2,1,6856.93
7275,21,2367,3,1,182.88
7276,21,2367,9,1,864.52
7277,21,2367,86,1,336.99
7278,21,2367,87,1,281.44
7279,374,2368,34,2,269.1
7280,374,2368,35,1,790.82
7281,374,2368,38,1,325.54
7282,465,2369,142,1,243.55
7283,465,2369,145,1,165.87
7284,465,2369,25,1,958.76
7285,465,2369,26,1,547.5
7286,465,2369,28,1,207.71
7287,465,2369,29,1,137.26
7288,445,2370,148,1,658.67
7289,445,2370,140,1,61.32
7290,181,2371,1,1,5429.43
7291,181,2371,3,1,182.88
7292,181,2371,4,1,1045.02
7293,181,2371,10,1,96.42
7294,181,2371,23,1,3803.84
7295,317,2372,131,1,457.64
7296,63,2373,9,1,864.52
7297,63,2373,2,1,6856.93
7298,63,2373,3,1,182.88
7299,455,2374,86,1,336.99
7300,210,2375,25,2,958.76
7301,210,2375,26,1,547.5
7302,210,2375,99,1,185.24
7303,210,2375,61,1,1462.89
7304,44,2376,36,1,703.99
7305,392,2377,1,1,5429.43
7306,392,2377,30,1,583.67
7307,389,2378,2,1,6856.93
7308,389,2378,6,1,2618.75
7309,389,2378,9,1,864.52
7310,389,2378,10,1,96.42
7311,389,2378,77,2,193.57
7312,400,2379,96,1,2249.21
7313,400,2379,54,1,131.19
7314,400,2379,25,1,958.76
7315,400,2379,26,1,547.5
7316,400,2379,28,1,207.71
7317,400,2379,29,1,137.26
7318,189,2380,39,2,51.31
7319,189,2380,41,1,708.68
7320,189,2380,42,2,162.27
7321,189,2380,47,1,691.19
7322,189,2380,48,1,377.48
7323,189,2380,117,1,159.84
7324,276,2381,25,1,958.76
7325,276,2381,28,1,207.71
7326,276,2381,29,2,137.26
7327,172,2382,1,1,5429.43
7328,172,2382,3,1,182.88
7329,172,2382,4,1,1045.02
7330,172,2382,10,1,96.42
7331,172,2382,187,2,521.01
7332,232,2383,116,1,136.01
7333,232,2383,191,1,2178.66
7334,493,2384,10,1,96.42
7335,17,2385,132,2,284.92
7336,17,2385,46,1,121.09
7337,17,2385,48,1,377.48
7338,17,2385,50,1,103.84
7339,17,2385,179,1,148.28
7340,486,2386,164,1,297.97
7341,66,2387,179,1,148.28
7342,66,2387,94,1,192.65
7343,56,2388,107,1,5057.62
7344,56,2388,151,1,71.91
7345,172,2389,34,1,269.1
7346,172,2389,38,1,325.54
7347,172,2389,23,1,3803.84
7348,299,2390,145,1,165.87
7349,299,2390,162,1,2324.66
7350,291,2391,138,1,2075.88
7351,291,2391,134,1,3215.18
7352,178,2392,34,1,269.1
7353,178,2392,135,2,248.61
7354,152,2393,144,1,91.59
7355,152,2393,193,1,256.05
7356,200,2394,56,1,327.69
7357,200,2394,51,1,66.67
7358,200,2394,54,1,131.19
7359,200,2394,191,1,2178.66
7360,236,2395,120,1,37.31
7361,236,2395,178,1,3002.16
7362,240,2396,32,1,182.43
7363,240,2396,33,1,404.5
7364,240,2396,37,1,113.29
7365,240,2396,14,1,687.06
7366,240,2396,31,1,118.65
7367,490,2397,25,2,958.76
7368,490,2397,28,1,207.71
7369,490,2397,29,1,137.26
7370,490,2397,132,1,284.92
7371,19,2398,47,1,691.19
7372,19,2398,51,1,66.67
7373,19,2398,53,1,95.99
7374,19,2398,54,1,131.19
7375,19,2398,182,1,190.33
7376,19,2398,56,1,327.69
7377,227,2399,166,1,184.75
7378,227,2399,41,1,708.68
7379,227,2399,42,1,162.27
7380,227,2399,141,1,449.82
7381,227,2399,47,1,691.19
7382,227,2399,48,1,377.48
7383,1,2400,184,1,617.48
7384,1,2400,34,2,269.1
7385,1,2400,36,1,703.99
7386,391,2401,8,1,338.12
7387,391,2401,129,1,94.56
7388,380,2402,190,1,615.39
7389,413,2403,139,1,351.69
7390,413,2403,157,1,278.2
7391,447,2404,105,1,250.27
7392,217,2405,48,1,377.48
7393,217,2405,50,1,103.84
7394,217,2405,46,1,121.09
7395,344,2406,50,1,103.84
7396,344,2406,77,1,193.57
7397,338,2407,73,1,249.37
7398,338,2407,1,1,5429.43
7399,338,2407,10,1,96.42
7400,338,2407,4,1,1045.02
7401,329,2408,176,1,1269.55
7402,329,2408,27,1,1128.13
7403,188,2409,1,1,5429.43
7404,188,2409,4,2,1045.02
7405,188,2409,10,1,96.42
7406,188,2409,177,1,3544.65
7407,188,2409,127,1,209.71
7408,92,2410,48,1,377.48
7409,92,2410,33,1,404.5
7410,92,2410,46,1,121.09
7411,331,2411,182,1,190.33
7412,368,2412,33,1,404.5
7413,368,2412,36,1,703.99
7414,449,2413,33,1,404.5
7415,449,2413,34,1,269.1
7416,372,2414,32,1,182.43
7417,372,2414,36,1,703.99
7418,372,2414,37,1,113.29
7419,372,2414,152,1,92.66
7420,372,2414,31,1,118.65
7421,170,2415,9,1,864.52
7422,170,2415,2,1,6856.93
7423,170,2415,3,1,182.88
7424,170,2415,154,1,3786.85
7425,484,2416,25,1,958.76
7426,484,2416,28,1,207.71
7427,484,2416,29,1,137.26
7428,435,2417,40,1,36.51
7429,435,2417,118,1,175.91
7430,488,2418,56,1,327.69
7431,488,2418,153,1,564.14
7432,488,2418,194,1,582.97
7433,488,2418,51,1,66.67
7434,111,2419,2,1,6856.93
7435,111,2419,3,1,182.88
7436,111,2419,6,1,2618.75
7437,111,2419,9,1,864.52
7438,111,2419,10,2,96.42
7439,111,2419,126,1,224.49
7440,233,2420,25,1,958.76
7441,233,2420,75,2,670.09
7442,233,2420,29,1,137.26
7443,378,2421,33,1,404.5
7444,378,2421,34,1,269.1
7445,378,2421,35,1,790.82
7446,378,2421,195,1,411.6
7447,378,2421,38,1,325.54
7448,378,2421,51,1,66.67
7449,249,2422,41,1,708.68
7450,137,2423,3,1,182.88
7451,137,2423,42,1,162.27
7452,137,2423,46,1,121.09
7453,137,2423,48,1,377.48
7454,137,2423,159,1,132.33
7455,348,2424,25,1,958.76
7456,348,2424,28,1,207.71
7457,348,2424,29,1,137.26
7458,308,2425,119,1,1350.85
7459,264,2426,32,1,182.43
7460,264,2426,39,1,51.31
7461,264,2426,37,1,113.29
7462,264,2426,31,1,118.65
7463,180,2427,83,1,584.83
7464,180,2427,94,1,192.65
7465,383,2428,55,1,41.52
7466,222,2429,1,1,5429.43
7467,222,2429,10,1,96.42
7468,222,2429,123,1,140.92
7469,222,2429,86,1,336.99
7470,164,2430,61,1,1462.89
7471,340,2431,141,1,449.82
7472,340,2431,127,1,209.71
7473,157,2432,41,2,708.68
7474,157,2432,42,1,162.27
7475,157,2432,47,1,691.19
7476,343,2433,33,2,404.5
7477,343,2433,34,1,269.1
7478,343,2433,35,1,790.82
7479,343,2433,38,1,325.54
7480,343,2433,61,1,1462.89
7481,449,2434,41,1,708.68
7482,449,2434,42,1,162.27
7483,449,2434,47,2,691.19
7484,72,2435,48,1,377.48
7485,72,2435,42,1,162.27
7486,72,2435,102,2,1982.66
7487,72,2435,46,1,121.09
7488,451,2436,165,1,867.11
7489,451,2436,135,1,248.61
7490,242,2437,1,1,5429.43
7491,420,2438,9,2,864.52
7492,420,2438,2,1,6856.93
7493,420,2438,124,1,4869.43
7494,269,2439,92,1,182.48
7495,332,2440,33,1,404.5
7496,332,2440,34,1,269.1
7497,332,2440,35,1,790.82
7498,332,2440,38,1,325.54
7499,332,2440,46,1,121.09
7500,332,2440,145,1,165.87
7501,282,2441,141,1,449.82
7502,234,2442,2,1,6856.93
7503,234,2442,133,1,165.39
7504,314,2443,1,1,5429.43
7505,314,2443,3,1,182.88
7506,314,2443,4,1,1045.02
7507,314,2443,79,1,421.1
7508,314,2443,18,2,685.51
7509,215,2444,34,1,269.1
7510,215,2444,190,1,615.39
7511,215,2444,38,2,325.54
7512,215,2444,95,1,217.5
7513,232,2445,99,1,185.24
7514,232,2445,51,1,66.67
7515,232,2445,53,1,95.99
7516,232,2445,54,1,131.19
7517,285,2446,32,1,182.43
7518,285,2446,37,1,113.29
7519,285,2446,167,1,104.4
7520,285,2446,39,1,51.31
7521,285,2446,31,1,118.65
7522,347,2447,42,1,162.27
7523,347,2447,173,2,426.85
7524,347,2447,46,1,121.09
7525,347,2447,13,1,342.07
7526,347,2447,48,1,377.48
7527,347,2447,50,1,103.84
7528,252,2448,75,1,670.09
7529,252,2448,16,1,680.77
7530,252,2448,51,1,66.67
7531,252,2448,53,1,95.99
7532,252,2448,54,2,131.19
7533,252,2448,56,1,327.69
7534,172,2449,32,1,182.43
7535,172,2449,46,1,121.09
7536,172,2449,39,1,51.31
7537,438,2450,29,1,137.26
7538,438,2450,165,2,867.11
7539,438,2450,47,1,691.19
7540,221,2451,48,1,377.48
7541,221,2451,42,1,162.27
7542,221,2451,46,1,121.09
7543,221,2451,87,2,281.44
7544,361,2452,175,1,152.85
7545,410,2453,41,2,708.68
7546,410,2453,47,1,691.19
7547,410,2453,48,1,377.48
7548,410,2453,56,1,327.69
7549,410,2453,125,1,208.91
7550,412,2454,129,1,94.56
7551,412,2454,51,1,66.67
7552,412,2454,53,1,95.99
7553,412,2454,118,1,175.91
7554,412,2454,54,1,131.19
7555,412,2454,56,1,327.69
7556,200,2455,56,1,327.69
7557,200,2455,1,2,5429.43
7558,200,2455,10,1,96.42
7559,200,2455,19,1,195.42
7560,464,2456,71,1,241.15
7561,464,2456,111,1,453.66
7562,256,2457,27,1,1128.13
7563,256,2457,188,1,2599.64
7564,191,2458,33,1,404.5
7565,191,2458,34,1,269.1
7566,191,2458,35,2,790.82
7567,267,2459,42,1,162.27
7568,267,2459,25,1,958.76
7569,267,2459,26,1,547.5
7570,267,2459,91,1,978.27
7571,267,2459,28,1,207.71
7572,267,2459,29,1,137.26
7573,301,2460,88,1,398.34
7574,301,2460,46,1,121.09
7575,208,2461,137,1,593.31
7576,39,2462,120,1,37.31
7577,39,2462,9,1,864.52
7578,39,2462,2,1,6856.93
7579,31,2463,134,1,3215.18
7580,280,2464,33,1,404.5
7581,280,2464,34,1,269.1
7582,280,2464,35,1,790.82
7583,280,2464,38,1,325.54
7584,280,2464,174,1,886.97
7585,280,2464,180,2,279.71
7586,148,2465,48,1,377.48
7587,148,2465,41,1,708.68
7588,148,2465,42,1,162.27
7589,148,2465,47,1,691.19
7590,77,2466,1,2,5429.43
7591,77,2466,3,1,182.88
7592,77,2466,4,1,1045.02
7593,308,2467,100,1,418.81
7594,308,2467,5,1,1043.64
7595,57,2468,33,1,404.5
7596,57,2468,34,1,269.1
7597,57,2468,35,1,790.82
7598,57,2468,38,1,325.54
7599,57,2468,25,1,958.76
7600,277,2469,128,2,664.23
7601,277,2469,42,1,162.27
7602,277,2469,46,1,121.09
7603,277,2469,48,1,377.48
7604,277,2469,50,1,103.84
7605,60,2470,100,1,418.81
7606,204,2471,192,2,105.53
7607,204,2471,133,1,165.39
7608,152,2472,103,2,398.87
7609,112,2473,53,1,95.99
7610,50,2474,67,1,3651.66
7611,186,2475,154,2,3786.85
7612,186,2475,167,1,104.4
7613,91,2476,56,1,327.69
7614,91,2476,51,1,66.67
7615,91,2476,54,1,131.19
7616,91,2476,200,1,284.58
7617,25,2477,2,1,6856.93
7618,25,2477,3,1,182.88
7619,25,2477,6,1,2618.75
7620,25,2477,72,1,295.83
7621,25,2477,9,1,864.52
7622,25,2477,56,1,327.69
7623,493,2478,56,1,327.69
7624,493,2478,51,1,66.67
7625,351,2479,34,1,269.1
7626,351,2479,196,1,211.44
7627,351,2479,38,1,325.54
7628,311,2480,110,1,228.23
7629,311,2480,183,1,171.04
7630,450,2481,32,1,182.43
7631,450,2481,37,1,113.29
7632,450,2481,39,1,51.31
7633,450,2481,148,1,658.67
7634,450,2481,31,1,118.65
7635,181,2482,40,1,36.51
7636,181,2482,78,1,637.27
7637,490,2483,64,1,578.73
7638,490,2483,42,1,162.27
7639,490,2483,46,1,121.09
7640,490,2483,48,1,377.48
7641,490,2483,50,1,103.84
7642,142,2484,42,1,162.27
7643,142,2484,107,1,5057.62
7644,142,2484,46,2,121.09
7645,142,2484,48,2,377.48
7646,142,2484,81,1,1613.84
7647,142,2484,50,1,103.84
7648,385,2485,34,2,269.1
7649,385,2485,35,1,790.82
7650,385,2485,38,1,325.54
7651,494,2486,32,1,182.43
7652,494,2486,39,2,51.31
7653,494,2486,31,2,118.65
7654,230,2487,114,1,246.79
7655,230,2487,142,1,243.55
7656,217,2488,41,1,708.68
7657,217,2488,42,1,162.27
7658,217,2488,47,1,691.19
7659,217,2488,48,1,377.48
7660,217,2488,81,1,1613.84
7661,217,2488,121,1,279.43
7662,327,2489,112,1,2651.9
7663,448,2490,9,1,864.52
7664,448,2490,2,2,6856.93
7665,448,2490,3,1,182.88
7666,448,2490,6,1,2618.75
7667,200,2491,32,1,182.43
7668,200,2491,39,1,51.31
7669,497,2492,9,2,864.52
7670,497,2492,2,1,6856.93
7671,199,2493,9,1,864.52
7672,199,2493,2,1,6856.93
7673,199,2493,3,1,182.88
7674,199,2493,6,1,2618.75
7675,406,2494,12,1,378.07
7676,406,2494,46,1,121.09
7677,406,2494,48,1,377.48
7678,406,2494,176,1,1269.55
7679,406,2494,50,1,103.84
7680,130,2495,1,1,5429.43
7681,130,2495,67,1,3651.66
7682,53,2496,162,1,2324.66
7683,201,2497,40,1,36.51
7684,223,2498,48,1,377.48
7685,223,2498,42,1,162.27
7686,223,2498,46,2,121.09
7687,207,2499,142,1,243.55
7688,148,2500,169,1,452.68
7689,1,2501,2,1,6856.93
7690,1,2501,3,1,182.88
7691,1,2501,165,1,867.11
7692,1,2501,6,1,2618.75
7693,1,2501,9,1,864.52
7694,1,2501,140,2,61.32
7695,263,2502,48,1,377.48
7696,263,2502,136,1,1233.09
7697,263,2502,46,1,121.09
7698,60,2503,3,1,182.88
7699,60,2503,173,1,426.85
7700,201,2504,5,2,1043.64
7701,201,2504,51,1,66.67
7702,201,2504,44,1,1768.56
7703,201,2504,53,1,95.99
7704,365,2505,99,1,185.24
7705,365,2505,70,1,1076.29
7706,365,2505,51,1,66.67
7707,365,2505,53,1,95.99
7708,365,2505,54,1,131.19
7709,365,2505,56,1,327.69
7710,400,2506,32,1,182.43
7711,400,2506,96,1,2249.21
7712,400,2506,37,1,113.29
7713,400,2506,39,1,51.31
7714,400,2506,190,1,615.39
7715,400,2506,31,1,118.65
7716,266,2507,34,1,269.1
7717,266,2507,45,2,207.67
7718,266,2507,38,1,325.54
7719,197,2508,103,1,398.87
7720,197,2508,46,1,121.09
7721,197,2508,48,1,377.48
7722,197,2508,50,1,103.84
7723,197,2508,95,1,217.5
7724,310,2509,8,1,338.12
7725,310,2509,89,1,73.16
7726,310,2509,26,1,547.5
7727,310,2509,28,1,207.71
7728,310,2509,29,1,137.26
7729,310,2509,25,1,958.76
7730,484,2510,192,1,105.53
7731,484,2510,1,2,5429.43
7732,41,2511,25,1,958.76
7733,41,2511,194,1,582.97
7734,41,2511,29,1,137.26
7735,41,2511,15,1,478.33
7736,126,2512,2,1,6856.93
7737,126,2512,3,1,182.88
7738,126,2512,6,1,2618.75
7739,126,2512,9,1,864.52
7740,126,2512,176,1,1269.55
7741,126,2512,116,2,136.01
7742,380,2513,1,2,5429.43
7743,380,2513,193,2,256.05
7744,380,2513,3,1,182.88
7745,380,2513,4,1,1045.02
7746,380,2513,10,1,96.42
7747,2,2514,7,2,2063.12
7748,2,2514,21,1,2953.99
7749,2,2514,25,1,958.76
7750,2,2514,28,1,207.71
7751,2,2514,29,1,137.26
7752,89,2515,9,2,864.52
7753,89,2515,2,1,6856.93
7754,89,2515,3,1,182.88
7755,89,2515,6,1,2618.75
7756,336,2516,170,1,810.36
7757,336,2516,58,1,143.75
7758,494,2517,51,1,66.67
7759,494,2517,53,1,95.99
7760,494,2517,54,1,131.19
7761,494,2517,191,1,2178.66
7762,24,2518,97,1,1968.21
7763,24,2518,74,1,132.13
7764,472,2519,96,1,2249.21
7765,472,2519,135,1,248.61
7766,210,2520,42,1,162.27
7767,210,2520,44,1,1768.56
7768,210,2520,166,1,184.75
7769,210,2520,47,1,691.19
7770,41,2521,42,1,162.27
7771,41,2521,46,1,121.09
7772,41,2521,50,1,103.84
7773,41,2521,82,1,482.06
7774,41,2521,22,1,2057.09
7775,187,2522,195,1,411.6
7776,187,2522,104,1,146.34
7777,187,2522,41,1,708.68
7778,187,2522,42,1,162.27
7779,187,2522,47,1,691.19
7780,187,2522,48,1,377.48
7781,290,2523,32,1,182.43
7782,290,2523,1,1,5429.43
7783,290,2523,37,1,113.29
7784,290,2523,39,1,51.31
7785,290,2523,19,1,195.42
7786,237,2524,1,1,5429.43
7787,237,2524,3,1,182.88
7788,237,2524,4,1,1045.02
7789,237,2524,10,1,96.42
7790,237,2524,81,1,1613.84
7791,237,2524,178,1,3002.16
7792,183,2525,172,1,72.49
7793,461,2526,107,1,5057.62
7794,461,2526,22,2,2057.09
7795,54,2527,96,1,2249.21
7796,54,2527,121,1,279.43
7797,294,2528,9,1,864.52
7798,294,2528,2,1,6856.93
7799,294,2528,161,1,280.14
7800,294,2528,66,1,234.31
7801,160,2529,48,2,377.48
7802,160,2529,41,1,708.68
7803,160,2529,42,1,162.27
7804,160,2529,47,1,691.19
7805,342,2530,110,1,228.23
7806,342,2530,31,1,118.65
7807,293,2531,42,1,162.27
7808,293,2531,46,1,121.09
7809,293,2531,47,1,691.19
7810,154,2532,136,1,1233.09
7811,154,2532,25,1,958.76
7812,154,2532,29,1,137.26
7813,154,2532,142,1,243.55
7814,426,2533,170,1,810.36
7815,426,2533,1,1,5429.43
7816,426,2533,10,2,96.42
7817,426,2533,114,1,246.79
7818,131,2534,130,1,3341.54
7819,365,2535,25,1,958.76
7820,365,2535,26,1,547.5
7821,365,2535,28,1,207.71
7822,365,2535,29,1,137.26
7823,2,2536,29,1,137.26
7824,345,2537,2,1,6856.93
7825,345,2537,3,1,182.88
7826,345,2537,6,1,2618.75
7827,345,2537,47,1,691.19
7828,345,2537,53,1,95.99
7829,183,2538,196,1,211.44
7830,290,2539,51,1,66.67
7831,313,2540,56,1,327.69
7832,313,2540,51,1,66.67
7833,313,2540,53,1,95.99
7834,313,2540,54,1,131.19
7835,493,2541,111,2,453.66
7836,493,2541,25,1,958.76
7837,493,2541,26,1,547.5
7838,493,2541,91,1,978.27
7839,493,2541,28,1,207.71
7840,493,2541,29,1,137.26
7841,258,2542,33,1,404.5
7842,258,2542,34,1,269.1
7843,258,2542,35,1,790.82
7844,258,2542,38,1,325.54
7845,258,2542,83,1,584.83
7846,43,2543,32,1,182.43
7847,43,2543,39,1,51.31
7848,43,2543,31,1,118.65
7849,490,2544,149,1,652.63
7850,490,2544,6,1,2618.75
7851,201,2545,25,1,958.76
7852,201,2545,26,1,547.5
7853,201,2545,28,1,207.71
7854,201,2545,132,1,284.92
7855,75,2546,60,1,325.99
7856,371,2547,25,1,958.76
7857,371,2547,29,1,137.26
7858,5,2548,143,1,602.95
7859,406,2549,14,1,687.06
7860,41,2550,41,1,708.68
7861,41,2550,42,1,162.27
7862,41,2550,57,1,215.42
7863,41,2550,47,1,691.19
7864,116,2551,1,1,5429.43
7865,116,2551,42,1,162.27
7866,116,2551,101,1,241.26
7867,116,2551,47,2,691.19
7868,228,2552,25,1,958.76
7869,228,2552,28,1,207.71
7870,228,2552,29,1,137.26
7871,228,2552,118,1,175.91
7872,260,2553,1,1,5429.43
7873,260,2553,10,1,96.42
7874,260,2553,3,2,182.88
7875,260,2553,4,1,1045.02
7876,401,2554,184,1,617.48
7877,401,2554,83,1,584.83
7878,271,2555,33,1,404.5
7879,271,2555,34,1,269.1
7880,271,2555,35,1,790.82
7881,271,2555,38,1,325.54
7882,271,2555,171,1,100.57
7883,140,2556,195,1,411.6
7884,140,2556,5,1,1043.64
7885,238,2557,145,1,165.87
7886,238,2557,42,1,162.27
7887,106,2558,2,1,6856.93
7888,106,2558,3,1,182.88
7889,164,2559,133,1,165.39
7890,164,2559,102,1,1982.66
7891,70,2560,1,1,5429.43
7892,70,2560,97,1,1968.21
7893,70,2560,3,1,182.88
7894,70,2560,4,1,1045.02
7895,70,2560,10,1,96.42
7896,36,2561,156,1,131.66
7897,36,2561,6,1,2618.75
7898,321,2562,48,1,377.48
7899,321,2562,101,2,241.26
7900,321,2562,47,2,691.19
7901,424,2563,17,1,281.04
7902,400,2564,1,1,5429.43
7903,400,2564,3,1,182.88
7904,400,2564,4,1,1045.02
7905,400,2564,10,1,96.42
7906,400,2564,108,1,5179.59
7907,71,2565,33,1,404.5
7908,71,2565,34,1,269.1
7909,71,2565,35,1,790.82
7910,71,2565,38,1,325.54
7911,71,2565,19,1,195.42
7912,234,2566,56,1,327.69
7913,234,2566,51,1,66.67
7914,234,2566,53,1,95.99
7915,234,2566,173,1,426.85
7916,352,2567,48,1,377.48
7917,352,2567,41,1,708.68
7918,352,2567,42,1,162.27
7919,352,2567,47,1,691.19
7920,102,2568,8,1,338.12
7921,102,2568,175,1,152.85
7922,385,2569,184,2,617.48
7923,385,2569,58,1,143.75
7924,247,2570,4,1,1045.02
7925,247,2570,135,1,248.61
7926,247,2570,41,1,708.68
7927,247,2570,42,1,162.27
7928,247,2570,47,1,691.19
7929,247,2570,48,2,377.48
7930,206,2571,74,2,132.13
7931,328,2572,92,1,182.48
7932,328,2572,175,1,152.85
7933,21,2573,42,1,162.27
7934,21,2573,46,1,121.09
7935,215,2574,33,1,404.5
7936,215,2574,34,1,269.1
7937,215,2574,35,1,790.82
7938,215,2574,37,1,113.29
7939,215,2574,38,1,325.54
7940,203,2575,172,2,72.49
7941,491,2576,48,1,377.48
7942,491,2576,42,2,162.27
7943,491,2576,52,1,108.37
7944,491,2576,47,1,691.19
7945,50,2577,163,1,417.18
7946,12,2578,2,1,6856.93
7947,12,2578,3,1,182.88
7948,12,2578,98,1,449.02
7949,12,2578,6,1,2618.75
7950,12,2578,8,1,338.12
7951,393,2579,152,1,92.66
7952,393,2579,82,1,482.06
7953,320,2580,56,1,327.69
7954,320,2580,2,1,6856.93
7955,320,2580,3,2,182.88
7956,249,2581,9,1,864.52
7957,249,2581,2,1,6856.93
7958,249,2581,3,1,182.88
7959,240,2582,1,1,5429.43
7960,236,2583,72,1,295.83
7961,236,2583,146,1,323.76
7962,352,2584,127,1,209.71
7963,411,2585,24,1,362.63
7964,411,2585,39,1,51.31
7965,165,2586,56,1,327.69
7966,165,2586,51,1,66.67
7967,165,2586,54,1,131.19
7968,32,2587,122,1,696.77
7969,371,2588,73,1,249.37
7970,371,2588,2,1,6856.93
7971,371,2588,75,1,670.09
7972,371,2588,6,1,2618.75
7973,68,2589,189,1,46.18
7974,140,2590,33,1,404.5
7975,140,2590,34,1,269.1
7976,140,2590,38,1,325.54
7977,140,2590,49,1,247.85
7978,459,2591,38,1,325.54
7979,459,2591,55,1,41.52
7980,66,2592,120,1,37.31
7981,330,2593,44,1,1768.56
7982,330,2593,111,1,453.66
7983,48,2594,41,1,708.68
7984,48,2594,21,1,2953.99
7985,139,2595,56,2,327.69
7986,139,2595,51,1,66.67
7987,139,2595,54,1,131.19
7988,91,2596,200,1,284.58
7989,219,2597,135,1,248.61
7990,154,2598,1,1,5429.43
7991,154,2598,10,1,96.42
7992,154,2598,4,1,1045.02
7993,42,2599,88,1,398.34
7994,42,2599,127,1,209.71
7995,194,2600,2,1,6856.93
7996,194,2600,3,1,182.88
7997,194,2600,6,1,2618.75
7998,35,2601,158,1,655.51
7999,243,2602,88,1,398.34
8000,243,2602,46,1,121.09
8001,121,2603,1,1,5429.43
8002,121,2603,3,2,182.88
8003,121,2603,4,2,1045.02
8004,121,2603,10,1,96.42
8005,121,2603,185,1,329.38
8006,454,2604,1,1,5429.43
8007,454,2604,3,1,182.88
8008,454,2604,4,1,1045.02
8009,454,2604,10,1,96.42
8010,454,2604,158,1,655.51
8011,18,2605,196,1,211.44
8012,291,2606,166,1,184.75
8013,291,2606,51,1,66.67
8014,291,2606,147,1,4075.22
8015,291,2606,53,1,95.99
8016,291,2606,56,1,327.69
8017,200,2607,200,1,284.58
8018,200,2607,61,1,1462.89
8019,144,2608,145,1,165.87
8020,413,2609,40,1,36.51
8021,413,2609,42,1,162.27
8022,413,2609,46,1,121.09
8023,413,2609,48,1,377.48
8024,413,2609,50,1,103.84
8025,169,2610,33,1,404.5
8026,169,2610,34,2,269.1
8027,169,2610,35,1,790.82
8028,169,2610,134,1,3215.18
8029,169,2610,174,1,886.97
8030,318,2611,48,1,377.48
8031,318,2611,42,1,162.27
8032,318,2611,47,1,691.19
8033,244,2612,32,1,182.43
8034,244,2612,88,1,398.34
8035,244,2612,37,1,113.29
8036,244,2612,31,1,118.65
8037,403,2613,42,1,162.27
8038,403,2613,76,1,110.25
8039,403,2613,46,1,121.09
8040,403,2613,48,1,377.48
8041,403,2613,50,1,103.84
8042,444,2614,34,1,269.1
8043,444,2614,35,1,790.82
8044,444,2614,5,1,1043.64
8045,444,2614,38,1,325.54
8046,276,2615,41,1,708.68
8047,224,2616,168,2,126.51
8048,244,2617,54,1,131.19
8049,120,2618,1,1,5429.43
8050,120,2618,3,1,182.88
8051,120,2618,4,2,1045.02
8052,120,2618,39,1,51.31
8053,120,2618,10,1,96.42
8054,489,2619,48,1,377.48
8055,489,2619,145,1,165.87
8056,489,2619,50,1,103.84
8057,489,2619,46,1,121.09
8058,370,2620,68,1,1081.84
8059,370,2620,87,2,281.44
8060,349,2621,80,1,996.58
8061,358,2622,20,1,600.91
8062,391,2623,1,1,5429.43
8063,391,2623,3,1,182.88
8064,391,2623,4,1,1045.02
8065,225,2624,135,1,248.61
8066,226,2625,33,1,404.5
8067,226,2625,34,1,269.1
8068,226,2625,122,2,696.77
8069,427,2626,32,1,182.43
8070,427,2626,129,2,94.56
8071,427,2626,37,1,113.29
8072,427,2626,39,1,51.31
8073,427,2626,31,1,118.65
8074,375,2627,51,1,66.67
8075,375,2627,53,1,95.99
8076,375,2627,54,1,131.19
8077,136,2628,42,1,162.27
8078,136,2628,10,1,96.42
8079,136,2628,108,1,5179.59
8080,136,2628,46,1,121.09
8081,136,2628,48,1,377.48
8082,136,2628,50,1,103.84
8083,468,2629,82,1,482.06
8084,468,2629,7,1,2063.12
8085,264,2630,50,1,103.84
8086,264,2630,12,1,378.07
8087,404,2631,40,1,36.51
8088,182,2632,42,1,162.27
8089,182,2632,46,1,121.09
8090,32,2633,184,2,617.48
8091,426,2634,9,1,864.52
8092,426,2634,171,2,100.57
8093,464,2635,124,2,4869.43
8094,464,2635,159,1,132.33
8095,397,2636,25,1,958.76
8096,397,2636,149,1,652.63
8097,406,2637,77,1,193.57
8098,406,2637,167,1,104.4
8099,330,2638,41,1,708.68
8100,330,2638,42,1,162.27
8101,330,2638,47,1,691.19
8102,330,2638,48,1,377.48
8103,330,2638,117,1,159.84
8104,172,2639,34,1,269.1
8105,172,2639,35,1,790.82
8106,172,2639,38,1,325.54
8107,172,2639,58,1,143.75
8108,172,2639,62,1,122.09
8109,237,2640,33,1,404.5
8110,237,2640,25,1,958.76
8111,237,2640,26,1,547.5
8112,237,2640,28,1,207.71
8113,237,2640,29,1,137.26
8114,169,2641,75,1,670.09
8115,169,2641,6,2,2618.75
8116,171,2642,96,1,2249.21
8117,171,2642,2,1,6856.93
8118,171,2642,3,1,182.88
8119,171,2642,6,2,2618.75
8120,293,2643,177,1,3544.65
8121,293,2643,87,1,281.44
8122,318,2644,78,1,637.27
8123,299,2645,110,1,228.23
8124,441,2646,56,1,327.69
8125,441,2646,51,1,66.67
8126,441,2646,84,1,98.36
8127,160,2647,58,1,143.75
8128,259,2648,25,1,958.76
8129,259,2648,28,1,207.71
8130,105,2649,98,1,449.02
8131,39,2650,64,1,578.73
8132,39,2650,158,1,655.51
8133,66,2651,184,1,617.48
8134,66,2651,38,1,325.54
8135,81,2652,72,1,295.83
8136,81,2652,138,1,2075.88
8137,321,2653,124,1,4869.43
8138,321,2653,175,1,152.85
8139,286,2654,49,1,247.85
8140,286,2654,11,1,73.96
8141,376,2655,142,1,243.55
8142,264,2656,160,1,298.73
8143,264,2656,125,1,208.91
8144,155,2657,9,1,864.52
8145,155,2657,2,1,6856.93
8146,155,2657,3,1,182.88
8147,155,2657,6,1,2618.75
8148,102,2658,2,1,6856.93
8149,381,2659,195,1,411.6
8150,381,2659,174,1,886.97
8151,183,2660,195,1,411.6
8152,183,2660,46,1,121.09
8153,183,2660,48,1,377.48
8154,183,2660,50,1,103.84
8155,183,2660,92,1,182.48
8156,126,2661,165,1,867.11
8157,126,2661,42,1,162.27
8158,126,2661,46,1,121.09
8159,126,2661,48,1,377.48
8160,126,2661,50,1,103.84
8161,126,2661,94,1,192.65
8162,233,2662,12,1,378.07
8163,233,2662,60,1,325.99
8164,47,2663,2,1,6856.93
8165,47,2663,3,1,182.88
8166,47,2663,98,1,449.02
8167,47,2663,6,1,2618.75
8168,47,2663,9,1,864.52
8169,84,2664,32,1,182.43
8170,84,2664,5,1,1043.64
8171,84,2664,37,1,113.29
8172,84,2664,39,1,51.31
8173,84,2664,6,1,2618.75
8174,84,2664,31,1,118.65
8175,153,2665,66,1,234.31
8176,153,2665,180,1,279.71
8177,41,2666,32,1,182.43
8178,41,2666,37,1,113.29
8179,41,2666,31,2,118.65
8180,280,2667,115,1,131.51
8181,280,2667,1,1,5429.43
8182,280,2667,10,1,96.42
8183,280,2667,3,1,182.88
8184,482,2668,32,2,182.43
8185,482,2668,39,1,51.31
8186,482,2668,37,1,113.29
8187,482,2668,31,1,118.65
8188,500,2669,32,1,182.43
8189,500,2669,17,1,281.04
8190,500,2669,37,1,113.29
8191,500,2669,31,1,118.65
8192,244,2670,82,1,482.06
8193,244,2670,94,1,192.65
8194,489,2671,192,1,105.53
8195,489,2671,101,2,241.26
8196,481,2672,25,1,958.76
8197,481,2672,26,1,547.5
8198,481,2672,28,1,207.71
8199,481,2672,47,1,691.19
8200,396,2673,192,1,105.53
8201,396,2673,29,1,137.26
8202,338,2674,1,1,5429.43
8203,338,2674,34,1,269.1
8204,338,2674,4,1,1045.02
8205,338,2674,10,1,96.42
8206,338,2674,25,1,958.76
8207,463,2675,32,1,182.43
8208,463,2675,39,1,51.31
8209,463,2675,37,1,113.29
8210,463,2675,31,2,118.65
8211,214,2676,51,1,66.67
8212,214,2676,53,1,95.99
8213,214,2676,54,1,131.19
8214,465,2677,1,1,5429.43
8215,465,2677,3,1,182.88
8216,465,2677,4,1,1045.02
8217,465,2677,85,1,1742.75
8218,465,2677,30,1,583.67
8219,174,2678,166,1,184.75
8220,174,2678,42,1,162.27
8221,174,2678,46,1,121.09
8222,174,2678,48,1,377.48
8223,174,2678,50,1,103.84
8224,174,2678,153,2,564.14
8225,29,2679,2,1,6856.93
8226,29,2679,198,1,440.15
8227,29,2679,6,1,2618.75
8228,29,2679,9,2,864.52
8229,29,2679,120,1,37.31
8230,324,2680,181,1,353.61
8231,208,2681,71,1,241.15
8232,298,2682,53,1,95.99
8233,22,2683,172,1,72.49
8234,239,2684,32,1,182.43
8235,239,2684,37,2,113.29
8236,239,2684,39,1,51.31
8237,239,2684,108,1,5179.59
8238,239,2684,77,1,193.57
8239,239,2684,31,1,118.65
8240,293,2685,74,1,132.13
8241,256,2686,32,1,182.43
8242,256,2686,16,1,680.77
8243,256,2686,31,1,118.65
8244,44,2687,1,1,5429.43
8245,44,2687,3,1,182.88
8246,108,2688,25,1,958.76
8247,108,2688,26,1,547.5
8248,108,2688,29,1,137.26
8249,92,2689,109,1,44.98
8250,318,2690,1,1,5429.43
8251,318,2690,3,1,182.88
8252,318,2690,4,1,1045.02
8253,318,2690,36,1,703.99
8254,318,2690,168,1,126.51
8255,318,2690,10,1,96.42
8256,293,2691,32,1,182.43
8257,293,2691,37,1,113.29
8258,416,2692,120,1,37.31
8259,416,2692,192,1,105.53
8260,326,2693,48,1,377.48
8261,326,2693,46,1,121.09
8262,318,2694,56,1,327.69
8263,318,2694,3,1,182.88
8264,318,2694,51,1,66.67
8265,318,2694,54,1,131.19
8266,368,2695,32,1,182.43
8267,368,2695,31,1,118.65
8268,106,2696,1,1,5429.43
8269,106,2696,4,1,1045.02
8270,106,2696,10,1,96.42
8271,106,2696,78,1,637.27
8272,106,2696,158,1,655.51
8273,88,2697,32,1,182.43
8274,88,2697,37,1,113.29
8275,88,2697,39,1,51.31
8276,88,2697,136,1,1233.09
8277,88,2697,108,1,5179.59
8278,88,2697,31,1,118.65
8279,132,2698,2,2,6856.93
8280,280,2699,25,1,958.76
8281,280,2699,28,1,207.71
8282,280,2699,29,1,137.26
8283,106,2700,1,1,5429.43
8284,106,2700,10,1,96.42
8285,106,2700,3,1,182.88
8286,106,2700,114,1,246.79
8287,254,2701,6,1,2618.75
8288,464,2702,32,1,182.43
8289,464,2702,26,1,547.5
8290,464,2702,37,1,113.29
8291,464,2702,31,1,118.65
8292,274,2703,40,1,36.51
8293,274,2703,6,1,2618.75
8294,15,2704,143,1,602.95
8295,433,2705,42,1,162.27
8296,433,2705,50,1,103.84
8297,433,2705,46,1,121.09
8298,356,2706,112,2,2651.9
8299,356,2706,2,1,6856.93
8300,356,2706,20,2,600.91
8301,356,2706,6,1,2618.75
8302,363,2707,48,2,377.48
8303,363,2707,16,1,680.77
8304,363,2707,42,1,162.27
8305,363,2707,46,1,121.09
8306,34,2708,18,1,685.51
8307,34,2708,188,1,2599.64
8308,183,2709,41,1,708.68
8309,183,2709,45,1,207.67
8310,221,2710,1,1,5429.43
8311,221,2710,66,1,234.31
8312,33,2711,9,1,864.52
8313,33,2711,2,1,6856.93
8314,33,2711,3,1,182.88
8315,33,2711,121,1,279.43
8316,297,2712,73,1,249.37
8317,297,2712,191,1,2178.66
8318,157,2713,57,1,215.42
8319,157,2713,29,1,137.26
8320,144,2714,41,1,708.68
8321,144,2714,42,1,162.27
8322,144,2714,47,1,691.19
8323,144,2714,48,2,377.48
8324,144,2714,18,2,685.51
8325,229,2715,33,1,404.5
8326,229,2715,34,1,269.1
8327,229,2715,38,1,325.54
8328,492,2716,56,1,327.69
8329,492,2716,115,1,131.51
8330,492,2716,51,1,66.67
8331,72,2717,2,1,6856.93
8332,72,2717,3,1,182.88
8333,72,2717,6,1,2618.75
8334,72,2717,104,1,146.34
8335,72,2717,24,1,362.63
8336,43,2718,147,1,4075.22
8337,43,2718,31,1,118.65
8338,482,2719,32,1,182.43
8339,482,2719,37,1,113.29
8340,482,2719,39,1,51.31
8341,482,2719,50,1,103.84
8342,482,2719,31,1,118.65
8343,12,2720,32,1,182.43
8344,12,2720,179,1,148.28
8345,12,2720,37,1,113.29
8346,12,2720,31,1,118.65
8347,100,2721,42,1,162.27
8348,100,2721,139,2,351.69
8349,100,2721,46,1,121.09
8350,238,2722,33,2,404.5
8351,238,2722,34,1,269.1
8352,238,2722,35,1,790.82
8353,238,2722,127,1,209.71
8354,20,2723,188,2,2599.64
8355,498,2724,1,1,5429.43
8356,498,2724,3,1,182.88
8357,498,2724,4,1,1045.02
8358,498,2724,168,1,126.51
8359,498,2724,10,1,96.42
8360,498,2724,152,1,92.66
8361,189,2725,2,1,6856.93
8362,189,2725,3,2,182.88
8363,189,2725,98,2,449.02
8364,189,2725,6,1,2618.75
8365,189,2725,9,1,864.52
8366,189,2725,93,1,304.48
8367,249,2726,32,1,182.43
8368,249,2726,37,1,113.29
8369,249,2726,39,1,51.31
8370,249,2726,136,1,1233.09
8371,249,2726,143,2,602.95
8372,249,2726,31,1,118.65
8373,474,2727,8,2,338.12
8374,474,2727,42,1,162.27
8375,474,2727,50,1,103.84
8376,474,2727,46,1,121.09
8377,446,2728,25,1,958.76
8378,446,2728,18,1,685.51
8379,446,2728,23,1,3803.84
8380,300,2729,65,1,586.82
8381,300,2729,42,2,162.27
8382,300,2729,46,1,121.09
8383,300,2729,48,1,377.48
8384,300,2729,50,1,103.84
8385,225,2730,48,1,377.48
8386,225,2730,42,1,162.27
8387,225,2730,101,1,241.26
8388,225,2730,47,1,691.19
8389,361,2731,48,2,377.48
8390,361,2731,38,1,325.54
8391,361,2731,42,1,162.27
8392,361,2731,46,1,121.09
8393,268,2732,139,1,351.69
8394,268,2732,14,1,687.06
8395,398,2733,83,2,584.83
8396,398,2733,29,1,137.26
8397,355,2734,2,1,6856.93
8398,355,2734,63,2,557.39
8399,139,2735,112,1,2651.9
8400,139,2735,42,2,162.27
8401,139,2735,46,1,121.09
8402,309,2736,32,1,182.43
8403,309,2736,99,1,185.24
8404,309,2736,115,1,131.51
8405,309,2736,31,1,118.65
8406,357,2737,48,1,377.48
8407,357,2737,42,1,162.27
8408,357,2737,46,1,121.09
8409,209,2738,32,2,182.43
8410,209,2738,37,1,113.29
8411,209,2738,39,1,51.31
8412,209,2738,57,1,215.42
8413,209,2738,154,1,3786.85
8414,209,2738,31,1,118.65
8415,147,2739,1,1,5429.43
8416,147,2739,10,1,96.42
8417,147,2739,3,1,182.88
8418,147,2739,59,1,88.07
8419,432,2740,115,1,131.51
8420,432,2740,76,1,110.25
8421,5,2741,32,1,182.43
8422,5,2741,121,1,279.43
8423,5,2741,31,1,118.65
8424,37,2742,48,1,377.48
8425,37,2742,41,1,708.68
8426,37,2742,47,1,691.19
8427,192,2743,138,1,2075.88
8428,192,2743,108,1,5179.59
8429,87,2744,129,1,94.56
8430,87,2744,171,1,100.57
8431,76,2745,152,2,92.66
8432,87,2746,195,1,411.6
8433,421,2747,83,1,584.83
8434,421,2747,173,1,426.85
8435,145,2748,83,1,584.83
8436,465,2749,112,1,2651.9
8437,465,2749,9,1,864.52
8438,465,2749,2,1,6856.93
8439,465,2749,3,1,182.88
8440,480,2750,48,1,377.48
8441,480,2750,42,1,162.27
8442,480,2750,46,1,121.09
8443,180,2751,163,1,417.18
8444,180,2751,4,2,1045.02
8445,180,2751,41,1,708.68
8446,180,2751,42,1,162.27
8447,180,2751,47,1,691.19
8448,180,2751,48,1,377.48
8449,125,2752,33,1,404.5
8450,125,2752,34,1,269.1
8451,125,2752,35,2,790.82
8452,125,2752,38,1,325.54
8453,125,2752,172,1,72.49
8454,125,2752,184,1,617.48
8455,87,2753,25,1,958.76
8456,403,2754,41,1,708.68
8457,403,2754,169,1,452.68
8458,403,2754,47,1,691.19
8459,464,2755,48,1,377.48
8460,464,2755,42,1,162.27
8461,464,2755,109,1,44.98
8462,464,2755,47,1,691.19
8463,80,2756,48,1,377.48
8464,80,2756,41,1,708.68
8465,80,2756,42,1,162.27
8466,80,2756,47,1,691.19
8467,400,2757,9,2,864.52
8468,400,2757,2,1,6856.93
8469,400,2757,6,1,2618.75
8470,400,2757,194,1,582.97
8471,354,2758,66,1,234.31
8472,354,2758,42,1,162.27
8473,354,2758,13,1,342.07
8474,354,2758,46,1,121.09
8475,354,2758,48,2,377.48
8476,354,2758,50,1,103.84
8477,306,2759,183,1,171.04
8478,306,2759,42,1,162.27
8479,306,2759,47,1,691.19
8480,379,2760,33,1,404.5
8481,379,2760,34,2,269.1
8482,379,2760,38,2,325.54
8483,379,2760,44,1,1768.56
8484,379,2760,24,1,362.63
8485,454,2761,110,1,228.23
8486,454,2761,51,1,66.67
8487,454,2761,54,1,131.19
8488,454,2761,30,1,583.67
8489,143,2762,33,1,404.5
8490,143,2762,34,1,269.1
8491,143,2762,35,1,790.82
8492,143,2762,38,1,325.54
8493,309,2763,160,1,298.73
8494,309,2763,127,1,209.71
8495,310,2764,180,1,279.71
8496,310,2764,189,1,46.18
8497,218,2765,50,1,103.84
8498,218,2765,46,1,121.09
8499,218,2765,71,1,241.15
8500,362,2766,67,1,3651.66
8501,362,2766,5,1,1043.64
8502,362,2766,41,1,708.68
8503,362,2766,47,2,691.19
8504,362,2766,48,1,377.48
8505,341,2767,32,1,182.43
8506,341,2767,37,1,113.29
8507,341,2767,39,1,51.31
8508,341,2767,186,1,109.52
8509,341,2767,31,1,118.65
8510,180,2768,9,1,864.52
8511,180,2768,2,1,6856.93
8512,180,2768,3,1,182.88
8513,180,2768,6,1,2618.75
8514,171,2769,136,1,1233.09
8515,171,2769,41,1,708.68
8516,171,2769,42,1,162.27
8517,171,2769,47,1,691.19
8518,171,2769,48,1,377.48
8519,452,2770,124,1,4869.43
8520,452,2770,13,1,342.07
8521,160,2771,42,1,162.27
8522,160,2771,46,1,121.09
8523,160,2771,48,1,377.48
8524,160,2771,50,1,103.84
8525,160,2771,189,1,46.18
8526,28,2772,48,1,377.48
8527,28,2772,42,1,162.27
8528,28,2772,50,1,103.84
8529,28,2772,46,1,121.09
8530,276,2773,83,1,584.83
8531,276,2773,31,1,118.65
8532,25,2774,137,1,593.31
8533,3,2775,51,2,66.67
8534,174,2776,32,1,182.43
8535,174,2776,39,1,51.31
8536,174,2776,37,1,113.29
8537,174,2776,31,1,118.65
8538,191,2777,181,1,353.61
8539,268,2778,70,1,1076.29
8540,73,2779,153,1,564.14
8541,73,2779,54,1,131.19
8542,402,2780,133,1,165.39
8543,402,2780,6,1,2618.75
8544,402,2780,25,1,958.76
8545,402,2780,26,1,547.5
8546,402,2780,28,1,207.71
8547,402,2780,29,2,137.26
8548,204,2781,33,1,404.5
8549,204,2781,34,2,269.1
8550,204,2781,129,1,94.56
8551,204,2781,198,2,440.15
8552,204,2781,38,1,325.54
8553,242,2782,100,1,418.81
8554,389,2783,68,1,1081.84
8555,389,2783,41,2,708.68
8556,389,2783,42,2,162.27
8557,389,2783,47,1,691.19
8558,389,2783,48,1,377.48
8559,185,2784,48,1,377.48
8560,185,2784,41,1,708.68
8561,185,2784,39,1,51.31
8562,185,2784,47,1,691.19
8563,271,2785,42,1,162.27
8564,271,2785,106,1,449.77
8565,271,2785,46,1,121.09
8566,271,2785,48,1,377.48
8567,271,2785,50,1,103.84
8568,271,2785,26,1,547.5
8569,340,2786,25,1,958.76
8570,340,2786,26,2,547.5
8571,340,2786,28,1,207.71
8572,340,2786,29,1,137.26
8573,361,2787,105,2,250.27
8574,361,2787,197,1,1440.46
8575,366,2788,42,1,162.27
8576,366,2788,50,1,103.84
8577,366,2788,46,1,121.09
8578,259,2789,128,1,664.23
8579,259,2789,1,1,5429.43
8580,259,2789,194,1,582.97
8581,259,2789,3,1,182.88
8582,259,2789,10,2,96.42
8583,162,2790,155,1,298.62
8584,118,2791,181,1,353.61
8585,426,2792,48,1,377.48
8586,426,2792,50,1,103.84
8587,426,2792,46,1,121.09
8588,36,2793,56,1,327.69
8589,36,2793,51,1,66.67
8590,36,2793,54,1,131.19
8591,144,2794,11,1,73.96
8592,144,2794,141,1,449.82
8593,103,2795,143,1,602.95
8594,439,2796,7,1,2063.12
8595,439,2796,51,1,66.67
8596,439,2796,53,1,95.99
8597,439,2796,54,1,131.19
8598,439,2796,56,1,327.69
8599,439,2796,155,1,298.62
8600,377,2797,169,1,452.68
8601,377,2797,42,1,162.27
8602,377,2797,46,1,121.09
8603,377,2797,48,1,377.48
8604,377,2797,50,1,103.84
8605,377,2797,189,1,46.18
8606,440,2798,198,1,440.15
8607,234,2799,89,1,73.16
8608,234,2799,25,2,958.76
8609,234,2799,28,1,207.71
8610,234,2799,29,1,137.26
8611,420,2800,33,2,404.5
8612,420,2800,34,1,269.1
8613,420,2800,38,1,325.54
8614,142,2801,1,1,5429.43
8615,142,2801,147,1,4075.22
8616,142,2801,4,1,1045.02
8617,142,2801,187,1,521.01
8618,340,2802,109,1,44.98
8619,340,2802,79,2,421.1
8620,142,2803,64,1,578.73
8621,142,2803,158,1,655.51
8622,139,2804,19,2,195.42
8623,139,2804,51,1,66.67
8624,139,2804,53,1,95.99
8625,139,2804,56,1,327.69
8626,139,2804,61,1,1462.89
8627,199,2805,11,1,73.96
8628,199,2805,51,1,66.67
8629,199,2805,53,1,95.99
8630,199,2805,54,1,131.19
8631,205,2806,48,1,377.48
8632,205,2806,42,1,162.27
8633,205,2806,83,1,584.83
8634,205,2806,46,1,121.09
8635,86,2807,10,1,96.42
8636,86,2807,51,1,66.67
8637,86,2807,53,1,95.99
8638,86,2807,54,1,131.19
8639,86,2807,56,1,327.69
8640,86,2807,156,1,131.66
8641,432,2808,56,1,327.69
8642,432,2808,86,1,336.99
8643,302,2809,128,1,664.23
8644,302,2809,1,1,5429.43
8645,302,2809,3,1,182.88
8646,302,2809,10,1,96.42
8647,302,2809,189,1,46.18
8648,457,2810,5,1,1043.64
8649,457,2810,30,1,583.67
8650,274,2811,114,1,246.79
8651,274,2811,25,1,958.76
8652,274,2811,26,2,547.5
8653,274,2811,28,1,207.71
8654,274,2811,29,1,137.26
8655,53,2812,196,1,211.44
8656,248,2813,2,1,6856.93
8657,248,2813,3,1,182.88
8658,248,2813,149,1,652.63
8659,248,2813,6,1,2618.75
8660,140,2814,33,1,404.5
8661,140,2814,34,1,269.1
8662,140,2814,35,1,790.82
8663,140,2814,114,1,246.79
8664,140,2814,188,1,2599.64
8665,351,2815,120,1,37.31
8666,351,2815,30,1,583.67
8667,274,2816,56,1,327.69
8668,274,2816,51,1,66.67
8669,274,2816,54,1,131.19
8670,82,2817,1,1,5429.43
8671,82,2817,10,1,96.42
8672,82,2817,3,1,182.88
8673,82,2817,4,2,1045.02
8674,285,2818,170,1,810.36
8675,265,2819,32,2,182.43
8676,265,2819,101,1,241.26
8677,265,2819,39,1,51.31
8678,383,2820,137,1,593.31
8679,383,2820,61,2,1462.89
8680,4,2821,32,1,182.43
8681,4,2821,39,1,51.31
8682,4,2821,37,1,113.29
8683,4,2821,31,2,118.65
8684,299,2822,54,1,131.19
8685,299,2822,25,1,958.76
8686,299,2822,26,1,547.5
8687,299,2822,91,1,978.27
8688,299,2822,28,1,207.71
8689,299,2822,29,1,137.26
8690,24,2823,141,1,449.82
8691,24,2823,149,2,652.63
8692,99,2824,51,1,66.67
8693,99,2824,53,1,95.99
8694,99,2824,54,1,131.19
8695,99,2824,56,1,327.69
8696,99,2824,91,1,978.27
8697,449,2825,170,1,810.36
8698,449,2825,78,1,637.27
8699,368,2826,36,1,703.99
8700,368,2826,87,1,281.44
8701,462,2827,152,1,92.66
8702,462,2827,85,1,1742.75
8703,268,2828,1,1,5429.43
8704,268,2828,4,1,1045.02
8705,41,2829,145,2,165.87
8706,41,2829,52,2,108.37
8707,327,2830,65,1,586.82
8708,327,2830,33,1,404.5
8709,327,2830,34,1,269.1
8710,327,2830,38,1,325.54
8711,327,2830,61,1,1462.89
8712,306,2831,163,1,417.18
8713,306,2831,41,1,708.68
8714,306,2831,47,1,691.19
8715,306,2831,48,1,377.48
8716,306,2831,26,1,547.5
8717,26,2832,186,1,109.52
8718,140,2833,32,1,182.43
8719,140,2833,73,1,249.37
8720,140,2833,37,1,113.29
8721,140,2833,31,1,118.65
8722,392,2834,91,1,978.27
8723,264,2835,1,1,5429.43
8724,264,2835,10,1,96.42
8725,264,2835,3,1,182.88
8726,264,2835,4,1,1045.02
8727,330,2836,106,1,449.77
8728,74,2837,51,1,66.67
8729,74,2837,53,1,95.99
8730,74,2837,54,1,131.19
8731,291,2838,73,1,249.37
8732,77,2839,13,1,342.07
8733,77,2839,25,1,958.76
8734,77,2839,26,1,547.5
8735,77,2839,28,1,207.71
8736,77,2839,29,1,137.26
8737,444,2840,10,1,96.42
8738,166,2841,51,1,66.67
8739,166,2841,53,1,95.99
8740,318,2842,41,1,708.68
8741,318,2842,42,1,162.27
8742,318,2842,106,1,449.77
8743,318,2842,47,1,691.19
8744,318,2842,48,1,377.48
8745,318,2842,28,1,207.71
8746,256,2843,42,1,162.27
8747,256,2843,47,1,691.19
8748,256,2843,48,1,377.48
8749,256,2843,179,1,148.28
8750,256,2843,85,1,1742.75
8751,489,2844,49,2,247.85
8752,489,2844,146,1,323.76
8753,21,2845,186,1,109.52
8754,203,2846,169,1,452.68
8755,203,2846,51,1,66.67
8756,35,2847,32,2,182.43
8757,35,2847,39,1,51.31
8758,35,2847,31,1,118.65
8759,257,2848,114,1,246.79
8760,257,2848,44,1,1768.56
8761,68,2849,25,2,958.76
8762,68,2849,26,1,547.5
8763,68,2849,145,1,165.87
8764,68,2849,28,1,207.71
8765,434,2850,9,1,864.52
8766,434,2850,2,1,6856.93
8767,434,2850,20,1,600.91
8768,434,2850,6,1,2618.75
8769,37,2851,9,1,864.52
8770,37,2851,2,1,6856.93
8771,37,2851,3,1,182.88
8772,37,2851,157,1,278.2
8773,261,2852,151,1,71.91
8774,312,2853,32,1,182.43
8775,312,2853,185,1,329.38
8776,312,2853,37,1,113.29
8777,348,2854,126,1,224.49
8778,233,2855,25,1,958.76
8779,233,2855,58,2,143.75
8780,233,2855,29,1,137.26
8781,233,2855,57,1,215.42
8782,334,2856,88,1,398.34
8783,206,2857,41,1,708.68
8784,206,2857,42,2,162.27
8785,206,2857,47,1,691.19
8786,195,2858,154,1,3786.85
8787,212,2859,1,1,5429.43
8788,212,2859,3,2,182.88
8789,212,2859,10,1,96.42
8790,212,2859,78,1,637.27
8791,212,2859,145,1,165.87
8792,327,2860,48,1,377.48
8793,327,2860,178,1,3002.16
8794,327,2860,46,1,121.09
8795,328,2861,177,1,3544.65
8796,328,2861,62,1,122.09
8797,250,2862,33,1,404.5
8798,250,2862,162,1,2324.66
8799,250,2862,34,1,269.1
8800,250,2862,35,1,790.82
8801,250,2862,38,1,325.54
8802,458,2863,1,1,5429.43
8803,458,2863,3,1,182.88
8804,44,2864,25,1,958.76
8805,44,2864,26,1,547.5
8806,203,2865,96,1,2249.21
8807,203,2865,124,1,4869.43
8808,199,2866,41,1,708.68
8809,199,2866,42,1,162.27
8810,199,2866,47,1,691.19
8811,319,2867,19,1,195.42
8812,231,2868,56,1,327.69
8813,231,2868,77,2,193.57
8814,132,2869,51,1,66.67
8815,132,2869,54,1,131.19
8816,61,2870,1,1,5429.43
8817,61,2870,10,1,96.42
8818,61,2870,3,1,182.88
8819,339,2871,41,1,708.68
8820,339,2871,153,1,564.14
8821,339,2871,47,1,691.19
8822,341,2872,32,1,182.43
8823,341,2872,39,1,51.31
8824,341,2872,37,1,113.29
8825,341,2872,31,1,118.65
8826,222,2873,34,1,269.1
8827,222,2873,35,1,790.82
8828,222,2873,38,1,325.54
8829,498,2874,46,1,121.09
8830,357,2875,91,1,978.27
8831,357,2875,127,1,209.71
8832,258,2876,163,1,417.18
8833,258,2876,124,1,4869.43
8834,258,2876,46,1,121.09
8835,146,2877,184,1,617.48
8836,329,2878,170,1,810.36
8837,329,2878,179,1,148.28
8838,181,2879,33,1,404.5
8839,181,2879,34,1,269.1
8840,181,2879,177,1,3544.65
8841,498,2880,32,1,182.43
8842,498,2880,195,1,411.6
8843,498,2880,37,1,113.29
8844,498,2880,39,1,51.31
8845,498,2880,31,1,118.65
8846,225,2881,33,1,404.5
8847,225,2881,34,1,269.1
8848,225,2881,38,1,325.54
8849,225,2881,70,1,1076.29
8850,225,2881,176,1,1269.55
8851,321,2882,83,1,584.83
8852,57,2883,120,1,37.31
8853,392,2884,42,1,162.27
8854,392,2884,46,1,121.09
8855,392,2884,48,1,377.48
8856,392,2884,50,1,103.84
8857,392,2884,153,1,564.14
8858,198,2885,42,1,162.27
8859,198,2885,90,1,2115.26
8860,250,2886,1,1,5429.43
8861,250,2886,3,1,182.88
8862,250,2886,4,1,1045.02
8863,250,2886,136,1,1233.09
8864,250,2886,10,1,96.42
8865,200,2887,33,1,404.5
8866,200,2887,151,1,71.91
8867,104,2888,137,1,593.31
8868,483,2889,93,1,304.48
8869,118,2890,102,2,1982.66
8870,449,2891,81,1,1613.84
8871,449,2891,119,1,1350.85
8872,449,2891,25,2,958.76
8873,449,2891,28,1,207.71
8874,449,2891,29,1,137.26
8875,377,2892,33,1,404.5
8876,377,2892,34,1,269.1
8877,377,2892,35,1,790.82
8878,377,2892,38,2,325.54
8879,240,2893,32,1,182.43
8880,240,2893,129,1,94.56
8881,240,2893,37,1,113.29
8882,240,2893,168,1,126.51
8883,240,2893,31,1,118.65
8884,157,2894,1,1,5429.43
8885,157,2894,3,1,182.88
8886,157,2894,4,1,1045.02
8887,157,2894,6,1,2618.75
8888,157,2894,10,1,96.42
8889,91,2895,43,1,1574.27
8890,398,2896,48,1,377.48
8891,398,2896,42,1,162.27
8892,398,2896,190,1,615.39
8893,398,2896,47,2,691.19
8894,320,2897,33,1,404.5
8895,320,2897,34,1,269.1
8896,320,2897,35,1,790.82
8897,320,2897,38,1,325.54
8898,440,2898,124,1,4869.43
8899,283,2899,122,1,696.77
8900,283,2899,159,1,132.33
8901,351,2900,114,1,246.79
8902,351,2900,190,1,615.39
8903,17,2901,73,1,249.37
8904,17,2901,187,1,521.01
8905,226,2902,25,2,958.76
8906,226,2902,28,1,207.71
8907,226,2902,29,1,137.26
8908,351,2903,33,1,404.5
8909,351,2903,34,1,269.1
8910,351,2903,35,1,790.82
8911,351,2903,38,1,325.54
8912,351,2903,81,1,1613.84
8913,351,2903,28,1,207.71
8914,262,2904,34,1,269.1
8915,262,2904,35,1,790.82
8916,262,2904,38,1,325.54
8917,217,2905,1,1,5429.43
8918,217,2905,10,1,96.42
8919,217,2905,4,1,1045.02
8920,484,2906,42,1,162.27
8921,484,2906,47,1,691.19
8922,484,2906,48,1,377.48
8923,484,2906,18,1,685.51
8924,484,2906,122,1,696.77
8925,22,2907,177,1,3544.65
8926,22,2907,157,1,278.2
8927,488,2908,48,1,377.48
8928,488,2908,50,1,103.84
8929,488,2908,46,1,121.09
8930,230,2909,33,2,404.5
8931,230,2909,34,1,269.1
8932,230,2909,35,1,790.82
8933,230,2909,38,1,325.54
8934,122,2910,173,1,426.85
8935,358,2911,21,1,2953.99
8936,144,2912,194,1,582.97
8937,144,2912,50,1,103.84
8938,56,2913,200,2,284.58
8939,56,2913,34,1,269.1
8940,56,2913,197,1,1440.46
8941,243,2914,126,1,224.49
8942,358,2915,48,2,377.48
8943,358,2915,50,1,103.84
8944,358,2915,163,1,417.18
8945,358,2915,46,1,121.09
8946,62,2916,156,1,131.66
8947,316,2917,185,1,329.38
8948,316,2917,44,1,1768.56
8949,19,2918,51,1,66.67
8950,376,2919,48,1,377.48
8951,376,2919,41,1,708.68
8952,376,2919,42,1,162.27
8953,376,2919,47,1,691.19
8954,367,2920,1,1,5429.43
8955,367,2920,10,1,96.42
8956,367,2920,4,1,1045.02
8957,251,2921,112,1,2651.9
8958,291,2922,139,2,351.69
8959,117,2923,189,1,46.18
8960,117,2923,149,1,652.63
8961,359,2924,25,1,958.76
8962,359,2924,26,1,547.5
8963,359,2924,29,1,137.26
8964,333,2925,33,1,404.5
8965,333,2925,34,1,269.1
8966,333,2925,35,1,790.82
8967,109,2926,135,1,248.61
8968,196,2927,74,1,132.13
8969,417,2928,25,1,958.76
8970,417,2928,26,1,547.5
8971,417,2928,29,1,137.26
8972,241,2929,54,1,131.19
8973,70,2930,56,2,327.69
8974,70,2930,51,1,66.67
8975,70,2930,37,1,113.29
8976,288,2931,173,1,426.85
8977,33,2932,32,1,182.43
8978,33,2932,41,2,708.68
8979,33,2932,37,1,113.29
8980,33,2932,39,1,51.31
8981,32,2933,162,1,2324.66
8982,413,2934,48,1,377.48
8983,413,2934,50,1,103.84
8984,413,2934,40,1,36.51
8985,413,2934,46,1,121.09
8986,207,2935,64,2,578.73
8987,207,2935,51,1,66.67
8988,207,2935,53,1,95.99
8989,372,2936,121,1,279.43
8990,110,2937,32,1,182.43
8991,110,2937,39,1,51.31
8992,110,2937,37,1,113.29
8993,110,2937,31,1,118.65
8994,235,2938,162,1,2324.66
8995,235,2938,2,1,6856.93
8996,235,2938,3,1,182.88
8997,235,2938,124,1,4869.43
8998,394,2939,9,2,864.52
8999,394,2939,2,2,6856.93
9000,394,2939,3,1,182.88
9001,394,2939,151,1,71.91
9002,244,2940,1,1,5429.43
9003,244,2940,3,2,182.88
9004,244,2940,168,1,126.51
9005,244,2940,73,1,249.37
9006,244,2940,10,1,96.42
9007,318,2941,9,1,864.52
9008,318,2941,2,1,6856.93
9009,318,2941,6,2,2618.75
9010,318,2941,114,1,246.79
9011,398,2942,17,1,281.04
9012,398,2942,84,1,98.36
9013,74,2943,34,1,269.1
9014,74,2943,35,2,790.82
9015,339,2944,32,1,182.43
9016,339,2944,37,1,113.29
9017,203,2945,2,1,6856.93
9018,203,2945,3,1,182.88
9019,203,2945,9,1,864.52
9020,203,2945,74,1,132.13
9021,203,2945,108,1,5179.59
9022,21,2946,152,1,92.66
9023,21,2946,158,1,655.51
9024,1,2947,1,1,5429.43
9025,1,2947,3,1,182.88
9026,1,2947,4,1,1045.02
9027,1,2947,167,1,104.4
9028,1,2947,10,2,96.42
9029,175,2948,53,1,95.99
9030,96,2949,33,1,404.5
9031,96,2949,34,1,269.1
9032,96,2949,35,1,790.82
9033,96,2949,38,1,325.54
9034,96,2949,181,1,353.61
9035,96,2949,121,1,279.43
9036,80,2950,70,1,1076.29
9037,80,2950,42,2,162.27
9038,80,2950,10,1,96.42
9039,80,2950,46,1,121.09
9040,80,2950,48,1,377.48
9041,80,2950,50,1,103.84
9042,98,2951,51,1,66.67
9043,98,2951,53,1,95.99
9044,98,2951,54,1,131.19
9045,98,2951,56,1,327.69
9046,98,2951,184,1,617.48
9047,423,2952,9,1,864.52
9048,423,2952,2,1,6856.93
9049,423,2952,3,1,182.88
9050,423,2952,6,1,2618.75
9051,450,2953,56,1,327.69
9052,450,2953,51,1,66.67
9053,450,2953,77,1,193.57
9054,450,2953,54,1,131.19
9055,281,2954,53,1,95.99
9056,281,2954,78,1,637.27
9057,251,2955,6,1,2618.75
9058,122,2956,33,1,404.5
9059,122,2956,34,1,269.1
9060,122,2956,35,1,790.82
9061,122,2956,100,1,418.81
9062,175,2957,144,1,91.59
9063,175,2957,159,1,132.33
9064,498,2958,32,1,182.43
9065,498,2958,2,1,6856.93
9066,498,2958,37,1,113.29
9067,498,2958,39,1,51.31
9068,498,2958,51,1,66.67
9069,498,2958,31,2,118.65
9070,408,2959,162,2,2324.66
9071,408,2959,2,1,6856.93
9072,408,2959,3,1,182.88
9073,408,2959,67,1,3651.66
9074,408,2959,9,1,864.52
9075,119,2960,33,1,404.5
9076,119,2960,34,1,269.1
9077,119,2960,35,1,790.82
9078,119,2960,196,1,211.44
9079,119,2960,38,1,325.54
9080,138,2961,41,1,708.68
9081,242,2962,33,1,404.5
9082,242,2962,34,1,269.1
9083,242,2962,38,1,325.54
9084,242,2962,151,1,71.91
9085,371,2963,56,1,327.69
9086,371,2963,51,1,66.67
9087,371,2963,182,1,190.33
9088,371,2963,54,1,131.19
9089,25,2964,19,1,195.42
9090,274,2965,33,1,404.5
9091,274,2965,34,1,269.1
9092,274,2965,35,1,790.82
9093,274,2965,38,1,325.54
9094,274,2965,182,1,190.33
9095,300,2966,83,1,584.83
9096,118,2967,2,1,6856.93
9097,118,2967,3,1,182.88
9098,118,2967,4,1,1045.02
9099,118,2967,6,1,2618.75
9100,118,2967,119,1,1350.85
9101,295,2968,42,2,162.27
9102,295,2968,34,1,269.1
9103,295,2968,47,1,691.19
9104,409,2969,96,1,2249.21
9105,409,2969,15,1,478.33
9106,107,2970,56,1,327.69
9107,107,2970,59,1,88.07
9108,107,2970,51,1,66.67
9109,368,2971,48,1,377.48
9110,368,2971,50,2,103.84
9111,368,2971,46,1,121.09
9112,328,2972,48,1,377.48
9113,328,2972,42,1,162.27
9114,328,2972,47,1,691.19
9115,297,2973,112,1,2651.9
9116,297,2973,177,1,3544.65
9117,280,2974,2,1,6856.93
9118,280,2974,3,1,182.88
9119,280,2974,132,1,284.92
9120,280,2974,6,1,2618.75
9121,280,2974,20,1,600.91
9122,214,2975,32,1,182.43
9123,214,2975,56,1,327.69
9124,214,2975,37,1,113.29
9125,214,2975,39,1,51.31
9126,226,2976,1,2,5429.43
9127,226,2976,85,1,1742.75
9128,456,2977,25,1,958.76
9129,456,2977,67,1,3651.66
9130,456,2977,28,1,207.71
9131,426,2978,74,1,132.13
9132,426,2978,85,1,1742.75
9133,216,2979,154,2,3786.85
9134,216,2979,87,1,281.44
9135,472,2980,34,1,269.1
9136,472,2980,35,1,790.82
9137,472,2980,38,1,325.54
9138,472,2980,71,1,241.15
9139,472,2980,51,1,66.67
9140,492,2981,1,1,5429.43
9141,492,2981,3,1,182.88
9142,492,2981,4,1,1045.02
9143,58,2982,33,1,404.5
9144,58,2982,34,1,269.1
9145,58,2982,35,1,790.82
9146,58,2982,38,1,325.54
9147,442,2983,51,1,66.67
9148,442,2983,46,1,121.09
9149,74,2984,61,1,1462.89
9150,200,2985,48,1,377.48
9151,200,2985,42,1,162.27
9152,200,2985,50,1,103.84
9153,200,2985,46,1,121.09
9154,452,2986,97,1,1968.21
9155,448,2987,155,1,298.62
9156,448,2987,47,1,691.19
9157,50,2988,56,1,327.69
9158,50,2988,51,1,66.67
9159,50,2988,53,1,95.99
9160,50,2988,54,1,131.19
9161,354,2989,107,1,5057.62
9162,354,2989,174,1,886.97
9163,203,2990,130,1,3341.54
9164,455,2991,21,1,2953.99
9165,455,2991,174,1,886.97
9166,292,2992,33,1,404.5
9167,292,2992,34,1,269.1
9168,292,2992,38,1,325.54
9169,329,2993,25,1,958.76
9170,329,2993,28,1,207.71
9171,329,2993,37,1,113.29
9172,473,2994,18,1,685.51
9173,473,2994,14,1,687.06
9174,13,2995,194,2,582.97
9175,13,2995,163,1,417.18
9176,159,2996,125,2,208.91
9177,159,2996,143,1,602.95
9178,83,2997,64,1,578.73
9179,83,2997,131,1,457.64
9180,83,2997,41,1,708.68
9181,83,2997,42,1,162.27
9182,83,2997,47,1,691.19
9183,83,2997,48,1,377.48
9184,122,2998,14,2,687.06
9185,122,2998,51,1,66.67
9186,122,2998,53,1,95.99
9187,122,2998,54,1,131.19
9188,122,2998,85,2,1742.75
9189,122,2998,56,1,327.69
9190,138,2999,116,1,136.01
9191,101,3000,133,1,165.39
9192,318,3001,48,1,377.48
9193,318,3001,156,1,131.66
9194,373,3002,32,1,182.43
9195,373,3002,37,1,113.29
9196,373,3002,104,1,146.34
9197,373,3002,155,1,298.62
9198,373,3002,31,1,118.65
9199,338,3003,25,1,958.76
9200,338,3003,29,1,137.26
9201,338,3003,22,1,2057.09
9202,86,3004,59,1,88.07
9203,86,3004,100,1,418.81
9204,388,3005,8,1,338.12
9205,388,3005,25,1,958.76
9206,388,3005,26,1,547.5
9207,388,3005,129,1,94.56
9208,332,3006,140,1,61.32
9209,263,3007,33,2,404.5
9210,263,3007,34,1,269.1
9211,263,3007,35,2,790.82
9212,108,3008,32,1,182.43
9213,108,3008,37,1,113.29
9214,108,3008,39,1,51.31
9215,91,3009,40,1,36.51
9216,168,3010,25,1,958.76
9217,168,3010,26,1,547.5
9218,168,3010,196,1,211.44
9219,168,3010,29,1,137.26
9220,262,3011,9,1,864.52
9221,262,3011,2,1,6856.93
9222,262,3011,3,1,182.88
9223,262,3011,6,1,2618.75
9224,133,3012,104,1,146.34
9225,196,3013,160,1,298.73
9226,196,3013,133,1,165.39
9227,196,3013,51,1,66.67
9228,196,3013,53,1,95.99
9229,196,3013,54,1,131.19
9230,196,3013,56,1,327.69
9231,90,3014,1,1,5429.43
9232,90,3014,85,1,1742.75
9233,472,3015,1,1,5429.43
9234,472,3015,10,1,96.42
9235,472,3015,3,1,182.88
9236,472,3015,4,1,1045.02
9237,73,3016,200,1,284.58
9238,232,3017,106,2,449.77
9239,232,3017,51,1,66.67
9240,232,3017,53,1,95.99
9241,232,3017,56,1,327.69
9242,232,3017,120,1,37.31
9243,119,3018,25,1,958.76
9244,119,3018,26,1,547.5
9245,119,3018,28,1,207.71
9246,51,3019,48,1,377.48
9247,51,3019,2,1,6856.93
9248,51,3019,46,1,121.09
9249,455,3020,1,1,5429.43
9250,455,3020,3,1,182.88
9251,455,3020,4,1,1045.02
9252,455,3020,13,1,342.07
9253,455,3020,141,1,449.82
9254,221,3021,38,1,325.54
9255,284,3022,127,1,209.71
9256,291,3023,56,1,327.69
9257,291,3023,26,1,547.5
9258,291,3023,51,2,66.67
9259,291,3023,54,1,131.19
9260,492,3024,34,2,269.1
9261,50,3025,88,1,398.34
9262,50,3025,148,2,658.67
9263,73,3026,180,1,279.71
9264,73,3026,199,2,107.47
9265,15,3027,106,1,449.77
9266,164,3028,55,1,41.52
9267,40,3029,25,1,958.76
9268,40,3029,53,1,95.99
9269,40,3029,29,1,137.26
9270,146,3030,134,1,3215.18
9271,376,3031,184,1,617.48
9272,376,3031,9,2,864.52
9273,376,3031,2,1,6856.93
9274,139,3032,48,1,377.48
9275,139,3032,50,1,103.84
9276,139,3032,46,1,121.09
9277,43,3033,66,2,234.31
9278,23,3034,129,1,94.56
9279,23,3034,51,1,66.67
9280,23,3034,53,1,95.99
9281,23,3034,54,1,131.19
9282,23,3034,56,1,327.69
9283,419,3035,162,1,2324.66
9284,419,3035,139,1,351.69
9285,443,3036,33,1,404.5
9286,443,3036,113,1,61.24
9287,89,3037,56,1,327.69
9288,89,3037,103,2,398.87
9289,319,3038,154,1,3786.85
9290,319,3038,23,1,3803.84
9291,14,3039,146,1,323.76
9292,14,3039,74,1,132.13
9293,39,3040,100,1,418.81
9294,39,3040,60,1,325.99
9295,12,3041,191,2,2178.66
9296,420,3042,75,1,670.09
9297,364,3043,60,1,325.99
9298,401,3044,84,1,98.36
9299,401,3044,95,1,217.5
9300,174,3045,58,1,143.75
9301,198,3046,175,2,152.85
9302,253,3047,48,1,377.48
9303,253,3047,142,1,243.55
9304,144,3048,1,2,5429.43
9305,144,3048,4,1,1045.02
9306,144,3048,10,1,96.42
9307,144,3048,20,1,600.91
9308,144,3048,23,1,3803.84
9309,89,3049,138,2,2075.88
9310,89,3049,21,1,2953.99
9311,149,3050,48,2,377.48
9312,149,3050,41,1,708.68
9313,149,3050,42,1,162.27
9314,149,3050,47,1,691.19
9315,180,3051,2,1,6856.93
9316,180,3051,3,1,182.88
9317,180,3051,6,1,2618.75
9318,180,3051,9,1,864.52
9319,180,3051,45,1,207.67
9320,36,3052,62,1,122.09
9321,36,3052,9,1,864.52
9322,36,3052,2,1,6856.93
9323,36,3052,6,2,2618.75
9324,286,3053,136,1,1233.09
9325,286,3053,42,1,162.27
9326,286,3053,46,1,121.09
9327,286,3053,48,2,377.48
9328,286,3053,158,1,655.51
9329,89,3054,85,1,1742.75
9330,445,3055,32,1,182.43
9331,445,3055,37,1,113.29
9332,445,3055,39,1,51.31
9333,445,3055,112,1,2651.9
9334,445,3055,17,1,281.04
9335,370,3056,114,2,246.79
9336,370,3056,181,1,353.61
9337,49,3057,177,1,3544.65
9338,103,3058,187,1,521.01
9339,117,3059,56,1,327.69
9340,117,3059,51,1,66.67
9341,117,3059,53,1,95.99
9342,117,3059,54,1,131.19
9343,361,3060,25,1,958.76
9344,361,3060,28,1,207.71
9345,361,3060,47,1,691.19
9346,472,3061,169,1,452.68
9347,110,3062,66,1,234.31
9348,110,3062,87,1,281.44
9349,49,3063,116,1,136.01
9350,49,3063,21,1,2953.99
9351,126,3064,2,1,6856.93
9352,126,3064,6,1,2618.75
9353,126,3064,9,1,864.52
9354,126,3064,81,1,1613.84
9355,126,3064,61,1,1462.89
9356,474,3065,104,1,146.34
9357,474,3065,22,1,2057.09
9358,152,3066,34,1,269.1
9359,152,3066,38,1,325.54
9360,152,3066,79,1,421.1
9361,360,3067,119,1,1350.85
9362,495,3068,25,2,958.76
9363,495,3068,26,1,547.5
9364,495,3068,86,1,336.99
9365,495,3068,79,1,421.1
9366,123,3069,40,1,36.51
9367,322,3070,98,1,449.02
9368,19,3071,9,2,864.52
9369,19,3071,2,1,6856.93
9370,19,3071,3,1,182.88
9371,19,3071,172,1,72.49
9372,476,3072,194,1,582.97
9373,99,3073,48,1,377.48
9374,99,3073,50,1,103.84
9375,99,3073,46,1,121.09
9376,455,3074,43,1,1574.27
9377,180,3075,75,1,670.09
9378,180,3075,11,1,73.96
9379,181,3076,51,2,66.67
9380,417,3077,1,1,5429.43
9381,417,3077,3,1,182.88
9382,417,3077,4,1,1045.02
9383,417,3077,132,1,284.92
9384,417,3077,10,1,96.42
9385,6,3078,33,1,404.5
9386,6,3078,34,1,269.1
9387,6,3078,35,1,790.82
9388,6,3078,38,1,325.54
9389,6,3078,171,1,100.57
9390,6,3078,149,1,652.63
9391,474,3079,23,1,3803.84
9392,31,3080,42,1,162.27
9393,31,3080,50,1,103.84
9394,31,3080,12,1,378.07
9395,31,3080,46,1,121.09
9396,354,3081,192,1,105.53
9397,354,3081,33,1,404.5
9398,354,3081,34,2,269.1
9399,354,3081,35,2,790.82
9400,354,3081,38,1,325.54
9401,45,3082,198,1,440.15
9402,45,3082,41,1,708.68
9403,45,3082,42,1,162.27
9404,45,3082,47,1,691.19
9405,45,3082,48,1,377.48
9406,426,3083,48,2,377.48
9407,426,3083,42,1,162.27
9408,426,3083,50,1,103.84
9409,426,3083,46,1,121.09
9410,226,3084,135,1,248.61
9411,69,3085,2,1,6856.93
9412,69,3085,6,1,2618.75
9413,273,3086,181,2,353.61
9414,253,3087,16,2,680.77
9415,253,3087,140,1,61.32
9416,129,3088,1,1,5429.43
9417,129,3088,4,1,1045.02
9418,129,3088,59,1,88.07
9419,129,3088,10,1,96.42
9420,129,3088,123,1,140.92
9421,78,3089,48,1,377.48
9422,78,3089,137,1,593.31
9423,78,3089,107,2,5057.62
9424,78,3089,46,1,121.09
9425,488,3090,105,1,250.27
9426,217,3091,32,1,182.43
9427,217,3091,127,1,209.71
9428,217,3091,31,1,118.65
9429,258,3092,48,2,377.48
9430,258,3092,81,1,1613.84
9431,258,3092,42,1,162.27
9432,258,3092,46,2,121.09
9433,183,3093,1,1,5429.43
9434,183,3093,3,1,182.88
9435,183,3093,4,2,1045.02
9436,465,3094,196,1,211.44
9437,171,3095,89,1,73.16
9438,171,3095,174,1,886.97
9439,147,3096,72,1,295.83
9440,147,3096,61,1,1462.89
9441,110,3097,48,1,377.48
9442,110,3097,42,1,162.27
9443,110,3097,174,1,886.97
9444,110,3097,46,1,121.09
9445,490,3098,48,1,377.48
9446,490,3098,42,1,162.27
9447,490,3098,50,1,103.84
9448,490,3098,46,1,121.09
9449,74,3099,25,1,958.76
9450,74,3099,26,1,547.5
9451,74,3099,28,1,207.71
9452,74,3099,29,1,137.26
9453,498,3100,112,1,2651.9
9454,498,3100,199,1,107.47
9455,275,3101,83,1,584.83
9456,275,3101,25,1,958.76
9457,275,3101,26,1,547.5
9458,275,3101,28,1,207.71
9459,275,3101,29,1,137.26
9460,201,3102,77,1,193.57
9461,201,3102,46,1,121.09
9462,201,3102,48,1,377.48
9463,201,3102,50,1,103.84
9464,201,3102,59,1,88.07
9465,110,3103,34,1,269.1
9466,110,3103,38,1,325.54
9467,152,3104,32,1,182.43
9468,152,3104,145,1,165.87
9469,152,3104,37,2,113.29
9470,50,3105,41,1,708.68
9471,50,3105,42,1,162.27
9472,50,3105,47,1,691.19
9473,50,3105,48,1,377.48
9474,50,3105,62,1,122.09
9475,412,3106,32,1,182.43
9476,412,3106,165,1,867.11
9477,412,3106,39,2,51.31
9478,412,3106,31,1,118.65
9479,356,3107,47,2,691.19
9480,240,3108,20,1,600.91
9481,240,3108,190,1,615.39
9482,443,3109,199,1,107.47
9483,443,3109,41,1,708.68
9484,443,3109,42,1,162.27
9485,443,3109,47,1,691.19
9486,443,3109,48,1,377.48
9487,443,3109,84,1,98.36
9488,200,3110,65,1,586.82
9489,200,3110,95,1,217.5
9490,188,3111,25,1,958.76
9491,188,3111,29,1,137.26
9492,188,3111,22,1,2057.09
9493,117,3112,25,1,958.76
9494,117,3112,26,1,547.5
9495,117,3112,29,1,137.26
9496,48,3113,161,1,280.14
9497,48,3113,5,1,1043.64
9498,48,3113,42,1,162.27
9499,48,3113,46,2,121.09
9500,48,3113,48,1,377.48
9501,48,3113,50,1,103.84
9502,154,3114,78,1,637.27
9503,154,3114,2,2,6856.93
9504,154,3114,3,1,182.88
9505,154,3114,6,1,2618.75
9506,37,3115,89,1,73.16
9507,37,3115,25,1,958.76
9508,37,3115,28,2,207.71
9509,37,3115,76,1,110.25
9510,342,3116,1,1,5429.43
9511,342,3116,194,1,582.97
9512,342,3116,4,1,1045.02
9513,342,3116,10,1,96.42
9514,342,3116,154,1,3786.85
9515,135,3117,34,1,269.1
9516,135,3117,25,1,958.76
9517,135,3117,28,1,207.71
9518,135,3117,29,1,137.26
9519,135,3117,31,1,118.65
9520,298,3118,105,1,250.27
9521,298,3118,12,1,378.07
9522,450,3119,123,1,140.92
9523,110,3120,33,2,404.5
9524,110,3120,34,1,269.1
9525,110,3120,35,1,790.82
9526,110,3120,38,1,325.54
9527,110,3120,44,1,1768.56
9528,64,3121,104,1,146.34
9529,64,3121,11,1,73.96
9530,267,3122,157,1,278.2
9531,294,3123,42,1,162.27
9532,294,3123,46,1,121.09
9533,294,3123,15,1,478.33
9534,294,3123,48,1,377.48
9535,294,3123,81,1,1613.84
9536,294,3123,50,1,103.84
9537,375,3124,48,1,377.48
9538,375,3124,139,1,351.69
9539,375,3124,144,1,91.59
9540,375,3124,46,1,121.09
9541,10,3125,41,1,708.68
9542,10,3125,47,1,691.19
9543,453,3126,145,1,165.87
9544,453,3126,51,1,66.67
9545,453,3126,53,1,95.99
9546,453,3126,54,1,131.19
9547,453,3126,56,2,327.69
9548,453,3126,89,2,73.16
9549,166,3127,33,1,404.5
9550,166,3127,107,1,5057.62
9551,399,3128,192,2,105.53
9552,399,3128,120,1,37.31
9553,114,3129,1,1,5429.43
9554,114,3129,3,1,182.88
9555,114,3129,4,1,1045.02
9556,114,3129,134,2,3215.18
9557,114,3129,10,1,96.42
9558,263,3130,1,1,5429.43
9559,263,3130,10,1,96.42
9560,263,3130,3,1,182.88
9561,263,3130,4,1,1045.02
9562,189,3131,32,1,182.43
9563,189,3131,39,2,51.31
9564,189,3131,37,1,113.29
9565,189,3131,31,1,118.65
9566,380,3132,39,1,51.31
9567,386,3133,56,1,327.69
9568,386,3133,51,1,66.67
9569,386,3133,53,1,95.99
9570,253,3134,155,1,298.62
9571,282,3135,152,1,92.66
9572,255,3136,46,1,121.09
9573,255,3136,48,1,377.48
9574,255,3136,50,1,103.84
9575,255,3136,60,1,325.99
9576,255,3136,95,1,217.5
9577,30,3137,141,1,449.82
9578,30,3137,46,1,121.09
9579,30,3137,48,1,377.48
9580,30,3137,178,2,3002.16
9581,30,3137,50,1,103.84
9582,136,3138,32,1,182.43
9583,136,3138,37,1,113.29
9584,136,3138,39,1,51.31
9585,136,3138,44,1,1768.56
9586,136,3138,31,1,118.65
9587,36,3139,34,1,269.1
9588,36,3139,35,1,790.82
9589,36,3139,38,1,325.54
9590,131,3140,18,2,685.51
9591,131,3140,51,1,66.67
9592,131,3140,54,1,131.19
9593,314,3141,198,1,440.15
9594,273,3142,169,1,452.68
9595,273,3142,34,1,269.1
9596,273,3142,35,1,790.82
9597,273,3142,38,1,325.54
9598,268,3143,10,2,96.42
9599,330,3144,79,1,421.1
9600,496,3145,135,1,248.61
9601,131,3146,101,1,241.26
9602,131,3146,92,1,182.48
9603,131,3146,25,1,958.76
9604,131,3146,26,1,547.5
9605,131,3146,28,2,207.71
9606,131,3146,29,1,137.26
9607,338,3147,184,1,617.48
9608,338,3147,195,1,411.6
9609,235,3148,7,1,2063.12
9610,464,3149,25,1,958.76
9611,464,3149,26,1,547.5
9612,464,3149,28,1,207.71
9613,464,3149,29,1,137.26
9614,454,3150,81,1,1613.84
9615,454,3150,86,1,336.99
9616,485,3151,56,1,327.69
9617,485,3151,80,1,996.58
9618,485,3151,51,1,66.67
9619,485,3151,54,1,131.19
9620,467,3152,96,2,2249.21
9621,467,3152,42,1,162.27
9622,467,3152,47,1,691.19
9623,467,3152,48,1,377.48
9624,467,3152,113,1,61.24
9625,205,3153,39,1,51.31
9626,205,3153,41,2,708.68
9627,205,3153,42,1,162.27
9628,205,3153,47,1,691.19
9629,205,3153,48,1,377.48
9630,392,3154,32,1,182.43
9631,392,3154,37,1,113.29
9632,392,3154,134,1,3215.18
9633,392,3154,31,1,118.65
9634,137,3155,48,2,377.48
9635,137,3155,50,1,103.84
9636,137,3155,197,1,1440.46
9637,137,3155,46,1,121.09
9638,430,3156,126,1,224.49
9639,205,3157,17,1,281.04
9640,205,3157,79,1,421.1
9641,426,3158,200,1,284.58
9642,212,3159,161,1,280.14
9643,212,3159,41,1,708.68
9644,212,3159,47,1,691.19
9645,212,3159,48,1,377.48
9646,212,3159,19,1,195.42
9647,471,3160,48,1,377.48
9648,471,3160,42,2,162.27
9649,471,3160,109,1,44.98
9650,471,3160,46,2,121.09
9651,378,3161,1,1,5429.43
9652,378,3161,3,1,182.88
9653,378,3161,127,1,209.71
9654,207,3162,92,1,182.48
9655,80,3163,32,1,182.43
9656,80,3163,37,1,113.29
9657,80,3163,71,1,241.15
9658,80,3163,39,1,51.31
9659,80,3163,109,1,44.98
9660,289,3164,33,1,404.5
9661,289,3164,34,1,269.1
9662,289,3164,35,1,790.82
9663,289,3164,78,1,637.27
9664,289,3164,143,1,602.95
9665,313,3165,48,1,377.48
9666,313,3165,42,1,162.27
9667,313,3165,83,1,584.83
9668,313,3165,46,2,121.09
9669,409,3166,38,1,325.54
9670,220,3167,137,1,593.31
9671,220,3167,78,1,637.27
9672,441,3168,51,1,66.67
9673,441,3168,53,1,95.99
9674,441,3168,54,1,131.19
9675,406,3169,138,1,2075.88
9676,406,3169,188,1,2599.64
9677,442,3170,33,1,404.5
9678,442,3170,34,1,269.1
9679,442,3170,35,1,790.82
9680,442,3170,161,1,280.14
9681,442,3170,38,1,325.54
9682,442,3170,181,2,353.61
9683,323,3171,42,1,162.27
9684,323,3171,46,1,121.09
9685,142,3172,49,2,247.85
9686,38,3173,48,1,377.48
9687,38,3173,33,2,404.5
9688,38,3173,42,1,162.27
9689,38,3173,47,1,691.19
9690,433,3174,32,1,182.43
9691,433,3174,37,1,113.29
9692,433,3174,39,1,51.31
9693,433,3174,88,1,398.34
9694,433,3174,31,1,118.65
9695,323,3175,59,2,88.07
9696,364,3176,33,2,404.5
9697,364,3176,34,1,269.1
9698,364,3176,35,1,790.82
9699,364,3176,43,2,1574.27
9700,364,3176,159,1,132.33
9701,431,3177,33,1,404.5
9702,431,3177,34,1,269.1
9703,431,3177,35,2,790.82
9704,431,3177,49,2,247.85
9705,126,3178,46,1,121.09
9706,82,3179,42,1,162.27
9707,82,3179,46,1,121.09
9708,82,3179,48,1,377.48
9709,82,3179,152,1,92.66
9710,82,3179,89,1,73.16
9711,81,3180,12,1,378.07
9712,81,3180,51,1,66.67
9713,81,3180,53,1,95.99
9714,81,3180,54,1,131.19
9715,81,3180,21,1,2953.99
9716,81,3180,56,1,327.69
9717,494,3181,1,1,5429.43
9718,494,3181,3,1,182.88
9719,494,3181,4,1,1045.02
9720,494,3181,132,1,284.92
9721,494,3181,10,1,96.42
9722,33,3182,32,1,182.43
9723,33,3182,116,1,136.01
9724,33,3182,39,2,51.31
9725,33,3182,31,2,118.65
9726,388,3183,96,1,2249.21
9727,388,3183,33,1,404.5
9728,388,3183,34,1,269.1
9729,388,3183,35,1,790.82
9730,388,3183,38,1,325.54
9731,388,3183,179,1,148.28
9732,333,3184,1,1,5429.43
9733,333,3184,10,1,96.42
9734,333,3184,3,1,182.88
9735,333,3184,4,1,1045.02
9736,251,3185,63,1,557.39
9737,374,3186,48,1,377.48
9738,374,3186,49,1,247.85
9739,374,3186,50,1,103.84
9740,374,3186,46,1,121.09
9741,207,3187,14,1,687.06
9742,96,3188,19,1,195.42
9743,355,3189,48,2,377.48
9744,355,3189,139,1,351.69
9745,324,3190,2,2,6856.93
9746,324,3190,3,1,182.88
9747,324,3190,6,1,2618.75
9748,324,3190,7,1,2063.12
9749,324,3190,9,1,864.52
9750,338,3191,109,1,44.98
9751,338,3191,181,1,353.61
9752,489,3192,56,1,327.69
9753,489,3192,145,1,165.87
9754,489,3192,51,1,66.67
9755,489,3192,54,1,131.19
9756,160,3193,162,1,2324.66
9757,267,3194,17,1,281.04
9758,267,3194,158,1,655.51
9759,42,3195,46,1,121.09
9760,42,3195,48,1,377.48
9761,42,3195,50,2,103.84
9762,42,3195,148,1,658.67
9763,42,3195,151,1,71.91
9764,457,3196,108,1,5179.59
9765,457,3196,142,1,243.55
9766,457,3196,46,1,121.09
9767,457,3196,48,1,377.48
9768,457,3196,50,1,103.84
9769,238,3197,105,1,250.27
9770,5,3198,56,1,327.69
9771,5,3198,51,1,66.67
9772,5,3198,54,1,131.19
9773,355,3199,25,1,958.76
9774,355,3199,187,1,521.01
9775,355,3199,28,1,207.71
9776,355,3199,93,1,304.48
9777,195,3200,179,1,148.28
9778,195,3200,150,1,244.37
9779,402,3201,147,1,4075.22
9780,211,3202,29,1,137.26
9781,37,3203,127,1,209.71
9782,260,3204,33,1,404.5
9783,260,3204,34,1,269.1
9784,260,3204,38,1,325.54
9785,97,3205,104,1,146.34
9786,97,3205,1,1,5429.43
9787,227,3206,43,1,1574.27
9788,227,3206,54,1,131.19
9789,141,3207,152,1,92.66
9790,141,3207,78,1,637.27
9791,347,3208,88,1,398.34
9792,347,3208,42,2,162.27
9793,347,3208,50,2,103.84
9794,347,3208,46,1,121.09
9795,12,3209,145,1,165.87
9796,491,3210,9,1,864.52
9797,491,3210,2,1,6856.93
9798,491,3210,155,1,298.62
9799,491,3210,198,1,440.15
9800,330,3211,72,1,295.83
9801,330,3211,68,1,1081.84
9802,395,3212,31,1,118.65
9803,177,3213,73,1,249.37
9804,213,3214,104,1,146.34
9805,213,3214,25,1,958.76
9806,213,3214,26,1,547.5
9807,213,3214,28,1,207.71
9808,281,3215,64,1,578.73
9809,267,3216,2,1,6856.93
9810,267,3216,3,2,182.88
9811,294,3217,150,1,244.37
9812,361,3218,42,2,162.27
9813,361,3218,51,1,66.67
9814,361,3218,46,1,121.09
9815,241,3219,20,1,600.91
9816,379,3220,6,1,2618.75
9817,379,3220,55,1,41.52
9818,497,3221,93,1,304.48
9819,497,3221,142,1,243.55
9820,164,3222,156,1,131.66
9821,328,3223,193,1,256.05
9822,267,3224,36,1,703.99
9823,267,3224,93,1,304.48
9824,60,3225,33,1,404.5
9825,60,3225,34,1,269.1
9826,60,3225,38,1,325.54
9827,467,3226,50,1,103.84
9828,467,3226,46,1,121.09
9829,468,3227,9,1,864.52
9830,468,3227,2,1,6856.93
9831,468,3227,3,1,182.88
9832,468,3227,33,1,404.5
9833,464,3228,1,1,5429.43
9834,464,3228,10,2,96.42
9835,464,3228,3,1,182.88
9836,464,3228,4,1,1045.02
9837,481,3229,1,1,5429.43
9838,481,3229,4,1,1045.02
9839,481,3229,71,1,241.15
9840,481,3229,10,1,96.42
9841,481,3229,145,1,165.87
9842,127,3230,32,1,182.43
9843,127,3230,46,1,121.09
9844,127,3230,39,1,51.31
9845,483,3231,70,1,1076.29
9846,71,3232,71,1,241.15
9847,238,3233,32,1,182.43
9848,238,3233,151,1,71.91
9849,238,3233,166,1,184.75
9850,238,3233,31,1,118.65
9851,207,3234,25,1,958.76
9852,207,3234,28,1,207.71
9853,207,3234,29,1,137.26
9854,315,3235,136,2,1233.09
9855,24,3236,177,1,3544.65
9856,24,3236,181,1,353.61
9857,24,3236,25,1,958.76
9858,24,3236,26,1,547.5
9859,24,3236,28,1,207.71
9860,24,3236,29,1,137.26
9861,82,3237,53,1,95.99
9862,82,3237,25,1,958.76
9863,82,3237,26,1,547.5
9864,82,3237,28,1,207.71
9865,82,3237,29,2,137.26
9866,482,3238,48,1,377.48
9867,482,3238,42,1,162.27
9868,482,3238,68,1,1081.84
9869,482,3238,47,1,691.19
9870,393,3239,1,1,5429.43
9871,393,3239,82,1,482.06
9872,393,3239,4,1,1045.02
9873,393,3239,42,1,162.27
9874,202,3240,9,1,864.52
9875,202,3240,2,1,6856.93
9876,202,3240,3,1,182.88
9877,131,3241,4,1,1045.02
9878,131,3241,51,1,66.67
9879,131,3241,54,1,131.19
9880,131,3241,56,1,327.69
9881,131,3241,94,1,192.65
9882,480,3242,128,2,664.23
9883,480,3242,41,1,708.68
9884,480,3242,42,2,162.27
9885,480,3242,47,1,691.19
9886,480,3242,48,1,377.48
9887,461,3243,2,1,6856.93
9888,461,3243,3,1,182.88
9889,461,3243,6,1,2618.75
9890,461,3243,9,1,864.52
9891,461,3243,86,1,336.99
9892,287,3244,55,1,41.52
9893,396,3245,32,1,182.43
9894,34,3246,42,1,162.27
9895,34,3246,143,1,602.95
9896,192,3247,25,1,958.76
9897,192,3247,165,1,867.11
9898,170,3248,1,1,5429.43
9899,170,3248,10,1,96.42
9900,170,3248,188,1,2599.64
9901,170,3248,109,1,44.98
9902,122,3249,98,1,449.02
9903,344,3250,32,1,182.43
9904,344,3250,39,1,51.31
9905,344,3250,82,1,482.06
9906,344,3250,179,1,148.28
9907,344,3250,31,1,118.65
9908,363,3251,11,2,73.96
9909,363,3251,108,1,5179.59
9910,437,3252,199,1,107.47
9911,437,3252,41,1,708.68
9912,437,3252,42,1,162.27
9913,437,3252,47,1,691.19
9914,437,3252,48,1,377.48
9915,231,3253,32,1,182.43
9916,231,3253,26,1,547.5
9917,485,3254,48,1,377.48
9918,485,3254,42,1,162.27
9919,485,3254,50,2,103.84
9920,485,3254,46,1,121.09
9921,268,3255,42,1,162.27
9922,268,3255,171,1,100.57
9923,268,3255,46,1,121.09
9924,268,3255,48,1,377.48
9925,268,3255,50,1,103.84
9926,268,3255,121,1,279.43
9927,48,3256,56,1,327.69
9928,48,3256,51,1,66.67
9929,48,3256,54,1,131.19
9930,48,3256,87,1,281.44
9931,141,3257,32,2,182.43
9932,141,3257,39,1,51.31
9933,141,3257,31,1,118.65
9934,442,3258,153,1,564.14
9935,442,3258,83,1,584.83
9936,289,3259,48,1,377.48
9937,289,3259,42,1,162.27
9938,289,3259,46,2,121.09
9939,177,3260,1,2,5429.43
9940,177,3260,10,1,96.42
9941,177,3260,115,1,131.51
9942,177,3260,4,1,1045.02
9943,46,3261,35,1,790.82
9944,46,3261,91,1,978.27
9945,56,3262,115,1,131.51
9946,376,3263,42,1,162.27
9947,376,3263,50,1,103.84
9948,376,3263,74,2,132.13
9949,376,3263,46,2,121.09
9950,138,3264,142,1,243.55
9951,138,3264,87,1,281.44
9952,225,3265,25,1,958.76
9953,225,3265,26,1,547.5
9954,225,3265,28,1,207.71
9955,225,3265,29,2,137.26
9956,385,3266,51,1,66.67
9957,385,3266,109,1,44.98
9958,457,3267,9,1,864.52
9959,457,3267,2,1,6856.93
9960,457,3267,6,1,2618.75
9961,329,3268,32,1,182.43
9962,329,3268,127,1,209.71
9963,329,3268,37,1,113.29
9964,329,3268,39,1,51.31
9965,8,3269,118,1,175.91
9966,8,3269,51,1,66.67
9967,8,3269,139,1,351.69
9968,8,3269,54,1,131.19
9969,186,3270,9,1,864.52
9970,289,3271,17,1,281.04
9971,289,3271,9,1,864.52
9972,416,3272,48,2,377.48
9973,416,3272,42,1,162.27
9974,416,3272,50,1,103.84
9975,416,3272,46,1,121.09
9976,4,3273,51,1,66.67
9977,297,3274,9,1,864.52
9978,297,3274,2,1,6856.93
9979,297,3274,6,1,2618.75
9980,297,3274,121,1,279.43
9981,25,3275,169,2,452.68
9982,25,3275,42,1,162.27
9983,25,3275,39,1,51.31
9984,25,3275,47,2,691.19
9985,259,3276,108,1,5179.59
9986,259,3276,174,1,886.97
9987,192,3277,96,1,2249.21
9988,192,3277,163,1,417.18
9989,33,3278,32,1,182.43
9990,33,3278,37,1,113.29
9991,33,3278,39,1,51.31
9992,381,3279,32,1,182.43
9993,381,3279,37,2,113.29
9994,381,3279,38,1,325.54
9995,381,3279,39,1,51.31
9996,381,3279,83,1,584.83
9997,381,3279,31,1,118.65
9998,125,3280,1,1,5429.43
9999,125,3280,10,1,96.42
10000,125,3280,3,1,182.88
10001,216,3281,92,1,182.48
10002,216,3281,189,1,46.18
10003,431,3282,164,1,297.97
10004,431,3282,133,1,165.39
10005,224,3283,33,1,404.5
10006,224,3283,34,1,269.1
10007,224,3283,38,1,325.54
10008,357,3284,33,1,404.5
10009,357,3284,34,1,269.1
10010,357,3284,35,1,790.82
10011,357,3284,69,1,5185.33
10012,357,3284,38,1,325.54
10013,123,3285,75,1,670.09
10014,18,3286,50,1,103.84
10015,18,3286,110,1,228.23
10016,478,3287,10,1,96.42
10017,478,3287,149,1,652.63
10018,478,3287,25,1,958.76
10019,478,3287,26,1,547.5
10020,478,3287,28,1,207.71
10021,280,3288,48,1,377.48
10022,280,3288,42,1,162.27
10023,280,3288,46,1,121.09
10024,60,3289,51,1,66.67
10025,60,3289,187,1,521.01
10026,333,3290,154,1,3786.85
10027,333,3290,175,1,152.85
10028,251,3291,108,1,5179.59
10029,251,3291,174,1,886.97
10030,464,3292,198,1,440.15
10031,464,3292,22,1,2057.09
10032,111,3293,107,1,5057.62
10033,111,3293,51,2,66.67
10034,111,3293,54,1,131.19
10035,64,3294,1,1,5429.43
10036,64,3294,3,2,182.88
10037,64,3294,4,1,1045.02
10038,64,3294,10,1,96.42
10039,64,3294,139,1,351.69
10040,64,3294,172,1,72.49
10041,91,3295,48,1,377.48
10042,91,3295,41,1,708.68
10043,91,3295,42,2,162.27
10044,91,3295,47,1,691.19
10045,129,3296,129,1,94.56
10046,129,3296,33,1,404.5
10047,129,3296,34,1,269.1
10048,129,3296,35,1,790.82
10049,129,3296,167,2,104.4
10050,1,3297,32,1,182.43
10051,1,3297,37,1,113.29
10052,1,3297,134,1,3215.18
10053,1,3297,39,1,51.31
10054,1,3297,181,1,353.61
10055,1,3297,31,1,118.65
10056,22,3298,32,1,182.43
10057,22,3298,39,1,51.31
10058,22,3298,31,1,118.65
10059,324,3299,94,1,192.65
10060,422,3300,33,1,404.5
10061,422,3300,34,1,269.1
10062,422,3300,38,1,325.54
10063,171,3301,48,1,377.48
10064,171,3301,42,1,162.27
10065,171,3301,50,1,103.84
10066,171,3301,46,1,121.09
10067,451,3302,99,2,185.24
10068,451,3302,146,1,323.76
10069,451,3302,25,1,958.76
10070,451,3302,26,1,547.5
10071,451,3302,28,1,207.71
10072,451,3302,29,2,137.26
10073,64,3303,71,1,241.15
10074,487,3304,70,2,1076.29
10075,430,3305,32,1,182.43
10076,430,3305,37,1,113.29
10077,430,3305,110,1,228.23
10078,430,3305,39,2,51.31
10079,127,3306,42,1,162.27
10080,127,3306,138,1,2075.88
10081,127,3306,46,1,121.09
10082,127,3306,50,1,103.84
10083,127,3306,127,2,209.71
10084,143,3307,2,1,6856.93
10085,143,3307,3,1,182.88
10086,143,3307,6,1,2618.75
10087,143,3307,9,1,864.52
10088,143,3307,73,2,249.37
10089,143,3307,51,1,66.67
10090,80,3308,25,1,958.76
10091,80,3308,26,1,547.5
10092,80,3308,29,1,137.26
10093,365,3309,96,2,2249.21
10094,365,3309,199,1,107.47
10095,365,3309,51,1,66.67
10096,365,3309,53,1,95.99
10097,365,3309,54,2,131.19
10098,365,3309,56,1,327.69
10099,492,3310,42,1,162.27
10100,492,3310,77,1,193.57
10101,492,3310,46,1,121.09
10102,492,3310,50,1,103.84
10103,492,3310,191,1,2178.66
10104,184,3311,22,1,2057.09
10105,297,3312,32,1,182.43
10106,297,3312,37,1,113.29
10107,297,3312,102,1,1982.66
10108,349,3313,88,1,398.34
10109,349,3313,25,1,958.76
10110,349,3313,26,1,547.5
10111,9,3314,160,2,298.73
10112,9,3314,199,1,107.47
10113,447,3315,9,1,864.52
10114,447,3315,2,1,6856.93
10115,447,3315,145,1,165.87
10116,447,3315,193,1,256.05
10117,494,3316,153,1,564.14
10118,494,3316,34,1,269.1
10119,494,3316,35,1,790.82
10120,494,3316,90,1,2115.26
10121,66,3317,34,1,269.1
10122,66,3317,35,1,790.82
10123,66,3317,38,1,325.54
10124,66,3317,114,1,246.79
10125,66,3317,119,1,1350.85
10126,398,3318,33,1,404.5
10127,398,3318,34,1,269.1
10128,185,3319,56,2,327.69
10129,185,3319,73,1,249.37
10130,185,3319,51,1,66.67
10131,185,3319,53,1,95.99
10132,359,3320,66,1,234.31
10133,475,3321,168,1,126.51
10134,475,3321,50,2,103.84
10135,475,3321,142,1,243.55
10136,475,3321,46,1,121.09
10137,38,3322,48,2,377.48
10138,38,3322,51,1,66.67
10139,38,3322,179,1,148.28
10140,446,3323,152,1,92.66
10141,446,3323,34,1,269.1
10142,97,3324,72,1,295.83
10143,96,3325,147,1,4075.22
10144,96,3325,197,2,1440.46
10145,401,3326,200,1,284.58
10146,134,3327,9,1,864.52
10147,189,3328,65,1,586.82
10148,189,3328,95,1,217.5
10149,478,3329,41,2,708.68
10150,342,3330,84,1,98.36
10151,342,3330,78,1,637.27
10152,148,3331,32,1,182.43
10153,148,3331,70,1,1076.29
10154,419,3332,32,1,182.43
10155,419,3332,37,1,113.29
10156,419,3332,39,2,51.31
10157,419,3332,74,1,132.13
10158,419,3332,31,1,118.65
10159,329,3333,40,1,36.51
10160,329,3333,29,1,137.26
10161,82,3334,162,1,2324.66
10162,82,3334,2,1,6856.93
10163,82,3334,3,1,182.88
10164,82,3334,9,1,864.52
10165,82,3334,111,1,453.66
10166,96,3335,128,1,664.23
10167,96,3335,159,2,132.33
10168,434,3336,51,1,66.67
10169,434,3336,54,1,131.19
10170,416,3337,1,1,5429.43
10171,416,3337,10,1,96.42
10172,324,3338,124,1,4869.43
10173,324,3338,116,2,136.01
10174,188,3339,25,1,958.76
10175,149,3340,181,1,353.61
10176,149,3340,127,1,209.71
10177,53,3341,104,2,146.34
10178,164,3342,33,1,404.5
10179,164,3342,34,2,269.1
10180,164,3342,115,1,131.51
10181,164,3342,38,1,325.54
10182,315,3343,115,1,131.51
10183,113,3344,1,1,5429.43
10184,113,3344,3,1,182.88
10185,226,3345,192,1,105.53
10186,226,3345,53,1,95.99
10187,3,3346,1,1,5429.43
10188,3,3346,4,2,1045.02
10189,3,3346,13,1,342.07
10190,107,3347,9,1,864.52
10191,107,3347,2,1,6856.93
10192,107,3347,93,1,304.48
10193,107,3347,6,1,2618.75
10194,334,3348,2,1,6856.93
10195,334,3348,194,1,582.97
10196,334,3348,6,1,2618.75
10197,334,3348,9,1,864.52
10198,334,3348,151,1,71.91
10199,81,3349,92,1,182.48
10200,208,3350,48,1,377.48
10201,208,3350,173,1,426.85
10202,208,3350,47,1,691.19
10203,165,3351,97,1,1968.21
10204,165,3351,61,1,1462.89
10205,98,3352,162,1,2324.66
10206,98,3352,42,1,162.27
10207,98,3352,46,1,121.09
10208,98,3352,48,2,377.48
10209,98,3352,50,1,103.84
10210,98,3352,127,1,209.71
10211,124,3353,107,1,5057.62
10212,113,3354,41,1,708.68
10213,113,3354,42,1,162.27
10214,113,3354,47,1,691.19
10215,113,3354,48,1,377.48
10216,113,3354,148,1,658.67
10217,312,3355,162,1,2324.66
10218,312,3355,42,1,162.27
10219,316,3356,38,1,325.54
10220,125,3357,41,1,708.68
10221,125,3357,42,1,162.27
10222,125,3357,47,1,691.19
10223,125,3357,48,2,377.48
10224,125,3357,159,1,132.33
10225,271,3358,56,1,327.69
10226,271,3358,51,1,66.67
10227,271,3358,132,1,284.92
10228,113,3359,48,2,377.48
10229,113,3359,50,1,103.84
10230,113,3359,46,1,121.09
10231,349,3360,22,1,2057.09
10232,82,3361,163,1,417.18
10233,499,3362,159,1,132.33
10234,499,3362,143,1,602.95
10235,154,3363,11,2,73.96
10236,154,3363,111,1,453.66
10237,227,3364,99,1,185.24
10238,227,3364,9,2,864.52
10239,227,3364,2,1,6856.93
10240,227,3364,3,1,182.88
10241,357,3365,15,2,478.33
10242,357,3365,81,1,1613.84
10243,357,3365,51,1,66.67
10244,357,3365,54,1,131.19
10245,357,3365,56,1,327.69
10246,180,3366,69,1,5185.33
10247,180,3366,172,1,72.49
10248,180,3366,51,1,66.67
10249,180,3366,53,1,95.99
10250,180,3366,54,2,131.19
10251,180,3366,56,1,327.69
10252,187,3367,34,1,269.1
10253,187,3367,35,1,790.82
10254,187,3367,44,2,1768.56
10255,165,3368,42,1,162.27
10256,165,3368,50,1,103.84
10257,165,3368,46,1,121.09
10258,475,3369,83,1,584.83
10259,475,3369,130,2,3341.54
10260,475,3369,51,1,66.67
10261,475,3369,54,1,131.19
10262,207,3370,32,1,182.43
10263,207,3370,64,1,578.73
10264,207,3370,37,1,113.29
10265,207,3370,31,1,118.65
10266,207,3370,95,1,217.5
10267,46,3371,64,1,578.73
10268,46,3371,25,2,958.76
10269,162,3372,9,1,864.52
10270,162,3372,2,1,6856.93
10271,162,3372,6,1,2618.75
10272,62,3373,38,1,325.54
10273,131,3374,9,1,864.52
10274,131,3374,2,1,6856.93
10275,131,3374,3,1,182.88
10276,131,3374,6,1,2618.75
10277,280,3375,33,1,404.5
10278,280,3375,34,2,269.1
10279,280,3375,35,1,790.82
10280,280,3375,38,1,325.54
10281,425,3376,33,1,404.5
10282,425,3376,34,1,269.1
10283,425,3376,161,2,280.14
10284,425,3376,38,1,325.54
10285,363,3377,1,1,5429.43
10286,363,3377,4,1,1045.02
10287,363,3377,103,1,398.87
10288,363,3377,104,1,146.34
10289,363,3377,10,1,96.42
10290,407,3378,51,1,66.67
10291,407,3378,53,1,95.99
10292,407,3378,54,1,131.19
10293,100,3379,73,1,249.37
10294,438,3380,136,1,1233.09
10295,438,3380,92,1,182.48
10296,204,3381,42,1,162.27
10297,204,3381,50,1,103.84
10298,204,3381,46,1,121.09
10299,160,3382,36,1,703.99
10300,153,3383,153,1,564.14
10301,153,3383,33,1,404.5
10302,153,3383,34,1,269.1
10303,153,3383,35,1,790.82
10304,184,3384,51,1,66.67
10305,184,3384,54,1,131.19
10306,354,3385,1,1,5429.43
10307,354,3385,10,1,96.42
10308,354,3385,4,1,1045.02
10309,70,3386,2,2,6856.93
10310,70,3386,83,1,584.83
10311,411,3387,112,1,2651.9
10312,411,3387,141,1,449.82
10313,259,3388,130,1,3341.54
10314,259,3388,76,1,110.25
10315,154,3389,32,1,182.43
10316,154,3389,55,1,41.52
10317,154,3389,37,1,113.29
10318,154,3389,165,1,867.11
10319,182,3390,9,1,864.52
10320,182,3390,2,2,6856.93
10321,182,3390,84,1,98.36
10322,182,3390,6,2,2618.75
10323,375,3391,2,1,6856.93
10324,375,3391,3,1,182.88
10325,375,3391,4,1,1045.02
10326,375,3391,6,1,2618.75
10327,375,3391,9,1,864.52
10328,375,3391,27,2,1128.13
10329,454,3392,175,1,152.85
10330,423,3393,2,2,6856.93
10331,423,3393,3,1,182.88
10332,423,3393,6,1,2618.75
10333,423,3393,9,1,864.52
10334,423,3393,44,2,1768.56
10335,423,3393,157,1,278.2
10336,4,3394,155,1,298.62
10337,4,3394,84,1,98.36
10338,10,3395,79,1,421.1
10339,494,3396,32,1,182.43
10340,494,3396,33,1,404.5
10341,494,3396,39,1,51.31
10342,494,3396,72,2,295.83
10343,494,3396,31,1,118.65
10344,48,3397,81,1,1613.84
10345,48,3397,75,1,670.09
10346,58,3398,115,1,131.51
10347,138,3399,167,1,104.4
10348,138,3399,41,2,708.68
10349,138,3399,42,1,162.27
10350,138,3399,47,1,691.19
10351,138,3399,48,1,377.48
10352,138,3399,180,1,279.71
10353,55,3400,1,1,5429.43
10354,55,3400,2,1,6856.93
10355,55,3400,3,1,182.88
10356,55,3400,6,1,2618.75
10357,55,3400,9,1,864.52
10358,55,3400,91,1,978.27
10359,417,3401,132,2,284.92
10360,417,3401,86,1,336.99
10361,372,3402,25,1,958.76
10362,372,3402,66,1,234.31
10363,372,3402,28,1,207.71
10364,179,3403,58,1,143.75
10365,179,3403,61,1,1462.89
10366,243,3404,194,1,582.97
10367,243,3404,42,1,162.27
10368,243,3404,50,1,103.84
10369,243,3404,46,1,121.09
10370,50,3405,195,1,411.6
10371,377,3406,34,1,269.1
10372,377,3406,38,1,325.54
10373,106,3407,32,1,182.43
10374,106,3407,170,1,810.36
10375,106,3407,39,1,51.31
10376,469,3408,1,1,5429.43
10377,469,3408,3,1,182.88
10378,469,3408,4,1,1045.02
10379,469,3408,110,1,228.23
10380,469,3408,159,2,132.33
10381,316,3409,33,1,404.5
10382,316,3409,34,1,269.1
10383,316,3409,38,1,325.54
10384,340,3410,64,2,578.73
10385,340,3410,2,1,6856.93
10386,340,3410,3,1,182.88
10387,340,3410,6,1,2618.75
10388,337,3411,56,1,327.69
10389,337,3411,51,1,66.67
10390,337,3411,54,1,131.19
10391,381,3412,25,1,958.76
10392,381,3412,26,1,547.5
10393,381,3412,58,1,143.75
10394,381,3412,29,1,137.26
10395,123,3413,177,1,3544.65
10396,123,3413,138,2,2075.88
10397,148,3414,143,1,602.95
10398,478,3415,138,2,2075.88
10399,478,3415,7,2,2063.12
10400,20,3416,48,1,377.48
10401,20,3416,50,1,103.84
10402,20,3416,46,1,121.09
10403,247,3417,1,1,5429.43
10404,247,3417,3,1,182.88
10405,247,3417,4,1,1045.02
10406,281,3418,56,1,327.69
10407,281,3418,99,1,185.24
10408,281,3418,51,1,66.67
10409,494,3419,56,1,327.69
10410,494,3419,51,1,66.67
10411,494,3419,53,2,95.99
10412,494,3419,54,1,131.19
10413,277,3420,33,1,404.5
10414,277,3420,34,2,269.1
10415,277,3420,35,1,790.82
10416,40,3421,9,1,864.52
10417,114,3422,51,1,66.67
10418,114,3422,53,1,95.99
10419,114,3422,54,1,131.19
10420,51,3423,128,1,664.23
10421,51,3423,101,1,241.26
10422,355,3424,33,1,404.5
10423,355,3424,34,1,269.1
10424,355,3424,38,1,325.54
10425,239,3425,25,1,958.76
10426,239,3425,28,1,207.71
10427,239,3425,29,2,137.26
10428,239,3425,181,1,353.61
10429,290,3426,140,1,61.32
10430,181,3427,2,1,6856.93
10431,181,3427,3,1,182.88
10432,181,3427,6,1,2618.75
10433,181,3427,78,2,637.27
10434,181,3427,22,1,2057.09
10435,26,3428,2,1,6856.93
10436,26,3428,3,1,182.88
10437,26,3428,6,1,2618.75
10438,26,3428,9,1,864.52
10439,26,3428,159,1,132.33
10440,460,3429,118,1,175.91
10441,59,3430,162,1,2324.66
10442,277,3431,9,1,864.52
10443,277,3431,2,1,6856.93
10444,277,3431,6,1,2618.75
10445,277,3431,146,1,323.76
10446,483,3432,86,1,336.99
10447,483,3432,198,1,440.15
10448,416,3433,9,1,864.52
10449,416,3433,2,1,6856.93
10450,416,3433,3,1,182.88
10451,416,3433,98,1,449.02
10452,60,3434,2,1,6856.93
10453,60,3434,3,1,182.88
10454,60,3434,6,1,2618.75
10455,60,3434,9,1,864.52
10456,60,3434,176,1,1269.55
10457,60,3434,49,1,247.85
10458,289,3435,34,1,269.1
10459,289,3435,15,1,478.33
10460,266,3436,48,1,377.48
10461,266,3436,42,2,162.27
10462,266,3436,50,1,103.84
10463,266,3436,46,1,121.09
10464,403,3437,42,1,162.27
10465,403,3437,142,1,243.55
10466,403,3437,46,2,121.09
10467,403,3437,48,1,377.48
10468,403,3437,95,1,217.5
10469,377,3438,48,1,377.48
10470,377,3438,42,2,162.27
10471,377,3438,47,1,691.19
10472,181,3439,85,1,1742.75
10473,290,3440,156,1,131.66
10474,172,3441,168,1,126.51
10475,245,3442,32,1,182.43
10476,245,3442,37,1,113.29
10477,245,3442,39,1,51.31
10478,245,3442,91,1,978.27
10479,245,3442,31,1,118.65
10480,77,3443,28,1,207.71
10481,117,3444,65,2,586.82
10482,117,3444,169,1,452.68
10483,117,3444,2,1,6856.93
10484,117,3444,6,1,2618.75
10485,217,3445,137,1,593.31
10486,217,3445,15,1,478.33
10487,488,3446,69,2,5185.33
10488,488,3446,71,1,241.15
10489,488,3446,51,1,66.67
10490,488,3446,54,2,131.19
10491,488,3446,56,1,327.69
10492,132,3447,2,2,6856.93
10493,132,3447,3,1,182.88
10494,132,3447,6,1,2618.75
10495,132,3447,72,2,295.83
10496,132,3447,9,1,864.52
10497,132,3447,89,1,73.16
10498,228,3448,14,2,687.06
10499,54,3449,3,1,182.88
10500,54,3449,51,1,66.67
10501,54,3449,53,1,95.99
10502,54,3449,54,1,131.19
10503,54,3449,56,1,327.69
10504,454,3450,1,1,5429.43
10505,454,3450,10,1,96.42
10506,454,3450,3,1,182.88
10507,443,3451,1,1,5429.43
10508,443,3451,33,1,404.5
10509,443,3451,4,1,1045.02
10510,443,3451,10,1,96.42
10511,443,3451,56,2,327.69
10512,163,3452,1,1,5429.43
10513,163,3452,3,1,182.88
10514,163,3452,4,1,1045.02
10515,163,3452,170,1,810.36
10516,163,3452,151,1,71.91
10517,321,3453,94,1,192.65
10518,321,3453,142,1,243.55
10519,238,3454,1,1,5429.43
10520,238,3454,3,2,182.88
10521,238,3454,199,1,107.47
10522,80,3455,32,1,182.43
10523,80,3455,39,1,51.31
10524,499,3456,104,1,146.34
10525,499,3456,78,1,637.27
10526,499,3456,50,1,103.84
10527,499,3456,46,1,121.09
10528,284,3457,127,2,209.71
10529,207,3458,145,1,165.87
10530,207,3458,79,1,421.1
10531,390,3459,9,1,864.52
10532,390,3459,2,1,6856.93
10533,390,3459,35,1,790.82
10534,390,3459,6,1,2618.75
10535,500,3460,64,1,578.73
10536,500,3460,177,1,3544.65
10537,447,3461,186,1,109.52
10538,447,3461,50,1,103.84
10539,447,3461,187,1,521.01
10540,447,3461,46,1,121.09
10541,33,3462,48,1,377.48
10542,33,3462,50,1,103.84
10543,33,3462,190,1,615.39
10544,33,3462,46,1,121.09
10545,69,3463,1,1,5429.43
10546,69,3463,10,2,96.42
10547,69,3463,4,1,1045.02
10548,150,3464,56,1,327.69
10549,150,3464,51,1,66.67
10550,150,3464,147,1,4075.22
10551,150,3464,54,1,131.19
10552,109,3465,2,1,6856.93
10553,456,3466,155,1,298.62
10554,22,3467,26,1,547.5
10555,22,3467,79,1,421.1
10556,166,3468,8,1,338.12
10557,166,3468,9,1,864.52
10558,166,3468,2,1,6856.93
10559,166,3468,6,1,2618.75
10560,317,3469,58,1,143.75
10561,339,3470,25,2,958.76
10562,339,3470,26,1,547.5
10563,339,3470,29,1,137.26
10564,357,3471,9,1,864.52
10565,357,3471,2,1,6856.93
10566,357,3471,3,1,182.88
10567,357,3471,6,1,2618.75
10568,346,3472,25,1,958.76
10569,346,3472,26,1,547.5
10570,1,3473,17,2,281.04
10571,1,3473,52,1,108.37
10572,196,3474,51,1,66.67
10573,196,3474,181,1,353.61
10574,241,3475,34,2,269.1
10575,391,3476,56,1,327.69
10576,391,3476,51,2,66.67
10577,391,3476,53,1,95.99
10578,391,3476,54,1,131.19
10579,64,3477,10,1,96.42
10580,64,3477,174,1,886.97
10581,1,3478,161,1,280.14
10582,1,3478,52,1,108.37
10583,216,3479,2,1,6856.93
10584,216,3479,3,2,182.88
10585,216,3479,6,1,2618.75
10586,216,3479,9,1,864.52
10587,216,3479,179,1,148.28
10588,484,3480,192,1,105.53
10589,484,3480,155,1,298.62
10590,418,3481,134,1,3215.18
10591,418,3481,9,1,864.52
10592,418,3481,51,1,66.67
10593,418,3481,54,1,131.19
10594,418,3481,56,2,327.69
10595,160,3482,34,1,269.1
10596,160,3482,75,2,670.09
10597,364,3483,2,1,6856.93
10598,364,3483,3,1,182.88
10599,364,3483,6,1,2618.75
10600,364,3483,9,1,864.52
10601,364,3483,183,2,171.04
10602,364,3483,155,1,298.62
10603,288,3484,33,1,404.5
10604,288,3484,34,1,269.1
10605,288,3484,35,1,790.82
10606,288,3484,38,1,325.54
10607,212,3485,56,1,327.69
10608,212,3485,169,2,452.68
10609,212,3485,51,1,66.67
10610,221,3486,51,2,66.67
10611,221,3486,53,1,95.99
10612,221,3486,54,1,131.19
10613,496,3487,107,1,5057.62
10614,496,3487,171,1,100.57
10615,151,3488,33,1,404.5
10616,191,3489,32,1,182.43
10617,191,3489,1,1,5429.43
10618,191,3489,3,1,182.88
10619,191,3489,4,1,1045.02
10620,191,3489,10,1,96.42
10621,191,3489,143,1,602.95
10622,90,3490,51,1,66.67
10623,90,3490,53,1,95.99
10624,90,3490,54,1,131.19
10625,90,3490,56,1,327.69
10626,90,3490,25,1,958.76
10627,466,3491,142,2,243.55
10628,466,3491,199,1,107.47
10629,413,3492,124,1,4869.43
10630,364,3493,192,1,105.53
10631,364,3493,41,1,708.68
10632,364,3493,47,2,691.19
10633,214,3494,77,1,193.57
10634,457,3495,34,1,269.1
10635,457,3495,135,2,248.61
10636,457,3495,41,1,708.68
10637,457,3495,42,1,162.27
10638,457,3495,47,1,691.19
10639,457,3495,48,1,377.48
10640,119,3496,76,1,110.25
10641,119,3496,6,1,2618.75
10642,392,3497,17,1,281.04
10643,392,3497,46,1,121.09
10644,262,3498,101,1,241.26
10645,262,3498,38,1,325.54
10646,47,3499,113,1,61.24
10647,47,3499,51,1,66.67
10648,47,3499,53,1,95.99
10649,47,3499,54,1,131.19
10650,47,3499,56,1,327.69
10651,47,3499,123,1,140.92
10652,433,3500,48,1,377.48
10653,433,3500,25,1,958.76
10654,433,3500,98,1,449.02
10655,409,3501,99,1,185.24
10656,409,3501,85,1,1742.75
10657,486,3502,2,1,6856.93
10658,486,3502,3,2,182.88
10659,486,3502,6,1,2618.75
10660,486,3502,9,1,864.52
10661,486,3502,185,1,329.38
10662,481,3503,31,1,118.65
10663,292,3504,21,1,2953.99
10664,81,3505,2,1,6856.93
10665,81,3505,3,1,182.88
10666,81,3505,6,1,2618.75
10667,81,3505,135,1,248.61
10668,81,3505,9,1,864.52
10669,481,3506,51,2,66.67
10670,481,3506,53,1,95.99
10671,481,3506,54,1,131.19
10672,481,3506,195,1,411.6
10673,253,3507,49,1,247.85
10674,253,3507,2,1,6856.93
10675,405,3508,41,1,708.68
10676,405,3508,25,1,958.76
10677,405,3508,26,2,547.5
10678,405,3508,28,2,207.71
10679,405,3508,29,2,137.26
10680,386,3509,7,1,2063.12
10681,468,3510,128,1,664.23
10682,468,3510,42,1,162.27
10683,468,3510,46,1,121.09
10684,468,3510,48,1,377.48
10685,468,3510,50,1,103.84
10686,290,3511,74,1,132.13
10687,251,3512,20,1,600.91
10688,251,3512,183,1,171.04
10689,429,3513,172,1,72.49
10690,328,3514,1,1,5429.43
10691,328,3514,3,1,182.88
10692,328,3514,4,1,1045.02
10693,328,3514,132,1,284.92
10694,328,3514,72,1,295.83
10695,328,3514,10,1,96.42
10696,73,3515,34,1,269.1
10697,73,3515,35,1,790.82
10698,73,3515,38,1,325.54
10699,134,3516,2,1,6856.93
10700,134,3516,3,1,182.88
10701,134,3516,6,1,2618.75
10702,134,3516,9,2,864.52
10703,134,3516,77,1,193.57
10704,134,3516,91,1,978.27
10705,438,3517,33,2,404.5
10706,438,3517,34,1,269.1
10707,438,3517,35,1,790.82
10708,438,3517,38,1,325.54
10709,438,3517,48,1,377.48
10710,438,3517,54,1,131.19
10711,266,3518,33,1,404.5
10712,266,3518,38,1,325.54
10713,269,3519,34,1,269.1
10714,269,3519,126,2,224.49
10715,269,3519,42,1,162.27
10716,269,3519,38,1,325.54
10717,488,3520,81,1,1613.84
10718,488,3520,143,1,602.95
10719,297,3521,42,1,162.27
10720,297,3521,46,1,121.09
10721,297,3521,48,1,377.48
10722,297,3521,50,1,103.84
10723,297,3521,156,1,131.66
10724,360,3522,162,1,2324.66
10725,360,3522,42,1,162.27
10726,360,3522,46,1,121.09
10727,438,3523,25,1,958.76
10728,438,3523,26,1,547.5
10729,438,3523,29,1,137.26
10730,438,3523,38,1,325.54
10731,450,3524,106,1,449.77
10732,139,3525,114,1,246.79
10733,171,3526,55,1,41.52
10734,181,3527,34,2,269.1
10735,181,3527,35,1,790.82
10736,181,3527,38,1,325.54
10737,181,3527,6,1,2618.75
10738,181,3527,184,1,617.48
10739,315,3528,177,1,3544.65
10740,315,3528,165,1,867.11
10741,315,3529,2,1,6856.93
10742,315,3529,3,1,182.88
10743,315,3529,6,1,2618.75
10744,315,3529,9,1,864.52
10745,315,3529,44,1,1768.56
10746,194,3530,11,1,73.96
10747,194,3530,80,1,996.58
10748,194,3530,25,1,958.76
10749,194,3530,26,1,547.5
10750,194,3530,28,1,207.71
10751,28,3531,177,1,3544.65
10752,28,3531,2,1,6856.93
10753,28,3531,3,1,182.88
10754,28,3531,6,1,2618.75
10755,118,3532,200,1,284.58
10756,118,3532,25,1,958.76
10757,118,3532,26,1,547.5
10758,118,3532,28,1,207.71
10759,118,3532,94,1,192.65
10760,137,3533,25,1,958.76
10761,137,3533,26,1,547.5
10762,137,3533,28,1,207.71
10763,137,3533,29,1,137.26
10764,239,3534,41,1,708.68
10765,239,3534,42,1,162.27
10766,239,3534,170,1,810.36
10767,239,3534,141,1,449.82
10768,239,3534,47,1,691.19
10769,239,3534,48,1,377.48
10770,316,3535,1,1,5429.43
10771,316,3535,3,1,182.88
10772,316,3535,10,1,96.42
10773,316,3535,15,1,478.33
10774,316,3535,145,1,165.87
10775,284,3536,2,1,6856.93
10776,284,3536,3,1,182.88
10777,284,3536,6,1,2618.75
10778,333,3537,96,1,2249.21
10779,415,3538,51,1,66.67
10780,415,3538,53,1,95.99
10781,219,3539,160,1,298.73
10782,219,3539,100,1,418.81
10783,452,3540,10,1,96.42
10784,452,3540,198,1,440.15
10785,480,3541,2,1,6856.93
10786,480,3541,3,1,182.88
10787,480,3541,6,1,2618.75
10788,480,3541,9,1,864.52
10789,480,3541,153,1,564.14
10790,30,3542,48,1,377.48
10791,30,3542,41,1,708.68
10792,30,3542,12,1,378.07
10793,30,3542,47,1,691.19
10794,17,3543,9,1,864.52
10795,17,3543,2,1,6856.93
10796,17,3543,6,1,2618.75
10797,17,3543,113,1,61.24
10798,275,3544,48,1,377.48
10799,275,3544,41,1,708.68
10800,275,3544,42,1,162.27
10801,275,3544,47,2,691.19
10802,6,3545,42,1,162.27
10803,6,3545,46,1,121.09
10804,6,3545,48,1,377.48
10805,6,3545,50,1,103.84
10806,6,3545,91,1,978.27
10807,32,3546,157,1,278.2
10808,460,3547,72,1,295.83
10809,460,3547,34,1,269.1
10810,460,3547,35,1,790.82
10811,460,3547,38,1,325.54
10812,79,3548,25,1,958.76
10813,79,3548,26,1,547.5
10814,79,3548,161,1,280.14
10815,79,3548,28,1,207.71
10816,174,3549,130,1,3341.54
10817,174,3549,41,1,708.68
10818,174,3549,42,2,162.27
10819,174,3549,47,1,691.19
10820,174,3549,48,1,377.48
10821,174,3549,189,1,46.18
10822,205,3550,2,2,6856.93
10823,205,3550,130,1,3341.54
10824,205,3550,6,1,2618.75
10825,205,3550,9,1,864.52
10826,205,3550,172,1,72.49
10827,48,3551,48,1,377.48
10828,48,3551,42,1,162.27
10829,48,3551,128,1,664.23
10830,48,3551,46,1,121.09
10831,375,3552,192,1,105.53
10832,375,3552,102,1,1982.66
10833,28,3553,25,1,958.76
10834,28,3553,26,1,547.5
10835,28,3553,166,1,184.75
10836,28,3553,143,1,602.95
10837,105,3554,101,1,241.26
10838,105,3554,38,1,325.54
10839,12,3555,135,1,248.61
10840,95,3556,13,2,342.07
10841,106,3557,25,1,958.76
10842,106,3557,29,1,137.26
10843,433,3558,34,1,269.1
10844,255,3559,61,1,1462.89
10845,255,3559,197,1,1440.46
10846,143,3560,33,1,404.5
10847,143,3560,34,1,269.1
10848,143,3560,35,1,790.82
10849,143,3560,68,1,1081.84
10850,374,3561,141,1,449.82
10851,374,3561,167,1,104.4
10852,101,3562,69,1,5185.33
10853,101,3562,45,1,207.67
10854,233,3563,128,1,664.23
10855,233,3563,25,1,958.76
10856,233,3563,126,1,224.49
10857,395,3564,126,1,224.49
10858,245,3565,194,1,582.97
10859,443,3566,1,1,5429.43
10860,443,3566,10,1,96.42
10861,443,3566,3,1,182.88
10862,443,3566,4,1,1045.02
10863,440,3567,190,1,615.39
10864,481,3568,33,1,404.5
10865,481,3568,34,1,269.1
10866,481,3568,38,1,325.54
10867,126,3569,163,1,417.18
10868,126,3569,38,1,325.54
10869,472,3570,138,1,2075.88
10870,71,3571,112,2,2651.9
10871,71,3571,1,1,5429.43
10872,71,3571,34,2,269.1
10873,8,3572,48,2,377.48
10874,8,3572,42,1,162.27
10875,8,3572,47,1,691.19
10876,382,3573,100,1,418.81
10877,344,3574,99,1,185.24
10878,344,3574,183,1,171.04
10879,179,3575,174,1,886.97
10880,137,3576,48,1,377.48
10881,137,3576,41,2,708.68
10882,137,3576,119,1,1350.85
10883,137,3576,47,1,691.19
10884,279,3577,48,1,377.48
10885,279,3577,50,1,103.84
10886,279,3577,46,1,121.09
10887,279,3577,87,1,281.44
10888,121,3578,25,1,958.76
10889,121,3578,26,1,547.5
10890,121,3578,29,1,137.26
10891,121,3578,130,1,3341.54
10892,158,3579,51,1,66.67
10893,158,3579,53,1,95.99
10894,158,3579,54,1,131.19
10895,158,3579,56,1,327.69
10896,158,3579,153,1,564.14
10897,158,3579,155,1,298.62
10898,250,3580,33,1,404.5
10899,250,3580,34,1,269.1
10900,250,3580,35,1,790.82
10901,250,3580,38,1,325.54
10902,365,3581,82,1,482.06
10903,52,3582,56,1,327.69
10904,52,3582,40,1,36.51
10905,52,3582,51,1,66.67
10906,52,3582,54,1,131.19
10907,314,3583,176,1,1269.55
10908,239,3584,48,1,377.48
10909,239,3584,42,1,162.27
10910,239,3584,50,1,103.84
10911,239,3584,46,1,121.09
10912,101,3585,93,1,304.48
10913,476,3586,77,1,193.57
10914,139,3587,176,1,1269.55
10915,267,3588,2,2,6856.93
10916,267,3588,3,1,182.88
10917,267,3588,6,1,2618.75
10918,251,3589,2,1,6856.93
10919,251,3589,3,1,182.88
10920,251,3589,131,1,457.64
10921,251,3589,6,1,2618.75
10922,315,3590,48,1,377.48
10923,315,3590,41,1,708.68
10924,315,3590,42,1,162.27
10925,315,3590,47,1,691.19
10926,187,3591,85,1,1742.75
10927,187,3591,197,1,1440.46
10928,426,3592,135,2,248.61
10929,426,3592,42,1,162.27
10930,426,3592,46,1,121.09
10931,426,3592,48,1,377.48
10932,426,3592,50,1,103.84
10933,160,3593,32,1,182.43
10934,160,3593,37,1,113.29
10935,160,3593,31,1,118.65
10936,375,3594,42,1,162.27
10937,375,3594,12,1,378.07
10938,375,3594,25,2,958.76
10939,375,3594,26,1,547.5
10940,375,3594,28,1,207.71
10941,375,3594,29,1,137.26
10942,176,3595,1,1,5429.43
10943,176,3595,3,1,182.88
10944,117,3596,32,1,182.43
10945,117,3596,39,1,51.31
10946,117,3596,37,1,113.29
10947,117,3596,31,1,118.65
10948,322,3597,14,1,687.06
10949,322,3597,157,1,278.2
10950,322,3597,25,1,958.76
10951,322,3597,26,1,547.5
10952,322,3597,28,1,207.71
10953,322,3597,29,1,137.26
10954,54,3598,48,2,377.48
10955,54,3598,42,2,162.27
10956,54,3598,50,1,103.84
10957,54,3598,46,1,121.09
10958,440,3599,35,1,790.82
10959,246,3600,32,1,182.43
10960,246,3600,39,1,51.31
10961,246,3600,31,1,118.65
10962,108,3601,152,1,92.66
10963,108,3601,87,1,281.44
10964,478,3602,41,1,708.68
10965,478,3602,42,1,162.27
10966,478,3602,173,1,426.85
10967,478,3602,47,1,691.19
10968,42,3603,1,1,5429.43
10969,42,3603,3,1,182.88
10970,42,3603,4,1,1045.02
10971,41,3604,131,1,457.64
10972,41,3604,51,1,66.67
10973,41,3604,83,1,584.83
10974,41,3604,53,1,95.99
10975,41,3604,54,1,131.19
10976,41,3604,56,1,327.69
10977,399,3605,136,2,1233.09
10978,399,3605,131,1,457.64
10979,101,3606,65,1,586.82
10980,101,3606,185,1,329.38
10981,450,3607,96,1,2249.21
10982,450,3607,1,1,5429.43
10983,450,3607,10,1,96.42
10984,450,3607,3,1,182.88
10985,260,3608,52,1,108.37
10986,77,3609,42,1,162.27
10987,77,3609,50,1,103.84
10988,77,3609,46,1,121.09
10989,42,3610,77,1,193.57
10990,189,3611,105,1,250.27
10991,126,3612,42,1,162.27
10992,126,3612,46,1,121.09
10993,126,3612,48,1,377.48
10994,126,3612,50,1,103.84
10995,126,3612,117,1,159.84
10996,126,3612,59,1,88.07
10997,349,3613,9,1,864.52
10998,349,3613,2,1,6856.93
10999,349,3613,3,2,182.88
11000,349,3613,6,1,2618.75
11001,85,3614,1,1,5429.43
11002,85,3614,3,1,182.88
11003,85,3614,4,1,1045.02
11004,85,3614,93,1,304.48
11005,449,3615,165,1,867.11
11006,449,3615,150,1,244.37
11007,199,3616,42,1,162.27
11008,199,3616,28,1,207.71
11009,199,3616,47,1,691.19
11010,228,3617,38,1,325.54
11011,65,3618,41,1,708.68
11012,65,3618,132,1,284.92
11013,65,3618,62,1,122.09
11014,65,3618,47,1,691.19
11015,61,3619,161,1,280.14
11016,61,3619,124,1,4869.43
11017,348,3620,9,1,864.52
11018,348,3620,2,1,6856.93
11019,348,3620,3,1,182.88
11020,23,3621,1,1,5429.43
11021,23,3621,100,1,418.81
11022,23,3621,42,1,162.27
11023,23,3621,46,2,121.09
11024,23,3621,50,1,103.84
11025,350,3622,25,1,958.76
11026,350,3622,26,1,547.5
11027,350,3622,29,1,137.26
11028,450,3623,154,1,3786.85
11029,457,3624,137,1,593.31
11030,457,3624,43,1,1574.27
11031,82,3625,82,1,482.06
11032,82,3625,53,1,95.99
11033,342,3626,109,1,44.98
11034,283,3627,41,1,708.68
11035,283,3627,42,1,162.27
11036,283,3627,47,1,691.19
11037,454,3628,41,1,708.68
11038,454,3628,42,1,162.27
11039,454,3628,47,1,691.19
11040,448,3629,24,1,362.63
11041,448,3629,172,1,72.49
11042,260,3630,59,1,88.07
11043,260,3630,70,1,1076.29
11044,113,3631,42,1,162.27
11045,113,3631,142,1,243.55
11046,113,3631,46,1,121.09
11047,113,3631,48,2,377.48
11048,113,3631,50,1,103.84
11049,58,3632,27,1,1128.13
11050,58,3632,79,1,421.1
11051,141,3633,20,1,600.91
11052,141,3633,181,1,353.61
11053,82,3634,1,1,5429.43
11054,82,3634,10,2,96.42
11055,82,3634,3,1,182.88
11056,82,3634,17,1,281.04
11057,295,3635,163,1,417.18
11058,295,3635,42,2,162.27
11059,295,3635,46,1,121.09
11060,295,3635,48,1,377.48
11061,295,3635,50,1,103.84
11062,374,3636,113,2,61.24
11063,374,3636,22,2,2057.09
11064,304,3637,32,1,182.43
11065,304,3637,135,1,248.61
11066,304,3637,31,1,118.65
11067,162,3638,97,1,1968.21
11068,162,3638,2,1,6856.93
11069,162,3638,3,1,182.88
11070,162,3638,6,1,2618.75
11071,213,3639,54,1,131.19
11072,7,3640,2,1,6856.93
11073,7,3640,3,1,182.88
11074,7,3640,6,1,2618.75
11075,7,3640,9,1,864.52
11076,7,3640,119,1,1350.85
11077,7,3640,60,1,325.99
11078,296,3641,76,1,110.25
11079,402,3642,178,1,3002.16
11080,158,3643,26,1,547.5
11081,222,3644,32,1,182.43
11082,222,3644,39,1,51.31
11083,222,3644,31,1,118.65
11084,378,3645,111,1,453.66
11085,473,3646,51,2,66.67
11086,473,3646,92,1,182.48
11087,473,3646,53,2,95.99
11088,473,3646,54,1,131.19
11089,179,3647,41,1,708.68
11090,179,3647,10,1,96.42
11091,179,3647,47,1,691.19
11092,179,3647,48,1,377.48
11093,179,3647,178,1,3002.16
11094,302,3648,137,1,593.31
11095,302,3648,93,1,304.48
11096,440,3649,85,1,1742.75
11097,440,3649,175,1,152.85
11098,26,3650,150,1,244.37
11099,225,3651,136,1,1233.09
11100,225,3651,51,1,66.67
11101,225,3651,53,2,95.99
11102,225,3651,54,1,131.19
11103,225,3651,159,1,132.33
11104,48,3652,1,1,5429.43
11105,48,3652,10,1,96.42
11106,48,3652,129,1,94.56
11107,48,3652,4,1,1045.02
11108,153,3653,200,1,284.58
11109,153,3653,170,1,810.36
11110,270,3654,32,1,182.43
11111,270,3654,37,1,113.29
11112,270,3654,39,2,51.31
11113,270,3654,176,1,1269.55
11114,270,3654,81,1,1613.84
11115,270,3654,31,1,118.65
11116,253,3655,161,1,280.14
11117,253,3655,1,1,5429.43
11118,253,3655,3,1,182.88
11119,253,3655,165,1,867.11
11120,253,3655,10,1,96.42
11121,415,3656,33,1,404.5
11122,415,3656,34,1,269.1
11123,415,3656,35,1,790.82
11124,415,3656,38,1,325.54
11125,415,3656,12,1,378.07
11126,12,3657,25,1,958.76
11127,12,3657,26,1,547.5
11128,12,3657,115,2,131.51
11129,12,3657,28,1,207.71
11130,245,3658,120,1,37.31
11131,245,3658,106,1,449.77
11132,19,3659,197,1,1440.46
11133,322,3660,25,1,958.76
11134,322,3660,28,1,207.71
11135,322,3660,29,1,137.26
11136,322,3660,95,1,217.5
11137,309,3661,32,1,182.43
11138,309,3661,37,1,113.29
11139,309,3661,142,2,243.55
11140,309,3661,39,1,51.31
11141,47,3662,149,1,652.63
11142,268,3663,51,1,66.67
11143,268,3663,175,1,152.85
11144,246,3664,136,1,1233.09
11145,389,3665,32,2,182.43
11146,389,3665,165,1,867.11
11147,389,3665,39,1,51.31
11148,389,3665,31,1,118.65
11149,492,3666,48,1,377.48
11150,492,3666,42,1,162.27
11151,492,3666,50,1,103.84
11152,492,3666,46,2,121.09
11153,17,3667,1,1,5429.43
11154,17,3667,3,1,182.88
11155,17,3667,4,1,1045.02
11156,17,3667,69,1,5185.33
11157,17,3667,10,1,96.42
11158,68,3668,96,1,2249.21
11159,68,3668,171,1,100.57
11160,129,3669,81,1,1613.84
11161,129,3669,58,1,143.75
11162,305,3670,124,1,4869.43
11163,305,3670,7,1,2063.12
11164,104,3671,32,1,182.43
11165,104,3671,187,1,521.01
11166,104,3671,37,1,113.29
11167,104,3671,31,2,118.65
11168,93,3672,148,1,658.67
11169,180,3673,145,1,165.87
11170,180,3673,50,1,103.84
11171,180,3673,46,1,121.09
11172,395,3674,17,1,281.04
11173,395,3674,42,1,162.27
11174,395,3674,46,1,121.09
11175,175,3675,136,1,1233.09
11176,175,3675,185,1,329.38
11177,346,3676,2,1,6856.93
11178,346,3676,3,1,182.88
11179,346,3676,6,1,2618.75
11180,346,3676,9,1,864.52
11181,346,3676,107,1,5057.62
11182,346,3676,187,1,521.01
11183,108,3677,1,1,5429.43
11184,108,3677,3,1,182.88
11185,108,3677,4,1,1045.02
11186,108,3677,111,1,453.66
11187,108,3677,95,2,217.5
11188,10,3678,56,1,327.69
11189,10,3678,51,1,66.67
11190,10,3678,53,1,95.99
11191,286,3679,189,1,46.18
11192,461,3680,25,1,958.76
11193,461,3680,26,2,547.5
11194,461,3680,28,2,207.71
11195,461,3680,29,2,137.26
11196,344,3681,2,2,6856.93
11197,344,3681,3,1,182.88
11198,344,3681,6,1,2618.75
11199,344,3681,9,1,864.52
11200,344,3681,16,1,680.77
11201,344,3681,30,1,583.67
11202,124,3682,32,1,182.43
11203,124,3682,24,1,362.63
11204,124,3682,101,2,241.26
11205,124,3682,37,1,113.29
11206,119,3683,1,1,5429.43
11207,119,3683,10,1,96.42
11208,119,3683,135,1,248.61
11209,479,3684,199,1,107.47
11210,479,3684,23,1,3803.84
11211,189,3685,30,1,583.67
11212,104,3686,142,1,243.55
11213,360,3687,9,2,864.52
11214,360,3687,180,1,279.71
11215,229,3688,107,1,5057.62
11216,229,3688,76,2,110.25
11217,197,3689,9,1,864.52
11218,197,3689,34,1,269.1
11219,197,3689,35,1,790.82
11220,268,3690,114,1,246.79
11221,268,3690,132,1,284.92
11222,293,3691,1,2,5429.43
11223,293,3691,58,1,143.75
11224,293,3691,3,1,182.88
11225,293,3691,164,1,297.97
11226,170,3692,24,2,362.63
11227,170,3692,41,1,708.68
11228,170,3692,42,1,162.27
11229,170,3692,47,1,691.19
11230,332,3693,193,1,256.05
11231,332,3693,84,2,98.36
11232,136,3694,86,1,336.99
11233,136,3694,51,1,66.67
11234,136,3694,53,1,95.99
11235,136,3694,54,2,131.19
11236,271,3695,25,1,958.76
11237,271,3695,26,1,547.5
11238,271,3695,155,1,298.62
11239,271,3695,29,1,137.26
11240,490,3696,49,1,247.85
11241,490,3696,145,1,165.87
11242,179,3697,167,1,104.4
11243,179,3697,41,1,708.68
11244,179,3697,47,1,691.19
11245,179,3697,48,1,377.48
11246,179,3697,81,1,1613.84
11247,222,3698,1,1,5429.43
11248,477,3699,112,1,2651.9
11249,477,3699,51,1,66.67
11250,477,3699,53,1,95.99
11251,477,3699,54,1,131.19
11252,477,3699,56,1,327.69
11253,433,3700,56,2,327.69
11254,433,3700,51,1,66.67
11255,346,3701,48,1,377.48
11256,346,3701,42,1,162.27
11257,346,3701,46,1,121.09
11258,346,3701,122,1,696.77
11259,281,3702,70,1,1076.29
11260,487,3703,34,1,269.1
11261,487,3703,35,1,790.82
11262,410,3704,1,1,5429.43
11263,410,3704,3,2,182.88
11264,410,3704,4,1,1045.02
11265,410,3704,10,1,96.42
11266,410,3704,125,2,208.91
11267,410,3704,190,1,615.39
11268,420,3705,192,1,105.53
11269,420,3705,50,1,103.84
11270,420,3705,46,1,121.09
11271,89,3706,33,1,404.5
11272,89,3706,34,1,269.1
11273,89,3706,35,1,790.82
11274,89,3706,38,1,325.54
11275,89,3706,138,1,2075.88
11276,89,3706,87,2,281.44
11277,415,3707,64,1,578.73
11278,415,3707,165,1,867.11
11279,334,3708,178,1,3002.16
11280,334,3708,150,1,244.37
11281,392,3709,178,1,3002.16
11282,197,3710,131,1,457.64
11283,472,3711,48,1,377.48
11284,472,3711,42,2,162.27
11285,472,3711,82,1,482.06
11286,472,3711,47,2,691.19
11287,252,3712,1,1,5429.43
11288,252,3712,10,1,96.42
11289,252,3712,45,1,207.67
11290,46,3713,10,1,96.42
11291,46,3713,107,2,5057.62
11292,446,3714,100,1,418.81
11293,135,3715,56,1,327.69
11294,135,3715,51,1,66.67
11295,135,3715,53,1,95.99
11296,135,3715,54,1,131.19
11297,128,3716,145,1,165.87
11298,128,3716,51,1,66.67
11299,128,3716,53,1,95.99
11300,128,3716,54,1,131.19
11301,128,3716,56,1,327.69
11302,167,3717,106,1,449.77
11303,167,3717,86,1,336.99
11304,300,3718,33,1,404.5
11305,300,3718,34,1,269.1
11306,300,3718,105,1,250.27
11307,300,3718,79,1,421.1
11308,162,3719,51,2,66.67
11309,162,3719,53,2,95.99
11310,162,3719,56,1,327.69
11311,162,3719,57,2,215.42
11312,162,3719,122,1,696.77
11313,18,3720,1,1,5429.43
11314,18,3720,10,1,96.42
11315,18,3720,123,1,140.92
11316,383,3721,32,1,182.43
11317,383,3721,1,1,5429.43
11318,383,3721,37,1,113.29
11319,383,3721,39,1,51.31
11320,383,3721,31,1,118.65
11321,462,3722,199,1,107.47
11322,48,3723,2,1,6856.93
11323,48,3723,27,1,1128.13
11324,48,3723,6,1,2618.75
11325,48,3723,103,1,398.87
11326,446,3724,73,1,249.37
11327,446,3724,25,1,958.76
11328,446,3724,28,1,207.71
11329,446,3724,29,1,137.26
11330,247,3725,48,1,377.48
11331,247,3725,41,1,708.68
11332,247,3725,47,1,691.19
11333,170,3726,185,1,329.38
11334,353,3727,116,1,136.01
11335,353,3727,133,1,165.39
11336,248,3728,25,2,958.76
11337,248,3728,171,2,100.57
11338,248,3728,28,1,207.71
11339,346,3729,92,2,182.48
11340,487,3730,51,1,66.67
11341,487,3730,53,1,95.99
11342,487,3730,54,1,131.19
11343,330,3731,32,1,182.43
11344,330,3731,39,1,51.31
11345,330,3731,37,1,113.29
11346,330,3731,31,1,118.65
11347,332,3732,1,1,5429.43
11348,332,3732,171,1,100.57
11349,332,3732,4,1,1045.02
11350,66,3733,51,1,66.67
11351,66,3733,53,1,95.99
11352,66,3733,54,1,131.19
11353,66,3733,56,1,327.69
11354,66,3733,92,1,182.48
11355,161,3734,187,1,521.01
11356,161,3734,45,1,207.67
11357,498,3735,33,1,404.5
11358,498,3735,34,2,269.1
11359,498,3735,38,1,325.54
11360,184,3736,41,1,708.68
11361,184,3736,47,2,691.19
11362,184,3736,48,1,377.48
11363,184,3736,53,1,95.99
11364,184,3736,56,1,327.69
11365,39,3737,1,1,5429.43
11366,39,3737,3,1,182.88
11367,39,3737,4,1,1045.02
11368,39,3737,10,1,96.42
11369,39,3737,89,1,73.16
11370,5,3738,55,1,41.52
11371,98,3739,106,1,449.77
11372,194,3740,133,1,165.39
11373,194,3740,150,1,244.37
11374,282,3741,170,1,810.36
11375,282,3741,23,1,3803.84
11376,149,3742,63,1,557.39
11377,285,3743,25,1,958.76
11378,285,3743,93,1,304.48
11379,495,3744,93,1,304.48
11380,4,3745,32,1,182.43
11381,4,3745,37,1,113.29
11382,4,3745,39,1,51.31
11383,4,3745,26,1,547.5
11384,4,3745,31,1,118.65
11385,5,3746,1,1,5429.43
11386,5,3746,2,2,6856.93
11387,5,3746,3,1,182.88
11388,5,3746,4,1,1045.02
11389,5,3746,98,1,449.02
11390,388,3747,74,2,132.13
11391,371,3748,1,1,5429.43
11392,371,3748,44,1,1768.56
11393,389,3749,25,1,958.76
11394,389,3749,98,1,449.02
11395,389,3749,148,1,658.67
11396,389,3749,29,1,137.26
11397,172,3750,41,1,708.68
11398,172,3750,42,1,162.27
11399,172,3750,47,2,691.19
11400,172,3750,48,1,377.48
11401,172,3750,154,1,3786.85
11402,172,3750,29,1,137.26
11403,463,3751,48,1,377.48
11404,463,3751,50,1,103.84
11405,463,3751,46,2,121.09
11406,270,3752,41,1,708.68
11407,270,3752,42,1,162.27
11408,270,3752,51,1,66.67
11409,270,3752,47,1,691.19
11410,129,3753,154,1,3786.85
11411,128,3754,153,1,564.14
11412,142,3755,189,1,46.18
11413,403,3756,1,1,5429.43
11414,403,3756,3,1,182.88
11415,403,3756,4,1,1045.02
11416,403,3756,168,1,126.51
11417,403,3756,10,1,96.42
11418,412,3757,1,1,5429.43
11419,412,3757,3,1,182.88
11420,412,3757,4,1,1045.02
11421,412,3757,10,2,96.42
11422,412,3757,83,1,584.83
11423,412,3757,124,1,4869.43
11424,186,3758,49,1,247.85
11425,186,3758,29,1,137.26
11426,42,3759,41,2,708.68
11427,42,3759,42,1,162.27
11428,42,3759,47,1,691.19
11429,42,3759,48,1,377.48
11430,42,3759,112,1,2651.9
11431,153,3760,1,1,5429.43
11432,153,3760,3,1,182.88
11433,153,3760,4,1,1045.02
11434,153,3760,41,1,708.68
11435,9,3761,81,1,1613.84
11436,9,3761,171,1,100.57
11437,303,3762,126,1,224.49
11438,347,3763,32,1,182.43
11439,347,3763,37,1,113.29
11440,347,3763,39,1,51.31
11441,347,3763,171,1,100.57
11442,347,3763,108,2,5179.59
11443,347,3763,31,1,118.65
11444,474,3764,1,1,5429.43
11445,474,3764,3,2,182.88
11446,474,3764,4,1,1045.02
11447,53,3765,51,1,66.67
11448,53,3765,53,1,95.99
11449,53,3765,54,1,131.19
11450,445,3766,32,1,182.43
11451,445,3766,37,1,113.29
11452,445,3766,39,1,51.31
11453,445,3766,27,1,1128.13
11454,445,3766,30,1,583.67
11455,445,3766,31,1,118.65
11456,21,3767,33,1,404.5
11457,21,3767,34,1,269.1
11458,21,3767,35,1,790.82
11459,21,3767,100,1,418.81
11460,21,3767,38,1,325.54
11461,258,3768,56,1,327.69
11462,258,3768,51,1,66.67
11463,258,3768,167,1,104.4
11464,233,3769,92,1,182.48
11465,54,3770,86,1,336.99
11466,148,3771,56,1,327.69
11467,237,3772,129,1,94.56
11468,237,3772,34,2,269.1
11469,237,3772,35,1,790.82
11470,237,3772,38,1,325.54
11471,237,3772,146,1,323.76
11472,100,3773,16,1,680.77
11473,20,3774,41,1,708.68
11474,20,3774,42,1,162.27
11475,20,3774,22,1,2057.09
11476,20,3774,47,1,691.19
11477,105,3775,25,1,958.76
11478,105,3775,26,1,547.5
11479,105,3775,28,1,207.71
11480,105,3775,133,1,165.39
11481,179,3776,1,1,5429.43
11482,179,3776,10,1,96.42
11483,179,3776,3,2,182.88
11484,179,3776,4,1,1045.02
11485,160,3777,32,2,182.43
11486,160,3777,39,1,51.31
11487,160,3777,109,1,44.98
11488,160,3777,17,1,281.04
11489,160,3777,31,2,118.65
11490,60,3778,118,1,175.91
11491,347,3779,32,2,182.43
11492,347,3779,31,1,118.65
11493,462,3780,25,2,958.76
11494,462,3780,51,1,66.67
11495,462,3780,12,1,378.07
11496,377,3781,73,1,249.37
11497,377,3781,75,1,670.09
11498,273,3782,42,1,162.27
11499,273,3782,15,1,478.33
11500,273,3782,48,1,377.48
11501,273,3782,47,1,691.19
11502,273,3782,59,1,88.07
11503,151,3783,32,1,182.43
11504,151,3783,39,1,51.31
11505,151,3783,37,2,113.29
11506,151,3783,31,1,118.65
11507,160,3784,1,1,5429.43
11508,160,3784,3,1,182.88
11509,160,3784,4,1,1045.02
11510,160,3784,163,1,417.18
11511,160,3784,10,1,96.42
11512,160,3784,110,1,228.23
11513,201,3785,105,1,250.27
11514,201,3785,51,1,66.67
11515,201,3785,53,1,95.99
11516,201,3785,54,1,131.19
11517,455,3786,32,1,182.43
11518,455,3786,37,1,113.29
11519,455,3786,126,1,224.49
11520,455,3786,31,1,118.65
11521,214,3787,34,1,269.1
11522,214,3787,35,1,790.82
11523,355,3788,42,1,162.27
11524,355,3788,46,1,121.09
11525,355,3788,48,1,377.48
11526,355,3788,50,1,103.84
11527,355,3788,190,1,615.39
11528,487,3789,168,1,126.51
11529,500,3790,200,1,284.58
11530,500,3790,115,1,131.51
11531,500,3790,51,2,66.67
11532,500,3790,53,1,95.99
11533,500,3790,56,1,327.69
11534,277,3791,122,1,696.77
11535,286,3792,29,1,137.26
11536,107,3793,195,1,411.6
11537,371,3794,9,1,864.52
11538,371,3794,2,1,6856.93
11539,371,3794,6,1,2618.75
11540,399,3795,170,1,810.36
11541,399,3795,148,1,658.67
11542,158,3796,2,1,6856.93
11543,158,3796,42,1,162.27
11544,158,3796,47,1,691.19
11545,158,3796,48,1,377.48
11546,158,3796,92,1,182.48
11547,461,3797,187,1,521.01
11548,433,3798,189,1,46.18
11549,133,3799,53,1,95.99
11550,133,3799,25,1,958.76
11551,133,3799,26,1,547.5
11552,133,3799,28,1,207.71
11553,133,3799,29,1,137.26
11554,133,3799,190,1,615.39
11555,404,3800,1,1,5429.43
11556,404,3800,10,1,96.42
11557,404,3800,18,1,685.51
11558,404,3800,4,1,1045.02
11559,69,3801,56,1,327.69
11560,69,3801,51,1,66.67
11561,69,3801,53,1,95.99
11562,69,3801,54,2,131.19
11563,380,3802,42,1,162.27
11564,380,3802,139,1,351.69
11565,380,3802,46,1,121.09
11566,380,3802,48,1,377.48
11567,380,3802,50,1,103.84
11568,380,3802,150,1,244.37
11569,469,3803,1,1,5429.43
11570,469,3803,2,1,6856.93
11571,469,3803,3,1,182.88
11572,469,3803,4,1,1045.02
11573,469,3803,10,1,96.42
11574,469,3803,173,1,426.85
11575,361,3804,73,2,249.37
11576,361,3804,189,1,46.18
11577,351,3805,168,1,126.51
11578,351,3805,42,1,162.27
11579,351,3805,46,1,121.09
11580,351,3805,48,2,377.48
11581,351,3805,50,1,103.84
11582,170,3806,48,1,377.48
11583,170,3806,42,1,162.27
11584,170,3806,47,1,691.19
11585,411,3807,42,1,162.27
11586,411,3807,108,1,5179.59
11587,411,3807,46,1,121.09
11588,411,3807,176,1,1269.55
11589,411,3807,50,1,103.84
11590,487,3808,172,1,72.49
11591,487,3808,175,1,152.85
11592,487,3808,25,1,958.76
11593,487,3808,28,1,207.71
11594,487,3808,29,1,137.26
11595,186,3809,48,1,377.48
11596,186,3809,42,1,162.27
11597,186,3809,47,1,691.19
11598,220,3810,48,1,377.48
11599,220,3810,42,1,162.27
11600,220,3810,50,1,103.84
11601,220,3810,46,1,121.09
11602,193,3811,42,1,162.27
11603,193,3811,46,1,121.09
11604,193,3811,50,1,103.84
11605,193,3811,114,1,246.79
11606,193,3811,62,1,122.09
11607,93,3812,48,1,377.48
11608,93,3812,41,1,708.68
11609,93,3812,47,1,691.19
11610,5,3813,111,1,453.66
11611,116,3814,32,2,182.43
11612,116,3814,37,1,113.29
11613,116,3814,39,1,51.31
11614,78,3815,50,1,103.84
11615,78,3815,46,1,121.09
11616,106,3816,56,1,327.69
11617,106,3816,129,1,94.56
11618,106,3816,51,1,66.67
11619,106,3816,53,1,95.99
11620,128,3817,100,1,418.81
11621,462,3818,42,1,162.27
11622,462,3818,46,1,121.09
11623,462,3818,146,1,323.76
11624,255,3819,9,1,864.52
11625,255,3819,2,1,6856.93
11626,255,3819,3,1,182.88
11627,255,3819,6,1,2618.75
11628,413,3820,1,1,5429.43
11629,413,3820,27,1,1128.13
11630,329,3821,1,1,5429.43
11631,329,3821,3,1,182.88
11632,329,3821,4,2,1045.02
11633,329,3821,10,1,96.42
11634,329,3821,157,1,278.2
11635,44,3822,83,1,584.83
11636,223,3823,1,1,5429.43
11637,223,3823,3,1,182.88
11638,223,3823,104,1,146.34
11639,223,3823,10,1,96.42
11640,223,3823,190,1,615.39
11641,35,3824,192,1,105.53
11642,35,3824,25,1,958.76
11643,35,3824,135,1,248.61
11644,295,3825,48,2,377.48
11645,295,3825,50,1,103.84
11646,295,3825,46,1,121.09
11647,248,3826,45,1,207.67
11648,248,3826,151,1,71.91
11649,425,3827,56,1,327.69
11650,425,3827,51,1,66.67
11651,425,3827,53,1,95.99
11652,41,3828,33,1,404.5
11653,41,3828,34,1,269.1
11654,41,3828,125,1,208.91
11655,41,3828,38,1,325.54
11656,427,3829,198,1,440.15
11657,427,3829,41,2,708.68
11658,427,3829,42,1,162.27
11659,427,3829,47,1,691.19
11660,427,3829,48,1,377.48
11661,1,3830,177,1,3544.65
11662,427,3831,71,1,241.15
11663,172,3832,29,2,137.26
11664,138,3833,113,1,61.24
11665,138,3833,59,2,88.07
11666,257,3834,137,1,593.31
11667,43,3835,9,1,864.52
11668,447,3836,167,1,104.4
11669,100,3837,58,1,143.75
11670,100,3837,164,1,297.97
11671,251,3838,1,1,5429.43
11672,251,3838,3,1,182.88
11673,251,3838,4,1,1045.02
11674,251,3838,10,1,96.42
11675,251,3838,87,1,281.44
11676,251,3838,60,1,325.99
11677,181,3839,42,1,162.27
11678,181,3839,50,1,103.84
11679,181,3839,46,1,121.09
11680,195,3840,6,1,2618.75
11681,195,3840,41,2,708.68
11682,195,3840,42,1,162.27
11683,195,3840,47,2,691.19
11684,195,3840,48,1,377.48
11685,195,3840,16,1,680.77
11686,93,3841,34,1,269.1
11687,93,3841,35,1,790.82
11688,93,3841,108,1,5179.59
11689,288,3842,94,1,192.65
11690,478,3843,41,1,708.68
11691,478,3843,198,1,440.15
11692,70,3844,41,1,708.68
11693,70,3844,169,1,452.68
11694,70,3844,45,1,207.67
11695,70,3844,47,1,691.19
11696,249,3845,63,1,557.39
11697,249,3845,191,1,2178.66
11698,189,3846,56,1,327.69
11699,189,3846,51,1,66.67
11700,189,3846,53,1,95.99
11701,189,3846,54,1,131.19
11702,41,3847,177,1,3544.65
11703,41,3847,82,2,482.06
11704,41,3847,51,2,66.67
11705,41,3847,53,2,95.99
11706,41,3847,54,1,131.19
11707,445,3848,9,1,864.52
11708,445,3848,2,1,6856.93
11709,445,3848,6,1,2618.75
11710,493,3849,32,1,182.43
11711,493,3849,37,1,113.29
11712,493,3849,31,1,118.65
11713,93,3850,107,1,5057.62
11714,93,3850,108,1,5179.59
11715,44,3851,112,2,2651.9
11716,303,3852,156,1,131.66
11717,456,3853,1,1,5429.43
11718,456,3853,10,1,96.42
11719,292,3854,48,2,377.48
11720,292,3854,1,1,5429.43
11721,292,3854,50,1,103.84
11722,292,3854,46,2,121.09
11723,113,3855,97,1,1968.21
11724,113,3855,50,1,103.84
11725,388,3856,187,1,521.01
11726,388,3856,36,1,703.99
11727,56,3857,35,1,790.82
11728,56,3857,42,1,162.27
11729,56,3857,46,1,121.09
11730,56,3857,48,2,377.48
11731,56,3857,50,1,103.84
11732,56,3857,119,1,1350.85
11733,46,3858,128,2,664.23
11734,245,3859,112,1,2651.9
11735,204,3860,128,1,664.23
11736,204,3860,103,1,398.87
11737,387,3861,25,1,958.76
11738,387,3861,26,1,547.5
11739,387,3861,28,1,207.71
11740,387,3861,21,1,2953.99
11741,147,3862,154,1,3786.85
11742,339,3863,51,1,66.67
11743,339,3863,131,1,457.64
11744,339,3863,53,1,95.99
11745,339,3863,54,1,131.19
11746,230,3864,4,2,1045.02
11747,216,3865,1,1,5429.43
11748,216,3865,10,1,96.42
11749,216,3865,195,1,411.6
11750,216,3865,4,1,1045.02
11751,443,3866,5,1,1043.64
11752,443,3866,190,1,615.39
11753,144,3867,121,1,279.43
11754,269,3868,51,1,66.67
11755,102,3869,41,1,708.68
11756,102,3869,42,1,162.27
11757,102,3869,47,1,691.19
11758,102,3869,48,2,377.48
11759,102,3869,175,1,152.85
11760,102,3869,179,1,148.28
11761,428,3870,59,1,88.07
11762,428,3870,62,1,122.09
11763,31,3871,42,1,162.27
11764,31,3871,108,1,5179.59
11765,31,3871,46,1,121.09
11766,31,3871,48,1,377.48
11767,31,3871,187,1,521.01
11768,156,3872,2,1,6856.93
11769,156,3872,3,2,182.88
11770,267,3873,33,1,404.5
11771,267,3873,34,1,269.1
11772,267,3873,85,1,1742.75
11773,267,3873,38,1,325.54
11774,90,3874,34,1,269.1
11775,90,3874,35,1,790.82
11776,90,3874,38,1,325.54
11777,316,3875,12,1,378.07
11778,116,3876,42,1,162.27
11779,116,3876,46,1,121.09
11780,116,3876,48,1,377.48
11781,116,3876,115,1,131.51
11782,116,3876,24,1,362.63
11783,358,3877,99,1,185.24
11784,383,3878,48,2,377.48
11785,383,3878,42,1,162.27
11786,383,3878,189,1,46.18
11787,383,3878,46,1,121.09
11788,234,3879,99,1,185.24
11789,146,3880,80,1,996.58
11790,146,3880,37,1,113.29
11791,181,3881,148,2,658.67
11792,181,3881,53,1,95.99
11793,456,3882,11,1,73.96
11794,472,3883,18,1,685.51
11795,472,3883,75,2,670.09
11796,79,3884,1,1,5429.43
11797,79,3884,10,1,96.42
11798,79,3884,4,1,1045.02
11799,229,3885,81,2,1613.84
11800,229,3885,25,1,958.76
11801,229,3885,66,1,234.31
11802,69,3886,40,1,36.51
11803,69,3886,5,2,1043.64
11804,229,3887,142,1,243.55
11805,348,3888,120,1,37.31
11806,348,3888,25,1,958.76
11807,348,3888,26,1,547.5
11808,348,3888,28,1,207.71
11809,348,3888,29,1,137.26
11810,136,3889,1,1,5429.43
11811,136,3889,10,1,96.42
11812,136,3889,4,1,1045.02
11813,136,3889,90,1,2115.26
11814,125,3890,154,1,3786.85
11815,327,3891,144,1,91.59
11816,461,3892,41,1,708.68
11817,461,3892,42,1,162.27
11818,461,3892,75,2,670.09
11819,461,3892,47,1,691.19
11820,461,3892,48,1,377.48
11821,77,3893,90,1,2115.26
11822,77,3893,25,1,958.76
11823,77,3893,26,2,547.5
11824,77,3893,28,1,207.71
11825,77,3893,29,1,137.26
11826,388,3894,25,1,958.76
11827,388,3894,29,1,137.26
11828,479,3895,32,1,182.43
11829,479,3895,100,1,418.81
11830,479,3895,37,1,113.29
11831,479,3895,39,1,51.31
11832,479,3895,31,1,118.65
11833,317,3896,116,1,136.01
11834,490,3897,32,1,182.43
11835,490,3897,156,1,131.66
11836,490,3897,37,1,113.29
11837,490,3897,39,1,51.31
11838,103,3898,192,1,105.53
11839,103,3898,1,1,5429.43
11840,103,3898,4,1,1045.02
11841,103,3898,10,2,96.42
11842,103,3898,124,2,4869.43
11843,370,3899,48,1,377.48
11844,370,3899,42,1,162.27
11845,370,3899,50,2,103.84
11846,370,3899,46,1,121.09
11847,374,3900,58,1,143.75
11848,374,3900,29,1,137.26
11849,470,3901,31,1,118.65
11850,177,3902,32,1,182.43
11851,177,3902,37,1,113.29
11852,177,3902,39,1,51.31
11853,15,3903,68,1,1081.84
11854,383,3904,1,1,5429.43
11855,383,3904,3,1,182.88
11856,383,3904,4,2,1045.02
11857,383,3904,10,1,96.42
11858,383,3904,17,1,281.04
11859,383,3904,31,1,118.65
11860,27,3905,79,1,421.1
11861,27,3905,51,1,66.67
11862,27,3905,53,1,95.99
11863,27,3905,54,1,131.19
11864,27,3905,55,1,41.52
11865,27,3905,56,1,327.69
11866,110,3906,32,2,182.43
11867,110,3906,37,1,113.29
11868,110,3906,39,1,51.31
11869,110,3906,116,1,136.01
11870,110,3906,31,1,118.65
11871,488,3907,197,1,1440.46
11872,488,3907,25,1,958.76
11873,488,3907,26,1,547.5
11874,488,3907,28,1,207.71
11875,488,3907,29,2,137.26
11876,17,3908,195,1,411.6
11877,234,3909,195,1,411.6
11878,75,3910,19,1,195.42
11879,75,3910,157,1,278.2
11880,266,3911,48,1,377.48
11881,266,3911,42,1,162.27
11882,266,3911,47,1,691.19
11883,206,3912,135,1,248.61
11884,36,3913,56,1,327.69
11885,36,3913,43,1,1574.27
11886,36,3913,51,1,66.67
11887,36,3913,53,1,95.99
11888,122,3914,32,1,182.43
11889,122,3914,37,1,113.29
11890,122,3914,39,1,51.31
11891,122,3914,13,1,342.07
11892,122,3914,146,1,323.76
11893,254,3915,16,1,680.77
11894,254,3915,119,1,1350.85
11895,347,3916,33,1,404.5
11896,347,3916,34,1,269.1
11897,51,3917,86,1,336.99
11898,51,3917,23,1,3803.84
11899,10,3918,1,1,5429.43
11900,10,3918,3,1,182.88
11901,10,3918,4,2,1045.02
11902,81,3919,33,1,404.5
11903,81,3919,34,2,269.1
11904,81,3919,35,1,790.82
11905,81,3919,172,1,72.49
11906,81,3920,1,1,5429.43
11907,81,3920,10,1,96.42
11908,81,3920,4,1,1045.02
11909,81,3920,197,1,1440.46
11910,291,3921,32,1,182.43
11911,291,3921,33,1,404.5
11912,291,3921,34,1,269.1
11913,291,3921,96,1,2249.21
11914,291,3921,38,1,325.54
11915,219,3922,11,1,73.96
11916,249,3923,41,1,708.68
11917,249,3923,42,1,162.27
11918,249,3923,170,2,810.36
11919,249,3923,171,1,100.57
11920,249,3923,47,1,691.19
11921,249,3923,48,1,377.48
11922,358,3924,83,1,584.83
11923,358,3924,39,1,51.31
11924,457,3925,23,1,3803.84
11925,216,3926,197,1,1440.46
11926,234,3927,32,1,182.43
11927,234,3927,39,1,51.31
11928,234,3927,37,1,113.29
11929,234,3927,31,1,118.65
11930,2,3928,48,1,377.48
11931,2,3928,42,1,162.27
11932,2,3928,50,1,103.84
11933,2,3928,46,2,121.09
11934,46,3929,18,1,685.51
11935,110,3930,157,1,278.2
11936,62,3931,158,1,655.51
11937,125,3932,32,1,182.43
11938,125,3932,37,1,113.29
11939,125,3932,39,2,51.31
11940,83,3933,101,1,241.26
11941,11,3934,34,1,269.1
11942,11,3934,35,2,790.82
11943,11,3934,38,1,325.54
11944,395,3935,1,1,5429.43
11945,395,3935,3,1,182.88
11946,395,3935,4,1,1045.02
11947,395,3935,10,2,96.42
11948,395,3935,180,1,279.71
11949,213,3936,64,1,578.73
11950,213,3936,9,1,864.52
11951,213,3936,2,1,6856.93
11952,213,3936,6,1,2618.75
11953,376,3937,129,1,94.56
11954,376,3937,4,1,1045.02
11955,380,3938,1,1,5429.43
11956,380,3938,3,1,182.88
11957,31,3939,147,1,4075.22
11958,31,3939,30,1,583.67
11959,109,3940,41,1,708.68
11960,109,3940,42,1,162.27
11961,109,3940,47,1,691.19
11962,109,3940,82,1,482.06
11963,109,3940,24,1,362.63
11964,283,3941,167,1,104.4
11965,283,3941,51,1,66.67
11966,283,3941,148,1,658.67
11967,283,3941,53,1,95.99
11968,283,3941,56,2,327.69
11969,359,3942,1,1,5429.43
11970,359,3942,3,2,182.88
11971,359,3942,4,2,1045.02
11972,359,3942,102,1,1982.66
11973,260,3943,1,1,5429.43
11974,260,3943,3,1,182.88
11975,260,3943,4,1,1045.02
11976,260,3943,10,2,96.42
11977,260,3943,107,1,5057.62
11978,283,3944,2,1,6856.93
11979,283,3944,3,1,182.88
11980,331,3945,49,1,247.85
11981,331,3945,34,1,269.1
11982,331,3945,35,1,790.82
11983,438,3946,127,1,209.71
11984,459,3947,107,1,5057.62
11985,459,3947,95,1,217.5
11986,126,3948,9,1,864.52
11987,126,3948,2,1,6856.93
11988,126,3948,6,1,2618.75
11989,339,3949,9,1,864.52
11990,339,3949,2,1,6856.93
11991,339,3949,6,1,2618.75
11992,193,3950,33,1,404.5
11993,193,3950,34,1,269.1
11994,193,3950,38,1,325.54
11995,193,3950,55,2,41.52
11996,193,3950,187,1,521.01
11997,27,3951,65,1,586.82
11998,27,3951,131,1,457.64
11999,244,3952,80,1,996.58
12000,341,3953,32,1,182.43
12001,341,3953,39,2,51.31
12002,341,3953,42,1,162.27
12003,341,3953,31,1,118.65
12004,341,3953,95,1,217.5
12005,338,3954,66,1,234.31
12006,338,3954,51,1,66.67
12007,338,3954,53,1,95.99
12008,338,3954,54,1,131.19
12009,231,3955,9,1,864.52
12010,231,3955,2,1,6856.93
12011,231,3955,3,1,182.88
12012,231,3955,6,1,2618.75
12013,341,3956,2,1,6856.93
12014,341,3956,3,1,182.88
12015,341,3956,195,1,411.6
12016,341,3956,6,1,2618.75
12017,341,3956,9,1,864.52
12018,216,3957,2,1,6856.93
12019,216,3957,3,1,182.88
12020,216,3957,149,1,652.63
12021,216,3957,119,1,1350.85
12022,94,3958,1,1,5429.43
12023,94,3958,4,1,1045.02
12024,94,3958,10,1,96.42
12025,94,3958,46,1,121.09
12026,94,3958,151,1,71.91
12027,414,3959,32,1,182.43
12028,28,3960,2,1,6856.93
12029,28,3960,3,1,182.88
12030,28,3960,6,1,2618.75
12031,28,3960,7,1,2063.12
12032,188,3961,199,1,107.47
12033,188,3961,119,1,1350.85
12034,460,3962,33,1,404.5
12035,460,3962,34,1,269.1
12036,460,3962,35,1,790.82
12037,460,3962,71,1,241.15
12038,81,3963,145,1,165.87
12039,81,3963,58,1,143.75
12040,375,3964,174,1,886.97
12041,90,3965,86,1,336.99
12042,157,3966,111,1,453.66
12043,157,3966,145,1,165.87
12044,157,3966,25,1,958.76
12045,157,3966,26,1,547.5
12046,157,3966,29,1,137.26
12047,224,3967,32,1,182.43
12048,224,3967,39,1,51.31
12049,224,3967,75,1,670.09
12050,224,3967,57,1,215.42
12051,224,3967,31,1,118.65
12052,359,3968,1,1,5429.43
12053,359,3968,10,1,96.42
12054,359,3968,3,1,182.88
12055,359,3968,4,1,1045.02
12056,159,3969,33,2,404.5
12057,159,3969,34,1,269.1
12058,159,3969,35,1,790.82
12059,159,3969,132,1,284.92
12060,159,3969,38,1,325.54
12061,159,3969,77,1,193.57
12062,187,3970,184,1,617.48
12063,179,3971,56,1,327.69
12064,179,3971,51,1,66.67
12065,179,3971,54,1,131.19
12066,189,3972,189,1,46.18
12067,127,3973,132,1,284.92
12068,127,3973,117,1,159.84
12069,406,3974,25,1,958.76
12070,406,3974,185,1,329.38
12071,406,3974,29,1,137.26
12072,316,3975,32,1,182.43
12073,316,3975,1,1,5429.43
12074,316,3975,37,1,113.29
12075,316,3975,39,1,51.31
12076,134,3976,1,1,5429.43
12077,134,3976,12,1,378.07
12078,457,3977,32,2,182.43
12079,457,3977,39,1,51.31
12080,457,3977,185,1,329.38
12081,457,3977,27,1,1128.13
12082,457,3977,31,1,118.65
12083,157,3978,10,1,96.42
12084,374,3979,39,1,51.31
12085,374,3979,19,1,195.42
12086,374,3979,25,1,958.76
12087,374,3979,26,1,547.5
12088,374,3979,28,1,207.71
12089,374,3979,29,1,137.26
12090,140,3980,34,1,269.1
12091,451,3981,113,1,61.24
12092,451,3981,157,1,278.2
12093,204,3982,178,1,3002.16
12094,204,3982,67,1,3651.66
12095,64,3983,122,1,696.77
12096,64,3983,109,1,44.98
12097,147,3984,102,2,1982.66
12098,352,3985,8,1,338.12
12099,352,3985,51,1,66.67
12100,352,3985,53,1,95.99
12101,352,3985,54,1,131.19
12102,115,3986,32,1,182.43
12103,115,3986,39,1,51.31
12104,115,3986,31,2,118.65
12105,469,3987,56,1,327.69
12106,469,3987,51,1,66.67
12107,345,3988,2,1,6856.93
12108,345,3988,3,1,182.88
12109,345,3988,6,1,2618.75
12110,345,3988,9,1,864.52
12111,345,3988,20,1,600.91
12112,345,3988,190,1,615.39
12113,93,3989,33,1,404.5
12114,93,3989,34,1,269.1
12115,93,3989,35,1,790.82
12116,134,3990,142,1,243.55
12117,134,3990,190,2,615.39
12118,336,3991,41,1,708.68
12119,336,3991,42,1,162.27
12120,336,3991,47,2,691.19
12121,279,3992,49,1,247.85
12122,296,3993,34,1,269.1
12123,296,3993,35,1,790.82
12124,296,3993,38,2,325.54
12125,189,3994,33,1,404.5
12126,189,3994,34,1,269.1
12127,189,3994,38,1,325.54
12128,216,3995,33,2,404.5
12129,216,3995,34,2,269.1
12130,216,3995,35,1,790.82
12131,216,3995,38,1,325.54
12132,216,3995,103,1,398.87
12133,113,3996,1,1,5429.43
12134,113,3996,82,1,482.06
12135,113,3996,3,1,182.88
12136,113,3996,4,1,1045.02
12137,41,3997,147,2,4075.22
12138,41,3997,92,1,182.48
12139,362,3998,97,1,1968.21
12140,362,3998,115,1,131.51
12141,285,3999,126,1,224.49
12142,285,3999,47,1,691.19
12143,311,4000,41,1,708.68
12144,311,4000,42,1,162.27
12145,311,4000,140,1,61.32
12146,311,4000,47,1,691.19
12147,311,4000,48,1,377.48
12148,311,4000,126,2,224.49
12149,118,4001,130,1,3341.54
12150,118,4001,151,1,71.91
12151,101,4002,136,1,1233.09
12152,215,4003,48,1,377.48
12153,215,4003,46,1,121.09
12154,354,4004,2,1,6856.93
12155,354,4004,3,1,182.88
12156,354,4004,116,1,136.01
12157,354,4004,77,1,193.57
12158,243,4005,136,1,1233.09
12159,14,4006,60,1,325.99
12160,286,4007,2,2,6856.93
12161,286,4007,3,1,182.88
12162,286,4007,164,1,297.97
12163,286,4007,6,1,2618.75
12164,286,4007,180,1,279.71
12165,57,4008,200,2,284.58
12166,57,4008,99,1,185.24
12167,82,4009,118,1,175.91
12168,82,4009,7,2,2063.12
12169,366,4010,56,1,327.69
12170,366,4010,51,1,66.67
12171,366,4010,53,1,95.99
12172,366,4010,54,1,131.19
12173,295,4011,5,1,1043.64
12174,396,4012,42,1,162.27
12175,426,4013,99,1,185.24
12176,426,4013,12,1,378.07
12177,426,4013,25,1,958.76
12178,426,4013,26,1,547.5
12179,426,4013,28,2,207.71
12180,44,4014,48,1,377.48
12181,44,4014,46,1,121.09
12182,65,4015,112,1,2651.9
12183,65,4015,2,1,6856.93
12184,65,4015,3,1,182.88
12185,65,4015,71,1,241.15
12186,171,4016,64,1,578.73
12187,171,4016,146,1,323.76
12188,367,4017,112,2,2651.9
12189,367,4017,134,1,3215.18
12190,100,4018,97,1,1968.21
12191,100,4018,2,1,6856.93
12192,100,4018,3,2,182.88
12193,100,4018,6,1,2618.75
12194,100,4018,199,1,107.47
12195,213,4019,41,1,708.68
12196,213,4019,42,1,162.27
12197,168,4020,49,1,247.85
12198,374,4021,25,1,958.76
12199,374,4021,164,1,297.97
12200,123,4022,121,1,279.43
12201,210,4023,33,1,404.5
12202,210,4023,34,1,269.1
12203,210,4023,99,1,185.24
12204,210,4023,35,1,790.82
12205,210,4023,38,1,325.54
12206,41,4024,133,1,165.39
12207,41,4024,42,1,162.27
12208,41,4024,47,1,691.19
12209,41,4024,48,1,377.48
12210,41,4024,127,1,209.71
12211,117,4025,84,1,98.36
12212,117,4025,167,1,104.4
12213,13,4026,1,1,5429.43
12214,13,4026,3,1,182.88
12215,13,4026,4,1,1045.02
12216,5,4027,177,1,3544.65
12217,264,4028,42,2,162.27
12218,264,4028,46,1,121.09
12219,264,4028,48,1,377.48
12220,264,4028,50,1,103.84
12221,264,4028,91,1,978.27
12222,197,4029,32,1,182.43
12223,197,4029,51,1,66.67
12224,197,4029,39,1,51.31
12225,458,4030,1,1,5429.43
12226,458,4030,99,2,185.24
12227,458,4030,3,1,182.88
12228,458,4030,4,2,1045.02
12229,458,4030,10,1,96.42
12230,458,4030,174,2,886.97
12231,478,4031,16,1,680.77
12232,255,4032,185,1,329.38
12233,255,4032,138,2,2075.88
12234,104,4033,68,1,1081.84
12235,104,4033,51,1,66.67
12236,104,4033,53,2,95.99
12237,104,4033,54,1,131.19
12238,104,4033,56,1,327.69
12239,305,4034,32,2,182.43
12240,305,4034,37,1,113.29
12241,305,4034,39,1,51.31
12242,305,4034,183,1,171.04
12243,305,4034,88,1,398.34
12244,305,4034,31,1,118.65
12245,217,4035,35,1,790.82
12246,217,4035,53,1,95.99
12247,155,4036,139,1,351.69
12248,66,4037,56,1,327.69
12249,66,4037,51,1,66.67
12250,66,4037,53,1,95.99
12251,66,4037,23,1,3803.84
12252,439,4038,25,1,958.76
12253,439,4038,26,1,547.5
12254,439,4038,28,1,207.71
12255,439,4038,29,1,137.26
12256,201,4039,104,1,146.34
12257,201,4039,145,1,165.87
12258,405,4040,34,2,269.1
12259,405,4040,35,2,790.82
12260,113,4041,1,1,5429.43
12261,113,4041,10,1,96.42
12262,113,4041,4,1,1045.02
12263,483,4042,57,1,215.42
12264,483,4042,195,1,411.6
12265,321,4043,33,1,404.5
12266,321,4043,34,2,269.1
12267,449,4044,48,1,377.48
12268,449,4044,57,1,215.42
12269,438,4045,200,1,284.58
12270,438,4045,25,1,958.76
12271,438,4045,28,1,207.71
12272,438,4045,29,1,137.26
12273,245,4046,48,1,377.48
12274,245,4046,193,1,256.05
12275,245,4046,42,1,162.27
12276,245,4046,46,1,121.09
12277,417,4047,71,1,241.15
12278,417,4047,42,2,162.27
12279,417,4047,46,2,121.09
12280,417,4047,48,1,377.48
12281,417,4047,50,1,103.84
12282,256,4048,24,1,362.63
12283,256,4048,159,1,132.33
12284,343,4049,66,1,234.31
12285,343,4049,199,1,107.47
12286,343,4050,33,1,404.5
12287,343,4050,34,1,269.1
12288,343,4050,35,1,790.82
12289,343,4050,38,1,325.54
12290,375,4051,2,1,6856.93
12291,375,4051,3,1,182.88
12292,375,4051,198,1,440.15
12293,375,4051,6,1,2618.75
12294,375,4051,9,1,864.52
12295,218,4052,42,1,162.27
12296,218,4052,46,1,121.09
12297,218,4052,48,1,377.48
12298,218,4052,50,1,103.84
12299,218,4052,92,1,182.48
12300,218,4052,157,1,278.2
12301,2,4053,146,1,323.76
12302,2,4053,39,2,51.31
12303,221,4054,96,1,2249.21
12304,25,4055,51,1,66.67
12305,25,4055,143,1,602.95
12306,215,4056,2,1,6856.93
12307,215,4056,6,1,2618.75
12308,215,4056,9,1,864.52
12309,215,4056,176,1,1269.55
12310,215,4056,116,1,136.01
12311,45,4057,200,1,284.58
12312,45,4057,25,1,958.76
12313,45,4057,26,1,547.5
12314,45,4057,28,1,207.71
12315,45,4057,29,2,137.26
12316,250,4058,32,1,182.43
12317,250,4058,27,1,1128.13
12318,250,4058,30,1,583.67
12319,250,4058,31,1,118.65
12320,494,4059,41,1,708.68
12321,494,4059,42,1,162.27
12322,494,4059,10,1,96.42
12323,494,4059,47,1,691.19
12324,494,4059,144,1,91.59
12325,203,4060,1,2,5429.43
12326,203,4060,3,2,182.88
12327,203,4060,131,1,457.64
12328,203,4060,23,1,3803.84
12329,302,4061,112,1,2651.9
12330,302,4061,34,1,269.1
12331,302,4061,35,1,790.82
12332,407,4062,25,1,958.76
12333,407,4062,26,1,547.5
12334,407,4062,28,1,207.71
12335,407,4062,29,1,137.26
12336,62,4063,34,1,269.1
12337,62,4063,38,1,325.54
12338,184,4064,197,2,1440.46
12339,184,4064,41,1,708.68
12340,184,4064,42,1,162.27
12341,184,4064,75,1,670.09
12342,184,4064,47,1,691.19
12343,441,4065,41,1,708.68
12344,441,4065,42,1,162.27
12345,441,4065,47,1,691.19
12346,441,4065,48,1,377.48
12347,441,4065,159,1,132.33
12348,126,4066,122,1,696.77
12349,126,4066,175,1,152.85
12350,127,4067,56,2,327.69
12351,127,4067,68,1,1081.84
12352,30,4068,22,1,2057.09
12353,79,4069,2,1,6856.93
12354,79,4069,3,1,182.88
12355,79,4069,6,1,2618.75
12356,60,4070,33,1,404.5
12357,60,4070,34,1,269.1
12358,60,4070,38,1,325.54
12359,290,4071,41,1,708.68
12360,290,4071,51,1,66.67
12361,290,4071,53,1,95.99
12362,290,4071,54,1,131.19
12363,290,4071,122,1,696.77
12364,110,4072,2,1,6856.93
12365,110,4072,6,1,2618.75
12366,155,4073,2,1,6856.93
12367,155,4073,6,1,2618.75
12368,480,4074,178,1,3002.16
12369,93,4075,102,1,1982.66
12370,338,4076,193,1,256.05
12371,132,4077,2,1,6856.93
12372,132,4077,3,1,182.88
12373,132,4077,6,1,2618.75
12374,132,4077,169,1,452.68
12375,132,4077,9,1,864.52
12376,449,4078,2,1,6856.93
12377,449,4078,3,1,182.88
12378,449,4078,6,1,2618.75
12379,449,4078,9,2,864.52
12380,449,4078,45,1,207.67
12381,449,4078,154,1,3786.85
12382,121,4079,138,2,2075.88
12383,121,4079,171,1,100.57
12384,121,4079,51,1,66.67
12385,121,4079,53,1,95.99
12386,121,4079,54,1,131.19
12387,121,4079,56,1,327.69
12388,215,4080,138,1,2075.88
12389,215,4080,29,1,137.26
12390,179,4081,9,1,864.52
12391,179,4081,2,1,6856.93
12392,179,4081,3,1,182.88
12393,179,4081,6,1,2618.75
12394,264,4082,41,1,708.68
12395,264,4082,42,1,162.27
12396,264,4082,47,1,691.19
12397,264,4082,179,1,148.28
12398,264,4082,186,1,109.52
12399,422,4083,45,1,207.67
12400,422,4083,151,1,71.91
12401,274,4084,168,1,126.51
12402,274,4084,42,1,162.27
12403,274,4084,46,1,121.09
12404,274,4084,48,1,377.48
12405,274,4084,113,1,61.24
12406,274,4084,50,1,103.84
12407,116,4085,56,1,327.69
12408,116,4085,51,1,66.67
12409,116,4085,53,1,95.99
12410,116,4085,15,1,478.33
12411,377,4086,16,1,680.77
12412,377,4086,51,1,66.67
12413,377,4086,53,1,95.99
12414,158,4087,192,1,105.53
12415,328,4088,66,1,234.31
12416,328,4088,71,1,241.15
12417,328,4088,42,1,162.27
12418,328,4088,47,1,691.19
12419,328,4088,48,1,377.48
12420,211,4089,28,1,207.71
12421,211,4089,25,1,958.76
12422,211,4089,26,1,547.5
12423,211,4089,124,1,4869.43
12424,211,4089,29,1,137.26
12425,383,4090,34,2,269.1
12426,383,4090,35,1,790.82
12427,405,4091,17,1,281.04
12428,311,4092,88,1,398.34
12429,311,4092,25,1,958.76
12430,311,4092,26,1,547.5
12431,311,4092,125,1,208.91
12432,227,4093,25,1,958.76
12433,227,4093,28,1,207.71
12434,227,4093,29,1,137.26
12435,345,4094,1,1,5429.43
12436,345,4094,3,1,182.88
12437,168,4095,64,1,578.73
12438,168,4095,1,1,5429.43
12439,168,4095,4,1,1045.02
12440,168,4095,158,1,655.51
12441,13,4096,48,1,377.48
12442,13,4096,5,1,1043.64
12443,13,4096,46,1,121.09
12444,314,4097,34,1,269.1
12445,314,4097,35,1,790.82
12446,314,4097,38,1,325.54
12447,314,4097,143,1,602.95
12448,452,4098,37,1,113.29
12449,452,4098,41,1,708.68
12450,452,4098,42,1,162.27
12451,452,4098,47,1,691.19
12452,452,4098,26,1,547.5
12453,432,4099,1,1,5429.43
12454,377,4100,7,2,2063.12
12455,377,4100,41,1,708.68
12456,377,4100,42,1,162.27
12457,377,4100,47,1,691.19
12458,377,4100,48,1,377.48
12459,156,4101,48,1,377.48
12460,156,4101,47,2,691.19
12461,398,4102,26,1,547.5
12462,485,4103,1,1,5429.43
12463,485,4103,10,1,96.42
12464,485,4103,3,1,182.88
12465,485,4103,4,1,1045.02
12466,313,4104,56,1,327.69
12467,313,4104,150,1,244.37
12468,313,4104,47,1,691.19
12469,228,4105,112,1,2651.9
12470,292,4106,24,1,362.63
12471,38,4107,33,1,404.5
12472,38,4107,34,1,269.1
12473,38,4107,38,1,325.54
12474,338,4108,56,2,327.69
12475,338,4108,51,1,66.67
12476,338,4108,53,1,95.99
12477,200,4109,56,1,327.69
12478,200,4109,10,2,96.42
12479,4,4110,48,1,377.48
12480,4,4110,49,1,247.85
12481,4,4110,42,1,162.27
12482,4,4110,46,1,121.09
12483,428,4111,129,1,94.56
12484,483,4112,56,1,327.69
12485,483,4112,51,1,66.67
12486,483,4112,71,2,241.15
12487,133,4113,32,1,182.43
12488,133,4113,39,1,51.31
12489,133,4113,37,1,113.29
12490,133,4113,31,1,118.65
12491,156,4114,137,1,593.31
12492,179,4115,88,1,398.34
12493,179,4115,9,1,864.52
12494,102,4116,200,2,284.58
12495,174,4117,84,1,98.36
12496,174,4117,149,1,652.63
12497,449,4118,33,1,404.5
12498,449,4118,34,1,269.1
12499,449,4118,67,1,3651.66
12500,449,4118,36,1,703.99
12501,449,4118,38,1,325.54
12502,52,4119,5,1,1043.64
12503,68,4120,9,1,864.52
12504,68,4120,2,2,6856.93
12505,68,4120,3,2,182.88
12506,68,4120,6,1,2618.75
12507,142,4121,48,1,377.48
12508,116,4122,66,1,234.31
12509,116,4122,78,1,637.27
12510,439,4123,48,2,377.48
12511,439,4123,42,1,162.27
12512,439,4123,46,1,121.09
12513,14,4124,2,1,6856.93
12514,14,4124,3,1,182.88
12515,14,4124,6,1,2618.75
12516,14,4124,46,1,121.09
12517,14,4124,142,1,243.55
12518,146,4125,33,1,404.5
12519,146,4125,34,1,269.1
12520,146,4125,38,1,325.54
12521,146,4125,75,1,670.09
12522,146,4125,49,1,247.85
12523,408,4126,64,2,578.73
12524,408,4126,33,1,404.5
12525,231,4127,32,1,182.43
12526,231,4127,37,1,113.29
12527,231,4127,39,1,51.31
12528,231,4127,105,1,250.27
12529,231,4127,31,1,118.65
12530,9,4128,48,1,377.48
12531,9,4128,50,1,103.84
12532,9,4128,46,1,121.09
12533,122,4129,1,1,5429.43
12534,122,4129,3,1,182.88
12535,122,4129,4,1,1045.02
12536,122,4129,10,2,96.42
12537,122,4129,121,2,279.43
12538,247,4130,41,1,708.68
12539,247,4130,98,1,449.02
12540,247,4130,47,1,691.19
12541,375,4131,167,1,104.4
12542,375,4131,42,1,162.27
12543,375,4131,25,1,958.76
12544,375,4131,26,1,547.5
12545,375,4131,28,1,207.71
12546,375,4131,29,2,137.26
12547,315,4132,33,1,404.5
12548,315,4132,34,1,269.1
12549,315,4132,35,1,790.82
12550,315,4132,107,1,5057.62
12551,315,4132,153,1,564.14
12552,437,4133,32,1,182.43
12553,437,4133,39,2,51.31
12554,437,4133,31,1,118.65
12555,237,4134,171,1,100.57
12556,237,4134,15,1,478.33
12557,419,4135,25,1,958.76
12558,419,4135,26,1,547.5
12559,419,4135,28,2,207.71
12560,419,4135,29,1,137.26
12561,178,4136,186,1,109.52
12562,223,4137,1,1,5429.43
12563,223,4137,61,1,1462.89
12564,481,4138,155,1,298.62
12565,295,4139,145,1,165.87
12566,295,4139,141,1,449.82
12567,215,4140,1,2,5429.43
12568,215,4140,42,1,162.27
12569,215,4140,4,2,1045.02
12570,215,4140,97,1,1968.21
12571,85,4141,32,1,182.43
12572,85,4141,42,1,162.27
12573,85,4141,37,1,113.29
12574,85,4141,39,2,51.31
12575,323,4142,2,1,6856.93
12576,323,4142,3,1,182.88
12577,323,4142,85,1,1742.75
12578,323,4142,6,1,2618.75
12579,371,4143,1,1,5429.43
12580,371,4143,180,1,279.71
12581,119,4144,1,1,5429.43
12582,119,4144,3,1,182.88
12583,119,4144,4,1,1045.02
12584,119,4144,12,2,378.07
12585,467,4145,1,2,5429.43
12586,467,4145,3,1,182.88
12587,467,4145,4,1,1045.02
12588,467,4145,10,1,96.42
12589,467,4145,177,1,3544.65
12590,146,4146,32,1,182.43
12591,146,4146,39,1,51.31
12592,385,4147,117,2,159.84
12593,385,4147,143,1,602.95
12594,141,4148,33,1,404.5
12595,141,4148,34,1,269.1
12596,141,4148,35,1,790.82
12597,141,4148,38,1,325.54
12598,141,4148,173,2,426.85
12599,135,4149,34,1,269.1
12600,135,4149,35,1,790.82
12601,384,4150,111,2,453.66
12602,440,4151,147,1,4075.22
12603,402,4152,25,1,958.76
12604,402,4152,29,1,137.26
12605,398,4153,27,1,1128.13
12606,398,4153,1,1,5429.43
12607,398,4153,3,1,182.88
12608,398,4153,4,1,1045.02
12609,491,4154,32,1,182.43
12610,491,4154,129,1,94.56
12611,491,4154,64,1,578.73
12612,491,4154,39,1,51.31
12613,491,4154,31,1,118.65
12614,236,4155,34,1,269.1
12615,236,4155,35,1,790.82
12616,236,4155,38,1,325.54
12617,235,4156,99,1,185.24
12618,235,4156,42,1,162.27
12619,235,4156,46,1,121.09
12620,235,4156,48,1,377.48
12621,235,4156,50,1,103.84
12622,312,4157,42,1,162.27
12623,312,4157,47,1,691.19
12624,454,4158,32,1,182.43
12625,454,4158,106,1,449.77
12626,454,4158,87,1,281.44
12627,454,4158,39,1,51.31
12628,128,4159,80,1,996.58
12629,128,4159,126,1,224.49
12630,431,4160,109,1,44.98
12631,431,4160,143,1,602.95
12632,156,4161,1,1,5429.43
12633,156,4161,3,2,182.88
12634,156,4161,4,1,1045.02
12635,156,4161,10,1,96.42
12636,156,4161,140,1,61.32
12637,156,4161,46,1,121.09
12638,282,4162,25,1,958.76
12639,282,4162,125,1,208.91
12640,282,4162,28,1,207.71
12641,282,4162,109,1,44.98
12642,233,4163,48,1,377.48
12643,233,4163,41,2,708.68
12644,233,4163,42,1,162.27
12645,233,4163,47,1,691.19
12646,26,4164,36,1,703.99
12647,26,4164,198,1,440.15
12648,384,4165,56,1,327.69
12649,384,4165,51,1,66.67
12650,384,4165,171,2,100.57
12651,384,4165,54,1,131.19
12652,209,4166,65,1,586.82
12653,209,4166,2,1,6856.93
12654,209,4166,3,1,182.88
12655,209,4166,6,1,2618.75
12656,209,4166,7,2,2063.12
12657,209,4166,9,1,864.52
12658,147,4167,177,1,3544.65
12659,147,4167,90,1,2115.26
12660,362,4168,83,1,584.83
12661,362,4168,182,1,190.33
12662,489,4169,34,1,269.1
12663,489,4169,38,1,325.54
12664,84,4170,13,1,342.07
12665,84,4170,197,1,1440.46
12666,330,4171,56,1,327.69
12667,330,4171,194,1,582.97
12668,330,4171,51,1,66.67
12669,330,4171,53,2,95.99
12670,358,4172,48,1,377.48
12671,358,4172,60,1,325.99
12672,358,4172,4,1,1045.02
12673,358,4172,46,1,121.09
12674,134,4173,88,1,398.34
12675,379,4174,32,1,182.43
12676,379,4174,79,1,421.1
12677,379,4174,31,1,118.65
12678,15,4175,2,2,6856.93
12679,15,4175,3,1,182.88
12680,15,4175,6,1,2618.75
12681,15,4175,9,1,864.52
12682,15,4175,173,1,426.85
12683,15,4175,114,1,246.79
12684,255,4176,63,1,557.39
12685,72,4177,32,1,182.43
12686,72,4177,37,1,113.29
12687,72,4177,39,1,51.31
12688,72,4177,9,1,864.52
12689,72,4177,45,1,207.67
12690,477,4178,109,1,44.98
12691,477,4178,143,1,602.95
12692,215,4179,48,1,377.48
12693,215,4179,38,1,325.54
12694,215,4179,42,1,162.27
12695,215,4179,46,1,121.09
12696,244,4180,32,1,182.43
12697,244,4180,37,2,113.29
12698,244,4180,39,1,51.31
12699,244,4180,25,1,958.76
12700,244,4180,31,1,118.65
12701,379,4181,112,1,2651.9
12702,379,4181,41,1,708.68
12703,379,4181,42,1,162.27
12704,379,4181,47,1,691.19
12705,20,4182,60,1,325.99
12706,20,4182,95,1,217.5
12707,61,4183,168,1,126.51
12708,51,4184,41,1,708.68
12709,51,4184,42,1,162.27
12710,51,4184,170,2,810.36
12711,51,4184,47,1,691.19
12712,51,4184,48,1,377.48
12713,51,4184,182,1,190.33
12714,234,4185,9,1,864.52
12715,234,4185,2,1,6856.93
12716,234,4185,3,1,182.88
12717,234,4185,6,1,2618.75
12718,493,4186,33,1,404.5
12719,493,4186,34,1,269.1
12720,493,4186,35,1,790.82
12721,493,4186,38,1,325.54
12722,493,4186,186,1,109.52
12723,478,4187,17,1,281.04
12724,468,4188,69,1,5185.33
12725,468,4188,108,1,5179.59
12726,468,4188,25,1,958.76
12727,468,4188,26,1,547.5
12728,468,4188,29,1,137.26
12729,66,4189,56,1,327.69
12730,66,4189,161,1,280.14
12731,66,4189,51,1,66.67
12732,66,4189,54,1,131.19
12733,38,4190,126,1,224.49
12734,38,4190,15,1,478.33
12735,40,4191,192,1,105.53
12736,40,4191,1,1,5429.43
12737,40,4191,10,1,96.42
12738,40,4191,4,1,1045.02
12739,230,4192,25,1,958.76
12740,230,4192,26,1,547.5
12741,230,4192,28,2,207.71
12742,265,4193,9,1,864.52
12743,265,4193,2,1,6856.93
12744,265,4193,6,1,2618.75
12745,26,4194,51,2,66.67
12746,26,4194,53,2,95.99
12747,26,4194,54,1,131.19
12748,26,4194,56,1,327.69
12749,26,4194,157,1,278.2
12750,373,4195,25,2,958.76
12751,373,4195,26,2,547.5
12752,373,4195,37,1,113.29
12753,373,4195,29,1,137.26
12754,456,4196,9,1,864.52
12755,456,4196,2,1,6856.93
12756,456,4196,3,1,182.88
12757,456,4196,6,1,2618.75
12758,333,4197,93,1,304.48
12759,333,4197,15,1,478.33
12760,403,4198,46,1,121.09
12761,403,4198,48,1,377.48
12762,403,4198,50,1,103.84
12763,403,4198,51,1,66.67
12764,403,4198,117,1,159.84
12765,291,4199,33,1,404.5
12766,291,4199,34,1,269.1
12767,291,4199,35,1,790.82
12768,291,4199,151,1,71.91
12769,291,4199,62,1,122.09
12770,267,4200,33,1,404.5
12771,267,4200,34,1,269.1
12772,267,4200,35,1,790.82
12773,267,4200,38,1,325.54
12774,267,4200,154,2,3786.85
12775,10,4201,32,1,182.43
12776,10,4201,31,1,118.65
12777,143,4202,5,1,1043.64
12778,143,4202,41,1,708.68
12779,143,4202,42,2,162.27
12780,143,4202,47,1,691.19
12781,143,4202,48,1,377.48
12782,143,4202,178,1,3002.16
12783,361,4203,56,1,327.69
12784,361,4203,113,1,61.24
12785,361,4203,51,1,66.67
12786,361,4203,54,1,131.19
12787,432,4204,81,1,1613.84
12788,432,4204,1,2,5429.43
12789,432,4204,3,1,182.88
12790,432,4204,78,1,637.27
12791,299,4205,33,2,404.5
12792,299,4205,34,1,269.1
12793,299,4205,35,1,790.82
12794,299,4205,38,1,325.54
12795,299,4205,50,1,103.84
12796,299,4205,59,1,88.07
12797,299,4206,130,1,3341.54
12798,77,4207,32,1,182.43
12799,77,4207,132,1,284.92
12800,77,4207,37,2,113.29
12801,77,4207,39,1,51.31
12802,426,4208,137,1,593.31
12803,358,4209,33,1,404.5
12804,358,4209,34,1,269.1
12805,358,4209,35,1,790.82
12806,282,4210,41,1,708.68
12807,282,4210,42,1,162.27
12808,282,4210,2,1,6856.93
12809,282,4210,47,1,691.19
12810,378,4211,64,1,578.73
12811,70,4212,137,1,593.31
12812,239,4213,40,1,36.51
12813,239,4213,189,1,46.18
12814,20,4214,24,1,362.63
12815,344,4215,32,1,182.43
12816,344,4215,163,1,417.18
12817,344,4215,31,1,118.65
12818,254,4216,56,1,327.69
12819,254,4216,51,1,66.67
12820,254,4216,149,1,652.63
12821,254,4216,54,1,131.19
12822,303,4217,25,1,958.76
12823,303,4217,26,1,547.5
12824,303,4217,28,1,207.71
12825,188,4218,36,1,703.99
12826,308,4219,48,1,377.48
12827,308,4219,41,1,708.68
12828,308,4219,18,1,685.51
12829,308,4219,47,1,691.19
12830,113,4220,32,1,182.43
12831,113,4220,37,1,113.29
12832,113,4220,39,1,51.31
12833,113,4220,89,1,73.16
12834,113,4220,31,1,118.65
12835,18,4221,1,2,5429.43
12836,18,4221,194,1,582.97
12837,18,4221,3,1,182.88
12838,18,4221,4,2,1045.02
12839,18,4221,10,1,96.42
12840,468,4222,11,1,73.96
12841,121,4223,145,1,165.87
12842,14,4224,185,2,329.38
12843,14,4224,18,1,685.51
12844,14,4224,25,1,958.76
12845,14,4224,28,1,207.71
12846,14,4224,29,1,137.26
12847,314,4225,161,1,280.14
12848,314,4225,3,1,182.88
12849,314,4225,51,1,66.67
12850,314,4225,53,1,95.99
12851,314,4225,54,1,131.19
12852,314,4225,56,1,327.69
12853,31,4226,48,1,377.48
12854,31,4226,41,1,708.68
12855,31,4226,47,1,691.19
12856,143,4227,33,1,404.5
12857,143,4227,34,1,269.1
12858,143,4227,139,1,351.69
12859,488,4228,84,1,98.36
12860,298,4229,48,1,377.48
12861,298,4229,19,1,195.42
12862,162,4230,34,1,269.1
12863,162,4230,171,1,100.57
12864,162,4230,38,1,325.54
12865,288,4231,46,2,121.09
12866,416,4232,2,1,6856.93
12867,416,4232,3,1,182.88
12868,416,4232,6,1,2618.75
12869,416,4232,10,1,96.42
12870,416,4232,90,1,2115.26
12871,462,4233,9,1,864.52
12872,421,4234,34,2,269.1
12873,353,4235,64,1,578.73
12874,353,4235,195,1,411.6
12875,353,4235,42,1,162.27
12876,353,4235,46,2,121.09
12877,353,4235,48,1,377.48
12878,472,4236,32,1,182.43
12879,472,4236,39,1,51.31
12880,472,4236,37,2,113.29
12881,472,4236,31,1,118.65
12882,477,4237,51,1,66.67
12883,477,4237,190,1,615.39
12884,477,4237,54,1,131.19
12885,477,4237,15,1,478.33
12886,460,4238,194,1,582.97
12887,259,4239,11,1,73.96
12888,259,4239,19,1,195.42
12889,259,4239,25,1,958.76
12890,259,4239,26,1,547.5
12891,259,4239,29,1,137.26
12892,466,4240,145,1,165.87
12893,466,4240,174,1,886.97
12894,133,4241,96,1,2249.21
12895,133,4241,42,1,162.27
12896,133,4241,50,1,103.84
12897,133,4241,46,1,121.09
12898,110,4242,152,1,92.66
12899,24,4243,96,1,2249.21
12900,24,4243,41,1,708.68
12901,24,4243,42,2,162.27
12902,24,4243,46,1,121.09
12903,24,4243,50,1,103.84
12904,141,4244,25,1,958.76
12905,141,4244,180,1,279.71
12906,141,4244,29,1,137.26
12907,15,4245,32,1,182.43
12908,15,4245,39,1,51.31
12909,15,4245,37,1,113.29
12910,15,4245,31,1,118.65
12911,52,4246,32,1,182.43
12912,52,4246,39,1,51.31
12913,52,4246,11,1,73.96
12914,52,4246,16,1,680.77
12915,52,4246,31,1,118.65
12916,281,4247,41,1,708.68
12917,281,4247,42,1,162.27
12918,281,4247,47,1,691.19
12919,281,4247,48,1,377.48
12920,281,4247,120,1,37.31
12921,281,4247,63,1,557.39
12922,199,4248,192,1,105.53
12923,199,4248,84,1,98.36
12924,148,4249,33,1,404.5
12925,148,4249,34,1,269.1
12926,148,4249,20,2,600.91
12927,148,4249,167,1,104.4
12928,302,4250,1,1,5429.43
12929,302,4250,3,1,182.88
12930,302,4250,4,1,1045.02
12931,302,4250,72,1,295.83
12932,302,4250,10,1,96.42
12933,302,4250,17,1,281.04
12934,209,4251,32,1,182.43
12935,209,4251,39,1,51.31
12936,209,4251,31,2,118.65
12937,158,4252,1,2,5429.43
12938,158,4252,4,1,1045.02
12939,129,4253,167,1,104.4
12940,129,4253,42,1,162.27
12941,129,4253,46,1,121.09
12942,129,4253,48,1,377.48
12943,129,4253,50,1,103.84
12944,61,4254,48,1,377.48
12945,61,4254,41,1,708.68
12946,61,4254,47,1,691.19
12947,89,4255,32,1,182.43
12948,89,4255,67,2,3651.66
12949,89,4255,37,1,113.29
12950,89,4255,39,1,51.31
12951,89,4255,91,1,978.27
12952,89,4255,31,1,118.65
12953,194,4256,41,1,708.68
12954,194,4256,47,1,691.19
12955,60,4257,1,1,5429.43
12956,60,4257,10,1,96.42
12957,60,4257,3,1,182.88
12958,60,4257,4,2,1045.02
12959,408,4258,48,1,377.48
12960,408,4258,42,1,162.27
12961,408,4258,46,1,121.09
12962,408,4258,87,1,281.44
12963,406,4259,25,1,958.76
12964,406,4259,26,1,547.5
12965,421,4260,82,1,482.06
12966,492,4261,32,1,182.43
12967,492,4261,39,1,51.31
12968,403,4262,123,1,140.92
12969,403,4262,45,1,207.67
12970,361,4263,56,1,327.69
12971,361,4263,51,1,66.67
12972,361,4263,53,1,95.99
12973,361,4263,54,1,131.19
12974,461,4264,41,2,708.68
12975,461,4264,181,2,353.61
12976,500,4265,33,1,404.5
12977,500,4265,34,1,269.1
12978,500,4265,35,1,790.82
12979,500,4265,38,1,325.54
12980,500,4265,44,1,1768.56
12981,500,4265,158,2,655.51
12982,406,4266,41,1,708.68
12983,406,4266,42,1,162.27
12984,406,4266,105,2,250.27
12985,406,4266,47,1,691.19
12986,406,4266,48,1,377.48
12987,14,4267,1,1,5429.43
12988,14,4267,3,2,182.88
12989,14,4267,4,1,1045.02
12990,14,4267,10,1,96.42
12991,14,4267,174,1,886.97
12992,14,4267,110,1,228.23
12993,275,4268,52,1,108.37
12994,179,4269,32,1,182.43
12995,179,4269,39,1,51.31
12996,179,4269,31,1,118.65
12997,230,4270,42,1,162.27
12998,230,4270,46,1,121.09
12999,47,4271,138,1,2075.88
13000,47,4271,70,2,1076.29
13001,98,4272,25,1,958.76
13002,98,4272,29,1,137.26
13003,465,4273,116,1,136.01
13004,465,4273,25,1,958.76
13005,465,4273,28,1,207.71
13006,465,4273,29,1,137.26
13007,160,4274,106,1,449.77
13008,160,4274,51,1,66.67
13009,160,4274,53,1,95.99
13010,160,4274,54,1,131.19
13011,160,4274,56,1,327.69
13012,160,4274,93,2,304.48
13013,482,4275,89,1,73.16
13014,482,4275,35,2,790.82
13015,92,4276,81,1,1613.84
13016,92,4276,179,1,148.28
13017,155,4277,124,1,4869.43
13018,155,4277,102,1,1982.66
13019,77,4278,33,1,404.5
13020,77,4278,34,1,269.1
13021,77,4278,85,2,1742.75
13022,77,4278,38,1,325.54
13023,444,4279,25,1,958.76
13024,444,4279,26,1,547.5
13025,444,4279,28,1,207.71
13026,444,4279,29,1,137.26
13027,482,4280,33,1,404.5
13028,482,4280,34,1,269.1
13029,482,4280,35,1,790.82
13030,482,4280,97,1,1968.21
13031,218,4281,40,1,36.51
13032,218,4281,1,1,5429.43
13033,218,4281,10,1,96.42
13034,218,4281,3,1,182.88
13035,143,4282,1,1,5429.43
13036,143,4282,3,1,182.88
13037,143,4282,4,1,1045.02
13038,143,4282,10,2,96.42
13039,143,4282,14,1,687.06
13040,53,4283,145,1,165.87
13041,122,4284,104,1,146.34
13042,122,4284,66,1,234.31
13043,440,4285,1,1,5429.43
13044,440,4285,3,1,182.88
13045,440,4285,4,1,1045.02
13046,223,4286,23,2,3803.84
13047,423,4287,33,1,404.5
13048,423,4287,34,2,269.1
13049,423,4287,26,1,547.5
13050,484,4288,25,1,958.76
13051,484,4288,42,1,162.27
13052,484,4288,36,1,703.99
13053,484,4288,46,1,121.09
13054,338,4289,96,1,2249.21
13055,338,4289,148,1,658.67
13056,497,4290,1,1,5429.43
13057,497,4290,3,1,182.88
13058,497,4290,4,1,1045.02
13059,497,4290,10,1,96.42
13060,497,4290,109,1,44.98
13061,179,4291,170,1,810.36
13062,480,4292,30,1,583.67
13063,157,4293,35,1,790.82
13064,101,4294,133,1,165.39
13065,101,4294,41,1,708.68
13066,101,4294,47,1,691.19
13067,101,4294,48,1,377.48
13068,101,4294,84,1,98.36
13069,98,4295,32,1,182.43
13070,98,4295,50,2,103.84
13071,98,4295,37,1,113.29
13072,98,4295,173,1,426.85
13073,93,4296,41,1,708.68
13074,93,4296,42,1,162.27
13075,93,4296,47,1,691.19
13076,93,4296,48,1,377.48
13077,93,4296,87,1,281.44
13078,93,4296,56,1,327.69
13079,147,4297,17,1,281.04
13080,147,4297,190,1,615.39
13081,218,4298,194,1,582.97
13082,72,4299,48,1,377.48
13083,72,4299,42,1,162.27
13084,72,4299,4,1,1045.02
13085,72,4299,46,1,121.09
13086,324,4300,116,1,136.01
13087,324,4300,52,1,108.37
13088,245,4301,42,1,162.27
13089,245,4301,26,1,547.5
13090,245,4301,47,1,691.19
13091,122,4302,32,1,182.43
13092,122,4302,37,1,113.29
13093,122,4302,39,1,51.31
13094,122,4302,119,1,1350.85
13095,122,4302,31,1,118.65
13096,244,4303,133,1,165.39
13097,244,4303,51,1,66.67
13098,244,4303,53,1,95.99
13099,244,4303,54,1,131.19
13100,244,4303,56,1,327.69
13101,408,4304,104,1,146.34
13102,408,4304,6,1,2618.75
13103,408,4304,47,1,691.19
13104,319,4305,86,1,336.99
13105,280,4306,184,1,617.48
13106,36,4307,178,1,3002.16
13107,36,4307,71,2,241.15
13108,121,4308,104,1,146.34
13109,213,4309,32,1,182.43
13110,213,4309,39,1,51.31
13111,213,4309,37,1,113.29
13112,213,4309,31,1,118.65
13113,90,4310,50,1,103.84
13114,90,4310,158,1,655.51
13115,422,4311,76,1,110.25
13116,422,4311,61,1,1462.89
13117,422,4311,47,1,691.19
13118,215,4312,187,1,521.01
13119,215,4312,175,1,152.85
13120,494,4313,33,1,404.5
13121,494,4313,34,1,269.1
13122,494,4313,35,1,790.82
13123,494,4313,38,1,325.54
13124,466,4314,32,2,182.43
13125,466,4314,1,1,5429.43
13126,466,4314,3,1,182.88
13127,466,4314,4,1,1045.02
13128,466,4314,10,1,96.42
13129,466,4314,89,1,73.16
13130,19,4315,179,1,148.28
13131,391,4316,110,1,228.23
13132,391,4316,49,1,247.85
13133,391,4316,51,1,66.67
13134,391,4316,54,1,131.19
13135,391,4316,56,1,327.69
13136,262,4317,25,1,958.76
13137,262,4317,83,1,584.83
13138,146,4318,2,1,6856.93
13139,146,4318,3,1,182.88
13140,146,4318,6,1,2618.75
13141,146,4318,9,2,864.52
13142,146,4318,17,1,281.04
13143,24,4319,56,1,327.69
13144,24,4319,39,1,51.31
13145,399,4320,18,2,685.51
13146,399,4320,51,1,66.67
13147,399,4320,53,1,95.99
13148,399,4320,56,1,327.69
13149,399,4320,30,1,583.67
13150,167,4321,1,1,5429.43
13151,167,4321,162,2,2324.66
13152,167,4321,3,1,182.88
13153,167,4321,4,1,1045.02
13154,167,4321,187,1,521.01
13155,325,4322,18,1,685.51
13156,325,4322,44,1,1768.56
13157,297,4323,1,1,5429.43
13158,297,4323,190,1,615.39
13159,404,4324,9,2,864.52
13160,404,4324,2,1,6856.93
13161,404,4324,3,1,182.88
13162,404,4324,183,1,171.04
13163,136,4325,33,2,404.5
13164,136,4325,34,2,269.1
13165,136,4325,53,1,95.99
13166,136,4325,70,1,1076.29
13167,153,4326,59,1,88.07
13168,153,4326,34,1,269.1
13169,153,4326,35,1,790.82
13170,153,4326,38,1,325.54
13171,181,4327,49,1,247.85
13172,335,4328,1,1,5429.43
13173,335,4328,3,1,182.88
13174,335,4328,4,1,1045.02
13175,335,4328,10,2,96.42
13176,335,4328,113,1,61.24
13177,349,4329,102,1,1982.66
13178,349,4329,23,1,3803.84
13179,444,4330,32,1,182.43
13180,444,4330,39,1,51.31
13181,99,4331,1,1,5429.43
13182,99,4331,10,1,96.42
13183,99,4331,49,1,247.85
13184,425,4332,51,1,66.67
13185,425,4332,54,1,131.19
13186,164,4333,138,1,2075.88
13187,164,4333,55,1,41.52
13188,460,4334,83,1,584.83
13189,460,4334,21,1,2953.99
13190,289,4335,39,1,51.31
13191,289,4335,159,1,132.33
13192,482,4336,59,1,88.07
13193,482,4336,75,1,670.09
13194,150,4337,83,1,584.83
13195,150,4337,47,1,691.19
13196,239,4338,32,1,182.43
13197,239,4338,147,1,4075.22
13198,239,4338,39,1,51.31
13199,239,4338,31,2,118.65
13200,115,4339,1,1,5429.43
13201,115,4339,33,1,404.5
13202,115,4339,4,1,1045.02
13203,115,4339,197,1,1440.46
13204,115,4339,10,1,96.42
13205,154,4340,14,1,687.06
13206,332,4341,33,1,404.5
13207,332,4341,34,1,269.1
13208,332,4341,35,1,790.82
13209,332,4341,38,1,325.54
13210,364,4342,130,1,3341.54
13211,309,4343,1,1,5429.43
13212,309,4343,3,2,182.88
13213,309,4343,4,2,1045.02
13214,309,4343,197,1,1440.46
13215,309,4343,179,1,148.28
13216,374,4344,30,1,583.67
13217,374,4344,23,2,3803.84
13218,292,4345,37,1,113.29
13219,292,4345,51,1,66.67
13220,292,4345,53,1,95.99
13221,292,4345,54,1,131.19
13222,292,4345,56,1,327.69
13223,292,4345,28,1,207.71
13224,109,4346,41,1,708.68
13225,109,4346,26,1,547.5
13226,254,4347,32,1,182.43
13227,254,4347,37,1,113.29
13228,254,4347,39,2,51.31
13229,254,4347,44,1,1768.56
13230,254,4347,90,2,2115.26
13231,254,4347,31,1,118.65
13232,101,4348,132,1,284.92
13233,101,4348,51,1,66.67
13234,101,4348,53,1,95.99
13235,101,4348,54,1,131.19
13236,101,4348,55,1,41.52
13237,114,4349,17,1,281.04
13238,114,4349,99,1,185.24
13239,90,4350,48,1,377.48
13240,90,4350,42,1,162.27
13241,90,4350,47,1,691.19
13242,129,4351,32,1,182.43
13243,129,4351,37,1,113.29
13244,129,4351,39,1,51.31
13245,129,4351,143,1,602.95
13246,129,4351,31,1,118.65
13247,325,4352,34,1,269.1
13248,325,4352,35,1,790.82
13249,325,4352,76,1,110.25
13250,325,4352,47,1,691.19
13251,118,4353,168,1,126.51
13252,118,4353,97,1,1968.21
13253,499,4354,33,1,404.5
13254,499,4354,34,1,269.1
13255,499,4354,35,1,790.82
13256,499,4354,38,1,325.54
13257,339,4355,48,1,377.48
13258,339,4355,47,1,691.19
13259,271,4356,33,1,404.5
13260,271,4356,34,1,269.1
13261,271,4356,35,1,790.82
13262,271,4356,133,1,165.39
13263,271,4356,38,1,325.54
13264,271,4356,108,1,5179.59
13265,24,4357,39,1,51.31
13266,24,4357,41,1,708.68
13267,24,4357,42,2,162.27
13268,24,4357,47,1,691.19
13269,24,4357,148,1,658.67
13270,121,4358,165,2,867.11
13271,121,4358,24,1,362.63
13272,121,4358,25,1,958.76
13273,121,4358,26,1,547.5
13274,121,4358,28,1,207.71
13275,142,4359,18,1,685.51
13276,142,4359,93,1,304.48
13277,16,4360,200,1,284.58
13278,16,4360,51,1,66.67
13279,16,4360,53,1,95.99
13280,35,4361,59,1,88.07
13281,35,4361,164,1,297.97
13282,141,4362,42,1,162.27
13283,141,4362,46,1,121.09
13284,141,4362,48,1,377.48
13285,141,4362,182,1,190.33
13286,141,4362,189,1,46.18
13287,125,4363,41,1,708.68
13288,125,4363,42,1,162.27
13289,125,4363,47,1,691.19
13290,130,4364,2,2,6856.93
13291,130,4364,3,1,182.88
13292,130,4364,9,1,864.52
13293,130,4364,115,1,131.51
13294,130,4364,190,1,615.39
13295,119,4365,32,1,182.43
13296,119,4365,37,1,113.29
13297,119,4365,39,1,51.31
13298,119,4365,74,2,132.13
13299,119,4365,31,1,118.65
13300,200,4366,108,1,5179.59
13301,361,4367,32,1,182.43
13302,361,4367,37,1,113.29
13303,162,4368,25,1,958.76
13304,162,4368,26,1,547.5
13305,162,4368,91,2,978.27
13306,162,4368,28,1,207.71
13307,162,4368,29,1,137.26
13308,191,4369,92,1,182.48
13309,191,4369,47,1,691.19
13310,164,4370,10,2,96.42
13311,5,4371,147,1,4075.22
13312,5,4371,95,1,217.5
13313,77,4372,25,1,958.76
13314,77,4372,28,1,207.71
13315,77,4372,29,1,137.26
13316,77,4372,17,1,281.04
13317,248,4373,1,2,5429.43
13318,248,4373,10,1,96.42
13319,248,4373,3,1,182.88
13320,260,4374,160,1,298.73
13321,404,4375,25,1,958.76
13322,404,4375,26,1,547.5
13323,404,4375,28,1,207.71
13324,404,4375,29,1,137.26
13325,265,4376,34,2,269.1
13326,265,4376,198,1,440.15
13327,265,4376,38,1,325.54
13328,103,4377,86,1,336.99
13329,103,4377,42,1,162.27
13330,103,4377,61,1,1462.89
13331,103,4377,46,1,121.09
13332,340,4378,48,1,377.48
13333,340,4378,41,1,708.68
13334,340,4378,91,1,978.27
13335,340,4378,47,1,691.19
13336,151,4379,34,1,269.1
13337,151,4379,35,2,790.82
13338,151,4379,38,2,325.54
13339,151,4379,146,1,323.76
13340,358,4380,33,1,404.5
13341,358,4380,34,1,269.1
13342,358,4380,6,1,2618.75
13343,358,4380,38,1,325.54
13344,358,4380,70,1,1076.29
13345,448,4381,32,1,182.43
13346,448,4381,123,1,140.92
13347,448,4381,37,1,113.29
13348,448,4381,39,1,51.31
13349,436,4382,46,2,121.09
13350,436,4382,48,1,377.48
13351,436,4382,50,1,103.84
13352,436,4382,22,1,2057.09
13353,436,4382,30,1,583.67
13354,124,4383,67,1,3651.66
13355,76,4384,3,1,182.88
13356,76,4385,182,1,190.33
13357,74,4386,102,1,1982.66
13358,74,4386,73,1,249.37
13359,74,4386,25,1,958.76
13360,74,4386,28,1,207.71
13361,74,4386,29,1,137.26
13362,488,4387,56,1,327.69
13363,488,4387,10,1,96.42
13364,488,4387,51,1,66.67
13365,488,4387,87,1,281.44
13366,304,4388,117,1,159.84
13367,304,4388,93,1,304.48
13368,7,4389,12,2,378.07
13369,7,4389,30,1,583.67
13370,457,4390,33,1,404.5
13371,457,4390,34,1,269.1
13372,457,4390,12,2,378.07
13373,457,4390,167,1,104.4
13374,72,4391,56,1,327.69
13375,72,4391,51,1,66.67
13376,72,4391,53,2,95.99
13377,149,4392,67,1,3651.66
13378,149,4392,35,1,790.82
13379,149,4392,42,1,162.27
13380,149,4392,46,1,121.09
13381,149,4392,48,1,377.48
13382,149,4392,50,1,103.84
13383,407,4393,137,1,593.31
13384,68,4394,134,1,3215.18
13385,295,4395,141,2,449.82
13386,155,4396,2,1,6856.93
13387,155,4396,3,1,182.88
13388,155,4396,131,1,457.64
13389,155,4396,9,1,864.52
13390,155,4396,109,1,44.98
13391,6,4397,129,1,94.56
13392,6,4397,2,1,6856.93
13393,6,4397,131,1,457.64
13394,6,4397,6,1,2618.75
13395,6,4397,9,1,864.52
13396,302,4398,42,2,162.27
13397,302,4398,50,2,103.84
13398,302,4398,166,1,184.75
13399,302,4398,46,1,121.09
13400,352,4399,1,1,5429.43
13401,352,4399,3,1,182.88
13402,352,4399,4,1,1045.02
13403,377,4400,137,1,593.31
13404,377,4400,25,1,958.76
13405,377,4400,26,2,547.5
13406,377,4400,28,2,207.71
13407,377,4400,29,1,137.26
13408,137,4401,160,1,298.73
13409,137,4401,1,1,5429.43
13410,137,4401,3,1,182.88
13411,137,4401,4,1,1045.02
13412,137,4401,10,2,96.42
13413,137,4401,20,1,600.91
13414,118,4402,149,1,652.63
13415,249,4403,48,1,377.48
13416,249,4403,42,1,162.27
13417,249,4403,46,1,121.09
13418,132,4404,14,1,687.06
13419,406,4405,133,2,165.39
13420,1,4406,170,1,810.36
13421,284,4407,32,1,182.43
13422,284,4407,39,2,51.31
13423,284,4407,37,1,113.29
13424,284,4407,31,1,118.65
13425,317,4408,1,1,5429.43
13426,317,4408,3,1,182.88
13427,317,4408,4,1,1045.02
13428,317,4408,10,1,96.42
13429,317,4408,24,1,362.63
13430,269,4409,32,1,182.43
13431,269,4409,64,1,578.73
13432,269,4409,160,1,298.73
13433,269,4409,37,1,113.29
13434,269,4409,39,1,51.31
13435,269,4409,31,1,118.65
13436,111,4410,51,1,66.67
13437,111,4410,53,1,95.99
13438,191,4411,25,1,958.76
13439,191,4411,45,1,207.67
13440,191,4411,29,1,137.26
13441,397,4412,48,1,377.48
13442,397,4412,33,1,404.5
13443,397,4412,34,1,269.1
13444,397,4412,38,1,325.54
13445,61,4413,51,2,66.67
13446,61,4413,53,1,95.99
13447,61,4413,54,1,131.19
13448,361,4414,158,1,655.51
13449,440,4415,146,1,323.76
13450,440,4415,135,1,248.61
13451,123,4416,129,1,94.56
13452,6,4417,36,2,703.99
13453,6,4417,47,1,691.19
13454,304,4418,97,1,1968.21
13455,54,4419,9,1,864.52
13456,54,4419,2,2,6856.93
13457,54,4419,3,1,182.88
13458,54,4419,6,1,2618.75
13459,112,4420,65,1,586.82
13460,112,4420,41,1,708.68
13461,27,4421,32,1,182.43
13462,27,4421,130,1,3341.54
13463,27,4421,37,1,113.29
13464,263,4422,48,1,377.48
13465,263,4422,41,1,708.68
13466,263,4422,42,1,162.27
13467,263,4422,47,1,691.19
13468,231,4423,63,1,557.39
13469,344,4424,105,2,250.27
13470,410,4425,32,1,182.43
13471,410,4425,9,1,864.52
13472,410,4425,37,1,113.29
13473,410,4425,39,1,51.31
13474,21,4426,32,1,182.43
13475,21,4426,39,1,51.31
13476,21,4426,37,1,113.29
13477,21,4426,31,1,118.65
13478,297,4427,11,1,73.96
13479,297,4427,108,1,5179.59
13480,381,4428,163,1,417.18
13481,381,4428,42,1,162.27
13482,381,4428,46,1,121.09
13483,381,4428,48,1,377.48
13484,381,4428,50,1,103.84
13485,128,4429,25,1,958.76
13486,128,4429,28,1,207.71
13487,95,4430,33,1,404.5
13488,95,4430,34,1,269.1
13489,95,4430,172,1,72.49
13490,95,4430,38,1,325.54
13491,194,4431,2,1,6856.93
13492,194,4431,3,1,182.88
13493,194,4431,6,1,2618.75
13494,194,4431,9,1,864.52
13495,194,4431,145,1,165.87
13496,18,4432,78,1,637.27
13497,18,4432,182,1,190.33
13498,83,4433,36,1,703.99
13499,83,4433,165,1,867.11
13500,309,4434,83,1,584.83
13501,309,4434,25,1,958.76
13502,309,4434,26,1,547.5
13503,309,4434,28,1,207.71
13504,309,4434,29,2,137.26
13505,24,4435,73,1,249.37
13506,24,4435,100,1,418.81
13507,321,4436,2,2,6856.93
13508,321,4436,71,1,241.15
13509,157,4437,42,1,162.27
13510,157,4437,46,1,121.09
13511,157,4437,48,1,377.48
13512,157,4437,50,2,103.84
13513,157,4437,115,1,131.51
13514,71,4438,25,1,958.76
13515,71,4438,26,1,547.5
13516,71,4438,29,1,137.26
13517,247,4439,7,1,2063.12
13518,15,4440,41,2,708.68
13519,15,4440,51,1,66.67
13520,15,4440,53,1,95.99
13521,15,4440,54,1,131.19
13522,15,4440,56,1,327.69
13523,25,4441,60,1,325.99
13524,25,4441,6,1,2618.75
13525,306,4442,33,1,404.5
13526,306,4442,34,1,269.1
13527,306,4442,35,1,790.82
13528,306,4442,198,1,440.15
13529,306,4442,38,2,325.54
13530,306,4442,16,1,680.77
13531,57,4443,25,1,958.76
13532,57,4443,26,2,547.5
13533,57,4443,179,1,148.28
13534,57,4443,29,1,137.26
13535,473,4444,93,1,304.48
13536,313,4445,136,1,1233.09
13537,313,4445,5,1,1043.64
13538,419,4446,168,1,126.51
13539,336,4447,33,1,404.5
13540,336,4447,34,1,269.1
13541,336,4447,35,1,790.82
13542,425,4448,65,1,586.82
13543,425,4448,89,1,73.16
13544,425,4448,42,1,162.27
13545,425,4448,47,1,691.19
13546,200,4449,34,1,269.1
13547,200,4449,35,1,790.82
13548,200,4449,38,1,325.54
13549,200,4449,114,1,246.79
13550,123,4450,48,1,377.48
13551,123,4450,33,1,404.5
13552,123,4450,46,1,121.09
13553,263,4451,177,1,3544.65
13554,263,4451,122,1,696.77
13555,336,4452,72,2,295.83
13556,336,4452,157,2,278.2
13557,148,4453,76,1,110.25
13558,148,4453,36,2,703.99
13559,237,4454,86,1,336.99
13560,325,4455,51,1,66.67
13561,267,4456,33,1,404.5
13562,267,4456,34,1,269.1
13563,267,4456,35,1,790.82
13564,267,4456,38,1,325.54
13565,267,4456,50,1,103.84
13566,267,4456,122,1,696.77
13567,420,4457,121,1,279.43
13568,151,4458,1,1,5429.43
13569,151,4458,10,1,96.42
13570,151,4458,46,1,121.09
13571,71,4459,89,1,73.16
13572,71,4459,180,1,279.71
13573,468,4460,48,1,377.48
13574,468,4460,41,1,708.68
13575,468,4460,47,2,691.19
13576,319,4461,128,1,664.23
13577,319,4461,108,1,5179.59
13578,31,4462,56,1,327.69
13579,31,4462,51,1,66.67
13580,31,4462,53,1,95.99
13581,31,4462,54,1,131.19
13582,204,4463,51,1,66.67
13583,204,4463,6,1,2618.75
13584,187,4464,125,1,208.91
13585,187,4464,111,1,453.66
13586,401,4465,51,1,66.67
13587,401,4465,53,1,95.99
13588,401,4465,54,1,131.19
13589,401,4465,56,1,327.69
13590,401,4465,155,1,298.62
13591,50,4466,42,1,162.27
13592,50,4466,50,1,103.84
13593,50,4466,46,1,121.09
13594,50,4466,138,1,2075.88
13595,153,4467,149,1,652.63
13596,153,4467,25,1,958.76
13597,153,4467,26,2,547.5
13598,153,4467,27,1,1128.13
13599,153,4467,29,2,137.26
13600,357,4468,178,1,3002.16
13601,175,4469,1,1,5429.43
13602,175,4469,10,1,96.42
13603,175,4469,2,1,6856.93
13604,192,4470,42,1,162.27
13605,197,4471,48,1,377.48
13606,197,4471,183,1,171.04
13607,197,4471,29,1,137.26
13608,197,4471,47,1,691.19
13609,96,4472,125,2,208.91
13610,284,4473,11,1,73.96
13611,470,4474,1,1,5429.43
13612,470,4474,3,1,182.88
13613,470,4474,4,1,1045.02
13614,470,4474,94,2,192.65
13615,140,4475,100,1,418.81
13616,140,4475,51,1,66.67
13617,140,4475,53,1,95.99
13618,140,4475,54,1,131.19
13619,140,4475,56,1,327.69
13620,140,4475,58,1,143.75
13621,421,4476,41,1,708.68
13622,421,4476,42,1,162.27
13623,421,4476,47,1,691.19
13624,421,4476,48,1,377.48
13625,421,4476,184,1,617.48
13626,15,4477,82,1,482.06
13627,15,4477,130,1,3341.54
13628,15,4477,51,1,66.67
13629,15,4477,53,1,95.99
13630,109,4478,33,1,404.5
13631,109,4478,34,1,269.1
13632,109,4478,35,1,790.82
13633,109,4478,38,1,325.54
13634,369,4479,145,1,165.87
13635,369,4479,23,1,3803.84
13636,461,4480,2,1,6856.93
13637,461,4480,3,1,182.88
13638,461,4480,6,1,2618.75
13639,461,4480,9,1,864.52
13640,461,4480,139,1,351.69
13641,289,4481,84,1,98.36
13642,289,4481,117,1,159.84
13643,273,4482,48,1,377.48
13644,273,4482,42,1,162.27
13645,273,4482,50,2,103.84
13646,273,4482,46,1,121.09
13647,36,4483,186,1,109.52
13648,36,4483,150,1,244.37
13649,9,4484,51,1,66.67
13650,9,4484,53,1,95.99
13651,9,4484,54,1,131.19
13652,68,4485,136,1,1233.09
13653,68,4485,22,1,2057.09
13654,367,4486,81,1,1613.84
13655,398,4487,43,1,1574.27
13656,398,4487,44,1,1768.56
13657,478,4488,192,1,105.53
13658,478,4488,42,1,162.27
13659,478,4488,50,1,103.84
13660,478,4488,46,1,121.09
13661,168,4489,8,1,338.12
13662,165,4490,78,1,637.27
13663,165,4490,144,1,91.59
13664,165,4490,51,1,66.67
13665,165,4490,54,1,131.19
13666,165,4490,56,1,327.69
13667,458,4491,53,1,95.99
13668,246,4492,1,1,5429.43
13669,246,4492,3,1,182.88
13670,246,4492,4,1,1045.02
13671,246,4492,150,1,244.37
13672,43,4493,77,1,193.57
13673,105,4494,64,1,578.73
13674,271,4495,48,1,377.48
13675,271,4495,46,1,121.09
13676,382,4496,72,1,295.83
13677,382,4496,41,1,708.68
13678,382,4496,42,1,162.27
13679,382,4496,47,1,691.19
13680,382,4496,48,1,377.48
13681,306,4497,16,1,680.77
13682,306,4497,94,1,192.65
13683,148,4498,32,1,182.43
13684,148,4498,68,2,1081.84
13685,148,4498,37,1,113.29
13686,148,4498,39,1,51.31
13687,148,4498,45,2,207.67
13688,148,4498,31,1,118.65
13689,400,4499,48,1,377.48
13690,400,4499,17,1,281.04
13691,400,4499,50,2,103.84
13692,400,4499,46,1,121.09
13693,352,4500,32,1,182.43
13694,352,4500,73,1,249.37
13695,352,4500,39,2,51.31
13696,72,4501,1,1,5429.43
13697,72,4501,3,2,182.88
13698,72,4501,4,1,1045.02
13699,72,4501,10,1,96.42
13700,72,4501,156,1,131.66
13701,162,4502,48,1,377.48
13702,162,4502,41,1,708.68
13703,162,4502,47,1,691.19
13704,116,4503,33,1,404.5
13705,116,4503,34,1,269.1
13706,116,4503,38,1,325.54
13707,116,4503,54,2,131.19
13708,116,4503,90,1,2115.26
13709,131,4504,32,2,182.43
13710,131,4504,193,2,256.05
13711,131,4504,107,1,5057.62
13712,131,4504,37,1,113.29
13713,447,4505,25,2,958.76
13714,447,4505,28,1,207.71
13715,447,4505,29,1,137.26
13716,205,4506,152,1,92.66
13717,205,4506,84,1,98.36
13718,156,4507,184,1,617.48
13719,156,4507,9,1,864.52
13720,156,4507,2,1,6856.93
13721,156,4507,175,2,152.85
13722,478,4508,80,2,996.58
13723,478,4508,165,1,867.11
13724,49,4509,17,1,281.04
13725,49,4509,135,1,248.61
13726,418,4510,68,1,1081.84
13727,418,4510,157,1,278.2
13728,226,4511,21,1,2953.99
13729,440,4512,2,2,6856.93
13730,440,4512,3,1,182.88
13731,440,4512,98,1,449.02
13732,440,4512,6,1,2618.75
13733,440,4512,9,1,864.52
13734,440,4512,85,2,1742.75
13735,52,4513,26,1,547.5
13736,52,4513,25,1,958.76
13737,52,4513,186,1,109.52
13738,52,4513,28,1,207.71
13739,52,4513,29,1,137.26
13740,148,4514,25,1,958.76
13741,455,4515,135,1,248.61
13742,359,4516,25,2,958.76
13743,359,4516,19,1,195.42
13744,359,4516,28,1,207.71
13745,192,4517,48,1,377.48
13746,192,4517,47,1,691.19
13747,4,4518,25,1,958.76
13748,4,4518,26,1,547.5
13749,4,4518,83,2,584.83
13750,4,4518,29,1,137.26
13751,22,4519,33,1,404.5
13752,22,4519,34,1,269.1
13753,22,4519,35,1,790.82
13754,22,4519,38,1,325.54
13755,328,4520,176,1,1269.55
13756,328,4520,1,1,5429.43
13757,328,4520,10,1,96.42
13758,328,4520,4,1,1045.02
13759,198,4521,41,1,708.68
13760,273,4522,25,1,958.76
13761,273,4522,26,1,547.5
13762,273,4522,29,1,137.26
13763,149,4523,32,1,182.43
13764,149,4523,39,1,51.31
13765,149,4523,50,1,103.84
13766,149,4523,117,1,159.84
13767,149,4523,31,1,118.65
13768,393,4524,85,1,1742.75
13769,393,4524,21,1,2953.99
13770,145,4525,44,1,1768.56
13771,145,4525,134,1,3215.18
13772,267,4526,2,1,6856.93
13773,267,4526,3,1,182.88
13774,267,4526,173,1,426.85
13775,160,4527,22,1,2057.09
13776,156,4528,9,1,864.52
13777,156,4528,2,2,6856.93
13778,156,4528,6,1,2618.75
13779,35,4529,18,1,685.51
13780,35,4529,134,1,3215.18
13781,53,4530,32,1,182.43
13782,53,4530,26,1,547.5
13783,53,4530,37,1,113.29
13784,53,4530,39,1,51.31
13785,1,4531,50,1,103.84
13786,1,4531,181,1,353.61
13787,1,4531,46,1,121.09
13788,274,4532,83,1,584.83
13789,274,4532,51,1,66.67
13790,274,4532,53,1,95.99
13791,274,4532,54,1,131.19
13792,274,4532,56,1,327.69
13793,478,4533,48,1,377.48
13794,478,4533,50,1,103.84
13795,478,4533,166,1,184.75
13796,478,4533,46,1,121.09
13797,204,4534,32,1,182.43
13798,204,4534,25,1,958.76
13799,492,4535,32,1,182.43
13800,492,4535,127,1,209.71
13801,492,4535,39,1,51.31
13802,409,4536,25,1,958.76
13803,409,4536,26,1,547.5
13804,409,4536,28,1,207.71
13805,409,4536,29,2,137.26
13806,260,4537,41,1,708.68
13807,191,4538,42,1,162.27
13808,191,4538,59,1,88.07
13809,191,4538,46,1,121.09
13810,191,4538,39,1,51.31
13811,5,4539,2,1,6856.93
13812,5,4539,19,1,195.42
13813,5,4539,190,1,615.39
13814,5,4539,6,1,2618.75
13815,300,4540,1,1,5429.43
13816,300,4540,4,1,1045.02
13817,300,4540,136,2,1233.09
13818,300,4540,10,1,96.42
13819,300,4540,94,1,192.65
13820,256,4541,32,1,182.43
13821,256,4541,39,1,51.31
13822,256,4541,176,1,1269.55
13823,256,4541,31,1,118.65
13824,160,4542,32,1,182.43
13825,160,4542,39,1,51.31
13826,160,4542,37,1,113.29
13827,160,4542,31,1,118.65
13828,434,4543,138,1,2075.88
13829,434,4543,190,1,615.39
13830,92,4544,32,1,182.43
13831,92,4544,37,1,113.29
13832,92,4544,39,1,51.31
13833,92,4544,19,1,195.42
13834,92,4544,120,1,37.31
13835,32,4545,131,1,457.64
13836,67,4546,48,1,377.48
13837,67,4546,42,1,162.27
13838,67,4546,50,1,103.84
13839,67,4546,46,1,121.09
13840,364,4547,155,1,298.62
13841,95,4548,117,1,159.84
13842,95,4548,181,1,353.61
13843,440,4549,152,1,92.66
13844,440,4549,9,1,864.52
13845,440,4549,2,1,6856.93
13846,440,4549,6,1,2618.75
13847,361,4550,41,1,708.68
13848,361,4550,143,1,602.95
13849,281,4551,9,1,864.52
13850,281,4551,2,1,6856.93
13851,281,4551,3,1,182.88
13852,281,4551,6,1,2618.75
13853,323,4552,42,1,162.27
13854,323,4552,50,1,103.84
13855,323,4552,46,1,121.09
13856,404,4553,33,1,404.5
13857,404,4553,34,1,269.1
13858,404,4553,35,1,790.82
13859,494,4554,180,2,279.71
13860,494,4554,149,1,652.63
13861,340,4555,1,1,5429.43
13862,340,4555,10,1,96.42
13863,340,4555,3,2,182.88
13864,340,4555,4,1,1045.02
13865,306,4556,104,2,146.34
13866,306,4556,108,1,5179.59
13867,267,4557,48,1,377.48
13868,180,4558,77,1,193.57
13869,180,4558,25,1,958.76
13870,180,4558,90,1,2115.26
13871,180,4558,28,1,207.71
13872,180,4558,29,1,137.26
13873,69,4559,39,1,51.31
13874,69,4559,41,1,708.68
13875,69,4559,42,1,162.27
13876,69,4559,12,1,378.07
13877,69,4559,47,1,691.19
13878,255,4560,39,1,51.31
13879,377,4561,45,1,207.67
13880,199,4562,33,1,404.5
13881,153,4563,127,1,209.71
13882,73,4564,120,1,37.31
13883,73,4564,51,1,66.67
13884,73,4564,53,1,95.99
13885,163,4565,32,1,182.43
13886,163,4565,37,1,113.29
13887,163,4565,39,1,51.31
13888,163,4565,117,1,159.84
13889,163,4565,31,1,118.65
13890,11,4566,32,1,182.43
13891,11,4566,37,1,113.29
13892,11,4566,39,1,51.31
13893,11,4566,40,1,36.51
13894,11,4566,78,1,637.27
13895,299,4567,25,1,958.76
13896,299,4567,28,1,207.71
13897,299,4567,29,1,137.26
13898,264,4568,34,1,269.1
13899,264,4568,38,2,325.54
13900,164,4569,27,1,1128.13
13901,164,4569,140,1,61.32
13902,26,4570,169,1,452.68
13903,26,4570,39,2,51.31
13904,274,4571,32,1,182.43
13905,274,4571,37,1,113.29
13906,274,4571,39,1,51.31
13907,383,4572,48,2,377.48
13908,383,4572,41,1,708.68
13909,383,4572,71,1,241.15
13910,383,4572,47,1,691.19
13911,156,4573,42,2,162.27
13912,156,4573,46,1,121.09
13913,156,4573,48,1,377.48
13914,156,4573,50,1,103.84
13915,156,4573,190,1,615.39
13916,494,4574,25,1,958.76
13917,494,4574,28,1,207.71
13918,494,4574,29,1,137.26
13919,435,4575,32,1,182.43
13920,435,4575,4,1,1045.02
13921,435,4575,37,1,113.29
13922,435,4575,39,2,51.31
13923,111,4576,64,1,578.73
13924,111,4576,5,1,1043.64
13925,140,4577,32,1,182.43
13926,140,4577,128,1,664.23
13927,140,4577,37,1,113.29
13928,140,4577,39,1,51.31
13929,140,4577,31,1,118.65
13930,316,4578,2,1,6856.93
13931,316,4578,196,1,211.44
13932,316,4578,42,1,162.27
13933,316,4578,46,1,121.09
13934,316,4578,50,1,103.84
13935,111,4579,131,1,457.64
13936,111,4579,181,1,353.61
13937,363,4580,64,1,578.73
13938,363,4580,42,1,162.27
13939,363,4580,37,1,113.29
13940,363,4580,46,1,121.09
13941,150,4581,25,1,958.76
13942,150,4581,26,1,547.5
13943,150,4581,28,1,207.71
13944,150,4581,29,1,137.26
13945,215,4582,34,1,269.1
13946,215,4582,38,1,325.54
13947,202,4583,164,1,297.97
13948,202,4583,42,1,162.27
13949,202,4583,47,1,691.19
13950,202,4583,48,1,377.48
13951,202,4583,120,1,37.31
13952,364,4584,42,1,162.27
13953,364,4584,50,1,103.84
13954,364,4584,46,1,121.09
13955,395,4585,9,1,864.52
13956,395,4585,2,1,6856.93
13957,395,4585,3,2,182.88
13958,372,4586,56,1,327.69
13959,372,4586,51,1,66.67
13960,372,4586,53,1,95.99
13961,301,4587,121,1,279.43
13962,396,4588,42,1,162.27
13963,396,4588,46,1,121.09
13964,396,4588,143,1,602.95
13965,396,4588,48,1,377.48
13966,396,4588,50,1,103.84
13967,236,4589,137,1,593.31
13968,236,4589,33,1,404.5
13969,236,4589,34,2,269.1
13970,236,4589,35,1,790.82
13971,322,4590,25,1,958.76
13972,322,4590,26,1,547.5
13973,322,4590,28,1,207.71
13974,375,4591,120,1,37.31
13975,375,4591,25,1,958.76
13976,375,4591,26,1,547.5
13977,375,4591,28,1,207.71
13978,375,4591,29,1,137.26
13979,398,4592,32,1,182.43
13980,398,4592,128,1,664.23
13981,398,4592,37,1,113.29
13982,398,4592,39,1,51.31
13983,244,4593,80,1,996.58
13984,244,4593,134,2,3215.18
13985,190,4594,56,1,327.69
13986,190,4594,146,1,323.76
13987,435,4595,153,1,564.14
13988,435,4595,183,1,171.04
13989,416,4596,32,1,182.43
13990,416,4596,37,1,113.29
13991,151,4597,1,1,5429.43
13992,151,4597,3,1,182.88
13993,151,4597,4,1,1045.02
13994,151,4597,10,1,96.42
13995,151,4597,139,1,351.69
13996,30,4598,41,1,708.68
13997,30,4598,47,1,691.19
13998,30,4598,48,1,377.48
13999,30,4598,57,1,215.42
14000,30,4598,29,1,137.26
14001,388,4599,100,1,418.81
14002,376,4600,73,1,249.37
14003,376,4600,185,1,329.38
14004,91,4601,182,1,190.33
14005,91,4601,127,1,209.71
14006,299,4602,196,1,211.44
14007,299,4602,116,1,136.01
14008,297,4603,41,1,708.68
14009,297,4603,2,1,6856.93
14010,297,4603,3,1,182.88
14011,297,4603,6,1,2618.75
14012,319,4604,31,2,118.65
14013,375,4605,48,1,377.48
14014,375,4605,41,1,708.68
14015,375,4605,47,1,691.19
14016,483,4606,182,1,190.33
14017,365,4607,34,1,269.1
14018,365,4607,35,1,790.82
14019,365,4607,70,1,1076.29
14020,365,4607,38,1,325.54
14021,365,4607,56,1,327.69
14022,373,4608,49,1,247.85
14023,373,4608,59,1,88.07
14024,279,4609,42,1,162.27
14025,279,4609,47,1,691.19
14026,279,4609,48,1,377.48
14027,279,4609,24,1,362.63
14028,279,4609,62,2,122.09
14029,218,4610,34,1,269.1
14030,218,4610,35,1,790.82
14031,218,4610,38,1,325.54
14032,218,4610,175,1,152.85
14033,134,4611,120,1,37.31
14034,134,4611,25,1,958.76
14035,134,4611,26,1,547.5
14036,134,4611,3,1,182.88
14037,319,4612,1,1,5429.43
14038,319,4612,10,1,96.42
14039,319,4612,4,1,1045.02
14040,304,4613,127,1,209.71
14041,215,4614,86,1,336.99
14042,215,4614,38,1,325.54
14043,93,4615,108,1,5179.59
14044,93,4615,31,2,118.65
14045,184,4616,56,1,327.69
14046,184,4616,51,1,66.67
14047,184,4616,53,1,95.99
14048,184,4616,54,1,131.19
14049,353,4617,25,1,958.76
14050,353,4617,28,1,207.71
14051,374,4618,1,1,5429.43
14052,374,4618,10,1,96.42
14053,422,4619,98,1,449.02
14054,422,4619,11,1,73.96
14055,284,4620,104,1,146.34
14056,284,4620,9,1,864.52
14057,284,4620,2,1,6856.93
14058,284,4620,42,1,162.27
14059,424,4621,160,1,298.73
14060,424,4621,112,1,2651.9
14061,155,4622,163,1,417.18
14062,155,4622,69,1,5185.33
14063,357,4623,9,2,864.52
14064,357,4623,2,1,6856.93
14065,357,4623,3,1,182.88
14066,357,4623,6,1,2618.75
14067,199,4624,161,1,280.14
14068,78,4625,32,1,182.43
14069,78,4625,199,2,107.47
14070,78,4625,39,1,51.31
14071,78,4625,31,1,118.65
14072,246,4626,25,1,958.76
14073,246,4626,139,2,351.69
14074,246,4626,28,2,207.71
14075,246,4626,29,1,137.26
14076,71,4627,148,1,658.67
14077,120,4628,152,1,92.66
14078,120,4628,25,1,958.76
14079,120,4628,26,1,547.5
14080,120,4628,28,1,207.71
14081,120,4628,29,1,137.26
14082,437,4629,20,1,600.91
14083,437,4629,5,1,1043.64
14084,365,4630,161,1,280.14
14085,365,4630,41,1,708.68
14086,365,4630,42,1,162.27
14087,365,4630,47,1,691.19
14088,365,4630,48,1,377.48
14089,365,4630,179,1,148.28
14090,473,4631,102,1,1982.66
14091,473,4631,175,1,152.85
14092,188,4632,32,1,182.43
14093,188,4632,69,1,5185.33
14094,188,4632,37,1,113.29
14095,188,4632,39,1,51.31
14096,188,4632,31,1,118.65
14097,436,4633,1,1,5429.43
14098,436,4633,3,1,182.88
14099,436,4633,4,1,1045.02
14100,436,4633,10,1,96.42
14101,436,4633,76,1,110.25
14102,436,4633,145,1,165.87
14103,384,4634,142,1,243.55
14104,308,4635,2,1,6856.93
14105,308,4635,3,1,182.88
14106,308,4635,6,1,2618.75
14107,308,4635,9,1,864.52
14108,308,4635,16,1,680.77
14109,123,4636,25,1,958.76
14110,123,4636,28,1,207.71
14111,20,4637,42,1,162.27
14112,20,4637,46,1,121.09
14113,20,4637,48,1,377.48
14114,20,4637,50,1,103.84
14115,20,4637,184,1,617.48
14116,20,4637,157,1,278.2
14117,25,4638,39,1,51.31
14118,360,4639,13,1,342.07
14119,68,4640,9,1,864.52
14120,68,4640,2,1,6856.93
14121,68,4640,3,1,182.88
14122,68,4640,6,1,2618.75
14123,64,4641,154,1,3786.85
14124,179,4642,9,1,864.52
14125,179,4642,2,1,6856.93
14126,179,4642,6,1,2618.75
14127,6,4643,41,1,708.68
14128,6,4643,42,1,162.27
14129,6,4643,47,1,691.19
14130,6,4643,48,1,377.48
14131,6,4643,179,1,148.28
14132,433,4644,54,1,131.19
14133,407,4645,9,1,864.52
14134,407,4645,2,1,6856.93
14135,407,4645,90,1,2115.26
14136,407,4645,6,1,2618.75
14137,129,4646,12,1,378.07
14138,369,4647,128,1,664.23
14139,369,4647,91,1,978.27
14140,2,4648,42,2,162.27
14141,2,4648,46,1,121.09
14142,2,4648,48,1,377.48
14143,2,4648,50,1,103.84
14144,2,4648,55,1,41.52
14145,2,4648,157,1,278.2
14146,134,4649,48,1,377.48
14147,134,4649,41,1,708.68
14148,134,4649,47,1,691.19
14149,150,4650,178,1,3002.16
14150,193,4651,76,2,110.25
14151,32,4652,169,1,452.68
14152,32,4652,46,1,121.09
14153,22,4653,25,1,958.76
14154,22,4653,45,1,207.67
14155,22,4653,28,1,207.71
14156,22,4653,29,1,137.26
14157,353,4654,173,1,426.85
14158,353,4654,119,2,1350.85
14159,38,4655,25,2,958.76
14160,38,4655,26,1,547.5
14161,38,4655,29,1,137.26
14162,38,4655,110,1,228.23
14163,110,4656,179,1,148.28
14164,120,4657,158,1,655.51
14165,168,4658,135,1,248.61
14166,168,4658,41,1,708.68
14167,168,4658,42,1,162.27
14168,168,4658,47,1,691.19
14169,168,4658,48,1,377.48
14170,400,4659,1,1,5429.43
14171,400,4659,3,1,182.88
14172,400,4659,4,1,1045.02
14173,400,4659,67,1,3651.66
14174,400,4659,10,1,96.42
14175,400,4659,75,2,670.09
14176,495,4660,3,1,182.88
14177,495,4660,103,1,398.87
14178,190,4661,9,2,864.52
14179,190,4661,2,1,6856.93
14180,190,4661,3,1,182.88
14181,311,4662,1,1,5429.43
14182,311,4662,3,1,182.88
14183,311,4662,4,1,1045.02
14184,311,4662,10,1,96.42
14185,311,4662,46,1,121.09
14186,149,4663,42,1,162.27
14187,149,4663,148,1,658.67
14188,149,4663,46,1,121.09
14189,169,4664,35,1,790.82
14190,169,4664,136,2,1233.09
14191,169,4664,42,1,162.27
14192,169,4664,46,1,121.09
14193,169,4664,50,1,103.84
14194,109,4665,9,1,864.52
14195,109,4665,2,1,6856.93
14196,109,4665,185,2,329.38
14197,109,4665,6,1,2618.75
14198,69,4666,30,1,583.67
14199,187,4667,59,2,88.07
14200,192,4668,25,1,958.76
14201,192,4668,26,1,547.5
14202,343,4669,1,2,5429.43
14203,343,4669,33,1,404.5
14204,343,4669,3,1,182.88
14205,343,4669,4,1,1045.02
14206,343,4669,10,1,96.42
14207,269,4670,18,1,685.51
14208,418,4671,9,1,864.52
14209,418,4671,2,1,6856.93
14210,418,4671,3,1,182.88
14211,418,4671,6,1,2618.75
14212,155,4672,1,1,5429.43
14213,155,4672,10,1,96.42
14214,155,4672,153,1,564.14
14215,155,4672,52,1,108.37
14216,117,4673,50,1,103.84
14217,117,4673,142,1,243.55
14218,117,4673,156,1,131.66
14219,117,4673,46,1,121.09
14220,30,4674,48,1,377.48
14221,30,4674,42,1,162.27
14222,30,4674,50,1,103.84
14223,30,4674,46,1,121.09
14224,98,4675,32,1,182.43
14225,98,4675,142,1,243.55
14226,98,4675,159,2,132.33
14227,495,4676,32,1,182.43
14228,495,4676,39,1,51.31
14229,495,4676,31,2,118.65
14230,124,4677,1,1,5429.43
14231,124,4677,10,1,96.42
14232,124,4677,3,2,182.88
14233,124,4677,38,1,325.54
14234,195,4678,10,1,96.42
14235,392,4679,2,1,6856.93
14236,392,4679,3,1,182.88
14237,392,4679,70,1,1076.29
14238,392,4679,9,1,864.52
14239,392,4679,63,1,557.39
14240,386,4680,34,1,269.1
14241,386,4680,35,1,790.82
14242,386,4680,38,1,325.54
14243,213,4681,33,2,404.5
14244,213,4681,34,2,269.1
14245,213,4681,35,2,790.82
14246,213,4681,38,2,325.54
14247,213,4681,84,1,98.36
14248,213,4681,89,1,73.16
14249,465,4682,48,2,377.48
14250,465,4682,42,2,162.27
14251,465,4682,83,2,584.83
14252,465,4682,46,1,121.09
14253,384,4683,72,1,295.83
14254,384,4683,9,1,864.52
14255,189,4684,17,1,281.04
14256,189,4684,125,1,208.91
14257,110,4685,32,1,182.43
14258,110,4685,37,1,113.29
14259,110,4685,39,1,51.31
14260,110,4685,14,1,687.06
14261,110,4685,120,1,37.31
14262,110,4685,31,1,118.65
14263,228,4686,1,1,5429.43
14264,228,4686,3,1,182.88
14265,228,4686,4,1,1045.02
14266,228,4686,170,1,810.36
14267,228,4686,55,1,41.52
14268,311,4687,1,1,5429.43
14269,311,4687,124,1,4869.43
14270,129,4688,42,1,162.27
14271,129,4688,46,1,121.09
14272,203,4689,32,1,182.43
14273,203,4689,175,1,152.85
14274,203,4689,39,1,51.31
14275,327,4690,1,1,5429.43
14276,327,4690,4,1,1045.02
14277,314,4691,1,1,5429.43
14278,314,4691,10,1,96.42
14279,314,4691,3,1,182.88
14280,314,4691,174,1,886.97
14281,316,4692,144,1,91.59
14282,158,4693,33,1,404.5
14283,158,4693,34,1,269.1
14284,158,4693,35,1,790.82
14285,158,4693,47,1,691.19
14286,158,4693,29,1,137.26
14287,399,4694,190,1,615.39
14288,460,4695,4,1,1045.02
14289,297,4696,28,1,207.71
14290,221,4697,3,1,182.88
14291,140,4698,32,1,182.43
14292,140,4698,39,1,51.31
14293,140,4698,31,1,118.65
14294,321,4699,119,1,1350.85
14295,6,4700,29,1,137.26
14296,6,4700,134,1,3215.18
14297,10,4701,2,1,6856.93
14298,10,4701,3,1,182.88
14299,10,4701,6,2,2618.75
14300,10,4701,9,2,864.52
14301,10,4701,52,1,108.37
14302,464,4702,2,1,6856.93
14303,464,4702,3,2,182.88
14304,199,4703,64,1,578.73
14305,199,4703,11,1,73.96
14306,469,4704,1,1,5429.43
14307,469,4704,3,1,182.88
14308,469,4704,4,2,1045.02
14309,469,4704,10,2,96.42
14310,469,4704,112,1,2651.9
14311,469,4704,88,1,398.34
14312,31,4705,1,1,5429.43
14313,31,4705,4,2,1045.02
14314,173,4706,33,1,404.5
14315,173,4706,34,1,269.1
14316,173,4706,172,1,72.49
14317,173,4706,106,1,449.77
14318,436,4707,34,1,269.1
14319,436,4707,35,1,790.82
14320,436,4707,38,2,325.54
14321,184,4708,1,1,5429.43
14322,184,4708,3,1,182.88
14323,184,4708,195,1,411.6
14324,184,4708,10,1,96.42
14325,184,4708,51,1,66.67
14326,49,4709,171,1,100.57
14327,49,4709,118,1,175.91
14328,430,4710,48,2,377.48
14329,430,4710,41,1,708.68
14330,430,4710,79,1,421.1
14331,430,4710,47,1,691.19
14332,469,4711,89,1,73.16
14333,182,4712,48,1,377.48
14334,182,4712,170,2,810.36
14335,491,4713,25,1,958.76
14336,491,4713,29,2,137.26
14337,15,4714,32,1,182.43
14338,15,4714,41,1,708.68
14339,15,4714,37,1,113.29
14340,15,4714,31,1,118.65
14341,92,4715,130,1,3341.54
14342,92,4715,39,1,51.31
14343,169,4716,25,1,958.76
14344,169,4716,26,1,547.5
14345,169,4716,28,1,207.71
14346,169,4716,44,1,1768.56
14347,458,4717,25,1,958.76
14348,458,4717,26,1,547.5
14349,458,4717,28,1,207.71
14350,458,4717,29,1,137.26
14351,255,4718,32,1,182.43
14352,255,4718,124,1,4869.43
14353,255,4718,141,1,449.82
14354,255,4718,39,1,51.31
14355,185,4719,70,1,1076.29
14356,333,4720,1,1,5429.43
14357,333,4720,10,1,96.42
14358,333,4720,3,1,182.88
14359,333,4720,4,1,1045.02
14360,147,4721,5,1,1043.64
14361,147,4721,101,1,241.26
14362,268,4722,34,1,269.1
14363,268,4722,35,1,790.82
14364,268,4722,38,1,325.54
14365,385,4723,1,2,5429.43
14366,385,4723,10,1,96.42
14367,385,4723,3,1,182.88
14368,385,4723,4,1,1045.02
14369,210,4724,1,1,5429.43
14370,210,4724,10,1,96.42
14371,210,4724,3,1,182.88
14372,379,4725,32,1,182.43
14373,379,4725,37,1,113.29
14374,379,4725,39,1,51.31
14375,379,4725,123,1,140.92
14376,379,4725,31,2,118.65
14377,479,4726,56,1,327.69
14378,479,4726,51,1,66.67
14379,479,4726,53,1,95.99
14380,447,4727,33,1,404.5
14381,447,4727,34,1,269.1
14382,447,4727,13,1,342.07
14383,447,4727,38,1,325.54
14384,423,4728,1,1,5429.43
14385,423,4728,3,1,182.88
14386,423,4728,4,1,1045.02
14387,423,4728,78,2,637.27
14388,423,4728,178,1,3002.16
14389,462,4729,33,1,404.5
14390,462,4729,34,2,269.1
14391,462,4729,35,1,790.82
14392,462,4729,38,1,325.54
14393,424,4730,2,1,6856.93
14394,424,4730,99,2,185.24
14395,424,4730,3,1,182.88
14396,424,4730,6,1,2618.75
14397,424,4730,9,1,864.52
14398,424,4730,91,1,978.27
14399,316,4731,101,1,241.26
14400,343,4732,2,1,6856.93
14401,343,4732,3,1,182.88
14402,343,4732,194,1,582.97
14403,343,4732,6,1,2618.75
14404,343,4732,9,1,864.52
14405,343,4732,184,1,617.48
14406,446,4733,33,1,404.5
14407,446,4733,34,1,269.1
14408,446,4733,35,1,790.82
14409,446,4733,55,1,41.52
14410,446,4733,90,1,2115.26
14411,470,4734,2,1,6856.93
14412,470,4734,3,1,182.88
14413,470,4734,6,1,2618.75
14414,470,4734,200,1,284.58
14415,470,4734,9,1,864.52
14416,470,4734,156,1,131.66
14417,216,4735,32,1,182.43
14418,216,4735,106,1,449.77
14419,216,4735,39,1,51.31
14420,216,4735,31,1,118.65
14421,330,4736,98,2,449.02
14422,330,4736,22,1,2057.09
14423,370,4737,138,1,2075.88
14424,370,4737,94,1,192.65
14425,4,4738,51,1,66.67
14426,283,4739,33,1,404.5
14427,283,4739,34,1,269.1
14428,283,4739,35,1,790.82
14429,283,4739,38,2,325.54
14430,161,4740,51,1,66.67
14431,161,4740,2,1,6856.93
14432,161,4740,3,1,182.88
14433,161,4740,44,1,1768.56
14434,203,4741,2,1,6856.93
14435,203,4741,3,1,182.88
14436,352,4742,83,1,584.83
14437,352,4742,71,1,241.15
14438,229,4743,32,1,182.43
14439,229,4743,177,1,3544.65
14440,371,4744,25,1,958.76
14441,371,4744,26,2,547.5
14442,371,4744,28,1,207.71
14443,371,4744,29,1,137.26
14444,143,4745,9,1,864.52
14445,143,4745,2,1,6856.93
14446,143,4745,6,1,2618.75
14447,51,4746,44,1,1768.56
14448,270,4747,41,1,708.68
14449,270,4747,12,1,378.07
14450,270,4747,47,1,691.19
14451,270,4747,48,1,377.48
14452,270,4747,187,1,521.01
14453,361,4748,1,1,5429.43
14454,361,4748,4,1,1045.02
14455,361,4748,10,2,96.42
14456,361,4748,180,2,279.71
14457,361,4748,52,1,108.37
14458,472,4749,32,1,182.43
14459,472,4749,84,1,98.36
14460,472,4749,37,1,113.29
14461,472,4749,31,1,118.65
14462,140,4750,112,1,2651.9
14463,140,4750,32,1,182.43
14464,140,4750,51,1,66.67
14465,140,4750,53,1,95.99
14466,489,4751,32,1,182.43
14467,489,4751,37,1,113.29
14468,489,4751,39,1,51.31
14469,82,4752,25,1,958.76
14470,82,4752,26,1,547.5
14471,82,4752,28,1,207.71
14472,82,4752,135,2,248.61
14473,400,4753,108,1,5179.59
14474,400,4753,149,1,652.63
14475,300,4754,1,1,5429.43
14476,300,4754,3,1,182.88
14477,300,4754,4,1,1045.02
14478,300,4754,10,1,96.42
14479,300,4754,118,1,175.91
14480,300,4754,157,1,278.2
14481,430,4755,1,1,5429.43
14482,430,4755,3,1,182.88
14483,430,4755,4,1,1045.02
14484,430,4755,102,1,1982.66
14485,430,4755,10,1,96.42
14486,430,4755,15,1,478.33
14487,13,4756,66,1,234.31
14488,13,4756,198,1,440.15
14489,149,4757,187,1,521.01
14490,6,4758,145,1,165.87
14491,6,4758,2,1,6856.93
14492,6,4758,6,1,2618.75
14493,6,4758,191,1,2178.66
14494,420,4759,55,1,41.52
14495,388,4760,9,1,864.52
14496,388,4760,2,2,6856.93
14497,388,4760,6,1,2618.75
14498,388,4760,194,1,582.97
14499,131,4761,32,2,182.43
14500,131,4761,37,1,113.29
14501,131,4761,31,1,118.65
14502,430,4762,117,1,159.84
14503,430,4762,86,1,336.99
14504,224,4763,32,1,182.43
14505,224,4763,76,1,110.25
14506,224,4763,96,1,2249.21
14507,224,4763,39,1,51.31
14508,479,4764,25,1,958.76
14509,479,4764,26,1,547.5
14510,479,4764,174,1,886.97
14511,479,4764,118,1,175.91
14512,189,4765,33,1,404.5
14513,189,4765,34,1,269.1
14514,189,4765,35,1,790.82
14515,189,4765,167,1,104.4
14516,189,4765,175,1,152.85
14517,489,4766,185,1,329.38
14518,224,4767,176,1,1269.55
14519,224,4767,100,1,418.81
14520,344,4768,195,1,411.6
14521,344,4768,175,1,152.85
14522,344,4768,25,1,958.76
14523,344,4768,26,1,547.5
14524,344,4768,28,1,207.71
14525,344,4768,29,1,137.26
14526,396,4769,48,1,377.48
14527,396,4769,130,1,3341.54
14528,396,4769,46,1,121.09
14529,396,4769,184,1,617.48
14530,155,4770,1,1,5429.43
14531,155,4770,3,1,182.88
14532,155,4770,4,1,1045.02
14533,270,4771,32,2,182.43
14534,270,4771,37,1,113.29
14535,270,4771,31,1,118.65
14536,417,4772,48,1,377.48
14537,417,4772,42,1,162.27
14538,417,4772,47,1,691.19
14539,404,4773,122,1,696.77
14540,404,4773,146,1,323.76
14541,254,4774,42,1,162.27
14542,254,4774,47,1,691.19
14543,331,4775,32,1,182.43
14544,331,4775,21,1,2953.99
14545,331,4775,37,2,113.29
14546,331,4775,39,1,51.31
14547,379,4776,20,1,600.91
14548,491,4777,4,1,1045.02
14549,491,4777,167,1,104.4
14550,5,4778,184,1,617.48
14551,5,4778,140,1,61.32
14552,350,4779,48,1,377.48
14553,350,4779,131,1,457.64
14554,327,4780,111,1,453.66
14555,28,4781,9,1,864.52
14556,28,4781,2,1,6856.93
14557,28,4781,3,1,182.88
14558,28,4781,6,1,2618.75
14559,162,4782,4,1,1045.02
14560,162,4782,108,1,5179.59
14561,162,4782,25,1,958.76
14562,162,4782,26,1,547.5
14563,162,4782,29,1,137.26
14564,495,4783,51,2,66.67
14565,495,4783,100,1,418.81
14566,495,4783,53,1,95.99
14567,495,4783,54,1,131.19
14568,297,4784,8,1,338.12
14569,297,4784,114,1,246.79
14570,290,4785,34,1,269.1
14571,290,4785,35,1,790.82
14572,290,4785,50,1,103.84
14573,290,4785,190,1,615.39
14574,245,4786,189,1,46.18
14575,245,4786,71,1,241.15
14576,156,4787,61,1,1462.89
14577,288,4788,22,1,2057.09
14578,340,4789,1,1,5429.43
14579,340,4789,2,1,6856.93
14580,340,4789,4,1,1045.02
14581,340,4789,10,1,96.42
14582,340,4789,59,1,88.07
14583,311,4790,122,1,696.77
14584,311,4790,46,1,121.09
14585,195,4791,141,1,449.82
14586,146,4792,56,1,327.69
14587,146,4792,103,1,398.87
14588,115,4793,32,1,182.43
14589,115,4793,39,1,51.31
14590,115,4793,48,1,377.48
14591,115,4793,62,1,122.09
14592,115,4793,31,1,118.65
14593,181,4794,1,1,5429.43
14594,181,4794,10,1,96.42
14595,181,4794,3,1,182.88
14596,181,4794,4,1,1045.02
14597,220,4795,56,2,327.69
14598,220,4795,51,1,66.67
14599,220,4795,54,1,131.19
14600,114,4796,1,1,5429.43
14601,114,4796,10,1,96.42
14602,114,4796,3,1,182.88
14603,114,4796,4,1,1045.02
14604,332,4797,160,1,298.73
14605,332,4797,46,1,121.09
14606,413,4798,85,1,1742.75
14607,413,4798,142,1,243.55
14608,307,4799,33,1,404.5
14609,307,4799,34,1,269.1
14610,307,4799,3,2,182.88
14611,307,4799,35,1,790.82
14612,307,4799,38,1,325.54
14613,290,4800,186,1,109.52
14614,290,4800,2,1,6856.93
14615,290,4800,10,1,96.42
14616,290,4800,6,1,2618.75
14617,145,4801,123,1,140.92
14618,477,4802,34,1,269.1
14619,477,4802,35,2,790.82
14620,477,4802,38,1,325.54
14621,477,4802,23,1,3803.84
14622,477,4802,63,1,557.39
14623,279,4803,2,1,6856.93
14624,279,4803,3,1,182.88
14625,279,4803,6,1,2618.75
14626,279,4803,9,1,864.52
14627,279,4803,150,1,244.37
14628,406,4804,2,1,6856.93
14629,406,4804,3,1,182.88
14630,161,4805,130,1,3341.54
14631,161,4805,94,1,192.65
14632,368,4806,65,1,586.82
14633,368,4806,2,1,6856.93
14634,368,4806,3,1,182.88
14635,368,4806,127,1,209.71
14636,430,4807,48,1,377.48
14637,430,4807,33,1,404.5
14638,430,4807,42,1,162.27
14639,430,4807,46,1,121.09
14640,466,4808,33,1,404.5
14641,466,4808,34,1,269.1
14642,466,4808,35,1,790.82
14643,466,4808,38,2,325.54
14644,466,4808,31,1,118.65
14645,402,4809,182,1,190.33
14646,254,4810,25,1,958.76
14647,254,4810,26,1,547.5
14648,254,4810,10,1,96.42
14649,254,4810,28,1,207.71
14650,208,4811,51,1,66.67
14651,208,4811,53,1,95.99
14652,208,4811,54,1,131.19
14653,208,4811,56,1,327.69
14654,208,4811,124,2,4869.43
14655,467,4812,32,1,182.43
14656,467,4812,37,1,113.29
14657,467,4812,39,1,51.31
14658,467,4812,46,1,121.09
14659,467,4812,125,1,208.91
14660,467,4812,31,1,118.65
14661,195,4813,104,1,146.34
14662,195,4813,196,1,211.44
14663,483,4814,8,1,338.12
14664,381,4815,67,1,3651.66
14665,381,4815,134,1,3215.18
14666,381,4815,51,1,66.67
14667,381,4815,53,1,95.99
14668,381,4815,54,1,131.19
14669,381,4815,56,1,327.69
14670,226,4816,1,1,5429.43
14671,226,4816,4,1,1045.02
14672,226,4816,10,2,96.42
14673,226,4816,175,1,152.85
14674,226,4816,125,1,208.91
14675,457,4817,34,1,269.1
14676,457,4817,38,1,325.54
14677,457,4817,175,1,152.85
14678,310,4818,32,1,182.43
14679,310,4818,152,2,92.66
14680,310,4818,139,2,351.69
14681,310,4818,37,1,113.29
14682,166,4819,25,1,958.76
14683,166,4819,28,1,207.71
14684,166,4819,29,1,137.26
14685,445,4820,16,1,680.77
14686,445,4820,103,1,398.87
14687,65,4821,48,1,377.48
14688,65,4821,106,2,449.77
14689,54,4822,57,1,215.42
14690,376,4823,56,1,327.69
14691,376,4823,51,1,66.67
14692,376,4823,53,1,95.99
14693,397,4824,1,2,5429.43
14694,397,4824,10,1,96.42
14695,397,4824,3,1,182.88
14696,397,4824,4,1,1045.02
14697,401,4825,128,1,664.23
14698,401,4825,2,1,6856.93
14699,401,4825,3,1,182.88
14700,401,4825,6,1,2618.75
14701,172,4826,1,1,5429.43
14702,172,4826,10,1,96.42
14703,172,4826,3,1,182.88
14704,172,4826,4,1,1045.02
14705,203,4827,118,1,175.91
14706,430,4828,2,1,6856.93
14707,430,4828,3,1,182.88
14708,430,4828,6,1,2618.75
14709,430,4828,9,1,864.52
14710,430,4828,20,1,600.91
14711,413,4829,96,1,2249.21
14712,413,4829,171,1,100.57
14713,88,4830,128,1,664.23
14714,88,4830,37,1,113.29
14715,88,4830,51,2,66.67
14716,88,4830,53,1,95.99
14717,88,4830,54,1,131.19
14718,88,4830,56,1,327.69
14719,87,4831,1,1,5429.43
14720,87,4831,3,1,182.88
14721,87,4831,4,1,1045.02
14722,87,4831,105,1,250.27
14723,87,4831,10,1,96.42
14724,344,4832,185,1,329.38
14725,350,4833,25,1,958.76
14726,350,4833,26,1,547.5
14727,350,4833,28,1,207.71
14728,350,4833,29,1,137.26
14729,307,4834,46,1,121.09
14730,307,4834,143,1,602.95
14731,307,4834,48,1,377.48
14732,307,4834,50,1,103.84
14733,307,4834,150,1,244.37
14734,246,4835,33,1,404.5
14735,246,4835,34,1,269.1
14736,246,4835,35,2,790.82
14737,246,4835,38,1,325.54
14738,336,4836,197,1,1440.46
14739,280,4837,50,1,103.84
14740,280,4837,46,1,121.09
14741,396,4838,169,1,452.68
14742,396,4838,51,1,66.67
14743,396,4838,53,1,95.99
14744,396,4838,54,1,131.19
14745,396,4838,56,1,327.69
14746,345,4839,71,1,241.15
14747,173,4840,193,1,256.05
14748,278,4841,32,1,182.43
14749,278,4841,102,1,1982.66
14750,278,4841,39,2,51.31
14751,278,4841,174,1,886.97
14752,278,4841,31,1,118.65
14753,287,4842,1,1,5429.43
14754,287,4842,10,1,96.42
14755,287,4842,3,1,182.88
14756,313,4843,48,1,377.48
14757,313,4843,86,1,336.99
14758,313,4843,46,1,121.09
14759,262,4844,32,1,182.43
14760,262,4844,37,1,113.29
14761,262,4844,39,1,51.31
14762,262,4844,11,1,73.96
14763,262,4844,31,2,118.65
14764,114,4845,72,1,295.83
14765,114,4845,68,1,1081.84
14766,85,4846,48,1,377.48
14767,85,4846,131,1,457.64
14768,241,4847,33,2,404.5
14769,241,4847,34,1,269.1
14770,241,4847,35,1,790.82
14771,241,4847,38,1,325.54
14772,241,4847,80,2,996.58
14773,350,4848,6,1,2618.75
14774,157,4849,2,2,6856.93
14775,157,4849,3,1,182.88
14776,157,4849,109,1,44.98
14777,157,4849,6,2,2618.75
14778,116,4850,89,2,73.16
14779,116,4850,25,1,958.76
14780,116,4850,26,2,547.5
14781,116,4850,93,1,304.48
14782,174,4851,99,1,185.24
14783,289,4852,165,1,867.11
14784,367,4853,84,2,98.36
14785,367,4853,53,1,95.99
14786,389,4854,1,1,5429.43
14787,389,4854,162,1,2324.66
14788,389,4854,3,1,182.88
14789,389,4854,4,1,1045.02
14790,424,4855,42,1,162.27
14791,424,4855,46,2,121.09
14792,252,4856,1,1,5429.43
14793,252,4856,3,1,182.88
14794,252,4856,10,1,96.42
14795,252,4856,170,1,810.36
14796,252,4856,91,1,978.27
14797,498,4857,107,2,5057.62
14798,498,4857,163,2,417.18
14799,487,4858,51,1,66.67
14800,487,4858,53,1,95.99
14801,487,4858,54,1,131.19
14802,487,4858,56,1,327.69
14803,487,4858,59,1,88.07
14804,182,4859,21,1,2953.99
14805,244,4860,200,1,284.58
14806,244,4860,56,1,327.69
14807,211,4861,2,1,6856.93
14808,211,4861,3,1,182.88
14809,211,4861,6,1,2618.75
14810,211,4861,9,1,864.52
14811,211,4861,74,1,132.13
14812,211,4861,21,1,2953.99
14813,127,4862,102,1,1982.66
14814,23,4863,34,1,269.1
14815,23,4863,35,1,790.82
14816,23,4863,148,1,658.67
14817,23,4863,38,1,325.54
14818,50,4864,33,1,404.5
14819,50,4864,34,1,269.1
14820,50,4864,35,1,790.82
14821,50,4864,38,1,325.54
14822,50,4864,159,1,132.33
14823,82,4865,12,1,378.07
14824,389,4866,56,1,327.69
14825,389,4866,170,1,810.36
14826,173,4867,138,1,2075.88
14827,382,4868,25,2,958.76
14828,382,4868,26,2,547.5
14829,382,4868,29,1,137.26
14830,175,4869,151,1,71.91
14831,309,4870,9,1,864.52
14832,309,4870,2,1,6856.93
14833,309,4870,3,1,182.88
14834,309,4870,6,1,2618.75
14835,321,4871,168,1,126.51
14836,321,4871,25,1,958.76
14837,321,4871,26,1,547.5
14838,321,4871,28,2,207.71
14839,105,4872,5,1,1043.64
14840,105,4872,37,1,113.29
14841,29,4873,168,1,126.51
14842,29,4873,60,1,325.99
14843,258,4874,172,1,72.49
14844,184,4875,72,1,295.83
14845,184,4875,20,1,600.91
14846,224,4876,25,1,958.76
14847,224,4876,29,1,137.26
14848,123,4877,56,1,327.69
14849,123,4877,170,1,810.36
14850,201,4878,137,2,593.31
14851,201,4878,50,1,103.84
14852,201,4878,46,1,121.09
14853,201,4878,151,1,71.91
14854,133,4879,33,1,404.5
14855,133,4879,34,1,269.1
14856,133,4879,38,1,325.54
14857,133,4879,18,1,685.51
14858,133,4879,60,1,325.99
14859,155,4880,1,1,5429.43
14860,155,4880,3,1,182.88
14861,155,4880,4,1,1045.02
14862,155,4880,11,2,73.96
14863,155,4880,28,1,207.71
14864,456,4881,37,1,113.29
14865,456,4881,71,1,241.15
14866,456,4881,25,1,958.76
14867,456,4881,26,1,547.5
14868,456,4881,28,1,207.71
14869,456,4881,29,1,137.26
14870,446,4882,19,1,195.42
14871,446,4882,51,1,66.67
14872,39,4883,33,1,404.5
14873,39,4883,41,1,708.68
14874,39,4883,42,1,162.27
14875,39,4883,47,1,691.19
14876,39,4883,48,2,377.48
14877,39,4883,29,1,137.26
14878,264,4884,56,1,327.69
14879,264,4884,51,1,66.67
14880,264,4884,124,1,4869.43
14881,264,4884,136,1,1233.09
14882,421,4885,48,2,377.48
14883,421,4885,41,1,708.68
14884,421,4885,42,1,162.27
14885,421,4885,47,1,691.19
14886,70,4886,25,1,958.76
14887,70,4886,58,1,143.75
14888,70,4886,28,2,207.71
14889,70,4886,29,1,137.26
14890,375,4887,51,1,66.67
14891,375,4887,53,1,95.99
14892,143,4888,51,1,66.67
14893,143,4888,84,1,98.36
14894,143,4888,53,1,95.99
14895,143,4888,54,1,131.19
14896,143,4888,56,1,327.69
14897,435,4889,24,1,362.63
14898,2,4890,200,1,284.58
14899,2,4890,121,1,279.43
14900,104,4891,34,1,269.1
14901,104,4891,4,1,1045.02
14902,395,4892,103,1,398.87
14903,395,4892,111,1,453.66
14904,349,4893,35,1,790.82
14905,477,4894,170,1,810.36
14906,477,4894,67,1,3651.66
14907,277,4895,110,1,228.23
14908,277,4895,79,1,421.1
14909,371,4896,138,1,2075.88
14910,371,4896,46,1,121.09
14911,371,4896,48,1,377.48
14912,371,4896,50,1,103.84
14913,371,4896,93,1,304.48
14914,389,4897,40,1,36.51
14915,389,4897,80,1,996.58
14916,310,4898,41,1,708.68
14917,310,4898,47,1,691.19
14918,310,4898,48,1,377.48
14919,310,4898,178,1,3002.16
14920,310,4898,124,1,4869.43
14921,4,4899,27,1,1128.13
14922,285,4900,48,1,377.48
14923,285,4900,50,1,103.84
14924,285,4900,46,1,121.09
14925,117,4901,152,1,92.66
14926,236,4902,113,1,61.24
14927,236,4902,11,1,73.96
14928,72,4903,42,1,162.27
14929,72,4903,47,1,691.19
14930,254,4904,42,1,162.27
14931,254,4904,46,1,121.09
14932,254,4904,48,1,377.48
14933,254,4904,17,1,281.04
14934,254,4904,156,1,131.66
14935,198,4905,51,2,66.67
14936,198,4905,117,1,159.84
14937,198,4905,53,1,95.99
14938,198,4905,54,1,131.19
14939,198,4905,158,1,655.51
14940,47,4906,175,1,152.85
14941,248,4907,42,1,162.27
14942,248,4907,122,1,696.77
14943,248,4907,47,1,691.19
14944,331,4908,41,1,708.68
14945,331,4908,42,1,162.27
14946,331,4908,189,1,46.18
14947,331,4908,47,1,691.19
14948,452,4909,1,1,5429.43
14949,452,4909,3,1,182.88
14950,452,4909,4,1,1045.02
14951,452,4909,10,1,96.42
14952,452,4909,146,1,323.76
14953,176,4910,66,1,234.31
14954,176,4910,102,1,1982.66
14955,457,4911,128,1,664.23
14956,248,4912,32,1,182.43
14957,248,4912,163,1,417.18
14958,248,4912,31,1,118.65
14959,143,4913,48,1,377.48
14960,143,4913,42,1,162.27
14961,143,4913,50,1,103.84
14962,143,4913,46,2,121.09
14963,47,4914,19,1,195.42
14964,298,4915,51,2,66.67
14965,298,4915,54,1,131.19
14966,298,4915,56,1,327.69
14967,298,4915,24,1,362.63
14968,298,4915,57,1,215.42
14969,480,4916,76,2,110.25
14970,342,4917,51,1,66.67
14971,342,4917,53,1,95.99
14972,342,4917,86,1,336.99
14973,342,4917,54,1,131.19
14974,342,4917,155,1,298.62
14975,74,4918,1,1,5429.43
14976,74,4918,4,1,1045.02
14977,74,4918,181,1,353.61
14978,74,4918,159,1,132.33
14979,201,4919,128,1,664.23
14980,201,4919,181,1,353.61
14981,112,4920,123,1,140.92
14982,112,4920,45,1,207.67
14983,197,4921,1,1,5429.43
14984,197,4921,130,1,3341.54
14985,197,4921,3,1,182.88
14986,197,4921,196,1,211.44
14987,197,4921,10,1,96.42
14988,311,4922,1,1,5429.43
14989,311,4922,10,1,96.42
14990,311,4922,3,1,182.88
14991,311,4922,4,1,1045.02
14992,354,4923,32,1,182.43
14993,354,4923,39,1,51.31
14994,354,4923,37,2,113.29
14995,354,4923,31,1,118.65
14996,423,4924,58,1,143.75
14997,423,4924,94,1,192.65
14998,274,4925,73,1,249.37
14999,342,4926,171,1,100.57
15000,342,4926,25,1,958.76
15001,342,4926,26,1,547.5
15002,342,4926,28,1,207.71
15003,342,4926,29,1,137.26
15004,106,4927,51,1,66.67
15005,106,4927,12,1,378.07
15006,397,4928,16,1,680.77
15007,397,4928,1,2,5429.43
15008,397,4928,26,1,547.5
15009,397,4928,4,1,1045.02
15010,228,4929,190,1,615.39
15011,377,4930,129,1,94.56
15012,377,4930,151,1,71.91
15013,377,4930,25,1,958.76
15014,377,4930,26,1,547.5
15015,377,4930,28,1,207.71
15016,377,4930,29,1,137.26
15017,406,4931,48,1,377.48
15018,406,4931,42,1,162.27
15019,406,4931,46,1,121.09
15020,406,4931,183,1,171.04
15021,327,4932,56,1,327.69
15022,327,4932,51,1,66.67
15023,327,4932,53,1,95.99
15024,327,4932,54,1,131.19
15025,286,4933,41,1,708.68
15026,286,4933,44,1,1768.56
15027,286,4933,47,1,691.19
15028,333,4934,32,1,182.43
15029,333,4934,37,1,113.29
15030,333,4934,39,1,51.31
15031,333,4934,139,1,351.69
15032,333,4934,31,1,118.65
15033,402,4935,148,1,658.67
15034,402,4935,39,1,51.31
15035,312,4936,34,2,269.1
15036,312,4936,35,1,790.82
15037,312,4936,198,1,440.15
15038,193,4937,1,1,5429.43
15039,193,4937,3,1,182.88
15040,193,4937,4,1,1045.02
15041,193,4937,6,1,2618.75
15042,243,4938,1,1,5429.43
15043,243,4938,10,2,96.42
15044,243,4938,4,2,1045.02
15045,152,4939,34,1,269.1
15046,152,4939,35,1,790.82
15047,152,4939,197,2,1440.46
15048,152,4939,38,1,325.54
15049,234,4940,104,1,146.34
15050,234,4940,117,1,159.84
15051,463,4941,48,1,377.48
15052,463,4941,41,1,708.68
15053,463,4941,42,1,162.27
15054,463,4941,47,2,691.19
15055,107,4942,13,2,342.07
15056,176,4943,140,1,61.32
15057,208,4944,34,2,269.1
15058,150,4945,32,1,182.43
15059,150,4945,31,1,118.65
15060,362,4946,25,1,958.76
15061,362,4946,26,1,547.5
15062,362,4946,28,1,207.71
15063,362,4946,29,1,137.26
15064,380,4947,32,2,182.43
15065,380,4947,37,2,113.29
15066,380,4947,171,1,100.57
15067,380,4947,177,1,3544.65
15068,380,4947,31,1,118.65
15069,82,4948,56,1,327.69
15070,82,4948,97,1,1968.21
15071,82,4948,51,1,66.67
15072,82,4948,4,1,1045.02
15073,303,4949,2,1,6856.93
15074,303,4949,132,1,284.92
15075,303,4949,6,1,2618.75
15076,40,4950,130,1,3341.54
15077,40,4950,4,1,1045.02
15078,472,4951,9,1,864.52
15079,26,4952,2,1,6856.93
15080,26,4952,3,1,182.88
15081,26,4952,6,1,2618.75
15082,26,4952,9,1,864.52
15083,26,4952,151,1,71.91
15084,240,4953,103,1,398.87
15085,240,4953,42,2,162.27
15086,240,4953,46,1,121.09
15087,240,4953,48,1,377.48
15088,240,4953,50,1,103.84
15089,240,4953,189,1,46.18
15090,212,4954,51,1,66.67
15091,212,4954,54,1,131.19
15092,212,4954,103,1,398.87
15093,81,4955,32,1,182.43
15094,81,4955,39,1,51.31
15095,81,4955,37,1,113.29
15096,81,4955,31,1,118.65
15097,335,4956,56,1,327.69
15098,335,4956,51,1,66.67
15099,335,4956,53,1,95.99
15100,335,4956,173,1,426.85
15101,413,4957,34,1,269.1
15102,413,4957,35,1,790.82
15103,413,4957,38,1,325.54
15104,413,4957,139,1,351.69
15105,413,4957,145,1,165.87
15106,63,4958,33,1,404.5
15107,63,4958,34,1,269.1
15108,63,4958,35,1,790.82
15109,63,4958,38,1,325.54
15110,63,4958,118,1,175.91
15111,343,4959,48,1,377.48
15112,343,4959,50,1,103.84
15113,343,4959,116,1,136.01
15114,343,4959,46,1,121.09
15115,313,4960,53,1,95.99
15116,360,4961,2,1,6856.93
15117,360,4961,3,1,182.88
15118,360,4961,6,1,2618.75
15119,360,4961,14,1,687.06
15120,360,4961,49,1,247.85
15121,61,4962,2,1,6856.93
15122,61,4962,3,1,182.88
15123,61,4962,6,1,2618.75
15124,61,4962,9,1,864.52
15125,61,4962,184,1,617.48
15126,61,4962,155,1,298.62
15127,38,4963,121,1,279.43
15128,399,4964,25,1,958.76
15129,399,4964,26,1,547.5
15130,399,4964,28,1,207.71
15131,399,4964,29,2,137.26
15132,13,4965,51,1,66.67
15133,13,4965,53,1,95.99
15134,13,4965,54,2,131.19
15135,456,4966,33,1,404.5
15136,456,4966,34,1,269.1
15137,456,4966,35,1,790.82
15138,456,4966,38,1,325.54
15139,456,4966,136,1,1233.09
15140,142,4967,25,1,958.76
15141,142,4967,26,2,547.5
15142,142,4967,29,1,137.26
15143,69,4968,99,1,185.24
15144,358,4969,25,1,958.76
15145,358,4969,28,1,207.71
15146,358,4969,29,1,137.26
15147,9,4970,41,1,708.68
15148,9,4970,42,1,162.27
15149,9,4970,105,1,250.27
15150,9,4970,47,1,691.19
15151,9,4970,48,1,377.48
15152,398,4971,32,1,182.43
15153,398,4971,11,1,73.96
15154,398,4971,198,1,440.15
15155,398,4971,31,1,118.65
15156,62,4972,1,1,5429.43
15157,62,4972,2,1,6856.93
15158,62,4972,3,1,182.88
15159,62,4972,4,1,1045.02
15160,71,4973,6,1,2618.75
15161,240,4974,48,1,377.48
15162,240,4974,50,1,103.84
15163,240,4974,46,1,121.09
15164,240,4974,167,1,104.4
15165,457,4975,33,1,404.5
15166,457,4975,34,1,269.1
15167,457,4975,35,1,790.82
15168,457,4975,38,1,325.54
15169,457,4975,43,1,1574.27
15170,97,4976,157,1,278.2
15171,267,4977,40,1,36.51
15172,386,4978,42,2,162.27
15173,386,4978,67,1,3651.66
15174,386,4978,164,1,297.97
15175,386,4978,46,1,121.09
15176,61,4979,42,1,162.27
15177,61,4979,50,1,103.84
15178,61,4979,34,1,269.1
15179,61,4979,46,1,121.09
15180,395,4980,125,1,208.91
15181,343,4981,47,1,691.19
15182,275,4982,103,1,398.87
15183,391,4983,48,1,377.48
15184,391,4983,25,1,958.76
15185,391,4983,28,2,207.71
15186,391,4983,29,1,137.26
15187,84,4984,20,1,600.91
15188,481,4985,56,1,327.69
15189,481,4985,65,1,586.82
15190,186,4986,34,1,269.1
15191,186,4986,35,1,790.82
15192,186,4986,20,1,600.91
15193,186,4986,38,1,325.54
15194,273,4987,56,1,327.69
15195,273,4987,51,2,66.67
15196,273,4987,54,1,131.19
15197,273,4987,6,1,2618.75
15198,160,4988,56,1,327.69
15199,160,4988,51,1,66.67
15200,160,4988,54,2,131.19
15201,377,4989,45,1,207.67
15202,195,4990,39,1,51.31
15203,195,4990,41,1,708.68
15204,195,4990,42,1,162.27
15205,195,4990,47,1,691.19
15206,195,4990,48,1,377.48
15207,195,4990,61,1,1462.89
15208,485,4991,1,1,5429.43
15209,485,4991,3,2,182.88
15210,485,4991,69,2,5185.33
15211,347,4992,172,1,72.49
15212,347,4992,46,1,121.09
15213,321,4993,48,1,377.48
15214,321,4993,42,1,162.27
15215,321,4993,83,1,584.83
15216,321,4993,46,1,121.09
15217,415,4994,184,1,617.48
15218,415,4994,64,1,578.73
15219,209,4995,109,1,44.98
15220,84,4996,172,1,72.49
15221,279,4997,130,1,3341.54
15222,279,4997,51,1,66.67
15223,279,4997,53,1,95.99
15224,279,4997,54,1,131.19
15225,279,4997,190,1,615.39
15226,385,4998,113,1,61.24
15227,385,4998,119,1,1350.85
15228,167,4999,50,1,103.84
15229,167,4999,46,1,121.09
15230,167,4999,146,1,323.76
15231,217,5000,56,1,327.69
15232,217,5000,51,1,66.67
15233,217,5000,53,1,95.99
15234,217,5000,54,1,131.19
15235,12,5001,1,1,5429.43
15236,12,5001,10,1,96.42
15237,12,5001,4,1,1045.02
15238,191,5002,32,1,182.43
15239,191,5002,37,1,113.29
15240,191,5002,39,1,51.31
15241,191,5002,72,1,295.83
15242,191,5002,11,1,73.96
15243,191,5002,31,1,118.65
15244,427,5003,32,1,182.43
15245,427,5003,37,1,113.29
15246,427,5003,133,1,165.39
15247,427,5003,31,1,118.65
15248,463,5004,1,1,5429.43
15249,463,5004,3,1,182.88
15250,463,5004,4,2,1045.02
15251,463,5004,10,1,96.42
15252,463,5004,60,2,325.99
15253,76,5005,105,1,250.27
15254,54,5006,80,2,996.58
15255,123,5007,42,1,162.27
15256,123,5007,50,1,103.84
15257,123,5007,46,1,121.09
15258,283,5008,32,1,182.43
15259,283,5008,146,1,323.76
15260,283,5008,37,1,113.29
15261,283,5008,31,1,118.65
15262,489,5009,48,1,377.48
15263,489,5009,41,2,708.68
15264,489,5009,156,1,131.66
15265,489,5009,47,2,691.19
15266,103,5010,195,1,411.6
15267,103,5010,197,1,1440.46
15268,103,5010,42,1,162.27
15269,103,5010,46,1,121.09
15270,103,5010,48,1,377.48
15271,500,5011,9,1,864.52
15272,500,5011,2,1,6856.93
15273,500,5011,3,2,182.88
15274,500,5011,6,2,2618.75
15275,454,5012,32,1,182.43
15276,454,5012,37,1,113.29
15277,454,5012,39,1,51.31
15278,454,5012,189,1,46.18
15279,454,5012,31,1,118.65
15280,42,5013,99,1,185.24
15281,42,5013,51,1,66.67
15282,42,5013,53,1,95.99
15283,42,5013,54,1,131.19
15284,74,5014,132,1,284.92
15285,74,5014,103,1,398.87
15286,340,5015,128,2,664.23
15287,340,5015,127,1,209.71
15288,166,5016,41,1,708.68
15289,166,5016,42,1,162.27
15290,166,5016,47,1,691.19
15291,166,5016,48,1,377.48
15292,166,5016,50,1,103.84
15293,103,5017,48,1,377.48
15294,103,5017,41,1,708.68
15295,103,5017,42,1,162.27
15296,103,5017,47,1,691.19
15297,435,5018,32,2,182.43
15298,435,5018,37,2,113.29
15299,435,5018,39,2,51.31
15300,435,5018,62,1,122.09
15301,435,5018,31,1,118.65
15302,319,5019,70,1,1076.29
15303,319,5019,51,1,66.67
15304,319,5019,53,1,95.99
15305,319,5019,54,1,131.19
15306,319,5019,56,1,327.69
15307,36,5020,162,2,2324.66
15308,36,5020,42,2,162.27
15309,36,5020,46,1,121.09
15310,36,5020,48,1,377.48
15311,36,5020,50,1,103.84
15312,323,5021,2,1,6856.93
15313,323,5021,3,1,182.88
15314,323,5021,6,1,2618.75
15315,206,5022,56,1,327.69
15316,206,5022,51,1,66.67
15317,206,5022,54,1,131.19
15318,453,5023,41,1,708.68
15319,453,5023,42,1,162.27
15320,453,5023,47,1,691.19
15321,453,5023,48,1,377.48
15322,453,5023,57,1,215.42
15323,164,5024,158,1,655.51
15324,497,5025,32,2,182.43
15325,497,5025,39,1,51.31
15326,41,5026,32,1,182.43
15327,41,5026,94,1,192.65
15328,41,5026,39,1,51.31
15329,103,5027,48,1,377.48
15330,103,5027,25,1,958.76
15331,103,5027,28,1,207.71
15332,103,5027,165,1,867.11
15333,17,5028,97,1,1968.21
15334,17,5028,2,2,6856.93
15335,17,5028,3,1,182.88
15336,17,5028,6,1,2618.75
15337,17,5028,9,1,864.52
15338,17,5028,116,1,136.01
15339,279,5029,115,1,131.51
15340,231,5030,33,1,404.5
15341,231,5030,34,1,269.1
15342,231,5030,35,2,790.82
15343,231,5030,38,2,325.54
15344,287,5031,19,1,195.42
15345,287,5031,54,1,131.19
15346,89,5032,48,1,377.48
15347,89,5032,124,1,4869.43
15348,89,5032,150,1,244.37
15349,89,5032,47,1,691.19
15350,60,5033,169,2,452.68
15351,191,5034,32,1,182.43
15352,191,5034,179,1,148.28
15353,230,5035,25,1,958.76
15354,230,5035,26,1,547.5
15355,230,5035,29,1,137.26
15356,354,5036,2,1,6856.93
15357,354,5036,6,1,2618.75
15358,354,5036,200,2,284.58
15359,354,5036,9,1,864.52
15360,354,5036,140,2,61.32
15361,33,5037,33,2,404.5
15362,33,5037,34,1,269.1
15363,33,5037,38,1,325.54
15364,33,5037,74,1,132.13
15365,33,5037,173,1,426.85
15366,242,5038,8,1,338.12
15367,242,5038,194,1,582.97
15368,112,5039,32,1,182.43
15369,112,5039,37,1,113.29
15370,112,5039,39,1,51.31
15371,112,5039,31,1,118.65
15372,112,5039,127,1,209.71
15373,93,5040,81,1,1613.84
15374,93,5040,25,1,958.76
15375,78,5041,41,1,708.68
15376,78,5041,133,1,165.39
15377,78,5041,141,1,449.82
15378,78,5041,47,1,691.19
15379,358,5042,42,1,162.27
15380,358,5042,140,1,61.32
15381,358,5042,198,1,440.15
15382,358,5042,47,1,691.19
15383,44,5043,1,1,5429.43
15384,44,5043,10,1,96.42
15385,44,5043,3,1,182.88
15386,44,5043,4,1,1045.02
15387,311,5044,33,1,404.5
15388,311,5044,34,1,269.1
15389,311,5044,35,1,790.82
15390,311,5044,38,1,325.54
15391,215,5045,33,1,404.5
15392,215,5045,34,1,269.1
15393,215,5045,35,1,790.82
15394,215,5045,114,1,246.79
15395,298,5046,9,1,864.52
15396,298,5046,2,1,6856.93
15397,298,5046,196,1,211.44
15398,298,5046,6,2,2618.75
15399,371,5047,56,1,327.69
15400,371,5047,51,1,66.67
15401,371,5047,53,1,95.99
15402,128,5048,33,1,404.5
15403,128,5048,34,1,269.1
15404,128,5048,177,1,3544.65
15405,128,5048,38,1,325.54
15406,56,5049,25,1,958.76
15407,56,5049,172,1,72.49
15408,56,5049,36,1,703.99
15409,56,5049,29,1,137.26
15410,320,5050,15,1,478.33
15411,249,5051,41,1,708.68
15412,249,5051,47,1,691.19
15413,377,5052,42,1,162.27
15414,377,5052,171,1,100.57
15415,377,5052,46,1,121.09
15416,377,5052,48,1,377.48
15417,377,5052,50,1,103.84
15418,377,5052,179,1,148.28
15419,498,5053,133,1,165.39
15420,168,5054,19,2,195.42
15421,168,5054,51,1,66.67
15422,168,5054,53,1,95.99
15423,168,5054,54,1,131.19
15424,168,5054,56,1,327.69
15425,168,5054,154,1,3786.85
15426,302,5055,9,2,864.52
15427,302,5055,2,1,6856.93
15428,302,5055,3,1,182.88
15429,264,5056,69,1,5185.33
15430,264,5056,189,1,46.18
15431,5,5057,179,1,148.28
15432,5,5057,7,1,2063.12
15433,244,5058,2,2,6856.93
15434,244,5058,3,1,182.88
15435,244,5058,6,1,2618.75
15436,244,5058,175,1,152.85
15437,244,5058,118,1,175.91
15438,223,5059,32,1,182.43
15439,223,5059,39,1,51.31
15440,223,5059,105,1,250.27
15441,223,5059,9,1,864.52
15442,223,5059,31,1,118.65
15443,201,5060,190,1,615.39
15444,201,5060,126,1,224.49
15445,153,5061,57,1,215.42
15446,153,5061,28,1,207.71
15447,373,5062,48,1,377.48
15448,373,5062,42,1,162.27
15449,373,5062,90,1,2115.26
15450,373,5062,47,1,691.19
15451,262,5063,138,1,2075.88
15452,262,5063,51,1,66.67
15453,262,5063,54,2,131.19
15454,262,5063,56,1,327.69
15455,262,5063,188,1,2599.64
15456,319,5064,86,2,336.99
15457,319,5064,46,1,121.09
15458,288,5065,80,2,996.58
15459,92,5066,33,1,404.5
15460,92,5066,34,1,269.1
15461,92,5066,35,1,790.82
15462,70,5067,41,1,708.68
15463,199,5068,32,1,182.43
15464,199,5068,39,1,51.31
15465,199,5068,31,1,118.65
15466,480,5069,48,2,377.48
15467,480,5069,1,1,5429.43
15468,480,5069,4,1,1045.02
15469,480,5069,118,1,175.91
15470,92,5070,33,1,404.5
15471,92,5070,34,1,269.1
15472,92,5070,35,1,790.82
15473,322,5071,164,1,297.97
15474,322,5071,22,1,2057.09
15475,189,5072,195,1,411.6
15476,128,5073,111,2,453.66
15477,454,5074,56,2,327.69
15478,454,5074,72,1,295.83
15479,454,5074,51,1,66.67
15480,454,5074,53,1,95.99
15481,168,5075,112,1,2651.9
15482,303,5076,33,1,404.5
15483,303,5076,34,1,269.1
15484,303,5076,35,1,790.82
15485,303,5076,38,1,325.54
15486,303,5076,18,1,685.51
15487,303,5076,153,1,564.14
15488,493,5077,57,1,215.42
15489,493,5077,123,1,140.92
15490,107,5078,176,1,1269.55
15491,327,5079,1,1,5429.43
15492,327,5079,3,1,182.88
15493,327,5079,4,1,1045.02
15494,327,5079,117,1,159.84
15495,183,5080,48,1,377.48
15496,183,5080,119,1,1350.85
15497,183,5080,47,1,691.19
15498,186,5081,1,1,5429.43
15499,186,5081,3,2,182.88
15500,186,5081,100,2,418.81
15501,186,5081,10,2,96.42
15502,186,5081,43,1,1574.27
15503,330,5082,144,1,91.59
15504,330,5082,52,1,108.37
15505,341,5083,48,1,377.48
15506,341,5083,50,1,103.84
15507,341,5083,46,1,121.09
15508,383,5084,10,1,96.42
15509,383,5084,66,1,234.31
15510,133,5085,32,2,182.43
15511,133,5085,39,1,51.31
15512,133,5085,37,1,113.29
15513,133,5085,31,1,118.65
15514,320,5086,174,1,886.97
15515,320,5086,51,1,66.67
15516,320,5086,117,1,159.84
15517,320,5086,53,1,95.99
15518,320,5086,54,1,131.19
15519,320,5086,56,1,327.69
15520,119,5087,48,1,377.48
15521,119,5087,164,1,297.97
15522,119,5087,181,1,353.61
15523,119,5087,46,1,121.09
15524,446,5088,42,1,162.27
15525,446,5088,43,1,1574.27
15526,446,5088,46,1,121.09
15527,446,5088,48,1,377.48
15528,446,5088,50,1,103.84
15529,378,5089,183,1,171.04
15530,378,5089,46,2,121.09
15531,378,5089,6,1,2618.75
15532,35,5090,121,2,279.43
15533,35,5090,27,1,1128.13
15534,227,5091,32,1,182.43
15535,227,5091,124,1,4869.43
15536,227,5091,165,1,867.11
15537,227,5091,39,2,51.31
15538,243,5092,33,1,404.5
15539,243,5092,34,1,269.1
15540,243,5092,181,1,353.61
15541,243,5092,38,1,325.54
15542,28,5093,25,1,958.76
15543,28,5093,26,1,547.5
15544,28,5093,18,2,685.51
15545,28,5093,28,1,207.71
15546,149,5094,169,1,452.68
15547,149,5094,62,1,122.09
15548,193,5095,90,1,2115.26
15549,30,5096,41,1,708.68
15550,30,5096,143,1,602.95
15551,30,5096,48,1,377.48
15552,30,5096,47,1,691.19
15553,30,5096,181,1,353.61
15554,127,5097,42,1,162.27
15555,127,5097,50,1,103.84
15556,127,5097,46,1,121.09
15557,184,5098,192,1,105.53
15558,184,5098,190,2,615.39
15559,320,5099,1,1,5429.43
15560,320,5099,3,2,182.88
15561,320,5099,4,1,1045.02
15562,320,5099,140,2,61.32
15563,320,5099,83,1,584.83
15564,260,5100,72,1,295.83
15565,260,5100,59,1,88.07
15566,221,5101,48,1,377.48
15567,221,5101,42,1,162.27
15568,221,5101,50,2,103.84
15569,221,5101,46,1,121.09
15570,318,5102,25,2,958.76
15571,318,5102,26,1,547.5
15572,318,5102,28,1,207.71
15573,318,5102,29,1,137.26
15574,376,5103,2,1,6856.93
15575,376,5103,3,1,182.88
15576,376,5103,6,1,2618.75
15577,376,5103,169,1,452.68
15578,376,5103,9,1,864.52
15579,145,5104,167,1,104.4
15580,145,5104,51,1,66.67
15581,145,5104,53,1,95.99
15582,145,5104,54,1,131.19
15583,145,5104,56,1,327.69
15584,418,5105,49,1,247.85
15585,289,5106,9,1,864.52
15586,289,5106,2,1,6856.93
15587,289,5106,113,1,61.24
15588,434,5107,1,1,5429.43
15589,434,5107,3,1,182.88
15590,434,5107,4,2,1045.02
15591,434,5107,10,1,96.42
15592,434,5107,174,1,886.97
15593,342,5108,110,1,228.23
15594,286,5109,33,1,404.5
15595,286,5109,34,1,269.1
15596,429,5110,186,1,109.52
15597,429,5110,85,1,1742.75
15598,20,5111,25,1,958.76
15599,20,5111,26,1,547.5
15600,20,5111,28,1,207.71
15601,20,5111,5,1,1043.64
15602,423,5112,1,1,5429.43
15603,423,5112,4,1,1045.02
15604,423,5112,8,1,338.12
15605,423,5112,105,1,250.27
15606,423,5112,10,1,96.42
15607,66,5113,153,1,564.14
15608,66,5113,101,1,241.26
15609,137,5114,48,1,377.48
15610,137,5114,42,1,162.27
15611,137,5114,90,1,2115.26
15612,137,5114,47,1,691.19
15613,288,5115,169,2,452.68
15614,288,5115,10,1,96.42
15615,496,5116,33,1,404.5
15616,496,5116,34,1,269.1
15617,496,5116,35,1,790.82
15618,496,5116,4,1,1045.02
15619,496,5116,38,1,325.54
15620,496,5116,52,1,108.37
15621,307,5117,193,1,256.05
15622,99,5118,180,1,279.71
15623,79,5119,1,1,5429.43
15624,79,5119,4,1,1045.02
15625,79,5119,136,1,1233.09
15626,79,5119,10,1,96.42
15627,79,5119,29,1,137.26
15628,105,5120,2,1,6856.93
15629,105,5120,3,1,182.88
15630,105,5120,55,1,41.52
15631,325,5121,61,1,1462.89
15632,37,5122,32,1,182.43
15633,37,5122,39,1,51.31
15634,37,5122,44,1,1768.56
15635,37,5122,179,1,148.28
15636,37,5122,31,1,118.65
15637,283,5123,64,2,578.73
15638,283,5123,34,1,269.1
15639,283,5123,35,1,790.82
15640,283,5123,38,1,325.54
15641,477,5124,33,1,404.5
15642,477,5124,34,1,269.1
15643,477,5124,38,2,325.54
15644,172,5125,48,1,377.48
15645,172,5125,42,1,162.27
15646,172,5125,50,1,103.84
15647,172,5125,46,1,121.09
15648,268,5126,113,1,61.24
15649,268,5126,101,1,241.26
15650,343,5127,32,1,182.43
15651,343,5127,39,1,51.31
15652,343,5127,37,2,113.29
15653,343,5127,31,1,118.65
15654,338,5128,93,2,304.48
15655,500,5129,59,1,88.07
15656,125,5130,33,2,404.5
15657,125,5130,34,2,269.1
15658,125,5130,35,1,790.82
15659,125,5130,66,1,234.31
15660,125,5130,38,1,325.54
15661,125,5130,73,1,249.37
15662,423,5131,32,1,182.43
15663,423,5131,4,1,1045.02
15664,423,5131,39,1,51.31
15665,423,5131,31,1,118.65
15666,32,5132,48,1,377.48
15667,32,5132,42,1,162.27
15668,32,5132,50,1,103.84
15669,32,5132,46,1,121.09
15670,57,5133,57,1,215.42
15671,57,5133,51,1,66.67
15672,57,5133,53,1,95.99
15673,57,5133,54,1,131.19
15674,276,5134,29,1,137.26
15675,32,5135,32,1,182.43
15676,32,5135,192,1,105.53
15677,50,5136,48,1,377.48
15678,75,5137,97,1,1968.21
15679,435,5138,42,1,162.27
15680,435,5138,20,1,600.91
15681,435,5138,46,1,121.09
15682,452,5139,160,1,298.73
15683,452,5139,139,1,351.69
15684,410,5140,41,1,708.68
15685,410,5140,42,1,162.27
15686,410,5140,47,2,691.19
15687,400,5141,21,1,2953.99
15688,18,5142,132,1,284.92
15689,18,5142,41,1,708.68
15690,18,5142,42,1,162.27
15691,18,5142,47,1,691.19
15692,18,5142,48,1,377.48
15693,18,5142,83,1,584.83
15694,354,5143,1,1,5429.43
15695,354,5143,3,1,182.88
15696,354,5143,4,1,1045.02
15697,354,5143,10,1,96.42
15698,354,5143,142,1,243.55
15699,354,5143,110,2,228.23
15700,22,5144,41,1,708.68
15701,22,5144,38,2,325.54
15702,175,5145,195,1,411.6
15703,175,5145,53,1,95.99
15704,172,5146,33,1,404.5
15705,172,5146,34,1,269.1
15706,172,5146,4,1,1045.02
15707,172,5146,38,1,325.54
15708,172,5146,88,1,398.34
15709,304,5147,171,1,100.57
15710,388,5148,25,2,958.76
15711,388,5148,28,1,207.71
15712,388,5148,29,1,137.26
15713,388,5148,1,2,5429.43
15714,225,5149,169,2,452.68
15715,225,5149,21,1,2953.99
15716,343,5150,75,1,670.09
15717,497,5151,4,1,1045.02
15718,449,5152,33,1,404.5
15719,449,5152,34,1,269.1
15720,449,5152,35,1,790.82
15721,449,5152,38,1,325.54
15722,449,5152,172,1,72.49
15723,427,5153,32,2,182.43
15724,427,5153,39,1,51.31
15725,427,5153,31,1,118.65
15726,383,5154,2,2,6856.93
15727,383,5154,3,1,182.88
15728,383,5154,6,1,2618.75
15729,383,5154,9,1,864.52
15730,383,5154,121,1,279.43
15731,7,5155,53,1,95.99
15732,7,5155,31,1,118.65
15733,53,5156,26,1,547.5
15734,53,5156,150,1,244.37
15735,148,5157,186,1,109.52
15736,148,5157,19,1,195.42
15737,319,5158,33,1,404.5
15738,319,5158,34,1,269.1
15739,319,5158,38,2,325.54
15740,319,5158,109,1,44.98
15741,319,5158,145,1,165.87
15742,377,5159,42,1,162.27
15743,377,5159,46,1,121.09
15744,377,5159,48,2,377.48
15745,377,5159,50,1,103.84
15746,377,5159,189,1,46.18
15747,268,5160,142,1,243.55
15748,268,5160,51,1,66.67
15749,268,5160,54,1,131.19
15750,268,5160,56,2,327.69
15751,268,5160,152,1,92.66
15752,155,5161,42,2,162.27
15753,155,5161,149,1,652.63
15754,73,5162,7,1,2063.12
15755,458,5163,1,1,5429.43
15756,458,5163,10,2,96.42
15757,458,5163,4,1,1045.02
15758,458,5163,167,1,104.4
15759,499,5164,188,1,2599.64
15760,499,5164,108,1,5179.59
15761,455,5165,82,1,482.06
15762,455,5165,179,1,148.28
15763,286,5166,51,1,66.67
15764,286,5166,53,1,95.99
15765,286,5166,54,2,131.19
15766,342,5167,49,1,247.85
15767,342,5167,164,1,297.97
15768,85,5168,33,1,404.5
15769,85,5168,34,1,269.1
15770,85,5168,35,1,790.82
15771,85,5168,38,1,325.54
15772,323,5169,72,1,295.83
15773,323,5169,198,1,440.15
15774,447,5170,63,1,557.39
15775,243,5171,1,1,5429.43
15776,243,5171,10,1,96.42
15777,243,5171,185,1,329.38
15778,243,5171,4,1,1045.02
15779,136,5172,42,1,162.27
15780,136,5172,75,1,670.09
15781,136,5172,197,1,1440.46
15782,136,5172,46,1,121.09
15783,436,5173,2,1,6856.93
15784,436,5173,3,1,182.88
15785,436,5173,6,1,2618.75
15786,436,5173,183,2,171.04
15787,436,5173,30,1,583.67
15788,459,5174,48,1,377.48
15789,459,5174,46,1,121.09
15790,273,5175,2,1,6856.93
15791,273,5175,3,1,182.88
15792,273,5175,37,1,113.29
15793,273,5175,6,1,2618.75
15794,273,5175,150,1,244.37
15795,182,5176,2,2,6856.93
15796,182,5176,130,1,3341.54
15797,182,5176,6,2,2618.75
15798,182,5176,9,1,864.52
15799,182,5176,171,1,100.57
15800,139,5177,25,1,958.76
15801,139,5177,26,1,547.5
15802,139,5177,28,1,207.71
15803,101,5178,32,1,182.43
15804,101,5178,39,1,51.31
15805,101,5178,37,1,113.29
15806,101,5178,31,1,118.65
15807,89,5179,42,1,162.27
15808,89,5179,46,1,121.09
15809,89,5179,48,1,377.48
15810,89,5179,50,1,103.84
15811,89,5179,187,1,521.01
15812,102,5180,58,1,143.75
15813,102,5180,7,2,2063.12
15814,338,5181,2,1,6856.93
15815,338,5181,3,2,182.88
15816,338,5181,6,1,2618.75
15817,338,5181,106,1,449.77
15818,338,5181,15,1,478.33
15819,97,5182,41,1,708.68
15820,254,5183,161,1,280.14
15821,254,5183,39,1,51.31
15822,254,5183,51,1,66.67
15823,254,5183,53,1,95.99
15824,254,5183,54,1,131.19
15825,254,5183,56,1,327.69
15826,340,5184,12,1,378.07
15827,340,5184,23,1,3803.84
15828,30,5185,33,1,404.5
15829,30,5185,34,1,269.1
15830,30,5185,38,2,325.54
15831,30,5185,111,2,453.66
15832,30,5185,28,1,207.71
15833,130,5186,84,1,98.36
15834,130,5186,77,2,193.57
15835,149,5187,2,1,6856.93
15836,474,5188,42,1,162.27
15837,474,5188,46,1,121.09
15838,474,5188,48,2,377.48
15839,474,5188,50,1,103.84
15840,474,5188,158,2,655.51
15841,485,5189,25,1,958.76
15842,485,5189,26,1,547.5
15843,485,5189,60,1,325.99
15844,485,5189,50,1,103.84
15845,337,5190,2,1,6856.93
15846,337,5190,3,1,182.88
15847,337,5190,6,1,2618.75
15848,246,5191,25,1,958.76
15849,246,5191,26,1,547.5
15850,246,5191,28,1,207.71
15851,246,5191,29,1,137.26
15852,52,5192,48,1,377.48
15853,52,5192,42,1,162.27
15854,52,5192,46,1,121.09
15855,274,5193,56,1,327.69
15856,274,5193,51,1,66.67
15857,274,5193,54,1,131.19
15858,180,5194,103,1,398.87
15859,451,5195,113,1,61.24
15860,451,5195,138,1,2075.88
15861,348,5196,33,1,404.5
15862,348,5196,34,1,269.1
15863,348,5196,38,2,325.54
15864,278,5197,1,1,5429.43
15865,278,5197,10,1,96.42
15866,278,5197,3,1,182.88
15867,278,5197,4,1,1045.02
15868,41,5198,32,1,182.43
15869,41,5198,39,1,51.31
15870,41,5198,31,1,118.65
15871,188,5199,3,1,182.88
15872,188,5199,42,1,162.27
15873,188,5199,44,1,1768.56
15874,188,5199,46,1,121.09
15875,188,5199,50,1,103.84
15876,391,5200,75,1,670.09
15877,391,5200,31,1,118.65
15878,123,5201,41,1,708.68
15879,123,5201,42,2,162.27
15880,123,5201,52,1,108.37
15881,123,5201,47,1,691.19
15882,139,5202,195,1,411.6
15883,139,5202,197,2,1440.46
15884,253,5203,41,1,708.68
15885,253,5203,42,1,162.27
15886,253,5203,47,1,691.19
15887,253,5203,48,1,377.48
15888,253,5203,123,1,140.92
15889,404,5204,33,1,404.5
15890,404,5204,34,1,269.1
15891,404,5204,67,1,3651.66
15892,404,5204,35,1,790.82
15893,404,5204,142,1,243.55
15894,172,5205,51,1,66.67
15895,172,5205,108,1,5179.59
15896,172,5205,54,1,131.19
15897,143,5206,197,1,1440.46
15898,178,5207,32,1,182.43
15899,178,5207,39,2,51.31
15900,178,5207,107,1,5057.62
15901,178,5207,185,1,329.38
15902,178,5207,31,1,118.65
15903,125,5208,17,1,281.04
15904,125,5208,51,2,66.67
15905,125,5208,53,1,95.99
15906,125,5208,54,1,131.19
15907,407,5209,32,1,182.43
15908,407,5209,37,1,113.29
15909,407,5209,39,1,51.31
15910,407,5209,199,1,107.47
15911,407,5209,31,1,118.65
15912,407,5209,63,1,557.39
15913,275,5210,32,1,182.43
15914,275,5210,37,1,113.29
15915,275,5210,39,1,51.31
15916,354,5211,195,1,411.6
15917,354,5211,87,1,281.44
15918,234,5212,33,1,404.5
15919,234,5212,34,1,269.1
15920,234,5212,35,1,790.82
15921,234,5212,135,1,248.61
15922,234,5212,112,1,2651.9
15923,221,5213,1,1,5429.43
15924,221,5213,10,1,96.42
15925,221,5213,4,1,1045.02
15926,454,5214,2,1,6856.93
15927,454,5214,3,1,182.88
15928,454,5214,6,1,2618.75
15929,454,5214,9,1,864.52
15930,454,5214,150,1,244.37
15931,454,5214,158,1,655.51
15932,145,5215,150,1,244.37
15933,432,5216,2,1,6856.93
15934,432,5216,66,1,234.31
15935,432,5216,6,1,2618.75
15936,432,5216,200,1,284.58
15937,432,5216,9,1,864.52
15938,233,5217,25,1,958.76
15939,233,5217,28,1,207.71
15940,233,5217,103,1,398.87
15941,90,5218,16,1,680.77
15942,90,5218,9,1,864.52
15943,90,5218,2,1,6856.93
15944,90,5218,6,1,2618.75
15945,57,5219,48,1,377.48
15946,57,5219,41,1,708.68
15947,57,5219,47,1,691.19
15948,93,5220,147,1,4075.22
15949,330,5221,197,1,1440.46
15950,330,5221,182,1,190.33
15951,386,5222,4,1,1045.02
15952,386,5222,114,1,246.79
15953,386,5222,51,1,66.67
15954,386,5222,53,1,95.99
15955,386,5222,56,1,327.69
15956,75,5223,48,1,377.48
15957,75,5223,42,1,162.27
15958,75,5223,15,2,478.33
15959,75,5223,47,1,691.19
15960,109,5224,174,1,886.97
15961,109,5224,191,2,2178.66
15962,108,5225,47,1,691.19
15963,56,5226,25,1,958.76
15964,56,5226,26,2,547.5
15965,56,5226,122,1,696.77
15966,267,5227,61,1,1462.89
15967,267,5227,51,1,66.67
15968,267,5227,53,1,95.99
15969,267,5227,30,1,583.67
15970,363,5228,2,1,6856.93
15971,363,5228,3,1,182.88
15972,363,5228,70,1,1076.29
15973,363,5228,9,2,864.52
15974,363,5228,80,1,996.58
15975,229,5229,32,1,182.43
15976,229,5229,42,1,162.27
15977,229,5229,39,1,51.31
15978,338,5230,32,1,182.43
15979,338,5230,37,2,113.29
15980,338,5230,39,1,51.31
15981,338,5230,44,1,1768.56
15982,338,5230,94,1,192.65
15983,132,5231,139,1,351.69
15984,132,5231,23,1,3803.84
15985,391,5232,32,1,182.43
15986,391,5232,39,1,51.31
15987,391,5232,37,1,113.29
15988,391,5232,31,1,118.65
15989,423,5233,33,1,404.5
15990,423,5233,34,1,269.1
15991,423,5233,35,1,790.82
15992,423,5233,38,1,325.54
15993,462,5234,48,1,377.48
15994,462,5234,42,1,162.27
15995,462,5234,46,2,121.09
15996,462,5234,30,1,583.67
15997,215,5235,173,1,426.85
15998,231,5236,10,1,96.42
15999,231,5236,117,2,159.84
16000,414,5237,42,1,162.27
16001,414,5237,50,1,103.84
16002,414,5237,46,1,121.09
16003,276,5238,66,1,234.31
16004,276,5238,59,1,88.07
16005,482,5239,2,2,6856.93
16006,482,5239,3,1,182.88
16007,482,5239,6,1,2618.75
16008,482,5239,9,1,864.52
16009,482,5239,174,1,886.97
16010,141,5240,138,1,2075.88
16011,141,5240,46,1,121.09
16012,203,5241,42,1,162.27
16013,203,5241,51,1,66.67
16014,203,5241,53,1,95.99
16015,203,5241,127,1,209.71
16016,138,5242,2,1,6856.93
16017,138,5242,3,1,182.88
16018,138,5242,6,1,2618.75
16019,138,5242,9,1,864.52
16020,138,5242,112,1,2651.9
16021,102,5243,17,1,281.04
16022,53,5244,26,1,547.5
16023,53,5244,151,1,71.91
16024,182,5245,1,1,5429.43
16025,182,5245,82,1,482.06
16026,182,5245,3,1,182.88
16027,182,5245,172,1,72.49
16028,263,5246,48,1,377.48
16029,263,5246,50,1,103.84
16030,263,5246,46,1,121.09
16031,263,5246,23,1,3803.84
16032,90,5247,21,1,2953.99
16033,90,5247,110,1,228.23
16034,375,5248,193,1,256.05
16035,375,5248,148,1,658.67
16036,468,5249,186,1,109.52
16037,468,5249,43,1,1574.27
16038,190,5250,20,1,600.91
16039,466,5251,32,1,182.43
16040,396,5252,30,1,583.67
16041,105,5253,100,1,418.81
16042,105,5253,25,1,958.76
16043,105,5253,28,2,207.71
16044,105,5253,29,1,137.26
16045,233,5254,169,2,452.68
16046,233,5254,42,1,162.27
16047,233,5254,46,1,121.09
16048,233,5254,48,1,377.48
16049,233,5254,147,1,4075.22
16050,169,5255,2,1,6856.93
16051,169,5255,6,1,2618.75
16052,169,5255,9,1,864.52
16053,169,5255,107,1,5057.62
16054,169,5255,155,1,298.62
16055,247,5256,2,1,6856.93
16056,247,5256,3,1,182.88
16057,247,5256,198,1,440.15
16058,247,5256,6,1,2618.75
16059,247,5256,9,1,864.52
16060,127,5257,40,1,36.51
16061,127,5257,9,1,864.52
16062,442,5258,12,1,378.07
16063,442,5258,31,1,118.65
16064,138,5259,121,1,279.43
16065,220,5260,2,1,6856.93
16066,220,5260,3,2,182.88
16067,220,5260,6,1,2618.75
16068,220,5260,171,1,100.57
16069,220,5260,116,1,136.01
16070,77,5261,32,1,182.43
16071,77,5261,39,1,51.31
16072,77,5261,37,1,113.29
16073,77,5261,31,1,118.65
16074,316,5262,107,1,5057.62
16075,316,5262,69,1,5185.33
16076,271,5263,155,1,298.62
16077,298,5264,137,1,593.31
16078,298,5264,2,1,6856.93
16079,298,5264,3,2,182.88
16080,298,5264,6,1,2618.75
16081,249,5265,48,1,377.48
16082,249,5265,47,1,691.19
16083,493,5266,34,1,269.1
16084,184,5267,9,2,864.52
16085,184,5267,2,1,6856.93
16086,184,5267,3,1,182.88
16087,184,5267,36,1,703.99
16088,499,5268,200,1,284.58
16089,111,5269,33,1,404.5
16090,111,5269,34,1,269.1
16091,111,5269,35,1,790.82
16092,111,5269,38,1,325.54
16093,111,5269,53,1,95.99
16094,39,5270,41,1,708.68
16095,39,5270,47,1,691.19
16096,275,5271,131,1,457.64
16097,275,5271,5,1,1043.64
16098,266,5272,187,1,521.01
16099,266,5272,166,1,184.75
16100,322,5273,87,1,281.44
16101,385,5274,46,1,121.09
16102,303,5275,48,1,377.48
16103,303,5275,41,2,708.68
16104,303,5275,47,2,691.19
16105,370,5276,11,1,73.96
16106,370,5276,172,1,72.49
16107,369,5277,32,1,182.43
16108,369,5277,75,1,670.09
16109,261,5278,32,1,182.43
16110,261,5278,39,1,51.31
16111,261,5278,31,1,118.65
16112,387,5279,32,2,182.43
16113,387,5279,51,1,66.67
16114,387,5279,53,1,95.99
16115,387,5279,54,1,131.19
16116,381,5280,157,1,278.2
16117,381,5280,103,1,398.87
16118,286,5281,145,1,165.87
16119,286,5281,37,1,113.29
16120,28,5282,5,1,1043.64
16121,44,5283,48,1,377.48
16122,44,5283,50,1,103.84
16123,44,5283,155,2,298.62
16124,44,5283,46,2,121.09
16125,248,5284,29,1,137.26
16126,488,5285,125,1,208.91
16127,239,5286,51,1,66.67
16128,239,5286,93,1,304.48
16129,239,5286,119,1,1350.85
16130,453,5287,2,1,6856.93
16131,453,5287,3,1,182.88
16132,453,5287,6,1,2618.75
16133,453,5287,168,1,126.51
16134,453,5287,9,1,864.52
16135,468,5288,33,1,404.5
16136,468,5288,34,1,269.1
16137,468,5288,35,1,790.82
16138,468,5288,49,1,247.85
16139,468,5288,21,1,2953.99
16140,74,5289,54,1,131.19
16141,155,5290,144,1,91.59
16142,155,5290,113,1,61.24
16143,74,5291,142,1,243.55
16144,231,5292,80,1,996.58
16145,231,5292,109,1,44.98
16146,274,5293,25,1,958.76
16147,274,5293,26,1,547.5
16148,274,5293,28,1,207.71
16149,274,5293,29,1,137.26
16150,152,5294,32,1,182.43
16151,152,5294,37,1,113.29
16152,152,5294,31,1,118.65
16153,6,5295,2,1,6856.93
16154,6,5295,3,1,182.88
16155,6,5295,6,1,2618.75
16156,6,5295,9,1,864.52
16157,6,5295,41,1,708.68
16158,484,5296,8,1,338.12
16159,484,5296,2,2,6856.93
16160,484,5296,3,1,182.88
16161,74,5297,40,1,36.51
16162,74,5297,171,1,100.57
16163,467,5298,169,1,452.68
16164,467,5298,58,1,143.75
16165,80,5299,50,1,103.84
16166,80,5299,46,2,121.09
16167,40,5300,12,1,378.07
16168,40,5300,25,1,958.76
16169,40,5300,26,1,547.5
16170,40,5300,28,2,207.71
16171,40,5300,29,1,137.26
16172,466,5301,69,1,5185.33
16173,466,5301,25,1,958.76
16174,466,5301,186,1,109.52
16175,466,5301,28,1,207.71
16176,466,5301,29,1,137.26
16177,472,5302,33,1,404.5
16178,472,5302,34,2,269.1
16179,472,5302,35,1,790.82
16180,472,5302,38,1,325.54
16181,368,5303,17,1,281.04
16182,368,5303,37,2,113.29
16183,37,5304,48,1,377.48
16184,37,5304,42,1,162.27
16185,37,5304,46,1,121.09
16186,407,5305,106,1,449.77
16187,407,5305,14,2,687.06
16188,87,5306,122,1,696.77
16189,87,5306,159,1,132.33
16190,41,5307,33,2,404.5
16191,41,5307,34,1,269.1
16192,41,5307,50,1,103.84
16193,180,5308,122,1,696.77
16194,180,5308,119,1,1350.85
16195,180,5308,25,1,958.76
16196,180,5308,26,1,547.5
16197,180,5308,28,1,207.71
16198,180,5308,29,1,137.26
16199,182,5309,32,1,182.43
16200,182,5309,111,1,453.66
16201,182,5309,37,1,113.29
16202,182,5309,39,1,51.31
16203,114,5310,8,1,338.12
16204,114,5310,61,1,1462.89
16205,222,5311,72,1,295.83
16206,241,5312,162,1,2324.66
16207,241,5312,2,1,6856.93
16208,241,5312,3,1,182.88
16209,241,5312,6,1,2618.75
16210,34,5313,177,1,3544.65
16211,34,5313,86,1,336.99
16212,375,5314,101,1,241.26
16213,375,5314,51,2,66.67
16214,375,5314,53,1,95.99
16215,375,5314,183,2,171.04
16216,375,5314,56,1,327.69
16217,38,5315,25,1,958.76
16218,38,5315,26,1,547.5
16219,38,5315,28,1,207.71
16220,256,5316,193,1,256.05
16221,256,5316,25,1,958.76
16222,256,5316,26,1,547.5
16223,256,5316,28,1,207.71
16224,256,5316,29,1,137.26
16225,310,5317,129,1,94.56
16226,310,5317,159,1,132.33
16227,336,5318,66,1,234.31
16228,336,5318,10,1,96.42
16229,369,5319,32,1,182.43
16230,369,5319,149,1,652.63
16231,13,5320,33,1,404.5
16232,13,5320,34,2,269.1
16233,13,5320,35,1,790.82
16234,13,5320,63,1,557.39
16235,433,5321,1,1,5429.43
16236,433,5321,10,1,96.42
16237,433,5321,3,1,182.88
16238,433,5321,127,1,209.71
16239,239,5322,96,1,2249.21
16240,239,5322,19,1,195.42
16241,127,5323,161,1,280.14
16242,199,5324,1,1,5429.43
16243,199,5324,51,1,66.67
16244,199,5324,54,1,131.19
16245,199,5324,56,1,327.69
16246,199,5324,189,2,46.18
16247,71,5325,32,1,182.43
16248,71,5325,37,1,113.29
16249,71,5325,39,1,51.31
16250,71,5325,86,1,336.99
16251,71,5325,31,1,118.65
16252,69,5326,70,1,1076.29
16253,69,5326,51,1,66.67
16254,69,5326,53,1,95.99
16255,69,5326,54,1,131.19
16256,69,5326,56,1,327.69
16257,103,5327,166,1,184.75
16258,225,5328,25,1,958.76
16259,225,5328,26,1,547.5
16260,225,5328,29,2,137.26
16261,52,5329,2,1,6856.93
16262,52,5329,51,1,66.67
16263,52,5329,53,1,95.99
16264,52,5329,54,1,131.19
16265,52,5329,56,1,327.69
16266,52,5329,186,1,109.52
16267,221,5330,9,1,864.52
16268,221,5330,2,1,6856.93
16269,221,5330,3,1,182.88
16270,221,5330,6,1,2618.75
16271,249,5331,101,1,241.26
16272,249,5331,87,1,281.44
16273,285,5332,56,1,327.69
16274,285,5332,51,1,66.67
16275,285,5332,53,1,95.99
16276,134,5333,48,1,377.48
16277,134,5333,47,1,691.19
16278,259,5334,75,1,670.09
16279,259,5334,100,1,418.81
16280,88,5335,41,1,708.68
16281,88,5335,29,2,137.26
16282,88,5335,22,1,2057.09
16283,88,5335,47,1,691.19
16284,35,5336,137,1,593.31
16285,35,5336,34,1,269.1
16286,299,5337,3,1,182.88
16287,299,5337,68,2,1081.84
16288,314,5338,32,1,182.43
16289,314,5338,37,1,113.29
16290,314,5338,39,1,51.31
16291,314,5338,176,1,1269.55
16292,314,5338,31,2,118.65
16293,228,5339,48,1,377.48
16294,228,5339,42,1,162.27
16295,228,5339,50,1,103.84
16296,228,5339,46,1,121.09
16297,135,5340,140,1,61.32
16298,172,5341,200,1,284.58
16299,172,5341,29,1,137.26
16300,413,5342,82,1,482.06
16301,389,5343,160,1,298.73
16302,389,5343,51,1,66.67
16303,389,5343,53,1,95.99
16304,389,5343,54,2,131.19
16305,488,5344,1,1,5429.43
16306,488,5344,3,1,182.88
16307,488,5344,10,1,96.42
16308,488,5344,143,2,602.95
16309,488,5344,144,1,91.59
16310,235,5345,21,1,2953.99
16311,235,5345,126,2,224.49
16312,282,5346,48,2,377.48
16313,282,5346,42,1,162.27
16314,282,5346,50,1,103.84
16315,282,5346,46,1,121.09
16316,126,5347,32,1,182.43
16317,126,5347,65,1,586.82
16318,192,5348,37,1,113.29
16319,319,5349,64,1,578.73
16320,319,5349,42,1,162.27
16321,319,5349,46,1,121.09
16322,319,5349,48,1,377.48
16323,319,5349,50,1,103.84
16324,319,5349,191,1,2178.66
16325,189,5350,42,1,162.27
16326,189,5350,46,2,121.09
16327,189,5350,48,1,377.48
16328,189,5350,51,1,66.67
16329,189,5350,158,1,655.51
16330,412,5351,34,1,269.1
16331,412,5351,175,1,152.85
16332,158,5352,178,1,3002.16
16333,368,5353,25,1,958.76
16334,368,5353,26,1,547.5
16335,368,5353,29,1,137.26
16336,366,5354,47,1,691.19
16337,220,5355,32,1,182.43
16338,220,5355,31,1,118.65
16339,133,5356,92,1,182.48
16340,115,5357,163,1,417.18
16341,55,5358,176,1,1269.55
16342,55,5358,24,1,362.63
16343,190,5359,32,1,182.43
16344,190,5359,91,1,978.27
16345,190,5359,37,1,113.29
16346,190,5359,7,1,2063.12
16347,70,5360,161,1,280.14
16348,70,5360,33,1,404.5
16349,70,5360,34,1,269.1
16350,70,5360,35,1,790.82
16351,70,5360,98,1,449.02
16352,499,5361,176,2,1269.55
16353,499,5361,6,1,2618.75
16354,285,5362,33,1,404.5
16355,285,5362,34,1,269.1
16356,285,5362,35,1,790.82
16357,285,5362,130,1,3341.54
16358,285,5362,38,1,325.54
16359,285,5362,7,1,2063.12
16360,86,5363,136,1,1233.09
16361,242,5364,32,1,182.43
16362,242,5364,37,1,113.29
16363,242,5364,39,1,51.31
16364,242,5364,104,1,146.34
16365,242,5364,143,1,602.95
16366,115,5365,32,1,182.43
16367,115,5365,33,1,404.5
16368,115,5365,70,1,1076.29
16369,115,5365,31,2,118.65
16370,412,5366,41,1,708.68
16371,412,5366,170,1,810.36
16372,412,5366,42,1,162.27
16373,412,5366,171,1,100.57
16374,412,5366,47,1,691.19
16375,234,5367,116,1,136.01
16376,335,5368,123,1,140.92
16377,335,5368,21,1,2953.99
16378,115,5369,2,1,6856.93
16379,115,5369,3,1,182.88
16380,115,5369,6,1,2618.75
16381,115,5369,9,1,864.52
16382,115,5369,17,1,281.04
16383,168,5370,50,1,103.84
16384,168,5370,46,1,121.09
16385,274,5371,113,1,61.24
16386,355,5372,170,2,810.36
16387,355,5372,51,1,66.67
16388,355,5372,53,1,95.99
16389,355,5372,54,1,131.19
16390,355,5372,56,1,327.69
16391,355,5372,125,1,208.91
16392,386,5373,154,1,3786.85
16393,386,5373,165,1,867.11
16394,87,5374,172,2,72.49
16395,87,5374,109,1,44.98
16396,153,5375,112,1,2651.9
16397,153,5375,143,1,602.95
16398,302,5376,32,1,182.43
16399,302,5376,37,1,113.29
16400,302,5376,134,1,3215.18
16401,302,5376,31,1,118.65
16402,454,5377,115,2,131.51
16403,255,5378,1,1,5429.43
16404,255,5378,3,1,182.88
16405,255,5378,4,1,1045.02
16406,255,5378,138,1,2075.88
16407,255,5378,12,1,378.07
16408,314,5379,1,1,5429.43
16409,314,5379,3,1,182.88
16410,44,5380,171,1,100.57
16411,399,5381,68,1,1081.84
16412,399,5381,41,1,708.68
16413,399,5381,42,1,162.27
16414,399,5381,47,1,691.19
16415,399,5381,48,1,377.48
16416,399,5381,57,1,215.42
16417,106,5382,82,1,482.06
16418,208,5383,3,1,182.88
16419,217,5384,133,2,165.39
16420,217,5384,42,1,162.27
16421,217,5384,46,1,121.09
16422,217,5384,48,1,377.48
16423,217,5384,87,1,281.44
16424,273,5385,196,1,211.44
16425,273,5385,51,1,66.67
16426,273,5385,53,1,95.99
16427,273,5385,54,1,131.19
16428,273,5385,184,1,617.48
16429,53,5386,96,1,2249.21
16430,53,5386,179,1,148.28
16431,473,5387,177,1,3544.65
16432,409,5388,25,1,958.76
16433,306,5389,128,1,664.23
16434,306,5389,25,2,958.76
16435,306,5389,26,1,547.5
16436,306,5389,28,1,207.71
16437,306,5389,29,1,137.26
16438,381,5390,10,1,96.42
16439,381,5390,87,2,281.44
16440,115,5391,75,1,670.09
16441,276,5392,128,1,664.23
16442,276,5392,51,1,66.67
16443,82,5393,32,1,182.43
16444,82,5393,107,1,5057.62
16445,82,5393,37,2,113.29
16446,441,5394,26,1,547.5
16447,441,5394,199,1,107.47
16448,406,5395,32,2,182.43
16449,406,5395,143,1,602.95
16450,406,5395,37,1,113.29
16451,406,5395,39,1,51.31
16452,347,5396,9,1,864.52
16453,347,5396,2,1,6856.93
16454,347,5396,3,1,182.88
16455,319,5397,159,1,132.33
16456,148,5398,33,1,404.5
16457,148,5398,34,1,269.1
16458,148,5398,35,1,790.82
16459,498,5399,82,1,482.06
16460,498,5399,44,1,1768.56
16461,280,5400,56,1,327.69
16462,280,5400,51,1,66.67
16463,280,5400,54,1,131.19
16464,29,5401,152,1,92.66
16465,29,5401,28,1,207.71
16466,139,5402,158,1,655.51
16467,235,5403,33,1,404.5
16468,235,5403,34,2,269.1
16469,235,5403,35,1,790.82
16470,235,5403,38,1,325.54
16471,443,5404,6,1,2618.75
16472,443,5404,51,1,66.67
16473,443,5404,53,1,95.99
16474,443,5404,56,1,327.69
16475,443,5404,59,1,88.07
16476,167,5405,32,1,182.43
16477,167,5405,37,1,113.29
16478,461,5406,42,1,162.27
16479,461,5406,46,1,121.09
16480,461,5406,48,1,377.48
16481,461,5406,50,1,103.84
16482,461,5406,56,1,327.69
16483,461,5406,127,1,209.71
16484,151,5407,145,1,165.87
16485,253,5408,42,1,162.27
16486,253,5408,43,1,1574.27
16487,253,5408,46,1,121.09
16488,253,5408,48,2,377.48
16489,253,5408,113,1,61.24
16490,253,5408,50,1,103.84
16491,470,5409,56,1,327.69
16492,470,5409,51,1,66.67
16493,309,5410,25,1,958.76
16494,309,5410,26,2,547.5
16495,309,5410,71,1,241.15
16496,470,5411,198,2,440.15
16497,470,5411,106,1,449.77
16498,470,5411,25,1,958.76
16499,470,5411,26,1,547.5
16500,470,5411,28,1,207.71
16501,470,5411,29,1,137.26
16502,384,5412,32,1,182.43
16503,384,5412,37,1,113.29
16504,384,5412,39,1,51.31
16505,384,5412,82,1,482.06
16506,384,5412,30,1,583.67
16507,384,5412,31,1,118.65
16508,339,5413,192,2,105.53
16509,339,5413,33,1,404.5
16510,339,5413,34,2,269.1
16511,339,5413,38,1,325.54
16512,298,5414,51,1,66.67
16513,298,5414,53,1,95.99
16514,298,5414,54,1,131.19
16515,108,5415,57,1,215.42
16516,108,5415,4,1,1045.02
16517,380,5416,33,1,404.5
16518,380,5416,34,1,269.1
16519,380,5416,38,1,325.54
16520,461,5417,194,1,582.97
16521,243,5418,174,1,886.97
16522,360,5419,80,1,996.58
16523,360,5419,159,2,132.33
16524,191,5420,36,1,703.99
16525,59,5421,36,1,703.99
16526,399,5422,34,1,269.1
16527,399,5422,35,1,790.82
16528,282,5423,42,1,162.27
16529,282,5423,46,1,121.09
16530,274,5424,80,2,996.58
16531,274,5424,34,1,269.1
16532,274,5424,35,1,790.82
16533,274,5424,38,1,325.54
16534,241,5425,75,1,670.09
16535,493,5426,131,1,457.64
16536,493,5426,111,1,453.66
16537,145,5427,1,1,5429.43
16538,145,5427,3,1,182.88
16539,145,5427,4,1,1045.02
16540,145,5427,142,1,243.55
16541,404,5428,133,1,165.39
16542,441,5429,187,1,521.01
16543,441,5429,20,1,600.91
16544,235,5430,48,1,377.48
16545,235,5430,80,1,996.58
16546,235,5430,46,1,121.09
16547,235,5430,31,1,118.65
16548,242,5431,42,1,162.27
16549,242,5431,50,1,103.84
16550,242,5431,46,1,121.09
16551,396,5432,44,1,1768.56
16552,396,5432,165,1,867.11
16553,334,5433,163,1,417.18
16554,334,5433,42,2,162.27
16555,334,5433,46,1,121.09
16556,334,5433,48,2,377.48
16557,334,5433,50,1,103.84
16558,334,5433,90,1,2115.26
16559,251,5434,170,1,810.36
16560,251,5434,42,1,162.27
16561,251,5434,46,1,121.09
16562,251,5434,48,1,377.48
16563,251,5434,28,2,207.71
16564,200,5435,129,1,94.56
16565,200,5435,34,1,269.1
16566,200,5435,38,1,325.54
16567,200,5435,138,1,2075.88
16568,347,5436,198,1,440.15
16569,347,5436,41,1,708.68
16570,347,5436,42,1,162.27
16571,347,5436,105,1,250.27
16572,347,5436,47,1,691.19
16573,347,5436,48,1,377.48
16574,73,5437,198,1,440.15
16575,73,5437,25,1,958.76
16576,73,5437,28,1,207.71
16577,73,5437,29,1,137.26
16578,73,5437,95,1,217.5
16579,59,5438,17,2,281.04
16580,359,5439,25,1,958.76
16581,359,5439,26,1,547.5
16582,359,5439,155,1,298.62
16583,359,5439,28,1,207.71
16584,359,5439,29,1,137.26
16585,232,5440,56,1,327.69
16586,232,5440,51,1,66.67
16587,232,5440,53,2,95.99
16588,232,5440,54,1,131.19
16589,397,5441,32,1,182.43
16590,397,5441,197,1,1440.46
16591,397,5441,39,1,51.31
16592,397,5441,148,1,658.67
16593,397,5441,31,1,118.65
16594,233,5442,50,1,103.84
16595,233,5442,46,1,121.09
16596,467,5443,32,1,182.43
16597,467,5443,39,1,51.31
16598,467,5443,37,1,113.29
16599,467,5443,31,1,118.65
16600,304,5444,25,1,958.76
16601,304,5444,26,1,547.5
16602,304,5444,132,1,284.92
16603,304,5444,70,1,1076.29
16604,500,5445,4,1,1045.02
16605,500,5445,77,1,193.57
16606,500,5445,25,1,958.76
16607,500,5445,28,1,207.71
16608,500,5445,29,1,137.26
16609,321,5446,1,1,5429.43
16610,321,5446,17,1,281.04
16611,310,5447,198,1,440.15
16612,310,5447,51,1,66.67
16613,310,5447,53,1,95.99
16614,310,5447,54,1,131.19
16615,310,5447,56,1,327.69
16616,393,5448,25,1,958.76
16617,393,5448,26,1,547.5
16618,393,5448,194,1,582.97
16619,147,5449,8,1,338.12
16620,147,5449,10,1,96.42
16621,245,5450,33,1,404.5
16622,245,5450,34,1,269.1
16623,245,5450,35,1,790.82
16624,245,5450,38,1,325.54
16625,245,5450,17,1,281.04
16626,48,5451,32,1,182.43
16627,48,5451,64,1,578.73
16628,48,5451,37,1,113.29
16629,48,5451,39,1,51.31
16630,48,5451,14,1,687.06
16631,48,5451,31,1,118.65
16632,305,5452,9,1,864.52
16633,305,5452,2,1,6856.93
16634,305,5452,18,1,685.51
16635,128,5453,142,1,243.55
16636,128,5453,46,1,121.09
16637,128,5453,48,1,377.48
16638,128,5453,50,1,103.84
16639,128,5453,155,1,298.62
16640,261,5454,25,1,958.76
16641,261,5454,28,1,207.71
16642,429,5455,127,1,209.71
16643,11,5456,32,2,182.43
16644,11,5456,37,1,113.29
16645,11,5456,39,1,51.31
16646,11,5456,112,1,2651.9
16647,11,5456,31,1,118.65
16648,468,5457,1,1,5429.43
16649,468,5457,10,1,96.42
16650,468,5457,79,1,421.1
16651,248,5458,140,1,61.32
16652,248,5458,134,1,3215.18
16653,111,5459,66,1,234.31
16654,111,5459,143,2,602.95
16655,41,5460,34,1,269.1
16656,41,5460,35,1,790.82
16657,41,5460,197,2,1440.46
16658,41,5460,38,1,325.54
16659,41,5460,29,1,137.26
16660,67,5461,68,1,1081.84
16661,67,5461,165,1,867.11
16662,325,5462,92,1,182.48
16663,12,5463,48,1,377.48
16664,12,5463,42,1,162.27
16665,12,5463,157,1,278.2
16666,12,5463,47,1,691.19
16667,142,5464,74,1,132.13
16668,142,5464,6,1,2618.75
16669,267,5465,33,1,404.5
16670,267,5465,34,1,269.1
16671,267,5465,68,1,1081.84
16672,267,5465,38,1,325.54
16673,267,5465,115,1,131.51
16674,327,5466,96,1,2249.21
16675,327,5466,145,1,165.87
16676,327,5466,51,1,66.67
16677,327,5466,53,1,95.99
16678,327,5466,54,1,131.19
16679,413,5467,1,1,5429.43
16680,413,5467,3,1,182.88
16681,413,5467,4,1,1045.02
16682,413,5467,10,1,96.42
16683,413,5467,52,1,108.37
16684,413,5467,60,1,325.99
16685,396,5468,42,1,162.27
16686,396,5468,46,1,121.09
16687,396,5468,48,1,377.48
16688,396,5468,178,1,3002.16
16689,396,5468,50,1,103.84
16690,493,5469,25,1,958.76
16691,493,5469,26,1,547.5
16692,493,5469,28,2,207.71
16693,8,5470,146,1,323.76
16694,8,5470,69,1,5185.33
16695,443,5471,15,1,478.33
16696,443,5471,51,1,66.67
16697,443,5471,53,1,95.99
16698,443,5471,54,2,131.19
16699,443,5471,183,1,171.04
16700,443,5471,56,1,327.69
16701,373,5472,178,1,3002.16
16702,373,5472,14,1,687.06
16703,12,5473,25,1,958.76
16704,12,5473,26,1,547.5
16705,12,5473,28,1,207.71
16706,12,5473,29,1,137.26
16707,34,5474,1,1,5429.43
16708,385,5475,110,1,228.23
16709,385,5475,182,1,190.33
16710,385,5475,25,1,958.76
16711,385,5475,26,1,547.5
16712,385,5475,28,2,207.71
16713,207,5476,25,1,958.76
16714,207,5476,18,1,685.51
16715,207,5476,28,1,207.71
16716,207,5476,15,1,478.33
16717,339,5477,195,1,411.6
16718,339,5477,197,1,1440.46
16719,456,5478,59,1,88.07
16720,456,5478,38,1,325.54
16721,312,5479,117,1,159.84
16722,312,5479,159,1,132.33
16723,399,5480,48,1,377.48
16724,399,5480,57,1,215.42
16725,399,5480,42,1,162.27
16726,399,5480,47,1,691.19
16727,216,5481,26,1,547.5
16728,216,5481,132,1,284.92
16729,216,5481,25,1,958.76
16730,216,5481,186,1,109.52
16731,216,5481,28,1,207.71
16732,493,5482,48,1,377.48
16733,493,5482,41,1,708.68
16734,493,5482,42,1,162.27
16735,493,5482,47,1,691.19
16736,261,5483,9,2,864.52
16737,261,5483,2,1,6856.93
16738,261,5483,3,1,182.88
16739,261,5483,6,1,2618.75
16740,478,5484,32,1,182.43
16741,478,5484,186,1,109.52
16742,478,5484,39,1,51.31
16743,478,5484,31,1,118.65
16744,75,5485,115,1,131.51
16745,387,5486,33,1,404.5
16746,387,5486,34,1,269.1
16747,387,5486,35,2,790.82
16748,387,5486,38,1,325.54
16749,454,5487,42,1,162.27
16750,454,5487,47,1,691.19
16751,454,5487,48,1,377.48
16752,454,5487,147,1,4075.22
16753,454,5487,159,1,132.33
16754,37,5488,1,1,5429.43
16755,37,5488,10,1,96.42
16756,486,5489,41,1,708.68
16757,486,5489,42,1,162.27
16758,486,5489,87,1,281.44
16759,486,5489,47,1,691.19
16760,350,5490,21,1,2953.99
16761,350,5490,30,1,583.67
16762,144,5491,42,1,162.27
16763,144,5491,174,1,886.97
16764,144,5491,46,1,121.09
16765,144,5491,48,1,377.48
16766,144,5491,50,1,103.84
16767,144,5491,51,1,66.67
16768,9,5492,76,1,110.25
16769,9,5492,191,1,2178.66
16770,260,5493,179,1,148.28
16771,260,5493,22,1,2057.09
16772,176,5494,79,1,421.1
16773,337,5495,33,1,404.5
16774,337,5495,34,1,269.1
16775,337,5495,97,1,1968.21
16776,337,5495,38,1,325.54
16777,337,5495,88,1,398.34
16778,28,5496,8,1,338.12
16779,53,5497,123,1,140.92
16780,53,5497,11,1,73.96
16781,141,5498,46,1,121.09
16782,57,5499,33,1,404.5
16783,57,5499,34,1,269.1
16784,57,5499,35,1,790.82
16785,57,5499,97,1,1968.21
16786,178,5500,1,1,5429.43
16787,178,5500,10,1,96.42
16788,178,5500,3,1,182.88
16789,178,5500,189,1,46.18
16790,348,5501,33,1,404.5
16791,348,5501,34,2,269.1
16792,348,5501,130,1,3341.54
16793,348,5501,38,1,325.54
16794,348,5501,126,1,224.49
16795,172,5502,32,1,182.43
16796,172,5502,196,1,211.44
16797,172,5502,37,2,113.29
16798,172,5502,31,1,118.65
16799,319,5503,153,1,564.14
16800,366,5504,85,1,1742.75
16801,366,5504,95,1,217.5
16802,373,5505,18,1,685.51
16803,286,5506,33,1,404.5
16804,286,5506,34,2,269.1
16805,286,5506,35,1,790.82
16806,286,5506,38,1,325.54
16807,429,5507,25,1,958.76
16808,429,5507,26,1,547.5
16809,429,5507,28,1,207.71
16810,429,5507,29,1,137.26
16811,57,5508,32,2,182.43
16812,57,5508,39,2,51.31
16813,57,5508,31,2,118.65
16814,176,5509,1,1,5429.43
16815,176,5509,3,1,182.88
16816,176,5509,4,1,1045.02
16817,176,5509,10,1,96.42
16818,176,5509,146,1,323.76
16819,176,5509,190,1,615.39
16820,105,5510,160,1,298.73
16821,105,5510,100,1,418.81
16822,16,5511,32,1,182.43
16823,16,5511,132,2,284.92
16824,16,5511,39,1,51.31
16825,232,5512,2,1,6856.93
16826,478,5513,112,1,2651.9
16827,478,5513,1,2,5429.43
16828,478,5513,3,1,182.88
16829,243,5514,138,1,2075.88
16830,150,5515,108,1,5179.59
16831,167,5516,25,1,958.76
16832,167,5516,26,1,547.5
16833,167,5516,28,1,207.71
16834,254,5517,168,1,126.51
16835,313,5518,24,1,362.63
16836,313,5518,57,2,215.42
16837,215,5519,50,1,103.84
16838,215,5519,102,2,1982.66
16839,215,5519,76,1,110.25
16840,215,5519,46,1,121.09
16841,33,5520,42,1,162.27
16842,33,5520,46,1,121.09
16843,33,5520,48,1,377.48
16844,33,5520,123,1,140.92
16845,33,5520,28,1,207.71
16846,460,5521,41,1,708.68
16847,460,5521,42,1,162.27
16848,460,5521,47,1,691.19
16849,460,5521,48,1,377.48
16850,460,5521,144,1,91.59
16851,460,5521,178,1,3002.16
16852,200,5522,48,1,377.48
16853,200,5522,42,2,162.27
16854,200,5522,46,1,121.09
16855,266,5523,32,1,182.43
16856,266,5523,39,2,51.31
16857,266,5523,31,1,118.65
16858,351,5524,1,2,5429.43
16859,351,5524,10,1,96.42
16860,351,5524,3,1,182.88
16861,351,5524,4,1,1045.02
16862,326,5525,144,1,91.59
16863,326,5525,25,1,958.76
16864,326,5525,26,1,547.5
16865,326,5525,28,1,207.71
16866,326,5525,29,2,137.26
16867,112,5526,2,1,6856.93
16868,112,5526,3,1,182.88
16869,112,5526,6,1,2618.75
16870,112,5526,9,1,864.52
16871,112,5526,145,1,165.87
16872,71,5527,1,1,5429.43
16873,71,5527,4,1,1045.02
16874,71,5527,10,1,96.42
16875,71,5527,14,1,687.06
16876,71,5527,159,1,132.33
16877,422,5528,2,1,6856.93
16878,422,5528,3,1,182.88
16879,422,5528,35,1,790.82
16880,422,5528,6,1,2618.75
16881,422,5528,9,1,864.52
16882,35,5529,32,1,182.43
16883,35,5529,37,1,113.29
16884,35,5529,39,1,51.31
16885,35,5529,141,1,449.82
16886,35,5529,84,1,98.36
16887,453,5530,166,1,184.75
16888,453,5530,87,2,281.44
16889,127,5531,88,1,398.34
16890,127,5531,2,1,6856.93
16891,393,5532,48,1,377.48
16892,393,5532,41,1,708.68
16893,393,5532,27,2,1128.13
16894,393,5532,47,1,691.19
16895,241,5533,74,1,132.13
16896,241,5533,63,1,557.39
16897,465,5534,32,2,182.43
16898,465,5534,163,1,417.18
16899,465,5534,37,1,113.29
16900,465,5534,31,1,118.65
16901,204,5535,120,2,37.31
16902,204,5535,26,1,547.5
16903,439,5536,120,1,37.31
16904,439,5536,53,2,95.99
16905,168,5537,121,1,279.43
16906,168,5537,149,2,652.63
16907,109,5538,1,1,5429.43
16908,109,5538,122,1,696.77
16909,109,5538,4,1,1045.02
16910,5,5539,31,1,118.65
16911,482,5540,98,1,449.02
16912,482,5540,92,1,182.48
16913,86,5541,191,1,2178.66
16914,86,5541,71,1,241.15
16915,121,5542,167,1,104.4
16916,366,5543,1,1,5429.43
16917,366,5543,3,1,182.88
16918,366,5543,4,1,1045.02
16919,366,5543,197,1,1440.46
16920,366,5543,10,1,96.42
16921,366,5543,115,2,131.51
16922,481,5544,121,1,279.43
16923,17,5545,32,1,182.43
16924,17,5545,34,1,269.1
16925,17,5545,39,1,51.31
16926,17,5545,188,1,2599.64
16927,17,5545,31,1,118.65
16928,22,5546,34,1,269.1
16929,22,5546,35,1,790.82
16930,22,5546,38,1,325.54
16931,22,5546,151,1,71.91
16932,9,5547,2,1,6856.93
16933,9,5547,3,1,182.88
16934,9,5547,9,1,864.52
16935,9,5547,43,1,1574.27
16936,9,5547,57,1,215.42
16937,84,5548,198,1,440.15
16938,84,5548,41,1,708.68
16939,84,5548,42,1,162.27
16940,84,5548,47,1,691.19
16941,84,5548,48,1,377.48
16942,178,5549,71,1,241.15
16943,178,5549,51,1,66.67
16944,178,5549,53,1,95.99
16945,178,5549,54,1,131.19
16946,178,5549,56,1,327.69
16947,178,5549,190,1,615.39
16948,80,5550,36,1,703.99
16949,80,5550,41,1,708.68
16950,80,5550,42,1,162.27
16951,80,5550,47,2,691.19
16952,80,5550,48,1,377.48
16953,343,5551,56,1,327.69
16954,343,5551,51,1,66.67
16955,343,5551,53,1,95.99
16956,343,5551,54,2,131.19
16957,489,5552,152,1,92.66
16958,364,5553,25,1,958.76
16959,364,5553,26,1,547.5
16960,364,5553,6,1,2618.75
16961,364,5553,17,1,281.04
16962,228,5554,41,1,708.68
16963,228,5554,137,1,593.31
16964,228,5554,47,1,691.19
16965,228,5554,48,1,377.48
16966,228,5554,55,1,41.52
16967,336,5555,1,2,5429.43
16968,336,5555,34,1,269.1
16969,336,5555,3,1,182.88
16970,336,5555,66,1,234.31
16971,336,5555,10,1,96.42
16972,488,5556,80,1,996.58
16973,488,5556,53,1,95.99
16974,488,5557,53,1,95.99
16975,488,5557,15,1,478.33
16976,108,5558,32,1,182.43
16977,108,5558,37,1,113.29
16978,108,5558,135,1,248.61
16979,108,5558,167,1,104.4
16980,108,5558,31,1,118.65
16981,332,5559,16,1,680.77
16982,332,5559,20,1,600.91
16983,490,5560,1,1,5429.43
16984,490,5560,4,1,1045.02
16985,490,5560,93,2,304.48
16986,123,5561,33,2,404.5
16987,123,5561,34,1,269.1
16988,123,5561,35,1,790.82
16989,123,5561,38,1,325.54
16990,123,5561,104,1,146.34
16991,123,5561,55,1,41.52
16992,252,5562,145,1,165.87
16993,252,5562,14,1,687.06
16994,329,5563,1,1,5429.43
16995,329,5563,3,1,182.88
16996,329,5563,4,1,1045.02
16997,329,5563,10,2,96.42
16998,329,5563,117,2,159.84
16999,494,5564,34,2,269.1
17000,494,5564,38,1,325.54
17001,10,5565,167,1,104.4
17002,363,5566,32,1,182.43
17003,363,5566,37,1,113.29
17004,363,5566,39,2,51.31
17005,363,5566,155,1,298.62
17006,363,5566,31,1,118.65
17007,46,5567,152,1,92.66
17008,46,5567,109,1,44.98
17009,185,5568,32,1,182.43
17010,185,5568,37,1,113.29
17011,185,5568,39,1,51.31
17012,185,5568,120,1,37.31
17013,185,5568,31,1,118.65
17014,117,5569,32,1,182.43
17015,117,5569,47,1,691.19
17016,117,5569,37,1,113.29
17017,117,5569,31,1,118.65
17018,24,5570,93,2,304.48
17019,24,5570,14,1,687.06
17020,200,5571,2,1,6856.93
17021,200,5571,59,2,88.07
17022,200,5571,6,1,2618.75
17023,142,5572,2,1,6856.93
17024,142,5572,6,1,2618.75
17025,142,5572,9,1,864.52
17026,142,5572,112,1,2651.9
17027,142,5572,19,1,195.42
17028,6,5573,56,1,327.69
17029,6,5573,51,1,66.67
17030,6,5573,54,1,131.19
17031,419,5574,86,1,336.99
17032,419,5574,2,2,6856.93
17033,419,5574,124,2,4869.43
17034,419,5574,6,1,2618.75
17035,297,5575,25,1,958.76
17036,297,5575,26,1,547.5
17037,297,5575,60,1,325.99
17038,297,5575,29,1,137.26
17039,448,5576,145,1,165.87
17040,448,5576,47,1,691.19
17041,154,5577,179,2,148.28
17042,135,5578,56,1,327.69
17043,135,5578,51,1,66.67
17044,135,5578,53,1,95.99
17045,94,5579,42,1,162.27
17046,94,5579,46,1,121.09
17047,94,5579,48,1,377.48
17048,94,5579,50,2,103.84
17049,94,5579,21,1,2953.99
17050,270,5580,32,1,182.43
17051,270,5580,196,1,211.44
17052,270,5580,37,1,113.29
17053,270,5580,39,1,51.31
17054,270,5580,31,1,118.65
17055,106,5581,97,1,1968.21
17056,106,5581,107,1,5057.62
17057,276,5582,72,1,295.83
17058,276,5582,76,1,110.25
17059,298,5583,195,1,411.6
17060,298,5583,134,1,3215.18
17061,86,5584,33,1,404.5
17062,86,5584,34,1,269.1
17063,86,5584,38,1,325.54
17064,86,5584,80,1,996.58
17065,86,5584,85,1,1742.75
17066,205,5585,142,1,243.55
17067,205,5585,51,1,66.67
17068,205,5585,53,1,95.99
17069,205,5585,54,2,131.19
17070,205,5585,56,1,327.69
17071,222,5586,71,1,241.15
17072,222,5586,42,1,162.27
17073,222,5586,46,1,121.09
17074,222,5586,48,1,377.48
17075,222,5586,50,1,103.84
17076,222,5586,157,1,278.2
17077,474,5587,167,1,104.4
17078,398,5588,150,1,244.37
17079,398,5588,70,1,1076.29
17080,458,5589,199,1,107.47
17081,317,5590,1,1,5429.43
17082,317,5590,10,1,96.42
17083,317,5590,4,2,1045.02
17084,317,5590,79,1,421.1
17085,249,5591,168,1,126.51
17086,249,5591,2,1,6856.93
17087,249,5591,3,1,182.88
17088,91,5592,120,1,37.31
17089,91,5592,33,1,404.5
17090,91,5592,34,1,269.1
17091,91,5592,38,1,325.54
17092,86,5593,1,1,5429.43
17093,86,5593,10,1,96.42
17094,86,5593,3,1,182.88
17095,86,5593,30,1,583.67
17096,320,5594,2,1,6856.93
17097,320,5594,3,1,182.88
17098,320,5594,9,1,864.52
17099,320,5594,142,2,243.55
17100,320,5594,14,1,687.06
17101,304,5595,104,1,146.34
17102,304,5595,70,1,1076.29
17103,203,5596,1,1,5429.43
17104,203,5596,3,1,182.88
17105,203,5596,4,1,1045.02
17106,203,5596,10,1,96.42
17107,203,5596,120,2,37.31
17108,119,5597,170,1,810.36
17109,119,5597,109,1,44.98
17110,119,5597,51,1,66.67
17111,119,5597,53,1,95.99
17112,434,5598,80,1,996.58
17113,434,5598,173,1,426.85
17114,465,5599,33,1,404.5
17115,465,5599,34,1,269.1
17116,465,5599,35,1,790.82
17117,465,5599,38,1,325.54
17118,465,5599,28,1,207.71
17119,375,5600,50,1,103.84
17120,375,5600,46,1,121.09
17121,375,5600,55,1,41.52
17122,447,5601,9,1,864.52
17123,447,5601,199,1,107.47
17124,313,5602,69,1,5185.33
17125,313,5602,25,1,958.76
17126,313,5602,26,2,547.5
17127,313,5602,28,1,207.71
17128,313,5602,29,1,137.26
17129,61,5603,153,2,564.14
17130,61,5603,122,2,696.77
17131,190,5604,115,1,131.51
17132,254,5605,165,1,867.11
17133,447,5606,36,1,703.99
17134,447,5606,82,2,482.06
17135,447,5606,25,1,958.76
17136,447,5606,26,1,547.5
17137,447,5606,28,1,207.71
17138,447,5606,29,1,137.26
17139,471,5607,56,1,327.69
17140,471,5607,51,1,66.67
17141,471,5607,104,1,146.34
17142,471,5607,53,1,95.99
17143,405,5608,67,1,3651.66
17144,490,5609,34,2,269.1
17145,490,5609,35,1,790.82
17146,490,5609,195,1,411.6
17147,490,5609,38,1,325.54
17148,490,5609,183,2,171.04
17149,68,5610,34,1,269.1
17150,366,5611,135,1,248.61
17151,262,5612,197,1,1440.46
17152,262,5612,42,1,162.27
17153,262,5612,46,1,121.09
17154,262,5612,50,1,103.84
17155,262,5612,187,1,521.01
17156,198,5613,32,1,182.43
17157,198,5613,31,1,118.65
17158,255,5614,1,1,5429.43
17159,255,5614,4,1,1045.02
17160,255,5614,137,1,593.31
17161,255,5614,10,1,96.42
17162,255,5614,173,1,426.85
17163,175,5615,9,1,864.52
17164,175,5615,2,1,6856.93
17165,175,5615,3,1,182.88
17166,175,5615,79,1,421.1
17167,157,5616,37,1,113.29
17168,4,5617,109,1,44.98
17169,500,5618,86,1,336.99
17170,500,5618,25,2,958.76
17171,500,5618,26,2,547.5
17172,500,5618,28,1,207.71
17173,500,5618,29,1,137.26
17174,89,5619,2,2,6856.93
17175,89,5619,3,1,182.88
17176,89,5619,6,1,2618.75
17177,89,5619,39,1,51.31
17178,89,5619,9,1,864.52
17179,131,5620,51,2,66.67
17180,131,5620,25,1,958.76
17181,131,5620,26,1,547.5
17182,131,5620,29,1,137.26
17183,131,5620,159,1,132.33
17184,202,5621,25,1,958.76
17185,202,5621,187,1,521.01
17186,202,5621,37,1,113.29
17187,445,5622,133,1,165.39
17188,411,5623,97,1,1968.21
17189,109,5624,32,1,182.43
17190,109,5624,39,1,51.31
17191,109,5624,37,1,113.29
17192,109,5624,31,1,118.65
17193,124,5625,73,1,249.37
17194,124,5625,25,2,958.76
17195,124,5625,26,1,547.5
17196,124,5625,28,1,207.71
17197,124,5625,29,1,137.26
17198,184,5626,2,1,6856.93
17199,184,5626,86,1,336.99
17200,450,5627,64,2,578.73
17201,450,5627,118,1,175.91
17202,136,5628,196,1,211.44
17203,136,5628,188,1,2599.64
17204,77,5629,107,1,5057.62
17205,77,5629,70,1,1076.29
17206,222,5630,1,1,5429.43
17207,222,5630,3,1,182.88
17208,222,5630,4,1,1045.02
17209,222,5630,10,1,96.42
17210,222,5630,24,1,362.63
17211,222,5630,28,1,207.71
17212,86,5631,51,1,66.67
17213,217,5632,192,1,105.53
17214,315,5633,16,1,680.77
17215,58,5634,34,1,269.1
17216,58,5634,35,1,790.82
17217,58,5634,38,1,325.54
17218,58,5634,13,1,342.07
17219,58,5634,29,1,137.26
17220,20,5635,80,2,996.58
17221,20,5635,25,2,958.76
17222,20,5635,29,1,137.26
17223,20,5635,30,1,583.67
17224,497,5636,162,1,2324.66
17225,497,5636,42,1,162.27
17226,497,5636,46,1,121.09
17227,497,5636,175,1,152.85
17228,497,5636,48,1,377.48
17229,497,5636,50,1,103.84
17230,279,5637,51,2,66.67
17231,279,5637,53,1,95.99
17232,279,5637,150,1,244.37
17233,279,5637,54,1,131.19
17234,279,5637,56,1,327.69
17235,279,5637,183,1,171.04
17236,399,5638,127,1,209.71
17237,490,5639,10,1,96.42
17238,389,5640,22,1,2057.09
17239,389,5640,183,1,171.04
17240,177,5641,3,1,182.88
17241,177,5641,14,1,687.06
17242,126,5642,36,1,703.99
17243,244,5643,1,1,5429.43
17244,244,5643,3,1,182.88
17245,244,5643,102,1,1982.66
17246,43,5644,25,1,958.76
17247,43,5644,26,1,547.5
17248,43,5644,190,1,615.39
17249,9,5645,1,1,5429.43
17250,9,5645,10,2,96.42
17251,9,5645,171,1,100.57
17252,9,5645,173,2,426.85
17253,440,5646,168,1,126.51
17254,286,5647,21,1,2953.99
17255,286,5647,54,1,131.19
17256,71,5648,33,1,404.5
17257,71,5648,34,1,269.1
17258,71,5648,38,1,325.54
17259,71,5648,172,1,72.49
17260,71,5648,150,1,244.37
17261,423,5649,41,1,708.68
17262,423,5649,42,1,162.27
17263,423,5649,100,1,418.81
17264,423,5649,47,2,691.19
17265,339,5650,2,1,6856.93
17266,339,5650,115,1,131.51
17267,339,5650,6,1,2618.75
17268,423,5651,56,1,327.69
17269,423,5651,51,1,66.67
17270,364,5652,154,1,3786.85
17271,235,5653,32,1,182.43
17272,235,5653,130,1,3341.54
17273,235,5653,37,1,113.29
17274,235,5653,31,1,118.65
17275,210,5654,1,1,5429.43
17276,210,5654,3,1,182.88
17277,210,5654,4,1,1045.02
17278,210,5654,163,1,417.18
17279,210,5654,10,1,96.42
17280,210,5654,86,2,336.99
17281,485,5655,25,1,958.76
17282,485,5655,26,1,547.5
17283,485,5655,29,1,137.26
17284,392,5656,10,1,96.42
17285,392,5656,164,1,297.97
17286,414,5657,48,2,377.48
17287,414,5657,41,2,708.68
17288,414,5657,42,1,162.27
17289,414,5657,47,1,691.19
17290,119,5658,41,1,708.68
17291,119,5658,42,1,162.27
17292,119,5658,139,1,351.69
17293,119,5658,47,1,691.19
17294,119,5658,48,1,377.48
17295,318,5659,195,1,411.6
17296,318,5659,93,1,304.48
17297,459,5660,33,1,404.5
17298,459,5660,34,1,269.1
17299,459,5660,35,1,790.82
17300,459,5660,150,1,244.37
17301,459,5660,182,1,190.33
17302,447,5661,14,1,687.06
17303,443,5662,32,1,182.43
17304,443,5662,37,1,113.29
17305,443,5662,166,2,184.75
17306,443,5662,39,1,51.31
17307,443,5662,156,1,131.66
17308,196,5663,9,1,864.52
17309,196,5663,2,1,6856.93
17310,2,5664,120,1,37.31
17311,2,5664,25,1,958.76
17312,2,5664,26,1,547.5
17313,2,5664,70,2,1076.29
17314,227,5665,42,1,162.27
17315,227,5665,50,1,103.84
17316,227,5665,46,1,121.09
17317,61,5666,9,1,864.52
17318,61,5666,2,1,6856.93
17319,61,5666,3,1,182.88
17320,61,5666,103,1,398.87
17321,185,5667,33,1,404.5
17322,185,5667,34,1,269.1
17323,185,5667,35,1,790.82
17324,185,5667,38,1,325.54
17325,345,5668,17,1,281.04
17326,345,5668,129,1,94.56
17327,421,5669,162,1,2324.66
17328,421,5669,63,1,557.39
17329,323,5670,48,1,377.48
17330,323,5670,130,2,3341.54
17331,323,5670,52,1,108.37
17332,323,5670,47,1,691.19
17333,292,5671,176,1,1269.55
17334,292,5671,198,1,440.15
17335,119,5672,199,1,107.47
17336,119,5672,147,1,4075.22
17337,119,5672,25,1,958.76
17338,119,5672,26,1,547.5
17339,119,5672,28,1,207.71
17340,119,5672,29,1,137.26
17341,236,5673,65,1,586.82
17342,236,5673,131,1,457.64
17343,236,5673,25,1,958.76
17344,236,5673,26,1,547.5
17345,236,5673,28,1,207.71
17346,236,5673,29,1,137.26
17347,365,5674,32,1,182.43
17348,365,5674,185,1,329.38
17349,365,5674,37,1,113.29
17350,365,5674,31,2,118.65
17351,61,5675,149,1,652.63
17352,61,5675,103,1,398.87
17353,345,5676,56,1,327.69
17354,345,5676,121,1,279.43
17355,345,5676,51,2,66.67
17356,345,5676,53,2,95.99
17357,490,5677,1,1,5429.43
17358,490,5677,10,1,96.42
17359,490,5677,3,1,182.88
17360,490,5677,4,1,1045.02
17361,72,5678,41,2,708.68
17362,72,5678,42,1,162.27
17363,72,5678,106,1,449.77
17364,72,5678,47,1,691.19
17365,72,5678,48,1,377.48
17366,72,5678,120,1,37.31
17367,250,5679,26,1,547.5
17368,250,5679,55,1,41.52
17369,394,5680,137,2,593.31
17370,391,5681,152,1,92.66
17371,355,5682,51,1,66.67
17372,355,5682,53,1,95.99
17373,355,5682,54,2,131.19
17374,355,5682,56,1,327.69
17375,355,5682,94,1,192.65
17376,41,5683,51,2,66.67
17377,41,5683,132,1,284.92
17378,118,5684,25,1,958.76
17379,118,5684,26,1,547.5
17380,118,5684,28,2,207.71
17381,118,5684,29,1,137.26
17382,135,5685,42,1,162.27
17383,135,5685,130,1,3341.54
17384,135,5685,173,1,426.85
17385,135,5685,47,1,691.19
17386,48,5686,32,1,182.43
17387,48,5686,66,1,234.31
17388,140,5687,17,1,281.04
17389,140,5687,116,1,136.01
17390,270,5688,200,1,284.58
17391,270,5688,184,1,617.48
17392,281,5689,41,1,708.68
17393,281,5689,12,1,378.07
17394,281,5689,47,1,691.19
17395,281,5689,48,2,377.48
17396,281,5689,149,2,652.63
17397,186,5690,93,1,304.48
17398,186,5690,181,2,353.61
17399,195,5691,45,2,207.67
17400,107,5692,1,2,5429.43
17401,107,5692,162,1,2324.66
17402,107,5692,3,2,182.88
17403,107,5692,4,1,1045.02
17404,107,5692,40,2,36.51
17405,107,5692,10,1,96.42
17406,390,5693,51,1,66.67
17407,390,5693,54,1,131.19
17408,394,5694,91,1,978.27
17409,394,5694,132,1,284.92
17410,489,5695,100,1,418.81
17411,49,5696,26,1,547.5
17412,49,5696,3,1,182.88
17413,257,5697,82,1,482.06
17414,257,5697,51,1,66.67
17415,257,5697,53,1,95.99
17416,114,5698,128,1,664.23
17417,114,5698,1,1,5429.43
17418,114,5698,10,1,96.42
17419,114,5698,4,1,1045.02
17420,1,5699,48,1,377.48
17421,1,5699,42,2,162.27
17422,1,5699,50,1,103.84
17423,1,5699,46,1,121.09
17424,60,5700,56,1,327.69
17425,60,5700,51,1,66.67
17426,60,5700,53,1,95.99
17427,60,5700,54,1,131.19
17428,353,5701,56,1,327.69
17429,353,5701,118,1,175.91
17430,353,5701,51,1,66.67
17431,353,5701,54,1,131.19
17432,203,5702,184,1,617.48
17433,203,5702,41,1,708.68
17434,203,5702,42,1,162.27
17435,203,5702,47,2,691.19
17436,146,5703,102,1,1982.66
17437,146,5703,51,1,66.67
17438,146,5703,53,2,95.99
17439,146,5703,54,1,131.19
17440,146,5703,56,1,327.69
17441,379,5704,32,1,182.43
17442,379,5704,37,1,113.29
17443,379,5704,31,1,118.65
17444,387,5705,32,1,182.43
17445,387,5705,37,1,113.29
17446,387,5705,39,1,51.31
17447,387,5705,120,2,37.31
17448,387,5705,25,1,958.76
17449,387,5705,31,1,118.65
17450,199,5706,107,2,5057.62
17451,290,5707,108,1,5179.59
17452,290,5707,83,1,584.83
17453,290,5707,51,1,66.67
17454,290,5707,53,1,95.99
17455,290,5707,56,1,327.69
17456,149,5708,42,2,162.27
17457,465,5709,162,1,2324.66
17458,22,5710,153,2,564.14
17459,22,5710,132,2,284.92
17460,346,5711,33,1,404.5
17461,346,5711,34,1,269.1
17462,346,5711,35,1,790.82
17463,346,5711,69,1,5185.33
17464,346,5711,38,1,325.54
17465,346,5711,45,1,207.67
17466,162,5712,73,1,249.37
17467,193,5713,141,1,449.82
17468,197,5714,182,1,190.33
17469,197,5714,199,1,107.47
17470,207,5715,77,1,193.57
17471,207,5715,191,1,2178.66
17472,462,5716,32,1,182.43
17473,462,5716,65,1,586.82
17474,462,5716,7,1,2063.12
17475,462,5716,39,1,51.31
17476,462,5716,31,1,118.65
17477,68,5717,17,1,281.04
17478,68,5717,167,2,104.4
17479,173,5718,182,1,190.33
17480,439,5719,1,1,5429.43
17481,439,5719,10,1,96.42
17482,439,5719,4,1,1045.02
17483,248,5720,2,1,6856.93
17484,248,5720,6,1,2618.75
17485,489,5721,64,1,578.73
17486,489,5721,119,1,1350.85
17487,81,5722,93,2,304.48
17488,440,5723,25,1,958.76
17489,440,5723,26,1,547.5
17490,440,5723,28,1,207.71
17491,409,5724,48,1,377.48
17492,409,5724,42,1,162.27
17493,409,5724,133,1,165.39
17494,409,5724,47,1,691.19
17495,125,5725,98,1,449.02
17496,125,5725,41,1,708.68
17497,125,5725,47,1,691.19
17498,125,5725,48,1,377.48
17499,125,5725,188,1,2599.64
17500,326,5726,25,1,958.76
17501,209,5727,118,1,175.91
17502,201,5728,120,1,37.31
17503,85,5729,42,1,162.27
17504,235,5730,78,1,637.27
17505,235,5730,30,1,583.67
17506,208,5731,150,1,244.37
17507,63,5732,101,1,241.26
17508,192,5733,30,1,583.67
17509,367,5734,48,1,377.48
17510,367,5734,70,1,1076.29
17511,367,5734,46,1,121.09
17512,367,5734,14,1,687.06
17513,43,5735,48,1,377.48
17514,43,5735,42,1,162.27
17515,43,5735,46,1,121.09
17516,38,5736,162,2,2324.66
17517,38,5736,9,1,864.52
17518,38,5736,2,2,6856.93
17519,38,5736,170,1,810.36
17520,8,5737,1,1,5429.43
17521,8,5737,131,1,457.64
17522,8,5737,4,1,1045.02
17523,8,5737,10,1,96.42
17524,8,5737,85,1,1742.75
17525,60,5738,174,1,886.97
17526,60,5738,39,1,51.31
17527,178,5739,167,1,104.4
17528,449,5740,58,1,143.75
17529,449,5740,116,2,136.01
17530,229,5741,25,2,958.76
17531,229,5741,26,1,547.5
17532,182,5742,129,1,94.56
17533,182,5742,28,1,207.71
17534,290,5743,48,1,377.48
17535,290,5743,42,1,162.27
17536,290,5743,50,2,103.84
17537,290,5743,46,1,121.09
17538,308,5744,48,1,377.48
17539,308,5744,42,1,162.27
17540,308,5744,50,1,103.84
17541,308,5744,46,1,121.09
17542,444,5745,48,1,377.48
17543,444,5745,41,1,708.68
17544,444,5745,73,1,249.37
17545,444,5745,47,1,691.19
17546,253,5746,114,1,246.79
17547,253,5746,131,1,457.64
17548,199,5747,41,1,708.68
17549,199,5747,63,1,557.39
17550,362,5748,123,1,140.92
17551,213,5749,48,1,377.48
17552,213,5749,42,1,162.27
17553,213,5749,46,1,121.09
17554,441,5750,32,2,182.43
17555,441,5750,37,1,113.29
17556,441,5750,39,1,51.31
17557,441,5750,154,1,3786.85
17558,441,5750,156,1,131.66
17559,46,5751,161,1,280.14
17560,141,5752,12,1,378.07
17561,141,5752,197,1,1440.46
17562,119,5753,2,1,6856.93
17563,119,5753,3,2,182.88
17564,119,5753,6,1,2618.75
17565,119,5753,74,1,132.13
17566,119,5753,21,1,2953.99
17567,158,5754,14,1,687.06
17568,158,5754,103,1,398.87
17569,326,5755,25,1,958.76
17570,326,5755,26,1,547.5
17571,326,5755,28,1,207.71
17572,107,5756,64,1,578.73
17573,107,5756,34,1,269.1
17574,107,5756,35,1,790.82
17575,107,5756,38,1,325.54
17576,107,5756,76,1,110.25
17577,46,5757,42,1,162.27
17578,46,5757,46,1,121.09
17579,46,5757,48,1,377.48
17580,46,5757,50,1,103.84
17581,46,5757,52,1,108.37
17582,46,5757,60,1,325.99
17583,380,5758,33,1,404.5
17584,269,5759,34,1,269.1
17585,269,5759,35,2,790.82
17586,269,5759,38,1,325.54
17587,8,5760,33,1,404.5
17588,8,5760,34,1,269.1
17589,8,5760,35,1,790.82
17590,8,5760,38,1,325.54
17591,108,5761,48,1,377.48
17592,108,5761,50,1,103.84
17593,108,5761,181,1,353.61
17594,108,5761,46,1,121.09
17595,97,5762,27,1,1128.13
17596,97,5762,181,1,353.61
17597,212,5763,196,1,211.44
17598,242,5764,180,1,279.71
17599,242,5764,51,2,66.67
17600,242,5764,68,1,1081.84
17601,242,5764,54,2,131.19
17602,11,5765,44,1,1768.56
17603,11,5765,6,1,2618.75
17604,377,5766,33,1,404.5
17605,377,5766,34,2,269.1
17606,377,5766,35,1,790.82
17607,377,5766,38,1,325.54
17608,377,5766,20,1,600.91
17609,214,5767,48,1,377.48
17610,214,5767,65,1,586.82
17611,214,5767,42,1,162.27
17612,214,5767,46,1,121.09
17613,198,5768,32,1,182.43
17614,198,5768,56,1,327.69
17615,331,5769,51,1,66.67
17616,331,5769,53,1,95.99
17617,331,5769,54,2,131.19
17618,331,5769,55,1,41.52
17619,331,5769,56,1,327.69
17620,178,5770,32,1,182.43
17621,178,5770,35,1,790.82
17622,178,5770,37,1,113.29
17623,178,5770,95,1,217.5
17624,227,5771,48,1,377.48
17625,227,5771,50,1,103.84
17626,227,5771,46,1,121.09
17627,401,5772,32,1,182.43
17628,401,5772,65,1,586.82
17629,401,5772,39,1,51.31
17630,401,5772,31,1,118.65
17631,23,5773,33,1,404.5
17632,23,5773,197,1,1440.46
17633,401,5774,177,1,3544.65
17634,432,5775,122,2,696.77
17635,432,5775,45,2,207.67
17636,170,5776,160,1,298.73
17637,393,5777,181,1,353.61
17638,230,5778,51,1,66.67
17639,230,5778,53,2,95.99
17640,230,5778,54,1,131.19
17641,353,5779,33,1,404.5
17642,353,5779,34,1,269.1
17643,353,5779,35,1,790.82
17644,353,5779,38,1,325.54
17645,353,5779,120,1,37.31
17646,448,5780,40,1,36.51
17647,448,5780,82,1,482.06
17648,233,5781,41,1,708.68
17649,233,5781,42,2,162.27
17650,233,5781,44,1,1768.56
17651,233,5781,15,1,478.33
17652,233,5781,47,1,691.19
17653,421,5782,48,1,377.48
17654,421,5782,41,1,708.68
17655,421,5782,42,1,162.27
17656,421,5782,47,1,691.19
17657,69,5783,49,1,247.85
17658,69,5783,166,1,184.75
17659,66,5784,48,1,377.48
17660,66,5784,97,1,1968.21
17661,66,5784,50,1,103.84
17662,66,5784,46,1,121.09
17663,351,5785,41,1,708.68
17664,351,5785,191,1,2178.66
17665,495,5786,153,1,564.14
17666,495,5786,185,1,329.38
17667,404,5787,169,1,452.68
17668,404,5787,42,1,162.27
17669,404,5787,50,1,103.84
17670,404,5787,46,1,121.09
17671,102,5788,10,1,96.42
17672,102,5788,46,1,121.09
17673,390,5789,161,1,280.14
17674,390,5789,41,1,708.68
17675,390,5789,42,1,162.27
17676,390,5789,47,1,691.19
17677,390,5789,187,1,521.01
17678,458,5790,42,1,162.27
17679,458,5790,138,1,2075.88
17680,458,5790,46,1,121.09
17681,458,5790,48,1,377.48
17682,458,5790,27,1,1128.13
17683,345,5791,33,1,404.5
17684,345,5791,34,1,269.1
17685,345,5791,35,1,790.82
17686,345,5791,38,2,325.54
17687,403,5792,14,1,687.06
17688,154,5793,48,1,377.48
17689,154,5793,47,1,691.19
17690,491,5794,32,1,182.43
17691,491,5794,37,2,113.29
17692,491,5794,39,1,51.31
17693,491,5794,21,1,2953.99
17694,491,5794,31,1,118.65
17695,396,5795,197,1,1440.46
17696,319,5796,32,1,182.43
17697,319,5796,39,1,51.31
17698,319,5796,31,1,118.65
17699,102,5797,154,1,3786.85
17700,68,5798,48,2,377.48
17701,68,5798,42,1,162.27
17702,68,5798,200,1,284.58
17703,68,5798,47,1,691.19
17704,82,5799,107,1,5057.62
17705,82,5799,163,1,417.18
17706,435,5800,42,1,162.27
17707,435,5800,106,1,449.77
17708,435,5800,47,1,691.19
17709,435,5800,48,1,377.48
17710,435,5800,95,1,217.5
17711,400,5801,194,1,582.97
17712,400,5801,38,1,325.54
17713,400,5801,25,2,958.76
17714,400,5801,26,1,547.5
17715,400,5801,28,1,207.71
17716,274,5802,16,1,680.77
17717,274,5802,34,1,269.1
17718,274,5802,35,1,790.82
17719,335,5803,51,1,66.67
17720,335,5803,53,2,95.99
17721,335,5803,54,1,131.19
17722,5,5804,42,2,162.27
17723,5,5804,171,1,100.57
17724,5,5804,46,1,121.09
17725,5,5804,48,1,377.48
17726,5,5804,50,2,103.84
17727,165,5805,48,1,377.48
17728,165,5805,41,1,708.68
17729,165,5805,47,1,691.19
17730,290,5806,160,1,298.73
17731,290,5806,178,1,3002.16
17732,290,5806,25,1,958.76
17733,290,5806,26,1,547.5
17734,290,5806,28,1,207.71
17735,290,5806,29,1,137.26
17736,109,5807,32,1,182.43
17737,109,5807,37,1,113.29
17738,109,5807,39,1,51.31
17739,109,5807,111,1,453.66
17740,109,5807,157,1,278.2
17741,109,5807,31,1,118.65
17742,217,5808,80,1,996.58
17743,217,5808,8,1,338.12
17744,217,5808,50,1,103.84
17745,217,5808,46,1,121.09
17746,184,5809,56,1,327.69
17747,184,5809,114,1,246.79
17748,184,5809,51,1,66.67
17749,184,5809,53,1,95.99
17750,12,5810,65,1,586.82
17751,12,5810,2,1,6856.93
17752,12,5810,3,1,182.88
17753,12,5810,67,1,3651.66
17754,12,5810,9,1,864.52
17755,462,5811,1,1,5429.43
17756,308,5812,30,1,583.67
17757,29,5813,11,1,73.96
17758,29,5813,164,1,297.97
17759,77,5814,9,1,864.52
17760,77,5814,111,1,453.66
17761,489,5815,17,1,281.04
17762,489,5815,146,1,323.76
17763,169,5816,37,1,113.29
17764,169,5816,51,1,66.67
17765,169,5816,53,1,95.99
17766,169,5816,56,1,327.69
17767,169,5816,30,1,583.67
17768,253,5817,48,1,377.48
17769,253,5817,42,1,162.27
17770,253,5817,47,1,691.19
17771,314,5818,178,1,3002.16
17772,314,5818,173,1,426.85
17773,145,5819,1,1,5429.43
17774,145,5819,3,1,182.88
17775,145,5819,4,1,1045.02
17776,69,5820,34,1,269.1
17777,69,5820,35,1,790.82
17778,69,5820,38,1,325.54
17779,194,5821,19,1,195.42
17780,194,5821,52,1,108.37
17781,171,5822,153,1,564.14
17782,261,5823,192,1,105.53
17783,261,5823,31,1,118.65
17784,194,5824,33,1,404.5
17785,194,5824,34,1,269.1
17786,194,5824,35,1,790.82
17787,194,5824,71,1,241.15
17788,194,5824,110,2,228.23
17789,490,5825,32,2,182.43
17790,490,5825,33,1,404.5
17791,490,5825,34,1,269.1
17792,490,5825,35,1,790.82
17793,490,5825,38,1,325.54
17794,109,5826,134,1,3215.18
17795,109,5826,42,1,162.27
17796,109,5826,46,1,121.09
17797,109,5826,48,1,377.48
17798,109,5826,50,1,103.84
17799,109,5826,90,1,2115.26
17800,350,5827,144,1,91.59
17801,350,5827,69,1,5185.33
17802,78,5828,41,1,708.68
17803,78,5828,108,2,5179.59
17804,78,5828,12,1,378.07
17805,78,5828,47,1,691.19
17806,247,5829,56,1,327.69
17807,247,5829,3,2,182.88
17808,247,5829,51,1,66.67
17809,247,5829,54,1,131.19
17810,117,5830,32,2,182.43
17811,117,5830,196,2,211.44
17812,117,5830,37,1,113.29
17813,117,5830,39,1,51.31
17814,117,5830,10,1,96.42
17815,82,5831,12,1,378.07
17816,492,5832,148,1,658.67
17817,492,5832,23,1,3803.84
17818,190,5833,1,1,5429.43
17819,190,5833,10,1,96.42
17820,423,5834,110,1,228.23
17821,423,5834,55,1,41.52
17822,208,5835,42,2,162.27
17823,208,5835,53,1,95.99
17824,208,5835,47,1,691.19
17825,15,5836,121,1,279.43
17826,15,5836,132,2,284.92
17827,213,5837,34,1,269.1
17828,331,5838,48,1,377.48
17829,331,5838,42,2,162.27
17830,331,5838,46,1,121.09
17831,332,5839,48,1,377.48
17832,332,5839,42,1,162.27
17833,332,5839,35,1,790.82
17834,332,5839,46,1,121.09
17835,113,5840,32,1,182.43
17836,113,5840,39,1,51.31
17837,113,5840,37,1,113.29
17838,113,5840,31,1,118.65
17839,297,5841,96,1,2249.21
17840,297,5841,131,1,457.64
17841,297,5841,51,1,66.67
17842,297,5841,54,1,131.19
17843,297,5841,56,1,327.69
17844,151,5842,51,1,66.67
17845,151,5842,53,1,95.99
17846,151,5842,54,2,131.19
17847,151,5842,183,1,171.04
17848,151,5842,56,1,327.69
17849,82,5843,1,1,5429.43
17850,82,5843,4,1,1045.02
17851,82,5843,10,1,96.42
17852,82,5843,43,1,1574.27
17853,82,5843,108,1,5179.59
17854,430,5844,48,1,377.48
17855,430,5844,41,1,708.68
17856,430,5844,47,1,691.19
17857,240,5845,56,1,327.69
17858,240,5845,51,1,66.67
17859,240,5845,53,1,95.99
17860,125,5846,155,1,298.62
17861,483,5847,56,1,327.69
17862,296,5848,67,1,3651.66
17863,334,5849,8,1,338.12
17864,334,5849,19,1,195.42
17865,292,5850,51,1,66.67
17866,292,5850,53,1,95.99
17867,292,5850,150,2,244.37
17868,425,5851,52,1,108.37
17869,463,5852,90,1,2115.26
17870,352,5853,112,1,2651.9
17871,76,5854,78,1,637.27
17872,388,5855,48,1,377.48
17873,388,5855,41,1,708.68
17874,388,5855,173,1,426.85
17875,388,5855,47,1,691.19
17876,281,5856,68,1,1081.84
17877,281,5856,167,1,104.4
17878,281,5856,51,1,66.67
17879,281,5856,54,1,131.19
17880,281,5856,56,1,327.69
17881,177,5857,87,1,281.44
17882,177,5857,127,1,209.71
17883,364,5858,36,1,703.99
17884,43,5859,122,1,696.77
17885,270,5860,25,1,958.76
17886,270,5860,141,2,449.82
17887,317,5861,2,1,6856.93
17888,317,5861,3,1,182.88
17889,317,5861,6,1,2618.75
17890,317,5861,170,1,810.36
17891,317,5861,20,1,600.91
17892,366,5862,32,1,182.43
17893,366,5862,115,1,131.51
17894,366,5862,37,1,113.29
17895,366,5862,31,1,118.65
17896,350,5863,51,1,66.67
17897,304,5864,33,1,404.5
17898,304,5864,34,1,269.1
17899,304,5864,166,1,184.75
17900,304,5864,38,1,325.54
17901,304,5864,77,2,193.57
17902,136,5865,2,1,6856.93
17903,136,5865,3,2,182.88
17904,136,5865,6,1,2618.75
17905,136,5865,13,1,342.07
17906,136,5865,119,2,1350.85
17907,190,5866,34,1,269.1
17908,190,5866,12,1,378.07
17909,190,5866,149,1,652.63
17910,436,5867,41,1,708.68
17911,436,5867,42,1,162.27
17912,436,5867,73,1,249.37
17913,436,5867,47,1,691.19
17914,436,5867,48,2,377.48
17915,457,5868,50,1,103.84
17916,457,5868,46,1,121.09
17917,450,5869,65,1,586.82
17918,450,5869,33,1,404.5
17919,450,5869,34,1,269.1
17920,450,5869,38,2,325.54
17921,2,5870,2,1,6856.93
17922,2,5870,3,1,182.88
17923,432,5871,114,1,246.79
17924,432,5871,43,1,1574.27
17925,202,5872,33,1,404.5
17926,202,5872,34,1,269.1
17927,202,5872,35,2,790.82
17928,202,5872,38,1,325.54
17929,202,5872,178,1,3002.16
17930,202,5872,180,1,279.71
17931,205,5873,160,1,298.73
17932,205,5873,42,1,162.27
17933,205,5873,46,1,121.09
17934,205,5873,48,1,377.48
17935,205,5873,50,1,103.84
17936,184,5874,131,1,457.64
17937,184,5874,25,1,958.76
17938,184,5874,26,1,547.5
17939,184,5874,28,1,207.71
17940,184,5874,29,1,137.26
17941,264,5875,41,1,708.68
17942,264,5875,49,1,247.85
17943,264,5875,76,1,110.25
17944,264,5875,47,1,691.19
17945,298,5876,139,1,351.69
17946,298,5876,51,1,66.67
17947,298,5876,53,1,95.99
17948,298,5876,54,1,131.19
17949,298,5876,56,1,327.69
17950,369,5877,90,1,2115.26
17951,369,5877,53,1,95.99
17952,69,5878,51,1,66.67
17953,69,5878,53,1,95.99
17954,69,5878,54,1,131.19
17955,69,5878,56,1,327.69
17956,69,5878,153,1,564.14
17957,69,5878,92,1,182.48
17958,445,5879,19,1,195.42
17959,335,5880,48,1,377.48
17960,335,5880,41,1,708.68
17961,335,5880,161,1,280.14
17962,335,5880,47,1,691.19
17963,356,5881,41,1,708.68
17964,356,5881,42,1,162.27
17965,356,5881,143,1,602.95
17966,356,5881,48,1,377.48
17967,356,5881,47,1,691.19
17968,376,5882,90,1,2115.26
17969,376,5882,2,1,6856.93
17970,376,5882,3,1,182.88
17971,376,5882,165,1,867.11
17972,152,5883,51,2,66.67
17973,152,5883,53,1,95.99
17974,152,5883,54,1,131.19
17975,152,5883,56,1,327.69
17976,152,5883,126,1,224.49
17977,450,5884,109,1,44.98
17978,450,5884,51,1,66.67
17979,450,5884,53,1,95.99
17980,450,5884,54,1,131.19
17981,450,5884,56,1,327.69
17982,477,5885,20,2,600.91
17983,477,5885,117,1,159.84
17984,445,5886,175,1,152.85
17985,105,5887,197,2,1440.46
17986,105,5887,46,1,121.09
17987,105,5887,48,1,377.48
17988,105,5887,50,1,103.84
17989,105,5887,146,1,323.76
17990,97,5888,8,1,338.12
17991,97,5888,42,1,162.27
17992,97,5888,47,1,691.19
17993,97,5888,48,1,377.48
17994,97,5888,151,1,71.91
17995,298,5889,25,1,958.76
17996,298,5889,28,1,207.71
17997,298,5889,149,1,652.63
17998,298,5889,113,1,61.24
17999,500,5890,128,1,664.23
18000,500,5890,2,1,6856.93
18001,500,5890,3,1,182.88
18002,500,5890,6,1,2618.75
18003,500,5890,9,1,864.52
18004,56,5891,32,1,182.43
18005,56,5891,39,1,51.31
18006,56,5891,31,1,118.65
18007,205,5892,28,1,207.71
18008,263,5893,42,1,162.27
18009,263,5893,47,2,691.19
18010,61,5894,72,1,295.83
18011,368,5895,92,1,182.48
18012,169,5896,23,1,3803.84
18013,298,5897,48,1,377.48
18014,298,5897,41,1,708.68
18015,298,5897,42,1,162.27
18016,298,5897,47,1,691.19
18017,242,5898,33,1,404.5
18018,242,5898,34,1,269.1
18019,242,5898,35,1,790.82
18020,242,5898,38,1,325.54
18021,271,5899,178,1,3002.16
18022,271,5899,149,1,652.63
18023,159,5900,194,1,582.97
18024,159,5900,3,1,182.88
18025,159,5900,51,1,66.67
18026,159,5900,53,1,95.99
18027,159,5900,54,1,131.19
18028,159,5900,56,1,327.69
18029,281,5901,184,1,617.48
18030,281,5901,157,1,278.2
18031,445,5902,25,1,958.76
18032,445,5902,178,1,3002.16
18033,50,5903,33,1,404.5
18034,50,5903,34,1,269.1
18035,50,5903,35,1,790.82
18036,50,5903,38,1,325.54
18037,50,5903,168,1,126.51
18038,50,5903,42,2,162.27
18039,101,5904,117,1,159.84
18040,101,5904,118,1,175.91
18041,69,5905,56,1,327.69
18042,69,5905,51,1,66.67
18043,56,5906,50,2,103.84
18044,56,5906,188,1,2599.64
18045,371,5907,135,1,248.61
18046,371,5907,42,1,162.27
18047,371,5907,46,1,121.09
18048,371,5907,48,1,377.48
18049,371,5907,50,1,103.84
18050,267,5908,93,1,304.48
18051,267,5908,63,1,557.39
18052,425,5909,64,1,578.73
18053,425,5909,137,1,593.31
18054,239,5910,166,1,184.75
18055,110,5911,68,1,1081.84
18056,299,5912,33,1,404.5
18057,299,5912,34,1,269.1
18058,299,5912,60,1,325.99
18059,299,5912,38,1,325.54
18060,329,5913,129,1,94.56
18061,329,5913,83,2,584.83
18062,178,5914,32,1,182.43
18063,178,5914,37,1,113.29
18064,178,5914,39,2,51.31
18065,178,5914,86,1,336.99
18066,178,5914,31,1,118.65
18067,51,5915,48,1,377.48
18068,51,5915,47,1,691.19
18069,423,5916,33,1,404.5
18070,423,5916,34,1,269.1
18071,423,5916,38,1,325.54
18072,152,5917,125,1,208.91
18073,44,5918,53,2,95.99
18074,44,5918,47,1,691.19
18075,498,5919,42,1,162.27
18076,498,5919,138,1,2075.88
18077,498,5919,46,1,121.09
18078,498,5919,48,1,377.48
18079,498,5919,50,1,103.84
18080,290,5920,185,2,329.38
18081,290,5920,140,1,61.32
18082,251,5921,18,1,685.51
18083,251,5921,118,1,175.91
18084,240,5922,71,1,241.15
18085,240,5922,127,1,209.71
18086,6,5923,166,1,184.75
18087,6,5923,95,1,217.5
18088,181,5924,25,1,958.76
18089,181,5924,26,1,547.5
18090,181,5924,28,1,207.71
18091,181,5924,29,1,137.26
18092,452,5925,156,1,131.66
18093,452,5925,174,1,886.97
18094,179,5926,41,1,708.68
18095,179,5926,42,1,162.27
18096,179,5926,47,1,691.19
18097,130,5927,31,1,118.65
18098,113,5928,2,1,6856.93
18099,113,5928,46,1,121.09
18100,307,5929,82,1,482.06
18101,302,5930,32,2,182.43
18102,302,5930,39,1,51.31
18103,302,5930,37,1,113.29
18104,302,5930,31,1,118.65
18105,50,5931,48,2,377.48
18106,50,5931,47,1,691.19
18107,35,5932,1,1,5429.43
18108,35,5932,3,1,182.88
18109,35,5932,4,1,1045.02
18110,35,5932,164,1,297.97
18111,35,5932,73,1,249.37
18112,35,5932,10,1,96.42
18113,413,5933,169,2,452.68
18114,279,5934,1,1,5429.43
18115,279,5934,10,1,96.42
18116,279,5934,3,1,182.88
18117,279,5934,4,1,1045.02
18118,408,5935,7,1,2063.12
18119,239,5936,147,1,4075.22
18120,239,5936,22,1,2057.09
18121,146,5937,153,1,564.14
18122,146,5937,175,2,152.85
18123,46,5938,196,1,211.44
18124,46,5938,51,2,66.67
18125,46,5938,53,1,95.99
18126,46,5938,54,1,131.19
18127,46,5938,56,1,327.69
18128,138,5939,176,1,1269.55
18129,138,5939,180,1,279.71
18130,88,5940,156,1,131.66
18131,88,5940,197,2,1440.46
18132,177,5941,171,1,100.57
18133,28,5942,131,2,457.64
18134,28,5942,155,1,298.62
18135,351,5943,140,1,61.32
18136,351,5943,38,1,325.54
18137,499,5944,56,1,327.69
18138,499,5944,51,2,66.67
18139,499,5944,53,1,95.99
18140,499,5944,54,1,131.19
18141,260,5945,1,1,5429.43
18142,260,5945,2,1,6856.93
18143,260,5945,3,1,182.88
18144,260,5945,4,1,1045.02
18145,260,5945,10,2,96.42
18146,260,5945,154,1,3786.85
18147,231,5946,125,1,208.91
18148,417,5947,133,1,165.39
18149,417,5947,41,1,708.68
18150,417,5947,47,1,691.19
18151,417,5947,48,1,377.48
18152,417,5947,57,1,215.42
18153,258,5948,177,1,3544.65
18154,258,5948,42,1,162.27
18155,258,5948,50,1,103.84
18156,258,5948,46,1,121.09
18157,221,5949,137,1,593.31
18158,405,5950,32,1,182.43
18159,119,5951,97,1,1968.21
18160,281,5952,32,1,182.43
18161,281,5952,37,1,113.29
18162,281,5952,39,1,51.31
18163,281,5952,31,1,118.65
18164,281,5952,127,1,209.71
18165,164,5953,48,1,377.48
18166,164,5953,9,1,864.52
18167,497,5954,48,1,377.48
18168,497,5954,42,1,162.27
18169,497,5954,50,1,103.84
18170,497,5954,46,1,121.09
18171,358,5955,41,2,708.68
18172,358,5955,42,1,162.27
18173,358,5955,47,1,691.19
18174,212,5956,2,1,6856.93
18175,212,5956,3,2,182.88
18176,212,5956,6,1,2618.75
18177,212,5956,9,1,864.52
18178,212,5956,121,1,279.43
18179,422,5957,33,1,404.5
18180,422,5957,34,1,269.1
18181,422,5957,38,1,325.54
18182,136,5958,180,1,279.71
18183,136,5958,108,1,5179.59
18184,184,5959,9,1,864.52
18185,184,5959,2,2,6856.93
18186,339,5960,33,1,404.5
18187,339,5960,34,1,269.1
18188,339,5960,35,1,790.82
18189,339,5960,38,1,325.54
18190,339,5960,79,1,421.1
18191,156,5961,121,1,279.43
18192,156,5961,14,1,687.06
18193,337,5962,9,1,864.52
18194,337,5962,84,1,98.36
18195,95,5963,82,1,482.06
18196,171,5964,33,1,404.5
18197,171,5964,34,1,269.1
18198,171,5964,35,2,790.82
18199,335,5965,74,1,132.13
18200,335,5965,54,1,131.19
18201,86,5966,28,1,207.71
18202,86,5966,191,1,2178.66
18203,77,5967,162,1,2324.66
18204,77,5967,2,1,6856.93
18205,77,5967,3,1,182.88
18206,77,5967,6,2,2618.75
18207,77,5967,9,1,864.52
18208,77,5967,56,1,327.69
18209,117,5968,17,1,281.04
18210,458,5969,25,1,958.76
18211,458,5969,110,1,228.23
18212,72,5970,33,1,404.5
18213,72,5970,34,1,269.1
18214,72,5970,35,1,790.82
18215,72,5970,38,1,325.54
18216,72,5970,14,1,687.06
18217,72,5970,94,1,192.65
18218,238,5971,72,1,295.83
18219,238,5971,25,1,958.76
18220,238,5971,28,1,207.71
18221,238,5971,160,2,298.73
18222,330,5972,67,1,3651.66
18223,330,5972,140,1,61.32
18224,442,5973,196,1,211.44
18225,388,5974,7,1,2063.12
18226,448,5975,56,1,327.69
18227,448,5975,51,1,66.67
18228,448,5975,53,1,95.99
18229,448,5975,54,1,131.19
18230,55,5976,88,1,398.34
18231,55,5976,182,1,190.33
18232,256,5977,1,1,5429.43
18233,256,5977,10,1,96.42
18234,256,5977,4,1,1045.02
18235,375,5978,19,1,195.42
18236,375,5978,2,1,6856.93
18237,375,5978,3,1,182.88
18238,375,5978,101,1,241.26
18239,255,5979,2,1,6856.93
18240,255,5979,3,2,182.88
18241,255,5979,168,1,126.51
18242,255,5979,9,1,864.52
18243,255,5979,51,1,66.67
18244,59,5980,51,1,66.67
18245,59,5980,53,1,95.99
18246,59,5980,54,1,131.19
18247,59,5980,56,2,327.69
18248,59,5980,94,1,192.65
18249,157,5981,28,1,207.71
18250,429,5982,48,1,377.48
18251,429,5982,42,1,162.27
18252,429,5982,47,1,691.19
18253,385,5983,9,1,864.52
18254,385,5983,2,1,6856.93
18255,385,5983,3,1,182.88
18256,201,5984,33,1,404.5
18257,201,5984,34,1,269.1
18258,201,5984,153,1,564.14
18259,201,5984,45,1,207.67
18260,308,5985,1,1,5429.43
18261,308,5985,3,1,182.88
18262,308,5985,4,1,1045.02
18263,308,5985,10,1,96.42
18264,308,5985,120,1,37.31
18265,88,5986,194,1,582.97
18266,261,5987,112,1,2651.9
18267,261,5987,55,1,41.52
18268,60,5988,9,1,864.52
18269,60,5988,2,1,6856.93
18270,60,5988,6,1,2618.75
18271,110,5989,56,1,327.69
18272,110,5989,51,1,66.67
18273,110,5989,53,1,95.99
18274,110,5989,54,1,131.19
18275,390,5990,34,1,269.1
18276,390,5990,35,1,790.82
18277,390,5990,38,2,325.54
18278,417,5991,51,1,66.67
18279,417,5991,53,1,95.99
18280,417,5991,54,1,131.19
18281,68,5992,192,1,105.53
18282,68,5992,161,1,280.14
18283,68,5992,46,1,121.09
18284,68,5992,48,2,377.48
18285,68,5992,50,1,103.84
18286,244,5993,48,1,377.48
18287,244,5993,41,1,708.68
18288,244,5993,42,1,162.27
18289,244,5993,47,1,691.19
18290,252,5994,170,1,810.36
18291,252,5994,34,1,269.1
18292,252,5994,35,1,790.82
18293,252,5994,164,1,297.97
18294,357,5995,59,1,88.07
18295,299,5996,14,1,687.06
18296,111,5997,127,1,209.71
18297,125,5998,1,1,5429.43
18298,125,5998,10,1,96.42
18299,125,5998,3,1,182.88
18300,125,5998,4,1,1045.02
18301,369,5999,9,1,864.52
18302,369,5999,2,1,6856.93
18303,369,5999,3,1,182.88
18304,356,6000,9,1,864.52
18305,356,6000,2,1,6856.93
18306,356,6000,3,1,182.88
18307,385,6001,32,1,182.43
18308,385,6001,135,1,248.61
18309,385,6001,123,1,140.92
18310,385,6001,39,1,51.31
18311,38,6002,58,1,143.75
18312,326,6003,1,1,5429.43
18313,326,6003,3,1,182.88
18314,326,6003,4,1,1045.02
18315,326,6003,135,1,248.61
18316,326,6003,13,1,342.07
18317,389,6004,9,1,864.52
18318,389,6004,2,1,6856.93
18319,389,6004,3,1,182.88
18320,327,6005,133,1,165.39
18321,327,6005,41,1,708.68
18322,327,6005,42,1,162.27
18323,327,6005,47,1,691.19
18324,327,6005,83,1,584.83
18325,165,6006,24,1,362.63
18326,165,6006,135,1,248.61
18327,450,6007,2,1,6856.93
18328,450,6007,6,1,2618.75
18329,450,6007,9,1,864.52
18330,450,6007,17,1,281.04
18331,450,6007,85,1,1742.75
18332,35,6008,41,1,708.68
18333,35,6008,42,1,162.27
18334,35,6008,91,1,978.27
18335,35,6008,47,1,691.19
18336,475,6009,189,1,46.18
18337,54,6010,122,1,696.77
18338,156,6011,48,2,377.48
18339,156,6011,59,1,88.07
18340,156,6011,47,1,691.19
18341,494,6012,2,1,6856.93
18342,494,6012,3,2,182.88
18343,494,6012,6,1,2618.75
18344,121,6013,82,1,482.06
18345,498,6014,145,1,165.87
18346,498,6014,159,1,132.33
18347,325,6015,56,1,327.69
18348,192,6016,2,1,6856.93
18349,192,6016,3,1,182.88
18350,192,6016,6,1,2618.75
18351,256,6017,5,1,1043.64
18352,256,6017,18,1,685.51
18353,256,6017,51,1,66.67
18354,256,6017,54,1,131.19
18355,256,6017,56,1,327.69
18356,424,6018,32,2,182.43
18357,424,6018,34,1,269.1
18358,424,6018,35,1,790.82
18359,430,6019,193,2,256.05
18360,430,6019,168,1,126.51
18361,430,6019,41,1,708.68
18362,430,6019,42,1,162.27
18363,430,6019,47,2,691.19
18364,430,6019,48,1,377.48
18365,6,6020,188,1,2599.64
18366,6,6021,32,1,182.43
18367,6,6021,191,1,2178.66
18368,6,6021,19,1,195.42
18369,6,6021,31,2,118.65
18370,122,6022,90,1,2115.26
18371,363,6023,48,1,377.48
18372,363,6023,86,1,336.99
18373,222,6024,169,1,452.68
18374,222,6024,199,1,107.47
18375,138,6025,25,1,958.76
18376,138,6025,26,1,547.5
18377,138,6025,28,1,207.71
18378,9,6026,16,1,680.77
18379,129,6027,73,1,249.37
18380,129,6027,84,1,98.36
18381,241,6028,42,1,162.27
18382,241,6028,74,1,132.13
18383,241,6028,47,1,691.19
18384,349,6029,60,1,325.99
18385,349,6029,147,1,4075.22
18386,349,6029,25,1,958.76
18387,349,6029,26,1,547.5
18388,349,6029,28,1,207.71
18389,349,6029,29,1,137.26
18390,271,6030,42,1,162.27
18391,271,6030,141,2,449.82
18392,271,6030,47,1,691.19
18393,266,6031,18,1,685.51
18394,107,6032,2,1,6856.93
18395,107,6032,3,2,182.88
18396,107,6032,9,1,864.52
18397,107,6032,41,1,708.68
18398,107,6032,16,1,680.77
18399,259,6033,106,1,449.77
18400,259,6033,70,1,1076.29
18401,293,6034,129,1,94.56
18402,293,6034,78,1,637.27
18403,222,6035,32,1,182.43
18404,222,6035,39,1,51.31
18405,222,6035,37,1,113.29
18406,222,6035,31,1,118.65
18407,16,6036,44,1,1768.56
18408,16,6036,143,1,602.95
18409,258,6037,48,1,377.48
18410,258,6037,41,1,708.68
18411,258,6037,47,1,691.19
18412,346,6038,160,1,298.73
18413,210,6039,41,1,708.68
18414,210,6039,172,1,72.49
18415,210,6039,47,1,691.19
18416,419,6040,25,1,958.76
18417,419,6040,26,2,547.5
18418,419,6040,28,1,207.71
18419,419,6040,29,1,137.26
18420,305,6041,48,1,377.48
18421,305,6041,41,1,708.68
18422,305,6041,42,1,162.27
18423,305,6041,47,1,691.19
18424,199,6042,116,1,136.01
18425,201,6043,26,1,547.5
18426,248,6044,114,1,246.79
18427,4,6045,72,1,295.83
18428,4,6045,46,1,121.09
18429,4,6045,48,1,377.48
18430,4,6045,50,1,103.84
18431,4,6045,82,1,482.06
18432,439,6046,56,1,327.69
18433,108,6047,29,1,137.26
18434,127,6048,1,1,5429.43
18435,127,6048,3,1,182.88
18436,127,6048,4,1,1045.02
18437,127,6048,29,1,137.26
18438,127,6048,63,1,557.39
18439,15,6049,1,1,5429.43
18440,15,6049,3,1,182.88
18441,15,6049,4,1,1045.02
18442,15,6049,10,1,96.42
18443,15,6049,183,1,171.04
18444,15,6049,187,1,521.01
18445,22,6050,42,1,162.27
18446,68,6051,129,1,94.56
18447,35,6052,102,1,1982.66
18448,93,6053,2,1,6856.93
18449,93,6053,6,1,2618.75
18450,93,6053,103,2,398.87
18451,93,6053,9,1,864.52
18452,93,6053,158,1,655.51
18453,459,6054,10,1,96.42
18454,132,6055,15,1,478.33
18455,94,6056,120,1,37.31
18456,94,6056,154,1,3786.85
18457,401,6057,81,1,1613.84
18458,401,6057,101,2,241.26
18459,327,6058,75,1,670.09
18460,443,6059,34,1,269.1
18461,443,6059,35,1,790.82
18462,443,6059,38,2,325.54
18463,121,6060,9,1,864.52
18464,121,6060,2,1,6856.93
18465,121,6060,6,1,2618.75
18466,124,6061,9,1,864.52
18467,124,6061,2,1,6856.93
18468,124,6061,3,1,182.88
18469,124,6061,6,1,2618.75
18470,98,6062,163,1,417.18
18471,98,6062,46,1,121.09
18472,376,6063,9,1,864.52
18473,376,6063,2,1,6856.93
18474,376,6063,131,1,457.64
18475,376,6063,6,1,2618.75
18476,469,6064,32,1,182.43
18477,469,6064,169,1,452.68
18478,469,6064,37,1,113.29
18479,469,6064,39,1,51.31
18480,324,6065,22,1,2057.09
18481,462,6066,141,2,449.82
18482,257,6067,41,2,708.68
18483,257,6067,42,1,162.27
18484,257,6067,123,1,140.92
18485,257,6067,47,1,691.19
18486,29,6068,197,2,1440.46
18487,29,6068,158,1,655.51
18488,235,6069,25,1,958.76
18489,162,6070,45,1,207.67
18490,162,6070,51,1,66.67
18491,162,6070,53,1,95.99
18492,162,6070,54,1,131.19
18493,162,6070,56,1,327.69
18494,162,6070,93,1,304.48
18495,248,6071,2,1,6856.93
18496,248,6071,3,1,182.88
18497,248,6071,6,1,2618.75
18498,248,6071,45,1,207.67
18499,248,6071,186,1,109.52
18500,440,6072,169,1,452.68
18501,195,6073,17,1,281.04
18502,195,6073,162,1,2324.66
18503,296,6074,51,2,66.67
18504,296,6074,53,1,95.99
18505,296,6074,54,1,131.19
18506,296,6074,181,2,353.61
18507,44,6075,51,1,66.67
18508,44,6075,53,1,95.99
18509,44,6075,54,1,131.19
18510,44,6075,56,1,327.69
18511,44,6075,62,2,122.09
18512,275,6076,48,1,377.48
18513,275,6076,41,2,708.68
18514,275,6076,47,1,691.19
18515,93,6077,48,1,377.48
18516,93,6077,198,1,440.15
18517,93,6077,46,1,121.09
18518,334,6078,25,1,958.76
18519,334,6078,98,1,449.02
18520,334,6078,28,1,207.71
18521,334,6078,29,1,137.26
18522,72,6079,1,1,5429.43
18523,72,6079,10,1,96.42
18524,72,6079,3,1,182.88
18525,72,6079,101,1,241.26
18526,493,6080,27,1,1128.13
18527,493,6080,51,1,66.67
18528,493,6080,53,1,95.99
18529,493,6080,54,1,131.19
18530,184,6081,32,1,182.43
18531,184,6081,37,2,113.29
18532,184,6081,39,2,51.31
18533,184,6081,18,1,685.51
18534,184,6081,120,1,37.31
18535,375,6082,51,1,66.67
18536,375,6082,53,1,95.99
18537,375,6082,54,1,131.19
18538,375,6082,56,1,327.69
18539,375,6082,154,1,3786.85
18540,164,6083,48,1,377.48
18541,164,6083,46,1,121.09
18542,363,6084,42,1,162.27
18543,363,6084,50,1,103.84
18544,363,6084,46,1,121.09
18545,19,6085,25,1,958.76
18546,19,6085,26,1,547.5
18547,19,6085,29,1,137.26
18548,68,6086,192,1,105.53
18549,68,6086,2,1,6856.93
18550,68,6086,3,1,182.88
18551,68,6086,6,1,2618.75
18552,68,6086,51,1,66.67
18553,302,6087,128,1,664.23
18554,302,6087,28,1,207.71
18555,163,6088,75,1,670.09
18556,182,6089,33,1,404.5
18557,182,6089,34,1,269.1
18558,182,6089,35,1,790.82
18559,182,6089,132,1,284.92
18560,182,6089,91,1,978.27
18561,158,6090,33,1,404.5
18562,158,6090,34,1,269.1
18563,158,6090,35,1,790.82
18564,158,6090,38,1,325.54
18565,158,6090,10,1,96.42
18566,36,6091,33,1,404.5
18567,36,6091,34,1,269.1
18568,36,6091,38,1,325.54
18569,479,6092,88,1,398.34
18570,111,6093,56,1,327.69
18571,111,6093,51,1,66.67
18572,111,6093,53,1,95.99
18573,111,6093,54,1,131.19
18574,444,6094,33,1,404.5
18575,444,6094,34,1,269.1
18576,444,6094,35,1,790.82
18577,444,6094,38,1,325.54
18578,444,6094,76,1,110.25
18579,444,6094,20,1,600.91
18580,40,6095,194,1,582.97
18581,40,6095,186,1,109.52
18582,159,6096,193,1,256.05
18583,159,6096,77,1,193.57
18584,344,6097,41,1,708.68
18585,344,6097,42,1,162.27
18586,344,6097,47,1,691.19
18587,344,6097,48,1,377.48
18588,344,6097,87,1,281.44
18589,344,6097,156,2,131.66
18590,369,6098,11,1,73.96
18591,369,6098,119,1,1350.85
18592,484,6099,25,1,958.76
18593,484,6099,4,1,1045.02
18594,176,6100,2,1,6856.93
18595,176,6100,6,2,2618.75
18596,176,6100,9,1,864.52
18597,176,6100,12,1,378.07
18598,176,6100,27,1,1128.13
18599,311,6101,184,2,617.48
18600,311,6101,12,1,378.07
18601,36,6102,151,1,71.91
18602,85,6103,134,1,3215.18
18603,85,6103,176,1,1269.55
18604,85,6103,25,1,958.76
18605,85,6103,28,1,207.71
18606,85,6103,29,1,137.26
18607,208,6104,41,2,708.68
18608,208,6104,42,1,162.27
18609,208,6104,12,1,378.07
18610,208,6104,47,1,691.19
18611,320,6105,32,1,182.43
18612,320,6105,39,1,51.31
18613,320,6105,37,1,113.29
18614,320,6105,31,1,118.65
18615,182,6106,97,1,1968.21
18616,335,6107,25,2,958.76
18617,335,6107,26,1,547.5
18618,335,6107,28,1,207.71
18619,2,6108,80,1,996.58
18620,2,6108,105,1,250.27
18621,131,6109,177,1,3544.65
18622,131,6109,39,1,51.31
18623,193,6110,56,2,327.69
18624,193,6110,51,1,66.67
18625,193,6110,53,1,95.99
18626,193,6110,54,1,131.19
18627,309,6111,36,1,703.99
18628,309,6111,9,1,864.52
18629,309,6111,42,1,162.27
18630,309,6111,46,1,121.09
18631,309,6111,48,2,377.48
18632,309,6111,50,1,103.84
18633,491,6112,10,1,96.42
18634,491,6112,39,1,51.31
18635,331,6113,2,1,6856.93
18636,331,6113,3,1,182.88
18637,331,6113,36,1,703.99
18638,331,6113,6,1,2618.75
18639,440,6114,66,1,234.31
18640,440,6114,141,1,449.82
18641,440,6114,51,1,66.67
18642,440,6114,53,1,95.99
18643,440,6114,54,1,131.19
18644,440,6114,56,1,327.69
18645,477,6115,152,1,92.66
18646,477,6115,23,1,3803.84
18647,230,6116,25,1,958.76
18648,230,6116,29,1,137.26
18649,129,6117,1,1,5429.43
18650,129,6117,10,1,96.42
18651,129,6117,3,2,182.88
18652,129,6117,4,1,1045.02
18653,79,6118,48,1,377.48
18654,79,6118,150,1,244.37
18655,132,6119,34,2,269.1
18656,132,6119,35,1,790.82
18657,132,6119,61,1,1462.89
18658,132,6119,38,1,325.54
18659,386,6120,192,2,105.53
18660,386,6120,86,1,336.99
18661,88,6121,147,2,4075.22
18662,306,6122,154,1,3786.85
18663,306,6122,196,1,211.44
18664,235,6123,145,1,165.87
18665,273,6124,1,1,5429.43
18666,273,6124,3,1,182.88
18667,273,6124,4,1,1045.02
18668,436,6125,192,2,105.53
18669,436,6125,51,2,66.67
18670,436,6125,53,1,95.99
18671,436,6125,54,1,131.19
18672,208,6126,2,2,6856.93
18673,208,6126,3,1,182.88
18674,208,6126,6,1,2618.75
18675,208,6126,130,1,3341.54
18676,184,6127,32,1,182.43
18677,184,6127,129,1,94.56
18678,184,6127,61,1,1462.89
18679,184,6127,37,2,113.29
18680,285,6128,177,2,3544.65
18681,285,6128,199,1,107.47
18682,34,6129,1,1,5429.43
18683,34,6129,41,1,708.68
18684,34,6129,42,1,162.27
18685,34,6129,47,1,691.19
18686,34,6129,48,1,377.48
18687,58,6130,39,1,51.31
18688,96,6131,38,1,325.54
18689,217,6132,25,1,958.76
18690,217,6132,26,1,547.5
18691,234,6133,25,1,958.76
18692,234,6133,29,1,137.26
18693,234,6133,28,1,207.71
18694,234,6133,77,1,193.57
18695,25,6134,32,1,182.43
18696,25,6134,37,1,113.29
18697,25,6134,39,2,51.31
18698,25,6134,60,1,325.99
18699,25,6134,189,1,46.18
18700,25,6134,31,1,118.65
18701,473,6135,69,2,5185.33
18702,443,6136,2,1,6856.93
18703,443,6136,3,1,182.88
18704,443,6136,21,2,2953.99
18705,443,6136,87,1,281.44
18706,329,6137,117,2,159.84
18707,59,6138,2,1,6856.93
18708,59,6138,3,1,182.88
18709,59,6138,35,1,790.82
18710,59,6138,6,1,2618.75
18711,59,6138,9,1,864.52
18712,282,6139,54,1,131.19
18713,460,6140,32,1,182.43
18714,460,6140,33,2,404.5
18715,460,6140,164,1,297.97
18716,460,6140,37,2,113.29
18717,460,6140,31,1,118.65
18718,43,6141,61,1,1462.89
18719,135,6142,54,2,131.19
18720,42,6143,64,1,578.73
18721,29,6144,190,1,615.39
18722,29,6144,46,1,121.09
18723,72,6145,156,1,131.66
18724,382,6146,122,1,696.77
18725,424,6147,10,1,96.42
18726,424,6147,61,1,1462.89
18727,448,6148,97,1,1968.21
18728,448,6148,200,2,284.58
18729,448,6148,51,1,66.67
18730,448,6148,53,1,95.99
18731,448,6148,54,1,131.19
18732,448,6148,56,1,327.69
18733,196,6149,41,1,708.68
18734,196,6149,42,1,162.27
18735,196,6149,47,1,691.19
18736,196,6149,48,1,377.48
18737,196,6149,19,1,195.42
18738,196,6149,122,1,696.77
18739,300,6150,200,2,284.58
18740,300,6150,181,1,353.61
18741,29,6151,147,1,4075.22
18742,211,6152,32,1,182.43
18743,211,6152,109,1,44.98
18744,211,6152,37,1,113.29
18745,211,6152,39,1,51.31
18746,203,6153,42,1,162.27
18747,203,6153,51,1,66.67
18748,203,6153,53,1,95.99
18749,203,6153,54,1,131.19
18750,203,6153,56,1,327.69
18751,109,6154,9,2,864.52
18752,109,6154,2,1,6856.93
18753,201,6155,56,1,327.69
18754,201,6155,51,1,66.67
18755,201,6155,53,1,95.99
18756,144,6156,64,1,578.73
18757,405,6157,51,2,66.67
18758,405,6157,21,1,2953.99
18759,405,6157,53,1,95.99
18760,405,6157,54,2,131.19
18761,405,6157,56,1,327.69
18762,209,6158,195,1,411.6
18763,1,6159,179,1,148.28
18764,1,6159,183,1,171.04
18765,407,6160,1,1,5429.43
18766,407,6160,10,2,96.42
18767,407,6160,3,2,182.88
18768,181,6161,165,1,867.11
18769,181,6161,51,1,66.67
18770,181,6161,54,1,131.19
18771,181,6161,56,1,327.69
18772,181,6161,191,1,2178.66
18773,488,6162,120,1,37.31
18774,488,6162,34,1,269.1
18775,488,6162,35,1,790.82
18776,488,6162,38,1,325.54
18777,230,6163,48,1,377.48
18778,230,6163,46,1,121.09
18779,164,6164,65,1,586.82
18780,164,6164,42,1,162.27
18781,467,6165,48,1,377.48
18782,467,6165,41,1,708.68
18783,467,6165,42,1,162.27
18784,467,6165,47,1,691.19
18785,461,6166,57,1,215.42
18786,461,6166,86,2,336.99
18787,296,6167,161,2,280.14
18788,296,6167,166,1,184.75
18789,296,6167,41,1,708.68
18790,296,6167,42,1,162.27
18791,296,6167,47,1,691.19
18792,314,6168,56,1,327.69
18793,314,6168,51,1,66.67
18794,314,6168,53,2,95.99
18795,206,6169,56,1,327.69
18796,206,6169,51,1,66.67
18797,206,6169,53,1,95.99
18798,201,6170,32,1,182.43
18799,201,6170,3,1,182.88
18800,201,6170,37,2,113.29
18801,201,6170,39,1,51.31
18802,201,6170,15,2,478.33
18803,201,6170,31,1,118.65
18804,489,6171,1,1,5429.43
18805,489,6171,3,1,182.88
18806,489,6171,10,1,96.42
18807,489,6171,112,1,2651.9
18808,489,6171,178,1,3002.16
18809,478,6172,42,1,162.27
18810,377,6173,48,1,377.48
18811,377,6173,42,1,162.27
18812,377,6173,150,1,244.37
18813,377,6173,47,1,691.19
18814,100,6174,172,1,72.49
18815,100,6174,51,1,66.67
18816,100,6174,53,1,95.99
18817,100,6174,54,1,131.19
18818,100,6174,56,2,327.69
18819,323,6175,96,1,2249.21
18820,323,6175,181,1,353.61
18821,114,6176,146,1,323.76
18822,100,6177,32,1,182.43
18823,100,6177,37,1,113.29
18824,100,6177,39,1,51.31
18825,100,6177,27,1,1128.13
18826,100,6177,31,1,118.65
18827,174,6178,104,1,146.34
18828,174,6178,34,1,269.1
18829,174,6178,35,1,790.82
18830,174,6178,38,1,325.54
18831,105,6179,113,1,61.24
18832,105,6179,42,1,162.27
18833,105,6179,47,2,691.19
18834,7,6180,118,1,175.91
18835,494,6181,138,1,2075.88
18836,494,6181,51,1,66.67
18837,494,6181,116,1,136.01
18838,494,6181,53,1,95.99
18839,494,6181,54,1,131.19
18840,494,6181,56,1,327.69
18841,421,6182,57,1,215.42
18842,421,6182,28,1,207.71
18843,390,6183,200,1,284.58
18844,390,6183,2,2,6856.93
18845,390,6183,3,1,182.88
18846,390,6183,98,1,449.02
18847,149,6184,1,1,5429.43
18848,149,6184,3,1,182.88
18849,149,6184,4,1,1045.02
18850,149,6184,168,1,126.51
18851,149,6184,10,1,96.42
18852,154,6185,32,1,182.43
18853,127,6186,162,1,2324.66
18854,127,6186,42,2,162.27
18855,127,6186,140,1,61.32
18856,127,6186,47,2,691.19
18857,127,6186,48,1,377.48
18858,270,6187,9,1,864.52
18859,270,6187,2,1,6856.93
18860,270,6187,134,1,3215.18
18861,429,6188,48,1,377.48
18862,429,6188,50,1,103.84
18863,429,6188,46,1,121.09
18864,212,6189,193,1,256.05
18865,212,6189,124,2,4869.43
18866,416,6190,122,1,696.77
18867,99,6191,180,1,279.71
18868,288,6192,57,1,215.42
18869,288,6192,164,2,297.97
18870,60,6193,51,2,66.67
18871,60,6193,147,1,4075.22
18872,60,6193,53,1,95.99
18873,60,6193,54,1,131.19
18874,60,6193,56,1,327.69
18875,157,6194,51,1,66.67
18876,157,6194,53,1,95.99
18877,147,6195,25,1,958.76
18878,147,6195,20,1,600.91
18879,147,6195,28,1,207.71
18880,147,6195,29,1,137.26
18881,295,6196,34,1,269.1
18882,295,6196,35,1,790.82
18883,117,6197,48,1,377.48
18884,117,6197,41,1,708.68
18885,117,6197,82,1,482.06
18886,117,6197,47,1,691.19
18887,252,6198,180,1,279.71
18888,252,6198,158,1,655.51
18889,315,6199,174,2,886.97
18890,493,6200,42,1,162.27
18891,493,6200,47,1,691.19
18892,52,6201,57,1,215.42
18893,61,6202,48,1,377.48
18894,61,6202,41,1,708.68
18895,61,6202,42,1,162.27
18896,61,6202,47,1,691.19
18897,190,6203,112,1,2651.9
18898,190,6203,1,1,5429.43
18899,190,6203,3,1,182.88
18900,190,6203,4,1,1045.02
18901,19,6204,70,1,1076.29
18902,453,6205,2,1,6856.93
18903,453,6205,3,1,182.88
18904,272,6206,145,1,165.87
18905,185,6207,41,1,708.68
18906,185,6207,42,1,162.27
18907,185,6207,47,1,691.19
18908,185,6207,48,1,377.48
18909,185,6207,159,1,132.33
18910,218,6208,70,1,1076.29
18911,218,6208,50,1,103.84
18912,218,6208,46,2,121.09
18913,218,6208,47,1,691.19
18914,429,6209,25,1,958.76
18915,429,6209,26,1,547.5
18916,429,6209,29,1,137.26
18917,429,6209,54,1,131.19
18918,363,6210,136,1,1233.09
18919,363,6210,28,1,207.71
18920,391,6211,48,1,377.48
18921,391,6211,2,1,6856.93
18922,391,6211,98,2,449.02
18923,177,6212,1,1,5429.43
18924,177,6212,3,2,182.88
18925,177,6212,4,1,1045.02
18926,291,6213,33,1,404.5
18927,291,6213,34,2,269.1
18928,291,6213,38,1,325.54
18929,1,6214,41,1,708.68
18930,1,6214,69,1,5185.33
18931,369,6215,32,1,182.43
18932,369,6215,37,1,113.29
18933,369,6215,31,1,118.65
18934,139,6216,1,1,5429.43
18935,139,6216,3,1,182.88
18936,139,6216,4,1,1045.02
18937,139,6216,39,2,51.31
18938,139,6216,136,1,1233.09
18939,258,6217,100,1,418.81
18940,258,6217,92,1,182.48
18941,169,6218,19,1,195.42
18942,169,6218,199,1,107.47
18943,326,6219,2,1,6856.93
18944,326,6219,3,1,182.88
18945,326,6219,52,1,108.37
18946,326,6219,197,2,1440.46
18947,354,6220,1,1,5429.43
18948,354,6220,4,1,1045.02
18949,224,6221,34,1,269.1
18950,224,6221,35,1,790.82
18951,150,6222,32,1,182.43
18952,150,6222,39,1,51.31
18953,150,6222,109,1,44.98
18954,150,6222,85,1,1742.75
18955,150,6222,31,1,118.65
18956,181,6223,32,1,182.43
18957,181,6223,39,1,51.31
18958,181,6223,37,1,113.29
18959,181,6223,31,1,118.65
18960,254,6224,33,1,404.5
18961,254,6224,98,1,449.02
18962,323,6225,48,1,377.48
18963,323,6225,42,2,162.27
18964,323,6225,50,2,103.84
18965,323,6225,46,1,121.09
18966,287,6226,122,1,696.77
18967,287,6226,159,1,132.33
18968,472,6227,25,1,958.76
18969,472,6227,29,1,137.26
18970,472,6227,6,1,2618.75
18971,472,6227,79,1,421.1
18972,283,6228,57,1,215.42
18973,283,6228,147,1,4075.22
18974,137,6229,44,1,1768.56
18975,137,6229,87,1,281.44
18976,298,6230,7,1,2063.12
18977,298,6230,55,1,41.52
18978,490,6231,1,1,5429.43
18979,490,6231,109,1,44.98
18980,490,6231,25,2,958.76
18981,490,6231,26,1,547.5
18982,490,6231,28,1,207.71
18983,482,6232,46,1,121.09
18984,318,6233,32,1,182.43
18985,318,6233,195,1,411.6
18986,318,6233,37,1,113.29
18987,318,6233,39,1,51.31
18988,318,6233,126,1,224.49
18989,11,6234,183,1,171.04
18990,411,6235,136,1,1233.09
18991,411,6235,124,1,4869.43
18992,49,6236,9,1,864.52
18993,49,6236,2,1,6856.93
18994,49,6236,3,1,182.88
18995,49,6236,135,1,248.61
18996,84,6237,1,1,5429.43
18997,84,6237,3,1,182.88
18998,84,6237,49,1,247.85
18999,74,6238,25,1,958.76
19000,74,6238,26,1,547.5
19001,74,6238,28,1,207.71
19002,74,6238,199,2,107.47
19003,466,6239,1,1,5429.43
19004,466,6239,3,1,182.88
19005,466,6239,4,2,1045.02
19006,466,6239,70,2,1076.29
19007,466,6239,10,1,96.42
19008,319,6240,132,1,284.92
19009,319,6240,183,1,171.04
19010,132,6241,122,1,696.77
19011,132,6241,45,1,207.67
19012,456,6242,2,1,6856.93
19013,456,6242,3,1,182.88
19014,456,6242,200,1,284.58
19015,456,6242,9,1,864.52
19016,456,6242,16,1,680.77
19017,443,6243,37,1,113.29
19018,443,6243,51,1,66.67
19019,443,6243,53,2,95.99
19020,443,6243,54,1,131.19
19021,443,6243,56,1,327.69
19022,39,6244,1,1,5429.43
19023,39,6244,3,1,182.88
19024,39,6244,4,1,1045.02
19025,39,6244,10,1,96.42
19026,39,6244,79,1,421.1
19027,39,6244,80,1,996.58
19028,67,6245,41,1,708.68
19029,67,6245,42,1,162.27
19030,67,6245,47,1,691.19
19031,67,6245,48,1,377.48
19032,67,6245,88,1,398.34
19033,67,6245,61,1,1462.89
19034,129,6246,33,1,404.5
19035,129,6246,34,1,269.1
19036,129,6246,35,1,790.82
19037,129,6246,38,1,325.54
19038,129,6246,182,1,190.33
19039,217,6247,51,1,66.67
19040,217,6247,182,1,190.33
19041,217,6247,174,1,886.97
19042,217,6247,54,1,131.19
19043,119,6248,42,1,162.27
19044,119,6248,50,1,103.84
19045,119,6248,46,1,121.09
19046,119,6248,151,1,71.91
19047,312,6249,88,2,398.34
19048,312,6249,31,1,118.65
19049,301,6250,33,1,404.5
19050,301,6250,34,1,269.1
19051,301,6250,35,1,790.82
19052,301,6250,84,1,98.36
19053,301,6250,184,1,617.48
19054,22,6251,33,1,404.5
19055,22,6251,34,1,269.1
19056,22,6251,35,2,790.82
19057,22,6251,38,1,325.54
19058,22,6251,114,2,246.79
19059,437,6252,159,1,132.33
19060,400,6253,48,1,377.48
19061,400,6253,47,1,691.19
19062,458,6254,70,1,1076.29
19063,250,6255,195,1,411.6
19064,390,6256,198,1,440.15
19065,390,6256,86,1,336.99
19066,159,6257,113,1,61.24
19067,159,6257,102,1,1982.66
19068,27,6258,64,1,578.73
19069,27,6258,51,1,66.67
19070,27,6258,53,2,95.99
19071,27,6258,54,1,131.19
19072,27,6258,56,1,327.69
19073,27,6258,187,2,521.01
19074,88,6259,32,1,182.43
19075,88,6259,151,1,71.91
19076,88,6259,37,2,113.29
19077,88,6259,39,1,51.31
19078,228,6260,25,1,958.76
19079,228,6260,5,1,1043.64
19080,230,6261,1,1,5429.43
19081,342,6262,89,1,73.16
19082,342,6262,5,1,1043.64
19083,150,6263,17,1,281.04
19084,150,6263,18,1,685.51
19085,137,6264,32,1,182.43
19086,137,6264,44,1,1768.56
19087,137,6264,39,1,51.31
19088,344,6265,1,1,5429.43
19089,344,6265,10,1,96.42
19090,344,6265,3,1,182.88
19091,344,6265,4,1,1045.02
19092,268,6266,131,1,457.64
19093,268,6266,4,2,1045.02
19094,268,6266,41,1,708.68
19095,268,6266,42,1,162.27
19096,268,6266,47,1,691.19
19097,268,6266,48,1,377.48
19098,257,6267,34,1,269.1
19099,257,6267,38,1,325.54
19100,160,6268,48,1,377.48
19101,160,6268,41,1,708.68
19102,160,6268,42,1,162.27
19103,160,6268,47,1,691.19
19104,320,6269,120,1,37.31
19105,320,6269,2,1,6856.93
19106,320,6269,3,1,182.88
19107,320,6269,173,1,426.85
19108,426,6270,56,1,327.69
19109,426,6270,80,1,996.58
19110,176,6271,172,1,72.49
19111,319,6272,48,1,377.48
19112,319,6272,46,1,121.09
19113,55,6273,25,1,958.76
19114,55,6273,84,1,98.36
19115,55,6273,29,1,137.26
19116,216,6274,42,2,162.27
19117,216,6274,50,2,103.84
19118,216,6274,46,1,121.09
19119,316,6275,25,2,958.76
19120,316,6275,26,1,547.5
19121,316,6275,29,1,137.26
19122,88,6276,48,1,377.48
19123,88,6276,42,1,162.27
19124,88,6276,46,1,121.09
19125,45,6277,48,1,377.48
19126,45,6277,42,1,162.27
19127,45,6277,50,1,103.84
19128,45,6277,46,1,121.09
19129,381,6278,51,1,66.67
19130,381,6278,53,1,95.99
19131,381,6278,54,1,131.19
19132,381,6278,56,1,327.69
19133,381,6278,89,1,73.16
19134,381,6278,93,2,304.48
19135,410,6279,33,1,404.5
19136,410,6279,34,1,269.1
19137,410,6279,35,1,790.82
19138,410,6279,38,1,325.54
19139,410,6279,40,1,36.51
19140,91,6280,48,1,377.48
19141,91,6280,41,1,708.68
19142,91,6280,182,1,190.33
19143,91,6280,47,1,691.19
19144,409,6281,51,1,66.67
19145,409,6281,53,1,95.99
19146,409,6281,54,1,131.19
19147,59,6282,41,2,708.68
19148,59,6282,42,1,162.27
19149,59,6282,47,1,691.19
19150,59,6282,48,1,377.48
19151,59,6282,54,1,131.19
19152,33,6283,183,1,171.04
19153,267,6284,192,1,105.53
19154,267,6284,106,1,449.77
19155,267,6284,51,1,66.67
19156,267,6284,54,1,131.19
19157,267,6284,56,1,327.69
19158,90,6285,196,1,211.44
19159,262,6286,27,1,1128.13
19160,262,6286,140,1,61.32
19161,83,6287,93,1,304.48
19162,83,6287,135,1,248.61
19163,155,6288,96,1,2249.21
19164,155,6288,33,2,404.5
19165,155,6288,34,1,269.1
19166,155,6288,38,1,325.54
19167,155,6288,77,1,193.57
19168,290,6289,32,2,182.43
19169,290,6289,192,1,105.53
19170,290,6289,37,1,113.29
19171,290,6289,39,1,51.31
19172,290,6289,31,1,118.65
19173,461,6290,131,1,457.64
19174,285,6291,134,1,3215.18
19175,285,6291,51,1,66.67
19176,285,6291,53,1,95.99
19177,285,6291,118,1,175.91
19178,285,6291,54,1,131.19
19179,104,6292,33,1,404.5
19180,104,6292,34,1,269.1
19181,104,6292,35,2,790.82
19182,104,6292,38,1,325.54
19183,104,6292,151,1,71.91
19184,40,6293,121,1,279.43
19185,465,6294,96,1,2249.21
19186,465,6294,146,1,323.76
19187,465,6294,51,1,66.67
19188,465,6294,54,1,131.19
19189,465,6294,56,1,327.69
19190,302,6295,48,1,377.48
19191,302,6295,42,1,162.27
19192,302,6295,6,1,2618.75
19193,302,6295,47,2,691.19
19194,237,6296,88,1,398.34
19195,237,6296,131,1,457.64
19196,199,6297,41,1,708.68
19197,199,6297,140,1,61.32
19198,199,6297,47,1,691.19
19199,199,6297,48,1,377.48
19200,199,6297,144,1,91.59
19201,395,6298,29,1,137.26
19202,451,6299,41,1,708.68
19203,451,6299,47,1,691.19
19204,451,6299,48,2,377.48
19205,451,6299,181,1,353.61
19206,451,6299,85,1,1742.75
19207,233,6300,16,2,680.77
19208,93,6301,48,1,377.48
19209,93,6301,42,1,162.27
19210,93,6301,50,1,103.84
19211,93,6301,46,1,121.09
19212,302,6302,113,1,61.24
19213,96,6303,100,1,418.81
19214,96,6303,142,1,243.55
19215,76,6304,130,1,3341.54
19216,76,6304,55,1,41.52
19217,76,6304,25,1,958.76
19218,76,6304,26,1,547.5
19219,76,6304,28,1,207.71
19220,481,6305,142,1,243.55
19221,481,6305,151,1,71.91
19222,167,6306,48,1,377.48
19223,167,6306,42,1,162.27
19224,167,6306,64,2,578.73
19225,167,6306,46,1,121.09
19226,87,6307,32,1,182.43
19227,87,6307,37,1,113.29
19228,87,6307,39,1,51.31
19229,87,6307,119,1,1350.85
19230,87,6307,55,1,41.52
19231,87,6307,31,2,118.65
19232,368,6308,1,1,5429.43
19233,368,6308,3,1,182.88
19234,368,6308,4,1,1045.02
19235,368,6308,10,1,96.42
19236,368,6308,149,1,652.63
19237,368,6308,21,1,2953.99
19238,463,6309,51,1,66.67
19239,208,6310,25,1,958.76
19240,208,6310,4,1,1045.02
19241,262,6311,56,1,327.69
19242,262,6311,51,2,66.67
19243,262,6311,53,1,95.99
19244,446,6312,27,1,1128.13
19245,446,6312,51,1,66.67
19246,446,6312,77,1,193.57
19247,446,6312,53,1,95.99
19248,412,6313,183,1,171.04
19249,317,6314,2,1,6856.93
19250,317,6314,6,1,2618.75
19251,317,6314,9,1,864.52
19252,317,6314,117,1,159.84
19253,317,6314,119,1,1350.85
19254,349,6315,33,1,404.5
19255,349,6315,34,1,269.1
19256,349,6315,35,1,790.82
19257,349,6315,38,1,325.54
19258,349,6315,149,1,652.63
19259,349,6315,152,1,92.66
19260,368,6316,98,2,449.02
19261,368,6316,19,1,195.42
19262,46,6317,180,1,279.71
19263,46,6317,172,1,72.49
19264,12,6318,168,1,126.51
19265,12,6318,108,1,5179.59
19266,284,6319,2,1,6856.93
19267,284,6319,3,1,182.88
19268,284,6319,6,1,2618.75
19269,284,6319,9,1,864.52
19270,284,6319,22,1,2057.09
19271,28,6320,49,1,247.85
19272,28,6320,51,1,66.67
19273,28,6320,54,1,131.19
19274,328,6321,57,1,215.42
19275,328,6321,147,1,4075.22
19276,297,6322,36,1,703.99
19277,297,6322,76,1,110.25
19278,233,6323,32,1,182.43
19279,233,6323,39,1,51.31
19280,233,6323,187,1,521.01
19281,233,6323,29,2,137.26
19282,233,6323,31,2,118.65
19283,177,6324,2,1,6856.93
19284,177,6324,100,2,418.81
19285,177,6324,6,2,2618.75
19286,177,6324,9,1,864.52
19287,177,6324,86,1,336.99
19288,156,6325,48,1,377.48
19289,156,6325,41,1,708.68
19290,156,6325,42,1,162.27
19291,156,6325,47,1,691.19
19292,37,6326,104,1,146.34
19293,9,6327,48,1,377.48
19294,9,6327,147,1,4075.22
19295,9,6327,46,1,121.09
19296,178,6328,192,1,105.53
19297,178,6328,42,1,162.27
19298,178,6328,46,1,121.09
19299,178,6328,48,1,377.48
19300,178,6328,50,1,103.84
19301,178,6328,53,1,95.99
19302,87,6329,17,1,281.04
19303,87,6329,41,1,708.68
19304,400,6330,121,1,279.43
19305,256,6331,156,1,131.66
19306,256,6331,84,1,98.36
19307,288,6332,101,2,241.26
19308,399,6333,130,1,3341.54
19309,399,6333,41,1,708.68
19310,399,6333,42,2,162.27
19311,399,6333,47,1,691.19
19312,399,6333,48,2,377.48
19313,233,6334,185,1,329.38
19314,233,6334,47,1,691.19
19315,288,6335,25,1,958.76
19316,288,6335,29,1,137.26
19317,329,6336,80,1,996.58
19318,329,6336,48,1,377.48
19319,49,6337,118,1,175.91
19320,49,6337,25,1,958.76
19321,49,6337,26,1,547.5
19322,49,6337,28,1,207.71
19323,49,6337,29,1,137.26
19324,266,6338,25,1,958.76
19325,11,6339,27,1,1128.13
19326,11,6339,44,1,1768.56
19327,24,6340,77,2,193.57
19328,24,6340,198,2,440.15
19329,210,6341,134,1,3215.18
19330,210,6341,12,1,378.07
19331,210,6341,51,1,66.67
19332,210,6341,53,1,95.99
19333,210,6341,54,1,131.19
19334,210,6341,56,1,327.69
19335,459,6342,77,2,193.57
19336,315,6343,1,2,5429.43
19337,315,6343,42,1,162.27
19338,315,6343,50,1,103.84
19339,315,6343,46,1,121.09
19340,455,6344,121,1,279.43
19341,455,6344,106,1,449.77
19342,218,6345,96,2,2249.21
19343,218,6345,33,1,404.5
19344,218,6345,34,1,269.1
19345,218,6345,35,1,790.82
19346,218,6345,38,1,325.54
19347,73,6346,33,2,404.5
19348,73,6346,34,1,269.1
19349,73,6346,35,2,790.82
19350,73,6346,142,1,243.55
19351,383,6347,56,2,327.69
19352,383,6347,51,1,66.67
19353,383,6347,4,1,1045.02
19354,383,6347,54,1,131.19
19355,53,6348,2,1,6856.93
19356,53,6348,3,1,182.88
19357,53,6348,6,1,2618.75
19358,53,6348,9,2,864.52
19359,53,6348,106,2,449.77
19360,53,6348,61,2,1462.89
19361,5,6349,9,1,864.52
19362,5,6349,2,1,6856.93
19363,5,6349,193,2,256.05
19364,5,6349,6,1,2618.75
19365,21,6350,2,1,6856.93
19366,21,6350,67,1,3651.66
19367,21,6350,3,1,182.88
19368,21,6350,6,1,2618.75
19369,21,6350,121,1,279.43
19370,363,6351,120,1,37.31
19371,363,6351,77,1,193.57
19372,247,6352,25,1,958.76
19373,247,6352,28,1,207.71
19374,247,6352,29,1,137.26
19375,13,6353,198,1,440.15
19376,13,6353,41,2,708.68
19377,13,6353,42,1,162.27
19378,13,6353,47,1,691.19
19379,13,6353,48,1,377.48
19380,449,6354,36,1,703.99
19381,449,6354,125,2,208.91
19382,429,6355,32,1,182.43
19383,429,6355,194,1,582.97
19384,429,6355,31,1,118.65
19385,446,6356,123,1,140.92
19386,446,6356,34,1,269.1
19387,446,6356,35,1,790.82
19388,242,6357,48,1,377.48
19389,242,6357,41,1,708.68
19390,242,6357,42,1,162.27
19391,242,6357,47,1,691.19
19392,83,6358,37,1,113.29
19393,83,6358,94,2,192.65
19394,91,6359,33,1,404.5
19395,91,6359,34,1,269.1
19396,91,6359,35,1,790.82
19397,474,6360,25,1,958.76
19398,474,6360,26,1,547.5
19399,474,6360,179,1,148.28
19400,474,6360,28,1,207.71
19401,94,6361,56,1,327.69
19402,94,6361,51,1,66.67
19403,94,6361,53,1,95.99
19404,244,6362,4,1,1045.02
19405,244,6362,28,2,207.71
19406,247,6363,32,1,182.43
19407,247,6363,37,1,113.29
19408,247,6363,39,1,51.31
19409,247,6363,167,2,104.4
19410,247,6363,93,1,304.48
19411,247,6363,31,1,118.65
19412,341,6364,44,1,1768.56
19413,341,6364,158,1,655.51
19414,453,6365,32,1,182.43
19415,233,6366,138,1,2075.88
19416,233,6366,51,1,66.67
19417,233,6366,53,1,95.99
19418,233,6366,54,1,131.19
19419,233,6366,87,1,281.44
19420,233,6366,56,1,327.69
19421,246,6367,48,1,377.48
19422,246,6367,41,1,708.68
19423,246,6367,47,1,691.19
19424,362,6368,48,2,377.48
19425,362,6368,50,1,103.84
19426,362,6368,155,2,298.62
19427,362,6368,46,1,121.09
19428,137,6369,136,1,1233.09
19429,124,6370,97,2,1968.21
19430,354,6371,114,1,246.79
19431,61,6372,56,1,327.69
19432,61,6372,51,1,66.67
19433,61,6372,53,1,95.99
19434,310,6373,52,1,108.37
19435,310,6373,149,1,652.63
19436,442,6374,114,1,246.79
19437,442,6374,70,1,1076.29
19438,386,6375,66,1,234.31
19439,386,6375,42,1,162.27
19440,386,6375,46,1,121.09
19441,386,6375,48,2,377.48
19442,386,6375,159,1,132.33
19443,377,6376,1,1,5429.43
19444,377,6376,10,2,96.42
19445,377,6376,3,1,182.88
19446,377,6376,4,1,1045.02
19447,116,6377,64,1,578.73
19448,116,6377,65,1,586.82
19449,113,6378,75,1,670.09
19450,140,6379,32,2,182.43
19451,140,6379,39,1,51.31
19452,140,6379,37,1,113.29
19453,140,6379,31,1,118.65
19454,261,6380,25,2,958.76
19455,261,6380,26,2,547.5
19456,261,6380,28,1,207.71
19457,261,6380,138,1,2075.88
19458,45,6381,9,1,864.52
19459,45,6381,2,1,6856.93
19460,45,6381,3,1,182.88
19461,45,6381,6,1,2618.75
19462,5,6382,129,1,94.56
19463,5,6382,90,2,2115.26
19464,179,6383,129,1,94.56
19465,179,6383,141,1,449.82
19466,179,6383,51,1,66.67
19467,179,6383,53,1,95.99
19468,179,6383,54,1,131.19
19469,167,6384,185,1,329.38
19470,167,6384,124,1,4869.43
19471,128,6385,56,1,327.69
19472,128,6385,51,1,66.67
19473,128,6385,53,1,95.99
19474,128,6385,142,1,243.55
19475,245,6386,2,1,6856.93
19476,245,6386,3,1,182.88
19477,375,6387,32,2,182.43
19478,375,6387,37,1,113.29
19479,375,6387,6,1,2618.75
19480,375,6387,39,1,51.31
19481,375,6387,169,1,452.68
19482,375,6387,31,1,118.65
19483,346,6388,9,1,864.52
19484,346,6388,2,2,6856.93
19485,346,6388,6,1,2618.75
19486,500,6389,90,1,2115.26
19487,500,6389,53,1,95.99
19488,500,6389,25,1,958.76
19489,500,6389,26,1,547.5
19490,500,6389,28,1,207.71
19491,500,6389,29,1,137.26
19492,269,6390,1,1,5429.43
19493,269,6390,10,1,96.42
19494,269,6390,3,1,182.88
19495,269,6390,4,2,1045.02
19496,336,6391,159,1,132.33
19497,336,6391,7,1,2063.12
19498,140,6392,9,1,864.52
19499,140,6392,2,1,6856.93
19500,140,6392,3,2,182.88
19501,140,6392,148,1,658.67
19502,254,6393,199,1,107.47
19503,254,6393,41,1,708.68
19504,254,6393,42,1,162.27
19505,254,6393,47,1,691.19
19506,254,6393,48,1,377.48
19507,254,6393,51,2,66.67
19508,256,6394,88,1,398.34
19509,256,6394,105,1,250.27
19510,326,6395,32,1,182.43
19511,326,6395,39,1,51.31
19512,326,6395,160,1,298.73
19513,326,6395,31,1,118.65
19514,485,6396,48,1,377.48
19515,485,6396,42,1,162.27
19516,485,6396,50,1,103.84
19517,485,6396,46,1,121.09
19518,26,6397,41,2,708.68
19519,26,6397,34,1,269.1
19520,212,6398,20,1,600.91
19521,212,6398,157,1,278.2
19522,116,6399,108,1,5179.59
19523,116,6399,189,1,46.18
19524,162,6400,151,1,71.91
19525,184,6401,25,1,958.76
19526,184,6401,29,1,137.26
19527,310,6402,83,1,584.83
19528,310,6402,39,1,51.31
19529,107,6403,2,1,6856.93
19530,107,6403,3,1,182.88
19531,107,6403,6,1,2618.75
19532,107,6403,9,2,864.52
19533,107,6403,54,1,131.19
19534,75,6404,1,2,5429.43
19535,75,6404,3,1,182.88
19536,75,6404,4,1,1045.02
19537,75,6404,10,1,96.42
19538,75,6404,120,1,37.31
19539,75,6404,60,2,325.99
19540,498,6405,17,1,281.04
19541,322,6406,9,1,864.52
19542,322,6406,2,1,6856.93
19543,322,6406,3,1,182.88
19544,71,6407,124,1,4869.43
19545,342,6408,131,1,457.64
19546,342,6408,41,1,708.68
19547,342,6408,42,1,162.27
19548,342,6408,47,1,691.19
19549,342,6408,48,1,377.48
19550,342,6408,124,1,4869.43
19551,425,6409,185,1,329.38
19552,131,6410,66,1,234.31
19553,131,6410,51,1,66.67
19554,131,6410,53,1,95.99
19555,131,6410,54,1,131.19
19556,131,6410,56,1,327.69
19557,340,6411,123,1,140.92
19558,142,6412,1,1,5429.43
19559,142,6412,3,1,182.88
19560,142,6412,4,1,1045.02
19561,142,6412,8,1,338.12
19562,142,6412,10,1,96.42
19563,142,6412,171,1,100.57
19564,281,6413,99,1,185.24
19565,262,6414,158,1,655.51
19566,262,6414,132,1,284.92
19567,262,6414,46,1,121.09
19568,497,6415,56,1,327.69
19569,497,6415,121,1,279.43
19570,454,6416,198,1,440.15
19571,454,6416,119,1,1350.85
19572,240,6417,25,1,958.76
19573,176,6418,33,1,404.5
19574,176,6418,34,1,269.1
19575,176,6418,35,2,790.82
19576,176,6418,73,1,249.37
19577,176,6418,157,1,278.2
19578,439,6419,33,1,404.5
19579,439,6419,34,1,269.1
19580,439,6419,35,2,790.82
19581,439,6419,38,1,325.54
19582,439,6419,150,1,244.37
19583,437,6420,118,1,175.91
19584,311,6421,48,1,377.48
19585,311,6421,42,1,162.27
19586,311,6421,50,1,103.84
19587,311,6421,46,1,121.09
19588,372,6422,175,1,152.85
19589,372,6422,51,1,66.67
19590,372,6422,53,1,95.99
19591,372,6422,54,1,131.19
19592,372,6422,56,1,327.69
19593,37,6423,25,1,958.76
19594,37,6423,29,1,137.26
19595,291,6424,1,1,5429.43
19596,291,6424,3,1,182.88
19597,291,6424,4,1,1045.02
19598,291,6424,187,1,521.01
19599,329,6425,154,1,3786.85
19600,384,6426,74,2,132.13
19601,384,6426,139,1,351.69
19602,460,6427,59,1,88.07
19603,53,6428,52,2,108.37
19604,50,6429,180,1,279.71
19605,50,6429,69,1,5185.33
19606,400,6430,165,2,867.11
19607,230,6431,84,1,98.36
19608,230,6431,151,1,71.91
19609,457,6432,34,1,269.1
19610,457,6432,35,1,790.82
19611,457,6432,109,1,44.98
19612,457,6432,38,2,325.54
19613,491,6433,56,1,327.69
19614,491,6433,51,1,66.67
19615,491,6433,53,1,95.99
19616,491,6433,54,1,131.19
19617,242,6434,144,1,91.59
19618,242,6434,33,1,404.5
19619,242,6434,34,1,269.1
19620,242,6434,142,2,243.55
19621,436,6435,80,1,996.58
19622,312,6436,77,1,193.57
19623,312,6436,49,1,247.85
19624,312,6436,51,1,66.67
19625,312,6436,53,1,95.99
19626,312,6436,56,1,327.69
19627,252,6437,16,1,680.77
19628,252,6437,200,1,284.58
19629,177,6438,25,1,958.76
19630,177,6438,26,1,547.5
19631,177,6438,179,1,148.28
19632,414,6439,56,1,327.69
19633,414,6439,51,1,66.67
19634,414,6439,53,2,95.99
19635,414,6439,31,1,118.65
19636,9,6440,1,1,5429.43
19637,9,6440,3,1,182.88
19638,9,6440,159,1,132.33
19639,65,6441,25,2,958.76
19640,65,6441,26,1,547.5
19641,65,6441,28,1,207.71
19642,65,6441,29,1,137.26
19643,121,6442,32,1,182.43
19644,121,6442,37,1,113.29
19645,121,6442,5,2,1043.64
19646,121,6442,39,1,51.31
19647,121,6442,179,1,148.28
19648,121,6442,31,1,118.65
19649,274,6443,5,1,1043.64
19650,274,6443,101,1,241.26
19651,483,6444,1,1,5429.43
19652,483,6444,10,1,96.42
19653,483,6444,3,1,182.88
19654,483,6444,4,1,1045.02
19655,345,6445,32,1,182.43
19656,345,6445,37,1,113.29
19657,345,6445,39,1,51.31
19658,345,6445,55,1,41.52
19659,345,6445,31,1,118.65
19660,274,6446,135,1,248.61
19661,454,6447,114,1,246.79
19662,163,6448,56,1,327.69
19663,163,6448,10,1,96.42
19664,163,6448,51,1,66.67
19665,163,6448,54,1,131.19
19666,301,6449,153,2,564.14
19667,301,6449,124,1,4869.43
19668,50,6450,120,1,37.31
19669,50,6450,116,1,136.01
19670,292,6451,51,1,66.67
19671,292,6451,53,1,95.99
19672,28,6452,51,1,66.67
19673,28,6452,53,1,95.99
19674,28,6452,54,1,131.19
19675,28,6452,56,1,327.69
19676,28,6452,153,1,564.14
19677,55,6453,69,1,5185.33
19678,55,6453,51,1,66.67
19679,55,6453,53,1,95.99
19680,55,6453,56,1,327.69
19681,55,6453,188,2,2599.64
19682,62,6454,9,1,864.52
19683,62,6454,2,1,6856.93
19684,62,6454,3,1,182.88
19685,62,6454,6,1,2618.75
19686,303,6455,1,1,5429.43
19687,303,6455,3,2,182.88
19688,303,6455,4,1,1045.02
19689,459,6456,51,1,66.67
19690,313,6457,196,1,211.44
19691,313,6457,136,1,1233.09
19692,313,6457,25,2,958.76
19693,313,6457,28,1,207.71
19694,313,6457,29,1,137.26
19695,296,6458,133,1,165.39
19696,296,6458,41,1,708.68
19697,296,6458,42,1,162.27
19698,296,6458,75,1,670.09
19699,296,6458,47,1,691.19
19700,296,6458,48,2,377.48
19701,96,6459,10,1,96.42
19702,96,6459,11,1,73.96
19703,96,6459,46,1,121.09
19704,96,6459,48,1,377.48
19705,96,6459,50,2,103.84
19706,330,6460,41,1,708.68
19707,330,6460,42,1,162.27
19708,330,6460,47,1,691.19
19709,312,6461,139,1,351.69
19710,312,6461,25,1,958.76
19711,312,6461,26,1,547.5
19712,312,6461,28,1,207.71
19713,312,6461,29,1,137.26
19714,55,6462,48,1,377.48
19715,55,6462,42,1,162.27
19716,55,6462,50,1,103.84
19717,55,6462,46,1,121.09
19718,144,6463,104,1,146.34
19719,359,6464,9,1,864.52
19720,359,6464,2,2,6856.93
19721,359,6464,6,1,2618.75
19722,370,6465,33,1,404.5
19723,370,6465,34,1,269.1
19724,370,6465,35,1,790.82
19725,370,6465,38,1,325.54
19726,370,6465,110,1,228.23
19727,237,6466,65,1,586.82
19728,237,6466,7,1,2063.12
19729,483,6467,9,1,864.52
19730,483,6467,2,1,6856.93
19731,483,6467,3,1,182.88
19732,483,6467,6,1,2618.75
19733,168,6468,21,1,2953.99
19734,17,6469,56,1,327.69
19735,17,6469,51,1,66.67
19736,17,6469,54,1,131.19
19737,294,6470,103,1,398.87
19738,294,6470,41,1,708.68
19739,294,6470,42,1,162.27
19740,294,6470,10,1,96.42
19741,294,6470,47,1,691.19
19742,294,6470,48,1,377.48
19743,388,6471,48,1,377.48
19744,388,6471,70,1,1076.29
19745,388,6471,42,1,162.27
19746,388,6471,46,2,121.09
19747,376,6472,2,1,6856.93
19748,376,6472,3,1,182.88
19749,376,6472,6,1,2618.75
19750,402,6473,152,1,92.66
19751,402,6473,38,1,325.54
19752,114,6474,34,1,269.1
19753,114,6474,35,1,790.82
19754,114,6474,38,1,325.54
19755,332,6475,1,1,5429.43
19756,332,6475,3,2,182.88
19757,332,6475,197,1,1440.46
19758,185,6476,64,1,578.73
19759,185,6476,113,1,61.24
19760,185,6476,51,1,66.67
19761,185,6476,53,1,95.99
19762,185,6476,54,1,131.19
19763,324,6477,197,2,1440.46
19764,324,6477,200,1,284.58
19765,324,6477,41,1,708.68
19766,324,6477,42,1,162.27
19767,324,6477,47,2,691.19
19768,324,6477,48,1,377.48
19769,176,6478,35,1,790.82
19770,176,6478,52,1,108.37
19771,176,6478,25,1,958.76
19772,176,6478,26,1,547.5
19773,176,6478,28,1,207.71
19774,411,6479,185,1,329.38
19775,411,6479,139,1,351.69
19776,98,6480,36,1,703.99
19777,98,6480,119,1,1350.85
19778,138,6481,2,1,6856.93
19779,138,6481,3,1,182.88
19780,138,6481,100,2,418.81
19781,138,6481,9,1,864.52
19782,138,6481,12,1,378.07
19783,295,6482,78,2,637.27
19784,295,6482,51,1,66.67
19785,295,6482,53,1,95.99
19786,295,6482,54,1,131.19
19787,295,6482,182,1,190.33
19788,295,6482,56,1,327.69
19789,402,6483,139,1,351.69
19790,107,6484,102,1,1982.66
19791,100,6485,32,1,182.43
19792,100,6485,99,1,185.24
19793,100,6485,37,1,113.29
19794,100,6485,39,1,51.31
19795,100,6485,187,1,521.01
19796,100,6485,31,1,118.65
19797,408,6486,61,1,1462.89
19798,408,6486,85,1,1742.75
19799,404,6487,184,1,617.48
19800,404,6487,49,1,247.85
19801,425,6488,64,1,578.73
19802,305,6489,1,1,5429.43
19803,305,6489,3,1,182.88
19804,305,6489,4,1,1045.02
19805,305,6489,59,1,88.07
19806,305,6489,27,1,1128.13
19807,351,6490,24,1,362.63
19808,351,6490,60,1,325.99
19809,493,6491,42,1,162.27
19810,493,6491,46,1,121.09
19811,493,6491,111,1,453.66
19812,493,6491,48,1,377.48
19813,493,6491,50,1,103.84
19814,458,6492,41,1,708.68
19815,458,6492,75,1,670.09
19816,458,6492,47,1,691.19
19817,459,6493,33,1,404.5
19818,459,6493,34,1,269.1
19819,459,6493,35,1,790.82
19820,459,6493,38,1,325.54
19821,85,6494,90,1,2115.26
19822,185,6495,129,1,94.56
19823,185,6495,42,1,162.27
19824,185,6495,46,1,121.09
19825,185,6495,48,1,377.48
19826,185,6495,50,1,103.84
19827,209,6496,1,1,5429.43
19828,209,6496,3,1,182.88
19829,209,6496,4,1,1045.02
19830,209,6496,10,1,96.42
19831,209,6496,53,1,95.99
19832,371,6497,32,1,182.43
19833,371,6497,68,2,1081.84
19834,371,6497,198,1,440.15
19835,371,6497,39,1,51.31
19836,371,6497,31,1,118.65
19837,451,6498,149,1,652.63
19838,85,6499,91,1,978.27
19839,85,6499,172,1,72.49
19840,69,6500,43,1,1574.27
19841,69,6500,31,1,118.65
19842,206,6501,160,1,298.73
19843,206,6501,37,1,113.29
19844,206,6501,42,1,162.27
19845,206,6501,47,1,691.19
19846,206,6501,48,2,377.48
19847,90,6502,151,1,71.91
19848,86,6503,116,1,136.01
19849,86,6503,165,1,867.11
19850,322,6504,129,1,94.56
19851,322,6504,2,1,6856.93
19852,322,6504,51,1,66.67
19853,322,6504,53,1,95.99
19854,322,6504,56,1,327.69
19855,346,6505,151,1,71.91
19856,387,6506,39,1,51.31
19857,234,6507,25,1,958.76
19858,234,6507,26,1,547.5
19859,234,6507,29,1,137.26
19860,234,6507,173,1,426.85
19861,252,6508,56,1,327.69
19862,252,6508,51,1,66.67
19863,252,6508,53,1,95.99
19864,252,6508,54,1,131.19
19865,182,6509,177,1,3544.65
19866,182,6509,198,1,440.15
19867,199,6510,113,1,61.24
19868,199,6510,74,1,132.13
19869,410,6511,126,1,224.49
19870,334,6512,122,1,696.77
19871,122,6513,51,2,66.67
19872,122,6513,53,1,95.99
19873,122,6513,174,1,886.97
19874,122,6513,159,1,132.33
19875,466,6514,194,1,582.97
19876,466,6514,35,2,790.82
19877,407,6515,24,1,362.63
19878,160,6516,2,1,6856.93
19879,160,6516,12,1,378.07
19880,416,6517,128,1,664.23
19881,416,6517,106,1,449.77
19882,333,6518,32,2,182.43
19883,333,6518,33,1,404.5
19884,333,6518,37,1,113.29
19885,333,6518,39,2,51.31
19886,333,6518,126,1,224.49
19887,333,6518,31,2,118.65
19888,183,6519,25,1,958.76
19889,183,6519,28,1,207.71
19890,183,6519,29,1,137.26
19891,115,6520,34,1,269.1
19892,115,6520,35,1,790.82
19893,115,6520,38,1,325.54
19894,179,6521,1,1,5429.43
19895,179,6521,138,1,2075.88
19896,179,6521,3,1,182.88
19897,179,6521,4,1,1045.02
19898,98,6522,1,1,5429.43
19899,98,6522,3,1,182.88
19900,98,6522,4,1,1045.02
19901,98,6522,10,1,96.42
19902,98,6522,149,1,652.63
19903,304,6523,41,1,708.68
19904,304,6523,47,1,691.19
19905,432,6524,32,1,182.43
19906,432,6524,162,1,2324.66
19907,432,6524,37,1,113.29
19908,432,6524,39,2,51.31
19909,432,6524,31,1,118.65
19910,381,6525,33,1,404.5
19911,381,6525,34,1,269.1
19912,381,6525,35,1,790.82
19913,381,6525,38,1,325.54
19914,381,6525,78,1,637.27
19915,164,6526,161,1,280.14
19916,164,6526,91,1,978.27
19917,274,6527,41,1,708.68
19918,274,6527,42,1,162.27
19919,274,6527,137,1,593.31
19920,274,6527,47,1,691.19
19921,274,6527,48,1,377.48
19922,131,6528,128,2,664.23
19923,100,6529,69,1,5185.33
19924,100,6529,25,1,958.76
19925,100,6529,26,1,547.5
19926,100,6529,28,1,207.71
19927,100,6529,29,2,137.26
19928,246,6530,38,1,325.54
19929,432,6531,37,1,113.29
19930,432,6531,117,1,159.84
19931,432,6531,25,1,958.76
19932,432,6531,26,1,547.5
19933,432,6531,29,1,137.26
19934,425,6532,3,2,182.88
19935,285,6533,1,1,5429.43
19936,285,6533,3,1,182.88
19937,285,6533,4,1,1045.02
19938,285,6533,10,1,96.42
19939,285,6533,28,1,207.71
19940,192,6534,56,1,327.69
19941,192,6534,63,1,557.39
19942,179,6535,2,1,6856.93
19943,179,6535,3,1,182.88
19944,179,6535,195,1,411.6
19945,179,6535,6,1,2618.75
19946,179,6535,9,1,864.52
19947,179,6535,61,1,1462.89
19948,256,6536,33,1,404.5
19949,256,6536,34,1,269.1
19950,256,6536,187,1,521.01
19951,256,6536,127,1,209.71
19952,150,6537,1,1,5429.43
19953,150,6537,10,1,96.42
19954,150,6537,3,1,182.88
19955,150,6537,4,1,1045.02
19956,282,6538,3,1,182.88
19957,282,6538,49,1,247.85
19958,282,6538,34,1,269.1
19959,282,6538,35,1,790.82
19960,144,6539,42,1,162.27
19961,144,6539,146,1,323.76
19962,144,6539,166,1,184.75
19963,144,6539,47,1,691.19
19964,479,6540,1,1,5429.43
19965,479,6540,99,1,185.24
19966,479,6540,3,1,182.88
19967,479,6540,10,1,96.42
19968,479,6540,46,1,121.09
19969,337,6541,42,1,162.27
19970,337,6541,109,1,44.98
19971,337,6541,46,1,121.09
19972,337,6541,48,1,377.48
19973,337,6541,50,1,103.84
19974,434,6542,116,1,136.01
19975,244,6543,84,1,98.36
19976,249,6544,197,1,1440.46
19977,370,6545,4,1,1045.02
19978,370,6545,93,1,304.48
19979,352,6546,1,1,5429.43
19980,352,6546,66,1,234.31
19981,352,6546,3,1,182.88
19982,352,6546,4,1,1045.02
19983,352,6546,10,1,96.42
19984,146,6547,48,1,377.48
19985,146,6547,42,1,162.27
19986,146,6547,50,1,103.84
19987,146,6547,46,1,121.09
19988,176,6548,51,1,66.67
19989,176,6548,53,1,95.99
19990,176,6548,54,1,131.19
19991,176,6548,56,1,327.69
19992,176,6548,24,1,362.63
19993,218,6549,131,1,457.64
19994,218,6549,44,2,1768.56
19995,483,6550,161,1,280.14
19996,483,6550,132,1,284.92
19997,402,6551,32,2,182.43
19998,402,6551,39,1,51.31
19999,402,6551,37,1,113.29
20000,402,6551,31,1,118.65
20001,295,6552,1,1,5429.43
20002,295,6552,3,1,182.88
20003,295,6552,164,1,297.97
20004,295,6552,4,1,1045.02
20005,295,6552,21,1,2953.99
20006,184,6553,51,1,66.67
20007,331,6554,33,1,404.5
20008,331,6554,34,1,269.1
20009,331,6554,38,1,325.54
20010,358,6555,174,1,886.97
20011,358,6555,51,2,66.67
20012,358,6555,53,2,95.99
20013,358,6555,54,1,131.19
20014,358,6555,56,1,327.69
20015,82,6556,152,1,92.66
20016,82,6556,146,1,323.76
20017,299,6557,32,1,182.43
20018,299,6557,37,1,113.29
20019,299,6557,39,1,51.31
20020,299,6557,14,1,687.06
20021,299,6557,31,1,118.65
20022,84,6558,34,1,269.1
20023,84,6558,125,1,208.91
20024,243,6559,97,1,1968.21
20025,140,6560,1,1,5429.43
20026,140,6560,10,1,96.42
20027,140,6560,3,1,182.88
20028,140,6560,4,1,1045.02
20029,151,6561,74,1,132.13
20030,151,6561,31,1,118.65
20031,331,6562,88,1,398.34
20032,331,6562,95,1,217.5
20033,396,6563,48,1,377.48
20034,396,6563,135,1,248.61
20035,374,6564,32,1,182.43
20036,374,6564,41,1,708.68
20037,374,6564,6,1,2618.75
20038,297,6565,88,1,398.34
20039,75,6566,66,1,234.31
20040,75,6566,85,1,1742.75
20041,114,6567,25,1,958.76
20042,114,6567,26,1,547.5
20043,114,6567,29,1,137.26
20044,277,6568,128,1,664.23
20045,277,6568,197,1,1440.46
20046,345,6569,133,1,165.39
20047,345,6569,15,1,478.33
20048,345,6569,51,1,66.67
20049,345,6569,53,1,95.99
20050,345,6569,54,1,131.19
20051,345,6569,56,2,327.69
20052,44,6570,56,1,327.69
20053,44,6570,51,1,66.67
20054,44,6570,53,1,95.99
20055,44,6570,54,1,131.19
20056,369,6571,32,1,182.43
20057,369,6571,39,1,51.31
20058,369,6571,31,1,118.65
20059,448,6572,51,1,66.67
20060,255,6573,42,1,162.27
20061,275,6574,2,1,6856.93
20062,275,6574,3,1,182.88
20063,275,6574,6,1,2618.75
20064,275,6574,9,1,864.52
20065,275,6574,152,1,92.66
20066,471,6575,1,2,5429.43
20067,471,6575,3,1,182.88
20068,471,6575,4,2,1045.02
20069,471,6575,165,1,867.11
20070,471,6575,10,1,96.42
20071,471,6575,153,1,564.14
20072,212,6576,158,1,655.51
20073,212,6576,175,1,152.85
20074,175,6577,76,1,110.25
20075,175,6577,115,1,131.51
20076,175,6577,25,1,958.76
20077,175,6577,26,1,547.5
20078,175,6577,28,1,207.71
20079,175,6577,29,1,137.26
20080,218,6578,33,1,404.5
20081,218,6578,34,1,269.1
20082,218,6578,35,1,790.82
20083,218,6578,164,1,297.97
20084,218,6578,38,1,325.54
20085,218,6578,135,1,248.61
20086,229,6579,129,1,94.56
20087,229,6579,184,1,617.48
20088,229,6579,25,1,958.76
20089,229,6579,26,1,547.5
20090,229,6579,28,2,207.71
20091,229,6579,29,1,137.26
20092,149,6580,64,1,578.73
20093,149,6580,198,1,440.15
20094,149,6580,25,1,958.76
20095,149,6580,26,2,547.5
20096,149,6580,29,1,137.26
20097,500,6581,48,1,377.48
20098,500,6581,42,1,162.27
20099,500,6581,50,1,103.84
20100,500,6581,46,1,121.09
20101,388,6582,162,1,2324.66
20102,388,6582,81,1,1613.84
20103,388,6582,42,1,162.27
20104,388,6582,46,1,121.09
20105,463,6583,53,1,95.99
20106,463,6583,134,1,3215.18
20107,409,6584,33,2,404.5
20108,409,6584,34,1,269.1
20109,409,6584,147,1,4075.22
20110,77,6585,33,1,404.5
20111,77,6585,34,1,269.1
20112,77,6585,35,1,790.82
20113,77,6585,85,1,1742.75
20114,79,6586,65,2,586.82
20115,79,6586,148,1,658.67
20116,378,6587,56,1,327.69
20117,378,6587,51,1,66.67
20118,378,6587,53,1,95.99
20119,378,6587,54,1,131.19
20120,297,6588,32,1,182.43
20121,297,6588,53,1,95.99
20122,297,6588,37,1,113.29
20123,297,6588,31,1,118.65
20124,363,6589,114,1,246.79
20125,363,6589,154,1,3786.85
20126,128,6590,171,1,100.57
20127,128,6590,102,1,1982.66
20128,124,6591,48,1,377.48
20129,124,6591,42,1,162.27
20130,124,6591,46,1,121.09
20131,34,6592,160,2,298.73
20132,34,6592,2,1,6856.93
20133,34,6592,3,1,182.88
20134,34,6592,9,1,864.52
20135,34,6592,12,2,378.07
20136,20,6593,34,1,269.1
20137,20,6593,35,2,790.82
20138,20,6593,68,1,1081.84
20139,20,6593,38,1,325.54
20140,1,6594,25,1,958.76
20141,1,6594,26,1,547.5
20142,1,6594,28,1,207.71
20143,1,6594,29,1,137.26
20144,222,6595,168,1,126.51
20145,159,6596,134,1,3215.18
20146,159,6596,84,1,98.36
20147,159,6596,25,1,958.76
20148,159,6596,26,1,547.5
20149,159,6596,28,1,207.71
20150,109,6597,42,1,162.27
20151,109,6597,46,1,121.09
20152,444,6598,32,1,182.43
20153,444,6598,39,1,51.31
20154,444,6598,37,1,113.29
20155,444,6598,31,1,118.65
20156,294,6599,134,1,3215.18
20157,290,6600,48,1,377.48
20158,290,6600,56,1,327.69
20159,290,6600,117,1,159.84
20160,290,6600,47,1,691.19
20161,316,6601,32,1,182.43
20162,316,6601,66,1,234.31
20163,316,6601,4,2,1045.02
20164,316,6601,37,1,113.29
20165,316,6601,39,2,51.31
20166,316,6601,31,1,118.65
20167,309,6602,24,1,362.63
20168,309,6602,55,1,41.52
20169,100,6603,189,1,46.18
20170,189,6604,4,1,1045.02
20171,135,6605,33,1,404.5
20172,135,6605,34,1,269.1
20173,135,6605,35,1,790.82
20174,155,6606,51,1,66.67
20175,155,6606,164,1,297.97
20176,155,6606,53,2,95.99
20177,155,6606,54,1,131.19
20178,283,6607,25,1,958.76
20179,283,6607,26,1,547.5
20180,283,6607,28,2,207.71
20181,283,6607,29,1,137.26
20182,250,6608,32,1,182.43
20183,250,6608,37,1,113.29
20184,250,6608,167,1,104.4
20185,250,6608,149,1,652.63
20186,250,6608,31,1,118.65
20187,131,6609,2,1,6856.93
20188,210,6610,57,1,215.42
20189,257,6611,35,1,790.82
20190,257,6611,2,1,6856.93
20191,257,6611,155,1,298.62
20192,72,6612,200,1,284.58
20193,72,6612,25,2,958.76
20194,72,6612,26,1,547.5
20195,72,6612,28,1,207.71
20196,271,6613,85,2,1742.75
20197,271,6613,135,1,248.61
20198,11,6614,177,1,3544.65
20199,11,6614,2,1,6856.93
20200,11,6614,175,1,152.85
20201,421,6615,42,1,162.27
20202,421,6615,46,1,121.09
20203,421,6615,48,2,377.48
20204,421,6615,145,1,165.87
20205,421,6615,50,1,103.84
20206,421,6615,23,1,3803.84
20207,316,6616,112,1,2651.9
20208,246,6617,77,1,193.57
20209,246,6617,142,1,243.55
20210,246,6617,25,1,958.76
20211,246,6617,26,1,547.5
20212,246,6617,28,1,207.71
20213,4,6618,42,1,162.27
20214,4,6618,46,1,121.09
20215,4,6618,48,1,377.48
20216,4,6618,50,1,103.84
20217,4,6618,118,1,175.91
20218,252,6619,175,1,152.85
20219,122,6620,11,1,73.96
20220,122,6620,143,1,602.95
20221,122,6620,51,1,66.67
20222,122,6620,54,1,131.19
20223,122,6620,56,1,327.69
20224,452,6621,27,1,1128.13
20225,452,6621,33,1,404.5
20226,452,6621,34,1,269.1
20227,452,6621,163,1,417.18
20228,1,6622,129,1,94.56
20229,332,6623,2,2,6856.93
20230,332,6623,3,1,182.88
20231,332,6623,9,1,864.52
20232,332,6623,121,1,279.43
20233,332,6623,126,1,224.49
20234,360,6624,81,1,1613.84
20235,360,6624,102,1,1982.66
20236,59,6625,25,1,958.76
20237,59,6625,26,1,547.5
20238,59,6625,28,1,207.71
20239,59,6625,198,1,440.15
20240,256,6626,33,1,404.5
20241,256,6626,34,2,269.1
20242,256,6626,35,1,790.82
20243,256,6626,38,1,325.54
20244,256,6626,127,1,209.71
20245,256,6626,63,1,557.39
20246,33,6627,169,1,452.68
20247,427,6628,48,1,377.48
20248,427,6628,116,1,136.01
20249,427,6628,47,1,691.19
20250,418,6629,41,1,708.68
20251,418,6629,42,1,162.27
20252,418,6629,46,1,121.09
20253,418,6629,48,1,377.48
20254,418,6629,50,1,103.84
20255,127,6630,2,1,6856.93
20256,127,6630,3,1,182.88
20257,127,6630,108,2,5179.59
20258,127,6630,6,1,2618.75
20259,46,6631,1,1,5429.43
20260,46,6631,3,2,182.88
20261,46,6631,4,1,1045.02
20262,311,6632,103,1,398.87
20263,311,6632,42,1,162.27
20264,311,6632,76,1,110.25
20265,311,6632,46,1,121.09
20266,311,6632,48,1,377.48
20267,311,6632,50,1,103.84
20268,220,6633,79,1,421.1
20269,117,6634,193,1,256.05
20270,117,6634,114,1,246.79
20271,479,6635,1,1,5429.43
20272,479,6635,3,1,182.88
20273,479,6635,4,1,1045.02
20274,479,6635,36,1,703.99
20275,479,6635,10,1,96.42
20276,479,6635,88,1,398.34
20277,359,6636,114,1,246.79
20278,359,6636,165,1,867.11
20279,222,6637,169,1,452.68
20280,222,6637,61,1,1462.89
20281,352,6638,33,1,404.5
20282,352,6638,34,1,269.1
20283,352,6638,38,2,325.54
20284,352,6638,117,1,159.84
20285,352,6638,118,1,175.91
20286,417,6639,34,1,269.1
20287,417,6639,35,2,790.82
20288,187,6640,25,1,958.76
20289,187,6640,26,1,547.5
20290,187,6640,28,1,207.71
20291,46,6641,51,1,66.67
20292,46,6641,125,1,208.91
20293,350,6642,41,1,708.68
20294,187,6643,56,1,327.69
20295,187,6643,51,1,66.67
20296,187,6643,53,1,95.99
20297,187,6643,54,1,131.19
20298,228,6644,22,1,2057.09
20299,270,6645,16,2,680.77
20300,270,6645,50,1,103.84
20301,270,6645,46,1,121.09
20302,444,6646,132,1,284.92
20303,444,6646,149,1,652.63
20304,241,6647,129,1,94.56
20305,241,6647,188,1,2599.64
20306,343,6648,145,2,165.87
20307,343,6648,199,1,107.47
20308,143,6649,73,1,249.37
20309,143,6649,21,1,2953.99
20310,406,6650,48,1,377.48
20311,406,6650,47,1,691.19
20312,22,6651,127,1,209.71
20313,325,6652,24,1,362.63
20314,325,6652,17,1,281.04
20315,316,6653,32,1,182.43
20316,316,6653,37,1,113.29
20317,409,6654,34,1,269.1
20318,409,6654,35,1,790.82
20319,409,6654,38,1,325.54
20320,409,6654,30,1,583.67
20321,263,6655,19,1,195.42
20322,263,6655,6,1,2618.75
20323,232,6656,48,1,377.48
20324,232,6656,42,2,162.27
20325,232,6656,47,1,691.19
20326,425,6657,12,2,378.07
20327,336,6658,32,1,182.43
20328,336,6658,147,1,4075.22
20329,336,6658,37,1,113.29
20330,336,6658,31,1,118.65
20331,226,6659,33,1,404.5
20332,226,6659,34,1,269.1
20333,226,6659,175,1,152.85
20334,165,6660,34,1,269.1
20335,165,6660,35,1,790.82
20336,165,6660,38,1,325.54
20337,478,6661,101,1,241.26
20338,478,6661,165,1,867.11
20339,439,6662,123,1,140.92
20340,439,6662,4,2,1045.02
20341,127,6663,138,1,2075.88
20342,399,6664,169,1,452.68
20343,399,6664,42,1,162.27
20344,228,6665,33,1,404.5
20345,228,6665,34,1,269.1
20346,228,6665,35,1,790.82
20347,228,6665,38,1,325.54
20348,228,6665,7,1,2063.12
20349,228,6665,179,1,148.28
20350,377,6666,177,1,3544.65
20351,213,6667,33,1,404.5
20352,213,6667,34,1,269.1
20353,213,6667,35,1,790.82
20354,213,6667,38,1,325.54
20355,494,6668,32,1,182.43
20356,494,6668,4,1,1045.02
20357,494,6668,37,1,113.29
20358,494,6668,117,2,159.84
20359,494,6668,31,1,118.65
20360,200,6669,72,1,295.83
20361,200,6669,45,2,207.67
20362,497,6670,34,1,269.1
20363,497,6670,35,2,790.82
20364,497,6670,171,1,100.57
20365,497,6670,166,1,184.75
20366,378,6671,1,1,5429.43
20367,378,6671,4,1,1045.02
20368,211,6672,2,1,6856.93
20369,107,6673,82,1,482.06
20370,107,6673,46,1,121.09
20371,208,6674,33,1,404.5
20372,208,6674,34,1,269.1
20373,208,6674,35,1,790.82
20374,208,6674,69,2,5185.33
20375,208,6674,38,1,325.54
20376,208,6674,17,1,281.04
20377,352,6675,2,1,6856.93
20378,352,6675,3,1,182.88
20379,352,6675,66,1,234.31
20380,352,6675,6,1,2618.75
20381,352,6675,9,1,864.52
20382,124,6676,2,1,6856.93
20383,124,6676,3,1,182.88
20384,124,6676,98,1,449.02
20385,124,6676,6,1,2618.75
20386,124,6676,9,1,864.52
20387,124,6676,121,1,279.43
20388,16,6677,32,1,182.43
20389,16,6677,37,1,113.29
20390,16,6677,39,1,51.31
20391,16,6677,110,1,228.23
20392,16,6677,31,1,118.65
20393,327,6678,19,1,195.42
20394,327,6678,164,1,297.97
20395,36,6679,7,1,2063.12
20396,36,6679,42,1,162.27
20397,36,6679,106,1,449.77
20398,36,6679,47,1,691.19
20399,36,6679,48,1,377.48
20400,305,6680,32,2,182.43
20401,305,6680,97,1,1968.21
20402,426,6681,5,1,1043.64
20403,417,6682,169,1,452.68
20404,417,6682,1,1,5429.43
20405,417,6682,10,1,96.42
20406,417,6682,3,1,182.88
20407,433,6683,67,1,3651.66
20408,433,6683,86,1,336.99
20409,434,6684,42,1,162.27
20410,434,6684,46,1,121.09
20411,434,6684,48,1,377.48
20412,434,6684,50,1,103.84
20413,434,6684,182,1,190.33
20414,278,6685,193,1,256.05
20415,278,6685,97,1,1968.21
20416,148,6686,51,2,66.67
20417,148,6686,54,1,131.19
20418,104,6687,25,1,958.76
20419,104,6687,26,1,547.5
20420,104,6687,28,1,207.71
20421,104,6687,21,1,2953.99
20422,338,6688,196,1,211.44
20423,338,6688,132,1,284.92
20424,52,6689,42,2,162.27
20425,52,6689,50,1,103.84
20426,52,6689,53,1,95.99
20427,52,6689,46,1,121.09
20428,498,6690,24,1,362.63
20429,201,6691,32,1,182.43
20430,201,6691,161,1,280.14
20431,201,6691,37,1,113.29
20432,201,6691,39,1,51.31
20433,201,6691,51,2,66.67
20434,201,6691,31,1,118.65
20435,368,6692,71,1,241.15
20436,368,6692,11,1,73.96
20437,368,6692,25,1,958.76
20438,368,6692,28,1,207.71
20439,368,6692,29,1,137.26
20440,250,6693,192,1,105.53
20441,250,6693,79,1,421.1
20442,250,6693,25,1,958.76
20443,250,6693,26,1,547.5
20444,250,6693,28,1,207.71
20445,473,6694,64,1,578.73
20446,473,6694,41,1,708.68
20447,473,6694,42,1,162.27
20448,473,6694,74,2,132.13
20449,473,6694,47,1,691.19
20450,473,6694,48,1,377.48
20451,427,6695,41,1,708.68
20452,427,6695,15,2,478.33
20453,427,6695,47,1,691.19
20454,485,6696,32,1,182.43
20455,485,6696,37,1,113.29
20456,485,6696,39,1,51.31
20457,485,6696,83,1,584.83
20458,485,6696,31,1,118.65
20459,342,6697,1,1,5429.43
20460,342,6697,15,1,478.33
20461,120,6698,34,1,269.1
20462,120,6698,38,1,325.54
20463,219,6699,100,1,418.81
20464,219,6699,119,2,1350.85
20465,219,6699,25,1,958.76
20466,219,6699,26,1,547.5
20467,219,6699,28,1,207.71
20468,219,6699,29,1,137.26
20469,452,6700,2,1,6856.93
20470,452,6700,6,1,2618.75
20471,380,6701,144,1,91.59
20472,380,6701,126,1,224.49
20473,298,6702,196,1,211.44
20474,180,6703,32,1,182.43
20475,180,6703,131,2,457.64
20476,180,6703,31,1,118.65
20477,27,6704,1,1,5429.43
20478,27,6704,3,1,182.88
20479,27,6704,4,1,1045.02
20480,27,6704,10,1,96.42
20481,27,6704,20,1,600.91
20482,471,6705,81,1,1613.84
20483,471,6705,1,1,5429.43
20484,471,6705,3,1,182.88
20485,471,6705,76,1,110.25
20486,486,6706,92,1,182.48
20487,486,6706,77,1,193.57
20488,43,6707,159,1,132.33
20489,444,6708,167,1,104.4
20490,36,6709,9,1,864.52
20491,36,6709,2,1,6856.93
20492,36,6709,3,1,182.88
20493,36,6709,6,1,2618.75
20494,429,6710,152,2,92.66
20495,429,6710,35,1,790.82
20496,489,6711,48,2,377.48
20497,174,6712,161,1,280.14
20498,174,6712,123,1,140.92
20499,143,6713,74,1,132.13
20500,143,6713,196,1,211.44
20501,219,6714,168,1,126.51
20502,219,6714,124,1,4869.43
20503,466,6715,106,2,449.77
20504,182,6716,133,1,165.39
20505,245,6717,143,1,602.95
20506,245,6717,41,1,708.68
20507,245,6717,49,1,247.85
20508,245,6717,47,1,691.19
20509,57,6718,164,2,297.97
20510,57,6718,134,1,3215.18
20511,121,6719,32,1,182.43
20512,121,6719,45,1,207.67
20513,121,6719,39,1,51.31
20514,121,6719,31,1,118.65
20515,36,6720,40,1,36.51
20516,75,6721,116,1,136.01
20517,373,6722,91,1,978.27
20518,378,6723,120,1,37.31
20519,378,6723,41,1,708.68
20520,378,6723,47,1,691.19
20521,32,6724,185,1,329.38
20522,32,6724,183,1,171.04
20523,181,6725,126,1,224.49
20524,181,6725,190,1,615.39
20525,57,6726,126,1,224.49
20526,157,6727,74,2,132.13
20527,157,6727,100,1,418.81
20528,32,6728,193,1,256.05
20529,32,6728,101,1,241.26
20530,486,6729,56,1,327.69
20531,486,6729,51,1,66.67
20532,486,6729,53,1,95.99
20533,486,6729,54,1,131.19
20534,101,6730,25,2,958.76
20535,37,6731,40,1,36.51
20536,37,6731,50,1,103.84
20537,37,6731,195,1,411.6
20538,37,6731,46,1,121.09
20539,368,6732,159,1,132.33
20540,368,6732,63,1,557.39
20541,118,6733,37,2,113.29
20542,161,6734,116,1,136.01
20543,392,6735,1,1,5429.43
20544,392,6735,3,1,182.88
20545,392,6735,4,1,1045.02
20546,392,6735,35,1,790.82
20547,392,6735,10,1,96.42
20548,392,6735,176,1,1269.55
20549,366,6736,33,1,404.5
20550,366,6736,34,1,269.1
20551,366,6736,35,1,790.82
20552,366,6736,28,1,207.71
20553,122,6737,81,1,1613.84
20554,122,6737,33,1,404.5
20555,122,6737,34,1,269.1
20556,122,6737,110,2,228.23
20557,64,6738,144,1,91.59
20558,64,6738,3,1,182.88
20559,240,6739,26,2,547.5
20560,240,6739,11,1,73.96
20561,449,6740,34,1,269.1
20562,449,6740,35,1,790.82
20563,449,6740,138,1,2075.88
20564,440,6741,164,1,297.97
20565,440,6741,170,1,810.36
20566,440,6741,42,1,162.27
20567,440,6741,46,2,121.09
20568,440,6741,48,1,377.48
20569,46,6742,162,1,2324.66
20570,257,6743,122,1,696.77
20571,287,6744,77,1,193.57
20572,287,6744,63,2,557.39
20573,311,6745,48,1,377.48
20574,311,6745,41,1,708.68
20575,311,6745,47,1,691.19
20576,247,6746,25,1,958.76
20577,247,6746,26,1,547.5
20578,247,6746,28,1,207.71
20579,247,6746,29,1,137.26
20580,83,6747,109,1,44.98
20581,83,6747,51,1,66.67
20582,83,6747,53,1,95.99
20583,83,6747,54,1,131.19
20584,274,6748,32,1,182.43
20585,274,6748,37,2,113.29
20586,274,6748,77,1,193.57
20587,274,6748,142,1,243.55
20588,274,6748,31,1,118.65
20589,424,6749,63,2,557.39
20590,424,6749,199,1,107.47
20591,114,6750,50,1,103.84
20592,114,6750,46,1,121.09
20593,81,6751,66,1,234.31
20594,81,6751,42,1,162.27
20595,81,6751,46,1,121.09
20596,81,6751,48,1,377.48
20597,81,6751,50,1,103.84
20598,349,6752,42,1,162.27
20599,349,6752,99,1,185.24
20600,349,6752,50,1,103.84
20601,349,6752,46,1,121.09
20602,62,6753,143,1,602.95
20603,62,6753,39,1,51.31
20604,272,6754,42,1,162.27
20605,272,6754,78,1,637.27
20606,272,6754,46,2,121.09
20607,272,6754,50,1,103.84
20608,272,6754,19,1,195.42
20609,76,6755,99,1,185.24
20610,76,6755,134,1,3215.18
20611,252,6756,85,2,1742.75
20612,252,6756,103,1,398.87
20613,290,6757,9,1,864.52
20614,290,6757,2,1,6856.93
20615,290,6757,108,1,5179.59
20616,290,6757,33,1,404.5
20617,118,6758,200,1,284.58
20618,118,6758,118,1,175.91
20619,204,6759,32,1,182.43
20620,204,6759,37,1,113.29
20621,204,6759,39,1,51.31
20622,204,6759,92,1,182.48
20623,204,6759,61,1,1462.89
20624,204,6759,31,1,118.65
20625,168,6760,33,2,404.5
20626,168,6760,34,2,269.1
20627,168,6760,35,1,790.82
20628,168,6760,38,1,325.54
20629,389,6761,65,2,586.82
20630,389,6761,51,1,66.67
20631,389,6761,197,1,1440.46
20632,100,6762,25,2,958.76
20633,100,6762,26,1,547.5
20634,100,6762,179,1,148.28
20635,100,6762,188,1,2599.64
20636,320,6763,2,1,6856.93
20637,320,6763,3,1,182.88
20638,48,6764,56,1,327.69
20639,48,6764,51,1,66.67
20640,48,6764,53,1,95.99
20641,48,6764,54,1,131.19
20642,219,6765,164,1,297.97
20643,219,6765,37,1,113.29
20644,359,6766,2,1,6856.93
20645,359,6766,3,1,182.88
20646,359,6766,6,1,2618.75
20647,359,6766,9,1,864.52
20648,359,6766,188,1,2599.64
20649,187,6767,168,2,126.51
20650,93,6768,160,1,298.73
20651,304,6769,101,1,241.26
20652,46,6770,196,1,211.44
20653,46,6770,41,1,708.68
20654,46,6770,42,2,162.27
20655,46,6770,47,1,691.19
20656,46,6770,48,1,377.48
20657,70,6771,42,1,162.27
20658,70,6771,46,2,121.09
20659,70,6771,48,1,377.48
20660,70,6771,50,1,103.84
20661,70,6771,179,1,148.28
20662,450,6772,48,1,377.48
20663,450,6772,41,1,708.68
20664,450,6772,47,1,691.19
20665,98,6773,41,1,708.68
20666,98,6773,42,1,162.27
20667,98,6773,47,1,691.19
20668,98,6773,155,1,298.62
20669,98,6773,191,1,2178.66
20670,425,6774,42,1,162.27
20671,425,6774,50,2,103.84
20672,425,6774,46,1,121.09
20673,425,6774,146,1,323.76
20674,8,6775,1,1,5429.43
20675,8,6775,3,1,182.88
20676,8,6775,4,2,1045.02
20677,8,6775,7,1,2063.12
20678,8,6775,10,1,96.42
20679,8,6776,67,1,3651.66
20680,8,6776,47,1,691.19
20681,243,6777,195,1,411.6
20682,243,6777,25,1,958.76
20683,243,6777,26,1,547.5
20684,243,6777,28,2,207.71
20685,243,6777,29,1,137.26
20686,400,6778,32,1,182.43
20687,400,6778,73,2,249.37
20688,400,6778,37,2,113.29
20689,400,6778,31,1,118.65
20690,140,6779,32,1,182.43
20691,140,6779,31,1,118.65
20692,467,6780,16,1,680.77
20693,467,6780,1,1,5429.43
20694,403,6781,65,1,586.82
20695,403,6781,25,1,958.76
20696,403,6781,26,1,547.5
20697,403,6781,29,1,137.26
20698,66,6782,42,1,162.27
20699,66,6782,46,1,121.09
20700,66,6782,167,1,104.4
20701,226,6783,33,1,404.5
20702,226,6783,2,1,6856.93
20703,226,6783,3,1,182.88
20704,226,6783,6,2,2618.75
20705,226,6783,9,1,864.52
20706,226,6783,48,1,377.48
20707,269,6784,16,2,680.77
20708,453,6785,1,1,5429.43
20709,453,6785,3,1,182.88
20710,453,6785,37,1,113.29
20711,453,6785,10,1,96.42
20712,453,6785,179,1,148.28
20713,77,6786,33,1,404.5
20714,77,6786,34,1,269.1
20715,77,6786,35,1,790.82
20716,77,6786,58,1,143.75
20717,320,6787,48,1,377.48
20718,320,6787,42,1,162.27
20719,320,6787,46,1,121.09
20720,132,6788,192,1,105.53
20721,132,6788,2,1,6856.93
20722,132,6788,158,1,655.51
20723,132,6788,6,1,2618.75
20724,163,6789,134,2,3215.18
20725,163,6789,6,2,2618.75
20726,353,6790,30,1,583.67
20727,32,6791,33,1,404.5
20728,32,6791,102,2,1982.66
20729,446,6792,88,1,398.34
20730,446,6792,54,1,131.19
20731,86,6793,13,1,342.07
20732,16,6794,25,1,958.76
20733,16,6794,26,1,547.5
20734,16,6794,100,1,418.81
20735,16,6794,29,1,137.26
20736,140,6795,34,2,269.1
20737,140,6795,35,1,790.82
20738,140,6795,38,1,325.54
20739,140,6795,177,1,3544.65
20740,140,6795,92,1,182.48
20741,76,6796,113,1,61.24
20742,468,6797,16,1,680.77
20743,468,6797,102,1,1982.66
20744,397,6798,41,1,708.68
20745,397,6798,79,1,421.1
20746,397,6798,47,1,691.19
20747,351,6799,82,1,482.06
20748,351,6799,95,1,217.5
20749,17,6800,8,1,338.12
20750,165,6801,4,1,1045.02
20751,165,6801,61,1,1462.89
20752,295,6802,32,1,182.43
20753,295,6802,128,1,664.23
20754,295,6802,37,1,113.29
20755,295,6802,133,1,165.39
20756,295,6802,39,1,51.31
20757,34,6803,25,1,958.76
20758,34,6803,26,1,547.5
20759,34,6803,28,1,207.71
20760,34,6803,29,1,137.26
20761,244,6804,33,1,404.5
20762,244,6804,34,1,269.1
20763,244,6804,198,1,440.15
20764,244,6804,38,1,325.54
20765,384,6805,32,1,182.43
20766,384,6805,39,1,51.31
20767,384,6805,37,1,113.29
20768,384,6805,31,1,118.65
20769,28,6806,68,1,1081.84
20770,28,6806,42,1,162.27
20771,28,6806,46,1,121.09
20772,28,6806,48,1,377.48
20773,28,6806,50,1,103.84
20774,323,6807,25,2,958.76
20775,323,6807,28,1,207.71
20776,323,6807,29,1,137.26
20777,323,6807,71,1,241.15
20778,52,6808,56,1,327.69
20779,52,6808,51,1,66.67
20780,52,6808,53,1,95.99
20781,52,6808,54,1,131.19
20782,108,6809,64,1,578.73
20783,108,6809,24,1,362.63
20784,255,6810,146,2,323.76
20785,255,6810,47,1,691.19
20786,255,6811,1,2,5429.43
20787,255,6811,3,1,182.88
20788,255,6811,155,1,298.62
20789,16,6812,134,1,3215.18
20790,16,6812,42,1,162.27
20791,16,6812,46,1,121.09
20792,16,6812,48,1,377.48
20793,16,6812,50,1,103.84
20794,216,6813,33,1,404.5
20795,216,6813,34,1,269.1
20796,216,6813,181,1,353.61
20797,426,6814,9,1,864.52
20798,426,6814,2,2,6856.93
20799,426,6814,3,1,182.88
20800,426,6814,182,1,190.33
20801,487,6815,65,1,586.82
20802,487,6815,42,1,162.27
20803,487,6815,46,1,121.09
20804,487,6815,48,1,377.48
20805,487,6815,50,1,103.84
20806,487,6815,156,1,131.66
20807,204,6816,130,1,3341.54
20808,493,6817,9,1,864.52
20809,493,6817,42,1,162.27
20810,493,6817,46,1,121.09
20811,493,6817,78,1,637.27
20812,493,6817,50,1,103.84
20813,74,6818,177,1,3544.65
20814,74,6818,100,1,418.81
20815,78,6819,83,1,584.83
20816,78,6819,33,1,404.5
20817,78,6819,34,1,269.1
20818,78,6819,35,1,790.82
20819,438,6820,32,1,182.43
20820,438,6820,7,1,2063.12
20821,438,6820,37,1,113.29
20822,438,6820,39,1,51.31
20823,305,6821,9,1,864.52
20824,305,6821,2,1,6856.93
20825,305,6821,6,1,2618.75
20826,330,6822,32,1,182.43
20827,330,6822,37,1,113.29
20828,330,6822,39,1,51.31
20829,330,6822,143,1,602.95
20830,330,6822,31,1,118.65
20831,330,6822,159,1,132.33
20832,278,6823,1,1,5429.43
20833,278,6823,4,1,1045.02
20834,278,6823,10,1,96.42
20835,278,6823,113,1,61.24
20836,278,6823,18,1,685.51
20837,487,6824,32,1,182.43
20838,487,6824,37,1,113.29
20839,487,6824,39,1,51.31
20840,243,6825,32,1,182.43
20841,243,6825,37,2,113.29
20842,243,6825,52,1,108.37
20843,243,6825,117,1,159.84
20844,243,6825,31,1,118.65
20845,381,6826,2,1,6856.93
20846,381,6826,3,1,182.88
20847,381,6826,6,1,2618.75
20848,381,6826,9,1,864.52
20849,381,6826,75,1,670.09
20850,381,6826,30,1,583.67
20851,72,6827,56,1,327.69
20852,72,6827,16,1,680.77
20853,72,6827,51,1,66.67
20854,72,6827,19,2,195.42
20855,41,6828,25,1,958.76
20856,41,6828,26,1,547.5
20857,41,6828,28,1,207.71
20858,41,6828,29,1,137.26
20859,446,6829,73,2,249.37
20860,446,6829,173,1,426.85
20861,304,6830,25,1,958.76
20862,304,6830,106,1,449.77
20863,304,6830,28,1,207.71
20864,487,6831,132,1,284.92
20865,487,6831,15,1,478.33
20866,345,6832,32,1,182.43
20867,345,6832,37,1,113.29
20868,345,6832,39,1,51.31
20869,345,6832,60,1,325.99
20870,345,6832,31,1,118.65
20871,326,6833,27,1,1128.13
20872,326,6833,9,1,864.52
20873,326,6833,2,2,6856.93
20874,326,6833,3,1,182.88
20875,184,6834,56,1,327.69
20876,184,6834,51,1,66.67
20877,184,6834,54,1,131.19
20878,184,6834,79,1,421.1
20879,97,6835,89,1,73.16
20880,74,6836,100,1,418.81
20881,74,6836,191,1,2178.66
20882,263,6837,110,1,228.23
20883,141,6838,80,1,996.58
20884,141,6838,9,1,864.52
20885,141,6838,2,1,6856.93
20886,141,6838,3,1,182.88
20887,73,6839,1,1,5429.43
20888,73,6839,3,1,182.88
20889,73,6839,10,2,96.42
20890,73,6839,155,1,298.62
20891,73,6839,157,1,278.2
20892,299,6840,9,1,864.52
20893,302,6841,76,1,110.25
20894,302,6841,111,1,453.66
20895,347,6842,1,1,5429.43
20896,347,6842,10,1,96.42
20897,347,6842,3,1,182.88
20898,347,6842,4,1,1045.02
20899,84,6843,132,1,284.92
20900,129,6844,1,1,5429.43
20901,129,6844,3,2,182.88
20902,129,6844,4,1,1045.02
20903,129,6844,101,1,241.26
20904,129,6844,10,1,96.42
20905,129,6844,176,1,1269.55
20906,170,6845,5,1,1043.64
20907,170,6845,182,1,190.33
20908,127,6846,68,2,1081.84
20909,410,6847,33,1,404.5
20910,410,6847,34,1,269.1
20911,410,6847,38,2,325.54
20912,410,6847,150,1,244.37
20913,410,6847,121,2,279.43
20914,216,6848,42,1,162.27
20915,216,6848,46,1,121.09
20916,312,6849,114,1,246.79
20917,312,6849,51,1,66.67
20918,312,6849,53,1,95.99
20919,312,6849,110,1,228.23
20920,464,6850,138,1,2075.88
20921,464,6850,198,1,440.15
20922,499,6851,33,1,404.5
20923,499,6851,34,1,269.1
20924,499,6851,35,1,790.82
20925,499,6851,38,1,325.54
20926,499,6851,110,1,228.23
20927,211,6852,1,1,5429.43
20928,211,6852,3,1,182.88
20929,211,6852,4,1,1045.02
20930,211,6852,10,1,96.42
20931,211,6852,124,1,4869.43
20932,304,6853,72,1,295.83
20933,304,6853,20,1,600.91
20934,363,6854,56,2,327.69
20935,363,6854,185,2,329.38
20936,363,6854,51,1,66.67
20937,363,6854,53,1,95.99
20938,371,6855,48,1,377.48
20939,371,6855,41,1,708.68
20940,371,6855,47,1,691.19
20941,448,6856,33,1,404.5
20942,448,6856,34,1,269.1
20943,448,6856,35,1,790.82
20944,268,6857,188,1,2599.64
20945,268,6857,117,1,159.84
20946,308,6858,161,2,280.14
20947,328,6859,48,1,377.48
20948,328,6859,41,1,708.68
20949,328,6859,26,1,547.5
20950,328,6859,47,1,691.19
20951,323,6860,196,1,211.44
20952,484,6861,178,1,3002.16
20953,484,6861,84,1,98.36
20954,363,6862,66,1,234.31
20955,363,6862,198,1,440.15
20956,222,6863,195,1,411.6
20957,222,6863,42,1,162.27
20958,222,6863,46,1,121.09
20959,222,6863,48,1,377.48
20960,222,6863,50,1,103.84
20961,286,6864,88,1,398.34
20962,286,6864,9,1,864.52
20963,286,6864,2,1,6856.93
20964,286,6864,3,1,182.88
20965,473,6865,34,1,269.1
20966,473,6865,38,1,325.54
20967,461,6866,170,1,810.36
20968,461,6866,59,1,88.07
20969,143,6867,51,1,66.67
20970,143,6867,53,1,95.99
20971,143,6867,182,1,190.33
20972,143,6867,54,1,131.19
20973,143,6867,56,1,327.69
20974,241,6868,32,1,182.43
20975,241,6868,39,1,51.31
20976,241,6868,37,1,113.29
20977,241,6868,31,1,118.65
20978,34,6869,32,1,182.43
20979,34,6869,3,1,182.88
20980,34,6869,37,1,113.29
20981,34,6869,39,1,51.31
20982,187,6870,130,2,3341.54
20983,187,6870,7,2,2063.12
20984,187,6870,41,2,708.68
20985,187,6870,42,1,162.27
20986,187,6870,47,1,691.19
20987,187,6870,48,1,377.48
20988,360,6871,188,1,2599.64
20989,168,6872,48,1,377.48
20990,168,6872,42,2,162.27
20991,168,6872,80,1,996.58
20992,168,6872,46,1,121.09
20993,68,6873,67,1,3651.66
20994,68,6873,41,1,708.68
20995,68,6873,42,1,162.27
20996,68,6873,47,1,691.19
20997,68,6873,48,1,377.48
20998,361,6874,56,1,327.69
20999,108,6875,2,1,6856.93
21000,108,6875,3,1,182.88
21001,108,6875,6,1,2618.75
21002,108,6875,9,1,864.52
21003,108,6875,138,2,2075.88
21004,108,6875,80,1,996.58
21005,404,6876,33,1,404.5
21006,404,6876,34,1,269.1
21007,404,6876,35,1,790.82
21008,404,6876,38,2,325.54
21009,226,6877,66,1,234.31
21010,226,6877,183,1,171.04
21011,421,6878,25,1,958.76
21012,219,6879,33,1,404.5
21013,219,6879,34,1,269.1
21014,219,6879,35,1,790.82
21015,219,6879,4,1,1045.02
21016,219,6879,38,1,325.54
21017,219,6879,159,1,132.33
21018,362,6880,15,1,478.33
21019,362,6880,79,1,421.1
21020,437,6881,97,1,1968.21
21021,437,6881,42,2,162.27
21022,437,6881,67,1,3651.66
21023,437,6881,46,1,121.09
21024,80,6882,48,1,377.48
21025,80,6882,18,1,685.51
21026,133,6883,114,1,246.79
21027,90,6884,32,1,182.43
21028,90,6884,117,1,159.84
21029,90,6884,39,2,51.31
21030,90,6884,31,1,118.65
21031,146,6885,1,1,5429.43
21032,146,6885,10,1,96.42
21033,327,6886,168,1,126.51
21034,327,6886,91,1,978.27
21035,357,6887,32,1,182.43
21036,357,6887,37,1,113.29
21037,357,6887,31,1,118.65
21038,85,6888,32,1,182.43
21039,85,6888,37,1,113.29
21040,85,6888,174,1,886.97
21041,85,6888,22,1,2057.09
21042,85,6888,31,1,118.65
21043,98,6889,32,1,182.43
21044,98,6889,67,1,3651.66
21045,98,6889,37,1,113.29
21046,98,6889,39,1,51.31
21047,98,6889,31,2,118.65
21048,246,6890,33,2,404.5
21049,246,6890,34,1,269.1
21050,246,6890,35,1,790.82
21051,246,6890,38,1,325.54
21052,46,6891,184,1,617.48
21053,46,6891,166,1,184.75
21054,484,6892,165,1,867.11
21055,484,6892,6,1,2618.75
21056,484,6892,25,1,958.76
21057,484,6892,26,1,547.5
21058,484,6892,29,1,137.26
21059,393,6893,179,2,148.28
21060,393,6893,51,1,66.67
21061,393,6893,53,1,95.99
21062,393,6893,54,1,131.19
21063,393,6893,31,1,118.65
21064,358,6894,2,2,6856.93
21065,358,6894,3,1,182.88
21066,358,6894,6,1,2618.75
21067,358,6894,76,1,110.25
21068,358,6894,122,1,696.77
21069,272,6895,51,1,66.67
21070,272,6895,164,1,297.97
21071,272,6895,187,1,521.01
21072,103,6896,74,1,132.13
21073,103,6896,38,1,325.54
21074,290,6897,140,2,61.32
21075,290,6897,25,2,958.76
21076,290,6897,26,1,547.5
21077,290,6897,28,1,207.71
21078,290,6897,29,1,137.26
21079,290,6897,57,1,215.42
21080,111,6898,91,1,978.27
21081,111,6898,135,1,248.61
21082,13,6899,56,1,327.69
21083,13,6899,51,1,66.67
21084,13,6899,53,1,95.99
21085,13,6899,54,1,131.19
21086,336,6900,33,1,404.5
21087,336,6900,34,1,269.1
21088,336,6900,35,1,790.82
21089,336,6900,38,1,325.54
21090,390,6901,2,1,6856.93
21091,301,6902,42,1,162.27
21092,301,6902,50,2,103.84
21093,301,6902,46,1,121.09
21094,471,6903,153,1,564.14
21095,471,6903,47,1,691.19
21096,293,6904,186,1,109.52
21097,293,6904,133,1,165.39
21098,438,6905,1,1,5429.43
21099,438,6905,3,1,182.88
21100,438,6905,4,1,1045.02
21101,438,6905,10,1,96.42
21102,438,6905,49,2,247.85
21103,464,6906,83,1,584.83
21104,464,6906,34,1,269.1
21105,464,6906,35,1,790.82
21106,260,6907,80,1,996.58
21107,260,6907,51,1,66.67
21108,260,6907,53,1,95.99
21109,260,6907,54,1,131.19
21110,260,6907,55,2,41.52
21111,260,6907,56,2,327.69
21112,255,6908,32,1,182.43
21113,255,6908,37,1,113.29
21114,255,6908,39,1,51.31
21115,488,6909,32,1,182.43
21116,488,6909,37,1,113.29
21117,488,6909,6,2,2618.75
21118,488,6909,39,1,51.31
21119,488,6909,48,1,377.48
21120,488,6909,31,1,118.65
21121,453,6910,32,2,182.43
21122,453,6910,37,2,113.29
21123,453,6910,39,2,51.31
21124,395,6911,1,1,5429.43
21125,395,6911,4,1,1045.02
21126,396,6912,20,1,600.91
21127,396,6912,182,1,190.33
21128,78,6913,2,1,6856.93
21129,237,6914,32,1,182.43
21130,237,6914,33,1,404.5
21131,237,6914,34,1,269.1
21132,237,6914,38,1,325.54
21133,237,6914,54,1,131.19
21134,318,6915,88,2,398.34
21135,318,6915,50,1,103.84
21136,318,6915,12,1,378.07
21137,318,6915,46,1,121.09
21138,272,6916,153,1,564.14
21139,119,6917,185,1,329.38
21140,119,6917,1,1,5429.43
21141,119,6917,3,1,182.88
21142,119,6917,4,1,1045.02
21143,280,6918,96,1,2249.21
21144,280,6918,110,1,228.23
21145,445,6919,32,1,182.43
21146,445,6919,37,1,113.29
21147,445,6919,39,1,51.31
21148,445,6919,8,1,338.12
21149,445,6919,31,1,118.65
21150,289,6920,59,1,88.07
21151,289,6920,148,1,658.67
21152,180,6921,56,1,327.69
21153,180,6921,51,1,66.67
21154,180,6921,53,1,95.99
21155,152,6922,130,1,3341.54
21156,152,6922,42,1,162.27
21157,152,6922,46,1,121.09
21158,152,6922,48,1,377.48
21159,152,6922,50,1,103.84
21160,141,6923,186,1,109.52
21161,36,6924,104,1,146.34
21162,36,6924,188,2,2599.64
21163,47,6925,51,1,66.67
21164,47,6925,53,1,95.99
21165,47,6925,54,1,131.19
21166,47,6925,181,2,353.61
21167,47,6925,56,1,327.69
21168,88,6926,56,1,327.69
21169,88,6926,51,2,66.67
21170,88,6926,53,1,95.99
21171,88,6926,54,1,131.19
21172,87,6927,1,1,5429.43
21173,87,6927,3,1,182.88
21174,87,6927,4,1,1045.02
21175,87,6927,10,1,96.42
21176,87,6927,84,1,98.36
21177,87,6927,182,1,190.33
21178,407,6928,49,1,247.85
21179,494,6929,43,1,1574.27
21180,405,6930,32,1,182.43
21181,405,6930,37,1,113.29
21182,405,6930,39,1,51.31
21183,405,6930,84,1,98.36
21184,405,6930,31,1,118.65
21185,79,6931,48,1,377.48
21186,79,6931,50,1,103.84
21187,79,6931,46,1,121.09
21188,491,6932,95,2,217.5
21189,491,6932,71,1,241.15
21190,294,6933,32,1,182.43
21191,294,6933,192,1,105.53
21192,294,6933,37,1,113.29
21193,294,6933,39,2,51.31
21194,294,6933,31,1,118.65
21195,328,6934,41,1,708.68
21196,328,6934,47,1,691.19
21197,328,6934,48,1,377.48
21198,328,6934,182,1,190.33
21199,328,6934,56,1,327.69
21200,182,6935,97,1,1968.21
21201,93,6936,183,1,171.04
21202,93,6936,127,1,209.71
21203,51,6937,33,1,404.5
21204,51,6937,34,1,269.1
21205,51,6937,35,1,790.82
21206,51,6937,38,1,325.54
21207,365,6938,180,1,279.71
21208,4,6939,22,1,2057.09
21209,4,6939,95,1,217.5
21210,157,6940,73,1,249.37
21211,157,6940,67,2,3651.66
21212,399,6941,32,2,182.43
21213,399,6941,37,1,113.29
21214,399,6941,39,1,51.31
21215,111,6942,34,1,269.1
21216,202,6943,1,1,5429.43
21217,202,6943,107,1,5057.62
21218,202,6943,4,1,1045.02
21219,202,6943,23,1,3803.84
21220,125,6944,16,1,680.77
21221,125,6944,135,1,248.61
21222,338,6945,155,1,298.62
21223,198,6946,2,1,6856.93
21224,198,6946,3,1,182.88
21225,198,6946,9,1,864.52
21226,198,6946,182,1,190.33
21227,198,6946,92,1,182.48
21228,394,6947,112,1,2651.9
21229,394,6947,193,1,256.05
21230,394,6947,34,1,269.1
21231,394,6947,35,1,790.82
21232,214,6948,8,1,338.12
21233,416,6949,9,1,864.52
21234,416,6949,2,1,6856.93
21235,416,6949,53,1,95.99
21236,416,6949,6,1,2618.75
21237,234,6950,33,1,404.5
21238,234,6950,34,1,269.1
21239,234,6950,91,1,978.27
21240,234,6950,38,1,325.54
21241,1,6951,36,1,703.99
21242,1,6951,51,1,66.67
21243,1,6951,53,1,95.99
21244,1,6951,54,1,131.19
21245,1,6951,56,1,327.69
21246,388,6952,43,1,1574.27
21247,388,6952,14,1,687.06
21248,497,6953,33,1,404.5
21249,497,6953,34,1,269.1
21250,497,6953,38,1,325.54
21251,497,6953,143,1,602.95
21252,207,6954,25,1,958.76
21253,207,6954,26,1,547.5
21254,207,6954,177,1,3544.65
21255,207,6954,45,1,207.67
21256,69,6955,61,1,1462.89
21257,69,6955,158,1,655.51
21258,221,6956,32,1,182.43
21259,221,6956,37,1,113.29
21260,221,6956,39,1,51.31
21261,330,6957,165,1,867.11
21262,330,6957,51,1,66.67
21263,330,6957,53,1,95.99
21264,330,6957,54,1,131.19
21265,330,6957,159,1,132.33
21266,484,6958,7,1,2063.12
21267,483,6959,136,1,1233.09
21268,102,6960,1,1,5429.43
21269,102,6960,10,1,96.42
21270,102,6960,4,1,1045.02
21271,109,6961,64,1,578.73
21272,109,6961,25,1,958.76
21273,109,6961,26,1,547.5
21274,109,6961,141,1,449.82
21275,202,6962,32,1,182.43
21276,202,6962,68,1,1081.84
21277,202,6962,37,1,113.29
21278,202,6962,39,1,51.31
21279,202,6962,43,1,1574.27
21280,202,6962,31,1,118.65
21281,179,6963,165,1,867.11
21282,179,6963,39,1,51.31
21283,179,6963,41,1,708.68
21284,179,6963,42,1,162.27
21285,179,6963,47,1,691.19
21286,179,6963,48,1,377.48
21287,402,6964,48,1,377.48
21288,402,6964,50,1,103.84
21289,402,6964,46,1,121.09
21290,417,6965,3,1,182.88
21291,417,6965,148,1,658.67
21292,183,6966,32,1,182.43
21293,183,6966,192,1,105.53
21294,183,6966,37,1,113.29
21295,183,6966,39,1,51.31
21296,183,6966,31,1,118.65
21297,203,6967,170,1,810.36
21298,203,6967,198,1,440.15
21299,253,6968,51,1,66.67
21300,253,6968,116,1,136.01
21301,448,6969,25,1,958.76
21302,448,6969,26,1,547.5
21303,343,6970,1,1,5429.43
21304,343,6970,10,1,96.42
21305,343,6970,3,1,182.88
21306,343,6970,4,1,1045.02
21307,167,6971,108,1,5179.59
21308,34,6972,105,1,250.27
21309,319,6973,184,1,617.48
21310,319,6973,192,1,105.53
21311,315,6974,56,1,327.69
21312,315,6974,51,1,66.67
21313,315,6974,131,1,457.64
21314,315,6974,54,1,131.19
21315,48,6975,20,1,600.91
21316,482,6976,1,1,5429.43
21317,482,6976,10,1,96.42
21318,482,6976,3,1,182.88
21319,482,6976,4,1,1045.02
21320,25,6977,2,1,6856.93
21321,25,6977,3,1,182.88
21322,25,6977,6,1,2618.75
21323,25,6977,40,2,36.51
21324,25,6977,9,1,864.52
21325,25,6977,123,1,140.92
21326,369,6978,60,1,325.99
21327,369,6978,125,1,208.91
21328,435,6979,24,1,362.63
21329,435,6979,122,1,696.77
21330,121,6980,41,1,708.68
21331,121,6980,42,1,162.27
21332,121,6980,143,1,602.95
21333,121,6980,48,1,377.48
21334,121,6980,47,1,691.19
21335,79,6981,27,1,1128.13
21336,79,6981,1,1,5429.43
21337,79,6981,10,1,96.42
21338,79,6981,3,1,182.88
21339,237,6982,1,2,5429.43
21340,237,6982,4,1,1045.02
21341,237,6982,86,1,336.99
21342,237,6982,175,1,152.85
21343,402,6983,56,1,327.69
21344,402,6983,51,1,66.67
21345,402,6983,54,1,131.19
21346,308,6984,32,1,182.43
21347,308,6984,37,1,113.29
21348,308,6984,39,1,51.31
21349,308,6984,139,1,351.69
21350,308,6984,54,1,131.19
21351,308,6984,31,1,118.65
21352,472,6985,186,1,109.52
21353,472,6985,58,1,143.75
21354,204,6986,48,1,377.48
21355,204,6986,50,1,103.84
21356,204,6986,46,1,121.09
21357,334,6987,31,1,118.65
21358,334,6987,175,1,152.85
21359,493,6988,88,1,398.34
21360,493,6988,179,1,148.28
21361,367,6989,164,1,297.97
21362,367,6989,19,1,195.42
21363,367,6989,51,1,66.67
21364,367,6989,54,1,131.19
21365,367,6989,56,1,327.69
21366,278,6990,32,1,182.43
21367,278,6990,37,1,113.29
21368,278,6990,73,1,249.37
21369,278,6990,139,2,351.69
21370,278,6990,31,2,118.65
21371,437,6991,25,2,958.76
21372,437,6991,26,1,547.5
21373,437,6991,28,1,207.71
21374,437,6991,29,1,137.26
21375,372,6992,32,2,182.43
21376,372,6992,39,1,51.31
21377,372,6992,37,1,113.29
21378,372,6992,31,1,118.65
21379,15,6993,166,1,184.75
21380,8,6994,48,1,377.48
21381,8,6994,41,1,708.68
21382,8,6994,42,1,162.27
21383,8,6994,47,1,691.19
21384,64,6995,34,1,269.1
21385,64,6995,38,1,325.54
21386,182,6996,192,1,105.53
21387,182,6996,7,1,2063.12
21388,182,6996,51,1,66.67
21389,182,6996,53,1,95.99
21390,182,6996,54,1,131.19
21391,168,6997,33,1,404.5
21392,168,6997,34,1,269.1
21393,168,6997,38,1,325.54
21394,149,6998,33,1,404.5
21395,149,6998,34,1,269.1
21396,149,6998,38,1,325.54
21397,399,6999,192,1,105.53
21398,399,6999,42,1,162.27
21399,399,6999,46,1,121.09
21400,399,6999,48,1,377.48
21401,399,6999,184,1,617.48
21402,418,7000,2,1,6856.93
21403,418,7000,6,1,2618.75
21404,418,7000,9,1,864.52
21405,418,7000,112,1,2651.9
21406,418,7000,182,2,190.33
21407,465,7001,25,1,958.76
21408,465,7001,26,1,547.5
21409,465,7001,29,1,137.26
21410,465,7001,126,1,224.49
21411,337,7002,48,1,377.48
21412,337,7002,42,1,162.27
21413,337,7002,83,1,584.83
21414,337,7002,46,1,121.09
21415,190,7003,32,1,182.43
21416,190,7003,195,1,411.6
21417,190,7003,31,1,118.65
21418,452,7004,84,1,98.36
21419,252,7005,165,1,867.11
21420,294,7006,121,1,279.43
21421,104,7007,177,1,3544.65
21422,106,7008,145,2,165.87
21423,454,7009,1,1,5429.43
21424,454,7009,3,1,182.88
21425,454,7009,4,1,1045.02
21426,454,7009,10,1,96.42
21427,454,7009,143,2,602.95
21428,389,7010,41,1,708.68
21429,389,7010,42,1,162.27
21430,389,7010,47,1,691.19
21431,389,7010,48,1,377.48
21432,389,7010,84,1,98.36
21433,190,7011,41,1,708.68
21434,190,7011,49,1,247.85
21435,190,7011,47,1,691.19
21436,287,7012,132,1,284.92
21437,287,7012,8,2,338.12
21438,287,7012,42,1,162.27
21439,287,7012,46,1,121.09
21440,287,7012,48,1,377.48
21441,287,7012,50,1,103.84
21442,134,7013,48,2,377.48
21443,31,7014,48,1,377.48
21444,31,7014,42,1,162.27
21445,31,7014,47,1,691.19
21446,484,7015,56,2,327.69
21447,484,7015,51,1,66.67
21448,484,7015,53,1,95.99
21449,484,7015,54,1,131.19
21450,287,7016,175,1,152.85
21451,498,7017,2,1,6856.93
21452,498,7017,3,1,182.88
21453,498,7017,6,1,2618.75
21454,498,7017,9,1,864.52
21455,498,7017,112,1,2651.9
21456,498,7017,123,2,140.92
21457,339,7018,129,1,94.56
21458,339,7018,190,1,615.39
21459,317,7019,41,1,708.68
21460,317,7019,42,1,162.27
21461,317,7019,47,1,691.19
21462,317,7019,48,1,377.48
21463,317,7019,127,1,209.71
21464,169,7020,32,1,182.43
21465,169,7020,37,1,113.29
21466,169,7020,39,1,51.31
21467,169,7020,93,1,304.48
21468,169,7020,31,2,118.65
21469,152,7021,152,1,92.66
21470,152,7021,193,1,256.05
21471,115,7022,168,1,126.51
21472,115,7022,25,1,958.76
21473,115,7022,28,1,207.71
21474,115,7022,29,2,137.26
21475,270,7023,191,1,2178.66
21476,270,7023,183,1,171.04
21477,103,7024,176,1,1269.55
21478,103,7024,50,1,103.84
21479,103,7024,28,1,207.71
21480,103,7024,46,1,121.09
21481,184,7025,33,1,404.5
21482,184,7025,34,2,269.1
21483,184,7025,38,1,325.54
21484,184,7025,105,1,250.27
21485,277,7026,1,1,5429.43
21486,277,7026,10,1,96.42
21487,277,7026,47,1,691.19
21488,494,7027,97,1,1968.21
21489,494,7027,167,2,104.4
21490,494,7027,25,1,958.76
21491,494,7027,26,1,547.5
21492,494,7027,29,1,137.26
21493,29,7028,160,1,298.73
21494,29,7028,42,1,162.27
21495,29,7028,46,1,121.09
21496,29,7028,48,1,377.48
21497,29,7028,50,2,103.84
21498,29,7028,156,1,131.66
21499,291,7029,42,2,162.27
21500,291,7029,46,1,121.09
21501,22,7030,195,1,411.6
21502,22,7030,51,1,66.67
21503,22,7030,53,1,95.99
21504,22,7030,54,2,131.19
21505,22,7030,56,1,327.69
21506,22,7030,188,1,2599.64
21507,75,7031,42,1,162.27
21508,75,7031,46,1,121.09
21509,75,7031,48,1,377.48
21510,75,7031,50,1,103.84
21511,75,7031,19,1,195.42
21512,75,7031,183,1,171.04
21513,293,7032,32,1,182.43
21514,293,7032,37,1,113.29
21515,293,7032,39,2,51.31
21516,293,7032,141,1,449.82
21517,293,7032,84,1,98.36
21518,293,7032,31,1,118.65
21519,82,7033,16,1,680.77
21520,82,7033,149,1,652.63
21521,190,7034,160,1,298.73
21522,447,7035,25,1,958.76
21523,447,7035,2,1,6856.93
21524,438,7036,1,1,5429.43
21525,438,7036,3,1,182.88
21526,438,7036,4,1,1045.02
21527,438,7036,70,1,1076.29
21528,438,7036,10,1,96.42
21529,438,7036,52,1,108.37
21530,137,7037,48,1,377.48
21531,137,7037,42,1,162.27
21532,137,7037,126,2,224.49
21533,137,7037,47,1,691.19
21534,228,7038,42,1,162.27
21535,228,7038,15,1,478.33
21536,228,7038,48,1,377.48
21537,228,7038,17,1,281.04
21538,228,7038,47,2,691.19
21539,250,7039,42,1,162.27
21540,250,7039,46,1,121.09
21541,250,7039,48,1,377.48
21542,250,7039,50,1,103.84
21543,250,7039,153,1,564.14
21544,128,7040,102,1,1982.66
21545,414,7041,105,1,250.27
21546,414,7041,3,1,182.88
21547,268,7042,2,1,6856.93
21548,268,7042,197,1,1440.46
21549,268,7042,6,1,2618.75
21550,268,7042,103,1,398.87
21551,476,7043,186,1,109.52
21552,252,7044,104,1,146.34
21553,252,7044,1,1,5429.43
21554,94,7045,33,1,404.5
21555,94,7045,34,1,269.1
21556,94,7045,35,1,790.82
21557,94,7045,38,1,325.54
21558,94,7045,175,1,152.85
21559,288,7046,76,1,110.25
21560,420,7047,34,1,269.1
21561,420,7047,67,1,3651.66
21562,420,7047,35,1,790.82
21563,420,7047,38,1,325.54
21564,420,7047,171,1,100.57
21565,289,7048,16,1,680.77
21566,289,7048,51,1,66.67
21567,289,7048,53,1,95.99
21568,178,7049,160,2,298.73
21569,178,7049,51,1,66.67
21570,178,7049,53,1,95.99
21571,178,7049,54,1,131.19
21572,178,7049,95,1,217.5
21573,493,7050,4,1,1045.02
21574,493,7050,28,1,207.71
21575,149,7051,48,1,377.48
21576,149,7051,41,1,708.68
21577,149,7051,42,1,162.27
21578,149,7051,47,1,691.19
21579,273,7052,105,1,250.27
21580,273,7052,110,1,228.23
21581,464,7053,102,1,1982.66
21582,210,7054,32,1,182.43
21583,210,7054,23,1,3803.84
21584,210,7054,37,1,113.29
21585,210,7054,39,1,51.31
21586,319,7055,32,1,182.43
21587,319,7055,53,2,95.99
21588,319,7055,39,2,51.31
21589,351,7056,48,1,377.48
21590,351,7056,190,1,615.39
21591,351,7056,47,1,691.19
21592,485,7057,60,1,325.99
21593,485,7057,15,1,478.33
21594,58,7058,147,1,4075.22
21595,179,7059,131,1,457.64
21596,179,7059,41,1,708.68
21597,179,7059,42,1,162.27
21598,179,7059,47,1,691.19
21599,179,7059,48,1,377.48
21600,455,7060,109,1,44.98
21601,455,7060,51,2,66.67
21602,455,7060,148,1,658.67
21603,455,7060,54,1,131.19
21604,455,7060,56,1,327.69
21605,297,7061,25,1,958.76
21606,297,7061,26,1,547.5
21607,297,7061,28,1,207.71
21608,203,7062,32,1,182.43
21609,203,7062,37,1,113.29
21610,203,7062,39,2,51.31
21611,203,7062,53,1,95.99
21612,203,7062,188,1,2599.64
21613,203,7062,31,1,118.65
21614,97,7063,2,1,6856.93
21615,97,7063,3,1,182.88
21616,97,7063,4,2,1045.02
21617,97,7063,198,1,440.15
21618,97,7063,6,1,2618.75
21619,245,7064,1,1,5429.43
21620,245,7064,3,1,182.88
21621,245,7064,4,1,1045.02
21622,245,7064,10,1,96.42
21623,245,7064,156,1,131.66
21624,144,7065,32,1,182.43
21625,144,7065,96,2,2249.21
21626,144,7065,37,1,113.29
21627,144,7065,39,1,51.31
21628,144,7065,126,1,224.49
21629,144,7065,31,1,118.65
21630,281,7066,58,1,143.75
21631,281,7066,7,2,2063.12
21632,338,7067,194,1,582.97
21633,338,7067,51,1,66.67
21634,338,7067,53,1,95.99
21635,338,7067,54,1,131.19
21636,338,7067,56,1,327.69
21637,338,7067,187,1,521.01
21638,238,7068,25,1,958.76
21639,238,7068,26,1,547.5
21640,238,7068,28,1,207.71
21641,238,7068,29,1,137.26
21642,108,7069,48,1,377.48
21643,108,7069,194,2,582.97
21644,108,7069,42,1,162.27
21645,108,7069,46,1,121.09
21646,256,7070,182,2,190.33
21647,22,7071,25,1,958.76
21648,22,7071,26,1,547.5
21649,22,7071,28,1,207.71
21650,22,7071,29,1,137.26
21651,271,7072,42,1,162.27
21652,271,7072,46,1,121.09
21653,271,7072,48,1,377.48
21654,271,7072,50,1,103.84
21655,271,7072,115,1,131.51
21656,181,7073,1,1,5429.43
21657,181,7073,10,1,96.42
21658,181,7073,3,1,182.88
21659,181,7073,4,1,1045.02
21660,173,7074,141,1,449.82
21661,38,7075,1,1,5429.43
21662,38,7075,3,1,182.88
21663,38,7075,4,1,1045.02
21664,40,7076,25,1,958.76
21665,40,7076,26,1,547.5
21666,40,7076,29,1,137.26
21667,229,7077,196,1,211.44
21668,8,7078,98,1,449.02
21669,8,7078,51,1,66.67
21670,8,7078,53,1,95.99
21671,8,7078,54,1,131.19
21672,8,7078,56,1,327.69
21673,246,7079,1,1,5429.43
21674,246,7079,42,1,162.27
21675,500,7080,48,1,377.48
21676,500,7080,41,2,708.68
21677,500,7080,47,1,691.19
21678,400,7081,25,1,958.76
21679,400,7081,28,2,207.71
21680,400,7081,57,1,215.42
21681,298,7082,48,1,377.48
21682,298,7082,42,1,162.27
21683,298,7082,50,1,103.84
21684,298,7082,46,2,121.09
21685,195,7083,56,1,327.69
21686,195,7083,51,1,66.67
21687,195,7083,53,2,95.99
21688,195,7083,54,1,131.19
21689,128,7084,25,1,958.76
21690,128,7084,28,1,207.71
21691,128,7084,29,2,137.26
21692,128,7084,57,1,215.42
21693,30,7085,193,1,256.05
21694,30,7085,114,1,246.79
21695,219,7086,123,1,140.92
21696,256,7087,33,1,404.5
21697,256,7087,34,1,269.1
21698,256,7087,38,1,325.54
21699,256,7087,40,2,36.51
21700,256,7087,84,1,98.36
21701,421,7088,1,1,5429.43
21702,421,7088,3,2,182.88
21703,421,7088,4,1,1045.02
21704,421,7088,103,1,398.87
21705,421,7088,10,2,96.42
21706,109,7089,42,1,162.27
21707,109,7089,46,1,121.09
21708,142,7090,169,1,452.68
21709,142,7090,164,1,297.97
21710,61,7091,95,1,217.5
21711,304,7092,51,1,66.67
21712,304,7092,44,1,1768.56
21713,304,7092,53,1,95.99
21714,304,7092,54,1,131.19
21715,29,7093,47,1,691.19
21716,121,7094,49,1,247.85
21717,121,7094,51,1,66.67
21718,121,7094,53,1,95.99
21719,121,7094,54,1,131.19
21720,427,7095,1,1,5429.43
21721,427,7095,10,1,96.42
21722,427,7095,3,2,182.88
21723,427,7095,4,2,1045.02
21724,122,7096,2,1,6856.93
21725,122,7096,3,2,182.88
21726,122,7096,7,1,2063.12
21727,122,7096,9,1,864.52
21728,122,7096,112,1,2651.9
21729,365,7097,72,1,295.83
21730,365,7097,64,1,578.73
21731,263,7098,69,1,5185.33
21732,263,7098,46,1,121.09
21733,263,7098,48,1,377.48
21734,263,7098,50,1,103.84
21735,263,7098,20,1,600.91
21736,388,7099,1,1,5429.43
21737,388,7099,10,1,96.42
21738,388,7099,188,1,2599.64
21739,388,7099,4,1,1045.02
21740,57,7100,123,1,140.92
21741,80,7101,184,1,617.48
21742,80,7101,11,1,73.96
21743,227,7102,170,1,810.36
21744,227,7102,51,1,66.67
21745,216,7103,1,1,5429.43
21746,216,7103,98,1,449.02
21747,216,7103,3,2,182.88
21748,216,7103,4,1,1045.02
21749,216,7103,10,1,96.42
21750,216,7103,46,1,121.09
21751,426,7104,56,1,327.69
21752,426,7104,51,1,66.67
21753,426,7104,53,1,95.99
21754,426,7104,54,1,131.19
21755,240,7105,200,1,284.58
21756,240,7105,154,1,3786.85
21757,240,7105,51,2,66.67
21758,240,7105,54,2,131.19
21759,492,7106,2,2,6856.93
21760,492,7106,3,1,182.88
21761,492,7106,6,2,2618.75
21762,492,7106,9,1,864.52
21763,492,7106,180,1,279.71
21764,492,7106,92,1,182.48
21765,460,7107,61,1,1462.89
21766,460,7107,51,1,66.67
21767,460,7107,53,1,95.99
21768,460,7107,54,1,131.19
21769,332,7108,5,1,1043.64
21770,53,7109,1,1,5429.43
21771,53,7109,10,2,96.42
21772,53,7109,3,1,182.88
21773,105,7110,32,1,182.43
21774,105,7110,39,1,51.31
21775,105,7110,37,1,113.29
21776,105,7110,31,1,118.65
21777,68,7111,138,1,2075.88
21778,68,7111,31,1,118.65
21779,310,7112,41,1,708.68
21780,310,7112,42,1,162.27
21781,310,7112,47,1,691.19
21782,395,7113,56,1,327.69
21783,395,7113,51,2,66.67
21784,395,7113,53,1,95.99
21785,476,7114,33,1,404.5
21786,146,7115,48,1,377.48
21787,146,7115,42,2,162.27
21788,146,7115,56,1,327.69
21789,146,7115,47,1,691.19
21790,48,7116,176,1,1269.55
21791,488,7117,1,1,5429.43
21792,488,7117,3,1,182.88
21793,488,7117,4,1,1045.02
21794,488,7117,10,1,96.42
21795,488,7117,15,1,478.33
21796,112,7118,39,1,51.31
21797,112,7118,42,1,162.27
21798,112,7118,46,1,121.09
21799,112,7118,48,1,377.48
21800,112,7118,50,1,103.84
21801,225,7119,182,1,190.33
21802,437,7120,16,1,680.77
21803,437,7120,25,1,958.76
21804,437,7120,26,1,547.5
21805,437,7120,28,1,207.71
21806,82,7121,96,1,2249.21
21807,82,7121,200,1,284.58
21808,82,7121,51,1,66.67
21809,82,7121,53,1,95.99
21810,82,7121,54,1,131.19
21811,251,7122,33,1,404.5
21812,251,7122,34,1,269.1
21813,251,7122,52,1,108.37
21814,251,7122,38,1,325.54
21815,234,7123,25,1,958.76
21816,234,7123,28,1,207.71
21817,234,7123,29,1,137.26
21818,26,7124,32,1,182.43
21819,26,7124,180,1,279.71
21820,26,7124,39,1,51.31
21821,26,7124,31,1,118.65
21822,218,7125,48,1,377.48
21823,218,7125,50,1,103.84
21824,218,7125,46,1,121.09
21825,108,7126,164,1,297.97
21826,108,7126,179,1,148.28
21827,108,7126,51,2,66.67
21828,108,7126,53,1,95.99
21829,108,7126,56,1,327.69
21830,417,7127,33,1,404.5
21831,417,7127,34,1,269.1
21832,417,7127,35,1,790.82
21833,417,7127,38,1,325.54
21834,417,7127,83,1,584.83
21835,400,7128,130,2,3341.54
21836,400,7128,123,1,140.92
21837,167,7129,104,1,146.34
21838,167,7129,42,1,162.27
21839,167,7129,46,1,121.09
21840,167,7129,48,1,377.48
21841,167,7129,50,1,103.84
21842,53,7130,1,1,5429.43
21843,53,7130,3,1,182.88
21844,53,7130,4,1,1045.02
21845,53,7130,132,1,284.92
21846,53,7130,71,1,241.15
21847,53,7130,10,1,96.42
21848,355,7131,83,2,584.83
21849,355,7131,35,1,790.82
21850,428,7132,2,1,6856.93
21851,428,7132,6,1,2618.75
21852,428,7132,9,1,864.52
21853,428,7132,112,1,2651.9
21854,428,7132,120,1,37.31
21855,138,7133,1,1,5429.43
21856,138,7133,3,1,182.88
21857,138,7133,5,1,1043.64
21858,138,7133,10,1,96.42
21859,138,7133,16,2,680.77
21860,87,7134,32,1,182.43
21861,26,7135,115,1,131.51
21862,26,7135,71,1,241.15
21863,92,7136,164,1,297.97
21864,92,7136,108,2,5179.59
21865,414,7137,38,2,325.54
21866,414,7137,41,1,708.68
21867,414,7137,42,1,162.27
21868,414,7137,108,1,5179.59
21869,414,7137,47,1,691.19
21870,414,7137,48,1,377.48
21871,433,7138,56,1,327.69
21872,433,7138,51,1,66.67
21873,29,7139,56,1,327.69
21874,29,7139,51,1,66.67
21875,29,7139,77,1,193.57
21876,289,7140,163,1,417.18
21877,131,7141,9,1,864.52
21878,45,7142,80,1,996.58
21879,475,7143,35,2,790.82
21880,475,7143,41,1,708.68
21881,475,7143,42,1,162.27
21882,475,7143,47,2,691.19
21883,475,7143,60,1,325.99
21884,390,7144,34,1,269.1
21885,390,7144,35,1,790.82
21886,19,7145,32,1,182.43
21887,19,7145,180,1,279.71
21888,19,7145,37,1,113.29
21889,19,7145,39,1,51.31
21890,233,7146,2,1,6856.93
21891,233,7146,3,1,182.88
21892,233,7146,6,2,2618.75
21893,233,7146,9,1,864.52
21894,233,7146,54,1,131.19
21895,233,7146,88,1,398.34
21896,279,7147,2,1,6856.93
21897,279,7147,3,1,182.88
21898,279,7147,35,2,790.82
21899,279,7147,6,1,2618.75
21900,279,7147,7,1,2063.12
21901,279,7147,9,1,864.52
21902,384,7148,51,1,66.67
21903,384,7148,23,1,3803.84
21904,384,7148,53,1,95.99
21905,384,7148,150,1,244.37
21906,384,7148,54,1,131.19
21907,384,7148,56,1,327.69
21908,303,7149,51,1,66.67
21909,303,7149,45,1,207.67
21910,383,7150,163,2,417.18
21911,383,7150,101,1,241.26
21912,383,7150,42,1,162.27
21913,383,7150,46,1,121.09
21914,383,7150,48,1,377.48
21915,383,7150,50,1,103.84
21916,9,7151,4,1,1045.02
21917,450,7152,67,1,3651.66
21918,450,7152,12,1,378.07
21919,388,7153,38,1,325.54
21920,337,7154,25,1,958.76
21921,337,7154,26,1,547.5
21922,337,7154,28,1,207.71
21923,337,7154,29,1,137.26
21924,431,7155,2,1,6856.93
21925,431,7155,3,1,182.88
21926,431,7155,86,1,336.99
21927,220,7156,2,1,6856.93
21928,220,7156,3,1,182.88
21929,220,7156,60,1,325.99
21930,220,7156,58,1,143.75
21931,174,7157,60,1,325.99
21932,439,7158,25,1,958.76
21933,439,7158,26,1,547.5
21934,439,7158,28,1,207.71
21935,114,7159,5,1,1043.64
21936,114,7159,42,1,162.27
21937,114,7159,47,1,691.19
21938,114,7159,48,1,377.48
21939,114,7159,30,1,583.67
21940,201,7160,74,1,132.13
21941,148,7161,129,1,94.56
21942,323,7162,172,1,72.49
21943,323,7162,39,1,51.31
21944,105,7163,48,1,377.48
21945,105,7163,42,1,162.27
21946,105,7163,36,1,703.99
21947,105,7163,47,1,691.19
21948,179,7164,195,1,411.6
21949,433,7165,78,2,637.27
21950,433,7165,175,1,152.85
21951,433,7165,25,1,958.76
21952,433,7165,26,1,547.5
21953,433,7165,28,1,207.71
21954,198,7166,116,1,136.01
21955,351,7167,25,2,958.76
21956,351,7167,26,2,547.5
21957,351,7167,94,1,192.65
21958,351,7167,103,1,398.87
21959,298,7168,34,1,269.1
21960,298,7168,124,1,4869.43
21961,298,7168,62,1,122.09
21962,273,7169,41,1,708.68
21963,273,7169,42,1,162.27
21964,273,7169,68,2,1081.84
21965,273,7169,47,1,691.19
21966,377,7170,82,1,482.06
21967,377,7170,123,1,140.92
21968,181,7171,32,1,182.43
21969,181,7171,72,1,295.83
21970,181,7171,37,2,113.29
21971,181,7171,39,1,51.31
21972,259,7172,9,1,864.52
21973,259,7172,2,1,6856.93
21974,259,7172,6,1,2618.75
21975,259,7172,22,1,2057.09
21976,474,7173,170,1,810.36
21977,474,7173,140,1,61.32
21978,127,7174,32,1,182.43
21979,127,7174,85,1,1742.75
21980,127,7174,39,2,51.31
21981,100,7175,126,1,224.49
21982,295,7176,36,1,703.99
21983,130,7177,32,1,182.43
21984,130,7177,31,1,118.65
21985,195,7178,64,1,578.73
21986,76,7179,172,2,72.49
21987,76,7179,51,1,66.67
21988,76,7179,53,1,95.99
21989,76,7179,54,1,131.19
21990,76,7179,56,1,327.69
21991,325,7180,56,1,327.69
21992,325,7180,51,1,66.67
21993,137,7181,73,1,249.37
21994,137,7181,51,1,66.67
21995,137,7181,53,1,95.99
21996,137,7181,54,1,131.19
21997,137,7181,56,1,327.69
21998,277,7182,64,1,578.73
21999,277,7182,1,1,5429.43
22000,277,7182,3,1,182.88
22001,277,7182,4,1,1045.02
22002,277,7182,68,1,1081.84
22003,299,7183,1,1,5429.43
22004,299,7183,67,1,3651.66
22005,299,7183,3,1,182.88
22006,299,7183,4,1,1045.02
22007,15,7184,162,1,2324.66
22008,15,7184,2,1,6856.93
22009,15,7184,3,1,182.88
22010,15,7184,6,1,2618.75
22011,144,7185,107,1,5057.62
22012,144,7185,2,1,6856.93
22013,144,7185,3,1,182.88
22014,144,7185,6,1,2618.75
22015,410,7186,56,2,327.69
22016,410,7186,51,1,66.67
22017,410,7186,54,1,131.19
22018,410,7186,200,1,284.58
22019,342,7187,58,1,143.75
22020,336,7188,62,2,122.09
22021,336,7188,63,2,557.39
22022,38,7189,187,1,521.01
22023,38,7189,143,1,602.95
22024,466,7190,25,1,958.76
22025,466,7190,3,1,182.88
22026,466,7190,28,1,207.71
22027,466,7190,29,2,137.26
22028,348,7191,13,1,342.07
22029,348,7191,85,1,1742.75
22030,86,7192,51,2,66.67
22031,86,7192,54,1,131.19
22032,189,7193,25,1,958.76
22033,189,7193,28,1,207.71
22034,189,7193,29,1,137.26
22035,413,7194,108,1,5179.59
22036,413,7194,4,1,1045.02
22037,15,7195,56,1,327.69
22038,15,7195,51,1,66.67
22039,15,7195,103,1,398.87
22040,449,7196,41,2,708.68
22041,449,7196,42,1,162.27
22042,449,7196,59,1,88.07
22043,449,7196,47,1,691.19
22044,9,7197,84,1,98.36
22045,282,7198,1,1,5429.43
22046,282,7198,10,1,96.42
22047,282,7198,27,1,1128.13
22048,282,7198,4,1,1045.02
22049,202,7199,64,1,578.73
22050,401,7200,48,1,377.48
22051,401,7200,42,1,162.27
22052,401,7200,50,1,103.84
22053,401,7200,46,1,121.09
22054,338,7201,74,1,132.13
22055,338,7201,125,1,208.91
22056,338,7201,25,1,958.76
22057,338,7201,26,1,547.5
22058,338,7201,28,1,207.71
22059,338,7201,29,1,137.26
22060,132,7202,1,1,5429.43
22061,132,7202,123,1,140.92
22062,151,7203,32,1,182.43
22063,151,7203,37,1,113.29
22064,151,7203,39,1,51.31
22065,151,7203,153,1,564.14
22066,151,7203,186,1,109.52
22067,151,7203,31,1,118.65
22068,176,7204,1,1,5429.43
22069,176,7204,10,1,96.42
22070,176,7204,3,1,182.88
22071,184,7205,132,1,284.92
22072,184,7205,95,1,217.5
22073,207,7206,126,1,224.49
22074,423,7207,51,1,66.67
22075,423,7207,53,1,95.99
22076,423,7207,183,1,171.04
22077,160,7208,121,1,279.43
22078,160,7208,13,1,342.07
22079,266,7209,2,1,6856.93
22080,266,7209,3,1,182.88
22081,266,7209,6,1,2618.75
22082,332,7210,200,1,284.58
22083,332,7210,171,1,100.57
22084,102,7211,32,1,182.43
22085,102,7211,37,1,113.29
22086,102,7211,39,1,51.31
22087,102,7211,170,1,810.36
22088,102,7211,184,1,617.48
22089,102,7211,31,1,118.65
22090,99,7212,37,1,113.29
22091,99,7212,165,1,867.11
22092,437,7213,25,2,958.76
22093,437,7213,26,1,547.5
22094,437,7213,28,1,207.71
22095,437,7213,29,1,137.26
22096,150,7214,49,1,247.85
22097,150,7214,28,1,207.71
22098,59,7215,42,1,162.27
22099,59,7215,46,1,121.09
22100,59,7215,48,1,377.48
22101,59,7215,50,1,103.84
22102,59,7215,186,1,109.52
22103,59,7215,93,1,304.48
22104,355,7216,1,1,5429.43
22105,355,7216,3,1,182.88
22106,355,7216,4,1,1045.02
22107,355,7216,39,1,51.31
22108,355,7216,10,1,96.42
22109,393,7217,28,1,207.71
22110,72,7218,5,1,1043.64
22111,205,7219,190,1,615.39
22112,28,7220,48,1,377.48
22113,28,7220,42,1,162.27
22114,28,7220,50,1,103.84
22115,28,7220,46,1,121.09
22116,120,7221,32,1,182.43
22117,120,7221,115,1,131.51
22118,120,7221,31,2,118.65
22119,317,7222,56,1,327.69
22120,317,7222,51,1,66.67
22121,317,7222,62,1,122.09
22122,328,7223,32,1,182.43
22123,328,7223,37,1,113.29
22124,328,7223,140,1,61.32
22125,328,7223,55,2,41.52
22126,328,7223,31,1,118.65
22127,217,7224,105,1,250.27
22128,217,7224,34,1,269.1
22129,217,7224,35,1,790.82
22130,217,7224,38,1,325.54
22131,24,7225,56,1,327.69
22132,24,7225,51,1,66.67
22133,24,7225,53,1,95.99
22134,24,7225,54,1,131.19
22135,382,7226,130,1,3341.54
22136,382,7226,42,1,162.27
22137,382,7226,46,1,121.09
22138,382,7226,48,2,377.48
22139,382,7226,50,2,103.84
22140,165,7227,33,1,404.5
22141,165,7227,34,2,269.1
22142,165,7227,35,1,790.82
22143,165,7227,38,1,325.54
22144,165,7227,178,1,3002.16
22145,165,7227,95,1,217.5
22146,245,7228,48,1,377.48
22147,245,7228,50,1,103.84
22148,245,7228,118,1,175.91
22149,245,7228,46,1,121.09
22150,247,7229,178,1,3002.16
22151,247,7229,69,1,5185.33
22152,341,7230,33,1,404.5
22153,341,7230,34,1,269.1
22154,341,7230,35,1,790.82
22155,341,7230,38,1,325.54
22156,256,7231,180,2,279.71
22157,256,7231,54,1,131.19
22158,30,7232,33,1,404.5
22159,30,7232,34,2,269.1
22160,30,7232,38,1,325.54
22161,22,7233,23,1,3803.84
22162,22,7233,120,1,37.31
22163,22,7233,25,1,958.76
22164,22,7233,26,1,547.5
22165,22,7233,28,1,207.71
22166,22,7233,29,1,137.26
22167,114,7234,41,2,708.68
22168,114,7234,42,1,162.27
22169,114,7234,47,1,691.19
22170,114,7234,48,1,377.48
22171,114,7234,17,2,281.04
22172,294,7235,10,1,96.42
22173,294,7235,92,1,182.48
22174,205,7236,80,1,996.58
22175,205,7236,25,1,958.76
22176,205,7236,26,1,547.5
22177,205,7236,28,1,207.71
22178,227,7237,40,1,36.51
22179,10,7238,87,1,281.44
22180,95,7239,25,1,958.76
22181,95,7239,26,1,547.5
22182,95,7239,28,1,207.71
22183,95,7239,29,1,137.26
22184,37,7240,144,2,91.59
22185,174,7241,11,1,73.96
22186,4,7242,45,1,207.67
22187,4,7242,135,1,248.61
22188,395,7243,51,1,66.67
22189,395,7243,53,1,95.99
22190,395,7243,54,1,131.19
22191,395,7243,56,2,327.69
22192,395,7243,89,1,73.16
22193,295,7244,49,2,247.85
22194,295,7244,37,1,113.29
22195,94,7245,145,1,165.87
22196,185,7246,152,1,92.66
22197,185,7246,131,1,457.64
22198,107,7247,25,1,958.76
22199,107,7247,26,1,547.5
22200,107,7247,28,1,207.71
22201,107,7247,29,1,137.26
22202,245,7248,106,1,449.77
22203,245,7248,157,1,278.2
22204,154,7249,148,1,658.67
22205,154,7249,110,1,228.23
22206,417,7250,42,1,162.27
22207,417,7250,76,1,110.25
22208,417,7250,47,1,691.19
22209,417,7250,48,1,377.48
22210,417,7250,60,1,325.99
22211,21,7251,41,1,708.68
22212,21,7251,42,1,162.27
22213,21,7251,47,1,691.19
22214,21,7251,122,1,696.77
22215,21,7251,63,1,557.39
22216,234,7252,42,1,162.27
22217,234,7252,47,2,691.19
22218,260,7253,72,1,295.83
22219,260,7253,125,1,208.91
22220,310,7254,33,1,404.5
22221,310,7254,34,1,269.1
22222,310,7254,38,1,325.54
22223,310,7254,41,1,708.68
22224,310,7254,153,1,564.14
22225,57,7255,48,1,377.48
22226,57,7255,191,1,2178.66
22227,57,7255,178,1,3002.16
22228,57,7255,47,1,691.19
22229,226,7256,120,1,37.31
22230,226,7256,33,1,404.5
22231,226,7256,34,1,269.1
22232,226,7256,38,1,325.54
22233,70,7257,67,1,3651.66
22234,70,7257,25,1,958.76
22235,70,7257,26,1,547.5
22236,70,7257,28,1,207.71
22237,70,7257,95,1,217.5
22238,204,7258,81,2,1613.84
22239,204,7258,77,1,193.57
22240,359,7259,42,1,162.27
22241,359,7259,46,1,121.09
22242,359,7259,48,1,377.48
22243,359,7259,50,1,103.84
22244,359,7259,184,1,617.48
22245,288,7260,94,1,192.65
22246,366,7261,109,1,44.98
22247,366,7261,46,1,121.09
22248,366,7261,48,1,377.48
22249,366,7261,80,1,996.58
22250,366,7261,50,1,103.84
22251,79,7262,129,1,94.56
22252,207,7263,130,1,3341.54
22253,371,7264,51,1,66.67
22254,371,7264,93,1,304.48
22255,371,7264,53,2,95.99
22256,62,7265,131,1,457.64
22257,499,7266,1,2,5429.43
22258,499,7266,42,1,162.27
22259,499,7266,77,1,193.57
22260,499,7266,46,1,121.09
22261,499,7266,48,1,377.48
22262,499,7266,50,2,103.84
22263,283,7267,48,1,377.48
22264,283,7267,41,1,708.68
22265,283,7267,18,1,685.51
22266,283,7267,47,1,691.19
22267,106,7268,81,1,1613.84
22268,106,7268,25,1,958.76
22269,106,7268,26,1,547.5
22270,106,7268,28,2,207.71
22271,48,7269,122,1,696.77
22272,48,7269,42,2,162.27
22273,48,7269,46,1,121.09
22274,48,7269,48,1,377.48
22275,48,7269,50,1,103.84
22276,48,7269,90,1,2115.26
22277,7,7270,123,2,140.92
22278,7,7270,159,1,132.33
22279,202,7271,112,1,2651.9
22280,202,7271,25,1,958.76
22281,202,7271,26,1,547.5
22282,202,7271,28,1,207.71
22283,202,7271,29,2,137.26
22284,414,7272,95,1,217.5
22285,472,7273,144,1,91.59
22286,472,7273,58,1,143.75
22287,313,7274,25,1,958.76
22288,313,7274,36,1,703.99
22289,313,7274,173,1,426.85
22290,355,7275,25,2,958.76
22291,355,7275,26,1,547.5
22292,355,7275,28,1,207.71
22293,355,7275,29,1,137.26
22294,112,7276,142,1,243.55
22295,112,7276,150,1,244.37
22296,273,7277,99,1,185.24
22297,273,7277,95,1,217.5
22298,88,7278,42,1,162.27
22299,88,7278,46,1,121.09
22300,88,7278,50,1,103.84
22301,88,7278,148,1,658.67
22302,88,7278,30,1,583.67
22303,86,7279,51,1,66.67
22304,86,7279,182,2,190.33
22305,86,7279,54,1,131.19
22306,86,7279,56,2,327.69
22307,86,7279,61,1,1462.89
22308,349,7280,1,2,5429.43
22309,349,7280,10,1,96.42
22310,349,7280,3,1,182.88
22311,349,7280,4,1,1045.02
22312,498,7281,2,1,6856.93
22313,498,7281,3,1,182.88
22314,498,7281,6,1,2618.75
22315,498,7281,9,1,864.52
22316,498,7281,95,1,217.5
22317,58,7282,163,1,417.18
22318,58,7282,42,1,162.27
22319,58,7282,46,1,121.09
22320,58,7282,48,1,377.48
22321,58,7282,117,1,159.84
22322,314,7283,34,1,269.1
22323,314,7283,35,1,790.82
22324,314,7283,166,1,184.75
22325,314,7283,38,1,325.54
22326,314,7283,58,1,143.75
22327,292,7284,51,1,66.67
22328,292,7284,54,2,131.19
22329,292,7284,56,1,327.69
22330,292,7284,59,1,88.07
22331,292,7284,120,1,37.31
22332,138,7285,8,1,338.12
22333,106,7286,120,1,37.31
22334,106,7286,196,1,211.44
22335,143,7287,139,1,351.69
22336,449,7288,32,1,182.43
22337,449,7288,37,1,113.29
22338,449,7288,79,1,421.1
22339,449,7288,31,1,118.65
22340,297,7289,40,1,36.51
22341,297,7289,76,1,110.25
22342,109,7290,32,1,182.43
22343,267,7291,25,1,958.76
22344,267,7291,26,1,547.5
22345,267,7291,29,1,137.26
22346,131,7292,185,1,329.38
22347,102,7293,32,1,182.43
22348,102,7293,131,2,457.64
22349,102,7293,37,2,113.29
22350,102,7293,39,1,51.31
22351,102,7293,31,1,118.65
22352,223,7294,32,1,182.43
22353,223,7294,37,1,113.29
22354,223,7294,39,1,51.31
22355,223,7294,80,1,996.58
22356,223,7294,20,1,600.91
22357,223,7294,31,1,118.65
22358,328,7295,49,1,247.85
22359,328,7295,185,1,329.38
22360,279,7296,42,1,162.27
22361,279,7296,125,2,208.91
22362,279,7296,46,1,121.09
22363,279,7296,183,2,171.04
22364,394,7297,91,1,978.27
22365,419,7298,93,1,304.48
22366,353,7299,56,1,327.69
22367,353,7299,51,1,66.67
22368,353,7299,119,1,1350.85
22369,53,7300,142,1,243.55
22370,496,7301,56,1,327.69
22371,496,7301,51,1,66.67
22372,496,7301,53,1,95.99
22373,496,7301,54,1,131.19
22374,68,7302,1,1,5429.43
22375,68,7302,10,1,96.42
22376,68,7302,3,1,182.88
22377,68,7302,4,1,1045.02
22378,291,7303,64,1,578.73
22379,291,7303,59,1,88.07
22380,191,7304,95,1,217.5
22381,480,7305,130,1,3341.54
22382,284,7306,194,1,582.97
22383,284,7306,182,2,190.33
22384,22,7307,166,2,184.75
22385,22,7307,42,1,162.27
22386,22,7307,46,1,121.09
22387,22,7307,48,1,377.48
22388,22,7307,50,1,103.84
22389,324,7308,107,1,5057.62
22390,324,7308,9,1,864.52
22391,324,7308,2,1,6856.93
22392,324,7308,3,2,182.88
22393,446,7309,66,1,234.31
22394,446,7309,195,1,411.6
22395,297,7310,164,1,297.97
22396,297,7310,182,2,190.33
22397,35,7311,10,1,96.42
22398,35,7311,51,1,66.67
22399,35,7311,53,1,95.99
22400,35,7311,54,1,131.19
22401,35,7311,56,1,327.69
22402,25,7312,114,1,246.79
22403,25,7312,27,1,1128.13
22404,214,7313,42,1,162.27
22405,214,7313,123,1,140.92
22406,271,7314,51,1,66.67
22407,271,7314,147,1,4075.22
22408,271,7314,53,1,95.99
22409,271,7314,54,1,131.19
22410,271,7314,56,1,327.69
22411,271,7314,158,1,655.51
22412,341,7315,32,1,182.43
22413,341,7315,37,1,113.29
22414,341,7315,39,1,51.31
22415,341,7315,23,1,3803.84
22416,341,7315,63,2,557.39
22417,341,7315,31,1,118.65
22418,300,7316,48,1,377.48
22419,300,7316,41,1,708.68
22420,300,7316,42,1,162.27
22421,300,7316,47,1,691.19
22422,111,7317,33,1,404.5
22423,111,7317,102,1,1982.66
22424,359,7318,125,2,208.91
22425,60,7319,56,1,327.69
22426,60,7319,51,1,66.67
22427,60,7319,54,1,131.19
22428,303,7320,38,1,325.54
22429,467,7321,32,1,182.43
22430,467,7321,37,1,113.29
22431,467,7321,39,1,51.31
22432,402,7322,1,1,5429.43
22433,402,7322,10,1,96.42
22434,402,7322,3,1,182.88
22435,402,7322,4,1,1045.02
22436,149,7323,163,2,417.18
22437,150,7324,32,1,182.43
22438,150,7324,139,1,351.69
22439,175,7325,1,1,5429.43
22440,175,7325,10,1,96.42
22441,175,7325,42,1,162.27
22442,175,7325,141,1,449.82
22443,352,7326,48,1,377.48
22444,352,7326,41,1,708.68
22445,352,7326,42,1,162.27
22446,352,7326,47,1,691.19
22447,455,7327,48,1,377.48
22448,455,7327,50,1,103.84
22449,455,7327,46,1,121.09
22450,478,7328,1,1,5429.43
22451,478,7328,51,1,66.67
22452,478,7328,53,1,95.99
22453,478,7328,54,1,131.19
22454,478,7328,94,1,192.65
22455,376,7329,63,1,557.39
22456,135,7330,123,1,140.92
22457,135,7330,191,1,2178.66
22458,269,7331,18,1,685.51
22459,269,7331,94,1,192.65
22460,433,7332,83,1,584.83
22461,433,7332,197,1,1440.46
22462,94,7333,2,1,6856.93
22463,94,7333,35,1,790.82
22464,94,7333,6,1,2618.75
22465,94,7333,9,1,864.52
22466,94,7333,121,2,279.43
22467,66,7334,137,1,593.31
22468,66,7334,50,1,103.84
22469,293,7335,13,1,342.07
22470,158,7336,2,1,6856.93
22471,415,7337,40,1,36.51
22472,415,7337,13,1,342.07
22473,415,7337,25,1,958.76
22474,415,7337,26,1,547.5
22475,415,7337,28,1,207.71
22476,415,7337,29,2,137.26
22477,186,7338,32,1,182.43
22478,186,7338,2,1,6856.93
22479,186,7338,37,1,113.29
22480,186,7338,39,1,51.31
22481,186,7338,153,1,564.14
22482,437,7339,94,1,192.65
22483,109,7340,32,1,182.43
22484,109,7340,8,1,338.12
22485,109,7340,39,2,51.31
22486,37,7341,66,1,234.31
22487,37,7341,98,1,449.02
22488,37,7341,42,1,162.27
22489,37,7341,47,1,691.19
22490,37,7341,48,1,377.48
22491,361,7342,42,1,162.27
22492,361,7342,46,1,121.09
22493,248,7343,1,1,5429.43
22494,248,7343,10,1,96.42
22495,248,7343,3,1,182.88
22496,248,7343,74,1,132.13
22497,273,7344,42,1,162.27
22498,273,7344,51,1,66.67
22499,273,7344,53,1,95.99
22500,273,7344,54,1,131.19
22501,403,7345,111,2,453.66
22502,403,7345,51,1,66.67
22503,403,7345,53,1,95.99
22504,403,7345,54,2,131.19
22505,403,7345,56,1,327.69
22506,249,7346,1,1,5429.43
22507,249,7346,3,1,182.88
22508,85,7347,41,1,708.68
22509,85,7347,42,1,162.27
22510,85,7347,47,1,691.19
22511,207,7348,1,1,5429.43
22512,207,7348,3,1,182.88
22513,207,7348,4,1,1045.02
22514,409,7349,56,2,327.69
22515,409,7349,91,1,978.27
22516,409,7349,51,1,66.67
22517,409,7349,54,1,131.19
22518,106,7350,165,1,867.11
22519,113,7351,34,1,269.1
22520,113,7351,35,1,790.82
22521,331,7352,55,1,41.52
22522,460,7353,9,1,864.52
22523,460,7353,2,1,6856.93
22524,460,7353,3,1,182.88
22525,40,7354,78,1,637.27
22526,83,7355,144,2,91.59
22527,83,7355,105,2,250.27
22528,83,7355,42,2,162.27
22529,83,7355,46,2,121.09
22530,389,7356,1,2,5429.43
22531,389,7356,3,2,182.88
22532,389,7356,4,1,1045.02
22533,14,7357,132,1,284.92
22534,14,7357,180,1,279.71
22535,47,7358,105,1,250.27
22536,47,7358,149,1,652.63
22537,445,7359,41,1,708.68
22538,445,7359,47,1,691.19
22539,35,7360,48,1,377.48
22540,35,7360,41,1,708.68
22541,35,7360,197,1,1440.46
22542,35,7360,47,1,691.19
22543,325,7361,9,1,864.52
22544,325,7361,2,1,6856.93
22545,325,7361,141,1,449.82
22546,325,7361,6,2,2618.75
22547,104,7362,33,1,404.5
22548,104,7362,2,1,6856.93
22549,104,7362,6,2,2618.75
22550,104,7362,39,1,51.31
22551,104,7362,9,1,864.52
22552,375,7363,193,1,256.05
22553,375,7363,18,1,685.51
22554,165,7364,91,1,978.27
22555,165,7364,139,2,351.69
22556,265,7365,2,2,6856.93
22557,265,7365,132,1,284.92
22558,265,7365,6,1,2618.75
22559,265,7365,9,1,864.52
22560,265,7365,145,1,165.87
22561,354,7366,122,1,696.77
22562,354,7366,140,1,61.32
22563,372,7367,122,1,696.77
22564,372,7367,79,1,421.1
22565,379,7368,48,1,377.48
22566,379,7368,42,1,162.27
22567,379,7368,46,1,121.09
22568,161,7369,91,1,978.27
22569,161,7369,163,1,417.18
22570,254,7370,51,2,66.67
22571,254,7370,174,1,886.97
22572,254,7370,53,1,95.99
22573,254,7370,54,1,131.19
22574,440,7371,1,1,5429.43
22575,440,7371,10,1,96.42
22576,440,7371,4,1,1045.02
22577,177,7372,1,1,5429.43
22578,177,7372,10,1,96.42
22579,177,7372,4,1,1045.02
22580,263,7373,48,1,377.48
22581,263,7373,41,1,708.68
22582,263,7373,47,1,691.19
22583,391,7374,46,1,121.09
22584,391,7374,143,1,602.95
22585,391,7374,48,1,377.48
22586,391,7374,50,1,103.84
22587,391,7374,18,1,685.51
22588,38,7375,131,1,457.64
22589,44,7376,32,1,182.43
22590,44,7376,39,1,51.31
22591,44,7376,31,1,118.65
22592,162,7377,44,1,1768.56
22593,54,7378,97,1,1968.21
22594,54,7378,25,1,958.76
22595,54,7378,28,1,207.71
22596,54,7378,29,1,137.26
22597,54,7378,95,1,217.5
22598,273,7379,28,1,207.71
22599,273,7379,77,1,193.57
22600,65,7380,56,1,327.69
22601,65,7380,51,1,66.67
22602,65,7380,53,1,95.99
22603,65,7380,54,1,131.19
22604,302,7381,99,1,185.24
22605,302,7381,34,1,269.1
22606,302,7381,35,1,790.82
22607,302,7381,45,1,207.67
22608,21,7382,48,1,377.48
22609,21,7382,60,1,325.99
22610,21,7382,87,1,281.44
22611,21,7382,47,1,691.19
22612,437,7383,33,1,404.5
22613,437,7383,34,1,269.1
22614,437,7383,38,2,325.54
22615,26,7384,48,1,377.48
22616,26,7384,41,1,708.68
22617,26,7384,42,1,162.27
22618,26,7384,47,1,691.19
22619,308,7385,171,1,100.57
22620,308,7385,143,1,602.95
22621,16,7386,10,1,96.42
22622,16,7386,60,1,325.99
22623,16,7386,25,1,958.76
22624,16,7386,26,1,547.5
22625,16,7386,28,1,207.71
22626,16,7386,29,2,137.26
22627,416,7387,2,1,6856.93
22628,416,7387,3,2,182.88
22629,434,7388,42,1,162.27
22630,434,7388,47,2,691.19
22631,37,7389,153,1,564.14
22632,37,7389,74,1,132.13
22633,109,7390,89,1,73.16
22634,109,7390,42,1,162.27
22635,109,7390,50,1,103.84
22636,109,7390,46,1,121.09
22637,351,7391,142,1,243.55
22638,351,7391,102,1,1982.66
22639,375,7392,8,1,338.12
22640,481,7393,34,1,269.1
22641,481,7393,115,1,131.51
22642,481,7393,156,1,131.66
22643,228,7394,56,1,327.69
22644,228,7394,164,1,297.97
22645,228,7394,51,1,66.67
22646,228,7394,120,1,37.31
22647,215,7395,27,1,1128.13
22648,215,7395,92,1,182.48
22649,239,7396,48,1,377.48
22650,239,7396,42,1,162.27
22651,239,7396,47,1,691.19
22652,425,7397,14,1,687.06
22653,425,7397,127,1,209.71
22654,452,7398,1,1,5429.43
22655,452,7398,10,1,96.42
22656,182,7399,51,1,66.67
22657,182,7399,54,2,131.19
22658,309,7400,162,1,2324.66
22659,309,7400,2,1,6856.93
22660,309,7400,3,1,182.88
22661,309,7400,6,1,2618.75
22662,309,7400,139,1,351.69
22663,24,7401,185,2,329.38
22664,24,7401,46,1,121.09
22665,13,7402,34,1,269.1
22666,249,7403,53,2,95.99
22667,219,7404,162,1,2324.66
22668,219,7404,171,1,100.57
22669,219,7404,51,1,66.67
22670,219,7404,54,1,131.19
22671,219,7404,56,1,327.69
22672,213,7405,25,1,958.76
22673,213,7405,26,1,547.5
22674,36,7406,42,1,162.27
22675,36,7406,46,1,121.09
22676,36,7406,48,1,377.48
22677,36,7406,80,2,996.58
22678,36,7406,50,1,103.84
22679,36,7406,184,1,617.48
22680,472,7407,56,1,327.69
22681,472,7407,51,1,66.67
22682,472,7407,53,2,95.99
22683,472,7407,54,1,131.19
22684,471,7408,56,1,327.69
22685,471,7408,51,1,66.67
22686,471,7408,54,1,131.19
22687,153,7409,41,1,708.68
22688,153,7409,42,1,162.27
22689,153,7409,47,1,691.19
22690,153,7409,48,1,377.48
22691,153,7409,29,1,137.26
22692,464,7410,25,1,958.76
22693,464,7410,26,1,547.5
22694,464,7410,29,1,137.26
22695,219,7411,145,1,165.87
22696,219,7411,42,1,162.27
22697,219,7411,46,1,121.09
22698,219,7411,1,2,5429.43
22699,82,7412,163,1,417.18
22700,82,7412,182,1,190.33
22701,44,7413,33,1,404.5
22702,44,7413,34,1,269.1
22703,44,7413,35,1,790.82
22704,44,7413,189,1,46.18
22705,44,7413,125,1,208.91
22706,293,7414,18,1,685.51
22707,74,7415,2,1,6856.93
22708,74,7415,3,1,182.88
22709,74,7415,6,1,2618.75
22710,74,7415,9,1,864.52
22711,74,7415,178,1,3002.16
22712,398,7416,41,1,708.68
22713,398,7416,196,1,211.44
22714,426,7417,77,1,193.57
22715,426,7417,111,1,453.66
22716,320,7418,192,1,105.53
22717,320,7418,2,1,6856.93
22718,320,7418,3,2,182.88
22719,320,7418,6,1,2618.75
22720,320,7418,9,1,864.52
22721,320,7418,28,1,207.71
22722,440,7419,70,1,1076.29
22723,440,7419,42,1,162.27
22724,440,7419,46,1,121.09
22725,440,7419,48,1,377.48
22726,440,7419,50,1,103.84
22727,440,7419,114,1,246.79
22728,29,7420,14,1,687.06
22729,100,7421,83,1,584.83
22730,192,7422,1,1,5429.43
22731,192,7422,146,1,323.76
22732,192,7422,3,1,182.88
22733,192,7422,4,1,1045.02
22734,480,7423,42,1,162.27
22735,480,7423,46,1,121.09
22736,480,7423,48,1,377.48
22737,480,7423,50,1,103.84
22738,480,7423,180,1,279.71
22739,24,7424,198,1,440.15
22740,24,7424,41,1,708.68
22741,24,7424,42,1,162.27
22742,24,7424,47,1,691.19
22743,24,7424,48,1,377.48
22744,399,7425,33,1,404.5
22745,399,7425,34,1,269.1
22746,399,7425,35,1,790.82
22747,466,7426,193,1,256.05
22748,466,7426,13,1,342.07
22749,120,7427,42,1,162.27
22750,120,7427,69,1,5185.33
22751,120,7427,47,1,691.19
22752,403,7428,16,1,680.77
22753,297,7429,116,2,136.01
22754,297,7429,60,1,325.99
22755,401,7430,127,1,209.71
22756,489,7431,33,1,404.5
22757,489,7431,34,1,269.1
22758,489,7431,35,1,790.82
22759,489,7431,68,2,1081.84
22760,489,7431,38,1,325.54
22761,290,7432,40,1,36.51
22762,290,7433,90,2,2115.26
22763,290,7433,140,1,61.32
22764,294,7434,32,1,182.43
22765,294,7434,93,1,304.48
22766,294,7434,37,1,113.29
22767,294,7434,39,1,51.31
22768,22,7435,48,2,377.48
22769,22,7435,41,1,708.68
22770,22,7435,60,1,325.99
22771,22,7435,47,1,691.19
22772,345,7436,33,1,404.5
22773,345,7436,34,1,269.1
22774,345,7436,35,1,790.82
22775,345,7436,38,1,325.54
22776,345,7436,158,1,655.51
22777,471,7437,51,1,66.67
22778,471,7437,53,1,95.99
22779,471,7437,54,1,131.19
22780,182,7438,62,1,122.09
22781,182,7438,111,1,453.66
22782,15,7439,144,1,91.59
22783,15,7439,33,2,404.5
22784,15,7439,34,2,269.1
22785,15,7439,1,1,5429.43
22786,199,7440,99,1,185.24
22787,199,7440,41,1,708.68
22788,199,7440,42,1,162.27
22789,199,7440,47,2,691.19
22790,199,7440,48,1,377.48
22791,199,7440,186,1,109.52
22792,85,7441,185,1,329.38
22793,85,7441,110,1,228.23
22794,174,7442,33,1,404.5
22795,174,7442,34,2,269.1
22796,174,7442,35,1,790.82
22797,174,7442,38,1,325.54
22798,174,7442,90,1,2115.26
22799,345,7443,65,1,586.82
22800,345,7443,41,1,708.68
22801,345,7443,42,1,162.27
22802,345,7443,47,1,691.19
22803,345,7443,48,1,377.48
22804,382,7444,32,1,182.43
22805,382,7444,37,1,113.29
22806,382,7444,39,1,51.31
22807,382,7444,71,1,241.15
22808,382,7444,143,2,602.95
22809,382,7444,31,1,118.65
22810,50,7445,25,1,958.76
22811,50,7445,29,1,137.26
22812,50,7445,54,2,131.19
22813,50,7445,183,1,171.04
22814,399,7446,25,1,958.76
22815,399,7446,26,1,547.5
22816,399,7446,28,1,207.71
22817,166,7447,65,1,586.82
22818,379,7448,199,1,107.47
22819,493,7449,32,1,182.43
22820,493,7449,37,1,113.29
22821,493,7449,39,1,51.31
22822,481,7450,56,1,327.69
22823,481,7450,51,1,66.67
22824,481,7450,117,2,159.84
22825,287,7451,185,1,329.38
22826,387,7452,1,1,5429.43
22827,387,7452,10,1,96.42
22828,387,7452,3,1,182.88
22829,317,7453,90,1,2115.26
22830,317,7453,25,1,958.76
22831,317,7453,26,2,547.5
22832,317,7453,28,1,207.71
22833,317,7453,29,2,137.26
22834,317,7453,31,1,118.65
22835,298,7454,53,1,95.99
22836,415,7455,33,1,404.5
22837,415,7455,34,1,269.1
22838,415,7455,35,1,790.82
22839,415,7455,4,1,1045.02
22840,415,7455,131,1,457.64
22841,271,7456,2,1,6856.93
22842,271,7456,3,1,182.88
22843,271,7456,6,1,2618.75
22844,271,7456,9,2,864.52
22845,271,7456,30,1,583.67
22846,139,7457,9,1,864.52
22847,139,7457,2,1,6856.93
22848,139,7457,3,1,182.88
22849,139,7457,6,1,2618.75
22850,9,7458,32,1,182.43
22851,9,7458,37,1,113.29
22852,9,7458,31,1,118.65
22853,223,7459,194,1,582.97
22854,223,7459,27,1,1128.13
22855,58,7460,64,1,578.73
22856,58,7460,2,1,6856.93
22857,58,7460,3,1,182.88
22858,58,7460,6,1,2618.75
22859,58,7460,9,1,864.52
22860,209,7461,178,1,3002.16
22861,209,7461,9,1,864.52
22862,209,7461,2,1,6856.93
22863,209,7461,3,1,182.88
22864,398,7462,186,1,109.52
22865,165,7463,1,1,5429.43
22866,165,7463,4,1,1045.02
22867,165,7463,10,1,96.42
22868,165,7463,142,1,243.55
22869,165,7463,54,2,131.19
22870,297,7464,148,1,658.67
22871,193,7465,133,1,165.39
22872,79,7466,11,1,73.96
22873,79,7466,112,2,2651.9
22874,79,7466,25,1,958.76
22875,79,7466,28,1,207.71
22876,79,7466,29,1,137.26
22877,458,7467,64,1,578.73
22878,458,7467,69,1,5185.33
22879,458,7468,83,1,584.83
22880,458,7468,139,1,351.69
22881,16,7469,135,1,248.61
22882,337,7470,40,2,36.51
22883,337,7470,186,1,109.52
22884,109,7471,32,1,182.43
22885,109,7471,77,1,193.57
22886,109,7471,37,1,113.29
22887,109,7471,39,1,51.31
22888,189,7472,124,1,4869.43
22889,189,7472,133,1,165.39
22890,21,7473,1,1,5429.43
22891,21,7473,10,1,96.42
22892,21,7473,3,1,182.88
22893,113,7474,1,1,5429.43
22894,113,7474,162,1,2324.66
22895,113,7474,3,1,182.88
22896,113,7474,4,1,1045.02
22897,113,7474,10,1,96.42
22898,113,7474,82,1,482.06
22899,202,7475,2,1,6856.93
22900,202,7475,6,1,2618.75
22901,202,7475,9,1,864.52
22902,202,7475,170,1,810.36
22903,202,7475,31,1,118.65
22904,444,7476,41,1,708.68
22905,444,7476,180,1,279.71
22906,384,7477,9,1,864.52
22907,384,7477,2,1,6856.93
22908,384,7477,3,2,182.88
22909,384,7477,6,1,2618.75
22910,394,7478,58,1,143.75
22911,394,7478,46,1,121.09
22912,44,7479,48,1,377.48
22913,44,7479,42,1,162.27
22914,44,7479,5,1,1043.64
22915,44,7479,46,2,121.09
22916,133,7480,136,1,1233.09
22917,133,7480,159,1,132.33
22918,346,7481,56,1,327.69
22919,346,7481,74,1,132.13
22920,346,7481,51,1,66.67
22921,346,7481,54,1,131.19
22922,387,7482,2,1,6856.93
22923,387,7482,6,1,2618.75
22924,387,7482,40,1,36.51
22925,387,7482,9,1,864.52
22926,387,7482,48,1,377.48
22927,380,7483,32,1,182.43
22928,380,7483,31,1,118.65
22929,356,7484,72,1,295.83
22930,356,7484,139,2,351.69
22931,214,7485,1,1,5429.43
22932,214,7485,10,1,96.42
22933,214,7485,140,1,61.32
22934,214,7485,79,1,421.1
22935,387,7486,42,1,162.27
22936,387,7486,155,1,298.62
22937,387,7486,47,1,691.19
22938,387,7486,48,2,377.48
22939,387,7486,91,1,978.27
22940,154,7487,56,1,327.69
22941,154,7487,51,1,66.67
22942,154,7487,53,1,95.99
22943,154,7487,54,1,131.19
22944,113,7488,121,1,279.43
22945,446,7489,32,1,182.43
22946,446,7489,39,1,51.31
22947,361,7490,82,1,482.06
22948,334,7491,56,1,327.69
22949,334,7491,51,1,66.67
22950,334,7491,53,1,95.99
22951,334,7491,54,1,131.19
22952,344,7492,32,1,182.43
22953,344,7492,37,1,113.29
22954,344,7492,86,1,336.99
22955,344,7492,31,1,118.65
22956,165,7493,64,1,578.73
22957,165,7493,18,1,685.51
22958,177,7494,41,1,708.68
22959,177,7494,42,1,162.27
22960,177,7494,47,1,691.19
22961,147,7495,194,1,582.97
22962,147,7495,42,1,162.27
22963,147,7495,173,1,426.85
22964,147,7495,47,1,691.19
22965,147,7495,48,1,377.48
22966,318,7496,25,1,958.76
22967,318,7496,26,1,547.5
22968,318,7496,28,1,207.71
22969,318,7496,29,1,137.26
22970,273,7497,48,1,377.48
22971,273,7497,195,1,411.6
22972,273,7497,140,1,61.32
22973,273,7497,47,1,691.19
22974,181,7498,138,1,2075.88
22975,181,7498,75,1,670.09
22976,366,7499,9,1,864.52
22977,366,7499,2,1,6856.93
22978,366,7499,3,2,182.88
22979,366,7499,6,1,2618.75
22980,119,7500,34,1,269.1
22981,119,7500,51,1,66.67
22982,119,7500,188,1,2599.64
22983,491,7501,181,1,353.61
22984,491,7501,55,1,41.52
22985,259,7502,33,1,404.5
22986,259,7502,34,2,269.1
22987,259,7502,35,1,790.82
22988,54,7503,1,1,5429.43
22989,54,7503,10,1,96.42
22990,54,7503,27,1,1128.13
22991,54,7503,35,2,790.82
22992,79,7504,32,1,182.43
22993,79,7504,181,1,353.61
22994,79,7504,141,1,449.82
22995,79,7504,39,1,51.31
22996,395,7505,9,1,864.52
22997,395,7505,2,1,6856.93
22998,395,7505,110,1,228.23
22999,395,7505,6,1,2618.75
23000,404,7506,168,1,126.51
23001,404,7506,196,1,211.44
23002,228,7507,155,1,298.62
23003,199,7508,1,1,5429.43
23004,199,7508,4,1,1045.02
23005,320,7509,9,1,864.52
23006,320,7509,2,1,6856.93
23007,320,7509,3,1,182.88
23008,320,7509,6,1,2618.75
23009,197,7510,48,1,377.48
23010,197,7510,41,1,708.68
23011,197,7510,42,1,162.27
23012,197,7510,47,1,691.19
23013,119,7511,27,1,1128.13
23014,60,7512,48,1,377.48
23015,60,7512,42,1,162.27
23016,60,7512,50,1,103.84
23017,60,7512,46,1,121.09
23018,88,7513,42,1,162.27
23019,88,7513,46,1,121.09
23020,88,7513,50,1,103.84
23021,88,7513,115,1,131.51
23022,88,7513,123,1,140.92
23023,325,7514,170,1,810.36
23024,325,7514,148,2,658.67
23025,361,7515,115,1,131.51
23026,361,7515,165,1,867.11
23027,196,7516,41,1,708.68
23028,196,7516,42,1,162.27
23029,196,7516,47,1,691.19
23030,358,7517,33,1,404.5
23031,358,7517,34,1,269.1
23032,358,7517,38,1,325.54
23033,65,7518,51,1,66.67
23034,65,7518,52,1,108.37
23035,65,7518,53,1,95.99
23036,65,7518,54,1,131.19
23037,65,7518,56,1,327.69
23038,65,7518,89,1,73.16
23039,110,7519,9,1,864.52
23040,110,7519,2,1,6856.93
23041,110,7519,76,1,110.25
23042,110,7519,6,1,2618.75
23043,338,7520,190,1,615.39
23044,338,7520,30,1,583.67
23045,65,7521,32,1,182.43
23046,65,7521,37,1,113.29
23047,65,7521,31,1,118.65
23048,196,7522,28,1,207.71
23049,196,7522,69,1,5185.33
23050,391,7523,33,1,404.5
23051,391,7523,34,1,269.1
23052,391,7523,35,1,790.82
23053,391,7523,38,1,325.54
23054,391,7523,158,1,655.51
23055,69,7524,32,1,182.43
23056,69,7524,39,1,51.31
23057,69,7524,86,2,336.99
23058,69,7524,31,1,118.65
23059,29,7525,92,1,182.48
23060,12,7526,25,1,958.76
23061,116,7527,33,1,404.5
23062,116,7527,34,1,269.1
23063,116,7527,35,1,790.82
23064,116,7527,65,1,586.82
23065,116,7527,38,1,325.54
23066,116,7527,106,1,449.77
23067,276,7528,1,1,5429.43
23068,276,7528,4,1,1045.02
23069,447,7529,70,2,1076.29
23070,447,7529,79,1,421.1
23071,332,7530,146,1,323.76
23072,184,7531,128,1,664.23
23073,84,7532,82,1,482.06
23074,417,7533,25,1,958.76
23075,417,7533,28,1,207.71
23076,417,7533,29,1,137.26
23077,172,7534,42,1,162.27
23078,172,7534,43,1,1574.27
23079,172,7534,76,2,110.25
23080,172,7534,46,1,121.09
23081,172,7534,48,1,377.48
23082,337,7535,90,1,2115.26
23083,337,7535,15,1,478.33
23084,304,7536,25,1,958.76
23085,304,7536,26,1,547.5
23086,304,7536,28,1,207.71
23087,464,7537,96,2,2249.21
23088,464,7537,157,1,278.2
23089,213,7538,169,1,452.68
23090,213,7538,34,1,269.1
23091,213,7538,38,1,325.54
23092,304,7539,89,1,73.16
23093,304,7539,62,1,122.09
23094,86,7540,87,1,281.44
23095,218,7541,25,1,958.76
23096,218,7541,145,1,165.87
23097,313,7542,93,1,304.48
23098,210,7543,1,2,5429.43
23099,210,7543,20,1,600.91
23100,210,7543,41,1,708.68
23101,315,7544,86,2,336.99
23102,398,7545,168,1,126.51
23103,398,7545,93,2,304.48
23104,27,7546,180,2,279.71
23105,342,7547,129,1,94.56
23106,342,7547,6,1,2618.75
23107,138,7548,34,1,269.1
23108,138,7548,35,1,790.82
23109,138,7548,38,1,325.54
23110,138,7548,106,1,449.77
23111,111,7549,56,1,327.69
23112,111,7549,51,1,66.67
23113,111,7549,54,1,131.19
23114,263,7550,1,1,5429.43
23115,263,7550,3,1,182.88
23116,263,7550,4,1,1045.02
23117,263,7550,10,1,96.42
23118,263,7550,158,1,655.51
23119,263,7550,127,1,209.71
23120,431,7551,56,1,327.69
23121,431,7551,51,1,66.67
23122,431,7551,53,1,95.99
23123,431,7551,54,1,131.19
23124,106,7552,2,1,6856.93
23125,106,7552,134,1,3215.18
23126,106,7552,6,1,2618.75
23127,106,7552,9,1,864.52
23128,106,7552,150,1,244.37
23129,349,7553,32,1,182.43
23130,349,7553,39,1,51.31
23131,349,7553,37,1,113.29
23132,349,7553,31,1,118.65
23133,432,7554,48,1,377.48
23134,432,7554,41,1,708.68
23135,432,7554,42,1,162.27
23136,432,7554,47,1,691.19
23137,474,7555,25,2,958.76
23138,474,7555,94,1,192.65
23139,442,7556,48,1,377.48
23140,442,7556,70,1,1076.29
23141,442,7556,50,1,103.84
23142,442,7556,46,1,121.09
23143,19,7557,2,1,6856.93
23144,19,7557,3,1,182.88
23145,19,7557,73,1,249.37
23146,19,7557,9,1,864.52
23147,19,7557,74,1,132.13
23148,489,7558,97,1,1968.21
23149,489,7558,42,1,162.27
23150,489,7558,46,1,121.09
23151,489,7558,48,1,377.48
23152,489,7558,50,1,103.84
23153,489,7558,154,1,3786.85
23154,47,7559,11,1,73.96
23155,105,7560,138,2,2075.88
23156,105,7560,189,2,46.18
23157,90,7561,1,2,5429.43
23158,333,7562,112,2,2651.9
23159,333,7562,5,1,1043.64
23160,142,7563,75,1,670.09
23161,142,7563,134,1,3215.18
23162,497,7564,34,1,269.1
23163,497,7564,61,1,1462.89
23164,497,7564,38,1,325.54
23165,121,7565,73,1,249.37
23166,121,7565,89,2,73.16
23167,411,7566,7,1,2063.12
23168,264,7567,33,1,404.5
23169,264,7567,34,1,269.1
23170,472,7568,57,1,215.42
23171,438,7569,27,1,1128.13
23172,438,7569,108,1,5179.59
23173,149,7570,51,1,66.67
23174,149,7570,53,1,95.99
23175,149,7570,54,1,131.19
23176,149,7570,56,1,327.69
23177,149,7570,159,1,132.33
23178,297,7571,42,1,162.27
23179,297,7571,46,1,121.09
23180,126,7572,48,1,377.48
23181,126,7572,42,2,162.27
23182,126,7572,50,1,103.84
23183,126,7572,46,1,121.09
23184,277,7573,2,1,6856.93
23185,277,7573,3,1,182.88
23186,277,7573,6,1,2618.75
23187,38,7574,98,1,449.02
23188,473,7575,2,1,6856.93
23189,473,7575,3,1,182.88
23190,473,7575,12,1,378.07
23191,473,7575,6,1,2618.75
23192,476,7576,48,1,377.48
23193,476,7576,47,2,691.19
23194,293,7577,80,1,996.58
23195,293,7577,162,1,2324.66
23196,477,7578,94,1,192.65
23197,477,7578,6,2,2618.75
23198,84,7579,9,1,864.52
23199,84,7579,2,1,6856.93
23200,84,7579,3,1,182.88
23201,84,7579,6,1,2618.75
23202,33,7580,72,1,295.83
23203,33,7580,75,1,670.09
23204,117,7581,83,1,584.83
23205,117,7581,198,2,440.15
23206,18,7582,48,1,377.48
23207,18,7582,42,1,162.27
23208,18,7582,47,1,691.19
23209,241,7583,144,1,91.59
23210,406,7584,146,1,323.76
23211,406,7584,163,2,417.18
23212,373,7585,56,1,327.69
23213,373,7585,51,1,66.67
23214,373,7585,53,1,95.99
23215,103,7586,34,1,269.1
23216,103,7586,35,1,790.82
23217,103,7586,38,1,325.54
23218,55,7587,124,1,4869.43
23219,55,7587,15,1,478.33
23220,432,7588,97,1,1968.21
23221,7,7589,23,1,3803.84
23222,490,7590,2,1,6856.93
23223,490,7590,3,1,182.88
23224,490,7590,6,1,2618.75
23225,490,7590,9,1,864.52
23226,490,7590,113,1,61.24
23227,307,7591,29,1,137.26
23228,195,7592,32,1,182.43
23229,195,7592,37,1,113.29
23230,195,7592,39,1,51.31
23231,195,7592,31,1,118.65
23232,195,7592,95,1,217.5
23233,386,7593,179,1,148.28
23234,386,7593,28,1,207.71
23235,475,7594,42,1,162.27
23236,475,7594,36,1,703.99
23237,475,7594,39,1,51.31
23238,475,7594,47,1,691.19
23239,87,7595,140,1,61.32
23240,87,7595,60,1,325.99
23241,32,7596,1,1,5429.43
23242,32,7596,10,1,96.42
23243,32,7596,4,1,1045.02
23244,32,7596,113,1,61.24
23245,112,7597,42,1,162.27
23246,112,7597,46,1,121.09
23247,230,7598,7,1,2063.12
23248,230,7598,42,1,162.27
23249,230,7598,14,1,687.06
23250,230,7598,47,1,691.19
23251,230,7598,48,1,377.48
23252,126,7599,48,1,377.48
23253,126,7599,46,1,121.09
23254,374,7600,51,1,66.67
23255,374,7600,53,1,95.99
23256,374,7600,56,1,327.69
23257,374,7600,124,1,4869.43
23258,374,7600,62,1,122.09
23259,482,7601,118,1,175.91
23260,399,7602,25,1,958.76
23261,399,7602,26,1,547.5
23262,399,7602,28,1,207.71
23263,399,7602,29,1,137.26
23264,267,7603,65,1,586.82
23265,353,7604,32,1,182.43
23266,353,7604,64,1,578.73
23267,353,7604,39,2,51.31
23268,353,7604,31,1,118.65
23269,377,7605,42,1,162.27
23270,377,7605,50,1,103.84
23271,377,7605,46,1,121.09
23272,184,7606,48,2,377.48
23273,184,7606,41,1,708.68
23274,184,7606,42,1,162.27
23275,184,7606,47,1,691.19
23276,30,7607,15,2,478.33
23277,212,7608,32,1,182.43
23278,212,7608,39,1,51.31
23279,212,7608,37,1,113.29
23280,212,7608,31,1,118.65
23281,268,7609,162,1,2324.66
23282,268,7609,146,2,323.76
23283,326,7610,70,1,1076.29
23284,326,7610,55,1,41.52
23285,143,7611,48,1,377.48
23286,143,7611,50,1,103.84
23287,143,7611,46,1,121.09
23288,194,7612,51,1,66.67
23289,194,7612,117,1,159.84
23290,194,7612,53,1,95.99
23291,194,7612,54,1,131.19
23292,194,7612,56,1,327.69
23293,142,7613,33,1,404.5
23294,142,7613,34,1,269.1
23295,142,7613,38,1,325.54
23296,319,7614,42,1,162.27
23297,319,7614,50,1,103.84
23298,319,7614,46,1,121.09
23299,319,7614,79,1,421.1
23300,460,7615,1,1,5429.43
23301,460,7615,10,1,96.42
23302,460,7615,4,1,1045.02
23303,26,7616,25,1,958.76
23304,26,7616,28,1,207.71
23305,26,7616,29,2,137.26
23306,490,7617,50,2,103.84
23307,395,7618,42,1,162.27
23308,395,7618,108,1,5179.59
23309,395,7618,46,2,121.09
23310,395,7618,48,1,377.48
23311,395,7618,50,1,103.84
23312,395,7618,94,1,192.65
23313,59,7619,134,1,3215.18
23314,159,7620,46,1,121.09
23315,159,7620,191,2,2178.66
23316,475,7621,164,1,297.97
23317,6,7622,148,1,658.67
23318,309,7623,48,2,377.48
23319,309,7623,165,1,867.11
23320,260,7624,50,1,103.84
23321,260,7624,46,1,121.09
23322,260,7624,130,1,3341.54
23323,405,7625,1,1,5429.43
23324,405,7625,62,1,122.09
23325,152,7626,116,1,136.01
23326,152,7626,86,1,336.99
23327,99,7627,48,1,377.48
23328,99,7627,42,1,162.27
23329,99,7627,50,1,103.84
23330,99,7627,46,1,121.09
23331,288,7628,152,1,92.66
23332,288,7628,1,1,5429.43
23333,277,7629,1,1,5429.43
23334,277,7629,10,1,96.42
23335,277,7629,187,2,521.01
23336,277,7629,4,1,1045.02
23337,465,7630,48,1,377.48
23338,465,7630,50,1,103.84
23339,465,7630,46,1,121.09
23340,274,7631,32,1,182.43
23341,274,7631,31,1,118.65
23342,142,7632,9,1,864.52
23343,142,7632,2,1,6856.93
23344,142,7632,3,1,182.88
23345,153,7633,35,1,790.82
23346,311,7634,65,1,586.82
23347,311,7634,140,1,61.32
23348,311,7634,25,1,958.76
23349,311,7634,26,1,547.5
23350,311,7634,28,1,207.71
23351,311,7634,29,1,137.26
23352,261,7635,17,1,281.04
23353,261,7635,75,1,670.09
23354,396,7636,178,1,3002.16
23355,396,7636,139,1,351.69
23356,7,7637,42,2,162.27
23357,7,7637,44,1,1768.56
23358,7,7637,46,1,121.09
23359,86,7638,32,1,182.43
23360,86,7638,119,1,1350.85
23361,86,7638,37,1,113.29
23362,86,7638,31,1,118.65
23363,49,7639,53,1,95.99
23364,49,7639,175,1,152.85
23365,443,7640,53,1,95.99
23366,443,7640,46,1,121.09
23367,264,7641,49,1,247.85
23368,356,7642,25,1,958.76
23369,356,7642,26,1,547.5
23370,356,7642,145,1,165.87
23371,356,7642,29,1,137.26
23372,410,7643,136,1,1233.09
23373,410,7643,41,1,708.68
23374,410,7643,47,1,691.19
23375,410,7643,48,1,377.48
23376,410,7643,188,1,2599.64
23377,361,7644,33,1,404.5
23378,361,7644,146,2,323.76
23379,308,7645,51,2,66.67
23380,308,7645,23,1,3803.84
23381,308,7645,53,2,95.99
23382,308,7645,54,1,131.19
23383,308,7645,149,1,652.63
23384,308,7645,56,1,327.69
23385,107,7646,56,1,327.69
23386,107,7646,51,1,66.67
23387,107,7646,53,1,95.99
23388,107,7646,54,1,131.19
23389,284,7647,2,1,6856.93
23390,284,7647,6,1,2618.75
23391,284,7647,9,1,864.52
23392,284,7647,89,1,73.16
23393,284,7647,58,1,143.75
23394,288,7648,25,1,958.76
23395,288,7648,26,1,547.5
23396,288,7648,28,1,207.71
23397,167,7649,156,1,131.66
23398,60,7650,9,1,864.52
23399,60,7650,2,1,6856.93
23400,60,7650,3,1,182.88
23401,379,7651,56,1,327.69
23402,379,7651,51,1,66.67
23403,379,7651,54,1,131.19
23404,484,7652,51,1,66.67
23405,484,7652,53,1,95.99
23406,484,7652,54,1,131.19
23407,484,7652,56,1,327.69
23408,484,7652,26,1,547.5
23409,265,7653,113,1,61.24
23410,265,7653,63,1,557.39
23411,389,7654,1,1,5429.43
23412,389,7654,10,2,96.42
23413,389,7654,3,1,182.88
23414,333,7655,9,1,864.52
23415,333,7655,2,1,6856.93
23416,333,7655,3,1,182.88
23417,333,7655,6,2,2618.75
23418,324,7656,41,1,708.68
23419,324,7656,42,1,162.27
23420,324,7656,47,1,691.19
23421,324,7656,48,1,377.48
23422,324,7656,55,1,41.52
23423,88,7657,186,2,109.52
23424,78,7658,1,1,5429.43
23425,78,7658,3,1,182.88
23426,78,7658,4,1,1045.02
23427,78,7658,10,1,96.42
23428,78,7658,171,2,100.57
23429,155,7659,88,1,398.34
23430,155,7659,71,1,241.15
23431,470,7660,33,2,404.5
23432,470,7660,34,1,269.1
23433,470,7660,35,1,790.82
23434,470,7660,38,1,325.54
23435,299,7661,182,1,190.33
23436,157,7662,2,1,6856.93
23437,157,7662,3,1,182.88
23438,326,7663,32,1,182.43
23439,326,7663,37,1,113.29
23440,326,7663,94,1,192.65
23441,326,7663,31,1,118.65
23442,361,7664,77,1,193.57
23443,319,7665,160,1,298.73
23444,319,7665,107,1,5057.62
23445,396,7666,122,1,696.77
23446,396,7666,51,1,66.67
23447,396,7666,54,1,131.19
23448,396,7666,56,1,327.69
23449,396,7666,58,1,143.75
23450,479,7667,86,1,336.99
23451,150,7668,193,1,256.05
23452,150,7668,43,1,1574.27
23453,150,7668,46,1,121.09
23454,150,7668,48,1,377.48
23455,150,7668,50,1,103.84
23456,196,7669,17,2,281.04
23457,347,7670,1,2,5429.43
23458,347,7670,10,1,96.42
23459,347,7670,3,2,182.88
23460,347,7670,173,1,426.85
23461,61,7671,48,1,377.48
23462,61,7671,42,1,162.27
23463,61,7671,47,1,691.19
23464,321,7672,149,1,652.63
23465,227,7673,32,1,182.43
23466,227,7673,35,1,790.82
23467,227,7673,37,1,113.29
23468,227,7673,39,1,51.31
23469,227,7673,188,1,2599.64
23470,17,7674,48,1,377.48
23471,17,7674,41,1,708.68
23472,17,7674,42,1,162.27
23473,17,7674,47,1,691.19
23474,351,7675,1,1,5429.43
23475,351,7675,3,1,182.88
23476,351,7675,4,1,1045.02
23477,351,7675,10,1,96.42
23478,351,7675,24,1,362.63
23479,243,7676,1,1,5429.43
23480,243,7676,10,1,96.42
23481,243,7676,153,1,564.14
23482,243,7676,4,1,1045.02
23483,68,7677,112,2,2651.9
23484,68,7677,153,1,564.14
23485,64,7678,138,1,2075.88
23486,410,7679,1,1,5429.43
23487,410,7679,3,1,182.88
23488,410,7679,4,1,1045.02
23489,67,7680,41,1,708.68
23490,67,7680,172,1,72.49
23491,67,7680,14,1,687.06
23492,67,7680,47,1,691.19
23493,67,7680,48,1,377.48
23494,354,7681,53,1,95.99
23495,354,7681,13,2,342.07
23496,404,7682,104,1,146.34
23497,404,7682,2,1,6856.93
23498,404,7682,3,1,182.88
23499,404,7682,6,1,2618.75
23500,407,7683,25,1,958.76
23501,407,7683,26,1,547.5
23502,463,7684,25,1,958.76
23503,463,7684,26,2,547.5
23504,374,7685,2,1,6856.93
23505,374,7685,3,1,182.88
23506,374,7685,6,1,2618.75
23507,374,7685,191,1,2178.66
23508,353,7686,39,1,51.31
23509,146,7687,51,1,66.67
23510,146,7687,53,1,95.99
23511,149,7688,48,1,377.48
23512,149,7688,50,1,103.84
23513,149,7688,46,2,121.09
23514,406,7689,42,1,162.27
23515,406,7689,50,1,103.84
23516,406,7689,46,1,121.09
23517,41,7690,1,1,5429.43
23518,41,7690,10,1,96.42
23519,41,7690,3,1,182.88
23520,41,7690,4,1,1045.02
23521,394,7691,32,1,182.43
23522,394,7691,93,2,304.48
23523,394,7691,39,1,51.31
23524,394,7691,31,1,118.65
23525,21,7692,25,1,958.76
23526,21,7692,28,2,207.71
23527,21,7692,29,1,137.26
23528,21,7692,166,1,184.75
23529,142,7693,58,1,143.75
23530,142,7693,102,1,1982.66
23531,142,7693,25,1,958.76
23532,142,7693,26,1,547.5
23533,142,7693,28,1,207.71
23534,142,7693,29,1,137.26
23535,79,7694,184,1,617.48
23536,399,7695,42,1,162.27
23537,399,7695,50,1,103.84
23538,399,7695,46,1,121.09
23539,275,7696,166,1,184.75
23540,275,7696,143,1,602.95
23541,244,7697,51,1,66.67
23542,244,7697,5,1,1043.64
23543,332,7698,81,1,1613.84
23544,84,7699,25,1,958.76
23545,84,7699,26,2,547.5
23546,84,7699,28,1,207.71
23547,84,7699,150,1,244.37
23548,454,7700,9,2,864.52
23549,454,7700,2,2,6856.93
23550,454,7700,3,1,182.88
23551,14,7701,32,1,182.43
23552,14,7701,89,1,73.16
23553,14,7701,31,1,118.65
23554,222,7702,48,1,377.48
23555,222,7702,50,1,103.84
23556,222,7702,45,1,207.67
23557,222,7702,46,1,121.09
23558,335,7703,42,1,162.27
23559,335,7703,46,1,121.09
23560,335,7703,48,1,377.48
23561,335,7703,50,1,103.84
23562,335,7703,27,1,1128.13
23563,242,7704,32,1,182.43
23564,242,7704,20,1,600.91
23565,242,7704,39,1,51.31
23566,242,7704,31,2,118.65
23567,215,7705,123,1,140.92
23568,215,7705,62,1,122.09
23569,492,7706,83,1,584.83
23570,41,7707,33,1,404.5
23571,41,7707,34,1,269.1
23572,41,7707,35,1,790.82
23573,41,7707,38,1,325.54
23574,41,7707,177,1,3544.65
23575,448,7708,1,1,5429.43
23576,448,7708,3,2,182.88
23577,448,7708,196,1,211.44
23578,448,7708,4,1,1045.02
23579,448,7708,10,1,96.42
23580,448,7708,176,1,1269.55
23581,467,7709,148,1,658.67
23582,281,7710,160,1,298.73
23583,281,7710,135,1,248.61
23584,461,7711,32,1,182.43
23585,461,7711,37,1,113.29
23586,461,7711,39,1,51.31
23587,461,7711,174,1,886.97
23588,461,7711,17,1,281.04
23589,461,7711,31,1,118.65
23590,92,7712,1,2,5429.43
23591,92,7712,4,2,1045.02
23592,92,7712,10,1,96.42
23593,92,7712,155,1,298.62
23594,92,7712,190,1,615.39
23595,212,7713,9,1,864.52
23596,212,7713,2,1,6856.93
23597,212,7713,3,1,182.88
23598,449,7714,3,1,182.88
23599,449,7714,37,1,113.29
23600,449,7714,41,1,708.68
23601,449,7714,42,2,162.27
23602,449,7714,47,2,691.19
23603,240,7715,51,1,66.67
23604,240,7715,53,1,95.99
23605,240,7715,195,2,411.6
23606,421,7716,2,1,6856.93
23607,421,7716,3,2,182.88
23608,421,7716,100,1,418.81
23609,388,7717,25,2,958.76
23610,388,7717,28,1,207.71
23611,388,7717,29,1,137.26
23612,100,7718,33,1,404.5
23613,100,7718,34,1,269.1
23614,100,7718,35,1,790.82
23615,100,7718,1,1,5429.43
23616,100,7718,100,1,418.81
23617,100,7718,38,1,325.54
23618,165,7719,51,1,66.67
23619,165,7719,196,1,211.44
23620,200,7720,152,1,92.66
23621,200,7720,18,1,685.51
23622,377,7721,2,1,6856.93
23623,377,7721,6,1,2618.75
23624,377,7721,9,1,864.52
23625,377,7721,174,1,886.97
23626,377,7721,16,1,680.77
23627,264,7722,56,1,327.69
23628,264,7722,126,1,224.49
23629,264,7722,51,1,66.67
23630,264,7722,54,1,131.19
23631,198,7723,171,1,100.57
23632,198,7723,51,1,66.67
23633,198,7723,53,1,95.99
23634,198,7723,47,2,691.19
23635,434,7724,1,1,5429.43
23636,434,7724,10,1,96.42
23637,434,7724,3,1,182.88
23638,434,7724,4,1,1045.02
23639,248,7725,161,1,280.14
23640,248,7725,131,1,457.64
23641,121,7726,48,1,377.48
23642,121,7726,42,1,162.27
23643,121,7726,46,1,121.09
23644,465,7727,139,1,351.69
23645,358,7728,2,2,6856.93
23646,358,7728,61,1,1462.89
23647,347,7729,9,1,864.52
23648,347,7729,2,1,6856.93
23649,347,7729,6,1,2618.75
23650,225,7730,16,1,680.77
23651,203,7731,168,1,126.51
23652,203,7731,71,1,241.15
23653,140,7732,33,1,404.5
23654,140,7732,34,1,269.1
23655,140,7732,35,1,790.82
23656,140,7732,38,1,325.54
23657,300,7733,25,1,958.76
23658,300,7733,26,1,547.5
23659,300,7733,29,1,137.26
23660,360,7734,189,1,46.18
23661,360,7734,167,1,104.4
23662,184,7735,19,1,195.42
23663,184,7735,103,1,398.87
23664,66,7736,42,2,162.27
23665,66,7736,196,1,211.44
23666,66,7736,50,1,103.84
23667,66,7736,46,1,121.09
23668,372,7737,2,1,6856.93
23669,372,7737,6,1,2618.75
23670,372,7737,9,1,864.52
23671,372,7737,44,1,1768.56
23672,372,7737,95,2,217.5
23673,397,7738,26,1,547.5
23674,158,7739,9,1,864.52
23675,158,7739,2,1,6856.93
23676,158,7739,3,2,182.88
23677,193,7740,18,1,685.51
23678,186,7741,56,1,327.69
23679,186,7741,51,1,66.67
23680,186,7741,54,1,131.19
23681,313,7742,80,1,996.58
23682,456,7743,99,1,185.24
23683,456,7743,195,1,411.6
23684,151,7744,32,1,182.43
23685,151,7744,25,1,958.76
23686,151,7744,37,1,113.29
23687,151,7744,39,1,51.31
23688,243,7745,2,1,6856.93
23689,243,7745,3,1,182.88
23690,243,7745,60,1,325.99
23691,476,7746,32,1,182.43
23692,476,7746,113,1,61.24
23693,476,7746,39,2,51.31
23694,449,7747,141,1,449.82
23695,449,7747,151,1,71.91
23696,148,7748,25,2,958.76
23697,124,7749,177,1,3544.65
23698,124,7749,86,1,336.99
23699,124,7749,25,1,958.76
23700,124,7749,26,1,547.5
23701,124,7749,28,1,207.71
23702,321,7750,130,1,3341.54
23703,321,7750,36,1,703.99
23704,321,7750,42,1,162.27
23705,321,7750,46,2,121.09
23706,321,7750,50,1,103.84
23707,67,7751,25,1,958.76
23708,67,7751,26,1,547.5
23709,67,7751,28,2,207.71
23710,439,7752,108,1,5179.59
23711,479,7753,143,1,602.95
23712,88,7754,32,1,182.43
23713,88,7754,129,1,94.56
23714,88,7754,37,1,113.29
23715,88,7754,198,1,440.15
23716,88,7754,39,1,51.31
23717,88,7754,31,1,118.65
23718,273,7755,193,1,256.05
23719,338,7756,1,1,5429.43
23720,338,7756,3,1,182.88
23721,338,7756,4,1,1045.02
23722,154,7757,141,1,449.82
23723,154,7757,167,1,104.4
23724,258,7758,34,1,269.1
23725,258,7758,38,1,325.54
23726,266,7759,15,2,478.33
23727,234,7760,33,1,404.5
23728,234,7760,34,2,269.1
23729,234,7760,35,1,790.82
23730,234,7760,38,1,325.54
23731,367,7761,195,1,411.6
23732,367,7761,117,1,159.84
23733,367,7761,46,1,121.09
23734,316,7762,194,1,582.97
23735,316,7762,78,2,637.27
23736,21,7763,131,1,457.64
23737,21,7763,150,1,244.37
23738,395,7764,22,1,2057.09
23739,209,7765,42,1,162.27
23740,209,7765,174,1,886.97
23741,209,7765,46,1,121.09
23742,209,7765,48,1,377.48
23743,209,7765,145,1,165.87
23744,209,7765,50,1,103.84
23745,270,7766,2,1,6856.93
23746,270,7766,100,1,418.81
23747,43,7767,109,1,44.98
23748,43,7767,102,1,1982.66
23749,229,7768,25,1,958.76
23750,229,7768,26,1,547.5
23751,229,7768,29,1,137.26
23752,297,7769,116,2,136.01
23753,297,7769,7,1,2063.12
23754,119,7770,9,1,864.52
23755,119,7770,2,1,6856.93
23756,119,7770,3,1,182.88
23757,119,7770,33,2,404.5
23758,487,7771,48,1,377.48
23759,487,7771,42,1,162.27
23760,487,7771,50,1,103.84
23761,487,7771,46,1,121.09
23762,211,7772,141,1,449.82
23763,211,7772,119,1,1350.85
23764,279,7773,72,1,295.83
23765,279,7773,64,2,578.73
23766,121,7774,87,1,281.44
23767,200,7775,1,2,5429.43
23768,200,7775,4,1,1045.02
23769,200,7775,119,1,1350.85
23770,80,7776,52,1,108.37
23771,112,7777,32,1,182.43
23772,112,7777,37,2,113.29
23773,112,7777,102,1,1982.66
23774,112,7777,113,1,61.24
23775,112,7777,31,1,118.65
23776,95,7778,32,1,182.43
23777,95,7778,39,1,51.31
23778,95,7778,37,1,113.29
23779,95,7778,31,1,118.65
23780,371,7779,3,1,182.88
23781,371,7779,14,1,687.06
23782,408,7780,42,1,162.27
23783,408,7780,50,1,103.84
23784,408,7780,46,1,121.09
23785,408,7780,114,1,246.79
23786,391,7781,32,2,182.43
23787,391,7781,37,1,113.29
23788,391,7781,39,1,51.31
23789,391,7781,169,1,452.68
23790,391,7781,31,1,118.65
23791,140,7782,103,1,398.87
23792,140,7782,41,1,708.68
23793,140,7782,42,1,162.27
23794,140,7782,47,1,691.19
23795,140,7782,48,1,377.48
23796,140,7782,80,1,996.58
23797,268,7783,50,2,103.84
23798,146,7784,1,1,5429.43
23799,146,7784,3,1,182.88
23800,146,7784,4,1,1045.02
23801,484,7785,172,1,72.49
23802,53,7786,56,1,327.69
23803,53,7786,51,1,66.67
23804,53,7786,53,1,95.99
23805,53,7786,54,2,131.19
23806,383,7787,56,1,327.69
23807,383,7787,91,1,978.27
23808,383,7787,51,1,66.67
23809,383,7787,54,2,131.19
23810,206,7788,116,1,136.01
23811,206,7788,38,1,325.54
23812,347,7789,151,1,71.91
23813,48,7790,42,1,162.27
23814,48,7790,47,1,691.19
23815,175,7791,1,1,5429.43
23816,175,7791,3,1,182.88
23817,175,7791,4,1,1045.02
23818,51,7792,32,1,182.43
23819,51,7792,39,1,51.31
23820,51,7792,37,1,113.29
23821,51,7792,31,1,118.65
23822,396,7793,75,1,670.09
23823,3,7794,2,1,6856.93
23824,3,7794,3,1,182.88
23825,3,7794,5,1,1043.64
23826,3,7794,6,1,2618.75
23827,3,7794,9,1,864.52
23828,384,7795,160,1,298.73
23829,384,7795,2,1,6856.93
23830,384,7795,3,1,182.88
23831,384,7795,6,2,2618.75
23832,384,7795,9,1,864.52
23833,453,7796,88,1,398.34
23834,453,7796,160,1,298.73
23835,431,7797,195,1,411.6
23836,431,7797,92,1,182.48
23837,374,7798,171,1,100.57
23838,374,7798,25,1,958.76
23839,374,7798,26,1,547.5
23840,374,7798,28,1,207.71
23841,374,7798,29,1,137.26
23842,374,7798,62,1,122.09
23843,290,7799,1,1,5429.43
23844,290,7799,10,2,96.42
23845,290,7799,4,1,1045.02
23846,286,7800,1,1,5429.43
23847,286,7800,3,1,182.88
23848,389,7801,13,1,342.07
23849,468,7802,13,1,342.07
23850,468,7802,46,1,121.09
23851,468,7802,48,1,377.48
23852,468,7802,50,1,103.84
23853,468,7802,127,1,209.71
23854,488,7803,42,1,162.27
23855,488,7803,50,1,103.84
23856,488,7803,46,1,121.09
23857,407,7804,121,1,279.43
23858,407,7804,34,1,269.1
23859,407,7804,35,1,790.82
23860,407,7804,38,1,325.54
23861,78,7805,2,1,6856.93
23862,78,7805,3,1,182.88
23863,78,7805,194,1,582.97
23864,78,7805,6,1,2618.75
23865,78,7805,8,1,338.12
23866,78,7805,9,1,864.52
23867,111,7806,32,1,182.43
23868,111,7806,37,1,113.29
23869,111,7806,31,1,118.65
23870,370,7807,33,1,404.5
23871,370,7807,34,1,269.1
23872,370,7807,38,1,325.54
23873,368,7808,161,1,280.14
23874,368,7808,70,1,1076.29
23875,308,7809,105,1,250.27
23876,308,7809,119,1,1350.85
23877,473,7810,1,1,5429.43
23878,473,7810,10,1,96.42
23879,473,7810,3,2,182.88
23880,139,7811,149,1,652.63
23881,139,7811,87,2,281.44
23882,177,7812,192,1,105.53
23883,177,7812,59,1,88.07
23884,395,7813,53,1,95.99
23885,329,7814,1,1,5429.43
23886,329,7814,178,1,3002.16
23887,470,7815,149,1,652.63
23888,405,7816,33,1,404.5
23889,405,7816,34,2,269.1
23890,405,7816,38,1,325.54
23891,405,7816,12,1,378.07
23892,405,7816,87,1,281.44
23893,374,7817,28,1,207.71
23894,374,7817,135,1,248.61
23895,328,7818,136,1,1233.09
23896,328,7818,42,1,162.27
23897,328,7818,46,2,121.09
23898,328,7818,48,1,377.48
23899,328,7818,50,1,103.84
23900,195,7819,32,1,182.43
23901,195,7819,37,1,113.29
23902,195,7819,39,1,51.31
23903,195,7819,116,1,136.01
23904,195,7819,31,1,118.65
23905,281,7820,1,1,5429.43
23906,281,7820,3,1,182.88
23907,281,7820,4,2,1045.02
23908,281,7820,69,2,5185.33
23909,281,7820,10,1,96.42
23910,60,7821,32,1,182.43
23911,60,7821,39,1,51.31
23912,60,7821,31,2,118.65
23913,500,7822,9,1,864.52
23914,500,7822,2,2,6856.93
23915,500,7822,3,1,182.88
23916,500,7822,116,1,136.01
23917,329,7823,26,1,547.5
23918,329,7823,19,1,195.42
23919,489,7824,85,1,1742.75
23920,500,7825,56,1,327.69
23921,500,7825,51,1,66.67
23922,500,7825,53,2,95.99
23923,500,7825,54,1,131.19
23924,464,7826,33,1,404.5
23925,464,7826,34,1,269.1
23926,464,7826,35,1,790.82
23927,464,7826,199,2,107.47
23928,382,7827,72,1,295.83
23929,382,7827,51,1,66.67
23930,382,7827,53,1,95.99
23931,382,7827,54,1,131.19
23932,474,7828,33,1,404.5
23933,474,7828,34,1,269.1
23934,474,7828,35,2,790.82
23935,232,7829,24,1,362.63
23936,123,7830,25,1,958.76
23937,123,7830,26,1,547.5
23938,123,7830,28,1,207.71
23939,368,7831,42,1,162.27
23940,368,7831,46,1,121.09
23941,368,7831,48,1,377.48
23942,368,7831,50,1,103.84
23943,368,7831,84,2,98.36
23944,368,7831,191,1,2178.66
23945,217,7832,34,1,269.1
23946,493,7833,41,1,708.68
23947,493,7833,124,1,4869.43
23948,493,7833,77,1,193.57
23949,493,7833,47,2,691.19
23950,114,7834,103,2,398.87
23951,114,7834,25,2,958.76
23952,114,7834,26,2,547.5
23953,114,7834,28,1,207.71
23954,114,7834,29,1,137.26
23955,115,7835,51,1,66.67
23956,404,7836,4,1,1045.02
23957,404,7836,115,1,131.51
23958,404,7836,51,1,66.67
23959,404,7836,53,1,95.99
23960,404,7836,54,1,131.19
23961,84,7837,48,1,377.48
23962,84,7837,41,1,708.68
23963,84,7837,47,1,691.19
23964,412,7838,171,1,100.57
23965,412,7838,133,1,165.39
23966,254,7839,2,1,6856.93
23967,254,7839,6,1,2618.75
23968,254,7839,39,1,51.31
23969,254,7839,9,2,864.52
23970,254,7839,82,1,482.06
23971,275,7840,129,1,94.56
23972,275,7840,97,1,1968.21
23973,352,7841,114,1,246.79
23974,251,7842,160,1,298.73
23975,251,7842,99,2,185.24
23976,251,7842,42,2,162.27
23977,251,7842,46,2,121.09
23978,251,7842,48,1,377.48
23979,251,7842,50,1,103.84
23980,210,7843,138,1,2075.88
23981,210,7843,12,2,378.07
23982,110,7844,132,2,284.92
23983,110,7844,41,1,708.68
23984,110,7844,42,1,162.27
23985,110,7844,143,2,602.95
23986,110,7844,48,1,377.48
23987,110,7844,47,1,691.19
23988,138,7845,33,1,404.5
23989,138,7845,34,1,269.1
23990,138,7845,35,1,790.82
23991,138,7845,141,1,449.82
23992,170,7846,75,1,670.09
23993,170,7846,178,1,3002.16
23994,170,7846,51,1,66.67
23995,170,7846,53,1,95.99
23996,170,7846,54,1,131.19
23997,170,7846,56,1,327.69
23998,12,7847,32,2,182.43
23999,12,7847,39,1,51.31
24000,12,7847,37,1,113.29
24001,12,7847,31,1,118.65
24002,361,7848,120,1,37.31
24003,361,7848,139,1,351.69
24004,468,7849,1,1,5429.43
24005,468,7849,3,1,182.88
24006,468,7849,4,1,1045.02
24007,424,7850,129,1,94.56
24008,424,7850,2,1,6856.93
24009,424,7850,3,1,182.88
24010,424,7850,134,1,3215.18
24011,424,7850,6,1,2618.75
24012,390,7851,142,1,243.55
24013,390,7851,51,1,66.67
24014,390,7851,53,1,95.99
24015,390,7851,54,2,131.19
24016,390,7851,151,1,71.91
24017,390,7851,56,1,327.69
24018,78,7852,167,1,104.4
24019,78,7852,42,1,162.27
24020,78,7852,46,1,121.09
24021,78,7852,48,1,377.48
24022,78,7852,50,1,103.84
24023,78,7852,56,1,327.69
24024,393,7853,31,1,118.65
24025,393,7854,2,2,6856.93
24026,393,7854,3,1,182.88
24027,393,7854,9,2,864.52
24028,393,7854,174,1,886.97
24029,393,7854,116,1,136.01
24030,113,7855,1,1,5429.43
24031,113,7855,65,1,586.82
24032,113,7855,51,1,66.67
24033,113,7855,53,1,95.99
24034,113,7855,56,1,327.69
24035,34,7856,3,1,182.88
24036,34,7856,188,1,2599.64
24037,322,7857,72,1,295.83
24038,322,7857,26,1,547.5
24039,204,7858,56,1,327.69
24040,204,7858,51,1,66.67
24041,204,7858,53,1,95.99
24042,204,7858,46,1,121.09
24043,374,7859,196,1,211.44
24044,225,7860,137,2,593.31
24045,225,7860,46,1,121.09
24046,460,7861,148,1,658.67
24047,460,7861,76,1,110.25
24048,471,7862,42,1,162.27
24049,471,7862,139,1,351.69
24050,471,7862,195,1,411.6
24051,471,7862,47,1,691.19
24052,196,7863,42,1,162.27
24053,196,7863,50,1,103.84
24054,196,7863,46,1,121.09
24055,352,7864,32,1,182.43
24056,352,7864,17,2,281.04
24057,352,7864,25,1,958.76
24058,352,7864,26,1,547.5
24059,352,7864,28,1,207.71
24060,141,7865,1,1,5429.43
24061,141,7865,10,1,96.42
24062,141,7865,82,1,482.06
24063,141,7865,127,2,209.71
24064,16,7866,32,1,182.43
24065,16,7866,110,1,228.23
24066,134,7867,105,1,250.27
24067,134,7867,92,1,182.48
24068,332,7868,64,1,578.73
24069,332,7868,165,1,867.11
24070,332,7868,42,1,162.27
24071,332,7868,46,1,121.09
24072,332,7868,50,1,103.84
24073,62,7869,42,1,162.27
24074,62,7869,46,1,121.09
24075,86,7870,25,1,958.76
24076,86,7870,26,1,547.5
24077,86,7870,28,1,207.71
24078,86,7870,29,1,137.26
24079,5,7871,73,1,249.37
24080,371,7872,184,1,617.48
24081,371,7872,34,1,269.1
24082,371,7872,35,1,790.82
24083,371,7872,38,1,325.54
24084,388,7873,47,1,691.19
24085,388,7873,103,1,398.87
24086,219,7874,1,1,5429.43
24087,219,7874,3,1,182.88
24088,219,7874,4,1,1045.02
24089,219,7874,10,1,96.42
24090,219,7874,146,1,323.76
24091,38,7875,1,1,5429.43
24092,38,7875,2,1,6856.93
24093,38,7875,3,1,182.88
24094,38,7875,6,1,2618.75
24095,38,7875,9,1,864.52
24096,149,7876,155,1,298.62
24097,302,7877,12,2,378.07
24098,302,7877,178,1,3002.16
24099,302,7877,51,1,66.67
24100,302,7877,54,1,131.19
24101,302,7877,56,2,327.69
24102,418,7878,168,1,126.51
24103,418,7878,50,1,103.84
24104,169,7879,33,1,404.5
24105,169,7879,34,1,269.1
24106,169,7879,35,1,790.82
24107,169,7879,38,1,325.54
24108,169,7879,117,1,159.84
24109,275,7880,93,1,304.48
24110,275,7880,157,1,278.2
24111,441,7881,153,1,564.14
24112,441,7881,156,1,131.66
24113,396,7882,98,1,449.02
24114,396,7882,172,1,72.49
24115,131,7883,175,1,152.85
24116,123,7884,25,1,958.76
24117,49,7885,4,1,1045.02
24118,476,7886,42,1,162.27
24119,476,7886,46,1,121.09
24120,292,7887,48,1,377.48
24121,292,7887,42,2,162.27
24122,292,7887,50,1,103.84
24123,292,7887,46,1,121.09
24124,137,7888,129,1,94.56
24125,137,7888,42,1,162.27
24126,137,7888,50,1,103.84
24127,137,7888,46,1,121.09
24128,144,7889,94,1,192.65
24129,252,7890,2,1,6856.93
24130,252,7890,3,1,182.88
24131,252,7890,6,1,2618.75
24132,252,7890,9,1,864.52
24133,252,7890,110,1,228.23
24134,252,7890,149,1,652.63
24135,245,7891,2,1,6856.93
24136,245,7891,3,1,182.88
24137,245,7891,6,1,2618.75
24138,245,7891,9,1,864.52
24139,245,7891,51,1,66.67
24140,245,7891,181,1,353.61
24141,247,7892,41,1,708.68
24142,247,7892,42,1,162.27
24143,247,7892,105,1,250.27
24144,247,7892,47,1,691.19
24145,247,7892,48,1,377.48
24146,247,7892,178,1,3002.16
24147,341,7893,1,2,5429.43
24148,284,7894,56,2,327.69
24149,284,7894,51,1,66.67
24150,284,7894,53,1,95.99
24151,284,7894,54,1,131.19
24152,282,7895,33,1,404.5
24153,282,7895,34,1,269.1
24154,282,7895,35,1,790.82
24155,282,7895,38,1,325.54
24156,282,7895,80,1,996.58
24157,196,7896,89,2,73.16
24158,196,7896,51,1,66.67
24159,196,7896,53,1,95.99
24160,196,7896,56,1,327.69
24161,196,7896,25,1,958.76
24162,105,7897,25,1,958.76
24163,105,7897,26,1,547.5
24164,126,7898,110,1,228.23
24165,35,7899,32,1,182.43
24166,35,7899,37,1,113.29
24167,35,7899,112,1,2651.9
24168,35,7899,87,1,281.44
24169,35,7899,31,1,118.65
24170,270,7900,4,1,1045.02
24171,270,7900,85,1,1742.75
24172,142,7901,2,1,6856.93
24173,142,7901,19,1,195.42
24174,142,7901,36,2,703.99
24175,385,7902,140,1,61.32
24176,385,7902,54,1,131.19
24177,236,7903,1,1,5429.43
24178,236,7903,3,1,182.88
24179,479,7904,42,1,162.27
24180,479,7904,47,1,691.19
24181,307,7905,33,1,404.5
24182,307,7905,34,1,269.1
24183,307,7905,38,2,325.54
24184,307,7905,135,1,248.61
24185,137,7906,48,1,377.48
24186,137,7906,24,1,362.63
24187,406,7907,1,1,5429.43
24188,406,7907,10,1,96.42
24189,406,7907,3,1,182.88
24190,406,7907,4,1,1045.02
24191,491,7908,68,1,1081.84
24192,491,7908,41,1,708.68
24193,491,7908,42,2,162.27
24194,491,7908,9,2,864.52
24195,491,7908,47,1,691.19
24196,491,7908,48,1,377.48
24197,334,7909,25,1,958.76
24198,334,7909,26,1,547.5
24199,334,7909,28,2,207.71
24200,334,7909,29,1,137.26
24201,273,7910,1,1,5429.43
24202,273,7910,3,1,182.88
24203,273,7910,10,1,96.42
24204,273,7910,147,2,4075.22
24205,273,7910,94,1,192.65
24206,385,7911,3,1,182.88
24207,385,7911,200,1,284.58
24208,385,7911,25,2,958.76
24209,385,7911,28,1,207.71
24210,385,7911,29,1,137.26
24211,499,7912,33,1,404.5
24212,499,7912,34,1,269.1
24213,499,7912,35,1,790.82
24214,499,7912,38,1,325.54
24215,10,7913,100,1,418.81
24216,375,7914,39,1,51.31
24217,375,7914,25,1,958.76
24218,375,7914,26,1,547.5
24219,375,7914,28,1,207.71
24220,375,7914,190,1,615.39
24221,319,7915,161,1,280.14
24222,319,7915,131,1,457.64
24223,319,7915,46,1,121.09
24224,8,7916,33,1,404.5
24225,8,7916,34,1,269.1
24226,8,7916,38,1,325.54
24227,483,7917,56,1,327.69
24228,483,7917,51,1,66.67
24229,483,7917,54,1,131.19
24230,298,7918,41,2,708.68
24231,298,7918,42,1,162.27
24232,298,7918,47,1,691.19
24233,298,7918,48,1,377.48
24234,298,7918,86,1,336.99
24235,78,7919,48,1,377.48
24236,78,7919,52,1,108.37
24237,78,7919,46,1,121.09
24238,208,7920,64,1,578.73
24239,208,7920,133,1,165.39
24240,61,7921,60,1,325.99
24241,61,7921,85,1,1742.75
24242,186,7922,6,2,2618.75
24243,287,7923,25,1,958.76
24244,287,7923,28,1,207.71
24245,287,7923,29,1,137.26
24246,295,7924,115,1,131.51
24247,295,7924,54,1,131.19
24248,288,7925,41,1,708.68
24249,288,7925,47,1,691.19
24250,46,7926,25,2,958.76
24251,46,7926,26,1,547.5
24252,46,7926,28,1,207.71
24253,278,7927,1,2,5429.43
24254,278,7927,50,1,103.84
24255,278,7927,46,1,121.09
24256,301,7928,48,1,377.48
24257,301,7928,42,1,162.27
24258,301,7928,50,1,103.84
24259,301,7928,46,1,121.09
24260,421,7929,33,1,404.5
24261,421,7929,34,1,269.1
24262,421,7929,35,1,790.82
24263,421,7929,165,1,867.11
24264,421,7929,38,1,325.54
24265,257,7930,2,1,6856.93
24266,257,7930,3,1,182.88
24267,257,7930,6,1,2618.75
24268,257,7930,9,1,864.52
24269,257,7930,170,1,810.36
24270,257,7930,145,1,165.87
24271,64,7931,101,1,241.26
24272,64,7931,17,1,281.04
24273,64,7931,51,1,66.67
24274,64,7931,53,1,95.99
24275,64,7931,54,1,131.19
24276,64,7931,56,1,327.69
24277,208,7932,9,1,864.52
24278,208,7932,2,1,6856.93
24279,208,7932,3,1,182.88
24280,208,7932,6,1,2618.75
24281,283,7933,117,1,159.84
24282,283,7933,23,2,3803.84
24283,486,7934,1,1,5429.43
24284,486,7934,10,1,96.42
24285,486,7934,3,1,182.88
24286,438,7935,34,1,269.1
24287,438,7935,131,1,457.64
24288,438,7935,38,1,325.54
24289,404,7936,178,1,3002.16
24290,404,7936,87,1,281.44
24291,459,7937,117,1,159.84
24292,84,7938,36,1,703.99
24293,84,7938,125,1,208.91
24294,34,7939,2,1,6856.93
24295,34,7939,3,1,182.88
24296,34,7939,9,1,864.52
24297,34,7939,107,1,5057.62
24298,34,7939,47,1,691.19
24299,56,7940,7,1,2063.12
24300,323,7941,107,1,5057.62
24301,323,7941,44,1,1768.56
24302,404,7942,47,1,691.19
24303,495,7943,41,1,708.68
24304,495,7943,79,1,421.1
24305,495,7943,51,1,66.67
24306,495,7943,53,1,95.99
24307,495,7943,54,1,131.19
24308,272,7944,141,1,449.82
24309,272,7944,166,1,184.75
24310,96,7945,32,1,182.43
24311,96,7945,37,1,113.29
24312,96,7945,31,1,118.65
24313,41,7946,85,1,1742.75
24314,41,7946,29,2,137.26
24315,185,7947,145,1,165.87
24316,185,7947,173,1,426.85
24317,210,7948,130,1,3341.54
24318,276,7949,56,1,327.69
24319,276,7949,51,1,66.67
24320,276,7949,53,1,95.99
24321,276,7949,54,1,131.19
24322,445,7950,195,1,411.6
24323,445,7950,127,1,209.71
24324,232,7951,94,1,192.65
24325,74,7952,59,1,88.07
24326,74,7952,102,1,1982.66
24327,366,7953,116,1,136.01
24328,401,7954,1,1,5429.43
24329,401,7954,3,1,182.88
24330,401,7954,4,1,1045.02
24331,401,7954,173,1,426.85
24332,70,7955,25,1,958.76
24333,70,7955,29,1,137.26
24334,444,7956,102,1,1982.66
24335,19,7957,77,1,193.57
24336,206,7958,33,1,404.5
24337,206,7958,34,1,269.1
24338,206,7958,35,1,790.82
24339,206,7958,198,1,440.15
24340,206,7958,38,1,325.54
24341,481,7959,33,1,404.5
24342,481,7959,34,1,269.1
24343,481,7959,35,1,790.82
24344,481,7959,38,1,325.54
24345,481,7959,181,1,353.61
24346,104,7960,160,1,298.73
24347,104,7960,103,2,398.87
24348,435,7961,32,1,182.43
24349,435,7961,77,1,193.57
24350,435,7961,39,1,51.31
24351,435,7961,31,1,118.65
24352,195,7962,100,1,418.81
24353,195,7962,54,1,131.19
24354,195,7962,25,1,958.76
24355,195,7962,26,1,547.5
24356,195,7962,29,1,137.26
24357,382,7963,56,1,327.69
24358,382,7963,51,1,66.67
24359,382,7963,53,1,95.99
24360,382,7963,54,1,131.19
24361,31,7964,33,2,404.5
24362,31,7964,34,1,269.1
24363,31,7964,38,1,325.54
24364,69,7965,1,1,5429.43
24365,69,7965,124,1,4869.43
24366,153,7966,80,1,996.58
24367,153,7966,158,1,655.51
24368,216,7967,48,1,377.48
24369,216,7967,114,1,246.79
24370,216,7967,46,1,121.09
24371,252,7968,136,1,1233.09
24372,252,7968,162,1,2324.66
24373,424,7969,190,1,615.39
24374,318,7970,32,1,182.43
24375,497,7971,80,1,996.58
24376,497,7971,64,1,578.73
24377,275,7972,32,1,182.43
24378,275,7972,39,1,51.31
24379,275,7972,37,1,113.29
24380,275,7972,31,1,118.65
24381,93,7973,168,1,126.51
24382,167,7974,59,2,88.07
24383,213,7975,25,1,958.76
24384,213,7975,29,1,137.26
24385,274,7976,186,1,109.52
24386,190,7977,103,2,398.87
24387,190,7977,73,1,249.37
24388,190,7977,51,1,66.67
24389,190,7977,53,1,95.99
24390,190,7977,54,1,131.19
24391,190,7977,56,1,327.69
24392,420,7978,78,1,637.27
24393,420,7978,34,1,269.1
24394,420,7978,43,1,1574.27
24395,420,7978,38,1,325.54
24396,309,7979,42,1,162.27
24397,309,7979,46,1,121.09
24398,309,7979,48,2,377.48
24399,309,7979,50,1,103.84
24400,309,7979,118,1,175.91
24401,393,7980,98,2,449.02
24402,393,7980,100,1,418.81
24403,26,7981,193,1,256.05
24404,26,7981,116,1,136.01
24405,275,7982,32,1,182.43
24406,275,7982,53,1,95.99
24407,275,7982,39,1,51.31
24408,275,7982,31,2,118.65
24409,82,7983,33,1,404.5
24410,82,7983,34,1,269.1
24411,82,7983,35,2,790.82
24412,82,7983,38,1,325.54
24413,153,7984,9,2,864.52
24414,153,7984,156,1,131.66
24415,342,7985,176,1,1269.55
24416,342,7985,25,1,958.76
24417,342,7985,26,2,547.5
24418,342,7985,59,1,88.07
24419,342,7985,28,1,207.71
24420,118,7986,75,1,670.09
24421,118,7986,13,1,342.07
24422,118,7986,51,1,66.67
24423,118,7986,54,1,131.19
24424,118,7986,56,1,327.69
24425,165,7987,33,1,404.5
24426,165,7987,34,1,269.1
24427,165,7987,35,1,790.82
24428,368,7988,113,1,61.24
24429,368,7988,142,1,243.55
24430,239,7989,48,1,377.48
24431,239,7989,50,1,103.84
24432,239,7989,46,2,121.09
24433,239,7989,22,1,2057.09
24434,199,7990,2,1,6856.93
24435,199,7990,3,1,182.88
24436,199,7990,6,2,2618.75
24437,199,7990,9,1,864.52
24438,199,7990,111,1,453.66
24439,497,7991,170,1,810.36
24440,497,7991,45,1,207.67
24441,60,7992,113,1,61.24
24442,340,7993,109,2,44.98
24443,340,7993,110,1,228.23
24444,228,7994,32,1,182.43
24445,228,7994,37,1,113.29
24446,228,7994,39,1,51.31
24447,228,7994,84,1,98.36
24448,228,7994,188,1,2599.64
24449,228,7994,31,1,118.65
24450,494,7995,82,1,482.06
24451,494,7995,12,1,378.07
24452,167,7996,121,2,279.43
24453,167,7996,51,1,66.67
24454,167,7996,53,1,95.99
24455,167,7996,54,1,131.19
24456,410,7997,9,1,864.52
24457,410,7997,2,1,6856.93
24458,410,7997,6,1,2618.75
24459,410,7997,97,1,1968.21
24460,194,7998,89,1,73.16
24461,194,7998,124,1,4869.43
24462,218,7999,32,1,182.43
24463,218,7999,2,1,6856.93
24464,218,7999,75,2,670.09
24465,218,7999,6,1,2618.75
24466,152,8000,42,1,162.27
24467,152,8000,62,2,122.09
24468,152,8000,47,1,691.19
24469,463,8001,118,1,175.91
24470,287,8002,110,2,228.23
24471,287,8002,174,1,886.97
24472,156,8003,66,1,234.31
24473,156,8003,172,1,72.49
24474,156,8003,51,1,66.67
24475,156,8003,53,1,95.99
24476,156,8003,54,1,131.19
24477,156,8003,56,1,327.69
24478,447,8004,185,1,329.38
24479,447,8004,181,1,353.61
24480,183,8005,34,1,269.1
24481,393,8006,2,1,6856.93
24482,393,8006,3,1,182.88
24483,393,8006,6,1,2618.75
24484,393,8006,9,1,864.52
24485,393,8006,143,1,602.95
24486,393,8006,181,1,353.61
24487,479,8007,37,1,113.29
24488,479,8007,6,1,2618.75
24489,479,8007,42,1,162.27
24490,479,8007,46,1,121.09
24491,479,8007,50,1,103.84
24492,141,8008,41,1,708.68
24493,141,8008,42,1,162.27
24494,141,8008,47,1,691.19
24495,141,8008,48,1,377.48
24496,141,8008,88,1,398.34
24497,87,8009,32,1,182.43
24498,87,8009,37,1,113.29
24499,87,8009,39,1,51.31
24500,87,8009,110,1,228.23
24501,87,8009,126,1,224.49
24502,87,8009,31,1,118.65
24503,42,8010,25,1,958.76
24504,42,8010,26,1,547.5
24505,42,8010,28,1,207.71
24506,42,8010,29,1,137.26
24507,434,8011,68,2,1081.84
24508,434,8011,71,1,241.15
24509,284,8012,193,1,256.05
24510,284,8012,41,1,708.68
24511,284,8012,42,1,162.27
24512,284,8012,169,1,452.68
24513,284,8012,47,1,691.19
24514,150,8013,110,2,228.23
24515,150,8013,176,1,1269.55
24516,150,8013,51,1,66.67
24517,150,8013,53,1,95.99
24518,150,8013,56,1,327.69
24519,361,8014,56,1,327.69
24520,361,8014,51,1,66.67
24521,361,8014,53,1,95.99
24522,255,8015,42,2,162.27
24523,255,8015,46,1,121.09
24524,255,8015,78,1,637.27
24525,255,8015,48,1,377.48
24526,255,8015,50,1,103.84
24527,255,8015,31,1,118.65
24528,322,8016,180,1,279.71
24529,322,8016,70,1,1076.29
24530,4,8017,48,1,377.48
24531,4,8017,42,1,162.27
24532,4,8017,50,1,103.84
24533,4,8017,46,1,121.09
24534,235,8018,25,1,958.76
24535,235,8018,26,2,547.5
24536,235,8018,28,2,207.71
24537,235,8018,156,1,131.66
24538,478,8019,33,1,404.5
24539,478,8019,34,1,269.1
24540,478,8019,35,1,790.82
24541,478,8019,38,1,325.54
24542,478,8019,200,1,284.58
24543,478,8019,168,1,126.51
24544,426,8020,60,1,325.99
24545,223,8021,167,1,104.4
24546,223,8022,46,1,121.09
24547,223,8022,48,1,377.48
24548,223,8022,50,1,103.84
24549,223,8022,123,1,140.92
24550,223,8022,157,1,278.2
24551,211,8023,32,1,182.43
24552,211,8023,152,1,92.66
24553,211,8023,37,1,113.29
24554,211,8023,110,1,228.23
24555,324,8024,182,1,190.33
24556,418,8025,48,2,377.48
24557,418,8025,109,1,44.98
24558,418,8025,21,1,2953.99
24559,418,8025,46,1,121.09
24560,254,8026,157,1,278.2
24561,5,8027,1,1,5429.43
24562,5,8027,10,1,96.42
24563,5,8027,46,2,121.09
24564,144,8028,144,1,91.59
24565,427,8029,61,1,1462.89
24566,427,8029,111,1,453.66
24567,178,8030,33,1,404.5
24568,178,8030,34,1,269.1
24569,178,8030,98,1,449.02
24570,178,8030,38,1,325.54
24571,178,8030,124,1,4869.43
24572,5,8031,45,1,207.67
24573,5,8031,126,1,224.49
24574,37,8032,34,1,269.1
24575,37,8032,35,1,790.82
24576,37,8032,101,1,241.26
24577,37,8032,38,1,325.54
24578,37,8032,82,2,482.06
24579,234,8033,9,1,864.52
24580,234,8033,2,2,6856.93
24581,234,8033,3,1,182.88
24582,234,8033,6,1,2618.75
24583,239,8034,48,1,377.48
24584,239,8034,50,2,103.84
24585,239,8034,46,1,121.09
24586,209,8035,42,1,162.27
24587,209,8035,46,1,121.09
24588,209,8035,48,1,377.48
24589,209,8035,80,1,996.58
24590,209,8035,50,1,103.84
24591,74,8036,41,1,708.68
24592,74,8036,55,1,41.52
24593,74,8036,39,1,51.31
24594,74,8036,47,2,691.19
24595,442,8037,144,2,91.59
24596,460,8038,9,1,864.52
24597,460,8038,2,1,6856.93
24598,460,8038,3,1,182.88
24599,460,8038,6,1,2618.75
24600,324,8039,2,1,6856.93
24601,324,8039,3,2,182.88
24602,324,8039,6,1,2618.75
24603,324,8039,9,1,864.52
24604,324,8039,85,1,1742.75
24605,307,8040,161,1,280.14
24606,307,8040,98,1,449.02
24607,109,8041,56,1,327.69
24608,109,8041,51,1,66.67
24609,109,8041,53,1,95.99
24610,136,8042,32,1,182.43
24611,136,8042,37,1,113.29
24612,136,8042,176,2,1269.55
24613,136,8042,39,1,51.31
24614,374,8043,57,1,215.42
24615,374,8043,42,1,162.27
24616,374,8043,26,1,547.5
24617,374,8043,47,1,691.19
24618,32,8044,42,1,162.27
24619,32,8044,46,2,121.09
24620,32,8044,48,1,377.48
24621,32,8044,178,1,3002.16
24622,32,8044,26,1,547.5
24623,65,8045,48,1,377.48
24624,65,8045,41,1,708.68
24625,65,8045,47,1,691.19
24626,447,8046,48,1,377.48
24627,447,8046,50,2,103.84
24628,447,8046,46,1,121.09
24629,447,8046,138,1,2075.88
24630,372,8047,19,1,195.42
24631,372,8047,51,1,66.67
24632,372,8047,53,1,95.99
24633,372,8047,54,1,131.19
24634,372,8047,56,1,327.69
24635,187,8048,56,2,327.69
24636,187,8048,51,1,66.67
24637,187,8048,54,1,131.19
24638,187,8048,175,1,152.85
24639,435,8049,56,1,327.69
24640,435,8049,185,2,329.38
24641,435,8049,51,1,66.67
24642,435,8049,54,1,131.19
24643,449,8050,25,1,958.76
24644,449,8050,26,2,547.5
24645,449,8050,28,1,207.71
24646,449,8050,29,1,137.26
24647,500,8051,32,2,182.43
24648,500,8051,38,1,325.54
24649,398,8052,34,1,269.1
24650,347,8053,25,1,958.76
24651,347,8053,26,1,547.5
24652,347,8053,28,1,207.71
24653,347,8053,29,1,137.26
24654,121,8054,1,1,5429.43
24655,121,8054,10,1,96.42
24656,121,8054,3,1,182.88
24657,121,8054,31,1,118.65
24658,66,8055,54,1,131.19
24659,275,8056,154,2,3786.85
24660,275,8056,148,2,658.67
24661,255,8057,41,1,708.68
24662,255,8057,42,1,162.27
24663,255,8057,47,1,691.19
24664,255,8057,83,1,584.83
24665,255,8057,150,1,244.37
24666,270,8058,41,1,708.68
24667,270,8058,27,1,1128.13
24668,136,8059,42,1,162.27
24669,136,8059,47,1,691.19
24670,80,8060,74,1,132.13
24671,80,8060,25,1,958.76
24672,80,8060,26,1,547.5
24673,80,8060,28,1,207.71
24674,80,8060,29,1,137.26
24675,101,8061,34,1,269.1
24676,101,8061,172,1,72.49
24677,101,8061,38,1,325.54
24678,101,8061,22,2,2057.09
24679,438,8062,32,2,182.43
24680,438,8062,37,1,113.29
24681,438,8062,39,1,51.31
24682,438,8062,46,1,121.09
24683,438,8062,114,1,246.79
24684,438,8062,31,1,118.65
24685,451,8063,177,2,3544.65
24686,451,8063,34,1,269.1
24687,405,8064,32,1,182.43
24688,405,8064,37,2,113.29
24689,405,8064,39,1,51.31
24690,405,8064,7,1,2063.12
24691,405,8064,31,1,118.65
24692,224,8065,9,1,864.52
24693,224,8065,2,1,6856.93
24694,224,8065,172,1,72.49
24695,283,8066,194,1,582.97
24696,388,8067,51,1,66.67
24697,388,8067,53,1,95.99
24698,388,8067,54,1,131.19
24699,388,8067,56,1,327.69
24700,388,8067,88,1,398.34
24701,209,8068,200,2,284.58
24702,119,8069,182,1,190.33
24703,8,8070,169,1,452.68
24704,370,8071,112,1,2651.9
24705,161,8072,48,1,377.48
24706,161,8072,42,1,162.27
24707,161,8072,20,1,600.91
24708,161,8072,46,1,121.09
24709,361,8073,9,2,864.52
24710,361,8073,2,1,6856.93
24711,361,8073,93,1,304.48
24712,361,8073,6,1,2618.75
24713,479,8074,103,1,398.87
24714,421,8075,32,1,182.43
24715,421,8075,37,1,113.29
24716,421,8075,39,1,51.31
24717,421,8075,117,1,159.84
24718,421,8075,91,1,978.27
24719,421,8075,31,1,118.65
24720,167,8076,77,1,193.57
24721,374,8077,42,2,162.27
24722,374,8077,76,1,110.25
24723,374,8077,46,1,121.09
24724,289,8078,159,1,132.33
24725,334,8079,25,1,958.76
24726,334,8079,26,2,547.5
24727,440,8080,153,1,564.14
24728,440,8080,2,1,6856.93
24729,440,8080,3,1,182.88
24730,198,8081,33,1,404.5
24731,198,8081,34,1,269.1
24732,198,8081,35,1,790.82
24733,246,8082,41,2,708.68
24734,246,8082,42,1,162.27
24735,246,8082,47,1,691.19
24736,388,8083,34,1,269.1
24737,388,8083,35,1,790.82
24738,388,8083,38,1,325.54
24739,345,8084,33,1,404.5
24740,345,8084,34,1,269.1
24741,345,8084,35,1,790.82
24742,345,8084,38,1,325.54
24743,159,8085,34,1,269.1
24744,159,8085,37,1,113.29
24745,461,8086,170,1,810.36
24746,461,8086,38,2,325.54
24747,162,8087,200,1,284.58
24748,424,8088,41,1,708.68
24749,424,8088,42,1,162.27
24750,424,8088,47,1,691.19
24751,424,8088,48,1,377.48
24752,424,8088,151,1,71.91
24753,334,8089,56,1,327.69
24754,334,8089,42,1,162.27
24755,334,8089,51,1,66.67
24756,334,8089,76,1,110.25
24757,344,8090,168,1,126.51
24758,344,8090,41,1,708.68
24759,344,8090,42,1,162.27
24760,344,8090,73,1,249.37
24761,344,8090,47,1,691.19
24762,4,8091,98,1,449.02
24763,333,8092,51,1,66.67
24764,333,8092,53,1,95.99
24765,94,8093,48,1,377.48
24766,94,8093,42,2,162.27
24767,94,8093,46,1,121.09
24768,94,8094,56,1,327.69
24769,94,8094,51,2,66.67
24770,94,8094,53,1,95.99
24771,94,8094,54,1,131.19
24772,67,8095,32,1,182.43
24773,67,8095,155,1,298.62
24774,67,8095,37,1,113.29
24775,67,8095,31,1,118.65
24776,456,8096,168,1,126.51
24777,456,8096,25,1,958.76
24778,456,8096,26,1,547.5
24779,456,8096,78,1,637.27
24780,163,8097,1,1,5429.43
24781,163,8097,10,1,96.42
24782,163,8097,3,1,182.88
24783,163,8097,138,1,2075.88
24784,373,8098,48,1,377.48
24785,373,8098,41,1,708.68
24786,373,8098,42,1,162.27
24787,373,8098,47,1,691.19
24788,226,8099,53,1,95.99
24789,323,8100,9,1,864.52
24790,323,8100,2,1,6856.93
24791,323,8100,3,1,182.88
24792,323,8100,6,1,2618.75
24793,491,8101,42,1,162.27
24794,491,8101,46,1,121.09
24795,491,8101,48,1,377.48
24796,491,8101,144,1,91.59
24797,491,8101,50,1,103.84
24798,491,8101,59,1,88.07
24799,162,8102,78,1,637.27
24800,342,8103,48,1,377.48
24801,342,8103,25,1,958.76
24802,342,8103,26,1,547.5
24803,342,8103,29,1,137.26
24804,342,8103,158,1,655.51
24805,484,8104,32,1,182.43
24806,484,8104,175,1,152.85
24807,484,8104,37,1,113.29
24808,484,8104,39,1,51.31
24809,279,8105,1,1,5429.43
24810,279,8105,194,1,582.97
24811,279,8105,3,1,182.88
24812,279,8105,4,1,1045.02
24813,279,8105,10,1,96.42
24814,87,8106,10,1,96.42
24815,87,8106,145,1,165.87
24816,87,8106,51,1,66.67
24817,87,8106,53,1,95.99
24818,87,8106,54,1,131.19
24819,87,8106,56,1,327.69
24820,116,8107,32,1,182.43
24821,116,8107,37,1,113.29
24822,323,8108,121,1,279.43
24823,323,8108,49,1,247.85
24824,432,8109,25,2,958.76
24825,432,8109,26,1,547.5
24826,432,8109,28,1,207.71
24827,299,8110,171,1,100.57
24828,299,8110,108,1,5179.59
24829,275,8111,1,1,5429.43
24830,275,8111,10,1,96.42
24831,275,8111,3,1,182.88
24832,388,8112,81,1,1613.84
24833,388,8112,173,2,426.85
24834,186,8113,16,1,680.77
24835,301,8114,90,1,2115.26
24836,301,8114,51,1,66.67
24837,301,8114,53,1,95.99
24838,368,8115,33,1,404.5
24839,368,8115,34,1,269.1
24840,368,8115,35,1,790.82
24841,368,8115,65,1,586.82
24842,368,8115,38,2,325.54
24843,368,8115,55,1,41.52
24844,206,8116,33,1,404.5
24845,206,8116,34,1,269.1
24846,206,8116,35,1,790.82
24847,206,8116,36,1,703.99
24848,206,8116,106,1,449.77
24849,341,8117,1,1,5429.43
24850,341,8117,3,1,182.88
24851,341,8117,4,2,1045.02
24852,341,8117,10,2,96.42
24853,341,8117,172,1,72.49
24854,270,8118,32,2,182.43
24855,270,8118,145,1,165.87
24856,69,8119,56,1,327.69
24857,69,8119,152,1,92.66
24858,69,8119,51,1,66.67
24859,69,8119,53,1,95.99
24860,431,8120,54,1,131.19
24861,456,8121,129,1,94.56
24862,456,8121,75,1,670.09
24863,16,8122,193,1,256.05
24864,20,8123,72,1,295.83
24865,20,8123,193,1,256.05
24866,49,8124,2,1,6856.93
24867,379,8125,41,1,708.68
24868,379,8125,100,1,418.81
24869,379,8125,47,1,691.19
24870,289,8126,164,1,297.97
24871,289,8126,102,1,1982.66
24872,289,8126,25,1,958.76
24873,289,8126,26,1,547.5
24874,289,8126,28,1,207.71
24875,423,8127,68,2,1081.84
24876,423,8127,138,1,2075.88
24877,423,8127,46,1,121.09
24878,423,8127,48,1,377.48
24879,423,8127,50,1,103.84
24880,382,8128,1,1,5429.43
24881,382,8128,4,2,1045.02
24882,382,8128,10,1,96.42
24883,382,8128,74,1,132.13
24884,382,8128,15,1,478.33
24885,106,8129,82,1,482.06
24886,325,8130,172,1,72.49
24887,325,8130,7,1,2063.12
24888,174,8131,1,1,5429.43
24889,174,8131,3,1,182.88
24890,174,8131,4,1,1045.02
24891,174,8131,10,1,96.42
24892,174,8131,46,1,121.09
24893,174,8131,147,1,4075.22
24894,189,8132,2,1,6856.93
24895,189,8132,3,2,182.88
24896,189,8132,6,1,2618.75
24897,2,8133,29,1,137.26
24898,2,8133,25,1,958.76
24899,2,8133,26,1,547.5
24900,2,8133,28,1,207.71
24901,2,8133,93,1,304.48
24902,358,8134,9,1,864.52
24903,358,8134,2,2,6856.93
24904,358,8134,3,1,182.88
24905,358,8134,6,1,2618.75
24906,440,8135,43,2,1574.27
24907,440,8135,30,1,583.67
24908,77,8136,56,1,327.69
24909,77,8136,83,1,584.83
24910,77,8136,51,1,66.67
24911,152,8137,1,1,5429.43
24912,152,8137,3,1,182.88
24913,152,8137,4,1,1045.02
24914,152,8137,10,2,96.42
24915,152,8137,144,1,91.59
24916,66,8138,33,1,404.5
24917,66,8138,34,1,269.1
24918,66,8138,35,1,790.82
24919,66,8138,109,1,44.98
24920,66,8138,114,1,246.79
24921,304,8139,1,1,5429.43
24922,304,8139,4,2,1045.02
24923,304,8139,10,1,96.42
24924,304,8139,18,1,685.51
24925,304,8139,27,1,1128.13
24926,175,8140,51,1,66.67
24927,175,8140,139,1,351.69
24928,421,8141,186,2,109.52
24929,44,8142,32,1,182.43
24930,44,8142,7,1,2063.12
24931,44,8142,39,1,51.31
24932,44,8142,85,1,1742.75
24933,44,8142,31,1,118.65
24934,118,8143,134,1,3215.18
24935,87,8144,32,1,182.43
24936,87,8144,31,1,118.65
24937,255,8145,103,1,398.87
24938,255,8145,51,1,66.67
24939,255,8145,53,1,95.99
24940,255,8145,54,2,131.19
24941,255,8145,56,1,327.69
24942,17,8146,48,1,377.48
24943,17,8146,41,1,708.68
24944,17,8146,42,1,162.27
24945,17,8146,47,1,691.19
24946,73,8147,41,1,708.68
24947,73,8147,42,1,162.27
24948,73,8147,10,1,96.42
24949,73,8147,47,1,691.19
24950,73,8147,48,1,377.48
24951,73,8147,178,1,3002.16
24952,15,8148,186,1,109.52
24953,15,8148,29,1,137.26
24954,376,8149,143,1,602.95
24955,376,8149,87,1,281.44
24956,355,8150,125,1,208.91
24957,280,8151,93,2,304.48
24958,420,8152,98,1,449.02
24959,270,8153,105,1,250.27
24960,270,8153,180,1,279.71
24961,237,8154,48,1,377.48
24962,237,8154,42,2,162.27
24963,237,8154,50,1,103.84
24964,237,8154,46,1,121.09
24965,193,8155,150,1,244.37
24966,200,8156,32,2,182.43
24967,200,8156,42,1,162.27
24968,200,8156,46,1,121.09
24969,200,8156,48,1,377.48
24970,200,8156,50,1,103.84
24971,200,8156,82,1,482.06
24972,379,8157,166,1,184.75
24973,379,8157,118,1,175.91
24974,359,8158,76,1,110.25
24975,189,8159,193,1,256.05
24976,189,8159,197,1,1440.46
24977,253,8160,160,1,298.73
24978,253,8160,1,1,5429.43
24979,253,8160,4,1,1045.02
24980,253,8160,10,1,96.42
24981,253,8160,175,1,152.85
24982,217,8161,51,1,66.67
24983,217,8161,167,1,104.4
24984,69,8162,32,1,182.43
24985,69,8162,76,1,110.25
24986,69,8162,39,1,51.31
24987,241,8163,152,1,92.66
24988,407,8164,177,1,3544.65
24989,407,8164,191,1,2178.66
24990,303,8165,193,1,256.05
24991,303,8165,2,1,6856.93
24992,303,8165,3,1,182.88
24993,303,8165,9,1,864.52
24994,303,8165,12,1,378.07
24995,338,8166,33,1,404.5
24996,338,8166,34,1,269.1
24997,338,8166,35,1,790.82
24998,338,8166,38,1,325.54
24999,338,8166,172,1,72.49
25000,338,8166,29,1,137.26
25001,404,8167,48,1,377.48
25002,404,8167,41,2,708.68
25003,404,8167,42,1,162.27
25004,404,8167,47,1,691.19
25005,225,8168,48,1,377.48
25006,225,8168,42,1,162.27
25007,225,8168,50,1,103.84
25008,225,8168,46,1,121.09
25009,322,8169,121,1,279.43
25010,275,8170,9,1,864.52
25011,275,8170,2,1,6856.93
25012,275,8170,3,1,182.88
25013,275,8170,6,1,2618.75
25014,21,8171,80,1,996.58
25015,21,8171,51,1,66.67
25016,21,8171,54,1,131.19
25017,2,8172,136,1,1233.09
25018,2,8172,33,1,404.5
25019,2,8172,34,1,269.1
25020,2,8172,35,1,790.82
25021,89,8173,9,2,864.52
25022,89,8173,1,1,5429.43
25023,220,8174,9,1,864.52
25024,220,8174,2,1,6856.93
25025,220,8174,6,1,2618.75
25026,294,8175,1,1,5429.43
25027,294,8175,10,1,96.42
25028,294,8175,3,1,182.88
25029,285,8176,48,1,377.48
25030,285,8176,42,1,162.27
25031,285,8176,47,1,691.19
25032,13,8177,33,1,404.5
25033,13,8177,34,1,269.1
25034,241,8178,34,1,269.1
25035,241,8178,35,2,790.82
25036,241,8178,38,1,325.54
25037,481,8179,91,1,978.27
25038,481,8179,62,1,122.09
25039,267,8180,124,1,4869.43
25040,173,8181,56,1,327.69
25041,173,8181,51,1,66.67
25042,173,8181,53,1,95.99
25043,173,8181,54,1,131.19
25044,398,8182,1,1,5429.43
25045,398,8182,3,1,182.88
25046,398,8182,36,1,703.99
25047,398,8182,10,1,96.42
25048,398,8182,55,1,41.52
25049,158,8183,184,1,617.48
25050,158,8183,53,1,95.99
25051,243,8184,131,1,457.64
25052,480,8185,51,1,66.67
25053,480,8185,53,1,95.99
25054,480,8185,54,1,131.19
25055,217,8186,2,1,6856.93
25056,217,8186,3,2,182.88
25057,217,8186,6,1,2618.75
25058,53,8187,56,1,327.69
25059,53,8187,51,1,66.67
25060,53,8187,54,1,131.19
25061,86,8188,20,1,600.91
25062,86,8188,118,1,175.91
25063,240,8189,9,1,864.52
25064,240,8189,2,1,6856.93
25065,49,8190,33,1,404.5
25066,49,8190,34,2,269.1
25067,49,8190,35,1,790.82
25068,49,8190,38,2,325.54
25069,49,8190,169,1,452.68
25070,49,8190,106,1,449.77
25071,271,8191,139,1,351.69
25072,71,8192,177,1,3544.65
25073,369,8193,194,1,582.97
25074,369,8193,86,1,336.99
25075,87,8194,111,1,453.66
25076,87,8194,177,1,3544.65
25077,87,8194,25,1,958.76
25078,87,8194,26,1,547.5
25079,87,8194,28,1,207.71
25080,223,8195,73,1,249.37
25081,223,8195,51,1,66.67
25082,223,8195,20,1,600.91
25083,223,8195,54,1,131.19
25084,223,8195,56,2,327.69
25085,244,8196,48,1,377.48
25086,244,8196,41,1,708.68
25087,244,8196,47,1,691.19
25088,440,8197,141,1,449.82
25089,19,8198,56,1,327.69
25090,19,8198,51,1,66.67
25091,19,8198,54,1,131.19
25092,489,8199,154,1,3786.85
25093,45,8200,48,1,377.48
25094,45,8200,41,1,708.68
25095,45,8200,47,1,691.19
25096,19,8201,34,1,269.1
25097,19,8201,35,1,790.82
25098,19,8201,38,1,325.54
25099,186,8202,28,1,207.71
25100,186,8202,55,1,41.52
25101,54,8203,200,1,284.58
25102,112,8204,50,1,103.84
25103,112,8204,196,1,211.44
25104,112,8204,46,1,121.09
25105,415,8205,84,1,98.36
25106,415,8205,117,1,159.84
25107,182,8206,92,1,182.48
25108,298,8207,9,1,864.52
25109,298,8207,2,1,6856.93
25110,298,8207,3,1,182.88
25111,298,8207,114,1,246.79
25112,30,8208,94,1,192.65
25113,30,8208,7,1,2063.12
25114,83,8209,1,1,5429.43
25115,83,8209,3,1,182.88
25116,83,8209,4,1,1045.02
25117,83,8209,10,1,96.42
25118,83,8209,23,1,3803.84
25119,99,8210,33,2,404.5
25120,99,8210,34,1,269.1
25121,99,8210,35,1,790.82
25122,99,8210,103,1,398.87
25123,99,8210,104,1,146.34
25124,145,8211,88,2,398.34
25125,145,8211,116,1,136.01
25126,287,8212,142,1,243.55
25127,310,8213,41,1,708.68
25128,310,8213,42,2,162.27
25129,310,8213,47,1,691.19
25130,310,8213,48,1,377.48
25131,310,8213,85,1,1742.75
25132,370,8214,32,1,182.43
25133,370,8214,39,2,51.31
25134,370,8214,37,1,113.29
25135,370,8214,31,1,118.65
25136,64,8215,81,1,1613.84
25137,311,8216,185,1,329.38
25138,245,8217,33,1,404.5
25139,245,8217,34,1,269.1
25140,245,8217,35,1,790.82
25141,245,8217,154,1,3786.85
25142,60,8218,34,1,269.1
25143,60,8218,150,1,244.37
25144,60,8218,38,1,325.54
25145,237,8219,1,1,5429.43
25146,237,8219,10,1,96.42
25147,237,8219,34,1,269.1
25148,237,8219,45,1,207.67
25149,203,8220,162,1,2324.66
25150,203,8220,46,1,121.09
25151,203,8220,48,1,377.48
25152,203,8220,50,1,103.84
25153,203,8220,186,1,109.52
25154,94,8221,56,1,327.69
25155,94,8221,50,1,103.84
25156,94,8221,51,1,66.67
25157,455,8222,33,1,404.5
25158,455,8222,34,1,269.1
25159,455,8222,35,1,790.82
25160,455,8222,39,1,51.31
25161,4,8223,129,1,94.56
25162,4,8223,51,1,66.67
25163,4,8223,53,1,95.99
25164,4,8223,54,1,131.19
25165,327,8224,32,1,182.43
25166,327,8224,39,1,51.31
25167,327,8224,37,1,113.29
25168,327,8224,31,1,118.65
25169,457,8225,33,1,404.5
25170,457,8225,34,1,269.1
25171,457,8225,35,1,790.82
25172,457,8225,38,1,325.54
25173,457,8225,7,1,2063.12
25174,457,8225,141,1,449.82
25175,458,8226,32,1,182.43
25176,458,8226,39,1,51.31
25177,458,8226,37,2,113.29
25178,458,8226,31,1,118.65
25179,51,8227,78,2,637.27
25180,51,8227,51,1,66.67
25181,51,8227,54,1,131.19
25182,111,8228,15,1,478.33
25183,473,8229,25,1,958.76
25184,473,8229,26,1,547.5
25185,473,8229,29,1,137.26
25186,104,8230,107,1,5057.62
25187,104,8230,165,1,867.11
25188,380,8231,51,1,66.67
25189,20,8232,32,1,182.43
25190,20,8232,37,1,113.29
25191,127,8233,29,1,137.26
25192,127,8233,94,1,192.65
25193,442,8234,193,1,256.05
25194,442,8234,118,1,175.91
25195,339,8235,97,2,1968.21
25196,264,8236,168,1,126.51
25197,245,8237,109,1,44.98
25198,245,8237,126,1,224.49
25199,116,8238,33,1,404.5
25200,116,8238,34,1,269.1
25201,116,8238,38,1,325.54
25202,116,8238,182,1,190.33
25203,116,8238,127,1,209.71
25204,307,8239,9,1,864.52
25205,307,8239,2,1,6856.93
25206,307,8239,143,1,602.95
25207,474,8240,25,1,958.76
25208,474,8240,26,1,547.5
25209,474,8240,28,1,207.71
25210,474,8240,29,1,137.26
25211,76,8241,25,1,958.76
25212,76,8241,66,1,234.31
25213,76,8241,11,1,73.96
25214,76,8241,29,1,137.26
25215,113,8242,152,1,92.66
25216,135,8243,51,1,66.67
25217,135,8243,53,1,95.99
25218,135,8243,54,1,131.19
25219,135,8243,56,1,327.69
25220,135,8243,26,1,547.5
25221,416,8244,33,1,404.5
25222,416,8244,34,1,269.1
25223,416,8244,38,1,325.54
25224,416,8244,199,1,107.47
25225,248,8245,180,1,279.71
25226,47,8246,98,1,449.02
25227,463,8247,25,1,958.76
25228,463,8247,28,1,207.71
25229,463,8247,29,1,137.26
25230,358,8248,1,1,5429.43
25231,358,8248,10,1,96.42
25232,358,8248,4,1,1045.02
25233,445,8249,32,1,182.43
25234,445,8249,37,1,113.29
25235,445,8249,39,1,51.31
25236,445,8249,17,2,281.04
25237,445,8249,123,1,140.92
25238,445,8249,31,1,118.65
25239,345,8250,48,1,377.48
25240,345,8250,13,1,342.07
25241,345,8250,109,1,44.98
25242,345,8250,47,1,691.19
25243,324,8251,51,1,66.67
25244,324,8251,53,1,95.99
25245,324,8251,54,2,131.19
25246,403,8252,134,2,3215.18
25247,403,8252,42,1,162.27
25248,403,8252,47,1,691.19
25249,403,8252,48,1,377.48
25250,403,8252,188,1,2599.64
25251,79,8253,32,2,182.43
25252,79,8253,160,1,298.73
25253,79,8253,39,1,51.31
25254,126,8254,155,1,298.62
25255,126,8254,148,1,658.67
25256,139,8255,25,1,958.76
25257,139,8255,26,1,547.5
25258,139,8255,29,1,137.26
25259,377,8256,32,1,182.43
25260,377,8256,39,1,51.31
25261,377,8256,37,1,113.29
25262,377,8256,31,1,118.65
25263,262,8257,42,1,162.27
25264,262,8257,74,2,132.13
25265,262,8257,46,1,121.09
25266,262,8257,48,2,377.48
25267,262,8257,187,2,521.01
25268,299,8258,9,1,864.52
25269,299,8258,2,1,6856.93
25270,299,8258,6,1,2618.75
25271,427,8259,104,1,146.34
25272,219,8260,1,2,5429.43
25273,219,8260,3,1,182.88
25274,219,8260,4,1,1045.02
25275,219,8260,10,1,96.42
25276,219,8260,177,1,3544.65
25277,289,8261,47,1,691.19
25278,402,8262,33,1,404.5
25279,402,8262,34,1,269.1
25280,402,8262,35,1,790.82
25281,402,8262,68,1,1081.84
25282,87,8263,170,2,810.36
25283,87,8263,42,1,162.27
25284,87,8263,111,1,453.66
25285,87,8263,48,1,377.48
25286,87,8263,47,1,691.19
25287,296,8264,48,1,377.48
25288,296,8264,42,1,162.27
25289,296,8264,50,1,103.84
25290,296,8264,46,1,121.09
25291,198,8265,162,1,2324.66
25292,312,8266,122,1,696.77
25293,143,8267,1,1,5429.43
25294,143,8267,3,1,182.88
25295,143,8267,4,1,1045.02
25296,143,8267,21,1,2953.99
25297,143,8267,95,1,217.5
25298,385,8268,198,2,440.15
25299,385,8268,110,1,228.23
25300,46,8269,34,1,269.1
25301,46,8269,35,1,790.82
25302,46,8269,38,2,325.54
25303,46,8269,103,1,398.87
25304,46,8269,92,2,182.48
25305,323,8270,33,1,404.5
25306,323,8270,34,1,269.1
25307,323,8270,35,1,790.82
25308,323,8270,38,1,325.54
25309,323,8270,39,2,51.31
25310,323,8270,16,1,680.77
25311,80,8271,74,1,132.13
25312,205,8272,57,1,215.42
25313,137,8273,2,2,6856.93
25314,137,8273,3,1,182.88
25315,137,8273,119,1,1350.85
25316,88,8274,155,1,298.62
25317,112,8275,33,1,404.5
25318,112,8275,34,1,269.1
25319,112,8275,35,1,790.82
25320,112,8275,38,1,325.54
25321,112,8275,173,1,426.85
25322,112,8275,155,1,298.62
25323,115,8276,25,1,958.76
25324,115,8276,26,1,547.5
25325,115,8276,28,2,207.71
25326,115,8276,29,1,137.26
25327,68,8277,42,2,162.27
25328,68,8277,50,1,103.84
25329,68,8277,117,1,159.84
25330,68,8277,46,1,121.09
25331,58,8278,51,1,66.67
25332,58,8278,53,1,95.99
25333,58,8278,149,1,652.63
25334,58,8278,181,1,353.61
25335,58,8278,56,1,327.69
25336,396,8279,141,1,449.82
25337,396,8279,143,1,602.95
25338,498,8280,99,1,185.24
25339,498,8280,1,1,5429.43
25340,498,8280,3,1,182.88
25341,498,8280,12,1,378.07
25342,439,8281,32,1,182.43
25343,439,8281,162,1,2324.66
25344,439,8281,37,1,113.29
25345,439,8281,39,2,51.31
25346,439,8281,31,1,118.65
25347,135,8282,41,1,708.68
25348,135,8282,42,1,162.27
25349,135,8282,47,1,691.19
25350,135,8282,48,1,377.48
25351,135,8282,25,2,958.76
25352,241,8283,1,1,5429.43
25353,26,8284,80,1,996.58
25354,26,8284,21,2,2953.99
25355,222,8285,56,1,327.69
25356,222,8285,51,1,66.67
25357,222,8285,54,1,131.19
25358,222,8286,38,1,325.54
25359,124,8287,2,1,6856.93
25360,124,8287,3,1,182.88
25361,124,8287,6,1,2618.75
25362,388,8288,51,1,66.67
25363,388,8288,155,1,298.62
25364,388,8288,53,1,95.99
25365,388,8288,54,1,131.19
25366,256,8289,65,1,586.82
25367,256,8289,1,1,5429.43
25368,256,8289,3,1,182.88
25369,256,8289,10,1,96.42
25370,256,8289,62,1,122.09
25371,1,8290,33,1,404.5
25372,1,8290,67,1,3651.66
25373,185,8291,73,1,249.37
25374,426,8292,147,2,4075.22
25375,426,8292,141,1,449.82
25376,251,8293,194,1,582.97
25377,65,8294,33,1,404.5
25378,448,8295,120,1,37.31
25379,99,8296,9,1,864.52
25380,99,8296,148,1,658.67
25381,432,8297,25,1,958.76
25382,432,8297,26,1,547.5
25383,432,8297,28,1,207.71
25384,133,8298,168,1,126.51
25385,133,8298,50,1,103.84
25386,133,8298,46,1,121.09
25387,427,8299,1,1,5429.43
25388,427,8299,10,1,96.42
25389,427,8299,3,1,182.88
25390,427,8299,84,1,98.36
25391,499,8300,1,1,5429.43
25392,499,8300,10,1,96.42
25393,499,8300,3,1,182.88
25394,499,8300,4,1,1045.02
25395,119,8301,92,1,182.48
25396,119,8301,134,2,3215.18
25397,496,8302,148,1,658.67
25398,138,8303,137,1,593.31
25399,138,8303,141,1,449.82
25400,291,8304,56,1,327.69
25401,291,8304,51,2,66.67
25402,353,8305,2,1,6856.93
25403,353,8305,3,1,182.88
25404,353,8305,6,1,2618.75
25405,353,8305,9,1,864.52
25406,353,8305,146,1,323.76
25407,353,8305,157,1,278.2
25408,225,8306,56,1,327.69
25409,225,8306,51,2,66.67
25410,225,8306,53,1,95.99
25411,225,8306,54,1,131.19
25412,474,8307,48,1,377.48
25413,474,8307,41,1,708.68
25414,474,8307,42,1,162.27
25415,474,8307,47,1,691.19
25416,85,8308,51,1,66.67
25417,85,8308,54,1,131.19
25418,272,8309,7,1,2063.12
25419,376,8310,85,1,1742.75
25420,376,8310,86,1,336.99
25421,371,8311,1,1,5429.43
25422,371,8311,3,1,182.88
25423,371,8311,4,2,1045.02
25424,46,8312,32,1,182.43
25425,46,8312,2,1,6856.93
25426,46,8312,98,1,449.02
25427,46,8312,37,1,113.29
25428,46,8312,31,1,118.65
25429,411,8313,98,1,449.02
25430,411,8313,167,1,104.4
25431,250,8314,41,2,708.68
25432,250,8314,42,1,162.27
25433,250,8314,47,1,691.19
25434,378,8315,99,1,185.24
25435,378,8315,86,1,336.99
25436,378,8315,25,1,958.76
25437,378,8315,26,1,547.5
25438,378,8315,29,1,137.26
25439,36,8316,19,1,195.42
25440,106,8317,46,1,121.09
25441,106,8317,25,1,958.76
25442,106,8317,26,1,547.5
25443,106,8317,28,1,207.71
25444,106,8317,29,1,137.26
25445,106,8317,95,1,217.5
25446,306,8318,167,1,104.4
25447,72,8319,1,1,5429.43
25448,72,8319,10,1,96.42
25449,72,8319,3,1,182.88
25450,72,8319,4,1,1045.02
25451,382,8320,144,2,91.59
25452,382,8320,34,1,269.1
25453,382,8320,35,1,790.82
25454,367,8321,98,1,449.02
25455,401,8322,42,1,162.27
25456,401,8322,173,1,426.85
25457,401,8322,46,1,121.09
25458,401,8322,48,1,377.48
25459,401,8322,50,1,103.84
25460,231,8323,32,1,182.43
25461,231,8323,37,1,113.29
25462,231,8323,31,1,118.65
25463,393,8324,60,1,325.99
25464,386,8325,1,1,5429.43
25465,386,8325,3,1,182.88
25466,386,8325,4,1,1045.02
25467,245,8326,48,1,377.48
25468,245,8326,42,1,162.27
25469,245,8326,46,1,121.09
25470,166,8327,48,2,377.48
25471,166,8327,42,2,162.27
25472,166,8327,50,1,103.84
25473,166,8327,46,1,121.09
25474,71,8328,9,1,864.52
25475,71,8328,2,1,6856.93
25476,71,8328,3,1,182.88
25477,71,8328,6,1,2618.75
25478,291,8329,25,1,958.76
25479,291,8329,26,1,547.5
25480,291,8329,29,1,137.26
25481,55,8330,33,1,404.5
25482,55,8330,34,1,269.1
25483,55,8330,59,1,88.07
25484,55,8330,38,1,325.54
25485,264,8331,48,1,377.48
25486,264,8331,42,1,162.27
25487,264,8331,176,1,1269.55
25488,264,8331,47,1,691.19
25489,466,8332,48,1,377.48
25490,466,8332,51,1,66.67
25491,466,8332,54,1,131.19
25492,466,8332,56,1,327.69
25493,466,8332,154,1,3786.85
25494,238,8333,120,1,37.31
25495,238,8333,190,1,615.39
25496,343,8334,133,1,165.39
25497,396,8335,2,1,6856.93
25498,396,8335,3,1,182.88
25499,396,8335,6,1,2618.75
25500,301,8336,51,1,66.67
25501,301,8336,53,1,95.99
25502,301,8336,54,1,131.19
25503,301,8336,56,2,327.69
25504,301,8336,27,1,1128.13
25505,10,8337,168,1,126.51
25506,10,8337,51,1,66.67
25507,10,8337,53,1,95.99
25508,10,8337,54,1,131.19
25509,10,8337,181,1,353.61
25510,10,8337,56,1,327.69
25511,80,8338,184,2,617.48
25512,80,8338,188,2,2599.64
25513,239,8339,1,1,5429.43
25514,239,8339,174,1,886.97
25515,239,8339,142,1,243.55
25516,103,8340,52,1,108.37
25517,332,8341,22,1,2057.09
25518,350,8342,33,1,404.5
25519,350,8342,34,1,269.1
25520,350,8342,35,2,790.82
25521,350,8342,38,1,325.54
25522,267,8343,41,1,708.68
25523,267,8343,124,1,4869.43
25524,267,8343,127,1,209.71
25525,267,8343,47,1,691.19
25526,313,8344,28,1,207.71
25527,411,8345,42,1,162.27
25528,411,8345,46,1,121.09
25529,291,8346,20,1,600.91
25530,212,8347,34,1,269.1
25531,212,8347,35,1,790.82
25532,212,8347,38,2,325.54
25533,212,8347,130,2,3341.54
25534,124,8348,21,1,2953.99
25535,289,8349,41,1,708.68
25536,289,8349,42,1,162.27
25537,289,8349,47,1,691.19
25538,289,8349,48,1,377.48
25539,289,8349,27,1,1128.13
25540,289,8349,159,1,132.33
25541,408,8350,9,1,864.52
25542,408,8350,2,1,6856.93
25543,408,8350,3,1,182.88
25544,408,8350,6,1,2618.75
25545,198,8351,33,1,404.5
25546,198,8351,34,1,269.1
25547,198,8351,61,1,1462.89
25548,401,8352,40,1,36.51
25549,401,8352,126,1,224.49
25550,4,8353,56,1,327.69
25551,4,8353,51,1,66.67
25552,4,8353,53,1,95.99
25553,4,8353,189,1,46.18
25554,189,8354,93,1,304.48
25555,423,8355,88,1,398.34
25556,423,8355,25,1,958.76
25557,423,8355,26,1,547.5
25558,423,8355,28,1,207.71
25559,423,8355,29,1,137.26
25560,423,8355,158,2,655.51
25561,46,8356,72,1,295.83
25562,46,8356,42,1,162.27
25563,46,8356,90,1,2115.26
25564,46,8356,47,1,691.19
25565,45,8357,48,1,377.48
25566,45,8357,42,2,162.27
25567,45,8357,47,1,691.19
25568,292,8358,1,1,5429.43
25569,292,8358,10,1,96.42
25570,292,8358,3,1,182.88
25571,143,8359,42,2,162.27
25572,143,8359,50,1,103.84
25573,143,8359,46,1,121.09
25574,480,8360,56,1,327.69
25575,480,8360,51,1,66.67
25576,480,8360,53,1,95.99
25577,480,8360,54,1,131.19
25578,102,8361,8,2,338.12
25579,102,8361,75,1,670.09
25580,102,8361,25,2,958.76
25581,102,8361,26,1,547.5
25582,102,8361,28,1,207.71
25583,478,8362,65,2,586.82
25584,478,8362,101,1,241.26
25585,277,8363,37,1,113.29
25586,277,8363,149,1,652.63
25587,374,8364,6,1,2618.75
25588,206,8365,152,1,92.66
25589,277,8366,41,2,708.68
25590,277,8366,42,1,162.27
25591,277,8366,47,1,691.19
25592,127,8367,56,1,327.69
25593,285,8368,46,1,121.09
25594,288,8369,81,1,1613.84
25595,288,8369,1,1,5429.43
25596,288,8369,3,1,182.88
25597,288,8369,4,1,1045.02
25598,109,8370,2,1,6856.93
25599,109,8370,3,1,182.88
25600,109,8370,117,2,159.84
25601,109,8370,79,1,421.1
25602,369,8371,7,1,2063.12
25603,369,8371,41,1,708.68
25604,369,8371,42,1,162.27
25605,369,8371,74,1,132.13
25606,369,8371,47,1,691.19
25607,417,8372,1,1,5429.43
25608,417,8372,3,1,182.88
25609,130,8373,52,1,108.37
25610,320,8374,17,1,281.04
25611,383,8375,1,1,5429.43
25612,383,8375,10,1,96.42
25613,383,8375,4,1,1045.02
25614,468,8376,42,1,162.27
25615,468,8376,46,1,121.09
25616,468,8376,48,1,377.48
25617,468,8376,50,2,103.84
25618,468,8376,182,1,190.33
25619,468,8376,159,1,132.33
25620,125,8377,135,1,248.61
25621,376,8378,33,1,404.5
25622,376,8378,34,1,269.1
25623,142,8379,32,1,182.43
25624,142,8379,37,1,113.29
25625,142,8379,166,1,184.75
25626,142,8379,31,1,118.65
25627,334,8380,16,1,680.77
25628,334,8380,135,1,248.61
25629,139,8381,68,1,1081.84
25630,139,8381,174,1,886.97
25631,229,8382,63,1,557.39
25632,179,8383,2,1,6856.93
25633,179,8383,3,1,182.88
25634,179,8383,6,1,2618.75
25635,179,8383,130,1,3341.54
25636,397,8384,48,1,377.48
25637,397,8384,50,1,103.84
25638,397,8384,46,1,121.09
25639,97,8385,184,1,617.48
25640,97,8385,18,1,685.51
25641,220,8386,32,1,182.43
25642,220,8386,37,2,113.29
25643,220,8386,39,1,51.31
25644,220,8386,15,1,478.33
25645,220,8386,126,2,224.49
25646,342,8387,185,1,329.38
25647,207,8388,2,1,6856.93
25648,207,8388,6,1,2618.75
25649,117,8389,69,1,5185.33
25650,117,8389,158,1,655.51
25651,499,8390,105,2,250.27
25652,87,8391,33,1,404.5
25653,87,8391,34,1,269.1
25654,87,8391,99,1,185.24
25655,87,8391,35,2,790.82
25656,87,8391,38,1,325.54
25657,87,8391,121,1,279.43
25658,344,8392,71,1,241.15
25659,344,8392,179,1,148.28
25660,344,8392,25,2,958.76
25661,344,8392,26,2,547.5
25662,344,8392,28,1,207.71
25663,344,8392,29,2,137.26
25664,167,8393,120,2,37.31
25665,167,8393,42,1,162.27
25666,167,8393,142,1,243.55
25667,167,8393,47,1,691.19
25668,150,8394,1,1,5429.43
25669,150,8394,10,2,96.42
25670,150,8394,3,1,182.88
25671,150,8394,4,1,1045.02
25672,241,8395,47,1,691.19
25673,172,8396,66,1,234.31
25674,410,8397,1,2,5429.43
25675,410,8397,10,1,96.42
25676,410,8397,3,1,182.88
25677,410,8397,4,1,1045.02
25678,430,8398,32,1,182.43
25679,430,8398,129,1,94.56
25680,93,8399,42,1,162.27
25681,46,8400,25,2,958.76
25682,46,8400,69,1,5185.33
25683,46,8400,28,1,207.71
25684,46,8400,29,1,137.26
25685,256,8401,32,1,182.43
25686,256,8401,16,1,680.77
25687,98,8402,90,2,2115.26
25688,98,8402,46,1,121.09
25689,13,8403,25,1,958.76
25690,13,8403,26,1,547.5
25691,256,8404,83,1,584.83
25692,197,8405,79,1,421.1
25693,425,8406,8,1,338.12
25694,425,8406,51,1,66.67
25695,425,8406,53,1,95.99
25696,425,8406,31,1,118.65
25697,43,8407,1,1,5429.43
25698,43,8407,3,1,182.88
25699,43,8407,4,1,1045.02
25700,43,8407,177,1,3544.65
25701,43,8407,118,1,175.91
25702,91,8408,8,1,338.12
25703,91,8408,197,1,1440.46
25704,420,8409,14,1,687.06
25705,420,8409,143,1,602.95
25706,185,8410,33,1,404.5
25707,185,8410,34,2,269.1
25708,185,8410,35,1,790.82
25709,185,8410,38,1,325.54
25710,185,8410,148,1,658.67
25711,185,8410,59,1,88.07
25712,188,8411,51,2,66.67
25713,188,8411,53,1,95.99
25714,188,8411,54,1,131.19
25715,188,8411,56,1,327.69
25716,188,8411,127,1,209.71
25717,271,8412,50,1,103.84
25718,271,8412,46,1,121.09
25719,271,8412,7,1,2063.12
25720,142,8413,165,1,867.11
25721,496,8414,41,2,708.68
25722,496,8414,42,1,162.27
25723,496,8414,47,1,691.19
25724,496,8414,48,1,377.48
25725,496,8414,17,1,281.04
25726,243,8415,140,1,61.32
25727,321,8416,85,1,1742.75
25728,321,8416,149,1,652.63
25729,80,8417,38,1,325.54
25730,21,8418,67,1,3651.66
25731,21,8418,42,1,162.27
25732,21,8418,27,1,1128.13
25733,21,8418,46,1,121.09
25734,312,8419,183,1,171.04
25735,35,8420,3,1,182.88
25736,186,8421,176,1,1269.55
25737,186,8421,25,1,958.76
25738,186,8421,26,1,547.5
25739,186,8421,132,1,284.92
25740,39,8422,135,1,248.61
25741,39,8422,103,1,398.87
25742,150,8423,42,2,162.27
25743,150,8423,171,1,100.57
25744,150,8423,47,1,691.19
25745,150,8423,48,1,377.48
25746,150,8423,182,1,190.33
25747,241,8424,143,1,602.95
25748,284,8425,32,1,182.43
25749,284,8425,37,1,113.29
25750,284,8425,39,1,51.31
25751,284,8425,51,1,66.67
25752,284,8425,31,1,118.65
25753,150,8426,41,1,708.68
25754,150,8426,42,1,162.27
25755,150,8426,47,1,691.19
25756,150,8426,48,1,377.48
25757,150,8426,26,1,547.5
25758,403,8427,106,1,449.77
25759,403,8427,151,1,71.91
25760,360,8428,51,1,66.67
25761,360,8428,53,1,95.99
25762,360,8428,118,1,175.91
25763,360,8428,54,1,131.19
25764,360,8428,56,1,327.69
25765,13,8429,25,1,958.76
25766,13,8429,26,1,547.5
25767,13,8429,28,1,207.71
25768,13,8429,29,1,137.26
25769,274,8430,82,1,482.06
25770,491,8431,25,1,958.76
25771,491,8431,26,1,547.5
25772,491,8431,28,1,207.71
25773,491,8431,29,2,137.26
25774,62,8432,73,1,249.37
25775,62,8432,51,1,66.67
25776,62,8432,53,1,95.99
25777,62,8432,182,1,190.33
25778,62,8432,56,1,327.69
25779,380,8433,32,2,182.43
25780,380,8433,39,1,51.31
25781,380,8433,37,2,113.29
25782,380,8433,31,1,118.65
25783,118,8434,124,1,4869.43
25784,118,8434,86,1,336.99
25785,485,8435,48,1,377.48
25786,485,8435,41,1,708.68
25787,485,8435,47,1,691.19
25788,197,8436,44,1,1768.56
25789,442,8437,136,2,1233.09
25790,442,8437,12,1,378.07
25791,337,8438,48,1,377.48
25792,337,8438,42,1,162.27
25793,337,8438,47,1,691.19
25794,9,8439,32,1,182.43
25795,9,8439,37,1,113.29
25796,9,8439,31,1,118.65
25797,212,8440,33,1,404.5
25798,212,8440,34,1,269.1
25799,212,8440,35,1,790.82
25800,212,8440,38,1,325.54
25801,212,8440,117,1,159.84
25802,390,8441,48,1,377.48
25803,390,8441,187,1,521.01
25804,390,8441,45,1,207.67
25805,390,8441,47,1,691.19
25806,166,8442,84,1,98.36
25807,166,8442,198,2,440.15
25808,323,8443,84,1,98.36
25809,77,8444,32,1,182.43
25810,77,8444,37,1,113.29
25811,77,8444,39,1,51.31
25812,77,8444,121,1,279.43
25813,77,8444,186,1,109.52
25814,77,8444,31,2,118.65
25815,481,8445,104,1,146.34
25816,481,8445,141,1,449.82
25817,174,8446,187,1,521.01
25818,232,8447,48,1,377.48
25819,232,8447,42,1,162.27
25820,232,8447,50,1,103.84
25821,232,8447,46,1,121.09
25822,223,8448,56,1,327.69
25823,223,8448,51,1,66.67
25824,223,8448,53,1,95.99
25825,223,8448,54,1,131.19
25826,315,8449,133,2,165.39
25827,109,8450,1,1,5429.43
25828,109,8450,3,1,182.88
25829,109,8450,4,1,1045.02
25830,109,8450,10,1,96.42
25831,109,8450,123,1,140.92
25832,438,8451,41,1,708.68
25833,438,8451,35,1,790.82
25834,354,8452,1,1,5429.43
25835,354,8452,3,1,182.88
25836,354,8452,4,1,1045.02
25837,354,8452,200,1,284.58
25838,354,8452,10,1,96.42
25839,354,8452,184,1,617.48
25840,234,8453,9,1,864.52
25841,234,8453,2,1,6856.93
25842,234,8453,3,1,182.88
25843,239,8454,138,1,2075.88
25844,239,8454,51,1,66.67
25845,239,8454,54,1,131.19
25846,239,8454,87,1,281.44
25847,215,8455,9,1,864.52
25848,215,8455,2,1,6856.93
25849,215,8455,39,1,51.31
25850,489,8456,56,1,327.69
25851,489,8456,51,2,66.67
25852,489,8456,54,1,131.19
25853,489,8456,71,2,241.15
25854,136,8457,24,1,362.63
25855,465,8458,32,2,182.43
25856,465,8458,37,1,113.29
25857,465,8458,39,1,51.31
25858,465,8458,13,2,342.07
25859,465,8458,187,1,521.01
25860,375,8459,25,1,958.76
25861,375,8459,86,1,336.99
25862,375,8459,199,1,107.47
25863,358,8460,128,1,664.23
25864,358,8460,25,1,958.76
25865,358,8460,28,1,207.71
25866,358,8460,144,2,91.59
25867,100,8461,33,1,404.5
25868,100,8461,162,2,2324.66
25869,100,8461,34,1,269.1
25870,100,8461,35,1,790.82
25871,100,8461,38,1,325.54
25872,273,8462,25,1,958.76
25873,273,8462,26,1,547.5
25874,273,8462,28,1,207.71
25875,273,8462,29,1,137.26
25876,24,8463,136,1,1233.09
25877,24,8463,33,1,404.5
25878,24,8463,34,1,269.1
25879,24,8463,35,1,790.82
25880,53,8464,35,1,790.82
25881,53,8464,51,1,66.67
25882,137,8465,1,1,5429.43
25883,137,8465,3,1,182.88
25884,137,8465,4,1,1045.02
25885,137,8465,10,1,96.42
25886,137,8465,43,1,1574.27
25887,137,8465,156,1,131.66
25888,371,8466,1,1,5429.43
25889,371,8466,3,2,182.88
25890,371,8466,10,1,96.42
25891,371,8466,149,1,652.63
25892,371,8466,122,1,696.77
25893,453,8467,1,1,5429.43
25894,453,8467,10,1,96.42
25895,453,8467,4,1,1045.02
25896,20,8468,17,1,281.04
25897,20,8468,34,1,269.1
25898,20,8468,35,1,790.82
25899,383,8469,5,1,1043.64
25900,383,8469,109,1,44.98
25901,11,8470,118,1,175.91
25902,186,8471,56,1,327.69
25903,186,8471,51,1,66.67
25904,186,8471,53,1,95.99
25905,186,8471,158,1,655.51
25906,219,8472,48,1,377.48
25907,219,8472,41,1,708.68
25908,219,8472,42,1,162.27
25909,219,8472,47,1,691.19
25910,370,8473,51,1,66.67
25911,370,8473,53,1,95.99
25912,370,8473,54,1,131.19
25913,385,8474,9,1,864.52
25914,385,8474,2,1,6856.93
25915,385,8474,6,1,2618.75
25916,40,8475,152,1,92.66
25917,254,8476,141,1,449.82
25918,121,8477,150,1,244.37
25919,121,8477,126,1,224.49
25920,167,8478,34,1,269.1
25921,167,8478,35,1,790.82
25922,167,8478,38,2,325.54
25923,371,8479,25,1,958.76
25924,371,8479,52,1,108.37
25925,13,8480,120,1,37.31
25926,13,8480,95,1,217.5
25927,337,8481,9,1,864.52
25928,337,8481,2,1,6856.93
25929,354,8482,1,1,5429.43
25930,354,8482,3,1,182.88
25931,354,8482,102,1,1982.66
25932,354,8482,38,1,325.54
25933,354,8482,10,1,96.42
25934,188,8483,150,1,244.37
25935,311,8484,25,1,958.76
25936,311,8484,26,1,547.5
25937,311,8484,29,1,137.26
25938,259,8485,197,1,1440.46
25939,355,8486,24,1,362.63
25940,355,8486,59,1,88.07
25941,391,8487,27,1,1128.13
25942,297,8488,48,1,377.48
25943,297,8488,41,1,708.68
25944,297,8488,42,1,162.27
25945,297,8488,47,1,691.19
25946,115,8489,51,1,66.67
25947,115,8489,188,1,2599.64
25948,115,8489,53,2,95.99
25949,115,8489,54,1,131.19
25950,120,8490,32,1,182.43
25951,120,8490,37,1,113.29
25952,59,8491,192,1,105.53
25953,31,8492,129,1,94.56
25954,325,8493,96,1,2249.21
25955,325,8493,115,1,131.51
25956,325,8493,51,1,66.67
25957,325,8493,53,1,95.99
25958,325,8493,54,1,131.19
25959,336,8494,170,1,810.36
25960,495,8495,32,1,182.43
25961,495,8495,59,1,88.07
25962,495,8495,31,1,118.65
25963,54,8496,56,1,327.69
25964,54,8496,155,1,298.62
25965,137,8497,163,2,417.18
25966,137,8497,164,1,297.97
25967,137,8497,25,1,958.76
25968,137,8497,26,1,547.5
25969,137,8497,29,1,137.26
25970,23,8498,38,1,325.54
25971,23,8498,2,1,6856.93
25972,23,8498,3,1,182.88
25973,23,8498,6,1,2618.75
25974,312,8499,48,1,377.48
25975,312,8499,46,1,121.09
25976,312,8499,191,1,2178.66
25977,111,8500,25,1,958.76
25978,111,8500,29,1,137.26
25979,212,8501,51,1,66.67
25980,212,8501,54,1,131.19
25981,394,8502,147,1,4075.22
25982,394,8502,95,1,217.5
25983,446,8503,130,2,3341.54
25984,446,8503,39,1,51.31
25985,446,8503,42,1,162.27
25986,446,8503,47,1,691.19
25987,446,8503,48,1,377.48
25988,212,8504,33,1,404.5
25989,212,8504,133,1,165.39
25990,487,8505,25,1,958.76
25991,487,8505,178,1,3002.16
25992,487,8505,28,1,207.71
25993,487,8505,78,2,637.27
25994,443,8506,84,1,98.36
25995,443,8506,134,1,3215.18
25996,391,8507,37,1,113.29
25997,391,8507,53,1,95.99
25998,397,8508,73,1,249.37
25999,258,8509,199,1,107.47
26000,258,8509,41,1,708.68
26001,258,8509,42,1,162.27
26002,258,8509,47,2,691.19
26003,258,8509,48,1,377.48
26004,426,8510,160,1,298.73
26005,426,8510,13,2,342.07
26006,51,8511,98,1,449.02
26007,51,8511,54,1,131.19
26008,146,8512,32,1,182.43
26009,146,8512,185,1,329.38
26010,146,8512,37,1,113.29
26011,146,8512,39,1,51.31
26012,400,8513,42,1,162.27
26013,400,8513,107,1,5057.62
26014,400,8513,50,1,103.84
26015,400,8513,46,1,121.09
26016,264,8514,9,1,864.52
26017,264,8514,2,1,6856.93
26018,264,8514,13,1,342.07
26019,264,8514,87,1,281.44
26020,176,8515,34,1,269.1
26021,176,8515,35,1,790.82
26022,176,8515,38,1,325.54
26023,176,8515,77,1,193.57
26024,176,8515,27,1,1128.13
26025,453,8516,53,1,95.99
26026,453,8516,167,1,104.4
26027,293,8517,136,1,1233.09
26028,241,8518,48,1,377.48
26029,241,8518,42,1,162.27
26030,241,8518,46,1,121.09
26031,241,8518,103,1,398.87
26032,350,8519,49,1,247.85
26033,350,8519,146,1,323.76
26034,350,8519,25,1,958.76
26035,350,8519,28,1,207.71
26036,350,8519,29,1,137.26
26037,226,8520,122,1,696.77
26038,341,8521,1,1,5429.43
26039,341,8521,130,1,3341.54
26040,341,8521,4,1,1045.02
26041,341,8521,10,1,96.42
26042,341,8521,57,1,215.42
26043,321,8522,64,1,578.73
26044,321,8522,161,1,280.14
26045,321,8522,25,1,958.76
26046,321,8522,26,1,547.5
26047,321,8522,29,1,137.26
26048,224,8523,8,1,338.12
26049,224,8523,89,1,73.16
26050,483,8524,56,1,327.69
26051,483,8524,51,1,66.67
26052,483,8524,53,1,95.99
26053,483,8524,54,1,131.19
26054,219,8525,48,2,377.48
26055,219,8525,42,1,162.27
26056,219,8525,50,1,103.84
26057,219,8525,46,1,121.09
26058,469,8526,70,1,1076.29
26059,469,8526,53,1,95.99
26060,469,8526,46,1,121.09
26061,153,8527,124,1,4869.43
26062,477,8528,152,1,92.66
26063,477,8528,174,2,886.97
26064,20,8529,41,2,708.68
26065,20,8529,70,1,1076.29
26066,20,8529,47,1,691.19
26067,333,8530,33,1,404.5
26068,333,8530,34,1,269.1
26069,333,8530,38,1,325.54
26070,136,8531,120,1,37.31
26071,136,8531,69,1,5185.33
26072,417,8532,9,1,864.52
26073,417,8532,2,1,6856.93
26074,417,8532,6,2,2618.75
26075,496,8533,50,2,103.84
26076,496,8533,46,1,121.09
26077,408,8534,28,1,207.71
26078,408,8534,102,1,1982.66
26079,174,8535,78,1,637.27
26080,174,8535,34,1,269.1
26081,174,8535,38,1,325.54
26082,280,8536,8,1,338.12
26083,280,8536,173,1,426.85
26084,280,8536,51,1,66.67
26085,280,8536,54,1,131.19
26086,280,8536,56,1,327.69
26087,91,8537,48,1,377.48
26088,91,8537,42,1,162.27
26089,91,8537,50,2,103.84
26090,91,8537,46,1,121.09
26091,260,8538,195,1,411.6
26092,410,8539,67,1,3651.66
26093,410,8539,141,1,449.82
26094,101,8540,51,1,66.67
26095,272,8541,185,1,329.38
26096,272,8541,133,1,165.39
26097,82,8542,41,1,708.68
26098,82,8542,42,1,162.27
26099,82,8542,76,1,110.25
26100,82,8542,47,1,691.19
26101,82,8542,62,1,122.09
26102,249,8543,5,1,1043.64
26103,249,8543,54,1,131.19
26104,416,8544,9,1,864.52
26105,416,8544,2,1,6856.93
26106,416,8544,35,1,790.82
26107,416,8544,181,1,353.61
26108,332,8545,32,1,182.43
26109,332,8545,3,1,182.88
26110,332,8545,37,1,113.29
26111,332,8545,39,1,51.31
26112,332,8545,31,1,118.65
26113,201,8546,184,1,617.48
26114,175,8547,129,1,94.56
26115,175,8547,13,1,342.07
26116,175,8547,51,1,66.67
26117,175,8547,53,2,95.99
26118,413,8548,41,1,708.68
26119,413,8548,42,1,162.27
26120,413,8548,47,1,691.19
26121,413,8548,181,1,353.61
26122,413,8548,154,1,3786.85
26123,387,8549,51,1,66.67
26124,387,8549,53,1,95.99
26125,387,8549,54,1,131.19
26126,387,8549,61,1,1462.89
26127,387,8549,126,1,224.49
26128,212,8550,56,1,327.69
26129,212,8550,51,1,66.67
26130,212,8550,53,1,95.99
26131,186,8551,77,1,193.57
26132,129,8552,48,2,377.48
26133,129,8552,42,1,162.27
26134,129,8552,46,1,121.09
26135,434,8553,56,1,327.69
26136,434,8553,51,1,66.67
26137,434,8553,54,1,131.19
26138,303,8554,1,1,5429.43
26139,303,8554,10,1,96.42
26140,303,8554,15,1,478.33
26141,255,8555,48,2,377.48
26142,255,8555,50,1,103.84
26143,255,8555,46,1,121.09
26144,154,8556,48,2,377.48
26145,154,8556,41,1,708.68
26146,154,8556,42,1,162.27
26147,154,8556,47,1,691.19
26148,437,8557,170,1,810.36
26149,437,8557,23,1,3803.84
26150,449,8558,33,1,404.5
26151,449,8558,34,1,269.1
26152,449,8558,35,1,790.82
26153,449,8558,38,1,325.54
26154,262,8559,156,1,131.66
26155,262,8559,42,1,162.27
26156,262,8559,50,1,103.84
26157,262,8559,46,1,121.09
26158,41,8560,101,1,241.26
26159,399,8561,195,1,411.6
26160,343,8562,9,1,864.52
26161,343,8562,2,1,6856.93
26162,343,8562,3,1,182.88
26163,343,8562,6,1,2618.75
26164,147,8563,193,1,256.05
26165,147,8563,107,1,5057.62
26166,350,8564,48,1,377.48
26167,350,8564,89,1,73.16
26168,350,8564,50,1,103.84
26169,350,8564,46,1,121.09
26170,238,8565,48,1,377.48
26171,238,8565,41,1,708.68
26172,238,8565,119,1,1350.85
26173,238,8565,47,1,691.19
26174,378,8566,154,1,3786.85
26175,378,8566,25,1,958.76
26176,378,8566,26,1,547.5
26177,378,8566,28,1,207.71
26178,378,8566,29,2,137.26
26179,268,8567,2,1,6856.93
26180,268,8567,3,1,182.88
26181,268,8567,6,1,2618.75
26182,268,8567,9,1,864.52
26183,268,8567,62,1,122.09
26184,12,8568,160,1,298.73
26185,12,8568,41,1,708.68
26186,12,8568,42,1,162.27
26187,12,8568,47,1,691.19
26188,12,8568,48,1,377.48
26189,255,8569,32,1,182.43
26190,255,8569,35,1,790.82
26191,255,8569,103,1,398.87
26192,255,8569,39,1,51.31
26193,255,8569,31,1,118.65
26194,302,8570,1,1,5429.43
26195,302,8570,3,1,182.88
26196,302,8570,126,1,224.49
26197,374,8571,120,1,37.31
26198,325,8572,163,1,417.18
26199,325,8572,164,1,297.97
26200,303,8573,23,1,3803.84
26201,7,8574,33,1,404.5
26202,7,8574,34,1,269.1
26203,7,8574,35,1,790.82
26204,7,8574,38,1,325.54
26205,7,8574,173,1,426.85
26206,451,8575,180,1,279.71
26207,278,8576,32,2,182.43
26208,278,8576,194,1,582.97
26209,278,8576,37,1,113.29
26210,278,8576,135,1,248.61
26211,278,8576,31,1,118.65
26212,65,8577,25,1,958.76
26213,65,8577,26,1,547.5
26214,50,8578,48,1,377.48
26215,50,8578,42,1,162.27
26216,50,8578,47,1,691.19
26217,23,8579,42,1,162.27
26218,23,8579,47,1,691.19
26219,23,8579,48,1,377.48
26220,23,8579,179,1,148.28
26221,23,8579,188,1,2599.64
26222,469,8580,56,2,327.69
26223,469,8580,51,1,66.67
26224,469,8580,53,1,95.99
26225,469,8580,54,1,131.19
26226,493,8581,5,1,1043.64
26227,284,8582,85,1,1742.75
26228,147,8583,32,1,182.43
26229,147,8583,37,1,113.29
26230,147,8583,133,1,165.39
26231,147,8583,39,1,51.31
26232,147,8583,26,2,547.5
26233,147,8583,31,2,118.65
26234,138,8584,1,1,5429.43
26235,138,8584,10,1,96.42
26236,138,8584,3,1,182.88
26237,138,8584,4,1,1045.02
26238,332,8585,192,1,105.53
26239,332,8585,33,1,404.5
26240,332,8585,34,1,269.1
26241,332,8585,35,1,790.82
26242,332,8585,26,1,547.5
26243,389,8586,48,1,377.48
26244,389,8586,41,1,708.68
26245,389,8586,93,2,304.48
26246,389,8586,47,1,691.19
26247,18,8587,56,1,327.69
26248,18,8587,153,1,564.14
26249,18,8587,51,1,66.67
26250,18,8587,53,1,95.99
26251,499,8588,51,1,66.67
26252,499,8588,53,1,95.99
26253,499,8588,54,1,131.19
26254,499,8588,15,1,478.33
26255,248,8589,129,1,94.56
26256,29,8590,33,1,404.5
26257,29,8590,34,2,269.1
26258,29,8590,35,2,790.82
26259,29,8590,38,1,325.54
26260,434,8591,165,1,867.11
26261,434,8591,146,1,323.76
26262,434,8591,25,1,958.76
26263,434,8591,26,1,547.5
26264,434,8591,28,1,207.71
26265,434,8591,29,2,137.26
26266,40,8592,126,1,224.49
26267,73,8593,121,2,279.43
26268,73,8593,181,1,353.61
26269,426,8594,25,1,958.76
26270,426,8594,26,1,547.5
26271,426,8594,28,1,207.71
26272,115,8595,1,1,5429.43
26273,115,8595,10,1,96.42
26274,115,8595,199,1,107.47
26275,22,8596,67,1,3651.66
26276,260,8597,33,1,404.5
26277,260,8597,34,1,269.1
26278,260,8597,35,1,790.82
26279,260,8597,38,1,325.54
26280,372,8598,48,2,377.48
26281,372,8598,42,1,162.27
26282,372,8598,37,1,113.29
26283,372,8598,47,2,691.19
26284,452,8599,97,1,1968.21
26285,370,8600,2,1,6856.93
26286,370,8600,198,1,440.15
26287,370,8600,6,1,2618.75
26288,370,8600,9,1,864.52
26289,370,8600,114,2,246.79
26290,453,8601,83,1,584.83
26291,453,8601,119,1,1350.85
26292,269,8602,56,2,327.69
26293,269,8602,186,1,109.52
26294,269,8602,51,1,66.67
26295,269,8602,53,1,95.99
26296,288,8603,95,2,217.5
26297,35,8604,176,1,1269.55
26298,35,8604,194,1,582.97
26299,393,8605,47,1,691.19
26300,278,8606,32,1,182.43
26301,278,8606,37,1,113.29
26302,278,8606,135,1,248.61
26303,278,8606,54,1,131.19
26304,278,8606,31,1,118.65
26305,252,8607,92,1,182.48
26306,423,8608,179,1,148.28
26307,423,8608,77,1,193.57
26308,366,8609,33,1,404.5
26309,366,8609,34,1,269.1
26310,366,8609,35,1,790.82
26311,366,8609,38,1,325.54
26312,424,8610,19,2,195.42
26313,487,8611,48,1,377.48
26314,487,8611,46,1,121.09
26315,276,8612,56,1,327.69
26316,276,8612,51,1,66.67
26317,276,8612,53,1,95.99
26318,109,8613,33,1,404.5
26319,109,8613,34,1,269.1
26320,109,8613,35,1,790.82
26321,109,8613,101,1,241.26
26322,109,8613,57,1,215.42
26323,247,8614,34,1,269.1
26324,247,8614,35,1,790.82
26325,392,8615,42,1,162.27
26326,392,8615,76,1,110.25
26327,392,8615,46,1,121.09
26328,392,8615,50,1,103.84
26329,392,8615,154,1,3786.85
26330,356,8616,32,1,182.43
26331,356,8616,25,1,958.76
26332,356,8616,31,1,118.65
26333,219,8617,68,1,1081.84
26334,219,8617,167,2,104.4
26335,185,8618,1,1,5429.43
26336,185,8618,10,1,96.42
26337,185,8618,3,2,182.88
26338,173,8619,33,1,404.5
26339,173,8619,34,1,269.1
26340,173,8619,35,1,790.82
26341,173,8619,38,1,325.54
26342,80,8620,81,1,1613.84
26343,80,8620,25,1,958.76
26344,80,8620,26,1,547.5
26345,80,8620,28,1,207.71
26346,270,8621,11,1,73.96
26347,270,8621,110,1,228.23
26348,474,8622,25,1,958.76
26349,474,8622,29,1,137.26
26350,413,8623,78,2,637.27
26351,226,8624,4,1,1045.02
26352,226,8624,95,1,217.5
26353,411,8625,9,1,864.52
26354,411,8625,2,1,6856.93
26355,411,8625,3,1,182.88
26356,340,8626,138,1,2075.88
26357,340,8626,188,1,2599.64
26358,30,8627,33,1,404.5
26359,30,8627,34,1,269.1
26360,30,8627,115,1,131.51
26361,30,8627,22,1,2057.09
26362,237,8628,136,1,1233.09
26363,237,8628,42,1,162.27
26364,177,8629,32,1,182.43
26365,177,8629,37,1,113.29
26366,474,8630,33,1,404.5
26367,474,8630,34,1,269.1
26368,474,8630,35,1,790.82
26369,474,8630,38,2,325.54
26370,474,8630,181,2,353.61
26371,154,8631,9,1,864.52
26372,154,8631,2,1,6856.93
26373,154,8631,6,1,2618.75
26374,410,8632,186,1,109.52
26375,410,8632,114,1,246.79
26376,299,8633,6,1,2618.75
26377,299,8633,75,1,670.09
26378,299,8633,25,1,958.76
26379,299,8633,26,1,547.5
26380,299,8633,28,1,207.71
26381,299,8633,29,1,137.26
26382,192,8634,41,1,708.68
26383,192,8634,42,1,162.27
26384,192,8634,79,1,421.1
26385,192,8634,47,1,691.19
26386,192,8634,63,1,557.39
26387,387,8635,51,1,66.67
26388,387,8635,53,1,95.99
26389,251,8636,79,1,421.1
26390,251,8636,143,1,602.95
26391,126,8637,182,1,190.33
26392,464,8638,164,1,297.97
26393,464,8638,69,1,5185.33
26394,163,8639,103,2,398.87
26395,163,8639,51,1,66.67
26396,163,8639,53,1,95.99
26397,163,8639,118,1,175.91
26398,163,8639,56,1,327.69
26399,315,8640,33,1,404.5
26400,315,8640,34,1,269.1
26401,315,8640,35,1,790.82
26402,315,8640,38,1,325.54
26403,315,8640,146,1,323.76
26404,51,8641,33,1,404.5
26405,51,8641,34,1,269.1
26406,51,8641,35,1,790.82
26407,51,8641,196,1,211.44
26408,51,8641,92,1,182.48
26409,329,8642,48,2,377.48
26410,329,8642,42,1,162.27
26411,329,8642,149,1,652.63
26412,329,8642,47,1,691.19
26413,301,8643,91,1,978.27
26414,301,8643,165,1,867.11
26415,417,8644,48,1,377.48
26416,417,8644,42,1,162.27
26417,417,8644,46,1,121.09
26418,11,8645,163,1,417.18
26419,458,8646,104,1,146.34
26420,458,8646,42,1,162.27
26421,458,8646,46,2,121.09
26422,458,8646,48,2,377.48
26423,458,8646,50,1,103.84
26424,458,8646,52,2,108.37
26425,196,8647,79,2,421.1
26426,92,8648,118,1,175.91
26427,92,8648,25,1,958.76
26428,92,8648,26,2,547.5
26429,92,8648,28,1,207.71
26430,92,8648,29,1,137.26
26431,1,8649,104,1,146.34
26432,1,8649,156,1,131.66
26433,151,8650,32,1,182.43
26434,151,8650,39,1,51.31
26435,151,8650,169,1,452.68
26436,151,8650,74,1,132.13
26437,151,8650,31,1,118.65
26438,111,8651,41,1,708.68
26439,111,8651,42,1,162.27
26440,111,8651,47,1,691.19
26441,286,8652,48,1,377.48
26442,286,8652,173,1,426.85
26443,286,8652,47,1,691.19
26444,12,8653,32,1,182.43
26445,12,8653,42,1,162.27
26446,12,8653,46,2,121.09
26447,12,8653,48,2,377.48
26448,12,8653,58,1,143.75
26449,453,8654,34,2,269.1
26450,453,8654,35,1,790.82
26451,453,8654,38,1,325.54
26452,453,8654,106,2,449.77
26453,453,8654,158,1,655.51
26454,455,8655,143,1,602.95
26455,455,8655,84,1,98.36
26456,455,8655,25,1,958.76
26457,455,8655,26,1,547.5
26458,455,8655,28,1,207.71
26459,455,8655,29,1,137.26
26460,87,8656,32,1,182.43
26461,87,8656,120,1,37.31
26462,87,8656,39,1,51.31
26463,87,8656,31,1,118.65
26464,287,8657,64,1,578.73
26465,287,8657,25,1,958.76
26466,287,8657,26,1,547.5
26467,287,8657,28,1,207.71
26468,287,8657,29,1,137.26
26469,200,8658,32,1,182.43
26470,200,8658,37,1,113.29
26471,200,8658,31,1,118.65
26472,388,8659,56,1,327.69
26473,388,8659,51,1,66.67
26474,388,8659,53,1,95.99
26475,388,8659,54,1,131.19
26476,276,8660,32,1,182.43
26477,276,8660,57,2,215.42
26478,276,8660,101,1,241.26
26479,276,8660,39,1,51.31
26480,265,8661,48,1,377.48
26481,265,8661,41,1,708.68
26482,265,8661,47,1,691.19
26483,55,8662,41,1,708.68
26484,55,8662,47,1,691.19
26485,83,8663,32,1,182.43
26486,83,8663,37,1,113.29
26487,83,8663,38,1,325.54
26488,83,8663,39,1,51.31
26489,500,8664,25,1,958.76
26490,500,8664,2,1,6856.93
26491,500,8664,3,1,182.88
26492,500,8664,6,1,2618.75
26493,379,8665,196,1,211.44
26494,379,8665,188,1,2599.64
26495,464,8666,25,2,958.76
26496,464,8666,26,1,547.5
26497,464,8666,29,1,137.26
26498,464,8666,78,2,637.27
26499,211,8667,6,1,2618.75
26500,211,8667,191,1,2178.66
26501,493,8668,2,1,6856.93
26502,493,8668,68,2,1081.84
26503,493,8668,6,1,2618.75
26504,186,8669,32,1,182.43
26505,186,8669,37,1,113.29
26506,186,8669,39,1,51.31
26507,186,8669,123,1,140.92
26508,186,8669,31,1,118.65
26509,320,8670,32,1,182.43
26510,320,8670,45,2,207.67
26511,320,8670,51,1,66.67
26512,320,8670,53,1,95.99
26513,320,8670,54,1,131.19
26514,320,8670,56,1,327.69
26515,32,8671,193,1,256.05
26516,270,8672,2,2,6856.93
26517,270,8672,197,1,1440.46
26518,270,8672,6,1,2618.75
26519,412,8673,34,1,269.1
26520,412,8673,35,1,790.82
26521,412,8673,131,1,457.64
26522,412,8673,38,1,325.54
26523,63,8674,32,1,182.43
26524,63,8674,37,1,113.29
26525,63,8674,39,1,51.31
26526,63,8674,112,1,2651.9
26527,63,8674,31,1,118.65
26528,65,8675,48,1,377.48
26529,65,8675,41,1,708.68
26530,65,8675,13,1,342.07
26531,65,8675,47,1,691.19
26532,453,8676,1,1,5429.43
26533,453,8676,10,1,96.42
26534,51,8677,123,1,140.92
26535,51,8677,2,1,6856.93
26536,51,8677,3,1,182.88
26537,51,8677,196,1,211.44
26538,115,8678,40,1,36.51
26539,115,8678,42,1,162.27
26540,32,8679,27,1,1128.13
26541,4,8680,32,1,182.43
26542,4,8680,93,1,304.48
26543,4,8680,39,1,51.31
26544,4,8680,31,1,118.65
26545,133,8681,9,1,864.52
26546,202,8682,41,1,708.68
26547,202,8682,42,1,162.27
26548,202,8682,171,1,100.57
26549,202,8682,47,1,691.19
26550,202,8682,48,1,377.48
26551,472,8683,2,1,6856.93
26552,472,8683,3,1,182.88
26553,472,8683,6,1,2618.75
26554,472,8683,9,1,864.52
26555,472,8683,175,1,152.85
26556,472,8683,126,1,224.49
26557,495,8684,25,1,958.76
26558,495,8684,26,1,547.5
26559,492,8685,34,1,269.1
26560,492,8685,35,1,790.82
26561,492,8685,111,1,453.66
26562,124,8686,170,1,810.36
26563,124,8686,51,1,66.67
26564,124,8686,53,1,95.99
26565,124,8686,54,1,131.19
26566,124,8686,57,1,215.42
26567,75,8687,25,1,958.76
26568,75,8687,29,1,137.26
26569,496,8688,48,1,377.48
26570,496,8688,41,1,708.68
26571,496,8688,88,1,398.34
26572,496,8688,47,1,691.19
26573,261,8689,48,1,377.48
26574,261,8689,42,1,162.27
26575,261,8689,50,1,103.84
26576,261,8689,46,1,121.09
26577,9,8690,1,1,5429.43
26578,9,8690,10,1,96.42
26579,9,8690,75,1,670.09
26580,9,8690,30,1,583.67
26581,111,8691,32,1,182.43
26582,111,8691,60,1,325.99
26583,111,8691,37,1,113.29
26584,146,8692,37,1,113.29
26585,182,8693,179,1,148.28
26586,323,8694,73,1,249.37
26587,466,8695,41,1,708.68
26588,466,8695,47,1,691.19
26589,171,8696,1,2,5429.43
26590,171,8696,10,1,96.42
26591,171,8696,4,1,1045.02
26592,171,8696,36,1,703.99
26593,135,8697,162,1,2324.66
26594,247,8698,1,1,5429.43
26595,274,8699,4,1,1045.02
26596,274,8699,157,1,278.2
26597,255,8700,2,1,6856.93
26598,255,8700,3,1,182.88
26599,255,8700,6,1,2618.75
26600,255,8700,40,1,36.51
26601,255,8700,9,1,864.52
26602,255,8700,55,1,41.52
26603,432,8701,33,2,404.5
26604,432,8701,34,1,269.1
26605,432,8701,35,1,790.82
26606,432,8701,38,1,325.54
26607,333,8702,25,1,958.76
26608,333,8702,26,1,547.5
26609,333,8702,28,1,207.71
26610,194,8703,9,2,864.52
26611,194,8703,2,1,6856.93
26612,194,8703,3,1,182.88
26613,194,8703,6,1,2618.75
26614,340,8704,27,1,1128.13
26615,340,8704,188,1,2599.64
26616,186,8705,32,2,182.43
26617,186,8705,39,1,51.31
26618,186,8705,37,1,113.29
26619,186,8705,31,1,118.65
26620,251,8706,48,1,377.48
26621,251,8706,146,1,323.76
26622,251,8706,25,1,958.76
26623,251,8706,26,1,547.5
26624,251,8706,29,1,137.26
26625,308,8707,2,1,6856.93
26626,308,8707,3,1,182.88
26627,308,8707,85,1,1742.75
26628,328,8708,25,1,958.76
26629,328,8708,26,1,547.5
26630,328,8708,28,1,207.71
26631,417,8709,162,1,2324.66
26632,417,8709,2,1,6856.93
26633,417,8709,3,2,182.88
26634,417,8709,6,1,2618.75
26635,417,8709,9,1,864.52
26636,265,8710,134,2,3215.18
26637,265,8710,42,1,162.27
26638,265,8710,46,1,121.09
26639,265,8710,48,1,377.48
26640,265,8710,50,1,103.84
26641,351,8711,160,1,298.73
26642,500,8712,1,1,5429.43
26643,500,8712,3,1,182.88
26644,500,8712,4,1,1045.02
26645,500,8712,10,1,96.42
26646,500,8712,127,1,209.71
26647,154,8713,136,1,1233.09
26648,154,8713,12,1,378.07
26649,154,8713,51,1,66.67
26650,154,8713,53,1,95.99
26651,154,8713,54,2,131.19
26652,154,8713,56,1,327.69
26653,382,8714,32,1,182.43
26654,382,8714,37,1,113.29
26655,382,8714,199,1,107.47
26656,382,8714,108,1,5179.59
26657,382,8714,31,1,118.65
26658,264,8715,33,1,404.5
26659,264,8715,34,1,269.1
26660,264,8715,35,1,790.82
26661,264,8715,38,1,325.54
26662,281,8716,32,1,182.43
26663,281,8716,39,1,51.31
26664,281,8716,37,1,113.29
26665,281,8716,31,1,118.65
26666,154,8717,83,1,584.83
26667,154,8717,91,1,978.27
26668,390,8718,1,1,5429.43
26669,390,8718,3,1,182.88
26670,390,8718,4,1,1045.02
26671,390,8718,10,1,96.42
26672,390,8718,24,1,362.63
26673,414,8719,89,1,73.16
26674,414,8719,97,1,1968.21
26675,273,8720,83,1,584.83
26676,273,8720,20,1,600.91
26677,144,8721,197,1,1440.46
26678,144,8721,170,1,810.36
26679,144,8721,51,1,66.67
26680,144,8721,54,1,131.19
26681,144,8721,56,2,327.69
26682,35,8722,56,2,327.69
26683,35,8722,51,1,66.67
26684,35,8722,92,2,182.48
26685,35,8722,54,1,131.19
26686,238,8723,93,1,304.48
26687,332,8724,56,2,327.69
26688,332,8724,51,1,66.67
26689,332,8724,53,1,95.99
26690,332,8724,54,2,131.19
26691,226,8725,87,1,281.44
26692,386,8726,42,1,162.27
26693,386,8726,46,1,121.09
26694,386,8726,48,1,377.48
26695,386,8726,55,1,41.52
26696,386,8726,90,1,2115.26
26697,61,8727,1,1,5429.43
26698,61,8727,83,1,584.83
26699,61,8727,4,1,1045.02
26700,258,8728,56,1,327.69
26701,258,8728,82,1,482.06
26702,258,8728,51,1,66.67
26703,221,8729,195,1,411.6
26704,221,8729,151,1,71.91
26705,381,8730,1,1,5429.43
26706,381,8730,118,1,175.91
26707,103,8731,51,1,66.67
26708,103,8731,53,1,95.99
26709,103,8731,54,1,131.19
26710,37,8732,1,1,5429.43
26711,37,8732,34,1,269.1
26712,37,8732,3,1,182.88
26713,37,8732,4,2,1045.02
26714,37,8732,10,1,96.42
26715,37,8732,14,1,687.06
26716,405,8733,25,1,958.76
26717,405,8733,53,1,95.99
26718,108,8734,32,1,182.43
26719,108,8734,39,1,51.31
26720,108,8734,37,1,113.29
26721,108,8734,31,2,118.65
26722,156,8735,1,1,5429.43
26723,156,8735,7,1,2063.12
26724,319,8736,197,1,1440.46
26725,319,8736,150,1,244.37
26726,31,8737,33,1,404.5
26727,31,8737,34,1,269.1
26728,31,8737,35,1,790.82
26729,31,8737,38,1,325.54
26730,31,8737,107,1,5057.62
26731,31,8737,145,1,165.87
26732,148,8738,48,1,377.48
26733,148,8738,52,1,108.37
26734,148,8738,150,1,244.37
26735,148,8738,47,1,691.19
26736,268,8739,161,1,280.14
26737,268,8739,33,1,404.5
26738,268,8739,34,1,269.1
26739,268,8739,35,1,790.82
26740,48,8740,13,1,342.07
26741,270,8741,192,1,105.53
26742,314,8742,25,1,958.76
26743,314,8742,26,1,547.5
26744,314,8742,29,1,137.26
26745,314,8742,149,1,652.63
26746,136,8743,176,1,1269.55
26747,136,8743,25,1,958.76
26748,136,8743,26,1,547.5
26749,123,8744,48,1,377.48
26750,123,8744,50,1,103.84
26751,123,8744,46,1,121.09
26752,327,8745,33,1,404.5
26753,327,8745,34,1,269.1
26754,327,8745,35,1,790.82
26755,327,8745,133,1,165.39
26756,327,8745,38,1,325.54
26757,327,8745,117,1,159.84
26758,125,8746,32,1,182.43
26759,125,8746,39,1,51.31
26760,125,8746,31,2,118.65
26761,46,8747,128,2,664.23
26762,48,8748,2,1,6856.93
26763,48,8748,6,1,2618.75
26764,48,8748,40,1,36.51
26765,48,8748,9,1,864.52
26766,48,8748,51,1,66.67
26767,359,8749,2,1,6856.93
26768,359,8749,3,1,182.88
26769,359,8749,195,1,411.6
26770,359,8749,6,1,2618.75
26771,359,8749,9,2,864.52
26772,359,8749,49,1,247.85
26773,270,8750,32,1,182.43
26774,270,8750,57,2,215.42
26775,270,8750,178,1,3002.16
26776,270,8750,39,1,51.31
26777,355,8751,94,1,192.65
26778,186,8752,96,1,2249.21
26779,186,8752,25,1,958.76
26780,186,8752,90,1,2115.26
26781,186,8752,28,1,207.71
26782,186,8752,29,1,137.26
26783,462,8753,9,1,864.52
26784,189,8754,42,1,162.27
26785,189,8754,115,1,131.51
26786,189,8754,188,1,2599.64
26787,189,8754,46,1,121.09
26788,256,8755,81,1,1613.84
26789,160,8756,25,1,958.76
26790,160,8756,28,1,207.71
26791,435,8757,168,1,126.51
26792,435,8757,42,1,162.27
26793,435,8757,108,1,5179.59
26794,435,8757,46,2,121.09
26795,435,8757,48,1,377.48
26796,435,8757,50,1,103.84
26797,362,8758,72,2,295.83
26798,362,8758,173,1,426.85
26799,448,8759,80,1,996.58
26800,150,8760,195,1,411.6
26801,150,8760,36,1,703.99
26802,250,8761,189,1,46.18
26803,250,8761,182,1,190.33
26804,351,8762,129,2,94.56
26805,351,8762,150,1,244.37
26806,339,8763,72,1,295.83
26807,339,8763,28,1,207.71
26808,352,8764,3,1,182.88
26809,343,8765,51,1,66.67
26810,343,8765,53,1,95.99
26811,343,8765,54,1,131.19
26812,74,8766,73,2,249.37
26813,74,8766,74,1,132.13
26814,408,8767,193,2,256.05
26815,408,8767,76,1,110.25
26816,54,8768,28,1,207.71
26817,309,8769,32,1,182.43
26818,309,8769,64,1,578.73
26819,309,8769,37,1,113.29
26820,309,8769,39,1,51.31
26821,309,8769,148,1,658.67
26822,309,8769,31,1,118.65
26823,236,8770,33,1,404.5
26824,236,8770,34,1,269.1
26825,236,8770,111,1,453.66
26826,499,8771,25,1,958.76
26827,499,8771,27,1,1128.13
26828,499,8771,28,1,207.71
26829,263,8772,174,1,886.97
26830,431,8773,122,1,696.77
26831,431,8773,30,1,583.67
26832,406,8774,9,1,864.52
26833,406,8774,2,1,6856.93
26834,406,8774,3,1,182.88
26835,406,8774,6,1,2618.75
26836,117,8775,106,1,449.77
26837,269,8776,183,1,171.04
26838,197,8777,2,2,6856.93
26839,197,8777,3,1,182.88
26840,16,8778,48,1,377.48
26841,16,8778,50,1,103.84
26842,16,8778,46,2,121.09
26843,29,8779,33,1,404.5
26844,29,8779,34,1,269.1
26845,29,8779,35,1,790.82
26846,29,8779,131,1,457.64
26847,29,8779,38,1,325.54
26848,29,8779,57,1,215.42
26849,275,8780,85,1,1742.75
26850,1,8781,95,1,217.5
26851,232,8782,51,2,66.67
26852,232,8782,53,1,95.99
26853,232,8782,15,1,478.33
26854,349,8783,41,1,708.68
26855,349,8783,42,1,162.27
26856,349,8783,47,1,691.19
26857,349,8783,48,1,377.48
26858,349,8783,21,1,2953.99
26859,358,8784,135,1,248.61
26860,138,8785,107,1,5057.62
26861,138,8785,76,2,110.25
26862,138,8785,51,1,66.67
26863,138,8785,53,1,95.99
26864,138,8785,54,1,131.19
26865,138,8785,56,1,327.69
26866,237,8786,99,1,185.24
26867,237,8786,51,1,66.67
26868,237,8786,53,1,95.99
26869,237,8786,54,1,131.19
26870,237,8786,56,1,327.69
26871,237,8786,29,1,137.26
26872,37,8787,2,1,6856.93
26873,37,8787,67,1,3651.66
26874,37,8787,6,1,2618.75
26875,37,8787,9,1,864.52
26876,37,8787,53,1,95.99
26877,256,8788,2,1,6856.93
26878,256,8788,3,1,182.88
26879,256,8788,82,1,482.06
26880,256,8788,6,2,2618.75
26881,190,8789,56,1,327.69
26882,190,8789,51,1,66.67
26883,190,8789,54,1,131.19
26884,374,8790,9,1,864.52
26885,374,8790,2,1,6856.93
26886,374,8790,6,1,2618.75
26887,374,8790,154,1,3786.85
26888,75,8791,1,1,5429.43
26889,75,8791,3,1,182.88
26890,75,8791,4,1,1045.02
26891,75,8791,10,1,96.42
26892,75,8791,85,2,1742.75
26893,48,8792,1,2,5429.43
26894,48,8792,10,1,96.42
26895,48,8792,3,1,182.88
26896,48,8792,4,1,1045.02
26897,146,8793,11,1,73.96
26898,456,8794,45,1,207.67
26899,456,8794,102,1,1982.66
26900,23,8795,56,2,327.69
26901,23,8795,51,1,66.67
26902,23,8795,53,2,95.99
26903,23,8795,54,1,131.19
26904,108,8796,51,1,66.67
26905,108,8796,53,1,95.99
26906,139,8797,32,2,182.43
26907,139,8797,39,1,51.31
26908,139,8797,142,1,243.55
26909,139,8797,83,1,584.83
26910,139,8797,31,1,118.65
26911,40,8798,67,1,3651.66
26912,40,8798,85,1,1742.75
26913,345,8799,69,1,5185.33
26914,345,8799,41,1,708.68
26915,345,8799,42,1,162.27
26916,345,8799,47,1,691.19
26917,345,8799,48,1,377.48
26918,345,8799,183,2,171.04
26919,367,8800,140,2,61.32
26920,121,8801,64,1,578.73
26921,121,8801,125,1,208.91
26922,210,8802,93,1,304.48
26923,210,8802,174,1,886.97
26924,391,8803,98,1,449.02
26925,391,8803,31,1,118.65
26926,206,8804,32,2,182.43
26927,206,8804,39,1,51.31
26928,206,8804,181,1,353.61
26929,206,8804,125,1,208.91
26930,206,8804,31,1,118.65
26931,26,8805,128,1,664.23
26932,26,8805,109,1,44.98
26933,280,8806,89,1,73.16
26934,280,8806,42,1,162.27
26935,280,8806,150,1,244.37
26936,280,8806,46,1,121.09
26937,372,8807,65,1,586.82
26938,246,8808,66,1,234.31
26939,141,8809,9,1,864.52
26940,141,8809,2,1,6856.93
26941,141,8809,3,1,182.88
26942,141,8809,6,1,2618.75
26943,13,8810,153,1,564.14
26944,13,8810,9,1,864.52
26945,13,8810,2,1,6856.93
26946,13,8810,3,1,182.88
26947,181,8811,32,2,182.43
26948,181,8811,165,1,867.11
26949,181,8811,37,1,113.29
26950,181,8811,31,1,118.65
26951,333,8812,27,1,1128.13
26952,193,8813,42,1,162.27
26953,193,8813,103,1,398.87
26954,193,8813,142,1,243.55
26955,193,8813,47,1,691.19
26956,456,8814,15,1,478.33
26957,456,8814,39,1,51.31
26958,424,8815,107,1,5057.62
26959,424,8815,102,1,1982.66
26960,19,8816,1,1,5429.43
26961,19,8816,4,1,1045.02
26962,19,8816,10,1,96.42
26963,19,8816,60,1,325.99
26964,19,8816,63,1,557.39
26965,146,8817,153,1,564.14
26966,146,8817,54,1,131.19
26967,52,8818,9,1,864.52
26968,52,8818,2,2,6856.93
26969,52,8818,3,1,182.88
26970,52,8818,6,1,2618.75
26971,298,8819,143,1,602.95
26972,342,8820,80,1,996.58
26973,342,8820,102,2,1982.66
26974,342,8820,51,1,66.67
26975,342,8820,54,1,131.19
26976,423,8821,100,1,418.81
26977,430,8822,92,1,182.48
26978,430,8822,142,1,243.55
26979,453,8823,38,1,325.54
26980,111,8824,25,1,958.76
26981,111,8824,26,1,547.5
26982,111,8824,28,1,207.71
26983,111,8824,36,2,703.99
26984,105,8825,25,1,958.76
26985,105,8825,26,1,547.5
26986,105,8825,28,2,207.71
26987,352,8826,3,1,182.88
26988,352,8826,77,1,193.57
26989,476,8827,42,2,162.27
26990,488,8828,22,1,2057.09
26991,488,8828,143,1,602.95
26992,58,8829,32,1,182.43
26993,58,8829,37,1,113.29
26994,58,8829,39,1,51.31
26995,58,8829,47,1,691.19
26996,58,8829,31,1,118.65
26997,304,8830,1,1,5429.43
26998,304,8830,10,1,96.42
26999,304,8830,3,1,182.88
27000,304,8830,4,1,1045.02
27001,220,8831,2,1,6856.93
27002,220,8831,99,1,185.24
27003,220,8831,51,1,66.67
27004,220,8831,53,1,95.99
27005,220,8831,56,1,327.69
27006,31,8832,114,1,246.79
27007,31,8832,59,2,88.07
27008,204,8833,193,1,256.05
27009,204,8833,44,1,1768.56
27010,129,8834,2,1,6856.93
27011,129,8834,3,1,182.88
27012,129,8834,197,1,1440.46
27013,129,8834,6,1,2618.75
27014,129,8834,9,1,864.52
27015,129,8834,115,1,131.51
27016,76,8835,9,1,864.52
27017,76,8835,2,1,6856.93
27018,298,8836,48,1,377.48
27019,298,8836,42,1,162.27
27020,298,8836,181,1,353.61
27021,298,8836,46,2,121.09
27022,46,8837,33,1,404.5
27023,46,8837,34,1,269.1
27024,46,8837,35,1,790.82
27025,46,8837,38,1,325.54
27026,420,8838,88,2,398.34
27027,420,8838,73,1,249.37
27028,8,8839,49,1,247.85
27029,467,8840,2,1,6856.93
27030,467,8840,3,1,182.88
27031,467,8840,6,1,2618.75
27032,467,8840,9,1,864.52
27033,467,8840,42,2,162.27
27034,334,8841,169,1,452.68
27035,334,8841,50,1,103.84
27036,334,8841,46,1,121.09
27037,381,8842,88,1,398.34
27038,381,8842,42,2,162.27
27039,381,8842,46,1,121.09
27040,28,8843,1,1,5429.43
27041,28,8843,98,1,449.02
27042,28,8843,3,1,182.88
27043,28,8843,4,2,1045.02
27044,28,8843,20,1,600.91
27045,400,8844,2,1,6856.93
27046,400,8844,3,1,182.88
27047,400,8844,6,1,2618.75
27048,400,8844,9,1,864.52
27049,400,8844,60,1,325.99
27050,9,8845,77,1,193.57
27051,9,8845,39,1,51.31
27052,234,8846,48,1,377.48
27053,234,8846,41,1,708.68
27054,234,8846,34,1,269.1
27055,234,8846,47,1,691.19
27056,418,8847,6,1,2618.75
27057,43,8848,33,1,404.5
27058,43,8848,34,1,269.1
27059,43,8848,83,1,584.83
27060,43,8848,86,1,336.99
27061,373,8849,32,1,182.43
27062,373,8849,196,1,211.44
27063,373,8849,37,1,113.29
27064,373,8849,39,2,51.31
27065,373,8849,145,1,165.87
27066,373,8849,31,1,118.65
27067,472,8850,22,1,2057.09
27068,36,8851,41,1,708.68
27069,36,8851,42,1,162.27
27070,36,8851,47,2,691.19
27071,36,8851,48,1,377.48
27072,36,8851,83,1,584.83
27073,36,8851,56,2,327.69
27074,11,8852,164,1,297.97
27075,11,8852,150,1,244.37
27076,206,8853,25,2,958.76
27077,206,8853,26,1,547.5
27078,206,8853,28,1,207.71
27079,206,8853,29,1,137.26
27080,462,8854,41,1,708.68
27081,462,8854,42,1,162.27
27082,462,8854,47,1,691.19
27083,462,8854,48,1,377.48
27084,462,8854,118,2,175.91
27085,462,8854,123,2,140.92
27086,186,8855,31,2,118.65
27087,294,8856,130,1,3341.54
27088,270,8857,32,2,182.43
27089,270,8857,37,1,113.29
27090,270,8857,39,1,51.31
27091,270,8857,81,1,1613.84
27092,270,8857,31,1,118.65
27093,117,8858,25,1,958.76
27094,117,8858,26,2,547.5
27095,117,8858,28,1,207.71
27096,117,8858,29,1,137.26
27097,214,8859,57,1,215.42
27098,214,8859,26,1,547.5
27099,214,8859,46,1,121.09
27100,114,8860,2,1,6856.93
27101,114,8860,3,1,182.88
27102,114,8860,21,1,2953.99
27103,114,8860,167,1,104.4
27104,459,8861,51,1,66.67
27105,459,8861,45,1,207.67
27106,20,8862,2,1,6856.93
27107,20,8862,3,2,182.88
27108,20,8862,131,2,457.64
27109,20,8862,67,1,3651.66
27110,20,8862,6,1,2618.75
27111,20,8862,9,2,864.52
27112,141,8863,142,1,243.55
27113,304,8864,48,1,377.48
27114,304,8864,42,1,162.27
27115,304,8864,157,1,278.2
27116,304,8864,46,1,121.09
27117,265,8865,34,1,269.1
27118,265,8865,35,1,790.82
27119,265,8865,38,1,325.54
27120,221,8866,192,1,105.53
27121,221,8866,2,1,6856.93
27122,221,8866,3,1,182.88
27123,221,8866,9,1,864.52
27124,221,8866,58,1,143.75
27125,492,8867,48,1,377.48
27126,492,8867,42,1,162.27
27127,492,8867,4,1,1045.02
27128,492,8867,47,1,691.19
27129,232,8868,48,1,377.48
27130,232,8868,114,1,246.79
27131,232,8868,46,1,121.09
27132,499,8869,65,1,586.82
27133,499,8869,129,1,94.56
27134,499,8869,25,1,958.76
27135,499,8869,26,1,547.5
27136,499,8869,28,1,207.71
27137,499,8869,29,1,137.26
27138,202,8870,1,1,5429.43
27139,202,8870,3,1,182.88
27140,202,8870,4,1,1045.02
27141,202,8870,132,1,284.92
27142,118,8871,25,1,958.76
27143,118,8871,26,1,547.5
27144,118,8871,29,1,137.26
27145,461,8872,33,1,404.5
27146,461,8872,34,2,269.1
27147,461,8872,35,1,790.82
27148,461,8872,69,1,5185.33
27149,461,8872,38,1,325.54
27150,474,8873,1,2,5429.43
27151,474,8873,10,2,96.42
27152,474,8873,3,1,182.88
27153,474,8873,127,1,209.71
27154,463,8874,37,1,113.29
27155,441,8875,1,1,5429.43
27156,441,8875,10,1,96.42
27157,441,8875,153,1,564.14
27158,441,8875,36,1,703.99
27159,33,8876,32,1,182.43
27160,33,8876,39,1,51.31
27161,33,8876,10,1,96.42
27162,33,8876,48,1,377.48
27163,33,8876,31,1,118.65
27164,488,8877,96,1,2249.21
27165,93,8878,179,1,148.28
27166,308,8879,34,1,269.1
27167,308,8879,35,1,790.82
27168,308,8879,38,1,325.54
27169,420,8880,118,1,175.91
27170,420,8880,34,1,269.1
27171,420,8880,35,1,790.82
27172,420,8880,38,1,325.54
27173,93,8881,139,1,351.69
27174,280,8882,105,1,250.27
27175,125,8883,2,1,6856.93
27176,125,8883,3,1,182.88
27177,125,8883,6,1,2618.75
27178,125,8883,50,1,103.84
27179,125,8883,87,1,281.44
27180,40,8884,33,1,404.5
27181,40,8884,34,1,269.1
27182,40,8884,35,1,790.82
27183,157,8885,138,1,2075.88
27184,338,8886,186,1,109.52
27185,338,8886,171,1,100.57
27186,129,8887,18,1,685.51
27187,129,8887,76,1,110.25
27188,315,8888,56,1,327.69
27189,315,8888,51,2,66.67
27190,315,8888,156,1,131.66
27191,315,8888,53,1,95.99
27192,294,8889,41,1,708.68
27193,294,8889,42,1,162.27
27194,294,8889,47,1,691.19
27195,294,8889,48,1,377.48
27196,294,8889,18,1,685.51
27197,294,8889,116,1,136.01
27198,229,8890,137,1,593.31
27199,229,8890,6,1,2618.75
27200,25,8891,137,1,593.31
27201,25,8891,43,2,1574.27
27202,84,8892,2,2,6856.93
27203,84,8892,68,1,1081.84
27204,84,8892,6,1,2618.75
27205,84,8892,9,1,864.52
27206,84,8892,145,2,165.87
27207,484,8893,97,2,1968.21
27208,484,8893,10,1,96.42
27209,430,8894,196,1,211.44
27210,473,8895,1,1,5429.43
27211,473,8895,3,1,182.88
27212,473,8895,10,1,96.42
27213,473,8895,111,1,453.66
27214,473,8895,125,1,208.91
27215,339,8896,9,1,864.52
27216,339,8896,2,1,6856.93
27217,339,8896,6,1,2618.75
27218,339,8896,95,1,217.5
27219,469,8897,149,1,652.63
27220,441,8898,24,1,362.63
27221,441,8898,25,1,958.76
27222,441,8898,26,1,547.5
27223,441,8898,28,1,207.71
27224,441,8898,29,1,137.26
27225,141,8899,147,1,4075.22
27226,141,8899,76,1,110.25
27227,60,8900,9,1,864.52
27228,60,8900,198,1,440.15
27229,477,8901,12,1,378.07
27230,317,8902,48,1,377.48
27231,317,8902,200,1,284.58
27232,317,8902,46,1,121.09
27233,317,8902,95,1,217.5
27234,67,8903,32,1,182.43
27235,67,8903,161,1,280.14
27236,67,8903,37,1,113.29
27237,67,8903,39,1,51.31
27238,67,8903,169,1,452.68
27239,67,8903,31,1,118.65
27240,198,8904,25,1,958.76
27241,198,8904,28,1,207.71
27242,198,8904,29,2,137.26
27243,29,8905,11,1,73.96
27244,486,8906,32,1,182.43
27245,486,8906,37,1,113.29
27246,486,8906,39,1,51.31
27247,453,8907,165,1,867.11
27248,453,8907,25,1,958.76
27249,453,8907,26,1,547.5
27250,453,8907,28,1,207.71
27251,453,8907,29,1,137.26
27252,377,8908,32,1,182.43
27253,377,8908,37,1,113.29
27254,377,8908,39,1,51.31
27255,315,8909,92,1,182.48
27256,341,8910,32,1,182.43
27257,341,8910,39,1,51.31
27258,341,8910,31,1,118.65
27259,447,8911,32,1,182.43
27260,447,8911,137,1,593.31
27261,447,8911,112,1,2651.9
27262,447,8911,37,1,113.29
27263,490,8912,137,1,593.31
27264,276,8913,33,1,404.5
27265,276,8913,34,1,269.1
27266,276,8913,35,1,790.82
27267,276,8913,168,1,126.51
27268,276,8913,12,1,378.07
27269,121,8914,145,1,165.87
27270,230,8915,41,1,708.68
27271,230,8915,77,1,193.57
27272,230,8915,47,1,691.19
27273,67,8916,2,1,6856.93
27274,67,8916,3,1,182.88
27275,67,8916,6,1,2618.75
27276,67,8916,39,1,51.31
27277,67,8916,9,1,864.52
27278,67,8916,177,2,3544.65
27279,423,8917,1,1,5429.43
27280,423,8917,10,1,96.42
27281,423,8917,3,1,182.88
27282,423,8917,4,1,1045.02
27283,241,8918,8,1,338.12
27284,457,8919,113,1,61.24
27285,393,8920,40,1,36.51
27286,389,8921,32,1,182.43
27287,389,8921,92,1,182.48
27288,389,8921,37,1,113.29
27289,389,8921,31,2,118.65
27290,80,8922,122,1,696.77
27291,140,8923,38,1,325.54
27292,178,8924,32,1,182.43
27293,178,8924,109,1,44.98
27294,178,8924,37,1,113.29
27295,178,8924,192,1,105.53
27296,382,8925,1,1,5429.43
27297,382,8925,3,1,182.88
27298,382,8925,4,1,1045.02
27299,382,8925,10,2,96.42
27300,382,8925,83,1,584.83
27301,382,8925,117,1,159.84
27302,454,8926,25,2,958.76
27303,454,8926,26,1,547.5
27304,454,8926,28,1,207.71
27305,454,8926,29,1,137.26
27306,130,8927,107,2,5057.62
27307,130,8927,140,1,61.32
27308,465,8928,32,2,182.43
27309,465,8928,37,1,113.29
27310,465,8928,39,1,51.31
27311,465,8928,147,1,4075.22
27312,465,8928,123,1,140.92
27313,332,8929,48,1,377.48
27314,332,8929,42,1,162.27
27315,332,8929,107,1,5057.62
27316,332,8929,47,1,691.19
27317,225,8930,1,1,5429.43
27318,225,8930,10,1,96.42
27319,225,8930,3,1,182.88
27320,225,8930,4,2,1045.02
27321,449,8931,151,1,71.91
27322,444,8932,1,1,5429.43
27323,444,8932,10,1,96.42
27324,444,8932,3,1,182.88
27325,444,8932,4,1,1045.02
27326,393,8933,1,2,5429.43
27327,393,8933,10,1,96.42
27328,393,8933,3,1,182.88
27329,393,8933,4,1,1045.02
27330,243,8934,1,2,5429.43
27331,243,8934,10,1,96.42
27332,243,8934,3,1,182.88
27333,38,8935,37,1,113.29
27334,38,8935,102,1,1982.66
27335,29,8936,140,2,61.32
27336,29,8936,180,1,279.71
27337,354,8937,72,1,295.83
27338,354,8937,194,1,582.97
27339,292,8938,25,1,958.76
27340,292,8938,26,1,547.5
27341,292,8938,28,1,207.71
27342,292,8938,29,1,137.26
27343,252,8939,48,1,377.48
27344,252,8939,42,1,162.27
27345,252,8939,120,1,37.31
27346,252,8939,46,1,121.09
27347,399,8940,145,1,165.87
27348,399,8940,126,2,224.49
27349,174,8941,42,2,162.27
27350,174,8941,47,1,691.19
27351,177,8942,194,1,582.97
27352,177,8942,196,1,211.44
27353,359,8943,16,1,680.77
27354,359,8943,3,1,182.88
27355,289,8944,123,1,140.92
27356,289,8944,134,1,3215.18
27357,330,8945,64,2,578.73
27358,330,8945,42,1,162.27
27359,330,8945,102,1,1982.66
27360,330,8945,47,1,691.19
27361,368,8946,121,2,279.43
27362,368,8946,197,2,1440.46
27363,404,8947,120,1,37.31
27364,404,8947,34,1,269.1
27365,404,8947,38,1,325.54
27366,492,8948,25,1,958.76
27367,492,8948,11,2,73.96
27368,492,8948,117,1,159.84
27369,40,8949,33,1,404.5
27370,40,8949,34,1,269.1
27371,40,8949,35,1,790.82
27372,40,8949,38,1,325.54
27373,40,8949,154,1,3786.85
27374,198,8950,1,2,5429.43
27375,198,8950,3,2,182.88
27376,198,8950,4,1,1045.02
27377,198,8950,10,2,96.42
27378,198,8950,46,1,121.09
27379,198,8950,189,1,46.18
27380,44,8951,199,1,107.47
27381,301,8952,88,1,398.34
27382,39,8953,36,1,703.99
27383,39,8953,42,1,162.27
27384,39,8953,46,1,121.09
27385,39,8953,48,1,377.48
27386,39,8953,50,1,103.84
27387,297,8954,164,2,297.97
27388,297,8954,70,1,1076.29
27389,75,8955,66,1,234.31
27390,75,8955,180,1,279.71
27391,150,8956,56,2,327.69
27392,438,8957,34,1,269.1
27393,438,8957,38,1,325.54
27394,438,8957,135,1,248.61
27395,215,8958,37,1,113.29
27396,215,8958,167,2,104.4
27397,215,8958,42,1,162.27
27398,215,8958,46,1,121.09
27399,215,8958,48,1,377.48
27400,215,8958,50,1,103.84
27401,69,8959,89,1,73.16
27402,69,8959,42,1,162.27
27403,69,8959,36,1,703.99
27404,69,8959,47,1,691.19
27405,444,8960,1,1,5429.43
27406,444,8960,3,1,182.88
27407,444,8960,4,1,1045.02
27408,444,8960,10,1,96.42
27409,444,8960,14,1,687.06
27410,185,8961,18,1,685.51
27411,471,8962,32,1,182.43
27412,471,8962,39,1,51.31
27413,471,8962,37,1,113.29
27414,471,8962,31,1,118.65
27415,286,8963,38,1,325.54
27416,286,8963,42,1,162.27
27417,286,8963,76,1,110.25
27418,286,8963,46,1,121.09
27419,286,8963,48,1,377.48
27420,286,8963,50,1,103.84
27421,366,8964,48,1,377.48
27422,366,8964,41,1,708.68
27423,366,8964,47,1,691.19
27424,201,8965,121,1,279.43
27425,201,8965,42,1,162.27
27426,201,8965,46,1,121.09
27427,201,8965,98,1,449.02
27428,370,8966,25,1,958.76
27429,370,8966,26,1,547.5
27430,370,8966,169,1,452.68
27431,370,8966,23,2,3803.84
27432,190,8967,160,1,298.73
27433,190,8967,42,1,162.27
27434,190,8967,77,1,193.57
27435,190,8967,46,1,121.09
27436,190,8967,48,1,377.48
27437,190,8967,50,1,103.84
27438,270,8968,33,1,404.5
27439,270,8968,34,1,269.1
27440,270,8968,38,2,325.54
27441,62,8969,68,1,1081.84
27442,62,8969,51,1,66.67
27443,62,8969,53,1,95.99
27444,62,8969,54,1,131.19
27445,62,8969,56,2,327.69
27446,62,8969,158,1,655.51
27447,237,8970,56,2,327.69
27448,237,8970,51,1,66.67
27449,237,8970,53,1,95.99
27450,237,8970,54,1,131.19
27451,202,8971,1,1,5429.43
27452,202,8971,10,1,96.42
27453,202,8971,4,1,1045.02
27454,336,8972,104,1,146.34
27455,336,8972,41,1,708.68
27456,336,8972,42,2,162.27
27457,336,8972,11,1,73.96
27458,336,8972,47,1,691.19
27459,336,8972,48,1,377.48
27460,488,8973,32,1,182.43
27461,488,8973,39,1,51.31
27462,488,8973,37,2,113.29
27463,488,8973,31,1,118.65
27464,230,8974,88,1,398.34
27465,260,8975,34,2,269.1
27466,260,8975,35,1,790.82
27467,260,8975,38,1,325.54
27468,260,8975,82,1,482.06
27469,260,8975,87,1,281.44
27470,156,8976,123,1,140.92
27471,156,8976,70,1,1076.29
27472,173,8977,125,1,208.91
27473,238,8978,88,1,398.34
27474,238,8978,81,1,1613.84
27475,438,8979,24,1,362.63
27476,174,8980,136,1,1233.09
27477,174,8980,145,1,165.87
27478,123,8981,169,1,452.68
27479,123,8981,82,1,482.06
27480,295,8982,33,1,404.5
27481,295,8982,34,2,269.1
27482,295,8982,18,2,685.51
27483,295,8982,38,1,325.54
27484,32,8983,181,1,353.61
27485,32,8983,54,1,131.19
27486,326,8984,161,1,280.14
27487,326,8984,196,1,211.44
27488,326,8984,42,1,162.27
27489,326,8984,46,1,121.09
27490,326,8984,48,1,377.48
27491,326,8984,50,1,103.84
27492,447,8985,32,1,182.43
27493,447,8985,37,1,113.29
27494,447,8985,103,1,398.87
27495,447,8985,76,2,110.25
27496,447,8985,31,1,118.65
27497,267,8986,144,1,91.59
27498,326,8987,47,1,691.19
27499,326,8987,79,2,421.1
27500,227,8988,42,1,162.27
27501,227,8988,47,1,691.19
27502,410,8989,189,1,46.18
27503,216,8990,2,1,6856.93
27504,216,8990,69,1,5185.33
27505,216,8990,6,1,2618.75
27506,451,8991,33,1,404.5
27507,451,8991,34,1,269.1
27508,451,8991,35,2,790.82
27509,451,8991,38,1,325.54
27510,223,8992,1,1,5429.43
27511,111,8993,114,1,246.79
27512,88,8994,1,1,5429.43
27513,88,8994,10,2,96.42
27514,88,8994,21,1,2953.99
27515,88,8994,103,1,398.87
27516,208,8995,33,1,404.5
27517,208,8995,34,1,269.1
27518,208,8995,35,1,790.82
27519,208,8995,38,1,325.54
27520,453,8996,65,1,586.82
27521,453,8996,195,1,411.6
27522,159,8997,83,1,584.83
27523,159,8997,51,1,66.67
27524,159,8997,53,1,95.99
27525,159,8997,54,1,131.19
27526,159,8997,56,1,327.69
27527,314,8998,120,1,37.31
27528,314,8998,25,2,958.76
27529,314,8998,35,1,790.82
27530,314,8998,29,1,137.26
27531,59,8999,25,1,958.76
27532,59,8999,26,1,547.5
27533,59,8999,28,1,207.71
27534,59,8999,29,1,137.26
27535,212,9000,94,1,192.65
27536,170,9001,121,1,279.43
27537,165,9002,48,1,377.48
27538,165,9002,41,1,708.68
27539,165,9002,42,1,162.27
27540,165,9002,47,1,691.19
27541,300,9003,32,1,182.43
27542,300,9003,39,1,51.31
27543,300,9003,37,1,113.29
27544,300,9003,31,2,118.65
27545,244,9004,34,1,269.1
27546,244,9004,35,1,790.82
27547,244,9004,194,1,582.97
27548,244,9004,38,1,325.54
27549,244,9004,25,1,958.76
27550,251,9005,41,1,708.68
27551,251,9005,42,2,162.27
27552,251,9005,47,1,691.19
27553,251,9005,48,1,377.48
27554,251,9005,112,1,2651.9
27555,382,9006,1,1,5429.43
27556,382,9006,10,1,96.42
27557,382,9006,3,2,182.88
27558,382,9006,4,1,1045.02
27559,133,9007,48,1,377.48
27560,133,9007,42,1,162.27
27561,133,9007,47,1,691.19
27562,180,9008,127,2,209.71
27563,305,9009,173,1,426.85
27564,8,9010,91,1,978.27
27565,380,9011,48,1,377.48
27566,380,9011,143,1,602.95
27567,380,9011,42,1,162.27
27568,380,9011,47,1,691.19
27569,33,9012,9,1,864.52
27570,33,9012,2,1,6856.93
27571,33,9012,6,1,2618.75
27572,227,9013,114,1,246.79
27573,227,9013,51,1,66.67
27574,227,9013,54,1,131.19
27575,227,9013,56,1,327.69
27576,227,9013,127,1,209.71
27577,380,9014,110,1,228.23
27578,389,9015,66,1,234.31
27579,389,9015,44,1,1768.56
27580,210,9016,32,1,182.43
27581,210,9016,39,1,51.31
27582,106,9017,1,1,5429.43
27583,106,9017,4,2,1045.02
27584,106,9017,113,1,61.24
27585,106,9017,41,1,708.68
27586,225,9018,93,1,304.48
27587,225,9018,55,1,41.52
27588,263,9019,25,1,958.76
27589,263,9019,29,1,137.26
27590,119,9020,33,1,404.5
27591,119,9020,162,1,2324.66
27592,119,9020,34,1,269.1
27593,119,9020,35,1,790.82
27594,119,9020,38,1,325.54
27595,119,9020,200,1,284.58
27596,223,9021,33,1,404.5
27597,223,9021,34,1,269.1
27598,223,9021,35,2,790.82
27599,223,9021,38,1,325.54
27600,223,9021,167,1,104.4
27601,100,9022,2,1,6856.93
27602,100,9022,3,1,182.88
27603,100,9022,131,1,457.64
27604,100,9022,6,1,2618.75
27605,100,9022,135,1,248.61
27606,307,9023,69,2,5185.33
27607,243,9024,42,1,162.27
27608,243,9024,50,1,103.84
27609,243,9024,21,1,2953.99
27610,243,9024,46,1,121.09
27611,452,9025,1,1,5429.43
27612,452,9025,10,2,96.42
27613,452,9025,4,1,1045.02
27614,273,9026,33,1,404.5
27615,273,9026,34,1,269.1
27616,273,9026,35,2,790.82
27617,273,9026,37,1,113.29
27618,273,9026,38,1,325.54
27619,273,9026,28,1,207.71
27620,271,9027,193,2,256.05
27621,495,9028,130,1,3341.54
27622,495,9028,80,1,996.58
27623,495,9028,51,1,66.67
27624,495,9028,54,1,131.19
27625,495,9028,56,1,327.69
27626,238,9029,32,1,182.43
27627,293,9030,32,1,182.43
27628,293,9030,74,1,132.13
27629,293,9030,37,1,113.29
27630,307,9031,56,1,327.69
27631,307,9031,51,1,66.67
27632,307,9031,53,1,95.99
27633,307,9031,54,1,131.19
27634,393,9032,32,1,182.43
27635,393,9032,123,1,140.92
27636,393,9032,37,2,113.29
27637,393,9032,31,2,118.65
27638,490,9033,197,1,1440.46
27639,493,9034,1,1,5429.43
27640,493,9034,3,1,182.88
27641,493,9034,9,1,864.52
27642,493,9034,10,1,96.42
27643,493,9034,191,1,2178.66
27644,31,9035,35,1,790.82
27645,31,9035,5,1,1043.64
27646,267,9036,51,1,66.67
27647,267,9036,53,1,95.99
27648,267,9036,54,1,131.19
27649,267,9036,181,1,353.61
27650,267,9036,56,1,327.69
27651,267,9036,127,2,209.71
27652,372,9037,81,1,1613.84
27653,372,9037,51,2,66.67
27654,372,9037,53,1,95.99
27655,372,9037,54,1,131.19
27656,97,9038,69,1,5185.33
27657,97,9038,101,1,241.26
27658,71,9039,32,1,182.43
27659,71,9039,37,1,113.29
27660,71,9039,39,1,51.31
27661,89,9040,109,1,44.98
27662,89,9040,51,1,66.67
27663,89,9040,53,1,95.99
27664,89,9040,54,1,131.19
27665,89,9040,56,1,327.69
27666,89,9040,24,1,362.63
27667,168,9041,138,1,2075.88
27668,168,9041,37,1,113.29
27669,92,9042,48,1,377.48
27670,92,9042,42,1,162.27
27671,92,9042,50,1,103.84
27672,92,9042,46,1,121.09
27673,348,9043,152,1,92.66
27674,202,9044,25,1,958.76
27675,202,9044,26,1,547.5
27676,202,9044,28,1,207.71
27677,332,9045,12,1,378.07
27678,332,9045,190,1,615.39
27679,151,9046,110,1,228.23
27680,151,9046,2,1,6856.93
27681,151,9046,3,1,182.88
27682,151,9046,6,1,2618.75
27683,101,9047,82,1,482.06
27684,109,9048,32,1,182.43
27685,109,9048,37,1,113.29
27686,109,9048,39,1,51.31
27687,109,9048,108,2,5179.59
27688,109,9048,143,1,602.95
27689,109,9048,31,1,118.65
27690,44,9049,104,1,146.34
27691,321,9050,1,1,5429.43
27692,321,9050,2,1,6856.93
27693,321,9050,3,1,182.88
27694,321,9050,4,1,1045.02
27695,321,9050,10,1,96.42
27696,321,9050,26,1,547.5
27697,23,9051,51,1,66.67
27698,23,9051,53,2,95.99
27699,23,9051,54,1,131.19
27700,211,9052,56,1,327.69
27701,211,9052,51,1,66.67
27702,211,9052,155,1,298.62
27703,211,9052,53,1,95.99
27704,194,9053,164,1,297.97
27705,194,9053,174,1,886.97
27706,135,9054,48,2,377.48
27707,135,9054,42,1,162.27
27708,135,9054,50,2,103.84
27709,135,9054,46,1,121.09
27710,355,9055,1,1,5429.43
27711,355,9055,4,1,1045.02
27712,355,9055,37,1,113.29
27713,355,9055,140,1,61.32
27714,119,9056,33,1,404.5
27715,119,9056,34,1,269.1
27716,119,9056,35,1,790.82
27717,119,9056,38,1,325.54
27718,119,9056,61,1,1462.89
27719,1,9057,48,1,377.48
27720,1,9057,41,1,708.68
27721,1,9057,42,1,162.27
27722,1,9057,47,1,691.19
27723,469,9058,86,1,336.99
27724,16,9059,32,1,182.43
27725,271,9060,42,1,162.27
27726,271,9060,47,1,691.19
27727,14,9061,64,2,578.73
27728,14,9061,52,1,108.37
27729,285,9062,16,1,680.77
27730,170,9063,83,1,584.83
27731,329,9064,32,1,182.43
27732,329,9064,39,1,51.31
27733,329,9064,140,1,61.32
27734,329,9064,31,2,118.65
27735,329,9064,95,1,217.5
27736,45,9065,33,1,404.5
27737,45,9065,34,1,269.1
27738,45,9065,38,1,325.54
27739,45,9065,41,1,708.68
27740,45,9065,49,1,247.85
27741,488,9066,33,1,404.5
27742,488,9066,34,1,269.1
27743,488,9066,38,1,325.54
27744,463,9067,25,1,958.76
27745,463,9067,179,1,148.28
27746,339,9068,48,1,377.48
27747,339,9068,113,1,61.24
27748,339,9068,46,2,121.09
27749,339,9068,30,1,583.67
27750,195,9069,45,1,207.67
27751,195,9069,52,1,108.37
27752,195,9069,25,1,958.76
27753,195,9069,26,1,547.5
27754,195,9069,28,1,207.71
27755,195,9069,29,2,137.26
27756,191,9070,48,1,377.48
27757,191,9070,42,1,162.27
27758,191,9070,47,1,691.19
27759,323,9071,34,1,269.1
27760,323,9071,117,1,159.84
27761,215,9072,42,1,162.27
27762,215,9072,196,1,211.44
27763,215,9072,50,1,103.84
27764,215,9072,46,1,121.09
27765,316,9073,41,1,708.68
27766,316,9073,47,1,691.19
27767,316,9073,48,1,377.48
27768,316,9073,50,1,103.84
27769,316,9073,20,1,600.91
27770,231,9074,33,1,404.5
27771,231,9074,34,1,269.1
27772,231,9074,35,1,790.82
27773,231,9074,37,1,113.29
27774,231,9074,122,1,696.77
27775,27,9075,34,1,269.1
27776,27,9075,38,2,325.54
27777,92,9076,40,1,36.51
27778,92,9076,182,1,190.33
27779,92,9076,25,1,958.76
27780,92,9076,28,1,207.71
27781,92,9076,29,1,137.26
27782,496,9077,18,1,685.51
27783,496,9077,5,1,1043.64
27784,121,9078,113,1,61.24
27785,121,9078,91,1,978.27
27786,121,9078,47,1,691.19
27787,96,9079,32,1,182.43
27788,96,9079,39,1,51.31
27789,96,9079,37,2,113.29
27790,96,9079,31,1,118.65
27791,231,9080,132,1,284.92
27792,231,9080,23,1,3803.84
27793,197,9081,9,1,864.52
27794,197,9081,2,1,6856.93
27795,197,9081,3,1,182.88
27796,197,9081,6,1,2618.75
27797,36,9082,27,1,1128.13
27798,243,9083,175,1,152.85
27799,116,9084,33,1,404.5
27800,116,9084,34,1,269.1
27801,116,9084,35,1,790.82
27802,116,9084,194,1,582.97
27803,116,9084,38,1,325.54
27804,450,9085,1,1,5429.43
27805,450,9085,3,1,182.88
27806,450,9085,196,1,211.44
27807,450,9085,4,1,1045.02
27808,450,9085,166,1,184.75
27809,140,9086,1,1,5429.43
27810,140,9086,10,1,96.42
27811,140,9086,4,1,1045.02
27812,217,9087,9,1,864.52
27813,217,9087,165,1,867.11
27814,75,9088,134,1,3215.18
27815,75,9088,51,1,66.67
27816,75,9088,19,1,195.42
27817,75,9088,53,1,95.99
27818,75,9088,54,1,131.19
27819,75,9088,56,1,327.69
27820,212,9089,91,2,978.27
27821,136,9090,2,1,6856.93
27822,136,9090,3,1,182.88
27823,395,9091,129,1,94.56
27824,395,9091,52,1,108.37
27825,37,9092,123,1,140.92
27826,37,9092,61,1,1462.89
27827,149,9093,54,1,131.19
27828,180,9094,90,1,2115.26
27829,180,9094,22,1,2057.09
27830,315,9095,32,1,182.43
27831,315,9095,37,2,113.29
27832,315,9095,39,1,51.31
27833,315,9095,104,1,146.34
27834,315,9095,10,1,96.42
27835,315,9095,31,1,118.65
27836,473,9096,46,2,121.09
27837,473,9096,33,1,404.5
27838,473,9096,34,1,269.1
27839,473,9096,38,2,325.54
27840,276,9097,170,1,810.36
27841,276,9097,50,1,103.84
27842,276,9097,37,1,113.29
27843,276,9097,46,1,121.09
27844,257,9098,192,1,105.53
27845,257,9098,33,1,404.5
27846,257,9098,34,1,269.1
27847,257,9098,100,1,418.81
27848,257,9098,38,1,325.54
27849,154,9099,146,1,323.76
27850,38,9100,50,1,103.84
27851,38,9100,12,1,378.07
27852,38,9100,46,1,121.09
27853,97,9101,1,1,5429.43
27854,97,9101,4,1,1045.02
27855,97,9101,111,2,453.66
27856,295,9102,100,1,418.81
27857,125,9103,48,1,377.48
27858,125,9103,42,2,162.27
27859,125,9103,50,1,103.84
27860,125,9103,46,1,121.09
27861,277,9104,32,1,182.43
27862,277,9104,81,1,1613.84
27863,237,9105,193,1,256.05
27864,237,9105,119,1,1350.85
27865,413,9106,33,1,404.5
27866,413,9106,34,1,269.1
27867,413,9106,35,1,790.82
27868,413,9106,53,1,95.99
27869,151,9107,21,1,2953.99
27870,151,9107,15,1,478.33
27871,106,9108,178,1,3002.16
27872,106,9108,25,1,958.76
27873,106,9108,26,1,547.5
27874,106,9108,28,1,207.71
27875,106,9108,29,1,137.26
27876,25,9109,59,1,88.07
27877,385,9110,119,1,1350.85
27878,482,9111,1,2,5429.43
27879,482,9111,10,1,96.42
27880,482,9111,3,1,182.88
27881,482,9111,4,1,1045.02
27882,64,9112,51,1,66.67
27883,64,9112,54,1,131.19
27884,360,9113,30,1,583.67
27885,142,9114,200,1,284.58
27886,142,9114,188,1,2599.64
27887,157,9115,33,1,404.5
27888,157,9115,34,1,269.1
27889,157,9115,35,1,790.82
27890,157,9115,38,1,325.54
27891,157,9115,25,1,958.76
27892,94,9116,33,1,404.5
27893,94,9116,197,1,1440.46
27894,40,9117,148,1,658.67
27895,40,9117,23,2,3803.84
27896,149,9118,32,1,182.43
27897,149,9118,37,1,113.29
27898,149,9118,31,1,118.65
27899,183,9119,137,1,593.31
27900,456,9120,32,1,182.43
27901,456,9120,19,1,195.42
27902,23,9121,1,1,5429.43
27903,23,9121,10,1,96.42
27904,23,9121,4,1,1045.02
27905,23,9121,199,1,107.47
27906,237,9122,61,1,1462.89
27907,134,9123,162,1,2324.66
27908,134,9123,131,1,457.64
27909,134,9123,25,1,958.76
27910,134,9123,28,2,207.71
27911,134,9123,29,1,137.26
27912,366,9124,68,2,1081.84
27913,366,9124,41,1,708.68
27914,366,9124,47,1,691.19
27915,366,9124,48,1,377.48
27916,366,9124,150,1,244.37
27917,399,9125,132,1,284.92
27918,201,9126,88,1,398.34
27919,201,9126,189,1,46.18
27920,375,9127,51,1,66.67
27921,375,9127,53,2,95.99
27922,375,9127,54,1,131.19
27923,375,9127,119,2,1350.85
27924,375,9127,56,1,327.69
27925,375,9127,22,1,2057.09
27926,220,9128,148,2,658.67
27927,467,9129,9,1,864.52
27928,467,9129,2,1,6856.93
27929,467,9129,3,1,182.88
27930,467,9129,13,1,342.07
27931,297,9130,128,1,664.23
27932,297,9130,33,1,404.5
27933,297,9130,34,1,269.1
27934,436,9131,144,1,91.59
27935,436,9131,9,2,864.52
27936,436,9131,2,1,6856.93
27937,436,9131,3,1,182.88
27938,303,9132,99,1,185.24
27939,303,9132,42,1,162.27
27940,303,9132,46,1,121.09
27941,303,9132,48,1,377.48
27942,303,9132,50,1,103.84
27943,303,9132,51,1,66.67
27944,467,9133,48,1,377.48
27945,467,9133,41,1,708.68
27946,467,9133,42,1,162.27
27947,467,9133,47,2,691.19
27948,340,9134,114,1,246.79
27949,111,9135,97,1,1968.21
27950,111,9135,107,2,5057.62
27951,111,9135,46,1,121.09
27952,111,9135,48,2,377.48
27953,111,9135,50,1,103.84
27954,380,9136,97,1,1968.21
27955,380,9136,175,2,152.85
27956,200,9137,1,1,5429.43
27957,200,9137,3,1,182.88
27958,200,9137,131,1,457.64
27959,200,9137,109,1,44.98
27960,312,9138,2,1,6856.93
27961,312,9138,6,1,2618.75
27962,45,9139,41,1,708.68
27963,45,9139,42,1,162.27
27964,45,9139,47,1,691.19
27965,45,9139,48,1,377.48
27966,45,9139,147,1,4075.22
27967,15,9140,11,1,73.96
27968,363,9141,12,1,378.07
27969,363,9141,175,1,152.85
27970,363,9141,51,1,66.67
27971,363,9141,53,1,95.99
27972,363,9141,54,1,131.19
27973,363,9141,56,1,327.69
27974,468,9142,33,1,404.5
27975,468,9142,34,1,269.1
27976,468,9142,35,1,790.82
27977,468,9142,174,1,886.97
27978,468,9142,51,1,66.67
27979,114,9143,48,1,377.48
27980,114,9143,41,1,708.68
27981,114,9143,100,1,418.81
27982,114,9143,47,1,691.19
27983,333,9144,41,1,708.68
27984,333,9144,42,1,162.27
27985,333,9144,47,1,691.19
27986,406,9145,185,1,329.38
27987,406,9145,46,1,121.09
27988,412,9146,56,1,327.69
27989,412,9146,51,1,66.67
27990,412,9146,53,1,95.99
27991,213,9147,51,1,66.67
27992,213,9147,53,1,95.99
27993,213,9147,54,1,131.19
27994,213,9147,56,1,327.69
27995,213,9147,157,1,278.2
27996,263,9148,73,1,249.37
27997,263,9148,41,1,708.68
27998,263,9148,54,1,131.19
27999,263,9148,47,2,691.19
28000,392,9149,1,2,5429.43
28001,392,9149,193,2,256.05
28002,392,9149,3,1,182.88
28003,392,9149,4,1,1045.02
28004,392,9149,135,1,248.61
28005,392,9149,10,1,96.42
28006,259,9150,48,1,377.48
28007,259,9150,193,2,256.05
28008,259,9150,46,1,121.09
28009,394,9151,42,1,162.27
28010,394,9151,163,1,417.18
28011,394,9151,46,1,121.09
28012,193,9152,42,1,162.27
28013,193,9152,46,1,121.09
28014,193,9152,48,1,377.48
28015,193,9152,50,1,103.84
28016,193,9152,87,1,281.44
28017,54,9153,33,1,404.5
28018,54,9153,34,1,269.1
28019,54,9153,38,1,325.54
28020,54,9153,95,1,217.5
28021,230,9154,48,1,377.48
28022,230,9154,41,1,708.68
28023,230,9154,158,1,655.51
28024,230,9154,47,2,691.19
28025,40,9155,2,1,6856.93
28026,40,9155,163,1,417.18
28027,40,9155,101,1,241.26
28028,11,9156,9,1,864.52
28029,11,9156,2,1,6856.93
28030,11,9156,3,1,182.88
28031,11,9156,6,1,2618.75
28032,161,9157,32,1,182.43
28033,161,9157,39,1,51.31
28034,161,9157,31,1,118.65
28035,160,9158,68,1,1081.84
28036,160,9158,101,1,241.26
28037,89,9159,48,1,377.48
28038,89,9159,175,1,152.85
28039,303,9160,170,1,810.36
28040,303,9160,1,1,5429.43
28041,303,9160,10,1,96.42
28042,303,9160,3,1,182.88
28043,144,9161,48,1,377.48
28044,144,9161,41,1,708.68
28045,144,9161,84,1,98.36
28046,144,9161,47,1,691.19
28047,223,9162,1,2,5429.43
28048,223,9162,3,1,182.88
28049,223,9162,4,2,1045.02
28050,168,9163,32,1,182.43
28051,168,9163,37,1,113.29
28052,168,9163,39,1,51.31
28053,168,9163,55,1,41.52
28054,168,9163,31,1,118.65
28055,44,9164,42,1,162.27
28056,44,9164,46,1,121.09
28057,44,9164,50,1,103.84
28058,44,9164,147,1,4075.22
28059,44,9164,114,1,246.79
28060,300,9165,185,1,329.38
28061,300,9165,42,1,162.27
28062,49,9166,119,1,1350.85
28063,471,9167,162,1,2324.66
28064,373,9168,111,1,453.66
28065,331,9169,32,2,182.43
28066,331,9169,90,1,2115.26
28067,331,9169,39,1,51.31
28068,331,9169,31,1,118.65
28069,296,9170,51,1,66.67
28070,296,9170,53,1,95.99
28071,296,9170,54,1,131.19
28072,169,9171,109,1,44.98
28073,169,9171,173,1,426.85
28074,407,9172,25,1,958.76
28075,407,9172,26,1,547.5
28076,407,9172,28,2,207.71
28077,407,9172,29,1,137.26
28078,45,9173,48,1,377.48
28079,45,9173,42,1,162.27
28080,45,9173,46,1,121.09
28081,60,9174,62,1,122.09
28082,162,9175,56,1,327.69
28083,162,9175,51,1,66.67
28084,162,9175,54,1,131.19
28085,150,9176,170,1,810.36
28086,229,9177,150,1,244.37
28087,220,9178,77,1,193.57
28088,220,9178,23,1,3803.84
28089,27,9179,58,1,143.75
28090,27,9179,76,1,110.25
28091,183,9180,56,1,327.69
28092,183,9180,51,1,66.67
28093,183,9180,53,1,95.99
28094,183,9180,54,1,131.19
28095,262,9181,155,1,298.62
28096,262,9181,167,1,104.4
28097,45,9182,42,1,162.27
28098,45,9182,46,1,121.09
28099,45,9182,48,1,377.48
28100,45,9182,50,1,103.84
28101,45,9182,153,1,564.14
28102,419,9183,33,1,404.5
28103,419,9183,34,1,269.1
28104,419,9183,35,2,790.82
28105,419,9183,38,1,325.54
28106,419,9183,81,1,1613.84
28107,118,9184,56,1,327.69
28108,118,9184,80,1,996.58
28109,118,9184,51,2,66.67
28110,118,9184,54,1,131.19
28111,11,9185,51,1,66.67
28112,294,9186,9,1,864.52
28113,294,9186,2,1,6856.93
28114,294,9186,3,1,182.88
28115,294,9186,6,1,2618.75
28116,84,9187,32,1,182.43
28117,84,9187,193,1,256.05
28118,84,9187,37,1,113.29
28119,84,9187,31,1,118.65
28120,285,9188,9,1,864.52
28121,285,9188,62,1,122.09
28122,179,9189,25,1,958.76
28123,179,9189,106,1,449.77
28124,179,9189,29,1,137.26
28125,27,9190,115,2,131.51
28126,27,9190,198,1,440.15
28127,406,9191,2,1,6856.93
28128,406,9191,3,1,182.88
28129,406,9191,9,1,864.52
28130,406,9191,53,1,95.99
28131,406,9191,60,1,325.99
28132,334,9192,2,1,6856.93
28133,334,9192,3,1,182.88
28134,334,9192,165,2,867.11
28135,334,9192,6,1,2618.75
28136,334,9192,9,1,864.52
28137,334,9192,147,1,4075.22
28138,413,9193,1,1,5429.43
28139,413,9193,3,1,182.88
28140,413,9193,189,1,46.18
28141,296,9194,1,1,5429.43
28142,296,9194,18,1,685.51
28143,296,9194,4,1,1045.02
28144,47,9195,33,1,404.5
28145,47,9195,34,1,269.1
28146,47,9195,35,1,790.82
28147,47,9195,38,1,325.54
28148,47,9195,70,2,1076.29
28149,449,9196,48,1,377.48
28150,449,9196,42,1,162.27
28151,449,9196,46,1,121.09
28152,489,9197,32,1,182.43
28153,489,9197,74,1,132.13
28154,489,9197,199,1,107.47
28155,489,9197,31,2,118.65
28156,144,9198,48,1,377.48
28157,144,9198,42,1,162.27
28158,144,9198,50,1,103.84
28159,144,9198,46,2,121.09
28160,25,9199,54,1,131.19
28161,25,9199,183,1,171.04
28162,25,9199,25,1,958.76
28163,25,9199,26,1,547.5
28164,25,9199,28,1,207.71
28165,25,9199,29,2,137.26
28166,139,9200,48,1,377.48
28167,139,9200,42,2,162.27
28168,139,9200,155,1,298.62
28169,139,9200,47,1,691.19
28170,424,9201,9,1,864.52
28171,424,9201,2,1,6856.93
28172,424,9201,3,1,182.88
28173,424,9201,6,1,2618.75
28174,31,9202,48,1,377.48
28175,31,9202,41,1,708.68
28176,31,9202,102,1,1982.66
28177,31,9202,47,1,691.19
28178,229,9203,56,1,327.69
28179,229,9203,118,1,175.91
28180,161,9204,140,1,61.32
28181,497,9205,34,1,269.1
28182,497,9205,38,1,325.54
28183,497,9205,39,1,51.31
28184,205,9206,2,1,6856.93
28185,205,9206,3,1,182.88
28186,205,9206,9,1,864.52
28187,205,9206,143,2,602.95
28188,205,9206,29,1,137.26
28189,265,9207,41,1,708.68
28190,265,9207,42,1,162.27
28191,265,9207,47,1,691.19
28192,265,9207,48,2,377.48
28193,265,9207,95,1,217.5
28194,350,9208,42,1,162.27
28195,350,9208,47,1,691.19
28196,122,9209,34,1,269.1
28197,122,9209,35,1,790.82
28198,122,9209,196,1,211.44
28199,122,9209,38,1,325.54
28200,122,9209,178,1,3002.16
28201,417,9210,34,2,269.1
28202,417,9210,35,1,790.82
28203,417,9210,38,1,325.54
28204,417,9210,7,1,2063.12
28205,417,9210,111,1,453.66
28206,60,9211,56,1,327.69
28207,60,9211,62,1,122.09
28208,13,9212,34,1,269.1
28209,13,9212,111,1,453.66
28210,342,9213,137,1,593.31
28211,342,9213,19,1,195.42
28212,342,9213,25,1,958.76
28213,342,9213,28,1,207.71
28214,342,9213,29,1,137.26
28215,112,9214,48,1,377.48
28216,238,9215,175,1,152.85
28217,238,9215,151,1,71.91
28218,43,9216,32,1,182.43
28219,43,9216,146,2,323.76
28220,43,9216,37,1,113.29
28221,15,9217,67,1,3651.66
28222,122,9218,41,1,708.68
28223,122,9218,42,1,162.27
28224,122,9218,47,1,691.19
28225,122,9218,119,1,1350.85
28226,122,9218,95,1,217.5
28227,206,9219,156,1,131.66
28228,410,9220,48,1,377.48
28229,410,9220,42,1,162.27
28230,410,9220,47,2,691.19
28231,188,9221,1,1,5429.43
28232,188,9221,10,1,96.42
28233,188,9221,3,1,182.88
28234,341,9222,146,1,323.76
28235,288,9223,48,2,377.48
28236,288,9223,42,1,162.27
28237,288,9223,50,1,103.84
28238,288,9223,46,1,121.09
28239,129,9224,32,1,182.43
28240,129,9224,39,1,51.31
28241,129,9224,37,1,113.29
28242,129,9224,31,1,118.65
28243,357,9225,23,1,3803.84
28244,215,9226,140,1,61.32
28245,477,9227,32,1,182.43
28246,477,9227,39,1,51.31
28247,477,9227,37,1,113.29
28248,477,9227,31,1,118.65
28249,197,9228,34,1,269.1
28250,197,9228,35,1,790.82
28251,197,9228,38,1,325.54
28252,197,9228,79,2,421.1
28253,376,9229,45,1,207.67
28254,235,9230,56,1,327.69
28255,235,9230,51,1,66.67
28256,235,9230,157,1,278.2
28257,235,9230,150,1,244.37
28258,355,9231,1,2,5429.43
28259,355,9231,3,1,182.88
28260,355,9231,4,1,1045.02
28261,355,9231,10,2,96.42
28262,355,9231,107,1,5057.62
28263,186,9232,59,1,88.07
28264,144,9233,32,2,182.43
28265,144,9233,96,1,2249.21
28266,144,9233,39,1,51.31
28267,144,9233,42,2,162.27
28268,144,9233,31,1,118.65
28269,157,9234,183,1,171.04
28270,245,9235,139,1,351.69
28271,399,9236,32,1,182.43
28272,399,9236,37,1,113.29
28273,399,9236,39,1,51.31
28274,399,9236,31,1,118.65
28275,399,9236,127,1,209.71
28276,89,9237,168,1,126.51
28277,89,9237,42,2,162.27
28278,89,9237,46,1,121.09
28279,89,9237,48,1,377.48
28280,89,9237,53,1,95.99
28281,407,9238,25,1,958.76
28282,407,9238,163,1,417.18
28283,407,9238,28,1,207.71
28284,407,9238,70,1,1076.29
28285,485,9239,58,1,143.75
28286,485,9239,85,1,1742.75
28287,379,9240,33,1,404.5
28288,379,9240,34,2,269.1
28289,379,9240,35,1,790.82
28290,379,9240,38,2,325.54
28291,178,9241,109,1,44.98
28292,178,9241,141,1,449.82
28293,250,9242,145,1,165.87
28294,250,9242,134,1,3215.18
28295,470,9243,139,1,351.69
28296,470,9243,37,1,113.29
28297,243,9244,61,1,1462.89
28298,243,9244,21,1,2953.99
28299,35,9245,168,2,126.51
28300,35,9245,153,1,564.14
28301,331,9246,33,1,404.5
28302,331,9246,34,1,269.1
28303,331,9246,35,1,790.82
28304,331,9246,38,2,325.54
28305,74,9247,2,1,6856.93
28306,74,9247,3,1,182.88
28307,74,9247,103,2,398.87
28308,74,9247,40,1,36.51
28309,74,9247,9,1,864.52
28310,426,9248,2,1,6856.93
28311,426,9248,3,1,182.88
28312,426,9248,6,1,2618.75
28313,126,9249,33,1,404.5
28314,126,9249,34,1,269.1
28315,126,9249,35,1,790.82
28316,126,9249,195,1,411.6
28317,126,9249,38,1,325.54
28318,126,9249,115,1,131.51
28319,384,9250,48,1,377.48
28320,384,9250,41,1,708.68
28321,384,9250,47,2,691.19
28322,221,9251,2,1,6856.93
28323,221,9251,3,1,182.88
28324,221,9251,130,1,3341.54
28325,221,9251,9,1,864.52
28326,221,9251,81,1,1613.84
28327,220,9252,161,1,280.14
28328,220,9252,1,1,5429.43
28329,220,9252,3,1,182.88
28330,220,9252,10,1,96.42
28331,220,9252,60,1,325.99
28332,60,9253,1,1,5429.43
28333,60,9253,3,2,182.88
28334,60,9253,4,2,1045.02
28335,60,9253,75,2,670.09
28336,60,9253,124,1,4869.43
28337,289,9254,32,1,182.43
28338,289,9254,37,1,113.29
28339,289,9254,39,2,51.31
28340,289,9254,84,1,98.36
28341,289,9254,126,1,224.49
28342,77,9255,48,1,377.48
28343,77,9255,42,1,162.27
28344,77,9255,46,1,121.09
28345,426,9256,103,2,398.87
28346,62,9257,32,1,182.43
28347,62,9257,37,2,113.29
28348,62,9257,39,1,51.31
28349,452,9258,25,1,958.76
28350,452,9258,29,1,137.26
28351,117,9259,83,1,584.83
28352,117,9259,188,1,2599.64
28353,245,9260,28,1,207.71
28354,245,9260,25,1,958.76
28355,245,9260,26,1,547.5
28356,245,9260,124,1,4869.43
28357,245,9260,29,1,137.26
28358,328,9261,32,1,182.43
28359,328,9261,39,1,51.31
28360,328,9261,37,1,113.29
28361,328,9261,31,1,118.65
28362,323,9262,74,1,132.13
28363,323,9262,54,1,131.19
28364,169,9263,117,1,159.84
28365,280,9264,48,1,377.48
28366,280,9264,42,1,162.27
28367,280,9264,47,1,691.19
28368,45,9265,32,1,182.43
28369,45,9265,37,1,113.29
28370,45,9265,39,1,51.31
28371,45,9265,59,1,88.07
28372,45,9265,31,1,118.65
28373,153,9266,48,1,377.48
28374,153,9266,41,1,708.68
28375,153,9266,42,1,162.27
28376,153,9266,47,1,691.19
28377,431,9267,104,1,146.34
28378,431,9267,174,1,886.97
28379,222,9268,58,1,143.75
28380,222,9268,108,1,5179.59
28381,222,9268,25,1,958.76
28382,222,9268,26,1,547.5
28383,222,9268,28,1,207.71
28384,222,9268,29,1,137.26
28385,354,9269,184,1,617.48
28386,354,9269,51,1,66.67
28387,354,9269,53,1,95.99
28388,354,9269,54,1,131.19
28389,270,9270,104,1,146.34
28390,428,9271,16,1,680.77
28391,428,9271,95,1,217.5
28392,96,9272,126,1,224.49
28393,500,9273,48,1,377.48
28394,500,9273,42,1,162.27
28395,500,9273,50,2,103.84
28396,500,9273,46,1,121.09
28397,273,9274,51,1,66.67
28398,273,9274,47,1,691.19
28399,273,9274,54,1,131.19
28400,273,9274,23,2,3803.84
28401,171,9275,41,1,708.68
28402,171,9275,42,1,162.27
28403,171,9275,179,1,148.28
28404,171,9275,47,1,691.19
28405,149,9276,2,1,6856.93
28406,149,9276,3,1,182.88
28407,149,9276,6,1,2618.75
28408,149,9276,9,1,864.52
28409,149,9276,81,2,1613.84
28410,282,9277,80,2,996.58
28411,282,9277,68,1,1081.84
28412,264,9278,33,1,404.5
28413,264,9278,34,2,269.1
28414,264,9278,35,1,790.82
28415,264,9278,38,1,325.54
28416,193,9279,48,1,377.48
28417,193,9279,42,1,162.27
28418,193,9279,189,2,46.18
28419,193,9279,46,1,121.09
28420,438,9280,76,1,110.25
28421,433,9281,50,1,103.84
28422,433,9281,46,1,121.09
28423,269,9282,174,1,886.97
28424,276,9283,1,2,5429.43
28425,276,9283,10,1,96.42
28426,276,9283,3,1,182.88
28427,276,9283,133,1,165.39
28428,206,9284,56,1,327.69
28429,206,9284,51,2,66.67
28430,206,9284,53,1,95.99
28431,206,9284,54,1,131.19
28432,320,9285,2,1,6856.93
28433,320,9285,6,1,2618.75
28434,254,9286,11,2,73.96
28435,496,9287,1,1,5429.43
28436,496,9287,3,1,182.88
28437,496,9287,4,1,1045.02
28438,496,9287,10,1,96.42
28439,496,9287,178,1,3002.16
28440,263,9288,2,1,6856.93
28441,263,9288,3,1,182.88
28442,165,9289,25,1,958.76
28443,165,9289,26,1,547.5
28444,165,9289,148,1,658.67
28445,165,9289,29,1,137.26
28446,467,9290,97,1,1968.21
28447,467,9290,26,1,547.5
28448,289,9291,64,2,578.73
28449,289,9291,2,1,6856.93
28450,289,9291,3,1,182.88
28451,289,9291,172,1,72.49
28452,39,9292,1,1,5429.43
28453,39,9292,3,1,182.88
28454,39,9292,4,1,1045.02
28455,39,9292,10,1,96.42
28456,39,9292,21,1,2953.99
28457,162,9293,32,1,182.43
28458,162,9293,100,1,418.81
28459,162,9293,37,1,113.29
28460,162,9293,39,1,51.31
28461,150,9294,25,1,958.76
28462,150,9294,26,1,547.5
28463,150,9294,107,1,5057.62
28464,150,9294,57,1,215.42
28465,418,9295,32,1,182.43
28466,418,9295,123,1,140.92
28467,418,9295,37,1,113.29
28468,418,9295,39,1,51.31
28469,479,9296,32,1,182.43
28470,479,9296,37,1,113.29
28471,479,9296,39,1,51.31
28472,175,9297,36,1,703.99
28473,272,9298,69,1,5185.33
28474,272,9298,47,1,691.19
28475,479,9299,126,1,224.49
28476,341,9300,176,1,1269.55
28477,145,9301,33,1,404.5
28478,145,9301,34,1,269.1
28479,145,9301,29,1,137.26
28480,145,9301,38,1,325.54
28481,358,9302,33,1,404.5
28482,358,9302,34,1,269.1
28483,358,9302,35,1,790.82
28484,144,9303,144,1,91.59
28485,144,9303,2,1,6856.93
28486,144,9303,3,2,182.88
28487,144,9303,112,1,2651.9
28488,474,9304,57,1,215.42
28489,474,9304,34,1,269.1
28490,147,9305,34,1,269.1
28491,147,9305,38,1,325.54
28492,338,9306,34,2,269.1
28493,338,9306,38,1,325.54
28494,56,9307,33,1,404.5
28495,56,9307,34,1,269.1
28496,56,9307,38,1,325.54
28497,369,9308,34,1,269.1
28498,369,9308,38,2,325.54
28499,320,9309,88,1,398.34
28500,320,9309,50,1,103.84
28501,320,9309,61,1,1462.89
28502,320,9309,46,1,121.09
28503,192,9310,110,1,228.23
28504,192,9310,14,1,687.06
28505,192,9310,51,1,66.67
28506,192,9310,53,2,95.99
28507,192,9310,54,1,131.19
28508,307,9311,105,1,250.27
28509,307,9311,138,1,2075.88
28510,161,9312,58,1,143.75
28511,161,9312,25,1,958.76
28512,161,9312,26,2,547.5
28513,161,9312,91,1,978.27
28514,161,9312,28,1,207.71
28515,444,9313,94,1,192.65
28516,207,9314,25,2,958.76
28517,207,9314,50,1,103.84
28518,207,9314,164,1,297.97
28519,207,9314,46,1,121.09
28520,189,9315,47,1,691.19
28521,455,9316,1,1,5429.43
28522,455,9316,3,1,182.88
28523,303,9317,60,1,325.99
28524,438,9318,1,1,5429.43
28525,438,9318,3,1,182.88
28526,438,9318,4,1,1045.02
28527,438,9318,69,2,5185.33
28528,438,9318,84,1,98.36
28529,415,9319,200,1,284.58
28530,415,9319,42,1,162.27
28531,415,9319,45,1,207.67
28532,415,9319,46,1,121.09
28533,415,9319,50,1,103.84
28534,484,9320,32,1,182.43
28535,484,9320,39,1,51.31
28536,484,9320,31,1,118.65
28537,263,9321,23,2,3803.84
28538,354,9322,81,1,1613.84
28539,324,9323,96,1,2249.21
28540,324,9323,10,1,96.42
28541,316,9324,156,1,131.66
28542,316,9324,165,1,867.11
28543,366,9325,120,1,37.31
28544,366,9325,31,1,118.65
28545,204,9326,199,1,107.47
28546,204,9326,42,1,162.27
28547,204,9326,46,1,121.09
28548,204,9326,47,1,691.19
28549,204,9326,50,1,103.84
28550,201,9327,162,1,2324.66
28551,389,9328,1,1,5429.43
28552,389,9328,10,1,96.42
28553,389,9328,190,1,615.39
28554,474,9329,114,1,246.79
28555,474,9329,156,1,131.66
28556,382,9330,33,1,404.5
28557,382,9330,34,1,269.1
28558,382,9330,35,1,790.82
28559,382,9330,38,1,325.54
28560,382,9330,43,1,1574.27
28561,396,9331,9,1,864.52
28562,396,9331,2,1,6856.93
28563,396,9331,6,1,2618.75
28564,396,9331,1,1,5429.43
28565,280,9332,33,1,404.5
28566,280,9332,180,1,279.71
28567,500,9333,32,1,182.43
28568,500,9333,129,1,94.56
28569,500,9333,37,1,113.29
28570,500,9333,39,1,51.31
28571,500,9333,24,1,362.63
28572,500,9333,31,2,118.65
28573,361,9334,9,1,864.52
28574,361,9334,2,1,6856.93
28575,361,9334,3,1,182.88
28576,361,9334,6,1,2618.75
28577,153,9335,11,1,73.96
28578,153,9335,174,1,886.97
28579,341,9336,2,1,6856.93
28580,341,9336,3,1,182.88
28581,341,9336,9,1,864.52
28582,341,9336,175,1,152.85
28583,341,9336,188,1,2599.64
28584,405,9337,76,1,110.25
28585,405,9337,197,1,1440.46
28586,106,9338,131,2,457.64
28587,106,9338,5,1,1043.64
28588,103,9339,33,1,404.5
28589,103,9339,34,1,269.1
28590,103,9339,36,1,703.99
28591,103,9339,38,1,325.54
28592,103,9339,25,1,958.76
28593,164,9340,1,1,5429.43
28594,164,9340,10,1,96.42
28595,164,9340,38,1,325.54
28596,164,9340,63,1,557.39
28597,283,9341,32,1,182.43
28598,283,9341,37,1,113.29
28599,283,9341,39,1,51.31
28600,283,9341,182,1,190.33
28601,283,9341,119,1,1350.85
28602,283,9341,31,1,118.65
28603,320,9342,108,2,5179.59
28604,320,9342,13,1,342.07
28605,496,9343,33,2,404.5
28606,496,9343,34,2,269.1
28607,496,9343,35,1,790.82
28608,153,9344,1,1,5429.43
28609,153,9344,10,1,96.42
28610,153,9344,3,1,182.88
28611,153,9344,21,1,2953.99
28612,261,9345,19,1,195.42
28613,261,9345,187,1,521.01
28614,447,9346,25,1,958.76
28615,447,9346,28,1,207.71
28616,214,9347,56,1,327.69
28617,214,9347,51,1,66.67
28618,214,9347,4,1,1045.02
28619,214,9347,54,1,131.19
28620,378,9348,1,1,5429.43
28621,378,9348,10,1,96.42
28622,378,9348,3,1,182.88
28623,378,9348,4,1,1045.02
28624,236,9349,145,1,165.87
28625,236,9349,156,1,131.66
28626,480,9350,33,2,404.5
28627,480,9350,34,2,269.1
28628,480,9350,35,1,790.82
28629,475,9351,88,1,398.34
28630,475,9351,190,1,615.39
28631,70,9352,56,2,327.69
28632,70,9352,51,1,66.67
28633,70,9352,54,1,131.19
28634,223,9353,32,2,182.43
28635,223,9353,37,1,113.29
28636,223,9353,31,1,118.65
28637,452,9354,56,1,327.69
28638,452,9354,9,1,864.52
28639,452,9354,2,1,6856.93
28640,452,9354,160,1,298.73
28641,314,9355,33,1,404.5
28642,314,9355,34,1,269.1
28643,314,9355,35,1,790.82
28644,314,9355,100,1,418.81
28645,314,9355,38,1,325.54
28646,314,9355,72,1,295.83
28647,461,9356,6,1,2618.75
28648,37,9357,2,1,6856.93
28649,37,9357,6,1,2618.75
28650,112,9358,72,1,295.83
28651,112,9358,47,1,691.19
28652,155,9359,24,1,362.63
28653,95,9360,180,1,279.71
28654,95,9360,183,1,171.04
28655,382,9361,15,1,478.33
28656,300,9362,56,1,327.69
28657,300,9362,51,1,66.67
28658,300,9362,53,1,95.99
28659,213,9363,33,1,404.5
28660,213,9363,34,1,269.1
28661,213,9363,35,1,790.82
28662,213,9363,38,1,325.54
28663,428,9364,1,1,5429.43
28664,428,9364,10,1,96.42
28665,428,9364,3,1,182.88
28666,428,9364,4,1,1045.02
28667,277,9365,53,1,95.99
28668,277,9365,198,1,440.15
28669,221,9366,143,1,602.95
28670,241,9367,68,1,1081.84
28671,241,9367,54,1,131.19
28672,386,9368,32,1,182.43
28673,386,9368,37,1,113.29
28674,386,9368,77,1,193.57
28675,386,9368,176,1,1269.55
28676,386,9368,31,1,118.65
28677,20,9369,41,1,708.68
28678,20,9369,42,2,162.27
28679,20,9369,105,1,250.27
28680,20,9369,47,1,691.19
28681,17,9370,8,1,338.12
28682,17,9370,25,1,958.76
28683,17,9370,26,2,547.5
28684,17,9370,29,1,137.26
28685,237,9371,25,1,958.76
28686,237,9371,26,1,547.5
28687,237,9371,28,1,207.71
28688,237,9371,109,2,44.98
28689,202,9372,9,1,864.52
28690,202,9372,2,1,6856.93
28691,202,9372,3,1,182.88
28692,202,9372,69,1,5185.33
28693,83,9373,48,1,377.48
28694,83,9373,42,1,162.27
28695,83,9373,47,1,691.19
28696,165,9374,32,1,182.43
28697,165,9374,39,1,51.31
28698,165,9374,37,1,113.29
28699,165,9374,31,1,118.65
28700,376,9375,48,1,377.48
28701,376,9375,42,1,162.27
28702,376,9375,50,1,103.84
28703,376,9375,46,1,121.09
28704,382,9376,105,2,250.27
28705,382,9376,51,1,66.67
28706,382,9376,54,2,131.19
28707,382,9376,56,1,327.69
28708,382,9376,185,1,329.38
28709,173,9377,25,1,958.76
28710,173,9377,26,1,547.5
28711,173,9377,28,1,207.71
28712,173,9377,151,1,71.91
28713,220,9378,25,1,958.76
28714,220,9378,28,1,207.71
28715,220,9378,29,1,137.26
28716,321,9379,41,1,708.68
28717,321,9379,42,1,162.27
28718,321,9379,82,1,482.06
28719,321,9379,47,1,691.19
28720,195,9380,6,1,2618.75
28721,235,9381,41,1,708.68
28722,235,9381,177,1,3544.65
28723,235,9381,44,1,1768.56
28724,235,9381,47,1,691.19
28725,311,9382,72,1,295.83
28726,311,9382,2,1,6856.93
28727,311,9382,3,1,182.88
28728,311,9382,6,1,2618.75
28729,75,9383,32,2,182.43
28730,75,9383,39,1,51.31
28731,75,9383,37,1,113.29
28732,75,9383,31,1,118.65
28733,1,9384,2,1,6856.93
28734,1,9384,95,1,217.5
28735,1,9384,79,1,421.1
28736,474,9385,107,1,5057.62
28737,474,9385,7,1,2063.12
28738,128,9386,98,1,449.02
28739,128,9386,51,1,66.67
28740,128,9386,53,2,95.99
28741,128,9386,56,1,327.69
28742,128,9386,185,1,329.38
28743,400,9387,1,1,5429.43
28744,400,9387,10,1,96.42
28745,400,9387,4,1,1045.02
28746,247,9388,51,1,66.67
28747,247,9388,132,1,284.92
28748,247,9388,53,1,95.99
28749,247,9388,54,1,131.19
28750,134,9389,1,1,5429.43
28751,134,9389,3,1,182.88
28752,134,9389,166,1,184.75
28753,134,9389,41,2,708.68
28754,110,9390,99,1,185.24
28755,110,9390,42,1,162.27
28756,110,9390,46,2,121.09
28757,110,9390,48,1,377.48
28758,110,9390,50,1,103.84
28759,104,9391,85,1,1742.75
28760,104,9391,55,1,41.52
28761,60,9392,41,1,708.68
28762,60,9392,42,2,162.27
28763,60,9392,76,1,110.25
28764,60,9392,47,1,691.19
28765,60,9392,48,1,377.48
28766,184,9393,56,1,327.69
28767,184,9393,51,1,66.67
28768,184,9393,54,1,131.19
28769,286,9394,33,1,404.5
28770,286,9394,34,1,269.1
28771,286,9394,35,1,790.82
28772,286,9394,194,1,582.97
28773,286,9394,60,1,325.99
28774,435,9395,48,1,377.48
28775,435,9395,42,1,162.27
28776,435,9395,119,1,1350.85
28777,435,9395,47,1,691.19
28778,259,9396,173,1,426.85
28779,85,9397,190,1,615.39
28780,24,9398,98,1,449.02
28781,24,9398,141,1,449.82
28782,269,9399,42,1,162.27
28783,269,9399,13,1,342.07
28784,269,9399,158,1,655.51
28785,269,9399,47,1,691.19
28786,15,9400,143,1,602.95
28787,15,9400,87,1,281.44
28788,111,9401,9,1,864.52
28789,111,9401,2,1,6856.93
28790,348,9402,112,1,2651.9
28791,475,9403,1,1,5429.43
28792,475,9403,194,1,582.97
28793,475,9403,4,1,1045.02
28794,475,9403,158,1,655.51
28795,50,9404,9,1,864.52
28796,50,9404,2,2,6856.93
28797,50,9404,3,2,182.88
28798,50,9404,6,1,2618.75
28799,256,9405,2,1,6856.93
28800,256,9405,3,1,182.88
28801,256,9405,6,1,2618.75
28802,474,9406,42,1,162.27
28803,155,9407,37,1,113.29
28804,155,9407,14,1,687.06
28805,428,9408,102,1,1982.66
28806,129,9409,25,2,958.76
28807,129,9409,26,1,547.5
28808,129,9409,28,1,207.71
28809,129,9409,29,1,137.26
28810,400,9410,2,1,6856.93
28811,400,9410,3,1,182.88
28812,400,9410,6,1,2618.75
28813,336,9411,32,1,182.43
28814,336,9411,39,1,51.31
28815,336,9411,190,1,615.39
28816,336,9411,31,1,118.65
28817,161,9412,32,1,182.43
28818,161,9412,39,1,51.31
28819,161,9412,37,2,113.29
28820,161,9412,31,1,118.65
28821,438,9413,1,2,5429.43
28822,438,9413,135,1,248.61
28823,438,9413,41,1,708.68
28824,438,9413,42,1,162.27
28825,438,9413,47,1,691.19
28826,93,9414,1,2,5429.43
28827,93,9414,3,1,182.88
28828,93,9414,4,1,1045.02
28829,93,9414,10,2,96.42
28830,93,9414,44,1,1768.56
28831,93,9414,79,1,421.1
28832,475,9415,2,2,6856.93
28833,475,9415,6,1,2618.75
28834,475,9415,167,1,104.4
28835,475,9415,9,1,864.52
28836,475,9415,41,1,708.68
28837,107,9416,128,2,664.23
28838,107,9416,42,1,162.27
28839,107,9416,46,1,121.09
28840,107,9416,48,1,377.48
28841,107,9416,50,1,103.84
28842,107,9416,51,1,66.67
28843,477,9417,154,1,3786.85
28844,276,9418,41,1,708.68
28845,276,9418,42,1,162.27
28846,276,9418,47,1,691.19
28847,276,9418,48,1,377.48
28848,276,9418,156,1,131.66
28849,276,9418,191,1,2178.66
28850,192,9419,58,1,143.75
28851,192,9419,163,1,417.18
28852,180,9420,112,1,2651.9
28853,180,9420,143,1,602.95
28854,327,9421,33,1,404.5
28855,327,9421,34,1,269.1
28856,327,9421,35,1,790.82
28857,327,9421,38,2,325.54
28858,327,9421,168,1,126.51
28859,327,9421,56,1,327.69
28860,171,9422,5,1,1043.64
28861,171,9422,41,1,708.68
28862,171,9422,42,1,162.27
28863,171,9422,47,1,691.19
28864,171,9422,48,1,377.48
28865,127,9423,116,1,136.01
28866,371,9424,33,1,404.5
28867,371,9424,34,1,269.1
28868,371,9424,94,1,192.65
28869,371,9424,119,1,1350.85
28870,74,9425,167,1,104.4
28871,209,9426,98,1,449.02
28872,182,9427,153,1,564.14
28873,182,9427,194,1,582.97
28874,416,9428,2,1,6856.93
28875,416,9428,3,1,182.88
28876,284,9429,147,1,4075.22
28877,346,9430,1,1,5429.43
28878,346,9430,145,2,165.87
28879,346,9430,3,1,182.88
28880,346,9430,4,1,1045.02
28881,312,9431,4,1,1045.02
28882,312,9431,62,1,122.09
28883,325,9432,11,1,73.96
28884,221,9433,32,1,182.43
28885,221,9433,39,1,51.31
28886,221,9433,31,1,118.65
28887,238,9434,38,1,325.54
28888,238,9434,51,1,66.67
28889,238,9434,53,1,95.99
28890,238,9434,54,2,131.19
28891,238,9434,56,1,327.69
28892,488,9435,7,1,2063.12
28893,488,9435,63,1,557.39
28894,410,9436,48,1,377.48
28895,410,9436,41,1,708.68
28896,410,9436,47,1,691.19
28897,232,9437,5,1,1043.64
28898,50,9438,34,1,269.1
28899,50,9438,35,1,790.82
28900,50,9438,38,1,325.54
28901,50,9438,199,2,107.47
28902,50,9438,17,1,281.04
28903,53,9439,34,2,269.1
28904,53,9439,175,1,152.85
28905,393,9440,48,2,377.48
28906,393,9440,41,1,708.68
28907,393,9440,42,1,162.27
28908,393,9440,47,1,691.19
28909,333,9441,186,1,109.52
28910,333,9441,25,1,958.76
28911,333,9441,26,1,547.5
28912,333,9441,29,1,137.26
28913,15,9442,34,1,269.1
28914,15,9442,35,1,790.82
28915,15,9442,38,1,325.54
28916,15,9442,20,1,600.91
28917,15,9442,30,1,583.67
28918,95,9443,43,1,1574.27
28919,95,9443,187,1,521.01
28920,287,9444,160,1,298.73
28921,287,9444,9,1,864.52
28922,287,9444,2,1,6856.93
28923,287,9444,6,1,2618.75
28924,385,9445,44,1,1768.56
28925,292,9446,1,1,5429.43
28926,292,9446,10,1,96.42
28927,292,9446,4,1,1045.02
28928,446,9447,33,1,404.5
28929,446,9447,34,1,269.1
28930,446,9447,38,1,325.54
28931,446,9447,103,1,398.87
28932,446,9447,177,1,3544.65
28933,260,9448,30,1,583.67
28934,397,9449,48,1,377.48
28935,397,9449,42,1,162.27
28936,397,9449,50,1,103.84
28937,397,9449,46,1,121.09
28938,411,9450,2,1,6856.93
28939,411,9450,3,1,182.88
28940,411,9450,6,1,2618.75
28941,411,9450,9,1,864.52
28942,411,9450,13,1,342.07
28943,278,9451,62,2,122.09
28944,116,9452,8,1,338.12
28945,116,9452,69,1,5185.33
28946,255,9453,56,1,327.69
28947,255,9453,154,1,3786.85
28948,255,9453,51,1,66.67
28949,255,9453,53,1,95.99
28950,255,9454,18,1,685.51
28951,255,9454,179,1,148.28
28952,197,9455,32,1,182.43
28953,197,9455,121,1,279.43
28954,197,9455,39,1,51.31
28955,201,9456,18,1,685.51
28956,201,9456,165,2,867.11
28957,169,9457,152,1,92.66
28958,169,9457,56,1,327.69
28959,341,9458,1,1,5429.43
28960,341,9458,10,1,96.42
28961,341,9458,3,1,182.88
28962,341,9458,4,1,1045.02
28963,16,9459,90,1,2115.26
28964,16,9459,3,1,182.88
28965,271,9460,131,1,457.64
28966,271,9460,41,1,708.68
28967,271,9460,170,1,810.36
28968,271,9460,47,1,691.19
28969,271,9460,48,2,377.48
28970,459,9461,73,1,249.37
28971,459,9461,51,1,66.67
28972,459,9461,53,1,95.99
28973,459,9461,54,1,131.19
28974,459,9461,56,1,327.69
28975,118,9462,25,1,958.76
28976,118,9462,26,1,547.5
28977,481,9463,1,1,5429.43
28978,481,9463,4,1,1045.02
28979,287,9464,2,1,6856.93
28980,287,9464,51,1,66.67
28981,287,9464,53,1,95.99
28982,287,9464,54,2,131.19
28983,440,9465,1,1,5429.43
28984,440,9465,10,1,96.42
28985,440,9465,3,2,182.88
28986,440,9465,4,1,1045.02
28987,490,9466,98,1,449.02
28988,498,9467,32,1,182.43
28989,498,9467,37,1,113.29
28990,498,9467,39,1,51.31
28991,498,9467,78,1,637.27
28992,498,9467,19,1,195.42
28993,498,9467,31,1,118.65
28994,61,9468,56,1,327.69
28995,61,9468,51,1,66.67
28996,61,9468,55,1,41.52
28997,437,9469,155,1,298.62
28998,437,9469,31,1,118.65
28999,88,9470,48,1,377.48
29000,88,9470,50,1,103.84
29001,88,9470,112,1,2651.9
29002,88,9470,46,1,121.09
29003,430,9471,32,1,182.43
29004,430,9471,37,1,113.29
29005,430,9471,39,1,51.31
29006,430,9471,103,1,398.87
29007,430,9471,31,1,118.65
29008,129,9472,56,1,327.69
29009,129,9472,51,1,66.67
29010,129,9472,96,1,2249.21
29011,129,9472,53,1,95.99
29012,16,9473,6,1,2618.75
29013,16,9473,51,1,66.67
29014,16,9473,53,1,95.99
29015,16,9473,54,1,131.19
29016,16,9473,56,1,327.69
29017,16,9473,120,1,37.31
29018,52,9474,9,1,864.52
29019,52,9474,2,1,6856.93
29020,52,9474,3,1,182.88
29021,52,9474,6,1,2618.75
29022,481,9475,77,1,193.57
29023,432,9476,6,1,2618.75
29024,432,9476,46,1,121.09
29025,432,9476,48,1,377.48
29026,432,9476,50,1,103.84
29027,432,9476,188,1,2599.64
29028,220,9477,1,2,5429.43
29029,220,9477,4,1,1045.02
29030,220,9477,41,1,708.68
29031,220,9477,159,1,132.33
29032,212,9478,114,1,246.79
29033,212,9478,181,1,353.61
29034,367,9479,193,1,256.05
29035,367,9479,100,1,418.81
29036,349,9480,1,1,5429.43
29037,349,9480,67,1,3651.66
29038,349,9480,3,2,182.88
29039,349,9480,4,2,1045.02
29040,349,9480,10,1,96.42
29041,237,9481,200,2,284.58
29042,237,9481,172,1,72.49
29043,410,9482,25,1,958.76
29044,410,9482,28,1,207.71
29045,388,9483,162,1,2324.66
29046,388,9483,133,1,165.39
29047,367,9484,67,1,3651.66
29048,392,9485,48,1,377.48
29049,392,9485,118,1,175.91
29050,56,9486,200,1,284.58
29051,56,9486,195,1,411.6
29052,409,9487,82,1,482.06
29053,220,9488,42,1,162.27
29054,220,9488,50,1,103.84
29055,220,9488,46,1,121.09
29056,227,9489,25,1,958.76
29057,227,9489,28,1,207.71
29058,227,9489,29,1,137.26
29059,8,9490,32,1,182.43
29060,8,9490,37,1,113.29
29061,8,9490,39,1,51.31
29062,8,9490,184,1,617.48
29063,8,9490,31,1,118.65
29064,364,9491,9,1,864.52
29065,364,9491,2,1,6856.93
29066,364,9491,124,1,4869.43
29067,380,9492,162,1,2324.66
29068,380,9492,30,1,583.67
29069,250,9493,72,1,295.83
29070,250,9493,76,1,110.25
29071,417,9494,173,2,426.85
29072,417,9494,151,1,71.91
29073,165,9495,20,1,600.91
29074,109,9496,1,1,5429.43
29075,109,9496,10,1,96.42
29076,109,9496,3,1,182.88
29077,109,9496,4,1,1045.02
29078,458,9497,81,1,1613.84
29079,458,9497,183,1,171.04
29080,118,9498,177,1,3544.65
29081,118,9498,33,1,404.5
29082,118,9498,34,1,269.1
29083,118,9498,35,1,790.82
29084,298,9499,67,1,3651.66
29085,259,9500,32,2,182.43
29086,259,9500,37,1,113.29
29087,259,9500,160,2,298.73
29088,442,9501,34,1,269.1
29089,23,9502,112,1,2651.9
29090,23,9502,113,1,61.24
29091,23,9502,25,1,958.76
29092,23,9502,26,1,547.5
29093,23,9502,28,1,207.71
29094,494,9503,67,1,3651.66
29095,44,9504,27,1,1128.13
29096,44,9504,151,1,71.91
29097,343,9505,116,1,136.01
29098,114,9506,99,1,185.24
29099,114,9506,141,1,449.82
29100,151,9507,28,1,207.71
29101,151,9507,157,1,278.2
29102,406,9508,48,2,377.48
29103,406,9508,185,1,329.38
29104,406,9508,46,1,121.09
29105,109,9509,153,1,564.14
29106,302,9510,115,1,131.51
29107,107,9511,33,2,404.5
29108,107,9511,34,1,269.1
29109,107,9511,38,1,325.54
29110,289,9512,136,1,1233.09
29111,151,9513,32,1,182.43
29112,151,9513,37,1,113.29
29113,151,9513,39,1,51.31
29114,151,9513,140,1,61.32
29115,151,9513,187,2,521.01
29116,151,9513,31,1,118.65
29117,211,9514,1,1,5429.43
29118,211,9514,10,1,96.42
29119,211,9514,3,1,182.88
29120,211,9514,85,1,1742.75
29121,295,9515,154,1,3786.85
29122,404,9516,1,1,5429.43
29123,404,9516,10,1,96.42
29124,404,9516,4,1,1045.02
29125,433,9517,2,1,6856.93
29126,433,9517,3,1,182.88
29127,433,9517,36,2,703.99
29128,433,9517,9,1,864.52
29129,433,9517,115,1,131.51
29130,340,9518,48,1,377.48
29131,340,9518,41,1,708.68
29132,340,9518,42,1,162.27
29133,340,9518,47,2,691.19
29134,32,9519,83,1,584.83
29135,32,9519,35,2,790.82
29136,491,9520,42,1,162.27
29137,491,9520,141,2,449.82
29138,491,9520,46,2,121.09
29139,491,9520,48,1,377.48
29140,491,9520,50,1,103.84
29141,491,9520,191,1,2178.66
29142,464,9521,182,1,190.33
29143,77,9522,144,1,91.59
29144,454,9523,1,1,5429.43
29145,454,9523,3,1,182.88
29146,454,9523,4,2,1045.02
29147,454,9523,10,1,96.42
29148,454,9523,43,1,1574.27
29149,454,9523,50,1,103.84
29150,158,9524,30,1,583.67
29151,158,9524,47,1,691.19
29152,498,9525,32,1,182.43
29153,498,9525,194,1,582.97
29154,498,9525,79,1,421.1
29155,417,9526,17,1,281.04
29156,481,9527,56,1,327.69
29157,481,9527,51,1,66.67
29158,481,9527,53,1,95.99
29159,352,9528,48,1,377.48
29160,352,9528,42,1,162.27
29161,352,9528,50,1,103.84
29162,352,9528,46,1,121.09
29163,193,9529,98,1,449.02
29164,193,9529,125,1,208.91
29165,193,9529,25,2,958.76
29166,193,9529,26,1,547.5
29167,193,9529,28,1,207.71
29168,193,9529,29,1,137.26
29169,281,9530,121,1,279.43
29170,281,9530,50,1,103.84
29171,281,9530,196,1,211.44
29172,281,9530,46,1,121.09
29173,226,9531,32,1,182.43
29174,226,9531,38,2,325.54
29175,226,9531,39,1,51.31
29176,226,9531,46,1,121.09
29177,226,9531,31,1,118.65
29178,90,9532,162,1,2324.66
29179,276,9533,152,1,92.66
29180,276,9533,1,2,5429.43
29181,276,9533,10,1,96.42
29182,276,9533,4,1,1045.02
29183,176,9534,76,1,110.25
29184,176,9534,4,1,1045.02
29185,353,9535,1,2,5429.43
29186,353,9535,4,1,1045.02
29187,353,9535,102,1,1982.66
29188,467,9536,2,2,6856.93
29189,467,9536,3,1,182.88
29190,467,9536,195,1,411.6
29191,467,9536,6,1,2618.75
29192,467,9536,168,1,126.51
29193,467,9536,9,1,864.52
29194,236,9537,32,1,182.43
29195,236,9537,25,1,958.76
29196,236,9537,37,1,113.29
29197,236,9537,192,1,105.53
29198,342,9538,11,1,73.96
29199,342,9538,25,1,958.76
29200,342,9538,26,1,547.5
29201,342,9538,28,1,207.71
29202,342,9538,29,1,137.26
29203,227,9539,165,2,867.11
29204,227,9539,95,1,217.5
29205,62,9540,68,1,1081.84
29206,62,9540,78,1,637.27
29207,371,9541,8,1,338.12
29208,297,9542,40,1,36.51
29209,297,9542,33,1,404.5
29210,184,9543,48,1,377.48
29211,184,9543,188,1,2599.64
29212,184,9543,46,1,121.09
29213,184,9543,176,1,1269.55
29214,188,9544,41,1,708.68
29215,188,9544,42,1,162.27
29216,188,9544,47,1,691.19
29217,188,9544,48,1,377.48
29218,188,9544,85,1,1742.75
29219,20,9545,48,1,377.48
29220,20,9545,42,1,162.27
29221,20,9545,46,1,121.09
29222,20,9545,22,1,2057.09
29223,117,9546,56,2,327.69
29224,117,9546,51,1,66.67
29225,117,9546,53,1,95.99
29226,204,9547,18,1,685.51
29227,204,9547,150,1,244.37
29228,449,9548,77,1,193.57
29229,376,9549,85,1,1742.75
29230,414,9550,34,1,269.1
29231,414,9550,166,1,184.75
29232,414,9550,38,1,325.54
29233,329,9551,123,1,140.92
29234,56,9552,32,2,182.43
29235,56,9552,37,1,113.29
29236,56,9552,15,1,478.33
29237,56,9552,48,2,377.48
29238,56,9552,31,1,118.65
29239,206,9553,145,1,165.87
29240,207,9554,27,1,1128.13
29241,465,9555,25,1,958.76
29242,465,9555,26,1,547.5
29243,465,9555,132,2,284.92
29244,465,9555,102,1,1982.66
29245,235,9556,68,2,1081.84
29246,486,9557,118,1,175.91
29247,486,9557,190,2,615.39
29248,472,9558,32,1,182.43
29249,472,9558,170,1,810.36
29250,472,9558,99,1,185.24
29251,472,9558,37,1,113.29
29252,368,9559,42,1,162.27
29253,368,9559,140,1,61.32
29254,368,9559,25,1,958.76
29255,368,9559,28,1,207.71
29256,368,9559,29,1,137.26
29257,16,9560,34,1,269.1
29258,16,9560,35,1,790.82
29259,16,9560,38,1,325.54
29260,136,9561,64,1,578.73
29261,136,9561,54,1,131.19
29262,352,9562,1,1,5429.43
29263,352,9562,10,1,96.42
29264,352,9562,4,2,1045.02
29265,352,9562,126,2,224.49
29266,41,9563,9,1,864.52
29267,41,9563,2,1,6856.93
29268,41,9563,177,1,3544.65
29269,41,9563,6,1,2618.75
29270,176,9564,33,1,404.5
29271,176,9564,34,1,269.1
29272,176,9564,35,1,790.82
29273,176,9564,175,1,152.85
29274,176,9564,23,1,3803.84
29275,355,9565,1,2,5429.43
29276,355,9565,3,1,182.88
29277,355,9565,10,1,96.42
29278,355,9565,11,1,73.96
29279,355,9565,86,1,336.99
29280,172,9566,32,1,182.43
29281,172,9566,37,2,113.29
29282,172,9566,31,1,118.65
29283,124,9567,73,1,249.37
29284,124,9567,131,1,457.64
29285,352,9568,169,1,452.68
29286,352,9568,51,1,66.67
29287,352,9568,53,1,95.99
29288,352,9568,54,1,131.19
29289,352,9568,56,2,327.69
29290,236,9569,186,1,109.52
29291,236,9569,116,1,136.01
29292,174,9570,89,1,73.16
29293,174,9570,25,1,958.76
29294,174,9570,28,1,207.71
29295,174,9570,29,1,137.26
29296,331,9571,61,1,1462.89
29297,331,9571,183,1,171.04
29298,500,9572,33,1,404.5
29299,500,9572,34,1,269.1
29300,500,9572,35,1,790.82
29301,500,9572,132,1,284.92
29302,500,9572,38,2,325.54
29303,237,9573,169,1,452.68
29304,237,9573,182,2,190.33
29305,256,9574,186,1,109.52
29306,53,9575,42,1,162.27
29307,53,9575,75,1,670.09
29308,53,9575,46,1,121.09
29309,53,9575,48,1,377.48
29310,53,9575,50,1,103.84
29311,53,9575,154,2,3786.85
29312,84,9576,104,1,146.34
29313,84,9576,79,1,421.1
29314,335,9577,2,1,6856.93
29315,335,9577,139,1,351.69
29316,139,9578,77,1,193.57
29317,139,9578,147,1,4075.22
29318,139,9578,25,1,958.76
29319,139,9578,28,1,207.71
29320,139,9578,29,1,137.26
29321,142,9579,137,1,593.31
29322,338,9580,105,1,250.27
29323,338,9580,42,1,162.27
29324,338,9580,47,1,691.19
29325,338,9580,48,1,377.48
29326,338,9580,182,1,190.33
29327,258,9581,64,1,578.73
29328,258,9581,67,1,3651.66
29329,453,9582,70,1,1076.29
29330,495,9583,9,1,864.52
29331,495,9583,10,1,96.42
29332,221,9584,144,1,91.59
29333,221,9584,198,2,440.15
29334,152,9585,56,1,327.69
29335,152,9585,113,1,61.24
29336,152,9585,51,1,66.67
29337,491,9586,11,1,73.96
29338,491,9586,92,1,182.48
29339,53,9587,53,1,95.99
29340,53,9587,189,1,46.18
29341,27,9588,11,2,73.96
29342,117,9589,2,1,6856.93
29343,117,9589,3,1,182.88
29344,117,9589,6,1,2618.75
29345,117,9589,9,1,864.52
29346,117,9589,91,1,978.27
29347,337,9590,128,1,664.23
29348,410,9591,115,1,131.51
29349,231,9592,109,1,44.98
29350,231,9592,157,1,278.2
29351,326,9593,85,2,1742.75
29352,326,9593,109,1,44.98
29353,199,9594,144,1,91.59
29354,199,9594,189,1,46.18
29355,103,9595,138,1,2075.88
29356,167,9596,1,1,5429.43
29357,167,9596,3,1,182.88
29358,167,9596,116,1,136.01
29359,46,9597,184,1,617.48
29360,46,9597,126,1,224.49
29361,208,9598,56,2,327.69
29362,208,9598,51,1,66.67
29363,208,9598,54,1,131.19
29364,261,9599,192,1,105.53
29365,169,9600,33,1,404.5
29366,169,9600,41,1,708.68
29367,169,9600,42,2,162.27
29368,169,9600,47,1,691.19
29369,169,9600,48,1,377.48
29370,390,9601,56,1,327.69
29371,390,9601,51,1,66.67
29372,390,9601,53,1,95.99
29373,390,9601,54,1,131.19
29374,288,9602,17,2,281.04
29375,259,9603,64,1,578.73
29376,259,9603,52,1,108.37
29377,10,9604,56,1,327.69
29378,10,9604,51,1,66.67
29379,394,9605,32,1,182.43
29380,394,9605,37,1,113.29
29381,394,9605,39,1,51.31
29382,326,9606,41,1,708.68
29383,326,9606,163,2,417.18
29384,326,9606,47,1,691.19
29385,353,9607,48,1,377.48
29386,353,9607,165,1,867.11
29387,353,9607,46,1,121.09
29388,353,9607,103,1,398.87
29389,71,9608,34,1,269.1
29390,107,9609,141,1,449.82
29391,107,9609,71,1,241.15
29392,426,9610,48,1,377.48
29393,426,9610,65,1,586.82
29394,426,9610,42,1,162.27
29395,426,9610,47,1,691.19
29396,337,9611,12,1,378.07
29397,106,9612,48,1,377.48
29398,106,9612,41,1,708.68
29399,106,9612,35,1,790.82
29400,106,9612,47,1,691.19
29401,118,9613,25,1,958.76
29402,118,9613,26,2,547.5
29403,118,9613,28,1,207.71
29404,118,9613,29,1,137.26
29405,406,9614,104,1,146.34
29406,406,9614,158,1,655.51
29407,490,9615,32,1,182.43
29408,490,9615,42,1,162.27
29409,490,9615,50,1,103.84
29410,490,9615,46,1,121.09
29411,433,9616,48,2,377.48
29412,433,9616,120,1,37.31
29413,433,9616,47,1,691.19
29414,116,9617,25,2,958.76
29415,116,9617,26,1,547.5
29416,116,9617,28,1,207.71
29417,116,9617,29,1,137.26
29418,64,9618,96,1,2249.21
29419,64,9618,122,1,696.77
29420,149,9619,42,1,162.27
29421,149,9619,6,1,2618.75
29422,294,9620,181,2,353.61
29423,294,9620,151,1,71.91
29424,130,9621,48,1,377.48
29425,130,9621,41,1,708.68
29426,130,9621,42,1,162.27
29427,130,9621,47,1,691.19
29428,340,9622,143,1,602.95
29429,17,9623,2,2,6856.93
29430,17,9623,6,1,2618.75
29431,407,9624,1,1,5429.43
29432,407,9624,10,1,96.42
29433,475,9625,48,1,377.48
29434,475,9625,42,1,162.27
29435,475,9625,47,1,691.19
29436,281,9626,33,1,404.5
29437,281,9626,34,1,269.1
29438,281,9626,35,1,790.82
29439,281,9626,38,1,325.54
29440,221,9627,32,1,182.43
29441,221,9627,131,1,457.64
29442,221,9627,37,1,113.29
29443,221,9627,39,2,51.31
29444,221,9627,89,1,73.16
29445,421,9628,51,1,66.67
29446,421,9628,150,1,244.37
29447,148,9629,106,1,449.77
29448,401,9630,33,1,404.5
29449,401,9630,34,1,269.1
29450,401,9630,38,1,325.54
29451,401,9630,141,1,449.82
29452,401,9630,87,1,281.44
29453,279,9631,186,1,109.52
29454,279,9631,25,1,958.76
29455,279,9631,26,1,547.5
29456,18,9632,41,1,708.68
29457,18,9632,42,1,162.27
29458,18,9632,47,1,691.19
29459,18,9632,48,1,377.48
29460,18,9632,185,1,329.38
29461,499,9633,33,1,404.5
29462,499,9633,34,1,269.1
29463,499,9633,35,1,790.82
29464,118,9634,33,1,404.5
29465,118,9634,34,1,269.1
29466,118,9634,35,1,790.82
29467,135,9635,2,1,6856.93
29468,135,9635,3,1,182.88
29469,135,9635,158,1,655.51
29470,442,9636,48,1,377.48
29471,442,9636,42,1,162.27
29472,442,9636,50,1,103.84
29473,442,9636,46,1,121.09
29474,480,9637,32,1,182.43
29475,480,9637,37,1,113.29
29476,36,9638,73,1,249.37
29477,36,9638,138,1,2075.88
29478,346,9639,32,1,182.43
29479,346,9639,37,1,113.29
29480,346,9639,134,1,3215.18
29481,346,9639,39,1,51.31
29482,346,9639,31,1,118.65
29483,475,9640,162,1,2324.66
29484,24,9641,161,1,280.14
29485,24,9641,29,1,137.26
29486,270,9642,33,1,404.5
29487,270,9642,34,1,269.1
29488,270,9642,35,1,790.82
29489,270,9642,38,1,325.54
29490,270,9642,136,1,1233.09
29491,331,9643,2,1,6856.93
29492,331,9643,45,1,207.67
29493,157,9644,2,1,6856.93
29494,378,9645,80,1,996.58
29495,378,9645,150,1,244.37
29496,289,9646,51,2,66.67
29497,289,9646,53,1,95.99
29498,289,9646,54,1,131.19
29499,463,9647,52,1,108.37
29500,248,9648,32,2,182.43
29501,248,9648,2,1,6856.93
29502,248,9648,37,1,113.29
29503,248,9648,39,1,51.31
29504,248,9648,182,1,190.33
29505,248,9648,31,1,118.65
29506,159,9649,42,1,162.27
29507,159,9649,46,1,121.09
29508,159,9649,48,1,377.48
29509,159,9649,144,1,91.59
29510,159,9649,50,1,103.84
29511,159,9649,154,1,3786.85
29512,142,9650,131,1,457.64
29513,9,9651,41,1,708.68
29514,9,9651,42,1,162.27
29515,9,9651,47,1,691.19
29516,299,9652,32,1,182.43
29517,299,9652,37,1,113.29
29518,299,9652,39,1,51.31
29519,230,9653,8,1,338.12
29520,230,9653,34,1,269.1
29521,230,9653,35,2,790.82
29522,456,9654,148,1,658.67
29523,456,9654,53,1,95.99
29524,421,9655,1,1,5429.43
29525,421,9655,10,1,96.42
29526,421,9655,4,1,1045.02
29527,67,9656,48,1,377.48
29528,67,9656,42,1,162.27
29529,67,9656,50,1,103.84
29530,67,9656,46,1,121.09
29531,332,9657,122,1,696.77
29532,332,9657,10,1,96.42
29533,332,9657,25,1,958.76
29534,332,9657,26,1,547.5
29535,332,9657,28,1,207.71
29536,222,9658,33,1,404.5
29537,222,9658,34,1,269.1
29538,222,9658,35,1,790.82
29539,222,9658,38,1,325.54
29540,222,9658,14,1,687.06
29541,68,9659,108,1,5179.59
29542,68,9659,71,1,241.15
29543,50,9660,109,1,44.98
29544,145,9661,19,1,195.42
29545,145,9661,140,1,61.32
29546,303,9662,1,1,5429.43
29547,303,9662,3,2,182.88
29548,303,9662,10,1,96.42
29549,303,9662,46,1,121.09
29550,303,9662,47,1,691.19
29551,200,9663,72,1,295.83
29552,200,9663,111,1,453.66
29553,142,9664,33,1,404.5
29554,142,9664,34,1,269.1
29555,142,9664,35,1,790.82
29556,142,9664,38,2,325.54
29557,358,9665,38,1,325.54
29558,358,9665,2,1,6856.93
29559,358,9665,12,2,378.07
29560,358,9665,6,1,2618.75
29561,221,9666,148,1,658.67
29562,221,9666,42,1,162.27
29563,221,9666,34,1,269.1
29564,221,9666,47,2,691.19
29565,423,9667,88,1,398.34
29566,423,9667,85,1,1742.75
29567,457,9668,155,1,298.62
29568,102,9669,32,1,182.43
29569,102,9669,39,1,51.31
29570,102,9669,31,1,118.65
29571,330,9670,118,1,175.91
29572,330,9670,31,2,118.65
29573,1,9671,104,1,146.34
29574,1,9671,46,1,121.09
29575,97,9672,80,1,996.58
29576,97,9672,43,1,1574.27
29577,136,9673,171,1,100.57
29578,136,9673,37,1,113.29
29579,10,9674,33,1,404.5
29580,10,9674,34,1,269.1
29581,10,9674,35,1,790.82
29582,403,9675,48,1,377.48
29583,403,9675,41,1,708.68
29584,403,9675,42,1,162.27
29585,403,9675,47,1,691.19
29586,400,9676,166,1,184.75
29587,400,9676,7,1,2063.12
29588,400,9676,42,1,162.27
29589,400,9676,46,1,121.09
29590,400,9676,48,1,377.48
29591,400,9676,50,1,103.84
29592,467,9677,89,1,73.16
29593,467,9677,70,1,1076.29
29594,200,9678,182,1,190.33
29595,14,9679,32,1,182.43
29596,14,9679,37,1,113.29
29597,14,9679,39,1,51.31
29598,14,9679,171,1,100.57
29599,14,9679,159,1,132.33
29600,87,9680,41,1,708.68
29601,447,9681,58,1,143.75
29602,71,9682,136,1,1233.09
29603,71,9682,42,1,162.27
29604,307,9683,123,1,140.92
29605,18,9684,75,1,670.09
29606,18,9684,190,1,615.39
29607,270,9685,41,1,708.68
29608,270,9685,42,1,162.27
29609,270,9685,18,1,685.51
29610,270,9685,47,1,691.19
29611,362,9686,184,1,617.48
29612,362,9686,93,1,304.48
29613,81,9687,1,1,5429.43
29614,81,9687,10,1,96.42
29615,81,9687,4,1,1045.02
29616,307,9688,77,1,193.57
29617,307,9688,25,1,958.76
29618,307,9688,26,2,547.5
29619,307,9688,28,1,207.71
29620,307,9688,29,1,137.26
29621,330,9689,111,1,453.66
29622,445,9690,33,1,404.5
29623,445,9690,34,1,269.1
29624,203,9691,9,1,864.52
29625,203,9691,25,1,958.76
29626,203,9691,28,1,207.71
29627,203,9691,29,1,137.26
29628,203,9691,159,1,132.33
29629,252,9692,32,1,182.43
29630,252,9692,10,1,96.42
29631,252,9692,195,1,411.6
29632,252,9692,39,1,51.31
29633,247,9693,73,2,249.37
29634,247,9693,103,1,398.87
29635,340,9694,3,1,182.88
29636,340,9694,181,1,353.61
29637,258,9695,42,2,162.27
29638,258,9695,47,1,691.19
29639,358,9696,61,2,1462.89
29640,266,9697,75,1,670.09
29641,148,9698,20,1,600.91
29642,4,9699,84,1,98.36
29643,457,9700,1,1,5429.43
29644,457,9700,3,1,182.88
29645,457,9700,4,1,1045.02
29646,457,9700,10,1,96.42
29647,457,9700,107,1,5057.62
29648,457,9700,115,1,131.51
29649,181,9701,41,1,708.68
29650,181,9701,42,1,162.27
29651,181,9701,47,1,691.19
29652,477,9702,56,2,327.69
29653,477,9702,51,1,66.67
29654,477,9702,53,1,95.99
29655,477,9702,54,1,131.19
29656,122,9703,1,1,5429.43
29657,122,9703,3,1,182.88
29658,122,9703,4,1,1045.02
29659,122,9703,10,1,96.42
29660,122,9703,53,1,95.99
29661,92,9704,2,1,6856.93
29662,92,9704,6,1,2618.75
29663,92,9704,71,1,241.15
29664,92,9704,9,1,864.52
29665,92,9704,24,1,362.63
29666,475,9705,36,1,703.99
29667,43,9706,1,1,5429.43
29668,43,9706,3,1,182.88
29669,43,9706,4,2,1045.02
29670,319,9707,32,1,182.43
29671,319,9707,37,1,113.29
29672,319,9707,39,2,51.31
29673,319,9707,53,1,95.99
29674,319,9707,31,1,118.65
29675,122,9708,42,1,162.27
29676,122,9708,46,1,121.09
29677,122,9708,48,1,377.48
29678,122,9708,50,1,103.84
29679,122,9708,29,1,137.26
29680,60,9709,48,1,377.48
29681,60,9709,144,1,91.59
29682,60,9709,118,1,175.91
29683,60,9709,47,2,691.19
29684,442,9710,18,1,685.51
29685,268,9711,16,1,680.77
29686,268,9711,126,1,224.49
29687,312,9712,2,2,6856.93
29688,312,9712,3,1,182.88
29689,312,9712,6,1,2618.75
29690,312,9712,9,1,864.52
29691,312,9712,42,1,162.27
29692,312,9712,30,1,583.67
29693,29,9713,32,1,182.43
29694,29,9713,37,1,113.29
29695,29,9713,31,1,118.65
29696,433,9714,33,1,404.5
29697,433,9714,34,1,269.1
29698,433,9714,38,1,325.54
29699,433,9714,121,1,279.43
29700,284,9715,128,1,664.23
29701,284,9715,169,1,452.68
29702,284,9715,2,1,6856.93
29703,284,9715,3,1,182.88
29704,339,9716,48,1,377.48
29705,339,9716,42,1,162.27
29706,339,9716,106,1,449.77
29707,339,9716,47,1,691.19
29708,124,9717,1,1,5429.43
29709,124,9717,10,1,96.42
29710,124,9717,3,1,182.88
29711,124,9717,4,2,1045.02
29712,392,9718,9,1,864.52
29713,392,9718,2,1,6856.93
29714,392,9718,3,1,182.88
29715,392,9718,116,1,136.01
29716,359,9719,56,1,327.69
29717,359,9719,51,1,66.67
29718,359,9719,54,1,131.19
29719,252,9720,25,1,958.76
29720,252,9720,26,1,547.5
29721,252,9720,131,1,457.64
29722,252,9720,28,1,207.71
29723,163,9721,43,1,1574.27
29724,394,9722,41,1,708.68
29725,394,9722,158,1,655.51
29726,394,9722,47,1,691.19
29727,336,9723,56,1,327.69
29728,336,9723,114,1,246.79
29729,336,9723,51,1,66.67
29730,336,9723,54,1,131.19
29731,187,9724,64,1,578.73
29732,334,9725,11,2,73.96
29733,99,9726,50,1,103.84
29734,99,9726,101,1,241.26
29735,99,9726,46,1,121.09
29736,288,9727,42,1,162.27
29737,288,9727,50,1,103.84
29738,288,9727,46,1,121.09
29739,237,9728,142,1,243.55
29740,204,9729,50,1,103.84
29741,204,9729,174,1,886.97
29742,336,9730,42,1,162.27
29743,336,9730,18,2,685.51
29744,336,9730,47,1,691.19
29745,72,9731,42,1,162.27
29746,72,9731,46,1,121.09
29747,72,9731,48,1,377.48
29748,72,9731,112,1,2651.9
29749,72,9731,83,1,584.83
29750,48,9732,2,2,6856.93
29751,48,9732,3,1,182.88
29752,48,9732,6,1,2618.75
29753,48,9732,9,1,864.52
29754,48,9732,144,1,91.59
29755,58,9733,166,1,184.75
29756,334,9734,32,1,182.43
29757,334,9734,37,1,113.29
29758,286,9735,25,1,958.76
29759,286,9735,26,1,547.5
29760,286,9735,28,1,207.71
29761,370,9736,2,1,6856.93
29762,370,9736,3,1,182.88
29763,370,9736,6,1,2618.75
29764,370,9736,9,1,864.52
29765,370,9736,53,1,95.99
29766,430,9737,1,1,5429.43
29767,430,9737,3,1,182.88
29768,430,9737,4,1,1045.02
29769,430,9737,5,1,1043.64
29770,430,9737,10,1,96.42
29771,430,9737,14,1,687.06
29772,111,9738,33,1,404.5
29773,111,9738,34,1,269.1
29774,111,9738,35,1,790.82
29775,111,9738,38,1,325.54
29776,463,9739,48,1,377.48
29777,463,9739,78,1,637.27
29778,463,9739,50,1,103.84
29779,463,9739,46,1,121.09
29780,259,9740,42,1,162.27
29781,259,9740,50,1,103.84
29782,259,9740,46,1,121.09
29783,378,9741,51,1,66.67
29784,378,9741,157,1,278.2
29785,378,9741,54,1,131.19
29786,377,9742,48,1,377.48
29787,377,9742,42,1,162.27
29788,377,9742,5,1,1043.64
29789,377,9742,47,1,691.19
29790,459,9743,169,1,452.68
29791,459,9743,181,1,353.61
29792,459,9743,25,1,958.76
29793,459,9743,26,1,547.5
29794,459,9743,28,2,207.71
29795,459,9743,29,2,137.26
29796,380,9744,57,1,215.42
29797,195,9745,155,1,298.62
29798,195,9745,171,1,100.57
29799,9,9746,41,1,708.68
29800,9,9746,39,1,51.31
29801,9,9746,47,1,691.19
29802,418,9747,152,1,92.66
29803,418,9747,25,1,958.76
29804,418,9747,26,1,547.5
29805,418,9747,28,1,207.71
29806,408,9748,54,1,131.19
29807,49,9749,161,1,280.14
29808,49,9749,138,1,2075.88
29809,49,9749,51,1,66.67
29810,49,9749,54,1,131.19
29811,49,9749,56,1,327.69
29812,327,9750,124,2,4869.43
29813,421,9751,69,1,5185.33
29814,164,9752,32,1,182.43
29815,164,9752,37,1,113.29
29816,164,9752,39,1,51.31
29817,164,9752,16,1,680.77
29818,164,9752,17,1,281.04
29819,164,9752,31,1,118.65
29820,442,9753,48,1,377.48
29821,442,9753,41,1,708.68
29822,442,9753,42,1,162.27
29823,442,9753,47,1,691.19
29824,71,9754,129,1,94.56
29825,71,9754,187,1,521.01
29826,375,9755,42,1,162.27
29827,375,9755,47,1,691.19
29828,429,9756,48,1,377.48
29829,429,9756,42,1,162.27
29830,429,9756,47,1,691.19
29831,172,9757,2,1,6856.93
29832,172,9757,3,1,182.88
29833,172,9757,6,2,2618.75
29834,172,9757,9,1,864.52
29835,172,9757,90,1,2115.26
29836,172,9757,155,1,298.62
29837,342,9758,137,1,593.31
29838,342,9758,118,1,175.91
29839,44,9759,33,2,404.5
29840,44,9759,34,1,269.1
29841,44,9759,147,1,4075.22
29842,44,9759,38,1,325.54
29843,384,9760,1,1,5429.43
29844,384,9760,10,1,96.42
29845,384,9760,4,1,1045.02
29846,298,9761,88,1,398.34
29847,73,9762,32,1,182.43
29848,73,9762,39,1,51.31
29849,73,9762,150,1,244.37
29850,73,9762,31,1,118.65
29851,232,9763,25,1,958.76
29852,232,9763,26,1,547.5
29853,59,9764,96,1,2249.21
29854,59,9764,1,1,5429.43
29855,59,9764,3,1,182.88
29856,59,9764,112,2,2651.9
29857,66,9765,108,1,5179.59
29858,447,9766,25,1,958.76
29859,447,9766,26,2,547.5
29860,447,9766,28,1,207.71
29861,447,9766,29,1,137.26
29862,209,9767,32,1,182.43
29863,209,9767,37,1,113.29
29864,209,9767,39,1,51.31
29865,209,9767,87,1,281.44
29866,209,9767,31,1,118.65
29867,133,9768,170,1,810.36
29868,133,9768,42,1,162.27
29869,133,9768,46,1,121.09
29870,133,9768,48,1,377.48
29871,133,9768,50,1,103.84
29872,92,9769,161,1,280.14
29873,92,9769,2,1,6856.93
29874,92,9769,18,1,685.51
29875,92,9769,6,1,2618.75
29876,10,9770,2,1,6856.93
29877,10,9770,3,1,182.88
29878,10,9770,6,1,2618.75
29879,418,9771,18,1,685.51
29880,418,9771,158,1,655.51
29881,270,9772,66,1,234.31
29882,270,9772,190,1,615.39
29883,168,9773,45,2,207.67
29884,168,9773,62,1,122.09
29885,497,9774,89,1,73.16
29886,497,9774,42,1,162.27
29887,497,9774,46,1,121.09
29888,62,9775,170,1,810.36
29889,62,9775,43,1,1574.27
29890,331,9776,1,1,5429.43
29891,331,9776,3,1,182.88
29892,331,9776,4,1,1045.02
29893,331,9776,10,1,96.42
29894,331,9776,181,1,353.61
29895,345,9777,9,1,864.52
29896,345,9777,2,1,6856.93
29897,345,9777,3,1,182.88
29898,56,9778,108,1,5179.59
29899,348,9779,48,1,377.48
29900,348,9779,42,1,162.27
29901,348,9779,50,1,103.84
29902,348,9779,46,1,121.09
29903,186,9780,33,1,404.5
29904,186,9780,34,1,269.1
29905,186,9780,35,1,790.82
29906,186,9780,38,1,325.54
29907,186,9780,92,1,182.48
29908,186,9780,125,1,208.91
29909,98,9781,150,1,244.37
29910,61,9782,148,1,658.67
29911,61,9782,63,1,557.39
29912,226,9783,180,1,279.71
29913,226,9783,157,1,278.2
29914,226,9783,25,1,958.76
29915,226,9783,26,1,547.5
29916,226,9783,29,1,137.26
29917,243,9784,48,1,377.48
29918,243,9784,42,1,162.27
29919,243,9784,112,1,2651.9
29920,243,9784,46,1,121.09
29921,490,9785,48,1,377.48
29922,490,9785,42,1,162.27
29923,490,9785,37,1,113.29
29924,490,9785,46,1,121.09
29925,419,9786,47,1,691.19
29926,1,9787,112,1,2651.9
29927,1,9787,167,1,104.4
29928,175,9788,2,2,6856.93
29929,175,9788,6,1,2618.75
29930,175,9788,9,1,864.52
29931,175,9788,12,1,378.07
29932,175,9788,118,1,175.91
29933,122,9789,16,1,680.77
29934,136,9790,1,2,5429.43
29935,153,9791,47,2,691.19
29936,61,9792,155,1,298.62
29937,480,9793,83,1,584.83
29938,91,9794,72,1,295.83
29939,424,9795,48,1,377.48
29940,424,9795,46,1,121.09
29941,453,9796,51,1,66.67
29942,453,9796,53,1,95.99
29943,417,9797,48,2,377.48
29944,417,9797,42,1,162.27
29945,417,9797,50,1,103.84
29946,417,9797,46,1,121.09
29947,151,9798,56,1,327.69
29948,151,9798,51,1,66.67
29949,151,9798,53,1,95.99
29950,434,9799,48,1,377.48
29951,434,9799,140,1,61.32
29952,11,9800,11,1,73.96
29953,11,9800,92,1,182.48
29954,117,9801,53,1,95.99
29955,438,9802,163,2,417.18
29956,82,9803,128,1,664.23
29957,82,9803,170,1,810.36
29958,82,9803,25,1,958.76
29959,82,9803,28,1,207.71
29960,82,9803,29,1,137.26
29961,78,9804,33,1,404.5
29962,78,9804,34,1,269.1
29963,78,9804,35,1,790.82
29964,139,9805,48,1,377.48
29965,139,9805,42,1,162.27
29966,139,9805,46,1,121.09
29967,17,9806,2,1,6856.93
29968,17,9806,3,1,182.88
29969,324,9807,80,1,996.58
29970,324,9807,33,1,404.5
29971,324,9807,34,1,269.1
29972,324,9807,38,1,325.54
29973,210,9808,59,1,88.07
29974,391,9809,96,1,2249.21
29975,391,9809,33,1,404.5
29976,391,9809,34,1,269.1
29977,391,9809,35,1,790.82
29978,391,9809,133,1,165.39
29979,391,9809,38,1,325.54
29980,39,9810,194,1,582.97
29981,374,9811,1,1,5429.43
29982,374,9811,10,1,96.42
29983,374,9811,3,1,182.88
29984,374,9811,126,1,224.49
29985,460,9812,48,1,377.48
29986,460,9812,50,1,103.84
29987,460,9812,134,1,3215.18
29988,460,9812,46,1,121.09
29989,11,9813,1,1,5429.43
29990,11,9813,10,1,96.42
29991,11,9813,3,1,182.88
29992,11,9813,58,1,143.75
29993,320,9814,32,1,182.43
29994,320,9814,37,1,113.29
29995,320,9814,39,1,51.31
29996,320,9814,54,1,131.19
29997,320,9814,31,1,118.65
29998,58,9815,87,1,281.44
29999,58,9815,25,1,958.76
30000,58,9815,26,1,547.5
30001,58,9815,28,2,207.71
30002,58,9815,29,1,137.26
30003,58,9815,95,1,217.5
30004,464,9816,1,1,5429.43
30005,464,9816,3,1,182.88
30006,464,9816,4,1,1045.02
30007,464,9816,131,2,457.64
30008,464,9816,10,1,96.42
30009,247,9817,53,1,95.99
30010,247,9817,31,1,118.65
30011,150,9818,9,1,864.52
30012,150,9818,2,1,6856.93
30013,150,9818,90,1,2115.26
30014,158,9819,39,1,51.31
30015,158,9819,108,2,5179.59
30016,158,9819,25,1,958.76
30017,158,9819,28,1,207.71
30018,158,9819,29,1,137.26
30019,31,9820,25,1,958.76
30020,31,9820,28,1,207.71
30021,31,9820,198,1,440.15
30022,31,9820,44,1,1768.56
30023,422,9821,9,1,864.52
30024,422,9821,2,1,6856.93
30025,422,9821,6,1,2618.75
30026,422,9821,113,1,61.24
30027,1,9822,25,1,958.76
30028,1,9822,26,1,547.5
30029,1,9822,28,1,207.71
30030,1,9822,29,1,137.26
30031,191,9823,33,1,404.5
30032,191,9823,34,1,269.1
30033,191,9823,35,1,790.82
30034,191,9823,38,2,325.54
30035,191,9823,26,1,547.5
30036,184,9824,180,1,279.71
30037,294,9825,152,1,92.66
30038,69,9826,33,1,404.5
30039,69,9826,34,1,269.1
30040,69,9826,126,1,224.49
30041,69,9826,14,1,687.06
30042,399,9827,97,1,1968.21
30043,399,9827,47,1,691.19
30044,4,9828,48,1,377.48
30045,4,9828,42,1,162.27
30046,4,9828,47,1,691.19
30047,127,9829,58,1,143.75
30048,127,9829,51,1,66.67
30049,127,9829,53,1,95.99
30050,127,9829,54,2,131.19
30051,127,9829,26,1,547.5
30052,247,9830,25,1,958.76
30053,247,9830,26,1,547.5
30054,247,9830,28,1,207.71
30055,247,9830,29,1,137.26
30056,3,9831,67,1,3651.66
30057,3,9831,7,1,2063.12
30058,263,9832,126,1,224.49
30059,263,9832,31,1,118.65
30060,496,9833,116,1,136.01
30061,496,9833,183,1,171.04
30062,2,9834,48,1,377.48
30063,2,9834,42,1,162.27
30064,2,9834,98,1,449.02
30065,2,9834,47,1,691.19
30066,112,9835,74,1,132.13
30067,434,9836,166,1,184.75
30068,391,9837,130,1,3341.54
30069,391,9837,46,2,121.09
30070,106,9838,89,1,73.16
30071,106,9838,2,1,6856.93
30072,106,9838,6,1,2618.75
30073,212,9839,120,1,37.31
30074,492,9840,176,1,1269.55
30075,492,9840,19,1,195.42
30076,440,9841,69,1,5185.33
30077,440,9841,119,1,1350.85
30078,440,9841,25,1,958.76
30079,440,9841,28,1,207.71
30080,440,9841,29,1,137.26
30081,145,9842,30,1,583.67
30082,473,9843,48,1,377.48
30083,473,9843,50,1,103.84
30084,473,9843,46,2,121.09
30085,352,9844,83,1,584.83
30086,352,9844,166,1,184.75
30087,186,9845,132,1,284.92
30088,186,9845,108,1,5179.59
30089,186,9845,46,1,121.09
30090,186,9845,48,1,377.48
30091,186,9845,50,1,103.84
30092,360,9846,48,1,377.48
30093,360,9846,50,1,103.84
30094,360,9846,46,1,121.09
30095,78,9847,118,1,175.91
30096,339,9848,18,2,685.51
30097,339,9848,2,1,6856.93
30098,339,9848,3,1,182.88
30099,339,9848,6,1,2618.75
30100,315,9849,56,1,327.69
30101,315,9849,98,1,449.02
30102,315,9849,51,1,66.67
30103,315,9849,110,1,228.23
30104,173,9850,64,1,578.73
30105,124,9851,152,1,92.66
30106,124,9851,25,1,958.76
30107,124,9851,26,2,547.5
30108,124,9851,29,1,137.26
30109,124,9851,31,1,118.65
30110,381,9852,99,1,185.24
30111,381,9852,197,1,1440.46
30112,313,9853,1,1,5429.43
30113,313,9853,3,1,182.88
30114,313,9853,4,1,1045.02
30115,313,9853,105,1,250.27
30116,313,9853,62,1,122.09
30117,438,9854,9,1,864.52
30118,438,9854,2,1,6856.93
30119,438,9854,52,1,108.37
30120,438,9854,6,1,2618.75
30121,336,9855,192,1,105.53
30122,295,9856,98,1,449.02
30123,295,9856,143,1,602.95
30124,499,9857,57,1,215.42
30125,499,9857,34,1,269.1
30126,261,9858,67,2,3651.66
30127,261,9858,51,1,66.67
30128,261,9858,53,1,95.99
30129,415,9859,33,1,404.5
30130,415,9859,34,1,269.1
30131,415,9859,101,1,241.26
30132,415,9859,38,1,325.54
30133,415,9859,48,2,377.48
30134,342,9860,188,1,2599.64
30135,23,9861,174,1,886.97
30136,23,9861,103,1,398.87
30137,151,9862,109,1,44.98
30138,151,9862,29,1,137.26
30139,151,9862,25,1,958.76
30140,151,9862,26,1,547.5
30141,151,9862,28,1,207.71
30142,151,9862,125,1,208.91
30143,86,9863,48,1,377.48
30144,86,9863,41,2,708.68
30145,86,9863,190,1,615.39
30146,86,9863,47,1,691.19
30147,253,9864,198,1,440.15
30148,258,9865,195,1,411.6
30149,37,9866,1,1,5429.43
30150,37,9866,4,1,1045.02
30151,162,9867,135,1,248.61
30152,210,9868,25,1,958.76
30153,210,9868,28,2,207.71
30154,252,9869,56,1,327.69
30155,252,9869,51,1,66.67
30156,252,9869,54,1,131.19
30157,351,9870,3,1,182.88
30158,351,9870,75,1,670.09
30159,209,9871,105,1,250.27
30160,434,9872,41,1,708.68
30161,434,9872,42,1,162.27
30162,434,9872,11,1,73.96
30163,434,9872,47,1,691.19
30164,434,9872,48,1,377.48
30165,434,9872,148,1,658.67
30166,355,9873,141,1,449.82
30167,355,9873,149,1,652.63
30168,38,9874,146,1,323.76
30169,95,9875,162,1,2324.66
30170,95,9875,132,1,284.92
30171,266,9876,103,1,398.87
30172,426,9877,191,1,2178.66
30173,95,9878,1,2,5429.43
30174,95,9878,3,1,182.88
30175,95,9878,10,1,96.42
30176,95,9878,74,1,132.13
30177,95,9878,115,2,131.51
30178,481,9879,41,1,708.68
30179,481,9879,42,1,162.27
30180,481,9879,47,1,691.19
30181,481,9879,88,1,398.34
30182,481,9879,121,2,279.43
30183,272,9880,32,1,182.43
30184,343,9881,34,1,269.1
30185,343,9881,41,1,708.68
30186,343,9881,42,1,162.27
30187,343,9881,47,1,691.19
30188,343,9881,48,1,377.48
30189,3,9882,132,1,284.92
30190,267,9883,67,1,3651.66
30191,383,9884,105,1,250.27
30192,383,9884,69,1,5185.33
30193,130,9885,48,1,377.48
30194,130,9885,41,1,708.68
30195,130,9885,42,1,162.27
30196,130,9885,47,2,691.19
30197,7,9886,105,1,250.27
30198,7,9886,13,1,342.07
30199,341,9887,20,1,600.91
30200,341,9887,85,1,1742.75
30201,408,9888,135,1,248.61
30202,408,9888,51,1,66.67
30203,408,9888,53,1,95.99
30204,408,9888,54,1,131.19
30205,408,9888,56,1,327.69
30206,145,9889,170,1,810.36
30207,145,9889,162,1,2324.66
30208,132,9890,2,1,6856.93
30209,132,9890,99,1,185.24
30210,132,9890,3,1,182.88
30211,132,9890,9,2,864.52
30212,132,9890,85,1,1742.75
30213,99,9891,48,1,377.48
30214,99,9891,94,1,192.65
30215,99,9891,47,1,691.19
30216,203,9892,9,1,864.52
30217,203,9892,2,1,6856.93
30218,203,9892,36,1,703.99
30219,203,9892,6,1,2618.75
30220,401,9893,56,1,327.69
30221,401,9893,187,1,521.01
30222,401,9893,51,1,66.67
30223,401,9893,53,1,95.99
30224,307,9894,25,1,958.76
30225,307,9894,26,1,547.5
30226,307,9894,28,2,207.71
30227,307,9894,29,1,137.26
30228,134,9895,145,1,165.87
30229,293,9896,10,1,96.42
30230,293,9896,115,1,131.51
30231,379,9897,19,1,195.42
30232,379,9897,94,1,192.65
30233,157,9898,94,1,192.65
30234,116,9899,1,1,5429.43
30235,116,9899,10,1,96.42
30236,116,9899,3,1,182.88
30237,475,9900,92,1,182.48
30238,475,9900,145,1,165.87
30239,475,9900,25,1,958.76
30240,475,9900,26,1,547.5
30241,475,9900,28,1,207.71
30242,475,9900,29,1,137.26
30243,182,9901,185,1,329.38
30244,237,9902,33,1,404.5
30245,237,9902,51,1,66.67
30246,237,9902,147,1,4075.22
30247,237,9902,53,1,95.99
30248,207,9903,32,1,182.43
30249,207,9903,39,1,51.31
30250,207,9903,31,1,118.65
30251,348,9904,63,2,557.39
30252,92,9905,32,1,182.43
30253,92,9905,37,1,113.29
30254,92,9905,39,1,51.31
30255,92,9905,89,1,73.16
30256,92,9905,58,1,143.75
30257,495,9906,19,1,195.42
30258,495,9906,1,1,5429.43
30259,495,9906,3,1,182.88
30260,144,9907,16,1,680.77
30261,88,9908,51,1,66.67
30262,88,9908,53,1,95.99
30263,88,9908,54,1,131.19
30264,62,9909,139,1,351.69
30265,233,9910,46,1,121.09
30266,233,9910,176,1,1269.55
30267,233,9910,51,1,66.67
30268,233,9910,53,1,95.99
30269,233,9910,54,2,131.19
30270,233,9910,56,1,327.69
30271,350,9911,170,1,810.36
30272,350,9911,42,1,162.27
30273,350,9911,46,1,121.09
30274,350,9911,48,2,377.48
30275,350,9911,158,1,655.51
30276,198,9912,9,1,864.52
30277,198,9912,2,1,6856.93
30278,198,9912,69,1,5185.33
30279,198,9912,6,1,2618.75
30280,425,9913,32,1,182.43
30281,425,9913,98,1,449.02
30282,425,9913,39,1,51.31
30283,425,9913,31,1,118.65
30284,357,9914,37,1,113.29
30285,425,9915,51,1,66.67
30286,425,9915,174,1,886.97
30287,425,9915,53,1,95.99
30288,425,9915,54,1,131.19
30289,363,9916,193,1,256.05
30290,363,9916,169,2,452.68
30291,193,9917,89,1,73.16
30292,39,9918,33,1,404.5
30293,39,9918,34,1,269.1
30294,39,9918,107,2,5057.62
30295,39,9918,38,1,325.54
30296,283,9919,115,1,131.51
30297,283,9919,166,1,184.75
30298,83,9920,25,1,958.76
30299,83,9920,26,2,547.5
30300,83,9920,28,2,207.71
30301,83,9920,29,1,137.26
30302,138,9921,2,1,6856.93
30303,138,9921,67,1,3651.66
30304,138,9921,3,1,182.88
30305,138,9921,6,1,2618.75
30306,138,9921,167,1,104.4
30307,36,9922,9,1,864.52
30308,36,9922,2,1,6856.93
30309,36,9922,3,1,182.88
30310,36,9922,6,1,2618.75
30311,17,9923,7,1,2063.12
30312,17,9923,9,1,864.52
30313,17,9923,51,1,66.67
30314,17,9923,53,1,95.99
30315,17,9923,56,1,327.69
30316,163,9924,32,1,182.43
30317,163,9924,37,1,113.29
30318,163,9924,39,1,51.31
30319,33,9925,9,1,864.52
30320,33,9925,2,1,6856.93
30321,33,9925,3,1,182.88
30322,33,9925,41,1,708.68
30323,91,9926,25,1,958.76
30324,91,9926,26,1,547.5
30325,91,9926,28,1,207.71
30326,91,9926,29,1,137.26
30327,312,9927,23,2,3803.84
30328,301,9928,41,1,708.68
30329,301,9928,42,1,162.27
30330,301,9928,47,1,691.19
30331,301,9928,48,1,377.48
30332,301,9928,116,1,136.01
30333,301,9928,190,1,615.39
30334,310,9929,33,1,404.5
30335,310,9929,34,1,269.1
30336,310,9929,35,1,790.82
30337,310,9929,194,1,582.97
30338,231,9930,42,1,162.27
30339,231,9930,36,1,703.99
30340,415,9931,162,2,2324.66
30341,415,9931,1,1,5429.43
30342,415,9931,10,1,96.42
30343,415,9931,13,1,342.07
30344,169,9932,42,1,162.27
30345,169,9932,46,1,121.09
30346,44,9933,32,1,182.43
30347,44,9933,35,1,790.82
30348,44,9933,37,1,113.29
30349,125,9934,129,1,94.56
30350,125,9934,25,1,958.76
30351,125,9934,26,2,547.5
30352,125,9934,28,1,207.71
30353,125,9934,29,2,137.26
30354,418,9935,32,1,182.43
30355,418,9935,196,1,211.44
30356,418,9935,37,1,113.29
30357,418,9935,39,1,51.31
30358,418,9935,60,1,325.99
30359,418,9935,31,1,118.65
30360,309,9936,68,1,1081.84
30361,433,9937,48,2,377.48
30362,433,9937,41,1,708.68
30363,433,9937,47,1,691.19
30364,223,9938,159,2,132.33
30365,102,9939,41,1,708.68
30366,102,9939,42,1,162.27
30367,102,9939,47,1,691.19
30368,102,9939,48,1,377.48
30369,102,9939,179,1,148.28
30370,213,9940,2,1,6856.93
30371,213,9940,3,1,182.88
30372,213,9940,6,1,2618.75
30373,213,9940,83,1,584.83
30374,213,9940,63,1,557.39
30375,129,9941,32,1,182.43
30376,129,9941,39,1,51.31
30377,129,9941,37,1,113.29
30378,129,9941,31,1,118.65
30379,142,9942,48,1,377.48
30380,142,9942,42,1,162.27
30381,142,9942,112,1,2651.9
30382,142,9942,47,1,691.19
30383,135,9943,81,1,1613.84
30384,135,9943,2,1,6856.93
30385,135,9943,3,1,182.88
30386,135,9943,124,2,4869.43
30387,140,9944,33,1,404.5
30388,140,9944,34,1,269.1
30389,488,9945,1,1,5429.43
30390,203,9946,41,1,708.68
30391,203,9946,106,1,449.77
30392,203,9946,47,1,691.19
30393,369,9947,164,1,297.97
30394,369,9947,7,1,2063.12
30395,51,9948,2,1,6856.93
30396,51,9948,3,1,182.88
30397,51,9948,6,1,2618.75
30398,51,9948,9,1,864.52
30399,51,9948,154,1,3786.85
30400,51,9948,60,1,325.99
30401,422,9949,32,1,182.43
30402,422,9949,37,1,113.29
30403,422,9949,39,1,51.31
30404,79,9950,2,1,6856.93
30405,79,9950,3,1,182.88
30406,79,9950,9,1,864.52
30407,79,9950,18,1,685.51
30408,79,9950,25,1,958.76
30409,245,9951,25,1,958.76
30410,245,9951,29,1,137.26
30411,162,9952,32,1,182.43
30412,162,9952,155,1,298.62
30413,162,9952,37,1,113.29
30414,162,9952,31,1,118.65
30415,179,9953,19,1,195.42
30416,179,9953,46,1,121.09
30417,65,9954,121,1,279.43
30418,31,9955,178,1,3002.16
30419,158,9956,109,1,44.98
30420,84,9957,42,1,162.27
30421,84,9957,47,1,691.19
30422,84,9957,48,1,377.48
30423,84,9957,182,1,190.33
30424,84,9957,189,2,46.18
30425,130,9958,148,1,658.67
30426,169,9959,143,1,602.95
30427,74,9960,25,1,958.76
30428,74,9960,74,1,132.13
30429,14,9961,45,1,207.67
30430,79,9962,51,1,66.67
30431,79,9962,53,1,95.99
30432,79,9962,54,1,131.19
30433,79,9962,56,1,327.69
30434,79,9962,155,2,298.62
30435,119,9963,80,1,996.58
30436,119,9963,9,1,864.52
30437,119,9963,2,1,6856.93
30438,360,9964,194,1,582.97
30439,360,9964,51,1,66.67
30440,360,9964,53,1,95.99
30441,360,9964,54,1,131.19
30442,360,9964,56,2,327.69
30443,360,9964,184,1,617.48
30444,157,9965,195,1,411.6
30445,157,9965,37,1,113.29
30446,157,9965,25,1,958.76
30447,157,9965,26,1,547.5
30448,157,9965,28,1,207.71
30449,157,9965,29,1,137.26
30450,195,9966,174,1,886.97
30451,391,9967,66,1,234.31
30452,391,9967,106,1,449.77
30453,197,9968,164,1,297.97
30454,197,9968,93,1,304.48
30455,258,9969,134,1,3215.18
30456,258,9969,47,1,691.19
30457,258,9969,51,1,66.67
30458,258,9969,53,1,95.99
30459,258,9969,54,1,131.19
30460,148,9970,30,1,583.67
30461,457,9971,1,1,5429.43
30462,457,9971,10,1,96.42
30463,457,9971,3,1,182.88
30464,457,9971,14,1,687.06
30465,162,9972,42,2,162.27
30466,162,9972,166,1,184.75
30467,162,9972,46,1,121.09
30468,122,9973,121,1,279.43
30469,122,9973,105,1,250.27
30470,122,9973,25,2,958.76
30471,122,9973,26,1,547.5
30472,122,9973,28,2,207.71
30473,122,9973,29,1,137.26
30474,352,9974,161,1,280.14
30475,352,9974,1,1,5429.43
30476,352,9974,10,1,96.42
30477,352,9974,3,1,182.88
30478,275,9975,56,1,327.69
30479,275,9975,51,1,66.67
30480,275,9975,54,1,131.19
30481,62,9976,56,1,327.69
30482,62,9976,51,1,66.67
30483,352,9977,25,1,958.76
30484,352,9977,26,1,547.5
30485,352,9977,28,1,207.71
30486,352,9977,29,2,137.26
30487,434,9978,1,1,5429.43
30488,434,9978,10,1,96.42
30489,434,9978,3,1,182.88
30490,434,9978,139,1,351.69
30491,479,9979,101,1,241.26
30492,411,9980,9,1,864.52
30493,411,9980,2,1,6856.93
30494,411,9980,3,1,182.88
30495,411,9980,127,2,209.71
30496,183,9981,193,2,256.05
30497,183,9981,58,1,143.75
30498,177,9982,90,2,2115.26
30499,177,9982,116,1,136.01
30500,166,9983,48,2,377.48
30501,166,9983,46,1,121.09
30502,368,9984,1,1,5429.43
30503,368,9984,3,1,182.88
30504,368,9984,4,1,1045.02
30505,368,9984,131,1,457.64
30506,142,9985,9,1,864.52
30507,142,9985,2,1,6856.93
30508,142,9985,3,1,182.88
30509,142,9985,6,1,2618.75
30510,198,9986,168,1,126.51
30511,198,9986,74,2,132.13
30512,156,9987,157,2,278.2
30513,340,9988,76,1,110.25
30514,340,9988,143,1,602.95
30515,148,9989,48,1,377.48
30516,148,9989,42,1,162.27
30517,148,9989,50,1,103.84
30518,148,9989,46,1,121.09
30519,67,9990,127,1,209.71
30520,145,9991,135,2,248.61
30521,145,9991,41,1,708.68
30522,145,9991,42,1,162.27
30523,145,9991,45,1,207.67
30524,145,9991,47,1,691.19
30525,145,9991,48,1,377.48
30526,290,9992,33,1,404.5
30527,290,9992,34,1,269.1
30528,290,9992,35,1,790.82
30529,290,9992,38,1,325.54
30530,290,9992,179,1,148.28
30531,486,9993,1,1,5429.43
30532,486,9993,10,1,96.42
30533,486,9993,3,2,182.88
30534,244,9994,134,1,3215.18
30535,254,9995,2,1,6856.93
30536,254,9995,3,1,182.88
30537,254,9995,6,1,2618.75
30538,254,9995,9,1,864.52
30539,254,9995,156,1,131.66
30540,254,9995,126,1,224.49
30541,242,9996,18,1,685.51
30542,242,9996,163,1,417.18
30543,200,9997,48,1,377.48
30544,200,9997,129,1,94.56
30545,200,9997,50,1,103.84
30546,200,9997,46,1,121.09
30547,308,9998,182,2,190.33
30548,308,9998,25,1,958.76
30549,308,9998,26,1,547.5
30550,308,9998,28,1,207.71
30551,308,9998,29,1,137.26
30552,170,9999,9,1,864.52
30553,170,9999,2,2,6856.93
30554,170,9999,3,1,182.88
30555,2,10000,2,1,6856.93
30556,2,10000,3,1,182.88
30557,2,10000,131,1,457.64
30558,2,10000,6,1,2618.75
30559,2,10000,9,1,864.52
