review_id,user_id,order_id,product_id,rating,review_text,review_date
1,33,1669,41,3,متوسط ويؤدي وظيفته لكنه ليس بالجودة التي توقعتها.,2023-05-20 22:59:00
2,489,6171,10,5,ممتاز جداً ويستحق كل ريال. التغليف أنيق والجودة عالية.,2024-11-08 06:16:27
3,96,6459,48,5,منتج رائع جداً فاق توقعاتي بكل المقاييس. أنصح به بشدة.,2023-09-11 06:05:43
4,338,7756,1,1,منتج سيء جداً لا أنصح به أبداً. أطلبوا استرداد أموالكم.,2024-12-16 18:36:00
5,410,7186,51,5,تجربة شراء رائعة والمنتج وصل بحالة مثالية وبالمواصفات المطلوبة.,2023-06-24 15:33:45
6,70,1665,47,5,جودة ممتازة والشحن كان سريعاً وسأشتري مجدداً بالتأكيد.,2024-02-13 21:28:13
7,60,7821,31,5,أفضل منتج اشتريته منذ فترة طويلة وأنصح الجميع بتجربته.,2023-11-28 20:17:28
8,214,252,1,5,تجربة شراء رائعة والمنتج وصل بحالة مثالية وبالمواصفات المطلوبة.,2023-09-24 08:58:28
9,451,5195,138,5,جودة ممتازة والشحن كان سريعاً وسأشتري مجدداً بالتأكيد.,2023-11-04 17:24:00
10,324,9807,38,3,جيد للاستخدام البسيط لكن السعر مرتفع نسبياً لهذه الجودة.,2023-03-30 14:10:41
11,4,5617,109,5,جودة ممتازة والشحن كان سريعاً وسأشتري مجدداً بالتأكيد.,2023-09-18 22:15:07
12,336,5555,66,5,منتج رائع جداً فاق توقعاتي بكل المقاييس. أنصح به بشدة.,2024-09-30 18:51:04
13,111,5997,127,4,مطابق للوصف تقريباً والجودة جيدة وسأوصي به لأصدقائي.,2023-09-07 16:32:38
14,171,9422,5,3,التوصيل كان متأخراً وتغليف المنتج جاء مجعّداً قليلاً.,2023-04-23 07:49:30
15,190,7977,73,5,ممتاز جداً ويستحق كل ريال. التغليف أنيق والجودة عالية.,2024-06-09 07:47:09
16,406,9191,60,5,أفضل منتج اشتريته منذ فترة طويلة وأنصح الجميع بتجربته.,2023-02-20 00:18:43
17,30,5185,34,3,التوصيل كان متأخراً وتغليف المنتج جاء مجعّداً قليلاً.,2024-04-12 02:59:50
18,14,1048,20,5,أفضل منتج اشتريته منذ فترة طويلة وأنصح الجميع بتجربته.,2024-12-20 04:28:53
19,378,6587,53,5,تجربة شراء رائعة والمنتج وصل بحالة مثالية وبالمواصفات المطلوبة.,2023-11-27 07:17:04
20,192,9310,53,5,منتج رائع جداً فاق توقعاتي بكل المقاييس. أنصح به بشدة.,2023-07-15 00:45:56
21,382,4868,29,4,جودة عالية والسعر معقول فقط التغليف كان بسيطاً قليلاً.,2024-07-27 14:22:17
22,94,1437,1,5,جودة ممتازة والشحن كان سريعاً وسأشتري مجدداً بالتأكيد.,2025-01-10 11:15:11
23,397,5441,197,5,ممتاز جداً ويستحق كل ريال. التغليف أنيق والجودة عالية.,2023-06-07 12:46:17
24,81,207,103,4,منتج جيد استلمته بسرعة ويعمل بشكل ممتاز.,2023-12-16 23:22:33
25,274,6748,32,4,مطابق للوصف تقريباً والجودة جيدة وسأوصي به لأصدقائي.,2024-05-07 06:11:12
26,258,9581,64,5,أفضل منتج اشتريته منذ فترة طويلة وأنصح الجميع بتجربته.,2023-11-19 08:15:18
27,205,1781,2,4,مطابق للوصف تقريباً والجودة جيدة وسأوصي به لأصدقائي.,2023-01-24 12:44:52
28,110,3097,46,1,أسوأ تجربة شراء والمنتج مختلف تماماً عن الصور والوصف.,2023-09-13 12:31:53
29,107,5692,162,5,أفضل منتج اشتريته منذ فترة طويلة وأنصح الجميع بتجربته.,2023-06-21 22:22:54
30,268,913,169,1,أسوأ تجربة شراء والمنتج مختلف تماماً عن الصور والوصف.,2023-10-25 08:13:27
31,35,1700,25,4,مطابق للوصف تقريباً والجودة جيدة وسأوصي به لأصدقائي.,2024-01-16 01:17:26
32,457,991,10,4,منتج جيد جداً وبسعر مناسب والشحن كان في الموعد.,2024-02-17 08:21:50
33,354,2989,174,1,لا يستحق حتى نجمة واحدة وجودة رديئة جداً مع سعر مرتفع.,2025-01-09 05:13:17
34,47,1316,34,5,منتج رائع جداً فاق توقعاتي بكل المقاييس. أنصح به بشدة.,2024-09-08 21:11:04
35,183,5080,119,1,منتج سيء جداً لا أنصح به أبداً. أطلبوا استرداد أموالكم.,2023-04-06 18:59:04
36,22,4519,34,5,جودة ممتازة والشحن كان سريعاً وسأشتري مجدداً بالتأكيد.,2024-05-05 23:50:25
37,144,2714,41,3,المنتج مقبول ولكن يحتاج بعض التحسينات في الجودة.,2024-05-20 01:55:27
38,395,7813,53,4,جودة عالية والسعر معقول فقط التغليف كان بسيطاً قليلاً.,2024-09-17 01:19:13
39,378,2421,195,4,جودة عالية والسعر معقول فقط التغليف كان بسيطاً قليلاً.,2023-04-07 03:48:50
40,166,9983,46,4,منتج جيد استلمته بسرعة ويعمل بشكل ممتاز.,2024-05-17 22:55:37
41,270,8672,197,3,المنتج مقبول لكن هناك بدائل أفضل بنفس السعر في السوق.,2023-09-30 16:41:26
42,29,8779,34,4,مطابق للوصف تقريباً والجودة جيدة وسأوصي به لأصدقائي.,2024-03-17 12:16:14
43,285,2446,39,3,جيد للاستخدام البسيط لكن السعر مرتفع نسبياً لهذه الجودة.,2023-07-14 04:08:41
44,468,4188,26,5,أفضل منتج اشتريته منذ فترة طويلة وأنصح الجميع بتجربته.,2024-12-19 04:59:08
45,365,4630,48,5,ممتاز جداً ويستحق كل ريال. التغليف أنيق والجودة عالية.,2023-03-22 19:25:24
46,87,8391,99,5,جودة ممتازة والشحن كان سريعاً وسأشتري مجدداً بالتأكيد.,2023-02-26 20:01:07
47,283,7267,48,4,تجربة جيدة بشكل عام والمنتج يؤدي وظيفته على أكمل وجه.,2023-07-20 19:17:23
48,467,9133,41,2,التغليف كان سيئاً والمنتج تعرّض لأضرار أثناء الشحن.,2023-10-07 12:28:34
49,332,5559,16,4,منتج جيد جداً وبسعر مناسب والشحن كان في الموعد.,2023-09-17 23:19:56
50,272,1830,138,5,منتج رائع جداً فاق توقعاتي بكل المقاييس. أنصح به بشدة.,2024-08-16 13:48:49
51,431,4160,143,3,جيد للاستخدام البسيط لكن السعر مرتفع نسبياً لهذه الجودة.,2024-12-18 04:30:09
52,445,1288,6,1,المنتج لا يعمل من الأساس وتواصلت مع الدعم ولم يتجاوبوا.,2024-06-13 00:14:21
53,105,4494,64,5,جودة ممتازة والشحن كان سريعاً وسأشتري مجدداً بالتأكيد.,2023-04-25 08:23:29
54,72,5678,48,4,منتج جيد استلمته بسرعة ويعمل بشكل ممتاز.,2023-12-29 00:48:03
55,421,9628,150,3,التوصيل كان متأخراً وتغليف المنتج جاء مجعّداً قليلاً.,2023-03-22 17:02:14
56,496,7301,53,4,تجربة جيدة بشكل عام والمنتج يؤدي وظيفته على أكمل وجه.,2023-10-02 22:05:44
57,346,1734,144,5,ممتاز جداً ويستحق كل ريال. التغليف أنيق والجودة عالية.,2024-02-05 11:44:03
58,22,7435,60,3,المنتج مقبول لكن هناك بدائل أفضل بنفس السعر في السوق.,2023-06-19 11:46:29
59,290,6897,57,1,المنتج لا يعمل من الأساس وتواصلت مع الدعم ولم يتجاوبوا.,2023-10-01 19:30:10
60,475,3369,51,4,منتج جيد جداً وبسعر مناسب والشحن كان في الموعد.,2024-11-06 02:52:18
61,464,7053,102,4,منتج جيد استلمته بسرعة ويعمل بشكل ممتاز.,2024-05-29 07:36:57
62,387,7486,42,4,منتج جيد جداً وبسعر مناسب والشحن كان في الموعد.,2024-08-20 05:19:12
63,248,7343,1,5,جودة ممتازة والشحن كان سريعاً وسأشتري مجدداً بالتأكيد.,2023-06-15 19:29:41
64,287,946,41,4,تجربة جيدة بشكل عام والمنتج يؤدي وظيفته على أكمل وجه.,2024-02-04 21:27:19
65,225,5328,26,5,ممتاز جداً ويستحق كل ريال. التغليف أنيق والجودة عالية.,2024-11-07 18:33:48
66,111,6898,135,3,متوسط ويؤدي وظيفته لكنه ليس بالجودة التي توقعتها.,2023-02-04 03:45:29
67,91,847,34,3,المنتج مقبول لكن هناك بدائل أفضل بنفس السعر في السوق.,2023-09-09 06:31:43
68,486,481,28,5,جودة ممتازة والشحن كان سريعاً وسأشتري مجدداً بالتأكيد.,2023-02-06 15:07:06
69,426,6270,80,2,خيّبت الآمال والمنتج لا يشبه الوصف ولا الصور المعروضة.,2024-06-29 19:15:05
70,477,383,33,5,ممتاز جداً ويستحق كل ريال. التغليف أنيق والجودة عالية.,2023-12-25 20:55:54
71,164,5024,158,4,جودة عالية والسعر معقول فقط التغليف كان بسيطاً قليلاً.,2023-03-15 13:12:02
72,172,547,10,5,أفضل منتج اشتريته منذ فترة طويلة وأنصح الجميع بتجربته.,2023-09-04 22:12:51
73,106,2700,1,4,مطابق للوصف تقريباً والجودة جيدة وسأوصي به لأصدقائي.,2023-02-16 22:24:09
74,315,3529,2,4,جودة عالية والسعر معقول فقط التغليف كان بسيطاً قليلاً.,2023-01-27 03:48:45
75,313,4104,150,3,التوصيل كان متأخراً وتغليف المنتج جاء مجعّداً قليلاً.,2023-07-15 14:27:41
76,311,4000,41,5,ممتاز جداً ويستحق كل ريال. التغليف أنيق والجودة عالية.,2024-06-07 16:58:20
77,188,4632,39,5,أفضل منتج اشتريته منذ فترة طويلة وأنصح الجميع بتجربته.,2024-02-17 17:31:44
78,103,5027,48,4,جودة عالية والسعر معقول فقط التغليف كان بسيطاً قليلاً.,2024-02-17 02:59:29
79,94,7045,175,5,تجربة شراء رائعة والمنتج وصل بحالة مثالية وبالمواصفات المطلوبة.,2023-06-04 18:11:29
80,331,6113,36,4,مطابق للوصف تقريباً والجودة جيدة وسأوصي به لأصدقائي.,2024-04-01 08:29:01
81,175,5615,2,5,منتج رائع جداً فاق توقعاتي بكل المقاييس. أنصح به بشدة.,2023-06-11 22:56:41
82,496,5116,33,5,جودة ممتازة والشحن كان سريعاً وسأشتري مجدداً بالتأكيد.,2024-12-03 23:29:17
83,252,6756,103,4,جودة عالية والسعر معقول فقط التغليف كان بسيطاً قليلاً.,2024-05-26 17:56:24
84,17,2349,76,5,ممتاز جداً ويستحق كل ريال. التغليف أنيق والجودة عالية.,2023-10-29 03:40:12
85,29,2679,2,5,أفضل منتج اشتريته منذ فترة طويلة وأنصح الجميع بتجربته.,2023-10-09 22:33:07
86,417,598,184,3,المنتج مقبول ولكن يحتاج بعض التحسينات في الجودة.,2024-10-05 11:59:16
87,183,1568,2,4,تجربة جيدة بشكل عام والمنتج يؤدي وظيفته على أكمل وجه.,2024-07-28 10:13:55
88,178,5207,32,5,جودة ممتازة والشحن كان سريعاً وسأشتري مجدداً بالتأكيد.,2024-06-16 13:41:24
89,293,7577,162,1,لا يستحق حتى نجمة واحدة وجودة رديئة جداً مع سعر مرتفع.,2023-11-17 18:54:29
90,252,3712,45,5,منتج رائع جداً فاق توقعاتي بكل المقاييس. أنصح به بشدة.,2023-04-21 13:03:45
91,107,9511,33,5,ممتاز جداً ويستحق كل ريال. التغليف أنيق والجودة عالية.,2024-11-28 04:57:12
92,231,3253,26,3,المنتج مقبول لكن هناك بدائل أفضل بنفس السعر في السوق.,2023-07-06 21:20:56
93,467,4145,10,5,ممتاز جداً ويستحق كل ريال. التغليف أنيق والجودة عالية.,2023-10-06 18:48:20
94,218,7999,2,4,مطابق للوصف تقريباً والجودة جيدة وسأوصي به لأصدقائي.,2024-09-23 22:59:59
95,375,7914,39,3,المنتج مقبول ولكن يحتاج بعض التحسينات في الجودة.,2023-03-06 11:21:00
96,171,9275,41,4,جودة عالية والسعر معقول فقط التغليف كان بسيطاً قليلاً.,2024-10-04 04:30:33
97,345,9777,9,4,منتج جيد جداً وبسعر مناسب والشحن كان في الموعد.,2024-11-08 23:11:31
98,99,8210,33,4,مطابق للوصف تقريباً والجودة جيدة وسأوصي به لأصدقائي.,2023-07-03 20:39:07
99,122,9708,50,5,تجربة شراء رائعة والمنتج وصل بحالة مثالية وبالمواصفات المطلوبة.,2024-12-26 01:23:08
100,378,174,148,4,منتج جيد جداً وبسعر مناسب والشحن كان في الموعد.,2024-08-01 03:10:54
101,55,103,1,1,أسوأ تجربة شراء والمنتج مختلف تماماً عن الصور والوصف.,2023-08-08 08:53:40
102,21,79,50,4,منتج جيد استلمته بسرعة ويعمل بشكل ممتاز.,2023-07-11 15:39:39
103,33,2711,2,5,منتج رائع جداً فاق توقعاتي بكل المقاييس. أنصح به بشدة.,2023-05-10 10:51:17
104,417,5947,133,3,المنتج مقبول ولكن يحتاج بعض التحسينات في الجودة.,2023-03-21 11:19:09
105,28,8843,98,4,منتج جيد استلمته بسرعة ويعمل بشكل ممتاز.,2025-01-07 04:18:05
106,171,9275,42,5,جودة ممتازة والشحن كان سريعاً وسأشتري مجدداً بالتأكيد.,2024-10-07 03:30:33
107,24,4243,46,5,ممتاز جداً ويستحق كل ريال. التغليف أنيق والجودة عالية.,2024-06-11 20:00:08
108,167,5516,25,3,متوسط ويؤدي وظيفته لكنه ليس بالجودة التي توقعتها.,2024-04-15 19:13:35
109,264,4568,38,4,تجربة جيدة بشكل عام والمنتج يؤدي وظيفته على أكمل وجه.,2023-02-14 13:23:12
110,80,2756,41,5,جودة ممتازة والشحن كان سريعاً وسأشتري مجدداً بالتأكيد.,2023-09-20 06:56:41
111,351,9870,75,5,ممتاز جداً ويستحق كل ريال. التغليف أنيق والجودة عالية.,2023-08-31 21:19:37
112,164,947,38,4,تجربة جيدة بشكل عام والمنتج يؤدي وظيفته على أكمل وجه.,2024-11-16 09:10:09
113,308,7645,51,5,ممتاز جداً ويستحق كل ريال. التغليف أنيق والجودة عالية.,2024-07-05 14:28:29
114,45,9139,47,4,جودة عالية والسعر معقول فقط التغليف كان بسيطاً قليلاً.,2024-06-13 19:19:20
115,125,9103,48,5,تجربة شراء رائعة والمنتج وصل بحالة مثالية وبالمواصفات المطلوبة.,2023-02-28 18:00:39
116,492,1006,51,3,المنتج مقبول ولكن يحتاج بعض التحسينات في الجودة.,2023-12-26 15:14:17
117,176,4910,66,4,جودة عالية والسعر معقول فقط التغليف كان بسيطاً قليلاً.,2023-06-30 00:30:35
118,185,1999,51,2,خيّبت الآمال والمنتج لا يشبه الوصف ولا الصور المعروضة.,2024-07-29 19:00:37
119,30,176,35,4,مطابق للوصف تقريباً والجودة جيدة وسأوصي به لأصدقائي.,2024-08-16 08:36:46
120,5,5057,7,4,مطابق للوصف تقريباً والجودة جيدة وسأوصي به لأصدقائي.,2023-10-13 15:24:22
121,403,4198,51,5,تجربة شراء رائعة والمنتج وصل بحالة مثالية وبالمواصفات المطلوبة.,2024-02-28 19:31:51
122,46,3858,128,4,جودة عالية والسعر معقول فقط التغليف كان بسيطاً قليلاً.,2023-02-17 21:33:11
123,79,1844,9,5,تجربة شراء رائعة والمنتج وصل بحالة مثالية وبالمواصفات المطلوبة.,2023-06-02 18:03:01
124,77,9255,46,4,مطابق للوصف تقريباً والجودة جيدة وسأوصي به لأصدقائي.,2023-02-23 12:23:41
125,4,8680,31,2,التغليف كان سيئاً والمنتج تعرّض لأضرار أثناء الشحن.,2024-01-13 20:53:38
126,184,7025,38,4,منتج جيد جداً وبسعر مناسب والشحن كان في الموعد.,2023-03-12 17:03:58
127,136,2628,48,1,المنتج لا يعمل من الأساس وتواصلت مع الدعم ولم يتجاوبوا.,2024-05-23 15:19:05
128,139,2595,56,3,المنتج مقبول ولكن يحتاج بعض التحسينات في الجودة.,2023-02-20 15:53:22
129,311,7634,29,5,ممتاز جداً ويستحق كل ريال. التغليف أنيق والجودة عالية.,2025-01-02 23:42:51
130,447,4727,34,4,مطابق للوصف تقريباً والجودة جيدة وسأوصي به لأصدقائي.,2023-12-15 19:00:04
131,100,8461,38,1,لا يستحق حتى نجمة واحدة وجودة رديئة جداً مع سعر مرتفع.,2024-11-19 15:12:45
132,41,5683,132,4,جودة عالية والسعر معقول فقط التغليف كان بسيطاً قليلاً.,2024-03-16 02:27:19
133,274,5802,16,5,منتج رائع جداً فاق توقعاتي بكل المقاييس. أنصح به بشدة.,2023-12-08 18:10:26
134,379,1829,16,5,جودة ممتازة والشحن كان سريعاً وسأشتري مجدداً بالتأكيد.,2023-02-08 08:28:16
135,441,1260,139,5,منتج رائع جداً فاق توقعاتي بكل المقاييس. أنصح به بشدة.,2024-11-03 22:49:48
136,492,2981,1,5,ممتاز جداً ويستحق كل ريال. التغليف أنيق والجودة عالية.,2024-12-11 22:43:04
137,95,9878,10,2,المنتج لم يعمل بشكل صحيح من اليوم الأول وطلبت الإرجاع.,2024-04-17 14:41:42
138,141,8008,47,5,جودة ممتازة والشحن كان سريعاً وسأشتري مجدداً بالتأكيد.,2024-06-28 15:54:17
139,236,2048,34,4,منتج جيد جداً وبسعر مناسب والشحن كان في الموعد.,2024-08-02 01:12:33
140,168,3010,29,5,منتج رائع جداً فاق توقعاتي بكل المقاييس. أنصح به بشدة.,2023-02-03 22:06:57
141,101,213,3,3,المنتج مقبول ولكن يحتاج بعض التحسينات في الجودة.,2024-12-12 03:57:58
142,183,9981,193,2,لم يكن بالجودة المتوقعة وغير مطابق للصور بشكل واضح.,2024-06-28 02:38:24
143,400,5801,194,5,ممتاز جداً ويستحق كل ريال. التغليف أنيق والجودة عالية.,2023-08-13 06:12:00
144,280,8806,150,2,جودة ضعيفة للأسف ولن أشتري من هذا البائع مرة أخرى.,2023-12-05 14:39:02
145,94,976,1,5,تجربة شراء رائعة والمنتج وصل بحالة مثالية وبالمواصفات المطلوبة.,2024-10-27 09:19:09
146,286,1871,81,1,لا يستحق حتى نجمة واحدة وجودة رديئة جداً مع سعر مرتفع.,2023-07-06 22:51:56
147,58,7460,9,5,أفضل منتج اشتريته منذ فترة طويلة وأنصح الجميع بتجربته.,2023-12-30 20:31:33
148,395,1301,50,5,أفضل منتج اشتريته منذ فترة طويلة وأنصح الجميع بتجربته.,2024-04-13 06:42:02
149,123,3413,177,5,منتج رائع جداً فاق توقعاتي بكل المقاييس. أنصح به بشدة.,2023-12-11 12:56:12
150,466,1540,24,4,تجربة جيدة بشكل عام والمنتج يؤدي وظيفته على أكمل وجه.,2024-04-27 17:44:01
151,259,7172,9,5,تجربة شراء رائعة والمنتج وصل بحالة مثالية وبالمواصفات المطلوبة.,2024-02-06 05:07:56
152,479,8007,46,5,جودة ممتازة والشحن كان سريعاً وسأشتري مجدداً بالتأكيد.,2024-03-29 02:35:23
153,245,8326,46,4,تجربة جيدة بشكل عام والمنتج يؤدي وظيفته على أكمل وجه.,2023-05-06 04:17:47
154,345,7443,47,5,جودة ممتازة والشحن كان سريعاً وسأشتري مجدداً بالتأكيد.,2023-04-02 21:26:52
155,39,1187,200,4,تجربة جيدة بشكل عام والمنتج يؤدي وظيفته على أكمل وجه.,2023-04-18 21:31:49
156,475,6009,189,5,تجربة شراء رائعة والمنتج وصل بحالة مثالية وبالمواصفات المطلوبة.,2024-08-25 19:28:26
157,54,8496,155,5,تجربة شراء رائعة والمنتج وصل بحالة مثالية وبالمواصفات المطلوبة.,2023-08-06 01:22:46
158,98,6480,36,5,جودة ممتازة والشحن كان سريعاً وسأشتري مجدداً بالتأكيد.,2024-07-12 01:09:20
159,359,6766,188,5,تجربة شراء رائعة والمنتج وصل بحالة مثالية وبالمواصفات المطلوبة.,2024-08-03 09:37:20
160,223,3823,104,4,منتج جيد استلمته بسرعة ويعمل بشكل ممتاز.,2024-10-19 15:55:40
161,26,7124,180,1,المنتج لا يعمل من الأساس وتواصلت مع الدعم ولم يتجاوبوا.,2024-10-14 00:02:09
162,204,3982,178,1,لا يستحق حتى نجمة واحدة وجودة رديئة جداً مع سعر مرتفع.,2023-04-09 09:03:20
163,366,1166,192,5,جودة ممتازة والشحن كان سريعاً وسأشتري مجدداً بالتأكيد.,2023-02-08 06:35:54
164,361,7848,120,4,جودة عالية والسعر معقول فقط التغليف كان بسيطاً قليلاً.,2024-01-14 14:29:43
165,411,7566,7,4,تجربة جيدة بشكل عام والمنتج يؤدي وظيفته على أكمل وجه.,2023-10-25 15:12:14
166,2,3928,42,5,منتج رائع جداً فاق توقعاتي بكل المقاييس. أنصح به بشدة.,2023-03-20 13:07:47
167,215,2177,6,5,جودة ممتازة والشحن كان سريعاً وسأشتري مجدداً بالتأكيد.,2023-02-04 00:38:19
168,135,7330,191,3,جيد للاستخدام البسيط لكن السعر مرتفع نسبياً لهذه الجودة.,2024-08-25 16:35:50
169,302,4250,4,4,منتج جيد استلمته بسرعة ويعمل بشكل ممتاز.,2023-03-18 12:37:22
170,82,6556,146,4,مطابق للوصف تقريباً والجودة جيدة وسأوصي به لأصدقائي.,2024-08-17 02:31:43
171,371,411,39,4,منتج جيد جداً وبسعر مناسب والشحن كان في الموعد.,2024-11-04 06:40:33
172,283,3944,3,1,منتج سيء جداً لا أنصح به أبداً. أطلبوا استرداد أموالكم.,2023-10-12 09:35:29
173,202,4583,164,4,جودة عالية والسعر معقول فقط التغليف كان بسيطاً قليلاً.,2023-02-07 18:30:33
174,424,1623,38,4,جودة عالية والسعر معقول فقط التغليف كان بسيطاً قليلاً.,2024-05-09 06:33:28
175,368,4806,3,5,أفضل منتج اشتريته منذ فترة طويلة وأنصح الجميع بتجربته.,2023-07-16 18:15:30
176,4,433,48,4,تجربة جيدة بشكل عام والمنتج يؤدي وظيفته على أكمل وجه.,2024-07-07 19:12:44
177,276,8913,168,3,التوصيل كان متأخراً وتغليف المنتج جاء مجعّداً قليلاً.,2023-04-20 13:52:20
178,189,2725,98,5,أفضل منتج اشتريته منذ فترة طويلة وأنصح الجميع بتجربته.,2023-05-21 02:07:44
179,395,3935,1,4,تجربة جيدة بشكل عام والمنتج يؤدي وظيفته على أكمل وجه.,2024-03-13 07:58:24
180,341,8521,10,5,أفضل منتج اشتريته منذ فترة طويلة وأنصح الجميع بتجربته.,2024-07-09 18:07:11
181,104,4033,51,5,تجربة شراء رائعة والمنتج وصل بحالة مثالية وبالمواصفات المطلوبة.,2024-07-27 02:33:52
182,22,7307,42,4,منتج جيد جداً وبسعر مناسب والشحن كان في الموعد.,2023-03-21 13:11:17
183,410,8397,1,5,جودة ممتازة والشحن كان سريعاً وسأشتري مجدداً بالتأكيد.,2023-05-20 22:57:24
184,446,4882,51,2,المنتج لم يعمل بشكل صحيح من اليوم الأول وطلبت الإرجاع.,2024-11-12 09:12:58
185,478,1376,191,2,خيّبت الآمال والمنتج لا يشبه الوصف ولا الصور المعروضة.,2023-02-22 01:02:28
186,290,1374,48,5,منتج رائع جداً فاق توقعاتي بكل المقاييس. أنصح به بشدة.,2024-03-05 10:26:33
187,101,16,47,4,تجربة جيدة بشكل عام والمنتج يؤدي وظيفته على أكمل وجه.,2024-11-04 16:22:50
188,428,3870,62,3,متوسط ويؤدي وظيفته لكنه ليس بالجودة التي توقعتها.,2024-01-27 11:45:50
189,242,1427,2,4,تجربة جيدة بشكل عام والمنتج يؤدي وظيفته على أكمل وجه.,2023-06-26 16:53:46
190,12,2720,37,4,مطابق للوصف تقريباً والجودة جيدة وسأوصي به لأصدقائي.,2024-07-13 03:28:53
191,444,2614,35,4,منتج جيد جداً وبسعر مناسب والشحن كان في الموعد.,2024-04-29 13:28:16
192,405,7816,12,3,جيد للاستخدام البسيط لكن السعر مرتفع نسبياً لهذه الجودة.,2023-03-09 16:07:52
193,427,5153,31,2,التغليف كان سيئاً والمنتج تعرّض لأضرار أثناء الشحن.,2023-06-08 10:29:05
194,184,9543,176,4,منتج جيد جداً وبسعر مناسب والشحن كان في الموعد.,2023-10-01 20:43:36
195,50,9438,38,4,تجربة جيدة بشكل عام والمنتج يؤدي وظيفته على أكمل وجه.,2024-09-29 15:30:16
196,88,7657,186,4,تجربة جيدة بشكل عام والمنتج يؤدي وظيفته على أكمل وجه.,2023-08-19 15:47:43
197,23,9121,10,5,ممتاز جداً ويستحق كل ريال. التغليف أنيق والجودة عالية.,2024-03-31 00:48:38
198,26,7384,48,3,المنتج مقبول ولكن يحتاج بعض التحسينات في الجودة.,2023-02-16 22:42:50
199,218,2765,46,4,جودة عالية والسعر معقول فقط التغليف كان بسيطاً قليلاً.,2023-05-29 12:25:45
200,453,6205,3,5,تجربة شراء رائعة والمنتج وصل بحالة مثالية وبالمواصفات المطلوبة.,2024-07-16 17:50:22
201,60,2331,10,4,منتج جيد استلمته بسرعة ويعمل بشكل ممتاز.,2023-08-13 01:32:05
202,175,9788,12,1,تجربة مروعة ووصل المنتج مكسوراً ومختلفاً عن المواصفات.,2024-03-19 23:51:42
203,90,4350,42,5,أفضل منتج اشتريته منذ فترة طويلة وأنصح الجميع بتجربته.,2024-10-07 17:14:53
204,62,771,105,4,مطابق للوصف تقريباً والجودة جيدة وسأوصي به لأصدقائي.,2023-07-12 21:03:52
205,189,5350,51,5,ممتاز جداً ويستحق كل ريال. التغليف أنيق والجودة عالية.,2023-03-25 17:32:34
206,479,4764,118,5,تجربة شراء رائعة والمنتج وصل بحالة مثالية وبالمواصفات المطلوبة.,2023-10-11 22:34:19
207,93,4075,102,5,أفضل منتج اشتريته منذ فترة طويلة وأنصح الجميع بتجربته.,2024-02-05 01:18:08
208,424,8088,151,3,المنتج مقبول لكن هناك بدائل أفضل بنفس السعر في السوق.,2023-03-21 17:57:12
209,194,4431,3,5,تجربة شراء رائعة والمنتج وصل بحالة مثالية وبالمواصفات المطلوبة.,2024-09-10 15:13:58
210,433,1425,26,4,منتج جيد جداً وبسعر مناسب والشحن كان في الموعد.,2023-01-14 19:19:00
211,450,6007,2,3,جيد للاستخدام البسيط لكن السعر مرتفع نسبياً لهذه الجودة.,2023-01-18 19:28:17
212,236,9537,192,4,تجربة جيدة بشكل عام والمنتج يؤدي وظيفته على أكمل وجه.,2024-06-28 04:00:55
213,144,8028,144,4,تجربة جيدة بشكل عام والمنتج يؤدي وظيفته على أكمل وجه.,2024-10-11 13:34:24
214,231,1724,3,5,جودة ممتازة والشحن كان سريعاً وسأشتري مجدداً بالتأكيد.,2023-03-20 22:39:32
215,265,2101,29,1,المنتج لا يعمل من الأساس وتواصلت مع الدعم ولم يتجاوبوا.,2024-07-15 21:07:52
216,119,5597,109,5,منتج رائع جداً فاق توقعاتي بكل المقاييس. أنصح به بشدة.,2024-10-06 04:30:33
217,160,4542,31,5,منتج رائع جداً فاق توقعاتي بكل المقاييس. أنصح به بشدة.,2024-07-05 01:32:18
218,447,5606,25,4,منتج جيد جداً وبسعر مناسب والشحن كان في الموعد.,2023-01-21 17:58:11
219,309,8769,31,5,منتج رائع جداً فاق توقعاتي بكل المقاييس. أنصح به بشدة.,2024-04-01 01:41:52
220,404,8167,48,5,ممتاز جداً ويستحق كل ريال. التغليف أنيق والجودة عالية.,2023-09-06 01:21:44
221,398,2896,48,2,المنتج لم يعمل بشكل صحيح من اليوم الأول وطلبت الإرجاع.,2023-09-25 08:46:40
222,196,982,165,5,منتج رائع جداً فاق توقعاتي بكل المقاييس. أنصح به بشدة.,2023-09-03 08:35:12
223,149,4523,32,4,تجربة جيدة بشكل عام والمنتج يؤدي وظيفته على أكمل وجه.,2024-10-25 20:45:27
224,443,6243,53,4,منتج جيد استلمته بسرعة ويعمل بشكل ممتاز.,2023-07-03 19:10:12
225,137,8497,164,4,منتج جيد جداً وبسعر مناسب والشحن كان في الموعد.,2024-07-04 00:41:38
226,95,2042,48,1,لا يستحق حتى نجمة واحدة وجودة رديئة جداً مع سعر مرتفع.,2023-03-14 09:57:46
227,325,4455,51,5,منتج رائع جداً فاق توقعاتي بكل المقاييس. أنصح به بشدة.,2023-03-26 16:18:14
228,38,4190,15,5,ممتاز جداً ويستحق كل ريال. التغليف أنيق والجودة عالية.,2023-12-27 15:29:46
229,444,6708,167,5,تجربة شراء رائعة والمنتج وصل بحالة مثالية وبالمواصفات المطلوبة.,2023-06-12 15:52:01
230,322,3597,157,5,منتج رائع جداً فاق توقعاتي بكل المقاييس. أنصح به بشدة.,2024-07-13 00:15:40
231,208,114,6,1,المنتج لا يعمل من الأساس وتواصلت مع الدعم ولم يتجاوبوا.,2024-01-17 16:30:35
232,114,3422,54,4,مطابق للوصف تقريباً والجودة جيدة وسأوصي به لأصدقائي.,2024-02-18 11:20:16
233,213,9363,33,4,مطابق للوصف تقريباً والجودة جيدة وسأوصي به لأصدقائي.,2024-02-10 20:58:02
234,336,8972,11,5,أفضل منتج اشتريته منذ فترة طويلة وأنصح الجميع بتجربته.,2024-02-26 04:40:32
235,280,5400,51,1,تجربة مروعة ووصل المنتج مكسوراً ومختلفاً عن المواصفات.,2024-09-12 23:29:47
236,281,6413,99,2,جودة ضعيفة للأسف ولن أشتري من هذا البائع مرة أخرى.,2024-01-29 19:06:45
237,363,3251,108,4,جودة عالية والسعر معقول فقط التغليف كان بسيطاً قليلاً.,2024-12-07 01:09:00
238,474,8307,47,5,جودة ممتازة والشحن كان سريعاً وسأشتري مجدداً بالتأكيد.,2023-02-27 12:46:22
239,14,1328,45,3,المنتج مقبول لكن هناك بدائل أفضل بنفس السعر في السوق.,2024-10-13 13:18:54
240,385,6001,32,5,منتج رائع جداً فاق توقعاتي بكل المقاييس. أنصح به بشدة.,2023-08-17 11:13:06
241,424,4621,112,4,منتج جيد جداً وبسعر مناسب والشحن كان في الموعد.,2024-08-28 00:35:40
242,28,8843,4,4,مطابق للوصف تقريباً والجودة جيدة وسأوصي به لأصدقائي.,2025-01-10 21:18:05
243,430,4828,20,2,المنتج لم يعمل بشكل صحيح من اليوم الأول وطلبت الإرجاع.,2024-03-26 11:25:39
244,302,6302,113,5,ممتاز جداً ويستحق كل ريال. التغليف أنيق والجودة عالية.,2024-01-26 17:54:07
245,473,9843,50,5,منتج رائع جداً فاق توقعاتي بكل المقاييس. أنصح به بشدة.,2023-12-23 09:40:14
246,137,3576,48,5,منتج رائع جداً فاق توقعاتي بكل المقاييس. أنصح به بشدة.,2023-09-23 09:01:15
247,147,1852,2,4,تجربة جيدة بشكل عام والمنتج يؤدي وظيفته على أكمل وجه.,2024-07-02 19:13:54
248,368,5353,29,5,تجربة شراء رائعة والمنتج وصل بحالة مثالية وبالمواصفات المطلوبة.,2023-10-09 04:07:25
249,360,4961,6,5,أفضل منتج اشتريته منذ فترة طويلة وأنصح الجميع بتجربته.,2023-08-31 08:25:34
250,148,5398,34,4,منتج جيد جداً وبسعر مناسب والشحن كان في الموعد.,2024-07-05 21:20:02
251,94,6056,120,5,تجربة شراء رائعة والمنتج وصل بحالة مثالية وبالمواصفات المطلوبة.,2024-04-22 00:45:59
252,176,9534,76,4,منتج جيد استلمته بسرعة ويعمل بشكل ممتاز.,2024-07-14 01:21:50
253,285,3999,126,4,مطابق للوصف تقريباً والجودة جيدة وسأوصي به لأصدقائي.,2024-11-10 17:11:23
254,447,4727,33,4,مطابق للوصف تقريباً والجودة جيدة وسأوصي به لأصدقائي.,2023-12-11 23:00:04
255,429,2277,146,5,ممتاز جداً ويستحق كل ريال. التغليف أنيق والجودة عالية.,2023-11-08 18:14:39
256,124,8686,170,5,أفضل منتج اشتريته منذ فترة طويلة وأنصح الجميع بتجربته.,2023-11-25 01:39:42
257,265,4376,34,5,جودة ممتازة والشحن كان سريعاً وسأشتري مجدداً بالتأكيد.,2024-08-10 03:16:37
258,148,3331,32,4,منتج جيد استلمته بسرعة ويعمل بشكل ممتاز.,2023-06-15 01:15:45
259,474,1448,42,4,منتج جيد جداً وبسعر مناسب والشحن كان في الموعد.,2024-01-17 15:11:49
260,381,8842,88,5,منتج رائع جداً فاق توقعاتي بكل المقاييس. أنصح به بشدة.,2023-11-05 14:38:15
261,208,5383,3,5,جودة ممتازة والشحن كان سريعاً وسأشتري مجدداً بالتأكيد.,2023-07-10 17:07:50
262,392,9485,48,3,المنتج مقبول لكن هناك بدائل أفضل بنفس السعر في السوق.,2024-06-27 13:44:46
263,142,5572,9,4,تجربة جيدة بشكل عام والمنتج يؤدي وظيفته على أكمل وجه.,2024-05-19 19:37:13
264,449,3615,165,4,جودة عالية والسعر معقول فقط التغليف كان بسيطاً قليلاً.,2023-06-08 09:12:45
265,4,3745,32,3,جيد للاستخدام البسيط لكن السعر مرتفع نسبياً لهذه الجودة.,2024-10-22 21:37:27
266,270,7900,85,4,جودة عالية والسعر معقول فقط التغليف كان بسيطاً قليلاً.,2023-09-27 13:08:36
267,442,716,2,4,تجربة جيدة بشكل عام والمنتج يؤدي وظيفته على أكمل وجه.,2024-08-26 08:31:44
268,204,9729,50,3,المنتج مقبول لكن هناك بدائل أفضل بنفس السعر في السوق.,2024-01-02 17:50:48
269,116,6377,65,4,منتج جيد استلمته بسرعة ويعمل بشكل ممتاز.,2024-09-29 17:15:20
270,21,7692,28,5,جودة ممتازة والشحن كان سريعاً وسأشتري مجدداً بالتأكيد.,2024-01-22 04:45:12
271,421,2747,173,5,أفضل منتج اشتريته منذ فترة طويلة وأنصح الجميع بتجربته.,2024-10-22 12:01:42
272,439,6419,150,5,ممتاز جداً ويستحق كل ريال. التغليف أنيق والجودة عالية.,2023-03-20 20:19:46
273,244,2670,94,4,منتج جيد جداً وبسعر مناسب والشحن كان في الموعد.,2024-07-01 07:22:24
274,94,1034,138,4,تجربة جيدة بشكل عام والمنتج يؤدي وظيفته على أكمل وجه.,2023-04-12 06:49:32
275,366,6736,28,3,المنتج مقبول ولكن يحتاج بعض التحسينات في الجودة.,2023-09-01 20:12:17
276,219,2311,181,4,جودة عالية والسعر معقول فقط التغليف كان بسيطاً قليلاً.,2024-10-22 12:01:16
277,274,2816,54,5,جودة ممتازة والشحن كان سريعاً وسأشتري مجدداً بالتأكيد.,2023-12-17 00:44:45
278,367,1513,31,5,أفضل منتج اشتريته منذ فترة طويلة وأنصح الجميع بتجربته.,2023-09-22 21:30:12
279,454,5487,47,3,متوسط ويؤدي وظيفته لكنه ليس بالجودة التي توقعتها.,2024-06-29 13:05:26
280,465,4273,116,5,أفضل منتج اشتريته منذ فترة طويلة وأنصح الجميع بتجربته.,2023-09-07 10:28:31
281,18,5142,83,4,مطابق للوصف تقريباً والجودة جيدة وسأوصي به لأصدقائي.,2023-01-26 13:51:57
282,170,5776,160,3,المنتج مقبول ولكن يحتاج بعض التحسينات في الجودة.,2024-12-13 09:32:47
283,394,5694,91,3,المنتج مقبول لكن هناك بدائل أفضل بنفس السعر في السوق.,2023-05-03 11:44:29
284,481,4985,65,4,مطابق للوصف تقريباً والجودة جيدة وسأوصي به لأصدقائي.,2024-01-12 21:54:18
285,115,7835,51,4,منتج جيد استلمته بسرعة ويعمل بشكل ممتاز.,2024-08-30 01:08:29
286,64,1013,3,1,لا يستحق حتى نجمة واحدة وجودة رديئة جداً مع سعر مرتفع.,2024-04-28 14:59:29
287,438,6905,4,3,المنتج مقبول ولكن يحتاج بعض التحسينات في الجودة.,2023-11-29 01:38:00
288,289,9254,32,5,ممتاز جداً ويستحق كل ريال. التغليف أنيق والجودة عالية.,2024-01-09 19:56:02
289,205,545,167,4,مطابق للوصف تقريباً والجودة جيدة وسأوصي به لأصدقائي.,2024-07-15 23:28:22
290,18,2257,6,4,مطابق للوصف تقريباً والجودة جيدة وسأوصي به لأصدقائي.,2023-06-05 10:42:32
291,393,6893,179,4,منتج جيد جداً وبسعر مناسب والشحن كان في الموعد.,2023-11-05 04:54:08
292,216,5481,186,5,أفضل منتج اشتريته منذ فترة طويلة وأنصح الجميع بتجربته.,2024-07-28 15:07:47
293,375,9755,42,4,منتج جيد جداً وبسعر مناسب والشحن كان في الموعد.,2024-05-28 00:08:24
294,368,661,26,3,جيد للاستخدام البسيط لكن السعر مرتفع نسبياً لهذه الجودة.,2023-01-20 20:56:15
295,253,5408,48,4,تجربة جيدة بشكل عام والمنتج يؤدي وظيفته على أكمل وجه.,2024-08-27 02:46:21
296,79,8253,32,5,تجربة شراء رائعة والمنتج وصل بحالة مثالية وبالمواصفات المطلوبة.,2024-03-24 04:06:01
297,255,6573,42,5,تجربة شراء رائعة والمنتج وصل بحالة مثالية وبالمواصفات المطلوبة.,2023-03-07 07:05:34
298,349,8783,21,5,تجربة شراء رائعة والمنتج وصل بحالة مثالية وبالمواصفات المطلوبة.,2023-06-14 04:37:36
299,337,8481,9,3,متوسط ويؤدي وظيفته لكنه ليس بالجودة التي توقعتها.,2023-07-19 02:31:51
300,467,9129,13,5,ممتاز جداً ويستحق كل ريال. التغليف أنيق والجودة عالية.,2024-11-11 14:42:55
301,145,1479,46,1,لا يستحق حتى نجمة واحدة وجودة رديئة جداً مع سعر مرتفع.,2024-05-29 15:03:25
302,289,393,2,1,تجربة مروعة ووصل المنتج مكسوراً ومختلفاً عن المواصفات.,2024-04-10 13:46:57
303,346,5711,35,5,ممتاز جداً ويستحق كل ريال. التغليف أنيق والجودة عالية.,2023-03-26 22:01:08
304,210,2520,166,3,متوسط ويؤدي وظيفته لكنه ليس بالجودة التي توقعتها.,2024-10-29 06:10:23
305,126,2661,94,4,مطابق للوصف تقريباً والجودة جيدة وسأوصي به لأصدقائي.,2023-11-05 10:39:24
306,370,8966,169,4,منتج جيد استلمته بسرعة ويعمل بشكل ممتاز.,2024-09-29 02:19:28
307,235,81,6,4,مطابق للوصف تقريباً والجودة جيدة وسأوصي به لأصدقائي.,2023-04-29 23:25:10
308,82,9803,170,4,تجربة جيدة بشكل عام والمنتج يؤدي وظيفته على أكمل وجه.,2023-10-26 02:07:06
309,383,5084,10,4,جودة عالية والسعر معقول فقط التغليف كان بسيطاً قليلاً.,2023-08-20 04:51:34
310,126,3948,9,4,منتج جيد جداً وبسعر مناسب والشحن كان في الموعد.,2023-04-23 01:59:13
311,60,2331,1,1,المنتج لا يعمل من الأساس وتواصلت مع الدعم ولم يتجاوبوا.,2023-08-15 07:32:05
312,479,8007,50,5,منتج رائع جداً فاق توقعاتي بكل المقاييس. أنصح به بشدة.,2024-03-26 17:35:23
313,111,8228,15,4,جودة عالية والسعر معقول فقط التغليف كان بسيطاً قليلاً.,2023-01-24 19:17:23
314,405,1345,65,1,لا يستحق حتى نجمة واحدة وجودة رديئة جداً مع سعر مرتفع.,2024-10-06 13:51:40
315,425,1233,126,4,تجربة جيدة بشكل عام والمنتج يؤدي وظيفته على أكمل وجه.,2024-07-10 05:43:19
316,138,3399,47,5,تجربة شراء رائعة والمنتج وصل بحالة مثالية وبالمواصفات المطلوبة.,2024-03-25 03:32:19
317,158,279,169,5,ممتاز جداً ويستحق كل ريال. التغليف أنيق والجودة عالية.,2024-07-04 10:07:22
318,71,2565,38,1,تجربة مروعة ووصل المنتج مكسوراً ومختلفاً عن المواصفات.,2024-01-04 09:34:12
319,383,7150,42,2,جودة ضعيفة للأسف ولن أشتري من هذا البائع مرة أخرى.,2024-03-09 09:08:09
320,317,7019,48,4,مطابق للوصف تقريباً والجودة جيدة وسأوصي به لأصدقائي.,2024-01-03 05:37:43
321,158,9819,29,4,منتج جيد جداً وبسعر مناسب والشحن كان في الموعد.,2023-10-11 08:32:20
322,213,4019,41,4,مطابق للوصف تقريباً والجودة جيدة وسأوصي به لأصدقائي.,2023-04-27 21:43:49
323,216,6848,42,2,التغليف كان سيئاً والمنتج تعرّض لأضرار أثناء الشحن.,2024-10-11 04:26:45
324,100,2721,46,4,منتج جيد استلمته بسرعة ويعمل بشكل ممتاز.,2024-07-01 08:23:46
325,115,8276,29,3,متوسط ويؤدي وظيفته لكنه ليس بالجودة التي توقعتها.,2023-05-12 04:37:09
326,254,4216,149,4,منتج جيد جداً وبسعر مناسب والشحن كان في الموعد.,2024-01-28 23:36:21
327,399,6664,42,4,تجربة جيدة بشكل عام والمنتج يؤدي وظيفته على أكمل وجه.,2024-09-02 18:11:33
328,83,2244,1,4,منتج جيد جداً وبسعر مناسب والشحن كان في الموعد.,2024-12-06 16:36:52
329,264,4028,91,4,مطابق للوصف تقريباً والجودة جيدة وسأوصي به لأصدقائي.,2023-03-04 19:41:06
330,91,5592,33,5,أفضل منتج اشتريته منذ فترة طويلة وأنصح الجميع بتجربته.,2023-01-07 01:27:44
331,41,5026,32,5,ممتاز جداً ويستحق كل ريال. التغليف أنيق والجودة عالية.,2024-12-30 01:41:14
332,423,5112,105,5,تجربة شراء رائعة والمنتج وصل بحالة مثالية وبالمواصفات المطلوبة.,2024-12-19 10:46:20
333,208,62,98,2,خيّبت الآمال والمنتج لا يشبه الوصف ولا الصور المعروضة.,2024-06-27 17:22:38
334,466,910,158,5,ممتاز جداً ويستحق كل ريال. التغليف أنيق والجودة عالية.,2024-02-17 06:24:56
335,413,4829,96,5,أفضل منتج اشتريته منذ فترة طويلة وأنصح الجميع بتجربته.,2023-12-31 07:17:38
336,201,723,35,5,منتج رائع جداً فاق توقعاتي بكل المقاييس. أنصح به بشدة.,2023-08-04 03:20:03
337,338,901,88,5,جودة ممتازة والشحن كان سريعاً وسأشتري مجدداً بالتأكيد.,2024-07-10 03:28:46
338,302,4061,35,4,مطابق للوصف تقريباً والجودة جيدة وسأوصي به لأصدقائي.,2024-03-09 18:23:24
339,400,9387,1,5,ممتاز جداً ويستحق كل ريال. التغليف أنيق والجودة عالية.,2023-09-05 21:53:50
340,36,9082,27,5,منتج رائع جداً فاق توقعاتي بكل المقاييس. أنصح به بشدة.,2024-03-06 21:38:21
341,403,2613,76,3,المنتج مقبول لكن هناك بدائل أفضل بنفس السعر في السوق.,2024-03-06 10:10:58
342,89,5619,9,4,جودة عالية والسعر معقول فقط التغليف كان بسيطاً قليلاً.,2023-05-09 10:18:19
343,81,3349,92,4,منتج جيد جداً وبسعر مناسب والشحن كان في الموعد.,2024-07-24 12:19:06
344,308,6984,31,4,جودة عالية والسعر معقول فقط التغليف كان بسيطاً قليلاً.,2024-05-20 04:12:40
345,284,7647,6,5,أفضل منتج اشتريته منذ فترة طويلة وأنصح الجميع بتجربته.,2024-09-11 15:09:13
346,483,1033,151,4,منتج جيد جداً وبسعر مناسب والشحن كان في الموعد.,2024-10-29 02:26:50
347,288,3484,34,5,منتج رائع جداً فاق توقعاتي بكل المقاييس. أنصح به بشدة.,2023-12-12 10:52:05
348,297,8488,42,4,منتج جيد جداً وبسعر مناسب والشحن كان في الموعد.,2023-12-10 21:05:15
349,388,7099,4,3,المنتج مقبول لكن هناك بدائل أفضل بنفس السعر في السوق.,2023-09-15 13:32:05
350,376,5882,2,4,مطابق للوصف تقريباً والجودة جيدة وسأوصي به لأصدقائي.,2024-08-02 04:07:06
351,349,2621,80,2,لم يكن بالجودة المتوقعة وغير مطابق للصور بشكل واضح.,2023-06-01 02:31:41
352,442,9636,42,3,المنتج مقبول ولكن يحتاج بعض التحسينات في الجودة.,2024-08-04 23:05:19
353,226,6659,175,2,خيّبت الآمال والمنتج لا يشبه الوصف ولا الصور المعروضة.,2023-11-27 05:38:16
354,28,6320,49,2,التغليف كان سيئاً والمنتج تعرّض لأضرار أثناء الشحن.,2024-04-02 06:54:01
355,165,1381,26,5,تجربة شراء رائعة والمنتج وصل بحالة مثالية وبالمواصفات المطلوبة.,2023-04-23 20:33:48
356,44,7479,48,5,جودة ممتازة والشحن كان سريعاً وسأشتري مجدداً بالتأكيد.,2024-04-26 15:45:27
357,84,9957,189,5,تجربة شراء رائعة والمنتج وصل بحالة مثالية وبالمواصفات المطلوبة.,2023-05-07 04:37:57
358,332,6623,2,5,جودة ممتازة والشحن كان سريعاً وسأشتري مجدداً بالتأكيد.,2023-08-04 06:07:31
359,433,7332,197,5,منتج رائع جداً فاق توقعاتي بكل المقاييس. أنصح به بشدة.,2023-11-15 14:41:04
360,226,2625,122,5,ممتاز جداً ويستحق كل ريال. التغليف أنيق والجودة عالية.,2024-01-22 07:52:19
361,338,2407,73,4,منتج جيد استلمته بسرعة ويعمل بشكل ممتاز.,2024-01-20 10:36:58
362,353,2296,165,5,جودة ممتازة والشحن كان سريعاً وسأشتري مجدداً بالتأكيد.,2024-09-26 17:09:02
363,222,5630,28,2,المنتج لم يعمل بشكل صحيح من اليوم الأول وطلبت الإرجاع.,2024-06-16 23:59:32
364,406,8774,2,3,متوسط ويؤدي وظيفته لكنه ليس بالجودة التي توقعتها.,2023-09-03 06:23:10
365,278,7927,50,4,منتج جيد استلمته بسرعة ويعمل بشكل ممتاز.,2023-04-21 03:13:13
366,49,110,197,5,تجربة شراء رائعة والمنتج وصل بحالة مثالية وبالمواصفات المطلوبة.,2024-11-20 19:25:40
367,383,7150,48,5,تجربة شراء رائعة والمنتج وصل بحالة مثالية وبالمواصفات المطلوبة.,2024-03-08 10:08:09
368,341,2333,54,2,لم يكن بالجودة المتوقعة وغير مطابق للصور بشكل واضح.,2023-11-25 05:23:11
369,467,9677,89,4,جودة عالية والسعر معقول فقط التغليف كان بسيطاً قليلاً.,2024-03-09 09:44:04
370,445,5902,178,5,جودة ممتازة والشحن كان سريعاً وسأشتري مجدداً بالتأكيد.,2023-02-12 14:16:07
371,363,5228,9,5,جودة ممتازة والشحن كان سريعاً وسأشتري مجدداً بالتأكيد.,2023-03-11 04:58:16
372,186,8113,16,4,جودة عالية والسعر معقول فقط التغليف كان بسيطاً قليلاً.,2024-05-22 19:40:26
373,487,8611,46,5,منتج رائع جداً فاق توقعاتي بكل المقاييس. أنصح به بشدة.,2023-08-03 09:05:10
374,420,1564,46,5,أفضل منتج اشتريته منذ فترة طويلة وأنصح الجميع بتجربته.,2024-05-23 03:55:37
375,172,3750,154,5,جودة ممتازة والشحن كان سريعاً وسأشتري مجدداً بالتأكيد.,2024-12-08 13:53:13
376,397,8508,73,4,مطابق للوصف تقريباً والجودة جيدة وسأوصي به لأصدقائي.,2023-12-22 23:16:30
377,440,4512,9,5,جودة ممتازة والشحن كان سريعاً وسأشتري مجدداً بالتأكيد.,2023-04-24 07:12:08
378,359,3942,4,5,أفضل منتج اشتريته منذ فترة طويلة وأنصح الجميع بتجربته.,2024-12-17 23:42:14
379,156,4573,48,5,أفضل منتج اشتريته منذ فترة طويلة وأنصح الجميع بتجربته.,2024-06-01 06:07:37
380,38,7875,9,5,منتج رائع جداً فاق توقعاتي بكل المقاييس. أنصح به بشدة.,2023-09-10 15:36:11
381,330,2593,111,4,منتج جيد جداً وبسعر مناسب والشحن كان في الموعد.,2024-12-26 18:40:43
382,422,9949,39,5,منتج رائع جداً فاق توقعاتي بكل المقاييس. أنصح به بشدة.,2023-03-30 20:40:42
383,39,4883,48,5,ممتاز جداً ويستحق كل ريال. التغليف أنيق والجودة عالية.,2023-11-13 21:40:05
384,165,3368,46,5,تجربة شراء رائعة والمنتج وصل بحالة مثالية وبالمواصفات المطلوبة.,2023-08-16 12:26:24
385,16,6812,134,4,جودة عالية والسعر معقول فقط التغليف كان بسيطاً قليلاً.,2023-09-06 12:30:42
386,50,4466,138,2,لم يكن بالجودة المتوقعة وغير مطابق للصور بشكل واضح.,2024-07-28 21:29:59
387,495,9028,80,1,أسوأ تجربة شراء والمنتج مختلف تماماً عن الصور والوصف.,2023-02-22 13:56:52
388,369,860,14,5,أفضل منتج اشتريته منذ فترة طويلة وأنصح الجميع بتجربته.,2023-04-22 20:42:18
389,294,3217,150,5,جودة ممتازة والشحن كان سريعاً وسأشتري مجدداً بالتأكيد.,2024-08-18 09:51:41
390,210,1646,93,5,جودة ممتازة والشحن كان سريعاً وسأشتري مجدداً بالتأكيد.,2024-04-21 00:33:00
391,422,5528,6,1,لا يستحق حتى نجمة واحدة وجودة رديئة جداً مع سعر مرتفع.,2023-12-17 13:33:54
392,391,1322,39,5,منتج رائع جداً فاق توقعاتي بكل المقاييس. أنصح به بشدة.,2024-12-15 19:27:45
393,242,5764,54,1,تجربة مروعة ووصل المنتج مكسوراً ومختلفاً عن المواصفات.,2023-11-13 17:28:09
394,235,3148,7,5,ممتاز جداً ويستحق كل ريال. التغليف أنيق والجودة عالية.,2024-07-12 01:52:11
395,175,5615,9,5,تجربة شراء رائعة والمنتج وصل بحالة مثالية وبالمواصفات المطلوبة.,2023-06-09 16:56:41
396,299,4205,35,5,تجربة شراء رائعة والمنتج وصل بحالة مثالية وبالمواصفات المطلوبة.,2024-03-10 05:22:07
397,118,3532,26,4,تجربة جيدة بشكل عام والمنتج يؤدي وظيفته على أكمل وجه.,2024-12-18 15:29:43
398,420,4457,121,5,تجربة شراء رائعة والمنتج وصل بحالة مثالية وبالمواصفات المطلوبة.,2024-02-29 20:37:35
399,67,7680,172,3,المنتج مقبول ولكن يحتاج بعض التحسينات في الجودة.,2023-07-21 02:03:34
400,412,3757,124,4,مطابق للوصف تقريباً والجودة جيدة وسأوصي به لأصدقائي.,2023-02-19 13:25:49
401,159,2996,143,5,أفضل منتج اشتريته منذ فترة طويلة وأنصح الجميع بتجربته.,2023-02-28 04:23:06
402,193,9279,189,1,أسوأ تجربة شراء والمنتج مختلف تماماً عن الصور والوصف.,2024-06-14 15:19:32
403,266,1541,38,5,تجربة شراء رائعة والمنتج وصل بحالة مثالية وبالمواصفات المطلوبة.,2024-04-03 20:00:37
404,263,1900,105,5,جودة ممتازة والشحن كان سريعاً وسأشتري مجدداً بالتأكيد.,2023-03-13 05:09:49
405,128,3716,54,4,تجربة جيدة بشكل عام والمنتج يؤدي وظيفته على أكمل وجه.,2024-02-17 16:54:11
406,387,7486,155,4,تجربة جيدة بشكل عام والمنتج يؤدي وظيفته على أكمل وجه.,2024-08-19 11:19:12
407,465,8458,13,4,منتج جيد استلمته بسرعة ويعمل بشكل ممتاز.,2024-09-29 03:46:04
408,386,8726,42,1,لا يستحق حتى نجمة واحدة وجودة رديئة جداً مع سعر مرتفع.,2023-10-20 15:46:23
409,444,1684,7,4,تجربة جيدة بشكل عام والمنتج يؤدي وظيفته على أكمل وجه.,2023-09-27 06:55:33
410,245,394,3,5,ممتاز جداً ويستحق كل ريال. التغليف أنيق والجودة عالية.,2023-06-08 15:34:27
411,126,4066,122,4,منتج جيد جداً وبسعر مناسب والشحن كان في الموعد.,2024-12-20 22:56:05
412,393,8006,181,5,أفضل منتج اشتريته منذ فترة طويلة وأنصح الجميع بتجربته.,2023-05-12 11:20:12
413,198,9912,6,5,تجربة شراء رائعة والمنتج وصل بحالة مثالية وبالمواصفات المطلوبة.,2023-08-21 12:36:34
414,156,2115,170,2,لم يكن بالجودة المتوقعة وغير مطابق للصور بشكل واضح.,2023-12-27 01:49:49
415,267,3873,34,5,تجربة شراء رائعة والمنتج وصل بحالة مثالية وبالمواصفات المطلوبة.,2023-05-28 18:34:31
416,156,448,3,3,التوصيل كان متأخراً وتغليف المنتج جاء مجعّداً قليلاً.,2024-09-13 17:34:12
417,144,3867,121,3,المنتج مقبول لكن هناك بدائل أفضل بنفس السعر في السوق.,2023-06-16 09:22:52
418,175,6577,28,1,المنتج لا يعمل من الأساس وتواصلت مع الدعم ولم يتجاوبوا.,2024-01-29 09:42:58
419,123,4636,28,5,أفضل منتج اشتريته منذ فترة طويلة وأنصح الجميع بتجربته.,2023-03-22 08:41:26
420,187,1941,3,4,جودة عالية والسعر معقول فقط التغليف كان بسيطاً قليلاً.,2024-07-23 06:45:02
421,248,7343,3,5,جودة ممتازة والشحن كان سريعاً وسأشتري مجدداً بالتأكيد.,2023-06-16 21:29:41
422,291,6424,1,4,مطابق للوصف تقريباً والجودة جيدة وسأوصي به لأصدقائي.,2024-03-22 22:03:20
423,219,7404,51,3,متوسط ويؤدي وظيفته لكنه ليس بالجودة التي توقعتها.,2023-02-15 04:56:48
424,416,2248,200,5,ممتاز جداً ويستحق كل ريال. التغليف أنيق والجودة عالية.,2024-10-17 23:36:20
425,9,4128,46,3,التوصيل كان متأخراً وتغليف المنتج جاء مجعّداً قليلاً.,2024-07-13 21:01:48
426,149,4392,35,5,تجربة شراء رائعة والمنتج وصل بحالة مثالية وبالمواصفات المطلوبة.,2023-12-20 04:56:55
427,108,6809,64,5,أفضل منتج اشتريته منذ فترة طويلة وأنصح الجميع بتجربته.,2023-10-11 02:59:05
428,253,3047,48,4,منتج جيد استلمته بسرعة ويعمل بشكل ممتاز.,2024-07-05 00:01:11
429,399,2299,42,5,ممتاز جداً ويستحق كل ريال. التغليف أنيق والجودة عالية.,2023-07-16 04:17:18
430,110,3930,157,4,مطابق للوصف تقريباً والجودة جيدة وسأوصي به لأصدقائي.,2024-09-13 08:06:23
431,231,9592,109,5,جودة ممتازة والشحن كان سريعاً وسأشتري مجدداً بالتأكيد.,2024-08-11 02:40:23
432,497,9774,89,4,مطابق للوصف تقريباً والجودة جيدة وسأوصي به لأصدقائي.,2024-05-20 05:41:17
433,490,5560,1,4,منتج جيد جداً وبسعر مناسب والشحن كان في الموعد.,2024-08-31 23:03:57
434,424,7850,2,5,ممتاز جداً ويستحق كل ريال. التغليف أنيق والجودة عالية.,2024-09-22 18:40:42
435,210,2375,61,5,منتج رائع جداً فاق توقعاتي بكل المقاييس. أنصح به بشدة.,2023-09-20 06:04:32
436,84,500,181,5,تجربة شراء رائعة والمنتج وصل بحالة مثالية وبالمواصفات المطلوبة.,2023-06-05 04:19:57
437,399,6333,130,5,تجربة شراء رائعة والمنتج وصل بحالة مثالية وبالمواصفات المطلوبة.,2024-04-06 04:46:38
438,405,6157,51,4,تجربة جيدة بشكل عام والمنتج يؤدي وظيفته على أكمل وجه.,2023-07-14 17:23:23
439,457,3267,6,5,ممتاز جداً ويستحق كل ريال. التغليف أنيق والجودة عالية.,2023-11-28 15:17:57
440,308,683,35,4,مطابق للوصف تقريباً والجودة جيدة وسأوصي به لأصدقائي.,2023-10-29 15:20:06
441,336,9411,39,4,جودة عالية والسعر معقول فقط التغليف كان بسيطاً قليلاً.,2023-03-22 16:22:06
442,276,9418,156,5,ممتاز جداً ويستحق كل ريال. التغليف أنيق والجودة عالية.,2024-05-27 16:05:24
443,209,4995,109,5,ممتاز جداً ويستحق كل ريال. التغليف أنيق والجودة عالية.,2023-11-10 18:52:33
444,187,6870,41,5,منتج رائع جداً فاق توقعاتي بكل المقاييس. أنصح به بشدة.,2024-02-16 02:53:09
445,444,6094,20,5,ممتاز جداً ويستحق كل ريال. التغليف أنيق والجودة عالية.,2024-08-22 02:54:20
446,59,6282,54,5,أفضل منتج اشتريته منذ فترة طويلة وأنصح الجميع بتجربته.,2023-11-27 15:46:44
447,163,3452,1,4,منتج جيد جداً وبسعر مناسب والشحن كان في الموعد.,2024-08-22 04:53:11
448,484,9320,32,5,منتج رائع جداً فاق توقعاتي بكل المقاييس. أنصح به بشدة.,2023-10-13 21:30:27
449,260,3943,4,4,منتج جيد جداً وبسعر مناسب والشحن كان في الموعد.,2024-12-08 11:58:29
450,37,5122,32,5,جودة ممتازة والشحن كان سريعاً وسأشتري مجدداً بالتأكيد.,2024-11-21 07:26:10
451,10,9604,51,5,منتج رائع جداً فاق توقعاتي بكل المقاييس. أنصح به بشدة.,2024-04-01 06:40:31
452,149,1120,173,1,منتج سيء جداً لا أنصح به أبداً. أطلبوا استرداد أموالكم.,2024-05-28 06:36:08
453,484,2510,1,1,لا يستحق حتى نجمة واحدة وجودة رديئة جداً مع سعر مرتفع.,2023-02-24 17:32:36
454,465,2677,85,4,مطابق للوصف تقريباً والجودة جيدة وسأوصي به لأصدقائي.,2023-11-05 10:59:39
455,176,4910,102,5,أفضل منتج اشتريته منذ فترة طويلة وأنصح الجميع بتجربته.,2023-06-30 23:30:35
456,404,1558,93,5,أفضل منتج اشتريته منذ فترة طويلة وأنصح الجميع بتجربته.,2023-04-01 15:19:31
457,203,5241,51,5,ممتاز جداً ويستحق كل ريال. التغليف أنيق والجودة عالية.,2023-12-08 11:34:12
458,150,8394,4,5,منتج رائع جداً فاق توقعاتي بكل المقاييس. أنصح به بشدة.,2024-10-29 08:28:41
459,23,3621,46,3,المنتج مقبول ولكن يحتاج بعض التحسينات في الجودة.,2023-07-22 03:31:20
460,436,607,2,3,التوصيل كان متأخراً وتغليف المنتج جاء مجعّداً قليلاً.,2023-05-04 03:10:46
461,93,6077,198,5,جودة ممتازة والشحن كان سريعاً وسأشتري مجدداً بالتأكيد.,2024-02-14 16:35:49
462,264,256,37,4,جودة عالية والسعر معقول فقط التغليف كان بسيطاً قليلاً.,2024-09-18 04:32:02
463,488,5556,80,4,تجربة جيدة بشكل عام والمنتج يؤدي وظيفته على أكمل وجه.,2024-04-29 17:54:35
464,229,5229,32,5,أفضل منتج اشتريته منذ فترة طويلة وأنصح الجميع بتجربته.,2023-10-11 16:44:21
465,82,7983,33,5,أفضل منتج اشتريته منذ فترة طويلة وأنصح الجميع بتجربته.,2024-09-10 15:06:05
466,226,2625,34,4,منتج جيد استلمته بسرعة ويعمل بشكل ممتاز.,2024-01-21 05:52:19
467,230,741,140,4,منتج جيد جداً وبسعر مناسب والشحن كان في الموعد.,2024-06-11 07:06:30
468,375,4131,42,2,المنتج لم يعمل بشكل صحيح من اليوم الأول وطلبت الإرجاع.,2023-05-19 20:47:23
469,259,9603,52,2,لم يكن بالجودة المتوقعة وغير مطابق للصور بشكل واضح.,2024-02-03 04:34:30
470,357,3471,3,5,تجربة شراء رائعة والمنتج وصل بحالة مثالية وبالمواصفات المطلوبة.,2024-05-15 11:12:49
471,28,6452,51,2,خيّبت الآمال والمنتج لا يشبه الوصف ولا الصور المعروضة.,2023-05-29 22:17:36
472,2,5870,3,4,مطابق للوصف تقريباً والجودة جيدة وسأوصي به لأصدقائي.,2024-08-03 11:28:12
473,265,8865,34,3,جيد للاستخدام البسيط لكن السعر مرتفع نسبياً لهذه الجودة.,2024-03-23 05:56:28
474,289,8126,25,5,أفضل منتج اشتريته منذ فترة طويلة وأنصح الجميع بتجربته.,2023-04-05 17:55:58
475,272,6895,164,5,منتج رائع جداً فاق توقعاتي بكل المقاييس. أنصح به بشدة.,2024-02-08 14:51:25
476,5,5539,31,2,المنتج لم يعمل بشكل صحيح من اليوم الأول وطلبت الإرجاع.,2024-08-26 06:27:40
477,457,2810,30,4,منتج جيد استلمته بسرعة ويعمل بشكل ممتاز.,2024-12-26 01:48:05
478,266,1541,33,4,منتج جيد استلمته بسرعة ويعمل بشكل ممتاز.,2024-03-30 16:00:37
479,208,943,97,2,جودة ضعيفة للأسف ولن أشتري من هذا البائع مرة أخرى.,2024-02-05 13:00:25
480,49,4509,135,5,منتج رائع جداً فاق توقعاتي بكل المقاييس. أنصح به بشدة.,2023-02-15 16:17:06
481,142,7563,75,4,مطابق للوصف تقريباً والجودة جيدة وسأوصي به لأصدقائي.,2024-12-21 02:28:53
482,350,8519,146,4,منتج جيد استلمته بسرعة ويعمل بشكل ممتاز.,2023-11-13 05:58:06
483,196,6149,48,4,مطابق للوصف تقريباً والجودة جيدة وسأوصي به لأصدقائي.,2024-02-13 14:41:28
484,78,7658,4,5,أفضل منتج اشتريته منذ فترة طويلة وأنصح الجميع بتجربته.,2023-10-31 15:49:35
485,181,4327,49,5,تجربة شراء رائعة والمنتج وصل بحالة مثالية وبالمواصفات المطلوبة.,2023-03-07 00:46:09
486,95,2042,50,5,أفضل منتج اشتريته منذ فترة طويلة وأنصح الجميع بتجربته.,2023-03-19 10:57:46
487,191,3489,10,3,متوسط ويؤدي وظيفته لكنه ليس بالجودة التي توقعتها.,2024-10-07 13:27:59
488,446,100,39,4,منتج جيد جداً وبسعر مناسب والشحن كان في الموعد.,2023-11-16 20:19:41
489,336,5555,3,4,تجربة جيدة بشكل عام والمنتج يؤدي وظيفته على أكمل وجه.,2024-10-05 14:51:04
490,47,6925,181,5,منتج رائع جداً فاق توقعاتي بكل المقاييس. أنصح به بشدة.,2024-04-18 15:07:34
491,136,2628,42,5,منتج رائع جداً فاق توقعاتي بكل المقاييس. أنصح به بشدة.,2024-05-29 14:19:05
492,301,6250,84,3,المنتج مقبول لكن هناك بدائل أفضل بنفس السعر في السوق.,2025-01-06 03:45:17
493,69,5878,92,5,جودة ممتازة والشحن كان سريعاً وسأشتري مجدداً بالتأكيد.,2024-05-03 02:32:08
494,383,3904,31,5,ممتاز جداً ويستحق كل ريال. التغليف أنيق والجودة عالية.,2023-07-25 03:48:53
495,405,6930,39,3,التوصيل كان متأخراً وتغليف المنتج جاء مجعّداً قليلاً.,2023-03-12 13:46:06
496,441,834,51,4,منتج جيد جداً وبسعر مناسب والشحن كان في الموعد.,2024-08-26 13:38:39
497,212,9089,91,5,ممتاز جداً ويستحق كل ريال. التغليف أنيق والجودة عالية.,2024-03-16 05:12:37
498,261,9599,192,5,ممتاز جداً ويستحق كل ريال. التغليف أنيق والجودة عالية.,2024-01-01 07:28:34
499,256,5316,25,3,التوصيل كان متأخراً وتغليف المنتج جاء مجعّداً قليلاً.,2024-06-23 14:06:32
500,474,2727,8,5,جودة ممتازة والشحن كان سريعاً وسأشتري مجدداً بالتأكيد.,2024-07-05 20:51:37
501,337,28,37,4,مطابق للوصف تقريباً والجودة جيدة وسأوصي به لأصدقائي.,2023-08-03 11:54:19
502,17,2385,46,4,جودة عالية والسعر معقول فقط التغليف كان بسيطاً قليلاً.,2024-07-06 07:49:19
503,179,4642,6,5,منتج رائع جداً فاق توقعاتي بكل المقاييس. أنصح به بشدة.,2023-02-18 21:49:59
504,290,5806,25,5,منتج رائع جداً فاق توقعاتي بكل المقاييس. أنصح به بشدة.,2023-03-20 20:07:20
505,148,2465,42,4,جودة عالية والسعر معقول فقط التغليف كان بسيطاً قليلاً.,2024-11-17 21:37:41
506,257,5697,53,4,جودة عالية والسعر معقول فقط التغليف كان بسيطاً قليلاً.,2023-07-25 21:24:59
507,102,2185,4,5,أفضل منتج اشتريته منذ فترة طويلة وأنصح الجميع بتجربته.,2023-01-12 20:28:14
508,58,3632,27,5,تجربة شراء رائعة والمنتج وصل بحالة مثالية وبالمواصفات المطلوبة.,2023-09-23 22:20:19
509,334,1262,167,3,متوسط ويؤدي وظيفته لكنه ليس بالجودة التي توقعتها.,2024-10-01 00:48:59
510,195,3200,179,5,أفضل منتج اشتريته منذ فترة طويلة وأنصح الجميع بتجربته.,2024-08-01 03:23:02
511,326,5726,25,5,تجربة شراء رائعة والمنتج وصل بحالة مثالية وبالمواصفات المطلوبة.,2024-03-25 17:17:48
512,483,4112,71,5,أفضل منتج اشتريته منذ فترة طويلة وأنصح الجميع بتجربته.,2023-01-16 13:05:32
513,67,8903,37,3,التوصيل كان متأخراً وتغليف المنتج جاء مجعّداً قليلاً.,2023-11-24 17:00:45
514,399,2137,193,5,جودة ممتازة والشحن كان سريعاً وسأشتري مجدداً بالتأكيد.,2024-03-06 06:04:55
515,186,8471,51,5,ممتاز جداً ويستحق كل ريال. التغليف أنيق والجودة عالية.,2024-08-29 22:18:07
516,366,5504,95,5,تجربة شراء رائعة والمنتج وصل بحالة مثالية وبالمواصفات المطلوبة.,2024-10-23 18:19:47
517,83,446,101,5,ممتاز جداً ويستحق كل ريال. التغليف أنيق والجودة عالية.,2024-04-23 00:53:46
518,134,521,50,4,تجربة جيدة بشكل عام والمنتج يؤدي وظيفته على أكمل وجه.,2023-11-03 09:25:07
519,208,5835,42,4,منتج جيد جداً وبسعر مناسب والشحن كان في الموعد.,2024-01-19 06:30:57
520,41,9563,2,3,متوسط ويؤدي وظيفته لكنه ليس بالجودة التي توقعتها.,2023-02-19 14:02:57
521,458,4030,10,2,التغليف كان سيئاً والمنتج تعرّض لأضرار أثناء الشحن.,2024-12-05 14:55:10
522,275,3101,26,5,منتج رائع جداً فاق توقعاتي بكل المقاييس. أنصح به بشدة.,2024-12-27 17:55:25
523,493,8581,5,5,تجربة شراء رائعة والمنتج وصل بحالة مثالية وبالمواصفات المطلوبة.,2024-09-28 19:00:04
524,53,7786,56,4,منتج جيد جداً وبسعر مناسب والشحن كان في الموعد.,2024-05-14 09:52:16
525,399,9236,39,5,أفضل منتج اشتريته منذ فترة طويلة وأنصح الجميع بتجربته.,2023-05-09 11:33:54
526,55,1105,27,5,تجربة شراء رائعة والمنتج وصل بحالة مثالية وبالمواصفات المطلوبة.,2024-05-03 15:22:03
527,71,589,197,3,المنتج مقبول لكن هناك بدائل أفضل بنفس السعر في السوق.,2023-03-25 12:42:04
528,482,4336,75,4,مطابق للوصف تقريباً والجودة جيدة وسأوصي به لأصدقائي.,2024-08-30 09:11:45
529,145,9889,170,4,تجربة جيدة بشكل عام والمنتج يؤدي وظيفته على أكمل وجه.,2024-12-26 13:50:12
530,80,3455,39,5,أفضل منتج اشتريته منذ فترة طويلة وأنصح الجميع بتجربته.,2023-12-08 05:36:56
531,453,3126,51,3,متوسط ويؤدي وظيفته لكنه ليس بالجودة التي توقعتها.,2024-06-30 02:03:08
532,26,7124,31,5,تجربة شراء رائعة والمنتج وصل بحالة مثالية وبالمواصفات المطلوبة.,2024-10-25 06:02:09
533,108,7069,48,4,منتج جيد جداً وبسعر مناسب والشحن كان في الموعد.,2024-03-25 11:55:04
534,264,1597,35,2,المنتج لم يعمل بشكل صحيح من اليوم الأول وطلبت الإرجاع.,2024-06-19 17:30:19
535,340,9518,42,5,تجربة شراء رائعة والمنتج وصل بحالة مثالية وبالمواصفات المطلوبة.,2024-06-03 17:53:49
536,411,208,46,4,تجربة جيدة بشكل عام والمنتج يؤدي وظيفته على أكمل وجه.,2024-06-05 04:24:30
537,405,7816,87,5,منتج رائع جداً فاق توقعاتي بكل المقاييس. أنصح به بشدة.,2023-03-11 20:07:52
538,299,1689,48,4,تجربة جيدة بشكل عام والمنتج يؤدي وظيفته على أكمل وجه.,2024-11-25 18:57:52
539,326,5525,28,4,منتج جيد جداً وبسعر مناسب والشحن كان في الموعد.,2024-07-26 09:21:34
540,295,1031,125,4,منتج جيد جداً وبسعر مناسب والشحن كان في الموعد.,2023-03-02 19:49:56
541,420,1564,99,4,جودة عالية والسعر معقول فقط التغليف كان بسيطاً قليلاً.,2024-05-26 01:55:37
542,476,7576,47,5,جودة ممتازة والشحن كان سريعاً وسأشتري مجدداً بالتأكيد.,2023-03-27 02:28:09
543,306,2831,47,2,التغليف كان سيئاً والمنتج تعرّض لأضرار أثناء الشحن.,2023-05-14 08:18:12
544,417,3077,4,3,متوسط ويؤدي وظيفته لكنه ليس بالجودة التي توقعتها.,2024-06-18 04:51:12
545,189,5072,195,5,أفضل منتج اشتريته منذ فترة طويلة وأنصح الجميع بتجربته.,2023-11-14 03:08:46
546,203,8220,50,4,منتج جيد جداً وبسعر مناسب والشحن كان في الموعد.,2023-04-23 19:25:52
547,275,8170,3,3,جيد للاستخدام البسيط لكن السعر مرتفع نسبياً لهذه الجودة.,2024-10-15 08:51:44
548,376,2655,142,5,تجربة شراء رائعة والمنتج وصل بحالة مثالية وبالمواصفات المطلوبة.,2024-11-19 16:00:30
549,176,9534,4,2,لم يكن بالجودة المتوقعة وغير مطابق للصور بشكل واضح.,2024-07-16 09:21:50
550,313,7274,36,5,أفضل منتج اشتريته منذ فترة طويلة وأنصح الجميع بتجربته.,2024-03-11 07:31:23
551,60,8900,9,4,منتج جيد استلمته بسرعة ويعمل بشكل ممتاز.,2024-06-07 16:33:44
552,29,2679,120,2,جودة ضعيفة للأسف ولن أشتري من هذا البائع مرة أخرى.,2023-09-27 23:33:07
553,104,3686,142,3,المنتج مقبول ولكن يحتاج بعض التحسينات في الجودة.,2023-11-27 16:19:54
554,399,8940,126,4,منتج جيد جداً وبسعر مناسب والشحن كان في الموعد.,2023-09-12 13:10:39
555,119,5087,164,4,تجربة جيدة بشكل عام والمنتج يؤدي وظيفته على أكمل وجه.,2023-10-05 07:47:26
556,255,8569,32,4,منتج جيد استلمته بسرعة ويعمل بشكل ممتاز.,2024-03-26 07:53:44
557,233,9910,53,4,جودة عالية والسعر معقول فقط التغليف كان بسيطاً قليلاً.,2023-11-16 20:20:41
558,301,2460,88,4,منتج جيد استلمته بسرعة ويعمل بشكل ممتاز.,2023-08-28 16:26:14
559,458,8646,42,5,تجربة شراء رائعة والمنتج وصل بحالة مثالية وبالمواصفات المطلوبة.,2023-11-19 11:04:12
560,36,6679,7,5,تجربة شراء رائعة والمنتج وصل بحالة مثالية وبالمواصفات المطلوبة.,2024-07-13 07:09:49
561,198,9912,2,5,جودة ممتازة والشحن كان سريعاً وسأشتري مجدداً بالتأكيد.,2023-08-21 05:36:34
562,137,4401,160,4,تجربة جيدة بشكل عام والمنتج يؤدي وظيفته على أكمل وجه.,2023-08-19 13:54:04
563,228,7038,15,5,تجربة شراء رائعة والمنتج وصل بحالة مثالية وبالمواصفات المطلوبة.,2024-02-22 10:07:38
564,457,991,57,5,ممتاز جداً ويستحق كل ريال. التغليف أنيق والجودة عالية.,2024-02-09 08:21:50
565,42,3759,48,5,جودة ممتازة والشحن كان سريعاً وسأشتري مجدداً بالتأكيد.,2024-05-13 23:47:54
566,453,6910,37,5,تجربة شراء رائعة والمنتج وصل بحالة مثالية وبالمواصفات المطلوبة.,2023-06-13 16:38:09
567,169,2610,134,1,منتج سيء جداً لا أنصح به أبداً. أطلبوا استرداد أموالكم.,2023-12-10 14:49:23
568,264,7722,54,5,أفضل منتج اشتريته منذ فترة طويلة وأنصح الجميع بتجربته.,2023-09-02 19:19:51
569,498,8280,99,5,تجربة شراء رائعة والمنتج وصل بحالة مثالية وبالمواصفات المطلوبة.,2024-02-06 09:53:55
570,126,7898,110,4,منتج جيد استلمته بسرعة ويعمل بشكل ممتاز.,2023-10-04 23:13:48
571,484,7785,172,3,المنتج مقبول ولكن يحتاج بعض التحسينات في الجودة.,2023-03-14 16:47:13
572,298,8207,114,5,منتج رائع جداً فاق توقعاتي بكل المقاييس. أنصح به بشدة.,2025-01-07 07:32:43
573,186,9845,48,5,تجربة شراء رائعة والمنتج وصل بحالة مثالية وبالمواصفات المطلوبة.,2024-01-02 13:26:32
574,270,5580,37,1,المنتج لا يعمل من الأساس وتواصلت مع الدعم ولم يتجاوبوا.,2024-07-07 22:00:51
575,78,7805,194,4,منتج جيد جداً وبسعر مناسب والشحن كان في الموعد.,2023-07-11 16:13:19
576,494,1963,42,3,جيد للاستخدام البسيط لكن السعر مرتفع نسبياً لهذه الجودة.,2024-06-21 16:23:05
577,15,4175,6,5,ممتاز جداً ويستحق كل ريال. التغليف أنيق والجودة عالية.,2024-05-10 11:43:49
578,149,9276,2,5,تجربة شراء رائعة والمنتج وصل بحالة مثالية وبالمواصفات المطلوبة.,2023-02-23 10:58:14
579,202,6943,4,5,منتج رائع جداً فاق توقعاتي بكل المقاييس. أنصح به بشدة.,2024-02-17 06:41:15
580,319,7665,160,5,أفضل منتج اشتريته منذ فترة طويلة وأنصح الجميع بتجربته.,2024-12-19 15:25:39
581,361,9334,9,5,تجربة شراء رائعة والمنتج وصل بحالة مثالية وبالمواصفات المطلوبة.,2024-04-15 12:00:08
582,374,8790,9,4,تجربة جيدة بشكل عام والمنتج يؤدي وظيفته على أكمل وجه.,2024-07-01 13:23:14
583,246,4835,38,1,أسوأ تجربة شراء والمنتج مختلف تماماً عن الصور والوصف.,2024-09-20 14:30:30
584,137,1010,14,5,ممتاز جداً ويستحق كل ريال. التغليف أنيق والجودة عالية.,2024-09-01 13:23:42
585,295,7924,54,4,منتج جيد جداً وبسعر مناسب والشحن كان في الموعد.,2024-08-17 14:30:09
586,145,1479,90,5,تجربة شراء رائعة والمنتج وصل بحالة مثالية وبالمواصفات المطلوبة.,2024-05-19 15:03:25
587,164,3028,55,5,ممتاز جداً ويستحق كل ريال. التغليف أنيق والجودة عالية.,2023-12-27 23:00:18
588,372,1656,50,2,التغليف كان سيئاً والمنتج تعرّض لأضرار أثناء الشحن.,2023-05-27 10:58:31
589,442,2108,42,5,ممتاز جداً ويستحق كل ريال. التغليف أنيق والجودة عالية.,2024-12-08 19:19:21
590,56,5049,172,4,منتج جيد استلمته بسرعة ويعمل بشكل ممتاز.,2024-01-09 04:37:06
591,393,7854,3,3,متوسط ويؤدي وظيفته لكنه ليس بالجودة التي توقعتها.,2023-04-03 04:11:36
592,176,7204,10,2,خيّبت الآمال والمنتج لا يشبه الوصف ولا الصور المعروضة.,2023-12-22 19:35:28
593,382,2306,97,5,جودة ممتازة والشحن كان سريعاً وسأشتري مجدداً بالتأكيد.,2023-10-10 00:59:58
594,176,6418,157,5,ممتاز جداً ويستحق كل ريال. التغليف أنيق والجودة عالية.,2023-08-16 04:48:04
595,150,8394,3,3,المنتج مقبول لكن هناك بدائل أفضل بنفس السعر في السوق.,2024-10-19 08:28:41
596,114,1859,46,4,منتج جيد جداً وبسعر مناسب والشحن كان في الموعد.,2024-06-05 09:25:05
597,345,9777,2,3,المنتج مقبول لكن هناك بدائل أفضل بنفس السعر في السوق.,2024-11-06 23:11:31
598,297,7571,42,5,جودة ممتازة والشحن كان سريعاً وسأشتري مجدداً بالتأكيد.,2023-04-22 13:39:21
599,90,4350,47,2,خيّبت الآمال والمنتج لا يشبه الوصف ولا الصور المعروضة.,2024-09-24 14:14:53
600,57,6718,164,5,جودة ممتازة والشحن كان سريعاً وسأشتري مجدداً بالتأكيد.,2023-12-21 22:02:37
601,329,7823,19,5,جودة ممتازة والشحن كان سريعاً وسأشتري مجدداً بالتأكيد.,2024-11-06 08:08:16
602,378,8315,25,4,منتج جيد جداً وبسعر مناسب والشحن كان في الموعد.,2023-04-02 01:28:14
603,119,8301,134,5,تجربة شراء رائعة والمنتج وصل بحالة مثالية وبالمواصفات المطلوبة.,2024-04-08 03:18:36
604,392,6735,4,5,أفضل منتج اشتريته منذ فترة طويلة وأنصح الجميع بتجربته.,2024-01-27 18:30:20
605,375,2627,54,2,التغليف كان سيئاً والمنتج تعرّض لأضرار أثناء الشحن.,2023-03-07 14:28:42
606,290,2523,39,3,جيد للاستخدام البسيط لكن السعر مرتفع نسبياً لهذه الجودة.,2024-02-22 16:34:33
607,198,1119,120,4,منتج جيد استلمته بسرعة ويعمل بشكل ممتاز.,2024-05-05 11:36:11
608,400,2506,96,4,مطابق للوصف تقريباً والجودة جيدة وسأوصي به لأصدقائي.,2023-07-04 10:10:43
609,287,946,48,4,تجربة جيدة بشكل عام والمنتج يؤدي وظيفته على أكمل وجه.,2024-02-02 17:27:19
610,468,1453,15,4,منتج جيد استلمته بسرعة ويعمل بشكل ممتاز.,2023-05-30 05:05:50
611,73,8593,121,3,المنتج مقبول ولكن يحتاج بعض التحسينات في الجودة.,2023-09-16 21:43:32
612,231,3955,2,5,أفضل منتج اشتريته منذ فترة طويلة وأنصح الجميع بتجربته.,2023-02-13 22:44:33
613,148,7161,129,2,المنتج لم يعمل بشكل صحيح من اليوم الأول وطلبت الإرجاع.,2023-12-16 12:56:44
614,116,7527,65,3,المنتج مقبول ولكن يحتاج بعض التحسينات في الجودة.,2024-01-05 06:13:48
615,26,3428,6,5,جودة ممتازة والشحن كان سريعاً وسأشتري مجدداً بالتأكيد.,2024-01-03 12:37:22
616,276,1680,178,5,منتج رائع جداً فاق توقعاتي بكل المقاييس. أنصح به بشدة.,2023-01-31 16:39:49
617,367,430,41,4,منتج جيد استلمته بسرعة ويعمل بشكل ممتاز.,2024-12-19 14:09:31
618,6,1768,29,5,منتج رائع جداً فاق توقعاتي بكل المقاييس. أنصح به بشدة.,2023-08-01 02:06:24
619,325,4352,76,4,منتج جيد جداً وبسعر مناسب والشحن كان في الموعد.,2024-09-27 18:12:53
620,426,3592,135,5,منتج رائع جداً فاق توقعاتي بكل المقاييس. أنصح به بشدة.,2024-10-15 06:35:08
621,151,2231,51,4,منتج جيد جداً وبسعر مناسب والشحن كان في الموعد.,2023-02-27 17:09:38
622,399,6941,39,4,تجربة جيدة بشكل عام والمنتج يؤدي وظيفته على أكمل وجه.,2024-10-04 00:46:01
623,451,6299,85,4,مطابق للوصف تقريباً والجودة جيدة وسأوصي به لأصدقائي.,2023-12-14 10:17:33
624,482,2719,50,4,منتج جيد جداً وبسعر مناسب والشحن كان في الموعد.,2023-03-13 16:38:05
625,177,3260,4,4,منتج جيد استلمته بسرعة ويعمل بشكل ممتاز.,2023-10-28 03:57:25
626,429,1661,48,2,المنتج لم يعمل بشكل صحيح من اليوم الأول وطلبت الإرجاع.,2023-01-27 01:45:46
627,220,494,48,4,منتج جيد استلمته بسرعة ويعمل بشكل ممتاز.,2024-01-14 09:31:49
628,48,2594,41,5,ممتاز جداً ويستحق كل ريال. التغليف أنيق والجودة عالية.,2023-08-26 04:32:11
629,146,7687,51,4,منتج جيد جداً وبسعر مناسب والشحن كان في الموعد.,2023-12-02 15:14:58
630,454,9523,43,5,تجربة شراء رائعة والمنتج وصل بحالة مثالية وبالمواصفات المطلوبة.,2024-04-15 12:56:34
631,391,7781,37,3,المنتج مقبول ولكن يحتاج بعض التحسينات في الجودة.,2024-04-26 15:56:14
632,331,9246,35,5,أفضل منتج اشتريته منذ فترة طويلة وأنصح الجميع بتجربته.,2023-05-31 20:26:41
633,24,7424,42,5,منتج رائع جداً فاق توقعاتي بكل المقاييس. أنصح به بشدة.,2023-06-16 05:41:30
634,243,1388,26,5,جودة ممتازة والشحن كان سريعاً وسأشتري مجدداً بالتأكيد.,2024-07-22 16:24:35
635,295,2968,47,5,أفضل منتج اشتريته منذ فترة طويلة وأنصح الجميع بتجربته.,2024-09-01 09:50:46
636,406,1265,1,5,أفضل منتج اشتريته منذ فترة طويلة وأنصح الجميع بتجربته.,2023-03-29 03:12:21
637,441,8898,28,5,جودة ممتازة والشحن كان سريعاً وسأشتري مجدداً بالتأكيد.,2023-03-26 07:22:56
638,304,1616,122,4,منتج جيد استلمته بسرعة ويعمل بشكل ممتاز.,2024-01-31 20:25:03
639,325,8493,51,4,مطابق للوصف تقريباً والجودة جيدة وسأوصي به لأصدقائي.,2023-09-20 11:27:03
640,431,1703,76,3,متوسط ويؤدي وظيفته لكنه ليس بالجودة التي توقعتها.,2023-06-27 12:40:53
641,154,8713,12,5,جودة ممتازة والشحن كان سريعاً وسأشتري مجدداً بالتأكيد.,2024-01-17 06:06:46
642,391,4983,29,4,منتج جيد استلمته بسرعة ويعمل بشكل ممتاز.,2023-09-05 11:15:59
643,32,1843,41,3,المنتج مقبول لكن هناك بدائل أفضل بنفس السعر في السوق.,2023-11-15 04:04:33
644,199,6297,48,4,جودة عالية والسعر معقول فقط التغليف كان بسيطاً قليلاً.,2023-10-11 18:18:07
645,186,1580,136,5,ممتاز جداً ويستحق كل ريال. التغليف أنيق والجودة عالية.,2023-11-20 04:45:51
646,119,1406,46,4,منتج جيد جداً وبسعر مناسب والشحن كان في الموعد.,2025-01-04 05:58:51
647,2,392,3,4,منتج جيد استلمته بسرعة ويعمل بشكل ممتاز.,2023-03-08 11:01:12
648,201,2073,32,3,المنتج مقبول ولكن يحتاج بعض التحسينات في الجودة.,2024-07-02 07:02:58
649,258,7758,38,5,أفضل منتج اشتريته منذ فترة طويلة وأنصح الجميع بتجربته.,2023-09-01 01:03:34
650,432,7554,42,5,تجربة شراء رائعة والمنتج وصل بحالة مثالية وبالمواصفات المطلوبة.,2024-12-17 00:49:52
651,305,1308,28,4,مطابق للوصف تقريباً والجودة جيدة وسأوصي به لأصدقائي.,2024-08-15 18:52:07
652,408,2183,31,1,تجربة مروعة ووصل المنتج مكسوراً ومختلفاً عن المواصفات.,2023-12-30 19:00:32
653,266,3518,38,4,تجربة جيدة بشكل عام والمنتج يؤدي وظيفته على أكمل وجه.,2023-02-01 22:44:38
654,342,6408,41,3,جيد للاستخدام البسيط لكن السعر مرتفع نسبياً لهذه الجودة.,2024-10-13 10:57:14
655,146,7784,4,3,جيد للاستخدام البسيط لكن السعر مرتفع نسبياً لهذه الجودة.,2023-03-04 00:03:50
656,142,2801,147,5,جودة ممتازة والشحن كان سريعاً وسأشتري مجدداً بالتأكيد.,2024-06-10 07:04:16
657,215,1099,4,3,المنتج مقبول لكن هناك بدائل أفضل بنفس السعر في السوق.,2023-12-09 15:20:53
658,372,2234,51,4,منتج جيد استلمته بسرعة ويعمل بشكل ممتاز.,2024-09-01 13:02:55
659,374,3636,113,5,ممتاز جداً ويستحق كل ريال. التغليف أنيق والجودة عالية.,2023-09-20 02:18:48
660,164,9340,63,5,تجربة شراء رائعة والمنتج وصل بحالة مثالية وبالمواصفات المطلوبة.,2024-03-24 16:02:19
661,460,1762,43,5,منتج رائع جداً فاق توقعاتي بكل المقاييس. أنصح به بشدة.,2023-04-30 20:05:18
662,397,9449,50,5,منتج رائع جداً فاق توقعاتي بكل المقاييس. أنصح به بشدة.,2024-12-07 08:25:54
663,283,3941,53,3,متوسط ويؤدي وظيفته لكنه ليس بالجودة التي توقعتها.,2024-05-20 02:59:14
664,196,5663,9,5,ممتاز جداً ويستحق كل ريال. التغليف أنيق والجودة عالية.,2023-03-04 06:06:53
665,276,9418,47,5,منتج رائع جداً فاق توقعاتي بكل المقاييس. أنصح به بشدة.,2024-05-22 22:05:24
666,141,1472,3,4,تجربة جيدة بشكل عام والمنتج يؤدي وظيفته على أكمل وجه.,2023-03-16 13:55:38
667,239,8454,138,4,منتج جيد جداً وبسعر مناسب والشحن كان في الموعد.,2024-06-19 02:08:59
668,241,4847,80,5,تجربة شراء رائعة والمنتج وصل بحالة مثالية وبالمواصفات المطلوبة.,2024-05-23 06:30:04
669,137,8273,119,5,أفضل منتج اشتريته منذ فترة طويلة وأنصح الجميع بتجربته.,2023-11-29 16:42:16
670,8,5470,69,5,جودة ممتازة والشحن كان سريعاً وسأشتري مجدداً بالتأكيد.,2024-08-31 09:18:17
671,58,9733,166,4,مطابق للوصف تقريباً والجودة جيدة وسأوصي به لأصدقائي.,2024-05-05 18:55:19
672,51,4184,47,5,ممتاز جداً ويستحق كل ريال. التغليف أنيق والجودة عالية.,2023-10-15 23:20:09
673,309,8769,32,4,تجربة جيدة بشكل عام والمنتج يؤدي وظيفته على أكمل وجه.,2024-03-27 02:41:52
674,297,2712,191,5,ممتاز جداً ويستحق كل ريال. التغليف أنيق والجودة عالية.,2023-05-17 17:19:26
675,29,8590,38,5,أفضل منتج اشتريته منذ فترة طويلة وأنصح الجميع بتجربته.,2025-01-02 16:41:20
676,210,5654,163,5,ممتاز جداً ويستحق كل ريال. التغليف أنيق والجودة عالية.,2023-10-21 07:18:34
677,425,848,53,5,جودة ممتازة والشحن كان سريعاً وسأشتري مجدداً بالتأكيد.,2023-07-01 15:29:10
678,364,3176,33,4,منتج جيد استلمته بسرعة ويعمل بشكل ممتاز.,2024-04-13 20:06:20
679,139,9805,48,5,ممتاز جداً ويستحق كل ريال. التغليف أنيق والجودة عالية.,2023-12-30 06:43:40
680,459,9743,28,4,منتج جيد استلمته بسرعة ويعمل بشكل ممتاز.,2024-01-01 23:12:51
681,402,6551,39,2,جودة ضعيفة للأسف ولن أشتري من هذا البائع مرة أخرى.,2024-07-15 11:11:45
682,320,6763,2,5,ممتاز جداً ويستحق كل ريال. التغليف أنيق والجودة عالية.,2024-04-18 04:07:54
683,340,2786,28,5,ممتاز جداً ويستحق كل ريال. التغليف أنيق والجودة عالية.,2024-09-14 11:45:34
684,250,9493,72,5,تجربة شراء رائعة والمنتج وصل بحالة مثالية وبالمواصفات المطلوبة.,2024-05-21 04:49:00
685,416,4596,37,1,المنتج لا يعمل من الأساس وتواصلت مع الدعم ولم يتجاوبوا.,2023-10-04 07:29:41
686,227,2399,41,1,المنتج لا يعمل من الأساس وتواصلت مع الدعم ولم يتجاوبوا.,2024-05-21 17:58:38
687,311,7634,28,5,تجربة شراء رائعة والمنتج وصل بحالة مثالية وبالمواصفات المطلوبة.,2024-12-29 16:42:51
688,106,7552,150,5,تجربة شراء رائعة والمنتج وصل بحالة مثالية وبالمواصفات المطلوبة.,2023-04-04 09:43:01
689,3,2024,54,4,مطابق للوصف تقريباً والجودة جيدة وسأوصي به لأصدقائي.,2023-04-28 12:49:42
690,96,7945,32,5,ممتاز جداً ويستحق كل ريال. التغليف أنيق والجودة عالية.,2024-01-18 19:40:55
691,283,830,31,5,تجربة شراء رائعة والمنتج وصل بحالة مثالية وبالمواصفات المطلوبة.,2024-02-03 22:25:09
692,158,1001,48,5,ممتاز جداً ويستحق كل ريال. التغليف أنيق والجودة عالية.,2023-06-19 17:11:33
693,59,1544,29,5,جودة ممتازة والشحن كان سريعاً وسأشتري مجدداً بالتأكيد.,2024-03-24 21:21:11
694,15,55,35,5,منتج رائع جداً فاق توقعاتي بكل المقاييس. أنصح به بشدة.,2024-03-09 13:35:54
695,223,8021,167,5,أفضل منتج اشتريته منذ فترة طويلة وأنصح الجميع بتجربته.,2023-10-07 19:02:13
696,244,9994,134,3,المنتج مقبول ولكن يحتاج بعض التحسينات في الجودة.,2023-04-07 08:03:48
697,332,9657,26,4,منتج جيد استلمته بسرعة ويعمل بشكل ممتاز.,2024-07-27 16:54:37
698,119,7500,51,5,أفضل منتج اشتريته منذ فترة طويلة وأنصح الجميع بتجربته.,2023-03-02 17:16:45
699,481,3568,34,2,خيّبت الآمال والمنتج لا يشبه الوصف ولا الصور المعروضة.,2024-06-27 18:45:07
700,329,923,48,5,ممتاز جداً ويستحق كل ريال. التغليف أنيق والجودة عالية.,2024-04-02 13:55:15
701,434,7724,3,4,منتج جيد جداً وبسعر مناسب والشحن كان في الموعد.,2023-10-27 22:37:15
702,80,3163,37,5,تجربة شراء رائعة والمنتج وصل بحالة مثالية وبالمواصفات المطلوبة.,2023-10-16 20:10:37
703,315,9849,56,4,تجربة جيدة بشكل عام والمنتج يؤدي وظيفته على أكمل وجه.,2023-01-29 03:08:31
704,229,4743,32,5,ممتاز جداً ويستحق كل ريال. التغليف أنيق والجودة عالية.,2023-01-29 15:35:27
705,379,8125,47,5,أفضل منتج اشتريته منذ فترة طويلة وأنصح الجميع بتجربته.,2024-07-03 17:45:22
706,287,6226,159,5,منتج رائع جداً فاق توقعاتي بكل المقاييس. أنصح به بشدة.,2023-02-06 11:34:13
707,408,1526,100,4,منتج جيد استلمته بسرعة ويعمل بشكل ممتاز.,2024-02-11 07:37:30
708,57,5133,51,4,منتج جيد استلمته بسرعة ويعمل بشكل ممتاز.,2023-01-16 05:13:05
709,119,5597,51,5,أفضل منتج اشتريته منذ فترة طويلة وأنصح الجميع بتجربته.,2024-10-05 02:30:33
710,186,8471,53,5,جودة ممتازة والشحن كان سريعاً وسأشتري مجدداً بالتأكيد.,2024-08-27 16:18:07
711,69,8162,39,4,جودة عالية والسعر معقول فقط التغليف كان بسيطاً قليلاً.,2023-12-20 22:54:15
712,273,8462,26,4,جودة عالية والسعر معقول فقط التغليف كان بسيطاً قليلاً.,2023-02-14 01:02:44
713,53,6348,2,5,منتج رائع جداً فاق توقعاتي بكل المقاييس. أنصح به بشدة.,2024-03-12 04:22:35
714,131,3146,92,4,تجربة جيدة بشكل عام والمنتج يؤدي وظيفته على أكمل وجه.,2023-08-24 07:19:20
715,220,8174,9,1,منتج سيء جداً لا أنصح به أبداً. أطلبوا استرداد أموالكم.,2024-07-20 12:50:26
716,34,1327,6,2,جودة ضعيفة للأسف ولن أشتري من هذا البائع مرة أخرى.,2024-10-13 07:22:51
717,109,9048,31,5,منتج رائع جداً فاق توقعاتي بكل المقاييس. أنصح به بشدة.,2023-03-05 23:09:35
718,395,3212,31,1,أسوأ تجربة شراء والمنتج مختلف تماماً عن الصور والوصف.,2023-11-19 14:12:39
719,494,91,153,5,ممتاز جداً ويستحق كل ريال. التغليف أنيق والجودة عالية.,2023-12-27 19:23:38
720,158,7739,2,4,منتج جيد استلمته بسرعة ويعمل بشكل ممتاز.,2023-09-19 00:11:30
721,293,1329,172,5,منتج رائع جداً فاق توقعاتي بكل المقاييس. أنصح به بشدة.,2023-12-18 21:46:04
722,382,8128,1,5,منتج رائع جداً فاق توقعاتي بكل المقاييس. أنصح به بشدة.,2023-12-05 14:31:41
723,301,1592,48,2,المنتج لم يعمل بشكل صحيح من اليوم الأول وطلبت الإرجاع.,2023-09-28 22:20:11
724,328,3514,72,5,ممتاز جداً ويستحق كل ريال. التغليف أنيق والجودة عالية.,2023-06-28 02:03:40
725,372,1656,42,4,منتج جيد جداً وبسعر مناسب والشحن كان في الموعد.,2023-06-03 11:58:31
726,466,5301,29,5,ممتاز جداً ويستحق كل ريال. التغليف أنيق والجودة عالية.,2023-07-10 02:33:33
727,36,6709,3,5,تجربة شراء رائعة والمنتج وصل بحالة مثالية وبالمواصفات المطلوبة.,2024-10-28 01:07:45
728,32,9519,83,5,جودة ممتازة والشحن كان سريعاً وسأشتري مجدداً بالتأكيد.,2023-07-08 09:32:10
729,448,8759,80,5,جودة ممتازة والشحن كان سريعاً وسأشتري مجدداً بالتأكيد.,2024-11-11 10:55:06
730,17,202,39,3,المنتج مقبول ولكن يحتاج بعض التحسينات في الجودة.,2024-08-29 13:10:34
731,229,1908,92,5,تجربة شراء رائعة والمنتج وصل بحالة مثالية وبالمواصفات المطلوبة.,2023-08-27 21:11:06
732,372,439,1,5,ممتاز جداً ويستحق كل ريال. التغليف أنيق والجودة عالية.,2023-09-05 09:46:48
733,178,7049,53,5,جودة ممتازة والشحن كان سريعاً وسأشتري مجدداً بالتأكيد.,2023-09-01 02:02:00
734,346,9639,134,4,منتج جيد استلمته بسرعة ويعمل بشكل ممتاز.,2024-10-03 08:50:00
735,220,3810,46,3,المنتج مقبول ولكن يحتاج بعض التحسينات في الجودة.,2024-02-22 06:58:43
736,64,6995,38,5,تجربة شراء رائعة والمنتج وصل بحالة مثالية وبالمواصفات المطلوبة.,2024-03-02 06:07:24
737,8,619,53,5,أفضل منتج اشتريته منذ فترة طويلة وأنصح الجميع بتجربته.,2023-10-08 14:59:22
738,413,2109,1,5,منتج رائع جداً فاق توقعاتي بكل المقاييس. أنصح به بشدة.,2023-10-13 04:51:34
739,281,3418,51,2,جودة ضعيفة للأسف ولن أشتري من هذا البائع مرة أخرى.,2024-01-10 04:31:37
740,125,5846,155,4,منتج جيد استلمته بسرعة ويعمل بشكل ممتاز.,2023-10-10 23:19:26
741,470,4474,1,4,تجربة جيدة بشكل عام والمنتج يؤدي وظيفته على أكمل وجه.,2023-04-23 04:00:13
742,146,1693,127,5,جودة ممتازة والشحن كان سريعاً وسأشتري مجدداً بالتأكيد.,2023-10-25 19:36:09
743,303,9662,1,5,تجربة شراء رائعة والمنتج وصل بحالة مثالية وبالمواصفات المطلوبة.,2023-04-19 10:58:00
744,224,4767,100,3,جيد للاستخدام البسيط لكن السعر مرتفع نسبياً لهذه الجودة.,2024-07-15 16:14:16
745,102,1707,66,4,منتج جيد استلمته بسرعة ويعمل بشكل ممتاز.,2023-02-17 23:12:11
746,256,480,79,4,منتج جيد استلمته بسرعة ويعمل بشكل ممتاز.,2023-04-26 11:52:26
747,33,7580,75,1,أسوأ تجربة شراء والمنتج مختلف تماماً عن الصور والوصف.,2024-09-08 15:21:29
748,391,1177,25,4,تجربة جيدة بشكل عام والمنتج يؤدي وظيفته على أكمل وجه.,2024-05-04 19:02:02
749,351,7167,94,4,منتج جيد جداً وبسعر مناسب والشحن كان في الموعد.,2024-01-02 18:45:29
750,372,6422,56,5,ممتاز جداً ويستحق كل ريال. التغليف أنيق والجودة عالية.,2024-07-24 22:22:31
751,233,1228,1,5,تجربة شراء رائعة والمنتج وصل بحالة مثالية وبالمواصفات المطلوبة.,2023-05-27 03:16:42
752,239,8454,51,5,أفضل منتج اشتريته منذ فترة طويلة وأنصح الجميع بتجربته.,2024-06-18 22:08:59
753,275,7696,143,5,أفضل منتج اشتريته منذ فترة طويلة وأنصح الجميع بتجربته.,2024-08-02 02:08:25
754,484,1126,87,4,جودة عالية والسعر معقول فقط التغليف كان بسيطاً قليلاً.,2024-01-04 09:58:08
755,44,7376,31,5,جودة ممتازة والشحن كان سريعاً وسأشتري مجدداً بالتأكيد.,2023-01-23 11:02:24
756,6,3545,42,4,مطابق للوصف تقريباً والجودة جيدة وسأوصي به لأصدقائي.,2024-03-25 20:12:41
757,492,3666,42,5,ممتاز جداً ويستحق كل ريال. التغليف أنيق والجودة عالية.,2024-05-30 02:00:03
758,401,1679,18,4,تجربة جيدة بشكل عام والمنتج يؤدي وظيفته على أكمل وجه.,2023-01-30 08:38:52
759,201,2073,170,5,أفضل منتج اشتريته منذ فترة طويلة وأنصح الجميع بتجربته.,2024-07-11 13:02:58
760,328,7818,46,4,مطابق للوصف تقريباً والجودة جيدة وسأوصي به لأصدقائي.,2023-08-16 01:51:48
761,499,1039,47,4,منتج جيد جداً وبسعر مناسب والشحن كان في الموعد.,2023-04-02 12:35:11
762,242,7704,31,4,منتج جيد استلمته بسرعة ويعمل بشكل ممتاز.,2024-11-29 00:01:32
763,379,896,31,4,جودة عالية والسعر معقول فقط التغليف كان بسيطاً قليلاً.,2023-10-21 15:28:37
764,488,7117,3,4,مطابق للوصف تقريباً والجودة جيدة وسأوصي به لأصدقائي.,2023-04-19 02:20:18
765,151,8650,74,3,متوسط ويؤدي وظيفته لكنه ليس بالجودة التي توقعتها.,2024-02-21 17:42:41
766,114,7159,30,4,جودة عالية والسعر معقول فقط التغليف كان بسيطاً قليلاً.,2023-08-17 14:12:10
767,335,4956,51,5,أفضل منتج اشتريته منذ فترة طويلة وأنصح الجميع بتجربته.,2024-06-12 11:25:09
768,142,2484,81,4,منتج جيد جداً وبسعر مناسب والشحن كان في الموعد.,2024-11-09 11:10:59
769,267,4200,33,3,المنتج مقبول لكن هناك بدائل أفضل بنفس السعر في السوق.,2023-10-02 00:12:11
770,335,5880,48,5,جودة ممتازة والشحن كان سريعاً وسأشتري مجدداً بالتأكيد.,2023-06-26 01:46:56
771,379,3220,55,4,منتج جيد جداً وبسعر مناسب والشحن كان في الموعد.,2023-01-24 12:51:12
772,335,6107,26,5,تجربة شراء رائعة والمنتج وصل بحالة مثالية وبالمواصفات المطلوبة.,2023-11-06 09:29:34
773,428,9364,4,4,جودة عالية والسعر معقول فقط التغليف كان بسيطاً قليلاً.,2024-11-07 08:58:57
774,363,6023,48,4,جودة عالية والسعر معقول فقط التغليف كان بسيطاً قليلاً.,2023-09-28 07:50:17
775,122,3914,32,5,ممتاز جداً ويستحق كل ريال. التغليف أنيق والجودة عالية.,2023-04-19 22:00:13
776,460,5521,144,1,لا يستحق حتى نجمة واحدة وجودة رديئة جداً مع سعر مرتفع.,2024-09-18 08:46:48
777,150,7214,49,5,جودة ممتازة والشحن كان سريعاً وسأشتري مجدداً بالتأكيد.,2023-10-04 08:30:38
778,59,8999,26,5,منتج رائع جداً فاق توقعاتي بكل المقاييس. أنصح به بشدة.,2024-12-31 15:22:10
779,481,9879,47,4,منتج جيد استلمته بسرعة ويعمل بشكل ممتاز.,2024-11-25 12:42:27
780,150,8423,47,5,منتج رائع جداً فاق توقعاتي بكل المقاييس. أنصح به بشدة.,2024-12-24 02:52:02
781,187,3970,184,5,جودة ممتازة والشحن كان سريعاً وسأشتري مجدداً بالتأكيد.,2023-08-08 01:16:15
782,109,7340,32,4,منتج جيد جداً وبسعر مناسب والشحن كان في الموعد.,2024-04-23 21:58:57
783,63,8674,39,4,مطابق للوصف تقريباً والجودة جيدة وسأوصي به لأصدقائي.,2023-07-01 11:56:11
784,24,6340,198,5,تجربة شراء رائعة والمنتج وصل بحالة مثالية وبالمواصفات المطلوبة.,2024-11-25 11:48:47
785,500,3790,51,5,أفضل منتج اشتريته منذ فترة طويلة وأنصح الجميع بتجربته.,2023-03-09 09:37:30
786,71,5325,39,5,أفضل منتج اشتريته منذ فترة طويلة وأنصح الجميع بتجربته.,2024-11-06 10:01:59
787,385,8268,198,4,منتج جيد جداً وبسعر مناسب والشحن كان في الموعد.,2023-10-10 16:43:25
788,436,4633,1,4,منتج جيد استلمته بسرعة ويعمل بشكل ممتاز.,2023-08-24 20:13:09
789,424,1659,50,5,ممتاز جداً ويستحق كل ريال. التغليف أنيق والجودة عالية.,2024-12-10 08:22:30
790,297,4427,108,4,منتج جيد استلمته بسرعة ويعمل بشكل ممتاز.,2023-07-26 13:53:51
791,132,3447,89,5,تجربة شراء رائعة والمنتج وصل بحالة مثالية وبالمواصفات المطلوبة.,2024-05-11 12:30:23
792,174,2678,166,4,تجربة جيدة بشكل عام والمنتج يؤدي وظيفته على أكمل وجه.,2024-07-05 19:01:21
793,389,8586,47,3,المنتج مقبول ولكن يحتاج بعض التحسينات في الجودة.,2024-07-24 22:09:58
794,425,6409,185,4,منتج جيد استلمته بسرعة ويعمل بشكل ممتاز.,2023-08-24 00:55:14
795,320,6763,3,5,منتج رائع جداً فاق توقعاتي بكل المقاييس. أنصح به بشدة.,2024-04-13 01:07:54
796,355,2734,2,5,منتج رائع جداً فاق توقعاتي بكل المقاييس. أنصح به بشدة.,2023-05-09 10:14:19
797,31,8737,38,3,متوسط ويؤدي وظيفته لكنه ليس بالجودة التي توقعتها.,2024-12-22 03:08:12
798,334,1262,25,4,مطابق للوصف تقريباً والجودة جيدة وسأوصي به لأصدقائي.,2024-09-24 04:48:59
799,322,1697,3,5,تجربة شراء رائعة والمنتج وصل بحالة مثالية وبالمواصفات المطلوبة.,2024-04-19 15:31:20
800,76,8835,9,5,أفضل منتج اشتريته منذ فترة طويلة وأنصح الجميع بتجربته.,2024-04-02 04:38:32
801,59,1750,78,5,ممتاز جداً ويستحق كل ريال. التغليف أنيق والجودة عالية.,2023-12-21 23:22:05
802,492,3666,50,4,تجربة جيدة بشكل عام والمنتج يؤدي وظيفته على أكمل وجه.,2024-05-23 03:00:03
803,228,5339,46,4,جودة عالية والسعر معقول فقط التغليف كان بسيطاً قليلاً.,2024-04-22 18:58:54
804,298,5876,51,5,ممتاز جداً ويستحق كل ريال. التغليف أنيق والجودة عالية.,2023-10-19 15:45:35
805,332,762,37,4,مطابق للوصف تقريباً والجودة جيدة وسأوصي به لأصدقائي.,2023-10-03 21:49:00
806,11,8470,118,5,منتج رائع جداً فاق توقعاتي بكل المقاييس. أنصح به بشدة.,2024-10-12 17:21:14
807,168,4658,48,5,تجربة شراء رائعة والمنتج وصل بحالة مثالية وبالمواصفات المطلوبة.,2023-06-28 23:27:54
808,19,3659,197,5,أفضل منتج اشتريته منذ فترة طويلة وأنصح الجميع بتجربته.,2024-04-25 21:26:41
809,303,7149,51,2,التغليف كان سيئاً والمنتج تعرّض لأضرار أثناء الشحن.,2023-05-16 13:09:02
810,398,2733,29,4,جودة عالية والسعر معقول فقط التغليف كان بسيطاً قليلاً.,2024-06-05 22:07:12
811,378,476,58,4,جودة عالية والسعر معقول فقط التغليف كان بسيطاً قليلاً.,2023-07-01 22:48:29
812,124,5625,26,3,التوصيل كان متأخراً وتغليف المنتج جاء مجعّداً قليلاً.,2024-10-06 00:05:20
813,172,5146,33,5,ممتاز جداً ويستحق كل ريال. التغليف أنيق والجودة عالية.,2024-05-31 11:01:38
814,110,4072,6,5,ممتاز جداً ويستحق كل ريال. التغليف أنيق والجودة عالية.,2024-05-06 11:12:02
815,358,9302,33,5,منتج رائع جداً فاق توقعاتي بكل المقاييس. أنصح به بشدة.,2023-08-01 03:31:22
816,297,7061,26,5,منتج رائع جداً فاق توقعاتي بكل المقاييس. أنصح به بشدة.,2024-02-27 12:47:53
817,469,8580,51,5,أفضل منتج اشتريته منذ فترة طويلة وأنصح الجميع بتجربته.,2023-11-17 02:11:18
818,290,6600,117,3,المنتج مقبول لكن هناك بدائل أفضل بنفس السعر في السوق.,2023-10-20 21:37:44
819,198,888,54,5,منتج رائع جداً فاق توقعاتي بكل المقاييس. أنصح به بشدة.,2023-02-03 18:23:35
820,156,1539,167,3,التوصيل كان متأخراً وتغليف المنتج جاء مجعّداً قليلاً.,2023-03-26 11:34:52
821,8,2219,137,5,ممتاز جداً ويستحق كل ريال. التغليف أنيق والجودة عالية.,2023-08-18 18:05:33
822,488,7117,1,5,جودة ممتازة والشحن كان سريعاً وسأشتري مجدداً بالتأكيد.,2023-04-20 07:20:18
823,157,6727,74,3,جيد للاستخدام البسيط لكن السعر مرتفع نسبياً لهذه الجودة.,2023-05-27 11:37:02
824,212,7713,3,4,منتج جيد جداً وبسعر مناسب والشحن كان في الموعد.,2023-07-25 08:46:06
825,230,8915,77,5,جودة ممتازة والشحن كان سريعاً وسأشتري مجدداً بالتأكيد.,2023-07-22 15:09:10
826,73,1774,9,3,المنتج مقبول ولكن يحتاج بعض التحسينات في الجودة.,2024-10-05 00:28:14
827,74,4386,28,5,أفضل منتج اشتريته منذ فترة طويلة وأنصح الجميع بتجربته.,2025-01-07 01:43:31
828,72,4391,53,2,التغليف كان سيئاً والمنتج تعرّض لأضرار أثناء الشحن.,2025-01-03 18:21:14
829,262,6286,27,5,منتج رائع جداً فاق توقعاتي بكل المقاييس. أنصح به بشدة.,2023-10-08 13:20:46
830,296,9170,53,4,مطابق للوصف تقريباً والجودة جيدة وسأوصي به لأصدقائي.,2023-11-22 14:16:46
831,381,8730,118,5,ممتاز جداً ويستحق كل ريال. التغليف أنيق والجودة عالية.,2024-06-29 15:31:42
832,107,1430,3,5,أفضل منتج اشتريته منذ فترة طويلة وأنصح الجميع بتجربته.,2023-02-06 03:07:12
833,368,7831,191,4,منتج جيد جداً وبسعر مناسب والشحن كان في الموعد.,2023-02-03 17:52:03
834,132,1758,141,4,منتج جيد استلمته بسرعة ويعمل بشكل ممتاز.,2024-12-08 18:41:45
835,421,7929,33,3,متوسط ويؤدي وظيفته لكنه ليس بالجودة التي توقعتها.,2023-10-25 20:31:54
836,291,4199,35,4,جودة عالية والسعر معقول فقط التغليف كان بسيطاً قليلاً.,2023-10-19 18:27:59
837,5,4371,147,3,متوسط ويؤدي وظيفته لكنه ليس بالجودة التي توقعتها.,2024-01-13 20:44:01
838,448,823,38,5,تجربة شراء رائعة والمنتج وصل بحالة مثالية وبالمواصفات المطلوبة.,2023-01-31 00:35:02
839,463,6309,51,5,أفضل منتج اشتريته منذ فترة طويلة وأنصح الجميع بتجربته.,2023-02-18 21:37:08
840,341,3956,195,4,تجربة جيدة بشكل عام والمنتج يؤدي وظيفته على أكمل وجه.,2023-09-08 14:54:42
841,164,9752,17,2,خيّبت الآمال والمنتج لا يشبه الوصف ولا الصور المعروضة.,2023-04-18 00:57:14
842,339,4355,47,5,تجربة شراء رائعة والمنتج وصل بحالة مثالية وبالمواصفات المطلوبة.,2023-08-13 07:28:47
843,343,5127,39,5,أفضل منتج اشتريته منذ فترة طويلة وأنصح الجميع بتجربته.,2023-09-18 17:36:53
844,446,6829,73,5,ممتاز جداً ويستحق كل ريال. التغليف أنيق والجودة عالية.,2023-08-29 14:30:42
845,230,6431,84,4,جودة عالية والسعر معقول فقط التغليف كان بسيطاً قليلاً.,2023-05-28 08:44:49
846,184,4616,54,4,منتج جيد جداً وبسعر مناسب والشحن كان في الموعد.,2024-01-24 03:08:59
847,148,4498,37,3,المنتج مقبول لكن هناك بدائل أفضل بنفس السعر في السوق.,2024-02-11 13:35:39
848,410,7186,56,5,منتج رائع جداً فاق توقعاتي بكل المقاييس. أنصح به بشدة.,2023-06-19 12:33:45
849,221,9666,47,5,منتج رائع جداً فاق توقعاتي بكل المقاييس. أنصح به بشدة.,2024-07-20 01:20:10
850,211,1444,2,5,تجربة شراء رائعة والمنتج وصل بحالة مثالية وبالمواصفات المطلوبة.,2023-08-19 08:25:26
851,124,6061,9,4,جودة عالية والسعر معقول فقط التغليف كان بسيطاً قليلاً.,2024-12-06 01:17:38
852,296,8264,46,5,منتج رائع جداً فاق توقعاتي بكل المقاييس. أنصح به بشدة.,2023-12-12 18:26:40
853,145,1479,48,5,منتج رائع جداً فاق توقعاتي بكل المقاييس. أنصح به بشدة.,2024-05-21 17:03:25
854,375,4131,167,5,أفضل منتج اشتريته منذ فترة طويلة وأنصح الجميع بتجربته.,2023-05-31 20:47:23
855,464,1799,16,5,تجربة شراء رائعة والمنتج وصل بحالة مثالية وبالمواصفات المطلوبة.,2024-05-21 04:54:02
856,248,7725,131,4,منتج جيد جداً وبسعر مناسب والشحن كان في الموعد.,2024-09-18 05:19:06
857,460,609,2,3,متوسط ويؤدي وظيفته لكنه ليس بالجودة التي توقعتها.,2024-04-08 19:33:51
858,494,2486,31,2,لم يكن بالجودة المتوقعة وغير مطابق للصور بشكل واضح.,2023-08-21 03:13:32
859,439,5719,4,4,جودة عالية والسعر معقول فقط التغليف كان بسيطاً قليلاً.,2023-03-03 21:15:05
860,349,6752,46,5,جودة ممتازة والشحن كان سريعاً وسأشتري مجدداً بالتأكيد.,2024-06-15 02:54:52
861,272,6754,42,1,تجربة مروعة ووصل المنتج مكسوراً ومختلفاً عن المواصفات.,2024-09-29 07:16:20
862,427,3831,71,4,جودة عالية والسعر معقول فقط التغليف كان بسيطاً قليلاً.,2024-03-30 02:47:51
863,243,6559,97,5,ممتاز جداً ويستحق كل ريال. التغليف أنيق والجودة عالية.,2023-03-04 15:24:03
864,60,9253,124,4,مطابق للوصف تقريباً والجودة جيدة وسأوصي به لأصدقائي.,2023-08-19 00:56:24
865,124,9851,29,5,تجربة شراء رائعة والمنتج وصل بحالة مثالية وبالمواصفات المطلوبة.,2024-11-18 06:41:27
866,61,8727,1,5,أفضل منتج اشتريته منذ فترة طويلة وأنصح الجميع بتجربته.,2024-06-11 08:12:15
867,408,1526,27,5,جودة ممتازة والشحن كان سريعاً وسأشتري مجدداً بالتأكيد.,2024-02-08 03:37:30
868,290,6600,56,2,جودة ضعيفة للأسف ولن أشتري من هذا البائع مرة أخرى.,2023-10-29 00:37:44
869,320,7418,6,5,تجربة شراء رائعة والمنتج وصل بحالة مثالية وبالمواصفات المطلوبة.,2023-01-21 13:05:27
870,431,931,33,4,منتج جيد استلمته بسرعة ويعمل بشكل ممتاز.,2024-11-21 16:07:16
871,242,891,103,2,التغليف كان سيئاً والمنتج تعرّض لأضرار أثناء الشحن.,2023-06-07 10:06:22
872,272,2243,159,5,تجربة شراء رائعة والمنتج وصل بحالة مثالية وبالمواصفات المطلوبة.,2024-06-30 10:58:32
873,15,4245,32,1,منتج سيء جداً لا أنصح به أبداً. أطلبوا استرداد أموالكم.,2023-12-06 06:10:32
874,272,2243,198,5,أفضل منتج اشتريته منذ فترة طويلة وأنصح الجميع بتجربته.,2024-06-21 12:58:32
875,378,2421,51,4,منتج جيد جداً وبسعر مناسب والشحن كان في الموعد.,2023-04-09 23:48:50
876,206,9284,51,4,تجربة جيدة بشكل عام والمنتج يؤدي وظيفته على أكمل وجه.,2023-07-08 04:45:50
877,399,431,33,5,منتج رائع جداً فاق توقعاتي بكل المقاييس. أنصح به بشدة.,2024-06-19 02:15:32
878,129,1902,34,5,منتج رائع جداً فاق توقعاتي بكل المقاييس. أنصح به بشدة.,2024-09-27 03:13:17
879,162,3719,53,5,أفضل منتج اشتريته منذ فترة طويلة وأنصح الجميع بتجربته.,2023-10-24 05:38:35
880,341,7315,31,4,جودة عالية والسعر معقول فقط التغليف كان بسيطاً قليلاً.,2023-02-09 11:28:50
881,41,2511,15,3,المنتج مقبول ولكن يحتاج بعض التحسينات في الجودة.,2023-09-01 03:24:11
882,100,6485,37,5,منتج رائع جداً فاق توقعاتي بكل المقاييس. أنصح به بشدة.,2023-11-05 22:47:24
883,274,2811,114,5,جودة ممتازة والشحن كان سريعاً وسأشتري مجدداً بالتأكيد.,2023-05-10 21:25:09
884,474,2727,42,4,جودة عالية والسعر معقول فقط التغليف كان بسيطاً قليلاً.,2024-07-12 16:51:37
885,353,9607,46,5,أفضل منتج اشتريته منذ فترة طويلة وأنصح الجميع بتجربته.,2023-11-24 13:14:17
886,165,9289,148,5,منتج رائع جداً فاق توقعاتي بكل المقاييس. أنصح به بشدة.,2023-05-10 10:33:28
887,248,1865,171,5,أفضل منتج اشتريته منذ فترة طويلة وأنصح الجميع بتجربته.,2023-09-06 03:39:59
888,314,9355,100,1,لا يستحق حتى نجمة واحدة وجودة رديئة جداً مع سعر مرتفع.,2023-01-18 12:19:47
889,103,9595,138,4,منتج جيد جداً وبسعر مناسب والشحن كان في الموعد.,2023-02-23 05:01:23
890,372,84,155,1,أسوأ تجربة شراء والمنتج مختلف تماماً عن الصور والوصف.,2023-09-05 16:35:19
891,15,7439,144,3,المنتج مقبول ولكن يحتاج بعض التحسينات في الجودة.,2024-11-24 21:22:15
892,79,6981,27,3,جيد للاستخدام البسيط لكن السعر مرتفع نسبياً لهذه الجودة.,2024-03-26 08:54:06
893,146,1693,42,4,مطابق للوصف تقريباً والجودة جيدة وسأوصي به لأصدقائي.,2023-10-17 20:36:09
894,158,3796,47,4,جودة عالية والسعر معقول فقط التغليف كان بسيطاً قليلاً.,2023-05-16 13:33:40
895,267,4456,34,4,جودة عالية والسعر معقول فقط التغليف كان بسيطاً قليلاً.,2024-03-18 23:37:37
896,449,4118,36,5,ممتاز جداً ويستحق كل ريال. التغليف أنيق والجودة عالية.,2024-12-21 19:48:42
897,496,630,76,4,منتج جيد جداً وبسعر مناسب والشحن كان في الموعد.,2023-05-17 02:11:55
898,142,9664,35,4,جودة عالية والسعر معقول فقط التغليف كان بسيطاً قليلاً.,2023-08-18 10:13:26
899,363,6862,198,5,ممتاز جداً ويستحق كل ريال. التغليف أنيق والجودة عالية.,2024-01-12 19:13:14
900,276,2381,25,4,تجربة جيدة بشكل عام والمنتج يؤدي وظيفته على أكمل وجه.,2024-07-21 06:42:57
901,279,5637,56,5,ممتاز جداً ويستحق كل ريال. التغليف أنيق والجودة عالية.,2023-10-05 07:34:57
902,3,7794,5,4,منتج جيد استلمته بسرعة ويعمل بشكل ممتاز.,2023-10-06 05:48:07
903,466,7426,193,4,تجربة جيدة بشكل عام والمنتج يؤدي وظيفته على أكمل وجه.,2024-01-05 23:59:26
904,53,925,33,5,تجربة شراء رائعة والمنتج وصل بحالة مثالية وبالمواصفات المطلوبة.,2023-02-08 14:09:33
905,190,5833,10,2,خيّبت الآمال والمنتج لا يشبه الوصف ولا الصور المعروضة.,2023-10-29 18:23:32
906,438,6820,7,2,التغليف كان سيئاً والمنتج تعرّض لأضرار أثناء الشحن.,2023-03-07 04:46:25
907,75,9088,54,5,جودة ممتازة والشحن كان سريعاً وسأشتري مجدداً بالتأكيد.,2023-06-30 00:55:08
908,213,9363,34,5,أفضل منتج اشتريته منذ فترة طويلة وأنصح الجميع بتجربته.,2024-02-08 04:58:02
909,152,9585,56,4,مطابق للوصف تقريباً والجودة جيدة وسأوصي به لأصدقائي.,2023-12-17 21:41:29
910,382,8925,1,5,ممتاز جداً ويستحق كل ريال. التغليف أنيق والجودة عالية.,2024-07-25 06:44:37
911,32,8044,46,4,جودة عالية والسعر معقول فقط التغليف كان بسيطاً قليلاً.,2023-07-26 06:54:23
912,287,7012,48,4,جودة عالية والسعر معقول فقط التغليف كان بسيطاً قليلاً.,2024-05-27 15:47:16
913,135,1821,3,4,منتج جيد استلمته بسرعة ويعمل بشكل ممتاز.,2023-10-11 13:13:48
914,375,9755,47,5,منتج رائع جداً فاق توقعاتي بكل المقاييس. أنصح به بشدة.,2024-05-28 05:08:24
915,145,5819,4,5,جودة ممتازة والشحن كان سريعاً وسأشتري مجدداً بالتأكيد.,2023-07-25 13:53:17
916,24,260,57,3,التوصيل كان متأخراً وتغليف المنتج جاء مجعّداً قليلاً.,2024-07-02 23:58:53
917,47,2663,2,2,لم يكن بالجودة المتوقعة وغير مطابق للصور بشكل واضح.,2024-12-17 15:02:43
918,342,3116,154,1,تجربة مروعة ووصل المنتج مكسوراً ومختلفاً عن المواصفات.,2023-11-20 03:00:12
919,479,1980,35,5,منتج رائع جداً فاق توقعاتي بكل المقاييس. أنصح به بشدة.,2023-02-28 23:38:05
920,87,6927,182,5,أفضل منتج اشتريته منذ فترة طويلة وأنصح الجميع بتجربته.,2023-02-27 08:55:44
921,261,2351,33,4,منتج جيد جداً وبسعر مناسب والشحن كان في الموعد.,2023-04-01 16:36:31
922,186,8421,132,5,ممتاز جداً ويستحق كل ريال. التغليف أنيق والجودة عالية.,2024-02-02 07:38:03
923,287,946,47,5,تجربة شراء رائعة والمنتج وصل بحالة مثالية وبالمواصفات المطلوبة.,2024-02-15 16:27:19
924,417,6682,3,5,منتج رائع جداً فاق توقعاتي بكل المقاييس. أنصح به بشدة.,2023-04-13 05:33:40
925,407,1810,48,5,أفضل منتج اشتريته منذ فترة طويلة وأنصح الجميع بتجربته.,2023-02-01 01:32:20
926,198,1274,54,4,منتج جيد جداً وبسعر مناسب والشحن كان في الموعد.,2024-05-11 05:02:16
927,71,4459,89,5,ممتاز جداً ويستحق كل ريال. التغليف أنيق والجودة عالية.,2023-04-12 05:12:08
928,421,4885,42,4,منتج جيد استلمته بسرعة ويعمل بشكل ممتاز.,2023-10-23 16:15:13
929,8,2047,20,5,تجربة شراء رائعة والمنتج وصل بحالة مثالية وبالمواصفات المطلوبة.,2025-01-02 08:22:19
930,410,6847,34,5,منتج رائع جداً فاق توقعاتي بكل المقاييس. أنصح به بشدة.,2024-11-16 21:09:30
931,288,912,99,5,جودة ممتازة والشحن كان سريعاً وسأشتري مجدداً بالتأكيد.,2023-07-15 00:48:07
932,279,7147,6,4,منتج جيد استلمته بسرعة ويعمل بشكل ممتاز.,2024-04-25 22:22:17
933,353,4617,28,5,منتج رائع جداً فاق توقعاتي بكل المقاييس. أنصح به بشدة.,2023-08-12 19:41:11
934,379,9897,19,2,خيّبت الآمال والمنتج لا يشبه الوصف ولا الصور المعروضة.,2024-12-02 09:44:57
935,219,2311,41,5,منتج رائع جداً فاق توقعاتي بكل المقاييس. أنصح به بشدة.,2024-10-14 15:01:16
936,10,4701,6,5,تجربة شراء رائعة والمنتج وصل بحالة مثالية وبالمواصفات المطلوبة.,2023-02-16 01:46:04
937,52,6808,56,3,المنتج مقبول لكن هناك بدائل أفضل بنفس السعر في السوق.,2023-05-10 20:31:18
938,273,4987,51,5,أفضل منتج اشتريته منذ فترة طويلة وأنصح الجميع بتجربته.,2024-08-19 17:27:28
939,410,4425,39,5,جودة ممتازة والشحن كان سريعاً وسأشتري مجدداً بالتأكيد.,2023-04-08 21:30:20
940,458,4030,3,4,جودة عالية والسعر معقول فقط التغليف كان بسيطاً قليلاً.,2024-12-03 17:55:10
941,282,4162,25,5,ممتاز جداً ويستحق كل ريال. التغليف أنيق والجودة عالية.,2024-06-25 22:36:31
942,307,4834,46,2,لم يكن بالجودة المتوقعة وغير مطابق للصور بشكل واضح.,2024-09-18 16:08:46
943,95,7239,29,4,جودة عالية والسعر معقول فقط التغليف كان بسيطاً قليلاً.,2024-03-01 15:47:52
944,280,4837,50,4,منتج جيد استلمته بسرعة ويعمل بشكل ممتاز.,2024-06-09 08:23:55
945,55,3400,6,5,منتج رائع جداً فاق توقعاتي بكل المقاييس. أنصح به بشدة.,2024-05-28 04:18:12
946,237,6296,131,2,جودة ضعيفة للأسف ولن أشتري من هذا البائع مرة أخرى.,2023-11-17 20:26:28
947,464,2195,184,4,تجربة جيدة بشكل عام والمنتج يؤدي وظيفته على أكمل وجه.,2023-11-08 23:41:28
948,444,1971,39,4,مطابق للوصف تقريباً والجودة جيدة وسأوصي به لأصدقائي.,2023-05-17 11:05:23
949,309,6111,46,4,تجربة جيدة بشكل عام والمنتج يؤدي وظيفته على أكمل وجه.,2023-07-07 14:56:48
950,338,2674,1,3,جيد للاستخدام البسيط لكن السعر مرتفع نسبياً لهذه الجودة.,2023-07-15 12:09:22
951,100,6174,172,5,ممتاز جداً ويستحق كل ريال. التغليف أنيق والجودة عالية.,2024-12-19 00:07:50
952,149,6580,26,4,مطابق للوصف تقريباً والجودة جيدة وسأوصي به لأصدقائي.,2023-04-04 02:03:12
953,37,8787,67,4,منتج جيد استلمته بسرعة ويعمل بشكل ممتاز.,2024-05-24 09:07:03
954,38,3322,48,1,المنتج لا يعمل من الأساس وتواصلت مع الدعم ولم يتجاوبوا.,2023-10-28 22:00:50
955,11,675,36,1,المنتج لا يعمل من الأساس وتواصلت مع الدعم ولم يتجاوبوا.,2023-12-07 01:00:29
956,228,5339,50,5,جودة ممتازة والشحن كان سريعاً وسأشتري مجدداً بالتأكيد.,2024-04-22 01:58:54
957,123,1954,6,5,جودة ممتازة والشحن كان سريعاً وسأشتري مجدداً بالتأكيد.,2024-01-15 03:48:33
958,126,528,38,3,جيد للاستخدام البسيط لكن السعر مرتفع نسبياً لهذه الجودة.,2024-03-30 03:12:07
959,401,4465,56,5,جودة ممتازة والشحن كان سريعاً وسأشتري مجدداً بالتأكيد.,2023-08-27 14:49:39
960,152,3104,145,4,منتج جيد استلمته بسرعة ويعمل بشكل ممتاز.,2024-03-12 13:09:21
961,43,200,184,5,منتج رائع جداً فاق توقعاتي بكل المقاييس. أنصح به بشدة.,2023-09-21 15:06:01
962,202,8870,1,4,منتج جيد استلمته بسرعة ويعمل بشكل ممتاز.,2023-08-13 18:04:30
963,466,4314,32,4,منتج جيد استلمته بسرعة ويعمل بشكل ممتاز.,2023-02-14 00:10:23
964,110,7519,9,5,ممتاز جداً ويستحق كل ريال. التغليف أنيق والجودة عالية.,2023-11-03 12:01:55
965,371,8466,10,2,جودة ضعيفة للأسف ولن أشتري من هذا البائع مرة أخرى.,2024-06-16 06:27:41
966,186,8421,25,4,تجربة جيدة بشكل عام والمنتج يؤدي وظيفته على أكمل وجه.,2024-02-11 06:38:03
967,232,2445,99,4,جودة عالية والسعر معقول فقط التغليف كان بسيطاً قليلاً.,2023-10-30 01:10:53
968,306,4442,198,4,مطابق للوصف تقريباً والجودة جيدة وسأوصي به لأصدقائي.,2024-08-30 21:29:16
969,276,2381,28,5,تجربة شراء رائعة والمنتج وصل بحالة مثالية وبالمواصفات المطلوبة.,2024-07-10 00:42:57
970,268,4722,34,5,ممتاز جداً ويستحق كل ريال. التغليف أنيق والجودة عالية.,2024-03-30 11:08:07
971,62,4972,4,3,التوصيل كان متأخراً وتغليف المنتج جاء مجعّداً قليلاً.,2024-08-18 09:30:33
972,415,3656,35,5,أفضل منتج اشتريته منذ فترة طويلة وأنصح الجميع بتجربته.,2023-08-15 21:17:06
973,47,7358,149,4,منتج جيد استلمته بسرعة ويعمل بشكل ممتاز.,2024-01-22 10:31:56
974,404,5204,35,4,تجربة جيدة بشكل عام والمنتج يؤدي وظيفته على أكمل وجه.,2024-08-25 05:26:51
975,75,8687,25,3,متوسط ويؤدي وظيفته لكنه ليس بالجودة التي توقعتها.,2024-01-12 09:31:32
976,474,2258,25,5,تجربة شراء رائعة والمنتج وصل بحالة مثالية وبالمواصفات المطلوبة.,2023-03-13 07:19:08
977,28,57,47,5,جودة ممتازة والشحن كان سريعاً وسأشتري مجدداً بالتأكيد.,2023-12-29 07:37:25
978,413,8548,41,5,منتج رائع جداً فاق توقعاتي بكل المقاييس. أنصح به بشدة.,2024-07-09 05:13:11
979,401,9893,187,5,جودة ممتازة والشحن كان سريعاً وسأشتري مجدداً بالتأكيد.,2023-08-11 03:47:24
980,499,5944,56,4,منتج جيد استلمته بسرعة ويعمل بشكل ممتاز.,2024-07-27 00:14:14
981,269,3519,42,4,منتج جيد جداً وبسعر مناسب والشحن كان في الموعد.,2023-04-13 20:37:55
982,72,6612,200,4,منتج جيد استلمته بسرعة ويعمل بشكل ممتاز.,2024-08-10 21:21:21
983,467,9677,70,5,منتج رائع جداً فاق توقعاتي بكل المقاييس. أنصح به بشدة.,2024-03-01 18:44:04
984,338,2674,25,1,أسوأ تجربة شراء والمنتج مختلف تماماً عن الصور والوصف.,2023-07-15 11:09:22
985,462,8753,9,4,منتج جيد استلمته بسرعة ويعمل بشكل ممتاز.,2024-07-10 04:54:52
986,168,1415,37,5,أفضل منتج اشتريته منذ فترة طويلة وأنصح الجميع بتجربته.,2023-06-22 17:08:18
987,484,1071,89,4,مطابق للوصف تقريباً والجودة جيدة وسأوصي به لأصدقائي.,2024-07-02 12:33:23
988,289,9254,126,5,تجربة شراء رائعة والمنتج وصل بحالة مثالية وبالمواصفات المطلوبة.,2023-12-28 00:56:02
989,469,3987,51,5,منتج رائع جداً فاق توقعاتي بكل المقاييس. أنصح به بشدة.,2024-12-18 03:30:18
990,256,8289,3,2,المنتج لم يعمل بشكل صحيح من اليوم الأول وطلبت الإرجاع.,2023-07-06 07:52:14
991,459,6493,33,5,تجربة شراء رائعة والمنتج وصل بحالة مثالية وبالمواصفات المطلوبة.,2023-08-28 06:26:58
992,227,3364,2,4,تجربة جيدة بشكل عام والمنتج يؤدي وظيفته على أكمل وجه.,2023-01-13 02:21:53
993,271,9460,131,5,ممتاز جداً ويستحق كل ريال. التغليف أنيق والجودة عالية.,2024-07-16 07:37:01
994,235,9381,41,2,لم يكن بالجودة المتوقعة وغير مطابق للصور بشكل واضح.,2023-10-30 04:15:46
995,47,2663,9,5,منتج رائع جداً فاق توقعاتي بكل المقاييس. أنصح به بشدة.,2024-12-15 11:02:43
996,41,5026,39,4,منتج جيد استلمته بسرعة ويعمل بشكل ممتاز.,2024-12-30 03:41:14
997,472,4951,9,4,جودة عالية والسعر معقول فقط التغليف كان بسيطاً قليلاً.,2023-06-22 17:23:01
998,6,1983,3,5,ممتاز جداً ويستحق كل ريال. التغليف أنيق والجودة عالية.,2023-03-10 21:16:07
999,51,7792,32,4,منتج جيد استلمته بسرعة ويعمل بشكل ممتاز.,2023-12-04 16:55:39
1000,354,659,25,5,تجربة شراء رائعة والمنتج وصل بحالة مثالية وبالمواصفات المطلوبة.,2024-04-09 03:02:15
1001,458,6492,47,4,منتج جيد استلمته بسرعة ويعمل بشكل ممتاز.,2024-10-01 09:40:52
1002,463,5004,4,3,متوسط ويؤدي وظيفته لكنه ليس بالجودة التي توقعتها.,2023-07-26 03:09:26
1003,337,1104,118,5,ممتاز جداً ويستحق كل ريال. التغليف أنيق والجودة عالية.,2024-07-24 09:34:50
1004,355,1531,26,5,أفضل منتج اشتريته منذ فترة طويلة وأنصح الجميع بتجربته.,2024-07-09 07:08:27
1005,180,6921,51,4,جودة عالية والسعر معقول فقط التغليف كان بسيطاً قليلاً.,2023-11-03 19:48:23
1006,111,4576,5,5,تجربة شراء رائعة والمنتج وصل بحالة مثالية وبالمواصفات المطلوبة.,2023-09-21 08:09:54
1007,46,8356,42,5,منتج رائع جداً فاق توقعاتي بكل المقاييس. أنصح به بشدة.,2024-04-16 09:19:14
1008,478,3415,7,3,متوسط ويؤدي وظيفته لكنه ليس بالجودة التي توقعتها.,2023-05-10 19:55:10
1009,177,7372,10,5,ممتاز جداً ويستحق كل ريال. التغليف أنيق والجودة عالية.,2024-05-29 09:36:55
1010,161,9157,39,4,مطابق للوصف تقريباً والجودة جيدة وسأوصي به لأصدقائي.,2024-07-25 20:35:00
1011,360,4639,13,2,خيّبت الآمال والمنتج لا يشبه الوصف ولا الصور المعروضة.,2023-02-05 19:06:31
1012,334,600,186,4,تجربة جيدة بشكل عام والمنتج يؤدي وظيفته على أكمل وجه.,2023-05-11 18:13:20
1013,366,7499,3,4,جودة عالية والسعر معقول فقط التغليف كان بسيطاً قليلاً.,2023-08-17 00:33:12
1014,439,4038,28,5,ممتاز جداً ويستحق كل ريال. التغليف أنيق والجودة عالية.,2023-02-14 23:27:50
1015,7,8574,38,4,منتج جيد جداً وبسعر مناسب والشحن كان في الموعد.,2024-02-28 00:21:35
1016,21,1063,167,5,منتج رائع جداً فاق توقعاتي بكل المقاييس. أنصح به بشدة.,2024-10-31 02:39:41
1017,377,5766,33,1,أسوأ تجربة شراء والمنتج مختلف تماماً عن الصور والوصف.,2023-07-29 23:02:11
1018,54,3449,3,3,المنتج مقبول لكن هناك بدائل أفضل بنفس السعر في السوق.,2023-10-21 17:29:08
1019,389,6761,51,5,أفضل منتج اشتريته منذ فترة طويلة وأنصح الجميع بتجربته.,2024-03-23 01:06:18
1020,471,7437,51,4,منتج جيد جداً وبسعر مناسب والشحن كان في الموعد.,2024-08-19 05:55:07
1021,53,9575,46,4,مطابق للوصف تقريباً والجودة جيدة وسأوصي به لأصدقائي.,2024-08-02 06:36:13
1022,495,334,26,5,أفضل منتج اشتريته منذ فترة طويلة وأنصح الجميع بتجربته.,2023-12-01 13:58:14
1023,425,4332,51,4,منتج جيد جداً وبسعر مناسب والشحن كان في الموعد.,2024-08-15 14:17:44
1024,227,2269,3,1,منتج سيء جداً لا أنصح به أبداً. أطلبوا استرداد أموالكم.,2024-04-10 05:52:13
1025,472,6227,6,2,خيّبت الآمال والمنتج لا يشبه الوصف ولا الصور المعروضة.,2024-05-08 23:46:41
1026,91,6280,182,2,المنتج لم يعمل بشكل صحيح من اليوم الأول وطلبت الإرجاع.,2023-08-16 08:54:36
1027,484,6892,25,5,جودة ممتازة والشحن كان سريعاً وسأشتري مجدداً بالتأكيد.,2024-01-03 02:11:29
1028,292,5850,53,5,ممتاز جداً ويستحق كل ريال. التغليف أنيق والجودة عالية.,2024-08-19 15:51:51
1029,4,6045,72,4,جودة عالية والسعر معقول فقط التغليف كان بسيطاً قليلاً.,2024-06-23 01:56:25
1030,237,6914,38,5,جودة ممتازة والشحن كان سريعاً وسأشتري مجدداً بالتأكيد.,2024-01-31 00:40:30
1031,375,4591,26,4,منتج جيد جداً وبسعر مناسب والشحن كان في الموعد.,2024-12-19 19:19:33
1032,27,6704,10,2,جودة ضعيفة للأسف ولن أشتري من هذا البائع مرة أخرى.,2024-01-05 07:39:42
1033,103,7024,46,4,مطابق للوصف تقريباً والجودة جيدة وسأوصي به لأصدقائي.,2023-06-26 06:43:24
1034,23,387,197,4,جودة عالية والسعر معقول فقط التغليف كان بسيطاً قليلاً.,2024-02-10 18:54:11
1035,156,448,130,4,منتج جيد استلمته بسرعة ويعمل بشكل ممتاز.,2024-09-15 16:34:12
1036,11,9156,2,4,منتج جيد جداً وبسعر مناسب والشحن كان في الموعد.,2023-10-19 01:37:29
1037,339,2944,32,5,أفضل منتج اشتريته منذ فترة طويلة وأنصح الجميع بتجربته.,2024-11-26 04:30:16
1038,460,1051,6,4,منتج جيد جداً وبسعر مناسب والشحن كان في الموعد.,2023-06-28 16:13:07
1039,283,3941,148,4,جودة عالية والسعر معقول فقط التغليف كان بسيطاً قليلاً.,2024-05-21 23:59:14
1040,216,182,26,5,أفضل منتج اشتريته منذ فترة طويلة وأنصح الجميع بتجربته.,2023-04-16 08:44:07
1041,433,7165,175,5,منتج رائع جداً فاق توقعاتي بكل المقاييس. أنصح به بشدة.,2024-05-06 15:56:00
1042,45,1916,6,4,مطابق للوصف تقريباً والجودة جيدة وسأوصي به لأصدقائي.,2024-06-18 21:03:35
1043,311,6421,46,5,تجربة شراء رائعة والمنتج وصل بحالة مثالية وبالمواصفات المطلوبة.,2024-04-04 05:57:54
1044,213,1082,73,4,منتج جيد جداً وبسعر مناسب والشحن كان في الموعد.,2024-12-30 08:32:09
1045,483,6550,132,1,منتج سيء جداً لا أنصح به أبداً. أطلبوا استرداد أموالكم.,2024-07-16 17:30:15
1046,35,1516,185,5,أفضل منتج اشتريته منذ فترة طويلة وأنصح الجميع بتجربته.,2024-12-26 09:31:23
1047,499,2357,1,3,المنتج مقبول ولكن يحتاج بعض التحسينات في الجودة.,2023-03-23 14:17:18
1048,425,1639,35,5,ممتاز جداً ويستحق كل ريال. التغليف أنيق والجودة عالية.,2023-08-27 16:17:12
1049,152,9585,51,1,تجربة مروعة ووصل المنتج مكسوراً ومختلفاً عن المواصفات.,2023-12-12 18:41:29
1050,488,8973,32,4,جودة عالية والسعر معقول فقط التغليف كان بسيطاً قليلاً.,2023-09-12 13:53:39
1051,270,9685,47,4,جودة عالية والسعر معقول فقط التغليف كان بسيطاً قليلاً.,2024-06-11 17:23:25
1052,288,7260,94,4,منتج جيد جداً وبسعر مناسب والشحن كان في الموعد.,2023-12-27 09:32:37
1053,183,6966,192,4,تجربة جيدة بشكل عام والمنتج يؤدي وظيفته على أكمل وجه.,2024-11-14 16:35:53
1054,122,4302,31,5,تجربة شراء رائعة والمنتج وصل بحالة مثالية وبالمواصفات المطلوبة.,2023-08-07 13:58:28
1055,366,306,50,5,تجربة شراء رائعة والمنتج وصل بحالة مثالية وبالمواصفات المطلوبة.,2023-11-16 13:39:37
1056,379,2202,34,5,أفضل منتج اشتريته منذ فترة طويلة وأنصح الجميع بتجربته.,2024-05-14 14:23:29
1057,57,5219,48,5,أفضل منتج اشتريته منذ فترة طويلة وأنصح الجميع بتجربته.,2023-01-24 07:27:32
1058,4,8680,39,4,منتج جيد استلمته بسرعة ويعمل بشكل ممتاز.,2024-01-10 19:53:38
1059,144,7065,37,4,مطابق للوصف تقريباً والجودة جيدة وسأوصي به لأصدقائي.,2023-04-27 15:24:07
1060,33,8876,39,5,منتج رائع جداً فاق توقعاتي بكل المقاييس. أنصح به بشدة.,2023-04-15 08:08:50
1061,326,1801,27,5,ممتاز جداً ويستحق كل ريال. التغليف أنيق والجودة عالية.,2024-01-11 06:28:40
1062,276,9097,46,5,ممتاز جداً ويستحق كل ريال. التغليف أنيق والجودة عالية.,2023-10-01 15:17:22
1063,497,447,17,3,جيد للاستخدام البسيط لكن السعر مرتفع نسبياً لهذه الجودة.,2023-02-08 22:44:45
1064,334,3348,6,3,المنتج مقبول لكن هناك بدائل أفضل بنفس السعر في السوق.,2024-08-16 15:17:57
1065,39,811,163,3,التوصيل كان متأخراً وتغليف المنتج جاء مجعّداً قليلاً.,2023-12-02 02:27:05
1066,372,2234,56,3,المنتج مقبول لكن هناك بدائل أفضل بنفس السعر في السوق.,2024-08-27 18:02:55
1067,362,1008,50,4,مطابق للوصف تقريباً والجودة جيدة وسأوصي به لأصدقائي.,2024-07-01 18:02:17
1068,235,1542,192,5,تجربة شراء رائعة والمنتج وصل بحالة مثالية وبالمواصفات المطلوبة.,2023-07-19 22:04:53
1069,207,69,139,5,ممتاز جداً ويستحق كل ريال. التغليف أنيق والجودة عالية.,2023-03-20 11:49:16
1070,344,8392,29,5,ممتاز جداً ويستحق كل ريال. التغليف أنيق والجودة عالية.,2024-11-22 18:31:07
1071,451,6299,181,5,منتج رائع جداً فاق توقعاتي بكل المقاييس. أنصح به بشدة.,2023-12-05 09:17:33
1072,155,4880,28,5,ممتاز جداً ويستحق كل ريال. التغليف أنيق والجودة عالية.,2024-08-12 01:12:31
1073,86,5541,191,4,تجربة جيدة بشكل عام والمنتج يؤدي وظيفته على أكمل وجه.,2023-10-18 09:44:37
1074,387,5705,37,3,التوصيل كان متأخراً وتغليف المنتج جاء مجعّداً قليلاً.,2023-08-23 19:15:40
1075,460,7353,9,2,لم يكن بالجودة المتوقعة وغير مطابق للصور بشكل واضح.,2023-11-06 14:44:17
1076,254,3915,119,2,المنتج لم يعمل بشكل صحيح من اليوم الأول وطلبت الإرجاع.,2024-12-23 20:40:17
1077,446,100,32,5,جودة ممتازة والشحن كان سريعاً وسأشتري مجدداً بالتأكيد.,2023-11-26 18:19:41
1078,190,6203,112,4,تجربة جيدة بشكل عام والمنتج يؤدي وظيفته على أكمل وجه.,2023-04-13 00:32:51
1079,67,8916,6,5,منتج رائع جداً فاق توقعاتي بكل المقاييس. أنصح به بشدة.,2024-10-25 22:39:46
1080,248,5284,29,4,جودة عالية والسعر معقول فقط التغليف كان بسيطاً قليلاً.,2023-10-29 07:50:37
1081,405,1791,32,4,منتج جيد استلمته بسرعة ويعمل بشكل ممتاز.,2024-06-27 08:20:45
1082,112,7276,142,5,ممتاز جداً ويستحق كل ريال. التغليف أنيق والجودة عالية.,2023-10-29 09:51:45
1083,466,8332,154,5,منتج رائع جداً فاق توقعاتي بكل المقاييس. أنصح به بشدة.,2023-06-05 08:34:29
1084,16,1921,54,4,جودة عالية والسعر معقول فقط التغليف كان بسيطاً قليلاً.,2024-10-12 12:37:44
1085,370,8600,114,4,تجربة جيدة بشكل عام والمنتج يؤدي وظيفته على أكمل وجه.,2023-04-19 02:32:59
1086,487,6831,132,5,منتج رائع جداً فاق توقعاتي بكل المقاييس. أنصح به بشدة.,2023-08-31 19:15:11
1087,442,9636,50,5,أفضل منتج اشتريته منذ فترة طويلة وأنصح الجميع بتجربته.,2024-08-03 23:05:19
1088,217,8161,167,5,منتج رائع جداً فاق توقعاتي بكل المقاييس. أنصح به بشدة.,2024-03-30 00:31:06
1089,52,5329,186,2,التغليف كان سيئاً والمنتج تعرّض لأضرار أثناء الشحن.,2023-10-06 03:37:48
1090,282,1855,73,5,تجربة شراء رائعة والمنتج وصل بحالة مثالية وبالمواصفات المطلوبة.,2023-04-02 19:05:56
1091,193,3950,38,5,منتج رائع جداً فاق توقعاتي بكل المقاييس. أنصح به بشدة.,2024-03-22 09:11:12
1092,286,6864,88,5,ممتاز جداً ويستحق كل ريال. التغليف أنيق والجودة عالية.,2023-10-05 00:19:22
1093,312,5479,159,5,أفضل منتج اشتريته منذ فترة طويلة وأنصح الجميع بتجربته.,2024-09-29 09:34:01
1094,50,5903,168,4,مطابق للوصف تقريباً والجودة جيدة وسأوصي به لأصدقائي.,2023-08-23 15:29:48
1095,300,4540,10,5,أفضل منتج اشتريته منذ فترة طويلة وأنصح الجميع بتجربته.,2023-08-29 08:31:58
1096,335,1992,189,4,منتج جيد استلمته بسرعة ويعمل بشكل ممتاز.,2023-04-16 11:38:56
1097,374,3186,50,2,المنتج لم يعمل بشكل صحيح من اليوم الأول وطلبت الإرجاع.,2025-01-11 02:50:40
1098,322,76,51,4,منتج جيد استلمته بسرعة ويعمل بشكل ممتاز.,2024-11-11 09:15:43
1099,291,4199,33,5,منتج رائع جداً فاق توقعاتي بكل المقاييس. أنصح به بشدة.,2023-10-21 04:27:59
1100,30,2181,64,1,أسوأ تجربة شراء والمنتج مختلف تماماً عن الصور والوصف.,2024-12-12 10:17:16
1101,368,8115,35,3,التوصيل كان متأخراً وتغليف المنتج جاء مجعّداً قليلاً.,2024-12-26 22:09:09
1102,205,2806,46,2,خيّبت الآمال والمنتج لا يشبه الوصف ولا الصور المعروضة.,2024-10-07 22:36:14
1103,45,9065,33,5,جودة ممتازة والشحن كان سريعاً وسأشتري مجدداً بالتأكيد.,2024-11-15 06:58:45
1104,401,191,25,4,منتج جيد جداً وبسعر مناسب والشحن كان في الموعد.,2023-01-18 20:43:05
1105,379,4181,112,5,منتج رائع جداً فاق توقعاتي بكل المقاييس. أنصح به بشدة.,2023-02-09 10:21:33
1106,368,1084,41,1,المنتج لا يعمل من الأساس وتواصلت مع الدعم ولم يتجاوبوا.,2024-12-20 03:37:42
1107,298,5046,9,5,منتج رائع جداً فاق توقعاتي بكل المقاييس. أنصح به بشدة.,2025-01-11 20:52:01
1108,490,5825,34,4,منتج جيد جداً وبسعر مناسب والشحن كان في الموعد.,2024-10-21 00:37:40
1109,298,954,47,5,أفضل منتج اشتريته منذ فترة طويلة وأنصح الجميع بتجربته.,2023-10-16 05:53:54
1110,340,3410,64,5,جودة ممتازة والشحن كان سريعاً وسأشتري مجدداً بالتأكيد.,2023-11-04 23:16:54
1111,168,1415,32,4,جودة عالية والسعر معقول فقط التغليف كان بسيطاً قليلاً.,2023-06-21 06:08:18
1112,119,451,19,5,أفضل منتج اشتريته منذ فترة طويلة وأنصح الجميع بتجربته.,2023-07-30 09:56:56
1113,17,9370,25,5,منتج رائع جداً فاق توقعاتي بكل المقاييس. أنصح به بشدة.,2024-02-26 18:18:37
1114,107,7646,51,5,جودة ممتازة والشحن كان سريعاً وسأشتري مجدداً بالتأكيد.,2025-01-09 23:39:46
1115,231,1695,47,4,جودة عالية والسعر معقول فقط التغليف كان بسيطاً قليلاً.,2023-05-29 05:32:50
1116,398,4102,26,4,مطابق للوصف تقريباً والجودة جيدة وسأوصي به لأصدقائي.,2024-04-16 22:23:10
1117,411,920,56,4,منتج جيد جداً وبسعر مناسب والشحن كان في الموعد.,2024-11-03 00:08:47
1118,286,5166,53,1,تجربة مروعة ووصل المنتج مكسوراً ومختلفاً عن المواصفات.,2023-04-20 11:49:02
1119,260,6907,54,4,منتج جيد استلمته بسرعة ويعمل بشكل ممتاز.,2024-07-02 04:27:02
1120,16,7866,32,1,أسوأ تجربة شراء والمنتج مختلف تماماً عن الصور والوصف.,2024-11-08 04:46:08
1121,247,4130,98,5,جودة ممتازة والشحن كان سريعاً وسأشتري مجدداً بالتأكيد.,2023-09-14 00:56:07
1122,163,8639,51,5,أفضل منتج اشتريته منذ فترة طويلة وأنصح الجميع بتجربته.,2023-06-25 15:51:41
1123,337,6541,109,4,جودة عالية والسعر معقول فقط التغليف كان بسيطاً قليلاً.,2024-03-04 01:51:29
1124,487,6815,65,5,جودة ممتازة والشحن كان سريعاً وسأشتري مجدداً بالتأكيد.,2024-07-21 23:43:50
1125,371,1161,62,5,منتج رائع جداً فاق توقعاتي بكل المقاييس. أنصح به بشدة.,2023-01-22 20:37:48
1126,500,5618,29,5,جودة ممتازة والشحن كان سريعاً وسأشتري مجدداً بالتأكيد.,2023-07-29 22:54:11
1127,231,5030,33,5,تجربة شراء رائعة والمنتج وصل بحالة مثالية وبالمواصفات المطلوبة.,2024-01-24 00:08:47
1128,245,3442,31,4,منتج جيد استلمته بسرعة ويعمل بشكل ممتاز.,2024-02-01 04:50:19
1129,374,7685,6,4,مطابق للوصف تقريباً والجودة جيدة وسأوصي به لأصدقائي.,2024-09-04 05:11:09
1130,270,5580,32,4,تجربة جيدة بشكل عام والمنتج يؤدي وظيفته على أكمل وجه.,2024-07-10 03:00:51
1131,244,4180,37,5,جودة ممتازة والشحن كان سريعاً وسأشتري مجدداً بالتأكيد.,2023-04-17 19:04:43
1132,175,2957,144,2,لم يكن بالجودة المتوقعة وغير مطابق للصور بشكل واضح.,2024-03-07 18:51:50
1133,215,2177,9,4,جودة عالية والسعر معقول فقط التغليف كان بسيطاً قليلاً.,2023-01-30 21:38:19
1134,346,5711,69,5,منتج رائع جداً فاق توقعاتي بكل المقاييس. أنصح به بشدة.,2023-04-03 03:01:08
1135,403,2613,42,5,أفضل منتج اشتريته منذ فترة طويلة وأنصح الجميع بتجربته.,2024-03-09 06:10:58
1136,413,4798,85,1,منتج سيء جداً لا أنصح به أبداً. أطلبوا استرداد أموالكم.,2023-10-09 04:38:53
1137,28,1492,21,4,منتج جيد استلمته بسرعة ويعمل بشكل ممتاز.,2023-10-13 02:47:04
1138,179,4081,6,5,منتج رائع جداً فاق توقعاتي بكل المقاييس. أنصح به بشدة.,2024-06-11 01:16:44
1139,83,6747,53,3,متوسط ويؤدي وظيفته لكنه ليس بالجودة التي توقعتها.,2023-03-01 09:17:19
1140,40,7076,29,4,تجربة جيدة بشكل عام والمنتج يؤدي وظيفته على أكمل وجه.,2024-05-27 18:11:08
1141,273,7344,42,4,جودة عالية والسعر معقول فقط التغليف كان بسيطاً قليلاً.,2024-03-02 08:52:58
1142,399,1196,4,3,التوصيل كان متأخراً وتغليف المنتج جاء مجعّداً قليلاً.,2024-09-25 19:50:07
1143,9,8439,32,3,التوصيل كان متأخراً وتغليف المنتج جاء مجعّداً قليلاً.,2023-01-07 17:34:46
1144,200,7775,4,5,أفضل منتج اشتريته منذ فترة طويلة وأنصح الجميع بتجربته.,2023-05-10 14:29:02
1145,462,4729,34,5,جودة ممتازة والشحن كان سريعاً وسأشتري مجدداً بالتأكيد.,2024-02-10 07:12:00
1146,226,255,138,5,ممتاز جداً ويستحق كل ريال. التغليف أنيق والجودة عالية.,2023-05-13 19:09:47
1147,363,5228,2,3,جيد للاستخدام البسيط لكن السعر مرتفع نسبياً لهذه الجودة.,2023-03-13 21:58:16
1148,498,9525,79,4,منتج جيد استلمته بسرعة ويعمل بشكل ممتاز.,2023-11-05 22:04:43
1149,149,4523,39,4,مطابق للوصف تقريباً والجودة جيدة وسأوصي به لأصدقائي.,2024-11-06 06:45:27
1150,46,3929,18,4,تجربة جيدة بشكل عام والمنتج يؤدي وظيفته على أكمل وجه.,2024-10-01 06:58:26
1151,391,1475,28,4,جودة عالية والسعر معقول فقط التغليف كان بسيطاً قليلاً.,2023-08-25 20:12:10
1152,398,4592,32,3,المنتج مقبول لكن هناك بدائل أفضل بنفس السعر في السوق.,2024-11-28 02:38:23
1153,70,1665,84,5,منتج رائع جداً فاق توقعاتي بكل المقاييس. أنصح به بشدة.,2024-02-13 00:28:13
1154,474,6360,179,3,التوصيل كان متأخراً وتغليف المنتج جاء مجعّداً قليلاً.,2024-04-13 12:27:28
1155,29,7028,160,4,تجربة جيدة بشكل عام والمنتج يؤدي وظيفته على أكمل وجه.,2023-05-03 21:56:01
1156,389,8586,48,5,تجربة شراء رائعة والمنتج وصل بحالة مثالية وبالمواصفات المطلوبة.,2024-08-02 18:09:58
1157,466,910,1,5,ممتاز جداً ويستحق كل ريال. التغليف أنيق والجودة عالية.,2024-02-17 00:24:56
1158,198,4905,54,4,مطابق للوصف تقريباً والجودة جيدة وسأوصي به لأصدقائي.,2023-11-15 23:01:21
1159,153,5061,57,5,جودة ممتازة والشحن كان سريعاً وسأشتري مجدداً بالتأكيد.,2024-12-30 01:42:49
1160,419,3332,31,5,جودة ممتازة والشحن كان سريعاً وسأشتري مجدداً بالتأكيد.,2023-03-12 16:41:29
1161,325,7361,2,4,مطابق للوصف تقريباً والجودة جيدة وسأوصي به لأصدقائي.,2023-02-19 17:41:39
1162,295,1031,1,4,تجربة جيدة بشكل عام والمنتج يؤدي وظيفته على أكمل وجه.,2023-03-06 17:49:56
1163,28,904,31,4,تجربة جيدة بشكل عام والمنتج يؤدي وظيفته على أكمل وجه.,2023-09-30 10:02:15
1164,156,428,41,5,منتج رائع جداً فاق توقعاتي بكل المقاييس. أنصح به بشدة.,2024-03-17 10:21:48
1165,314,2443,3,3,جيد للاستخدام البسيط لكن السعر مرتفع نسبياً لهذه الجودة.,2024-10-15 20:37:48
1166,430,4762,117,2,المنتج لم يعمل بشكل صحيح من اليوم الأول وطلبت الإرجاع.,2024-11-08 01:19:03
1167,319,7055,32,5,أفضل منتج اشتريته منذ فترة طويلة وأنصح الجميع بتجربته.,2023-06-20 19:17:40
1168,161,9157,31,3,التوصيل كان متأخراً وتغليف المنتج جاء مجعّداً قليلاً.,2024-07-26 18:35:00
1169,8,7078,53,5,منتج رائع جداً فاق توقعاتي بكل المقاييس. أنصح به بشدة.,2024-02-17 00:10:37
1170,264,9278,35,4,تجربة جيدة بشكل عام والمنتج يؤدي وظيفته على أكمل وجه.,2023-01-21 21:36:26
1171,3,952,170,3,التوصيل كان متأخراً وتغليف المنتج جاء مجعّداً قليلاً.,2023-10-25 01:27:15
1172,52,816,126,4,جودة عالية والسعر معقول فقط التغليف كان بسيطاً قليلاً.,2023-07-18 22:09:44
1173,96,13,47,5,تجربة شراء رائعة والمنتج وصل بحالة مثالية وبالمواصفات المطلوبة.,2024-06-07 10:40:46
1174,67,1379,147,5,أفضل منتج اشتريته منذ فترة طويلة وأنصح الجميع بتجربته.,2023-06-09 23:50:23
1175,90,5218,9,4,منتج جيد استلمته بسرعة ويعمل بشكل ممتاز.,2023-03-10 12:32:52
1176,138,3399,180,5,أفضل منتج اشتريته منذ فترة طويلة وأنصح الجميع بتجربته.,2024-03-20 02:32:19
1177,157,4437,48,1,أسوأ تجربة شراء والمنتج مختلف تماماً عن الصور والوصف.,2023-08-08 02:20:34
1178,401,4465,53,4,منتج جيد جداً وبسعر مناسب والشحن كان في الموعد.,2023-08-22 18:49:39
1179,349,6029,147,1,أسوأ تجربة شراء والمنتج مختلف تماماً عن الصور والوصف.,2024-12-03 17:43:30
1180,17,2349,42,5,تجربة شراء رائعة والمنتج وصل بحالة مثالية وبالمواصفات المطلوبة.,2023-11-02 04:40:12
1181,391,7374,18,5,منتج رائع جداً فاق توقعاتي بكل المقاييس. أنصح به بشدة.,2023-05-28 21:57:06
1182,178,1118,138,5,أفضل منتج اشتريته منذ فترة طويلة وأنصح الجميع بتجربته.,2023-03-09 05:49:47
1183,37,804,18,2,لم يكن بالجودة المتوقعة وغير مطابق للصور بشكل واضح.,2024-08-26 04:23:38
1184,210,674,53,1,تجربة مروعة ووصل المنتج مكسوراً ومختلفاً عن المواصفات.,2023-01-26 22:23:30
1185,307,1138,54,4,مطابق للوصف تقريباً والجودة جيدة وسأوصي به لأصدقائي.,2024-09-03 16:20:03
1186,2,392,6,5,منتج رائع جداً فاق توقعاتي بكل المقاييس. أنصح به بشدة.,2023-03-07 07:01:12
1187,423,403,42,5,جودة ممتازة والشحن كان سريعاً وسأشتري مجدداً بالتأكيد.,2024-02-27 21:03:26
1188,228,3617,38,4,مطابق للوصف تقريباً والجودة جيدة وسأوصي به لأصدقائي.,2024-06-09 21:18:33
1189,36,7406,50,1,تجربة مروعة ووصل المنتج مكسوراً ومختلفاً عن المواصفات.,2023-10-04 16:20:15
1190,334,9192,2,3,التوصيل كان متأخراً وتغليف المنتج جاء مجعّداً قليلاً.,2024-10-26 21:14:58
1191,162,3372,6,3,المنتج مقبول لكن هناك بدائل أفضل بنفس السعر في السوق.,2024-11-10 09:41:15
1192,238,9029,32,4,منتج جيد استلمته بسرعة ويعمل بشكل ممتاز.,2024-11-01 20:58:28
1193,19,6085,29,4,منتج جيد استلمته بسرعة ويعمل بشكل ممتاز.,2024-04-29 16:41:58
1194,101,693,3,5,أفضل منتج اشتريته منذ فترة طويلة وأنصح الجميع بتجربته.,2023-10-12 00:52:03
1195,178,5500,10,4,مطابق للوصف تقريباً والجودة جيدة وسأوصي به لأصدقائي.,2024-10-08 10:16:43
1196,423,2952,3,4,منتج جيد استلمته بسرعة ويعمل بشكل ممتاز.,2024-04-12 20:37:03
1197,190,7034,160,4,منتج جيد جداً وبسعر مناسب والشحن كان في الموعد.,2024-07-01 15:48:30
1198,288,9602,17,5,منتج رائع جداً فاق توقعاتي بكل المقاييس. أنصح به بشدة.,2024-08-13 10:58:14
1199,396,116,4,5,تجربة شراء رائعة والمنتج وصل بحالة مثالية وبالمواصفات المطلوبة.,2023-08-07 08:18:53
1200,183,3093,3,2,التغليف كان سيئاً والمنتج تعرّض لأضرار أثناء الشحن.,2024-11-04 17:15:49
1201,334,8380,135,5,منتج رائع جداً فاق توقعاتي بكل المقاييس. أنصح به بشدة.,2023-07-19 16:00:26
1202,53,5156,150,5,ممتاز جداً ويستحق كل ريال. التغليف أنيق والجودة عالية.,2023-11-29 08:24:32
1203,73,5437,198,4,مطابق للوصف تقريباً والجودة جيدة وسأوصي به لأصدقائي.,2024-03-28 06:10:37
1204,230,8915,47,5,منتج رائع جداً فاق توقعاتي بكل المقاييس. أنصح به بشدة.,2023-07-18 15:09:10
1205,66,7334,137,5,أفضل منتج اشتريته منذ فترة طويلة وأنصح الجميع بتجربته.,2024-06-23 22:16:15
1206,332,714,89,5,أفضل منتج اشتريته منذ فترة طويلة وأنصح الجميع بتجربته.,2023-08-11 09:50:29
1207,362,1008,48,4,مطابق للوصف تقريباً والجودة جيدة وسأوصي به لأصدقائي.,2024-07-01 00:02:17
1208,393,7853,31,5,منتج رائع جداً فاق توقعاتي بكل المقاييس. أنصح به بشدة.,2024-09-26 20:00:34
1209,110,2287,3,1,لا يستحق حتى نجمة واحدة وجودة رديئة جداً مع سعر مرتفع.,2024-05-29 21:45:59
1210,75,8955,180,5,جودة ممتازة والشحن كان سريعاً وسأشتري مجدداً بالتأكيد.,2024-02-05 19:30:00
1211,14,1048,10,5,ممتاز جداً ويستحق كل ريال. التغليف أنيق والجودة عالية.,2024-12-21 06:28:53
1212,68,1350,29,1,المنتج لا يعمل من الأساس وتواصلت مع الدعم ولم يتجاوبوا.,2024-07-27 13:37:34
1213,169,6218,19,4,منتج جيد استلمته بسرعة ويعمل بشكل ممتاز.,2023-03-12 06:06:26
1214,45,9065,41,4,منتج جيد جداً وبسعر مناسب والشحن كان في الموعد.,2024-11-21 04:58:45
1215,21,6350,6,5,جودة ممتازة والشحن كان سريعاً وسأشتري مجدداً بالتأكيد.,2023-10-10 05:34:53
1216,151,9046,6,5,منتج رائع جداً فاق توقعاتي بكل المقاييس. أنصح به بشدة.,2023-10-28 08:52:46
1217,76,1593,161,5,منتج رائع جداً فاق توقعاتي بكل المقاييس. أنصح به بشدة.,2023-02-19 21:13:36
1218,209,4166,3,5,ممتاز جداً ويستحق كل ريال. التغليف أنيق والجودة عالية.,2023-09-03 08:57:03
1219,168,3010,26,5,جودة ممتازة والشحن كان سريعاً وسأشتري مجدداً بالتأكيد.,2023-01-28 05:06:57
1220,111,7806,31,3,المنتج مقبول لكن هناك بدائل أفضل بنفس السعر في السوق.,2024-11-03 14:04:36
1221,48,3652,1,5,أفضل منتج اشتريته منذ فترة طويلة وأنصح الجميع بتجربته.,2024-11-15 07:23:13
1222,400,4753,149,3,المنتج مقبول ولكن يحتاج بعض التحسينات في الجودة.,2024-04-24 08:44:14
1223,35,5529,32,5,منتج رائع جداً فاق توقعاتي بكل المقاييس. أنصح به بشدة.,2024-11-30 20:12:57
1224,424,6018,35,4,جودة عالية والسعر معقول فقط التغليف كان بسيطاً قليلاً.,2024-02-10 14:37:41
1225,374,3636,22,5,تجربة شراء رائعة والمنتج وصل بحالة مثالية وبالمواصفات المطلوبة.,2023-09-27 01:18:48
1226,113,8242,152,3,المنتج مقبول ولكن يحتاج بعض التحسينات في الجودة.,2023-10-15 20:10:52
1227,84,2664,5,1,منتج سيء جداً لا أنصح به أبداً. أطلبوا استرداد أموالكم.,2024-05-05 03:21:14
1228,456,8096,26,4,جودة عالية والسعر معقول فقط التغليف كان بسيطاً قليلاً.,2023-07-22 11:10:14
1229,36,3913,51,5,منتج رائع جداً فاق توقعاتي بكل المقاييس. أنصح به بشدة.,2023-03-10 07:35:07
1230,367,4017,134,5,جودة ممتازة والشحن كان سريعاً وسأشتري مجدداً بالتأكيد.,2024-10-06 02:34:15
1231,161,2224,7,4,منتج جيد استلمته بسرعة ويعمل بشكل ممتاز.,2024-05-10 18:01:55
1232,238,3197,105,3,جيد للاستخدام البسيط لكن السعر مرتفع نسبياً لهذه الجودة.,2024-10-16 05:15:33
1233,448,2987,47,4,جودة عالية والسعر معقول فقط التغليف كان بسيطاً قليلاً.,2024-07-28 12:24:40
1234,258,6037,41,1,المنتج لا يعمل من الأساس وتواصلت مع الدعم ولم يتجاوبوا.,2024-02-14 17:55:12
1235,238,9434,54,4,منتج جيد استلمته بسرعة ويعمل بشكل ممتاز.,2024-04-13 06:13:46
1236,397,2091,42,4,منتج جيد جداً وبسعر مناسب والشحن كان في الموعد.,2023-04-02 19:59:00
1237,351,908,132,5,منتج رائع جداً فاق توقعاتي بكل المقاييس. أنصح به بشدة.,2023-11-22 08:54:49
1238,417,3077,132,3,التوصيل كان متأخراً وتغليف المنتج جاء مجعّداً قليلاً.,2024-06-25 01:51:12
1239,84,5548,47,5,جودة ممتازة والشحن كان سريعاً وسأشتري مجدداً بالتأكيد.,2024-09-21 09:36:50
1240,390,5789,187,4,تجربة جيدة بشكل عام والمنتج يؤدي وظيفته على أكمل وجه.,2023-11-05 10:38:16
1241,363,4580,64,1,لا يستحق حتى نجمة واحدة وجودة رديئة جداً مع سعر مرتفع.,2023-06-01 16:28:53
1242,218,4610,34,4,جودة عالية والسعر معقول فقط التغليف كان بسيطاً قليلاً.,2024-03-06 09:58:33
1243,145,5104,54,5,تجربة شراء رائعة والمنتج وصل بحالة مثالية وبالمواصفات المطلوبة.,2023-07-25 18:15:11
1244,395,1530,97,1,أسوأ تجربة شراء والمنتج مختلف تماماً عن الصور والوصف.,2023-01-05 16:11:35
1245,136,5172,197,5,جودة ممتازة والشحن كان سريعاً وسأشتري مجدداً بالتأكيد.,2024-02-27 00:03:19
1246,494,3181,1,4,جودة عالية والسعر معقول فقط التغليف كان بسيطاً قليلاً.,2023-11-09 00:15:50
1247,354,2305,50,5,منتج رائع جداً فاق توقعاتي بكل المقاييس. أنصح به بشدة.,2023-02-20 07:44:19
1248,359,5439,26,4,تجربة جيدة بشكل عام والمنتج يؤدي وظيفته على أكمل وجه.,2024-02-27 00:30:34
1249,160,3784,10,5,تجربة شراء رائعة والمنتج وصل بحالة مثالية وبالمواصفات المطلوبة.,2023-03-14 12:28:37
1250,184,9393,56,4,منتج جيد استلمته بسرعة ويعمل بشكل ممتاز.,2024-03-17 18:40:12
1251,19,3071,172,5,أفضل منتج اشتريته منذ فترة طويلة وأنصح الجميع بتجربته.,2024-03-11 08:53:17
1252,352,9568,51,3,المنتج مقبول لكن هناك بدائل أفضل بنفس السعر في السوق.,2024-10-11 11:43:48
1253,169,9263,117,1,أسوأ تجربة شراء والمنتج مختلف تماماً عن الصور والوصف.,2024-11-03 22:36:47
1254,134,3516,2,2,جودة ضعيفة للأسف ولن أشتري من هذا البائع مرة أخرى.,2023-10-06 14:41:13
1255,176,8515,77,5,ممتاز جداً ويستحق كل ريال. التغليف أنيق والجودة عالية.,2023-06-26 02:54:50
1256,469,1352,37,5,تجربة شراء رائعة والمنتج وصل بحالة مثالية وبالمواصفات المطلوبة.,2024-03-19 10:16:29
1257,116,1581,35,3,المنتج مقبول لكن هناك بدائل أفضل بنفس السعر في السوق.,2023-02-26 22:37:06
1258,452,285,51,5,تجربة شراء رائعة والمنتج وصل بحالة مثالية وبالمواصفات المطلوبة.,2024-06-04 10:15:23
1259,171,1065,127,2,المنتج لم يعمل بشكل صحيح من اليوم الأول وطلبت الإرجاع.,2024-12-01 12:18:49
1260,30,2181,4,4,مطابق للوصف تقريباً والجودة جيدة وسأوصي به لأصدقائي.,2024-12-16 04:17:16
1261,237,8970,54,4,تجربة جيدة بشكل عام والمنتج يؤدي وظيفته على أكمل وجه.,2024-05-05 13:35:03
1262,109,3940,24,5,أفضل منتج اشتريته منذ فترة طويلة وأنصح الجميع بتجربته.,2024-12-14 23:24:43
1263,211,150,189,4,جودة عالية والسعر معقول فقط التغليف كان بسيطاً قليلاً.,2024-11-28 00:15:12
1264,208,62,46,5,تجربة شراء رائعة والمنتج وصل بحالة مثالية وبالمواصفات المطلوبة.,2024-07-06 17:22:38
1265,78,7852,50,5,أفضل منتج اشتريته منذ فترة طويلة وأنصح الجميع بتجربته.,2024-11-20 01:04:23
1266,339,3949,2,1,أسوأ تجربة شراء والمنتج مختلف تماماً عن الصور والوصف.,2023-07-30 12:00:36
1267,391,1443,31,5,جودة ممتازة والشحن كان سريعاً وسأشتري مجدداً بالتأكيد.,2023-09-09 17:33:13
1268,328,1725,39,4,منتج جيد استلمته بسرعة ويعمل بشكل ممتاز.,2024-11-20 02:29:07
1269,377,4086,16,5,جودة ممتازة والشحن كان سريعاً وسأشتري مجدداً بالتأكيد.,2023-04-18 05:08:21
1270,212,3159,41,5,منتج رائع جداً فاق توقعاتي بكل المقاييس. أنصح به بشدة.,2024-12-10 07:47:13
1271,156,5961,14,3,المنتج مقبول لكن هناك بدائل أفضل بنفس السعر في السوق.,2023-07-06 11:01:27
1272,203,1059,3,5,منتج رائع جداً فاق توقعاتي بكل المقاييس. أنصح به بشدة.,2024-02-09 11:19:29
1273,273,3782,59,5,تجربة شراء رائعة والمنتج وصل بحالة مثالية وبالمواصفات المطلوبة.,2023-04-11 11:51:22
1274,378,9741,51,5,منتج رائع جداً فاق توقعاتي بكل المقاييس. أنصح به بشدة.,2023-08-13 09:37:06
1275,322,1957,48,4,مطابق للوصف تقريباً والجودة جيدة وسأوصي به لأصدقائي.,2023-03-20 03:38:50
1276,220,8386,15,4,منتج جيد استلمته بسرعة ويعمل بشكل ممتاز.,2023-11-14 18:24:12
1277,41,5460,29,3,متوسط ويؤدي وظيفته لكنه ليس بالجودة التي توقعتها.,2024-02-25 16:48:24
1278,479,9296,37,2,خيّبت الآمال والمنتج لا يشبه الوصف ولا الصور المعروضة.,2024-11-13 06:00:14
1279,344,8392,26,5,أفضل منتج اشتريته منذ فترة طويلة وأنصح الجميع بتجربته.,2024-11-17 19:31:07
1280,319,5019,54,5,جودة ممتازة والشحن كان سريعاً وسأشتري مجدداً بالتأكيد.,2023-04-29 06:33:47
1281,427,3829,42,4,منتج جيد استلمته بسرعة ويعمل بشكل ممتاز.,2024-04-11 15:19:10
1282,76,8241,25,5,ممتاز جداً ويستحق كل ريال. التغليف أنيق والجودة عالية.,2023-12-14 19:44:24
1283,219,7874,10,4,مطابق للوصف تقريباً والجودة جيدة وسأوصي به لأصدقائي.,2024-03-01 00:52:25
1284,299,8633,25,5,منتج رائع جداً فاق توقعاتي بكل المقاييس. أنصح به بشدة.,2024-12-20 17:57:55
1285,8,7916,34,2,جودة ضعيفة للأسف ولن أشتري من هذا البائع مرة أخرى.,2024-02-14 05:11:48
1286,488,7117,4,5,ممتاز جداً ويستحق كل ريال. التغليف أنيق والجودة عالية.,2023-04-14 07:20:18
1287,275,8111,10,5,جودة ممتازة والشحن كان سريعاً وسأشتري مجدداً بالتأكيد.,2023-09-16 04:55:42
1288,342,8820,102,4,منتج جيد استلمته بسرعة ويعمل بشكل ممتاز.,2024-10-21 14:26:57
1289,9,8845,39,4,جودة عالية والسعر معقول فقط التغليف كان بسيطاً قليلاً.,2023-02-18 21:26:49
1290,419,6040,26,5,ممتاز جداً ويستحق كل ريال. التغليف أنيق والجودة عالية.,2024-07-01 16:08:03
1291,423,8917,1,3,متوسط ويؤدي وظيفته لكنه ليس بالجودة التي توقعتها.,2024-02-29 02:44:12
1292,250,7039,42,2,خيّبت الآمال والمنتج لا يشبه الوصف ولا الصور المعروضة.,2023-06-24 23:54:15
1293,117,6197,47,5,أفضل منتج اشتريته منذ فترة طويلة وأنصح الجميع بتجربته.,2023-06-10 04:24:30
1294,391,8507,37,5,منتج رائع جداً فاق توقعاتي بكل المقاييس. أنصح به بشدة.,2023-12-12 13:42:39
1295,246,4626,139,5,أفضل منتج اشتريته منذ فترة طويلة وأنصح الجميع بتجربته.,2023-01-12 03:29:52
1296,201,612,31,5,تجربة شراء رائعة والمنتج وصل بحالة مثالية وبالمواصفات المطلوبة.,2024-02-06 16:24:40
1297,76,1593,126,4,منتج جيد استلمته بسرعة ويعمل بشكل ممتاز.,2023-02-24 20:13:36
1298,141,2131,31,4,منتج جيد استلمته بسرعة ويعمل بشكل ممتاز.,2023-09-28 18:05:58
1299,86,5593,30,5,تجربة شراء رائعة والمنتج وصل بحالة مثالية وبالمواصفات المطلوبة.,2023-02-09 03:30:49
1300,458,8226,32,5,منتج رائع جداً فاق توقعاتي بكل المقاييس. أنصح به بشدة.,2024-02-16 07:20:26
1301,471,7437,53,4,تجربة جيدة بشكل عام والمنتج يؤدي وظيفته على أكمل وجه.,2024-08-28 03:55:07
1302,470,4474,4,5,أفضل منتج اشتريته منذ فترة طويلة وأنصح الجميع بتجربته.,2023-04-27 10:00:13
1303,94,3958,151,4,مطابق للوصف تقريباً والجودة جيدة وسأوصي به لأصدقائي.,2024-09-16 16:47:51
1304,313,900,25,4,تجربة جيدة بشكل عام والمنتج يؤدي وظيفته على أكمل وجه.,2024-07-10 07:45:10
1305,261,5483,6,5,تجربة شراء رائعة والمنتج وصل بحالة مثالية وبالمواصفات المطلوبة.,2023-04-29 23:05:34
1306,273,5385,196,5,ممتاز جداً ويستحق كل ريال. التغليف أنيق والجودة عالية.,2023-03-31 10:08:00
1307,203,5241,42,4,مطابق للوصف تقريباً والجودة جيدة وسأوصي به لأصدقائي.,2023-12-07 03:34:12
1308,470,4734,156,4,مطابق للوصف تقريباً والجودة جيدة وسأوصي به لأصدقائي.,2024-01-11 03:56:51
1309,416,3433,9,5,تجربة شراء رائعة والمنتج وصل بحالة مثالية وبالمواصفات المطلوبة.,2023-12-02 08:23:44
1310,245,4046,42,4,مطابق للوصف تقريباً والجودة جيدة وسأوصي به لأصدقائي.,2024-05-22 06:20:41
1311,415,1831,162,4,جودة عالية والسعر معقول فقط التغليف كان بسيطاً قليلاً.,2023-05-09 22:06:35
1312,212,8440,34,4,منتج جيد جداً وبسعر مناسب والشحن كان في الموعد.,2024-04-16 06:47:06
1313,25,1095,35,4,منتج جيد استلمته بسرعة ويعمل بشكل ممتاز.,2023-02-19 06:13:23
1314,59,8999,28,4,مطابق للوصف تقريباً والجودة جيدة وسأوصي به لأصدقائي.,2025-01-04 01:22:10
1315,367,1795,83,1,تجربة مروعة ووصل المنتج مكسوراً ومختلفاً عن المواصفات.,2023-02-28 20:40:59
1316,172,547,22,4,جودة عالية والسعر معقول فقط التغليف كان بسيطاً قليلاً.,2023-09-05 21:12:51
1317,497,6415,121,4,جودة عالية والسعر معقول فقط التغليف كان بسيطاً قليلاً.,2024-08-22 12:53:36
1318,96,3335,128,4,مطابق للوصف تقريباً والجودة جيدة وسأوصي به لأصدقائي.,2024-08-28 04:23:23
1319,451,3302,28,4,مطابق للوصف تقريباً والجودة جيدة وسأوصي به لأصدقائي.,2023-11-06 20:06:03
1320,287,9464,53,5,ممتاز جداً ويستحق كل ريال. التغليف أنيق والجودة عالية.,2023-05-18 08:56:30
1321,70,2560,1,1,المنتج لا يعمل من الأساس وتواصلت مع الدعم ولم يتجاوبوا.,2024-01-14 15:31:15
1322,33,2711,3,4,منتج جيد استلمته بسرعة ويعمل بشكل ممتاز.,2023-05-07 03:51:17
1323,465,2677,30,5,منتج رائع جداً فاق توقعاتي بكل المقاييس. أنصح به بشدة.,2023-11-02 03:59:39
1324,275,7880,93,5,ممتاز جداً ويستحق كل ريال. التغليف أنيق والجودة عالية.,2024-05-02 22:34:53
1325,254,4810,25,4,مطابق للوصف تقريباً والجودة جيدة وسأوصي به لأصدقائي.,2024-03-29 19:16:30
1326,350,1557,92,5,أفضل منتج اشتريته منذ فترة طويلة وأنصح الجميع بتجربته.,2023-05-15 04:22:53
1327,122,2078,50,5,تجربة شراء رائعة والمنتج وصل بحالة مثالية وبالمواصفات المطلوبة.,2023-01-31 22:45:32
1328,45,4057,29,5,تجربة شراء رائعة والمنتج وصل بحالة مثالية وبالمواصفات المطلوبة.,2024-06-15 13:43:25
1329,443,3566,3,4,تجربة جيدة بشكل عام والمنتج يؤدي وظيفته على أكمل وجه.,2023-05-05 15:54:19
1330,320,5086,54,5,منتج رائع جداً فاق توقعاتي بكل المقاييس. أنصح به بشدة.,2023-05-04 15:49:44
1331,255,8700,3,4,جودة عالية والسعر معقول فقط التغليف كان بسيطاً قليلاً.,2023-11-07 17:20:26
1332,336,5318,66,5,جودة ممتازة والشحن كان سريعاً وسأشتري مجدداً بالتأكيد.,2023-04-25 16:35:03
1333,42,3610,77,3,المنتج مقبول ولكن يحتاج بعض التحسينات في الجودة.,2023-11-22 18:37:34
1334,72,8319,1,5,ممتاز جداً ويستحق كل ريال. التغليف أنيق والجودة عالية.,2024-02-16 13:34:43
1335,198,4905,51,5,ممتاز جداً ويستحق كل ريال. التغليف أنيق والجودة عالية.,2023-11-09 15:01:21
1336,74,8036,41,3,المنتج مقبول ولكن يحتاج بعض التحسينات في الجودة.,2023-03-10 07:03:01
1337,490,932,46,4,منتج جيد جداً وبسعر مناسب والشحن كان في الموعد.,2024-04-06 12:45:17
1338,205,5873,50,4,منتج جيد جداً وبسعر مناسب والشحن كان في الموعد.,2023-06-20 20:44:31
1339,195,7592,31,5,تجربة شراء رائعة والمنتج وصل بحالة مثالية وبالمواصفات المطلوبة.,2024-12-12 19:49:30
1340,179,4642,9,5,جودة ممتازة والشحن كان سريعاً وسأشتري مجدداً بالتأكيد.,2023-02-12 17:49:59
1341,78,124,41,5,تجربة شراء رائعة والمنتج وصل بحالة مثالية وبالمواصفات المطلوبة.,2023-08-24 10:04:41
1342,151,9046,2,5,جودة ممتازة والشحن كان سريعاً وسأشتري مجدداً بالتأكيد.,2023-11-01 10:52:46
1343,335,7703,50,5,منتج رائع جداً فاق توقعاتي بكل المقاييس. أنصح به بشدة.,2023-06-20 02:29:29
1344,385,83,29,5,منتج رائع جداً فاق توقعاتي بكل المقاييس. أنصح به بشدة.,2023-03-21 01:22:04
1345,444,6598,39,5,منتج رائع جداً فاق توقعاتي بكل المقاييس. أنصح به بشدة.,2024-02-20 22:06:14
1346,315,3590,47,4,تجربة جيدة بشكل عام والمنتج يؤدي وظيفته على أكمل وجه.,2024-07-11 20:05:59
1347,279,4997,53,5,منتج رائع جداً فاق توقعاتي بكل المقاييس. أنصح به بشدة.,2023-07-01 12:09:17
1348,477,4237,15,4,مطابق للوصف تقريباً والجودة جيدة وسأوصي به لأصدقائي.,2024-02-28 09:03:44
1349,180,5308,26,4,مطابق للوصف تقريباً والجودة جيدة وسأوصي به لأصدقائي.,2024-12-19 12:20:46
1350,335,9577,2,5,ممتاز جداً ويستحق كل ريال. التغليف أنيق والجودة عالية.,2024-08-26 21:02:33
1351,172,5205,51,5,منتج رائع جداً فاق توقعاتي بكل المقاييس. أنصح به بشدة.,2024-09-08 13:38:50
1352,467,8840,2,5,أفضل منتج اشتريته منذ فترة طويلة وأنصح الجميع بتجربته.,2023-06-21 10:38:06
1353,435,8757,108,5,أفضل منتج اشتريته منذ فترة طويلة وأنصح الجميع بتجربته.,2024-12-29 17:26:34
1354,260,8597,34,4,جودة عالية والسعر معقول فقط التغليف كان بسيطاً قليلاً.,2023-11-01 22:22:08
1355,388,7099,188,5,أفضل منتج اشتريته منذ فترة طويلة وأنصح الجميع بتجربته.,2023-09-13 12:32:05
1356,193,9917,89,4,منتج جيد جداً وبسعر مناسب والشحن كان في الموعد.,2023-08-02 06:09:59
1357,114,7234,41,5,تجربة شراء رائعة والمنتج وصل بحالة مثالية وبالمواصفات المطلوبة.,2024-11-17 05:25:47
1358,243,6825,37,5,ممتاز جداً ويستحق كل ريال. التغليف أنيق والجودة عالية.,2023-12-25 03:41:34
1359,43,1917,9,5,جودة ممتازة والشحن كان سريعاً وسأشتري مجدداً بالتأكيد.,2023-09-24 13:30:04
1360,358,8248,10,5,منتج رائع جداً فاق توقعاتي بكل المقاييس. أنصح به بشدة.,2023-06-30 05:29:11
1361,131,4504,107,5,جودة ممتازة والشحن كان سريعاً وسأشتري مجدداً بالتأكيد.,2024-01-23 13:50:13
1362,46,8312,37,5,جودة ممتازة والشحن كان سريعاً وسأشتري مجدداً بالتأكيد.,2023-06-24 22:35:55
1363,488,6909,31,5,ممتاز جداً ويستحق كل ريال. التغليف أنيق والجودة عالية.,2023-02-25 11:40:25
1364,51,9948,6,5,تجربة شراء رائعة والمنتج وصل بحالة مثالية وبالمواصفات المطلوبة.,2023-06-18 23:14:49
1365,455,3786,32,5,ممتاز جداً ويستحق كل ريال. التغليف أنيق والجودة عالية.,2024-03-13 18:13:02
1366,190,7003,195,5,ممتاز جداً ويستحق كل ريال. التغليف أنيق والجودة عالية.,2024-05-24 09:23:07
1367,313,4843,46,4,منتج جيد جداً وبسعر مناسب والشحن كان في الموعد.,2024-09-15 00:49:49
1368,330,6822,37,5,أفضل منتج اشتريته منذ فترة طويلة وأنصح الجميع بتجربته.,2024-11-08 20:19:06
1369,197,9081,9,4,جودة عالية والسعر معقول فقط التغليف كان بسيطاً قليلاً.,2024-11-05 01:34:20
1370,206,729,58,5,ممتاز جداً ويستحق كل ريال. التغليف أنيق والجودة عالية.,2023-03-12 03:51:52
1371,441,8898,29,4,منتج جيد استلمته بسرعة ويعمل بشكل ممتاز.,2023-03-31 20:22:56
1372,241,4847,34,5,جودة ممتازة والشحن كان سريعاً وسأشتري مجدداً بالتأكيد.,2024-05-22 01:30:04
1373,285,2446,32,5,ممتاز جداً ويستحق كل ريال. التغليف أنيق والجودة عالية.,2023-07-10 23:08:41
1374,218,7541,145,4,منتج جيد جداً وبسعر مناسب والشحن كان في الموعد.,2023-03-23 21:24:59
1375,500,6389,29,5,جودة ممتازة والشحن كان سريعاً وسأشتري مجدداً بالتأكيد.,2023-06-20 06:23:42
1376,12,8568,160,3,التوصيل كان متأخراً وتغليف المنتج جاء مجعّداً قليلاً.,2024-05-21 01:32:03
1377,377,2242,6,5,جودة ممتازة والشحن كان سريعاً وسأشتري مجدداً بالتأكيد.,2023-09-08 12:46:13
1378,220,8174,6,3,التوصيل كان متأخراً وتغليف المنتج جاء مجعّداً قليلاً.,2024-07-29 01:50:26
1379,359,6636,114,2,المنتج لم يعمل بشكل صحيح من اليوم الأول وطلبت الإرجاع.,2024-12-10 11:32:43
1380,381,5280,103,4,مطابق للوصف تقريباً والجودة جيدة وسأوصي به لأصدقائي.,2023-02-16 20:17:10
1381,121,6719,31,5,جودة ممتازة والشحن كان سريعاً وسأشتري مجدداً بالتأكيد.,2024-04-25 01:41:36
1382,51,3917,86,2,لم يكن بالجودة المتوقعة وغير مطابق للصور بشكل واضح.,2023-12-06 10:04:43
1383,263,3130,4,5,منتج رائع جداً فاق توقعاتي بكل المقاييس. أنصح به بشدة.,2024-02-02 16:25:05
1384,321,9050,4,3,المنتج مقبول لكن هناك بدائل أفضل بنفس السعر في السوق.,2023-02-14 22:57:12
1385,205,1781,3,5,تجربة شراء رائعة والمنتج وصل بحالة مثالية وبالمواصفات المطلوبة.,2023-01-22 12:44:52
1386,371,7779,14,3,التوصيل كان متأخراً وتغليف المنتج جاء مجعّداً قليلاً.,2024-10-25 18:23:46
1387,405,1815,35,5,جودة ممتازة والشحن كان سريعاً وسأشتري مجدداً بالتأكيد.,2023-03-18 02:22:49
1388,168,606,118,5,تجربة شراء رائعة والمنتج وصل بحالة مثالية وبالمواصفات المطلوبة.,2023-10-31 00:31:15
1389,478,4533,50,4,منتج جيد استلمته بسرعة ويعمل بشكل ممتاز.,2024-01-22 12:30:04
1390,471,1950,38,4,تجربة جيدة بشكل عام والمنتج يؤدي وظيفته على أكمل وجه.,2023-11-03 09:44:52
1391,453,6785,3,5,جودة ممتازة والشحن كان سريعاً وسأشتري مجدداً بالتأكيد.,2023-07-21 04:32:37
1392,327,8745,117,5,منتج رائع جداً فاق توقعاتي بكل المقاييس. أنصح به بشدة.,2023-10-31 05:06:44
1393,311,7634,26,4,منتج جيد جداً وبسعر مناسب والشحن كان في الموعد.,2024-12-30 18:42:51
1394,156,4507,175,5,تجربة شراء رائعة والمنتج وصل بحالة مثالية وبالمواصفات المطلوبة.,2024-07-30 07:24:22
1395,355,2734,63,5,منتج رائع جداً فاق توقعاتي بكل المقاييس. أنصح به بشدة.,2023-05-04 09:14:19
1396,394,9151,46,5,تجربة شراء رائعة والمنتج وصل بحالة مثالية وبالمواصفات المطلوبة.,2024-07-15 17:41:00
1397,204,1611,51,5,جودة ممتازة والشحن كان سريعاً وسأشتري مجدداً بالتأكيد.,2024-08-17 10:51:10
1398,183,5080,48,5,أفضل منتج اشتريته منذ فترة طويلة وأنصح الجميع بتجربته.,2023-04-16 00:59:04
1399,160,3593,37,5,تجربة شراء رائعة والمنتج وصل بحالة مثالية وبالمواصفات المطلوبة.,2024-11-12 20:08:43
1400,9,9651,41,5,منتج رائع جداً فاق توقعاتي بكل المقاييس. أنصح به بشدة.,2024-10-16 12:24:16
1401,432,6524,31,5,ممتاز جداً ويستحق كل ريال. التغليف أنيق والجودة عالية.,2023-11-02 05:42:00
1402,182,6089,132,4,تجربة جيدة بشكل عام والمنتج يؤدي وظيفته على أكمل وجه.,2024-07-14 05:47:24
1403,262,1470,54,4,مطابق للوصف تقريباً والجودة جيدة وسأوصي به لأصدقائي.,2024-05-17 06:11:00
1404,252,9692,32,4,منتج جيد استلمته بسرعة ويعمل بشكل ممتاز.,2023-06-22 23:58:26
1405,439,2796,51,5,جودة ممتازة والشحن كان سريعاً وسأشتري مجدداً بالتأكيد.,2024-09-23 11:34:53
1406,401,6057,81,2,التغليف كان سيئاً والمنتج تعرّض لأضرار أثناء الشحن.,2024-05-08 20:54:27
1407,296,6458,41,4,منتج جيد جداً وبسعر مناسب والشحن كان في الموعد.,2024-05-08 11:41:08
1408,471,8962,31,4,تجربة جيدة بشكل عام والمنتج يؤدي وظيفته على أكمل وجه.,2024-02-27 03:42:25
1409,377,5766,34,4,منتج جيد استلمته بسرعة ويعمل بشكل ممتاز.,2023-07-20 09:02:11
1410,260,5493,22,3,متوسط ويؤدي وظيفته لكنه ليس بالجودة التي توقعتها.,2023-01-25 13:50:18
1411,241,6647,188,5,جودة ممتازة والشحن كان سريعاً وسأشتري مجدداً بالتأكيد.,2024-05-06 13:26:17
1412,26,7616,28,5,تجربة شراء رائعة والمنتج وصل بحالة مثالية وبالمواصفات المطلوبة.,2024-02-14 04:41:28
1413,464,6906,35,4,منتج جيد جداً وبسعر مناسب والشحن كان في الموعد.,2024-07-15 15:54:44
1414,118,3532,25,5,تجربة شراء رائعة والمنتج وصل بحالة مثالية وبالمواصفات المطلوبة.,2024-12-11 04:29:43
1415,333,8812,27,4,منتج جيد جداً وبسعر مناسب والشحن كان في الموعد.,2024-03-14 18:57:03
1416,65,7521,32,5,منتج رائع جداً فاق توقعاتي بكل المقاييس. أنصح به بشدة.,2023-08-27 18:56:31
1417,434,9872,47,4,منتج جيد استلمته بسرعة ويعمل بشكل ممتاز.,2024-12-21 12:30:28
1418,59,6138,2,5,تجربة شراء رائعة والمنتج وصل بحالة مثالية وبالمواصفات المطلوبة.,2024-07-31 00:23:17
1419,31,7964,34,4,منتج جيد جداً وبسعر مناسب والشحن كان في الموعد.,2024-04-24 09:11:23
1420,67,7680,47,5,أفضل منتج اشتريته منذ فترة طويلة وأنصح الجميع بتجربته.,2023-07-13 21:03:34
1421,88,9908,51,5,تجربة شراء رائعة والمنتج وصل بحالة مثالية وبالمواصفات المطلوبة.,2023-09-13 23:49:25
1422,137,643,106,3,التوصيل كان متأخراً وتغليف المنتج جاء مجعّداً قليلاً.,2024-01-01 21:45:42
1423,331,5838,48,5,جودة ممتازة والشحن كان سريعاً وسأشتري مجدداً بالتأكيد.,2023-04-29 09:10:59
1424,494,3419,56,4,منتج جيد استلمته بسرعة ويعمل بشكل ممتاز.,2023-09-01 00:26:29
1425,169,2610,34,3,التوصيل كان متأخراً وتغليف المنتج جاء مجعّداً قليلاً.,2023-12-13 14:49:23
1426,498,2880,39,5,ممتاز جداً ويستحق كل ريال. التغليف أنيق والجودة عالية.,2023-05-24 00:55:55
1427,323,4142,2,4,تجربة جيدة بشكل عام والمنتج يؤدي وظيفته على أكمل وجه.,2023-02-03 17:56:35
1428,340,1757,128,5,تجربة شراء رائعة والمنتج وصل بحالة مثالية وبالمواصفات المطلوبة.,2023-12-25 17:30:27
1429,452,586,48,5,منتج رائع جداً فاق توقعاتي بكل المقاييس. أنصح به بشدة.,2023-09-23 10:47:44
1430,329,7814,178,5,منتج رائع جداً فاق توقعاتي بكل المقاييس. أنصح به بشدة.,2024-01-13 13:57:08
1431,290,2523,1,5,تجربة شراء رائعة والمنتج وصل بحالة مثالية وبالمواصفات المطلوبة.,2024-02-25 13:34:33
1432,498,2186,132,5,ممتاز جداً ويستحق كل ريال. التغليف أنيق والجودة عالية.,2023-09-30 21:26:44
1433,316,1911,3,4,منتج جيد استلمته بسرعة ويعمل بشكل ممتاز.,2023-04-11 02:41:30
1434,126,9249,115,5,أفضل منتج اشتريته منذ فترة طويلة وأنصح الجميع بتجربته.,2025-01-03 17:19:30
1435,220,4795,54,4,جودة عالية والسعر معقول فقط التغليف كان بسيطاً قليلاً.,2024-02-22 22:37:18
1436,210,7054,37,4,مطابق للوصف تقريباً والجودة جيدة وسأوصي به لأصدقائي.,2023-11-10 22:58:22
1437,116,978,19,5,ممتاز جداً ويستحق كل ريال. التغليف أنيق والجودة عالية.,2023-12-19 01:20:01
1438,117,4901,152,5,تجربة شراء رائعة والمنتج وصل بحالة مثالية وبالمواصفات المطلوبة.,2023-08-18 12:21:12
1439,345,2537,2,5,أفضل منتج اشتريته منذ فترة طويلة وأنصح الجميع بتجربته.,2024-12-02 22:37:05
1440,235,5403,33,2,التغليف كان سيئاً والمنتج تعرّض لأضرار أثناء الشحن.,2024-09-27 20:03:05
1441,77,5629,107,4,جودة عالية والسعر معقول فقط التغليف كان بسيطاً قليلاً.,2023-12-17 11:42:23
1442,12,8653,58,5,ممتاز جداً ويستحق كل ريال. التغليف أنيق والجودة عالية.,2023-11-02 02:14:41
1443,66,4037,23,5,تجربة شراء رائعة والمنتج وصل بحالة مثالية وبالمواصفات المطلوبة.,2023-05-01 19:38:59
1444,474,5587,167,4,منتج جيد جداً وبسعر مناسب والشحن كان في الموعد.,2024-11-22 15:40:42
1445,69,5878,54,4,منتج جيد جداً وبسعر مناسب والشحن كان في الموعد.,2024-04-29 04:32:08
1446,243,1388,28,5,ممتاز جداً ويستحق كل ريال. التغليف أنيق والجودة عالية.,2024-07-26 20:24:35
1447,357,979,28,5,ممتاز جداً ويستحق كل ريال. التغليف أنيق والجودة عالية.,2023-02-18 20:41:06
1448,432,6524,32,2,جودة ضعيفة للأسف ولن أشتري من هذا البائع مرة أخرى.,2023-10-28 03:42:00
1449,248,4907,47,5,أفضل منتج اشتريته منذ فترة طويلة وأنصح الجميع بتجربته.,2023-03-01 15:26:39
1450,203,4060,131,4,مطابق للوصف تقريباً والجودة جيدة وسأوصي به لأصدقائي.,2024-08-02 08:28:20
1451,152,8000,42,5,جودة ممتازة والشحن كان سريعاً وسأشتري مجدداً بالتأكيد.,2024-09-10 23:47:11
1452,415,8205,117,5,أفضل منتج اشتريته منذ فترة طويلة وأنصح الجميع بتجربته.,2024-12-31 14:56:33
1453,443,3109,42,3,جيد للاستخدام البسيط لكن السعر مرتفع نسبياً لهذه الجودة.,2023-09-30 13:14:23
1454,1,8290,33,3,المنتج مقبول لكن هناك بدائل أفضل بنفس السعر في السوق.,2023-08-26 17:27:26
1455,92,1976,37,5,جودة ممتازة والشحن كان سريعاً وسأشتري مجدداً بالتأكيد.,2024-01-09 23:57:38
1456,92,5070,35,5,تجربة شراء رائعة والمنتج وصل بحالة مثالية وبالمواصفات المطلوبة.,2024-03-21 11:51:44
1457,299,8633,6,5,أفضل منتج اشتريته منذ فترة طويلة وأنصح الجميع بتجربته.,2024-12-31 01:57:55
1458,8,619,56,5,جودة ممتازة والشحن كان سريعاً وسأشتري مجدداً بالتأكيد.,2023-09-27 13:59:22
1459,205,9206,29,1,منتج سيء جداً لا أنصح به أبداً. أطلبوا استرداد أموالكم.,2024-10-30 13:46:43
1460,119,3018,26,1,أسوأ تجربة شراء والمنتج مختلف تماماً عن الصور والوصف.,2024-07-20 23:06:51
1461,47,6925,54,3,المنتج مقبول لكن هناك بدائل أفضل بنفس السعر في السوق.,2024-04-19 16:07:34
1462,29,8779,33,5,تجربة شراء رائعة والمنتج وصل بحالة مثالية وبالمواصفات المطلوبة.,2024-03-18 16:16:14
1463,165,9002,47,1,تجربة مروعة ووصل المنتج مكسوراً ومختلفاً عن المواصفات.,2024-04-19 05:47:38
1464,78,727,51,1,لا يستحق حتى نجمة واحدة وجودة رديئة جداً مع سعر مرتفع.,2023-12-19 01:54:19
1465,103,3898,124,3,متوسط ويؤدي وظيفته لكنه ليس بالجودة التي توقعتها.,2023-10-28 17:33:44
1466,358,4172,46,3,جيد للاستخدام البسيط لكن السعر مرتفع نسبياً لهذه الجودة.,2024-06-27 20:06:06
1467,354,8937,72,3,جيد للاستخدام البسيط لكن السعر مرتفع نسبياً لهذه الجودة.,2023-03-21 23:47:57
1468,94,565,171,3,المنتج مقبول لكن هناك بدائل أفضل بنفس السعر في السوق.,2023-05-16 02:40:32
1469,96,377,34,4,جودة عالية والسعر معقول فقط التغليف كان بسيطاً قليلاً.,2023-06-28 09:08:01
1470,88,4830,51,1,منتج سيء جداً لا أنصح به أبداً. أطلبوا استرداد أموالكم.,2023-10-07 21:09:03
1471,218,7999,75,3,التوصيل كان متأخراً وتغليف المنتج جاء مجعّداً قليلاً.,2024-09-23 23:59:59
1472,42,187,2,5,جودة ممتازة والشحن كان سريعاً وسأشتري مجدداً بالتأكيد.,2024-07-08 06:47:05
1473,307,7905,38,4,منتج جيد جداً وبسعر مناسب والشحن كان في الموعد.,2023-12-31 11:49:36
1474,200,8156,42,5,أفضل منتج اشتريته منذ فترة طويلة وأنصح الجميع بتجربته.,2024-03-24 05:13:23
1475,479,4764,26,5,منتج رائع جداً فاق توقعاتي بكل المقاييس. أنصح به بشدة.,2023-10-10 18:34:19
1476,269,2343,22,5,جودة ممتازة والشحن كان سريعاً وسأشتري مجدداً بالتأكيد.,2024-07-04 02:11:48
1477,87,6307,32,1,منتج سيء جداً لا أنصح به أبداً. أطلبوا استرداد أموالكم.,2023-05-10 23:48:30
1478,43,8848,83,4,منتج جيد استلمته بسرعة ويعمل بشكل ممتاز.,2025-01-02 15:44:24
1479,129,9409,25,3,المنتج مقبول ولكن يحتاج بعض التحسينات في الجودة.,2023-05-22 13:59:22
1480,160,4274,106,4,تجربة جيدة بشكل عام والمنتج يؤدي وظيفته على أكمل وجه.,2024-07-15 04:42:21
1481,393,8933,10,5,منتج رائع جداً فاق توقعاتي بكل المقاييس. أنصح به بشدة.,2024-09-10 06:39:30
1482,234,8033,6,4,منتج جيد جداً وبسعر مناسب والشحن كان في الموعد.,2024-06-22 20:52:34
1483,364,1110,84,4,منتج جيد جداً وبسعر مناسب والشحن كان في الموعد.,2024-02-10 05:54:53
1484,475,9415,6,4,مطابق للوصف تقريباً والجودة جيدة وسأوصي به لأصدقائي.,2023-05-26 04:05:20
1485,484,6099,4,3,التوصيل كان متأخراً وتغليف المنتج جاء مجعّداً قليلاً.,2024-12-11 17:58:29
1486,410,5140,41,5,منتج رائع جداً فاق توقعاتي بكل المقاييس. أنصح به بشدة.,2024-05-22 12:14:34
1487,468,3510,42,1,منتج سيء جداً لا أنصح به أبداً. أطلبوا استرداد أموالكم.,2023-03-11 08:43:23
1488,107,1633,11,5,تجربة شراء رائعة والمنتج وصل بحالة مثالية وبالمواصفات المطلوبة.,2024-06-17 10:23:47
1489,290,5707,53,5,ممتاز جداً ويستحق كل ريال. التغليف أنيق والجودة عالية.,2023-10-09 03:59:11
1490,291,8346,20,4,منتج جيد استلمته بسرعة ويعمل بشكل ممتاز.,2023-02-14 05:22:16
1491,339,9068,46,3,المنتج مقبول لكن هناك بدائل أفضل بنفس السعر في السوق.,2023-05-02 08:54:04
1492,17,5028,6,5,ممتاز جداً ويستحق كل ريال. التغليف أنيق والجودة عالية.,2024-12-10 19:16:43
1493,111,2419,126,2,المنتج لم يعمل بشكل صحيح من اليوم الأول وطلبت الإرجاع.,2023-11-16 03:16:39
1494,10,9604,56,5,أفضل منتج اشتريته منذ فترة طويلة وأنصح الجميع بتجربته.,2024-03-23 22:40:31
1495,225,3651,53,4,مطابق للوصف تقريباً والجودة جيدة وسأوصي به لأصدقائي.,2023-12-24 14:14:41
1496,360,3687,9,5,جودة ممتازة والشحن كان سريعاً وسأشتري مجدداً بالتأكيد.,2024-05-24 05:27:56
1497,245,394,6,3,المنتج مقبول لكن هناك بدائل أفضل بنفس السعر في السوق.,2023-06-13 18:34:27
1498,225,2730,47,5,جودة ممتازة والشحن كان سريعاً وسأشتري مجدداً بالتأكيد.,2024-04-20 02:55:17
1499,112,4420,41,2,خيّبت الآمال والمنتج لا يشبه الوصف ولا الصور المعروضة.,2024-03-24 19:27:35
1500,66,6782,46,5,تجربة شراء رائعة والمنتج وصل بحالة مثالية وبالمواصفات المطلوبة.,2023-02-28 04:38:33
1501,220,7156,3,4,منتج جيد جداً وبسعر مناسب والشحن كان في الموعد.,2024-07-25 01:48:39
1502,198,660,50,5,أفضل منتج اشتريته منذ فترة طويلة وأنصح الجميع بتجربته.,2024-08-01 22:41:41
1503,92,8648,118,5,أفضل منتج اشتريته منذ فترة طويلة وأنصح الجميع بتجربته.,2024-08-25 17:52:27
1504,204,1611,134,3,التوصيل كان متأخراً وتغليف المنتج جاء مجعّداً قليلاً.,2024-08-22 13:51:10
1505,369,5877,53,5,جودة ممتازة والشحن كان سريعاً وسأشتري مجدداً بالتأكيد.,2023-07-19 20:13:24
1506,320,5050,15,4,مطابق للوصف تقريباً والجودة جيدة وسأوصي به لأصدقائي.,2024-01-09 02:57:06
1507,328,1304,35,4,مطابق للوصف تقريباً والجودة جيدة وسأوصي به لأصدقائي.,2023-02-10 08:28:33
1508,412,9146,53,5,جودة ممتازة والشحن كان سريعاً وسأشتري مجدداً بالتأكيد.,2024-02-01 15:23:19
1509,426,2120,37,5,تجربة شراء رائعة والمنتج وصل بحالة مثالية وبالمواصفات المطلوبة.,2024-08-12 19:28:02
1510,48,9732,9,4,منتج جيد استلمته بسرعة ويعمل بشكل ممتاز.,2024-09-22 21:50:16
1511,218,4610,175,4,منتج جيد جداً وبسعر مناسب والشحن كان في الموعد.,2024-03-06 09:58:33
1512,106,128,34,3,التوصيل كان متأخراً وتغليف المنتج جاء مجعّداً قليلاً.,2024-08-23 21:56:46
1513,122,2078,46,3,جيد للاستخدام البسيط لكن السعر مرتفع نسبياً لهذه الجودة.,2023-01-23 03:45:32
1514,482,5239,9,5,ممتاز جداً ويستحق كل ريال. التغليف أنيق والجودة عالية.,2024-05-27 08:28:10
1515,49,1504,1,4,جودة عالية والسعر معقول فقط التغليف كان بسيطاً قليلاً.,2024-12-20 16:39:53
1516,377,3438,48,4,تجربة جيدة بشكل عام والمنتج يؤدي وظيفته على أكمل وجه.,2024-11-17 18:12:41
1517,396,5252,30,5,جودة ممتازة والشحن كان سريعاً وسأشتري مجدداً بالتأكيد.,2023-01-19 10:47:39
1518,383,7787,56,5,تجربة شراء رائعة والمنتج وصل بحالة مثالية وبالمواصفات المطلوبة.,2024-05-20 12:22:02
1519,115,7022,29,5,منتج رائع جداً فاق توقعاتي بكل المقاييس. أنصح به بشدة.,2024-06-14 10:25:29
1520,395,1530,153,5,جودة ممتازة والشحن كان سريعاً وسأشتري مجدداً بالتأكيد.,2023-01-03 09:11:35
1521,293,962,26,5,أفضل منتج اشتريته منذ فترة طويلة وأنصح الجميع بتجربته.,2024-03-16 07:38:30
1522,88,5986,194,5,ممتاز جداً ويستحق كل ريال. التغليف أنيق والجودة عالية.,2024-06-06 02:59:01
1523,378,8315,26,5,تجربة شراء رائعة والمنتج وصل بحالة مثالية وبالمواصفات المطلوبة.,2023-04-09 02:28:14
1524,185,5667,35,5,منتج رائع جداً فاق توقعاتي بكل المقاييس. أنصح به بشدة.,2024-04-09 21:18:35
1525,117,3112,29,1,تجربة مروعة ووصل المنتج مكسوراً ومختلفاً عن المواصفات.,2024-10-08 16:21:51
1526,186,8669,37,5,منتج رائع جداً فاق توقعاتي بكل المقاييس. أنصح به بشدة.,2023-10-01 03:55:02
1527,114,5310,8,4,منتج جيد استلمته بسرعة ويعمل بشكل ممتاز.,2023-04-14 22:19:21
1528,264,4884,51,5,تجربة شراء رائعة والمنتج وصل بحالة مثالية وبالمواصفات المطلوبة.,2023-02-19 21:09:12
1529,82,3634,10,1,تجربة مروعة ووصل المنتج مكسوراً ومختلفاً عن المواصفات.,2023-10-27 19:29:46
1530,398,5588,150,5,ممتاز جداً ويستحق كل ريال. التغليف أنيق والجودة عالية.,2023-06-10 15:14:57
1531,465,2369,28,3,جيد للاستخدام البسيط لكن السعر مرتفع نسبياً لهذه الجودة.,2024-12-02 14:21:53
1532,258,6217,92,3,جيد للاستخدام البسيط لكن السعر مرتفع نسبياً لهذه الجودة.,2023-08-16 00:08:20
1533,417,3077,1,5,جودة ممتازة والشحن كان سريعاً وسأشتري مجدداً بالتأكيد.,2024-06-18 23:51:12
1534,341,2333,56,4,جودة عالية والسعر معقول فقط التغليف كان بسيطاً قليلاً.,2023-11-28 09:23:11
1535,88,4830,53,5,منتج رائع جداً فاق توقعاتي بكل المقاييس. أنصح به بشدة.,2023-10-03 19:09:03
1536,140,6392,2,5,تجربة شراء رائعة والمنتج وصل بحالة مثالية وبالمواصفات المطلوبة.,2023-05-09 16:44:40
1537,9,5547,3,4,جودة عالية والسعر معقول فقط التغليف كان بسيطاً قليلاً.,2024-03-27 15:33:09
1538,16,4360,200,4,منتج جيد جداً وبسعر مناسب والشحن كان في الموعد.,2023-02-15 11:28:43
1539,161,4740,3,4,مطابق للوصف تقريباً والجودة جيدة وسأوصي به لأصدقائي.,2023-12-27 20:42:09
1540,33,9925,9,5,تجربة شراء رائعة والمنتج وصل بحالة مثالية وبالمواصفات المطلوبة.,2024-07-09 08:54:55
1541,320,5099,83,5,منتج رائع جداً فاق توقعاتي بكل المقاييس. أنصح به بشدة.,2024-11-09 22:39:13
1542,498,8280,3,5,أفضل منتج اشتريته منذ فترة طويلة وأنصح الجميع بتجربته.,2024-01-26 07:53:55
1543,183,9981,58,4,مطابق للوصف تقريباً والجودة جيدة وسأوصي به لأصدقائي.,2024-06-16 22:38:24
1544,204,1611,53,4,جودة عالية والسعر معقول فقط التغليف كان بسيطاً قليلاً.,2024-08-30 13:51:10
1545,478,4488,50,5,أفضل منتج اشتريته منذ فترة طويلة وأنصح الجميع بتجربته.,2023-06-09 10:03:00
1546,482,2719,31,5,أفضل منتج اشتريته منذ فترة طويلة وأنصح الجميع بتجربته.,2023-03-04 20:38:05
1547,148,6686,51,3,المنتج مقبول لكن هناك بدائل أفضل بنفس السعر في السوق.,2025-01-07 09:26:38
1548,368,6308,4,2,التغليف كان سيئاً والمنتج تعرّض لأضرار أثناء الشحن.,2024-04-20 12:46:37
1549,364,3483,6,5,تجربة شراء رائعة والمنتج وصل بحالة مثالية وبالمواصفات المطلوبة.,2023-06-06 01:14:33
1550,14,9961,45,5,تجربة شراء رائعة والمنتج وصل بحالة مثالية وبالمواصفات المطلوبة.,2023-04-21 12:43:28
1551,39,2462,2,3,المنتج مقبول لكن هناك بدائل أفضل بنفس السعر في السوق.,2023-03-29 00:10:59
1552,109,8370,2,4,مطابق للوصف تقريباً والجودة جيدة وسأوصي به لأصدقائي.,2024-10-06 23:35:17
1553,165,9002,42,4,مطابق للوصف تقريباً والجودة جيدة وسأوصي به لأصدقائي.,2024-04-14 04:47:38
1554,342,3116,1,5,جودة ممتازة والشحن كان سريعاً وسأشتري مجدداً بالتأكيد.,2023-11-07 08:00:12
1555,425,9915,174,5,منتج رائع جداً فاق توقعاتي بكل المقاييس. أنصح به بشدة.,2024-06-28 06:41:39
1556,26,1422,56,4,جودة عالية والسعر معقول فقط التغليف كان بسيطاً قليلاً.,2024-05-26 22:39:17
1557,38,5315,28,4,منتج جيد استلمته بسرعة ويعمل بشكل ممتاز.,2023-08-02 18:17:39
1558,54,3449,56,5,تجربة شراء رائعة والمنتج وصل بحالة مثالية وبالمواصفات المطلوبة.,2023-10-10 15:29:08
1559,429,5110,85,3,المنتج مقبول ولكن يحتاج بعض التحسينات في الجودة.,2023-05-22 01:15:04
1560,153,9335,11,4,منتج جيد استلمته بسرعة ويعمل بشكل ممتاز.,2023-02-25 12:08:31
1561,210,7543,1,4,منتج جيد جداً وبسعر مناسب والشحن كان في الموعد.,2024-02-01 18:35:42
1562,449,9196,48,2,المنتج لم يعمل بشكل صحيح من اليوم الأول وطلبت الإرجاع.,2024-06-12 16:18:44
1563,36,1114,2,5,ممتاز جداً ويستحق كل ريال. التغليف أنيق والجودة عالية.,2023-06-09 02:13:54
1564,379,7651,54,5,أفضل منتج اشتريته منذ فترة طويلة وأنصح الجميع بتجربته.,2024-06-13 11:36:07
1565,143,1250,2,4,منتج جيد جداً وبسعر مناسب والشحن كان في الموعد.,2024-02-29 13:12:37
1566,167,7974,59,5,جودة ممتازة والشحن كان سريعاً وسأشتري مجدداً بالتأكيد.,2024-10-15 19:24:00
1567,324,7308,107,4,منتج جيد استلمته بسرعة ويعمل بشكل ممتاز.,2024-03-22 03:15:06
1568,331,1240,114,3,المنتج مقبول لكن هناك بدائل أفضل بنفس السعر في السوق.,2023-07-08 10:42:05
1569,419,3332,39,4,جودة عالية والسعر معقول فقط التغليف كان بسيطاً قليلاً.,2023-03-13 00:41:29
1570,266,3518,33,4,منتج جيد جداً وبسعر مناسب والشحن كان في الموعد.,2023-02-06 22:44:38
1571,286,5109,33,5,أفضل منتج اشتريته منذ فترة طويلة وأنصح الجميع بتجربته.,2024-06-29 18:18:35
1572,85,7347,41,5,منتج رائع جداً فاق توقعاتي بكل المقاييس. أنصح به بشدة.,2023-11-26 19:32:33
1573,138,7548,34,5,أفضل منتج اشتريته منذ فترة طويلة وأنصح الجميع بتجربته.,2023-10-29 23:18:19
1574,150,8426,47,4,تجربة جيدة بشكل عام والمنتج يؤدي وظيفته على أكمل وجه.,2023-11-11 13:54:33
1575,43,8407,1,4,منتج جيد استلمته بسرعة ويعمل بشكل ممتاز.,2024-04-20 13:09:41
1576,207,3370,31,4,منتج جيد جداً وبسعر مناسب والشحن كان في الموعد.,2024-10-24 22:34:49
1577,68,1350,162,3,متوسط ويؤدي وظيفته لكنه ليس بالجودة التي توقعتها.,2024-07-26 19:37:34
1578,201,340,166,1,أسوأ تجربة شراء والمنتج مختلف تماماً عن الصور والوصف.,2024-06-23 06:04:06
1579,453,8907,25,5,منتج رائع جداً فاق توقعاتي بكل المقاييس. أنصح به بشدة.,2023-03-28 05:44:24
1580,408,4304,6,5,جودة ممتازة والشحن كان سريعاً وسأشتري مجدداً بالتأكيد.,2023-04-16 05:42:26
1581,478,8019,38,4,منتج جيد جداً وبسعر مناسب والشحن كان في الموعد.,2024-03-02 12:51:21
1582,359,2060,34,5,منتج رائع جداً فاق توقعاتي بكل المقاييس. أنصح به بشدة.,2023-07-19 19:13:30
1583,498,2958,2,4,تجربة جيدة بشكل عام والمنتج يؤدي وظيفته على أكمل وجه.,2023-01-16 13:12:15
1584,255,8569,103,3,التوصيل كان متأخراً وتغليف المنتج جاء مجعّداً قليلاً.,2024-03-31 03:53:44
1585,387,5486,35,5,منتج رائع جداً فاق توقعاتي بكل المقاييس. أنصح به بشدة.,2024-10-07 15:49:41
1586,193,190,26,5,أفضل منتج اشتريته منذ فترة طويلة وأنصح الجميع بتجربته.,2024-11-06 13:54:50
1587,156,2115,32,4,منتج جيد استلمته بسرعة ويعمل بشكل ممتاز.,2023-12-27 21:49:49
1588,17,7674,42,5,أفضل منتج اشتريته منذ فترة طويلة وأنصح الجميع بتجربته.,2023-05-06 11:36:59
1589,345,6832,39,1,أسوأ تجربة شراء والمنتج مختلف تماماً عن الصور والوصف.,2024-08-18 12:03:02
1590,227,5771,48,3,المنتج مقبول لكن هناك بدائل أفضل بنفس السعر في السوق.,2024-08-30 08:20:01
1591,138,1690,8,5,منتج رائع جداً فاق توقعاتي بكل المقاييس. أنصح به بشدة.,2023-10-04 03:59:19
1592,391,8803,31,5,ممتاز جداً ويستحق كل ريال. التغليف أنيق والجودة عالية.,2024-01-08 03:52:23
1593,280,8536,51,5,جودة ممتازة والشحن كان سريعاً وسأشتري مجدداً بالتأكيد.,2024-07-08 06:09:17
1594,368,5303,37,5,ممتاز جداً ويستحق كل ريال. التغليف أنيق والجودة عالية.,2024-10-18 05:09:35
1595,143,4202,48,5,ممتاز جداً ويستحق كل ريال. التغليف أنيق والجودة عالية.,2023-04-17 09:19:38
1596,116,9452,69,4,جودة عالية والسعر معقول فقط التغليف كان بسيطاً قليلاً.,2024-03-04 15:49:23
1597,27,6704,3,3,المنتج مقبول لكن هناك بدائل أفضل بنفس السعر في السوق.,2023-12-24 08:39:42
1598,408,2015,10,5,تجربة شراء رائعة والمنتج وصل بحالة مثالية وبالمواصفات المطلوبة.,2024-01-12 20:29:05
1599,367,4853,53,5,ممتاز جداً ويستحق كل ريال. التغليف أنيق والجودة عالية.,2023-09-29 04:47:56
1600,81,1498,38,4,جودة عالية والسعر معقول فقط التغليف كان بسيطاً قليلاً.,2023-05-01 04:07:54
1601,376,3263,42,1,أسوأ تجربة شراء والمنتج مختلف تماماً عن الصور والوصف.,2023-03-18 01:27:40
1602,195,3840,41,5,ممتاز جداً ويستحق كل ريال. التغليف أنيق والجودة عالية.,2023-12-21 03:30:36
1603,353,8305,9,5,منتج رائع جداً فاق توقعاتي بكل المقاييس. أنصح به بشدة.,2023-11-03 09:11:25
1604,143,4202,41,5,جودة ممتازة والشحن كان سريعاً وسأشتري مجدداً بالتأكيد.,2023-04-22 07:19:38
1605,489,5815,146,3,متوسط ويؤدي وظيفته لكنه ليس بالجودة التي توقعتها.,2023-11-20 10:30:15
1606,155,671,32,4,تجربة جيدة بشكل عام والمنتج يؤدي وظيفته على أكمل وجه.,2023-06-28 20:46:00
1607,499,7266,48,5,تجربة شراء رائعة والمنتج وصل بحالة مثالية وبالمواصفات المطلوبة.,2024-07-28 15:55:49
1608,143,4888,56,5,أفضل منتج اشتريته منذ فترة طويلة وأنصح الجميع بتجربته.,2024-12-15 10:31:43
1609,178,648,38,5,أفضل منتج اشتريته منذ فترة طويلة وأنصح الجميع بتجربته.,2023-04-10 00:22:32
1610,181,2482,78,5,جودة ممتازة والشحن كان سريعاً وسأشتري مجدداً بالتأكيد.,2025-01-07 07:11:46
1611,65,462,48,3,التوصيل كان متأخراً وتغليف المنتج جاء مجعّداً قليلاً.,2023-11-27 10:16:33
1612,232,6656,42,4,منتج جيد استلمته بسرعة ويعمل بشكل ممتاز.,2024-01-14 19:56:55
1613,24,9641,161,4,تجربة جيدة بشكل عام والمنتج يؤدي وظيفته على أكمل وجه.,2023-01-29 01:55:21
1614,113,3354,148,3,التوصيل كان متأخراً وتغليف المنتج جاء مجعّداً قليلاً.,2023-12-28 02:29:31
1615,338,7520,30,5,أفضل منتج اشتريته منذ فترة طويلة وأنصح الجميع بتجربته.,2024-11-06 14:53:49
1616,375,9127,53,1,أسوأ تجربة شراء والمنتج مختلف تماماً عن الصور والوصف.,2025-01-03 04:36:20
1617,164,3342,115,3,المنتج مقبول ولكن يحتاج بعض التحسينات في الجودة.,2024-04-01 22:21:26
1618,406,9191,9,5,منتج رائع جداً فاق توقعاتي بكل المقاييس. أنصح به بشدة.,2023-02-12 21:18:43
1619,13,8810,2,5,تجربة شراء رائعة والمنتج وصل بحالة مثالية وبالمواصفات المطلوبة.,2023-07-12 01:01:45
1620,129,9224,37,4,منتج جيد جداً وبسعر مناسب والشحن كان في الموعد.,2023-06-01 06:53:11
1621,313,1824,24,2,التغليف كان سيئاً والمنتج تعرّض لأضرار أثناء الشحن.,2024-04-21 13:21:44
1622,440,6072,169,2,خيّبت الآمال والمنتج لا يشبه الوصف ولا الصور المعروضة.,2023-07-24 16:24:23
1623,390,7851,51,4,منتج جيد استلمته بسرعة ويعمل بشكل ممتاز.,2023-06-14 11:01:25
1624,364,3176,35,4,جودة عالية والسعر معقول فقط التغليف كان بسيطاً قليلاً.,2024-04-09 17:06:20
1625,491,8431,29,1,تجربة مروعة ووصل المنتج مكسوراً ومختلفاً عن المواصفات.,2023-05-13 15:04:55
1626,464,1799,28,5,تجربة شراء رائعة والمنتج وصل بحالة مثالية وبالمواصفات المطلوبة.,2024-05-22 05:54:02
1627,126,3064,2,5,منتج رائع جداً فاق توقعاتي بكل المقاييس. أنصح به بشدة.,2024-04-26 06:44:54
1628,233,1228,3,5,ممتاز جداً ويستحق كل ريال. التغليف أنيق والجودة عالية.,2023-05-28 07:16:42
1629,21,8171,54,3,جيد للاستخدام البسيط لكن السعر مرتفع نسبياً لهذه الجودة.,2024-05-17 13:19:47
1630,37,9866,4,5,منتج رائع جداً فاق توقعاتي بكل المقاييس. أنصح به بشدة.,2023-04-27 23:35:36
1631,170,9063,83,4,تجربة جيدة بشكل عام والمنتج يؤدي وظيفته على أكمل وجه.,2023-08-09 16:07:46
1632,59,6282,41,4,منتج جيد جداً وبسعر مناسب والشحن كان في الموعد.,2023-11-30 08:46:44
1633,206,8116,36,5,منتج رائع جداً فاق توقعاتي بكل المقاييس. أنصح به بشدة.,2023-03-09 16:32:40
1634,14,4124,6,5,جودة ممتازة والشحن كان سريعاً وسأشتري مجدداً بالتأكيد.,2023-06-25 22:54:36
1635,480,8185,51,2,خيّبت الآمال والمنتج لا يشبه الوصف ولا الصور المعروضة.,2023-07-16 08:47:19
1636,99,577,37,5,ممتاز جداً ويستحق كل ريال. التغليف أنيق والجودة عالية.,2023-12-11 03:05:22
1637,112,7597,46,5,تجربة شراء رائعة والمنتج وصل بحالة مثالية وبالمواصفات المطلوبة.,2023-08-21 01:05:30
1638,472,4749,31,2,لم يكن بالجودة المتوقعة وغير مطابق للصور بشكل واضح.,2024-11-20 08:13:46
1639,298,8207,2,4,منتج جيد جداً وبسعر مناسب والشحن كان في الموعد.,2025-01-04 13:32:43
1640,477,8528,152,5,تجربة شراء رائعة والمنتج وصل بحالة مثالية وبالمواصفات المطلوبة.,2023-05-17 10:51:49
1641,335,4956,53,4,مطابق للوصف تقريباً والجودة جيدة وسأوصي به لأصدقائي.,2024-06-08 14:25:09
1642,244,5058,6,4,منتج جيد استلمته بسرعة ويعمل بشكل ممتاز.,2024-07-21 13:50:00
1643,473,7810,10,5,أفضل منتج اشتريته منذ فترة طويلة وأنصح الجميع بتجربته.,2024-06-29 11:37:42
1644,271,6030,141,4,منتج جيد استلمته بسرعة ويعمل بشكل ممتاز.,2023-12-11 15:52:55
1645,426,2533,170,5,جودة ممتازة والشحن كان سريعاً وسأشتري مجدداً بالتأكيد.,2024-04-30 17:42:52
1646,129,9224,39,4,مطابق للوصف تقريباً والجودة جيدة وسأوصي به لأصدقائي.,2023-05-31 22:53:11
1647,200,2394,51,4,جودة عالية والسعر معقول فقط التغليف كان بسيطاً قليلاً.,2024-02-06 09:10:37
1648,390,2124,4,5,ممتاز جداً ويستحق كل ريال. التغليف أنيق والجودة عالية.,2023-07-06 03:03:06
1649,449,7288,32,5,أفضل منتج اشتريته منذ فترة طويلة وأنصح الجميع بتجربته.,2024-11-15 02:58:25
1650,186,477,34,5,منتج رائع جداً فاق توقعاتي بكل المقاييس. أنصح به بشدة.,2024-10-09 06:09:19
1651,400,9387,4,5,ممتاز جداً ويستحق كل ريال. التغليف أنيق والجودة عالية.,2023-09-07 05:53:50
1652,44,7376,39,4,منتج جيد جداً وبسعر مناسب والشحن كان في الموعد.,2023-01-24 07:02:24
1653,197,17,128,5,أفضل منتج اشتريته منذ فترة طويلة وأنصح الجميع بتجربته.,2023-02-17 06:51:53
1654,106,863,116,4,منتج جيد جداً وبسعر مناسب والشحن كان في الموعد.,2024-07-06 22:20:03
1655,35,7899,32,4,جودة عالية والسعر معقول فقط التغليف كان بسيطاً قليلاً.,2023-12-01 18:18:44
1656,186,856,31,5,تجربة شراء رائعة والمنتج وصل بحالة مثالية وبالمواصفات المطلوبة.,2024-12-06 14:44:21
1657,258,2542,38,4,جودة عالية والسعر معقول فقط التغليف كان بسيطاً قليلاً.,2024-11-25 03:37:58
1658,395,1635,25,5,أفضل منتج اشتريته منذ فترة طويلة وأنصح الجميع بتجربته.,2023-01-15 11:51:33
1659,172,9566,32,5,تجربة شراء رائعة والمنتج وصل بحالة مثالية وبالمواصفات المطلوبة.,2024-01-17 22:32:15
1660,133,4879,18,4,منتج جيد جداً وبسعر مناسب والشحن كان في الموعد.,2024-08-16 00:52:34
1661,444,4279,28,5,ممتاز جداً ويستحق كل ريال. التغليف أنيق والجودة عالية.,2023-10-18 23:28:04
1662,160,1077,48,4,جودة عالية والسعر معقول فقط التغليف كان بسيطاً قليلاً.,2023-06-05 13:20:01
1663,499,4354,35,4,تجربة جيدة بشكل عام والمنتج يؤدي وظيفته على أكمل وجه.,2023-11-09 13:09:20
1664,488,6909,6,5,ممتاز جداً ويستحق كل ريال. التغليف أنيق والجودة عالية.,2023-03-08 11:40:25
1665,219,1817,25,5,جودة ممتازة والشحن كان سريعاً وسأشتري مجدداً بالتأكيد.,2024-10-20 02:53:53
1666,277,899,20,5,منتج رائع جداً فاق توقعاتي بكل المقاييس. أنصح به بشدة.,2024-04-25 08:47:03
1667,258,2542,33,5,أفضل منتج اشتريته منذ فترة طويلة وأنصح الجميع بتجربته.,2024-11-27 05:37:58
1668,498,7017,2,5,جودة ممتازة والشحن كان سريعاً وسأشتري مجدداً بالتأكيد.,2024-11-04 11:05:38
1669,382,8128,74,5,جودة ممتازة والشحن كان سريعاً وسأشتري مجدداً بالتأكيد.,2023-12-01 20:31:41
1670,18,7582,42,3,التوصيل كان متأخراً وتغليف المنتج جاء مجعّداً قليلاً.,2024-06-06 12:57:46
1671,128,5048,38,3,المنتج مقبول لكن هناك بدائل أفضل بنفس السعر في السوق.,2024-01-17 11:54:28
1672,325,7514,148,5,تجربة شراء رائعة والمنتج وصل بحالة مثالية وبالمواصفات المطلوبة.,2023-06-15 07:16:57
1673,377,7605,42,3,المنتج مقبول لكن هناك بدائل أفضل بنفس السعر في السوق.,2023-06-20 20:41:28
1674,130,4364,9,5,منتج رائع جداً فاق توقعاتي بكل المقاييس. أنصح به بشدة.,2023-02-15 04:27:49
1675,386,4680,38,5,أفضل منتج اشتريته منذ فترة طويلة وأنصح الجميع بتجربته.,2023-02-15 15:00:35
1676,122,9708,42,5,منتج رائع جداً فاق توقعاتي بكل المقاييس. أنصح به بشدة.,2025-01-01 22:23:08
1677,40,4191,4,4,جودة عالية والسعر معقول فقط التغليف كان بسيطاً قليلاً.,2023-07-05 03:51:25
1678,169,407,18,4,مطابق للوصف تقريباً والجودة جيدة وسأوصي به لأصدقائي.,2024-11-06 14:47:21
1679,456,8096,168,5,ممتاز جداً ويستحق كل ريال. التغليف أنيق والجودة عالية.,2023-07-26 16:10:14
1680,66,8055,54,5,تجربة شراء رائعة والمنتج وصل بحالة مثالية وبالمواصفات المطلوبة.,2024-06-21 19:20:03
1681,247,9830,26,4,منتج جيد جداً وبسعر مناسب والشحن كان في الموعد.,2023-08-09 05:24:45
1682,313,4445,136,5,جودة ممتازة والشحن كان سريعاً وسأشتري مجدداً بالتأكيد.,2023-09-22 03:04:27
1683,322,94,46,3,المنتج مقبول ولكن يحتاج بعض التحسينات في الجودة.,2023-08-26 01:00:16
1684,153,3383,153,4,جودة عالية والسعر معقول فقط التغليف كان بسيطاً قليلاً.,2024-04-22 04:55:41
1685,248,1058,35,4,جودة عالية والسعر معقول فقط التغليف كان بسيطاً قليلاً.,2024-05-25 05:07:38
1686,182,5245,3,5,منتج رائع جداً فاق توقعاتي بكل المقاييس. أنصح به بشدة.,2024-02-13 17:20:18
1687,267,3588,2,3,التوصيل كان متأخراً وتغليف المنتج جاء مجعّداً قليلاً.,2023-03-18 05:43:12
1688,434,2336,70,5,جودة ممتازة والشحن كان سريعاً وسأشتري مجدداً بالتأكيد.,2024-03-13 08:19:25
1689,205,5585,51,5,جودة ممتازة والشحن كان سريعاً وسأشتري مجدداً بالتأكيد.,2024-09-29 15:47:38
1690,451,8991,33,5,أفضل منتج اشتريته منذ فترة طويلة وأنصح الجميع بتجربته.,2024-12-15 23:45:52
1691,279,1653,152,3,التوصيل كان متأخراً وتغليف المنتج جاء مجعّداً قليلاً.,2024-04-22 04:59:04
1692,229,4743,177,5,تجربة شراء رائعة والمنتج وصل بحالة مثالية وبالمواصفات المطلوبة.,2023-02-02 08:35:27
1693,265,7653,63,5,أفضل منتج اشتريته منذ فترة طويلة وأنصح الجميع بتجربته.,2024-04-30 20:02:26
1694,298,5889,25,3,متوسط ويؤدي وظيفته لكنه ليس بالجودة التي توقعتها.,2024-05-29 13:14:40
1695,232,5440,56,4,جودة عالية والسعر معقول فقط التغليف كان بسيطاً قليلاً.,2024-03-06 05:50:57
1696,20,5635,80,5,أفضل منتج اشتريته منذ فترة طويلة وأنصح الجميع بتجربته.,2024-08-08 00:23:40
1697,153,3760,1,4,منتج جيد استلمته بسرعة ويعمل بشكل ممتاز.,2024-03-14 21:52:34
1698,464,2635,159,4,جودة عالية والسعر معقول فقط التغليف كان بسيطاً قليلاً.,2023-03-19 16:22:34
1699,98,3352,162,3,المنتج مقبول ولكن يحتاج بعض التحسينات في الجودة.,2023-10-22 23:21:02
1700,76,8241,11,5,جودة ممتازة والشحن كان سريعاً وسأشتري مجدداً بالتأكيد.,2023-12-09 16:44:24
1701,147,205,46,4,منتج جيد جداً وبسعر مناسب والشحن كان في الموعد.,2023-02-23 21:17:44
1702,12,3041,191,5,منتج رائع جداً فاق توقعاتي بكل المقاييس. أنصح به بشدة.,2023-06-04 05:34:52
1703,39,8953,48,4,منتج جيد استلمته بسرعة ويعمل بشكل ممتاز.,2024-05-23 00:11:55
1704,345,6445,37,4,تجربة جيدة بشكل عام والمنتج يؤدي وظيفته على أكمل وجه.,2024-12-06 05:12:09
1705,167,7996,54,5,تجربة شراء رائعة والمنتج وصل بحالة مثالية وبالمواصفات المطلوبة.,2023-02-07 18:35:48
1706,72,1237,9,5,تجربة شراء رائعة والمنتج وصل بحالة مثالية وبالمواصفات المطلوبة.,2023-11-21 08:37:05
1707,296,6167,47,1,المنتج لا يعمل من الأساس وتواصلت مع الدعم ولم يتجاوبوا.,2023-02-12 03:18:14
1708,279,8105,194,5,أفضل منتج اشتريته منذ فترة طويلة وأنصح الجميع بتجربته.,2024-09-23 17:03:24
1709,25,361,171,4,تجربة جيدة بشكل عام والمنتج يؤدي وظيفته على أكمل وجه.,2023-01-26 12:34:05
1710,143,1461,32,4,منتج جيد جداً وبسعر مناسب والشحن كان في الموعد.,2024-03-10 19:49:32
1711,200,9997,48,5,أفضل منتج اشتريته منذ فترة طويلة وأنصح الجميع بتجربته.,2023-01-30 14:44:33
1712,13,5320,33,5,تجربة شراء رائعة والمنتج وصل بحالة مثالية وبالمواصفات المطلوبة.,2024-06-23 16:57:43
1713,243,9244,61,5,جودة ممتازة والشحن كان سريعاً وسأشتري مجدداً بالتأكيد.,2023-02-05 01:31:56
1714,99,9726,50,4,تجربة جيدة بشكل عام والمنتج يؤدي وظيفته على أكمل وجه.,2024-10-03 20:19:05
1715,120,2618,10,4,تجربة جيدة بشكل عام والمنتج يؤدي وظيفته على أكمل وجه.,2023-02-08 12:49:49
1716,222,5311,72,4,مطابق للوصف تقريباً والجودة جيدة وسأوصي به لأصدقائي.,2024-07-04 19:23:12
1717,362,2766,67,2,خيّبت الآمال والمنتج لا يشبه الوصف ولا الصور المعروضة.,2024-07-09 06:33:34
1718,169,294,38,4,جودة عالية والسعر معقول فقط التغليف كان بسيطاً قليلاً.,2023-06-18 20:09:52
1719,308,4219,47,4,مطابق للوصف تقريباً والجودة جيدة وسأوصي به لأصدقائي.,2023-10-10 01:53:13
1720,377,2797,50,4,تجربة جيدة بشكل عام والمنتج يؤدي وظيفته على أكمل وجه.,2023-06-18 20:56:13
1721,309,8769,39,5,أفضل منتج اشتريته منذ فترة طويلة وأنصح الجميع بتجربته.,2024-03-24 00:41:52
1722,234,4185,2,5,تجربة شراء رائعة والمنتج وصل بحالة مثالية وبالمواصفات المطلوبة.,2023-01-23 16:35:21
1723,76,5005,105,3,جيد للاستخدام البسيط لكن السعر مرتفع نسبياً لهذه الجودة.,2024-02-14 08:27:09
1724,361,544,57,2,خيّبت الآمال والمنتج لا يشبه الوصف ولا الصور المعروضة.,2023-06-29 05:06:02
1725,422,5957,38,3,المنتج مقبول ولكن يحتاج بعض التحسينات في الجودة.,2024-05-26 10:53:55
1726,452,4098,47,5,أفضل منتج اشتريته منذ فترة طويلة وأنصح الجميع بتجربته.,2024-12-31 09:13:48
1727,424,1872,3,1,تجربة مروعة ووصل المنتج مكسوراً ومختلفاً عن المواصفات.,2023-08-08 00:22:28
1728,494,7027,26,5,تجربة شراء رائعة والمنتج وصل بحالة مثالية وبالمواصفات المطلوبة.,2023-07-25 18:08:56
1729,393,7854,174,5,ممتاز جداً ويستحق كل ريال. التغليف أنيق والجودة عالية.,2023-04-12 19:11:36
1730,155,4880,4,4,تجربة جيدة بشكل عام والمنتج يؤدي وظيفته على أكمل وجه.,2024-08-15 08:12:31
1731,245,3442,39,5,تجربة شراء رائعة والمنتج وصل بحالة مثالية وبالمواصفات المطلوبة.,2024-02-07 09:50:19
1732,376,3263,50,5,تجربة شراء رائعة والمنتج وصل بحالة مثالية وبالمواصفات المطلوبة.,2023-03-16 01:27:40
1733,242,1394,48,3,متوسط ويؤدي وظيفته لكنه ليس بالجودة التي توقعتها.,2023-04-30 09:03:11
1734,39,1187,25,4,جودة عالية والسعر معقول فقط التغليف كان بسيطاً قليلاً.,2023-04-08 00:31:49
1735,212,8504,33,4,مطابق للوصف تقريباً والجودة جيدة وسأوصي به لأصدقائي.,2024-12-06 15:49:50
1736,216,3957,3,5,ممتاز جداً ويستحق كل ريال. التغليف أنيق والجودة عالية.,2023-07-04 18:46:49
1737,146,4146,32,3,المنتج مقبول ولكن يحتاج بعض التحسينات في الجودة.,2023-05-18 22:01:23
1738,134,4649,48,4,تجربة جيدة بشكل عام والمنتج يؤدي وظيفته على أكمل وجه.,2024-07-27 07:03:16
1739,189,4765,33,1,أسوأ تجربة شراء والمنتج مختلف تماماً عن الصور والوصف.,2024-04-13 05:12:22
1740,98,4675,159,3,متوسط ويؤدي وظيفته لكنه ليس بالجودة التي توقعتها.,2024-04-11 20:30:29
1741,98,3352,50,5,تجربة شراء رائعة والمنتج وصل بحالة مثالية وبالمواصفات المطلوبة.,2023-10-16 05:21:02
1742,368,4806,2,5,جودة ممتازة والشحن كان سريعاً وسأشتري مجدداً بالتأكيد.,2023-07-13 18:15:30
1743,47,138,34,4,جودة عالية والسعر معقول فقط التغليف كان بسيطاً قليلاً.,2023-01-16 15:14:50
1744,452,6621,34,4,تجربة جيدة بشكل عام والمنتج يؤدي وظيفته على أكمل وجه.,2024-10-01 16:39:24
1745,17,6469,54,5,ممتاز جداً ويستحق كل ريال. التغليف أنيق والجودة عالية.,2023-07-26 05:13:11
1746,309,6111,36,4,تجربة جيدة بشكل عام والمنتج يؤدي وظيفته على أكمل وجه.,2023-07-03 16:56:48
1747,133,4879,33,5,جودة ممتازة والشحن كان سريعاً وسأشتري مجدداً بالتأكيد.,2024-08-24 02:52:34
1748,378,548,104,4,جودة عالية والسعر معقول فقط التغليف كان بسيطاً قليلاً.,2023-10-02 07:44:17
1749,129,3669,81,4,تجربة جيدة بشكل عام والمنتج يؤدي وظيفته على أكمل وجه.,2023-09-29 02:13:50
1750,402,2780,28,3,المنتج مقبول ولكن يحتاج بعض التحسينات في الجودة.,2023-11-19 11:27:50
1751,159,1974,51,5,ممتاز جداً ويستحق كل ريال. التغليف أنيق والجودة عالية.,2024-08-19 03:23:42
1752,23,872,65,5,أفضل منتج اشتريته منذ فترة طويلة وأنصح الجميع بتجربته.,2023-08-16 22:27:50
1753,391,1177,26,1,أسوأ تجربة شراء والمنتج مختلف تماماً عن الصور والوصف.,2024-04-29 20:02:02
1754,438,8451,41,4,جودة عالية والسعر معقول فقط التغليف كان بسيطاً قليلاً.,2024-09-02 06:30:21
1755,491,6932,71,5,منتج رائع جداً فاق توقعاتي بكل المقاييس. أنصح به بشدة.,2024-09-23 23:14:51
1756,249,2139,2,5,أفضل منتج اشتريته منذ فترة طويلة وأنصح الجميع بتجربته.,2023-02-05 23:28:13
1757,468,9142,33,3,جيد للاستخدام البسيط لكن السعر مرتفع نسبياً لهذه الجودة.,2023-11-20 12:26:19
1758,84,5548,48,2,خيّبت الآمال والمنتج لا يشبه الوصف ولا الصور المعروضة.,2024-09-19 09:36:50
1759,192,3247,25,3,التوصيل كان متأخراً وتغليف المنتج جاء مجعّداً قليلاً.,2023-03-13 02:46:18
1760,207,3458,79,5,منتج رائع جداً فاق توقعاتي بكل المقاييس. أنصح به بشدة.,2023-09-02 17:01:41
1761,100,3773,16,3,المنتج مقبول لكن هناك بدائل أفضل بنفس السعر في السوق.,2024-08-09 08:18:55
1762,494,7027,25,4,منتج جيد استلمته بسرعة ويعمل بشكل ممتاز.,2023-08-05 01:08:56
1763,499,1109,186,5,جودة ممتازة والشحن كان سريعاً وسأشتري مجدداً بالتأكيد.,2023-09-04 00:45:19
1764,1,9384,2,5,جودة ممتازة والشحن كان سريعاً وسأشتري مجدداً بالتأكيد.,2023-10-03 02:01:09
1765,405,6930,31,5,ممتاز جداً ويستحق كل ريال. التغليف أنيق والجودة عالية.,2023-03-08 13:46:06
1766,319,9707,32,5,ممتاز جداً ويستحق كل ريال. التغليف أنيق والجودة عالية.,2024-04-02 22:08:15
1767,199,5747,63,4,منتج جيد جداً وبسعر مناسب والشحن كان في الموعد.,2023-12-15 01:31:11
1768,216,6813,181,4,مطابق للوصف تقريباً والجودة جيدة وسأوصي به لأصدقائي.,2024-10-18 19:35:04
1769,181,2371,4,5,جودة ممتازة والشحن كان سريعاً وسأشتري مجدداً بالتأكيد.,2023-09-26 20:59:55
1770,293,769,33,4,جودة عالية والسعر معقول فقط التغليف كان بسيطاً قليلاً.,2024-03-30 05:47:48
1771,469,4704,4,5,تجربة شراء رائعة والمنتج وصل بحالة مثالية وبالمواصفات المطلوبة.,2023-02-11 22:12:34
1772,1,3297,181,5,أفضل منتج اشتريته منذ فترة طويلة وأنصح الجميع بتجربته.,2024-09-12 14:07:49
1773,322,3597,29,5,ممتاز جداً ويستحق كل ريال. التغليف أنيق والجودة عالية.,2024-07-08 01:15:40
1774,5,1349,32,1,أسوأ تجربة شراء والمنتج مختلف تماماً عن الصور والوصف.,2024-04-03 06:49:57
1775,249,2726,37,4,تجربة جيدة بشكل عام والمنتج يؤدي وظيفته على أكمل وجه.,2024-08-07 03:12:03
1776,4,4518,25,5,ممتاز جداً ويستحق كل ريال. التغليف أنيق والجودة عالية.,2024-03-10 23:22:09
1777,215,2574,34,2,لم يكن بالجودة المتوقعة وغير مطابق للصور بشكل واضح.,2023-05-03 05:24:32
1778,132,6788,2,5,ممتاز جداً ويستحق كل ريال. التغليف أنيق والجودة عالية.,2023-08-23 13:03:36
1779,185,4719,70,4,منتج جيد جداً وبسعر مناسب والشحن كان في الموعد.,2024-02-23 01:05:50
1780,226,2902,28,5,جودة ممتازة والشحن كان سريعاً وسأشتري مجدداً بالتأكيد.,2023-01-30 22:49:57
1781,207,7348,1,2,جودة ضعيفة للأسف ولن أشتري من هذا البائع مرة أخرى.,2024-06-10 13:30:12
1782,263,9148,41,5,منتج رائع جداً فاق توقعاتي بكل المقاييس. أنصح به بشدة.,2023-09-12 02:21:37
1783,361,2452,175,3,المنتج مقبول ولكن يحتاج بعض التحسينات في الجودة.,2023-09-20 01:57:19
1784,70,2560,10,4,تجربة جيدة بشكل عام والمنتج يؤدي وظيفته على أكمل وجه.,2024-01-04 12:31:15
1785,287,3244,55,5,ممتاز جداً ويستحق كل ريال. التغليف أنيق والجودة عالية.,2024-05-13 22:42:14
1786,443,3566,10,5,ممتاز جداً ويستحق كل ريال. التغليف أنيق والجودة عالية.,2023-05-01 12:54:19
1787,268,3255,46,5,تجربة شراء رائعة والمنتج وصل بحالة مثالية وبالمواصفات المطلوبة.,2024-06-22 03:16:57
1788,432,8109,28,3,المنتج مقبول ولكن يحتاج بعض التحسينات في الجودة.,2023-10-17 22:07:10
1789,203,7062,32,5,ممتاز جداً ويستحق كل ريال. التغليف أنيق والجودة عالية.,2023-10-20 23:26:19
1790,472,1364,104,4,منتج جيد استلمته بسرعة ويعمل بشكل ممتاز.,2024-03-04 23:30:31
1791,92,9769,6,5,تجربة شراء رائعة والمنتج وصل بحالة مثالية وبالمواصفات المطلوبة.,2023-05-03 20:47:22
1792,245,4046,193,5,منتج رائع جداً فاق توقعاتي بكل المقاييس. أنصح به بشدة.,2024-05-21 15:20:41
1793,280,8536,173,2,لم يكن بالجودة المتوقعة وغير مطابق للصور بشكل واضح.,2024-07-03 23:09:17
1794,192,7422,4,4,تجربة جيدة بشكل عام والمنتج يؤدي وظيفته على أكمل وجه.,2023-03-14 00:57:52
1795,43,2345,42,4,تجربة جيدة بشكل عام والمنتج يؤدي وظيفته على أكمل وجه.,2023-03-22 02:59:10
1796,348,5501,34,5,ممتاز جداً ويستحق كل ريال. التغليف أنيق والجودة عالية.,2024-04-02 16:18:19
1797,449,2434,47,5,تجربة شراء رائعة والمنتج وصل بحالة مثالية وبالمواصفات المطلوبة.,2024-11-16 20:56:30
1798,48,3113,46,4,منتج جيد استلمته بسرعة ويعمل بشكل ممتاز.,2024-04-26 12:34:48
1799,97,1440,42,4,جودة عالية والسعر معقول فقط التغليف كان بسيطاً قليلاً.,2023-07-28 02:41:40
1800,66,4037,53,4,مطابق للوصف تقريباً والجودة جيدة وسأوصي به لأصدقائي.,2023-04-30 12:38:59
1801,465,4682,42,5,منتج رائع جداً فاق توقعاتي بكل المقاييس. أنصح به بشدة.,2024-06-13 09:16:42
1802,468,420,42,4,منتج جيد استلمته بسرعة ويعمل بشكل ممتاز.,2023-03-10 23:02:18
1803,419,6040,28,5,أفضل منتج اشتريته منذ فترة طويلة وأنصح الجميع بتجربته.,2024-07-02 11:08:03
1804,102,8361,8,5,منتج رائع جداً فاق توقعاتي بكل المقاييس. أنصح به بشدة.,2023-09-30 09:48:18
1805,256,2843,85,1,تجربة مروعة ووصل المنتج مكسوراً ومختلفاً عن المواصفات.,2023-01-22 19:33:45
1806,350,3622,29,5,ممتاز جداً ويستحق كل ريال. التغليف أنيق والجودة عالية.,2024-07-06 16:32:36
1807,471,6575,3,4,تجربة جيدة بشكل عام والمنتج يؤدي وظيفته على أكمل وجه.,2024-01-04 20:27:22
1808,184,5874,29,5,منتج رائع جداً فاق توقعاتي بكل المقاييس. أنصح به بشدة.,2024-07-16 06:38:05
1809,447,7035,2,3,جيد للاستخدام البسيط لكن السعر مرتفع نسبياً لهذه الجودة.,2024-03-20 21:18:08
1810,168,1415,31,4,مطابق للوصف تقريباً والجودة جيدة وسأوصي به لأصدقائي.,2023-06-13 07:08:18
1811,214,1396,6,4,مطابق للوصف تقريباً والجودة جيدة وسأوصي به لأصدقائي.,2023-01-31 13:30:14
1812,473,264,37,4,جودة عالية والسعر معقول فقط التغليف كان بسيطاً قليلاً.,2024-09-25 11:05:54
1813,29,5813,11,4,منتج جيد جداً وبسعر مناسب والشحن كان في الموعد.,2024-07-29 21:42:59
1814,33,3182,32,5,ممتاز جداً ويستحق كل ريال. التغليف أنيق والجودة عالية.,2024-11-18 12:23:11
1815,117,3596,39,5,تجربة شراء رائعة والمنتج وصل بحالة مثالية وبالمواصفات المطلوبة.,2023-09-16 13:00:15
1816,247,5256,198,4,منتج جيد استلمته بسرعة ويعمل بشكل ممتاز.,2024-01-14 23:44:26
1817,193,122,2,5,منتج رائع جداً فاق توقعاتي بكل المقاييس. أنصح به بشدة.,2024-05-02 21:54:54
1818,440,8197,141,3,التوصيل كان متأخراً وتغليف المنتج جاء مجعّداً قليلاً.,2023-01-25 02:23:41
1819,108,1818,39,4,منتج جيد استلمته بسرعة ويعمل بشكل ممتاز.,2023-06-24 00:59:20
1820,357,2122,60,3,المنتج مقبول لكن هناك بدائل أفضل بنفس السعر في السوق.,2024-08-06 11:37:21
1821,467,7709,148,4,تجربة جيدة بشكل عام والمنتج يؤدي وظيفته على أكمل وجه.,2023-09-28 13:12:41
1822,347,7670,1,4,تجربة جيدة بشكل عام والمنتج يؤدي وظيفته على أكمل وجه.,2024-12-06 04:36:27
1823,352,7864,26,4,منتج جيد جداً وبسعر مناسب والشحن كان في الموعد.,2023-06-29 20:00:46
1824,441,5394,26,3,المنتج مقبول لكن هناك بدائل أفضل بنفس السعر في السوق.,2024-05-25 22:11:01
1825,68,8277,42,5,جودة ممتازة والشحن كان سريعاً وسأشتري مجدداً بالتأكيد.,2023-10-06 12:51:46
1826,457,9971,3,5,ممتاز جداً ويستحق كل ريال. التغليف أنيق والجودة عالية.,2023-07-03 00:25:31
1827,212,8504,133,5,جودة ممتازة والشحن كان سريعاً وسأشتري مجدداً بالتأكيد.,2024-12-08 23:49:50
1828,449,2825,78,4,مطابق للوصف تقريباً والجودة جيدة وسأوصي به لأصدقائي.,2023-08-09 02:12:39
1829,205,109,46,5,جودة ممتازة والشحن كان سريعاً وسأشتري مجدداً بالتأكيد.,2023-12-04 18:53:42
1830,36,5020,50,1,تجربة مروعة ووصل المنتج مكسوراً ومختلفاً عن المواصفات.,2023-06-03 08:08:45
1831,33,8876,48,5,منتج رائع جداً فاق توقعاتي بكل المقاييس. أنصح به بشدة.,2023-04-17 00:08:50
1832,116,9084,35,4,جودة عالية والسعر معقول فقط التغليف كان بسيطاً قليلاً.,2023-10-10 04:59:05
1833,155,671,4,5,أفضل منتج اشتريته منذ فترة طويلة وأنصح الجميع بتجربته.,2023-07-02 20:46:00
1834,488,6909,37,5,أفضل منتج اشتريته منذ فترة طويلة وأنصح الجميع بتجربته.,2023-03-07 12:40:25
1835,80,3163,109,3,المنتج مقبول لكن هناك بدائل أفضل بنفس السعر في السوق.,2023-10-20 13:10:37
1836,75,8791,1,1,المنتج لا يعمل من الأساس وتواصلت مع الدعم ولم يتجاوبوا.,2024-02-07 20:06:46
1837,488,5344,143,5,ممتاز جداً ويستحق كل ريال. التغليف أنيق والجودة عالية.,2024-06-03 00:06:56
1838,278,8576,32,5,منتج رائع جداً فاق توقعاتي بكل المقاييس. أنصح به بشدة.,2024-11-07 02:00:46
1839,217,2905,4,5,ممتاز جداً ويستحق كل ريال. التغليف أنيق والجودة عالية.,2024-08-17 04:16:19
1840,307,1710,60,5,أفضل منتج اشتريته منذ فترة طويلة وأنصح الجميع بتجربته.,2023-02-27 17:32:00
1841,205,8272,57,4,جودة عالية والسعر معقول فقط التغليف كان بسيطاً قليلاً.,2024-10-28 03:12:16
1842,499,1039,42,3,التوصيل كان متأخراً وتغليف المنتج جاء مجعّداً قليلاً.,2023-03-28 06:35:11
1843,97,1936,48,5,تجربة شراء رائعة والمنتج وصل بحالة مثالية وبالمواصفات المطلوبة.,2024-09-21 09:22:51
1844,253,5408,50,5,جودة ممتازة والشحن كان سريعاً وسأشتري مجدداً بالتأكيد.,2024-08-28 08:46:21
1845,274,454,51,5,جودة ممتازة والشحن كان سريعاً وسأشتري مجدداً بالتأكيد.,2023-11-07 19:59:06
1846,202,90,133,2,المنتج لم يعمل بشكل صحيح من اليوم الأول وطلبت الإرجاع.,2024-01-12 12:12:50
1847,447,2030,25,3,المنتج مقبول لكن هناك بدائل أفضل بنفس السعر في السوق.,2023-03-04 07:17:33
1848,486,9557,190,5,تجربة شراء رائعة والمنتج وصل بحالة مثالية وبالمواصفات المطلوبة.,2024-04-26 11:13:57
1849,253,5408,46,1,المنتج لا يعمل من الأساس وتواصلت مع الدعم ولم يتجاوبوا.,2024-08-17 01:46:21
1850,146,4792,56,5,أفضل منتج اشتريته منذ فترة طويلة وأنصح الجميع بتجربته.,2023-08-16 05:27:41
1851,412,152,32,5,تجربة شراء رائعة والمنتج وصل بحالة مثالية وبالمواصفات المطلوبة.,2024-11-01 08:45:16
1852,299,2110,190,5,تجربة شراء رائعة والمنتج وصل بحالة مثالية وبالمواصفات المطلوبة.,2024-11-03 04:10:58
1853,251,7842,48,1,تجربة مروعة ووصل المنتج مكسوراً ومختلفاً عن المواصفات.,2024-03-16 08:05:07
1854,207,3234,25,4,مطابق للوصف تقريباً والجودة جيدة وسأوصي به لأصدقائي.,2024-05-07 13:56:38
1855,493,2541,111,4,منتج جيد جداً وبسعر مناسب والشحن كان في الموعد.,2025-01-05 14:12:47
1856,385,8474,6,4,منتج جيد جداً وبسعر مناسب والشحن كان في الموعد.,2024-04-21 19:43:23
1857,269,9399,42,5,ممتاز جداً ويستحق كل ريال. التغليف أنيق والجودة عالية.,2023-06-25 20:45:59
1858,175,8140,51,3,جيد للاستخدام البسيط لكن السعر مرتفع نسبياً لهذه الجودة.,2024-10-18 03:32:32
1859,353,5701,118,5,تجربة شراء رائعة والمنتج وصل بحالة مثالية وبالمواصفات المطلوبة.,2024-10-02 13:49:18
1860,311,4092,125,5,منتج رائع جداً فاق توقعاتي بكل المقاييس. أنصح به بشدة.,2024-04-15 20:24:02
1861,8,9490,184,3,جيد للاستخدام البسيط لكن السعر مرتفع نسبياً لهذه الجودة.,2024-01-23 20:26:09
1862,76,7179,53,5,ممتاز جداً ويستحق كل ريال. التغليف أنيق والجودة عالية.,2024-11-04 11:10:06
1863,328,6859,47,5,تجربة شراء رائعة والمنتج وصل بحالة مثالية وبالمواصفات المطلوبة.,2023-06-07 21:08:39
1864,439,6419,33,4,منتج جيد جداً وبسعر مناسب والشحن كان في الموعد.,2023-03-18 12:19:46
1865,129,4351,39,5,منتج رائع جداً فاق توقعاتي بكل المقاييس. أنصح به بشدة.,2023-07-14 21:13:32
1866,14,9679,39,3,جيد للاستخدام البسيط لكن السعر مرتفع نسبياً لهذه الجودة.,2023-08-08 05:56:49
1867,110,3103,34,4,مطابق للوصف تقريباً والجودة جيدة وسأوصي به لأصدقائي.,2023-05-16 12:19:14
1868,172,2449,39,5,أفضل منتج اشتريته منذ فترة طويلة وأنصح الجميع بتجربته.,2024-06-17 13:18:19
1869,27,3905,54,4,مطابق للوصف تقريباً والجودة جيدة وسأوصي به لأصدقائي.,2025-01-01 06:02:37
1870,33,5037,33,4,مطابق للوصف تقريباً والجودة جيدة وسأوصي به لأصدقائي.,2023-05-19 05:40:00
1871,74,1478,56,4,تجربة جيدة بشكل عام والمنتج يؤدي وظيفته على أكمل وجه.,2023-12-28 08:46:52
1872,96,7945,37,2,جودة ضعيفة للأسف ولن أشتري من هذا البائع مرة أخرى.,2024-01-22 19:40:55
1873,452,586,103,5,منتج رائع جداً فاق توقعاتي بكل المقاييس. أنصح به بشدة.,2023-09-25 13:47:44
1874,345,6832,60,3,متوسط ويؤدي وظيفته لكنه ليس بالجودة التي توقعتها.,2024-08-20 17:03:02
1875,102,5797,154,5,منتج رائع جداً فاق توقعاتي بكل المقاييس. أنصح به بشدة.,2023-08-21 23:50:39
1876,417,7127,38,5,جودة ممتازة والشحن كان سريعاً وسأشتري مجدداً بالتأكيد.,2023-01-16 03:43:42
1877,302,6295,48,5,تجربة شراء رائعة والمنتج وصل بحالة مثالية وبالمواصفات المطلوبة.,2023-01-25 00:14:49
1878,145,9661,19,4,تجربة جيدة بشكل عام والمنتج يؤدي وظيفته على أكمل وجه.,2024-09-27 01:52:30
1879,222,6595,168,5,جودة ممتازة والشحن كان سريعاً وسأشتري مجدداً بالتأكيد.,2024-07-21 07:39:38
1880,264,8236,168,5,منتج رائع جداً فاق توقعاتي بكل المقاييس. أنصح به بشدة.,2024-02-18 13:51:21
1881,11,9813,58,1,تجربة مروعة ووصل المنتج مكسوراً ومختلفاً عن المواصفات.,2023-06-10 07:15:16
1882,82,8542,42,4,منتج جيد جداً وبسعر مناسب والشحن كان في الموعد.,2023-03-25 06:40:20
1883,159,657,38,3,متوسط ويؤدي وظيفته لكنه ليس بالجودة التي توقعتها.,2023-06-03 06:59:09
1884,109,5807,32,4,منتج جيد جداً وبسعر مناسب والشحن كان في الموعد.,2023-09-05 14:22:47
1885,488,1021,32,1,منتج سيء جداً لا أنصح به أبداً. أطلبوا استرداد أموالكم.,2024-11-11 17:49:17
1886,42,3195,48,5,تجربة شراء رائعة والمنتج وصل بحالة مثالية وبالمواصفات المطلوبة.,2024-10-19 01:00:16
1887,386,8325,3,5,أفضل منتج اشتريته منذ فترة طويلة وأنصح الجميع بتجربته.,2023-07-22 18:52:23
1888,69,3886,5,2,التغليف كان سيئاً والمنتج تعرّض لأضرار أثناء الشحن.,2024-12-05 23:31:20
1889,97,3205,1,5,ممتاز جداً ويستحق كل ريال. التغليف أنيق والجودة عالية.,2023-04-07 18:15:21
1890,4,6618,48,4,جودة عالية والسعر معقول فقط التغليف كان بسيطاً قليلاً.,2023-03-19 13:37:59
1891,104,8230,165,4,تجربة جيدة بشكل عام والمنتج يؤدي وظيفته على أكمل وجه.,2023-09-04 22:58:39
1892,309,7400,3,4,جودة عالية والسعر معقول فقط التغليف كان بسيطاً قليلاً.,2023-04-09 06:15:55
1893,88,6276,46,3,متوسط ويؤدي وظيفته لكنه ليس بالجودة التي توقعتها.,2024-07-20 10:37:40
1894,464,1799,29,4,تجربة جيدة بشكل عام والمنتج يؤدي وظيفته على أكمل وجه.,2024-05-14 05:54:02
1895,256,440,34,5,منتج رائع جداً فاق توقعاتي بكل المقاييس. أنصح به بشدة.,2024-07-20 03:19:20
1896,249,5051,47,4,جودة عالية والسعر معقول فقط التغليف كان بسيطاً قليلاً.,2024-05-12 18:40:48
1897,425,5851,52,5,منتج رائع جداً فاق توقعاتي بكل المقاييس. أنصح به بشدة.,2024-07-29 08:53:35
1898,340,2802,109,5,أفضل منتج اشتريته منذ فترة طويلة وأنصح الجميع بتجربته.,2024-12-07 05:34:29
1899,428,9271,16,1,المنتج لا يعمل من الأساس وتواصلت مع الدعم ولم يتجاوبوا.,2023-12-31 16:19:32
1900,302,6295,42,2,التغليف كان سيئاً والمنتج تعرّض لأضرار أثناء الشحن.,2023-01-30 19:14:49
1901,448,3629,172,1,لا يستحق حتى نجمة واحدة وجودة رديئة جداً مع سعر مرتفع.,2024-11-02 06:50:19
1902,109,5826,42,5,منتج رائع جداً فاق توقعاتي بكل المقاييس. أنصح به بشدة.,2023-02-15 04:02:49
1903,481,617,5,5,ممتاز جداً ويستحق كل ريال. التغليف أنيق والجودة عالية.,2023-02-05 07:07:30
1904,330,638,1,5,تجربة شراء رائعة والمنتج وصل بحالة مثالية وبالمواصفات المطلوبة.,2024-08-10 19:38:01
1905,347,5436,105,5,تجربة شراء رائعة والمنتج وصل بحالة مثالية وبالمواصفات المطلوبة.,2024-08-06 21:33:50
1906,231,8323,32,5,منتج رائع جداً فاق توقعاتي بكل المقاييس. أنصح به بشدة.,2024-11-07 15:05:23
1907,327,9421,35,5,جودة ممتازة والشحن كان سريعاً وسأشتري مجدداً بالتأكيد.,2024-04-09 07:03:17
1908,141,5752,197,5,جودة ممتازة والشحن كان سريعاً وسأشتري مجدداً بالتأكيد.,2023-09-23 14:23:39
1909,134,1206,48,5,ممتاز جداً ويستحق كل ريال. التغليف أنيق والجودة عالية.,2023-12-01 16:05:06
1910,90,981,50,4,منتج جيد استلمته بسرعة ويعمل بشكل ممتاز.,2024-01-16 23:29:36
1911,48,8748,2,4,مطابق للوصف تقريباً والجودة جيدة وسأوصي به لأصدقائي.,2023-01-23 22:45:21
1912,393,52,3,5,ممتاز جداً ويستحق كل ريال. التغليف أنيق والجودة عالية.,2023-10-14 14:18:42
1913,345,3988,9,4,منتج جيد استلمته بسرعة ويعمل بشكل ممتاز.,2023-05-08 05:49:31
1914,95,1005,32,4,تجربة جيدة بشكل عام والمنتج يؤدي وظيفته على أكمل وجه.,2024-04-16 04:55:10
1915,150,8426,42,5,منتج رائع جداً فاق توقعاتي بكل المقاييس. أنصح به بشدة.,2023-11-12 11:54:33
1916,226,7256,38,1,منتج سيء جداً لا أنصح به أبداً. أطلبوا استرداد أموالكم.,2023-07-15 04:21:45
1917,275,3101,83,5,ممتاز جداً ويستحق كل ريال. التغليف أنيق والجودة عالية.,2024-12-27 12:55:25
1918,90,3965,86,4,تجربة جيدة بشكل عام والمنتج يؤدي وظيفته على أكمل وجه.,2024-02-26 09:22:12
1919,72,4391,56,5,منتج رائع جداً فاق توقعاتي بكل المقاييس. أنصح به بشدة.,2025-01-03 16:21:14
1920,4,8223,129,4,مطابق للوصف تقريباً والجودة جيدة وسأوصي به لأصدقائي.,2024-05-11 18:04:22
1921,118,9634,35,5,أفضل منتج اشتريته منذ فترة طويلة وأنصح الجميع بتجربته.,2023-06-05 11:41:44
1922,77,3609,46,1,تجربة مروعة ووصل المنتج مكسوراً ومختلفاً عن المواصفات.,2024-03-16 12:45:48
1923,391,3476,56,4,مطابق للوصف تقريباً والجودة جيدة وسأوصي به لأصدقائي.,2024-10-05 03:28:48
1924,488,5344,3,2,جودة ضعيفة للأسف ولن أشتري من هذا البائع مرة أخرى.,2024-06-08 01:06:56
1925,302,4250,17,5,جودة ممتازة والشحن كان سريعاً وسأشتري مجدداً بالتأكيد.,2023-03-22 11:37:22
1926,306,591,80,4,جودة عالية والسعر معقول فقط التغليف كان بسيطاً قليلاً.,2023-05-25 19:21:00
1927,186,2475,154,5,تجربة شراء رائعة والمنتج وصل بحالة مثالية وبالمواصفات المطلوبة.,2024-02-10 23:58:11
1928,374,8077,76,4,تجربة جيدة بشكل عام والمنتج يؤدي وظيفته على أكمل وجه.,2023-12-03 12:13:10
1929,146,7687,53,4,مطابق للوصف تقريباً والجودة جيدة وسأوصي به لأصدقائي.,2023-12-07 08:14:58
1930,16,6812,42,5,أفضل منتج اشتريته منذ فترة طويلة وأنصح الجميع بتجربته.,2023-09-03 15:30:42
1931,219,8525,48,4,مطابق للوصف تقريباً والجودة جيدة وسأوصي به لأصدقائي.,2024-01-23 19:56:57
1932,490,5677,3,5,أفضل منتج اشتريته منذ فترة طويلة وأنصح الجميع بتجربته.,2023-02-27 00:59:46
1933,60,1673,46,5,منتج رائع جداً فاق توقعاتي بكل المقاييس. أنصح به بشدة.,2023-08-05 23:08:45
1934,50,5931,47,1,أسوأ تجربة شراء والمنتج مختلف تماماً عن الصور والوصف.,2023-12-30 23:27:52
1935,121,8477,150,2,التغليف كان سيئاً والمنتج تعرّض لأضرار أثناء الشحن.,2024-05-14 13:21:08
1936,102,9669,39,4,مطابق للوصف تقريباً والجودة جيدة وسأوصي به لأصدقائي.,2023-12-11 02:40:49
1937,112,7777,102,5,ممتاز جداً ويستحق كل ريال. التغليف أنيق والجودة عالية.,2024-06-29 20:31:06
1938,71,8328,3,5,أفضل منتج اشتريته منذ فترة طويلة وأنصح الجميع بتجربته.,2023-11-17 05:32:38
1939,287,2072,47,4,منتج جيد جداً وبسعر مناسب والشحن كان في الموعد.,2024-02-10 18:51:06
1940,137,7037,42,4,منتج جيد جداً وبسعر مناسب والشحن كان في الموعد.,2023-04-07 06:36:56
1941,230,2075,31,3,المنتج مقبول ولكن يحتاج بعض التحسينات في الجودة.,2023-03-26 03:13:40
1942,81,4955,31,5,أفضل منتج اشتريته منذ فترة طويلة وأنصح الجميع بتجربته.,2024-12-20 17:37:27
1943,62,1532,48,5,تجربة شراء رائعة والمنتج وصل بحالة مثالية وبالمواصفات المطلوبة.,2024-08-01 06:59:30
1944,450,6007,6,5,ممتاز جداً ويستحق كل ريال. التغليف أنيق والجودة عالية.,2023-01-30 15:28:17
1945,54,1805,47,5,تجربة شراء رائعة والمنتج وصل بحالة مثالية وبالمواصفات المطلوبة.,2023-04-05 04:42:20
1946,263,4422,41,4,مطابق للوصف تقريباً والجودة جيدة وسأوصي به لأصدقائي.,2023-01-22 05:08:42
1947,375,4131,26,5,ممتاز جداً ويستحق كل ريال. التغليف أنيق والجودة عالية.,2023-05-31 15:47:23
1948,58,7460,3,5,جودة ممتازة والشحن كان سريعاً وسأشتري مجدداً بالتأكيد.,2023-12-26 03:31:33
1949,84,9187,193,4,منتج جيد جداً وبسعر مناسب والشحن كان في الموعد.,2024-11-25 13:23:31
1950,325,14,99,2,التغليف كان سيئاً والمنتج تعرّض لأضرار أثناء الشحن.,2023-09-02 03:38:15
1951,204,2471,192,5,أفضل منتج اشتريته منذ فترة طويلة وأنصح الجميع بتجربته.,2024-03-26 20:49:25
1952,192,7422,3,4,منتج جيد جداً وبسعر مناسب والشحن كان في الموعد.,2023-03-12 02:57:52
1953,82,6556,152,2,خيّبت الآمال والمنتج لا يشبه الوصف ولا الصور المعروضة.,2024-08-22 05:31:43
1954,184,6834,56,2,التغليف كان سيئاً والمنتج تعرّض لأضرار أثناء الشحن.,2024-04-22 13:59:51
1955,283,8066,194,3,متوسط ويؤدي وظيفته لكنه ليس بالجودة التي توقعتها.,2024-10-18 20:00:15
1956,461,3243,86,5,منتج رائع جداً فاق توقعاتي بكل المقاييس. أنصح به بشدة.,2024-05-15 23:56:00
1957,421,8075,117,5,تجربة شراء رائعة والمنتج وصل بحالة مثالية وبالمواصفات المطلوبة.,2025-01-05 22:09:59
1958,67,9656,50,5,أفضل منتج اشتريته منذ فترة طويلة وأنصح الجميع بتجربته.,2024-04-24 17:43:01
1959,330,2638,41,5,جودة ممتازة والشحن كان سريعاً وسأشتري مجدداً بالتأكيد.,2023-06-11 23:59:59
1960,365,384,29,5,منتج رائع جداً فاق توقعاتي بكل المقاييس. أنصح به بشدة.,2024-05-14 17:01:39
1961,200,2315,159,4,منتج جيد جداً وبسعر مناسب والشحن كان في الموعد.,2023-12-22 03:48:25
1962,438,218,182,5,تجربة شراء رائعة والمنتج وصل بحالة مثالية وبالمواصفات المطلوبة.,2024-09-10 20:57:02
1963,111,8824,36,1,تجربة مروعة ووصل المنتج مكسوراً ومختلفاً عن المواصفات.,2024-08-22 08:56:38
1964,107,5692,4,1,أسوأ تجربة شراء والمنتج مختلف تماماً عن الصور والوصف.,2023-06-17 03:22:54
1965,310,7254,41,4,مطابق للوصف تقريباً والجودة جيدة وسأوصي به لأصدقائي.,2023-05-16 10:07:25
1966,101,4294,41,5,أفضل منتج اشتريته منذ فترة طويلة وأنصح الجميع بتجربته.,2024-12-26 23:42:42
1967,468,8376,48,4,تجربة جيدة بشكل عام والمنتج يؤدي وظيفته على أكمل وجه.,2024-02-08 09:54:58
1968,83,9373,48,3,المنتج مقبول لكن هناك بدائل أفضل بنفس السعر في السوق.,2023-02-04 06:10:25
1969,121,9078,91,4,جودة عالية والسعر معقول فقط التغليف كان بسيطاً قليلاً.,2023-12-14 08:44:54
1970,96,6303,142,5,ممتاز جداً ويستحق كل ريال. التغليف أنيق والجودة عالية.,2023-05-14 03:27:51
1971,52,6201,57,1,تجربة مروعة ووصل المنتج مكسوراً ومختلفاً عن المواصفات.,2024-02-27 14:33:37
1972,80,6882,48,5,أفضل منتج اشتريته منذ فترة طويلة وأنصح الجميع بتجربته.,2024-11-28 16:17:00
1973,401,854,29,5,منتج رائع جداً فاق توقعاتي بكل المقاييس. أنصح به بشدة.,2024-06-08 23:03:53
1974,301,1914,34,4,تجربة جيدة بشكل عام والمنتج يؤدي وظيفته على أكمل وجه.,2024-04-12 09:52:56
1975,127,3973,117,5,ممتاز جداً ويستحق كل ريال. التغليف أنيق والجودة عالية.,2024-06-30 17:54:17
1976,136,1433,51,4,منتج جيد استلمته بسرعة ويعمل بشكل ممتاز.,2024-10-01 09:22:51
1977,213,5749,46,5,منتج رائع جداً فاق توقعاتي بكل المقاييس. أنصح به بشدة.,2024-10-15 10:15:48
1978,399,1196,1,5,جودة ممتازة والشحن كان سريعاً وسأشتري مجدداً بالتأكيد.,2024-09-23 23:50:07
1979,329,927,3,2,المنتج لم يعمل بشكل صحيح من اليوم الأول وطلبت الإرجاع.,2023-02-04 04:33:13
1980,389,695,42,5,أفضل منتج اشتريته منذ فترة طويلة وأنصح الجميع بتجربته.,2023-12-15 13:32:04
1981,298,5414,53,5,ممتاز جداً ويستحق كل ريال. التغليف أنيق والجودة عالية.,2024-12-16 07:20:57
1982,201,3785,51,5,أفضل منتج اشتريته منذ فترة طويلة وأنصح الجميع بتجربته.,2023-02-19 15:35:41
1983,387,5279,53,3,متوسط ويؤدي وظيفته لكنه ليس بالجودة التي توقعتها.,2024-07-23 22:02:57
1984,224,2616,168,4,مطابق للوصف تقريباً والجودة جيدة وسأوصي به لأصدقائي.,2023-09-28 14:19:36
1985,359,9719,56,2,لم يكن بالجودة المتوقعة وغير مطابق للصور بشكل واضح.,2023-10-10 19:07:20
1986,466,3491,199,4,منتج جيد جداً وبسعر مناسب والشحن كان في الموعد.,2024-11-14 17:49:01
1987,249,1141,6,3,جيد للاستخدام البسيط لكن السعر مرتفع نسبياً لهذه الجودة.,2023-09-21 01:44:43
1988,18,2245,3,4,جودة عالية والسعر معقول فقط التغليف كان بسيطاً قليلاً.,2023-12-08 17:15:14
1989,311,8484,29,5,منتج رائع جداً فاق توقعاتي بكل المقاييس. أنصح به بشدة.,2024-12-07 06:43:35
1990,178,48,32,5,أفضل منتج اشتريته منذ فترة طويلة وأنصح الجميع بتجربته.,2023-09-24 14:22:32
1991,20,3774,42,5,أفضل منتج اشتريته منذ فترة طويلة وأنصح الجميع بتجربته.,2024-09-17 19:42:41
1992,22,7233,29,5,جودة ممتازة والشحن كان سريعاً وسأشتري مجدداً بالتأكيد.,2024-09-05 03:23:34
1993,215,4179,48,5,جودة ممتازة والشحن كان سريعاً وسأشتري مجدداً بالتأكيد.,2024-06-28 17:49:33
1994,351,2903,35,4,تجربة جيدة بشكل عام والمنتج يؤدي وظيفته على أكمل وجه.,2023-05-07 01:57:00
1995,477,1253,6,1,لا يستحق حتى نجمة واحدة وجودة رديئة جداً مع سعر مرتفع.,2024-11-13 20:34:14
1996,418,7000,6,4,جودة عالية والسعر معقول فقط التغليف كان بسيطاً قليلاً.,2024-05-11 15:49:24
1997,50,2988,53,1,أسوأ تجربة شراء والمنتج مختلف تماماً عن الصور والوصف.,2024-12-01 17:32:21
1998,293,7577,80,5,منتج رائع جداً فاق توقعاتي بكل المقاييس. أنصح به بشدة.,2023-11-19 23:54:29
1999,449,7747,151,4,مطابق للوصف تقريباً والجودة جيدة وسأوصي به لأصدقائي.,2024-01-06 18:40:12
2000,206,5022,56,5,جودة ممتازة والشحن كان سريعاً وسأشتري مجدداً بالتأكيد.,2023-04-21 01:06:03
2001,449,9196,46,5,ممتاز جداً ويستحق كل ريال. التغليف أنيق والجودة عالية.,2024-06-09 17:18:44
2002,389,695,123,5,أفضل منتج اشتريته منذ فترة طويلة وأنصح الجميع بتجربته.,2023-12-12 10:32:04
2003,192,6016,6,5,أفضل منتج اشتريته منذ فترة طويلة وأنصح الجميع بتجربته.,2023-09-29 04:00:49
2004,70,9352,51,5,ممتاز جداً ويستحق كل ريال. التغليف أنيق والجودة عالية.,2023-07-22 07:03:33
2005,34,1327,66,1,أسوأ تجربة شراء والمنتج مختلف تماماً عن الصور والوصف.,2024-10-06 03:22:51
2006,160,2771,46,5,جودة ممتازة والشحن كان سريعاً وسأشتري مجدداً بالتأكيد.,2023-12-30 03:34:15
2007,471,6575,153,4,منتج جيد استلمته بسرعة ويعمل بشكل ممتاز.,2024-01-12 23:27:22
2008,56,1601,3,2,جودة ضعيفة للأسف ولن أشتري من هذا البائع مرة أخرى.,2024-06-25 20:45:43
2009,496,8414,41,4,منتج جيد استلمته بسرعة ويعمل بشكل ممتاز.,2023-09-28 01:47:06
2010,473,8895,111,5,تجربة شراء رائعة والمنتج وصل بحالة مثالية وبالمواصفات المطلوبة.,2024-02-10 04:33:12
2011,326,8984,48,5,تجربة شراء رائعة والمنتج وصل بحالة مثالية وبالمواصفات المطلوبة.,2024-09-01 08:31:30
2012,422,1047,186,5,ممتاز جداً ويستحق كل ريال. التغليف أنيق والجودة عالية.,2023-11-22 15:52:15
2013,197,2508,103,3,متوسط ويؤدي وظيفته لكنه ليس بالجودة التي توقعتها.,2024-10-14 11:13:47
2014,215,4056,9,4,تجربة جيدة بشكل عام والمنتج يؤدي وظيفته على أكمل وجه.,2023-08-01 01:22:59
2015,225,2730,48,4,مطابق للوصف تقريباً والجودة جيدة وسأوصي به لأصدقائي.,2024-04-17 08:55:17
2016,268,6266,131,5,منتج رائع جداً فاق توقعاتي بكل المقاييس. أنصح به بشدة.,2023-01-05 17:44:25
2017,226,6877,66,2,جودة ضعيفة للأسف ولن أشتري من هذا البائع مرة أخرى.,2023-06-20 15:23:34
2018,417,5947,57,5,جودة ممتازة والشحن كان سريعاً وسأشتري مجدداً بالتأكيد.,2023-03-25 08:19:09
2019,497,1897,147,1,المنتج لا يعمل من الأساس وتواصلت مع الدعم ولم يتجاوبوا.,2024-07-14 01:02:08
2020,179,3971,51,4,منتج جيد استلمته بسرعة ويعمل بشكل ممتاز.,2023-01-18 05:17:40
2021,32,829,35,3,جيد للاستخدام البسيط لكن السعر مرتفع نسبياً لهذه الجودة.,2023-07-27 00:11:43
2022,462,4729,35,4,منتج جيد استلمته بسرعة ويعمل بشكل ممتاز.,2024-02-14 22:12:00
2023,173,4840,193,5,جودة ممتازة والشحن كان سريعاً وسأشتري مجدداً بالتأكيد.,2024-06-26 05:06:44
2024,85,4141,32,5,تجربة شراء رائعة والمنتج وصل بحالة مثالية وبالمواصفات المطلوبة.,2023-05-19 05:24:50
2025,279,1860,31,5,جودة ممتازة والشحن كان سريعاً وسأشتري مجدداً بالتأكيد.,2024-03-11 01:20:33
2026,434,933,42,4,مطابق للوصف تقريباً والجودة جيدة وسأوصي به لأصدقائي.,2024-09-22 20:35:40
2027,105,5120,55,1,لا يستحق حتى نجمة واحدة وجودة رديئة جداً مع سعر مرتفع.,2024-12-04 06:59:59
2028,214,1396,102,5,تجربة شراء رائعة والمنتج وصل بحالة مثالية وبالمواصفات المطلوبة.,2023-01-29 14:30:14
2029,196,982,181,5,ممتاز جداً ويستحق كل ريال. التغليف أنيق والجودة عالية.,2023-08-30 04:35:12
2030,123,4450,33,5,تجربة شراء رائعة والمنتج وصل بحالة مثالية وبالمواصفات المطلوبة.,2023-03-19 13:43:35
2031,478,1376,29,3,جيد للاستخدام البسيط لكن السعر مرتفع نسبياً لهذه الجودة.,2023-02-26 01:02:28
2032,156,8735,1,4,مطابق للوصف تقريباً والجودة جيدة وسأوصي به لأصدقائي.,2024-03-14 11:17:26
2033,410,280,42,5,منتج رائع جداً فاق توقعاتي بكل المقاييس. أنصح به بشدة.,2024-07-23 14:47:32
2034,26,267,161,5,منتج رائع جداً فاق توقعاتي بكل المقاييس. أنصح به بشدة.,2023-12-24 23:14:08
2035,116,7527,38,4,تجربة جيدة بشكل عام والمنتج يؤدي وظيفته على أكمل وجه.,2024-01-04 08:13:48
2036,197,9228,38,5,تجربة شراء رائعة والمنتج وصل بحالة مثالية وبالمواصفات المطلوبة.,2024-04-27 14:50:56
2037,155,7659,71,5,منتج رائع جداً فاق توقعاتي بكل المقاييس. أنصح به بشدة.,2024-09-06 22:24:03
2038,498,5919,50,5,تجربة شراء رائعة والمنتج وصل بحالة مثالية وبالمواصفات المطلوبة.,2024-07-20 23:52:02
2039,126,7599,48,5,أفضل منتج اشتريته منذ فترة طويلة وأنصح الجميع بتجربته.,2023-11-04 18:32:50
2040,370,8473,54,5,أفضل منتج اشتريته منذ فترة طويلة وأنصح الجميع بتجربته.,2024-01-01 09:18:45
2041,251,3838,4,4,تجربة جيدة بشكل عام والمنتج يؤدي وظيفته على أكمل وجه.,2024-12-31 23:57:39
2042,481,7959,38,5,أفضل منتج اشتريته منذ فترة طويلة وأنصح الجميع بتجربته.,2024-02-27 06:54:11
2043,395,7618,50,4,منتج جيد استلمته بسرعة ويعمل بشكل ممتاز.,2024-10-28 10:41:24
2044,499,1165,47,4,مطابق للوصف تقريباً والجودة جيدة وسأوصي به لأصدقائي.,2023-06-30 13:38:29
2045,331,9776,181,5,تجربة شراء رائعة والمنتج وصل بحالة مثالية وبالمواصفات المطلوبة.,2023-07-03 00:29:57
2046,16,1156,4,3,متوسط ويؤدي وظيفته لكنه ليس بالجودة التي توقعتها.,2023-07-25 02:03:25
2047,375,6082,53,4,جودة عالية والسعر معقول فقط التغليف كان بسيطاً قليلاً.,2023-12-10 20:08:53
2048,112,960,3,3,المنتج مقبول ولكن يحتاج بعض التحسينات في الجودة.,2023-05-03 23:06:16
2049,87,6927,10,4,منتج جيد جداً وبسعر مناسب والشحن كان في الموعد.,2023-02-17 23:55:44
2050,382,224,140,5,أفضل منتج اشتريته منذ فترة طويلة وأنصح الجميع بتجربته.,2023-07-29 11:58:53
2051,344,3250,179,5,تجربة شراء رائعة والمنتج وصل بحالة مثالية وبالمواصفات المطلوبة.,2024-01-16 13:46:25
2052,237,3772,35,5,ممتاز جداً ويستحق كل ريال. التغليف أنيق والجودة عالية.,2023-11-12 02:57:24
2053,81,3180,21,5,جودة ممتازة والشحن كان سريعاً وسأشتري مجدداً بالتأكيد.,2023-03-02 07:08:41
2054,238,9434,38,5,تجربة شراء رائعة والمنتج وصل بحالة مثالية وبالمواصفات المطلوبة.,2024-04-11 23:13:46
2055,358,5955,47,5,أفضل منتج اشتريته منذ فترة طويلة وأنصح الجميع بتجربته.,2023-07-06 08:06:15
2056,250,6608,149,4,مطابق للوصف تقريباً والجودة جيدة وسأوصي به لأصدقائي.,2024-09-28 23:24:09
2057,26,794,149,5,منتج رائع جداً فاق توقعاتي بكل المقاييس. أنصح به بشدة.,2023-11-15 14:38:09
2058,26,7124,32,3,التوصيل كان متأخراً وتغليف المنتج جاء مجعّداً قليلاً.,2024-10-17 09:02:09
2059,325,870,32,5,تجربة شراء رائعة والمنتج وصل بحالة مثالية وبالمواصفات المطلوبة.,2023-11-17 07:29:25
2060,177,7372,4,5,منتج رائع جداً فاق توقعاتي بكل المقاييس. أنصح به بشدة.,2024-06-06 11:36:55
2061,186,8669,31,4,جودة عالية والسعر معقول فقط التغليف كان بسيطاً قليلاً.,2023-09-30 01:55:02
2062,8,6776,67,5,أفضل منتج اشتريته منذ فترة طويلة وأنصح الجميع بتجربته.,2023-07-30 04:19:44
2063,38,5736,162,5,منتج رائع جداً فاق توقعاتي بكل المقاييس. أنصح به بشدة.,2025-01-02 22:19:55
2064,308,4219,18,5,جودة ممتازة والشحن كان سريعاً وسأشتري مجدداً بالتأكيد.,2023-10-10 00:53:13
2065,457,3495,42,5,تجربة شراء رائعة والمنتج وصل بحالة مثالية وبالمواصفات المطلوبة.,2024-05-25 08:24:32
2066,177,7494,41,4,مطابق للوصف تقريباً والجودة جيدة وسأوصي به لأصدقائي.,2023-01-10 18:12:52
2067,28,130,164,5,أفضل منتج اشتريته منذ فترة طويلة وأنصح الجميع بتجربته.,2024-02-21 14:48:32
2068,174,8941,47,5,أفضل منتج اشتريته منذ فترة طويلة وأنصح الجميع بتجربته.,2023-08-10 17:43:23
2069,51,1129,3,1,أسوأ تجربة شراء والمنتج مختلف تماماً عن الصور والوصف.,2023-09-07 13:01:46
2070,77,8444,31,4,منتج جيد استلمته بسرعة ويعمل بشكل ممتاز.,2023-09-23 01:41:16
2071,26,4194,54,4,منتج جيد جداً وبسعر مناسب والشحن كان في الموعد.,2023-08-23 02:35:14
2072,50,2988,51,5,ممتاز جداً ويستحق كل ريال. التغليف أنيق والجودة عالية.,2024-12-02 23:32:21
2073,168,5054,54,4,جودة عالية والسعر معقول فقط التغليف كان بسيطاً قليلاً.,2023-06-16 16:51:33
2074,469,3803,173,5,جودة ممتازة والشحن كان سريعاً وسأشتري مجدداً بالتأكيد.,2024-02-06 14:42:14
2075,296,6458,42,3,جيد للاستخدام البسيط لكن السعر مرتفع نسبياً لهذه الجودة.,2024-04-29 07:41:08
2076,389,283,51,4,منتج جيد جداً وبسعر مناسب والشحن كان في الموعد.,2023-03-04 14:49:07
2077,183,6966,31,5,ممتاز جداً ويستحق كل ريال. التغليف أنيق والجودة عالية.,2024-11-22 15:35:53
2078,426,2046,25,5,أفضل منتج اشتريته منذ فترة طويلة وأنصح الجميع بتجربته.,2023-09-21 06:47:26
2079,60,7319,56,4,تجربة جيدة بشكل عام والمنتج يؤدي وظيفته على أكمل وجه.,2024-01-19 23:30:51
2080,315,3529,6,5,منتج رائع جداً فاق توقعاتي بكل المقاييس. أنصح به بشدة.,2023-01-29 03:48:45
2081,455,1159,110,1,تجربة مروعة ووصل المنتج مكسوراً ومختلفاً عن المواصفات.,2025-01-03 02:07:23
2082,95,7778,32,3,التوصيل كان متأخراً وتغليف المنتج جاء مجعّداً قليلاً.,2023-07-13 10:40:56
2083,207,2935,51,5,منتج رائع جداً فاق توقعاتي بكل المقاييس. أنصح به بشدة.,2023-11-22 17:36:04
2084,456,8814,39,5,أفضل منتج اشتريته منذ فترة طويلة وأنصح الجميع بتجربته.,2024-03-31 08:42:41
2085,379,1170,4,5,جودة ممتازة والشحن كان سريعاً وسأشتري مجدداً بالتأكيد.,2023-08-11 10:55:54
2086,75,5223,15,4,جودة عالية والسعر معقول فقط التغليف كان بسيطاً قليلاً.,2024-09-01 08:03:55
2087,370,2620,87,3,جيد للاستخدام البسيط لكن السعر مرتفع نسبياً لهذه الجودة.,2023-11-30 01:07:36
2088,147,2739,59,5,تجربة شراء رائعة والمنتج وصل بحالة مثالية وبالمواصفات المطلوبة.,2024-12-18 16:24:54
2089,433,9616,47,5,ممتاز جداً ويستحق كل ريال. التغليف أنيق والجودة عالية.,2024-09-05 03:03:27
2090,263,7098,20,4,منتج جيد استلمته بسرعة ويعمل بشكل ممتاز.,2025-01-03 10:06:41
2091,486,627,116,5,منتج رائع جداً فاق توقعاتي بكل المقاييس. أنصح به بشدة.,2024-01-30 14:40:21
2092,482,9111,4,4,منتج جيد استلمته بسرعة ويعمل بشكل ممتاز.,2024-09-06 06:27:32
2093,453,3126,145,5,أفضل منتج اشتريته منذ فترة طويلة وأنصح الجميع بتجربته.,2024-06-20 10:03:08
2094,129,9409,29,4,منتج جيد جداً وبسعر مناسب والشحن كان في الموعد.,2023-05-20 07:59:22
2095,248,3728,28,4,تجربة جيدة بشكل عام والمنتج يؤدي وظيفته على أكمل وجه.,2024-10-31 04:19:51
2096,489,3192,54,1,لا يستحق حتى نجمة واحدة وجودة رديئة جداً مع سعر مرتفع.,2023-12-09 18:46:21
2097,372,8598,37,5,ممتاز جداً ويستحق كل ريال. التغليف أنيق والجودة عالية.,2023-10-01 18:57:40
2098,449,4078,45,5,ممتاز جداً ويستحق كل ريال. التغليف أنيق والجودة عالية.,2023-12-28 20:46:48
2099,259,9740,42,5,ممتاز جداً ويستحق كل ريال. التغليف أنيق والجودة عالية.,2024-12-31 06:47:50
2100,285,6291,134,5,تجربة شراء رائعة والمنتج وصل بحالة مثالية وبالمواصفات المطلوبة.,2024-02-26 16:09:36
2101,148,9989,48,4,مطابق للوصف تقريباً والجودة جيدة وسأوصي به لأصدقائي.,2023-05-02 18:32:04
2102,291,8304,51,5,تجربة شراء رائعة والمنتج وصل بحالة مثالية وبالمواصفات المطلوبة.,2023-04-23 05:58:05
2103,95,7239,28,2,خيّبت الآمال والمنتج لا يشبه الوصف ولا الصور المعروضة.,2024-03-03 21:47:52
2104,493,9034,1,4,منتج جيد جداً وبسعر مناسب والشحن كان في الموعد.,2023-03-21 21:10:09
2105,291,2606,147,5,ممتاز جداً ويستحق كل ريال. التغليف أنيق والجودة عالية.,2023-07-11 01:50:10
2106,118,9634,34,4,تجربة جيدة بشكل عام والمنتج يؤدي وظيفته على أكمل وجه.,2023-05-25 10:41:44
2107,71,9682,42,5,منتج رائع جداً فاق توقعاتي بكل المقاييس. أنصح به بشدة.,2024-10-23 05:49:33
2108,279,1653,25,5,ممتاز جداً ويستحق كل ريال. التغليف أنيق والجودة عالية.,2024-04-21 05:59:04
2109,306,591,29,4,تجربة جيدة بشكل عام والمنتج يؤدي وظيفته على أكمل وجه.,2023-05-28 19:21:00
2110,322,6504,129,4,تجربة جيدة بشكل عام والمنتج يؤدي وظيفته على أكمل وجه.,2024-03-26 01:16:50
2111,404,7682,6,5,أفضل منتج اشتريته منذ فترة طويلة وأنصح الجميع بتجربته.,2024-08-01 12:59:29
2112,243,9244,21,5,منتج رائع جداً فاق توقعاتي بكل المقاييس. أنصح به بشدة.,2023-01-28 05:31:56
2113,254,4216,56,5,أفضل منتج اشتريته منذ فترة طويلة وأنصح الجميع بتجربته.,2024-01-31 18:36:21
2114,14,9061,64,5,ممتاز جداً ويستحق كل ريال. التغليف أنيق والجودة عالية.,2023-05-02 09:56:23
2115,308,5744,48,5,أفضل منتج اشتريته منذ فترة طويلة وأنصح الجميع بتجربته.,2023-08-02 23:07:09
2116,194,4256,41,4,منتج جيد استلمته بسرعة ويعمل بشكل ممتاز.,2023-06-06 17:16:03
2117,449,2825,170,4,مطابق للوصف تقريباً والجودة جيدة وسأوصي به لأصدقائي.,2023-08-14 22:12:39
2118,390,2124,10,4,جودة عالية والسعر معقول فقط التغليف كان بسيطاً قليلاً.,2023-07-04 09:03:06
2119,371,2364,54,4,تجربة جيدة بشكل عام والمنتج يؤدي وظيفته على أكمل وجه.,2024-08-02 21:20:50
2120,495,1298,173,1,منتج سيء جداً لا أنصح به أبداً. أطلبوا استرداد أموالكم.,2023-06-23 01:44:46
2121,398,7416,41,4,تجربة جيدة بشكل عام والمنتج يؤدي وظيفته على أكمل وجه.,2023-01-24 19:46:11
2122,431,9267,174,4,جودة عالية والسعر معقول فقط التغليف كان بسيطاً قليلاً.,2023-03-05 00:54:04
2123,170,305,64,5,منتج رائع جداً فاق توقعاتي بكل المقاييس. أنصح به بشدة.,2024-02-10 19:26:56
2124,36,6709,2,5,ممتاز جداً ويستحق كل ريال. التغليف أنيق والجودة عالية.,2024-10-27 16:07:45
2125,202,7271,112,4,جودة عالية والسعر معقول فقط التغليف كان بسيطاً قليلاً.,2023-07-27 03:47:01
2126,49,8190,34,5,منتج رائع جداً فاق توقعاتي بكل المقاييس. أنصح به بشدة.,2023-09-13 03:17:40
2127,19,7145,32,5,ممتاز جداً ويستحق كل ريال. التغليف أنيق والجودة عالية.,2024-06-04 12:32:14
2128,500,7822,9,4,منتج جيد استلمته بسرعة ويعمل بشكل ممتاز.,2024-03-25 02:18:52
2129,137,8497,26,3,متوسط ويؤدي وظيفته لكنه ليس بالجودة التي توقعتها.,2024-07-02 21:41:38
2130,370,575,103,5,منتج رائع جداً فاق توقعاتي بكل المقاييس. أنصح به بشدة.,2023-08-24 19:58:26
2131,165,9374,39,4,جودة عالية والسعر معقول فقط التغليف كان بسيطاً قليلاً.,2023-04-05 16:46:58
2132,129,3296,167,3,متوسط ويؤدي وظيفته لكنه ليس بالجودة التي توقعتها.,2023-09-09 23:37:54
2133,176,6548,54,4,منتج جيد جداً وبسعر مناسب والشحن كان في الموعد.,2023-07-08 16:37:44
2134,189,4765,35,5,تجربة شراء رائعة والمنتج وصل بحالة مثالية وبالمواصفات المطلوبة.,2024-04-13 05:12:22
2135,196,926,2,4,منتج جيد جداً وبسعر مناسب والشحن كان في الموعد.,2024-05-14 03:27:59
2136,241,2174,34,5,منتج رائع جداً فاق توقعاتي بكل المقاييس. أنصح به بشدة.,2023-12-10 15:44:12
2137,494,4574,29,5,منتج رائع جداً فاق توقعاتي بكل المقاييس. أنصح به بشدة.,2023-12-20 01:10:17
2138,62,1896,25,1,المنتج لا يعمل من الأساس وتواصلت مع الدعم ولم يتجاوبوا.,2024-12-19 16:54:03
2139,26,7124,39,5,أفضل منتج اشتريته منذ فترة طويلة وأنصح الجميع بتجربته.,2024-10-15 06:02:09
2140,71,9039,32,5,منتج رائع جداً فاق توقعاتي بكل المقاييس. أنصح به بشدة.,2023-07-26 06:37:35
2141,144,2912,50,5,ممتاز جداً ويستحق كل ريال. التغليف أنيق والجودة عالية.,2023-11-19 19:52:57
2142,216,3926,197,1,تجربة مروعة ووصل المنتج مكسوراً ومختلفاً عن المواصفات.,2023-05-05 15:40:35
2143,369,4647,91,5,ممتاز جداً ويستحق كل ريال. التغليف أنيق والجودة عالية.,2024-08-23 05:56:50
2144,14,7357,180,5,أفضل منتج اشتريته منذ فترة طويلة وأنصح الجميع بتجربته.,2023-05-28 12:32:02
2145,336,9411,31,4,تجربة جيدة بشكل عام والمنتج يؤدي وظيفته على أكمل وجه.,2023-03-12 00:22:06
2146,377,7605,50,5,تجربة شراء رائعة والمنتج وصل بحالة مثالية وبالمواصفات المطلوبة.,2023-06-11 13:41:28
2147,22,7233,25,2,لم يكن بالجودة المتوقعة وغير مطابق للصور بشكل واضح.,2024-09-12 09:23:34
2148,380,3802,139,4,تجربة جيدة بشكل عام والمنتج يؤدي وظيفته على أكمل وجه.,2024-12-23 23:19:12
2149,157,3966,25,5,تجربة شراء رائعة والمنتج وصل بحالة مثالية وبالمواصفات المطلوبة.,2024-10-17 00:36:35
2150,468,6797,102,4,تجربة جيدة بشكل عام والمنتج يؤدي وظيفته على أكمل وجه.,2024-10-18 14:09:57
2151,297,3521,42,4,منتج جيد جداً وبسعر مناسب والشحن كان في الموعد.,2023-11-05 17:03:55
2152,125,4363,47,5,جودة ممتازة والشحن كان سريعاً وسأشتري مجدداً بالتأكيد.,2023-01-13 10:40:57
2153,434,8591,28,1,منتج سيء جداً لا أنصح به أبداً. أطلبوا استرداد أموالكم.,2023-12-18 15:49:00
2154,197,2332,141,1,لا يستحق حتى نجمة واحدة وجودة رديئة جداً مع سعر مرتفع.,2023-02-22 08:19:36
2155,344,3681,30,5,جودة ممتازة والشحن كان سريعاً وسأشتري مجدداً بالتأكيد.,2023-12-19 20:25:59
2156,38,9100,50,4,جودة عالية والسعر معقول فقط التغليف كان بسيطاً قليلاً.,2024-12-15 03:44:59
2157,266,1527,46,3,متوسط ويؤدي وظيفته لكنه ليس بالجودة التي توقعتها.,2023-06-27 06:20:55
2158,177,3902,32,4,جودة عالية والسعر معقول فقط التغليف كان بسيطاً قليلاً.,2023-03-12 14:42:13
2159,315,9095,39,5,تجربة شراء رائعة والمنتج وصل بحالة مثالية وبالمواصفات المطلوبة.,2024-05-03 15:51:22
2160,396,7636,139,5,منتج رائع جداً فاق توقعاتي بكل المقاييس. أنصح به بشدة.,2024-04-13 06:25:36
2161,133,4241,42,5,ممتاز جداً ويستحق كل ريال. التغليف أنيق والجودة عالية.,2024-06-18 16:52:10
2162,139,2804,61,5,منتج رائع جداً فاق توقعاتي بكل المقاييس. أنصح به بشدة.,2024-02-11 01:54:27
2163,299,488,39,5,أفضل منتج اشتريته منذ فترة طويلة وأنصح الجميع بتجربته.,2023-08-21 02:40:51
2164,384,5412,31,4,تجربة جيدة بشكل عام والمنتج يؤدي وظيفته على أكمل وجه.,2024-05-14 14:32:01
2165,271,4356,108,3,جيد للاستخدام البسيط لكن السعر مرتفع نسبياً لهذه الجودة.,2023-06-03 02:59:52
2166,343,4959,116,4,منتج جيد استلمته بسرعة ويعمل بشكل ممتاز.,2023-02-24 06:37:25
2167,179,3647,41,2,التغليف كان سيئاً والمنتج تعرّض لأضرار أثناء الشحن.,2023-11-26 22:29:00
2168,477,3699,112,4,تجربة جيدة بشكل عام والمنتج يؤدي وظيفته على أكمل وجه.,2023-06-26 21:10:58
2169,273,5175,150,5,أفضل منتج اشتريته منذ فترة طويلة وأنصح الجميع بتجربته.,2023-05-16 03:47:09
2170,417,242,47,5,منتج رائع جداً فاق توقعاتي بكل المقاييس. أنصح به بشدة.,2023-11-17 08:00:31
2171,168,5537,121,1,لا يستحق حتى نجمة واحدة وجودة رديئة جداً مع سعر مرتفع.,2024-05-01 07:45:36
2172,395,4892,111,5,تجربة شراء رائعة والمنتج وصل بحالة مثالية وبالمواصفات المطلوبة.,2024-12-09 03:14:36
2173,168,5370,50,5,منتج رائع جداً فاق توقعاتي بكل المقاييس. أنصح به بشدة.,2024-08-15 11:48:33
2174,479,3895,39,3,التوصيل كان متأخراً وتغليف المنتج جاء مجعّداً قليلاً.,2023-05-07 22:33:01
2175,177,6324,6,5,منتج رائع جداً فاق توقعاتي بكل المقاييس. أنصح به بشدة.,2024-01-09 15:49:08
2176,390,353,4,5,أفضل منتج اشتريته منذ فترة طويلة وأنصح الجميع بتجربته.,2024-06-26 15:45:23
2177,396,5468,50,5,جودة ممتازة والشحن كان سريعاً وسأشتري مجدداً بالتأكيد.,2023-11-19 07:09:08
2178,100,7718,100,2,التغليف كان سيئاً والمنتج تعرّض لأضرار أثناء الشحن.,2024-12-08 07:44:24
2179,191,9823,38,4,تجربة جيدة بشكل عام والمنتج يؤدي وظيفته على أكمل وجه.,2023-02-07 05:08:43
2180,281,9530,196,4,تجربة جيدة بشكل عام والمنتج يؤدي وظيفته على أكمل وجه.,2023-05-06 04:49:44
2181,401,7200,42,5,ممتاز جداً ويستحق كل ريال. التغليف أنيق والجودة عالية.,2023-01-10 22:57:35
2182,221,9251,3,5,منتج رائع جداً فاق توقعاتي بكل المقاييس. أنصح به بشدة.,2023-01-13 16:32:08
2183,213,3214,28,4,مطابق للوصف تقريباً والجودة جيدة وسأوصي به لأصدقائي.,2023-10-19 12:48:56
2184,479,23,53,1,المنتج لا يعمل من الأساس وتواصلت مع الدعم ولم يتجاوبوا.,2024-07-07 01:04:26
2185,375,5248,148,3,جيد للاستخدام البسيط لكن السعر مرتفع نسبياً لهذه الجودة.,2024-06-21 10:32:54
2186,256,6626,34,5,جودة ممتازة والشحن كان سريعاً وسأشتري مجدداً بالتأكيد.,2024-03-05 09:15:59
2187,77,8444,37,4,منتج جيد استلمته بسرعة ويعمل بشكل ممتاز.,2023-09-13 23:41:16
2188,415,9319,46,4,منتج جيد استلمته بسرعة ويعمل بشكل ممتاز.,2023-02-22 00:54:03
2189,216,3865,1,5,جودة ممتازة والشحن كان سريعاً وسأشتري مجدداً بالتأكيد.,2024-10-18 06:53:47
2190,247,2570,47,5,منتج رائع جداً فاق توقعاتي بكل المقاييس. أنصح به بشدة.,2023-02-14 16:38:37
2191,378,1149,48,3,المنتج مقبول لكن هناك بدائل أفضل بنفس السعر في السوق.,2024-08-10 18:19:05
2192,45,234,3,4,جودة عالية والسعر معقول فقط التغليف كان بسيطاً قليلاً.,2024-05-17 19:14:33
2193,474,6360,28,4,مطابق للوصف تقريباً والجودة جيدة وسأوصي به لأصدقائي.,2024-04-18 12:27:28
2194,7,8574,35,4,منتج جيد جداً وبسعر مناسب والشحن كان في الموعد.,2024-02-18 01:21:35
2195,318,2043,146,3,جيد للاستخدام البسيط لكن السعر مرتفع نسبياً لهذه الجودة.,2023-10-05 00:10:20
2196,302,7381,99,4,منتج جيد جداً وبسعر مناسب والشحن كان في الموعد.,2023-07-10 06:58:18
2197,278,82,48,3,جيد للاستخدام البسيط لكن السعر مرتفع نسبياً لهذه الجودة.,2024-01-05 19:48:25
2198,89,5032,150,4,منتج جيد جداً وبسعر مناسب والشحن كان في الموعد.,2024-05-07 14:55:46
2199,15,7439,33,1,تجربة مروعة ووصل المنتج مكسوراً ومختلفاً عن المواصفات.,2024-11-21 03:22:15
2200,267,7603,65,5,منتج رائع جداً فاق توقعاتي بكل المقاييس. أنصح به بشدة.,2024-09-09 00:53:21
2201,299,4205,50,5,ممتاز جداً ويستحق كل ريال. التغليف أنيق والجودة عالية.,2024-03-19 04:22:07
2202,350,859,38,5,منتج رائع جداً فاق توقعاتي بكل المقاييس. أنصح به بشدة.,2024-02-16 09:56:11
2203,195,7083,56,5,أفضل منتج اشتريته منذ فترة طويلة وأنصح الجميع بتجربته.,2023-03-03 17:03:24
2204,390,7851,142,4,منتج جيد جداً وبسعر مناسب والشحن كان في الموعد.,2023-06-18 00:01:25
2205,21,3767,34,1,أسوأ تجربة شراء والمنتج مختلف تماماً عن الصور والوصف.,2023-10-18 09:22:22
2206,117,3596,37,3,المنتج مقبول ولكن يحتاج بعض التحسينات في الجودة.,2023-09-13 15:00:15
2207,12,5463,42,4,جودة عالية والسعر معقول فقط التغليف كان بسيطاً قليلاً.,2024-05-22 01:13:39
2208,270,3654,81,4,منتج جيد استلمته بسرعة ويعمل بشكل ممتاز.,2024-08-27 03:57:13
2209,481,2672,25,1,أسوأ تجربة شراء والمنتج مختلف تماماً عن الصور والوصف.,2023-12-08 14:13:25
2210,28,6320,51,5,ممتاز جداً ويستحق كل ريال. التغليف أنيق والجودة عالية.,2024-04-09 08:54:01
2211,359,6464,2,4,منتج جيد استلمته بسرعة ويعمل بشكل ممتاز.,2024-10-18 18:18:53
2212,301,1914,38,3,المنتج مقبول ولكن يحتاج بعض التحسينات في الجودة.,2024-04-16 15:52:56
2213,43,5859,122,5,جودة ممتازة والشحن كان سريعاً وسأشتري مجدداً بالتأكيد.,2024-07-05 19:44:00
2214,275,3101,28,5,ممتاز جداً ويستحق كل ريال. التغليف أنيق والجودة عالية.,2025-01-01 13:55:25
2215,353,5779,33,4,منتج جيد استلمته بسرعة ويعمل بشكل ممتاز.,2024-09-16 14:00:29
2216,94,7045,38,2,خيّبت الآمال والمنتج لا يشبه الوصف ولا الصور المعروضة.,2023-05-30 17:11:29
2217,429,556,50,5,أفضل منتج اشتريته منذ فترة طويلة وأنصح الجميع بتجربته.,2023-10-11 20:03:51
2218,175,6577,115,4,منتج جيد جداً وبسعر مناسب والشحن كان في الموعد.,2024-02-05 13:42:58
2219,381,5390,87,5,أفضل منتج اشتريته منذ فترة طويلة وأنصح الجميع بتجربته.,2023-07-23 03:00:29
2220,453,1275,39,4,مطابق للوصف تقريباً والجودة جيدة وسأوصي به لأصدقائي.,2023-04-19 23:38:49
2221,111,3293,54,4,منتج جيد استلمته بسرعة ويعمل بشكل ممتاز.,2023-10-16 10:48:55
2222,30,1271,32,5,تجربة شراء رائعة والمنتج وصل بحالة مثالية وبالمواصفات المطلوبة.,2023-06-03 21:05:51
2223,471,9167,162,4,منتج جيد جداً وبسعر مناسب والشحن كان في الموعد.,2024-02-03 14:19:25
2224,102,8361,25,4,مطابق للوصف تقريباً والجودة جيدة وسأوصي به لأصدقائي.,2023-10-01 01:48:18
2225,114,7834,28,5,تجربة شراء رائعة والمنتج وصل بحالة مثالية وبالمواصفات المطلوبة.,2023-02-08 01:48:19
2226,44,9759,34,4,منتج جيد استلمته بسرعة ويعمل بشكل ممتاز.,2024-03-19 05:41:08
2227,441,5750,39,5,جودة ممتازة والشحن كان سريعاً وسأشتري مجدداً بالتأكيد.,2023-02-28 11:24:59
2228,382,7226,48,4,منتج جيد جداً وبسعر مناسب والشحن كان في الموعد.,2024-09-03 16:20:03
2229,176,8515,27,5,ممتاز جداً ويستحق كل ريال. التغليف أنيق والجودة عالية.,2023-06-30 10:54:50
2230,435,7961,31,3,المنتج مقبول لكن هناك بدائل أفضل بنفس السعر في السوق.,2023-03-09 07:12:20
2231,50,4864,38,4,منتج جيد استلمته بسرعة ويعمل بشكل ممتاز.,2024-03-07 02:32:17
2232,275,8056,148,5,تجربة شراء رائعة والمنتج وصل بحالة مثالية وبالمواصفات المطلوبة.,2024-09-15 14:59:10
2233,30,4598,41,5,أفضل منتج اشتريته منذ فترة طويلة وأنصح الجميع بتجربته.,2024-07-24 10:39:21
2234,184,7025,34,3,التوصيل كان متأخراً وتغليف المنتج جاء مجعّداً قليلاً.,2023-03-16 22:03:58
2235,187,6640,28,3,المنتج مقبول لكن هناك بدائل أفضل بنفس السعر في السوق.,2024-05-13 10:33:01
2236,22,7307,46,3,المنتج مقبول لكن هناك بدائل أفضل بنفس السعر في السوق.,2023-03-25 07:11:17
2237,387,6506,39,4,جودة عالية والسعر معقول فقط التغليف كان بسيطاً قليلاً.,2023-02-12 00:01:24
2238,490,5609,183,4,منتج جيد استلمته بسرعة ويعمل بشكل ممتاز.,2023-05-07 17:02:36
2239,78,3089,48,5,أفضل منتج اشتريته منذ فترة طويلة وأنصح الجميع بتجربته.,2023-08-07 08:13:50
2240,169,999,53,1,تجربة مروعة ووصل المنتج مكسوراً ومختلفاً عن المواصفات.,2024-08-12 23:52:34
2241,109,7089,42,5,أفضل منتج اشتريته منذ فترة طويلة وأنصح الجميع بتجربته.,2024-01-09 17:50:05
2242,43,1917,3,4,مطابق للوصف تقريباً والجودة جيدة وسأوصي به لأصدقائي.,2023-09-29 10:30:04
2243,493,5469,25,3,التوصيل كان متأخراً وتغليف المنتج جاء مجعّداً قليلاً.,2024-07-07 22:35:38
2244,249,1167,191,5,أفضل منتج اشتريته منذ فترة طويلة وأنصح الجميع بتجربته.,2023-02-04 07:27:54
2245,345,8799,47,3,متوسط ويؤدي وظيفته لكنه ليس بالجودة التي توقعتها.,2023-09-14 19:06:47
2246,328,851,47,4,منتج جيد جداً وبسعر مناسب والشحن كان في الموعد.,2023-08-10 19:14:50
2247,131,1905,33,5,تجربة شراء رائعة والمنتج وصل بحالة مثالية وبالمواصفات المطلوبة.,2024-08-05 19:26:51
2248,112,960,18,2,المنتج لم يعمل بشكل صحيح من اليوم الأول وطلبت الإرجاع.,2023-05-14 22:06:16
2249,438,374,54,2,جودة ضعيفة للأسف ولن أشتري من هذا البائع مرة أخرى.,2024-10-28 00:07:31
2250,328,2972,42,5,ممتاز جداً ويستحق كل ريال. التغليف أنيق والجودة عالية.,2023-11-20 11:14:39
2251,440,4512,85,5,أفضل منتج اشتريته منذ فترة طويلة وأنصح الجميع بتجربته.,2023-04-23 02:12:08
2252,354,1183,196,3,جيد للاستخدام البسيط لكن السعر مرتفع نسبياً لهذه الجودة.,2024-11-23 11:28:42
2253,77,2839,25,5,ممتاز جداً ويستحق كل ريال. التغليف أنيق والجودة عالية.,2023-12-18 22:27:24
2254,274,1078,110,5,أفضل منتج اشتريته منذ فترة طويلة وأنصح الجميع بتجربته.,2024-03-15 23:50:35
2255,222,34,104,5,ممتاز جداً ويستحق كل ريال. التغليف أنيق والجودة عالية.,2024-11-26 08:00:16
2256,493,6080,53,5,جودة ممتازة والشحن كان سريعاً وسأشتري مجدداً بالتأكيد.,2024-09-11 22:28:58
2257,469,4711,89,2,لم يكن بالجودة المتوقعة وغير مطابق للصور بشكل واضح.,2024-02-10 13:37:00
2258,289,3164,143,5,تجربة شراء رائعة والمنتج وصل بحالة مثالية وبالمواصفات المطلوبة.,2023-07-02 23:38:35
2259,304,8830,4,5,جودة ممتازة والشحن كان سريعاً وسأشتري مجدداً بالتأكيد.,2023-09-01 08:12:02
2260,178,5549,53,5,منتج رائع جداً فاق توقعاتي بكل المقاييس. أنصح به بشدة.,2024-06-09 19:44:20
2261,468,9142,174,5,تجربة شراء رائعة والمنتج وصل بحالة مثالية وبالمواصفات المطلوبة.,2023-11-14 15:26:19
2262,122,3914,39,5,تجربة شراء رائعة والمنتج وصل بحالة مثالية وبالمواصفات المطلوبة.,2023-04-24 04:00:13
2263,81,4955,39,4,تجربة جيدة بشكل عام والمنتج يؤدي وظيفته على أكمل وجه.,2025-01-02 01:37:27
2264,211,857,3,5,ممتاز جداً ويستحق كل ريال. التغليف أنيق والجودة عالية.,2023-11-18 14:10:51
2265,60,5738,39,4,تجربة جيدة بشكل عام والمنتج يؤدي وظيفته على أكمل وجه.,2024-12-22 00:59:53
2266,293,2205,29,5,ممتاز جداً ويستحق كل ريال. التغليف أنيق والجودة عالية.,2023-10-20 12:05:34
2267,399,9236,31,4,جودة عالية والسعر معقول فقط التغليف كان بسيطاً قليلاً.,2023-05-11 03:33:54
2268,262,5612,197,5,أفضل منتج اشتريته منذ فترة طويلة وأنصح الجميع بتجربته.,2023-07-13 00:58:56
2269,135,1313,10,2,جودة ضعيفة للأسف ولن أشتري من هذا البائع مرة أخرى.,2023-03-27 14:26:27
2270,439,7158,28,5,أفضل منتج اشتريته منذ فترة طويلة وأنصح الجميع بتجربته.,2024-01-06 20:28:50
2271,198,5768,32,5,منتج رائع جداً فاق توقعاتي بكل المقاييس. أنصح به بشدة.,2024-02-10 00:22:54
2272,498,763,1,5,أفضل منتج اشتريته منذ فترة طويلة وأنصح الجميع بتجربته.,2023-08-30 11:25:43
2273,212,754,126,5,أفضل منتج اشتريته منذ فترة طويلة وأنصح الجميع بتجربته.,2023-04-22 10:20:11
2274,389,155,31,5,جودة ممتازة والشحن كان سريعاً وسأشتري مجدداً بالتأكيد.,2024-03-03 05:05:31
2275,333,4934,139,5,منتج رائع جداً فاق توقعاتي بكل المقاييس. أنصح به بشدة.,2024-01-12 15:04:25
2276,193,122,3,5,منتج رائع جداً فاق توقعاتي بكل المقاييس. أنصح به بشدة.,2024-04-30 19:54:54
2277,44,9759,38,4,جودة عالية والسعر معقول فقط التغليف كان بسيطاً قليلاً.,2024-03-23 23:41:08
2278,12,5810,65,4,منتج جيد جداً وبسعر مناسب والشحن كان في الموعد.,2023-09-25 01:40:46
2279,144,8721,170,5,تجربة شراء رائعة والمنتج وصل بحالة مثالية وبالمواصفات المطلوبة.,2023-01-10 14:44:30
2280,415,7337,29,5,تجربة شراء رائعة والمنتج وصل بحالة مثالية وبالمواصفات المطلوبة.,2023-09-20 20:04:27
2281,143,2762,38,5,ممتاز جداً ويستحق كل ريال. التغليف أنيق والجودة عالية.,2023-02-26 16:11:55
2282,478,3602,41,5,أفضل منتج اشتريته منذ فترة طويلة وأنصح الجميع بتجربته.,2024-11-28 12:59:53
2283,201,4878,151,4,مطابق للوصف تقريباً والجودة جيدة وسأوصي به لأصدقائي.,2023-10-04 14:08:18
2284,375,3391,2,4,منتج جيد جداً وبسعر مناسب والشحن كان في الموعد.,2023-02-18 01:16:32
2285,316,7762,194,4,مطابق للوصف تقريباً والجودة جيدة وسأوصي به لأصدقائي.,2024-02-08 11:45:34
2286,237,3772,34,5,منتج رائع جداً فاق توقعاتي بكل المقاييس. أنصح به بشدة.,2023-11-15 08:57:24
2287,440,4285,1,2,التغليف كان سيئاً والمنتج تعرّض لأضرار أثناء الشحن.,2024-10-10 18:24:45
2288,482,6976,3,4,تجربة جيدة بشكل عام والمنتج يؤدي وظيفته على أكمل وجه.,2024-11-06 04:34:06
2289,417,5991,54,4,منتج جيد استلمته بسرعة ويعمل بشكل ممتاز.,2024-03-09 22:00:18
2290,140,2833,73,5,أفضل منتج اشتريته منذ فترة طويلة وأنصح الجميع بتجربته.,2023-11-06 03:59:02
2291,134,3516,77,1,تجربة مروعة ووصل المنتج مكسوراً ومختلفاً عن المواصفات.,2023-10-13 12:41:13
2292,228,7038,42,4,جودة عالية والسعر معقول فقط التغليف كان بسيطاً قليلاً.,2024-02-19 11:07:38
2293,167,7129,104,5,أفضل منتج اشتريته منذ فترة طويلة وأنصح الجميع بتجربته.,2024-03-05 12:19:50
2294,103,7024,28,5,منتج رائع جداً فاق توقعاتي بكل المقاييس. أنصح به بشدة.,2023-07-01 13:43:24
2295,440,1559,48,4,منتج جيد استلمته بسرعة ويعمل بشكل ممتاز.,2023-02-01 03:46:16
2296,381,1130,47,4,منتج جيد جداً وبسعر مناسب والشحن كان في الموعد.,2024-11-23 14:04:09
2297,455,8222,35,2,لم يكن بالجودة المتوقعة وغير مطابق للصور بشكل واضح.,2023-01-10 04:26:01
2298,405,532,58,4,منتج جيد استلمته بسرعة ويعمل بشكل ممتاز.,2024-11-25 07:43:05
2299,226,4816,175,4,منتج جيد جداً وبسعر مناسب والشحن كان في الموعد.,2024-03-24 02:29:25
2300,176,9564,23,4,مطابق للوصف تقريباً والجودة جيدة وسأوصي به لأصدقائي.,2023-10-16 15:19:38
2301,389,6761,197,3,التوصيل كان متأخراً وتغليف المنتج جاء مجعّداً قليلاً.,2024-03-31 23:06:18
2302,468,144,31,4,مطابق للوصف تقريباً والجودة جيدة وسأوصي به لأصدقائي.,2023-06-18 22:28:37
2303,481,6305,151,4,منتج جيد جداً وبسعر مناسب والشحن كان في الموعد.,2024-01-20 14:15:39
2304,455,1159,29,5,ممتاز جداً ويستحق كل ريال. التغليف أنيق والجودة عالية.,2024-12-26 10:07:23
2305,21,6350,67,5,جودة ممتازة والشحن كان سريعاً وسأشتري مجدداً بالتأكيد.,2023-10-03 11:34:53
2306,28,5093,26,5,ممتاز جداً ويستحق كل ريال. التغليف أنيق والجودة عالية.,2024-12-03 15:17:04
2307,47,4906,175,2,التغليف كان سيئاً والمنتج تعرّض لأضرار أثناء الشحن.,2024-12-02 18:31:13
2308,316,1996,48,4,جودة عالية والسعر معقول فقط التغليف كان بسيطاً قليلاً.,2024-02-16 11:34:14
2309,212,5763,196,5,منتج رائع جداً فاق توقعاتي بكل المقاييس. أنصح به بشدة.,2024-12-14 08:10:16
2310,497,6415,56,5,منتج رائع جداً فاق توقعاتي بكل المقاييس. أنصح به بشدة.,2024-08-28 15:53:36
2311,358,8460,28,1,منتج سيء جداً لا أنصح به أبداً. أطلبوا استرداد أموالكم.,2023-10-18 20:24:13
2312,41,474,1,4,تجربة جيدة بشكل عام والمنتج يؤدي وظيفته على أكمل وجه.,2024-11-16 14:53:05
2313,270,3752,51,5,تجربة شراء رائعة والمنتج وصل بحالة مثالية وبالمواصفات المطلوبة.,2024-12-31 04:21:27
2314,466,2029,6,5,منتج رائع جداً فاق توقعاتي بكل المقاييس. أنصح به بشدة.,2023-03-16 20:09:52
2315,291,8329,29,5,تجربة شراء رائعة والمنتج وصل بحالة مثالية وبالمواصفات المطلوبة.,2024-01-24 04:52:41
2316,350,5490,30,5,أفضل منتج اشتريته منذ فترة طويلة وأنصح الجميع بتجربته.,2023-09-08 22:21:17
2317,332,2440,33,4,تجربة جيدة بشكل عام والمنتج يؤدي وظيفته على أكمل وجه.,2023-07-07 16:17:59
2318,282,5423,42,4,منتج جيد جداً وبسعر مناسب والشحن كان في الموعد.,2023-03-13 03:51:38
2319,348,2172,2,4,منتج جيد جداً وبسعر مناسب والشحن كان في الموعد.,2024-08-06 18:37:40
2320,378,1149,42,5,أفضل منتج اشتريته منذ فترة طويلة وأنصح الجميع بتجربته.,2024-08-07 17:19:05
2321,302,4398,50,4,تجربة جيدة بشكل عام والمنتج يؤدي وظيفته على أكمل وجه.,2024-03-14 10:43:51
2322,156,8003,54,4,منتج جيد جداً وبسعر مناسب والشحن كان في الموعد.,2024-10-19 23:08:51
2323,241,5425,75,4,منتج جيد جداً وبسعر مناسب والشحن كان في الموعد.,2025-01-03 14:55:51
2324,56,2341,32,3,التوصيل كان متأخراً وتغليف المنتج جاء مجعّداً قليلاً.,2024-05-20 23:18:22
2325,109,8370,117,4,جودة عالية والسعر معقول فقط التغليف كان بسيطاً قليلاً.,2024-09-26 18:35:17
2326,493,7833,124,4,مطابق للوصف تقريباً والجودة جيدة وسأوصي به لأصدقائي.,2024-10-02 06:12:29
2327,231,3253,32,1,منتج سيء جداً لا أنصح به أبداً. أطلبوا استرداد أموالكم.,2023-07-16 17:20:56
2328,229,1761,51,4,تجربة جيدة بشكل عام والمنتج يؤدي وظيفته على أكمل وجه.,2024-10-18 01:03:30
2329,53,7130,10,4,منتج جيد استلمته بسرعة ويعمل بشكل ممتاز.,2024-11-28 14:33:58
2330,249,5265,48,5,تجربة شراء رائعة والمنتج وصل بحالة مثالية وبالمواصفات المطلوبة.,2023-02-21 23:14:19
2331,64,1465,50,2,التغليف كان سيئاً والمنتج تعرّض لأضرار أثناء الشحن.,2024-06-30 19:02:33
2332,66,2014,26,4,مطابق للوصف تقريباً والجودة جيدة وسأوصي به لأصدقائي.,2023-06-11 20:42:23
2333,185,2784,41,4,مطابق للوصف تقريباً والجودة جيدة وسأوصي به لأصدقائي.,2023-08-28 19:21:15
2334,146,5937,153,4,تجربة جيدة بشكل عام والمنتج يؤدي وظيفته على أكمل وجه.,2024-03-18 17:40:08
2335,248,1678,128,4,جودة عالية والسعر معقول فقط التغليف كان بسيطاً قليلاً.,2024-11-22 02:15:29
2336,306,2050,25,4,مطابق للوصف تقريباً والجودة جيدة وسأوصي به لأصدقائي.,2023-05-03 10:42:24
2337,156,4101,48,5,جودة ممتازة والشحن كان سريعاً وسأشتري مجدداً بالتأكيد.,2023-10-23 10:57:06
2338,340,2786,25,4,منتج جيد استلمته بسرعة ويعمل بشكل ممتاز.,2024-09-10 13:45:34
2339,158,9819,28,3,جيد للاستخدام البسيط لكن السعر مرتفع نسبياً لهذه الجودة.,2023-10-13 09:32:20
2340,246,29,48,4,تجربة جيدة بشكل عام والمنتج يؤدي وظيفته على أكمل وجه.,2023-05-17 00:31:22
2341,304,5444,132,4,جودة عالية والسعر معقول فقط التغليف كان بسيطاً قليلاً.,2024-03-18 10:48:51
2342,444,2614,38,4,منتج جيد جداً وبسعر مناسب والشحن كان في الموعد.,2024-05-11 13:28:16
2343,234,192,6,5,منتج رائع جداً فاق توقعاتي بكل المقاييس. أنصح به بشدة.,2023-11-08 00:43:51
2344,423,1993,173,4,منتج جيد استلمته بسرعة ويعمل بشكل ممتاز.,2023-11-13 12:18:36
2345,279,4609,42,5,تجربة شراء رائعة والمنتج وصل بحالة مثالية وبالمواصفات المطلوبة.,2024-01-05 15:41:46
2346,241,8395,47,5,ممتاز جداً ويستحق كل ريال. التغليف أنيق والجودة عالية.,2024-10-07 17:49:02
2347,267,2156,49,4,منتج جيد استلمته بسرعة ويعمل بشكل ممتاز.,2024-02-09 07:20:53
2348,211,1722,9,5,منتج رائع جداً فاق توقعاتي بكل المقاييس. أنصح به بشدة.,2024-07-04 10:16:58
2349,247,9388,54,5,أفضل منتج اشتريته منذ فترة طويلة وأنصح الجميع بتجربته.,2024-05-16 22:30:01
2350,46,5757,60,5,جودة ممتازة والشحن كان سريعاً وسأشتري مجدداً بالتأكيد.,2024-10-14 18:23:10
2351,65,8577,26,1,المنتج لا يعمل من الأساس وتواصلت مع الدعم ولم يتجاوبوا.,2024-09-29 18:08:04
2352,93,4296,42,2,جودة ضعيفة للأسف ولن أشتري من هذا البائع مرة أخرى.,2023-12-27 04:14:12
2353,48,6764,54,3,المنتج مقبول ولكن يحتاج بعض التحسينات في الجودة.,2024-04-27 07:49:54
2354,438,372,125,4,منتج جيد استلمته بسرعة ويعمل بشكل ممتاز.,2024-03-31 00:30:54
2355,261,6380,28,1,أسوأ تجربة شراء والمنتج مختلف تماماً عن الصور والوصف.,2023-01-08 01:10:24
2356,19,4315,179,5,أفضل منتج اشتريته منذ فترة طويلة وأنصح الجميع بتجربته.,2024-05-03 04:32:24
2357,494,7027,97,1,لا يستحق حتى نجمة واحدة وجودة رديئة جداً مع سعر مرتفع.,2023-08-04 00:08:56
2358,158,8183,53,4,تجربة جيدة بشكل عام والمنتج يؤدي وظيفته على أكمل وجه.,2023-02-25 13:59:08
2359,367,2031,47,5,تجربة شراء رائعة والمنتج وصل بحالة مثالية وبالمواصفات المطلوبة.,2023-06-14 02:23:45
2360,454,3150,86,5,ممتاز جداً ويستحق كل ريال. التغليف أنيق والجودة عالية.,2023-03-02 01:30:34
2361,476,2085,37,4,جودة عالية والسعر معقول فقط التغليف كان بسيطاً قليلاً.,2024-11-11 12:21:49
2362,223,8448,54,4,منتج جيد جداً وبسعر مناسب والشحن كان في الموعد.,2023-08-19 09:31:05
2363,351,2903,28,5,منتج رائع جداً فاق توقعاتي بكل المقاييس. أنصح به بشدة.,2023-05-03 16:57:00
2364,62,9775,170,5,منتج رائع جداً فاق توقعاتي بكل المقاييس. أنصح به بشدة.,2023-06-26 05:36:02
2365,111,2419,9,5,منتج رائع جداً فاق توقعاتي بكل المقاييس. أنصح به بشدة.,2023-11-23 02:16:39
2366,322,1697,4,5,ممتاز جداً ويستحق كل ريال. التغليف أنيق والجودة عالية.,2024-04-26 22:31:20
2367,291,8329,25,4,منتج جيد استلمته بسرعة ويعمل بشكل ممتاز.,2024-01-30 04:52:41
2368,46,6770,47,4,مطابق للوصف تقريباً والجودة جيدة وسأوصي به لأصدقائي.,2023-08-18 20:27:36
2369,499,1109,37,4,منتج جيد استلمته بسرعة ويعمل بشكل ممتاز.,2023-09-02 20:45:19
2370,449,4118,34,3,المنتج مقبول ولكن يحتاج بعض التحسينات في الجودة.,2024-12-25 02:48:42
2371,169,4664,42,2,التغليف كان سيئاً والمنتج تعرّض لأضرار أثناء الشحن.,2023-03-20 03:02:38
2372,302,7877,178,4,منتج جيد استلمته بسرعة ويعمل بشكل ممتاز.,2023-09-08 01:04:31
2373,1,2501,6,4,جودة عالية والسعر معقول فقط التغليف كان بسيطاً قليلاً.,2023-01-14 02:11:23
2374,281,9626,38,5,جودة ممتازة والشحن كان سريعاً وسأشتري مجدداً بالتأكيد.,2024-03-20 14:39:20
2375,40,1366,41,5,جودة ممتازة والشحن كان سريعاً وسأشتري مجدداً بالتأكيد.,2024-03-28 17:43:26
2376,93,6301,42,4,منتج جيد استلمته بسرعة ويعمل بشكل ممتاز.,2025-01-02 00:23:29
2377,140,4698,32,5,جودة ممتازة والشحن كان سريعاً وسأشتري مجدداً بالتأكيد.,2023-12-20 14:20:16
2378,489,8456,56,5,تجربة شراء رائعة والمنتج وصل بحالة مثالية وبالمواصفات المطلوبة.,2024-12-10 18:29:01
2379,295,6802,37,5,تجربة شراء رائعة والمنتج وصل بحالة مثالية وبالمواصفات المطلوبة.,2024-04-01 22:42:54
2380,232,8447,50,5,ممتاز جداً ويستحق كل ريال. التغليف أنيق والجودة عالية.,2023-03-09 23:54:33
2381,423,4924,94,4,مطابق للوصف تقريباً والجودة جيدة وسأوصي به لأصدقائي.,2024-09-13 23:59:58
2382,191,9823,33,5,ممتاز جداً ويستحق كل ريال. التغليف أنيق والجودة عالية.,2023-02-10 23:08:43
2383,460,7107,51,2,المنتج لم يعمل بشكل صحيح من اليوم الأول وطلبت الإرجاع.,2023-05-18 14:54:32
2384,377,7721,174,5,أفضل منتج اشتريته منذ فترة طويلة وأنصح الجميع بتجربته.,2024-07-31 00:39:42
2385,255,3559,197,4,منتج جيد جداً وبسعر مناسب والشحن كان في الموعد.,2024-03-14 00:50:10
2386,465,6294,96,1,لا يستحق حتى نجمة واحدة وجودة رديئة جداً مع سعر مرتفع.,2023-03-12 10:58:45
2387,191,1797,4,4,مطابق للوصف تقريباً والجودة جيدة وسأوصي به لأصدقائي.,2024-02-07 19:50:12
2388,71,874,37,5,ممتاز جداً ويستحق كل ريال. التغليف أنيق والجودة عالية.,2023-03-13 09:20:57
2389,278,4841,174,4,تجربة جيدة بشكل عام والمنتج يؤدي وظيفته على أكمل وجه.,2023-09-17 22:02:21
2390,49,6337,118,5,تجربة شراء رائعة والمنتج وصل بحالة مثالية وبالمواصفات المطلوبة.,2024-09-25 03:38:22
2391,271,9460,41,5,تجربة شراء رائعة والمنتج وصل بحالة مثالية وبالمواصفات المطلوبة.,2024-07-18 22:37:01
2392,349,6752,50,3,المنتج مقبول ولكن يحتاج بعض التحسينات في الجودة.,2024-06-21 02:54:52
2393,455,7327,46,5,جودة ممتازة والشحن كان سريعاً وسأشتري مجدداً بالتأكيد.,2023-09-20 17:53:26
2394,202,7271,26,5,تجربة شراء رائعة والمنتج وصل بحالة مثالية وبالمواصفات المطلوبة.,2023-07-23 10:47:01
2395,474,1448,41,4,منتج جيد استلمته بسرعة ويعمل بشكل ممتاز.,2024-01-24 07:11:49
2396,65,7380,51,4,مطابق للوصف تقريباً والجودة جيدة وسأوصي به لأصدقائي.,2024-02-24 05:58:56
2397,474,2258,26,5,تجربة شراء رائعة والمنتج وصل بحالة مثالية وبالمواصفات المطلوبة.,2023-03-18 05:19:08
2398,193,3950,34,4,مطابق للوصف تقريباً والجودة جيدة وسأوصي به لأصدقائي.,2024-03-21 15:11:12
2399,116,1581,38,1,المنتج لا يعمل من الأساس وتواصلت مع الدعم ولم يتجاوبوا.,2023-03-02 19:37:06
2400,76,8241,66,4,مطابق للوصف تقريباً والجودة جيدة وسأوصي به لأصدقائي.,2023-12-05 14:44:24
2401,18,2257,47,3,المنتج مقبول لكن هناك بدائل أفضل بنفس السعر في السوق.,2023-05-30 03:42:32
2402,250,6693,192,4,جودة عالية والسعر معقول فقط التغليف كان بسيطاً قليلاً.,2024-07-06 10:08:33
2403,50,9438,35,1,تجربة مروعة ووصل المنتج مكسوراً ومختلفاً عن المواصفات.,2024-10-09 10:30:16
2404,313,2540,56,2,المنتج لم يعمل بشكل صحيح من اليوم الأول وطلبت الإرجاع.,2024-12-28 08:41:09
2405,365,2535,29,4,منتج جيد استلمته بسرعة ويعمل بشكل ممتاز.,2024-08-05 11:06:29
2406,126,3612,42,2,جودة ضعيفة للأسف ولن أشتري من هذا البائع مرة أخرى.,2024-06-09 04:25:53
2407,252,2448,56,5,ممتاز جداً ويستحق كل ريال. التغليف أنيق والجودة عالية.,2024-03-31 14:37:35
2408,389,155,64,4,منتج جيد استلمته بسرعة ويعمل بشكل ممتاز.,2024-03-14 06:05:31
2409,140,400,46,5,تجربة شراء رائعة والمنتج وصل بحالة مثالية وبالمواصفات المطلوبة.,2024-03-23 14:54:32
2410,322,3660,95,4,منتج جيد استلمته بسرعة ويعمل بشكل ممتاز.,2023-11-24 00:43:13
2411,386,7593,179,4,منتج جيد جداً وبسعر مناسب والشحن كان في الموعد.,2023-04-09 14:30:32
2412,456,800,100,5,جودة ممتازة والشحن كان سريعاً وسأشتري مجدداً بالتأكيد.,2024-06-25 06:10:51
2413,227,1399,124,5,منتج رائع جداً فاق توقعاتي بكل المقاييس. أنصح به بشدة.,2023-07-10 15:24:35
2414,185,7246,152,1,المنتج لا يعمل من الأساس وتواصلت مع الدعم ولم يتجاوبوا.,2024-02-03 02:19:51
2415,362,4168,182,5,تجربة شراء رائعة والمنتج وصل بحالة مثالية وبالمواصفات المطلوبة.,2023-01-18 13:26:47
2416,427,6628,47,4,منتج جيد جداً وبسعر مناسب والشحن كان في الموعد.,2024-11-04 08:53:10
2417,102,9669,31,5,جودة ممتازة والشحن كان سريعاً وسأشتري مجدداً بالتأكيد.,2023-12-21 05:40:49
2418,253,5203,41,5,منتج رائع جداً فاق توقعاتي بكل المقاييس. أنصح به بشدة.,2024-01-07 17:15:54
2419,355,9231,3,3,التوصيل كان متأخراً وتغليف المنتج جاء مجعّداً قليلاً.,2024-01-09 18:57:39
2420,13,6353,41,5,ممتاز جداً ويستحق كل ريال. التغليف أنيق والجودة عالية.,2023-12-20 06:35:27
2421,180,2320,34,5,جودة ممتازة والشحن كان سريعاً وسأشتري مجدداً بالتأكيد.,2024-03-07 16:51:00
2422,221,2451,48,2,المنتج لم يعمل بشكل صحيح من اليوم الأول وطلبت الإرجاع.,2023-08-09 14:25:19
2423,88,183,54,3,جيد للاستخدام البسيط لكن السعر مرتفع نسبياً لهذه الجودة.,2023-06-28 00:37:23
2424,197,7510,48,5,جودة ممتازة والشحن كان سريعاً وسأشتري مجدداً بالتأكيد.,2024-05-29 17:29:26
2425,330,1742,10,4,تجربة جيدة بشكل عام والمنتج يؤدي وظيفته على أكمل وجه.,2024-01-20 03:10:26
2426,208,7920,133,5,أفضل منتج اشتريته منذ فترة طويلة وأنصح الجميع بتجربته.,2023-06-03 07:59:01
2427,144,9198,48,4,منتج جيد جداً وبسعر مناسب والشحن كان في الموعد.,2024-08-16 21:17:25
2428,226,151,32,4,مطابق للوصف تقريباً والجودة جيدة وسأوصي به لأصدقائي.,2024-01-07 00:02:57
2429,444,8960,10,4,مطابق للوصف تقريباً والجودة جيدة وسأوصي به لأصدقائي.,2024-04-28 13:08:13
2430,401,1103,32,2,المنتج لم يعمل بشكل صحيح من اليوم الأول وطلبت الإرجاع.,2024-10-21 20:21:13
2431,58,8278,181,5,جودة ممتازة والشحن كان سريعاً وسأشتري مجدداً بالتأكيد.,2024-09-12 23:59:48
2432,301,2208,114,5,منتج رائع جداً فاق توقعاتي بكل المقاييس. أنصح به بشدة.,2023-04-24 04:24:41
2433,185,6495,46,1,المنتج لا يعمل من الأساس وتواصلت مع الدعم ولم يتجاوبوا.,2023-05-11 11:44:47
2434,270,6187,9,4,منتج جيد جداً وبسعر مناسب والشحن كان في الموعد.,2023-06-09 22:57:45
2435,423,7207,51,4,جودة عالية والسعر معقول فقط التغليف كان بسيطاً قليلاً.,2023-09-28 19:51:16
2436,60,537,47,5,أفضل منتج اشتريته منذ فترة طويلة وأنصح الجميع بتجربته.,2023-10-04 21:51:14
2437,74,2984,61,4,تجربة جيدة بشكل عام والمنتج يؤدي وظيفته على أكمل وجه.,2024-08-20 22:43:51
2438,99,3073,50,5,أفضل منتج اشتريته منذ فترة طويلة وأنصح الجميع بتجربته.,2023-03-06 18:27:03
2439,107,6484,102,5,ممتاز جداً ويستحق كل ريال. التغليف أنيق والجودة عالية.,2023-06-20 12:00:10
2440,322,3597,28,5,أفضل منتج اشتريته منذ فترة طويلة وأنصح الجميع بتجربته.,2024-07-02 19:15:40
2441,256,582,26,5,تجربة شراء رائعة والمنتج وصل بحالة مثالية وبالمواصفات المطلوبة.,2023-12-15 13:58:12
2442,341,8521,57,4,مطابق للوصف تقريباً والجودة جيدة وسأوصي به لأصدقائي.,2024-07-15 10:07:11
2443,110,7844,47,1,أسوأ تجربة شراء والمنتج مختلف تماماً عن الصور والوصف.,2023-01-04 15:51:25
2444,338,3147,195,5,تجربة شراء رائعة والمنتج وصل بحالة مثالية وبالمواصفات المطلوبة.,2024-09-09 01:11:39
2445,34,1953,99,5,منتج رائع جداً فاق توقعاتي بكل المقاييس. أنصح به بشدة.,2024-02-10 00:00:48
2446,351,7056,47,2,لم يكن بالجودة المتوقعة وغير مطابق للصور بشكل واضح.,2024-02-14 14:31:14
2447,436,121,60,1,أسوأ تجربة شراء والمنتج مختلف تماماً عن الصور والوصف.,2024-09-07 09:48:04
2448,425,6488,64,3,التوصيل كان متأخراً وتغليف المنتج جاء مجعّداً قليلاً.,2024-06-19 09:33:50
2449,246,29,47,4,مطابق للوصف تقريباً والجودة جيدة وسأوصي به لأصدقائي.,2023-05-15 04:31:22
2450,234,7760,35,5,تجربة شراء رائعة والمنتج وصل بحالة مثالية وبالمواصفات المطلوبة.,2023-10-27 19:21:30
2451,131,2272,6,5,جودة ممتازة والشحن كان سريعاً وسأشتري مجدداً بالتأكيد.,2024-10-31 23:23:55
2452,232,2253,50,5,ممتاز جداً ويستحق كل ريال. التغليف أنيق والجودة عالية.,2024-09-10 12:50:31
2453,6,5295,6,2,التغليف كان سيئاً والمنتج تعرّض لأضرار أثناء الشحن.,2024-03-22 21:50:47
2454,144,631,53,3,المنتج مقبول لكن هناك بدائل أفضل بنفس السعر في السوق.,2024-06-12 08:09:35
2455,87,8194,26,4,منتج جيد جداً وبسعر مناسب والشحن كان في الموعد.,2023-11-17 06:01:04
2456,309,9936,68,5,تجربة شراء رائعة والمنتج وصل بحالة مثالية وبالمواصفات المطلوبة.,2023-11-21 21:22:05
2457,484,2906,18,5,منتج رائع جداً فاق توقعاتي بكل المقاييس. أنصح به بشدة.,2024-04-11 14:37:21
2458,303,9132,51,5,ممتاز جداً ويستحق كل ريال. التغليف أنيق والجودة عالية.,2024-03-04 04:10:29
2459,443,1572,34,5,منتج رائع جداً فاق توقعاتي بكل المقاييس. أنصح به بشدة.,2024-09-22 21:43:23
2460,358,8134,2,5,منتج رائع جداً فاق توقعاتي بكل المقاييس. أنصح به بشدة.,2024-05-14 19:53:19
2461,357,3365,51,4,منتج جيد جداً وبسعر مناسب والشحن كان في الموعد.,2023-08-02 04:01:39
2462,283,6607,26,5,أفضل منتج اشتريته منذ فترة طويلة وأنصح الجميع بتجربته.,2023-11-02 14:13:07
2463,270,8750,39,5,منتج رائع جداً فاق توقعاتي بكل المقاييس. أنصح به بشدة.,2023-08-06 06:12:20
2464,330,4171,194,5,أفضل منتج اشتريته منذ فترة طويلة وأنصح الجميع بتجربته.,2023-03-08 10:33:30
2465,10,3918,3,5,ممتاز جداً ويستحق كل ريال. التغليف أنيق والجودة عالية.,2023-07-07 04:41:50
2466,8,1463,50,5,تجربة شراء رائعة والمنتج وصل بحالة مثالية وبالمواصفات المطلوبة.,2024-04-11 08:03:15
2467,457,4975,38,5,تجربة شراء رائعة والمنتج وصل بحالة مثالية وبالمواصفات المطلوبة.,2024-04-14 03:54:26
2468,84,9576,104,4,جودة عالية والسعر معقول فقط التغليف كان بسيطاً قليلاً.,2023-11-14 23:22:52
2469,459,7937,117,5,أفضل منتج اشتريته منذ فترة طويلة وأنصح الجميع بتجربته.,2023-03-06 18:10:06
2470,97,3205,104,3,المنتج مقبول ولكن يحتاج بعض التحسينات في الجودة.,2023-04-12 16:15:21
2471,376,4823,51,1,المنتج لا يعمل من الأساس وتواصلت مع الدعم ولم يتجاوبوا.,2023-05-19 20:26:06
2472,353,1484,47,4,منتج جيد استلمته بسرعة ويعمل بشكل ممتاز.,2024-08-20 11:02:13
2473,136,2052,173,4,منتج جيد استلمته بسرعة ويعمل بشكل ممتاز.,2023-05-11 00:07:33
2474,243,1388,29,2,التغليف كان سيئاً والمنتج تعرّض لأضرار أثناء الشحن.,2024-07-19 20:24:35
2475,367,1795,32,1,منتج سيء جداً لا أنصح به أبداً. أطلبوا استرداد أموالكم.,2023-03-11 02:40:59
2476,51,1129,2,5,ممتاز جداً ويستحق كل ريال. التغليف أنيق والجودة عالية.,2023-09-04 12:01:46
2477,106,128,33,5,جودة ممتازة والشحن كان سريعاً وسأشتري مجدداً بالتأكيد.,2024-08-26 23:56:46
2478,47,2028,94,2,جودة ضعيفة للأسف ولن أشتري من هذا البائع مرة أخرى.,2024-05-16 07:47:56
2479,331,1576,35,5,أفضل منتج اشتريته منذ فترة طويلة وأنصح الجميع بتجربته.,2024-05-04 15:04:49
2480,297,3312,37,2,المنتج لم يعمل بشكل صحيح من اليوم الأول وطلبت الإرجاع.,2024-01-03 05:46:42
2481,207,789,108,3,متوسط ويؤدي وظيفته لكنه ليس بالجودة التي توقعتها.,2024-04-23 13:32:46
2482,222,3644,31,1,أسوأ تجربة شراء والمنتج مختلف تماماً عن الصور والوصف.,2024-12-11 21:00:49
2483,168,4095,64,4,تجربة جيدة بشكل عام والمنتج يؤدي وظيفته على أكمل وجه.,2023-12-08 21:46:49
2484,287,9464,2,3,متوسط ويؤدي وظيفته لكنه ليس بالجودة التي توقعتها.,2023-05-11 12:56:30
2485,458,300,47,5,منتج رائع جداً فاق توقعاتي بكل المقاييس. أنصح به بشدة.,2023-05-24 10:49:03
2486,398,4153,4,5,منتج رائع جداً فاق توقعاتي بكل المقاييس. أنصح به بشدة.,2023-11-15 12:52:48
2487,354,9269,51,3,متوسط ويؤدي وظيفته لكنه ليس بالجودة التي توقعتها.,2023-04-08 09:41:06
2488,3,2775,51,4,تجربة جيدة بشكل عام والمنتج يؤدي وظيفته على أكمل وجه.,2023-09-29 20:23:48
2489,97,1936,42,2,المنتج لم يعمل بشكل صحيح من اليوم الأول وطلبت الإرجاع.,2024-10-01 18:22:51
2490,25,2477,72,4,تجربة جيدة بشكل عام والمنتج يؤدي وظيفته على أكمل وجه.,2023-07-01 17:43:41
2491,198,1274,53,4,منتج جيد جداً وبسعر مناسب والشحن كان في الموعد.,2024-05-08 04:02:16
2492,53,9575,75,5,ممتاز جداً ويستحق كل ريال. التغليف أنيق والجودة عالية.,2024-08-02 00:36:13
2493,69,6500,31,3,جيد للاستخدام البسيط لكن السعر مرتفع نسبياً لهذه الجودة.,2023-05-05 19:38:37
2494,200,5522,48,5,جودة ممتازة والشحن كان سريعاً وسأشتري مجدداً بالتأكيد.,2024-05-23 12:26:53
2495,91,1030,34,2,جودة ضعيفة للأسف ولن أشتري من هذا البائع مرة أخرى.,2024-01-05 23:24:37
2496,410,9436,47,4,مطابق للوصف تقريباً والجودة جيدة وسأوصي به لأصدقائي.,2023-12-03 02:28:41
2497,440,9465,10,5,جودة ممتازة والشحن كان سريعاً وسأشتري مجدداً بالتأكيد.,2023-03-13 06:24:57
2498,108,7069,42,2,خيّبت الآمال والمنتج لا يشبه الوصف ولا الصور المعروضة.,2024-03-26 06:55:04
2499,308,6984,32,5,منتج رائع جداً فاق توقعاتي بكل المقاييس. أنصح به بشدة.,2024-05-21 00:12:40
2500,481,7393,156,5,جودة ممتازة والشحن كان سريعاً وسأشتري مجدداً بالتأكيد.,2024-04-01 16:56:48
2501,467,5443,32,5,أفضل منتج اشتريته منذ فترة طويلة وأنصح الجميع بتجربته.,2024-11-19 13:23:01
2502,404,8167,41,1,المنتج لا يعمل من الأساس وتواصلت مع الدعم ولم يتجاوبوا.,2023-09-06 16:21:44
2503,113,3855,50,2,المنتج لم يعمل بشكل صحيح من اليوم الأول وطلبت الإرجاع.,2024-08-06 02:28:47
2504,125,9103,42,4,منتج جيد جداً وبسعر مناسب والشحن كان في الموعد.,2023-03-11 13:00:39
2505,228,7038,17,5,أفضل منتج اشتريته منذ فترة طويلة وأنصح الجميع بتجربته.,2024-02-09 14:07:38
2506,335,1992,37,5,ممتاز جداً ويستحق كل ريال. التغليف أنيق والجودة عالية.,2023-04-17 00:38:56
2507,283,2228,175,5,جودة ممتازة والشحن كان سريعاً وسأشتري مجدداً بالتأكيد.,2023-04-11 22:29:32
2508,41,5460,35,4,منتج جيد جداً وبسعر مناسب والشحن كان في الموعد.,2024-02-24 21:48:24
2509,392,5656,164,4,منتج جيد جداً وبسعر مناسب والشحن كان في الموعد.,2023-05-02 00:43:39
2510,84,7579,9,3,متوسط ويؤدي وظيفته لكنه ليس بالجودة التي توقعتها.,2024-11-03 05:52:12
2511,352,7326,47,5,جودة ممتازة والشحن كان سريعاً وسأشتري مجدداً بالتأكيد.,2023-10-16 15:44:15
2512,198,5613,32,4,تجربة جيدة بشكل عام والمنتج يؤدي وظيفته على أكمل وجه.,2023-12-29 11:26:31
2513,72,1117,26,4,تجربة جيدة بشكل عام والمنتج يؤدي وظيفته على أكمل وجه.,2024-05-19 23:53:00
2514,276,450,145,5,ممتاز جداً ويستحق كل ريال. التغليف أنيق والجودة عالية.,2023-05-24 23:50:04
2515,105,2157,172,3,المنتج مقبول ولكن يحتاج بعض التحسينات في الجودة.,2023-06-03 18:15:30
2516,188,1735,56,2,المنتج لم يعمل بشكل صحيح من اليوم الأول وطلبت الإرجاع.,2023-01-15 05:02:58
2517,298,3118,12,4,مطابق للوصف تقريباً والجودة جيدة وسأوصي به لأصدقائي.,2023-07-18 15:54:40
2518,180,3673,46,5,جودة ممتازة والشحن كان سريعاً وسأشتري مجدداً بالتأكيد.,2023-07-29 10:59:18
2519,267,4200,34,4,جودة عالية والسعر معقول فقط التغليف كان بسيطاً قليلاً.,2023-09-30 03:12:11
2520,442,3170,161,5,جودة ممتازة والشحن كان سريعاً وسأشتري مجدداً بالتأكيد.,2024-08-22 09:22:49
2521,46,197,41,5,جودة ممتازة والشحن كان سريعاً وسأشتري مجدداً بالتأكيد.,2024-02-27 17:58:21
2522,193,8813,42,3,المنتج مقبول لكن هناك بدائل أفضل بنفس السعر في السوق.,2024-04-14 20:55:43
2523,253,3087,140,4,مطابق للوصف تقريباً والجودة جيدة وسأوصي به لأصدقائي.,2023-12-25 21:24:06
2524,309,156,3,4,منتج جيد جداً وبسعر مناسب والشحن كان في الموعد.,2024-02-12 12:17:11
2525,124,3682,32,5,منتج رائع جداً فاق توقعاتي بكل المقاييس. أنصح به بشدة.,2024-05-01 13:43:02
2526,33,2112,87,5,ممتاز جداً ويستحق كل ريال. التغليف أنيق والجودة عالية.,2023-11-22 22:05:55
2527,264,7567,34,5,تجربة شراء رائعة والمنتج وصل بحالة مثالية وبالمواصفات المطلوبة.,2024-01-01 06:51:18
2528,349,3613,3,2,التغليف كان سيئاً والمنتج تعرّض لأضرار أثناء الشحن.,2024-10-18 09:43:38
2529,184,7025,33,4,جودة عالية والسعر معقول فقط التغليف كان بسيطاً قليلاً.,2023-03-16 00:03:58
2530,155,4622,69,5,ممتاز جداً ويستحق كل ريال. التغليف أنيق والجودة عالية.,2024-04-05 09:39:05
2531,49,166,174,4,منتج جيد جداً وبسعر مناسب والشحن كان في الموعد.,2024-11-24 19:45:22
2532,471,5607,56,5,ممتاز جداً ويستحق كل ريال. التغليف أنيق والجودة عالية.,2023-12-03 03:26:46
2533,124,517,152,5,ممتاز جداً ويستحق كل ريال. التغليف أنيق والجودة عالية.,2023-01-23 20:10:15
2534,323,8100,2,5,منتج رائع جداً فاق توقعاتي بكل المقاييس. أنصح به بشدة.,2024-03-01 19:31:28
2535,202,7271,29,3,جيد للاستخدام البسيط لكن السعر مرتفع نسبياً لهذه الجودة.,2023-08-01 12:47:01
2536,480,549,54,5,منتج رائع جداً فاق توقعاتي بكل المقاييس. أنصح به بشدة.,2023-09-08 06:35:13
2537,1,9822,26,4,منتج جيد استلمته بسرعة ويعمل بشكل ممتاز.,2023-02-28 17:44:56
2538,252,9692,39,4,جودة عالية والسعر معقول فقط التغليف كان بسيطاً قليلاً.,2023-07-03 08:58:26
2539,473,6694,47,5,تجربة شراء رائعة والمنتج وصل بحالة مثالية وبالمواصفات المطلوبة.,2023-11-24 11:46:20
2540,155,942,169,5,ممتاز جداً ويستحق كل ريال. التغليف أنيق والجودة عالية.,2023-05-09 18:17:49
2541,388,8112,173,5,جودة ممتازة والشحن كان سريعاً وسأشتري مجدداً بالتأكيد.,2023-09-16 15:07:08
2542,370,6465,38,3,المنتج مقبول ولكن يحتاج بعض التحسينات في الجودة.,2023-11-20 22:53:25
2543,23,872,33,3,جيد للاستخدام البسيط لكن السعر مرتفع نسبياً لهذه الجودة.,2023-08-16 14:27:50
2544,104,9391,55,1,منتج سيء جداً لا أنصح به أبداً. أطلبوا استرداد أموالكم.,2024-02-20 20:27:01
2545,416,2248,138,5,أفضل منتج اشتريته منذ فترة طويلة وأنصح الجميع بتجربته.,2024-10-20 22:36:20
2546,437,1449,178,2,لم يكن بالجودة المتوقعة وغير مطابق للصور بشكل واضح.,2023-11-24 12:44:35
2547,84,6237,49,4,منتج جيد استلمته بسرعة ويعمل بشكل ممتاز.,2025-01-13 02:02:27
2548,72,6145,156,5,جودة ممتازة والشحن كان سريعاً وسأشتري مجدداً بالتأكيد.,2024-04-13 21:44:43
2549,101,1273,38,5,جودة ممتازة والشحن كان سريعاً وسأشتري مجدداً بالتأكيد.,2023-06-01 17:19:41
2550,458,5790,27,5,أفضل منتج اشتريته منذ فترة طويلة وأنصح الجميع بتجربته.,2023-08-27 14:24:19
2551,300,9165,42,2,جودة ضعيفة للأسف ولن أشتري من هذا البائع مرة أخرى.,2023-10-29 11:52:55
2552,441,2646,56,2,المنتج لم يعمل بشكل صحيح من اليوم الأول وطلبت الإرجاع.,2024-07-10 20:10:57
2553,243,7676,4,5,أفضل منتج اشتريته منذ فترة طويلة وأنصح الجميع بتجربته.,2024-08-05 07:26:31
2554,305,6821,6,5,جودة ممتازة والشحن كان سريعاً وسأشتري مجدداً بالتأكيد.,2023-12-22 04:23:33
2555,120,4628,25,5,ممتاز جداً ويستحق كل ريال. التغليف أنيق والجودة عالية.,2024-07-14 10:54:05
2556,391,1322,194,4,منتج جيد جداً وبسعر مناسب والشحن كان في الموعد.,2024-12-13 15:27:45
2557,79,3548,161,5,ممتاز جداً ويستحق كل ريال. التغليف أنيق والجودة عالية.,2023-07-27 20:53:24
2558,341,9887,85,5,منتج رائع جداً فاق توقعاتي بكل المقاييس. أنصح به بشدة.,2024-05-06 01:18:54
2559,355,3199,93,5,ممتاز جداً ويستحق كل ريال. التغليف أنيق والجودة عالية.,2023-09-30 04:50:31
2560,223,8022,46,4,جودة عالية والسعر معقول فقط التغليف كان بسيطاً قليلاً.,2024-12-12 17:08:08
2561,132,4077,169,4,مطابق للوصف تقريباً والجودة جيدة وسأوصي به لأصدقائي.,2024-08-05 23:07:01
2562,351,2900,114,2,لم يكن بالجودة المتوقعة وغير مطابق للصور بشكل واضح.,2024-07-06 22:22:51
2563,254,423,51,5,منتج رائع جداً فاق توقعاتي بكل المقاييس. أنصح به بشدة.,2024-03-08 07:24:04
2564,110,9390,48,4,تجربة جيدة بشكل عام والمنتج يؤدي وظيفته على أكمل وجه.,2023-12-31 05:00:36
2565,98,2951,54,4,مطابق للوصف تقريباً والجودة جيدة وسأوصي به لأصدقائي.,2023-07-19 23:38:26
2566,494,6668,117,5,أفضل منتج اشتريته منذ فترة طويلة وأنصح الجميع بتجربته.,2023-06-11 04:45:22
2567,236,5673,29,5,ممتاز جداً ويستحق كل ريال. التغليف أنيق والجودة عالية.,2023-03-27 03:13:54
2568,450,2481,37,5,ممتاز جداً ويستحق كل ريال. التغليف أنيق والجودة عالية.,2024-12-31 19:11:36
2569,479,8007,42,4,منتج جيد جداً وبسعر مناسب والشحن كان في الموعد.,2024-03-29 02:35:23
2570,398,8182,3,5,منتج رائع جداً فاق توقعاتي بكل المقاييس. أنصح به بشدة.,2023-12-22 06:54:29
2571,348,998,6,4,منتج جيد جداً وبسعر مناسب والشحن كان في الموعد.,2024-08-31 19:56:23
2572,433,7165,78,3,جيد للاستخدام البسيط لكن السعر مرتفع نسبياً لهذه الجودة.,2024-05-16 08:56:00
2573,459,6342,77,5,أفضل منتج اشتريته منذ فترة طويلة وأنصح الجميع بتجربته.,2024-05-07 07:19:19
2574,280,6918,110,5,ممتاز جداً ويستحق كل ريال. التغليف أنيق والجودة عالية.,2024-04-20 01:37:25
2575,402,7322,3,5,أفضل منتج اشتريته منذ فترة طويلة وأنصح الجميع بتجربته.,2023-08-06 09:38:38
2576,19,3071,3,4,جودة عالية والسعر معقول فقط التغليف كان بسيطاً قليلاً.,2024-03-15 15:53:17
2577,352,6675,3,4,منتج جيد استلمته بسرعة ويعمل بشكل ممتاز.,2024-08-29 00:05:34
2578,239,8454,87,3,المنتج مقبول ولكن يحتاج بعض التحسينات في الجودة.,2024-06-21 23:08:59
2579,106,9612,47,4,تجربة جيدة بشكل عام والمنتج يؤدي وظيفته على أكمل وجه.,2024-10-19 01:57:22
2580,66,2014,29,4,منتج جيد استلمته بسرعة ويعمل بشكل ممتاز.,2023-06-15 05:42:23
2581,32,4652,46,4,منتج جيد جداً وبسعر مناسب والشحن كان في الموعد.,2023-09-03 22:00:35
2582,76,438,3,5,ممتاز جداً ويستحق كل ريال. التغليف أنيق والجودة عالية.,2023-01-16 10:45:34
2583,149,6184,1,5,جودة ممتازة والشحن كان سريعاً وسأشتري مجدداً بالتأكيد.,2023-05-24 19:27:52
2584,119,4144,4,5,جودة ممتازة والشحن كان سريعاً وسأشتري مجدداً بالتأكيد.,2024-09-13 23:52:10
2585,143,4227,33,5,تجربة شراء رائعة والمنتج وصل بحالة مثالية وبالمواصفات المطلوبة.,2023-06-11 14:49:23
2586,176,5509,1,5,تجربة شراء رائعة والمنتج وصل بحالة مثالية وبالمواصفات المطلوبة.,2023-04-25 01:35:55
2587,407,5305,106,5,ممتاز جداً ويستحق كل ريال. التغليف أنيق والجودة عالية.,2024-12-06 23:57:31
2588,417,1796,165,5,منتج رائع جداً فاق توقعاتي بكل المقاييس. أنصح به بشدة.,2023-02-23 00:32:34
2589,410,8397,4,5,تجربة شراء رائعة والمنتج وصل بحالة مثالية وبالمواصفات المطلوبة.,2023-05-24 04:57:24
2590,54,3598,48,5,جودة ممتازة والشحن كان سريعاً وسأشتري مجدداً بالتأكيد.,2023-01-07 14:33:19
2591,345,3988,190,5,أفضل منتج اشتريته منذ فترة طويلة وأنصح الجميع بتجربته.,2023-05-17 06:49:31
2592,197,2508,46,4,مطابق للوصف تقريباً والجودة جيدة وسأوصي به لأصدقائي.,2024-10-08 21:13:47
2593,276,8612,51,4,مطابق للوصف تقريباً والجودة جيدة وسأوصي به لأصدقائي.,2023-07-25 07:35:49
2594,167,7129,50,4,تجربة جيدة بشكل عام والمنتج يؤدي وظيفته على أكمل وجه.,2024-03-04 20:19:50
2595,21,512,85,3,التوصيل كان متأخراً وتغليف المنتج جاء مجعّداً قليلاً.,2023-05-28 12:18:23
2596,2,5664,25,5,ممتاز جداً ويستحق كل ريال. التغليف أنيق والجودة عالية.,2023-03-24 22:12:19
2597,86,5541,71,4,منتج جيد جداً وبسعر مناسب والشحن كان في الموعد.,2023-10-15 14:44:37
2598,200,2607,200,5,جودة ممتازة والشحن كان سريعاً وسأشتري مجدداً بالتأكيد.,2024-10-14 19:13:26
2599,294,2528,9,3,جيد للاستخدام البسيط لكن السعر مرتفع نسبياً لهذه الجودة.,2024-06-03 01:01:53
2600,267,3194,158,4,تجربة جيدة بشكل عام والمنتج يؤدي وظيفته على أكمل وجه.,2024-02-20 08:47:56
2601,146,1693,47,5,منتج رائع جداً فاق توقعاتي بكل المقاييس. أنصح به بشدة.,2023-10-27 17:36:09
2602,302,1630,3,5,ممتاز جداً ويستحق كل ريال. التغليف أنيق والجودة عالية.,2023-10-21 12:14:00
2603,91,1644,3,3,جيد للاستخدام البسيط لكن السعر مرتفع نسبياً لهذه الجودة.,2024-07-27 11:28:41
2604,111,9401,9,4,جودة عالية والسعر معقول فقط التغليف كان بسيطاً قليلاً.,2024-02-04 11:07:51
2605,200,2394,54,5,تجربة شراء رائعة والمنتج وصل بحالة مثالية وبالمواصفات المطلوبة.,2024-01-30 13:10:37
2606,104,7362,2,5,ممتاز جداً ويستحق كل ريال. التغليف أنيق والجودة عالية.,2023-02-14 07:23:13
2607,385,8268,110,5,أفضل منتج اشتريته منذ فترة طويلة وأنصح الجميع بتجربته.,2023-10-20 23:43:25
2608,323,6807,28,5,جودة ممتازة والشحن كان سريعاً وسأشتري مجدداً بالتأكيد.,2023-05-12 09:40:47
2609,454,8926,28,3,جيد للاستخدام البسيط لكن السعر مرتفع نسبياً لهذه الجودة.,2023-01-11 09:08:49
2610,204,3860,103,4,جودة عالية والسعر معقول فقط التغليف كان بسيطاً قليلاً.,2023-01-21 18:57:55
2611,267,6284,51,1,لا يستحق حتى نجمة واحدة وجودة رديئة جداً مع سعر مرتفع.,2024-05-17 15:52:22
2612,417,598,3,5,تجربة شراء رائعة والمنتج وصل بحالة مثالية وبالمواصفات المطلوبة.,2024-10-08 08:59:16
2613,84,9187,37,4,تجربة جيدة بشكل عام والمنتج يؤدي وظيفته على أكمل وجه.,2024-11-24 12:23:31
2614,38,971,183,5,أفضل منتج اشتريته منذ فترة طويلة وأنصح الجميع بتجربته.,2023-01-06 09:03:53
2615,2,4648,42,5,ممتاز جداً ويستحق كل ريال. التغليف أنيق والجودة عالية.,2024-04-04 13:48:10
2616,377,7721,2,5,ممتاز جداً ويستحق كل ريال. التغليف أنيق والجودة عالية.,2024-08-05 01:39:42
2617,175,2312,46,4,جودة عالية والسعر معقول فقط التغليف كان بسيطاً قليلاً.,2024-08-02 13:53:57
2618,418,7878,50,4,منتج جيد جداً وبسعر مناسب والشحن كان في الموعد.,2023-08-26 22:45:06
2619,264,5875,49,5,أفضل منتج اشتريته منذ فترة طويلة وأنصح الجميع بتجربته.,2023-05-25 07:48:57
2620,78,272,2,5,تجربة شراء رائعة والمنتج وصل بحالة مثالية وبالمواصفات المطلوبة.,2023-07-31 12:38:00
2621,20,8862,2,3,جيد للاستخدام البسيط لكن السعر مرتفع نسبياً لهذه الجودة.,2023-06-11 06:53:20
2622,290,9992,35,5,منتج رائع جداً فاق توقعاتي بكل المقاييس. أنصح به بشدة.,2024-07-14 11:38:31
2623,27,3905,79,4,منتج جيد استلمته بسرعة ويعمل بشكل ممتاز.,2024-12-30 09:02:37
2624,308,5985,10,5,تجربة شراء رائعة والمنتج وصل بحالة مثالية وبالمواصفات المطلوبة.,2023-10-20 07:01:50
2625,1,9057,47,4,منتج جيد جداً وبسعر مناسب والشحن كان في الموعد.,2023-11-10 10:10:38
2626,286,5506,34,4,منتج جيد جداً وبسعر مناسب والشحن كان في الموعد.,2023-08-08 08:59:21
2627,79,8253,160,5,ممتاز جداً ويستحق كل ريال. التغليف أنيق والجودة عالية.,2024-03-28 09:06:01
2628,83,6287,93,5,جودة ممتازة والشحن كان سريعاً وسأشتري مجدداً بالتأكيد.,2023-01-28 23:09:06
2629,160,4274,93,5,منتج رائع جداً فاق توقعاتي بكل المقاييس. أنصح به بشدة.,2024-07-06 11:42:21
2630,88,2697,31,5,منتج رائع جداً فاق توقعاتي بكل المقاييس. أنصح به بشدة.,2023-07-23 20:23:40
2631,394,7691,31,1,أسوأ تجربة شراء والمنتج مختلف تماماً عن الصور والوصف.,2023-06-14 00:46:38
2632,313,4843,48,4,تجربة جيدة بشكل عام والمنتج يؤدي وظيفته على أكمل وجه.,2024-09-15 17:49:49
2633,455,994,53,5,جودة ممتازة والشحن كان سريعاً وسأشتري مجدداً بالتأكيد.,2023-08-31 04:58:09
2634,249,1167,26,4,منتج جيد استلمته بسرعة ويعمل بشكل ممتاز.,2023-01-30 05:27:54
2635,199,2805,53,4,تجربة جيدة بشكل عام والمنتج يؤدي وظيفته على أكمل وجه.,2023-12-22 13:04:03
2636,412,1893,46,5,أفضل منتج اشتريته منذ فترة طويلة وأنصح الجميع بتجربته.,2023-05-28 01:39:47
2637,281,3215,64,5,جودة ممتازة والشحن كان سريعاً وسأشتري مجدداً بالتأكيد.,2023-12-28 23:16:18
2638,287,9444,9,5,ممتاز جداً ويستحق كل ريال. التغليف أنيق والجودة عالية.,2024-09-08 07:18:49
2639,74,2837,53,5,أفضل منتج اشتريته منذ فترة طويلة وأنصح الجميع بتجربته.,2023-04-27 03:07:14
2640,113,7351,35,4,مطابق للوصف تقريباً والجودة جيدة وسأوصي به لأصدقائي.,2024-11-14 16:20:12
2641,116,4503,33,5,أفضل منتج اشتريته منذ فترة طويلة وأنصح الجميع بتجربته.,2023-04-04 20:57:44
2642,364,5553,26,5,جودة ممتازة والشحن كان سريعاً وسأشتري مجدداً بالتأكيد.,2023-03-28 13:36:58
2643,106,7552,134,5,جودة ممتازة والشحن كان سريعاً وسأشتري مجدداً بالتأكيد.,2023-04-05 09:43:01
2644,65,6441,26,1,منتج سيء جداً لا أنصح به أبداً. أطلبوا استرداد أموالكم.,2023-05-02 16:50:59
2645,299,5337,68,5,أفضل منتج اشتريته منذ فترة طويلة وأنصح الجميع بتجربته.,2024-11-05 06:34:00
2646,176,186,191,5,جودة ممتازة والشحن كان سريعاً وسأشتري مجدداً بالتأكيد.,2023-04-13 11:56:42
2647,83,446,56,5,جودة ممتازة والشحن كان سريعاً وسأشتري مجدداً بالتأكيد.,2024-05-04 03:53:46
2648,288,3484,38,5,جودة ممتازة والشحن كان سريعاً وسأشتري مجدداً بالتأكيد.,2023-12-15 05:52:05
2649,198,1675,14,5,جودة ممتازة والشحن كان سريعاً وسأشتري مجدداً بالتأكيد.,2024-09-14 15:14:23
2650,226,4816,125,2,خيّبت الآمال والمنتج لا يشبه الوصف ولا الصور المعروضة.,2024-03-20 00:29:25
2651,449,2434,42,4,منتج جيد استلمته بسرعة ويعمل بشكل ممتاز.,2024-11-17 23:56:30
2652,332,6623,121,5,جودة ممتازة والشحن كان سريعاً وسأشتري مجدداً بالتأكيد.,2023-08-01 03:07:31
2653,65,3618,41,5,أفضل منتج اشتريته منذ فترة طويلة وأنصح الجميع بتجربته.,2024-08-07 15:54:36
2654,38,971,26,5,جودة ممتازة والشحن كان سريعاً وسأشتري مجدداً بالتأكيد.,2023-01-12 05:03:53
2655,324,7308,2,4,تجربة جيدة بشكل عام والمنتج يؤدي وظيفته على أكمل وجه.,2024-03-16 02:15:06
2656,493,5266,34,2,التغليف كان سيئاً والمنتج تعرّض لأضرار أثناء الشحن.,2024-02-15 03:26:29
2657,435,5018,31,5,ممتاز جداً ويستحق كل ريال. التغليف أنيق والجودة عالية.,2023-06-07 12:27:49
2658,180,3051,3,5,أفضل منتج اشتريته منذ فترة طويلة وأنصح الجميع بتجربته.,2024-03-14 06:26:50
2659,326,7663,31,4,مطابق للوصف تقريباً والجودة جيدة وسأوصي به لأصدقائي.,2024-10-17 00:37:16
2660,364,1715,50,4,جودة عالية والسعر معقول فقط التغليف كان بسيطاً قليلاً.,2024-02-06 11:04:01
2661,52,6689,50,1,لا يستحق حتى نجمة واحدة وجودة رديئة جداً مع سعر مرتفع.,2023-05-26 17:11:25
2662,81,3505,3,4,تجربة جيدة بشكل عام والمنتج يؤدي وظيفته على أكمل وجه.,2023-04-20 07:24:24
2663,76,6304,28,2,خيّبت الآمال والمنتج لا يشبه الوصف ولا الصور المعروضة.,2023-05-16 17:20:02
2664,336,4447,34,5,منتج رائع جداً فاق توقعاتي بكل المقاييس. أنصح به بشدة.,2024-06-10 15:54:56
2665,493,2541,26,4,منتج جيد جداً وبسعر مناسب والشحن كان في الموعد.,2025-01-05 08:12:47
2666,270,9685,41,5,أفضل منتج اشتريته منذ فترة طويلة وأنصح الجميع بتجربته.,2024-06-08 08:23:25
2667,433,7165,26,5,ممتاز جداً ويستحق كل ريال. التغليف أنيق والجودة عالية.,2024-05-07 10:56:00
2668,1,1171,35,3,المنتج مقبول لكن هناك بدائل أفضل بنفس السعر في السوق.,2024-09-27 17:30:10
2669,83,2244,10,4,منتج جيد جداً وبسعر مناسب والشحن كان في الموعد.,2024-12-06 21:36:52
2670,154,1752,115,5,تجربة شراء رائعة والمنتج وصل بحالة مثالية وبالمواصفات المطلوبة.,2023-05-16 02:02:00
2671,350,9208,42,5,منتج رائع جداً فاق توقعاتي بكل المقاييس. أنصح به بشدة.,2024-01-11 02:56:07
2672,270,9642,35,5,جودة ممتازة والشحن كان سريعاً وسأشتري مجدداً بالتأكيد.,2024-02-25 20:49:10
2673,93,4296,47,5,جودة ممتازة والشحن كان سريعاً وسأشتري مجدداً بالتأكيد.,2023-12-23 22:14:12
2674,136,5172,42,4,مطابق للوصف تقريباً والجودة جيدة وسأوصي به لأصدقائي.,2024-02-23 19:03:19
2675,320,8670,51,4,مطابق للوصف تقريباً والجودة جيدة وسأوصي به لأصدقائي.,2024-09-21 11:20:31
2676,259,1759,41,4,تجربة جيدة بشكل عام والمنتج يؤدي وظيفته على أكمل وجه.,2024-03-06 06:14:40
2677,105,2157,33,5,ممتاز جداً ويستحق كل ريال. التغليف أنيق والجودة عالية.,2023-06-14 18:15:30
2678,460,7353,2,5,أفضل منتج اشتريته منذ فترة طويلة وأنصح الجميع بتجربته.,2023-11-03 08:44:17
2679,75,6566,66,4,تجربة جيدة بشكل عام والمنتج يؤدي وظيفته على أكمل وجه.,2023-03-30 21:43:52
2680,244,2940,168,5,ممتاز جداً ويستحق كل ريال. التغليف أنيق والجودة عالية.,2023-02-14 04:32:21
2681,163,9924,39,5,منتج رائع جداً فاق توقعاتي بكل المقاييس. أنصح به بشدة.,2023-12-28 08:42:03
2682,165,6660,35,5,أفضل منتج اشتريته منذ فترة طويلة وأنصح الجميع بتجربته.,2024-04-13 12:26:28
2683,331,9571,61,4,تجربة جيدة بشكل عام والمنتج يؤدي وظيفته على أكمل وجه.,2024-04-06 09:19:42
2684,484,5296,2,5,جودة ممتازة والشحن كان سريعاً وسأشتري مجدداً بالتأكيد.,2023-06-08 15:07:42
2685,281,2251,73,4,تجربة جيدة بشكل عام والمنتج يؤدي وظيفته على أكمل وجه.,2023-08-08 00:12:58
2686,15,1400,50,5,تجربة شراء رائعة والمنتج وصل بحالة مثالية وبالمواصفات المطلوبة.,2023-05-05 03:20:20
2687,462,8854,41,4,منتج جيد استلمته بسرعة ويعمل بشكل ممتاز.,2024-12-14 03:07:41
2688,452,5139,160,5,جودة ممتازة والشحن كان سريعاً وسأشتري مجدداً بالتأكيد.,2023-10-14 10:05:05
2689,363,6854,56,4,مطابق للوصف تقريباً والجودة جيدة وسأوصي به لأصدقائي.,2024-01-04 16:26:30
2690,168,1640,98,3,المنتج مقبول ولكن يحتاج بعض التحسينات في الجودة.,2023-08-26 04:17:38
2691,244,5058,3,5,أفضل منتج اشتريته منذ فترة طويلة وأنصح الجميع بتجربته.,2024-07-26 04:50:00
2692,473,8895,10,4,جودة عالية والسعر معقول فقط التغليف كان بسيطاً قليلاً.,2024-02-16 03:33:12
2693,118,5684,28,5,جودة ممتازة والشحن كان سريعاً وسأشتري مجدداً بالتأكيد.,2023-11-17 12:03:26
2694,309,4434,25,3,المنتج مقبول لكن هناك بدائل أفضل بنفس السعر في السوق.,2023-03-11 23:04:36
2695,359,8943,16,5,جودة ممتازة والشحن كان سريعاً وسأشتري مجدداً بالتأكيد.,2023-04-01 01:12:38
2696,267,7291,26,4,مطابق للوصف تقريباً والجودة جيدة وسأوصي به لأصدقائي.,2023-04-07 20:52:38
2697,240,7715,51,5,منتج رائع جداً فاق توقعاتي بكل المقاييس. أنصح به بشدة.,2024-12-15 09:08:51
2698,407,6160,1,1,أسوأ تجربة شراء والمنتج مختلف تماماً عن الصور والوصف.,2023-12-17 09:32:53
2699,226,1200,2,4,منتج جيد استلمته بسرعة ويعمل بشكل ممتاز.,2024-01-15 00:26:45
2700,354,2758,66,4,منتج جيد جداً وبسعر مناسب والشحن كان في الموعد.,2023-04-07 11:04:15
2701,103,2795,143,5,جودة ممتازة والشحن كان سريعاً وسأشتري مجدداً بالتأكيد.,2023-01-05 00:36:02
2702,307,1138,29,5,منتج رائع جداً فاق توقعاتي بكل المقاييس. أنصح به بشدة.,2024-09-02 20:20:03
2703,310,2509,8,5,جودة ممتازة والشحن كان سريعاً وسأشتري مجدداً بالتأكيد.,2023-01-18 22:00:55
2704,15,4175,3,3,المنتج مقبول ولكن يحتاج بعض التحسينات في الجودة.,2024-05-16 09:43:49
2705,61,4979,34,5,جودة ممتازة والشحن كان سريعاً وسأشتري مجدداً بالتأكيد.,2023-03-08 18:39:05
2706,362,2082,46,5,تجربة شراء رائعة والمنتج وصل بحالة مثالية وبالمواصفات المطلوبة.,2024-05-17 02:05:26
2707,376,8310,85,3,متوسط ويؤدي وظيفته لكنه ليس بالجودة التي توقعتها.,2023-07-30 13:15:37
2708,285,6128,199,4,تجربة جيدة بشكل عام والمنتج يؤدي وظيفته على أكمل وجه.,2024-02-10 09:27:56
2709,430,9737,3,4,جودة عالية والسعر معقول فقط التغليف كان بسيطاً قليلاً.,2023-02-04 18:28:33
2710,223,7294,31,3,جيد للاستخدام البسيط لكن السعر مرتفع نسبياً لهذه الجودة.,2024-11-16 14:32:20
2711,254,5183,39,5,ممتاز جداً ويستحق كل ريال. التغليف أنيق والجودة عالية.,2023-11-02 14:48:55
2712,9,8439,37,5,أفضل منتج اشتريته منذ فترة طويلة وأنصح الجميع بتجربته.,2023-01-13 01:34:46
2713,317,6314,119,5,أفضل منتج اشتريته منذ فترة طويلة وأنصح الجميع بتجربته.,2023-10-07 11:19:30
2714,362,6368,46,5,جودة ممتازة والشحن كان سريعاً وسأشتري مجدداً بالتأكيد.,2023-10-05 16:15:34
2715,81,6751,66,5,ممتاز جداً ويستحق كل ريال. التغليف أنيق والجودة عالية.,2024-12-14 05:44:23
2716,167,3717,86,4,جودة عالية والسعر معقول فقط التغليف كان بسيطاً قليلاً.,2023-08-31 10:57:38
2717,39,286,31,5,أفضل منتج اشتريته منذ فترة طويلة وأنصح الجميع بتجربته.,2024-05-23 18:57:28
2718,174,2678,42,5,أفضل منتج اشتريته منذ فترة طويلة وأنصح الجميع بتجربته.,2024-06-30 22:01:21
2719,303,8554,1,5,تجربة شراء رائعة والمنتج وصل بحالة مثالية وبالمواصفات المطلوبة.,2024-07-28 03:11:07
2720,206,6169,56,5,أفضل منتج اشتريته منذ فترة طويلة وأنصح الجميع بتجربته.,2023-12-11 01:58:05
2721,155,4073,2,4,تجربة جيدة بشكل عام والمنتج يؤدي وظيفته على أكمل وجه.,2023-12-08 16:20:37
2722,42,3195,148,4,منتج جيد استلمته بسرعة ويعمل بشكل ممتاز.,2024-10-18 18:00:16
2723,10,3678,56,5,تجربة شراء رائعة والمنتج وصل بحالة مثالية وبالمواصفات المطلوبة.,2024-05-24 05:39:38
2724,479,1101,48,4,مطابق للوصف تقريباً والجودة جيدة وسأوصي به لأصدقائي.,2024-06-05 08:34:32
2725,404,1558,41,2,التغليف كان سيئاً والمنتج تعرّض لأضرار أثناء الشحن.,2023-04-03 10:19:31
2726,269,8602,186,4,تجربة جيدة بشكل عام والمنتج يؤدي وظيفته على أكمل وجه.,2024-10-28 21:01:14
2727,491,8431,25,4,مطابق للوصف تقريباً والجودة جيدة وسأوصي به لأصدقائي.,2023-05-11 06:04:55
2728,193,1528,31,4,منتج جيد جداً وبسعر مناسب والشحن كان في الموعد.,2024-02-02 12:00:59
2729,461,3892,41,2,خيّبت الآمال والمنتج لا يشبه الوصف ولا الصور المعروضة.,2023-07-06 22:51:31
2730,138,6025,26,4,تجربة جيدة بشكل عام والمنتج يؤدي وظيفته على أكمل وجه.,2024-06-27 21:03:32
2731,492,1718,41,5,جودة ممتازة والشحن كان سريعاً وسأشتري مجدداً بالتأكيد.,2024-12-22 10:59:46
2732,262,2904,35,5,جودة ممتازة والشحن كان سريعاً وسأشتري مجدداً بالتأكيد.,2024-10-21 11:11:32
2733,54,2070,46,5,تجربة شراء رائعة والمنتج وصل بحالة مثالية وبالمواصفات المطلوبة.,2023-04-10 19:20:27
2734,279,1860,32,4,منتج جيد استلمته بسرعة ويعمل بشكل ممتاز.,2024-03-10 01:20:33
2735,498,2724,168,4,منتج جيد استلمته بسرعة ويعمل بشكل ممتاز.,2023-09-06 15:02:12
2736,147,2739,10,3,متوسط ويؤدي وظيفته لكنه ليس بالجودة التي توقعتها.,2024-12-23 01:24:54
2737,255,8569,39,4,منتج جيد استلمته بسرعة ويعمل بشكل ممتاز.,2024-04-01 03:53:44
2738,215,4312,187,4,جودة عالية والسعر معقول فقط التغليف كان بسيطاً قليلاً.,2023-02-02 12:02:52
2739,190,5359,32,3,جيد للاستخدام البسيط لكن السعر مرتفع نسبياً لهذه الجودة.,2023-04-08 08:46:42
2740,71,5648,172,5,ممتاز جداً ويستحق كل ريال. التغليف أنيق والجودة عالية.,2024-03-27 09:05:47
2741,68,3668,171,4,تجربة جيدة بشكل عام والمنتج يؤدي وظيفته على أكمل وجه.,2024-11-01 11:52:55
2742,212,3159,161,5,ممتاز جداً ويستحق كل ريال. التغليف أنيق والجودة عالية.,2024-12-13 00:47:13
2743,177,7812,59,4,مطابق للوصف تقريباً والجودة جيدة وسأوصي به لأصدقائي.,2023-12-06 21:40:49
2744,459,987,57,5,منتج رائع جداً فاق توقعاتي بكل المقاييس. أنصح به بشدة.,2024-07-15 09:58:31
2745,274,5293,25,4,مطابق للوصف تقريباً والجودة جيدة وسأوصي به لأصدقائي.,2024-03-27 16:12:58
2746,302,6087,128,4,تجربة جيدة بشكل عام والمنتج يؤدي وظيفته على أكمل وجه.,2024-04-20 20:07:09
2747,69,5820,35,4,جودة عالية والسعر معقول فقط التغليف كان بسيطاً قليلاً.,2024-05-07 04:54:49
2748,245,9260,124,4,جودة عالية والسعر معقول فقط التغليف كان بسيطاً قليلاً.,2023-02-15 12:26:28
2749,1,9384,95,4,جودة عالية والسعر معقول فقط التغليف كان بسيطاً قليلاً.,2023-10-05 21:01:09
2750,469,3408,4,5,جودة ممتازة والشحن كان سريعاً وسأشتري مجدداً بالتأكيد.,2024-06-21 13:52:23
2751,19,1270,6,5,جودة ممتازة والشحن كان سريعاً وسأشتري مجدداً بالتأكيد.,2024-08-12 01:50:13
2752,270,9642,136,5,منتج رائع جداً فاق توقعاتي بكل المقاييس. أنصح به بشدة.,2024-02-15 15:49:10
2753,382,9006,1,5,ممتاز جداً ويستحق كل ريال. التغليف أنيق والجودة عالية.,2024-11-15 06:46:47
2754,422,4083,151,5,جودة ممتازة والشحن كان سريعاً وسأشتري مجدداً بالتأكيد.,2024-04-23 02:43:54
2755,48,3256,54,2,خيّبت الآمال والمنتج لا يشبه الوصف ولا الصور المعروضة.,2024-09-30 08:51:38
2756,137,8465,156,1,لا يستحق حتى نجمة واحدة وجودة رديئة جداً مع سعر مرتفع.,2023-08-24 23:12:06
2757,237,6982,86,5,أفضل منتج اشتريته منذ فترة طويلة وأنصح الجميع بتجربته.,2023-11-07 06:39:46
2758,389,4897,80,3,التوصيل كان متأخراً وتغليف المنتج جاء مجعّداً قليلاً.,2023-10-30 17:14:19
2759,483,6550,161,5,جودة ممتازة والشحن كان سريعاً وسأشتري مجدداً بالتأكيد.,2024-07-05 20:30:15
2760,143,6867,182,4,منتج جيد استلمته بسرعة ويعمل بشكل ممتاز.,2025-01-06 21:53:47
2761,191,4538,39,4,تجربة جيدة بشكل عام والمنتج يؤدي وظيفته على أكمل وجه.,2023-04-22 01:37:43
2762,264,256,3,4,تجربة جيدة بشكل عام والمنتج يؤدي وظيفته على أكمل وجه.,2024-09-17 08:32:02
2763,44,9933,35,4,تجربة جيدة بشكل عام والمنتج يؤدي وظيفته على أكمل وجه.,2024-11-29 23:07:08
2764,481,142,136,5,منتج رائع جداً فاق توقعاتي بكل المقاييس. أنصح به بشدة.,2024-03-08 18:01:20
2765,437,1449,4,5,جودة ممتازة والشحن كان سريعاً وسأشتري مجدداً بالتأكيد.,2023-11-20 01:44:35
2766,439,2796,7,5,منتج رائع جداً فاق توقعاتي بكل المقاييس. أنصح به بشدة.,2024-10-02 08:34:53
2767,292,7887,46,3,المنتج مقبول لكن هناك بدائل أفضل بنفس السعر في السوق.,2024-12-23 19:35:07
2768,187,1096,6,5,تجربة شراء رائعة والمنتج وصل بحالة مثالية وبالمواصفات المطلوبة.,2023-09-27 14:12:55
2769,357,3284,38,2,خيّبت الآمال والمنتج لا يشبه الوصف ولا الصور المعروضة.,2023-05-15 18:05:35
2770,152,6922,48,3,المنتج مقبول لكن هناك بدائل أفضل بنفس السعر في السوق.,2024-03-07 12:07:20
2771,254,423,152,4,تجربة جيدة بشكل عام والمنتج يؤدي وظيفته على أكمل وجه.,2024-03-11 16:24:04
2772,2,8133,29,5,أفضل منتج اشتريته منذ فترة طويلة وأنصح الجميع بتجربته.,2023-01-29 22:57:42
2773,393,295,49,5,أفضل منتج اشتريته منذ فترة طويلة وأنصح الجميع بتجربته.,2024-06-12 02:36:14
2774,7,7270,123,5,أفضل منتج اشتريته منذ فترة طويلة وأنصح الجميع بتجربته.,2024-04-04 14:19:17
2775,154,7249,148,4,جودة عالية والسعر معقول فقط التغليف كان بسيطاً قليلاً.,2024-11-01 01:40:15
2776,162,2064,33,5,تجربة شراء رائعة والمنتج وصل بحالة مثالية وبالمواصفات المطلوبة.,2023-04-27 07:26:39
2777,146,6885,10,5,أفضل منتج اشتريته منذ فترة طويلة وأنصح الجميع بتجربته.,2023-08-08 06:46:01
2778,228,6665,38,5,جودة ممتازة والشحن كان سريعاً وسأشتري مجدداً بالتأكيد.,2024-07-25 12:22:31
2779,384,1928,33,5,ممتاز جداً ويستحق كل ريال. التغليف أنيق والجودة عالية.,2024-02-16 07:28:46
2780,197,4471,183,5,تجربة شراء رائعة والمنتج وصل بحالة مثالية وبالمواصفات المطلوبة.,2024-07-20 07:39:51
2781,425,848,51,4,مطابق للوصف تقريباً والجودة جيدة وسأوصي به لأصدقائي.,2023-07-11 15:29:10
2782,452,1560,46,4,منتج جيد جداً وبسعر مناسب والشحن كان في الموعد.,2024-03-31 15:13:20
2783,77,673,97,5,جودة ممتازة والشحن كان سريعاً وسأشتري مجدداً بالتأكيد.,2023-07-08 22:17:16
2784,499,3456,46,2,التغليف كان سيئاً والمنتج تعرّض لأضرار أثناء الشحن.,2024-08-03 14:51:46
2785,75,9088,51,4,منتج جيد استلمته بسرعة ويعمل بشكل ممتاز.,2023-06-29 01:55:08
2786,232,6656,47,4,جودة عالية والسعر معقول فقط التغليف كان بسيطاً قليلاً.,2024-01-18 14:56:55
2787,193,3811,114,3,المنتج مقبول ولكن يحتاج بعض التحسينات في الجودة.,2023-05-04 18:34:05
2788,382,2306,180,4,مطابق للوصف تقريباً والجودة جيدة وسأوصي به لأصدقائي.,2023-10-08 23:59:58
2789,430,9737,14,3,جيد للاستخدام البسيط لكن السعر مرتفع نسبياً لهذه الجودة.,2023-02-11 16:28:33
2790,246,3664,136,3,التوصيل كان متأخراً وتغليف المنتج جاء مجعّداً قليلاً.,2023-02-03 10:36:37
2791,274,1078,4,4,تجربة جيدة بشكل عام والمنتج يؤدي وظيفته على أكمل وجه.,2024-03-12 01:50:35
2792,440,6741,46,3,التوصيل كان متأخراً وتغليف المنتج جاء مجعّداً قليلاً.,2023-02-01 06:38:35
2793,274,8430,82,3,التوصيل كان متأخراً وتغليف المنتج جاء مجعّداً قليلاً.,2023-12-21 22:11:54
2794,126,969,3,5,جودة ممتازة والشحن كان سريعاً وسأشتري مجدداً بالتأكيد.,2023-03-13 11:45:25
2795,472,4749,84,1,تجربة مروعة ووصل المنتج مكسوراً ومختلفاً عن المواصفات.,2024-11-09 16:13:46
2796,226,8725,87,5,جودة ممتازة والشحن كان سريعاً وسأشتري مجدداً بالتأكيد.,2023-11-03 12:29:22
2797,208,5835,47,4,مطابق للوصف تقريباً والجودة جيدة وسأوصي به لأصدقائي.,2024-01-23 23:30:57
2798,336,9730,47,5,تجربة شراء رائعة والمنتج وصل بحالة مثالية وبالمواصفات المطلوبة.,2024-02-13 06:13:29
2799,280,2464,180,5,جودة ممتازة والشحن كان سريعاً وسأشتري مجدداً بالتأكيد.,2024-06-29 03:43:53
2800,238,2557,145,4,منتج جيد استلمته بسرعة ويعمل بشكل ممتاز.,2023-08-27 19:52:12
2801,404,7506,168,4,منتج جيد جداً وبسعر مناسب والشحن كان في الموعد.,2024-04-05 21:54:03
2802,37,804,25,2,التغليف كان سيئاً والمنتج تعرّض لأضرار أثناء الشحن.,2024-08-23 02:23:38
2803,185,8410,35,2,لم يكن بالجودة المتوقعة وغير مطابق للصور بشكل واضح.,2024-01-30 06:00:44
2804,449,4078,2,4,تجربة جيدة بشكل عام والمنتج يؤدي وظيفته على أكمل وجه.,2024-01-04 22:46:48
2805,311,4687,1,4,منتج جيد استلمته بسرعة ويعمل بشكل ممتاز.,2024-03-31 11:31:55
2806,467,6165,41,5,أفضل منتج اشتريته منذ فترة طويلة وأنصح الجميع بتجربته.,2023-08-14 23:08:16
2807,234,6950,38,4,تجربة جيدة بشكل عام والمنتج يؤدي وظيفته على أكمل وجه.,2024-01-23 20:47:05
2808,180,2427,83,4,منتج جيد جداً وبسعر مناسب والشحن كان في الموعد.,2024-05-19 22:18:14
2809,121,6980,41,1,لا يستحق حتى نجمة واحدة وجودة رديئة جداً مع سعر مرتفع.,2023-07-11 18:21:30
2810,281,5901,157,3,متوسط ويؤدي وظيفته لكنه ليس بالجودة التي توقعتها.,2023-09-11 12:30:48
2811,411,1882,1,4,جودة عالية والسعر معقول فقط التغليف كان بسيطاً قليلاً.,2024-04-14 05:57:12
2812,416,6949,9,5,تجربة شراء رائعة والمنتج وصل بحالة مثالية وبالمواصفات المطلوبة.,2024-08-07 06:54:40
2813,109,6154,9,4,جودة عالية والسعر معقول فقط التغليف كان بسيطاً قليلاً.,2023-05-01 10:50:27
2814,256,1537,3,4,مطابق للوصف تقريباً والجودة جيدة وسأوصي به لأصدقائي.,2023-02-14 01:51:57
2815,456,6242,2,2,التغليف كان سيئاً والمنتج تعرّض لأضرار أثناء الشحن.,2024-12-12 21:21:22
2816,481,7959,35,4,مطابق للوصف تقريباً والجودة جيدة وسأوصي به لأصدقائي.,2024-02-15 16:54:11
2817,468,1453,6,1,لا يستحق حتى نجمة واحدة وجودة رديئة جداً مع سعر مرتفع.,2023-06-02 10:05:50
2818,499,6851,33,4,منتج جيد استلمته بسرعة ويعمل بشكل ممتاز.,2023-01-15 19:29:12
2819,424,1932,1,4,منتج جيد جداً وبسعر مناسب والشحن كان في الموعد.,2024-05-31 14:07:47
2820,131,5620,25,5,أفضل منتج اشتريته منذ فترة طويلة وأنصح الجميع بتجربته.,2023-09-12 12:18:28
2821,137,3533,25,5,جودة ممتازة والشحن كان سريعاً وسأشتري مجدداً بالتأكيد.,2024-02-22 20:58:11
2822,348,5501,38,4,تجربة جيدة بشكل عام والمنتج يؤدي وظيفته على أكمل وجه.,2024-04-05 20:18:19
2823,496,1188,135,2,لم يكن بالجودة المتوقعة وغير مطابق للصور بشكل واضح.,2023-07-23 06:01:02
2824,471,7437,54,5,منتج رائع جداً فاق توقعاتي بكل المقاييس. أنصح به بشدة.,2024-08-25 04:55:07
2825,480,245,37,5,تجربة شراء رائعة والمنتج وصل بحالة مثالية وبالمواصفات المطلوبة.,2023-03-17 03:51:00
2826,193,2337,4,5,تجربة شراء رائعة والمنتج وصل بحالة مثالية وبالمواصفات المطلوبة.,2024-07-08 10:59:49
2827,234,807,157,5,منتج رائع جداً فاق توقعاتي بكل المقاييس. أنصح به بشدة.,2024-12-11 22:39:42
2828,298,7918,86,2,المنتج لم يعمل بشكل صحيح من اليوم الأول وطلبت الإرجاع.,2024-05-31 11:25:29
2829,49,166,160,5,أفضل منتج اشتريته منذ فترة طويلة وأنصح الجميع بتجربته.,2024-11-18 16:45:22
2830,215,4056,116,5,تجربة شراء رائعة والمنتج وصل بحالة مثالية وبالمواصفات المطلوبة.,2023-08-10 22:22:59
2831,141,5240,46,5,منتج رائع جداً فاق توقعاتي بكل المقاييس. أنصح به بشدة.,2023-05-30 11:07:54
2832,260,7624,130,4,مطابق للوصف تقريباً والجودة جيدة وسأوصي به لأصدقائي.,2024-06-13 21:29:20
2833,358,2915,48,4,منتج جيد جداً وبسعر مناسب والشحن كان في الموعد.,2023-02-24 09:25:14
2834,195,9380,6,5,ممتاز جداً ويستحق كل ريال. التغليف أنيق والجودة عالية.,2023-03-14 07:23:02
2835,189,6604,4,5,تجربة شراء رائعة والمنتج وصل بحالة مثالية وبالمواصفات المطلوبة.,2024-06-15 05:12:30
2836,419,211,46,2,التغليف كان سيئاً والمنتج تعرّض لأضرار أثناء الشحن.,2024-05-30 05:59:08
2837,87,5306,159,4,تجربة جيدة بشكل عام والمنتج يؤدي وظيفته على أكمل وجه.,2023-01-10 22:53:01
2838,99,8210,35,5,أفضل منتج اشتريته منذ فترة طويلة وأنصح الجميع بتجربته.,2023-07-01 04:39:07
2839,342,4917,54,5,جودة ممتازة والشحن كان سريعاً وسأشتري مجدداً بالتأكيد.,2023-02-19 14:51:21
2840,442,2983,46,1,أسوأ تجربة شراء والمنتج مختلف تماماً عن الصور والوصف.,2023-12-18 19:39:22
2841,460,6140,37,4,جودة عالية والسعر معقول فقط التغليف كان بسيطاً قليلاً.,2023-04-07 06:13:17
2842,269,1339,54,4,مطابق للوصف تقريباً والجودة جيدة وسأوصي به لأصدقائي.,2023-12-20 17:03:30
2843,246,4835,34,5,تجربة شراء رائعة والمنتج وصل بحالة مثالية وبالمواصفات المطلوبة.,2024-09-23 13:30:30
2844,39,6244,3,4,منتج جيد استلمته بسرعة ويعمل بشكل ممتاز.,2024-02-27 21:54:41
2845,410,7997,2,2,جودة ضعيفة للأسف ولن أشتري من هذا البائع مرة أخرى.,2023-07-09 09:01:59
2846,299,5912,60,4,منتج جيد استلمته بسرعة ويعمل بشكل ممتاز.,2024-06-02 02:47:51
2847,41,5460,197,3,متوسط ويؤدي وظيفته لكنه ليس بالجودة التي توقعتها.,2024-02-12 12:48:24
2848,231,4127,105,2,المنتج لم يعمل بشكل صحيح من اليوم الأول وطلبت الإرجاع.,2023-08-09 10:51:35
2849,202,6962,43,3,متوسط ويؤدي وظيفته لكنه ليس بالجودة التي توقعتها.,2023-01-10 16:10:56
2850,484,1926,53,5,أفضل منتج اشتريته منذ فترة طويلة وأنصح الجميع بتجربته.,2024-11-12 21:11:29
2851,122,3914,13,5,أفضل منتج اشتريته منذ فترة طويلة وأنصح الجميع بتجربته.,2023-04-20 22:00:13
2852,186,8551,77,5,تجربة شراء رائعة والمنتج وصل بحالة مثالية وبالمواصفات المطلوبة.,2024-09-21 21:53:08
2853,447,2176,49,5,تجربة شراء رائعة والمنتج وصل بحالة مثالية وبالمواصفات المطلوبة.,2023-04-07 02:04:41
2854,72,697,37,5,منتج رائع جداً فاق توقعاتي بكل المقاييس. أنصح به بشدة.,2023-03-30 22:21:35
2855,438,7036,4,3,المنتج مقبول لكن هناك بدائل أفضل بنفس السعر في السوق.,2023-02-07 17:24:31
2856,469,1330,37,5,جودة ممتازة والشحن كان سريعاً وسأشتري مجدداً بالتأكيد.,2023-10-24 04:37:00
2857,450,73,53,5,منتج رائع جداً فاق توقعاتي بكل المقاييس. أنصح به بشدة.,2024-06-23 09:35:44
2858,484,1071,6,4,منتج جيد جداً وبسعر مناسب والشحن كان في الموعد.,2024-07-03 09:33:23
2859,122,4129,10,3,جيد للاستخدام البسيط لكن السعر مرتفع نسبياً لهذه الجودة.,2023-05-11 23:08:00
2860,1,9822,29,3,متوسط ويؤدي وظيفته لكنه ليس بالجودة التي توقعتها.,2023-02-25 12:44:56
2861,57,594,6,5,جودة ممتازة والشحن كان سريعاً وسأشتري مجدداً بالتأكيد.,2024-09-08 07:30:02
2862,407,1335,19,5,منتج رائع جداً فاق توقعاتي بكل المقاييس. أنصح به بشدة.,2024-02-26 19:40:29
2863,488,2418,153,5,أفضل منتج اشتريته منذ فترة طويلة وأنصح الجميع بتجربته.,2024-03-08 18:46:36
2864,46,8312,32,4,منتج جيد استلمته بسرعة ويعمل بشكل ممتاز.,2023-06-25 07:35:55
2865,363,9141,54,5,تجربة شراء رائعة والمنتج وصل بحالة مثالية وبالمواصفات المطلوبة.,2024-07-19 06:05:00
2866,159,6096,77,5,تجربة شراء رائعة والمنتج وصل بحالة مثالية وبالمواصفات المطلوبة.,2024-06-10 17:46:21
2867,381,4815,54,5,تجربة شراء رائعة والمنتج وصل بحالة مثالية وبالمواصفات المطلوبة.,2024-06-10 09:49:27
2868,357,1035,48,5,منتج رائع جداً فاق توقعاتي بكل المقاييس. أنصح به بشدة.,2025-01-08 00:12:10
2869,71,2100,48,5,تجربة شراء رائعة والمنتج وصل بحالة مثالية وبالمواصفات المطلوبة.,2023-12-04 14:18:18
2870,118,6758,118,5,منتج رائع جداً فاق توقعاتي بكل المقاييس. أنصح به بشدة.,2024-07-20 16:29:20
2871,77,4207,32,5,تجربة شراء رائعة والمنتج وصل بحالة مثالية وبالمواصفات المطلوبة.,2024-11-19 10:44:02
2872,462,3780,25,5,أفضل منتج اشتريته منذ فترة طويلة وأنصح الجميع بتجربته.,2024-08-27 23:43:06
2873,126,2512,3,5,تجربة شراء رائعة والمنتج وصل بحالة مثالية وبالمواصفات المطلوبة.,2024-10-18 16:25:14
2874,453,3126,56,3,التوصيل كان متأخراً وتغليف المنتج جاء مجعّداً قليلاً.,2024-06-27 05:03:08
2875,84,7579,3,4,تجربة جيدة بشكل عام والمنتج يؤدي وظيفته على أكمل وجه.,2024-11-08 00:52:12
2876,40,1366,48,5,منتج رائع جداً فاق توقعاتي بكل المقاييس. أنصح به بشدة.,2024-03-27 13:43:26
2877,210,645,47,4,منتج جيد جداً وبسعر مناسب والشحن كان في الموعد.,2024-11-13 02:21:29
2878,117,9259,188,5,جودة ممتازة والشحن كان سريعاً وسأشتري مجدداً بالتأكيد.,2024-04-15 21:03:40
2879,172,9566,37,5,ممتاز جداً ويستحق كل ريال. التغليف أنيق والجودة عالية.,2024-01-16 23:32:15
2880,181,2371,10,5,جودة ممتازة والشحن كان سريعاً وسأشتري مجدداً بالتأكيد.,2023-09-29 00:59:55
2881,442,3170,181,4,جودة عالية والسعر معقول فقط التغليف كان بسيطاً قليلاً.,2024-08-19 08:22:49
2882,285,5332,51,4,تجربة جيدة بشكل عام والمنتج يؤدي وظيفته على أكمل وجه.,2024-07-24 12:53:17
2883,60,4070,33,4,جودة عالية والسعر معقول فقط التغليف كان بسيطاً قليلاً.,2023-07-04 17:01:09
2884,66,8138,34,5,جودة ممتازة والشحن كان سريعاً وسأشتري مجدداً بالتأكيد.,2024-02-04 08:25:35
2885,60,3434,3,5,منتج رائع جداً فاق توقعاتي بكل المقاييس. أنصح به بشدة.,2023-06-03 06:59:47
2886,450,105,34,3,متوسط ويؤدي وظيفته لكنه ليس بالجودة التي توقعتها.,2023-09-24 06:41:33
2887,76,341,41,5,جودة ممتازة والشحن كان سريعاً وسأشتري مجدداً بالتأكيد.,2024-09-15 20:41:22
2888,349,6315,152,5,تجربة شراء رائعة والمنتج وصل بحالة مثالية وبالمواصفات المطلوبة.,2023-05-07 14:49:59
2889,410,9436,48,5,ممتاز جداً ويستحق كل ريال. التغليف أنيق والجودة عالية.,2023-11-27 03:28:41
2890,489,4751,32,5,جودة ممتازة والشحن كان سريعاً وسأشتري مجدداً بالتأكيد.,2023-02-12 13:55:43
2891,253,8160,1,1,تجربة مروعة ووصل المنتج مكسوراً ومختلفاً عن المواصفات.,2023-05-05 18:37:13
2892,365,1420,34,5,تجربة شراء رائعة والمنتج وصل بحالة مثالية وبالمواصفات المطلوبة.,2023-06-08 11:56:36
2893,29,8779,38,4,جودة عالية والسعر معقول فقط التغليف كان بسيطاً قليلاً.,2024-03-13 16:16:14
2894,155,4036,139,2,جودة ضعيفة للأسف ولن أشتري من هذا البائع مرة أخرى.,2023-08-12 00:36:04
2895,160,4274,54,4,مطابق للوصف تقريباً والجودة جيدة وسأوصي به لأصدقائي.,2024-07-05 07:42:21
2896,449,7714,47,4,منتج جيد جداً وبسعر مناسب والشحن كان في الموعد.,2024-02-16 15:02:43
2897,113,5840,32,4,جودة عالية والسعر معقول فقط التغليف كان بسيطاً قليلاً.,2024-10-09 08:28:33
2898,116,4503,90,5,جودة ممتازة والشحن كان سريعاً وسأشتري مجدداً بالتأكيد.,2023-03-24 22:57:44
2899,377,3781,75,4,منتج جيد جداً وبسعر مناسب والشحن كان في الموعد.,2024-07-28 02:25:47
2900,500,5011,6,1,منتج سيء جداً لا أنصح به أبداً. أطلبوا استرداد أموالكم.,2023-03-18 06:16:29
2901,119,6917,3,1,المنتج لا يعمل من الأساس وتواصلت مع الدعم ولم يتجاوبوا.,2024-08-29 04:58:22
2902,426,2120,181,4,منتج جيد استلمته بسرعة ويعمل بشكل ممتاز.,2024-08-12 17:28:02
2903,122,1790,1,3,التوصيل كان متأخراً وتغليف المنتج جاء مجعّداً قليلاً.,2024-10-12 05:33:06
2904,3,3346,4,4,مطابق للوصف تقريباً والجودة جيدة وسأوصي به لأصدقائي.,2023-03-27 16:03:06
2905,92,5070,34,4,منتج جيد استلمته بسرعة ويعمل بشكل ممتاز.,2024-03-15 22:51:44
2906,153,895,33,3,المنتج مقبول لكن هناك بدائل أفضل بنفس السعر في السوق.,2023-01-16 03:17:02
2907,487,1850,32,2,خيّبت الآمال والمنتج لا يشبه الوصف ولا الصور المعروضة.,2024-02-13 20:08:37
2908,207,3370,64,5,جودة ممتازة والشحن كان سريعاً وسأشتري مجدداً بالتأكيد.,2024-10-28 05:34:49
2909,354,9269,53,4,منتج جيد استلمته بسرعة ويعمل بشكل ممتاز.,2023-04-07 05:41:06
2910,304,5444,70,4,منتج جيد جداً وبسعر مناسب والشحن كان في الموعد.,2024-03-19 09:48:51
2911,78,4625,39,5,أفضل منتج اشتريته منذ فترة طويلة وأنصح الجميع بتجربته.,2024-07-21 02:55:02
2912,414,5657,41,5,ممتاز جداً ويستحق كل ريال. التغليف أنيق والجودة عالية.,2024-10-08 14:05:41
2913,216,937,159,3,المنتج مقبول لكن هناك بدائل أفضل بنفس السعر في السوق.,2024-09-08 23:40:56
2914,67,6245,41,5,أفضل منتج اشتريته منذ فترة طويلة وأنصح الجميع بتجربته.,2024-07-12 16:37:01
2915,44,7479,5,4,منتج جيد جداً وبسعر مناسب والشحن كان في الموعد.,2024-05-04 20:45:27
2916,66,6782,167,5,منتج رائع جداً فاق توقعاتي بكل المقاييس. أنصح به بشدة.,2023-03-02 09:38:33
2917,165,7463,4,5,تجربة شراء رائعة والمنتج وصل بحالة مثالية وبالمواصفات المطلوبة.,2023-07-25 04:16:17
2918,413,5467,60,5,أفضل منتج اشتريته منذ فترة طويلة وأنصح الجميع بتجربته.,2023-01-10 18:14:58
2919,475,9900,145,5,منتج رائع جداً فاق توقعاتي بكل المقاييس. أنصح به بشدة.,2024-05-25 14:40:44
2920,275,1494,48,5,منتج رائع جداً فاق توقعاتي بكل المقاييس. أنصح به بشدة.,2024-08-19 21:19:01
2921,352,9568,53,2,لم يكن بالجودة المتوقعة وغير مطابق للصور بشكل واضح.,2024-10-11 11:43:48
2922,497,504,167,5,أفضل منتج اشتريته منذ فترة طويلة وأنصح الجميع بتجربته.,2024-05-28 12:29:02
2923,29,8779,131,2,جودة ضعيفة للأسف ولن أشتري من هذا البائع مرة أخرى.,2024-03-18 17:16:14
2924,259,7172,2,5,أفضل منتج اشتريته منذ فترة طويلة وأنصح الجميع بتجربته.,2024-02-14 07:07:56
2925,205,5892,28,4,مطابق للوصف تقريباً والجودة جيدة وسأوصي به لأصدقائي.,2024-11-05 16:35:54
2926,131,1244,3,5,منتج رائع جداً فاق توقعاتي بكل المقاييس. أنصح به بشدة.,2024-05-08 04:36:22
2927,111,6093,56,2,المنتج لم يعمل بشكل صحيح من اليوم الأول وطلبت الإرجاع.,2023-09-02 04:20:25
2928,8,6775,7,5,منتج رائع جداً فاق توقعاتي بكل المقاييس. أنصح به بشدة.,2024-11-05 07:51:47
2929,15,4477,130,3,التوصيل كان متأخراً وتغليف المنتج جاء مجعّداً قليلاً.,2023-05-05 00:56:08
2930,145,5427,4,4,مطابق للوصف تقريباً والجودة جيدة وسأوصي به لأصدقائي.,2023-04-30 10:29:59
2931,109,9048,32,5,منتج رائع جداً فاق توقعاتي بكل المقاييس. أنصح به بشدة.,2023-03-05 00:09:35
2932,253,3655,161,4,منتج جيد استلمته بسرعة ويعمل بشكل ممتاز.,2023-04-08 14:47:57
2933,299,1469,42,4,منتج جيد استلمته بسرعة ويعمل بشكل ممتاز.,2024-12-07 12:10:54
2934,327,5466,145,5,أفضل منتج اشتريته منذ فترة طويلة وأنصح الجميع بتجربته.,2024-05-09 18:13:44
2935,436,4707,34,5,ممتاز جداً ويستحق كل ريال. التغليف أنيق والجودة عالية.,2023-01-18 09:28:52
2936,138,2999,116,4,مطابق للوصف تقريباً والجودة جيدة وسأوصي به لأصدقائي.,2024-06-03 08:29:39
2937,148,8738,150,5,أفضل منتج اشتريته منذ فترة طويلة وأنصح الجميع بتجربته.,2023-07-11 22:41:54
2938,472,8683,3,4,مطابق للوصف تقريباً والجودة جيدة وسأوصي به لأصدقائي.,2023-01-08 18:08:51
2939,399,9827,97,5,أفضل منتج اشتريته منذ فترة طويلة وأنصح الجميع بتجربته.,2024-07-28 04:00:49
2940,378,174,5,3,المنتج مقبول ولكن يحتاج بعض التحسينات في الجودة.,2024-08-05 01:10:54
2941,326,8984,46,5,ممتاز جداً ويستحق كل ريال. التغليف أنيق والجودة عالية.,2024-09-02 11:31:30
2942,13,7402,34,4,جودة عالية والسعر معقول فقط التغليف كان بسيطاً قليلاً.,2023-08-12 18:16:42
2943,466,2223,33,2,جودة ضعيفة للأسف ولن أشتري من هذا البائع مرة أخرى.,2023-07-01 02:27:42
2944,359,2924,25,5,تجربة شراء رائعة والمنتج وصل بحالة مثالية وبالمواصفات المطلوبة.,2024-06-23 13:58:27
2945,290,7799,1,5,منتج رائع جداً فاق توقعاتي بكل المقاييس. أنصح به بشدة.,2024-02-11 18:11:09
2946,111,332,84,5,تجربة شراء رائعة والمنتج وصل بحالة مثالية وبالمواصفات المطلوبة.,2023-06-29 13:16:10
2947,399,3605,136,5,منتج رائع جداً فاق توقعاتي بكل المقاييس. أنصح به بشدة.,2023-12-02 04:15:03
2948,27,6704,20,5,تجربة شراء رائعة والمنتج وصل بحالة مثالية وبالمواصفات المطلوبة.,2023-12-26 13:39:42
2949,391,1443,189,3,المنتج مقبول ولكن يحتاج بعض التحسينات في الجودة.,2023-08-31 12:33:13
2950,92,8648,29,4,جودة عالية والسعر معقول فقط التغليف كان بسيطاً قليلاً.,2024-08-26 20:52:27
2951,233,9910,56,5,ممتاز جداً ويستحق كل ريال. التغليف أنيق والجودة عالية.,2023-11-07 23:20:41
2952,179,6383,51,3,جيد للاستخدام البسيط لكن السعر مرتفع نسبياً لهذه الجودة.,2023-05-06 10:16:09
2953,111,332,29,3,جيد للاستخدام البسيط لكن السعر مرتفع نسبياً لهذه الجودة.,2023-06-28 15:16:10
2954,451,3981,113,4,مطابق للوصف تقريباً والجودة جيدة وسأوصي به لأصدقائي.,2024-01-20 15:42:12
2955,51,4184,170,5,تجربة شراء رائعة والمنتج وصل بحالة مثالية وبالمواصفات المطلوبة.,2023-10-22 05:20:09
2956,246,4492,150,3,متوسط ويؤدي وظيفته لكنه ليس بالجودة التي توقعتها.,2024-05-09 13:00:14
2957,377,8908,39,5,ممتاز جداً ويستحق كل ريال. التغليف أنيق والجودة عالية.,2023-09-30 04:52:18
2958,462,3818,42,1,أسوأ تجربة شراء والمنتج مختلف تماماً عن الصور والوصف.,2023-03-07 11:42:30
2959,247,2570,42,5,منتج رائع جداً فاق توقعاتي بكل المقاييس. أنصح به بشدة.,2023-02-12 15:38:37
2960,3,2024,53,5,جودة ممتازة والشحن كان سريعاً وسأشتري مجدداً بالتأكيد.,2023-04-30 07:49:42
2961,98,6773,42,5,منتج رائع جداً فاق توقعاتي بكل المقاييس. أنصح به بشدة.,2023-10-15 19:02:55
2962,357,3365,56,5,أفضل منتج اشتريته منذ فترة طويلة وأنصح الجميع بتجربته.,2023-07-27 04:01:39
2963,289,5106,2,5,ممتاز جداً ويستحق كل ريال. التغليف أنيق والجودة عالية.,2024-08-18 11:47:00
2964,287,388,42,5,منتج رائع جداً فاق توقعاتي بكل المقاييس. أنصح به بشدة.,2023-08-02 15:18:44
2965,475,9900,26,3,جيد للاستخدام البسيط لكن السعر مرتفع نسبياً لهذه الجودة.,2024-05-22 11:40:44
2966,345,7443,41,5,منتج رائع جداً فاق توقعاتي بكل المقاييس. أنصح به بشدة.,2023-03-24 00:26:52
2967,453,6785,1,5,جودة ممتازة والشحن كان سريعاً وسأشتري مجدداً بالتأكيد.,2023-07-23 22:32:37
2968,54,1805,41,5,ممتاز جداً ويستحق كل ريال. التغليف أنيق والجودة عالية.,2023-04-06 04:42:20
2969,493,5469,28,5,ممتاز جداً ويستحق كل ريال. التغليف أنيق والجودة عالية.,2024-07-01 01:35:38
2970,488,8973,37,4,جودة عالية والسعر معقول فقط التغليف كان بسيطاً قليلاً.,2023-09-17 17:53:39
2971,143,1250,48,5,تجربة شراء رائعة والمنتج وصل بحالة مثالية وبالمواصفات المطلوبة.,2024-02-27 12:12:37
2972,400,4659,4,4,تجربة جيدة بشكل عام والمنتج يؤدي وظيفته على أكمل وجه.,2024-08-19 09:29:13
2973,149,6184,3,5,أفضل منتج اشتريته منذ فترة طويلة وأنصح الجميع بتجربته.,2023-05-24 14:27:52
2974,206,1068,47,3,التوصيل كان متأخراً وتغليف المنتج جاء مجعّداً قليلاً.,2023-04-25 23:33:56
2975,19,7557,73,1,منتج سيء جداً لا أنصح به أبداً. أطلبوا استرداد أموالكم.,2023-08-24 12:03:44
2976,277,7182,1,3,المنتج مقبول لكن هناك بدائل أفضل بنفس السعر في السوق.,2024-09-24 19:07:00
2977,443,5404,56,4,تجربة جيدة بشكل عام والمنتج يؤدي وظيفته على أكمل وجه.,2024-07-26 12:47:31
2978,177,6324,86,3,متوسط ويؤدي وظيفته لكنه ليس بالجودة التي توقعتها.,2024-01-07 21:49:08
2979,114,4349,99,1,أسوأ تجربة شراء والمنتج مختلف تماماً عن الصور والوصف.,2024-11-22 03:31:01
2980,225,3651,136,4,جودة عالية والسعر معقول فقط التغليف كان بسيطاً قليلاً.,2023-12-19 23:14:41
2981,477,3699,56,5,جودة ممتازة والشحن كان سريعاً وسأشتري مجدداً بالتأكيد.,2023-06-28 18:10:58
2982,22,7307,50,5,أفضل منتج اشتريته منذ فترة طويلة وأنصح الجميع بتجربته.,2023-03-20 11:11:17
2983,352,6675,9,5,منتج رائع جداً فاق توقعاتي بكل المقاييس. أنصح به بشدة.,2024-08-19 07:05:34
2984,91,1290,25,4,جودة عالية والسعر معقول فقط التغليف كان بسيطاً قليلاً.,2024-07-05 09:20:18
2985,270,3654,32,4,منتج جيد جداً وبسعر مناسب والشحن كان في الموعد.,2024-09-04 04:57:13
2986,270,5860,25,5,تجربة شراء رائعة والمنتج وصل بحالة مثالية وبالمواصفات المطلوبة.,2024-03-04 14:32:09
2987,167,4999,50,5,جودة ممتازة والشحن كان سريعاً وسأشتري مجدداً بالتأكيد.,2024-10-27 17:36:25
2988,458,778,133,4,منتج جيد استلمته بسرعة ويعمل بشكل ممتاز.,2024-08-09 08:52:12
2989,290,6600,48,4,منتج جيد استلمته بسرعة ويعمل بشكل ممتاز.,2023-11-02 18:37:44
2990,16,8122,193,5,جودة ممتازة والشحن كان سريعاً وسأشتري مجدداً بالتأكيد.,2023-11-22 20:23:45
2991,170,919,34,5,منتج رائع جداً فاق توقعاتي بكل المقاييس. أنصح به بشدة.,2023-02-28 00:06:15
2992,202,4583,42,5,جودة ممتازة والشحن كان سريعاً وسأشتري مجدداً بالتأكيد.,2023-01-29 20:30:33
2993,307,7591,29,5,تجربة شراء رائعة والمنتج وصل بحالة مثالية وبالمواصفات المطلوبة.,2024-06-24 10:36:27
2994,248,6071,2,5,ممتاز جداً ويستحق كل ريال. التغليف أنيق والجودة عالية.,2023-06-12 05:23:45
2995,494,3181,3,5,ممتاز جداً ويستحق كل ريال. التغليف أنيق والجودة عالية.,2023-11-17 00:15:50
2996,377,5159,50,5,أفضل منتج اشتريته منذ فترة طويلة وأنصح الجميع بتجربته.,2024-11-14 08:14:53
2997,274,1134,150,5,منتج رائع جداً فاق توقعاتي بكل المقاييس. أنصح به بشدة.,2023-06-03 04:53:51
2998,190,7977,54,5,منتج رائع جداً فاق توقعاتي بكل المقاييس. أنصح به بشدة.,2024-06-10 07:47:09
2999,11,1748,47,5,أفضل منتج اشتريته منذ فترة طويلة وأنصح الجميع بتجربته.,2023-08-24 10:25:53
3000,234,2799,25,5,جودة ممتازة والشحن كان سريعاً وسأشتري مجدداً بالتأكيد.,2024-03-24 10:22:19
3001,418,2049,103,5,أفضل منتج اشتريته منذ فترة طويلة وأنصح الجميع بتجربته.,2024-04-04 23:03:20
3002,6,4643,179,4,جودة عالية والسعر معقول فقط التغليف كان بسيطاً قليلاً.,2023-12-17 04:25:24
3003,457,1511,51,5,ممتاز جداً ويستحق كل ريال. التغليف أنيق والجودة عالية.,2024-05-10 19:33:06
3004,445,2284,25,5,جودة ممتازة والشحن كان سريعاً وسأشتري مجدداً بالتأكيد.,2024-12-30 17:53:14
3005,210,7054,32,3,المنتج مقبول ولكن يحتاج بعض التحسينات في الجودة.,2023-11-18 02:58:22
3006,10,8337,54,5,جودة ممتازة والشحن كان سريعاً وسأشتري مجدداً بالتأكيد.,2024-01-14 14:43:46
3007,195,7962,100,5,أفضل منتج اشتريته منذ فترة طويلة وأنصح الجميع بتجربته.,2024-03-28 22:52:37
3008,497,9774,46,5,أفضل منتج اشتريته منذ فترة طويلة وأنصح الجميع بتجربته.,2024-05-17 05:41:17
3009,329,5563,10,5,منتج رائع جداً فاق توقعاتي بكل المقاييس. أنصح به بشدة.,2023-12-06 15:26:09
3010,136,2052,32,3,جيد للاستخدام البسيط لكن السعر مرتفع نسبياً لهذه الجودة.,2023-05-20 06:07:33
3011,83,9373,42,5,أفضل منتج اشتريته منذ فترة طويلة وأنصح الجميع بتجربته.,2023-02-05 04:10:25
3012,295,6482,54,5,جودة ممتازة والشحن كان سريعاً وسأشتري مجدداً بالتأكيد.,2023-03-19 07:31:47
3013,435,5018,62,5,ممتاز جداً ويستحق كل ريال. التغليف أنيق والجودة عالية.,2023-06-04 11:27:49
3014,11,3934,38,4,منتج جيد استلمته بسرعة ويعمل بشكل ممتاز.,2024-11-03 01:15:07
3015,281,7710,160,4,منتج جيد استلمته بسرعة ويعمل بشكل ممتاز.,2023-02-13 23:58:51
3016,131,6528,128,4,مطابق للوصف تقريباً والجودة جيدة وسأوصي به لأصدقائي.,2024-06-04 19:06:57
3017,225,8306,53,5,منتج رائع جداً فاق توقعاتي بكل المقاييس. أنصح به بشدة.,2023-05-14 16:24:54
3018,143,1461,37,4,منتج جيد استلمته بسرعة ويعمل بشكل ممتاز.,2024-03-03 22:49:32
3019,147,8563,193,4,جودة عالية والسعر معقول فقط التغليف كان بسيطاً قليلاً.,2024-02-01 06:18:10
3020,60,595,51,5,أفضل منتج اشتريته منذ فترة طويلة وأنصح الجميع بتجربته.,2024-05-01 18:50:20
3021,302,5376,37,5,تجربة شراء رائعة والمنتج وصل بحالة مثالية وبالمواصفات المطلوبة.,2024-01-31 21:00:24
3022,321,4436,71,4,منتج جيد جداً وبسعر مناسب والشحن كان في الموعد.,2023-02-17 20:02:56
3023,386,1553,89,5,أفضل منتج اشتريته منذ فترة طويلة وأنصح الجميع بتجربته.,2023-10-20 01:55:12
3024,271,4495,46,3,متوسط ويؤدي وظيفته لكنه ليس بالجودة التي توقعتها.,2024-09-01 08:06:45
3025,420,7978,43,5,ممتاز جداً ويستحق كل ريال. التغليف أنيق والجودة عالية.,2023-10-02 18:10:55
3026,205,5585,56,4,تجربة جيدة بشكل عام والمنتج يؤدي وظيفته على أكمل وجه.,2024-10-05 18:47:38
3027,33,3278,37,5,جودة ممتازة والشحن كان سريعاً وسأشتري مجدداً بالتأكيد.,2024-01-31 20:56:52
3028,297,2973,177,5,ممتاز جداً ويستحق كل ريال. التغليف أنيق والجودة عالية.,2023-11-18 07:16:00
3029,445,7359,47,4,منتج جيد استلمته بسرعة ويعمل بشكل ممتاز.,2024-03-15 11:47:01
3030,8,2047,32,3,جيد للاستخدام البسيط لكن السعر مرتفع نسبياً لهذه الجودة.,2024-12-26 10:22:19
3031,95,7239,25,5,تجربة شراء رائعة والمنتج وصل بحالة مثالية وبالمواصفات المطلوبة.,2024-03-02 18:47:52
3032,342,8103,26,3,متوسط ويؤدي وظيفته لكنه ليس بالجودة التي توقعتها.,2024-09-29 07:59:56
3033,222,6637,169,5,تجربة شراء رائعة والمنتج وصل بحالة مثالية وبالمواصفات المطلوبة.,2023-09-12 23:21:14
3034,169,315,3,5,منتج رائع جداً فاق توقعاتي بكل المقاييس. أنصح به بشدة.,2024-12-29 09:33:14
3035,13,6353,47,1,أسوأ تجربة شراء والمنتج مختلف تماماً عن الصور والوصف.,2023-12-22 22:35:27
3036,489,6711,48,4,منتج جيد استلمته بسرعة ويعمل بشكل ممتاز.,2024-03-14 07:47:47
3037,400,4753,108,4,تجربة جيدة بشكل عام والمنتج يؤدي وظيفته على أكمل وجه.,2024-04-13 15:44:14
3038,5,5804,46,4,جودة عالية والسعر معقول فقط التغليف كان بسيطاً قليلاً.,2024-02-12 16:27:13
3039,316,1911,10,5,جودة ممتازة والشحن كان سريعاً وسأشتري مجدداً بالتأكيد.,2023-04-06 13:41:30
3040,382,9330,33,4,مطابق للوصف تقريباً والجودة جيدة وسأوصي به لأصدقائي.,2024-02-12 08:58:44
3041,219,3539,160,3,المنتج مقبول ولكن يحتاج بعض التحسينات في الجودة.,2023-09-26 06:01:13
3042,267,3873,38,5,ممتاز جداً ويستحق كل ريال. التغليف أنيق والجودة عالية.,2023-05-31 15:34:31
3043,374,470,8,4,مطابق للوصف تقريباً والجودة جيدة وسأوصي به لأصدقائي.,2023-02-22 20:48:26
3044,107,6032,2,5,أفضل منتج اشتريته منذ فترة طويلة وأنصح الجميع بتجربته.,2023-03-26 01:04:08
3045,278,1282,133,5,جودة ممتازة والشحن كان سريعاً وسأشتري مجدداً بالتأكيد.,2024-04-17 16:06:43
3046,326,7610,70,4,تجربة جيدة بشكل عام والمنتج يؤدي وظيفته على أكمل وجه.,2023-09-05 07:01:08
3047,214,1396,123,2,لم يكن بالجودة المتوقعة وغير مطابق للصور بشكل واضح.,2023-01-30 07:30:14
3048,50,6429,69,5,منتج رائع جداً فاق توقعاتي بكل المقاييس. أنصح به بشدة.,2023-09-25 00:56:14
3049,293,2643,87,5,منتج رائع جداً فاق توقعاتي بكل المقاييس. أنصح به بشدة.,2024-08-16 03:09:57
3050,30,5096,181,4,منتج جيد استلمته بسرعة ويعمل بشكل ممتاز.,2023-12-07 10:14:59
3051,307,4799,34,1,تجربة مروعة ووصل المنتج مكسوراً ومختلفاً عن المواصفات.,2024-11-22 22:27:21
3052,403,3756,3,1,منتج سيء جداً لا أنصح به أبداً. أطلبوا استرداد أموالكم.,2024-04-04 05:49:16
3053,26,7616,29,4,منتج جيد استلمته بسرعة ويعمل بشكل ممتاز.,2024-02-10 05:41:28
3054,143,478,54,4,تجربة جيدة بشكل عام والمنتج يؤدي وظيفته على أكمل وجه.,2023-09-28 02:37:32
3055,82,3334,2,4,جودة عالية والسعر معقول فقط التغليف كان بسيطاً قليلاً.,2023-02-21 06:47:43
3056,322,5273,87,2,لم يكن بالجودة المتوقعة وغير مطابق للصور بشكل واضح.,2023-05-16 23:50:42
3057,393,5532,47,5,تجربة شراء رائعة والمنتج وصل بحالة مثالية وبالمواصفات المطلوبة.,2024-09-21 12:36:56
3058,248,4912,163,5,جودة ممتازة والشحن كان سريعاً وسأشتري مجدداً بالتأكيد.,2023-02-06 20:10:46
3059,485,3151,56,5,جودة ممتازة والشحن كان سريعاً وسأشتري مجدداً بالتأكيد.,2024-05-26 20:37:50
3060,56,1622,1,5,أفضل منتج اشتريته منذ فترة طويلة وأنصح الجميع بتجربته.,2023-03-05 13:51:41
3061,122,2998,53,3,المنتج مقبول ولكن يحتاج بعض التحسينات في الجودة.,2024-11-06 01:18:57
3062,273,4987,54,5,جودة ممتازة والشحن كان سريعاً وسأشتري مجدداً بالتأكيد.,2024-08-14 12:27:28
3063,185,6476,64,4,منتج جيد جداً وبسعر مناسب والشحن كان في الموعد.,2024-03-30 06:17:32
3064,119,2960,33,5,تجربة شراء رائعة والمنتج وصل بحالة مثالية وبالمواصفات المطلوبة.,2023-02-11 16:39:35
3065,445,219,191,5,ممتاز جداً ويستحق كل ريال. التغليف أنيق والجودة عالية.,2024-06-15 14:17:18
3066,11,9156,9,5,تجربة شراء رائعة والمنتج وصل بحالة مثالية وبالمواصفات المطلوبة.,2023-10-20 08:37:29
3067,53,9439,175,4,منتج جيد استلمته بسرعة ويعمل بشكل ممتاز.,2023-07-06 11:33:33
3068,350,4779,131,5,ممتاز جداً ويستحق كل ريال. التغليف أنيق والجودة عالية.,2023-06-10 07:37:40
3069,405,6157,21,5,جودة ممتازة والشحن كان سريعاً وسأشتري مجدداً بالتأكيد.,2023-07-18 18:23:23
3070,19,8816,4,3,جيد للاستخدام البسيط لكن السعر مرتفع نسبياً لهذه الجودة.,2023-10-21 01:46:37
3071,206,9284,54,4,تجربة جيدة بشكل عام والمنتج يؤدي وظيفته على أكمل وجه.,2023-07-18 06:45:50
3072,175,483,32,3,متوسط ويؤدي وظيفته لكنه ليس بالجودة التي توقعتها.,2023-08-18 05:47:29
3073,336,6391,7,4,منتج جيد جداً وبسعر مناسب والشحن كان في الموعد.,2024-09-08 20:57:55
3074,27,4421,130,4,مطابق للوصف تقريباً والجودة جيدة وسأوصي به لأصدقائي.,2023-11-23 08:21:52
3075,442,9753,41,1,تجربة مروعة ووصل المنتج مكسوراً ومختلفاً عن المواصفات.,2023-11-30 00:32:36
3076,181,3527,38,5,جودة ممتازة والشحن كان سريعاً وسأشتري مجدداً بالتأكيد.,2024-07-20 05:56:03
3077,424,4730,2,4,منتج جيد جداً وبسعر مناسب والشحن كان في الموعد.,2023-10-26 12:43:53
3078,170,3248,109,5,أفضل منتج اشتريته منذ فترة طويلة وأنصح الجميع بتجربته.,2024-08-27 09:58:44
3079,265,7365,145,4,مطابق للوصف تقريباً والجودة جيدة وسأوصي به لأصدقائي.,2024-01-24 18:57:55
3080,455,8655,28,4,منتج جيد جداً وبسعر مناسب والشحن كان في الموعد.,2024-02-22 13:17:05
3081,9,9746,41,4,منتج جيد استلمته بسرعة ويعمل بشكل ممتاز.,2024-03-10 19:24:36
3082,267,2459,26,3,المنتج مقبول لكن هناك بدائل أفضل بنفس السعر في السوق.,2024-10-25 16:52:58
3083,493,5426,131,5,أفضل منتج اشتريته منذ فترة طويلة وأنصح الجميع بتجربته.,2024-06-16 20:39:22
3084,333,4934,31,5,جودة ممتازة والشحن كان سريعاً وسأشتري مجدداً بالتأكيد.,2024-01-14 11:04:25
3085,374,2368,34,3,المنتج مقبول لكن هناك بدائل أفضل بنفس السعر في السوق.,2023-08-23 04:06:25
3086,140,4750,51,4,جودة عالية والسعر معقول فقط التغليف كان بسيطاً قليلاً.,2024-06-27 07:05:10
3087,407,7804,35,5,أفضل منتج اشتريته منذ فترة طويلة وأنصح الجميع بتجربته.,2023-03-28 18:22:52
3088,53,7786,54,1,أسوأ تجربة شراء والمنتج مختلف تماماً عن الصور والوصف.,2024-05-10 11:52:16
3089,394,2939,9,4,منتج جيد استلمته بسرعة ويعمل بشكل ممتاز.,2023-02-04 01:39:04
3090,347,4992,172,3,التوصيل كان متأخراً وتغليف المنتج جاء مجعّداً قليلاً.,2023-12-30 21:16:40
3091,252,7890,110,1,لا يستحق حتى نجمة واحدة وجودة رديئة جداً مع سعر مرتفع.,2023-09-03 11:37:43
3092,60,3434,9,4,منتج جيد جداً وبسعر مناسب والشحن كان في الموعد.,2023-05-31 02:59:47
3093,160,4274,51,4,جودة عالية والسعر معقول فقط التغليف كان بسيطاً قليلاً.,2024-07-06 05:42:21
3094,336,8494,170,5,جودة ممتازة والشحن كان سريعاً وسأشتري مجدداً بالتأكيد.,2025-01-04 04:40:32
3095,436,726,32,5,جودة ممتازة والشحن كان سريعاً وسأشتري مجدداً بالتأكيد.,2024-07-27 14:42:26
3096,226,6783,33,4,تجربة جيدة بشكل عام والمنتج يؤدي وظيفته على أكمل وجه.,2024-12-02 00:25:45
3097,134,9123,162,4,جودة عالية والسعر معقول فقط التغليف كان بسيطاً قليلاً.,2024-06-04 23:04:38
3098,340,9988,143,5,جودة ممتازة والشحن كان سريعاً وسأشتري مجدداً بالتأكيد.,2023-08-20 22:55:59
3099,426,24,99,1,المنتج لا يعمل من الأساس وتواصلت مع الدعم ولم يتجاوبوا.,2024-05-16 18:05:05
3100,203,5241,53,5,منتج رائع جداً فاق توقعاتي بكل المقاييس. أنصح به بشدة.,2023-12-08 10:34:12
3101,113,7855,56,5,منتج رائع جداً فاق توقعاتي بكل المقاييس. أنصح به بشدة.,2023-04-20 13:34:30
3102,46,8400,28,4,جودة عالية والسعر معقول فقط التغليف كان بسيطاً قليلاً.,2024-01-19 04:07:18
3103,55,1072,6,4,تجربة جيدة بشكل عام والمنتج يؤدي وظيفته على أكمل وجه.,2023-11-25 16:24:24
3104,392,9149,10,3,المنتج مقبول ولكن يحتاج بعض التحسينات في الجودة.,2023-05-03 23:39:37
3105,235,5345,21,3,المنتج مقبول ولكن يحتاج بعض التحسينات في الجودة.,2024-06-18 01:52:07
3106,477,9227,32,5,ممتاز جداً ويستحق كل ريال. التغليف أنيق والجودة عالية.,2023-07-06 16:46:53
3107,222,7702,50,5,ممتاز جداً ويستحق كل ريال. التغليف أنيق والجودة عالية.,2023-12-04 16:52:06
3108,75,8791,10,4,تجربة جيدة بشكل عام والمنتج يؤدي وظيفته على أكمل وجه.,2024-02-12 01:06:46
3109,45,1916,190,5,جودة ممتازة والشحن كان سريعاً وسأشتري مجدداً بالتأكيد.,2024-06-10 20:03:35
3110,130,4364,190,4,مطابق للوصف تقريباً والجودة جيدة وسأوصي به لأصدقائي.,2023-02-23 18:27:49
3111,354,1183,34,4,منتج جيد جداً وبسعر مناسب والشحن كان في الموعد.,2024-11-22 05:28:42
3112,211,1722,2,2,التغليف كان سيئاً والمنتج تعرّض لأضرار أثناء الشحن.,2024-06-28 05:16:58
3113,402,6983,54,4,منتج جيد استلمته بسرعة ويعمل بشكل ممتاز.,2023-01-26 02:02:41
3114,302,5376,32,5,أفضل منتج اشتريته منذ فترة طويلة وأنصح الجميع بتجربته.,2024-01-29 17:00:24
3115,92,9042,46,5,تجربة شراء رائعة والمنتج وصل بحالة مثالية وبالمواصفات المطلوبة.,2024-07-10 11:57:48
3116,366,306,172,5,جودة ممتازة والشحن كان سريعاً وسأشتري مجدداً بالتأكيد.,2023-11-19 14:39:37
3117,458,5790,42,4,جودة عالية والسعر معقول فقط التغليف كان بسيطاً قليلاً.,2023-09-06 15:24:19
3118,421,5669,63,4,جودة عالية والسعر معقول فقط التغليف كان بسيطاً قليلاً.,2023-02-14 08:48:16
3119,194,7612,54,5,تجربة شراء رائعة والمنتج وصل بحالة مثالية وبالمواصفات المطلوبة.,2023-01-24 19:00:43
3120,302,5930,31,4,منتج جيد استلمته بسرعة ويعمل بشكل ممتاز.,2023-03-19 08:30:08
3121,303,7320,38,2,خيّبت الآمال والمنتج لا يشبه الوصف ولا الصور المعروضة.,2023-06-08 10:52:03
3122,67,8916,9,5,أفضل منتج اشتريته منذ فترة طويلة وأنصح الجميع بتجربته.,2024-11-01 04:39:46
3123,474,8240,28,4,جودة عالية والسعر معقول فقط التغليف كان بسيطاً قليلاً.,2024-02-11 03:19:07
3124,186,1580,19,4,منتج جيد جداً وبسعر مناسب والشحن كان في الموعد.,2023-11-14 04:45:51
3125,55,1105,28,4,جودة عالية والسعر معقول فقط التغليف كان بسيطاً قليلاً.,2024-04-24 08:22:03
3126,196,926,88,5,ممتاز جداً ويستحق كل ريال. التغليف أنيق والجودة عالية.,2024-05-18 21:27:59
3127,442,8437,136,3,متوسط ويؤدي وظيفته لكنه ليس بالجودة التي توقعتها.,2023-03-31 01:49:59
3128,96,1884,2,4,مطابق للوصف تقريباً والجودة جيدة وسأوصي به لأصدقائي.,2024-03-09 18:46:12
3129,245,4301,47,4,منتج جيد جداً وبسعر مناسب والشحن كان في الموعد.,2024-02-24 10:27:11
3130,331,9776,3,4,منتج جيد جداً وبسعر مناسب والشحن كان في الموعد.,2023-06-26 22:29:57
3131,103,5017,47,5,أفضل منتج اشتريته منذ فترة طويلة وأنصح الجميع بتجربته.,2024-12-13 07:01:02
3132,492,907,19,4,مطابق للوصف تقريباً والجودة جيدة وسأوصي به لأصدقائي.,2024-10-27 18:14:39
3133,279,5934,4,4,جودة عالية والسعر معقول فقط التغليف كان بسيطاً قليلاً.,2023-11-23 00:20:47
3134,392,523,2,4,مطابق للوصف تقريباً والجودة جيدة وسأوصي به لأصدقائي.,2024-05-03 14:17:07
3135,471,6705,3,5,تجربة شراء رائعة والمنتج وصل بحالة مثالية وبالمواصفات المطلوبة.,2023-08-13 16:00:47
3136,234,2799,28,5,أفضل منتج اشتريته منذ فترة طويلة وأنصح الجميع بتجربته.,2024-03-24 01:22:19
3137,291,649,39,5,منتج رائع جداً فاق توقعاتي بكل المقاييس. أنصح به بشدة.,2024-02-12 02:42:57
3138,350,8519,49,5,جودة ممتازة والشحن كان سريعاً وسأشتري مجدداً بالتأكيد.,2023-11-10 03:58:06
3139,475,3369,83,5,تجربة شراء رائعة والمنتج وصل بحالة مثالية وبالمواصفات المطلوبة.,2024-11-01 20:52:18
3140,280,2667,115,5,أفضل منتج اشتريته منذ فترة طويلة وأنصح الجميع بتجربته.,2023-08-03 14:26:13
3141,184,3736,41,3,التوصيل كان متأخراً وتغليف المنتج جاء مجعّداً قليلاً.,2023-07-31 06:21:15
3142,380,6701,126,5,ممتاز جداً ويستحق كل ريال. التغليف أنيق والجودة عالية.,2024-08-07 22:58:39
3143,375,4605,48,4,منتج جيد جداً وبسعر مناسب والشحن كان في الموعد.,2023-11-01 23:28:13
3144,46,8269,92,5,أفضل منتج اشتريته منذ فترة طويلة وأنصح الجميع بتجربته.,2023-08-02 09:13:23
3145,311,2480,183,5,أفضل منتج اشتريته منذ فترة طويلة وأنصح الجميع بتجربته.,2023-11-06 06:22:06
3146,72,4501,10,4,منتج جيد استلمته بسرعة ويعمل بشكل ممتاز.,2023-04-01 21:22:05
3147,285,8176,48,4,جودة عالية والسعر معقول فقط التغليف كان بسيطاً قليلاً.,2023-06-02 22:40:52
3148,465,1755,35,1,لا يستحق حتى نجمة واحدة وجودة رديئة جداً مع سعر مرتفع.,2024-11-21 02:32:21
3149,56,2388,151,4,جودة عالية والسعر معقول فقط التغليف كان بسيطاً قليلاً.,2024-04-11 05:22:38
3150,425,5909,64,5,منتج رائع جداً فاق توقعاتي بكل المقاييس. أنصح به بشدة.,2023-03-13 21:58:11
3151,142,5572,6,3,التوصيل كان متأخراً وتغليف المنتج جاء مجعّداً قليلاً.,2024-05-25 16:37:13
3152,388,8083,34,4,جودة عالية والسعر معقول فقط التغليف كان بسيطاً قليلاً.,2024-12-11 12:07:46
3153,13,4096,5,3,المنتج مقبول ولكن يحتاج بعض التحسينات في الجودة.,2023-06-27 18:10:51
3154,132,6119,35,4,مطابق للوصف تقريباً والجودة جيدة وسأوصي به لأصدقائي.,2024-11-06 21:22:59
3155,205,1781,6,4,تجربة جيدة بشكل عام والمنتج يؤدي وظيفته على أكمل وجه.,2023-01-12 14:44:52
3156,378,2421,38,5,ممتاز جداً ويستحق كل ريال. التغليف أنيق والجودة عالية.,2023-04-20 03:48:50
3157,439,8281,162,1,أسوأ تجربة شراء والمنتج مختلف تماماً عن الصور والوصف.,2024-05-02 21:18:39
3158,1,9057,41,5,أفضل منتج اشتريته منذ فترة طويلة وأنصح الجميع بتجربته.,2023-11-02 16:10:38
3159,440,9465,4,4,منتج جيد استلمته بسرعة ويعمل بشكل ممتاز.,2023-03-09 03:24:57
3160,200,9997,129,3,التوصيل كان متأخراً وتغليف المنتج جاء مجعّداً قليلاً.,2023-02-03 16:44:33
3161,492,5832,23,3,التوصيل كان متأخراً وتغليف المنتج جاء مجعّداً قليلاً.,2023-05-28 03:31:50
3162,275,7972,32,5,ممتاز جداً ويستحق كل ريال. التغليف أنيق والجودة عالية.,2024-03-17 10:28:58
3163,481,9475,77,1,لا يستحق حتى نجمة واحدة وجودة رديئة جداً مع سعر مرتفع.,2023-09-30 21:20:32
3164,346,3676,107,4,تجربة جيدة بشكل عام والمنتج يؤدي وظيفته على أكمل وجه.,2024-04-10 06:19:43
3165,129,9409,28,3,جيد للاستخدام البسيط لكن السعر مرتفع نسبياً لهذه الجودة.,2023-05-24 13:59:22
3166,61,7091,95,5,منتج رائع جداً فاق توقعاتي بكل المقاييس. أنصح به بشدة.,2023-09-23 07:51:38
3167,10,936,46,4,منتج جيد استلمته بسرعة ويعمل بشكل ممتاز.,2024-08-28 04:38:42
3168,321,2653,175,4,منتج جيد استلمته بسرعة ويعمل بشكل ممتاز.,2023-04-17 19:57:47
3169,17,7674,41,4,منتج جيد استلمته بسرعة ويعمل بشكل ممتاز.,2023-05-03 13:36:59
3170,54,1952,24,4,جودة عالية والسعر معقول فقط التغليف كان بسيطاً قليلاً.,2024-04-15 19:03:51
3171,254,1524,43,2,المنتج لم يعمل بشكل صحيح من اليوم الأول وطلبت الإرجاع.,2024-12-05 06:02:14
3172,345,1055,71,4,جودة عالية والسعر معقول فقط التغليف كان بسيطاً قليلاً.,2023-08-21 06:55:27
3173,487,596,46,5,ممتاز جداً ويستحق كل ريال. التغليف أنيق والجودة عالية.,2023-02-25 03:55:46
3174,417,9210,35,5,أفضل منتج اشتريته منذ فترة طويلة وأنصح الجميع بتجربته.,2023-09-17 01:03:55
3175,226,9531,39,5,ممتاز جداً ويستحق كل ريال. التغليف أنيق والجودة عالية.,2024-08-29 10:50:39
3176,37,8787,9,5,ممتاز جداً ويستحق كل ريال. التغليف أنيق والجودة عالية.,2024-05-17 06:07:03
3177,222,5586,42,3,جيد للاستخدام البسيط لكن السعر مرتفع نسبياً لهذه الجودة.,2023-12-16 23:01:48
3178,24,4243,41,5,تجربة شراء رائعة والمنتج وصل بحالة مثالية وبالمواصفات المطلوبة.,2024-06-12 15:00:08
3179,8,7078,54,5,تجربة شراء رائعة والمنتج وصل بحالة مثالية وبالمواصفات المطلوبة.,2024-02-24 03:10:37
3180,203,7731,71,5,جودة ممتازة والشحن كان سريعاً وسأشتري مجدداً بالتأكيد.,2024-09-08 08:11:49
3181,424,1659,120,4,منتج جيد جداً وبسعر مناسب والشحن كان في الموعد.,2024-12-15 11:22:30
3182,456,366,37,5,أفضل منتج اشتريته منذ فترة طويلة وأنصح الجميع بتجربته.,2024-02-10 01:58:33
3183,357,3471,6,5,منتج رائع جداً فاق توقعاتي بكل المقاييس. أنصح به بشدة.,2024-05-19 15:12:49
3184,371,6855,41,3,المنتج مقبول ولكن يحتاج بعض التحسينات في الجودة.,2024-09-27 09:14:55
3185,6,3078,149,5,ممتاز جداً ويستحق كل ريال. التغليف أنيق والجودة عالية.,2024-10-21 08:26:24
3186,296,1480,151,4,مطابق للوصف تقريباً والجودة جيدة وسأوصي به لأصدقائي.,2024-01-07 15:10:20
3187,435,8049,51,3,التوصيل كان متأخراً وتغليف المنتج جاء مجعّداً قليلاً.,2023-06-14 14:36:11
3188,164,1093,56,5,جودة ممتازة والشحن كان سريعاً وسأشتري مجدداً بالتأكيد.,2024-06-15 19:58:00
3189,424,1872,6,5,جودة ممتازة والشحن كان سريعاً وسأشتري مجدداً بالتأكيد.,2023-08-06 00:22:28
3190,374,6564,41,5,جودة ممتازة والشحن كان سريعاً وسأشتري مجدداً بالتأكيد.,2024-02-28 12:23:21
3191,349,6752,99,5,منتج رائع جداً فاق توقعاتي بكل المقاييس. أنصح به بشدة.,2024-06-20 03:54:52
3192,332,762,32,4,منتج جيد جداً وبسعر مناسب والشحن كان في الموعد.,2023-10-01 01:49:00
3193,94,1032,6,4,تجربة جيدة بشكل عام والمنتج يؤدي وظيفته على أكمل وجه.,2023-04-10 14:34:09
3194,454,4158,39,5,منتج رائع جداً فاق توقعاتي بكل المقاييس. أنصح به بشدة.,2024-01-24 09:56:10
3195,444,2614,34,5,تجربة شراء رائعة والمنتج وصل بحالة مثالية وبالمواصفات المطلوبة.,2024-05-12 12:28:16
3196,254,8026,157,5,ممتاز جداً ويستحق كل ريال. التغليف أنيق والجودة عالية.,2024-02-17 11:44:49
3197,189,4765,167,3,جيد للاستخدام البسيط لكن السعر مرتفع نسبياً لهذه الجودة.,2024-04-14 02:12:22
3198,337,5190,3,4,منتج جيد جداً وبسعر مناسب والشحن كان في الموعد.,2024-07-07 02:18:10
3199,37,5122,39,5,أفضل منتج اشتريته منذ فترة طويلة وأنصح الجميع بتجربته.,2024-11-21 18:26:10
3200,81,3505,6,5,تجربة شراء رائعة والمنتج وصل بحالة مثالية وبالمواصفات المطلوبة.,2023-04-28 06:24:24
3201,160,2529,48,5,أفضل منتج اشتريته منذ فترة طويلة وأنصح الجميع بتجربته.,2023-02-27 10:04:15
3202,192,4668,26,2,لم يكن بالجودة المتوقعة وغير مطابق للصور بشكل واضح.,2023-12-18 03:50:29
3203,142,2484,107,5,منتج رائع جداً فاق توقعاتي بكل المقاييس. أنصح به بشدة.,2024-11-04 12:10:59
3204,216,3995,38,5,منتج رائع جداً فاق توقعاتي بكل المقاييس. أنصح به بشدة.,2023-11-20 22:21:28
3205,236,1625,54,5,تجربة شراء رائعة والمنتج وصل بحالة مثالية وبالمواصفات المطلوبة.,2023-11-28 03:11:51
3206,109,6961,64,5,ممتاز جداً ويستحق كل ريال. التغليف أنيق والجودة عالية.,2024-05-04 15:36:36
3207,35,9245,153,5,جودة ممتازة والشحن كان سريعاً وسأشتري مجدداً بالتأكيد.,2023-05-29 12:21:23
3208,423,3393,9,4,جودة عالية والسعر معقول فقط التغليف كان بسيطاً قليلاً.,2023-06-29 22:18:20
3209,163,6789,134,4,مطابق للوصف تقريباً والجودة جيدة وسأوصي به لأصدقائي.,2024-06-18 12:07:38
3210,106,9108,26,4,مطابق للوصف تقريباً والجودة جيدة وسأوصي به لأصدقائي.,2024-06-09 18:18:50
3211,352,6638,38,2,التغليف كان سيئاً والمنتج تعرّض لأضرار أثناء الشحن.,2024-09-03 04:54:13
3212,239,140,87,5,أفضل منتج اشتريته منذ فترة طويلة وأنصح الجميع بتجربته.,2024-02-26 20:28:14
3213,46,8400,25,5,جودة ممتازة والشحن كان سريعاً وسأشتري مجدداً بالتأكيد.,2024-01-21 03:07:18
3214,393,8933,1,4,تجربة جيدة بشكل عام والمنتج يؤدي وظيفته على أكمل وجه.,2024-08-31 10:39:30
3215,108,1818,31,4,مطابق للوصف تقريباً والجودة جيدة وسأوصي به لأصدقائي.,2023-06-26 06:59:20
3216,290,5707,51,1,أسوأ تجربة شراء والمنتج مختلف تماماً عن الصور والوصف.,2023-10-08 08:59:11
3217,123,1546,172,5,تجربة شراء رائعة والمنتج وصل بحالة مثالية وبالمواصفات المطلوبة.,2024-11-01 06:55:46
3218,7,3640,2,5,تجربة شراء رائعة والمنتج وصل بحالة مثالية وبالمواصفات المطلوبة.,2024-08-24 00:16:23
3219,173,4706,106,5,جودة ممتازة والشحن كان سريعاً وسأشتري مجدداً بالتأكيد.,2023-12-14 14:28:54
3220,433,9517,115,4,منتج جيد استلمته بسرعة ويعمل بشكل ممتاز.,2023-02-08 13:37:55
3221,368,6308,1,5,أفضل منتج اشتريته منذ فترة طويلة وأنصح الجميع بتجربته.,2024-04-21 12:46:37
3222,190,2057,54,5,تجربة شراء رائعة والمنتج وصل بحالة مثالية وبالمواصفات المطلوبة.,2023-05-02 02:15:11
3223,456,719,52,1,لا يستحق حتى نجمة واحدة وجودة رديئة جداً مع سعر مرتفع.,2023-01-15 19:31:48
3224,271,3695,26,5,أفضل منتج اشتريته منذ فترة طويلة وأنصح الجميع بتجربته.,2024-02-10 21:37:03
3225,260,4374,160,4,منتج جيد جداً وبسعر مناسب والشحن كان في الموعد.,2024-08-04 08:10:53
3226,259,6033,70,4,مطابق للوصف تقريباً والجودة جيدة وسأوصي به لأصدقائي.,2023-04-11 01:18:30
3227,431,7155,3,3,متوسط ويؤدي وظيفته لكنه ليس بالجودة التي توقعتها.,2024-04-04 21:46:50
3228,110,4685,14,5,تجربة شراء رائعة والمنتج وصل بحالة مثالية وبالمواصفات المطلوبة.,2024-01-19 21:04:33
3229,278,838,164,4,جودة عالية والسعر معقول فقط التغليف كان بسيطاً قليلاً.,2024-05-11 09:50:20
3230,186,709,1,1,لا يستحق حتى نجمة واحدة وجودة رديئة جداً مع سعر مرتفع.,2023-11-04 13:30:09
3231,308,683,92,5,ممتاز جداً ويستحق كل ريال. التغليف أنيق والجودة عالية.,2023-11-05 11:20:06
3232,17,5028,3,5,أفضل منتج اشتريته منذ فترة طويلة وأنصح الجميع بتجربته.,2024-12-02 20:16:43
3233,188,3961,199,5,تجربة شراء رائعة والمنتج وصل بحالة مثالية وبالمواصفات المطلوبة.,2024-04-19 14:51:26
3234,248,3728,171,2,لم يكن بالجودة المتوقعة وغير مطابق للصور بشكل واضح.,2024-11-04 02:19:51
3235,82,7983,35,4,منتج جيد جداً وبسعر مناسب والشحن كان في الموعد.,2024-09-08 14:06:05
3236,2,6108,80,4,منتج جيد جداً وبسعر مناسب والشحن كان في الموعد.,2024-03-31 13:11:13
3237,491,7908,9,5,منتج رائع جداً فاق توقعاتي بكل المقاييس. أنصح به بشدة.,2023-09-20 21:17:19
3238,383,3878,46,3,المنتج مقبول لكن هناك بدائل أفضل بنفس السعر في السوق.,2024-11-14 12:57:46
3239,41,9563,177,4,مطابق للوصف تقريباً والجودة جيدة وسأوصي به لأصدقائي.,2023-02-13 11:02:57
3240,89,5619,2,5,منتج رائع جداً فاق توقعاتي بكل المقاييس. أنصح به بشدة.,2023-05-02 17:18:19
3241,295,3635,163,4,منتج جيد جداً وبسعر مناسب والشحن كان في الموعد.,2023-04-18 02:49:17
3242,160,3784,4,5,تجربة شراء رائعة والمنتج وصل بحالة مثالية وبالمواصفات المطلوبة.,2023-03-11 10:28:37
3243,357,2122,41,5,منتج رائع جداً فاق توقعاتي بكل المقاييس. أنصح به بشدة.,2024-08-03 07:37:21
3244,169,294,125,3,التوصيل كان متأخراً وتغليف المنتج جاء مجعّداً قليلاً.,2023-06-21 16:09:52
3245,165,6660,34,3,التوصيل كان متأخراً وتغليف المنتج جاء مجعّداً قليلاً.,2024-04-09 10:26:28
3246,133,1362,42,3,التوصيل كان متأخراً وتغليف المنتج جاء مجعّداً قليلاً.,2024-07-31 04:47:53
3247,248,1865,50,5,جودة ممتازة والشحن كان سريعاً وسأشتري مجدداً بالتأكيد.,2023-09-11 08:39:59
3248,155,6288,38,4,منتج جيد استلمته بسرعة ويعمل بشكل ممتاز.,2024-12-02 13:55:11
3249,121,8054,10,5,أفضل منتج اشتريته منذ فترة طويلة وأنصح الجميع بتجربته.,2025-01-02 07:12:41
3250,405,1345,10,4,منتج جيد استلمته بسرعة ويعمل بشكل ممتاز.,2024-10-04 19:51:40
3251,50,5903,33,5,منتج رائع جداً فاق توقعاتي بكل المقاييس. أنصح به بشدة.,2023-09-02 20:29:48
3252,359,542,35,4,منتج جيد جداً وبسعر مناسب والشحن كان في الموعد.,2023-09-11 15:56:01
3253,156,4573,42,5,تجربة شراء رائعة والمنتج وصل بحالة مثالية وبالمواصفات المطلوبة.,2024-05-30 04:07:37
3254,197,9081,3,5,ممتاز جداً ويستحق كل ريال. التغليف أنيق والجودة عالية.,2024-11-05 05:34:20
3255,388,6582,81,4,منتج جيد جداً وبسعر مناسب والشحن كان في الموعد.,2023-10-29 11:22:27
3256,48,8792,4,3,المنتج مقبول ولكن يحتاج بعض التحسينات في الجودة.,2024-11-25 19:56:20
3257,121,6442,5,5,جودة ممتازة والشحن كان سريعاً وسأشتري مجدداً بالتأكيد.,2023-01-30 23:45:39
3258,81,1498,115,5,أفضل منتج اشتريته منذ فترة طويلة وأنصح الجميع بتجربته.,2023-05-02 23:07:54
3259,495,9028,51,4,تجربة جيدة بشكل عام والمنتج يؤدي وظيفته على أكمل وجه.,2023-02-26 12:56:52
3260,119,4144,12,3,التوصيل كان متأخراً وتغليف المنتج جاء مجعّداً قليلاً.,2024-09-12 03:52:10
3261,292,4345,28,5,تجربة شراء رائعة والمنتج وصل بحالة مثالية وبالمواصفات المطلوبة.,2023-04-08 11:27:56
3262,2,8133,28,4,جودة عالية والسعر معقول فقط التغليف كان بسيطاً قليلاً.,2023-02-08 02:57:42
3263,123,5007,42,4,منتج جيد استلمته بسرعة ويعمل بشكل ممتاز.,2024-08-15 02:34:34
3264,479,9296,32,4,مطابق للوصف تقريباً والجودة جيدة وسأوصي به لأصدقائي.,2024-11-19 22:00:14
3265,14,9679,37,5,أفضل منتج اشتريته منذ فترة طويلة وأنصح الجميع بتجربته.,2023-08-12 07:56:49
3266,26,7384,47,3,جيد للاستخدام البسيط لكن السعر مرتفع نسبياً لهذه الجودة.,2023-02-22 02:42:50
3267,199,5068,31,4,منتج جيد جداً وبسعر مناسب والشحن كان في الموعد.,2023-11-03 00:16:41
3268,238,3454,3,5,منتج رائع جداً فاق توقعاتي بكل المقاييس. أنصح به بشدة.,2023-07-31 16:46:23
3269,342,9213,29,5,أفضل منتج اشتريته منذ فترة طويلة وأنصح الجميع بتجربته.,2023-08-04 14:43:09
3270,481,2672,26,4,منتج جيد جداً وبسعر مناسب والشحن كان في الموعد.,2023-12-09 15:13:25
3271,140,6779,32,4,منتج جيد استلمته بسرعة ويعمل بشكل ممتاز.,2024-11-10 20:10:23
3272,223,9021,167,5,أفضل منتج اشتريته منذ فترة طويلة وأنصح الجميع بتجربته.,2024-12-29 13:21:04
3273,271,7456,9,5,تجربة شراء رائعة والمنتج وصل بحالة مثالية وبالمواصفات المطلوبة.,2023-05-15 00:31:40
3274,407,9624,10,2,لم يكن بالجودة المتوقعة وغير مطابق للصور بشكل واضح.,2024-06-02 17:42:39
3275,380,5416,38,5,تجربة شراء رائعة والمنتج وصل بحالة مثالية وبالمواصفات المطلوبة.,2024-02-27 03:53:27
3276,223,9353,31,4,مطابق للوصف تقريباً والجودة جيدة وسأوصي به لأصدقائي.,2023-04-17 22:46:30
3277,184,1985,35,4,مطابق للوصف تقريباً والجودة جيدة وسأوصي به لأصدقائي.,2024-06-02 15:27:24
3278,497,2227,150,4,تجربة جيدة بشكل عام والمنتج يؤدي وظيفته على أكمل وجه.,2024-04-05 07:39:17
3279,285,2446,37,5,جودة ممتازة والشحن كان سريعاً وسأشتري مجدداً بالتأكيد.,2023-07-05 03:08:41
3280,11,9800,11,5,ممتاز جداً ويستحق كل ريال. التغليف أنيق والجودة عالية.,2023-02-06 18:46:30
3281,96,1297,25,5,جودة ممتازة والشحن كان سريعاً وسأشتري مجدداً بالتأكيد.,2025-01-09 10:22:23
3282,18,2245,10,5,تجربة شراء رائعة والمنتج وصل بحالة مثالية وبالمواصفات المطلوبة.,2023-12-10 19:15:14
3283,468,8376,46,5,أفضل منتج اشتريته منذ فترة طويلة وأنصح الجميع بتجربته.,2024-02-13 07:54:58
3284,423,5131,39,5,أفضل منتج اشتريته منذ فترة طويلة وأنصح الجميع بتجربته.,2023-08-08 20:04:21
3285,478,1376,28,4,مطابق للوصف تقريباً والجودة جيدة وسأوصي به لأصدقائي.,2023-02-25 23:02:28
3286,119,868,4,5,منتج رائع جداً فاق توقعاتي بكل المقاييس. أنصح به بشدة.,2023-04-19 17:29:04
3287,369,5277,32,4,منتج جيد استلمته بسرعة ويعمل بشكل ممتاز.,2024-09-26 16:45:00
3288,17,9806,2,5,جودة ممتازة والشحن كان سريعاً وسأشتري مجدداً بالتأكيد.,2023-09-26 09:34:43
3289,473,9096,34,5,منتج رائع جداً فاق توقعاتي بكل المقاييس. أنصح به بشدة.,2024-12-17 03:36:03
3290,78,1438,77,4,مطابق للوصف تقريباً والجودة جيدة وسأوصي به لأصدقائي.,2023-05-16 00:28:52
3291,450,6772,41,4,منتج جيد استلمته بسرعة ويعمل بشكل ممتاز.,2024-06-03 23:32:16
3292,39,5270,41,5,أفضل منتج اشتريته منذ فترة طويلة وأنصح الجميع بتجربته.,2024-04-19 12:48:54
3293,395,1519,48,4,منتج جيد جداً وبسعر مناسب والشحن كان في الموعد.,2024-07-18 13:01:16
3294,387,1566,53,5,جودة ممتازة والشحن كان سريعاً وسأشتري مجدداً بالتأكيد.,2023-05-08 18:45:09
3295,471,7862,139,4,منتج جيد جداً وبسعر مناسب والشحن كان في الموعد.,2023-04-14 06:28:51
3296,219,929,6,4,منتج جيد استلمته بسرعة ويعمل بشكل ممتاز.,2023-11-03 23:09:47
3297,14,102,53,1,أسوأ تجربة شراء والمنتج مختلف تماماً عن الصور والوصف.,2023-07-07 01:22:15
3298,148,4498,31,2,خيّبت الآمال والمنتج لا يشبه الوصف ولا الصور المعروضة.,2024-02-08 16:35:39
3299,344,2406,77,4,منتج جيد جداً وبسعر مناسب والشحن كان في الموعد.,2023-10-06 18:26:11
3300,329,923,23,2,التغليف كان سيئاً والمنتج تعرّض لأضرار أثناء الشحن.,2024-04-14 20:55:15
3301,23,8579,47,4,جودة عالية والسعر معقول فقط التغليف كان بسيطاً قليلاً.,2023-08-20 22:50:43
3302,131,3146,101,5,أفضل منتج اشتريته منذ فترة طويلة وأنصح الجميع بتجربته.,2023-08-16 13:19:20
3303,156,8976,123,1,أسوأ تجربة شراء والمنتج مختلف تماماً عن الصور والوصف.,2023-12-21 20:22:17
3304,403,4198,46,4,مطابق للوصف تقريباً والجودة جيدة وسأوصي به لأصدقائي.,2024-03-04 00:31:51
3305,329,3821,3,2,جودة ضعيفة للأسف ولن أشتري من هذا البائع مرة أخرى.,2024-02-01 21:00:25
3306,302,5055,2,5,ممتاز جداً ويستحق كل ريال. التغليف أنيق والجودة عالية.,2024-04-06 06:58:07
3307,117,5569,31,5,ممتاز جداً ويستحق كل ريال. التغليف أنيق والجودة عالية.,2023-03-08 00:11:56
3308,80,3308,26,5,منتج رائع جداً فاق توقعاتي بكل المقاييس. أنصح به بشدة.,2023-03-11 04:38:25
3309,462,5716,31,4,منتج جيد جداً وبسعر مناسب والشحن كان في الموعد.,2023-09-26 05:33:07
3310,496,8302,148,5,جودة ممتازة والشحن كان سريعاً وسأشتري مجدداً بالتأكيد.,2023-12-13 01:42:41
3311,5,5804,48,5,منتج رائع جداً فاق توقعاتي بكل المقاييس. أنصح به بشدة.,2024-02-18 16:27:13
3312,271,7072,50,5,تجربة شراء رائعة والمنتج وصل بحالة مثالية وبالمواصفات المطلوبة.,2023-02-09 08:11:42
3313,105,7163,47,3,المنتج مقبول لكن هناك بدائل أفضل بنفس السعر في السوق.,2023-03-06 06:26:53
3314,267,7291,25,5,تجربة شراء رائعة والمنتج وصل بحالة مثالية وبالمواصفات المطلوبة.,2023-04-07 00:52:38
3315,270,3752,41,5,تجربة شراء رائعة والمنتج وصل بحالة مثالية وبالمواصفات المطلوبة.,2024-12-26 23:21:27
3316,133,9007,47,1,منتج سيء جداً لا أنصح به أبداً. أطلبوا استرداد أموالكم.,2024-12-01 01:43:28
3317,339,8896,2,5,جودة ممتازة والشحن كان سريعاً وسأشتري مجدداً بالتأكيد.,2024-02-12 13:49:41
3318,331,195,6,5,ممتاز جداً ويستحق كل ريال. التغليف أنيق والجودة عالية.,2024-12-27 10:11:41
3319,212,9000,94,5,أفضل منتج اشتريته منذ فترة طويلة وأنصح الجميع بتجربته.,2023-04-06 10:25:23
3320,267,146,34,4,تجربة جيدة بشكل عام والمنتج يؤدي وظيفته على أكمل وجه.,2023-11-19 23:43:26
3321,363,346,58,4,منتج جيد استلمته بسرعة ويعمل بشكل ممتاز.,2024-06-18 01:22:52
3322,332,4797,46,5,جودة ممتازة والشحن كان سريعاً وسأشتري مجدداً بالتأكيد.,2023-03-29 15:48:34
3323,239,3584,50,3,متوسط ويؤدي وظيفته لكنه ليس بالجودة التي توقعتها.,2024-08-17 19:31:12
3324,115,7022,28,5,أفضل منتج اشتريته منذ فترة طويلة وأنصح الجميع بتجربته.,2024-06-21 08:25:29
3325,151,4458,46,5,منتج رائع جداً فاق توقعاتي بكل المقاييس. أنصح به بشدة.,2023-05-20 06:21:23
3326,208,3350,173,5,ممتاز جداً ويستحق كل ريال. التغليف أنيق والجودة عالية.,2023-10-25 21:47:32
3327,67,8095,37,4,منتج جيد جداً وبسعر مناسب والشحن كان في الموعد.,2024-10-03 05:51:11
3328,16,1038,193,5,تجربة شراء رائعة والمنتج وصل بحالة مثالية وبالمواصفات المطلوبة.,2023-04-05 06:50:29
3329,248,8589,129,4,منتج جيد جداً وبسعر مناسب والشحن كان في الموعد.,2023-06-02 20:21:23
3330,126,2661,46,2,خيّبت الآمال والمنتج لا يشبه الوصف ولا الصور المعروضة.,2023-11-13 18:39:24
3331,444,7476,180,3,التوصيل كان متأخراً وتغليف المنتج جاء مجعّداً قليلاً.,2023-07-21 23:46:26
3332,442,6374,70,5,ممتاز جداً ويستحق كل ريال. التغليف أنيق والجودة عالية.,2024-08-15 00:36:32
3333,138,818,32,5,منتج رائع جداً فاق توقعاتي بكل المقاييس. أنصح به بشدة.,2024-04-22 23:44:16
3334,196,7863,46,5,جودة ممتازة والشحن كان سريعاً وسأشتري مجدداً بالتأكيد.,2024-05-20 17:50:01
3335,147,9305,38,5,ممتاز جداً ويستحق كل ريال. التغليف أنيق والجودة عالية.,2024-09-16 09:03:38
3336,293,2205,3,4,منتج جيد استلمته بسرعة ويعمل بشكل ممتاز.,2023-10-30 19:05:34
3337,310,4898,178,5,أفضل منتج اشتريته منذ فترة طويلة وأنصح الجميع بتجربته.,2023-10-02 03:07:32
3338,444,6646,149,5,ممتاز جداً ويستحق كل ريال. التغليف أنيق والجودة عالية.,2023-05-10 12:08:54
3339,405,3508,41,5,جودة ممتازة والشحن كان سريعاً وسأشتري مجدداً بالتأكيد.,2023-09-20 20:19:59
3340,44,8142,32,4,منتج جيد جداً وبسعر مناسب والشحن كان في الموعد.,2023-09-03 00:25:12
3341,449,9196,42,3,المنتج مقبول ولكن يحتاج بعض التحسينات في الجودة.,2024-06-10 23:18:44
3342,180,3366,172,5,أفضل منتج اشتريته منذ فترة طويلة وأنصح الجميع بتجربته.,2023-05-20 05:37:14
3343,198,1579,41,4,جودة عالية والسعر معقول فقط التغليف كان بسيطاً قليلاً.,2023-07-02 00:27:29
3344,77,2191,35,4,مطابق للوصف تقريباً والجودة جيدة وسأوصي به لأصدقائي.,2024-08-24 11:17:50
3345,440,8135,43,5,تجربة شراء رائعة والمنتج وصل بحالة مثالية وبالمواصفات المطلوبة.,2024-10-12 17:08:06
3346,201,612,32,4,مطابق للوصف تقريباً والجودة جيدة وسأوصي به لأصدقائي.,2024-02-07 15:24:40
3347,288,304,34,4,جودة عالية والسعر معقول فقط التغليف كان بسيطاً قليلاً.,2023-10-09 11:28:20
3348,50,9404,3,4,مطابق للوصف تقريباً والجودة جيدة وسأوصي به لأصدقائي.,2023-12-08 15:55:06
3349,314,4097,35,3,جيد للاستخدام البسيط لكن السعر مرتفع نسبياً لهذه الجودة.,2024-12-24 11:03:39
3350,163,4565,31,4,جودة عالية والسعر معقول فقط التغليف كان بسيطاً قليلاً.,2024-02-17 02:28:57
3351,345,1990,65,5,تجربة شراء رائعة والمنتج وصل بحالة مثالية وبالمواصفات المطلوبة.,2023-07-27 22:08:01
3352,200,2394,56,1,منتج سيء جداً لا أنصح به أبداً. أطلبوا استرداد أموالكم.,2024-02-05 09:10:37
3353,371,5907,42,5,تجربة شراء رائعة والمنتج وصل بحالة مثالية وبالمواصفات المطلوبة.,2024-06-09 03:03:12
3354,397,4412,34,5,ممتاز جداً ويستحق كل ريال. التغليف أنيق والجودة عالية.,2024-11-19 20:25:34
3355,64,1465,46,3,التوصيل كان متأخراً وتغليف المنتج جاء مجعّداً قليلاً.,2024-06-23 22:02:33
3356,89,9040,51,5,تجربة شراء رائعة والمنتج وصل بحالة مثالية وبالمواصفات المطلوبة.,2024-07-28 10:29:36
3357,184,7735,19,5,أفضل منتج اشتريته منذ فترة طويلة وأنصح الجميع بتجربته.,2024-07-27 06:02:26
3358,103,5017,42,5,تجربة شراء رائعة والمنتج وصل بحالة مثالية وبالمواصفات المطلوبة.,2024-12-04 07:01:02
3359,400,2757,194,5,أفضل منتج اشتريته منذ فترة طويلة وأنصح الجميع بتجربته.,2024-09-09 07:03:26
3360,415,312,42,5,ممتاز جداً ويستحق كل ريال. التغليف أنيق والجودة عالية.,2023-07-25 05:28:05
3361,481,3506,54,4,مطابق للوصف تقريباً والجودة جيدة وسأوصي به لأصدقائي.,2024-04-22 20:12:36
3362,281,8716,31,4,تجربة جيدة بشكل عام والمنتج يؤدي وظيفته على أكمل وجه.,2024-09-21 11:08:40
3363,358,2915,46,5,ممتاز جداً ويستحق كل ريال. التغليف أنيق والجودة عالية.,2023-02-28 05:25:14
3364,365,2363,153,4,مطابق للوصف تقريباً والجودة جيدة وسأوصي به لأصدقائي.,2024-01-05 01:23:49
3365,85,6888,37,5,جودة ممتازة والشحن كان سريعاً وسأشتري مجدداً بالتأكيد.,2023-02-04 13:59:15
3366,361,133,29,4,منتج جيد جداً وبسعر مناسب والشحن كان في الموعد.,2024-11-19 21:12:22
3367,29,7028,42,5,تجربة شراء رائعة والمنتج وصل بحالة مثالية وبالمواصفات المطلوبة.,2023-05-03 21:56:01
3368,445,1284,135,5,ممتاز جداً ويستحق كل ريال. التغليف أنيق والجودة عالية.,2024-12-11 15:43:05
3369,9,5547,9,5,منتج رائع جداً فاق توقعاتي بكل المقاييس. أنصح به بشدة.,2024-03-28 11:33:09
3370,497,5636,42,2,جودة ضعيفة للأسف ولن أشتري من هذا البائع مرة أخرى.,2024-09-27 18:09:21
3371,276,8612,56,5,جودة ممتازة والشحن كان سريعاً وسأشتري مجدداً بالتأكيد.,2023-08-01 16:35:49
3372,477,5124,34,4,مطابق للوصف تقريباً والجودة جيدة وسأوصي به لأصدقائي.,2024-05-19 10:28:07
3373,341,2767,31,5,جودة ممتازة والشحن كان سريعاً وسأشتري مجدداً بالتأكيد.,2023-06-15 23:23:51
3374,142,7632,2,4,منتج جيد استلمته بسرعة ويعمل بشكل ممتاز.,2023-11-22 17:33:03
3375,9,5645,1,5,منتج رائع جداً فاق توقعاتي بكل المقاييس. أنصح به بشدة.,2023-08-23 14:38:42
3376,254,6393,48,5,تجربة شراء رائعة والمنتج وصل بحالة مثالية وبالمواصفات المطلوبة.,2024-10-12 07:59:00
3377,470,5411,198,5,تجربة شراء رائعة والمنتج وصل بحالة مثالية وبالمواصفات المطلوبة.,2023-08-06 01:13:01
3378,2,2514,29,5,أفضل منتج اشتريته منذ فترة طويلة وأنصح الجميع بتجربته.,2024-01-22 23:20:38
3379,407,7804,121,5,أفضل منتج اشتريته منذ فترة طويلة وأنصح الجميع بتجربته.,2023-03-26 03:22:52
3380,316,432,37,4,منتج جيد استلمته بسرعة ويعمل بشكل ممتاز.,2023-12-13 09:53:34
3381,185,1382,87,5,أفضل منتج اشتريته منذ فترة طويلة وأنصح الجميع بتجربته.,2023-11-21 15:26:35
3382,49,8190,38,5,منتج رائع جداً فاق توقعاتي بكل المقاييس. أنصح به بشدة.,2023-09-21 18:17:40
3383,353,2296,32,5,ممتاز جداً ويستحق كل ريال. التغليف أنيق والجودة عالية.,2024-09-26 16:09:02
3384,433,9281,46,5,منتج رائع جداً فاق توقعاتي بكل المقاييس. أنصح به بشدة.,2024-05-24 06:19:51
3385,115,8489,53,3,المنتج مقبول لكن هناك بدائل أفضل بنفس السعر في السوق.,2024-09-05 18:18:46
3386,361,4748,1,5,تجربة شراء رائعة والمنتج وصل بحالة مثالية وبالمواصفات المطلوبة.,2025-01-07 06:06:38
3387,96,4472,125,1,المنتج لا يعمل من الأساس وتواصلت مع الدعم ولم يتجاوبوا.,2023-06-02 20:44:22
3388,212,3159,48,5,ممتاز جداً ويستحق كل ريال. التغليف أنيق والجودة عالية.,2024-12-14 05:47:13
3389,327,8745,35,5,منتج رائع جداً فاق توقعاتي بكل المقاييس. أنصح به بشدة.,2023-10-27 06:06:44
3390,17,1836,37,4,مطابق للوصف تقريباً والجودة جيدة وسأوصي به لأصدقائي.,2024-10-18 16:20:01
3391,395,1530,6,5,تجربة شراء رائعة والمنتج وصل بحالة مثالية وبالمواصفات المطلوبة.,2023-01-10 12:11:35
3392,431,3177,49,5,تجربة شراء رائعة والمنتج وصل بحالة مثالية وبالمواصفات المطلوبة.,2024-02-13 01:08:22
3393,445,412,48,5,تجربة شراء رائعة والمنتج وصل بحالة مثالية وبالمواصفات المطلوبة.,2023-06-11 21:34:52
3394,415,1323,101,5,منتج رائع جداً فاق توقعاتي بكل المقاييس. أنصح به بشدة.,2024-02-09 19:31:42
3395,60,5700,54,3,المنتج مقبول لكن هناك بدائل أفضل بنفس السعر في السوق.,2023-08-15 05:10:26
3396,457,2810,5,3,جيد للاستخدام البسيط لكن السعر مرتفع نسبياً لهذه الجودة.,2024-12-22 01:48:05
3397,497,9205,34,4,جودة عالية والسعر معقول فقط التغليف كان بسيطاً قليلاً.,2023-08-07 07:09:20
3398,66,702,27,5,تجربة شراء رائعة والمنتج وصل بحالة مثالية وبالمواصفات المطلوبة.,2024-11-22 00:15:31
3399,143,3307,6,5,منتج رائع جداً فاق توقعاتي بكل المقاييس. أنصح به بشدة.,2024-03-20 18:32:27
3400,37,2742,47,2,خيّبت الآمال والمنتج لا يشبه الوصف ولا الصور المعروضة.,2024-06-07 13:44:35
3401,269,1339,176,5,جودة ممتازة والشحن كان سريعاً وسأشتري مجدداً بالتأكيد.,2023-12-11 19:03:30
3402,154,1193,55,1,أسوأ تجربة شراء والمنتج مختلف تماماً عن الصور والوصف.,2024-05-23 03:55:03
3403,275,4268,52,5,منتج رائع جداً فاق توقعاتي بكل المقاييس. أنصح به بشدة.,2024-08-26 18:14:37
3404,251,5434,28,4,مطابق للوصف تقريباً والجودة جيدة وسأوصي به لأصدقائي.,2024-07-12 06:47:14
3405,121,8801,125,5,ممتاز جداً ويستحق كل ريال. التغليف أنيق والجودة عالية.,2024-12-23 10:47:07
3406,460,1762,6,5,تجربة شراء رائعة والمنتج وصل بحالة مثالية وبالمواصفات المطلوبة.,2023-05-07 19:05:18
3407,270,7766,2,5,منتج رائع جداً فاق توقعاتي بكل المقاييس. أنصح به بشدة.,2023-10-17 11:53:16
3408,430,9737,5,5,ممتاز جداً ويستحق كل ريال. التغليف أنيق والجودة عالية.,2023-02-03 18:28:33
3409,50,4864,33,3,جيد للاستخدام البسيط لكن السعر مرتفع نسبياً لهذه الجودة.,2024-03-07 08:32:17
3410,369,860,41,4,مطابق للوصف تقريباً والجودة جيدة وسأوصي به لأصدقائي.,2023-04-22 17:42:18
3411,490,7590,9,5,تجربة شراء رائعة والمنتج وصل بحالة مثالية وبالمواصفات المطلوبة.,2024-11-07 17:47:28
3412,330,6822,31,5,ممتاز جداً ويستحق كل ريال. التغليف أنيق والجودة عالية.,2024-11-03 04:19:06
3413,477,3699,53,5,جودة ممتازة والشحن كان سريعاً وسأشتري مجدداً بالتأكيد.,2023-06-26 17:10:58
3414,384,6805,32,4,منتج جيد جداً وبسعر مناسب والشحن كان في الموعد.,2024-09-08 09:54:02
3415,438,6905,1,4,منتج جيد استلمته بسرعة ويعمل بشكل ممتاز.,2023-11-30 14:38:00
3416,316,6653,32,5,تجربة شراء رائعة والمنتج وصل بحالة مثالية وبالمواصفات المطلوبة.,2024-08-20 23:18:41
3417,430,4828,2,5,تجربة شراء رائعة والمنتج وصل بحالة مثالية وبالمواصفات المطلوبة.,2024-03-19 18:25:39
3418,55,1042,53,5,أفضل منتج اشتريته منذ فترة طويلة وأنصح الجميع بتجربته.,2024-04-20 14:57:27
3419,368,9559,29,5,تجربة شراء رائعة والمنتج وصل بحالة مثالية وبالمواصفات المطلوبة.,2023-03-21 02:20:28
3420,302,2809,128,4,تجربة جيدة بشكل عام والمنتج يؤدي وظيفته على أكمل وجه.,2023-05-22 21:24:57
3421,167,47,161,5,جودة ممتازة والشحن كان سريعاً وسأشتري مجدداً بالتأكيد.,2023-08-01 01:52:17
3422,466,4314,89,5,ممتاز جداً ويستحق كل ريال. التغليف أنيق والجودة عالية.,2023-02-21 06:10:23
3423,28,57,42,5,ممتاز جداً ويستحق كل ريال. التغليف أنيق والجودة عالية.,2023-12-22 05:37:25
3424,366,5862,37,5,جودة ممتازة والشحن كان سريعاً وسأشتري مجدداً بالتأكيد.,2024-02-23 04:01:39
3425,241,6028,74,5,منتج رائع جداً فاق توقعاتي بكل المقاييس. أنصح به بشدة.,2023-09-17 19:02:32
3426,417,7127,83,4,منتج جيد جداً وبسعر مناسب والشحن كان في الموعد.,2023-01-07 23:43:42
3427,82,2817,10,5,منتج رائع جداً فاق توقعاتي بكل المقاييس. أنصح به بشدة.,2024-07-20 05:37:28
3428,110,3906,39,5,أفضل منتج اشتريته منذ فترة طويلة وأنصح الجميع بتجربته.,2024-11-05 17:34:07
3429,209,9767,32,5,أفضل منتج اشتريته منذ فترة طويلة وأنصح الجميع بتجربته.,2023-09-22 21:31:07
3430,150,8423,171,4,منتج جيد استلمته بسرعة ويعمل بشكل ممتاز.,2025-01-03 04:52:02
3431,334,7491,51,5,تجربة شراء رائعة والمنتج وصل بحالة مثالية وبالمواصفات المطلوبة.,2024-11-16 20:14:55
3432,129,6117,4,4,تجربة جيدة بشكل عام والمنتج يؤدي وظيفته على أكمل وجه.,2024-01-24 00:12:18
3433,71,9039,39,5,جودة ممتازة والشحن كان سريعاً وسأشتري مجدداً بالتأكيد.,2023-08-03 11:37:35
3434,135,824,53,4,تجربة جيدة بشكل عام والمنتج يؤدي وظيفته على أكمل وجه.,2024-11-16 22:10:25
3435,444,2254,4,5,أفضل منتج اشتريته منذ فترة طويلة وأنصح الجميع بتجربته.,2023-08-28 15:27:56
3436,45,6277,50,5,ممتاز جداً ويستحق كل ريال. التغليف أنيق والجودة عالية.,2024-11-11 21:23:19
3437,177,6438,25,5,منتج رائع جداً فاق توقعاتي بكل المقاييس. أنصح به بشدة.,2024-11-27 19:55:26
3438,151,9513,31,5,جودة ممتازة والشحن كان سريعاً وسأشتري مجدداً بالتأكيد.,2023-01-26 22:51:19
3439,484,7015,51,5,جودة ممتازة والشحن كان سريعاً وسأشتري مجدداً بالتأكيد.,2023-01-29 18:18:27
3440,294,251,28,3,المنتج مقبول لكن هناك بدائل أفضل بنفس السعر في السوق.,2024-07-16 15:03:44
3441,254,4810,28,4,منتج جيد جداً وبسعر مناسب والشحن كان في الموعد.,2024-03-30 13:16:30
3442,57,4008,99,5,تجربة شراء رائعة والمنتج وصل بحالة مثالية وبالمواصفات المطلوبة.,2024-08-27 22:23:00
3443,37,5122,31,4,تجربة جيدة بشكل عام والمنتج يؤدي وظيفته على أكمل وجه.,2024-11-24 16:26:10
3444,398,4971,32,4,منتج جيد استلمته بسرعة ويعمل بشكل ممتاز.,2023-02-24 06:11:39
3445,286,9735,25,4,منتج جيد جداً وبسعر مناسب والشحن كان في الموعد.,2024-01-20 20:03:02
3446,75,9088,56,3,التوصيل كان متأخراً وتغليف المنتج جاء مجعّداً قليلاً.,2023-06-27 03:55:08
3447,435,9395,119,5,منتج رائع جداً فاق توقعاتي بكل المقاييس. أنصح به بشدة.,2024-01-06 10:26:11
3448,116,7527,106,4,تجربة جيدة بشكل عام والمنتج يؤدي وظيفته على أكمل وجه.,2024-01-07 07:13:48
3449,450,5869,34,5,تجربة شراء رائعة والمنتج وصل بحالة مثالية وبالمواصفات المطلوبة.,2024-04-10 17:30:26
3450,409,6654,30,5,منتج رائع جداً فاق توقعاتي بكل المقاييس. أنصح به بشدة.,2023-08-29 06:46:03
3451,76,6304,130,4,مطابق للوصف تقريباً والجودة جيدة وسأوصي به لأصدقائي.,2023-05-24 11:20:02
3452,32,850,66,5,منتج رائع جداً فاق توقعاتي بكل المقاييس. أنصح به بشدة.,2023-09-01 16:44:58
3453,412,7838,133,5,منتج رائع جداً فاق توقعاتي بكل المقاييس. أنصح به بشدة.,2024-12-12 17:57:58
3454,499,8300,3,5,تجربة شراء رائعة والمنتج وصل بحالة مثالية وبالمواصفات المطلوبة.,2023-03-17 23:54:01
3455,182,7399,54,4,تجربة جيدة بشكل عام والمنتج يؤدي وظيفته على أكمل وجه.,2024-09-14 17:13:17
3456,123,8981,82,5,منتج رائع جداً فاق توقعاتي بكل المقاييس. أنصح به بشدة.,2024-04-28 16:13:18
3457,98,3352,46,5,ممتاز جداً ويستحق كل ريال. التغليف أنيق والجودة عالية.,2023-10-28 04:21:02
3458,478,4533,46,3,متوسط ويؤدي وظيفته لكنه ليس بالجودة التي توقعتها.,2024-01-25 12:30:04
3459,280,1455,189,5,أفضل منتج اشتريته منذ فترة طويلة وأنصح الجميع بتجربته.,2023-03-24 00:10:17
3460,93,1012,125,3,جيد للاستخدام البسيط لكن السعر مرتفع نسبياً لهذه الجودة.,2023-10-07 02:44:23
3461,273,9274,47,5,ممتاز جداً ويستحق كل ريال. التغليف أنيق والجودة عالية.,2023-11-15 11:09:12
3462,447,3315,193,2,المنتج لم يعمل بشكل صحيح من اليوم الأول وطلبت الإرجاع.,2024-05-21 23:21:14
3463,225,614,110,5,تجربة شراء رائعة والمنتج وصل بحالة مثالية وبالمواصفات المطلوبة.,2023-11-26 06:00:28
3464,119,4144,3,5,أفضل منتج اشتريته منذ فترة طويلة وأنصح الجميع بتجربته.,2024-09-20 04:52:10
3465,291,2391,134,4,جودة عالية والسعر معقول فقط التغليف كان بسيطاً قليلاً.,2023-01-25 20:10:16
3466,90,1554,29,5,منتج رائع جداً فاق توقعاتي بكل المقاييس. أنصح به بشدة.,2024-03-14 08:01:54
3467,36,1114,9,5,جودة ممتازة والشحن كان سريعاً وسأشتري مجدداً بالتأكيد.,2023-06-11 23:13:54
3468,15,9442,30,4,منتج جيد استلمته بسرعة ويعمل بشكل ممتاز.,2023-03-07 01:22:50
3469,456,6242,3,5,منتج رائع جداً فاق توقعاتي بكل المقاييس. أنصح به بشدة.,2024-12-22 06:21:22
3470,39,9292,1,5,تجربة شراء رائعة والمنتج وصل بحالة مثالية وبالمواصفات المطلوبة.,2023-12-28 19:32:58
3471,415,9931,10,4,منتج جيد استلمته بسرعة ويعمل بشكل ممتاز.,2023-10-07 18:19:09
3472,354,659,179,5,أفضل منتج اشتريته منذ فترة طويلة وأنصح الجميع بتجربته.,2024-03-31 05:02:15
3473,498,4857,163,1,لا يستحق حتى نجمة واحدة وجودة رديئة جداً مع سعر مرتفع.,2023-01-28 02:46:47
3474,444,6598,31,5,منتج رائع جداً فاق توقعاتي بكل المقاييس. أنصح به بشدة.,2024-02-23 21:06:14
3475,493,3849,31,5,تجربة شراء رائعة والمنتج وصل بحالة مثالية وبالمواصفات المطلوبة.,2024-01-04 17:54:58
3476,498,2880,195,5,جودة ممتازة والشحن كان سريعاً وسأشتري مجدداً بالتأكيد.,2023-05-24 04:55:55
3477,147,1022,15,5,منتج رائع جداً فاق توقعاتي بكل المقاييس. أنصح به بشدة.,2024-04-11 06:22:49
3478,314,9355,35,4,جودة عالية والسعر معقول فقط التغليف كان بسيطاً قليلاً.,2023-01-06 09:19:47
3479,74,5014,103,4,منتج جيد جداً وبسعر مناسب والشحن كان في الموعد.,2024-07-09 17:46:04
3480,255,1368,50,4,جودة عالية والسعر معقول فقط التغليف كان بسيطاً قليلاً.,2024-04-19 10:43:33
3481,159,5900,194,3,التوصيل كان متأخراً وتغليف المنتج جاء مجعّداً قليلاً.,2024-05-14 02:58:09
3482,109,8370,3,5,تجربة شراء رائعة والمنتج وصل بحالة مثالية وبالمواصفات المطلوبة.,2024-09-23 19:35:17
3483,473,8229,25,5,تجربة شراء رائعة والمنتج وصل بحالة مثالية وبالمواصفات المطلوبة.,2024-05-17 07:17:04
3484,181,3839,50,1,المنتج لا يعمل من الأساس وتواصلت مع الدعم ولم يتجاوبوا.,2024-12-07 18:28:31
3485,188,9221,1,1,تجربة مروعة ووصل المنتج مكسوراً ومختلفاً عن المواصفات.,2024-01-08 20:25:43
3486,164,4333,55,5,جودة ممتازة والشحن كان سريعاً وسأشتري مجدداً بالتأكيد.,2024-07-19 11:36:30
3487,341,5083,50,4,منتج جيد استلمته بسرعة ويعمل بشكل ممتاز.,2023-07-12 07:34:56
3488,408,8767,193,5,أفضل منتج اشتريته منذ فترة طويلة وأنصح الجميع بتجربته.,2024-08-11 20:24:58
3489,499,4354,33,4,تجربة جيدة بشكل عام والمنتج يؤدي وظيفته على أكمل وجه.,2023-11-07 06:09:20
3490,265,8865,35,4,جودة عالية والسعر معقول فقط التغليف كان بسيطاً قليلاً.,2024-03-21 03:56:28
3491,291,4199,34,5,منتج رائع جداً فاق توقعاتي بكل المقاييس. أنصح به بشدة.,2023-10-24 22:27:59
3492,228,7394,164,5,منتج رائع جداً فاق توقعاتي بكل المقاييس. أنصح به بشدة.,2024-07-29 08:24:58
3493,160,6268,41,5,منتج رائع جداً فاق توقعاتي بكل المقاييس. أنصح به بشدة.,2024-01-03 11:50:16
3494,37,6731,40,2,خيّبت الآمال والمنتج لا يشبه الوصف ولا الصور المعروضة.,2023-04-19 09:41:45
3495,178,2261,48,4,منتج جيد استلمته بسرعة ويعمل بشكل ممتاز.,2024-09-14 15:35:28
3496,32,3546,157,4,منتج جيد استلمته بسرعة ويعمل بشكل ممتاز.,2023-08-06 20:17:03
3497,282,6538,49,5,ممتاز جداً ويستحق كل ريال. التغليف أنيق والجودة عالية.,2023-07-05 23:13:28
3498,295,948,29,1,أسوأ تجربة شراء والمنتج مختلف تماماً عن الصور والوصف.,2023-01-23 04:57:47
3499,164,193,48,5,ممتاز جداً ويستحق كل ريال. التغليف أنيق والجودة عالية.,2024-06-07 15:21:04
3500,7,9886,13,5,ممتاز جداً ويستحق كل ريال. التغليف أنيق والجودة عالية.,2023-05-07 21:28:52
3501,144,1563,25,5,تجربة شراء رائعة والمنتج وصل بحالة مثالية وبالمواصفات المطلوبة.,2024-04-15 02:39:40
3502,45,8357,48,3,متوسط ويؤدي وظيفته لكنه ليس بالجودة التي توقعتها.,2024-03-05 13:40:16
3503,377,940,46,3,المنتج مقبول ولكن يحتاج بعض التحسينات في الجودة.,2024-07-12 04:34:42
3504,26,4952,3,4,تجربة جيدة بشكل عام والمنتج يؤدي وظيفته على أكمل وجه.,2023-11-06 11:23:24
3505,50,5903,38,4,تجربة جيدة بشكل عام والمنتج يؤدي وظيفته على أكمل وجه.,2023-09-01 12:29:48
3506,358,4969,29,4,منتج جيد استلمته بسرعة ويعمل بشكل ممتاز.,2024-12-04 12:05:15
3507,323,4552,46,4,منتج جيد استلمته بسرعة ويعمل بشكل ممتاز.,2024-12-06 06:49:56
3508,392,6735,35,5,تجربة شراء رائعة والمنتج وصل بحالة مثالية وبالمواصفات المطلوبة.,2024-01-25 13:30:20
3509,341,9336,188,5,جودة ممتازة والشحن كان سريعاً وسأشتري مجدداً بالتأكيد.,2024-04-04 03:56:24
3510,37,9866,1,5,ممتاز جداً ويستحق كل ريال. التغليف أنيق والجودة عالية.,2023-04-25 04:35:36
3511,340,5015,127,3,المنتج مقبول لكن هناك بدائل أفضل بنفس السعر في السوق.,2024-08-21 09:17:19
3512,281,1418,42,4,مطابق للوصف تقريباً والجودة جيدة وسأوصي به لأصدقائي.,2024-02-04 23:59:59
3513,441,108,51,4,جودة عالية والسعر معقول فقط التغليف كان بسيطاً قليلاً.,2023-03-08 01:32:42
3514,342,8820,54,5,تجربة شراء رائعة والمنتج وصل بحالة مثالية وبالمواصفات المطلوبة.,2024-10-31 12:26:57
3515,247,9817,53,4,منتج جيد استلمته بسرعة ويعمل بشكل ممتاز.,2024-03-29 06:26:59
3516,230,3864,4,5,تجربة شراء رائعة والمنتج وصل بحالة مثالية وبالمواصفات المطلوبة.,2023-02-15 08:40:00
3517,395,1856,71,4,منتج جيد جداً وبسعر مناسب والشحن كان في الموعد.,2024-05-11 07:56:05
3518,375,6387,6,4,تجربة جيدة بشكل عام والمنتج يؤدي وظيفته على أكمل وجه.,2024-06-07 08:35:27
3519,337,3411,51,4,منتج جيد استلمته بسرعة ويعمل بشكل ممتاز.,2023-01-31 16:04:20
3520,13,2034,35,4,تجربة جيدة بشكل عام والمنتج يؤدي وظيفته على أكمل وجه.,2024-01-04 08:54:05
3521,114,689,19,4,منتج جيد استلمته بسرعة ويعمل بشكل ممتاز.,2023-11-04 09:01:05
3522,212,4954,51,5,ممتاز جداً ويستحق كل ريال. التغليف أنيق والجودة عالية.,2024-06-29 04:56:19
3523,370,3899,50,1,لا يستحق حتى نجمة واحدة وجودة رديئة جداً مع سعر مرتفع.,2024-12-13 23:17:21
3524,267,6284,106,5,تجربة شراء رائعة والمنتج وصل بحالة مثالية وبالمواصفات المطلوبة.,2024-05-11 17:52:22
3525,370,9736,53,4,جودة عالية والسعر معقول فقط التغليف كان بسيطاً قليلاً.,2024-01-31 05:34:09
3526,340,4555,10,5,ممتاز جداً ويستحق كل ريال. التغليف أنيق والجودة عالية.,2024-12-27 23:18:51
3527,247,5256,3,5,تجربة شراء رائعة والمنتج وصل بحالة مثالية وبالمواصفات المطلوبة.,2024-01-15 23:44:26
3528,494,3181,10,4,جودة عالية والسعر معقول فقط التغليف كان بسيطاً قليلاً.,2023-11-21 09:15:50
3529,261,5987,55,5,تجربة شراء رائعة والمنتج وصل بحالة مثالية وبالمواصفات المطلوبة.,2024-04-01 05:28:33
3530,60,1673,50,5,ممتاز جداً ويستحق كل ريال. التغليف أنيق والجودة عالية.,2023-08-08 07:08:45
3531,205,545,90,3,التوصيل كان متأخراً وتغليف المنتج جاء مجعّداً قليلاً.,2024-07-15 22:28:22
3532,106,9108,25,1,تجربة مروعة ووصل المنتج مكسوراً ومختلفاً عن المواصفات.,2024-06-09 12:18:50
3533,456,145,177,3,متوسط ويؤدي وظيفته لكنه ليس بالجودة التي توقعتها.,2023-11-17 13:47:49
3534,381,4428,163,4,منتج جيد جداً وبسعر مناسب والشحن كان في الموعد.,2023-11-27 04:22:54
3535,140,4475,54,5,جودة ممتازة والشحن كان سريعاً وسأشتري مجدداً بالتأكيد.,2024-04-11 05:55:37
3536,271,7456,30,5,جودة ممتازة والشحن كان سريعاً وسأشتري مجدداً بالتأكيد.,2023-05-18 22:31:40
3537,226,2625,33,4,جودة عالية والسعر معقول فقط التغليف كان بسيطاً قليلاً.,2024-01-20 09:52:19
3538,78,1529,46,4,منتج جيد جداً وبسعر مناسب والشحن كان في الموعد.,2023-12-17 18:12:02
3539,182,5309,39,5,جودة ممتازة والشحن كان سريعاً وسأشتري مجدداً بالتأكيد.,2023-07-01 13:48:18
3540,426,2046,154,5,جودة ممتازة والشحن كان سريعاً وسأشتري مجدداً بالتأكيد.,2023-09-18 06:47:26
3541,161,9157,32,4,تجربة جيدة بشكل عام والمنتج يؤدي وظيفته على أكمل وجه.,2024-07-30 22:35:00
3542,150,8013,110,1,أسوأ تجربة شراء والمنتج مختلف تماماً عن الصور والوصف.,2024-08-18 09:43:54
3543,61,2870,10,3,المنتج مقبول لكن هناك بدائل أفضل بنفس السعر في السوق.,2024-07-25 05:40:48
3544,273,7910,1,3,المنتج مقبول ولكن يحتاج بعض التحسينات في الجودة.,2023-03-14 05:52:02
3545,452,4098,42,4,منتج جيد جداً وبسعر مناسب والشحن كان في الموعد.,2024-12-31 14:13:48
3546,289,4481,117,4,منتج جيد جداً وبسعر مناسب والشحن كان في الموعد.,2024-09-24 14:21:39
3547,118,4353,97,4,منتج جيد استلمته بسرعة ويعمل بشكل ممتاز.,2023-02-10 04:23:32
3548,38,4190,126,5,أفضل منتج اشتريته منذ فترة طويلة وأنصح الجميع بتجربته.,2023-12-19 18:29:46
3549,494,3419,53,5,ممتاز جداً ويستحق كل ريال. التغليف أنيق والجودة عالية.,2023-08-24 00:26:29
3550,86,7279,51,4,منتج جيد استلمته بسرعة ويعمل بشكل ممتاز.,2023-12-27 04:18:14
3551,251,8636,143,2,خيّبت الآمال والمنتج لا يشبه الوصف ولا الصور المعروضة.,2023-06-18 14:48:41
3552,123,4877,56,4,مطابق للوصف تقريباً والجودة جيدة وسأوصي به لأصدقائي.,2024-07-17 07:08:03
3553,356,8616,32,4,منتج جيد استلمته بسرعة ويعمل بشكل ممتاز.,2023-03-18 01:56:50
3554,479,1980,34,5,أفضل منتج اشتريته منذ فترة طويلة وأنصح الجميع بتجربته.,2023-03-13 05:38:05
3555,300,760,53,5,منتج رائع جداً فاق توقعاتي بكل المقاييس. أنصح به بشدة.,2023-03-31 11:12:38
3556,27,3905,53,5,جودة ممتازة والشحن كان سريعاً وسأشتري مجدداً بالتأكيد.,2024-12-30 03:02:37
3557,323,9071,117,5,جودة ممتازة والشحن كان سريعاً وسأشتري مجدداً بالتأكيد.,2023-05-01 10:55:01
3558,389,3665,39,5,أفضل منتج اشتريته منذ فترة طويلة وأنصح الجميع بتجربته.,2023-01-27 01:49:31
3559,277,8363,149,5,منتج رائع جداً فاق توقعاتي بكل المقاييس. أنصح به بشدة.,2024-04-07 00:02:59
3560,77,4372,28,5,ممتاز جداً ويستحق كل ريال. التغليف أنيق والجودة عالية.,2023-08-20 09:01:24
3561,217,406,10,4,مطابق للوصف تقريباً والجودة جيدة وسأوصي به لأصدقائي.,2024-02-12 17:11:05
3562,128,7084,57,5,جودة ممتازة والشحن كان سريعاً وسأشتري مجدداً بالتأكيد.,2023-03-03 20:55:06
3563,102,1707,163,5,أفضل منتج اشتريته منذ فترة طويلة وأنصح الجميع بتجربته.,2023-02-12 02:12:11
3564,220,9488,50,5,أفضل منتج اشتريته منذ فترة طويلة وأنصح الجميع بتجربته.,2023-08-29 23:50:56
3565,234,8453,9,3,المنتج مقبول لكن هناك بدائل أفضل بنفس السعر في السوق.,2023-09-27 04:28:31
3566,29,9713,37,3,المنتج مقبول لكن هناك بدائل أفضل بنفس السعر في السوق.,2024-04-19 19:24:27
3567,496,5116,38,4,جودة عالية والسعر معقول فقط التغليف كان بسيطاً قليلاً.,2024-12-09 23:29:17
3568,65,7518,56,4,تجربة جيدة بشكل عام والمنتج يؤدي وظيفته على أكمل وجه.,2024-10-04 13:00:03
3569,326,6395,32,4,منتج جيد جداً وبسعر مناسب والشحن كان في الموعد.,2023-09-11 17:21:29
3570,331,195,2,2,جودة ضعيفة للأسف ولن أشتري من هذا البائع مرة أخرى.,2024-12-28 13:11:41
3571,77,8136,56,5,ممتاز جداً ويستحق كل ريال. التغليف أنيق والجودة عالية.,2024-01-11 10:29:03
3572,471,5607,51,5,جودة ممتازة والشحن كان سريعاً وسأشتري مجدداً بالتأكيد.,2023-12-14 08:26:46
3573,482,2719,39,5,تجربة شراء رائعة والمنتج وصل بحالة مثالية وبالمواصفات المطلوبة.,2023-03-11 19:38:05
3574,91,502,163,4,منتج جيد استلمته بسرعة ويعمل بشكل ممتاز.,2023-09-16 19:32:45
3575,78,1529,68,5,تجربة شراء رائعة والمنتج وصل بحالة مثالية وبالمواصفات المطلوبة.,2023-12-18 22:12:02
3576,212,873,156,5,منتج رائع جداً فاق توقعاتي بكل المقاييس. أنصح به بشدة.,2024-03-26 10:28:14
3577,382,7444,143,3,جيد للاستخدام البسيط لكن السعر مرتفع نسبياً لهذه الجودة.,2023-07-22 08:18:40
3578,137,7906,48,4,مطابق للوصف تقريباً والجودة جيدة وسأوصي به لأصدقائي.,2023-05-21 02:26:11
3579,485,6696,31,5,تجربة شراء رائعة والمنتج وصل بحالة مثالية وبالمواصفات المطلوبة.,2023-02-21 21:02:58
3580,320,8670,56,5,ممتاز جداً ويستحق كل ريال. التغليف أنيق والجودة عالية.,2024-09-20 13:20:31
3581,270,8672,6,3,التوصيل كان متأخراً وتغليف المنتج جاء مجعّداً قليلاً.,2023-09-28 13:41:26
3582,254,5517,168,1,أسوأ تجربة شراء والمنتج مختلف تماماً عن الصور والوصف.,2024-01-22 00:57:04
3583,221,9666,42,1,لا يستحق حتى نجمة واحدة وجودة رديئة جداً مع سعر مرتفع.,2024-07-23 23:20:10
3584,375,3391,27,4,تجربة جيدة بشكل عام والمنتج يؤدي وظيفته على أكمل وجه.,2023-02-17 02:16:32
3585,278,6685,97,5,منتج رائع جداً فاق توقعاتي بكل المقاييس. أنصح به بشدة.,2024-02-29 12:22:27
3586,242,1394,55,5,جودة ممتازة والشحن كان سريعاً وسأشتري مجدداً بالتأكيد.,2023-04-30 07:03:11
3587,306,58,3,3,المنتج مقبول ولكن يحتاج بعض التحسينات في الجودة.,2023-12-21 03:48:03
3588,105,6179,113,3,المنتج مقبول ولكن يحتاج بعض التحسينات في الجودة.,2024-10-09 07:30:51
3589,388,9483,162,5,أفضل منتج اشتريته منذ فترة طويلة وأنصح الجميع بتجربته.,2024-11-16 16:48:37
3590,241,2174,33,4,جودة عالية والسعر معقول فقط التغليف كان بسيطاً قليلاً.,2023-12-20 08:44:12
3591,374,8571,120,5,جودة ممتازة والشحن كان سريعاً وسأشتري مجدداً بالتأكيد.,2023-02-21 08:43:56
3592,447,8911,37,5,تجربة شراء رائعة والمنتج وصل بحالة مثالية وبالمواصفات المطلوبة.,2024-08-13 18:23:40
3593,454,2761,51,5,أفضل منتج اشتريته منذ فترة طويلة وأنصح الجميع بتجربته.,2024-11-26 21:12:25
3594,100,3379,73,2,خيّبت الآمال والمنتج لا يشبه الوصف ولا الصور المعروضة.,2023-09-21 11:56:42
3595,22,7071,25,4,منتج جيد جداً وبسعر مناسب والشحن كان في الموعد.,2024-12-24 09:14:36
3596,277,3431,2,4,منتج جيد استلمته بسرعة ويعمل بشكل ممتاز.,2024-03-21 22:00:39
3597,117,7581,198,4,مطابق للوصف تقريباً والجودة جيدة وسأوصي به لأصدقائي.,2024-03-23 04:44:20
3598,164,2559,133,5,منتج رائع جداً فاق توقعاتي بكل المقاييس. أنصح به بشدة.,2023-05-07 05:34:08
3599,173,2203,42,5,ممتاز جداً ويستحق كل ريال. التغليف أنيق والجودة عالية.,2023-06-09 02:48:43
3600,213,772,9,5,جودة ممتازة والشحن كان سريعاً وسأشتري مجدداً بالتأكيد.,2024-11-25 13:27:52
3601,494,91,4,4,تجربة جيدة بشكل عام والمنتج يؤدي وظيفته على أكمل وجه.,2023-12-28 19:23:38
3602,201,2545,26,5,ممتاز جداً ويستحق كل ريال. التغليف أنيق والجودة عالية.,2023-10-26 19:23:34
3603,168,9163,39,5,منتج رائع جداً فاق توقعاتي بكل المقاييس. أنصح به بشدة.,2024-02-28 19:34:41
3604,143,4888,53,1,منتج سيء جداً لا أنصح به أبداً. أطلبوا استرداد أموالكم.,2024-12-23 09:31:43
3605,218,2088,34,5,منتج رائع جداً فاق توقعاتي بكل المقاييس. أنصح به بشدة.,2023-07-24 09:26:28
3606,191,5420,36,4,جودة عالية والسعر معقول فقط التغليف كان بسيطاً قليلاً.,2024-04-09 17:20:22
3607,310,8213,47,4,جودة عالية والسعر معقول فقط التغليف كان بسيطاً قليلاً.,2023-08-22 07:08:23
3608,487,4858,59,5,جودة ممتازة والشحن كان سريعاً وسأشتري مجدداً بالتأكيد.,2024-10-03 22:26:55
3609,83,7355,46,4,منتج جيد استلمته بسرعة ويعمل بشكل ممتاز.,2023-07-11 03:22:08
3610,121,8054,1,3,جيد للاستخدام البسيط لكن السعر مرتفع نسبياً لهذه الجودة.,2024-12-21 23:12:41
3611,237,9902,33,3,المنتج مقبول لكن هناك بدائل أفضل بنفس السعر في السوق.,2024-03-22 08:59:55
3612,76,6304,55,5,أفضل منتج اشتريته منذ فترة طويلة وأنصح الجميع بتجربته.,2023-05-21 18:20:02
3613,124,7749,177,5,أفضل منتج اشتريته منذ فترة طويلة وأنصح الجميع بتجربته.,2023-10-09 17:11:22
3614,284,8012,169,5,تجربة شراء رائعة والمنتج وصل بحالة مثالية وبالمواصفات المطلوبة.,2024-08-02 12:27:02
3615,396,662,134,5,جودة ممتازة والشحن كان سريعاً وسأشتري مجدداً بالتأكيد.,2023-03-04 05:51:53
3616,358,9665,2,4,جودة عالية والسعر معقول فقط التغليف كان بسيطاً قليلاً.,2024-09-23 08:33:47
3617,199,1782,10,4,جودة عالية والسعر معقول فقط التغليف كان بسيطاً قليلاً.,2023-01-18 03:28:24
3618,191,1257,3,5,أفضل منتج اشتريته منذ فترة طويلة وأنصح الجميع بتجربته.,2023-01-26 15:39:38
3619,392,351,137,5,ممتاز جداً ويستحق كل ريال. التغليف أنيق والجودة عالية.,2023-08-20 19:00:56
3620,401,7954,4,5,جودة ممتازة والشحن كان سريعاً وسأشتري مجدداً بالتأكيد.,2024-11-24 02:52:54
3621,144,9303,144,5,جودة ممتازة والشحن كان سريعاً وسأشتري مجدداً بالتأكيد.,2023-12-15 10:31:38
3622,169,7020,32,5,تجربة شراء رائعة والمنتج وصل بحالة مثالية وبالمواصفات المطلوبة.,2024-10-31 07:17:40
3623,39,2462,120,1,تجربة مروعة ووصل المنتج مكسوراً ومختلفاً عن المواصفات.,2023-03-19 21:10:59
3624,350,9911,170,1,منتج سيء جداً لا أنصح به أبداً. أطلبوا استرداد أموالكم.,2024-08-24 08:32:58
3625,22,3467,26,4,مطابق للوصف تقريباً والجودة جيدة وسأوصي به لأصدقائي.,2024-12-02 13:34:53
3626,399,9236,127,5,تجربة شراء رائعة والمنتج وصل بحالة مثالية وبالمواصفات المطلوبة.,2023-05-16 02:33:54
3627,21,1251,115,4,منتج جيد استلمته بسرعة ويعمل بشكل ممتاز.,2024-06-28 20:21:23
3628,2,8172,136,2,لم يكن بالجودة المتوقعة وغير مطابق للصور بشكل واضح.,2024-12-13 14:52:54
3629,342,6408,42,5,أفضل منتج اشتريته منذ فترة طويلة وأنصح الجميع بتجربته.,2024-10-17 06:57:14
3630,267,5465,38,4,منتج جيد استلمته بسرعة ويعمل بشكل ممتاز.,2024-06-23 05:44:49
3631,202,7475,31,5,تجربة شراء رائعة والمنتج وصل بحالة مثالية وبالمواصفات المطلوبة.,2023-03-01 22:38:01
3632,459,987,34,4,جودة عالية والسعر معقول فقط التغليف كان بسيطاً قليلاً.,2024-07-25 17:58:31
3633,204,6986,50,5,منتج رائع جداً فاق توقعاتي بكل المقاييس. أنصح به بشدة.,2024-07-16 22:40:42
3634,337,5495,88,4,مطابق للوصف تقريباً والجودة جيدة وسأوصي به لأصدقائي.,2024-03-26 05:45:43
3635,74,2173,47,5,أفضل منتج اشتريته منذ فترة طويلة وأنصح الجميع بتجربته.,2023-03-29 11:03:03
3636,328,6934,41,2,خيّبت الآمال والمنتج لا يشبه الوصف ولا الصور المعروضة.,2023-10-25 12:47:55
3637,374,7600,51,5,تجربة شراء رائعة والمنتج وصل بحالة مثالية وبالمواصفات المطلوبة.,2023-03-13 21:22:30
3638,296,3641,76,1,منتج سيء جداً لا أنصح به أبداً. أطلبوا استرداد أموالكم.,2024-02-16 03:40:51
3639,332,3006,140,5,أفضل منتج اشتريته منذ فترة طويلة وأنصح الجميع بتجربته.,2023-02-17 22:30:54
3640,258,8728,51,5,منتج رائع جداً فاق توقعاتي بكل المقاييس. أنصح به بشدة.,2023-05-18 00:35:11
3641,347,7670,10,4,منتج جيد جداً وبسعر مناسب والشحن كان في الموعد.,2024-12-10 03:36:27
3642,256,5977,1,4,منتج جيد استلمته بسرعة ويعمل بشكل ممتاز.,2023-04-19 14:45:02
3643,326,5755,26,2,التغليف كان سيئاً والمنتج تعرّض لأضرار أثناء الشحن.,2023-04-09 19:55:37
3644,464,580,48,4,منتج جيد جداً وبسعر مناسب والشحن كان في الموعد.,2023-02-01 13:58:03
3645,136,9790,1,4,مطابق للوصف تقريباً والجودة جيدة وسأوصي به لأصدقائي.,2024-10-29 05:51:00
3646,467,4812,46,5,ممتاز جداً ويستحق كل ريال. التغليف أنيق والجودة عالية.,2024-10-01 19:21:16
3647,271,3695,25,4,تجربة جيدة بشكل عام والمنتج يؤدي وظيفته على أكمل وجه.,2024-02-09 06:37:03
3648,41,2666,32,4,منتج جيد استلمته بسرعة ويعمل بشكل ممتاز.,2023-08-12 11:03:22
3649,308,8879,34,4,مطابق للوصف تقريباً والجودة جيدة وسأوصي به لأصدقائي.,2023-04-09 07:13:00
3650,75,6404,3,5,ممتاز جداً ويستحق كل ريال. التغليف أنيق والجودة عالية.,2024-11-15 06:42:55
3651,297,8954,70,5,أفضل منتج اشتريته منذ فترة طويلة وأنصح الجميع بتجربته.,2024-12-05 12:55:36
3652,469,3803,3,4,منتج جيد استلمته بسرعة ويعمل بشكل ممتاز.,2024-02-05 19:42:14
3653,12,7847,32,4,جودة عالية والسعر معقول فقط التغليف كان بسيطاً قليلاً.,2023-09-29 10:25:24
3654,299,5912,38,4,منتج جيد جداً وبسعر مناسب والشحن كان في الموعد.,2024-06-01 22:47:51
3655,483,8524,51,5,تجربة شراء رائعة والمنتج وصل بحالة مثالية وبالمواصفات المطلوبة.,2023-10-03 09:47:44
3656,197,9228,34,3,جيد للاستخدام البسيط لكن السعر مرتفع نسبياً لهذه الجودة.,2024-04-29 08:50:56
3657,404,743,3,5,جودة ممتازة والشحن كان سريعاً وسأشتري مجدداً بالتأكيد.,2024-07-22 23:46:38
3658,249,6544,197,3,متوسط ويؤدي وظيفته لكنه ليس بالجودة التي توقعتها.,2024-12-09 18:55:15
3659,92,4715,130,5,جودة ممتازة والشحن كان سريعاً وسأشتري مجدداً بالتأكيد.,2024-10-01 13:58:25
3660,236,9537,32,5,ممتاز جداً ويستحق كل ريال. التغليف أنيق والجودة عالية.,2024-06-20 01:00:55
3661,449,5152,35,3,جيد للاستخدام البسيط لكن السعر مرتفع نسبياً لهذه الجودة.,2023-12-06 05:24:22
3662,84,500,83,5,تجربة شراء رائعة والمنتج وصل بحالة مثالية وبالمواصفات المطلوبة.,2023-06-09 21:19:57
3663,328,6934,56,5,تجربة شراء رائعة والمنتج وصل بحالة مثالية وبالمواصفات المطلوبة.,2023-10-23 12:47:55
3664,125,9103,50,5,ممتاز جداً ويستحق كل ريال. التغليف أنيق والجودة عالية.,2023-03-04 18:00:39
3665,460,7615,10,2,لم يكن بالجودة المتوقعة وغير مطابق للصور بشكل واضح.,2024-05-03 18:46:39
3666,181,2252,38,4,منتج جيد جداً وبسعر مناسب والشحن كان في الموعد.,2023-03-04 03:29:58
3667,294,329,68,5,أفضل منتج اشتريته منذ فترة طويلة وأنصح الجميع بتجربته.,2023-03-14 00:57:09
3668,341,7315,32,1,أسوأ تجربة شراء والمنتج مختلف تماماً عن الصور والوصف.,2023-02-05 09:28:50
3669,156,1539,91,4,جودة عالية والسعر معقول فقط التغليف كان بسيطاً قليلاً.,2023-03-26 03:34:52
3670,41,2666,31,3,المنتج مقبول لكن هناك بدائل أفضل بنفس السعر في السوق.,2023-08-06 12:03:22
