product_id,name,display_name,category,subcategory,brand,price,image_url,has_image,view,cart,purchase,purchase_signal,views,cart_adds,total_orders,carts,purchases,unique_viewers,unique_cart_users,event_unique_buyers,order_unique_buyers,unique_buyers_raw,unique_cart_users_bounded,unique_buyers,sales_without_view_signal_flag,revenue,ordered_quantity,purchase_orders,view_to_cart_rate,cart_to_purchase_rate,view_to_purchase_rate,cart_abandon_rate,cart_rate,purchase_conversion_rate,cart_abandonment_rate,product_class,z_score,z_composite_score,priority_rank,rank_within_class_best,action_priority,conversion_rate,category_avg_conversion,category_median_conversion,category_avg_views,relative_conversion_vs_category,insufficient_views_flag,insufficient_purchases_flag,insufficient_cart_data_flag,confidence_level,insufficient_data_flag,low_visibility_flag,high_abandonment_flag,low_conversion_flag,low_engagement_flag,diagnostic_status_label,diagnostic_status_sub_label,diagnostic_reason_short,diagnostic_reason,rating,review_count,product_age_days,description_length,description_length_words,description_length_chars,number_of_images,total_sales_value,unique_order_count,avg_review_rating,total_views,total_cart_adds,total_event_purchases,analysis_start_date,analysis_end_date
120,روايه عربيه بيست سيلر - اصدار خاص,روايه عربيه بيست سيلر - اصدار خاص,الكتب والتعليم,unknown_subcategory,الوراق,37.31,,False,14,2,1,41,14,2,1,2,14,14,2.0,1.0,39,39.0,2.0,14.0,False,1678.95,45,41,0.14285714285714285,0.5,0.07142857142857142,0.5,0.14285714285714285,2.9285714285714284,0.5,Moderate,0.8988124548851536,0.8988124548851536,1.0,1.0,1.0,0.07142857142857142,3.3634956997365264,2.0833333333333335,23.17142857142857,0.8706927821554322,False,False,False,High,False,False,False,False,True,متوسط,يحتاج متابعة,أداء متوسط,أداء المنتج متوسط ويمكن تحسينه من خلال تدخلات مركزة.,4.2,0,1092.0,81,15,81,4,1678.95,41,4.2,14,2,1,2024-01-01,2024-12-30
123,عداد خطوات ذكي - اصدار خاص,عداد خطوات ذكي - اصدار خاص,الرياضه واللياقه,unknown_subcategory,اندر ارمور,140.92,,False,14,2,1,28,14,2,1,2,14,14,2.0,1.0,28,28.0,2.0,14.0,False,4650.36,33,28,0.14285714285714285,0.5,0.07142857142857142,0.5,0.14285714285714285,2.0,0.5,Moderate,0.8606937423276529,0.8606937423276529,2.0,2.0,2.0,0.07142857142857142,8.50970943604373,2.1176470588235294,17.666666666666668,0.23502565099682474,False,False,False,High,False,False,False,False,True,متوسط,يحتاج متابعة,أداء متوسط,أداء المنتج متوسط ويمكن تحسينه من خلال تدخلات مركزة.,4.2,0,1127.0,77,14,77,2,4650.36,28,4.2,14,2,1,2024-01-01,2024-12-30
182,سيروم فيتامين سي - اصدار خاص,سيروم فيتامين سي - اصدار خاص,الجمال والعنايه,unknown_subcategory,لوريال,190.33,,False,13,2,1,28,13,2,1,2,13,13,2.0,1.0,28,28.0,2.0,13.0,False,5900.2300000000005,31,28,0.15384615384615385,0.5,0.07692307692307693,0.5,0.15384615384615385,2.1538461538461537,0.5,Moderate,0.8543577393922228,0.8543577393922228,3.0,3.0,3.0,0.07692307692307693,6.768778422340422,2.8,19.580645161290324,0.3182030817757843,False,False,False,High,False,False,False,False,True,متوسط,يحتاج متابعة,أداء متوسط,أداء المنتج متوسط ويمكن تحسينه من خلال تدخلات مركزة.,3.9,0,1098.0,79,14,79,5,5900.2300000000005,28,3.9,13,2,1,2024-01-01,2024-12-30
192,مجموعه كتب الطفل التعليميه - اصدار خاص,مجموعه كتب الطفل التعليميه - اصدار خاص,الكتب والتعليم,unknown_subcategory,نشر المعرفه,105.53,,False,11,2,1,26,11,2,1,2,11,11,2.0,1.0,26,26.0,2.0,11.0,False,3060.37,29,26,0.18181818181818182,0.5,0.09090909090909091,0.5,0.18181818181818182,2.3636363636363638,0.5,Moderate,0.834284422801543,0.834284422801543,4.0,4.0,4.0,0.09090909090909091,3.3634956997365264,2.0833333333333335,23.17142857142857,0.7027320902540518,False,False,False,High,False,True,False,False,True,متوسط,ظهور أقل من المطلوب,مشاهدات أقل من المطلوب,المنتج لا يحصل على عدد كافٍ من الزيارات خلال الفترة المختارة.,5.0,0,1173.0,86,15,86,5,3060.37,26,5.0,11,2,1,2024-01-01,2024-12-30
79,سيروم فيتامين سي - اصدار خاص,سيروم فيتامين سي - اصدار خاص,الجمال والعنايه,unknown_subcategory,دوف,421.1,,False,1,0,0,27,1,0,0,0,1,1,0.0,0.0,26,26.0,0.0,1.0,False,13054.1,31,27,0.0,,0.0,0.0,0.0,27.0,,Moderate,0.6910247609128739,0.6910247609128739,5.0,5.0,5.0,0.0,6.768778422340422,2.8,19.580645161290324,3.9889029179750106,True,False,True,High,False,True,False,False,True,متوسط,ظهور أقل من المطلوب,مشاهدات أقل من المطلوب,المنتج لا يحصل على عدد كافٍ من الزيارات خلال الفترة المختارة.,4.6,0,1188.0,79,14,79,3,13054.1,27,4.6,1,0,0,2024-01-01,2024-12-30
164,حقيبه يد جلديه - اصدار خاص,حقيبه يد جلديه - اصدار خاص,الازياء والملابس,unknown_subcategory,مانجو,297.97,,False,58,23,0,36,58,23,0,23,36,52,23.0,0.0,34,34.0,23.0,34.0,False,11024.890000000001,37,36,0.39655172413793105,0.0,0.0,1.0,0.39655172413793105,0.6923076923076923,1.0,Moderate,0.6599305329812205,0.6599305329812205,6.0,6.0,6.0,0.0,2.2844532741681975,2.3080357142857144,18.59375,0.3030518068091244,False,False,False,High,False,False,True,True,False,متوسط,انسحاب مرتفع بعد الإضافة للسلة,انسحاب مرتفع بعد الإضافة للسلة,المنتج يُشاهَد لكنه لا يتحول إلى شراء بالمستوى المطلوب.,3.9,0,1126.0,76,14,76,5,11024.890000000001,36,3.9,58,23,0,2024-01-01,2024-12-30
18,جاكيت شتوي دافي,جاكيت شتوي دافي,الازياء والملابس,unknown_subcategory,نايكي,685.51,,False,48,18,1,35,48,18,1,18,35,47,18.0,1.0,35,35.0,18.0,35.0,False,30162.44,44,35,0.375,0.05555555555555555,0.020833333333333332,0.9444444444444444,0.375,0.7446808510638298,0.9444444444444444,Moderate,0.5584871046705211,0.5584871046705211,7.0,7.0,7.0,0.020833333333333332,2.2844532741681975,2.3080357142857144,18.59375,0.32597771181596125,False,False,False,High,False,False,False,True,False,متوسط,تحويل أقل من المتوقع,تحويل أقل من المتوقع,المنتج يُشاهَد لكنه لا يتحول إلى شراء بالمستوى المطلوب.,3.8,0,1168.0,66,11,66,8,30162.44,35,3.8,48,18,1,2024-01-01,2024-12-30
183,كريم مرطب SPF 50 - اصدار خاص,كريم مرطب SPF 50 - اصدار خاص,الجمال والعنايه,unknown_subcategory,بالمر,171.04,,False,60,20,0,22,60,20,0,20,22,54,19.0,0.0,21,21.0,19.0,21.0,False,4104.96,24,22,0.3333333333333333,0.0,0.0,1.0,0.3333333333333333,0.4074074074074074,1.0,Moderate,0.5544091903948147,0.5544091903948147,8.0,8.0,8.0,0.0,6.768778422340422,2.8,19.580645161290324,0.06018920726711264,False,False,False,High,False,False,True,True,False,متوسط,انسحاب مرتفع بعد الإضافة للسلة,انسحاب مرتفع بعد الإضافة للسلة,المنتج يُشاهَد لكنه لا يتحول إلى شراء بالمستوى المطلوب.,4.4,0,1075.0,79,15,79,5,4104.96,22,4.4,60,20,0,2024-01-01,2024-12-30
193,مجموعه كتب الطفل التعليميه - اصدار خاص,مجموعه كتب الطفل التعليميه - اصدار خاص,الكتب والتعليم,unknown_subcategory,دار الفكر,256.05,,False,61,17,0,34,61,17,0,17,34,56,17.0,0.0,33,33.0,17.0,33.0,False,10498.050000000001,41,34,0.2786885245901639,0.0,0.0,1.0,0.2786885245901639,0.6071428571428571,1.0,Moderate,0.4997988393970052,0.4997988393970052,9.0,9.0,9.0,0.0,3.3634956997365264,2.0833333333333335,23.17142857142857,0.1805094792273457,False,False,False,High,False,False,True,True,False,متوسط,انسحاب مرتفع بعد الإضافة للسلة,انسحاب مرتفع بعد الإضافة للسلة,المنتج يُشاهَد لكنه لا يتحول إلى شراء بالمستوى المطلوب.,3.4,0,1127.0,87,14,87,5,10498.050000000001,34,3.4,61,17,0,2024-01-01,2024-12-30
30,مكواه بخاريه احترافيه,مكواه بخاريه احترافيه,المنزل والمطبخ,unknown_subcategory,تيفال,583.67,,False,9,3,1,33,9,3,1,3,9,9,3.0,1.0,30,30.0,3.0,9.0,False,19844.78,34,33,0.3333333333333333,0.3333333333333333,0.1111111111111111,0.6666666666666667,0.3333333333333333,3.6666666666666665,0.6666666666666667,Moderate,0.4696874736046546,0.4696874736046546,10.0,10.0,10.0,0.1111111111111111,4.391284662352632,1.9285714285714286,21.805555555555557,0.8349872414561822,True,False,False,High,False,True,False,False,True,متوسط,ظهور أقل من المطلوب,مشاهدات أقل من المطلوب,المنتج لا يحصل على عدد كافٍ من الزيارات خلال الفترة المختارة.,4.5,0,1227.0,65,9,65,4,19844.78,33,4.5,9,3,1,2024-01-01,2024-12-30
21,مكيف هواء انفيرتر 18000,مكيف هواء انفيرتر 18000,المنزل والمطبخ,unknown_subcategory,بوش,2953.99,,False,53,18,0,27,53,18,0,18,27,44,17.0,0.0,26,26.0,17.0,26.0,False,79757.73,27,27,0.33962264150943394,0.0,0.0,1.0,0.33962264150943394,0.6136363636363636,1.0,Moderate,0.4696699138668212,0.4696699138668212,11.0,11.0,11.0,0.0,4.391284662352632,1.9285714285714286,21.805555555555557,0.13973960032634455,False,False,False,High,False,False,True,True,False,متوسط,انسحاب مرتفع بعد الإضافة للسلة,انسحاب مرتفع بعد الإضافة للسلة,المنتج يُشاهَد لكنه لا يتحول إلى شراء بالمستوى المطلوب.,4.1,0,1142.0,67,10,67,8,79757.73,27,4.1,53,18,0,2024-01-01,2024-12-30
168,مجموعه سكاكين مطبخ - اصدار خاص,مجموعه سكاكين مطبخ - اصدار خاص,المنزل والمطبخ,unknown_subcategory,اريتي,126.51,,False,53,11,1,33,53,11,1,11,33,48,11.0,1.0,33,33.0,11.0,33.0,False,4554.360000000001,36,33,0.20754716981132076,0.09090909090909091,0.018867924528301886,0.9090909090909091,0.20754716981132076,0.6875,0.9090909090909091,Moderate,0.46587188465860063,0.46587188465860063,12.0,12.0,12.0,0.018867924528301886,4.391284662352632,1.9285714285714286,21.805555555555557,0.15656010777303417,False,False,False,High,False,False,False,True,False,متوسط,تحويل أقل من المتوقع,تحويل أقل من المتوقع,المنتج يُشاهَد لكنه لا يتحول إلى شراء بالمستوى المطلوب.,4.5,0,1094.0,80,16,80,4,4554.360000000001,33,4.5,53,11,1,2024-01-01,2024-12-30
109,قناع وجه كولاجين - اصدار خاص,قناع وجه كولاجين - اصدار خاص,الجمال والعنايه,unknown_subcategory,لوريال,44.98,,False,7,3,1,31,7,3,1,3,7,7,3.0,1.0,29,29.0,3.0,7.0,False,1439.36,32,31,0.42857142857142855,0.3333333333333333,0.14285714285714285,0.6666666666666667,0.42857142857142855,4.428571428571429,0.6666666666666667,Moderate,0.45288023611088607,0.45288023611088607,13.0,13.0,13.0,0.14285714285714285,6.768778422340422,2.8,19.580645161290324,0.6542644997736791,True,False,False,High,False,True,False,False,True,متوسط,ظهور أقل من المطلوب,مشاهدات أقل من المطلوب,المنتج لا يحصل على عدد كافٍ من الزيارات خلال الفترة المختارة.,2.8,0,1150.0,70,13,70,4,1439.36,31,2.8,7,3,1,2024-01-01,2024-12-30
74,كتاب الطبخ العربي التقليدي - اصدار خاص,كتاب الطبخ العربي التقليدي - اصدار خاص,الكتب والتعليم,unknown_subcategory,اكاديميا,132.13,,False,63,15,0,27,63,15,0,15,27,62,15.0,0.0,26,26.0,15.0,26.0,False,3699.64,28,27,0.23809523809523808,0.0,0.0,1.0,0.23809523809523808,0.43548387096774194,1.0,Moderate,0.4394059271319397,0.4394059271319397,14.0,14.0,14.0,0.0,3.3634956997365264,2.0833333333333335,23.17142857142857,0.1294735923110753,False,False,False,High,False,False,True,True,False,متوسط,انسحاب مرتفع بعد الإضافة للسلة,انسحاب مرتفع بعد الإضافة للسلة,المنتج يُشاهَد لكنه لا يتحول إلى شراء بالمستوى المطلوب.,4.5,0,1100.0,78,13,78,6,3699.64,27,4.5,63,15,0,2024-01-01,2024-12-30
45,كره قدم رسميه فيفا,كره قدم رسميه فيفا,الرياضه واللياقه,unknown_subcategory,هيد,207.67,,False,61,15,0,27,61,15,0,15,27,55,15.0,0.0,26,26.0,15.0,26.0,False,6437.7699999999995,31,27,0.2459016393442623,0.0,0.0,1.0,0.2459016393442623,0.4909090909090909,1.0,Moderate,0.4225056588604748,0.4225056588604748,15.0,15.0,15.0,0.0,8.50970943604373,2.1176470588235294,17.666666666666668,0.057688114335584254,False,False,False,High,False,False,True,True,False,متوسط,انسحاب مرتفع بعد الإضافة للسلة,انسحاب مرتفع بعد الإضافة للسلة,المنتج يُشاهَد لكنه لا يتحول إلى شراء بالمستوى المطلوب.,4.9,0,1163.0,69,12,69,2,6437.7699999999995,27,4.9,61,15,0,2024-01-01,2024-12-30
175,مجموعه كتب الطفل التعليميه - اصدار خاص,مجموعه كتب الطفل التعليميه - اصدار خاص,الكتب والتعليم,unknown_subcategory,مكتبه جرير,152.85,,False,49,18,0,32,49,18,0,18,32,47,18.0,0.0,32,32.0,18.0,32.0,False,5655.45,37,32,0.3673469387755102,0.0,0.0,1.0,0.3673469387755102,0.6808510638297872,1.0,Moderate,0.4124421692481844,0.4124421692481844,16.0,16.0,16.0,0.0,3.3634956997365264,2.0833333333333335,23.17142857142857,0.20242364629249282,False,False,False,High,False,False,True,True,False,متوسط,انسحاب مرتفع بعد الإضافة للسلة,انسحاب مرتفع بعد الإضافة للسلة,المنتج يُشاهَد لكنه لا يتحول إلى شراء بالمستوى المطلوب.,3.9,0,1119.0,87,14,87,4,5655.45,32,3.9,49,18,0,2024-01-01,2024-12-30
178,مكيف هواء انفيرتر 18000 - اصدار خاص,مكيف هواء انفيرتر 18000 - اصدار خاص,المنزل والمطبخ,unknown_subcategory,اريتي,3002.16,,False,50,17,0,24,50,17,0,17,24,42,17.0,0.0,23,23.0,17.0,23.0,False,72051.84,24,24,0.34,0.0,0.0,1.0,0.34,0.5714285714285714,1.0,Moderate,0.40152642061785887,0.40152642061785887,17.0,17.0,17.0,0.0,4.391284662352632,1.9285714285714286,21.805555555555557,0.13012788178537904,False,False,False,High,False,False,True,True,False,متوسط,انسحاب مرتفع بعد الإضافة للسلة,انسحاب مرتفع بعد الإضافة للسلة,المنتج يُشاهَد لكنه لا يتحول إلى شراء بالمستوى المطلوب.,3.6,0,1143.0,90,16,90,3,72051.84,24,3.6,50,17,0,2024-01-01,2024-12-30
124,كاميرا ميرورليس - اصدار خاص,كاميرا ميرورليس - اصدار خاص,الالكترونيات,unknown_subcategory,ال جي,4869.43,,False,52,14,0,25,52,14,0,14,25,46,14.0,0.0,24,24.0,14.0,24.0,False,141213.47,29,25,0.2692307692307692,0.0,0.0,1.0,0.2692307692307692,0.5434782608695652,1.0,Moderate,0.3576780181379239,0.3576780181379239,18.0,18.0,18.0,0.0,7.961233440029987,1.9,20.12121212121212,0.06826558534722707,False,False,False,High,False,False,True,True,False,متوسط,انسحاب مرتفع بعد الإضافة للسلة,انسحاب مرتفع بعد الإضافة للسلة,المنتج يُشاهَد لكنه لا يتحول إلى شراء بالمستوى المطلوب.,2.8,0,1144.0,88,14,88,1,141213.47,25,2.8,52,14,0,2024-01-01,2024-12-30
15,حذاء رياضي مريح,حذاء رياضي مريح,الازياء والملابس,unknown_subcategory,اديداس,478.33,,False,5,0,0,26,5,0,0,0,5,5,0.0,0.0,25,25.0,0.0,5.0,False,13871.57,29,26,0.0,,0.0,0.0,0.0,5.2,,Moderate,0.3538401830194476,0.3538401830194476,19.0,19.0,19.0,0.0,2.2844532741681975,2.3080357142857144,18.59375,2.276255793366312,True,False,True,High,False,True,False,False,True,متوسط,ظهور أقل من المطلوب,مشاهدات أقل من المطلوب,المنتج لا يحصل على عدد كافٍ من الزيارات خلال الفترة المختارة.,3.6,0,1201.0,64,10,64,7,13871.57,26,3.6,5,0,0,2024-01-01,2024-12-30
150,اطلس العالم المصور - اصدار خاص,اطلس العالم المصور - اصدار خاص,الكتب والتعليم,unknown_subcategory,بنغوين,244.37,,False,59,13,0,28,59,13,0,13,28,56,12.0,0.0,27,27.0,12.0,27.0,False,7331.1,30,28,0.22033898305084745,0.0,0.0,1.0,0.22033898305084745,0.5,1.0,Moderate,0.34478474174847346,0.34478474174847346,20.0,20.0,20.0,0.0,3.3634956997365264,2.0833333333333335,23.17142857142857,0.1486548652460494,False,False,False,High,False,False,True,True,False,متوسط,انسحاب مرتفع بعد الإضافة للسلة,انسحاب مرتفع بعد الإضافة للسلة,المنتج يُشاهَد لكنه لا يتحول إلى شراء بالمستوى المطلوب.,4.4,0,1192.0,78,14,78,2,7331.1,28,4.4,59,13,0,2024-01-01,2024-12-30
83,فستان سهره انيق - اصدار خاص,فستان سهره انيق - اصدار خاص,الازياء والملابس,unknown_subcategory,ماكس فاشون,584.83,,False,15,4,1,39,15,4,1,4,15,15,4.0,1.0,38,38.0,4.0,15.0,False,26317.350000000002,45,39,0.26666666666666666,0.25,0.06666666666666667,0.75,0.26666666666666666,2.6,0.75,Moderate,0.34324060665691636,0.34324060665691636,21.0,21.0,21.0,0.06666666666666667,2.2844532741681975,2.3080357142857144,18.59375,1.138127896683156,False,False,False,High,False,False,False,False,False,متوسط,يحتاج متابعة,أداء متوسط,أداء المنتج متوسط ويمكن تحسينه من خلال تدخلات مركزة.,3.4,0,1244.0,76,13,76,5,26317.350000000002,39,3.4,15,4,1,2024-01-01,2024-12-30
126,شاحن لاسلكي سريع - اصدار خاص,شاحن لاسلكي سريع - اصدار خاص,الالكترونيات,unknown_subcategory,شاومي,224.49,,False,56,13,0,35,56,13,0,13,35,50,12.0,0.0,35,35.0,12.0,35.0,False,8306.130000000001,37,35,0.23214285714285715,0.0,0.0,1.0,0.23214285714285715,0.7,1.0,Moderate,0.33278403630115905,0.33278403630115905,22.0,22.0,22.0,0.0,7.961233440029987,1.9,20.12121212121212,0.08792607392722845,False,False,False,High,False,False,True,True,False,متوسط,انسحاب مرتفع بعد الإضافة للسلة,انسحاب مرتفع بعد الإضافة للسلة,المنتج يُشاهَد لكنه لا يتحول إلى شراء بالمستوى المطلوب.,4.3,0,1169.0,89,15,89,2,8306.130000000001,35,4.3,56,13,0,2024-01-01,2024-12-30
172,كتاب رياده الاعمال والنجاح - اصدار خاص,كتاب رياده الاعمال والنجاح - اصدار خاص,الكتب والتعليم,unknown_subcategory,مكتبه جرير,72.49,,False,49,14,0,29,49,14,0,14,29,46,13.0,0.0,29,29.0,13.0,29.0,False,2247.19,31,29,0.2857142857142857,0.0,0.0,1.0,0.2857142857142857,0.6304347826086957,1.0,Moderate,0.2826414307656154,0.2826414307656154,23.0,23.0,23.0,0.0,3.3634956997365264,2.0833333333333335,23.17142857142857,0.18743439531023623,False,False,False,High,False,False,True,True,False,متوسط,انسحاب مرتفع بعد الإضافة للسلة,انسحاب مرتفع بعد الإضافة للسلة,المنتج يُشاهَد لكنه لا يتحول إلى شراء بالمستوى المطلوب.,3.6,0,1084.0,86,15,86,5,2247.19,29,3.6,49,14,0,2024-01-01,2024-12-30
189,مزيل عرق رول اون - اصدار خاص,مزيل عرق رول اون - اصدار خاص,الجمال والعنايه,unknown_subcategory,ماك,46.18,,False,50,14,0,24,50,14,0,14,24,40,14.0,0.0,23,23.0,14.0,23.0,False,1293.04,28,24,0.28,0.0,0.0,1.0,0.28,0.6,1.0,Moderate,0.28221455454154215,0.28221455454154215,24.0,24.0,24.0,0.0,6.768778422340422,2.8,19.580645161290324,0.08864228706611134,False,False,False,High,False,False,True,True,False,متوسط,انسحاب مرتفع بعد الإضافة للسلة,انسحاب مرتفع بعد الإضافة للسلة,المنتج يُشاهَد لكنه لا يتحول إلى شراء بالمستوى المطلوب.,3.2,0,1228.0,70,14,70,3,1293.04,24,3.2,50,14,0,2024-01-01,2024-12-30
176,فرن كهربايي 60 لتر - اصدار خاص,فرن كهربايي 60 لتر - اصدار خاص,المنزل والمطبخ,unknown_subcategory,ديلونجي,1269.55,,False,55,11,0,19,55,11,0,11,19,51,11.0,0.0,19,19.0,11.0,19.0,False,25391.0,20,19,0.2,0.0,0.0,1.0,0.2,0.37254901960784315,1.0,Moderate,0.2346257613635479,0.2346257613635479,25.0,25.0,25.0,0.0,4.391284662352632,1.9285714285714286,21.805555555555557,0.08483827586987948,False,False,False,High,False,False,True,True,False,متوسط,انسحاب مرتفع بعد الإضافة للسلة,انسحاب مرتفع بعد الإضافة للسلة,المنتج يُشاهَد لكنه لا يتحول إلى شراء بالمستوى المطلوب.,4.2,0,1106.0,85,16,85,5,25391.0,19,4.2,55,11,0,2024-01-01,2024-12-30
112,شاشه 4K 27 انش - اصدار خاص,شاشه 4K 27 انش - اصدار خاص,الالكترونيات,unknown_subcategory,ال جي,2651.9,,False,41,13,0,33,41,13,0,13,33,39,13.0,0.0,32,32.0,13.0,32.0,False,98120.3,37,33,0.3170731707317073,0.0,0.0,1.0,0.3170731707317073,0.8461538461538461,1.0,Moderate,0.2253897836838084,0.2253897836838084,26.0,26.0,26.0,0.0,7.961233440029987,1.9,20.12121212121212,0.10628426518675968,False,False,False,High,False,False,True,True,False,متوسط,انسحاب مرتفع بعد الإضافة للسلة,انسحاب مرتفع بعد الإضافة للسلة,المنتج يُشاهَد لكنه لا يتحول إلى شراء بالمستوى المطلوب.,4.9,0,1096.0,79,15,79,3,98120.3,33,4.9,41,13,0,2024-01-01,2024-12-30
17,شال كشمير ناعم,شال كشمير ناعم,الازياء والملابس,unknown_subcategory,H&M,281.04,,False,24,7,1,36,24,7,1,7,24,21,7.0,1.0,34,34.0,7.0,21.0,False,12084.720000000001,43,36,0.2916666666666667,0.14285714285714285,0.041666666666666664,0.8571428571428572,0.2916666666666667,1.7142857142857142,0.8571428571428572,Moderate,0.22527606811394574,0.22527606811394574,27.0,27.0,27.0,0.041666666666666664,2.2844532741681975,2.3080357142857144,18.59375,0.7504139978130699,False,False,False,High,False,False,False,False,False,متوسط,يحتاج متابعة,أداء متوسط,أداء المنتج متوسط ويمكن تحسينه من خلال تدخلات مركزة.,3.7,0,1239.0,64,11,64,6,12084.720000000001,36,3.7,24,7,1,2024-01-01,2024-12-30
185,سماعات لاسلكيه - اصدار خاص,سماعات لاسلكيه - اصدار خاص,الالكترونيات,unknown_subcategory,لينوفو,329.38,,False,41,14,0,30,41,14,0,14,30,38,14.0,0.0,29,29.0,14.0,29.0,False,10869.539999999999,33,30,0.34146341463414637,0.0,0.0,1.0,0.34146341463414637,0.7894736842105263,1.0,Moderate,0.21483812361486584,0.21483812361486584,28.0,28.0,28.0,0.0,7.961233440029987,1.9,20.12121212121212,0.0991647450307088,False,False,False,High,False,False,True,True,False,متوسط,انسحاب مرتفع بعد الإضافة للسلة,انسحاب مرتفع بعد الإضافة للسلة,المنتج يُشاهَد لكنه لا يتحول إلى شراء بالمستوى المطلوب.,3.2,0,1202.0,87,14,87,3,10869.539999999999,30,3.2,41,14,0,2024-01-01,2024-12-30
180,شال كشمير ناعم - اصدار خاص,شال كشمير ناعم - اصدار خاص,الازياء والملابس,unknown_subcategory,مانجو,279.71,,False,47,12,0,31,47,12,0,12,31,46,12.0,0.0,30,30.0,12.0,30.0,False,9230.429999999998,33,31,0.2553191489361702,0.0,0.0,1.0,0.2553191489361702,0.6739130434782609,1.0,Moderate,0.20973290645488796,0.20973290645488796,29.0,29.0,29.0,0.0,2.2844532741681975,2.3080357142857144,18.59375,0.29499970566202205,False,False,False,High,False,False,True,True,False,متوسط,انسحاب مرتفع بعد الإضافة للسلة,انسحاب مرتفع بعد الإضافة للسلة,المنتج يُشاهَد لكنه لا يتحول إلى شراء بالمستوى المطلوب.,3.3,0,1249.0,76,14,76,1,9230.429999999998,31,3.3,47,12,0,2024-01-01,2024-12-30
96,دراجه هواييه جبليه - اصدار خاص,دراجه هواييه جبليه - اصدار خاص,الرياضه واللياقه,unknown_subcategory,بوما,2249.21,,False,45,12,0,27,45,12,0,12,27,43,12.0,0.0,27,27.0,12.0,27.0,False,69725.51,31,27,0.26666666666666666,0.0,0.0,1.0,0.26666666666666666,0.627906976744186,1.0,Moderate,0.2068871830968345,0.2068871830968345,30.0,30.0,30.0,0.0,8.50970943604373,2.1176470588235294,17.666666666666668,0.0737871229873752,False,False,False,High,False,False,True,True,False,متوسط,انسحاب مرتفع بعد الإضافة للسلة,انسحاب مرتفع بعد الإضافة للسلة,المنتج يُشاهَد لكنه لا يتحول إلى شراء بالمستوى المطلوب.,4.3,0,1087.0,81,14,81,3,69725.51,27,4.3,45,12,0,2024-01-01,2024-12-30
87,طقم مكياج احترافي - اصدار خاص,طقم مكياج احترافي - اصدار خاص,الجمال والعنايه,unknown_subcategory,نيفيا,281.44,,False,47,12,0,24,47,12,0,12,24,44,11.0,0.0,21,21.0,11.0,21.0,False,7317.44,26,24,0.2553191489361702,0.0,0.0,1.0,0.2553191489361702,0.5454545454545454,1.0,Moderate,0.19417634033819897,0.19417634033819897,31.0,31.0,31.0,0.0,6.768778422340422,2.8,19.580645161290324,0.08058389733282849,False,False,False,High,False,False,True,True,False,متوسط,انسحاب مرتفع بعد الإضافة للسلة,انسحاب مرتفع بعد الإضافة للسلة,المنتج يُشاهَد لكنه لا يتحول إلى شراء بالمستوى المطلوب.,2.7,0,1164.0,93,17,93,6,7317.44,24,2.7,47,12,0,2024-01-01,2024-12-30
141,ساعه ذكيه سبورت - اصدار خاص,ساعه ذكيه سبورت - اصدار خاص,الالكترونيات,unknown_subcategory,ابل,449.82,,False,47,11,0,36,47,11,0,11,36,44,11.0,0.0,35,35.0,11.0,35.0,False,17992.8,40,36,0.23404255319148937,0.0,0.0,1.0,0.23404255319148937,0.8181818181818182,1.0,Moderate,0.1941427856079984,0.1941427856079984,32.0,32.0,32.0,0.0,7.961233440029987,1.9,20.12121212121212,0.10277073575909822,False,False,False,High,False,False,True,True,False,متوسط,انسحاب مرتفع بعد الإضافة للسلة,انسحاب مرتفع بعد الإضافة للسلة,المنتج يُشاهَد لكنه لا يتحول إلى شراء بالمستوى المطلوب.,3.4,0,1239.0,88,15,88,5,17992.8,36,3.4,47,11,0,2024-01-01,2024-12-30
64,عطر رجالي عودي - اصدار خاص,عطر رجالي عودي - اصدار خاص,الجمال والعنايه,unknown_subcategory,لوريال,578.73,,False,43,11,0,40,43,11,0,11,40,40,11.0,0.0,38,38.0,11.0,38.0,False,25464.120000000003,44,40,0.2558139534883721,0.0,0.0,1.0,0.2558139534883721,1.0,1.0,Moderate,0.16954894562769132,0.16954894562769132,33.0,33.0,33.0,0.0,6.768778422340422,2.8,19.580645161290324,0.14773714511018557,False,False,False,High,False,False,True,True,False,متوسط,انسحاب مرتفع بعد الإضافة للسلة,انسحاب مرتفع بعد الإضافة للسلة,المنتج يُشاهَد لكنه لا يتحول إلى شراء بالمستوى المطلوب.,3.5,0,1176.0,68,13,68,2,25464.120000000003,40,3.5,43,11,0,2024-01-01,2024-12-30
131,اوزان حديد طقم 20 كيلو - اصدار خاص,اوزان حديد طقم 20 كيلو - اصدار خاص,الرياضه واللياقه,unknown_subcategory,ديكاتلون,457.64,,False,41,10,0,35,41,10,0,10,35,38,10.0,0.0,35,35.0,10.0,35.0,False,16932.68,37,35,0.24390243902439024,0.0,0.0,1.0,0.24390243902439024,0.9210526315789473,1.0,Moderate,0.10631902281849352,0.10631902281849352,34.0,34.0,34.0,0.0,8.50970943604373,2.1176470588235294,17.666666666666668,0.10823549716959034,False,False,False,High,False,False,True,True,False,متوسط,انسحاب مرتفع بعد الإضافة للسلة,انسحاب مرتفع بعد الإضافة للسلة,المنتج يُشاهَد لكنه لا يتحول إلى شراء بالمستوى المطلوب.,2.7,0,1215.0,85,16,85,1,16932.68,35,2.7,41,10,0,2024-01-01,2024-12-30
119,ماكينه قهوه اسبريسو - اصدار خاص,ماكينه قهوه اسبريسو - اصدار خاص,المنزل والمطبخ,unknown_subcategory,تيفال,1350.85,,False,41,10,0,27,41,10,0,10,27,35,9.0,0.0,27,27.0,9.0,27.0,False,43227.2,32,27,0.24390243902439024,0.0,0.0,1.0,0.24390243902439024,0.7714285714285715,1.0,Moderate,0.09982817004891381,0.09982817004891381,35.0,35.0,35.0,0.0,4.391284662352632,1.9285714285714286,21.805555555555557,0.1756726404102617,False,False,False,High,False,False,True,True,False,متوسط,انسحاب مرتفع بعد الإضافة للسلة,انسحاب مرتفع بعد الإضافة للسلة,المنتج يُشاهَد لكنه لا يتحول إلى شراء بالمستوى المطلوب.,3.7,0,1142.0,75,12,75,3,43227.2,27,3.7,41,10,0,2024-01-01,2024-12-30
91,فرن كهربايي 60 لتر - اصدار خاص,فرن كهربايي 60 لتر - اصدار خاص,المنزل والمطبخ,unknown_subcategory,توشيبا,978.27,,False,43,9,0,27,43,9,0,9,27,41,9.0,0.0,27,27.0,9.0,27.0,False,27391.559999999998,28,27,0.20930232558139536,0.0,0.0,1.0,0.20930232558139536,0.6585365853658537,1.0,Moderate,0.07998466234150192,0.07998466234150192,36.0,36.0,36.0,0.0,4.391284662352632,1.9285714285714286,21.805555555555557,0.14996444913071122,False,False,False,High,False,False,True,True,False,متوسط,انسحاب مرتفع بعد الإضافة للسلة,انسحاب مرتفع بعد الإضافة للسلة,المنتج يُشاهَد لكنه لا يتحول إلى شراء بالمستوى المطلوب.,4.4,0,1226.0,80,17,80,1,27391.559999999998,27,4.4,43,9,0,2024-01-01,2024-12-30
77,دوره برمجه اكاديميه USB - اصدار خاص,دوره برمجه اكاديميه USB - اصدار خاص,الكتب والتعليم,unknown_subcategory,الوراق,193.57,,False,40,9,0,27,40,9,0,9,27,39,9.0,0.0,27,27.0,9.0,27.0,False,5807.099999999999,30,27,0.225,0.0,0.0,1.0,0.225,0.6923076923076923,1.0,Moderate,0.04356211379238899,0.04356211379238899,37.0,37.0,37.0,0.0,3.3634956997365264,2.0833333333333335,23.17142857142857,0.20582981341760687,False,False,False,High,False,False,True,True,False,متوسط,انسحاب مرتفع بعد الإضافة للسلة,انسحاب مرتفع بعد الإضافة للسلة,المنتج يُشاهَد لكنه لا يتحول إلى شراء بالمستوى المطلوب.,3.4,0,1165.0,83,15,83,6,5807.099999999999,27,3.4,40,9,0,2024-01-01,2024-12-30
158,فستان سهره انيق - اصدار خاص,فستان سهره انيق - اصدار خاص,الازياء والملابس,unknown_subcategory,بوما,655.51,,False,45,7,0,29,45,7,0,7,29,43,7.0,0.0,27,27.0,7.0,27.0,False,20976.32,32,29,0.15555555555555556,0.0,0.0,1.0,0.15555555555555556,0.6744186046511628,1.0,Moderate,0.039150108904531765,0.039150108904531765,38.0,38.0,38.0,0.0,2.2844532741681975,2.3080357142857144,18.59375,0.295221010767545,False,False,False,High,False,False,True,True,False,متوسط,انسحاب مرتفع بعد الإضافة للسلة,انسحاب مرتفع بعد الإضافة للسلة,المنتج يُشاهَد لكنه لا يتحول إلى شراء بالمستوى المطلوب.,4.2,0,1173.0,78,14,78,2,20976.32,29,4.2,45,7,0,2024-01-01,2024-12-30
108,كاميرا ميرورليس - اصدار خاص,كاميرا ميرورليس - اصدار خاص,الالكترونيات,unknown_subcategory,ال جي,5179.59,,False,19,11,0,34,19,11,0,11,19,19,11.0,0.0,32,32.0,11.0,19.0,False,191644.83000000002,37,34,0.5789473684210527,0.0,0.0,1.0,0.5789473684210527,1.7894736842105263,1.0,Moderate,0.011149563605527353,0.011149563605527353,39.0,39.0,39.0,0.0,7.961233440029987,1.9,20.12121212121212,0.2247734220696066,False,False,False,High,False,False,True,False,False,متوسط,انسحاب مرتفع بعد الإضافة للسلة,انسحاب مرتفع بعد الإضافة للسلة,هناك اهتمام واضح بالمنتج لكن جزءًا من العملاء لا يكمل الشراء بعد الإضافة للسلة.,3.3,0,1212.0,85,15,85,2,191644.83000000002,34,3.3,19,11,0,2024-01-01,2024-12-30
199,زيت ارغان طبيعي - اصدار خاص,زيت ارغان طبيعي - اصدار خاص,الجمال والعنايه,unknown_subcategory,بيوتانيا,107.47,,False,22,11,0,27,22,11,0,11,22,21,11.0,0.0,25,25.0,11.0,21.0,False,3331.57,31,27,0.5,0.0,0.0,1.0,0.5,1.2857142857142858,1.0,Moderate,-0.056622203766449775,-0.056622203766449775,40.0,40.0,40.0,0.0,6.768778422340422,2.8,19.580645161290324,0.18994775799881006,False,False,False,High,False,False,True,False,False,متوسط,انسحاب مرتفع بعد الإضافة للسلة,انسحاب مرتفع بعد الإضافة للسلة,هناك اهتمام واضح بالمنتج لكن جزءًا من العملاء لا يكمل الشراء بعد الإضافة للسلة.,2.6,0,1246.0,78,14,78,1,3331.57,27,2.6,22,11,0,2024-01-01,2024-12-30
191,غساله اوتوماتيك 8 كيلو - اصدار خاص,غساله اوتوماتيك 8 كيلو - اصدار خاص,المنزل والمطبخ,unknown_subcategory,هايسنس,2178.66,,False,24,10,0,23,24,10,0,10,23,23,10.0,0.0,21,21.0,10.0,21.0,False,54466.5,25,23,0.4166666666666667,0.0,0.0,1.0,0.4166666666666667,1.0,1.0,Moderate,-0.05996727875305205,-0.05996727875305205,41.0,41.0,41.0,0.0,4.391284662352632,1.9285714285714286,21.805555555555557,0.22772379312441332,False,False,False,High,False,False,True,True,False,متوسط,انسحاب مرتفع بعد الإضافة للسلة,انسحاب مرتفع بعد الإضافة للسلة,المنتج يُشاهَد لكنه لا يتحول إلى شراء بالمستوى المطلوب.,2.8,0,1201.0,78,13,78,2,54466.5,23,2.8,24,10,0,2024-01-01,2024-12-30
23,ثلاجه نوفروست 350 لتر,ثلاجه نوفروست 350 لتر,المنزل والمطبخ,unknown_subcategory,اريتي,3803.84,,False,27,8,0,23,27,8,0,8,23,26,8.0,0.0,23,23.0,8.0,23.0,False,102703.68000000001,27,23,0.2962962962962963,0.0,0.0,1.0,0.2962962962962963,0.8846153846153846,1.0,Moderate,-0.07542610009042389,-0.07542610009042389,42.0,42.0,42.0,0.0,4.391284662352632,1.9285714285714286,21.805555555555557,0.20144797084082716,False,False,False,High,False,False,True,True,False,متوسط,انسحاب مرتفع بعد الإضافة للسلة,انسحاب مرتفع بعد الإضافة للسلة,المنتج يُشاهَد لكنه لا يتحول إلى شراء بالمستوى المطلوب.,3.7,0,1223.0,76,13,76,8,102703.68000000001,23,3.7,27,8,0,2024-01-01,2024-12-30
188,جهاز مشي كهربايي - اصدار خاص,جهاز مشي كهربايي - اصدار خاص,الرياضه واللياقه,unknown_subcategory,هيد,2599.64,,False,24,8,0,31,24,8,0,8,24,24,8.0,0.0,31,31.0,8.0,24.0,False,83188.48,32,31,0.3333333333333333,0.0,0.0,1.0,0.3333333333333333,1.2916666666666667,1.0,Moderate,-0.09023522365365702,-0.09023522365365702,43.0,43.0,43.0,0.0,8.50970943604373,2.1176470588235294,17.666666666666668,0.15178739960211599,False,False,False,High,False,False,True,False,False,متوسط,انسحاب مرتفع بعد الإضافة للسلة,انسحاب مرتفع بعد الإضافة للسلة,هناك اهتمام واضح بالمنتج لكن جزءًا من العملاء لا يكمل الشراء بعد الإضافة للسلة.,4.9,0,1108.0,82,15,82,3,83188.48,31,4.9,24,8,0,2024-01-01,2024-12-30
40,مزيل عرق رول اون,مزيل عرق رول اون,الجمال والعنايه,unknown_subcategory,نيفيا,36.51,,False,23,10,0,18,23,10,0,10,18,22,9.0,0.0,18,18.0,9.0,18.0,False,693.6899999999999,19,18,0.43478260869565216,0.0,0.0,1.0,0.43478260869565216,0.8181818181818182,1.0,Moderate,-0.10295200537486564,-0.10295200537486564,44.0,44.0,44.0,0.0,6.768778422340422,2.8,19.580645161290324,0.12087584599924275,False,False,False,High,False,False,True,True,False,متوسط,انسحاب مرتفع بعد الإضافة للسلة,انسحاب مرتفع بعد الإضافة للسلة,المنتج يُشاهَد لكنه لا يتحول إلى شراء بالمستوى المطلوب.,4.5,0,1104.0,58,11,58,5,693.6899999999999,18,4.5,23,10,0,2024-01-01,2024-12-30
73,فستان سهره انيق - اصدار خاص,فستان سهره انيق - اصدار خاص,الازياء والملابس,unknown_subcategory,نايكي,249.37,,False,20,9,0,37,20,9,0,9,20,20,9.0,0.0,35,35.0,9.0,20.0,False,10224.17,41,37,0.45,0.0,0.0,1.0,0.45,1.85,1.0,Moderate,-0.10624881228325679,-0.10624881228325679,45.0,45.0,45.0,0.0,2.2844532741681975,2.3080357142857144,18.59375,0.809821772639938,False,False,False,High,False,False,True,False,False,متوسط,انسحاب مرتفع بعد الإضافة للسلة,انسحاب مرتفع بعد الإضافة للسلة,هناك اهتمام واضح بالمنتج لكن جزءًا من العملاء لا يكمل الشراء بعد الإضافة للسلة.,3.4,0,1217.0,76,13,76,6,10224.17,37,3.4,20,9,0,2024-01-01,2024-12-30
24,مكنسه كهرباييه لاسلكيه,مكنسه كهرباييه لاسلكيه,المنزل والمطبخ,unknown_subcategory,هايسنس,362.63,,False,26,8,0,28,26,8,0,8,26,26,8.0,0.0,27,27.0,8.0,26.0,False,10516.27,29,28,0.3076923076923077,0.0,0.0,1.0,0.3076923076923077,1.0769230769230769,1.0,Moderate,-0.1092986369105508,-0.1092986369105508,46.0,46.0,46.0,0.0,4.391284662352632,1.9285714285714286,21.805555555555557,0.24524100798013743,False,False,False,High,False,False,True,True,False,متوسط,انسحاب مرتفع بعد الإضافة للسلة,انسحاب مرتفع بعد الإضافة للسلة,المنتج يُشاهَد لكنه لا يتحول إلى شراء بالمستوى المطلوب.,4.5,0,1106.0,77,12,77,2,10516.27,28,4.5,26,8,0,2024-01-01,2024-12-30
135,طقم اواني طهي غرانيت - اصدار خاص,طقم اواني طهي غرانيت - اصدار خاص,المنزل والمطبخ,unknown_subcategory,تيفال,248.61,,False,33,5,0,36,33,5,0,5,33,30,5.0,0.0,34,34.0,5.0,30.0,False,9944.400000000001,40,36,0.15151515151515152,0.0,0.0,1.0,0.15151515151515152,1.2,1.0,Moderate,-0.11837149008530731,-0.11837149008530731,47.0,47.0,47.0,0.0,4.391284662352632,1.9285714285714286,21.805555555555557,0.273268551749296,False,False,False,High,False,False,True,True,False,متوسط,انسحاب مرتفع بعد الإضافة للسلة,انسحاب مرتفع بعد الإضافة للسلة,المنتج يُشاهَد لكنه لا يتحول إلى شراء بالمستوى المطلوب.,2.8,0,1105.0,87,16,87,4,9944.400000000001,36,2.8,33,5,0,2024-01-01,2024-12-30
167,حقيبه رياضيه جيم - اصدار خاص,حقيبه رياضيه جيم - اصدار خاص,الرياضه واللياقه,unknown_subcategory,هيد,104.4,,False,28,6,0,39,28,6,0,6,28,27,6.0,0.0,38,38.0,6.0,27.0,False,4280.400000000001,41,39,0.21428571428571427,0.0,0.0,1.0,0.21428571428571427,1.4444444444444444,1.0,Moderate,-0.1278437658815981,-0.1278437658815981,48.0,48.0,48.0,0.0,8.50970943604373,2.1176470588235294,17.666666666666668,0.1697407479421512,False,False,False,High,False,False,True,False,False,متوسط,انسحاب مرتفع بعد الإضافة للسلة,انسحاب مرتفع بعد الإضافة للسلة,هناك اهتمام واضح بالمنتج لكن جزءًا من العملاء لا يكمل الشراء بعد الإضافة للسلة.,3.8,0,1247.0,82,15,82,1,4280.400000000001,39,3.8,28,6,0,2024-01-01,2024-12-30
186,كتاب الطبخ العربي التقليدي - اصدار خاص,كتاب الطبخ العربي التقليدي - اصدار خاص,الكتب والتعليم,unknown_subcategory,دار العلوم,109.52,,False,27,7,0,28,27,7,0,7,27,27,7.0,0.0,27,27.0,7.0,27.0,False,3066.56,28,28,0.25925925925925924,0.0,0.0,1.0,0.25925925925925924,1.037037037037037,1.0,Moderate,-0.13402313087135104,-0.13402313087135104,49.0,49.0,49.0,0.0,3.3634956997365264,2.0833333333333335,23.17142857142857,0.3083212019918062,False,False,False,High,False,False,True,True,False,متوسط,انسحاب مرتفع بعد الإضافة للسلة,انسحاب مرتفع بعد الإضافة للسلة,المنتج يُشاهَد لكنه لا يتحول إلى شراء بالمستوى المطلوب.,2.8,0,1186.0,78,13,78,4,3066.56,28,2.8,27,7,0,2024-01-01,2024-12-30
169,فستان سهره انيق - اصدار خاص,فستان سهره انيق - اصدار خاص,الازياء والملابس,unknown_subcategory,H&M,452.68,,False,23,8,0,27,23,8,0,8,23,23,8.0,0.0,27,27.0,8.0,23.0,False,13127.720000000001,29,27,0.34782608695652173,0.0,0.0,1.0,0.34782608695652173,1.173913043478261,1.0,Moderate,-0.136806111196798,-0.136806111196798,50.0,50.0,50.0,0.0,2.2844532741681975,2.3080357142857144,18.59375,0.5138704550241675,False,False,False,High,False,False,True,True,False,متوسط,انسحاب مرتفع بعد الإضافة للسلة,انسحاب مرتفع بعد الإضافة للسلة,المنتج يُشاهَد لكنه لا يتحول إلى شراء بالمستوى المطلوب.,3.1,0,1201.0,78,14,78,5,13127.720000000001,27,3.1,23,8,0,2024-01-01,2024-12-30
195,فرن كهربايي 60 لتر - اصدار خاص,فرن كهربايي 60 لتر - اصدار خاص,المنزل والمطبخ,unknown_subcategory,بوش,411.6,,False,19,8,0,34,19,8,0,8,19,17,7.0,0.0,34,34.0,7.0,17.0,False,14406.0,35,34,0.42105263157894735,0.0,0.0,1.0,0.42105263157894735,2.0,1.0,Moderate,-0.14742672457498857,-0.14742672457498857,51.0,51.0,51.0,0.0,4.391284662352632,1.9285714285714286,21.805555555555557,0.45544758624882664,False,False,False,High,False,False,True,False,False,متوسط,انسحاب مرتفع بعد الإضافة للسلة,انسحاب مرتفع بعد الإضافة للسلة,هناك اهتمام واضح بالمنتج لكن جزءًا من العملاء لا يكمل الشراء بعد الإضافة للسلة.,3.1,0,1150.0,80,17,80,6,14406.0,34,3.1,19,8,0,2024-01-01,2024-12-30
146,اوزان حديد طقم 20 كيلو - اصدار خاص,اوزان حديد طقم 20 كيلو - اصدار خاص,الرياضه واللياقه,unknown_subcategory,اندر ارمور,323.76,,False,24,8,0,20,24,8,0,8,20,23,8.0,0.0,19,19.0,8.0,19.0,False,6798.96,21,20,0.3333333333333333,0.0,0.0,1.0,0.3333333333333333,0.8695652173913043,1.0,Moderate,-0.14766456672186148,-0.14766456672186148,52.0,52.0,52.0,0.0,8.50970943604373,2.1176470588235294,17.666666666666668,0.10218506565079337,False,False,False,High,False,False,True,True,False,متوسط,انسحاب مرتفع بعد الإضافة للسلة,انسحاب مرتفع بعد الإضافة للسلة,المنتج يُشاهَد لكنه لا يتحول إلى شراء بالمستوى المطلوب.,3.4,0,1081.0,88,17,88,2,6798.96,20,3.4,24,8,0,2024-01-01,2024-12-30
76,حقيبه رياضيه جيم - اصدار خاص,حقيبه رياضيه جيم - اصدار خاص,الرياضه واللياقه,unknown_subcategory,نيو بالانس,110.25,,False,21,8,0,28,21,8,0,8,21,19,7.0,0.0,28,28.0,7.0,19.0,False,3417.75,31,28,0.38095238095238093,0.0,0.0,1.0,0.38095238095238093,1.4736842105263157,1.0,Moderate,-0.15267463466124134,-0.15267463466124134,53.0,53.0,53.0,0.0,8.50970943604373,2.1176470588235294,17.666666666666668,0.17317679547134454,False,False,False,High,False,False,True,False,False,متوسط,انسحاب مرتفع بعد الإضافة للسلة,انسحاب مرتفع بعد الإضافة للسلة,هناك اهتمام واضح بالمنتج لكن جزءًا من العملاء لا يكمل الشراء بعد الإضافة للسلة.,4.1,0,1083.0,82,15,82,3,3417.75,28,4.1,21,8,0,2024-01-01,2024-12-30
114,حقيبه رياضيه جيم - اصدار خاص,حقيبه رياضيه جيم - اصدار خاص,الرياضه واللياقه,unknown_subcategory,بوما,246.79,,False,22,7,0,35,22,7,0,7,22,22,7.0,0.0,34,34.0,7.0,22.0,False,9624.81,39,35,0.3181818181818182,0.0,0.0,1.0,0.3181818181818182,1.5909090909090908,1.0,Moderate,-0.1566771226897986,-0.1566771226897986,54.0,54.0,54.0,0.0,8.50970943604373,2.1176470588235294,17.666666666666668,0.18695222238383785,False,False,False,High,False,False,True,False,False,متوسط,انسحاب مرتفع بعد الإضافة للسلة,انسحاب مرتفع بعد الإضافة للسلة,هناك اهتمام واضح بالمنتج لكن جزءًا من العملاء لا يكمل الشراء بعد الإضافة للسلة.,4.3,0,1091.0,82,15,82,2,9624.81,35,4.3,22,7,0,2024-01-01,2024-12-30
117,حصيره يوغا مضاده للانزلاق - اصدار خاص,حصيره يوغا مضاده للانزلاق - اصدار خاص,الرياضه واللياقه,unknown_subcategory,هيد,159.84,,False,24,7,0,29,24,7,0,7,24,24,7.0,0.0,28,28.0,7.0,24.0,False,5114.88,32,29,0.2916666666666667,0.0,0.0,1.0,0.2916666666666667,1.2083333333333333,1.0,Moderate,-0.1568831438802955,-0.1568831438802955,55.0,55.0,55.0,0.0,8.50970943604373,2.1176470588235294,17.666666666666668,0.14199466414391493,False,False,False,High,False,False,True,True,False,متوسط,انسحاب مرتفع بعد الإضافة للسلة,انسحاب مرتفع بعد الإضافة للسلة,المنتج يُشاهَد لكنه لا يتحول إلى شراء بالمستوى المطلوب.,3.3,0,1073.0,93,15,93,4,5114.88,29,3.3,24,7,0,2024-01-01,2024-12-30
92,موسوعه التاريخ الاسلامي - اصدار خاص,موسوعه التاريخ الاسلامي - اصدار خاص,الكتب والتعليم,unknown_subcategory,اكاديميا,182.48,,False,21,7,0,32,21,7,0,7,21,21,7.0,0.0,32,32.0,7.0,21.0,False,6204.32,34,32,0.3333333333333333,0.0,0.0,1.0,0.3333333333333333,1.5238095238095237,1.0,Moderate,-0.17405578065236066,-0.17405578065236066,56.0,56.0,56.0,0.0,3.3634956997365264,2.0833333333333335,23.17142857142857,0.4530433988451029,False,False,False,High,False,False,True,False,False,متوسط,انسحاب مرتفع بعد الإضافة للسلة,انسحاب مرتفع بعد الإضافة للسلة,هناك اهتمام واضح بالمنتج لكن جزءًا من العملاء لا يكمل الشراء بعد الإضافة للسلة.,3.8,0,1126.0,75,12,75,5,6204.32,32,3.8,21,7,0,2024-01-01,2024-12-30
156,قميص قطني كلاسيكي - اصدار خاص,قميص قطني كلاسيكي - اصدار خاص,الازياء والملابس,unknown_subcategory,ليفايز,131.66,,False,19,8,0,27,19,8,0,8,19,19,8.0,0.0,27,27.0,8.0,19.0,False,3686.48,28,27,0.42105263157894735,0.0,0.0,1.0,0.42105263157894735,1.4210526315789473,1.0,Moderate,-0.17420869898634136,-0.17420869898634136,57.0,57.0,57.0,0.0,2.2844532741681975,2.3080357142857144,18.59375,0.6220537087134659,False,False,False,High,False,False,True,False,False,متوسط,انسحاب مرتفع بعد الإضافة للسلة,انسحاب مرتفع بعد الإضافة للسلة,هناك اهتمام واضح بالمنتج لكن جزءًا من العملاء لا يكمل الشراء بعد الإضافة للسلة.,4.0,0,1214.0,79,14,79,1,3686.48,27,4.0,19,8,0,2024-01-01,2024-12-30
137,راوتر واي فاي 6 - اصدار خاص,راوتر واي فاي 6 - اصدار خاص,الالكترونيات,unknown_subcategory,اوبو,593.31,,False,22,7,0,26,22,7,0,7,22,22,7.0,0.0,24,24.0,7.0,22.0,False,17205.989999999998,29,26,0.3181818181818182,0.0,0.0,1.0,0.3181818181818182,1.1818181818181819,1.0,Moderate,-0.17686214680014314,-0.17686214680014314,58.0,58.0,58.0,0.0,7.961233440029987,1.9,20.12121212121212,0.1484466183186974,False,False,False,High,False,False,True,True,False,متوسط,انسحاب مرتفع بعد الإضافة للسلة,انسحاب مرتفع بعد الإضافة للسلة,المنتج يُشاهَد لكنه لا يتحول إلى شراء بالمستوى المطلوب.,3.4,0,1239.0,80,15,80,1,17205.989999999998,26,3.4,22,7,0,2024-01-01,2024-12-30
136,فرن كهربايي 60 لتر - اصدار خاص,فرن كهربايي 60 لتر - اصدار خاص,المنزل والمطبخ,unknown_subcategory,توشيبا,1233.09,,False,25,6,0,25,25,6,0,6,25,25,6.0,0.0,25,25.0,6.0,25.0,False,33293.43,27,25,0.24,0.0,0.0,1.0,0.24,1.0,1.0,Moderate,-0.1775095188455123,-0.1775095188455123,59.0,59.0,59.0,0.0,4.391284662352632,1.9285714285714286,21.805555555555557,0.22772379312441332,False,False,False,High,False,False,True,True,False,متوسط,انسحاب مرتفع بعد الإضافة للسلة,انسحاب مرتفع بعد الإضافة للسلة,المنتج يُشاهَد لكنه لا يتحول إلى شراء بالمستوى المطلوب.,4.5,0,1118.0,85,16,85,2,33293.43,25,4.5,25,6,0,2024-01-01,2024-12-30
13,بنطلون جينز سليم فيت,بنطلون جينز سليم فيت,الازياء والملابس,unknown_subcategory,H&M,342.07,,False,20,8,0,17,20,8,0,8,17,20,8.0,0.0,17,17.0,8.0,17.0,False,6499.33,19,17,0.4,0.0,0.0,1.0,0.4,0.85,1.0,Moderate,-0.19139636514272654,-0.19139636514272654,60.0,60.0,60.0,0.0,2.2844532741681975,2.3080357142857144,18.59375,0.3720802739156472,False,False,False,High,False,False,True,True,False,متوسط,انسحاب مرتفع بعد الإضافة للسلة,انسحاب مرتفع بعد الإضافة للسلة,المنتج يُشاهَد لكنه لا يتحول إلى شراء بالمستوى المطلوب.,3.2,0,1080.0,71,12,71,7,6499.33,17,3.2,20,8,0,2024-01-01,2024-12-30
75,تابلت 10 انش - اصدار خاص,تابلت 10 انش - اصدار خاص,الالكترونيات,unknown_subcategory,شاومي,670.09,,False,20,6,0,35,20,6,0,6,20,18,6.0,0.0,33,33.0,6.0,18.0,False,24793.33,37,35,0.3,0.0,0.0,1.0,0.3,1.9444444444444444,1.0,Moderate,-0.194066618076434,-0.194066618076434,61.0,61.0,61.0,0.0,7.961233440029987,1.9,20.12121212121212,0.24423909424230128,False,False,False,High,False,False,True,False,False,متوسط,انسحاب مرتفع بعد الإضافة للسلة,انسحاب مرتفع بعد الإضافة للسلة,هناك اهتمام واضح بالمنتج لكن جزءًا من العملاء لا يكمل الشراء بعد الإضافة للسلة.,3.0,0,1190.0,85,15,85,3,24793.33,35,3.0,20,6,0,2024-01-01,2024-12-30
152,شال كشمير ناعم - اصدار خاص,شال كشمير ناعم - اصدار خاص,الازياء والملابس,unknown_subcategory,بوما,92.66,,False,25,6,0,23,25,6,0,6,23,25,6.0,0.0,22,22.0,6.0,22.0,False,2131.18,23,23,0.24,0.0,0.0,1.0,0.24,0.92,1.0,Moderate,-0.19488231738240816,-0.19488231738240816,62.0,62.0,62.0,0.0,2.2844532741681975,2.3080357142857144,18.59375,0.40272217882634753,False,False,False,High,False,False,True,True,False,متوسط,انسحاب مرتفع بعد الإضافة للسلة,انسحاب مرتفع بعد الإضافة للسلة,المنتج يُشاهَد لكنه لا يتحول إلى شراء بالمستوى المطلوب.,3.4,0,1176.0,77,14,77,6,2131.18,23,3.4,25,6,0,2024-01-01,2024-12-30
89,كتاب رياده الاعمال والنجاح - اصدار خاص,كتاب رياده الاعمال والنجاح - اصدار خاص,الكتب والتعليم,unknown_subcategory,بنغوين,73.16,,False,21,7,0,24,21,7,0,7,21,21,7.0,0.0,24,24.0,7.0,21.0,False,2048.48,28,24,0.3333333333333333,0.0,0.0,1.0,0.3333333333333333,1.1428571428571428,1.0,Moderate,-0.19663121442596168,-0.19663121442596168,63.0,63.0,63.0,0.0,3.3634956997365264,2.0833333333333335,23.17142857142857,0.3397825491338272,False,False,False,High,False,False,True,True,False,متوسط,انسحاب مرتفع بعد الإضافة للسلة,انسحاب مرتفع بعد الإضافة للسلة,المنتج يُشاهَد لكنه لا يتحول إلى شراء بالمستوى المطلوب.,2.8,0,1205.0,78,13,78,2,2048.48,24,2.8,21,7,0,2024-01-01,2024-12-30
70,فرن كهربايي 60 لتر - اصدار خاص,فرن كهربايي 60 لتر - اصدار خاص,المنزل والمطبخ,unknown_subcategory,فيليبس,1076.29,,False,22,6,0,26,22,6,0,6,22,22,6.0,0.0,24,24.0,6.0,22.0,False,32288.699999999997,30,26,0.2727272727272727,0.0,0.0,1.0,0.2727272727272727,1.1818181818181819,1.0,Moderate,-0.20140443242648223,-0.20140443242648223,64.0,64.0,64.0,0.0,4.391284662352632,1.9285714285714286,21.805555555555557,0.26912811914703394,False,False,False,High,False,False,True,True,False,متوسط,انسحاب مرتفع بعد الإضافة للسلة,انسحاب مرتفع بعد الإضافة للسلة,المنتج يُشاهَد لكنه لا يتحول إلى شراء بالمستوى المطلوب.,3.1,0,1121.0,74,13,74,2,32288.699999999997,26,3.1,22,6,0,2024-01-01,2024-12-30
143,عطر رجالي عودي - اصدار خاص,عطر رجالي عودي - اصدار خاص,الجمال والعنايه,unknown_subcategory,دوف,602.95,,False,23,5,0,34,23,5,0,5,23,23,5.0,0.0,32,32.0,5.0,23.0,False,22912.100000000002,38,34,0.21739130434782608,0.0,0.0,1.0,0.21739130434782608,1.4782608695652173,1.0,Moderate,-0.20673934699698698,-0.20673934699698698,65.0,65.0,65.0,0.0,6.768778422340422,2.8,19.580645161290324,0.21839404059766562,False,False,False,High,False,False,True,False,False,متوسط,انسحاب مرتفع بعد الإضافة للسلة,انسحاب مرتفع بعد الإضافة للسلة,هناك اهتمام واضح بالمنتج لكن جزءًا من العملاء لا يكمل الشراء بعد الإضافة للسلة.,4.8,0,1235.0,68,13,68,4,22912.100000000002,34,4.8,23,5,0,2024-01-01,2024-12-30
27,فرن كهربايي 60 لتر,فرن كهربايي 60 لتر,المنزل والمطبخ,unknown_subcategory,توشيبا,1128.13,,False,13,7,0,34,13,7,0,7,13,13,7.0,0.0,33,33.0,7.0,13.0,False,39484.55,35,34,0.5384615384615384,0.0,0.0,1.0,0.5384615384615384,2.6153846153846154,1.0,Moderate,-0.21426427170011836,-0.21426427170011836,66.0,66.0,66.0,0.0,4.391284662352632,1.9285714285714286,21.805555555555557,0.5955853050946195,False,False,False,High,False,False,True,False,False,متوسط,انسحاب مرتفع بعد الإضافة للسلة,انسحاب مرتفع بعد الإضافة للسلة,هناك اهتمام واضح بالمنتج لكن جزءًا من العملاء لا يكمل الشراء بعد الإضافة للسلة.,4.0,0,1197.0,62,10,62,5,39484.55,34,4.0,13,7,0,2024-01-01,2024-12-30
102,تابلت 10 انش - اصدار خاص,تابلت 10 انش - اصدار خاص,الالكترونيات,unknown_subcategory,لينوفو,1982.66,,False,20,6,0,23,20,6,0,6,20,19,6.0,0.0,20,20.0,6.0,19.0,False,51549.16,26,23,0.3,0.0,0.0,1.0,0.3,1.2105263157894737,1.0,Moderate,-0.21758342187642749,-0.21758342187642749,67.0,67.0,67.0,0.0,7.961233440029987,1.9,20.12121212121212,0.1520526090470868,False,False,False,High,False,False,True,True,False,متوسط,انسحاب مرتفع بعد الإضافة للسلة,انسحاب مرتفع بعد الإضافة للسلة,المنتج يُشاهَد لكنه لا يتحول إلى شراء بالمستوى المطلوب.,3.5,0,1138.0,85,15,85,3,51549.16,23,3.5,20,6,0,2024-01-01,2024-12-30
145,قاموس عربي انجليزي شامل - اصدار خاص,قاموس عربي انجليزي شامل - اصدار خاص,الكتب والتعليم,unknown_subcategory,دار الفكر,165.87,,False,20,5,0,41,20,5,0,5,20,20,5.0,0.0,40,40.0,5.0,20.0,False,7464.150000000001,45,41,0.25,0.0,0.0,1.0,0.25,2.05,1.0,Moderate,-0.21890638351790165,-0.21890638351790165,68.0,68.0,68.0,0.0,3.3634956997365264,2.0833333333333335,23.17142857142857,0.6094849475088026,False,False,False,High,False,False,True,False,False,متوسط,انسحاب مرتفع بعد الإضافة للسلة,انسحاب مرتفع بعد الإضافة للسلة,هناك اهتمام واضح بالمنتج لكن جزءًا من العملاء لا يكمل الشراء بعد الإضافة للسلة.,4.9,0,1111.0,83,15,83,6,7464.150000000001,41,4.9,20,5,0,2024-01-01,2024-12-30
194,ساعه ذكيه سبورت - اصدار خاص,ساعه ذكيه سبورت - اصدار خاص,الالكترونيات,unknown_subcategory,ال جي,582.97,,False,20,5,0,38,20,5,0,5,20,20,5.0,0.0,38,38.0,5.0,20.0,False,23318.800000000003,40,38,0.25,0.0,0.0,1.0,0.25,1.9,1.0,Moderate,-0.22056358670752244,-0.22056358670752244,69.0,69.0,69.0,0.0,7.961233440029987,1.9,20.12121212121212,0.23865648637390582,False,False,False,High,False,False,True,False,False,متوسط,انسحاب مرتفع بعد الإضافة للسلة,انسحاب مرتفع بعد الإضافة للسلة,هناك اهتمام واضح بالمنتج لكن جزءًا من العملاء لا يكمل الشراء بعد الإضافة للسلة.,4.0,0,1119.0,80,14,80,6,23318.800000000003,38,4.0,20,5,0,2024-01-01,2024-12-30
69,لابتوب الترا سليم - اصدار خاص,لابتوب الترا سليم - اصدار خاص,الالكترونيات,unknown_subcategory,اوبو,5185.33,,False,17,5,0,27,17,5,0,5,17,16,5.0,0.0,26,26.0,5.0,16.0,False,150374.57,29,27,0.29411764705882354,0.0,0.0,1.0,0.29411764705882354,1.6875,1.0,Moderate,-0.2218328630812206,-0.2218328630812206,70.0,70.0,70.0,0.0,7.961233440029987,1.9,20.12121212121212,0.21196464250314004,False,False,False,High,False,False,True,False,False,متوسط,انسحاب مرتفع بعد الإضافة للسلة,انسحاب مرتفع بعد الإضافة للسلة,هناك اهتمام واضح بالمنتج لكن جزءًا من العملاء لا يكمل الشراء بعد الإضافة للسلة.,2.5,0,1204.0,82,14,82,5,150374.57,27,2.5,17,5,0,2024-01-01,2024-12-30
67,لابتوب الترا سليم - اصدار خاص,لابتوب الترا سليم - اصدار خاص,الالكترونيات,unknown_subcategory,سامسونج,3651.66,,False,21,4,0,29,21,4,0,4,21,21,4.0,0.0,29,29.0,4.0,21.0,False,113201.45999999999,31,29,0.19047619047619047,0.0,0.0,1.0,0.19047619047619047,1.380952380952381,1.0,Moderate,-0.2309499399015273,-0.2309499399015273,71.0,71.0,71.0,0.0,7.961233440029987,1.9,20.12121212121212,0.1734596016251446,False,False,False,High,False,False,True,False,False,متوسط,انسحاب مرتفع بعد الإضافة للسلة,انسحاب مرتفع بعد الإضافة للسلة,هناك اهتمام واضح بالمنتج لكن جزءًا من العملاء لا يكمل الشراء بعد الإضافة للسلة.,4.6,0,1132.0,82,14,82,6,113201.45999999999,29,4.6,21,4,0,2024-01-01,2024-12-30
171,موسوعه التاريخ الاسلامي - اصدار خاص,موسوعه التاريخ الاسلامي - اصدار خاص,الكتب والتعليم,unknown_subcategory,دار الفكر,100.57,,False,22,5,0,29,22,5,0,5,22,22,5.0,0.0,28,28.0,5.0,22.0,False,3218.24,32,29,0.22727272727272727,0.0,0.0,1.0,0.22727272727272727,1.3181818181818181,1.0,Moderate,-0.23578696253983716,-0.23578696253983716,72.0,72.0,72.0,0.0,3.3634956997365264,2.0833333333333335,23.17142857142857,0.3919082811032212,False,False,False,High,False,False,True,False,False,متوسط,انسحاب مرتفع بعد الإضافة للسلة,انسحاب مرتفع بعد الإضافة للسلة,هناك اهتمام واضح بالمنتج لكن جزءًا من العملاء لا يكمل الشراء بعد الإضافة للسلة.,3.4,0,1240.0,84,13,84,4,3218.24,29,3.4,22,5,0,2024-01-01,2024-12-30
5,تابلت 10 انش,تابلت 10 انش,الالكترونيات,unknown_subcategory,سامسونج,1043.64,,False,17,6,0,27,17,6,0,6,17,16,6.0,0.0,27,27.0,6.0,16.0,False,30265.560000000005,29,27,0.35294117647058826,0.0,0.0,1.0,0.35294117647058826,1.6875,1.0,Moderate,-0.23909456223286743,-0.23909456223286743,73.0,73.0,73.0,0.0,7.961233440029987,1.9,20.12121212121212,0.21196464250314004,False,False,False,High,False,False,True,False,False,متوسط,انسحاب مرتفع بعد الإضافة للسلة,انسحاب مرتفع بعد الإضافة للسلة,هناك اهتمام واضح بالمنتج لكن جزءًا من العملاء لا يكمل الشراء بعد الإضافة للسلة.,5.0,0,1202.0,73,12,73,6,30265.560000000005,27,5.0,17,6,0,2024-01-01,2024-12-30
7,كاميرا ميرورليس,كاميرا ميرورليس,الالكترونيات,unknown_subcategory,ال جي,2063.12,,False,23,3,0,33,23,3,0,3,23,21,3.0,0.0,32,32.0,3.0,21.0,False,78398.56,38,33,0.13043478260869565,0.0,0.0,1.0,0.13043478260869565,1.5714285714285714,1.0,Moderate,-0.24594776549562566,-0.24594776549562566,74.0,74.0,74.0,0.0,7.961233440029987,1.9,20.12121212121212,0.197385063918268,False,False,False,High,False,False,True,False,True,متوسط,انسحاب مرتفع بعد الإضافة للسلة,انسحاب مرتفع بعد الإضافة للسلة,هناك اهتمام واضح بالمنتج لكن جزءًا من العملاء لا يكمل الشراء بعد الإضافة للسلة.,3.5,0,1169.0,76,11,76,7,78398.56,33,3.5,23,3,0,2024-01-01,2024-12-30
113,كتاب تعلم البرمجه بالعربيه - اصدار خاص,كتاب تعلم البرمجه بالعربيه - اصدار خاص,الكتب والتعليم,unknown_subcategory,اكاديميا,61.24,,False,28,3,0,28,28,3,0,3,28,26,3.0,0.0,26,26.0,3.0,26.0,False,1775.96,29,28,0.10714285714285714,0.0,0.0,1.0,0.10714285714285714,1.0769230769230769,1.0,Moderate,-0.24656615130542392,-0.24656615130542392,75.0,75.0,75.0,0.0,3.3634956997365264,2.0833333333333335,23.17142857142857,0.3201797097607218,False,False,False,High,False,False,True,True,True,متوسط,انسحاب مرتفع بعد الإضافة للسلة,انسحاب مرتفع بعد الإضافة للسلة,المنتج يُشاهَد لكنه لا يتحول إلى شراء بالمستوى المطلوب.,4.1,0,1206.0,87,14,87,5,1775.96,28,4.1,28,3,0,2024-01-01,2024-12-30
142,مكبر صوت بلوتوث - اصدار خاص,مكبر صوت بلوتوث - اصدار خاص,الالكترونيات,unknown_subcategory,سامسونج,243.55,,False,20,5,0,29,20,5,0,5,20,19,5.0,0.0,29,29.0,5.0,19.0,False,7550.05,31,29,0.25,0.0,0.0,1.0,0.25,1.5263157894736843,1.0,Moderate,-0.24943589355401272,-0.24943589355401272,76.0,76.0,76.0,0.0,7.961233440029987,1.9,20.12121212121212,0.19171850705937035,False,False,False,High,False,False,True,False,False,متوسط,انسحاب مرتفع بعد الإضافة للسلة,انسحاب مرتفع بعد الإضافة للسلة,هناك اهتمام واضح بالمنتج لكن جزءًا من العملاء لا يكمل الشراء بعد الإضافة للسلة.,2.9,0,1109.0,88,15,88,6,7550.05,29,2.9,20,5,0,2024-01-01,2024-12-30
147,هاتف ذكي برو ماكس - اصدار خاص,هاتف ذكي برو ماكس - اصدار خاص,الالكترونيات,unknown_subcategory,لينوفو,4075.22,,False,13,4,0,34,13,4,0,4,13,11,4.0,0.0,33,33.0,4.0,11.0,False,154858.36,38,34,0.3076923076923077,0.0,0.0,1.0,0.3076923076923077,3.090909090909091,1.0,Moderate,-0.2518296049981144,-0.2518296049981144,77.0,77.0,77.0,0.0,7.961233440029987,1.9,20.12121212121212,0.3882450017565932,False,False,False,High,False,False,True,False,False,متوسط,انسحاب مرتفع بعد الإضافة للسلة,انسحاب مرتفع بعد الإضافة للسلة,هناك اهتمام واضح بالمنتج لكن جزءًا من العملاء لا يكمل الشراء بعد الإضافة للسلة.,4.8,0,1210.0,90,16,90,2,154858.36,34,4.8,13,4,0,2024-01-01,2024-12-30
86,لباس رياضي ضاغط - اصدار خاص,لباس رياضي ضاغط - اصدار خاص,الرياضه واللياقه,unknown_subcategory,نيو بالانس,336.99,,False,17,6,0,25,17,6,0,6,17,17,6.0,0.0,25,25.0,6.0,17.0,False,8424.75,25,25,0.35294117647058826,0.0,0.0,1.0,0.35294117647058826,1.4705882352941178,1.0,Moderate,-0.25510339871622245,-0.25510339871622245,78.0,78.0,78.0,0.0,8.50970943604373,2.1176470588235294,17.666666666666668,0.17281297867413586,False,False,False,High,False,False,True,False,False,متوسط,انسحاب مرتفع بعد الإضافة للسلة,انسحاب مرتفع بعد الإضافة للسلة,هناك اهتمام واضح بالمنتج لكن جزءًا من العملاء لا يكمل الشراء بعد الإضافة للسلة.,4.3,0,1195.0,83,14,83,5,8424.75,25,4.3,17,6,0,2024-01-01,2024-12-30
153,فرن كهربايي 60 لتر - اصدار خاص,فرن كهربايي 60 لتر - اصدار خاص,المنزل والمطبخ,unknown_subcategory,هايسنس,564.14,,False,18,5,0,29,18,5,0,5,18,17,5.0,0.0,27,27.0,5.0,17.0,False,19180.76,34,29,0.2777777777777778,0.0,0.0,1.0,0.2777777777777778,1.7058823529411764,1.0,Moderate,-0.2606691830873513,-0.2606691830873513,79.0,79.0,79.0,0.0,4.391284662352632,1.9285714285714286,21.805555555555557,0.3884700000357639,False,False,False,High,False,False,True,False,False,متوسط,انسحاب مرتفع بعد الإضافة للسلة,انسحاب مرتفع بعد الإضافة للسلة,هناك اهتمام واضح بالمنتج لكن جزءًا من العملاء لا يكمل الشراء بعد الإضافة للسلة.,3.4,0,1204.0,80,17,80,4,19180.76,29,3.4,18,5,0,2024-01-01,2024-12-30
116,قناع وجه كولاجين - اصدار خاص,قناع وجه كولاجين - اصدار خاص,الجمال والعنايه,unknown_subcategory,افينو,136.01,,False,24,3,0,34,24,3,0,3,24,24,3.0,0.0,33,33.0,3.0,24.0,False,5032.37,37,34,0.125,0.0,0.0,1.0,0.125,1.4166666666666667,1.0,Moderate,-0.2665330645218605,-0.2665330645218605,80.0,80.0,80.0,0.0,6.768778422340422,2.8,19.580645161290324,0.20929428890609625,False,False,False,High,False,False,True,False,True,متوسط,انسحاب مرتفع بعد الإضافة للسلة,انسحاب مرتفع بعد الإضافة للسلة,هناك اهتمام واضح بالمنتج لكن جزءًا من العملاء لا يكمل الشراء بعد الإضافة للسلة.,4.3,0,1224.0,92,17,92,6,5032.37,34,4.3,24,3,0,2024-01-01,2024-12-30
115,شاحن لاسلكي سريع - اصدار خاص,شاحن لاسلكي سريع - اصدار خاص,الالكترونيات,unknown_subcategory,ابل,131.51,,False,18,5,0,28,18,5,0,5,18,16,5.0,0.0,28,28.0,5.0,16.0,False,4339.83,33,28,0.2777777777777778,0.0,0.0,1.0,0.2777777777777778,1.75,1.0,Moderate,-0.2676194196593163,-0.2676194196593163,81.0,81.0,81.0,0.0,7.961233440029987,1.9,20.12121212121212,0.21981518481807116,False,False,False,High,False,False,True,False,False,متوسط,انسحاب مرتفع بعد الإضافة للسلة,انسحاب مرتفع بعد الإضافة للسلة,هناك اهتمام واضح بالمنتج لكن جزءًا من العملاء لا يكمل الشراء بعد الإضافة للسلة.,3.6,0,1170.0,86,16,86,2,4339.83,28,3.6,18,5,0,2024-01-01,2024-12-30
55,روايه عربيه بيست سيلر,روايه عربيه بيست سيلر,الكتب والتعليم,unknown_subcategory,اكاديميا,41.52,,False,16,5,0,34,16,5,0,5,16,15,5.0,0.0,34,34.0,5.0,15.0,False,1577.7600000000002,38,34,0.3125,0.0,0.0,1.0,0.3125,2.2666666666666666,1.0,Moderate,-0.268009956310937,-0.268009956310937,82.0,82.0,82.0,0.0,3.3634956997365264,2.0833333333333335,23.17142857142857,0.6739020557820906,False,False,False,High,False,False,True,False,False,متوسط,انسحاب مرتفع بعد الإضافة للسلة,انسحاب مرتفع بعد الإضافة للسلة,هناك اهتمام واضح بالمنتج لكن جزءًا من العملاء لا يكمل الشراء بعد الإضافة للسلة.,5.0,0,1193.0,61,10,61,2,1577.7600000000002,34,5.0,16,5,0,2024-01-01,2024-12-30
198,حقيبه يد جلديه - اصدار خاص,حقيبه يد جلديه - اصدار خاص,الازياء والملابس,unknown_subcategory,ليفايز,440.15,,False,12,5,0,39,12,5,0,5,12,12,5.0,0.0,39,39.0,5.0,12.0,False,18926.45,43,39,0.4166666666666667,0.0,0.0,1.0,0.4166666666666667,3.25,1.0,Moderate,-0.2731374509111049,-0.2731374509111049,83.0,83.0,83.0,0.0,2.2844532741681975,2.3080357142857144,18.59375,1.422659870853945,False,False,False,High,False,False,False,False,False,متوسط,انسحاب مرتفع بعد الإضافة للسلة,انسحاب مرتفع بعد الإضافة للسلة,أداء المنتج متوسط ويمكن تحسينه من خلال تدخلات مركزة.,4.5,0,1183.0,77,14,77,4,18926.45,39,4.5,12,5,0,2024-01-01,2024-12-30
12,فستان سهره انيق,فستان سهره انيق,الازياء والملابس,unknown_subcategory,نايكي,378.07,,False,14,5,0,35,14,5,0,5,14,14,5.0,0.0,34,34.0,5.0,14.0,False,15122.8,40,35,0.35714285714285715,0.0,0.0,1.0,0.35714285714285715,2.5,1.0,Moderate,-0.27576076490981244,-0.27576076490981244,84.0,84.0,84.0,0.0,2.2844532741681975,2.3080357142857144,18.59375,1.094353746810727,False,False,False,High,False,False,True,False,False,متوسط,انسحاب مرتفع بعد الإضافة للسلة,انسحاب مرتفع بعد الإضافة للسلة,هناك اهتمام واضح بالمنتج لكن جزءًا من العملاء لا يكمل الشراء بعد الإضافة للسلة.,4.2,0,1152.0,64,10,64,5,15122.8,35,4.2,14,5,0,2024-01-01,2024-12-30
129,تيشيرت بولو قطن - اصدار خاص,تيشيرت بولو قطن - اصدار خاص,الازياء والملابس,unknown_subcategory,بوما,94.56,,False,12,6,0,30,12,6,0,6,12,12,6.0,0.0,30,30.0,6.0,12.0,False,3120.48,33,30,0.5,0.0,0.0,1.0,0.5,2.5,1.0,Moderate,-0.2779278592966493,-0.2779278592966493,85.0,85.0,85.0,0.0,2.2844532741681975,2.3080357142857144,18.59375,1.094353746810727,False,False,False,High,False,False,True,False,False,متوسط,انسحاب مرتفع بعد الإضافة للسلة,انسحاب مرتفع بعد الإضافة للسلة,هناك اهتمام واضح بالمنتج لكن جزءًا من العملاء لا يكمل الشراء بعد الإضافة للسلة.,4.5,0,1109.0,76,13,76,2,3120.48,30,4.5,12,6,0,2024-01-01,2024-12-30
144,كتاب تطوير الذات والتحفيز - اصدار خاص,كتاب تطوير الذات والتحفيز - اصدار خاص,الكتب والتعليم,unknown_subcategory,دار قرطبه,91.59,,False,24,3,0,28,24,3,0,3,24,23,3.0,0.0,27,27.0,3.0,23.0,False,2839.29,31,28,0.125,0.0,0.0,1.0,0.125,1.2173913043478262,1.0,Moderate,-0.28161561605750424,-0.28161561605750424,86.0,86.0,86.0,0.0,3.3634956997365264,2.0833333333333335,23.17142857142857,0.36194228059907685,False,False,False,High,False,False,True,True,True,متوسط,انسحاب مرتفع بعد الإضافة للسلة,انسحاب مرتفع بعد الإضافة للسلة,المنتج يُشاهَد لكنه لا يتحول إلى شراء بالمستوى المطلوب.,3.4,0,1174.0,77,13,77,5,2839.29,28,3.4,24,3,0,2024-01-01,2024-12-30
49,جهاز قياس ضغط الدم,جهاز قياس ضغط الدم,الرياضه واللياقه,unknown_subcategory,نيو بالانس,247.85,,False,22,4,0,22,22,4,0,4,22,22,4.0,0.0,22,22.0,4.0,22.0,False,6196.25,25,22,0.18181818181818182,0.0,0.0,1.0,0.18181818181818182,1.0,1.0,Moderate,-0.2831937812171622,-0.2831937812171622,87.0,87.0,87.0,0.0,8.50970943604373,2.1176470588235294,17.666666666666668,0.11751282549841237,False,False,False,High,False,False,True,True,False,متوسط,انسحاب مرتفع بعد الإضافة للسلة,انسحاب مرتفع بعد الإضافة للسلة,المنتج يُشاهَد لكنه لا يتحول إلى شراء بالمستوى المطلوب.,4.5,0,1240.0,69,12,69,6,6196.25,22,4.5,22,4,0,2024-01-01,2024-12-30
95,كره قدم رسميه فيفا - اصدار خاص,كره قدم رسميه فيفا - اصدار خاص,الرياضه واللياقه,unknown_subcategory,بوما,217.5,,False,17,4,0,36,17,4,0,4,17,17,4.0,0.0,35,35.0,4.0,17.0,False,8265.0,38,36,0.23529411764705882,0.0,0.0,1.0,0.23529411764705882,2.1176470588235294,1.0,Moderate,-0.2853795096522355,-0.2853795096522355,88.0,88.0,88.0,0.0,8.50970943604373,2.1176470588235294,17.666666666666668,0.24885068929075563,False,False,False,High,False,False,True,False,False,متوسط,انسحاب مرتفع بعد الإضافة للسلة,انسحاب مرتفع بعد الإضافة للسلة,هناك اهتمام واضح بالمنتج لكن جزءًا من العملاء لا يكمل الشراء بعد الإضافة للسلة.,4.0,0,1126.0,86,15,86,5,8265.0,36,4.0,17,4,0,2024-01-01,2024-12-30
57,مجموعه كتب الطفل التعليميه,مجموعه كتب الطفل التعليميه,الكتب والتعليم,unknown_subcategory,دار قرطبه,215.42,,False,20,4,0,25,20,4,0,4,20,19,3.0,0.0,25,25.0,3.0,19.0,False,5600.92,26,25,0.2,0.0,0.0,1.0,0.2,1.3157894736842106,1.0,Moderate,-0.2915616598946322,-0.2915616598946322,89.0,89.0,89.0,0.0,3.3634956997365264,2.0833333333333335,23.17142857142857,0.39119701380539323,False,False,False,High,False,False,True,False,False,متوسط,انسحاب مرتفع بعد الإضافة للسلة,انسحاب مرتفع بعد الإضافة للسلة,هناك اهتمام واضح بالمنتج لكن جزءًا من العملاء لا يكمل الشراء بعد الإضافة للسلة.,3.3,0,1116.0,66,10,66,8,5600.92,25,3.3,20,4,0,2024-01-01,2024-12-30
196,اطلس العالم المصور - اصدار خاص,اطلس العالم المصور - اصدار خاص,الكتب والتعليم,unknown_subcategory,دار العلوم,211.44,,False,17,5,0,22,17,5,0,5,17,17,5.0,0.0,22,22.0,5.0,17.0,False,4863.12,23,22,0.29411764705882354,0.0,0.0,1.0,0.29411764705882354,1.2941176470588236,1.0,Moderate,-0.29548827250086046,-0.29548827250086046,90.0,90.0,90.0,0.0,3.3634956997365264,2.0833333333333335,23.17142857142857,0.3847537688721279,False,False,False,High,False,False,True,False,False,متوسط,انسحاب مرتفع بعد الإضافة للسلة,انسحاب مرتفع بعد الإضافة للسلة,هناك اهتمام واضح بالمنتج لكن جزءًا من العملاء لا يكمل الشراء بعد الإضافة للسلة.,3.5,0,1116.0,79,13,79,5,4863.12,22,3.5,17,5,0,2024-01-01,2024-12-30
65,مكنسه كهرباييه لاسلكيه - اصدار خاص,مكنسه كهرباييه لاسلكيه - اصدار خاص,المنزل والمطبخ,unknown_subcategory,فيليبس,586.82,,False,14,5,0,27,14,5,0,5,14,14,5.0,0.0,26,26.0,5.0,14.0,False,17604.600000000002,30,27,0.35714285714285715,0.0,0.0,1.0,0.35714285714285715,1.9285714285714286,1.0,Moderate,-0.2989584227786655,-0.2989584227786655,91.0,91.0,91.0,0.0,4.391284662352632,1.9285714285714286,21.805555555555557,0.4391816010256543,False,False,False,High,False,False,True,False,False,متوسط,انسحاب مرتفع بعد الإضافة للسلة,انسحاب مرتفع بعد الإضافة للسلة,هناك اهتمام واضح بالمنتج لكن جزءًا من العملاء لا يكمل الشراء بعد الإضافة للسلة.,2.7,0,1185.0,84,16,84,6,17604.600000000002,27,2.7,14,5,0,2024-01-01,2024-12-30
110,جهاز قياس ضغط الدم - اصدار خاص,جهاز قياس ضغط الدم - اصدار خاص,الرياضه واللياقه,unknown_subcategory,بوما,228.23,,False,22,3,0,27,22,3,0,3,22,22,3.0,0.0,26,26.0,3.0,22.0,False,6618.67,29,27,0.13636363636363635,0.0,0.0,1.0,0.13636363636363635,1.2272727272727273,1.0,Moderate,-0.3006810267723852,-0.3006810267723852,92.0,92.0,92.0,0.0,8.50970943604373,2.1176470588235294,17.666666666666668,0.14422028583896065,False,False,False,High,False,False,True,True,True,متوسط,انسحاب مرتفع بعد الإضافة للسلة,انسحاب مرتفع بعد الإضافة للسلة,المنتج يُشاهَد لكنه لا يتحول إلى شراء بالمستوى المطلوب.,4.0,0,1131.0,86,15,86,4,6618.67,27,4.0,22,3,0,2024-01-01,2024-12-30
148,حذاء جري احترافي - اصدار خاص,حذاء جري احترافي - اصدار خاص,الرياضه واللياقه,unknown_subcategory,هيد,658.67,,False,10,5,0,32,10,5,0,5,10,10,5.0,0.0,31,31.0,5.0,10.0,False,22394.78,34,32,0.5,0.0,0.0,1.0,0.5,3.2,1.0,Moderate,-0.30414748144086917,-0.30414748144086917,93.0,93.0,93.0,0.0,8.50970943604373,2.1176470588235294,17.666666666666668,0.37604104159491963,False,False,False,High,False,True,True,False,False,متوسط,انسحاب مرتفع بعد الإضافة للسلة,انسحاب مرتفع بعد الإضافة للسلة,هناك اهتمام واضح بالمنتج لكن جزءًا من العملاء لا يكمل الشراء بعد الإضافة للسلة.,4.3,0,1107.0,84,14,84,2,22394.78,32,4.3,10,5,0,2024-01-01,2024-12-30
44,جهاز مشي كهربايي,جهاز مشي كهربايي,الرياضه واللياقه,unknown_subcategory,نيو بالانس,1768.56,,False,16,4,0,25,16,4,0,4,16,15,4.0,0.0,25,25.0,4.0,15.0,False,45982.56,26,25,0.25,0.0,0.0,1.0,0.25,1.6666666666666667,1.0,Moderate,-0.3073553015655566,-0.3073553015655566,94.0,94.0,94.0,0.0,8.50970943604373,2.1176470588235294,17.666666666666668,0.19585470916402062,False,False,False,High,False,False,True,False,False,متوسط,انسحاب مرتفع بعد الإضافة للسلة,انسحاب مرتفع بعد الإضافة للسلة,هناك اهتمام واضح بالمنتج لكن جزءًا من العملاء لا يكمل الشراء بعد الإضافة للسلة.,4.7,0,1135.0,72,11,72,6,45982.56,25,4.7,16,4,0,2024-01-01,2024-12-30
155,حذاء رياضي مريح - اصدار خاص,حذاء رياضي مريح - اصدار خاص,الازياء والملابس,unknown_subcategory,ماكس فاشون,298.62,,False,14,4,0,34,14,4,0,4,14,14,4.0,0.0,33,33.0,4.0,14.0,False,10451.7,35,34,0.2857142857142857,0.0,0.0,1.0,0.2857142857142857,2.4285714285714284,1.0,Moderate,-0.31118891565330714,-0.31118891565330714,95.0,95.0,95.0,0.0,2.2844532741681975,2.3080357142857144,18.59375,1.063086496901849,False,False,False,High,False,False,True,False,False,متوسط,انسحاب مرتفع بعد الإضافة للسلة,انسحاب مرتفع بعد الإضافة للسلة,هناك اهتمام واضح بالمنتج لكن جزءًا من العملاء لا يكمل الشراء بعد الإضافة للسلة.,2.7,0,1233.0,76,13,76,3,10451.7,34,2.7,14,4,0,2024-01-01,2024-12-30
59,كتاب تطوير الذات والتحفيز,كتاب تطوير الذات والتحفيز,الكتب والتعليم,unknown_subcategory,اكاديميا,88.07,,False,13,4,0,32,13,4,0,4,13,10,4.0,0.0,31,31.0,4.0,10.0,False,3170.5199999999995,36,32,0.3076923076923077,0.0,0.0,1.0,0.3076923076923077,3.2,1.0,Moderate,-0.31393513753193264,-0.31393513753193264,96.0,96.0,96.0,0.0,3.3634956997365264,2.0833333333333335,23.17142857142857,0.9513911375747163,False,False,False,High,False,False,True,False,False,متوسط,انسحاب مرتفع بعد الإضافة للسلة,انسحاب مرتفع بعد الإضافة للسلة,هناك اهتمام واضح بالمنتج لكن جزءًا من العملاء لا يكمل الشراء بعد الإضافة للسلة.,4.5,0,1147.0,73,12,73,3,3170.5199999999995,32,4.5,13,4,0,2024-01-01,2024-12-30
100,حقيبه يد جلديه - اصدار خاص,حقيبه يد جلديه - اصدار خاص,الازياء والملابس,unknown_subcategory,مانجو,418.81,,False,13,5,0,25,13,5,0,5,13,13,5.0,0.0,25,25.0,5.0,13.0,False,12145.49,29,25,0.38461538461538464,0.0,0.0,1.0,0.38461538461538464,1.9230769230769231,1.0,Moderate,-0.3142936799796672,-0.3142936799796672,97.0,97.0,97.0,0.0,2.2844532741681975,2.3080357142857144,18.59375,0.84181057446979,False,False,False,High,False,False,True,False,False,متوسط,انسحاب مرتفع بعد الإضافة للسلة,انسحاب مرتفع بعد الإضافة للسلة,هناك اهتمام واضح بالمنتج لكن جزءًا من العملاء لا يكمل الشراء بعد الإضافة للسلة.,4.3,0,1173.0,77,14,77,3,12145.49,25,4.3,13,5,0,2024-01-01,2024-12-30
130,ثلاجه نوفروست 350 لتر - اصدار خاص,ثلاجه نوفروست 350 لتر - اصدار خاص,المنزل والمطبخ,unknown_subcategory,فيليبس,3341.54,,False,11,4,0,27,11,4,0,4,11,11,4.0,0.0,27,27.0,4.0,11.0,False,103587.74,31,27,0.36363636363636365,0.0,0.0,1.0,0.36363636363636365,2.4545454545454546,1.0,Moderate,-0.3146761972787452,-0.3146761972787452,98.0,98.0,98.0,0.0,4.391284662352632,1.9285714285714286,21.805555555555557,0.5589584013053782,False,False,False,High,False,True,True,False,False,متوسط,انسحاب مرتفع بعد الإضافة للسلة,انسحاب مرتفع بعد الإضافة للسلة,هناك اهتمام واضح بالمنتج لكن جزءًا من العملاء لا يكمل الشراء بعد الإضافة للسلة.,4.5,0,1103.0,83,17,83,6,103587.74,27,4.5,11,4,0,2024-01-01,2024-12-30
22,غساله اوتوماتيك 8 كيلو,غساله اوتوماتيك 8 كيلو,المنزل والمطبخ,unknown_subcategory,فيليبس,2057.09,,False,10,5,0,25,10,5,0,5,10,10,5.0,0.0,24,24.0,5.0,10.0,False,55541.43000000001,27,25,0.5,0.0,0.0,1.0,0.5,2.5,1.0,Moderate,-0.3155437533253724,-0.3155437533253724,99.0,99.0,99.0,0.0,4.391284662352632,1.9285714285714286,21.805555555555557,0.5693094828110333,False,False,False,High,False,True,True,False,False,متوسط,انسحاب مرتفع بعد الإضافة للسلة,انسحاب مرتفع بعد الإضافة للسلة,هناك اهتمام واضح بالمنتج لكن جزءًا من العملاء لا يكمل الشراء بعد الإضافة للسلة.,4.3,0,1245.0,72,14,72,4,55541.43000000001,25,4.3,10,5,0,2024-01-01,2024-12-30
139,حقيبه رياضيه جيم - اصدار خاص,حقيبه رياضيه جيم - اصدار خاص,الرياضه واللياقه,unknown_subcategory,اديداس,351.69,,False,17,4,0,24,17,4,0,4,17,17,4.0,0.0,24,24.0,4.0,17.0,False,9847.32,28,24,0.23529411764705882,0.0,0.0,1.0,0.23529411764705882,1.411764705882353,1.0,Moderate,-0.318435759023522,-0.318435759023522,100.0,100.0,100.0,0.0,8.50970943604373,2.1176470588235294,17.666666666666668,0.16590045952717042,False,False,False,High,False,False,True,False,False,متوسط,انسحاب مرتفع بعد الإضافة للسلة,انسحاب مرتفع بعد الإضافة للسلة,هناك اهتمام واضح بالمنتج لكن جزءًا من العملاء لا يكمل الشراء بعد الإضافة للسلة.,3.6,0,1225.0,84,14,84,4,9847.32,24,3.6,17,4,0,2024-01-01,2024-12-30
162,ثلاجه نوفروست 350 لتر - اصدار خاص,ثلاجه نوفروست 350 لتر - اصدار خاص,المنزل والمطبخ,unknown_subcategory,تيفال,2324.66,,False,18,3,0,24,18,3,0,3,18,18,3.0,0.0,24,24.0,3.0,18.0,False,62765.81999999999,27,24,0.16666666666666666,0.0,0.0,1.0,0.16666666666666666,1.3333333333333333,1.0,Moderate,-0.319792242425579,-0.319792242425579,101.0,101.0,101.0,0.0,4.391284662352632,1.9285714285714286,21.805555555555557,0.3036317241658844,False,False,False,High,False,False,True,False,True,متوسط,انسحاب مرتفع بعد الإضافة للسلة,انسحاب مرتفع بعد الإضافة للسلة,هناك اهتمام واضح بالمنتج لكن جزءًا من العملاء لا يكمل الشراء بعد الإضافة للسلة.,3.4,0,1144.0,88,16,88,4,62765.81999999999,24,3.4,18,3,0,2024-01-01,2024-12-30
8,مكبر صوت بلوتوث,مكبر صوت بلوتوث,الالكترونيات,unknown_subcategory,ابل,338.12,,False,13,4,0,33,13,4,0,4,13,13,4.0,0.0,31,31.0,4.0,13.0,False,11834.2,35,33,0.3076923076923077,0.0,0.0,1.0,0.3076923076923077,2.5384615384615383,1.0,Moderate,-0.32002451259265724,-0.32002451259265724,102.0,102.0,102.0,0.0,7.961233440029987,1.9,20.12121212121212,0.318852795560279,False,False,False,High,False,False,True,False,False,متوسط,انسحاب مرتفع بعد الإضافة للسلة,انسحاب مرتفع بعد الإضافة للسلة,هناك اهتمام واضح بالمنتج لكن جزءًا من العملاء لا يكمل الشراء بعد الإضافة للسلة.,4.6,0,1229.0,68,11,68,6,11834.2,33,4.6,13,4,0,2024-01-01,2024-12-30
66,قميص قطني كلاسيكي - اصدار خاص,قميص قطني كلاسيكي - اصدار خاص,الازياء والملابس,unknown_subcategory,ليفايز,234.31,,False,9,5,0,30,9,5,0,5,9,9,5.0,0.0,29,29.0,5.0,9.0,False,7263.61,31,30,0.5555555555555556,0.0,0.0,1.0,0.5555555555555556,3.3333333333333335,1.0,Moderate,-0.3209534230670632,-0.3209534230670632,103.0,103.0,103.0,0.0,2.2844532741681975,2.3080357142857144,18.59375,1.4591383290809694,True,False,False,High,False,True,False,False,False,متوسط,انسحاب مرتفع بعد الإضافة للسلة,انسحاب مرتفع بعد الإضافة للسلة,المنتج لا يحصل على عدد كافٍ من الزيارات خلال الفترة المختارة.,3.7,0,1159.0,79,14,79,6,7263.61,30,3.7,9,5,0,2024-01-01,2024-12-30
99,مجموعه كتب الطفل التعليميه - اصدار خاص,مجموعه كتب الطفل التعليميه - اصدار خاص,الكتب والتعليم,unknown_subcategory,الوراق,185.24,,False,12,5,0,25,12,5,0,5,12,12,5.0,0.0,25,25.0,5.0,12.0,False,5186.72,28,25,0.4166666666666667,0.0,0.0,1.0,0.4166666666666667,2.0833333333333335,1.0,Moderate,-0.32378714274907433,-0.32378714274907433,104.0,104.0,104.0,0.0,3.3634956997365264,2.0833333333333335,23.17142857142857,0.6193952718585393,False,False,False,High,False,False,True,False,False,متوسط,انسحاب مرتفع بعد الإضافة للسلة,انسحاب مرتفع بعد الإضافة للسلة,هناك اهتمام واضح بالمنتج لكن جزءًا من العملاء لا يكمل الشراء بعد الإضافة للسلة.,4.2,0,1170.0,78,13,78,4,5186.72,25,4.2,12,5,0,2024-01-01,2024-12-30
166,فستان سهره انيق - اصدار خاص,فستان سهره انيق - اصدار خاص,الازياء والملابس,unknown_subcategory,مانجو,184.75,,False,21,2,0,32,21,2,0,2,21,19,2.0,0.0,31,31.0,2.0,19.0,False,6281.5,34,32,0.09523809523809523,0.0,0.0,1.0,0.09523809523809523,1.6842105263157894,1.0,Moderate,-0.324004784261113,-0.324004784261113,105.0,105.0,105.0,0.0,2.2844532741681975,2.3080357142857144,18.59375,0.7372488399567002,False,False,False,High,False,False,True,False,True,متوسط,انسحاب مرتفع بعد الإضافة للسلة,انسحاب مرتفع بعد الإضافة للسلة,هناك اهتمام واضح بالمنتج لكن جزءًا من العملاء لا يكمل الشراء بعد الإضافة للسلة.,3.8,0,1131.0,76,13,76,1,6281.5,32,3.8,21,2,0,2024-01-01,2024-12-30
14,عباءه مطرزه فاخره,عباءه مطرزه فاخره,الازياء والملابس,unknown_subcategory,ماكس فاشون,687.06,,False,12,4,0,31,12,4,0,4,12,12,4.0,0.0,31,31.0,4.0,12.0,False,24047.1,35,31,0.3333333333333333,0.0,0.0,1.0,0.3333333333333333,2.5833333333333335,1.0,Moderate,-0.32746258099316006,-0.32746258099316006,106.0,106.0,106.0,0.0,2.2844532741681975,2.3080357142857144,18.59375,1.1308322050377513,False,False,False,High,False,False,True,False,False,متوسط,انسحاب مرتفع بعد الإضافة للسلة,انسحاب مرتفع بعد الإضافة للسلة,هناك اهتمام واضح بالمنتج لكن جزءًا من العملاء لا يكمل الشراء بعد الإضافة للسلة.,4.8,0,1090.0,66,10,66,4,24047.1,31,4.8,12,4,0,2024-01-01,2024-12-30
151,كتاب تطوير الذات والتحفيز - اصدار خاص,كتاب تطوير الذات والتحفيز - اصدار خاص,الكتب والتعليم,unknown_subcategory,دار العلوم,71.91,,False,15,4,0,26,15,4,0,4,15,14,4.0,0.0,25,25.0,4.0,14.0,False,2085.39,29,26,0.26666666666666666,0.0,0.0,1.0,0.26666666666666666,1.8571428571428572,1.0,Moderate,-0.329234500426533,-0.329234500426533,107.0,107.0,107.0,0.0,3.3634956997365264,2.0833333333333335,23.17142857142857,0.5521466423424692,False,False,False,High,False,False,True,False,False,متوسط,انسحاب مرتفع بعد الإضافة للسلة,انسحاب مرتفع بعد الإضافة للسلة,هناك اهتمام واضح بالمنتج لكن جزءًا من العملاء لا يكمل الشراء بعد الإضافة للسلة.,3.2,0,1080.0,86,14,86,5,2085.39,26,3.2,15,4,0,2024-01-01,2024-12-30
107,كاميرا ميرورليس - اصدار خاص,كاميرا ميرورليس - اصدار خاص,الالكترونيات,unknown_subcategory,اوبو,5057.62,,False,10,3,0,28,10,3,0,3,10,10,3.0,0.0,27,27.0,3.0,10.0,False,146670.98,29,28,0.3,0.0,0.0,1.0,0.3,2.8,1.0,Moderate,-0.3298240954016361,-0.3298240954016361,108.0,108.0,108.0,0.0,7.961233440029987,1.9,20.12121212121212,0.3517042957089138,False,False,False,High,False,True,True,False,True,متوسط,انسحاب مرتفع بعد الإضافة للسلة,انسحاب مرتفع بعد الإضافة للسلة,هناك اهتمام واضح بالمنتج لكن جزءًا من العملاء لا يكمل الشراء بعد الإضافة للسلة.,3.2,0,1132.0,80,13,80,6,146670.98,28,3.2,10,3,0,2024-01-01,2024-12-30
20,حذاء رسمي جلد,حذاء رسمي جلد,الازياء والملابس,unknown_subcategory,مانجو,600.91,,False,11,4,0,32,11,4,0,4,11,11,4.0,0.0,30,30.0,4.0,11.0,False,19830.03,33,32,0.36363636363636365,0.0,0.0,1.0,0.36363636363636365,2.909090909090909,1.0,Moderate,-0.3312294280298699,-0.3312294280298699,109.0,109.0,109.0,0.0,2.2844532741681975,2.3080357142857144,18.59375,1.2734298144706642,False,False,False,High,False,True,False,False,False,متوسط,انسحاب مرتفع بعد الإضافة للسلة,انسحاب مرتفع بعد الإضافة للسلة,المنتج لا يحصل على عدد كافٍ من الزيارات خلال الفترة المختارة.,3.4,0,1086.0,63,11,63,4,19830.03,32,3.4,11,4,0,2024-01-01,2024-12-30
133,اطلس العالم المصور - اصدار خاص,اطلس العالم المصور - اصدار خاص,الكتب والتعليم,unknown_subcategory,دار الفكر,165.39,,False,11,4,0,32,11,4,0,4,11,10,4.0,0.0,32,32.0,4.0,10.0,False,5623.259999999999,34,32,0.36363636363636365,0.0,0.0,1.0,0.36363636363636365,3.2,1.0,Moderate,-0.3318988332359801,-0.3318988332359801,110.0,110.0,110.0,0.0,3.3634956997365264,2.0833333333333335,23.17142857142857,0.9513911375747163,False,False,False,High,False,True,True,False,False,متوسط,انسحاب مرتفع بعد الإضافة للسلة,انسحاب مرتفع بعد الإضافة للسلة,هناك اهتمام واضح بالمنتج لكن جزءًا من العملاء لا يكمل الشراء بعد الإضافة للسلة.,3.4,0,1121.0,70,12,70,1,5623.259999999999,32,3.4,11,4,0,2024-01-01,2024-12-30
181,عطر رجالي عودي - اصدار خاص,عطر رجالي عودي - اصدار خاص,الجمال والعنايه,unknown_subcategory,بالمر,353.61,,False,15,3,0,33,15,3,0,3,15,15,3.0,0.0,32,32.0,3.0,15.0,False,14144.400000000001,40,33,0.2,0.0,0.0,1.0,0.2,2.2,1.0,Moderate,-0.3365109970737337,-0.3365109970737337,111.0,111.0,111.0,0.0,6.768778422340422,2.8,19.580645161290324,0.3250217192424083,False,False,False,High,False,False,True,False,True,متوسط,انسحاب مرتفع بعد الإضافة للسلة,انسحاب مرتفع بعد الإضافة للسلة,هناك اهتمام واضح بالمنتج لكن جزءًا من العملاء لا يكمل الشراء بعد الإضافة للسلة.,2.7,0,1142.0,68,13,68,4,14144.400000000001,33,2.7,15,3,0,2024-01-01,2024-12-30
36,عطر رجالي عودي,عطر رجالي عودي,الجمال والعنايه,unknown_subcategory,دوف,703.99,,False,19,2,0,31,19,2,0,2,19,18,2.0,0.0,29,29.0,2.0,18.0,False,23231.670000000002,33,31,0.10526315789473684,0.0,0.0,1.0,0.10526315789473684,1.7222222222222223,1.0,Moderate,-0.337345705561595,-0.337345705561595,112.0,112.0,112.0,0.0,6.768778422340422,2.8,19.580645161290324,0.2544361943564307,False,False,False,High,False,False,True,False,True,متوسط,انسحاب مرتفع بعد الإضافة للسلة,انسحاب مرتفع بعد الإضافة للسلة,هناك اهتمام واضح بالمنتج لكن جزءًا من العملاء لا يكمل الشراء بعد الإضافة للسلة.,4.0,0,1190.0,56,10,56,8,23231.670000000002,31,4.0,19,2,0,2024-01-01,2024-12-30
97,هاتف ذكي برو ماكس - اصدار خاص,هاتف ذكي برو ماكس - اصدار خاص,الالكترونيات,unknown_subcategory,ابل,1968.21,,False,12,4,0,23,12,4,0,4,12,12,4.0,0.0,23,23.0,4.0,12.0,False,49205.25,25,23,0.3333333333333333,0.0,0.0,1.0,0.3333333333333333,1.9166666666666667,1.0,Moderate,-0.34326640567726024,-0.34326640567726024,113.0,113.0,113.0,0.0,7.961233440029987,1.9,20.12121212121212,0.24074996432455414,False,False,False,High,False,False,True,False,False,متوسط,انسحاب مرتفع بعد الإضافة للسلة,انسحاب مرتفع بعد الإضافة للسلة,هناك اهتمام واضح بالمنتج لكن جزءًا من العملاء لا يكمل الشراء بعد الإضافة للسلة.,4.1,0,1124.0,82,15,82,3,49205.25,23,4.1,12,4,0,2024-01-01,2024-12-30
161,شاحن لاسلكي سريع - اصدار خاص,شاحن لاسلكي سريع - اصدار خاص,الالكترونيات,unknown_subcategory,شاومي,280.14,,False,16,3,0,27,16,3,0,3,16,16,3.0,0.0,26,26.0,3.0,16.0,False,7843.92,28,27,0.1875,0.0,0.0,1.0,0.1875,1.6875,1.0,Moderate,-0.34912623804659887,-0.34912623804659887,114.0,114.0,114.0,0.0,7.961233440029987,1.9,20.12121212121212,0.21196464250314004,False,False,False,High,False,False,True,False,True,متوسط,انسحاب مرتفع بعد الإضافة للسلة,انسحاب مرتفع بعد الإضافة للسلة,هناك اهتمام واضح بالمنتج لكن جزءًا من العملاء لا يكمل الشراء بعد الإضافة للسلة.,2.5,0,1138.0,81,14,81,5,7843.92,27,2.5,16,3,0,2024-01-01,2024-12-30
134,ثلاجه نوفروست 350 لتر - اصدار خاص,ثلاجه نوفروست 350 لتر - اصدار خاص,المنزل والمطبخ,unknown_subcategory,هايسنس,3215.18,,False,9,4,0,21,9,4,0,4,9,9,4.0,0.0,21,21.0,4.0,9.0,False,80379.5,25,21,0.4444444444444444,0.0,0.0,1.0,0.4444444444444444,2.3333333333333335,1.0,Moderate,-0.35572566989125315,-0.35572566989125315,115.0,115.0,115.0,0.0,4.391284662352632,1.9285714285714286,21.805555555555557,0.5313555172902978,True,False,False,High,False,True,True,False,False,متوسط,انسحاب مرتفع بعد الإضافة للسلة,انسحاب مرتفع بعد الإضافة للسلة,هناك اهتمام واضح بالمنتج لكن جزءًا من العملاء لا يكمل الشراء بعد الإضافة للسلة.,4.8,0,1116.0,83,17,83,3,80379.5,21,4.8,9,4,0,2024-01-01,2024-12-30
85,ماكينه قهوه اسبريسو - اصدار خاص,ماكينه قهوه اسبريسو - اصدار خاص,المنزل والمطبخ,unknown_subcategory,تيفال,1742.75,,False,14,3,0,24,14,3,0,3,14,14,3.0,0.0,23,23.0,3.0,14.0,False,48797.0,28,24,0.21428571428571427,0.0,0.0,1.0,0.21428571428571427,1.7142857142857142,1.0,Moderate,-0.3567037831168659,-0.3567037831168659,116.0,116.0,116.0,0.0,4.391284662352632,1.9285714285714286,21.805555555555557,0.3903836453561371,False,False,False,High,False,False,True,False,True,متوسط,انسحاب مرتفع بعد الإضافة للسلة,انسحاب مرتفع بعد الإضافة للسلة,هناك اهتمام واضح بالمنتج لكن جزءًا من العملاء لا يكمل الشراء بعد الإضافة للسلة.,2.6,0,1150.0,86,15,86,4,48797.0,24,2.6,14,3,0,2024-01-01,2024-12-30
159,حصيره يوغا مضاده للانزلاق - اصدار خاص,حصيره يوغا مضاده للانزلاق - اصدار خاص,الرياضه واللياقه,unknown_subcategory,نيو بالانس,132.33,,False,10,4,0,27,10,4,0,4,10,10,4.0,0.0,26,26.0,4.0,10.0,False,3969.9000000000005,30,27,0.4,0.0,0.0,1.0,0.4,2.7,1.0,Moderate,-0.3595910162719612,-0.3595910162719612,117.0,117.0,117.0,0.0,8.50970943604373,2.1176470588235294,17.666666666666668,0.3172846288457134,False,False,False,High,False,True,True,False,False,متوسط,انسحاب مرتفع بعد الإضافة للسلة,انسحاب مرتفع بعد الإضافة للسلة,هناك اهتمام واضح بالمنتج لكن جزءًا من العملاء لا يكمل الشراء بعد الإضافة للسلة.,3.8,0,1200.0,91,16,91,3,3969.9000000000005,27,3.8,10,4,0,2024-01-01,2024-12-30
128,مكواه بخاريه احترافيه - اصدار خاص,مكواه بخاريه احترافيه - اصدار خاص,المنزل والمطبخ,unknown_subcategory,بوش,664.23,,False,12,4,0,22,12,4,0,4,12,12,4.0,0.0,22,22.0,4.0,12.0,False,15941.52,24,22,0.3333333333333333,0.0,0.0,1.0,0.3333333333333333,1.8333333333333333,1.0,Moderate,-0.359733685602258,-0.359733685602258,118.0,118.0,118.0,0.0,4.391284662352632,1.9285714285714286,21.805555555555557,0.4174936207280911,False,False,False,High,False,False,True,False,False,متوسط,انسحاب مرتفع بعد الإضافة للسلة,انسحاب مرتفع بعد الإضافة للسلة,هناك اهتمام واضح بالمنتج لكن جزءًا من العملاء لا يكمل الشراء بعد الإضافة للسلة.,3.3,0,1145.0,77,12,77,6,15941.52,22,3.3,12,4,0,2024-01-01,2024-12-30
106,فرن كهربايي 60 لتر - اصدار خاص,فرن كهربايي 60 لتر - اصدار خاص,المنزل والمطبخ,unknown_subcategory,وايتبوينت,449.77,,False,14,3,0,27,14,3,0,3,14,14,3.0,0.0,26,26.0,3.0,14.0,False,13043.33,29,27,0.21428571428571427,0.0,0.0,1.0,0.21428571428571427,1.9285714285714286,1.0,Moderate,-0.36186537966379795,-0.36186537966379795,119.0,119.0,119.0,0.0,4.391284662352632,1.9285714285714286,21.805555555555557,0.4391816010256543,False,False,False,High,False,False,True,False,True,متوسط,انسحاب مرتفع بعد الإضافة للسلة,انسحاب مرتفع بعد الإضافة للسلة,هناك اهتمام واضح بالمنتج لكن جزءًا من العملاء لا يكمل الشراء بعد الإضافة للسلة.,2.6,0,1180.0,80,17,80,2,13043.33,27,2.6,14,3,0,2024-01-01,2024-12-30
78,عطر رجالي عودي - اصدار خاص,عطر رجالي عودي - اصدار خاص,الجمال والعنايه,unknown_subcategory,نارس,637.27,,False,12,3,0,29,12,3,0,3,12,12,3.0,0.0,28,28.0,3.0,12.0,False,23578.989999999998,37,29,0.25,0.0,0.0,1.0,0.25,2.4166666666666665,1.0,Moderate,-0.3646490165189121,-0.3646490165189121,120.0,120.0,120.0,0.0,6.768778422340422,2.8,19.580645161290324,0.3570314340162818,False,False,False,High,False,False,True,False,True,متوسط,انسحاب مرتفع بعد الإضافة للسلة,انسحاب مرتفع بعد الإضافة للسلة,هناك اهتمام واضح بالمنتج لكن جزءًا من العملاء لا يكمل الشراء بعد الإضافة للسلة.,3.7,0,1095.0,77,14,77,3,23578.989999999998,29,3.7,12,3,0,2024-01-01,2024-12-30
149,طقم مكياج احترافي - اصدار خاص,طقم مكياج احترافي - اصدار خاص,الجمال والعنايه,unknown_subcategory,ماك,652.63,,False,10,3,0,32,10,3,0,3,10,10,3.0,0.0,31,31.0,3.0,10.0,False,22842.05,35,32,0.3,0.0,0.0,1.0,0.3,3.2,1.0,Moderate,-0.36506087166774626,-0.36506087166774626,121.0,121.0,121.0,0.0,6.768778422340422,2.8,19.580645161290324,0.4727588643525939,False,False,False,High,False,True,True,False,True,متوسط,انسحاب مرتفع بعد الإضافة للسلة,انسحاب مرتفع بعد الإضافة للسلة,هناك اهتمام واضح بالمنتج لكن جزءًا من العملاء لا يكمل الشراء بعد الإضافة للسلة.,4.4,0,1194.0,93,17,93,5,22842.05,32,4.4,10,3,0,2024-01-01,2024-12-30
125,شال كشمير ناعم - اصدار خاص,شال كشمير ناعم - اصدار خاص,الازياء والملابس,unknown_subcategory,بوما,208.91,,False,19,2,0,23,19,2,0,2,19,18,2.0,0.0,22,22.0,2.0,18.0,False,5431.66,26,23,0.10526315789473684,0.0,0.0,1.0,0.10526315789473684,1.2777777777777777,1.0,Moderate,-0.36644005164884713,-0.36644005164884713,122.0,122.0,122.0,0.0,2.2844532741681975,2.3080357142857144,18.59375,0.5593363594810382,False,False,False,High,False,False,True,True,True,متوسط,انسحاب مرتفع بعد الإضافة للسلة,انسحاب مرتفع بعد الإضافة للسلة,المنتج يُشاهَد لكنه لا يتحول إلى شراء بالمستوى المطلوب.,3.0,0,1195.0,75,13,75,3,5431.66,23,3.0,19,2,0,2024-01-01,2024-12-30
165,حذاء جري احترافي - اصدار خاص,حذاء جري احترافي - اصدار خاص,الرياضه واللياقه,unknown_subcategory,اديداس,867.11,,False,12,3,0,27,12,3,0,3,12,12,3.0,0.0,26,26.0,3.0,12.0,False,25146.19,29,27,0.25,0.0,0.0,1.0,0.25,2.25,1.0,Moderate,-0.3704796211681421,-0.3704796211681421,123.0,123.0,123.0,0.0,8.50970943604373,2.1176470588235294,17.666666666666668,0.26440385737142785,False,False,False,High,False,False,True,False,True,متوسط,انسحاب مرتفع بعد الإضافة للسلة,انسحاب مرتفع بعد الإضافة للسلة,هناك اهتمام واضح بالمنتج لكن جزءًا من العملاء لا يكمل الشراء بعد الإضافة للسلة.,4.2,0,1224.0,84,14,84,4,25146.19,27,4.2,12,3,0,2024-01-01,2024-12-30
81,شاشه 4K 27 انش - اصدار خاص,شاشه 4K 27 انش - اصدار خاص,الالكترونيات,unknown_subcategory,لينوفو,1613.84,,False,14,2,0,29,14,2,0,2,14,14,2.0,0.0,27,27.0,2.0,14.0,False,50029.04,31,29,0.14285714285714285,0.0,0.0,1.0,0.14285714285714285,2.0714285714285716,1.0,Moderate,-0.3716431634024611,-0.3716431634024611,124.0,124.0,124.0,0.0,7.961233440029987,1.9,20.12121212121212,0.26018940243771693,False,False,False,High,False,False,True,False,True,متوسط,انسحاب مرتفع بعد الإضافة للسلة,انسحاب مرتفع بعد الإضافة للسلة,هناك اهتمام واضح بالمنتج لكن جزءًا من العملاء لا يكمل الشراء بعد الإضافة للسلة.,5.0,0,1120.0,87,16,87,1,50029.04,29,5.0,14,2,0,2024-01-01,2024-12-30
93,شال كشمير ناعم - اصدار خاص,شال كشمير ناعم - اصدار خاص,الازياء والملابس,unknown_subcategory,زارا,304.48,,False,10,3,0,31,10,3,0,3,10,10,3.0,0.0,30,30.0,3.0,10.0,False,10656.800000000001,35,31,0.3,0.0,0.0,1.0,0.3,3.1,1.0,Moderate,-0.3734238304973458,-0.3734238304973458,125.0,125.0,125.0,0.0,2.2844532741681975,2.3080357142857144,18.59375,1.3569986460453016,False,False,False,High,False,True,False,False,True,متوسط,انسحاب مرتفع بعد الإضافة للسلة,انسحاب مرتفع بعد الإضافة للسلة,المنتج لا يحصل على عدد كافٍ من الزيارات خلال الفترة المختارة.,3.8,0,1219.0,75,13,75,2,10656.800000000001,31,3.8,10,3,0,2024-01-01,2024-12-30
82,مجموعه سكاكين مطبخ - اصدار خاص,مجموعه سكاكين مطبخ - اصدار خاص,المنزل والمطبخ,unknown_subcategory,ديلونجي,482.06,,False,12,2,0,36,12,2,0,2,12,12,2.0,0.0,34,34.0,2.0,12.0,False,17836.22,37,36,0.16666666666666666,0.0,0.0,1.0,0.16666666666666666,3.0,1.0,Moderate,-0.37489013106581665,-0.37489013106581665,126.0,126.0,126.0,0.0,4.391284662352632,1.9285714285714286,21.805555555555557,0.68317137937324,False,False,False,High,False,False,True,False,True,متوسط,انسحاب مرتفع بعد الإضافة للسلة,انسحاب مرتفع بعد الإضافة للسلة,هناك اهتمام واضح بالمنتج لكن جزءًا من العملاء لا يكمل الشراء بعد الإضافة للسلة.,2.9,0,1099.0,80,16,80,6,17836.22,36,2.9,12,2,0,2024-01-01,2024-12-30
104,قناع وجه كولاجين - اصدار خاص,قناع وجه كولاجين - اصدار خاص,الجمال والعنايه,unknown_subcategory,افينو,146.34,,False,10,3,0,31,10,3,0,3,10,10,3.0,0.0,29,29.0,3.0,10.0,False,4829.22,33,31,0.3,0.0,0.0,1.0,0.3,3.1,1.0,Moderate,-0.37574340250561894,-0.37574340250561894,127.0,127.0,127.0,0.0,6.768778422340422,2.8,19.580645161290324,0.4579851498415753,False,False,False,High,False,True,True,False,True,متوسط,انسحاب مرتفع بعد الإضافة للسلة,انسحاب مرتفع بعد الإضافة للسلة,هناك اهتمام واضح بالمنتج لكن جزءًا من العملاء لا يكمل الشراء بعد الإضافة للسلة.,3.0,0,1241.0,70,13,70,1,4829.22,31,3.0,10,3,0,2024-01-01,2024-12-30
16,حقيبه يد جلديه,حقيبه يد جلديه,الازياء والملابس,unknown_subcategory,مانجو,680.77,,False,10,3,0,29,10,3,0,3,10,10,3.0,0.0,29,29.0,3.0,10.0,False,21784.64,32,29,0.3,0.0,0.0,1.0,0.3,2.9,1.0,Moderate,-0.3760202199811857,-0.3760202199811857,128.0,128.0,128.0,0.0,2.2844532741681975,2.3080357142857144,18.59375,1.2694503463004434,False,False,False,High,False,True,False,False,True,متوسط,انسحاب مرتفع بعد الإضافة للسلة,انسحاب مرتفع بعد الإضافة للسلة,المنتج لا يحصل على عدد كافٍ من الزيارات خلال الفترة المختارة.,3.9,0,1234.0,64,11,64,8,21784.64,29,3.9,10,3,0,2024-01-01,2024-12-30
174,تابلت 10 انش - اصدار خاص,تابلت 10 انش - اصدار خاص,الالكترونيات,unknown_subcategory,سامسونج,886.97,,False,11,3,0,27,11,3,0,3,11,11,3.0,0.0,25,25.0,3.0,11.0,False,25722.13,29,27,0.2727272727272727,0.0,0.0,1.0,0.2727272727272727,2.4545454545454546,1.0,Moderate,-0.37621502714609206,-0.37621502714609206,129.0,129.0,129.0,0.0,7.961233440029987,1.9,20.12121212121212,0.30831220727729464,False,False,False,High,False,True,True,False,True,متوسط,انسحاب مرتفع بعد الإضافة للسلة,انسحاب مرتفع بعد الإضافة للسلة,هناك اهتمام واضح بالمنتج لكن جزءًا من العملاء لا يكمل الشراء بعد الإضافة للسلة.,4.6,0,1137.0,85,15,85,2,25722.13,27,4.6,11,3,0,2024-01-01,2024-12-30
170,فرن كهربايي 60 لتر - اصدار خاص,فرن كهربايي 60 لتر - اصدار خاص,المنزل والمطبخ,unknown_subcategory,بوش,810.36,,False,12,2,0,33,12,2,0,2,12,11,2.0,0.0,31,31.0,2.0,11.0,False,27552.24,34,33,0.16666666666666666,0.0,0.0,1.0,0.16666666666666666,3.0,1.0,Moderate,-0.3764201357295859,-0.3764201357295859,130.0,130.0,130.0,0.0,4.391284662352632,1.9285714285714286,21.805555555555557,0.68317137937324,False,False,False,High,False,False,True,False,True,متوسط,انسحاب مرتفع بعد الإضافة للسلة,انسحاب مرتفع بعد الإضافة للسلة,هناك اهتمام واضح بالمنتج لكن جزءًا من العملاء لا يكمل الشراء بعد الإضافة للسلة.,3.5,0,1115.0,80,17,80,2,27552.24,33,3.5,12,2,0,2024-01-01,2024-12-30
19,تيشيرت بولو قطن,تيشيرت بولو قطن,الازياء والملابس,unknown_subcategory,زارا,195.42,,False,17,1,0,35,17,1,0,1,17,16,1.0,0.0,34,34.0,1.0,16.0,False,7621.379999999999,39,35,0.058823529411764705,0.0,0.0,1.0,0.058823529411764705,2.1875,1.0,Moderate,-0.3778748386838567,-0.3778748386838567,131.0,131.0,131.0,0.0,2.2844532741681975,2.3080357142857144,18.59375,0.9575595284593862,False,False,False,High,False,False,True,False,True,متوسط,انسحاب مرتفع بعد الإضافة للسلة,انسحاب مرتفع بعد الإضافة للسلة,هناك اهتمام واضح بالمنتج لكن جزءًا من العملاء لا يكمل الشراء بعد الإضافة للسلة.,4.2,0,1138.0,64,10,64,2,7621.379999999999,35,4.2,17,1,0,2024-01-01,2024-12-30
122,طقم مكياج احترافي - اصدار خاص,طقم مكياج احترافي - اصدار خاص,الجمال والعنايه,unknown_subcategory,ماك,696.77,,False,12,3,0,25,12,3,0,3,12,12,3.0,0.0,24,24.0,3.0,12.0,False,18116.02,26,25,0.25,0.0,0.0,1.0,0.25,2.0833333333333335,1.0,Moderate,-0.3797322670071573,-0.3797322670071573,132.0,132.0,132.0,0.0,6.768778422340422,2.8,19.580645161290324,0.3077857189795533,False,False,False,High,False,False,True,False,True,متوسط,انسحاب مرتفع بعد الإضافة للسلة,انسحاب مرتفع بعد الإضافة للسلة,هناك اهتمام واضح بالمنتج لكن جزءًا من العملاء لا يكمل الشراء بعد الإضافة للسلة.,3.2,0,1198.0,80,14,80,6,18116.02,25,3.2,12,3,0,2024-01-01,2024-12-30
94,قاموس عربي انجليزي شامل - اصدار خاص,قاموس عربي انجليزي شامل - اصدار خاص,الكتب والتعليم,unknown_subcategory,بنغوين,192.65,,False,8,3,0,28,8,3,0,3,8,7,3.0,0.0,28,28.0,3.0,7.0,False,5586.85,29,28,0.375,0.0,0.0,1.0,0.375,4.0,1.0,Moderate,-0.3843556416693339,-0.3843556416693339,133.0,133.0,133.0,0.0,3.3634956997365264,2.0833333333333335,23.17142857142857,1.1892389219683952,True,False,False,High,False,True,True,False,True,متوسط,انسحاب مرتفع بعد الإضافة للسلة,انسحاب مرتفع بعد الإضافة للسلة,هناك اهتمام واضح بالمنتج لكن جزءًا من العملاء لا يكمل الشراء بعد الإضافة للسلة.,3.8,0,1202.0,83,15,83,1,5586.85,28,3.8,8,3,0,2024-01-01,2024-12-30
98,اوزان حديد طقم 20 كيلو - اصدار خاص,اوزان حديد طقم 20 كيلو - اصدار خاص,الرياضه واللياقه,unknown_subcategory,نايكي,449.02,,False,11,3,0,26,11,3,0,3,11,11,3.0,0.0,26,26.0,3.0,11.0,False,13470.599999999999,30,26,0.2727272727272727,0.0,0.0,1.0,0.2727272727272727,2.3636363636363638,1.0,Moderate,-0.3844485749777825,-0.3844485749777825,134.0,134.0,134.0,0.0,8.50970943604373,2.1176470588235294,17.666666666666668,0.277757587541702,False,False,False,High,False,True,True,False,True,متوسط,انسحاب مرتفع بعد الإضافة للسلة,انسحاب مرتفع بعد الإضافة للسلة,هناك اهتمام واضح بالمنتج لكن جزءًا من العملاء لا يكمل الشراء بعد الإضافة للسلة.,4.1,0,1192.0,88,17,88,6,13470.599999999999,26,4.1,11,3,0,2024-01-01,2024-12-30
61,فرن كهربايي 60 لتر - اصدار خاص,فرن كهربايي 60 لتر - اصدار خاص,المنزل والمطبخ,unknown_subcategory,هايسنس,1462.89,,False,11,3,0,23,11,3,0,3,11,11,3.0,0.0,22,22.0,3.0,11.0,False,35109.36,24,23,0.2727272727272727,0.0,0.0,1.0,0.2727272727272727,2.090909090909091,1.0,Moderate,-0.38590670955332,-0.38590670955332,135.0,135.0,135.0,0.0,4.391284662352632,1.9285714285714286,21.805555555555557,0.4761497492601369,False,False,False,High,False,True,True,False,True,متوسط,انسحاب مرتفع بعد الإضافة للسلة,انسحاب مرتفع بعد الإضافة للسلة,هناك اهتمام واضح بالمنتج لكن جزءًا من العملاء لا يكمل الشراء بعد الإضافة للسلة.,4.5,0,1081.0,80,17,80,2,35109.36,23,4.5,11,3,0,2024-01-01,2024-12-30
154,ثلاجه نوفروست 350 لتر - اصدار خاص,ثلاجه نوفروست 350 لتر - اصدار خاص,المنزل والمطبخ,unknown_subcategory,توشيبا,3786.85,,False,6,2,0,26,6,2,0,2,6,6,2.0,0.0,25,25.0,2.0,6.0,False,117392.34999999999,31,26,0.3333333333333333,0.0,0.0,1.0,0.3333333333333333,4.333333333333333,1.0,Moderate,-0.3872247925177469,-0.3872247925177469,136.0,136.0,136.0,0.0,4.391284662352632,1.9285714285714286,21.805555555555557,0.9868031035391244,True,False,False,High,False,True,True,False,True,متوسط,انسحاب مرتفع بعد الإضافة للسلة,انسحاب مرتفع بعد الإضافة للسلة,هناك اهتمام واضح بالمنتج لكن جزءًا من العملاء لا يكمل الشراء بعد الإضافة للسلة.,3.9,0,1148.0,77,13,77,5,117392.34999999999,26,3.9,6,2,0,2024-01-01,2024-12-30
157,جهاز قياس ضغط الدم - اصدار خاص,جهاز قياس ضغط الدم - اصدار خاص,الرياضه واللياقه,unknown_subcategory,اندر ارمور,278.2,,False,12,3,0,23,12,3,0,3,12,12,3.0,0.0,23,23.0,3.0,12.0,False,6676.8,24,23,0.25,0.0,0.0,1.0,0.25,1.9166666666666667,1.0,Moderate,-0.39073986240723824,-0.39073986240723824,137.0,137.0,137.0,0.0,8.50970943604373,2.1176470588235294,17.666666666666668,0.22523291553862373,False,False,False,High,False,False,True,False,True,متوسط,انسحاب مرتفع بعد الإضافة للسلة,انسحاب مرتفع بعد الإضافة للسلة,هناك اهتمام واضح بالمنتج لكن جزءًا من العملاء لا يكمل الشراء بعد الإضافة للسلة.,4.7,0,1074.0,84,16,84,3,6676.8,23,4.7,12,3,0,2024-01-01,2024-12-30
11,قميص قطني كلاسيكي,قميص قطني كلاسيكي,الازياء والملابس,unknown_subcategory,بوما,73.96,,False,7,3,0,29,7,3,0,3,7,7,3.0,0.0,29,29.0,3.0,7.0,False,2662.56,36,29,0.42857142857142855,0.0,0.0,1.0,0.42857142857142855,4.142857142857143,1.0,Moderate,-0.39074231886834554,-0.39074231886834554,138.0,138.0,138.0,0.0,2.2844532741681975,2.3080357142857144,18.59375,1.8135004947149191,True,False,False,High,False,True,False,False,True,متوسط,انسحاب مرتفع بعد الإضافة للسلة,انسحاب مرتفع بعد الإضافة للسلة,المنتج لا يحصل على عدد كافٍ من الزيارات خلال الفترة المختارة.,3.2,0,1238.0,68,11,68,3,2662.56,29,3.2,7,3,0,2024-01-01,2024-12-30
68,تابلت 10 انش - اصدار خاص,تابلت 10 انش - اصدار خاص,الالكترونيات,unknown_subcategory,شاومي,1081.84,,False,16,1,0,29,16,1,0,1,16,16,1.0,0.0,27,27.0,1.0,16.0,False,38946.24,36,29,0.0625,0.0,0.0,1.0,0.0625,1.8125,1.0,Moderate,-0.3920975386675372,-0.3920975386675372,139.0,139.0,139.0,0.0,7.961233440029987,1.9,20.12121212121212,0.2276657271330023,False,False,False,High,False,False,True,False,True,متوسط,انسحاب مرتفع بعد الإضافة للسلة,انسحاب مرتفع بعد الإضافة للسلة,هناك اهتمام واضح بالمنتج لكن جزءًا من العملاء لا يكمل الشراء بعد الإضافة للسلة.,2.6,0,1096.0,82,16,82,6,38946.24,29,2.6,16,1,0,2024-01-01,2024-12-30
177,لابتوب الترا سليم - اصدار خاص,لابتوب الترا سليم - اصدار خاص,الالكترونيات,unknown_subcategory,لينوفو,3544.65,,False,9,2,0,25,9,2,0,2,9,9,2.0,0.0,24,24.0,2.0,9.0,False,102794.85,29,25,0.2222222222222222,0.0,0.0,1.0,0.2222222222222222,2.7777777777777777,1.0,Moderate,-0.39308209060386773,-0.39308209060386773,140.0,140.0,140.0,0.0,7.961233440029987,1.9,20.12121212121212,0.34891299177471613,True,False,False,High,False,True,True,False,True,متوسط,انسحاب مرتفع بعد الإضافة للسلة,انسحاب مرتفع بعد الإضافة للسلة,هناك اهتمام واضح بالمنتج لكن جزءًا من العملاء لا يكمل الشراء بعد الإضافة للسلة.,2.7,0,1135.0,82,14,82,5,102794.85,25,2.7,9,2,0,2024-01-01,2024-12-30
71,حصيره يوغا مضاده للانزلاق - اصدار خاص,حصيره يوغا مضاده للانزلاق - اصدار خاص,الرياضه واللياقه,unknown_subcategory,اديداس,241.15,,False,11,3,0,24,11,3,0,3,11,11,3.0,0.0,24,24.0,3.0,11.0,False,6511.05,27,24,0.2727272727272727,0.0,0.0,1.0,0.2727272727272727,2.1818181818181817,1.0,Moderate,-0.3939327661211292,-0.3939327661211292,141.0,141.0,141.0,0.0,8.50970943604373,2.1176470588235294,17.666666666666668,0.25639161926926335,False,False,False,High,False,True,True,False,True,متوسط,انسحاب مرتفع بعد الإضافة للسلة,انسحاب مرتفع بعد الإضافة للسلة,هناك اهتمام واضح بالمنتج لكن جزءًا من العملاء لا يكمل الشراء بعد الإضافة للسلة.,3.9,0,1247.0,88,15,88,5,6511.05,24,3.9,11,3,0,2024-01-01,2024-12-30
173,حذاء جري احترافي - اصدار خاص,حذاء جري احترافي - اصدار خاص,الرياضه واللياقه,unknown_subcategory,اندر ارمور,426.85,,False,8,3,0,27,8,3,0,3,8,8,3.0,0.0,25,25.0,3.0,8.0,False,11951.800000000001,28,27,0.375,0.0,0.0,1.0,0.375,3.375,1.0,Moderate,-0.3943320256240504,-0.3943320256240504,142.0,142.0,142.0,0.0,8.50970943604373,2.1176470588235294,17.666666666666668,0.39660578605714175,True,False,False,High,False,True,True,False,True,متوسط,انسحاب مرتفع بعد الإضافة للسلة,انسحاب مرتفع بعد الإضافة للسلة,هناك اهتمام واضح بالمنتج لكن جزءًا من العملاء لا يكمل الشراء بعد الإضافة للسلة.,4.7,0,1198.0,79,14,79,4,11951.800000000001,27,4.7,8,3,0,2024-01-01,2024-12-30
200,موسوعه التاريخ الاسلامي - اصدار خاص,موسوعه التاريخ الاسلامي - اصدار خاص,الكتب والتعليم,unknown_subcategory,دار قرطبه,284.58,,False,9,2,0,34,9,2,0,2,9,9,2.0,0.0,33,33.0,2.0,9.0,False,11667.779999999999,41,34,0.2222222222222222,0.0,0.0,1.0,0.2222222222222222,3.7777777777777777,1.0,Moderate,-0.3960246059552653,-0.3960246059552653,143.0,143.0,143.0,0.0,3.3634956997365264,2.0833333333333335,23.17142857142857,1.1231700929701511,True,False,False,High,False,True,True,False,True,متوسط,انسحاب مرتفع بعد الإضافة للسلة,انسحاب مرتفع بعد الإضافة للسلة,هناك اهتمام واضح بالمنتج لكن جزءًا من العملاء لا يكمل الشراء بعد الإضافة للسلة.,4.4,0,1143.0,84,13,84,2,11667.779999999999,34,4.4,9,2,0,2024-01-01,2024-12-30
52,موسوعه التاريخ الاسلامي,موسوعه التاريخ الاسلامي,الكتب والتعليم,unknown_subcategory,نشر المعرفه,108.37,,False,5,3,0,26,5,3,0,3,5,5,3.0,0.0,25,25.0,3.0,5.0,False,2925.9900000000002,27,26,0.6,0.0,0.0,1.0,0.6,5.2,1.0,Moderate,-0.3968582788149816,-0.3968582788149816,144.0,144.0,144.0,0.0,3.3634956997365264,2.0833333333333335,23.17142857142857,1.5460105985589139,True,False,False,High,False,True,False,False,True,متوسط,انسحاب مرتفع بعد الإضافة للسلة,انسحاب مرتفع بعد الإضافة للسلة,المنتج لا يحصل على عدد كافٍ من الزيارات خلال الفترة المختارة.,4.4,0,1142.0,63,9,63,4,2925.9900000000002,26,4.4,5,3,0,2024-01-01,2024-12-30
101,مجموعه سكاكين مطبخ - اصدار خاص,مجموعه سكاكين مطبخ - اصدار خاص,المنزل والمطبخ,unknown_subcategory,بوش,241.26,,False,9,3,0,24,9,3,0,3,9,8,3.0,0.0,23,23.0,3.0,8.0,False,6996.54,29,24,0.3333333333333333,0.0,0.0,1.0,0.3333333333333333,3.0,1.0,Moderate,-0.3986581540201963,-0.3986581540201963,145.0,145.0,145.0,0.0,4.391284662352632,1.9285714285714286,21.805555555555557,0.68317137937324,True,False,False,High,False,True,True,False,True,متوسط,انسحاب مرتفع بعد الإضافة للسلة,انسحاب مرتفع بعد الإضافة للسلة,هناك اهتمام واضح بالمنتج لكن جزءًا من العملاء لا يكمل الشراء بعد الإضافة للسلة.,3.7,0,1202.0,74,12,74,4,6996.54,24,3.7,9,3,0,2024-01-01,2024-12-30
179,مجموعه عنايه بالشعر - اصدار خاص,مجموعه عنايه بالشعر - اصدار خاص,الجمال والعنايه,unknown_subcategory,دوف,148.28,,False,7,2,0,31,7,2,0,2,7,6,2.0,0.0,30,30.0,2.0,6.0,False,4744.96,32,31,0.2857142857142857,0.0,0.0,1.0,0.2857142857142857,5.166666666666667,1.0,Moderate,-0.3993157385178524,-0.3993157385178524,146.0,146.0,146.0,0.0,6.768778422340422,2.8,19.580645161290324,0.7633085830692922,True,False,False,High,False,True,True,False,True,متوسط,انسحاب مرتفع بعد الإضافة للسلة,انسحاب مرتفع بعد الإضافة للسلة,هناك اهتمام واضح بالمنتج لكن جزءًا من العملاء لا يكمل الشراء بعد الإضافة للسلة.,4.0,0,1236.0,95,17,95,6,4744.96,31,4.0,7,2,0,2024-01-01,2024-12-30
105,حقيبه رياضيه جيم - اصدار خاص,حقيبه رياضيه جيم - اصدار خاص,الرياضه واللياقه,unknown_subcategory,نيو بالانس,250.27,,False,10,3,0,24,10,3,0,3,10,10,3.0,0.0,24,24.0,3.0,10.0,False,6256.75,25,24,0.3,0.0,0.0,1.0,0.3,2.4,1.0,Moderate,-0.3997649464377055,-0.3997649464377055,147.0,147.0,147.0,0.0,8.50970943604373,2.1176470588235294,17.666666666666668,0.2820307811961897,False,False,False,High,False,True,True,False,True,متوسط,انسحاب مرتفع بعد الإضافة للسلة,انسحاب مرتفع بعد الإضافة للسلة,هناك اهتمام واضح بالمنتج لكن جزءًا من العملاء لا يكمل الشراء بعد الإضافة للسلة.,4.6,0,1079.0,82,15,82,2,6256.75,24,4.6,10,3,0,2024-01-01,2024-12-30
184,حذاء رسمي جلد - اصدار خاص,حذاء رسمي جلد - اصدار خاص,الازياء والملابس,unknown_subcategory,مانجو,617.48,,False,13,2,0,26,13,2,0,2,13,13,2.0,0.0,26,26.0,2.0,13.0,False,17289.440000000002,28,26,0.15384615384615385,0.0,0.0,1.0,0.15384615384615385,2.0,1.0,Moderate,-0.40076599603502944,-0.40076599603502944,148.0,148.0,148.0,0.0,2.2844532741681975,2.3080357142857144,18.59375,0.8754829974485816,False,False,False,High,False,False,True,False,True,متوسط,انسحاب مرتفع بعد الإضافة للسلة,انسحاب مرتفع بعد الإضافة للسلة,هناك اهتمام واضح بالمنتج لكن جزءًا من العملاء لا يكمل الشراء بعد الإضافة للسلة.,2.9,0,1198.0,74,13,74,3,17289.440000000002,26,2.9,13,2,0,2024-01-01,2024-12-30
163,دوره برمجه اكاديميه USB - اصدار خاص,دوره برمجه اكاديميه USB - اصدار خاص,الكتب والتعليم,unknown_subcategory,الوراق,417.18,,False,8,3,0,24,8,3,0,3,8,8,3.0,0.0,21,21.0,3.0,8.0,False,11263.86,27,24,0.375,0.0,0.0,1.0,0.375,3.0,1.0,Moderate,-0.40642960192943794,-0.40642960192943794,149.0,149.0,149.0,0.0,3.3634956997365264,2.0833333333333335,23.17142857142857,0.8919291914762965,True,False,False,High,False,True,True,False,True,متوسط,انسحاب مرتفع بعد الإضافة للسلة,انسحاب مرتفع بعد الإضافة للسلة,هناك اهتمام واضح بالمنتج لكن جزءًا من العملاء لا يكمل الشراء بعد الإضافة للسلة.,3.7,0,1107.0,84,14,84,6,11263.86,24,3.7,8,3,0,2024-01-01,2024-12-30
58,كتاب الطبخ العربي التقليدي,كتاب الطبخ العربي التقليدي,الكتب والتعليم,unknown_subcategory,دار قرطبه,143.75,,False,9,2,0,29,9,2,0,2,9,8,2.0,0.0,28,28.0,2.0,8.0,False,4168.75,29,29,0.2222222222222222,0.0,0.0,1.0,0.2222222222222222,3.625,1.0,Moderate,-0.4106231632339497,-0.4106231632339497,150.0,150.0,150.0,0.0,3.3634956997365264,2.0833333333333335,23.17142857142857,1.0777477730338583,True,False,False,High,False,True,True,False,True,متوسط,انسحاب مرتفع بعد الإضافة للسلة,انسحاب مرتفع بعد الإضافة للسلة,هناك اهتمام واضح بالمنتج لكن جزءًا من العملاء لا يكمل الشراء بعد الإضافة للسلة.,3.1,0,1111.0,74,12,74,7,4168.75,29,3.1,9,2,0,2024-01-01,2024-12-30
103,بنطلون جينز سليم فيت - اصدار خاص,بنطلون جينز سليم فيت - اصدار خاص,الازياء والملابس,unknown_subcategory,بوما,398.87,,False,11,1,0,36,11,1,0,1,11,11,1.0,0.0,36,36.0,1.0,11.0,False,15555.93,39,36,0.09090909090909091,0.0,0.0,1.0,0.09090909090909091,3.272727272727273,1.0,Moderate,-0.41113967664084583,-0.41113967664084583,151.0,151.0,151.0,0.0,2.2844532741681975,2.3080357142857144,18.59375,1.4326085412794973,False,False,False,High,False,True,False,False,True,متوسط,انسحاب مرتفع بعد الإضافة للسلة,انسحاب مرتفع بعد الإضافة للسلة,المنتج لا يحصل على عدد كافٍ من الزيارات خلال الفترة المختارة.,3.7,0,1246.0,81,14,81,4,15555.93,36,3.7,11,1,0,2024-01-01,2024-12-30
63,حذاء رياضي مريح - اصدار خاص,حذاء رياضي مريح - اصدار خاص,الازياء والملابس,unknown_subcategory,بوما,557.39,,False,15,1,0,27,15,1,0,1,15,15,1.0,0.0,26,26.0,1.0,15.0,False,16721.7,30,27,0.06666666666666667,0.0,0.0,1.0,0.06666666666666667,1.8,1.0,Moderate,-0.41422605299711673,-0.41422605299711673,152.0,152.0,152.0,0.0,2.2844532741681975,2.3080357142857144,18.59375,0.7879346977037235,False,False,False,High,False,False,True,False,True,متوسط,انسحاب مرتفع بعد الإضافة للسلة,انسحاب مرتفع بعد الإضافة للسلة,هناك اهتمام واضح بالمنتج لكن جزءًا من العملاء لا يكمل الشراء بعد الإضافة للسلة.,2.9,0,1074.0,76,13,76,1,16721.7,27,2.9,15,1,0,2024-01-01,2024-12-30
72,كريم مرطب SPF 50 - اصدار خاص,كريم مرطب SPF 50 - اصدار خاص,الجمال والعنايه,unknown_subcategory,دوف,295.83,,False,10,2,0,28,10,2,0,2,10,10,2.0,0.0,26,26.0,2.0,10.0,False,8874.9,30,28,0.2,0.0,0.0,1.0,0.2,2.8,1.0,Moderate,-0.4152172594273561,-0.4152172594273561,153.0,153.0,153.0,0.0,6.768778422340422,2.8,19.580645161290324,0.41366400630851957,False,False,False,High,False,True,True,False,True,متوسط,انسحاب مرتفع بعد الإضافة للسلة,انسحاب مرتفع بعد الإضافة للسلة,هناك اهتمام واضح بالمنتج لكن جزءًا من العملاء لا يكمل الشراء بعد الإضافة للسلة.,3.1,0,1097.0,92,18,92,3,8874.9,28,3.1,10,2,0,2024-01-01,2024-12-30
118,حصيره يوغا مضاده للانزلاق - اصدار خاص,حصيره يوغا مضاده للانزلاق - اصدار خاص,الرياضه واللياقه,unknown_subcategory,نيو بالانس,175.91,,False,6,2,0,29,6,2,0,2,6,6,2.0,0.0,28,28.0,2.0,6.0,False,5277.3,30,29,0.3333333333333333,0.0,0.0,1.0,0.3333333333333333,4.833333333333333,1.0,Moderate,-0.41788443501241407,-0.41788443501241407,154.0,154.0,154.0,0.0,8.50970943604373,2.1176470588235294,17.666666666666668,0.5679786565756597,True,False,False,High,False,True,True,False,True,متوسط,انسحاب مرتفع بعد الإضافة للسلة,انسحاب مرتفع بعد الإضافة للسلة,هناك اهتمام واضح بالمنتج لكن جزءًا من العملاء لا يكمل الشراء بعد الإضافة للسلة.,3.0,0,1142.0,93,15,93,3,5277.3,29,3.0,6,2,0,2024-01-01,2024-12-30
160,زيت ارغان طبيعي - اصدار خاص,زيت ارغان طبيعي - اصدار خاص,الجمال والعنايه,unknown_subcategory,نيفيا,298.73,,False,8,2,0,28,8,2,0,2,8,8,2.0,0.0,28,28.0,2.0,8.0,False,8961.900000000001,30,28,0.25,0.0,0.0,1.0,0.25,3.5,1.0,Moderate,-0.42212656424156425,-0.42212656424156425,155.0,155.0,155.0,0.0,6.768778422340422,2.8,19.580645161290324,0.5170800078856496,True,False,False,High,False,True,True,False,True,متوسط,انسحاب مرتفع بعد الإضافة للسلة,انسحاب مرتفع بعد الإضافة للسلة,هناك اهتمام واضح بالمنتج لكن جزءًا من العملاء لا يكمل الشراء بعد الإضافة للسلة.,4.3,0,1179.0,69,13,69,2,8961.900000000001,28,4.3,8,2,0,2024-01-01,2024-12-30
190,حذاء رسمي جلد - اصدار خاص,حذاء رسمي جلد - اصدار خاص,الازياء والملابس,unknown_subcategory,مانجو,615.39,,False,8,1,0,34,8,1,0,1,8,8,1.0,0.0,33,33.0,1.0,8.0,False,23384.82,38,34,0.125,0.0,0.0,1.0,0.125,4.25,1.0,Moderate,-0.42328396209263136,-0.42328396209263136,156.0,156.0,156.0,0.0,2.2844532741681975,2.3080357142857144,18.59375,1.860401369578236,True,False,False,High,False,True,False,False,True,متوسط,انسحاب مرتفع بعد الإضافة للسلة,انسحاب مرتفع بعد الإضافة للسلة,المنتج لا يحصل على عدد كافٍ من الزيارات خلال الفترة المختارة.,3.9,0,1113.0,76,14,76,4,23384.82,34,3.9,8,1,0,2024-01-01,2024-12-30
140,مزيل عرق رول اون - اصدار خاص,مزيل عرق رول اون - اصدار خاص,الجمال والعنايه,unknown_subcategory,لوريال,61.32,,False,9,3,0,19,9,3,0,3,9,9,3.0,0.0,18,18.0,3.0,9.0,False,1410.36,23,19,0.3333333333333333,0.0,0.0,1.0,0.3333333333333333,2.111111111111111,1.0,Moderate,-0.4251102106330111,-0.4251102106330111,157.0,157.0,157.0,0.0,6.768778422340422,2.8,19.580645161290324,0.31188952856594737,True,False,False,High,False,True,True,False,True,متوسط,انسحاب مرتفع بعد الإضافة للسلة,انسحاب مرتفع بعد الإضافة للسلة,هناك اهتمام واضح بالمنتج لكن جزءًا من العملاء لا يكمل الشراء بعد الإضافة للسلة.,4.2,0,1246.0,70,14,70,6,1410.36,19,4.2,9,3,0,2024-01-01,2024-12-30
60,اطلس العالم المصور,اطلس العالم المصور,الكتب والتعليم,unknown_subcategory,اكاديميا,325.99,,False,9,1,0,34,9,1,0,1,9,9,1.0,0.0,32,32.0,1.0,9.0,False,11735.64,36,34,0.1111111111111111,0.0,0.0,1.0,0.1111111111111111,3.7777777777777777,1.0,Moderate,-0.42654330473567853,-0.42654330473567853,158.0,158.0,158.0,0.0,3.3634956997365264,2.0833333333333335,23.17142857142857,1.1231700929701511,True,False,False,High,False,True,True,False,True,متوسط,انسحاب مرتفع بعد الإضافة للسلة,انسحاب مرتفع بعد الإضافة للسلة,هناك اهتمام واضح بالمنتج لكن جزءًا من العملاء لا يكمل الشراء بعد الإضافة للسلة.,3.4,0,1165.0,67,10,67,6,11735.64,34,3.4,9,1,0,2024-01-01,2024-12-30
111,مكواه بخاريه احترافيه - اصدار خاص,مكواه بخاريه احترافيه - اصدار خاص,المنزل والمطبخ,unknown_subcategory,وايتبوينت,453.66,,False,8,2,0,25,8,2,0,2,8,8,2.0,0.0,23,23.0,2.0,8.0,False,14063.460000000001,31,25,0.25,0.0,0.0,1.0,0.25,3.125,1.0,Moderate,-0.43191972565399506,-0.43191972565399506,159.0,159.0,159.0,0.0,4.391284662352632,1.9285714285714286,21.805555555555557,0.7116368535137917,True,False,False,High,False,True,True,False,True,متوسط,انسحاب مرتفع بعد الإضافة للسلة,انسحاب مرتفع بعد الإضافة للسلة,هناك اهتمام واضح بالمنتج لكن جزءًا من العملاء لا يكمل الشراء بعد الإضافة للسلة.,3.8,0,1141.0,77,12,77,6,14063.460000000001,25,3.8,8,2,0,2024-01-01,2024-12-30
127,قميص قطني كلاسيكي - اصدار خاص,قميص قطني كلاسيكي - اصدار خاص,الازياء والملابس,unknown_subcategory,اديداس,209.71,,False,12,1,0,28,12,1,0,1,12,11,1.0,0.0,26,26.0,1.0,11.0,False,6501.01,31,28,0.08333333333333333,0.0,0.0,1.0,0.08333333333333333,2.5454545454545454,1.0,Moderate,-0.4321300825300382,-0.4321300825300382,160.0,160.0,160.0,0.0,2.2844532741681975,2.3080357142857144,18.59375,1.1142510876618312,False,False,False,High,False,False,True,False,True,متوسط,انسحاب مرتفع بعد الإضافة للسلة,انسحاب مرتفع بعد الإضافة للسلة,هناك اهتمام واضح بالمنتج لكن جزءًا من العملاء لا يكمل الشراء بعد الإضافة للسلة.,3.0,0,1080.0,80,14,80,3,6501.01,28,3.0,12,1,0,2024-01-01,2024-12-30
187,عطر رجالي عودي - اصدار خاص,عطر رجالي عودي - اصدار خاص,الجمال والعنايه,unknown_subcategory,افينو,521.01,,False,10,2,0,22,10,2,0,2,10,10,2.0,0.0,22,22.0,2.0,10.0,False,12504.24,24,22,0.2,0.0,0.0,1.0,0.2,2.2,1.0,Moderate,-0.43484958799973505,-0.43484958799973505,161.0,161.0,161.0,0.0,6.768778422340422,2.8,19.580645161290324,0.3250217192424083,False,False,False,High,False,True,True,False,True,متوسط,انسحاب مرتفع بعد الإضافة للسلة,انسحاب مرتفع بعد الإضافة للسلة,هناك اهتمام واضح بالمنتج لكن جزءًا من العملاء لا يكمل الشراء بعد الإضافة للسلة.,4.5,0,1224.0,77,14,77,5,12504.24,22,4.5,10,2,0,2024-01-01,2024-12-30
121,حذاء رياضي مريح - اصدار خاص,حذاء رياضي مريح - اصدار خاص,الازياء والملابس,unknown_subcategory,زارا,279.43,,False,6,2,0,24,6,2,0,2,6,6,2.0,0.0,24,24.0,2.0,6.0,False,7824.04,28,24,0.3333333333333333,0.0,0.0,1.0,0.3333333333333333,4.0,1.0,Moderate,-0.44014725084885004,-0.44014725084885004,162.0,162.0,162.0,0.0,2.2844532741681975,2.3080357142857144,18.59375,1.7509659948971632,True,False,False,High,False,True,False,False,True,متوسط,انسحاب مرتفع بعد الإضافة للسلة,انسحاب مرتفع بعد الإضافة للسلة,المنتج لا يحصل على عدد كافٍ من الزيارات خلال الفترة المختارة.,4.3,0,1123.0,76,13,76,4,7824.04,24,4.3,6,2,0,2024-01-01,2024-12-30
132,عطر رجالي عودي - اصدار خاص,عطر رجالي عودي - اصدار خاص,الجمال والعنايه,unknown_subcategory,ماك,284.92,,False,8,1,0,31,8,1,0,1,8,8,1.0,0.0,30,30.0,1.0,8.0,False,10257.12,36,31,0.125,0.0,0.0,1.0,0.125,3.875,1.0,Moderate,-0.4403329794911716,-0.4403329794911716,163.0,163.0,163.0,0.0,6.768778422340422,2.8,19.580645161290324,0.5724814373019691,True,False,False,High,False,True,True,False,True,متوسط,انسحاب مرتفع بعد الإضافة للسلة,انسحاب مرتفع بعد الإضافة للسلة,هناك اهتمام واضح بالمنتج لكن جزءًا من العملاء لا يكمل الشراء بعد الإضافة للسلة.,3.5,0,1186.0,68,13,68,3,10257.12,31,3.5,8,1,0,2024-01-01,2024-12-30
84,كتاب الطبخ العربي التقليدي - اصدار خاص,كتاب الطبخ العربي التقليدي - اصدار خاص,الكتب والتعليم,unknown_subcategory,بنغوين,98.36,,False,5,1,0,29,5,1,0,1,5,5,1.0,0.0,28,28.0,1.0,5.0,False,2852.44,29,29,0.2,0.0,0.0,1.0,0.2,5.8,1.0,Moderate,-0.4422993514213933,-0.4422993514213933,164.0,164.0,164.0,0.0,3.3634956997365264,2.0833333333333335,23.17142857142857,1.724396436854173,True,False,False,High,False,True,False,False,True,متوسط,انسحاب مرتفع بعد الإضافة للسلة,انسحاب مرتفع بعد الإضافة للسلة,المنتج لا يحصل على عدد كافٍ من الزيارات خلال الفترة المختارة.,4.4,0,1148.0,87,14,87,2,2852.44,29,4.4,5,1,0,2024-01-01,2024-12-30
90,شاشه 4K 27 انش - اصدار خاص,شاشه 4K 27 انش - اصدار خاص,الالكترونيات,unknown_subcategory,ال جي,2115.26,,False,10,1,0,23,10,1,0,1,10,10,1.0,0.0,23,23.0,1.0,10.0,False,52881.50000000001,25,23,0.1,0.0,0.0,1.0,0.1,2.3,1.0,Moderate,-0.4458109743601261,-0.4458109743601261,165.0,165.0,165.0,0.0,7.961233440029987,1.9,20.12121212121212,0.28889995718946493,False,False,False,High,False,True,True,False,True,متوسط,انسحاب مرتفع بعد الإضافة للسلة,انسحاب مرتفع بعد الإضافة للسلة,هناك اهتمام واضح بالمنتج لكن جزءًا من العملاء لا يكمل الشراء بعد الإضافة للسلة.,5.0,0,1079.0,87,16,87,5,52881.50000000001,23,5.0,10,1,0,2024-01-01,2024-12-30
62,كتاب الطبخ العربي التقليدي - اصدار خاص,كتاب الطبخ العربي التقليدي - اصدار خاص,الكتب والتعليم,unknown_subcategory,بنغوين,122.09,,False,13,1,0,18,13,1,0,1,13,12,1.0,0.0,18,18.0,1.0,12.0,False,2441.8,20,18,0.07692307692307693,0.0,0.0,1.0,0.07692307692307693,1.5,1.0,Moderate,-0.4601829755603917,-0.4601829755603917,166.0,166.0,166.0,0.0,3.3634956997365264,2.0833333333333335,23.17142857142857,0.44596459573814823,False,False,False,High,False,False,True,False,True,متوسط,انسحاب مرتفع بعد الإضافة للسلة,انسحاب مرتفع بعد الإضافة للسلة,هناك اهتمام واضح بالمنتج لكن جزءًا من العملاء لا يكمل الشراء بعد الإضافة للسلة.,2.8,0,1195.0,87,14,87,1,2441.8,18,2.8,13,1,0,2024-01-01,2024-12-30
43,دراجه هواييه جبليه,دراجه هواييه جبليه,الرياضه واللياقه,unknown_subcategory,نايكي,1574.27,,False,7,2,0,17,7,2,0,2,7,7,2.0,0.0,17,17.0,2.0,7.0,False,29911.13,19,17,0.2857142857142857,0.0,0.0,1.0,0.2857142857142857,2.4285714285714284,1.0,Moderate,-0.4614094528603355,-0.4614094528603355,167.0,167.0,167.0,0.0,8.50970943604373,2.1176470588235294,17.666666666666668,0.28538829049614434,True,False,False,High,False,True,True,False,True,متوسط,انسحاب مرتفع بعد الإضافة للسلة,انسحاب مرتفع بعد الإضافة للسلة,هناك اهتمام واضح بالمنتج لكن جزءًا من العملاء لا يكمل الشراء بعد الإضافة للسلة.,3.1,0,1243.0,72,12,72,5,29911.13,17,3.1,7,2,0,2024-01-01,2024-12-30
2,لابتوب الترا سليم,لابتوب الترا سليم,الالكترونيات,unknown_subcategory,شاومي,6856.93,,False,12,2,0,385,12,2,0,2,12,12,2.0,0.0,267,267.0,2.0,12.0,False,2969050.69,433,385,0.16666666666666666,0.0,0.0,1.0,0.16666666666666666,32.083333333333336,1.0,Strong,1.926085342831258,1.926085342831258,1.0,1.0,1.0,0.0,7.961233440029987,1.9,20.12121212121212,4.029945054997972,False,False,False,High,False,False,False,False,True,قوي,انسحاب مرتفع بعد الإضافة للسلة,انسحاب مرتفع بعد الإضافة للسلة,المنتج يحقق أداء جيدًا مقارنة ببقية المنتجات.,4.9,0,1122.0,75,13,75,2,2969050.69,385,4.9,12,2,0,2024-01-01,2024-12-30
1,هاتف ذكي برو ماكس,هاتف ذكي برو ماكس,الالكترونيات,unknown_subcategory,ابل,5429.43,,False,9,4,0,371,9,4,0,4,9,9,4.0,0.0,254,254.0,4.0,9.0,False,2188060.29,403,371,0.4444444444444444,0.0,0.0,1.0,0.4444444444444444,41.22222222222222,1.0,Strong,1.7793339426272898,1.7793339426272898,2.0,2.0,2.0,0.0,7.961233440029987,1.9,20.12121212121212,5.177868797936787,True,False,False,High,False,True,False,False,False,قوي,انسحاب مرتفع بعد الإضافة للسلة,انسحاب مرتفع بعد الإضافة للسلة,المنتج يحقق أداء جيدًا مقارنة ببقية المنتجات.,3.7,0,1239.0,70,12,70,4,2188060.29,371,3.7,9,4,0,2024-01-01,2024-12-30
48,حقيبه رياضيه جيم,حقيبه رياضيه جيم,الرياضه واللياقه,unknown_subcategory,هيد,377.48,,False,13,5,0,529,13,5,0,5,13,13,5.0,0.0,330,330.0,5.0,13.0,False,220825.80000000002,585,529,0.38461538461538464,0.0,0.0,1.0,0.38461538461538464,40.69230769230769,1.0,Strong,1.3399112478133008,1.3399112478133008,3.0,3.0,3.0,0.0,8.50970943604373,2.1176470588235294,17.666666666666668,4.7818680529738575,False,False,False,High,False,False,False,False,False,قوي,انسحاب مرتفع بعد الإضافة للسلة,انسحاب مرتفع بعد الإضافة للسلة,المنتج يحقق أداء جيدًا مقارنة ببقية المنتجات.,4.0,0,1180.0,67,11,67,3,220825.80000000002,529,4.0,13,5,0,2024-01-01,2024-12-30
42,لباس رياضي ضاغط,لباس رياضي ضاغط,الرياضه واللياقه,unknown_subcategory,ريبوك,162.27,,False,14,8,0,527,14,8,0,8,14,14,8.0,0.0,333,333.0,8.0,14.0,False,92331.63,569,527,0.5714285714285714,0.0,0.0,1.0,0.5714285714285714,37.642857142857146,1.0,Strong,1.3340161523930298,1.3340161523930298,4.0,4.0,4.0,0.0,8.50970943604373,2.1176470588235294,17.666666666666668,4.4235185026902375,False,False,False,High,False,False,False,False,False,قوي,انسحاب مرتفع بعد الإضافة للسلة,انسحاب مرتفع بعد الإضافة للسلة,المنتج يحقق أداء جيدًا مقارنة ببقية المنتجات.,3.1,0,1192.0,69,12,69,7,92331.63,527,3.1,14,8,0,2024-01-01,2024-12-30
10,شاحن لاسلكي سريع,شاحن لاسلكي سريع,الالكترونيات,unknown_subcategory,سامسونج,96.42,,False,8,0,0,261,8,0,0,0,8,8,0.0,0.0,196,196.0,0.0,8.0,False,27865.38,289,261,0.0,,0.0,0.0,0.0,32.625,,Strong,1.2805966119764192,1.2805966119764192,5.0,5.0,5.0,0.0,7.961233440029987,1.9,20.12121212121212,4.097983088394041,True,False,True,High,False,True,False,False,True,قوي,ظهور أقل من المطلوب,مشاهدات أقل من المطلوب,المنتج يحقق أداء جيدًا مقارنة ببقية المنتجات.,4.0,0,1117.0,74,13,74,5,27865.38,261,4.0,8,0,0,2024-01-01,2024-12-30
51,كتاب تعلم البرمجه بالعربيه,كتاب تعلم البرمجه بالعربيه,الكتب والتعليم,unknown_subcategory,دار قرطبه,66.67,,False,55,18,0,398,55,18,0,18,55,52,18.0,0.0,274,274.0,18.0,52.0,False,28868.11,433,398,0.32727272727272727,0.0,0.0,1.0,0.32727272727272727,7.653846153846154,1.0,Strong,1.2564703826443557,1.2564703826443557,6.0,6.0,6.0,0.0,3.3634956997365264,2.0833333333333335,23.17142857142857,2.275562937227987,False,False,False,High,False,False,False,False,False,قوي,انسحاب مرتفع بعد الإضافة للسلة,انسحاب مرتفع بعد الإضافة للسلة,المنتج يحقق أداء جيدًا مقارنة ببقية المنتجات.,4.2,0,1190.0,66,10,66,4,28868.11,398,4.2,55,18,0,2024-01-01,2024-12-30
3,سماعات لاسلكيه,سماعات لاسلكيه,الالكترونيات,unknown_subcategory,سامسونج,182.88,,False,12,3,0,498,12,3,0,3,12,11,3.0,0.0,311,311.0,3.0,11.0,False,100584.0,550,498,0.25,0.0,0.0,1.0,0.25,45.27272727272727,1.0,Strong,1.2442129507867867,1.2442129507867867,7.0,7.0,7.0,0.0,7.961233440029987,1.9,20.12121212121212,5.686647378670101,False,False,False,High,False,False,False,False,True,قوي,انسحاب مرتفع بعد الإضافة للسلة,انسحاب مرتفع بعد الإضافة للسلة,المنتج يحقق أداء جيدًا مقارنة ببقية المنتجات.,3.7,0,1141.0,75,11,75,8,100584.0,498,3.7,12,3,0,2024-01-01,2024-12-30
6,شاشه 4K 27 انش,شاشه 4K 27 انش,الالكترونيات,unknown_subcategory,ابل,2618.75,,False,24,8,1,294,24,8,1,8,24,24,8.0,1.0,224,224.0,8.0,24.0,False,838000.0,320,294,0.3333333333333333,0.125,0.041666666666666664,0.875,0.3333333333333333,12.25,0.875,Strong,1.1845195157373944,1.1845195157373944,8.0,8.0,8.0,0.041666666666666664,7.961233440029987,1.9,20.12121212121212,1.5387062937264981,False,False,False,High,False,False,False,False,False,قوي,أداء مستقر,أداء متماسك,المنتج يحقق أداء جيدًا مقارنة ببقية المنتجات.,3.1,0,1097.0,75,13,75,4,838000.0,294,3.1,24,8,1,2024-01-01,2024-12-30
34,طقم مكياج احترافي,طقم مكياج احترافي,الجمال والعنايه,unknown_subcategory,بالمر,269.1,,False,39,16,0,387,39,16,0,16,39,37,15.0,0.0,276,276.0,15.0,37.0,False,115443.90000000001,429,387,0.41025641025641024,0.0,0.0,1.0,0.41025641025641024,10.45945945945946,1.0,Strong,1.1066094937124322,1.1066094937124322,9.0,9.0,9.0,0.0,6.768778422340422,2.8,19.580645161290324,1.5452506799362655,False,False,False,High,False,False,False,False,False,قوي,انسحاب مرتفع بعد الإضافة للسلة,انسحاب مرتفع بعد الإضافة للسلة,المنتج يحقق أداء جيدًا مقارنة ببقية المنتجات.,3.0,0,1095.0,59,10,59,3,115443.90000000001,387,3.0,39,16,0,2024-01-01,2024-12-30
25,ماكينه قهوه اسبريسو,ماكينه قهوه اسبريسو,المنزل والمطبخ,unknown_subcategory,هايسنس,958.76,,False,14,2,0,396,14,2,0,2,14,13,2.0,0.0,275,275.0,2.0,13.0,False,418019.36,436,396,0.14285714285714285,0.0,0.0,1.0,0.14285714285714285,30.46153846153846,1.0,Strong,0.9216265180801623,0.9216265180801623,10.0,10.0,10.0,0.0,4.391284662352632,1.9285714285714286,21.805555555555557,6.936817082866744,False,False,False,High,False,False,False,False,True,قوي,انسحاب مرتفع بعد الإضافة للسلة,انسحاب مرتفع بعد الإضافة للسلة,المنتج يحقق أداء جيدًا مقارنة ببقية المنتجات.,3.7,0,1110.0,63,9,63,4,418019.36,396,3.7,14,2,0,2024-01-01,2024-12-30
46,حصيره يوغا مضاده للانزلاق,حصيره يوغا مضاده للانزلاق,الرياضه واللياقه,unknown_subcategory,اندر ارمور,121.09,,False,11,1,0,413,11,1,0,1,11,11,1.0,0.0,289,289.0,1.0,11.0,False,54127.23,447,413,0.09090909090909091,0.0,0.0,1.0,0.09090909090909091,37.54545454545455,1.0,Strong,0.8698127681110167,0.8698127681110167,11.0,11.0,11.0,0.0,8.50970943604373,2.1176470588235294,17.666666666666668,4.412072448258574,False,False,False,High,False,True,False,False,True,قوي,انسحاب مرتفع بعد الإضافة للسلة,انسحاب مرتفع بعد الإضافة للسلة,المنتج يحقق أداء جيدًا مقارنة ببقية المنتجات.,4.0,0,1163.0,81,12,81,2,54127.23,413,4.0,11,1,0,2024-01-01,2024-12-30
47,اوزان حديد طقم 20 كيلو,اوزان حديد طقم 20 كيلو,الرياضه واللياقه,unknown_subcategory,ريبوك,691.19,,False,12,5,0,335,12,5,0,5,12,11,4.0,0.0,249,249.0,4.0,11.0,False,255049.11000000002,369,335,0.4166666666666667,0.0,0.0,1.0,0.4166666666666667,30.454545454545453,1.0,Strong,0.8195909974003842,0.8195909974003842,12.0,12.0,12.0,0.0,8.50970943604373,2.1176470588235294,17.666666666666668,3.5787996856334674,False,False,False,High,False,False,False,False,False,قوي,انسحاب مرتفع بعد الإضافة للسلة,انسحاب مرتفع بعد الإضافة للسلة,المنتج يحقق أداء جيدًا مقارنة ببقية المنتجات.,3.2,0,1243.0,73,13,73,3,255049.11000000002,335,3.2,12,5,0,2024-01-01,2024-12-30
32,سيروم فيتامين سي,سيروم فيتامين سي,الجمال والعنايه,unknown_subcategory,بيوتانيا,182.43,,False,14,4,0,377,14,4,0,4,14,14,4.0,0.0,269,269.0,4.0,14.0,False,76255.74,418,377,0.2857142857142857,0.0,0.0,1.0,0.2857142857142857,26.928571428571427,1.0,Strong,0.7519564964747526,0.7519564964747526,13.0,13.0,13.0,0.0,6.768778422340422,2.8,19.580645161290324,3.978350264752854,False,False,False,High,False,False,False,False,False,قوي,انسحاب مرتفع بعد الإضافة للسلة,انسحاب مرتفع بعد الإضافة للسلة,المنتج يحقق أداء جيدًا مقارنة ببقية المنتجات.,4.7,0,1247.0,80,14,80,5,76255.74,377,4.7,14,4,0,2024-01-01,2024-12-30
4,ساعه ذكيه سبورت,ساعه ذكيه سبورت,الالكترونيات,unknown_subcategory,شاومي,1045.02,,False,8,3,0,271,8,3,0,3,8,8,3.0,0.0,199,199.0,3.0,8.0,False,308280.9,295,271,0.375,0.0,0.0,1.0,0.375,33.875,1.0,Strong,0.6852821362427259,0.6852821362427259,14.0,14.0,14.0,0.0,7.961233440029987,1.9,20.12121212121212,4.2549939346926635,True,False,False,High,False,True,False,False,True,قوي,انسحاب مرتفع بعد الإضافة للسلة,انسحاب مرتفع بعد الإضافة للسلة,المنتج يحقق أداء جيدًا مقارنة ببقية المنتجات.,4.6,0,1100.0,76,12,76,4,308280.9,271,4.6,8,3,0,2024-01-01,2024-12-30
41,حذاء جري احترافي,حذاء جري احترافي,الرياضه واللياقه,unknown_subcategory,هيد,708.68,,False,6,1,0,256,6,1,0,1,6,6,1.0,0.0,199,199.0,1.0,6.0,False,196304.36,277,256,0.16666666666666666,0.0,0.0,1.0,0.16666666666666666,42.666666666666664,1.0,Strong,0.6843582887314025,0.6843582887314025,15.0,15.0,15.0,0.0,8.50970943604373,2.1176470588235294,17.666666666666668,5.013880554598928,True,False,False,High,False,True,False,False,True,قوي,انسحاب مرتفع بعد الإضافة للسلة,انسحاب مرتفع بعد الإضافة للسلة,المنتج يحقق أداء جيدًا مقارنة ببقية المنتجات.,4.8,0,1129.0,67,11,67,7,196304.36,256,4.8,6,1,0,2024-01-01,2024-12-30
50,عداد خطوات ذكي,عداد خطوات ذكي,الرياضه واللياقه,unknown_subcategory,ريبوك,103.84,,False,8,1,0,300,8,1,0,1,8,8,1.0,0.0,238,238.0,1.0,8.0,False,33540.32,323,300,0.125,0.0,0.0,1.0,0.125,37.5,1.0,Strong,0.6291310459621049,0.6291310459621049,16.0,16.0,16.0,0.0,8.50970943604373,2.1176470588235294,17.666666666666668,4.406730956190464,True,False,False,High,False,True,False,False,True,قوي,انسحاب مرتفع بعد الإضافة للسلة,انسحاب مرتفع بعد الإضافة للسلة,المنتج يحقق أداء جيدًا مقارنة ببقية المنتجات.,3.2,0,1195.0,65,11,65,5,33540.32,300,3.2,8,1,0,2024-01-01,2024-12-30
33,مجموعه عنايه بالشعر,مجموعه عنايه بالشعر,الجمال والعنايه,unknown_subcategory,نيفيا,404.5,,False,17,7,0,296,17,7,0,7,17,17,7.0,0.0,231,231.0,7.0,17.0,False,128226.5,317,296,0.4117647058823529,0.0,0.0,1.0,0.4117647058823529,17.41176470588235,1.0,Strong,0.5838710702625806,0.5838710702625806,17.0,17.0,17.0,0.0,6.768778422340422,2.8,19.580645161290324,2.5723644089773487,False,False,False,High,False,False,False,False,False,قوي,انسحاب مرتفع بعد الإضافة للسلة,انسحاب مرتفع بعد الإضافة للسلة,المنتج يحقق أداء جيدًا مقارنة ببقية المنتجات.,4.2,0,1113.0,70,11,70,5,128226.5,296,4.2,17,7,0,2024-01-01,2024-12-30
26,طقم اواني طهي غرانيت,طقم اواني طهي غرانيت,المنزل والمطبخ,unknown_subcategory,بوش,547.5,,False,11,3,0,285,11,3,0,3,11,11,3.0,0.0,216,216.0,3.0,11.0,False,169725.0,310,285,0.2727272727272727,0.0,0.0,1.0,0.2727272727272727,25.90909090909091,1.0,Strong,0.5472163121054989,0.5472163121054989,18.0,18.0,18.0,0.0,4.391284662352632,1.9285714285714286,21.805555555555557,5.900116458223437,False,False,False,High,False,True,False,False,True,قوي,انسحاب مرتفع بعد الإضافة للسلة,انسحاب مرتفع بعد الإضافة للسلة,المنتج يحقق أداء جيدًا مقارنة ببقية المنتجات.,3.3,0,1120.0,70,14,70,2,169725.0,285,3.3,11,3,0,2024-01-01,2024-12-30
9,راوتر واي فاي 6,راوتر واي فاي 6,الالكترونيات,unknown_subcategory,شاومي,864.52,,False,13,5,0,268,13,5,0,5,13,13,5.0,0.0,212,212.0,5.0,13.0,False,247252.72,286,268,0.38461538461538464,0.0,0.0,1.0,0.38461538461538464,20.615384615384617,1.0,Strong,0.5368023310789325,0.5368023310789325,19.0,19.0,19.0,0.0,7.961233440029987,1.9,20.12121212121212,2.5894711881865087,False,False,False,High,False,False,False,False,False,قوي,انسحاب مرتفع بعد الإضافة للسلة,انسحاب مرتفع بعد الإضافة للسلة,المنتج يحقق أداء جيدًا مقارنة ببقية المنتجات.,3.1,0,1192.0,68,12,68,6,247252.72,268,3.1,13,5,0,2024-01-01,2024-12-30
56,دوره برمجه اكاديميه USB,دوره برمجه اكاديميه USB,الكتب والتعليم,unknown_subcategory,مكتبه جرير,327.69,,False,25,7,0,285,25,7,0,7,25,24,6.0,0.0,217,217.0,6.0,24.0,False,102566.97,313,285,0.28,0.0,0.0,1.0,0.28,11.875,1.0,Strong,0.5347428676601674,0.5347428676601674,20.0,20.0,20.0,0.0,3.3634956997365264,2.0833333333333335,23.17142857142857,3.5305530495936734,False,False,False,High,False,False,False,False,False,قوي,انسحاب مرتفع بعد الإضافة للسلة,انسحاب مرتفع بعد الإضافة للسلة,المنتج يحقق أداء جيدًا مقارنة ببقية المنتجات.,4.1,0,1243.0,72,11,72,6,102566.97,285,4.1,25,7,0,2024-01-01,2024-12-30
37,غسول وجه للبشره الحساسه,غسول وجه للبشره الحساسه,الجمال والعنايه,unknown_subcategory,ماك,113.29,,False,24,7,0,287,24,7,0,7,24,22,6.0,0.0,220,220.0,6.0,22.0,False,35346.48,312,287,0.2916666666666667,0.0,0.0,1.0,0.2916666666666667,13.045454545454545,1.0,Strong,0.5221733858970545,0.5221733858970545,21.0,21.0,21.0,0.0,6.768778422340422,2.8,19.580645161290324,1.9272982112101482,False,False,False,High,False,False,False,False,False,قوي,انسحاب مرتفع بعد الإضافة للسلة,انسحاب مرتفع بعد الإضافة للسلة,المنتج يحقق أداء جيدًا مقارنة ببقية المنتجات.,3.3,0,1228.0,74,12,74,7,35346.48,287,3.3,24,7,0,2024-01-01,2024-12-30
54,قاموس عربي انجليزي شامل,قاموس عربي انجليزي شامل,الكتب والتعليم,unknown_subcategory,نشر المعرفه,131.19,,False,17,5,0,292,17,5,0,5,17,16,5.0,0.0,227,227.0,5.0,16.0,False,41849.61,319,292,0.29411764705882354,0.0,0.0,1.0,0.29411764705882354,18.25,1.0,Strong,0.4955673480153479,0.4955673480153479,22.0,22.0,22.0,0.0,3.3634956997365264,2.0833333333333335,23.17142857142857,5.425902581480804,False,False,False,High,False,False,False,False,False,قوي,انسحاب مرتفع بعد الإضافة للسلة,انسحاب مرتفع بعد الإضافة للسلة,المنتج يحقق أداء جيدًا مقارنة ببقية المنتجات.,3.0,0,1209.0,71,12,71,3,41849.61,292,3.0,17,5,0,2024-01-01,2024-12-30
38,زيت ارغان طبيعي,زيت ارغان طبيعي,الجمال والعنايه,unknown_subcategory,ماك,325.54,,False,18,6,0,281,18,6,0,6,18,18,6.0,0.0,212,212.0,6.0,18.0,False,99615.24,306,281,0.3333333333333333,0.0,0.0,1.0,0.3333333333333333,15.61111111111111,1.0,Strong,0.49356242834577313,0.49356242834577313,23.0,23.0,23.0,0.0,6.768778422340422,2.8,19.580645161290324,2.3063409875534524,False,False,False,High,False,False,False,False,False,قوي,انسحاب مرتفع بعد الإضافة للسلة,انسحاب مرتفع بعد الإضافة للسلة,المنتج يحقق أداء جيدًا مقارنة ببقية المنتجات.,3.7,0,1125.0,66,11,66,8,99615.24,281,3.7,18,6,0,2024-01-01,2024-12-30
31,كريم مرطب SPF 50,كريم مرطب SPF 50,الجمال والعنايه,unknown_subcategory,دوف,118.65,,False,20,6,0,285,20,6,0,6,20,19,6.0,0.0,212,212.0,6.0,19.0,False,37374.75,315,285,0.3,0.0,0.0,1.0,0.3,15.0,1.0,Strong,0.4844522766011693,0.4844522766011693,24.0,24.0,24.0,0.0,6.768778422340422,2.8,19.580645161290324,2.2160571766527837,False,False,False,High,False,False,False,False,False,قوي,انسحاب مرتفع بعد الإضافة للسلة,انسحاب مرتفع بعد الإضافة للسلة,المنتج يحقق أداء جيدًا مقارنة ببقية المنتجات.,3.8,0,1153.0,67,12,67,3,37374.75,285,3.8,20,6,0,2024-01-01,2024-12-30
39,قناع وجه كولاجين,قناع وجه كولاجين,الجمال والعنايه,unknown_subcategory,ماك,51.31,,False,20,7,0,279,20,7,0,7,20,20,7.0,0.0,215,215.0,7.0,20.0,False,15906.1,310,279,0.35,0.0,0.0,1.0,0.35,13.95,1.0,Strong,0.4776640802449146,0.4776640802449146,25.0,25.0,25.0,0.0,6.768778422340422,2.8,19.580645161290324,2.0609331742870887,False,False,False,High,False,False,False,False,False,قوي,انسحاب مرتفع بعد الإضافة للسلة,انسحاب مرتفع بعد الإضافة للسلة,المنتج يحقق أداء جيدًا مقارنة ببقية المنتجات.,3.5,0,1221.0,80,14,80,6,15906.1,279,3.5,20,7,0,2024-01-01,2024-12-30
35,عطر نسايي زهري,عطر نسايي زهري,الجمال والعنايه,unknown_subcategory,افينو,790.82,,False,12,3,0,263,12,3,0,3,12,12,3.0,0.0,213,213.0,3.0,12.0,False,235664.36000000002,298,263,0.25,0.0,0.0,1.0,0.25,21.916666666666668,1.0,Strong,0.4749331836245466,0.4749331836245466,26.0,26.0,26.0,0.0,6.768778422340422,2.8,19.580645161290324,3.2379057636649007,False,False,False,High,False,False,False,False,True,قوي,انسحاب مرتفع بعد الإضافة للسلة,انسحاب مرتفع بعد الإضافة للسلة,المنتج يحقق أداء جيدًا مقارنة ببقية المنتجات.,4.8,0,1087.0,78,14,78,5,235664.36000000002,263,4.8,12,3,0,2024-01-01,2024-12-30
53,كتاب رياده الاعمال والنجاح,كتاب رياده الاعمال والنجاح,الكتب والتعليم,unknown_subcategory,بنغوين,95.99,,False,28,5,0,285,28,5,0,5,28,27,5.0,0.0,216,216.0,5.0,27.0,False,29084.969999999998,303,285,0.17857142857142858,0.0,0.0,1.0,0.17857142857142858,10.555555555555555,1.0,Strong,0.4502015313706505,0.4502015313706505,27.0,27.0,27.0,0.0,3.3634956997365264,2.0833333333333335,23.17142857142857,3.1382693774165986,False,False,False,High,False,False,False,False,False,قوي,انسحاب مرتفع بعد الإضافة للسلة,انسحاب مرتفع بعد الإضافة للسلة,المنتج يحقق أداء جيدًا مقارنة ببقية المنتجات.,4.3,0,1073.0,75,11,75,7,29084.969999999998,285,4.3,28,5,0,2024-01-01,2024-12-30
28,خلاط كهربايي متعدد الوظايف,خلاط كهربايي متعدد الوظايف,المنزل والمطبخ,unknown_subcategory,بوش,207.71,,False,13,4,0,271,13,4,0,4,13,13,4.0,0.0,208,208.0,4.0,13.0,False,60651.32,292,271,0.3076923076923077,0.0,0.0,1.0,0.3076923076923077,20.846153846153847,1.0,Strong,0.4413350578931101,0.4413350578931101,28.0,28.0,28.0,0.0,4.391284662352632,1.9285714285714286,21.805555555555557,4.747165225901232,False,False,False,High,False,False,False,False,False,قوي,انسحاب مرتفع بعد الإضافة للسلة,انسحاب مرتفع بعد الإضافة للسلة,المنتج يحقق أداء جيدًا مقارنة ببقية المنتجات.,3.2,0,1135.0,76,14,76,7,60651.32,271,3.2,13,4,0,2024-01-01,2024-12-30
29,مجموعه سكاكين مطبخ,مجموعه سكاكين مطبخ,المنزل والمطبخ,unknown_subcategory,اريتي,137.26,,False,12,3,0,268,12,3,0,3,12,12,3.0,0.0,209,209.0,3.0,12.0,False,41178.0,300,268,0.25,0.0,0.0,1.0,0.25,22.333333333333332,1.0,Strong,0.413657105747604,0.413657105747604,29.0,29.0,29.0,0.0,4.391284662352632,1.9285714285714286,21.805555555555557,5.085831379778564,False,False,False,High,False,False,False,False,True,قوي,انسحاب مرتفع بعد الإضافة للسلة,انسحاب مرتفع بعد الإضافة للسلة,المنتج يحقق أداء جيدًا مقارنة ببقية المنتجات.,3.8,0,1249.0,68,13,68,2,41178.0,268,3.8,12,3,0,2024-01-01,2024-12-30
197,مكيف هواء انفيرتر 18000 - اصدار خاص,مكيف هواء انفيرتر 18000 - اصدار خاص,المنزل والمطبخ,unknown_subcategory,توشيبا,1440.46,,False,50,16,0,42,50,16,0,16,42,44,15.0,0.0,41,41.0,15.0,41.0,False,69142.08,48,42,0.32,0.0,0.0,1.0,0.32,0.9545454545454546,1.0,Strong,0.4087719131770017,0.4087719131770017,30.0,30.0,30.0,0.0,4.391284662352632,1.9285714285714286,21.805555555555557,0.21737271161875818,False,False,False,High,False,False,True,False,False,قوي,انسحاب مرتفع بعد الإضافة للسلة,انسحاب مرتفع بعد الإضافة للسلة,المنتج يحقق أداء جيدًا مقارنة ببقية المنتجات.,3.5,0,1089.0,90,16,90,1,69142.08,42,3.5,50,16,0,2024-01-01,2024-12-30
88,دوره برمجه اكاديميه USB - اصدار خاص,دوره برمجه اكاديميه USB - اصدار خاص,الكتب والتعليم,unknown_subcategory,بنغوين,398.34,,False,7,0,0,37,7,0,0,0,7,7,0.0,0.0,36,36.0,0.0,7.0,False,15535.259999999998,39,37,0.0,,0.0,0.0,0.0,5.285714285714286,,Strong,0.3947013799900449,0.3947013799900449,31.0,31.0,31.0,0.0,3.3634956997365264,2.0833333333333335,23.17142857142857,1.5714942897439508,True,False,True,High,False,True,False,False,True,قوي,ظهور أقل من المطلوب,مشاهدات أقل من المطلوب,المنتج يحقق أداء جيدًا مقارنة ببقية المنتجات.,3.9,0,1085.0,83,15,83,3,15535.259999999998,37,3.9,7,0,0,2024-01-01,2024-12-30
80,ماكينه قهوه اسبريسو - اصدار خاص,ماكينه قهوه اسبريسو - اصدار خاص,المنزل والمطبخ,unknown_subcategory,اريتي,996.58,,False,14,4,0,39,14,4,0,4,14,13,4.0,0.0,38,38.0,4.0,13.0,False,43849.520000000004,44,39,0.2857142857142857,0.0,0.0,1.0,0.2857142857142857,3.0,1.0,Strong,-0.27910727341750124,-0.27910727341750124,32.0,32.0,32.0,0.0,4.391284662352632,1.9285714285714286,21.805555555555557,0.68317137937324,False,False,False,High,False,False,True,False,False,قوي,انسحاب مرتفع بعد الإضافة للسلة,انسحاب مرتفع بعد الإضافة للسلة,المنتج يحقق أداء جيدًا مقارنة ببقية المنتجات.,4.3,0,1164.0,86,15,86,6,43849.520000000004,39,4.3,14,4,0,2024-01-01,2024-12-30
138,جهاز مشي كهربايي - اصدار خاص,جهاز مشي كهربايي - اصدار خاص,الرياضه واللياقه,unknown_subcategory,بوما,2075.88,,False,7,2,0,41,7,2,0,2,7,7,2.0,0.0,39,39.0,2.0,7.0,False,93414.6,45,41,0.2857142857142857,0.0,0.0,1.0,0.2857142857142857,5.857142857142857,1.0,Strong,-0.3341984088690474,-0.3341984088690474,33.0,33.0,33.0,0.0,8.50970943604373,2.1176470588235294,17.666666666666668,0.688289406490701,True,False,False,High,False,True,True,False,True,قوي,انسحاب مرتفع بعد الإضافة للسلة,انسحاب مرتفع بعد الإضافة للسلة,المنتج يحقق أداء جيدًا مقارنة ببقية المنتجات.,4.6,0,1118.0,82,15,82,1,93414.6,41,4.6,7,2,0,2024-01-01,2024-12-30
