selected_product_id,plot_product_id,plot_product_name,is_selected_product,price,purchase_conversion_rate,rating,category,peer_group
1,1,هاتف ذكي برو ماكس,True,5429.43,41.22222222222222,3.7,الالكترونيات,selected
1,2,لابتوب الترا سليم,False,6856.93,32.083333333333336,4.9,الالكترونيات,peer
1,4,ساعه ذكيه سبورت,False,1045.02,33.875,4.6,الالكترونيات,peer
1,9,راوتر واي فاي 6,False,864.52,20.615384615384617,3.1,الالكترونيات,peer
1,3,سماعات لاسلكيه,False,182.88,45.27272727272727,3.7,الالكترونيات,peer
1,10,شاحن لاسلكي سريع,False,96.42,32.625,4.0,الالكترونيات,peer
2,2,لابتوب الترا سليم,True,6856.93,32.083333333333336,4.9,الالكترونيات,selected
2,1,هاتف ذكي برو ماكس,False,5429.43,41.22222222222222,3.7,الالكترونيات,peer
2,4,ساعه ذكيه سبورت,False,1045.02,33.875,4.6,الالكترونيات,peer
2,9,راوتر واي فاي 6,False,864.52,20.615384615384617,3.1,الالكترونيات,peer
2,10,شاحن لاسلكي سريع,False,96.42,32.625,4.0,الالكترونيات,peer
2,3,سماعات لاسلكيه,False,182.88,45.27272727272727,3.7,الالكترونيات,peer
3,3,سماعات لاسلكيه,True,182.88,45.27272727272727,3.7,الالكترونيات,selected
3,10,شاحن لاسلكي سريع,False,96.42,32.625,4.0,الالكترونيات,peer
3,4,ساعه ذكيه سبورت,False,1045.02,33.875,4.6,الالكترونيات,peer
3,9,راوتر واي فاي 6,False,864.52,20.615384615384617,3.1,الالكترونيات,peer
3,41,حذاء جري احترافي,False,708.68,42.66666666666666,4.8,الرياضه واللياقه,peer
3,42,لباس رياضي ضاغط,False,162.27,37.642857142857146,3.1,الرياضه واللياقه,peer
4,4,ساعه ذكيه سبورت,True,1045.02,33.875,4.6,الالكترونيات,selected
4,10,شاحن لاسلكي سريع,False,96.42,32.625,4.0,الالكترونيات,peer
4,3,سماعات لاسلكيه,False,182.88,45.27272727272727,3.7,الالكترونيات,peer
4,9,راوتر واي فاي 6,False,864.52,20.615384615384617,3.1,الالكترونيات,peer
4,41,حذاء جري احترافي,False,708.68,42.66666666666666,4.8,الرياضه واللياقه,peer
4,48,حقيبه رياضيه جيم,False,377.48,40.69230769230769,4.0,الرياضه واللياقه,peer
5,5,تابلت 10 انش,True,1043.64,1.6875,5.0,الالكترونيات,selected
5,8,مكبر صوت بلوتوث,False,338.12,2.5384615384615383,4.6,الالكترونيات,peer
5,174,تابلت 10 انش - اصدار خاص,False,886.97,2.4545454545454546,4.6,الالكترونيات,peer
5,126,شاحن لاسلكي سريع - اصدار خاص,False,224.49,0.7,4.3,الالكترونيات,peer
5,141,ساعه ذكيه سبورت - اصدار خاص,False,449.82,0.8181818181818182,3.4,الالكترونيات,peer
5,97,هاتف ذكي برو ماكس - اصدار خاص,False,1968.21,1.9166666666666667,4.1,الالكترونيات,peer
6,6,شاشه 4K 27 انش,True,2618.75,12.25,3.1,الالكترونيات,selected
6,97,هاتف ذكي برو ماكس - اصدار خاص,False,1968.21,1.9166666666666667,4.1,الالكترونيات,peer
6,67,لابتوب الترا سليم - اصدار خاص,False,3651.66,1.380952380952381,4.6,الالكترونيات,peer
6,68,تابلت 10 انش - اصدار خاص,False,1081.84,1.8125,2.6,الالكترونيات,peer
6,177,لابتوب الترا سليم - اصدار خاص,False,3544.65,2.7777777777777777,2.7,الالكترونيات,peer
6,124,كاميرا ميرورليس - اصدار خاص,False,4869.43,0.5434782608695652,2.8,الالكترونيات,peer
7,7,كاميرا ميرورليس,True,2063.12,1.5714285714285714,3.5,الالكترونيات,selected
7,177,لابتوب الترا سليم - اصدار خاص,False,3544.65,2.7777777777777777,2.7,الالكترونيات,peer
7,102,تابلت 10 انش - اصدار خاص,False,1982.66,1.2105263157894737,3.5,الالكترونيات,peer
7,107,كاميرا ميرورليس - اصدار خاص,False,5057.62,2.8,3.2,الالكترونيات,peer
7,194,ساعه ذكيه سبورت - اصدار خاص,False,582.97,1.9,4.0,الالكترونيات,peer
7,69,لابتوب الترا سليم - اصدار خاص,False,5185.33,1.6875,2.5,الالكترونيات,peer
8,8,مكبر صوت بلوتوث,True,338.12,2.5384615384615383,4.6,الالكترونيات,selected
8,5,تابلت 10 انش,False,1043.64,1.6875,5.0,الالكترونيات,peer
8,141,ساعه ذكيه سبورت - اصدار خاص,False,449.82,0.8181818181818182,3.4,الالكترونيات,peer
8,126,شاحن لاسلكي سريع - اصدار خاص,False,224.49,0.7,4.3,الالكترونيات,peer
8,115,شاحن لاسلكي سريع - اصدار خاص,False,131.51,1.75,3.6,الالكترونيات,peer
8,174,تابلت 10 انش - اصدار خاص,False,886.97,2.4545454545454546,4.6,الالكترونيات,peer
9,9,راوتر واي فاي 6,True,864.52,20.615384615384617,3.1,الالكترونيات,selected
9,10,شاحن لاسلكي سريع,False,96.42,32.625,4.0,الالكترونيات,peer
9,3,سماعات لاسلكيه,False,182.88,45.27272727272727,3.7,الالكترونيات,peer
9,4,ساعه ذكيه سبورت,False,1045.02,33.875,4.6,الالكترونيات,peer
9,42,لباس رياضي ضاغط,False,162.27,37.642857142857146,3.1,الرياضه واللياقه,peer
9,50,عداد خطوات ذكي,False,103.84,37.5,3.2,الرياضه واللياقه,peer
10,10,شاحن لاسلكي سريع,True,96.42,32.625,4.0,الالكترونيات,selected
10,3,سماعات لاسلكيه,False,182.88,45.27272727272727,3.7,الالكترونيات,peer
10,4,ساعه ذكيه سبورت,False,1045.02,33.875,4.6,الالكترونيات,peer
10,9,راوتر واي فاي 6,False,864.52,20.615384615384617,3.1,الالكترونيات,peer
10,41,حذاء جري احترافي,False,708.68,42.66666666666666,4.8,الرياضه واللياقه,peer
10,48,حقيبه رياضيه جيم,False,377.48,40.69230769230769,4.0,الرياضه واللياقه,peer
11,11,قميص قطني كلاسيكي,True,73.96,4.142857142857143,3.2,الازياء والملابس,selected
11,125,شال كشمير ناعم - اصدار خاص,False,208.91,1.2777777777777777,3.0,الازياء والملابس,peer
11,155,حذاء رياضي مريح - اصدار خاص,False,298.62,2.4285714285714284,2.7,الازياء والملابس,peer
11,93,شال كشمير ناعم - اصدار خاص,False,304.48,3.1,3.8,الازياء والملابس,peer
11,180,شال كشمير ناعم - اصدار خاص,False,279.71,0.6739130434782609,3.3,الازياء والملابس,peer
11,83,فستان سهره انيق - اصدار خاص,False,584.83,2.6,3.4,الازياء والملابس,peer
12,12,فستان سهره انيق,True,378.07,2.5,4.2,الازياء والملابس,selected
12,121,حذاء رياضي مريح - اصدار خاص,False,279.43,4.0,4.3,الازياء والملابس,peer
12,164,حقيبه يد جلديه - اصدار خاص,False,297.97,0.6923076923076923,3.9,الازياء والملابس,peer
12,198,حقيبه يد جلديه - اصدار خاص,False,440.15,3.25,4.5,الازياء والملابس,peer
12,66,قميص قطني كلاسيكي - اصدار خاص,False,234.31,3.333333333333333,3.7,الازياء والملابس,peer
12,14,عباءه مطرزه فاخره,False,687.06,2.583333333333333,4.8,الازياء والملابس,peer
13,13,بنطلون جينز سليم فيت,True,342.07,0.85,3.2,الازياء والملابس,selected
13,20,حذاء رسمي جلد,False,600.91,2.909090909090909,3.4,الازياء والملابس,peer
13,18,جاكيت شتوي دافي,False,685.51,0.7446808510638298,3.8,الازياء والملابس,peer
13,190,حذاء رسمي جلد - اصدار خاص,False,615.39,4.25,3.9,الازياء والملابس,peer
13,164,حقيبه يد جلديه - اصدار خاص,False,297.97,0.6923076923076923,3.9,الازياء والملابس,peer
13,66,قميص قطني كلاسيكي - اصدار خاص,False,234.31,3.333333333333333,3.7,الازياء والملابس,peer
14,14,عباءه مطرزه فاخره,True,687.06,2.583333333333333,4.8,الازياء والملابس,selected
14,12,فستان سهره انيق,False,378.07,2.5,4.2,الازياء والملابس,peer
14,121,حذاء رياضي مريح - اصدار خاص,False,279.43,4.0,4.3,الازياء والملابس,peer
14,164,حقيبه يد جلديه - اصدار خاص,False,297.97,0.6923076923076923,3.9,الازياء والملابس,peer
14,19,تيشيرت بولو قطن,False,195.42,2.1875,4.2,الازياء والملابس,peer
14,198,حقيبه يد جلديه - اصدار خاص,False,440.15,3.25,4.5,الازياء والملابس,peer
15,15,حذاء رياضي مريح,True,478.33,5.2,3.6,الازياء والملابس,selected
15,18,جاكيت شتوي دافي,False,685.51,0.7446808510638298,3.8,الازياء والملابس,peer
15,16,حقيبه يد جلديه,False,680.77,2.9,3.9,الازياء والملابس,peer
15,73,فستان سهره انيق - اصدار خاص,False,249.37,1.85,3.4,الازياء والملابس,peer
15,66,قميص قطني كلاسيكي - اصدار خاص,False,234.31,3.333333333333333,3.7,الازياء والملابس,peer
15,12,فستان سهره انيق,False,378.07,2.5,4.2,الازياء والملابس,peer
16,16,حقيبه يد جلديه,True,680.77,2.9,3.9,الازياء والملابس,selected
16,15,حذاء رياضي مريح,False,478.33,5.2,3.6,الازياء والملابس,peer
16,18,جاكيت شتوي دافي,False,685.51,0.7446808510638298,3.8,الازياء والملابس,peer
16,73,فستان سهره انيق - اصدار خاص,False,249.37,1.85,3.4,الازياء والملابس,peer
16,17,شال كشمير ناعم,False,281.04,1.7142857142857142,3.7,الازياء والملابس,peer
16,83,فستان سهره انيق - اصدار خاص,False,584.83,2.6,3.4,الازياء والملابس,peer
17,17,شال كشمير ناعم,True,281.04,1.7142857142857142,3.7,الازياء والملابس,selected
17,73,فستان سهره انيق - اصدار خاص,False,249.37,1.85,3.4,الازياء والملابس,peer
17,83,فستان سهره انيق - اصدار خاص,False,584.83,2.6,3.4,الازياء والملابس,peer
17,169,فستان سهره انيق - اصدار خاص,False,452.68,1.173913043478261,3.1,الازياء والملابس,peer
17,16,حقيبه يد جلديه,False,680.77,2.9,3.9,الازياء والملابس,peer
17,15,حذاء رياضي مريح,False,478.33,5.2,3.6,الازياء والملابس,peer
18,18,جاكيت شتوي دافي,True,685.51,0.7446808510638298,3.8,الازياء والملابس,selected
18,15,حذاء رياضي مريح,False,478.33,5.2,3.6,الازياء والملابس,peer
18,16,حقيبه يد جلديه,False,680.77,2.9,3.9,الازياء والملابس,peer
18,66,قميص قطني كلاسيكي - اصدار خاص,False,234.31,3.333333333333333,3.7,الازياء والملابس,peer
18,73,فستان سهره انيق - اصدار خاص,False,249.37,1.85,3.4,الازياء والملابس,peer
18,12,فستان سهره انيق,False,378.07,2.5,4.2,الازياء والملابس,peer
19,19,تيشيرت بولو قطن,True,195.42,2.1875,4.2,الازياء والملابس,selected
19,129,تيشيرت بولو قطن - اصدار خاص,False,94.56,2.5,4.5,الازياء والملابس,peer
19,166,فستان سهره انيق - اصدار خاص,False,184.75,1.6842105263157894,3.8,الازياء والملابس,peer
19,121,حذاء رياضي مريح - اصدار خاص,False,279.43,4.0,4.3,الازياء والملابس,peer
19,100,حقيبه يد جلديه - اصدار خاص,False,418.81,1.9230769230769231,4.3,الازياء والملابس,peer
19,12,فستان سهره انيق,False,378.07,2.5,4.2,الازياء والملابس,peer
20,20,حذاء رسمي جلد,True,600.91,2.909090909090909,3.4,الازياء والملابس,selected
20,190,حذاء رسمي جلد - اصدار خاص,False,615.39,4.25,3.9,الازياء والملابس,peer
20,13,بنطلون جينز سليم فيت,False,342.07,0.85,3.2,الازياء والملابس,peer
20,121,حذاء رياضي مريح - اصدار خاص,False,279.43,4.0,4.3,الازياء والملابس,peer
20,63,حذاء رياضي مريح - اصدار خاص,False,557.39,1.8,2.9,الازياء والملابس,peer
20,127,قميص قطني كلاسيكي - اصدار خاص,False,209.71,2.5454545454545454,3.0,الازياء والملابس,peer
21,21,مكيف هواء انفيرتر 18000,True,2953.99,0.6136363636363636,4.1,المنزل والمطبخ,selected
21,23,ثلاجه نوفروست 350 لتر,False,3803.84,0.8846153846153846,3.7,المنزل والمطبخ,peer
21,154,ثلاجه نوفروست 350 لتر - اصدار خاص,False,3786.85,4.333333333333333,3.9,المنزل والمطبخ,peer
21,178,مكيف هواء انفيرتر 18000 - اصدار خاص,False,3002.16,0.5714285714285714,3.6,المنزل والمطبخ,peer
21,134,ثلاجه نوفروست 350 لتر - اصدار خاص,False,3215.18,2.333333333333333,4.8,المنزل والمطبخ,peer
21,130,ثلاجه نوفروست 350 لتر - اصدار خاص,False,3341.54,2.4545454545454546,4.5,المنزل والمطبخ,peer
22,22,غساله اوتوماتيك 8 كيلو,True,2057.09,2.5,4.3,المنزل والمطبخ,selected
22,27,فرن كهربايي 60 لتر,False,1128.13,2.6153846153846154,4.0,المنزل والمطبخ,peer
22,162,ثلاجه نوفروست 350 لتر - اصدار خاص,False,2324.66,1.3333333333333333,3.4,المنزل والمطبخ,peer
22,91,فرن كهربايي 60 لتر - اصدار خاص,False,978.27,0.6585365853658537,4.4,المنزل والمطبخ,peer
22,119,ماكينه قهوه اسبريسو - اصدار خاص,False,1350.85,0.7714285714285715,3.7,المنزل والمطبخ,peer
22,30,مكواه بخاريه احترافيه,False,583.67,3.6666666666666665,4.5,المنزل والمطبخ,peer
23,23,ثلاجه نوفروست 350 لتر,True,3803.84,0.8846153846153846,3.7,المنزل والمطبخ,selected
23,21,مكيف هواء انفيرتر 18000,False,2953.99,0.6136363636363636,4.1,المنزل والمطبخ,peer
23,154,ثلاجه نوفروست 350 لتر - اصدار خاص,False,3786.85,4.333333333333333,3.9,المنزل والمطبخ,peer
23,178,مكيف هواء انفيرتر 18000 - اصدار خاص,False,3002.16,0.5714285714285714,3.6,المنزل والمطبخ,peer
23,130,ثلاجه نوفروست 350 لتر - اصدار خاص,False,3341.54,2.4545454545454546,4.5,المنزل والمطبخ,peer
23,22,غساله اوتوماتيك 8 كيلو,False,2057.09,2.5,4.3,المنزل والمطبخ,peer
24,24,مكنسه كهرباييه لاسلكيه,True,362.63,1.0769230769230769,4.5,المنزل والمطبخ,selected
24,168,مجموعه سكاكين مطبخ - اصدار خاص,False,126.51,0.6875,4.5,المنزل والمطبخ,peer
24,61,فرن كهربايي 60 لتر - اصدار خاص,False,1462.89,2.090909090909091,4.5,المنزل والمطبخ,peer
24,170,فرن كهربايي 60 لتر - اصدار خاص,False,810.36,3.0,3.5,المنزل والمطبخ,peer
24,136,فرن كهربايي 60 لتر - اصدار خاص,False,1233.09,1.0,4.5,المنزل والمطبخ,peer
24,101,مجموعه سكاكين مطبخ - اصدار خاص,False,241.26,3.0,3.7,المنزل والمطبخ,peer
25,25,ماكينه قهوه اسبريسو,True,958.76,30.46153846153846,3.7,المنزل والمطبخ,selected
25,26,طقم اواني طهي غرانيت,False,547.5,25.90909090909091,3.3,المنزل والمطبخ,peer
25,28,خلاط كهربايي متعدد الوظايف,False,207.71,20.846153846153847,3.2,المنزل والمطبخ,peer
25,29,مجموعه سكاكين مطبخ,False,137.26,22.33333333333333,3.8,المنزل والمطبخ,peer
25,3,سماعات لاسلكيه,False,182.88,45.27272727272727,3.7,الالكترونيات,peer
25,41,حذاء جري احترافي,False,708.68,42.66666666666666,4.8,الرياضه واللياقه,peer
26,26,طقم اواني طهي غرانيت,True,547.5,25.90909090909091,3.3,المنزل والمطبخ,selected
26,25,ماكينه قهوه اسبريسو,False,958.76,30.46153846153846,3.7,المنزل والمطبخ,peer
26,29,مجموعه سكاكين مطبخ,False,137.26,22.33333333333333,3.8,المنزل والمطبخ,peer
26,28,خلاط كهربايي متعدد الوظايف,False,207.71,20.846153846153847,3.2,المنزل والمطبخ,peer
26,46,حصيره يوغا مضاده للانزلاق,False,121.09,37.54545454545455,4.0,الرياضه واللياقه,peer
26,48,حقيبه رياضيه جيم,False,377.48,40.69230769230769,4.0,الرياضه واللياقه,peer
27,27,فرن كهربايي 60 لتر,True,1128.13,2.6153846153846154,4.0,المنزل والمطبخ,selected
27,30,مكواه بخاريه احترافيه,False,583.67,3.6666666666666665,4.5,المنزل والمطبخ,peer
27,119,ماكينه قهوه اسبريسو - اصدار خاص,False,1350.85,0.7714285714285715,3.7,المنزل والمطبخ,peer
27,111,مكواه بخاريه احترافيه - اصدار خاص,False,453.66,3.125,3.8,المنزل والمطبخ,peer
27,22,غساله اوتوماتيك 8 كيلو,False,2057.09,2.5,4.3,المنزل والمطبخ,peer
27,80,ماكينه قهوه اسبريسو - اصدار خاص,False,996.58,3.0,4.3,المنزل والمطبخ,peer
28,28,خلاط كهربايي متعدد الوظايف,True,207.71,20.846153846153847,3.2,المنزل والمطبخ,selected
28,26,طقم اواني طهي غرانيت,False,547.5,25.90909090909091,3.3,المنزل والمطبخ,peer
28,25,ماكينه قهوه اسبريسو,False,958.76,30.46153846153846,3.7,المنزل والمطبخ,peer
28,29,مجموعه سكاكين مطبخ,False,137.26,22.33333333333333,3.8,المنزل والمطبخ,peer
28,3,سماعات لاسلكيه,False,182.88,45.27272727272727,3.7,الالكترونيات,peer
28,42,لباس رياضي ضاغط,False,162.27,37.642857142857146,3.1,الرياضه واللياقه,peer
29,29,مجموعه سكاكين مطبخ,True,137.26,22.33333333333333,3.8,المنزل والمطبخ,selected
29,26,طقم اواني طهي غرانيت,False,547.5,25.90909090909091,3.3,المنزل والمطبخ,peer
29,25,ماكينه قهوه اسبريسو,False,958.76,30.46153846153846,3.7,المنزل والمطبخ,peer
29,28,خلاط كهربايي متعدد الوظايف,False,207.71,20.846153846153847,3.2,المنزل والمطبخ,peer
29,46,حصيره يوغا مضاده للانزلاق,False,121.09,37.54545454545455,4.0,الرياضه واللياقه,peer
29,48,حقيبه رياضيه جيم,False,377.48,40.69230769230769,4.0,الرياضه واللياقه,peer
30,30,مكواه بخاريه احترافيه,True,583.67,3.6666666666666665,4.5,المنزل والمطبخ,selected
30,27,فرن كهربايي 60 لتر,False,1128.13,2.6153846153846154,4.0,المنزل والمطبخ,peer
30,111,مكواه بخاريه احترافيه - اصدار خاص,False,453.66,3.125,3.8,المنزل والمطبخ,peer
30,119,ماكينه قهوه اسبريسو - اصدار خاص,False,1350.85,0.7714285714285715,3.7,المنزل والمطبخ,peer
30,22,غساله اوتوماتيك 8 كيلو,False,2057.09,2.5,4.3,المنزل والمطبخ,peer
30,91,فرن كهربايي 60 لتر - اصدار خاص,False,978.27,0.6585365853658537,4.4,المنزل والمطبخ,peer
31,31,كريم مرطب SPF 50,True,118.65,15.0,3.8,الجمال والعنايه,selected
31,33,مجموعه عنايه بالشعر,False,404.5,17.41176470588235,4.2,الجمال والعنايه,peer
31,79,سيروم فيتامين سي - اصدار خاص,False,421.1,27.0,4.6,الجمال والعنايه,peer
31,34,طقم مكياج احترافي,False,269.1,10.45945945945946,3.0,الجمال والعنايه,peer
31,39,قناع وجه كولاجين,False,51.31,13.95,3.5,الجمال والعنايه,peer
31,35,عطر نسايي زهري,False,790.82,21.916666666666668,4.8,الجمال والعنايه,peer
32,32,سيروم فيتامين سي,True,182.43,26.928571428571427,4.7,الجمال والعنايه,selected
32,79,سيروم فيتامين سي - اصدار خاص,False,421.1,27.0,4.6,الجمال والعنايه,peer
32,35,عطر نسايي زهري,False,790.82,21.916666666666668,4.8,الجمال والعنايه,peer
32,31,كريم مرطب SPF 50,False,118.65,15.0,3.8,الجمال والعنايه,peer
32,39,قناع وجه كولاجين,False,51.31,13.95,3.5,الجمال والعنايه,peer
32,33,مجموعه عنايه بالشعر,False,404.5,17.41176470588235,4.2,الجمال والعنايه,peer
33,33,مجموعه عنايه بالشعر,True,404.5,17.41176470588235,4.2,الجمال والعنايه,selected
33,35,عطر نسايي زهري,False,790.82,21.916666666666668,4.8,الجمال والعنايه,peer
33,31,كريم مرطب SPF 50,False,118.65,15.0,3.8,الجمال والعنايه,peer
33,79,سيروم فيتامين سي - اصدار خاص,False,421.1,27.0,4.6,الجمال والعنايه,peer
33,38,زيت ارغان طبيعي,False,325.54,15.61111111111111,3.7,الجمال والعنايه,peer
33,34,طقم مكياج احترافي,False,269.1,10.45945945945946,3.0,الجمال والعنايه,peer
34,34,طقم مكياج احترافي,True,269.1,10.45945945945946,3.0,الجمال والعنايه,selected
34,181,عطر رجالي عودي - اصدار خاص,False,353.61,2.2,2.7,الجمال والعنايه,peer
34,109,قناع وجه كولاجين - اصدار خاص,False,44.98,4.428571428571429,2.8,الجمال والعنايه,peer
34,31,كريم مرطب SPF 50,False,118.65,15.0,3.8,الجمال والعنايه,peer
34,33,مجموعه عنايه بالشعر,False,404.5,17.41176470588235,4.2,الجمال والعنايه,peer
34,78,عطر رجالي عودي - اصدار خاص,False,637.27,2.4166666666666665,3.7,الجمال والعنايه,peer
35,35,عطر نسايي زهري,True,790.82,21.916666666666668,4.8,الجمال والعنايه,selected
35,33,مجموعه عنايه بالشعر,False,404.5,17.41176470588235,4.2,الجمال والعنايه,peer
35,79,سيروم فيتامين سي - اصدار خاص,False,421.1,27.0,4.6,الجمال والعنايه,peer
35,31,كريم مرطب SPF 50,False,118.65,15.0,3.8,الجمال والعنايه,peer
35,32,سيروم فيتامين سي,False,182.43,26.928571428571427,4.7,الجمال والعنايه,peer
35,38,زيت ارغان طبيعي,False,325.54,15.61111111111111,3.7,الجمال والعنايه,peer
36,36,عطر رجالي عودي,True,703.99,1.7222222222222223,4.0,الجمال والعنايه,selected
36,187,عطر رجالي عودي - اصدار خاص,False,521.01,2.2,4.5,الجمال والعنايه,peer
36,122,طقم مكياج احترافي - اصدار خاص,False,696.77,2.083333333333333,3.2,الجمال والعنايه,peer
36,40,مزيل عرق رول اون,False,36.51,0.8181818181818182,4.5,الجمال والعنايه,peer
36,37,غسول وجه للبشره الحساسه,False,113.29,13.045454545454543,3.3,الجمال والعنايه,peer
36,143,عطر رجالي عودي - اصدار خاص,False,602.95,1.4782608695652173,4.8,الجمال والعنايه,peer
37,37,غسول وجه للبشره الحساسه,True,113.29,13.045454545454543,3.3,الجمال والعنايه,selected
37,39,قناع وجه كولاجين,False,51.31,13.95,3.5,الجمال والعنايه,peer
37,38,زيت ارغان طبيعي,False,325.54,15.61111111111111,3.7,الجمال والعنايه,peer
37,122,طقم مكياج احترافي - اصدار خاص,False,696.77,2.083333333333333,3.2,الجمال والعنايه,peer
37,179,مجموعه عنايه بالشعر - اصدار خاص,False,148.28,5.166666666666667,4.0,الجمال والعنايه,peer
37,132,عطر رجالي عودي - اصدار خاص,False,284.92,3.875,3.5,الجمال والعنايه,peer
38,38,زيت ارغان طبيعي,True,325.54,15.61111111111111,3.7,الجمال والعنايه,selected
38,37,غسول وجه للبشره الحساسه,False,113.29,13.045454545454543,3.3,الجمال والعنايه,peer
38,39,قناع وجه كولاجين,False,51.31,13.95,3.5,الجمال والعنايه,peer
38,33,مجموعه عنايه بالشعر,False,404.5,17.41176470588235,4.2,الجمال والعنايه,peer
38,31,كريم مرطب SPF 50,False,118.65,15.0,3.8,الجمال والعنايه,peer
38,36,عطر رجالي عودي,False,703.99,1.7222222222222223,4.0,الجمال والعنايه,peer
39,39,قناع وجه كولاجين,True,51.31,13.95,3.5,الجمال والعنايه,selected
39,37,غسول وجه للبشره الحساسه,False,113.29,13.045454545454543,3.3,الجمال والعنايه,peer
39,38,زيت ارغان طبيعي,False,325.54,15.61111111111111,3.7,الجمال والعنايه,peer
39,179,مجموعه عنايه بالشعر - اصدار خاص,False,148.28,5.166666666666667,4.0,الجمال والعنايه,peer
39,122,طقم مكياج احترافي - اصدار خاص,False,696.77,2.083333333333333,3.2,الجمال والعنايه,peer
39,31,كريم مرطب SPF 50,False,118.65,15.0,3.8,الجمال والعنايه,peer
40,40,مزيل عرق رول اون,True,36.51,0.8181818181818182,4.5,الجمال والعنايه,selected
40,183,كريم مرطب SPF 50 - اصدار خاص,False,171.04,0.4074074074074074,4.4,الجمال والعنايه,peer
40,182,سيروم فيتامين سي - اصدار خاص,False,190.33,2.1538461538461537,3.9,الجمال والعنايه,peer
40,160,زيت ارغان طبيعي - اصدار خاص,False,298.73,3.5,4.3,الجمال والعنايه,peer
40,36,عطر رجالي عودي,False,703.99,1.7222222222222223,4.0,الجمال والعنايه,peer
40,187,عطر رجالي عودي - اصدار خاص,False,521.01,2.2,4.5,الجمال والعنايه,peer
41,41,حذاء جري احترافي,True,708.68,42.66666666666666,4.8,الرياضه واللياقه,selected
41,48,حقيبه رياضيه جيم,False,377.48,40.69230769230769,4.0,الرياضه واللياقه,peer
41,42,لباس رياضي ضاغط,False,162.27,37.642857142857146,3.1,الرياضه واللياقه,peer
41,50,عداد خطوات ذكي,False,103.84,37.5,3.2,الرياضه واللياقه,peer
41,46,حصيره يوغا مضاده للانزلاق,False,121.09,37.54545454545455,4.0,الرياضه واللياقه,peer
41,47,اوزان حديد طقم 20 كيلو,False,691.19,30.454545454545453,3.2,الرياضه واللياقه,peer
42,42,لباس رياضي ضاغط,True,162.27,37.642857142857146,3.1,الرياضه واللياقه,selected
42,50,عداد خطوات ذكي,False,103.84,37.5,3.2,الرياضه واللياقه,peer
42,47,اوزان حديد طقم 20 كيلو,False,691.19,30.454545454545453,3.2,الرياضه واللياقه,peer
42,48,حقيبه رياضيه جيم,False,377.48,40.69230769230769,4.0,الرياضه واللياقه,peer
42,41,حذاء جري احترافي,False,708.68,42.66666666666666,4.8,الرياضه واللياقه,peer
42,46,حصيره يوغا مضاده للانزلاق,False,121.09,37.54545454545455,4.0,الرياضه واللياقه,peer
43,43,دراجه هواييه جبليه,True,1574.27,2.4285714285714284,3.1,الرياضه واللياقه,selected
43,139,حقيبه رياضيه جيم - اصدار خاص,False,351.69,1.411764705882353,3.6,الرياضه واللياقه,peer
43,165,حذاء جري احترافي - اصدار خاص,False,867.11,2.25,4.2,الرياضه واللياقه,peer
43,71,حصيره يوغا مضاده للانزلاق - اصدار خاص,False,241.15,2.1818181818181817,3.9,الرياضه واللياقه,peer
43,86,لباس رياضي ضاغط - اصدار خاص,False,336.99,1.4705882352941178,4.3,الرياضه واللياقه,peer
43,49,جهاز قياس ضغط الدم,False,247.85,1.0,4.5,الرياضه واللياقه,peer
44,44,جهاز مشي كهربايي,True,1768.56,1.6666666666666667,4.7,الرياضه واللياقه,selected
44,96,دراجه هواييه جبليه - اصدار خاص,False,2249.21,0.627906976744186,4.3,الرياضه واللياقه,peer
44,86,لباس رياضي ضاغط - اصدار خاص,False,336.99,1.4705882352941178,4.3,الرياضه واللياقه,peer
44,165,حذاء جري احترافي - اصدار خاص,False,867.11,2.25,4.2,الرياضه واللياقه,peer
44,49,جهاز قياس ضغط الدم,False,247.85,1.0,4.5,الرياضه واللياقه,peer
44,95,كره قدم رسميه فيفا - اصدار خاص,False,217.5,2.117647058823529,4.0,الرياضه واللياقه,peer
45,45,كره قدم رسميه فيفا,True,207.67,0.4909090909090909,4.9,الرياضه واللياقه,selected
45,148,حذاء جري احترافي - اصدار خاص,False,658.67,3.2,4.3,الرياضه واللياقه,peer
45,167,حقيبه رياضيه جيم - اصدار خاص,False,104.4,1.4444444444444444,3.8,الرياضه واللياقه,peer
45,123,عداد خطوات ذكي - اصدار خاص,False,140.92,2.0,4.2,الرياضه واللياقه,peer
45,173,حذاء جري احترافي - اصدار خاص,False,426.85,3.375,4.7,الرياضه واللياقه,peer
45,157,جهاز قياس ضغط الدم - اصدار خاص,False,278.2,1.9166666666666667,4.7,الرياضه واللياقه,peer
46,46,حصيره يوغا مضاده للانزلاق,True,121.09,37.54545454545455,4.0,الرياضه واللياقه,selected
46,48,حقيبه رياضيه جيم,False,377.48,40.69230769230769,4.0,الرياضه واللياقه,peer
46,41,حذاء جري احترافي,False,708.68,42.66666666666666,4.8,الرياضه واللياقه,peer
46,50,عداد خطوات ذكي,False,103.84,37.5,3.2,الرياضه واللياقه,peer
46,42,لباس رياضي ضاغط,False,162.27,37.642857142857146,3.1,الرياضه واللياقه,peer
46,47,اوزان حديد طقم 20 كيلو,False,691.19,30.454545454545453,3.2,الرياضه واللياقه,peer
47,47,اوزان حديد طقم 20 كيلو,True,691.19,30.454545454545453,3.2,الرياضه واللياقه,selected
47,50,عداد خطوات ذكي,False,103.84,37.5,3.2,الرياضه واللياقه,peer
47,42,لباس رياضي ضاغط,False,162.27,37.642857142857146,3.1,الرياضه واللياقه,peer
47,48,حقيبه رياضيه جيم,False,377.48,40.69230769230769,4.0,الرياضه واللياقه,peer
47,41,حذاء جري احترافي,False,708.68,42.66666666666666,4.8,الرياضه واللياقه,peer
47,46,حصيره يوغا مضاده للانزلاق,False,121.09,37.54545454545455,4.0,الرياضه واللياقه,peer
48,48,حقيبه رياضيه جيم,True,377.48,40.69230769230769,4.0,الرياضه واللياقه,selected
48,46,حصيره يوغا مضاده للانزلاق,False,121.09,37.54545454545455,4.0,الرياضه واللياقه,peer
48,50,عداد خطوات ذكي,False,103.84,37.5,3.2,الرياضه واللياقه,peer
48,41,حذاء جري احترافي,False,708.68,42.66666666666666,4.8,الرياضه واللياقه,peer
48,42,لباس رياضي ضاغط,False,162.27,37.642857142857146,3.1,الرياضه واللياقه,peer
48,47,اوزان حديد طقم 20 كيلو,False,691.19,30.454545454545453,3.2,الرياضه واللياقه,peer
49,49,جهاز قياس ضغط الدم,True,247.85,1.0,4.5,الرياضه واللياقه,selected
49,86,لباس رياضي ضاغط - اصدار خاص,False,336.99,1.4705882352941178,4.3,الرياضه واللياقه,peer
49,71,حصيره يوغا مضاده للانزلاق - اصدار خاص,False,241.15,2.1818181818181817,3.9,الرياضه واللياقه,peer
49,165,حذاء جري احترافي - اصدار خاص,False,867.11,2.25,4.2,الرياضه واللياقه,peer
49,139,حقيبه رياضيه جيم - اصدار خاص,False,351.69,1.411764705882353,3.6,الرياضه واللياقه,peer
49,98,اوزان حديد طقم 20 كيلو - اصدار خاص,False,449.02,2.363636363636364,4.1,الرياضه واللياقه,peer
50,50,عداد خطوات ذكي,True,103.84,37.5,3.2,الرياضه واللياقه,selected
50,42,لباس رياضي ضاغط,False,162.27,37.642857142857146,3.1,الرياضه واللياقه,peer
50,47,اوزان حديد طقم 20 كيلو,False,691.19,30.454545454545453,3.2,الرياضه واللياقه,peer
50,48,حقيبه رياضيه جيم,False,377.48,40.69230769230769,4.0,الرياضه واللياقه,peer
50,41,حذاء جري احترافي,False,708.68,42.66666666666666,4.8,الرياضه واللياقه,peer
50,46,حصيره يوغا مضاده للانزلاق,False,121.09,37.54545454545455,4.0,الرياضه واللياقه,peer
51,51,كتاب تعلم البرمجه بالعربيه,True,66.67,7.653846153846154,4.2,الكتب والتعليم,selected
51,113,كتاب تعلم البرمجه بالعربيه - اصدار خاص,False,61.24,1.0769230769230769,4.1,الكتب والتعليم,peer
51,52,موسوعه التاريخ الاسلامي,False,108.37,5.2,4.4,الكتب والتعليم,peer
51,84,كتاب الطبخ العربي التقليدي - اصدار خاص,False,98.36,5.8,4.4,الكتب والتعليم,peer
51,59,كتاب تطوير الذات والتحفيز,False,88.07,3.2,4.5,الكتب والتعليم,peer
51,55,روايه عربيه بيست سيلر,False,41.52,2.2666666666666666,5.0,الكتب والتعليم,peer
52,52,موسوعه التاريخ الاسلامي,True,108.37,5.2,4.4,الكتب والتعليم,selected
52,59,كتاب تطوير الذات والتحفيز,False,88.07,3.2,4.5,الكتب والتعليم,peer
52,200,موسوعه التاريخ الاسلامي - اصدار خاص,False,284.58,3.7777777777777777,4.4,الكتب والتعليم,peer
52,51,كتاب تعلم البرمجه بالعربيه,False,66.67,7.653846153846154,4.2,الكتب والتعليم,peer
52,55,روايه عربيه بيست سيلر,False,41.52,2.2666666666666666,5.0,الكتب والتعليم,peer
52,92,موسوعه التاريخ الاسلامي - اصدار خاص,False,182.48,1.5238095238095235,3.8,الكتب والتعليم,peer
53,53,كتاب رياده الاعمال والنجاح,True,95.99,10.555555555555555,4.3,الكتب والتعليم,selected
53,74,كتاب الطبخ العربي التقليدي - اصدار خاص,False,132.13,0.4354838709677419,4.5,الكتب والتعليم,peer
53,57,مجموعه كتب الطفل التعليميه,False,215.42,1.3157894736842106,3.3,الكتب والتعليم,peer
53,52,موسوعه التاريخ الاسلامي,False,108.37,5.2,4.4,الكتب والتعليم,peer
53,58,كتاب الطبخ العربي التقليدي,False,143.75,3.625,3.1,الكتب والتعليم,peer
53,92,موسوعه التاريخ الاسلامي - اصدار خاص,False,182.48,1.5238095238095235,3.8,الكتب والتعليم,peer
54,54,قاموس عربي انجليزي شامل,True,131.19,18.25,3.0,الكتب والتعليم,selected
54,56,دوره برمجه اكاديميه USB,False,327.69,11.875,4.1,الكتب والتعليم,peer
54,89,كتاب رياده الاعمال والنجاح - اصدار خاص,False,73.16,1.1428571428571428,2.8,الكتب والتعليم,peer
54,51,كتاب تعلم البرمجه بالعربيه,False,66.67,7.653846153846154,4.2,الكتب والتعليم,peer
54,94,قاموس عربي انجليزي شامل - اصدار خاص,False,192.65,4.0,3.8,الكتب والتعليم,peer
54,62,كتاب الطبخ العربي التقليدي - اصدار خاص,False,122.09,1.5,2.8,الكتب والتعليم,peer
55,55,روايه عربيه بيست سيلر,True,41.52,2.2666666666666666,5.0,الكتب والتعليم,selected
55,59,كتاب تطوير الذات والتحفيز,False,88.07,3.2,4.5,الكتب والتعليم,peer
55,200,موسوعه التاريخ الاسلامي - اصدار خاص,False,284.58,3.7777777777777777,4.4,الكتب والتعليم,peer
55,150,اطلس العالم المصور - اصدار خاص,False,244.37,0.5,4.4,الكتب والتعليم,peer
55,99,مجموعه كتب الطفل التعليميه - اصدار خاص,False,185.24,2.083333333333333,4.2,الكتب والتعليم,peer
55,52,موسوعه التاريخ الاسلامي,False,108.37,5.2,4.4,الكتب والتعليم,peer
56,56,دوره برمجه اكاديميه USB,True,327.69,11.875,4.1,الكتب والتعليم,selected
56,60,اطلس العالم المصور,False,325.99,3.7777777777777777,3.4,الكتب والتعليم,peer
56,54,قاموس عربي انجليزي شامل,False,131.19,18.25,3.0,الكتب والتعليم,peer
56,171,موسوعه التاريخ الاسلامي - اصدار خاص,False,100.57,1.318181818181818,3.4,الكتب والتعليم,peer
56,52,موسوعه التاريخ الاسلامي,False,108.37,5.2,4.4,الكتب والتعليم,peer
56,144,كتاب تطوير الذات والتحفيز - اصدار خاص,False,91.59,1.2173913043478262,3.4,الكتب والتعليم,peer
57,57,مجموعه كتب الطفل التعليميه,True,215.42,1.3157894736842106,3.3,الكتب والتعليم,selected
57,58,كتاب الطبخ العربي التقليدي,False,143.75,3.625,3.1,الكتب والتعليم,peer
57,60,اطلس العالم المصور,False,325.99,3.7777777777777777,3.4,الكتب والتعليم,peer
57,92,موسوعه التاريخ الاسلامي - اصدار خاص,False,182.48,1.5238095238095235,3.8,الكتب والتعليم,peer
57,144,كتاب تطوير الذات والتحفيز - اصدار خاص,False,91.59,1.2173913043478262,3.4,الكتب والتعليم,peer
57,53,كتاب رياده الاعمال والنجاح,False,95.99,10.555555555555555,4.3,الكتب والتعليم,peer
58,58,كتاب الطبخ العربي التقليدي,True,143.75,3.625,3.1,الكتب والتعليم,selected
58,57,مجموعه كتب الطفل التعليميه,False,215.42,1.3157894736842106,3.3,الكتب والتعليم,peer
58,92,موسوعه التاريخ الاسلامي - اصدار خاص,False,182.48,1.5238095238095235,3.8,الكتب والتعليم,peer
58,144,كتاب تطوير الذات والتحفيز - اصدار خاص,False,91.59,1.2173913043478262,3.4,الكتب والتعليم,peer
58,172,كتاب رياده الاعمال والنجاح - اصدار خاص,False,72.49,0.6304347826086957,3.6,الكتب والتعليم,peer
58,193,مجموعه كتب الطفل التعليميه - اصدار خاص,False,256.05,0.6071428571428571,3.4,الكتب والتعليم,peer
59,59,كتاب تطوير الذات والتحفيز,True,88.07,3.2,4.5,الكتب والتعليم,selected
59,200,موسوعه التاريخ الاسلامي - اصدار خاص,False,284.58,3.7777777777777777,4.4,الكتب والتعليم,peer
59,99,مجموعه كتب الطفل التعليميه - اصدار خاص,False,185.24,2.083333333333333,4.2,الكتب والتعليم,peer
59,55,روايه عربيه بيست سيلر,False,41.52,2.2666666666666666,5.0,الكتب والتعليم,peer
59,84,كتاب الطبخ العربي التقليدي - اصدار خاص,False,98.36,5.8,4.4,الكتب والتعليم,peer
59,175,مجموعه كتب الطفل التعليميه - اصدار خاص,False,152.85,0.6808510638297872,3.9,الكتب والتعليم,peer
60,60,اطلس العالم المصور,True,325.99,3.7777777777777777,3.4,الكتب والتعليم,selected
60,92,موسوعه التاريخ الاسلامي - اصدار خاص,False,182.48,1.5238095238095235,3.8,الكتب والتعليم,peer
60,57,مجموعه كتب الطفل التعليميه,False,215.42,1.3157894736842106,3.3,الكتب والتعليم,peer
60,144,كتاب تطوير الذات والتحفيز - اصدار خاص,False,91.59,1.2173913043478262,3.4,الكتب والتعليم,peer
60,77,دوره برمجه اكاديميه USB - اصدار خاص,False,193.57,0.6923076923076923,3.4,الكتب والتعليم,peer
60,163,دوره برمجه اكاديميه USB - اصدار خاص,False,417.18,3.0,3.7,الكتب والتعليم,peer
61,61,فرن كهربايي 60 لتر - اصدار خاص,True,1462.89,2.090909090909091,4.5,المنزل والمطبخ,selected
61,170,فرن كهربايي 60 لتر - اصدار خاص,False,810.36,3.0,3.5,المنزل والمطبخ,peer
61,136,فرن كهربايي 60 لتر - اصدار خاص,False,1233.09,1.0,4.5,المنزل والمطبخ,peer
61,134,ثلاجه نوفروست 350 لتر - اصدار خاص,False,3215.18,2.333333333333333,4.8,المنزل والمطبخ,peer
61,197,مكيف هواء انفيرتر 18000 - اصدار خاص,False,1440.46,0.9545454545454546,3.5,المنزل والمطبخ,peer
61,168,مجموعه سكاكين مطبخ - اصدار خاص,False,126.51,0.6875,4.5,المنزل والمطبخ,peer
62,62,كتاب الطبخ العربي التقليدي - اصدار خاص,True,122.09,1.5,2.8,الكتب والتعليم,selected
62,89,كتاب رياده الاعمال والنجاح - اصدار خاص,False,73.16,1.1428571428571428,2.8,الكتب والتعليم,peer
62,94,قاموس عربي انجليزي شامل - اصدار خاص,False,192.65,4.0,3.8,الكتب والتعليم,peer
62,144,كتاب تطوير الذات والتحفيز - اصدار خاص,False,91.59,1.2173913043478262,3.4,الكتب والتعليم,peer
62,171,موسوعه التاريخ الاسلامي - اصدار خاص,False,100.57,1.318181818181818,3.4,الكتب والتعليم,peer
62,186,كتاب الطبخ العربي التقليدي - اصدار خاص,False,109.52,1.037037037037037,2.8,الكتب والتعليم,peer
63,63,حذاء رياضي مريح - اصدار خاص,True,557.39,1.8,2.9,الازياء والملابس,selected
63,127,قميص قطني كلاسيكي - اصدار خاص,False,209.71,2.5454545454545454,3.0,الازياء والملابس,peer
63,166,فستان سهره انيق - اصدار خاص,False,184.75,1.6842105263157894,3.8,الازياء والملابس,peer
63,20,حذاء رسمي جلد,False,600.91,2.909090909090909,3.4,الازياء والملابس,peer
63,190,حذاء رسمي جلد - اصدار خاص,False,615.39,4.25,3.9,الازياء والملابس,peer
63,129,تيشيرت بولو قطن - اصدار خاص,False,94.56,2.5,4.5,الازياء والملابس,peer
64,64,عطر رجالي عودي - اصدار خاص,True,578.73,1.0,3.5,الجمال والعنايه,selected
64,78,عطر رجالي عودي - اصدار خاص,False,637.27,2.4166666666666665,3.7,الجمال والعنايه,peer
64,109,قناع وجه كولاجين - اصدار خاص,False,44.98,4.428571428571429,2.8,الجمال والعنايه,peer
64,181,عطر رجالي عودي - اصدار خاص,False,353.61,2.2,2.7,الجمال والعنايه,peer
64,160,زيت ارغان طبيعي - اصدار خاص,False,298.73,3.5,4.3,الجمال والعنايه,peer
64,182,سيروم فيتامين سي - اصدار خاص,False,190.33,2.1538461538461537,3.9,الجمال والعنايه,peer
65,65,مكنسه كهرباييه لاسلكيه - اصدار خاص,True,586.82,1.9285714285714288,2.7,المنزل والمطبخ,selected
65,82,مجموعه سكاكين مطبخ - اصدار خاص,False,482.06,3.0,2.9,المنزل والمطبخ,peer
65,135,طقم اواني طهي غرانيت - اصدار خاص,False,248.61,1.2,2.8,المنزل والمطبخ,peer
65,85,ماكينه قهوه اسبريسو - اصدار خاص,False,1742.75,1.7142857142857142,2.6,المنزل والمطبخ,peer
65,106,فرن كهربايي 60 لتر - اصدار خاص,False,449.77,1.9285714285714288,2.6,المنزل والمطبخ,peer
65,111,مكواه بخاريه احترافيه - اصدار خاص,False,453.66,3.125,3.8,المنزل والمطبخ,peer
66,66,قميص قطني كلاسيكي - اصدار خاص,True,234.31,3.333333333333333,3.7,الازياء والملابس,selected
66,164,حقيبه يد جلديه - اصدار خاص,False,297.97,0.6923076923076923,3.9,الازياء والملابس,peer
66,73,فستان سهره انيق - اصدار خاص,False,249.37,1.85,3.4,الازياء والملابس,peer
66,152,شال كشمير ناعم - اصدار خاص,False,92.66,0.92,3.4,الازياء والملابس,peer
66,169,فستان سهره انيق - اصدار خاص,False,452.68,1.173913043478261,3.1,الازياء والملابس,peer
66,12,فستان سهره انيق,False,378.07,2.5,4.2,الازياء والملابس,peer
67,67,لابتوب الترا سليم - اصدار خاص,True,3651.66,1.380952380952381,4.6,الالكترونيات,selected
67,97,هاتف ذكي برو ماكس - اصدار خاص,False,1968.21,1.9166666666666667,4.1,الالكترونيات,peer
67,6,شاشه 4K 27 انش,False,2618.75,12.25,3.1,الالكترونيات,peer
67,5,تابلت 10 انش,False,1043.64,1.6875,5.0,الالكترونيات,peer
67,174,تابلت 10 انش - اصدار خاص,False,886.97,2.4545454545454546,4.6,الالكترونيات,peer
67,112,شاشه 4K 27 انش - اصدار خاص,False,2651.9,0.8461538461538461,4.9,الالكترونيات,peer
68,68,تابلت 10 انش - اصدار خاص,True,1081.84,1.8125,2.6,الالكترونيات,selected
68,142,مكبر صوت بلوتوث - اصدار خاص,False,243.55,1.5263157894736843,2.9,الالكترونيات,peer
68,161,شاحن لاسلكي سريع - اصدار خاص,False,280.14,1.6875,2.5,الالكترونيات,peer
68,75,تابلت 10 انش - اصدار خاص,False,670.09,1.9444444444444444,3.0,الالكترونيات,peer
68,97,هاتف ذكي برو ماكس - اصدار خاص,False,1968.21,1.9166666666666667,4.1,الالكترونيات,peer
68,141,ساعه ذكيه سبورت - اصدار خاص,False,449.82,0.8181818181818182,3.4,الالكترونيات,peer
69,69,لابتوب الترا سليم - اصدار خاص,True,5185.33,1.6875,2.5,الالكترونيات,selected
69,107,كاميرا ميرورليس - اصدار خاص,False,5057.62,2.8,3.2,الالكترونيات,peer
69,177,لابتوب الترا سليم - اصدار خاص,False,3544.65,2.7777777777777777,2.7,الالكترونيات,peer
69,108,كاميرا ميرورليس - اصدار خاص,False,5179.59,1.7894736842105263,3.3,الالكترونيات,peer
69,124,كاميرا ميرورليس - اصدار خاص,False,4869.43,0.5434782608695652,2.8,الالكترونيات,peer
69,147,هاتف ذكي برو ماكس - اصدار خاص,False,4075.22,3.090909090909091,4.8,الالكترونيات,peer
70,70,فرن كهربايي 60 لتر - اصدار خاص,True,1076.29,1.181818181818182,3.1,المنزل والمطبخ,selected
70,119,ماكينه قهوه اسبريسو - اصدار خاص,False,1350.85,0.7714285714285715,3.7,المنزل والمطبخ,peer
70,197,مكيف هواء انفيرتر 18000 - اصدار خاص,False,1440.46,0.9545454545454546,3.5,المنزل والمطبخ,peer
70,85,ماكينه قهوه اسبريسو - اصدار خاص,False,1742.75,1.7142857142857142,2.6,المنزل والمطبخ,peer
70,135,طقم اواني طهي غرانيت - اصدار خاص,False,248.61,1.2,2.8,المنزل والمطبخ,peer
70,106,فرن كهربايي 60 لتر - اصدار خاص,False,449.77,1.9285714285714288,2.6,المنزل والمطبخ,peer
71,71,حصيره يوغا مضاده للانزلاق - اصدار خاص,True,241.15,2.1818181818181817,3.9,الرياضه واللياقه,selected
71,139,حقيبه رياضيه جيم - اصدار خاص,False,351.69,1.411764705882353,3.6,الرياضه واللياقه,peer
71,165,حذاء جري احترافي - اصدار خاص,False,867.11,2.25,4.2,الرياضه واللياقه,peer
71,98,اوزان حديد طقم 20 كيلو - اصدار خاص,False,449.02,2.363636363636364,4.1,الرياضه واللياقه,peer
71,86,لباس رياضي ضاغط - اصدار خاص,False,336.99,1.4705882352941178,4.3,الرياضه واللياقه,peer
71,49,جهاز قياس ضغط الدم,False,247.85,1.0,4.5,الرياضه واللياقه,peer
72,72,كريم مرطب SPF 50 - اصدار خاص,True,295.83,2.8,3.1,الجمال والعنايه,selected
72,87,طقم مكياج احترافي - اصدار خاص,False,281.44,0.5454545454545454,2.7,الجمال والعنايه,peer
72,181,عطر رجالي عودي - اصدار خاص,False,353.61,2.2,2.7,الجمال والعنايه,peer
72,132,عطر رجالي عودي - اصدار خاص,False,284.92,3.875,3.5,الجمال والعنايه,peer
72,183,كريم مرطب SPF 50 - اصدار خاص,False,171.04,0.4074074074074074,4.4,الجمال والعنايه,peer
72,189,مزيل عرق رول اون - اصدار خاص,False,46.18,0.6,3.2,الجمال والعنايه,peer
73,73,فستان سهره انيق - اصدار خاص,True,249.37,1.85,3.4,الازياء والملابس,selected
73,83,فستان سهره انيق - اصدار خاص,False,584.83,2.6,3.4,الازياء والملابس,peer
73,169,فستان سهره انيق - اصدار خاص,False,452.68,1.173913043478261,3.1,الازياء والملابس,peer
73,17,شال كشمير ناعم,False,281.04,1.7142857142857142,3.7,الازياء والملابس,peer
73,66,قميص قطني كلاسيكي - اصدار خاص,False,234.31,3.333333333333333,3.7,الازياء والملابس,peer
73,15,حذاء رياضي مريح,False,478.33,5.2,3.6,الازياء والملابس,peer
74,74,كتاب الطبخ العربي التقليدي - اصدار خاص,True,132.13,0.4354838709677419,4.5,الكتب والتعليم,selected
74,145,قاموس عربي انجليزي شامل - اصدار خاص,False,165.87,2.05,4.9,الكتب والتعليم,peer
74,92,موسوعه التاريخ الاسلامي - اصدار خاص,False,182.48,1.5238095238095235,3.8,الكتب والتعليم,peer
74,175,مجموعه كتب الطفل التعليميه - اصدار خاص,False,152.85,0.6808510638297872,3.9,الكتب والتعليم,peer
74,120,روايه عربيه بيست سيلر - اصدار خاص,False,37.31,2.9285714285714284,4.2,الكتب والتعليم,peer
74,172,كتاب رياده الاعمال والنجاح - اصدار خاص,False,72.49,0.6304347826086957,3.6,الكتب والتعليم,peer
75,75,تابلت 10 انش - اصدار خاص,True,670.09,1.9444444444444444,3.0,الالكترونيات,selected
75,141,ساعه ذكيه سبورت - اصدار خاص,False,449.82,0.8181818181818182,3.4,الالكترونيات,peer
75,161,شاحن لاسلكي سريع - اصدار خاص,False,280.14,1.6875,2.5,الالكترونيات,peer
75,115,شاحن لاسلكي سريع - اصدار خاص,False,131.51,1.75,3.6,الالكترونيات,peer
75,68,تابلت 10 انش - اصدار خاص,False,1081.84,1.8125,2.6,الالكترونيات,peer
75,126,شاحن لاسلكي سريع - اصدار خاص,False,224.49,0.7,4.3,الالكترونيات,peer
76,76,حقيبه رياضيه جيم - اصدار خاص,True,110.25,1.4736842105263157,4.1,الرياضه واللياقه,selected
76,114,حقيبه رياضيه جيم - اصدار خاص,False,246.79,1.5909090909090908,4.3,الرياضه واللياقه,peer
76,105,حقيبه رياضيه جيم - اصدار خاص,False,250.27,2.4,4.6,الرياضه واللياقه,peer
76,110,جهاز قياس ضغط الدم - اصدار خاص,False,228.23,1.2272727272727273,4.0,الرياضه واللياقه,peer
76,95,كره قدم رسميه فيفا - اصدار خاص,False,217.5,2.117647058823529,4.0,الرياضه واللياقه,peer
76,118,حصيره يوغا مضاده للانزلاق - اصدار خاص,False,175.91,4.833333333333333,3.0,الرياضه واللياقه,peer
77,77,دوره برمجه اكاديميه USB - اصدار خاص,True,193.57,0.6923076923076923,3.4,الكتب والتعليم,selected
77,193,مجموعه كتب الطفل التعليميه - اصدار خاص,False,256.05,0.6071428571428571,3.4,الكتب والتعليم,peer
77,163,دوره برمجه اكاديميه USB - اصدار خاص,False,417.18,3.0,3.7,الكتب والتعليم,peer
77,196,اطلس العالم المصور - اصدار خاص,False,211.44,1.2941176470588236,3.5,الكتب والتعليم,peer
77,92,موسوعه التاريخ الاسلامي - اصدار خاص,False,182.48,1.5238095238095235,3.8,الكتب والتعليم,peer
77,60,اطلس العالم المصور,False,325.99,3.7777777777777777,3.4,الكتب والتعليم,peer
78,78,عطر رجالي عودي - اصدار خاص,True,637.27,2.4166666666666665,3.7,الجمال والعنايه,selected
78,182,سيروم فيتامين سي - اصدار خاص,False,190.33,2.1538461538461537,3.9,الجمال والعنايه,peer
78,64,عطر رجالي عودي - اصدار خاص,False,578.73,1.0,3.5,الجمال والعنايه,peer
78,109,قناع وجه كولاجين - اصدار خاص,False,44.98,4.428571428571429,2.8,الجمال والعنايه,peer
78,183,كريم مرطب SPF 50 - اصدار خاص,False,171.04,0.4074074074074074,4.4,الجمال والعنايه,peer
78,181,عطر رجالي عودي - اصدار خاص,False,353.61,2.2,2.7,الجمال والعنايه,peer
79,79,سيروم فيتامين سي - اصدار خاص,True,421.1,27.0,4.6,الجمال والعنايه,selected
79,32,سيروم فيتامين سي,False,182.43,26.928571428571427,4.7,الجمال والعنايه,peer
79,35,عطر نسايي زهري,False,790.82,21.916666666666668,4.8,الجمال والعنايه,peer
79,31,كريم مرطب SPF 50,False,118.65,15.0,3.8,الجمال والعنايه,peer
79,33,مجموعه عنايه بالشعر,False,404.5,17.41176470588235,4.2,الجمال والعنايه,peer
79,39,قناع وجه كولاجين,False,51.31,13.95,3.5,الجمال والعنايه,peer
80,80,ماكينه قهوه اسبريسو - اصدار خاص,True,996.58,3.0,4.3,المنزل والمطبخ,selected
80,128,مكواه بخاريه احترافيه - اصدار خاص,False,664.23,1.8333333333333333,3.3,المنزل والمطبخ,peer
80,168,مجموعه سكاكين مطبخ - اصدار خاص,False,126.51,0.6875,4.5,المنزل والمطبخ,peer
80,153,فرن كهربايي 60 لتر - اصدار خاص,False,564.14,1.7058823529411764,3.4,المنزل والمطبخ,peer
80,195,فرن كهربايي 60 لتر - اصدار خاص,False,411.6,2.0,3.1,المنزل والمطبخ,peer
80,27,فرن كهربايي 60 لتر,False,1128.13,2.6153846153846154,4.0,المنزل والمطبخ,peer
81,81,شاشه 4K 27 انش - اصدار خاص,True,1613.84,2.071428571428572,5.0,الالكترونيات,selected
81,112,شاشه 4K 27 انش - اصدار خاص,False,2651.9,0.8461538461538461,4.9,الالكترونيات,peer
81,90,شاشه 4K 27 انش - اصدار خاص,False,2115.26,2.3,5.0,الالكترونيات,peer
81,102,تابلت 10 انش - اصدار خاص,False,1982.66,1.2105263157894737,3.5,الالكترونيات,peer
81,147,هاتف ذكي برو ماكس - اصدار خاص,False,4075.22,3.090909090909091,4.8,الالكترونيات,peer
81,194,ساعه ذكيه سبورت - اصدار خاص,False,582.97,1.9,4.0,الالكترونيات,peer
82,82,مجموعه سكاكين مطبخ - اصدار خاص,True,482.06,3.0,2.9,المنزل والمطبخ,selected
82,135,طقم اواني طهي غرانيت - اصدار خاص,False,248.61,1.2,2.8,المنزل والمطبخ,peer
82,65,مكنسه كهرباييه لاسلكيه - اصدار خاص,False,586.82,1.9285714285714288,2.7,المنزل والمطبخ,peer
82,111,مكواه بخاريه احترافيه - اصدار خاص,False,453.66,3.125,3.8,المنزل والمطبخ,peer
82,85,ماكينه قهوه اسبريسو - اصدار خاص,False,1742.75,1.7142857142857142,2.6,المنزل والمطبخ,peer
82,176,فرن كهربايي 60 لتر - اصدار خاص,False,1269.55,0.3725490196078431,4.2,المنزل والمطبخ,peer
83,83,فستان سهره انيق - اصدار خاص,True,584.83,2.6,3.4,الازياء والملابس,selected
83,73,فستان سهره انيق - اصدار خاص,False,249.37,1.85,3.4,الازياء والملابس,peer
83,169,فستان سهره انيق - اصدار خاص,False,452.68,1.173913043478261,3.1,الازياء والملابس,peer
83,17,شال كشمير ناعم,False,281.04,1.7142857142857142,3.7,الازياء والملابس,peer
83,155,حذاء رياضي مريح - اصدار خاص,False,298.62,2.4285714285714284,2.7,الازياء والملابس,peer
83,15,حذاء رياضي مريح,False,478.33,5.2,3.6,الازياء والملابس,peer
84,84,كتاب الطبخ العربي التقليدي - اصدار خاص,True,98.36,5.8,4.4,الكتب والتعليم,selected
84,200,موسوعه التاريخ الاسلامي - اصدار خاص,False,284.58,3.7777777777777777,4.4,الكتب والتعليم,peer
84,59,كتاب تطوير الذات والتحفيز,False,88.07,3.2,4.5,الكتب والتعليم,peer
84,94,قاموس عربي انجليزي شامل - اصدار خاص,False,192.65,4.0,3.8,الكتب والتعليم,peer
84,175,مجموعه كتب الطفل التعليميه - اصدار خاص,False,152.85,0.6808510638297872,3.9,الكتب والتعليم,peer
84,51,كتاب تعلم البرمجه بالعربيه,False,66.67,7.653846153846154,4.2,الكتب والتعليم,peer
85,85,ماكينه قهوه اسبريسو - اصدار خاص,True,1742.75,1.7142857142857142,2.6,المنزل والمطبخ,selected
85,162,ثلاجه نوفروست 350 لتر - اصدار خاص,False,2324.66,1.3333333333333333,3.4,المنزل والمطبخ,peer
85,70,فرن كهربايي 60 لتر - اصدار خاص,False,1076.29,1.181818181818182,3.1,المنزل والمطبخ,peer
85,119,ماكينه قهوه اسبريسو - اصدار خاص,False,1350.85,0.7714285714285715,3.7,المنزل والمطبخ,peer
85,65,مكنسه كهرباييه لاسلكيه - اصدار خاص,False,586.82,1.9285714285714288,2.7,المنزل والمطبخ,peer
85,106,فرن كهربايي 60 لتر - اصدار خاص,False,449.77,1.9285714285714288,2.6,المنزل والمطبخ,peer
86,86,لباس رياضي ضاغط - اصدار خاص,True,336.99,1.4705882352941178,4.3,الرياضه واللياقه,selected
86,49,جهاز قياس ضغط الدم,False,247.85,1.0,4.5,الرياضه واللياقه,peer
86,98,اوزان حديد طقم 20 كيلو - اصدار خاص,False,449.02,2.363636363636364,4.1,الرياضه واللياقه,peer
86,165,حذاء جري احترافي - اصدار خاص,False,867.11,2.25,4.2,الرياضه واللياقه,peer
86,71,حصيره يوغا مضاده للانزلاق - اصدار خاص,False,241.15,2.1818181818181817,3.9,الرياضه واللياقه,peer
86,139,حقيبه رياضيه جيم - اصدار خاص,False,351.69,1.411764705882353,3.6,الرياضه واللياقه,peer
87,87,طقم مكياج احترافي - اصدار خاص,True,281.44,0.5454545454545454,2.7,الجمال والعنايه,selected
87,181,عطر رجالي عودي - اصدار خاص,False,353.61,2.2,2.7,الجمال والعنايه,peer
87,72,كريم مرطب SPF 50 - اصدار خاص,False,295.83,2.8,3.1,الجمال والعنايه,peer
87,122,طقم مكياج احترافي - اصدار خاص,False,696.77,2.083333333333333,3.2,الجمال والعنايه,peer
87,109,قناع وجه كولاجين - اصدار خاص,False,44.98,4.428571428571429,2.8,الجمال والعنايه,peer
87,179,مجموعه عنايه بالشعر - اصدار خاص,False,148.28,5.166666666666667,4.0,الجمال والعنايه,peer
88,88,دوره برمجه اكاديميه USB - اصدار خاص,True,398.34,5.285714285714286,3.9,الكتب والتعليم,selected
88,175,مجموعه كتب الطفل التعليميه - اصدار خاص,False,152.85,0.6808510638297872,3.9,الكتب والتعليم,peer
88,172,كتاب رياده الاعمال والنجاح - اصدار خاص,False,72.49,0.6304347826086957,3.6,الكتب والتعليم,peer
88,120,روايه عربيه بيست سيلر - اصدار خاص,False,37.31,2.9285714285714284,4.2,الكتب والتعليم,peer
88,200,موسوعه التاريخ الاسلامي - اصدار خاص,False,284.58,3.7777777777777777,4.4,الكتب والتعليم,peer
88,92,موسوعه التاريخ الاسلامي - اصدار خاص,False,182.48,1.5238095238095235,3.8,الكتب والتعليم,peer
89,89,كتاب رياده الاعمال والنجاح - اصدار خاص,True,73.16,1.1428571428571428,2.8,الكتب والتعليم,selected
89,62,كتاب الطبخ العربي التقليدي - اصدار خاص,False,122.09,1.5,2.8,الكتب والتعليم,peer
89,94,قاموس عربي انجليزي شامل - اصدار خاص,False,192.65,4.0,3.8,الكتب والتعليم,peer
89,144,كتاب تطوير الذات والتحفيز - اصدار خاص,False,91.59,1.2173913043478262,3.4,الكتب والتعليم,peer
89,171,موسوعه التاريخ الاسلامي - اصدار خاص,False,100.57,1.318181818181818,3.4,الكتب والتعليم,peer
89,133,اطلس العالم المصور - اصدار خاص,False,165.39,3.2,3.4,الكتب والتعليم,peer
90,90,شاشه 4K 27 انش - اصدار خاص,True,2115.26,2.3,5.0,الالكترونيات,selected
90,112,شاشه 4K 27 انش - اصدار خاص,False,2651.9,0.8461538461538461,4.9,الالكترونيات,peer
90,81,شاشه 4K 27 انش - اصدار خاص,False,1613.84,2.071428571428572,5.0,الالكترونيات,peer
90,102,تابلت 10 انش - اصدار خاص,False,1982.66,1.2105263157894737,3.5,الالكترونيات,peer
90,194,ساعه ذكيه سبورت - اصدار خاص,False,582.97,1.9,4.0,الالكترونيات,peer
90,147,هاتف ذكي برو ماكس - اصدار خاص,False,4075.22,3.090909090909091,4.8,الالكترونيات,peer
91,91,فرن كهربايي 60 لتر - اصدار خاص,True,978.27,0.6585365853658537,4.4,المنزل والمطبخ,selected
91,136,فرن كهربايي 60 لتر - اصدار خاص,False,1233.09,1.0,4.5,المنزل والمطبخ,peer
91,22,غساله اوتوماتيك 8 كيلو,False,2057.09,2.5,4.3,المنزل والمطبخ,peer
91,119,ماكينه قهوه اسبريسو - اصدار خاص,False,1350.85,0.7714285714285715,3.7,المنزل والمطبخ,peer
91,153,فرن كهربايي 60 لتر - اصدار خاص,False,564.14,1.7058823529411764,3.4,المنزل والمطبخ,peer
91,197,مكيف هواء انفيرتر 18000 - اصدار خاص,False,1440.46,0.9545454545454546,3.5,المنزل والمطبخ,peer
92,92,موسوعه التاريخ الاسلامي - اصدار خاص,True,182.48,1.5238095238095235,3.8,الكتب والتعليم,selected
92,175,مجموعه كتب الطفل التعليميه - اصدار خاص,False,152.85,0.6808510638297872,3.9,الكتب والتعليم,peer
92,193,مجموعه كتب الطفل التعليميه - اصدار خاص,False,256.05,0.6071428571428571,3.4,الكتب والتعليم,peer
92,172,كتاب رياده الاعمال والنجاح - اصدار خاص,False,72.49,0.6304347826086957,3.6,الكتب والتعليم,peer
92,99,مجموعه كتب الطفل التعليميه - اصدار خاص,False,185.24,2.083333333333333,4.2,الكتب والتعليم,peer
92,144,كتاب تطوير الذات والتحفيز - اصدار خاص,False,91.59,1.2173913043478262,3.4,الكتب والتعليم,peer
93,93,شال كشمير ناعم - اصدار خاص,True,304.48,3.1,3.8,الازياء والملابس,selected
93,180,شال كشمير ناعم - اصدار خاص,False,279.71,0.6739130434782609,3.3,الازياء والملابس,peer
93,156,قميص قطني كلاسيكي - اصدار خاص,False,131.66,1.4210526315789471,4.0,الازياء والملابس,peer
93,100,حقيبه يد جلديه - اصدار خاص,False,418.81,1.9230769230769231,4.3,الازياء والملابس,peer
93,125,شال كشمير ناعم - اصدار خاص,False,208.91,1.2777777777777777,3.0,الازياء والملابس,peer
93,11,قميص قطني كلاسيكي,False,73.96,4.142857142857143,3.2,الازياء والملابس,peer
94,94,قاموس عربي انجليزي شامل - اصدار خاص,True,192.65,4.0,3.8,الكتب والتعليم,selected
94,150,اطلس العالم المصور - اصدار خاص,False,244.37,0.5,4.4,الكتب والتعليم,peer
94,62,كتاب الطبخ العربي التقليدي - اصدار خاص,False,122.09,1.5,2.8,الكتب والتعليم,peer
94,200,موسوعه التاريخ الاسلامي - اصدار خاص,False,284.58,3.7777777777777777,4.4,الكتب والتعليم,peer
94,84,كتاب الطبخ العربي التقليدي - اصدار خاص,False,98.36,5.8,4.4,الكتب والتعليم,peer
94,89,كتاب رياده الاعمال والنجاح - اصدار خاص,False,73.16,1.1428571428571428,2.8,الكتب والتعليم,peer
95,95,كره قدم رسميه فيفا - اصدار خاص,True,217.5,2.117647058823529,4.0,الرياضه واللياقه,selected
95,110,جهاز قياس ضغط الدم - اصدار خاص,False,228.23,1.2272727272727273,4.0,الرياضه واللياقه,peer
95,76,حقيبه رياضيه جيم - اصدار خاص,False,110.25,1.4736842105263157,4.1,الرياضه واللياقه,peer
95,86,لباس رياضي ضاغط - اصدار خاص,False,336.99,1.4705882352941178,4.3,الرياضه واللياقه,peer
95,114,حقيبه رياضيه جيم - اصدار خاص,False,246.79,1.5909090909090908,4.3,الرياضه واللياقه,peer
95,98,اوزان حديد طقم 20 كيلو - اصدار خاص,False,449.02,2.363636363636364,4.1,الرياضه واللياقه,peer
96,96,دراجه هواييه جبليه - اصدار خاص,True,2249.21,0.627906976744186,4.3,الرياضه واللياقه,selected
96,138,جهاز مشي كهربايي - اصدار خاص,False,2075.88,5.857142857142857,4.6,الرياضه واللياقه,peer
96,44,جهاز مشي كهربايي,False,1768.56,1.6666666666666667,4.7,الرياضه واللياقه,peer
96,114,حقيبه رياضيه جيم - اصدار خاص,False,246.79,1.5909090909090908,4.3,الرياضه واللياقه,peer
96,105,حقيبه رياضيه جيم - اصدار خاص,False,250.27,2.4,4.6,الرياضه واللياقه,peer
96,188,جهاز مشي كهربايي - اصدار خاص,False,2599.64,1.2916666666666667,4.9,الرياضه واللياقه,peer
97,97,هاتف ذكي برو ماكس - اصدار خاص,True,1968.21,1.9166666666666667,4.1,الالكترونيات,selected
97,174,تابلت 10 انش - اصدار خاص,False,886.97,2.4545454545454546,4.6,الالكترونيات,peer
97,67,لابتوب الترا سليم - اصدار خاص,False,3651.66,1.380952380952381,4.6,الالكترونيات,peer
97,6,شاشه 4K 27 انش,False,2618.75,12.25,3.1,الالكترونيات,peer
97,75,تابلت 10 انش - اصدار خاص,False,670.09,1.9444444444444444,3.0,الالكترونيات,peer
97,68,تابلت 10 انش - اصدار خاص,False,1081.84,1.8125,2.6,الالكترونيات,peer
98,98,اوزان حديد طقم 20 كيلو - اصدار خاص,True,449.02,2.363636363636364,4.1,الرياضه واللياقه,selected
98,86,لباس رياضي ضاغط - اصدار خاص,False,336.99,1.4705882352941178,4.3,الرياضه واللياقه,peer
98,71,حصيره يوغا مضاده للانزلاق - اصدار خاص,False,241.15,2.1818181818181817,3.9,الرياضه واللياقه,peer
98,165,حذاء جري احترافي - اصدار خاص,False,867.11,2.25,4.2,الرياضه واللياقه,peer
98,139,حقيبه رياضيه جيم - اصدار خاص,False,351.69,1.411764705882353,3.6,الرياضه واللياقه,peer
98,95,كره قدم رسميه فيفا - اصدار خاص,False,217.5,2.117647058823529,4.0,الرياضه واللياقه,peer
99,99,مجموعه كتب الطفل التعليميه - اصدار خاص,True,185.24,2.083333333333333,4.2,الكتب والتعليم,selected
99,59,كتاب تطوير الذات والتحفيز,False,88.07,3.2,4.5,الكتب والتعليم,peer
99,92,موسوعه التاريخ الاسلامي - اصدار خاص,False,182.48,1.5238095238095235,3.8,الكتب والتعليم,peer
99,120,روايه عربيه بيست سيلر - اصدار خاص,False,37.31,2.9285714285714284,4.2,الكتب والتعليم,peer
99,193,مجموعه كتب الطفل التعليميه - اصدار خاص,False,256.05,0.6071428571428571,3.4,الكتب والتعليم,peer
99,175,مجموعه كتب الطفل التعليميه - اصدار خاص,False,152.85,0.6808510638297872,3.9,الكتب والتعليم,peer
100,100,حقيبه يد جلديه - اصدار خاص,True,418.81,1.9230769230769231,4.3,الازياء والملابس,selected
100,198,حقيبه يد جلديه - اصدار خاص,False,440.15,3.25,4.5,الازياء والملابس,peer
100,158,فستان سهره انيق - اصدار خاص,False,655.51,0.6744186046511628,4.2,الازياء والملابس,peer
100,156,قميص قطني كلاسيكي - اصدار خاص,False,131.66,1.4210526315789471,4.0,الازياء والملابس,peer
100,121,حذاء رياضي مريح - اصدار خاص,False,279.43,4.0,4.3,الازياء والملابس,peer
100,166,فستان سهره انيق - اصدار خاص,False,184.75,1.6842105263157894,3.8,الازياء والملابس,peer
101,101,مجموعه سكاكين مطبخ - اصدار خاص,True,241.26,3.0,3.7,المنزل والمطبخ,selected
101,128,مكواه بخاريه احترافيه - اصدار خاص,False,664.23,1.8333333333333333,3.3,المنزل والمطبخ,peer
101,153,فرن كهربايي 60 لتر - اصدار خاص,False,564.14,1.7058823529411764,3.4,المنزل والمطبخ,peer
101,195,فرن كهربايي 60 لتر - اصدار خاص,False,411.6,2.0,3.1,المنزل والمطبخ,peer
101,80,ماكينه قهوه اسبريسو - اصدار خاص,False,996.58,3.0,4.3,المنزل والمطبخ,peer
101,24,مكنسه كهرباييه لاسلكيه,False,362.63,1.0769230769230769,4.5,المنزل والمطبخ,peer
102,102,تابلت 10 انش - اصدار خاص,True,1982.66,1.2105263157894737,3.5,الالكترونيات,selected
102,177,لابتوب الترا سليم - اصدار خاص,False,3544.65,2.7777777777777777,2.7,الالكترونيات,peer
102,112,شاشه 4K 27 انش - اصدار خاص,False,2651.9,0.8461538461538461,4.9,الالكترونيات,peer
102,81,شاشه 4K 27 انش - اصدار خاص,False,1613.84,2.071428571428572,5.0,الالكترونيات,peer
102,90,شاشه 4K 27 انش - اصدار خاص,False,2115.26,2.3,5.0,الالكترونيات,peer
102,124,كاميرا ميرورليس - اصدار خاص,False,4869.43,0.5434782608695652,2.8,الالكترونيات,peer
103,103,بنطلون جينز سليم فيت - اصدار خاص,True,398.87,3.272727272727273,3.7,الازياء والملابس,selected
103,184,حذاء رسمي جلد - اصدار خاص,False,617.48,2.0,2.9,الازياء والملابس,peer
103,155,حذاء رياضي مريح - اصدار خاص,False,298.62,2.4285714285714284,2.7,الازياء والملابس,peer
103,11,قميص قطني كلاسيكي,False,73.96,4.142857142857143,3.2,الازياء والملابس,peer
103,83,فستان سهره انيق - اصدار خاص,False,584.83,2.6,3.4,الازياء والملابس,peer
103,73,فستان سهره انيق - اصدار خاص,False,249.37,1.85,3.4,الازياء والملابس,peer
104,104,قناع وجه كولاجين - اصدار خاص,True,146.34,3.1,3.0,الجمال والعنايه,selected
104,199,زيت ارغان طبيعي - اصدار خاص,False,107.47,1.2857142857142858,2.6,الجمال والعنايه,peer
104,189,مزيل عرق رول اون - اصدار خاص,False,46.18,0.6,3.2,الجمال والعنايه,peer
104,132,عطر رجالي عودي - اصدار خاص,False,284.92,3.875,3.5,الجمال والعنايه,peer
104,160,زيت ارغان طبيعي - اصدار خاص,False,298.73,3.5,4.3,الجمال والعنايه,peer
104,64,عطر رجالي عودي - اصدار خاص,False,578.73,1.0,3.5,الجمال والعنايه,peer
105,105,حقيبه رياضيه جيم - اصدار خاص,True,250.27,2.4,4.6,الرياضه واللياقه,selected
105,114,حقيبه رياضيه جيم - اصدار خاص,False,246.79,1.5909090909090908,4.3,الرياضه واللياقه,peer
105,76,حقيبه رياضيه جيم - اصدار خاص,False,110.25,1.4736842105263157,4.1,الرياضه واللياقه,peer
105,110,جهاز قياس ضغط الدم - اصدار خاص,False,228.23,1.2272727272727273,4.0,الرياضه واللياقه,peer
105,157,جهاز قياس ضغط الدم - اصدار خاص,False,278.2,1.9166666666666667,4.7,الرياضه واللياقه,peer
105,95,كره قدم رسميه فيفا - اصدار خاص,False,217.5,2.117647058823529,4.0,الرياضه واللياقه,peer
106,106,فرن كهربايي 60 لتر - اصدار خاص,True,449.77,1.9285714285714288,2.6,المنزل والمطبخ,selected
106,135,طقم اواني طهي غرانيت - اصدار خاص,False,248.61,1.2,2.8,المنزل والمطبخ,peer
106,70,فرن كهربايي 60 لتر - اصدار خاص,False,1076.29,1.181818181818182,3.1,المنزل والمطبخ,peer
106,65,مكنسه كهرباييه لاسلكيه - اصدار خاص,False,586.82,1.9285714285714288,2.7,المنزل والمطبخ,peer
106,85,ماكينه قهوه اسبريسو - اصدار خاص,False,1742.75,1.7142857142857142,2.6,المنزل والمطبخ,peer
106,82,مجموعه سكاكين مطبخ - اصدار خاص,False,482.06,3.0,2.9,المنزل والمطبخ,peer
107,107,كاميرا ميرورليس - اصدار خاص,True,5057.62,2.8,3.2,الالكترونيات,selected
107,69,لابتوب الترا سليم - اصدار خاص,False,5185.33,1.6875,2.5,الالكترونيات,peer
107,177,لابتوب الترا سليم - اصدار خاص,False,3544.65,2.7777777777777777,2.7,الالكترونيات,peer
107,108,كاميرا ميرورليس - اصدار خاص,False,5179.59,1.7894736842105263,3.3,الالكترونيات,peer
107,124,كاميرا ميرورليس - اصدار خاص,False,4869.43,0.5434782608695652,2.8,الالكترونيات,peer
107,147,هاتف ذكي برو ماكس - اصدار خاص,False,4075.22,3.090909090909091,4.8,الالكترونيات,peer
108,108,كاميرا ميرورليس - اصدار خاص,True,5179.59,1.7894736842105263,3.3,الالكترونيات,selected
108,124,كاميرا ميرورليس - اصدار خاص,False,4869.43,0.5434782608695652,2.8,الالكترونيات,peer
108,69,لابتوب الترا سليم - اصدار خاص,False,5185.33,1.6875,2.5,الالكترونيات,peer
108,147,هاتف ذكي برو ماكس - اصدار خاص,False,4075.22,3.090909090909091,4.8,الالكترونيات,peer
108,107,كاميرا ميرورليس - اصدار خاص,False,5057.62,2.8,3.2,الالكترونيات,peer
108,177,لابتوب الترا سليم - اصدار خاص,False,3544.65,2.7777777777777777,2.7,الالكترونيات,peer
109,109,قناع وجه كولاجين - اصدار خاص,True,44.98,4.428571428571429,2.8,الجمال والعنايه,selected
109,181,عطر رجالي عودي - اصدار خاص,False,353.61,2.2,2.7,الجمال والعنايه,peer
109,64,عطر رجالي عودي - اصدار خاص,False,578.73,1.0,3.5,الجمال والعنايه,peer
109,78,عطر رجالي عودي - اصدار خاص,False,637.27,2.4166666666666665,3.7,الجمال والعنايه,peer
109,182,سيروم فيتامين سي - اصدار خاص,False,190.33,2.1538461538461537,3.9,الجمال والعنايه,peer
109,34,طقم مكياج احترافي,False,269.1,10.45945945945946,3.0,الجمال والعنايه,peer
110,110,جهاز قياس ضغط الدم - اصدار خاص,True,228.23,1.2272727272727273,4.0,الرياضه واللياقه,selected
110,95,كره قدم رسميه فيفا - اصدار خاص,False,217.5,2.117647058823529,4.0,الرياضه واللياقه,peer
110,76,حقيبه رياضيه جيم - اصدار خاص,False,110.25,1.4736842105263157,4.1,الرياضه واللياقه,peer
110,114,حقيبه رياضيه جيم - اصدار خاص,False,246.79,1.5909090909090908,4.3,الرياضه واللياقه,peer
110,86,لباس رياضي ضاغط - اصدار خاص,False,336.99,1.4705882352941178,4.3,الرياضه واللياقه,peer
110,159,حصيره يوغا مضاده للانزلاق - اصدار خاص,False,132.33,2.7,3.8,الرياضه واللياقه,peer
111,111,مكواه بخاريه احترافيه - اصدار خاص,True,453.66,3.125,3.8,المنزل والمطبخ,selected
111,82,مجموعه سكاكين مطبخ - اصدار خاص,False,482.06,3.0,2.9,المنزل والمطبخ,peer
111,176,فرن كهربايي 60 لتر - اصدار خاص,False,1269.55,0.3725490196078431,4.2,المنزل والمطبخ,peer
111,119,ماكينه قهوه اسبريسو - اصدار خاص,False,1350.85,0.7714285714285715,3.7,المنزل والمطبخ,peer
111,27,فرن كهربايي 60 لتر,False,1128.13,2.6153846153846154,4.0,المنزل والمطبخ,peer
111,65,مكنسه كهرباييه لاسلكيه - اصدار خاص,False,586.82,1.9285714285714288,2.7,المنزل والمطبخ,peer
112,112,شاشه 4K 27 انش - اصدار خاص,True,2651.9,0.8461538461538461,4.9,الالكترونيات,selected
112,90,شاشه 4K 27 انش - اصدار خاص,False,2115.26,2.3,5.0,الالكترونيات,peer
112,81,شاشه 4K 27 انش - اصدار خاص,False,1613.84,2.071428571428572,5.0,الالكترونيات,peer
112,147,هاتف ذكي برو ماكس - اصدار خاص,False,4075.22,3.090909090909091,4.8,الالكترونيات,peer
112,102,تابلت 10 انش - اصدار خاص,False,1982.66,1.2105263157894737,3.5,الالكترونيات,peer
112,107,كاميرا ميرورليس - اصدار خاص,False,5057.62,2.8,3.2,الالكترونيات,peer
113,113,كتاب تعلم البرمجه بالعربيه - اصدار خاص,True,61.24,1.0769230769230769,4.1,الكتب والتعليم,selected
113,51,كتاب تعلم البرمجه بالعربيه,False,66.67,7.653846153846154,4.2,الكتب والتعليم,peer
113,99,مجموعه كتب الطفل التعليميه - اصدار خاص,False,185.24,2.083333333333333,4.2,الكتب والتعليم,peer
113,144,كتاب تطوير الذات والتحفيز - اصدار خاص,False,91.59,1.2173913043478262,3.4,الكتب والتعليم,peer
113,171,موسوعه التاريخ الاسلامي - اصدار خاص,False,100.57,1.318181818181818,3.4,الكتب والتعليم,peer
113,74,كتاب الطبخ العربي التقليدي - اصدار خاص,False,132.13,0.4354838709677419,4.5,الكتب والتعليم,peer
114,114,حقيبه رياضيه جيم - اصدار خاص,True,246.79,1.5909090909090908,4.3,الرياضه واللياقه,selected
114,105,حقيبه رياضيه جيم - اصدار خاص,False,250.27,2.4,4.6,الرياضه واللياقه,peer
114,76,حقيبه رياضيه جيم - اصدار خاص,False,110.25,1.4736842105263157,4.1,الرياضه واللياقه,peer
114,110,جهاز قياس ضغط الدم - اصدار خاص,False,228.23,1.2272727272727273,4.0,الرياضه واللياقه,peer
114,95,كره قدم رسميه فيفا - اصدار خاص,False,217.5,2.117647058823529,4.0,الرياضه واللياقه,peer
114,157,جهاز قياس ضغط الدم - اصدار خاص,False,278.2,1.9166666666666667,4.7,الرياضه واللياقه,peer
115,115,شاحن لاسلكي سريع - اصدار خاص,True,131.51,1.75,3.6,الالكترونيات,selected
115,126,شاحن لاسلكي سريع - اصدار خاص,False,224.49,0.7,4.3,الالكترونيات,peer
115,75,تابلت 10 انش - اصدار خاص,False,670.09,1.9444444444444444,3.0,الالكترونيات,peer
115,161,شاحن لاسلكي سريع - اصدار خاص,False,280.14,1.6875,2.5,الالكترونيات,peer
115,174,تابلت 10 انش - اصدار خاص,False,886.97,2.4545454545454546,4.6,الالكترونيات,peer
115,141,ساعه ذكيه سبورت - اصدار خاص,False,449.82,0.8181818181818182,3.4,الالكترونيات,peer
116,116,قناع وجه كولاجين - اصدار خاص,True,136.01,1.4166666666666667,4.3,الجمال والعنايه,selected
116,179,مجموعه عنايه بالشعر - اصدار خاص,False,148.28,5.166666666666667,4.0,الجمال والعنايه,peer
116,187,عطر رجالي عودي - اصدار خاص,False,521.01,2.2,4.5,الجمال والعنايه,peer
116,149,طقم مكياج احترافي - اصدار خاص,False,652.63,3.2,4.4,الجمال والعنايه,peer
116,143,عطر رجالي عودي - اصدار خاص,False,602.95,1.4782608695652173,4.8,الجمال والعنايه,peer
116,140,مزيل عرق رول اون - اصدار خاص,False,61.32,2.111111111111111,4.2,الجمال والعنايه,peer
117,117,حصيره يوغا مضاده للانزلاق - اصدار خاص,True,159.84,1.2083333333333333,3.3,الرياضه واللياقه,selected
117,148,حذاء جري احترافي - اصدار خاص,False,658.67,3.2,4.3,الرياضه واللياقه,peer
117,146,اوزان حديد طقم 20 كيلو - اصدار خاص,False,323.76,0.8695652173913043,3.4,الرياضه واللياقه,peer
117,123,عداد خطوات ذكي - اصدار خاص,False,140.92,2.0,4.2,الرياضه واللياقه,peer
117,157,جهاز قياس ضغط الدم - اصدار خاص,False,278.2,1.9166666666666667,4.7,الرياضه واللياقه,peer
117,45,كره قدم رسميه فيفا,False,207.67,0.4909090909090909,4.9,الرياضه واللياقه,peer
118,118,حصيره يوغا مضاده للانزلاق - اصدار خاص,True,175.91,4.833333333333333,3.0,الرياضه واللياقه,selected
118,159,حصيره يوغا مضاده للانزلاق - اصدار خاص,False,132.33,2.7,3.8,الرياضه واللياقه,peer
118,110,جهاز قياس ضغط الدم - اصدار خاص,False,228.23,1.2272727272727273,4.0,الرياضه واللياقه,peer
118,95,كره قدم رسميه فيفا - اصدار خاص,False,217.5,2.117647058823529,4.0,الرياضه واللياقه,peer
118,76,حقيبه رياضيه جيم - اصدار خاص,False,110.25,1.4736842105263157,4.1,الرياضه واللياقه,peer
118,139,حقيبه رياضيه جيم - اصدار خاص,False,351.69,1.411764705882353,3.6,الرياضه واللياقه,peer
119,119,ماكينه قهوه اسبريسو - اصدار خاص,True,1350.85,0.7714285714285715,3.7,المنزل والمطبخ,selected
119,70,فرن كهربايي 60 لتر - اصدار خاص,False,1076.29,1.181818181818182,3.1,المنزل والمطبخ,peer
119,162,ثلاجه نوفروست 350 لتر - اصدار خاص,False,2324.66,1.3333333333333333,3.4,المنزل والمطبخ,peer
119,176,فرن كهربايي 60 لتر - اصدار خاص,False,1269.55,0.3725490196078431,4.2,المنزل والمطبخ,peer
119,85,ماكينه قهوه اسبريسو - اصدار خاص,False,1742.75,1.7142857142857142,2.6,المنزل والمطبخ,peer
119,27,فرن كهربايي 60 لتر,False,1128.13,2.6153846153846154,4.0,المنزل والمطبخ,peer
120,120,روايه عربيه بيست سيلر - اصدار خاص,True,37.31,2.9285714285714284,4.2,الكتب والتعليم,selected
120,175,مجموعه كتب الطفل التعليميه - اصدار خاص,False,152.85,0.6808510638297872,3.9,الكتب والتعليم,peer
120,145,قاموس عربي انجليزي شامل - اصدار خاص,False,165.87,2.05,4.9,الكتب والتعليم,peer
120,172,كتاب رياده الاعمال والنجاح - اصدار خاص,False,72.49,0.6304347826086957,3.6,الكتب والتعليم,peer
120,193,مجموعه كتب الطفل التعليميه - اصدار خاص,False,256.05,0.6071428571428571,3.4,الكتب والتعليم,peer
120,92,موسوعه التاريخ الاسلامي - اصدار خاص,False,182.48,1.5238095238095235,3.8,الكتب والتعليم,peer
121,121,حذاء رياضي مريح - اصدار خاص,True,279.43,4.0,4.3,الازياء والملابس,selected
121,190,حذاء رسمي جلد - اصدار خاص,False,615.39,4.25,3.9,الازياء والملابس,peer
121,129,تيشيرت بولو قطن - اصدار خاص,False,94.56,2.5,4.5,الازياء والملابس,peer
121,164,حقيبه يد جلديه - اصدار خاص,False,297.97,0.6923076923076923,3.9,الازياء والملابس,peer
121,19,تيشيرت بولو قطن,False,195.42,2.1875,4.2,الازياء والملابس,peer
121,100,حقيبه يد جلديه - اصدار خاص,False,418.81,1.9230769230769231,4.3,الازياء والملابس,peer
122,122,طقم مكياج احترافي - اصدار خاص,True,696.77,2.083333333333333,3.2,الجمال والعنايه,selected
122,132,عطر رجالي عودي - اصدار خاص,False,284.92,3.875,3.5,الجمال والعنايه,peer
122,189,مزيل عرق رول اون - اصدار خاص,False,46.18,0.6,3.2,الجمال والعنايه,peer
122,149,طقم مكياج احترافي - اصدار خاص,False,652.63,3.2,4.4,الجمال والعنايه,peer
122,37,غسول وجه للبشره الحساسه,False,113.29,13.045454545454543,3.3,الجمال والعنايه,peer
122,39,قناع وجه كولاجين,False,51.31,13.95,3.5,الجمال والعنايه,peer
123,123,عداد خطوات ذكي - اصدار خاص,True,140.92,2.0,4.2,الرياضه واللياقه,selected
123,157,جهاز قياس ضغط الدم - اصدار خاص,False,278.2,1.9166666666666667,4.7,الرياضه واللياقه,peer
123,146,اوزان حديد طقم 20 كيلو - اصدار خاص,False,323.76,0.8695652173913043,3.4,الرياضه واللياقه,peer
123,148,حذاء جري احترافي - اصدار خاص,False,658.67,3.2,4.3,الرياضه واللياقه,peer
123,114,حقيبه رياضيه جيم - اصدار خاص,False,246.79,1.5909090909090908,4.3,الرياضه واللياقه,peer
123,173,حذاء جري احترافي - اصدار خاص,False,426.85,3.375,4.7,الرياضه واللياقه,peer
124,124,كاميرا ميرورليس - اصدار خاص,True,4869.43,0.5434782608695652,2.8,الالكترونيات,selected
124,108,كاميرا ميرورليس - اصدار خاص,False,5179.59,1.7894736842105263,3.3,الالكترونيات,peer
124,69,لابتوب الترا سليم - اصدار خاص,False,5185.33,1.6875,2.5,الالكترونيات,peer
124,177,لابتوب الترا سليم - اصدار خاص,False,3544.65,2.7777777777777777,2.7,الالكترونيات,peer
124,107,كاميرا ميرورليس - اصدار خاص,False,5057.62,2.8,3.2,الالكترونيات,peer
124,147,هاتف ذكي برو ماكس - اصدار خاص,False,4075.22,3.090909090909091,4.8,الالكترونيات,peer
125,125,شال كشمير ناعم - اصدار خاص,True,208.91,1.2777777777777777,3.0,الازياء والملابس,selected
125,11,قميص قطني كلاسيكي,False,73.96,4.142857142857143,3.2,الازياء والملابس,peer
125,180,شال كشمير ناعم - اصدار خاص,False,279.71,0.6739130434782609,3.3,الازياء والملابس,peer
125,93,شال كشمير ناعم - اصدار خاص,False,304.48,3.1,3.8,الازياء والملابس,peer
125,152,شال كشمير ناعم - اصدار خاص,False,92.66,0.92,3.4,الازياء والملابس,peer
125,155,حذاء رياضي مريح - اصدار خاص,False,298.62,2.4285714285714284,2.7,الازياء والملابس,peer
126,126,شاحن لاسلكي سريع - اصدار خاص,True,224.49,0.7,4.3,الالكترونيات,selected
126,115,شاحن لاسلكي سريع - اصدار خاص,False,131.51,1.75,3.6,الالكترونيات,peer
126,174,تابلت 10 انش - اصدار خاص,False,886.97,2.4545454545454546,4.6,الالكترونيات,peer
126,75,تابلت 10 انش - اصدار خاص,False,670.09,1.9444444444444444,3.0,الالكترونيات,peer
126,8,مكبر صوت بلوتوث,False,338.12,2.5384615384615383,4.6,الالكترونيات,peer
126,142,مكبر صوت بلوتوث - اصدار خاص,False,243.55,1.5263157894736843,2.9,الالكترونيات,peer
127,127,قميص قطني كلاسيكي - اصدار خاص,True,209.71,2.5454545454545454,3.0,الازياء والملابس,selected
127,63,حذاء رياضي مريح - اصدار خاص,False,557.39,1.8,2.9,الازياء والملابس,peer
127,166,فستان سهره انيق - اصدار خاص,False,184.75,1.6842105263157894,3.8,الازياء والملابس,peer
127,164,حقيبه يد جلديه - اصدار خاص,False,297.97,0.6923076923076923,3.9,الازياء والملابس,peer
127,20,حذاء رسمي جلد,False,600.91,2.909090909090909,3.4,الازياء والملابس,peer
127,190,حذاء رسمي جلد - اصدار خاص,False,615.39,4.25,3.9,الازياء والملابس,peer
128,128,مكواه بخاريه احترافيه - اصدار خاص,True,664.23,1.8333333333333333,3.3,المنزل والمطبخ,selected
128,195,فرن كهربايي 60 لتر - اصدار خاص,False,411.6,2.0,3.1,المنزل والمطبخ,peer
128,101,مجموعه سكاكين مطبخ - اصدار خاص,False,241.26,3.0,3.7,المنزل والمطبخ,peer
128,80,ماكينه قهوه اسبريسو - اصدار خاص,False,996.58,3.0,4.3,المنزل والمطبخ,peer
128,153,فرن كهربايي 60 لتر - اصدار خاص,False,564.14,1.7058823529411764,3.4,المنزل والمطبخ,peer
128,27,فرن كهربايي 60 لتر,False,1128.13,2.6153846153846154,4.0,المنزل والمطبخ,peer
129,129,تيشيرت بولو قطن - اصدار خاص,True,94.56,2.5,4.5,الازياء والملابس,selected
129,19,تيشيرت بولو قطن,False,195.42,2.1875,4.2,الازياء والملابس,peer
129,121,حذاء رياضي مريح - اصدار خاص,False,279.43,4.0,4.3,الازياء والملابس,peer
129,166,فستان سهره انيق - اصدار خاص,False,184.75,1.6842105263157894,3.8,الازياء والملابس,peer
129,158,فستان سهره انيق - اصدار خاص,False,655.51,0.6744186046511628,4.2,الازياء والملابس,peer
129,100,حقيبه يد جلديه - اصدار خاص,False,418.81,1.9230769230769231,4.3,الازياء والملابس,peer
130,130,ثلاجه نوفروست 350 لتر - اصدار خاص,True,3341.54,2.4545454545454546,4.5,المنزل والمطبخ,selected
130,154,ثلاجه نوفروست 350 لتر - اصدار خاص,False,3786.85,4.333333333333333,3.9,المنزل والمطبخ,peer
130,162,ثلاجه نوفروست 350 لتر - اصدار خاص,False,2324.66,1.3333333333333333,3.4,المنزل والمطبخ,peer
130,134,ثلاجه نوفروست 350 لتر - اصدار خاص,False,3215.18,2.333333333333333,4.8,المنزل والمطبخ,peer
130,178,مكيف هواء انفيرتر 18000 - اصدار خاص,False,3002.16,0.5714285714285714,3.6,المنزل والمطبخ,peer
130,176,فرن كهربايي 60 لتر - اصدار خاص,False,1269.55,0.3725490196078431,4.2,المنزل والمطبخ,peer
131,131,اوزان حديد طقم 20 كيلو - اصدار خاص,True,457.64,0.9210526315789472,2.7,الرياضه واللياقه,selected
131,139,حقيبه رياضيه جيم - اصدار خاص,False,351.69,1.411764705882353,3.6,الرياضه واللياقه,peer
131,118,حصيره يوغا مضاده للانزلاق - اصدار خاص,False,175.91,4.833333333333333,3.0,الرياضه واللياقه,peer
131,159,حصيره يوغا مضاده للانزلاق - اصدار خاص,False,132.33,2.7,3.8,الرياضه واللياقه,peer
131,71,حصيره يوغا مضاده للانزلاق - اصدار خاص,False,241.15,2.1818181818181817,3.9,الرياضه واللياقه,peer
131,165,حذاء جري احترافي - اصدار خاص,False,867.11,2.25,4.2,الرياضه واللياقه,peer
132,132,عطر رجالي عودي - اصدار خاص,True,284.92,3.875,3.5,الجمال والعنايه,selected
132,189,مزيل عرق رول اون - اصدار خاص,False,46.18,0.6,3.2,الجمال والعنايه,peer
132,122,طقم مكياج احترافي - اصدار خاص,False,696.77,2.083333333333333,3.2,الجمال والعنايه,peer
132,149,طقم مكياج احترافي - اصدار خاص,False,652.63,3.2,4.4,الجمال والعنايه,peer
132,104,قناع وجه كولاجين - اصدار خاص,False,146.34,3.1,3.0,الجمال والعنايه,peer
132,199,زيت ارغان طبيعي - اصدار خاص,False,107.47,1.2857142857142858,2.6,الجمال والعنايه,peer
133,133,اطلس العالم المصور - اصدار خاص,True,165.39,3.2,3.4,الكتب والتعليم,selected
133,196,اطلس العالم المصور - اصدار خاص,False,211.44,1.2941176470588236,3.5,الكتب والتعليم,peer
133,59,كتاب تطوير الذات والتحفيز,False,88.07,3.2,4.5,الكتب والتعليم,peer
133,88,دوره برمجه اكاديميه USB - اصدار خاص,False,398.34,5.285714285714286,3.9,الكتب والتعليم,peer
133,99,مجموعه كتب الطفل التعليميه - اصدار خاص,False,185.24,2.083333333333333,4.2,الكتب والتعليم,peer
133,120,روايه عربيه بيست سيلر - اصدار خاص,False,37.31,2.9285714285714284,4.2,الكتب والتعليم,peer
134,134,ثلاجه نوفروست 350 لتر - اصدار خاص,True,3215.18,2.333333333333333,4.8,المنزل والمطبخ,selected
134,178,مكيف هواء انفيرتر 18000 - اصدار خاص,False,3002.16,0.5714285714285714,3.6,المنزل والمطبخ,peer
134,61,فرن كهربايي 60 لتر - اصدار خاص,False,1462.89,2.090909090909091,4.5,المنزل والمطبخ,peer
134,130,ثلاجه نوفروست 350 لتر - اصدار خاص,False,3341.54,2.4545454545454546,4.5,المنزل والمطبخ,peer
134,154,ثلاجه نوفروست 350 لتر - اصدار خاص,False,3786.85,4.333333333333333,3.9,المنزل والمطبخ,peer
134,136,فرن كهربايي 60 لتر - اصدار خاص,False,1233.09,1.0,4.5,المنزل والمطبخ,peer
135,135,طقم اواني طهي غرانيت - اصدار خاص,True,248.61,1.2,2.8,المنزل والمطبخ,selected
135,82,مجموعه سكاكين مطبخ - اصدار خاص,False,482.06,3.0,2.9,المنزل والمطبخ,peer
135,106,فرن كهربايي 60 لتر - اصدار خاص,False,449.77,1.9285714285714288,2.6,المنزل والمطبخ,peer
135,65,مكنسه كهرباييه لاسلكيه - اصدار خاص,False,586.82,1.9285714285714288,2.7,المنزل والمطبخ,peer
135,70,فرن كهربايي 60 لتر - اصدار خاص,False,1076.29,1.181818181818182,3.1,المنزل والمطبخ,peer
135,85,ماكينه قهوه اسبريسو - اصدار خاص,False,1742.75,1.7142857142857142,2.6,المنزل والمطبخ,peer
136,136,فرن كهربايي 60 لتر - اصدار خاص,True,1233.09,1.0,4.5,المنزل والمطبخ,selected
136,197,مكيف هواء انفيرتر 18000 - اصدار خاص,False,1440.46,0.9545454545454546,3.5,المنزل والمطبخ,peer
136,61,فرن كهربايي 60 لتر - اصدار خاص,False,1462.89,2.090909090909091,4.5,المنزل والمطبخ,peer
136,176,فرن كهربايي 60 لتر - اصدار خاص,False,1269.55,0.3725490196078431,4.2,المنزل والمطبخ,peer
136,91,فرن كهربايي 60 لتر - اصدار خاص,False,978.27,0.6585365853658537,4.4,المنزل والمطبخ,peer
136,119,ماكينه قهوه اسبريسو - اصدار خاص,False,1350.85,0.7714285714285715,3.7,المنزل والمطبخ,peer
137,137,راوتر واي فاي 6 - اصدار خاص,True,593.31,1.181818181818182,3.4,الالكترونيات,selected
137,185,سماعات لاسلكيه - اصدار خاص,False,329.38,0.7894736842105263,3.2,الالكترونيات,peer
137,102,تابلت 10 انش - اصدار خاص,False,1982.66,1.2105263157894737,3.5,الالكترونيات,peer
137,81,شاشه 4K 27 انش - اصدار خاص,False,1613.84,2.071428571428572,5.0,الالكترونيات,peer
137,194,ساعه ذكيه سبورت - اصدار خاص,False,582.97,1.9,4.0,الالكترونيات,peer
137,7,كاميرا ميرورليس,False,2063.12,1.5714285714285714,3.5,الالكترونيات,peer
138,138,جهاز مشي كهربايي - اصدار خاص,True,2075.88,5.857142857142857,4.6,الرياضه واللياقه,selected
138,96,دراجه هواييه جبليه - اصدار خاص,False,2249.21,0.627906976744186,4.3,الرياضه واللياقه,peer
138,105,حقيبه رياضيه جيم - اصدار خاص,False,250.27,2.4,4.6,الرياضه واللياقه,peer
138,114,حقيبه رياضيه جيم - اصدار خاص,False,246.79,1.5909090909090908,4.3,الرياضه واللياقه,peer
138,44,جهاز مشي كهربايي,False,1768.56,1.6666666666666667,4.7,الرياضه واللياقه,peer
138,188,جهاز مشي كهربايي - اصدار خاص,False,2599.64,1.2916666666666667,4.9,الرياضه واللياقه,peer
139,139,حقيبه رياضيه جيم - اصدار خاص,True,351.69,1.411764705882353,3.6,الرياضه واللياقه,selected
139,71,حصيره يوغا مضاده للانزلاق - اصدار خاص,False,241.15,2.1818181818181817,3.9,الرياضه واللياقه,peer
139,165,حذاء جري احترافي - اصدار خاص,False,867.11,2.25,4.2,الرياضه واللياقه,peer
139,159,حصيره يوغا مضاده للانزلاق - اصدار خاص,False,132.33,2.7,3.8,الرياضه واللياقه,peer
139,86,لباس رياضي ضاغط - اصدار خاص,False,336.99,1.4705882352941178,4.3,الرياضه واللياقه,peer
139,98,اوزان حديد طقم 20 كيلو - اصدار خاص,False,449.02,2.363636363636364,4.1,الرياضه واللياقه,peer
140,140,مزيل عرق رول اون - اصدار خاص,True,61.32,2.111111111111111,4.2,الجمال والعنايه,selected
140,116,قناع وجه كولاجين - اصدار خاص,False,136.01,1.4166666666666667,4.3,الجمال والعنايه,peer
140,187,عطر رجالي عودي - اصدار خاص,False,521.01,2.2,4.5,الجمال والعنايه,peer
140,179,مجموعه عنايه بالشعر - اصدار خاص,False,148.28,5.166666666666667,4.0,الجمال والعنايه,peer
140,64,عطر رجالي عودي - اصدار خاص,False,578.73,1.0,3.5,الجمال والعنايه,peer
140,182,سيروم فيتامين سي - اصدار خاص,False,190.33,2.1538461538461537,3.9,الجمال والعنايه,peer
141,141,ساعه ذكيه سبورت - اصدار خاص,True,449.82,0.8181818181818182,3.4,الالكترونيات,selected
141,75,تابلت 10 انش - اصدار خاص,False,670.09,1.9444444444444444,3.0,الالكترونيات,peer
141,115,شاحن لاسلكي سريع - اصدار خاص,False,131.51,1.75,3.6,الالكترونيات,peer
141,8,مكبر صوت بلوتوث,False,338.12,2.5384615384615383,4.6,الالكترونيات,peer
141,161,شاحن لاسلكي سريع - اصدار خاص,False,280.14,1.6875,2.5,الالكترونيات,peer
141,5,تابلت 10 انش,False,1043.64,1.6875,5.0,الالكترونيات,peer
142,142,مكبر صوت بلوتوث - اصدار خاص,True,243.55,1.5263157894736843,2.9,الالكترونيات,selected
142,161,شاحن لاسلكي سريع - اصدار خاص,False,280.14,1.6875,2.5,الالكترونيات,peer
142,68,تابلت 10 انش - اصدار خاص,False,1081.84,1.8125,2.6,الالكترونيات,peer
142,75,تابلت 10 انش - اصدار خاص,False,670.09,1.9444444444444444,3.0,الالكترونيات,peer
142,115,شاحن لاسلكي سريع - اصدار خاص,False,131.51,1.75,3.6,الالكترونيات,peer
142,126,شاحن لاسلكي سريع - اصدار خاص,False,224.49,0.7,4.3,الالكترونيات,peer
143,143,عطر رجالي عودي - اصدار خاص,True,602.95,1.4782608695652173,4.8,الجمال والعنايه,selected
143,187,عطر رجالي عودي - اصدار خاص,False,521.01,2.2,4.5,الجمال والعنايه,peer
143,160,زيت ارغان طبيعي - اصدار خاص,False,298.73,3.5,4.3,الجمال والعنايه,peer
143,116,قناع وجه كولاجين - اصدار خاص,False,136.01,1.4166666666666667,4.3,الجمال والعنايه,peer
143,149,طقم مكياج احترافي - اصدار خاص,False,652.63,3.2,4.4,الجمال والعنايه,peer
143,179,مجموعه عنايه بالشعر - اصدار خاص,False,148.28,5.166666666666667,4.0,الجمال والعنايه,peer
144,144,كتاب تطوير الذات والتحفيز - اصدار خاص,True,91.59,1.2173913043478262,3.4,الكتب والتعليم,selected
144,92,موسوعه التاريخ الاسلامي - اصدار خاص,False,182.48,1.5238095238095235,3.8,الكتب والتعليم,peer
144,175,مجموعه كتب الطفل التعليميه - اصدار خاص,False,152.85,0.6808510638297872,3.9,الكتب والتعليم,peer
144,60,اطلس العالم المصور,False,325.99,3.7777777777777777,3.4,الكتب والتعليم,peer
144,58,كتاب الطبخ العربي التقليدي,False,143.75,3.625,3.1,الكتب والتعليم,peer
144,193,مجموعه كتب الطفل التعليميه - اصدار خاص,False,256.05,0.6071428571428571,3.4,الكتب والتعليم,peer
145,145,قاموس عربي انجليزي شامل - اصدار خاص,True,165.87,2.05,4.9,الكتب والتعليم,selected
145,74,كتاب الطبخ العربي التقليدي - اصدار خاص,False,132.13,0.4354838709677419,4.5,الكتب والتعليم,peer
145,120,روايه عربيه بيست سيلر - اصدار خاص,False,37.31,2.9285714285714284,4.2,الكتب والتعليم,peer
145,99,مجموعه كتب الطفل التعليميه - اصدار خاص,False,185.24,2.083333333333333,4.2,الكتب والتعليم,peer
145,163,دوره برمجه اكاديميه USB - اصدار خاص,False,417.18,3.0,3.7,الكتب والتعليم,peer
145,92,موسوعه التاريخ الاسلامي - اصدار خاص,False,182.48,1.5238095238095235,3.8,الكتب والتعليم,peer
146,146,اوزان حديد طقم 20 كيلو - اصدار خاص,True,323.76,0.8695652173913043,3.4,الرياضه واللياقه,selected
146,123,عداد خطوات ذكي - اصدار خاص,False,140.92,2.0,4.2,الرياضه واللياقه,peer
146,157,جهاز قياس ضغط الدم - اصدار خاص,False,278.2,1.9166666666666667,4.7,الرياضه واللياقه,peer
146,117,حصيره يوغا مضاده للانزلاق - اصدار خاص,False,159.84,1.2083333333333333,3.3,الرياضه واللياقه,peer
146,114,حقيبه رياضيه جيم - اصدار خاص,False,246.79,1.5909090909090908,4.3,الرياضه واللياقه,peer
146,76,حقيبه رياضيه جيم - اصدار خاص,False,110.25,1.4736842105263157,4.1,الرياضه واللياقه,peer
147,147,هاتف ذكي برو ماكس - اصدار خاص,True,4075.22,3.090909090909091,4.8,الالكترونيات,selected
147,108,كاميرا ميرورليس - اصدار خاص,False,5179.59,1.7894736842105263,3.3,الالكترونيات,peer
147,112,شاشه 4K 27 انش - اصدار خاص,False,2651.9,0.8461538461538461,4.9,الالكترونيات,peer
147,124,كاميرا ميرورليس - اصدار خاص,False,4869.43,0.5434782608695652,2.8,الالكترونيات,peer
147,107,كاميرا ميرورليس - اصدار خاص,False,5057.62,2.8,3.2,الالكترونيات,peer
147,69,لابتوب الترا سليم - اصدار خاص,False,5185.33,1.6875,2.5,الالكترونيات,peer
148,148,حذاء جري احترافي - اصدار خاص,True,658.67,3.2,4.3,الرياضه واللياقه,selected
148,45,كره قدم رسميه فيفا,False,207.67,0.4909090909090909,4.9,الرياضه واللياقه,peer
148,117,حصيره يوغا مضاده للانزلاق - اصدار خاص,False,159.84,1.2083333333333333,3.3,الرياضه واللياقه,peer
148,123,عداد خطوات ذكي - اصدار خاص,False,140.92,2.0,4.2,الرياضه واللياقه,peer
148,157,جهاز قياس ضغط الدم - اصدار خاص,False,278.2,1.9166666666666667,4.7,الرياضه واللياقه,peer
148,188,جهاز مشي كهربايي - اصدار خاص,False,2599.64,1.2916666666666667,4.9,الرياضه واللياقه,peer
149,149,طقم مكياج احترافي - اصدار خاص,True,652.63,3.2,4.4,الجمال والعنايه,selected
149,179,مجموعه عنايه بالشعر - اصدار خاص,False,148.28,5.166666666666667,4.0,الجمال والعنايه,peer
149,116,قناع وجه كولاجين - اصدار خاص,False,136.01,1.4166666666666667,4.3,الجمال والعنايه,peer
149,187,عطر رجالي عودي - اصدار خاص,False,521.01,2.2,4.5,الجمال والعنايه,peer
149,122,طقم مكياج احترافي - اصدار خاص,False,696.77,2.083333333333333,3.2,الجمال والعنايه,peer
149,143,عطر رجالي عودي - اصدار خاص,False,602.95,1.4782608695652173,4.8,الجمال والعنايه,peer
150,150,اطلس العالم المصور - اصدار خاص,True,244.37,0.5,4.4,الكتب والتعليم,selected
150,200,موسوعه التاريخ الاسلامي - اصدار خاص,False,284.58,3.7777777777777777,4.4,الكتب والتعليم,peer
150,94,قاموس عربي انجليزي شامل - اصدار خاص,False,192.65,4.0,3.8,الكتب والتعليم,peer
150,59,كتاب تطوير الذات والتحفيز,False,88.07,3.2,4.5,الكتب والتعليم,peer
150,55,روايه عربيه بيست سيلر,False,41.52,2.2666666666666666,5.0,الكتب والتعليم,peer
150,99,مجموعه كتب الطفل التعليميه - اصدار خاص,False,185.24,2.083333333333333,4.2,الكتب والتعليم,peer
151,151,كتاب تطوير الذات والتحفيز - اصدار خاص,True,71.91,1.8571428571428568,3.2,الكتب والتعليم,selected
151,196,اطلس العالم المصور - اصدار خاص,False,211.44,1.2941176470588236,3.5,الكتب والتعليم,peer
151,193,مجموعه كتب الطفل التعليميه - اصدار خاص,False,256.05,0.6071428571428571,3.4,الكتب والتعليم,peer
151,163,دوره برمجه اكاديميه USB - اصدار خاص,False,417.18,3.0,3.7,الكتب والتعليم,peer
151,120,روايه عربيه بيست سيلر - اصدار خاص,False,37.31,2.9285714285714284,4.2,الكتب والتعليم,peer
151,77,دوره برمجه اكاديميه USB - اصدار خاص,False,193.57,0.6923076923076923,3.4,الكتب والتعليم,peer
152,152,شال كشمير ناعم - اصدار خاص,True,92.66,0.92,3.4,الازياء والملابس,selected
152,66,قميص قطني كلاسيكي - اصدار خاص,False,234.31,3.333333333333333,3.7,الازياء والملابس,peer
152,73,فستان سهره انيق - اصدار خاص,False,249.37,1.85,3.4,الازياء والملابس,peer
152,164,حقيبه يد جلديه - اصدار خاص,False,297.97,0.6923076923076923,3.9,الازياء والملابس,peer
152,125,شال كشمير ناعم - اصدار خاص,False,208.91,1.2777777777777777,3.0,الازياء والملابس,peer
152,169,فستان سهره انيق - اصدار خاص,False,452.68,1.173913043478261,3.1,الازياء والملابس,peer
153,153,فرن كهربايي 60 لتر - اصدار خاص,True,564.14,1.7058823529411764,3.4,المنزل والمطبخ,selected
153,195,فرن كهربايي 60 لتر - اصدار خاص,False,411.6,2.0,3.1,المنزل والمطبخ,peer
153,101,مجموعه سكاكين مطبخ - اصدار خاص,False,241.26,3.0,3.7,المنزل والمطبخ,peer
153,170,فرن كهربايي 60 لتر - اصدار خاص,False,810.36,3.0,3.5,المنزل والمطبخ,peer
153,80,ماكينه قهوه اسبريسو - اصدار خاص,False,996.58,3.0,4.3,المنزل والمطبخ,peer
153,128,مكواه بخاريه احترافيه - اصدار خاص,False,664.23,1.8333333333333333,3.3,المنزل والمطبخ,peer
154,154,ثلاجه نوفروست 350 لتر - اصدار خاص,True,3786.85,4.333333333333333,3.9,المنزل والمطبخ,selected
154,130,ثلاجه نوفروست 350 لتر - اصدار خاص,False,3341.54,2.4545454545454546,4.5,المنزل والمطبخ,peer
154,178,مكيف هواء انفيرتر 18000 - اصدار خاص,False,3002.16,0.5714285714285714,3.6,المنزل والمطبخ,peer
154,23,ثلاجه نوفروست 350 لتر,False,3803.84,0.8846153846153846,3.7,المنزل والمطبخ,peer
154,162,ثلاجه نوفروست 350 لتر - اصدار خاص,False,2324.66,1.3333333333333333,3.4,المنزل والمطبخ,peer
154,134,ثلاجه نوفروست 350 لتر - اصدار خاص,False,3215.18,2.333333333333333,4.8,المنزل والمطبخ,peer
155,155,حذاء رياضي مريح - اصدار خاص,True,298.62,2.4285714285714284,2.7,الازياء والملابس,selected
155,184,حذاء رسمي جلد - اصدار خاص,False,617.48,2.0,2.9,الازياء والملابس,peer
155,169,فستان سهره انيق - اصدار خاص,False,452.68,1.173913043478261,3.1,الازياء والملابس,peer
155,83,فستان سهره انيق - اصدار خاص,False,584.83,2.6,3.4,الازياء والملابس,peer
155,11,قميص قطني كلاسيكي,False,73.96,4.142857142857143,3.2,الازياء والملابس,peer
155,73,فستان سهره انيق - اصدار خاص,False,249.37,1.85,3.4,الازياء والملابس,peer
156,156,قميص قطني كلاسيكي - اصدار خاص,True,131.66,1.4210526315789471,4.0,الازياء والملابس,selected
156,93,شال كشمير ناعم - اصدار خاص,False,304.48,3.1,3.8,الازياء والملابس,peer
156,158,فستان سهره انيق - اصدار خاص,False,655.51,0.6744186046511628,4.2,الازياء والملابس,peer
156,180,شال كشمير ناعم - اصدار خاص,False,279.71,0.6739130434782609,3.3,الازياء والملابس,peer
156,100,حقيبه يد جلديه - اصدار خاص,False,418.81,1.9230769230769231,4.3,الازياء والملابس,peer
156,166,فستان سهره انيق - اصدار خاص,False,184.75,1.6842105263157894,3.8,الازياء والملابس,peer
157,157,جهاز قياس ضغط الدم - اصدار خاص,True,278.2,1.9166666666666667,4.7,الرياضه واللياقه,selected
157,123,عداد خطوات ذكي - اصدار خاص,False,140.92,2.0,4.2,الرياضه واللياقه,peer
157,114,حقيبه رياضيه جيم - اصدار خاص,False,246.79,1.5909090909090908,4.3,الرياضه واللياقه,peer
157,146,اوزان حديد طقم 20 كيلو - اصدار خاص,False,323.76,0.8695652173913043,3.4,الرياضه واللياقه,peer
157,105,حقيبه رياضيه جيم - اصدار خاص,False,250.27,2.4,4.6,الرياضه واللياقه,peer
157,148,حذاء جري احترافي - اصدار خاص,False,658.67,3.2,4.3,الرياضه واللياقه,peer
158,158,فستان سهره انيق - اصدار خاص,True,655.51,0.6744186046511628,4.2,الازياء والملابس,selected
158,100,حقيبه يد جلديه - اصدار خاص,False,418.81,1.9230769230769231,4.3,الازياء والملابس,peer
158,156,قميص قطني كلاسيكي - اصدار خاص,False,131.66,1.4210526315789471,4.0,الازياء والملابس,peer
158,166,فستان سهره انيق - اصدار خاص,False,184.75,1.6842105263157894,3.8,الازياء والملابس,peer
158,198,حقيبه يد جلديه - اصدار خاص,False,440.15,3.25,4.5,الازياء والملابس,peer
158,93,شال كشمير ناعم - اصدار خاص,False,304.48,3.1,3.8,الازياء والملابس,peer
159,159,حصيره يوغا مضاده للانزلاق - اصدار خاص,True,132.33,2.7,3.8,الرياضه واللياقه,selected
159,139,حقيبه رياضيه جيم - اصدار خاص,False,351.69,1.411764705882353,3.6,الرياضه واللياقه,peer
159,71,حصيره يوغا مضاده للانزلاق - اصدار خاص,False,241.15,2.1818181818181817,3.9,الرياضه واللياقه,peer
159,86,لباس رياضي ضاغط - اصدار خاص,False,336.99,1.4705882352941178,4.3,الرياضه واللياقه,peer
159,110,جهاز قياس ضغط الدم - اصدار خاص,False,228.23,1.2272727272727273,4.0,الرياضه واللياقه,peer
159,165,حذاء جري احترافي - اصدار خاص,False,867.11,2.25,4.2,الرياضه واللياقه,peer
160,160,زيت ارغان طبيعي - اصدار خاص,True,298.73,3.5,4.3,الجمال والعنايه,selected
160,143,عطر رجالي عودي - اصدار خاص,False,602.95,1.4782608695652173,4.8,الجمال والعنايه,peer
160,187,عطر رجالي عودي - اصدار خاص,False,521.01,2.2,4.5,الجمال والعنايه,peer
160,64,عطر رجالي عودي - اصدار خاص,False,578.73,1.0,3.5,الجمال والعنايه,peer
160,104,قناع وجه كولاجين - اصدار خاص,False,146.34,3.1,3.0,الجمال والعنايه,peer
160,40,مزيل عرق رول اون,False,36.51,0.8181818181818182,4.5,الجمال والعنايه,peer
161,161,شاحن لاسلكي سريع - اصدار خاص,True,280.14,1.6875,2.5,الالكترونيات,selected
161,142,مكبر صوت بلوتوث - اصدار خاص,False,243.55,1.5263157894736843,2.9,الالكترونيات,peer
161,68,تابلت 10 انش - اصدار خاص,False,1081.84,1.8125,2.6,الالكترونيات,peer
161,75,تابلت 10 انش - اصدار خاص,False,670.09,1.9444444444444444,3.0,الالكترونيات,peer
161,115,شاحن لاسلكي سريع - اصدار خاص,False,131.51,1.75,3.6,الالكترونيات,peer
161,141,ساعه ذكيه سبورت - اصدار خاص,False,449.82,0.8181818181818182,3.4,الالكترونيات,peer
162,162,ثلاجه نوفروست 350 لتر - اصدار خاص,True,2324.66,1.3333333333333333,3.4,المنزل والمطبخ,selected
162,85,ماكينه قهوه اسبريسو - اصدار خاص,False,1742.75,1.7142857142857142,2.6,المنزل والمطبخ,peer
162,119,ماكينه قهوه اسبريسو - اصدار خاص,False,1350.85,0.7714285714285715,3.7,المنزل والمطبخ,peer
162,130,ثلاجه نوفروست 350 لتر - اصدار خاص,False,3341.54,2.4545454545454546,4.5,المنزل والمطبخ,peer
162,176,فرن كهربايي 60 لتر - اصدار خاص,False,1269.55,0.3725490196078431,4.2,المنزل والمطبخ,peer
162,178,مكيف هواء انفيرتر 18000 - اصدار خاص,False,3002.16,0.5714285714285714,3.6,المنزل والمطبخ,peer
163,163,دوره برمجه اكاديميه USB - اصدار خاص,True,417.18,3.0,3.7,الكتب والتعليم,selected
163,196,اطلس العالم المصور - اصدار خاص,False,211.44,1.2941176470588236,3.5,الكتب والتعليم,peer
163,193,مجموعه كتب الطفل التعليميه - اصدار خاص,False,256.05,0.6071428571428571,3.4,الكتب والتعليم,peer
163,77,دوره برمجه اكاديميه USB - اصدار خاص,False,193.57,0.6923076923076923,3.4,الكتب والتعليم,peer
163,92,موسوعه التاريخ الاسلامي - اصدار خاص,False,182.48,1.5238095238095235,3.8,الكتب والتعليم,peer
163,151,كتاب تطوير الذات والتحفيز - اصدار خاص,False,71.91,1.8571428571428568,3.2,الكتب والتعليم,peer
164,164,حقيبه يد جلديه - اصدار خاص,True,297.97,0.6923076923076923,3.9,الازياء والملابس,selected
164,66,قميص قطني كلاسيكي - اصدار خاص,False,234.31,3.333333333333333,3.7,الازياء والملابس,peer
164,121,حذاء رياضي مريح - اصدار خاص,False,279.43,4.0,4.3,الازياء والملابس,peer
164,12,فستان سهره انيق,False,378.07,2.5,4.2,الازياء والملابس,peer
164,100,حقيبه يد جلديه - اصدار خاص,False,418.81,1.9230769230769231,4.3,الازياء والملابس,peer
164,198,حقيبه يد جلديه - اصدار خاص,False,440.15,3.25,4.5,الازياء والملابس,peer
165,165,حذاء جري احترافي - اصدار خاص,True,867.11,2.25,4.2,الرياضه واللياقه,selected
165,139,حقيبه رياضيه جيم - اصدار خاص,False,351.69,1.411764705882353,3.6,الرياضه واللياقه,peer
165,71,حصيره يوغا مضاده للانزلاق - اصدار خاص,False,241.15,2.1818181818181817,3.9,الرياضه واللياقه,peer
165,86,لباس رياضي ضاغط - اصدار خاص,False,336.99,1.4705882352941178,4.3,الرياضه واللياقه,peer
165,98,اوزان حديد طقم 20 كيلو - اصدار خاص,False,449.02,2.363636363636364,4.1,الرياضه واللياقه,peer
165,49,جهاز قياس ضغط الدم,False,247.85,1.0,4.5,الرياضه واللياقه,peer
166,166,فستان سهره انيق - اصدار خاص,True,184.75,1.6842105263157894,3.8,الازياء والملابس,selected
166,19,تيشيرت بولو قطن,False,195.42,2.1875,4.2,الازياء والملابس,peer
166,158,فستان سهره انيق - اصدار خاص,False,655.51,0.6744186046511628,4.2,الازياء والملابس,peer
166,156,قميص قطني كلاسيكي - اصدار خاص,False,131.66,1.4210526315789471,4.0,الازياء والملابس,peer
166,129,تيشيرت بولو قطن - اصدار خاص,False,94.56,2.5,4.5,الازياء والملابس,peer
166,100,حقيبه يد جلديه - اصدار خاص,False,418.81,1.9230769230769231,4.3,الازياء والملابس,peer
167,167,حقيبه رياضيه جيم - اصدار خاص,True,104.4,1.4444444444444444,3.8,الرياضه واللياقه,selected
167,45,كره قدم رسميه فيفا,False,207.67,0.4909090909090909,4.9,الرياضه واللياقه,peer
167,148,حذاء جري احترافي - اصدار خاص,False,658.67,3.2,4.3,الرياضه واللياقه,peer
167,173,حذاء جري احترافي - اصدار خاص,False,426.85,3.375,4.7,الرياضه واللياقه,peer
167,123,عداد خطوات ذكي - اصدار خاص,False,140.92,2.0,4.2,الرياضه واللياقه,peer
167,117,حصيره يوغا مضاده للانزلاق - اصدار خاص,False,159.84,1.2083333333333333,3.3,الرياضه واللياقه,peer
168,168,مجموعه سكاكين مطبخ - اصدار خاص,True,126.51,0.6875,4.5,المنزل والمطبخ,selected
168,24,مكنسه كهرباييه لاسلكيه,False,362.63,1.0769230769230769,4.5,المنزل والمطبخ,peer
168,61,فرن كهربايي 60 لتر - اصدار خاص,False,1462.89,2.090909090909091,4.5,المنزل والمطبخ,peer
168,80,ماكينه قهوه اسبريسو - اصدار خاص,False,996.58,3.0,4.3,المنزل والمطبخ,peer
168,136,فرن كهربايي 60 لتر - اصدار خاص,False,1233.09,1.0,4.5,المنزل والمطبخ,peer
168,170,فرن كهربايي 60 لتر - اصدار خاص,False,810.36,3.0,3.5,المنزل والمطبخ,peer
169,169,فستان سهره انيق - اصدار خاص,True,452.68,1.173913043478261,3.1,الازياء والملابس,selected
169,83,فستان سهره انيق - اصدار خاص,False,584.83,2.6,3.4,الازياء والملابس,peer
169,73,فستان سهره انيق - اصدار خاص,False,249.37,1.85,3.4,الازياء والملابس,peer
169,155,حذاء رياضي مريح - اصدار خاص,False,298.62,2.4285714285714284,2.7,الازياء والملابس,peer
169,17,شال كشمير ناعم,False,281.04,1.7142857142857142,3.7,الازياء والملابس,peer
169,66,قميص قطني كلاسيكي - اصدار خاص,False,234.31,3.333333333333333,3.7,الازياء والملابس,peer
170,170,فرن كهربايي 60 لتر - اصدار خاص,True,810.36,3.0,3.5,المنزل والمطبخ,selected
170,61,فرن كهربايي 60 لتر - اصدار خاص,False,1462.89,2.090909090909091,4.5,المنزل والمطبخ,peer
170,153,فرن كهربايي 60 لتر - اصدار خاص,False,564.14,1.7058823529411764,3.4,المنزل والمطبخ,peer
170,197,مكيف هواء انفيرتر 18000 - اصدار خاص,False,1440.46,0.9545454545454546,3.5,المنزل والمطبخ,peer
170,168,مجموعه سكاكين مطبخ - اصدار خاص,False,126.51,0.6875,4.5,المنزل والمطبخ,peer
170,24,مكنسه كهرباييه لاسلكيه,False,362.63,1.0769230769230769,4.5,المنزل والمطبخ,peer
171,171,موسوعه التاريخ الاسلامي - اصدار خاص,True,100.57,1.318181818181818,3.4,الكتب والتعليم,selected
171,186,كتاب الطبخ العربي التقليدي - اصدار خاص,False,109.52,1.037037037037037,2.8,الكتب والتعليم,peer
171,99,مجموعه كتب الطفل التعليميه - اصدار خاص,False,185.24,2.083333333333333,4.2,الكتب والتعليم,peer
171,144,كتاب تطوير الذات والتحفيز - اصدار خاص,False,91.59,1.2173913043478262,3.4,الكتب والتعليم,peer
171,77,دوره برمجه اكاديميه USB - اصدار خاص,False,193.57,0.6923076923076923,3.4,الكتب والتعليم,peer
171,89,كتاب رياده الاعمال والنجاح - اصدار خاص,False,73.16,1.1428571428571428,2.8,الكتب والتعليم,peer
172,172,كتاب رياده الاعمال والنجاح - اصدار خاص,True,72.49,0.6304347826086957,3.6,الكتب والتعليم,selected
172,175,مجموعه كتب الطفل التعليميه - اصدار خاص,False,152.85,0.6808510638297872,3.9,الكتب والتعليم,peer
172,92,موسوعه التاريخ الاسلامي - اصدار خاص,False,182.48,1.5238095238095235,3.8,الكتب والتعليم,peer
172,193,مجموعه كتب الطفل التعليميه - اصدار خاص,False,256.05,0.6071428571428571,3.4,الكتب والتعليم,peer
172,120,روايه عربيه بيست سيلر - اصدار خاص,False,37.31,2.9285714285714284,4.2,الكتب والتعليم,peer
172,163,دوره برمجه اكاديميه USB - اصدار خاص,False,417.18,3.0,3.7,الكتب والتعليم,peer
173,173,حذاء جري احترافي - اصدار خاص,True,426.85,3.375,4.7,الرياضه واللياقه,selected
173,123,عداد خطوات ذكي - اصدار خاص,False,140.92,2.0,4.2,الرياضه واللياقه,peer
173,45,كره قدم رسميه فيفا,False,207.67,0.4909090909090909,4.9,الرياضه واللياقه,peer
173,86,لباس رياضي ضاغط - اصدار خاص,False,336.99,1.4705882352941178,4.3,الرياضه واللياقه,peer
173,157,جهاز قياس ضغط الدم - اصدار خاص,False,278.2,1.9166666666666667,4.7,الرياضه واللياقه,peer
173,167,حقيبه رياضيه جيم - اصدار خاص,False,104.4,1.4444444444444444,3.8,الرياضه واللياقه,peer
174,174,تابلت 10 انش - اصدار خاص,True,886.97,2.4545454545454546,4.6,الالكترونيات,selected
174,126,شاحن لاسلكي سريع - اصدار خاص,False,224.49,0.7,4.3,الالكترونيات,peer
174,97,هاتف ذكي برو ماكس - اصدار خاص,False,1968.21,1.9166666666666667,4.1,الالكترونيات,peer
174,5,تابلت 10 انش,False,1043.64,1.6875,5.0,الالكترونيات,peer
174,75,تابلت 10 انش - اصدار خاص,False,670.09,1.9444444444444444,3.0,الالكترونيات,peer
174,115,شاحن لاسلكي سريع - اصدار خاص,False,131.51,1.75,3.6,الالكترونيات,peer
175,175,مجموعه كتب الطفل التعليميه - اصدار خاص,True,152.85,0.6808510638297872,3.9,الكتب والتعليم,selected
175,172,كتاب رياده الاعمال والنجاح - اصدار خاص,False,72.49,0.6304347826086957,3.6,الكتب والتعليم,peer
175,92,موسوعه التاريخ الاسلامي - اصدار خاص,False,182.48,1.5238095238095235,3.8,الكتب والتعليم,peer
175,120,روايه عربيه بيست سيلر - اصدار خاص,False,37.31,2.9285714285714284,4.2,الكتب والتعليم,peer
175,193,مجموعه كتب الطفل التعليميه - اصدار خاص,False,256.05,0.6071428571428571,3.4,الكتب والتعليم,peer
175,59,كتاب تطوير الذات والتحفيز,False,88.07,3.2,4.5,الكتب والتعليم,peer
176,176,فرن كهربايي 60 لتر - اصدار خاص,True,1269.55,0.3725490196078431,4.2,المنزل والمطبخ,selected
176,136,فرن كهربايي 60 لتر - اصدار خاص,False,1233.09,1.0,4.5,المنزل والمطبخ,peer
176,119,ماكينه قهوه اسبريسو - اصدار خاص,False,1350.85,0.7714285714285715,3.7,المنزل والمطبخ,peer
176,162,ثلاجه نوفروست 350 لتر - اصدار خاص,False,2324.66,1.3333333333333333,3.4,المنزل والمطبخ,peer
176,111,مكواه بخاريه احترافيه - اصدار خاص,False,453.66,3.125,3.8,المنزل والمطبخ,peer
176,82,مجموعه سكاكين مطبخ - اصدار خاص,False,482.06,3.0,2.9,المنزل والمطبخ,peer
177,177,لابتوب الترا سليم - اصدار خاص,True,3544.65,2.7777777777777777,2.7,الالكترونيات,selected
177,69,لابتوب الترا سليم - اصدار خاص,False,5185.33,1.6875,2.5,الالكترونيات,peer
177,107,كاميرا ميرورليس - اصدار خاص,False,5057.62,2.8,3.2,الالكترونيات,peer
177,124,كاميرا ميرورليس - اصدار خاص,False,4869.43,0.5434782608695652,2.8,الالكترونيات,peer
177,108,كاميرا ميرورليس - اصدار خاص,False,5179.59,1.7894736842105263,3.3,الالكترونيات,peer
177,102,تابلت 10 انش - اصدار خاص,False,1982.66,1.2105263157894737,3.5,الالكترونيات,peer
178,178,مكيف هواء انفيرتر 18000 - اصدار خاص,True,3002.16,0.5714285714285714,3.6,المنزل والمطبخ,selected
178,134,ثلاجه نوفروست 350 لتر - اصدار خاص,False,3215.18,2.333333333333333,4.8,المنزل والمطبخ,peer
178,154,ثلاجه نوفروست 350 لتر - اصدار خاص,False,3786.85,4.333333333333333,3.9,المنزل والمطبخ,peer
178,162,ثلاجه نوفروست 350 لتر - اصدار خاص,False,2324.66,1.3333333333333333,3.4,المنزل والمطبخ,peer
178,191,غساله اوتوماتيك 8 كيلو - اصدار خاص,False,2178.66,1.0,2.8,المنزل والمطبخ,peer
178,130,ثلاجه نوفروست 350 لتر - اصدار خاص,False,3341.54,2.4545454545454546,4.5,المنزل والمطبخ,peer
179,179,مجموعه عنايه بالشعر - اصدار خاص,True,148.28,5.166666666666667,4.0,الجمال والعنايه,selected
179,116,قناع وجه كولاجين - اصدار خاص,False,136.01,1.4166666666666667,4.3,الجمال والعنايه,peer
179,187,عطر رجالي عودي - اصدار خاص,False,521.01,2.2,4.5,الجمال والعنايه,peer
179,149,طقم مكياج احترافي - اصدار خاص,False,652.63,3.2,4.4,الجمال والعنايه,peer
179,39,قناع وجه كولاجين,False,51.31,13.95,3.5,الجمال والعنايه,peer
179,143,عطر رجالي عودي - اصدار خاص,False,602.95,1.4782608695652173,4.8,الجمال والعنايه,peer
180,180,شال كشمير ناعم - اصدار خاص,True,279.71,0.6739130434782609,3.3,الازياء والملابس,selected
180,93,شال كشمير ناعم - اصدار خاص,False,304.48,3.1,3.8,الازياء والملابس,peer
180,156,قميص قطني كلاسيكي - اصدار خاص,False,131.66,1.4210526315789471,4.0,الازياء والملابس,peer
180,125,شال كشمير ناعم - اصدار خاص,False,208.91,1.2777777777777777,3.0,الازياء والملابس,peer
180,11,قميص قطني كلاسيكي,False,73.96,4.142857142857143,3.2,الازياء والملابس,peer
180,155,حذاء رياضي مريح - اصدار خاص,False,298.62,2.4285714285714284,2.7,الازياء والملابس,peer
181,181,عطر رجالي عودي - اصدار خاص,True,353.61,2.2,2.7,الجمال والعنايه,selected
181,109,قناع وجه كولاجين - اصدار خاص,False,44.98,4.428571428571429,2.8,الجمال والعنايه,peer
181,87,طقم مكياج احترافي - اصدار خاص,False,281.44,0.5454545454545454,2.7,الجمال والعنايه,peer
181,34,طقم مكياج احترافي,False,269.1,10.45945945945946,3.0,الجمال والعنايه,peer
181,64,عطر رجالي عودي - اصدار خاص,False,578.73,1.0,3.5,الجمال والعنايه,peer
181,72,كريم مرطب SPF 50 - اصدار خاص,False,295.83,2.8,3.1,الجمال والعنايه,peer
182,182,سيروم فيتامين سي - اصدار خاص,True,190.33,2.1538461538461537,3.9,الجمال والعنايه,selected
182,78,عطر رجالي عودي - اصدار خاص,False,637.27,2.4166666666666665,3.7,الجمال والعنايه,peer
182,183,كريم مرطب SPF 50 - اصدار خاص,False,171.04,0.4074074074074074,4.4,الجمال والعنايه,peer
182,109,قناع وجه كولاجين - اصدار خاص,False,44.98,4.428571428571429,2.8,الجمال والعنايه,peer
182,40,مزيل عرق رول اون,False,36.51,0.8181818181818182,4.5,الجمال والعنايه,peer
182,64,عطر رجالي عودي - اصدار خاص,False,578.73,1.0,3.5,الجمال والعنايه,peer
183,183,كريم مرطب SPF 50 - اصدار خاص,True,171.04,0.4074074074074074,4.4,الجمال والعنايه,selected
183,182,سيروم فيتامين سي - اصدار خاص,False,190.33,2.1538461538461537,3.9,الجمال والعنايه,peer
183,40,مزيل عرق رول اون,False,36.51,0.8181818181818182,4.5,الجمال والعنايه,peer
183,78,عطر رجالي عودي - اصدار خاص,False,637.27,2.4166666666666665,3.7,الجمال والعنايه,peer
183,72,كريم مرطب SPF 50 - اصدار خاص,False,295.83,2.8,3.1,الجمال والعنايه,peer
183,160,زيت ارغان طبيعي - اصدار خاص,False,298.73,3.5,4.3,الجمال والعنايه,peer
184,184,حذاء رسمي جلد - اصدار خاص,True,617.48,2.0,2.9,الازياء والملابس,selected
184,155,حذاء رياضي مريح - اصدار خاص,False,298.62,2.4285714285714284,2.7,الازياء والملابس,peer
184,103,بنطلون جينز سليم فيت - اصدار خاص,False,398.87,3.272727272727273,3.7,الازياء والملابس,peer
184,11,قميص قطني كلاسيكي,False,73.96,4.142857142857143,3.2,الازياء والملابس,peer
184,169,فستان سهره انيق - اصدار خاص,False,452.68,1.173913043478261,3.1,الازياء والملابس,peer
184,83,فستان سهره انيق - اصدار خاص,False,584.83,2.6,3.4,الازياء والملابس,peer
185,185,سماعات لاسلكيه - اصدار خاص,True,329.38,0.7894736842105263,3.2,الالكترونيات,selected
185,137,راوتر واي فاي 6 - اصدار خاص,False,593.31,1.181818181818182,3.4,الالكترونيات,peer
185,194,ساعه ذكيه سبورت - اصدار خاص,False,582.97,1.9,4.0,الالكترونيات,peer
185,102,تابلت 10 انش - اصدار خاص,False,1982.66,1.2105263157894737,3.5,الالكترونيات,peer
185,115,شاحن لاسلكي سريع - اصدار خاص,False,131.51,1.75,3.6,الالكترونيات,peer
185,7,كاميرا ميرورليس,False,2063.12,1.5714285714285714,3.5,الالكترونيات,peer
186,186,كتاب الطبخ العربي التقليدي - اصدار خاص,True,109.52,1.037037037037037,2.8,الكتب والتعليم,selected
186,171,موسوعه التاريخ الاسلامي - اصدار خاص,False,100.57,1.318181818181818,3.4,الكتب والتعليم,peer
186,193,مجموعه كتب الطفل التعليميه - اصدار خاص,False,256.05,0.6071428571428571,3.4,الكتب والتعليم,peer
186,151,كتاب تطوير الذات والتحفيز - اصدار خاص,False,71.91,1.8571428571428568,3.2,الكتب والتعليم,peer
186,196,اطلس العالم المصور - اصدار خاص,False,211.44,1.2941176470588236,3.5,الكتب والتعليم,peer
186,99,مجموعه كتب الطفل التعليميه - اصدار خاص,False,185.24,2.083333333333333,4.2,الكتب والتعليم,peer
187,187,عطر رجالي عودي - اصدار خاص,True,521.01,2.2,4.5,الجمال والعنايه,selected
187,143,عطر رجالي عودي - اصدار خاص,False,602.95,1.4782608695652173,4.8,الجمال والعنايه,peer
187,116,قناع وجه كولاجين - اصدار خاص,False,136.01,1.4166666666666667,4.3,الجمال والعنايه,peer
187,179,مجموعه عنايه بالشعر - اصدار خاص,False,148.28,5.166666666666667,4.0,الجمال والعنايه,peer
187,149,طقم مكياج احترافي - اصدار خاص,False,652.63,3.2,4.4,الجمال والعنايه,peer
187,160,زيت ارغان طبيعي - اصدار خاص,False,298.73,3.5,4.3,الجمال والعنايه,peer
188,188,جهاز مشي كهربايي - اصدار خاص,True,2599.64,1.2916666666666667,4.9,الرياضه واللياقه,selected
188,148,حذاء جري احترافي - اصدار خاص,False,658.67,3.2,4.3,الرياضه واللياقه,peer
188,45,كره قدم رسميه فيفا,False,207.67,0.4909090909090909,4.9,الرياضه واللياقه,peer
188,96,دراجه هواييه جبليه - اصدار خاص,False,2249.21,0.627906976744186,4.3,الرياضه واللياقه,peer
188,157,جهاز قياس ضغط الدم - اصدار خاص,False,278.2,1.9166666666666667,4.7,الرياضه واللياقه,peer
188,138,جهاز مشي كهربايي - اصدار خاص,False,2075.88,5.857142857142857,4.6,الرياضه واللياقه,peer
189,189,مزيل عرق رول اون - اصدار خاص,True,46.18,0.6,3.2,الجمال والعنايه,selected
189,132,عطر رجالي عودي - اصدار خاص,False,284.92,3.875,3.5,الجمال والعنايه,peer
189,199,زيت ارغان طبيعي - اصدار خاص,False,107.47,1.2857142857142858,2.6,الجمال والعنايه,peer
189,122,طقم مكياج احترافي - اصدار خاص,False,696.77,2.083333333333333,3.2,الجمال والعنايه,peer
189,104,قناع وجه كولاجين - اصدار خاص,False,146.34,3.1,3.0,الجمال والعنايه,peer
189,149,طقم مكياج احترافي - اصدار خاص,False,652.63,3.2,4.4,الجمال والعنايه,peer
190,190,حذاء رسمي جلد - اصدار خاص,True,615.39,4.25,3.9,الازياء والملابس,selected
190,121,حذاء رياضي مريح - اصدار خاص,False,279.43,4.0,4.3,الازياء والملابس,peer
190,20,حذاء رسمي جلد,False,600.91,2.909090909090909,3.4,الازياء والملابس,peer
190,164,حقيبه يد جلديه - اصدار خاص,False,297.97,0.6923076923076923,3.9,الازياء والملابس,peer
190,129,تيشيرت بولو قطن - اصدار خاص,False,94.56,2.5,4.5,الازياء والملابس,peer
190,13,بنطلون جينز سليم فيت,False,342.07,0.85,3.2,الازياء والملابس,peer
191,191,غساله اوتوماتيك 8 كيلو - اصدار خاص,True,2178.66,1.0,2.8,المنزل والمطبخ,selected
191,178,مكيف هواء انفيرتر 18000 - اصدار خاص,False,3002.16,0.5714285714285714,3.6,المنزل والمطبخ,peer
191,85,ماكينه قهوه اسبريسو - اصدار خاص,False,1742.75,1.7142857142857142,2.6,المنزل والمطبخ,peer
191,153,فرن كهربايي 60 لتر - اصدار خاص,False,564.14,1.7058823529411764,3.4,المنزل والمطبخ,peer
191,170,فرن كهربايي 60 لتر - اصدار خاص,False,810.36,3.0,3.5,المنزل والمطبخ,peer
191,162,ثلاجه نوفروست 350 لتر - اصدار خاص,False,2324.66,1.3333333333333333,3.4,المنزل والمطبخ,peer
192,192,مجموعه كتب الطفل التعليميه - اصدار خاص,True,105.53,2.363636363636364,5.0,الكتب والتعليم,selected
192,59,كتاب تطوير الذات والتحفيز,False,88.07,3.2,4.5,الكتب والتعليم,peer
192,200,موسوعه التاريخ الاسلامي - اصدار خاص,False,284.58,3.7777777777777777,4.4,الكتب والتعليم,peer
192,150,اطلس العالم المصور - اصدار خاص,False,244.37,0.5,4.4,الكتب والتعليم,peer
192,145,قاموس عربي انجليزي شامل - اصدار خاص,False,165.87,2.05,4.9,الكتب والتعليم,peer
192,74,كتاب الطبخ العربي التقليدي - اصدار خاص,False,132.13,0.4354838709677419,4.5,الكتب والتعليم,peer
193,193,مجموعه كتب الطفل التعليميه - اصدار خاص,True,256.05,0.6071428571428571,3.4,الكتب والتعليم,selected
193,151,كتاب تطوير الذات والتحفيز - اصدار خاص,False,71.91,1.8571428571428568,3.2,الكتب والتعليم,peer
193,92,موسوعه التاريخ الاسلامي - اصدار خاص,False,182.48,1.5238095238095235,3.8,الكتب والتعليم,peer
193,196,اطلس العالم المصور - اصدار خاص,False,211.44,1.2941176470588236,3.5,الكتب والتعليم,peer
193,163,دوره برمجه اكاديميه USB - اصدار خاص,False,417.18,3.0,3.7,الكتب والتعليم,peer
193,77,دوره برمجه اكاديميه USB - اصدار خاص,False,193.57,0.6923076923076923,3.4,الكتب والتعليم,peer
194,194,ساعه ذكيه سبورت - اصدار خاص,True,582.97,1.9,4.0,الالكترونيات,selected
194,90,شاشه 4K 27 انش - اصدار خاص,False,2115.26,2.3,5.0,الالكترونيات,peer
194,7,كاميرا ميرورليس,False,2063.12,1.5714285714285714,3.5,الالكترونيات,peer
194,185,سماعات لاسلكيه - اصدار خاص,False,329.38,0.7894736842105263,3.2,الالكترونيات,peer
194,102,تابلت 10 انش - اصدار خاص,False,1982.66,1.2105263157894737,3.5,الالكترونيات,peer
194,81,شاشه 4K 27 انش - اصدار خاص,False,1613.84,2.071428571428572,5.0,الالكترونيات,peer
195,195,فرن كهربايي 60 لتر - اصدار خاص,True,411.6,2.0,3.1,المنزل والمطبخ,selected
195,153,فرن كهربايي 60 لتر - اصدار خاص,False,564.14,1.7058823529411764,3.4,المنزل والمطبخ,peer
195,128,مكواه بخاريه احترافيه - اصدار خاص,False,664.23,1.8333333333333333,3.3,المنزل والمطبخ,peer
195,80,ماكينه قهوه اسبريسو - اصدار خاص,False,996.58,3.0,4.3,المنزل والمطبخ,peer
195,170,فرن كهربايي 60 لتر - اصدار خاص,False,810.36,3.0,3.5,المنزل والمطبخ,peer
195,101,مجموعه سكاكين مطبخ - اصدار خاص,False,241.26,3.0,3.7,المنزل والمطبخ,peer
196,196,اطلس العالم المصور - اصدار خاص,True,211.44,1.2941176470588236,3.5,الكتب والتعليم,selected
196,151,كتاب تطوير الذات والتحفيز - اصدار خاص,False,71.91,1.8571428571428568,3.2,الكتب والتعليم,peer
196,163,دوره برمجه اكاديميه USB - اصدار خاص,False,417.18,3.0,3.7,الكتب والتعليم,peer
196,193,مجموعه كتب الطفل التعليميه - اصدار خاص,False,256.05,0.6071428571428571,3.4,الكتب والتعليم,peer
196,77,دوره برمجه اكاديميه USB - اصدار خاص,False,193.57,0.6923076923076923,3.4,الكتب والتعليم,peer
196,120,روايه عربيه بيست سيلر - اصدار خاص,False,37.31,2.9285714285714284,4.2,الكتب والتعليم,peer
197,197,مكيف هواء انفيرتر 18000 - اصدار خاص,True,1440.46,0.9545454545454546,3.5,المنزل والمطبخ,selected
197,70,فرن كهربايي 60 لتر - اصدار خاص,False,1076.29,1.181818181818182,3.1,المنزل والمطبخ,peer
197,136,فرن كهربايي 60 لتر - اصدار خاص,False,1233.09,1.0,4.5,المنزل والمطبخ,peer
197,119,ماكينه قهوه اسبريسو - اصدار خاص,False,1350.85,0.7714285714285715,3.7,المنزل والمطبخ,peer
197,162,ثلاجه نوفروست 350 لتر - اصدار خاص,False,2324.66,1.3333333333333333,3.4,المنزل والمطبخ,peer
197,61,فرن كهربايي 60 لتر - اصدار خاص,False,1462.89,2.090909090909091,4.5,المنزل والمطبخ,peer
198,198,حقيبه يد جلديه - اصدار خاص,True,440.15,3.25,4.5,الازياء والملابس,selected
198,100,حقيبه يد جلديه - اصدار خاص,False,418.81,1.9230769230769231,4.3,الازياء والملابس,peer
198,121,حذاء رياضي مريح - اصدار خاص,False,279.43,4.0,4.3,الازياء والملابس,peer
198,158,فستان سهره انيق - اصدار خاص,False,655.51,0.6744186046511628,4.2,الازياء والملابس,peer
198,12,فستان سهره انيق,False,378.07,2.5,4.2,الازياء والملابس,peer
198,164,حقيبه يد جلديه - اصدار خاص,False,297.97,0.6923076923076923,3.9,الازياء والملابس,peer
199,199,زيت ارغان طبيعي - اصدار خاص,True,107.47,1.2857142857142858,2.6,الجمال والعنايه,selected
199,104,قناع وجه كولاجين - اصدار خاص,False,146.34,3.1,3.0,الجمال والعنايه,peer
199,189,مزيل عرق رول اون - اصدار خاص,False,46.18,0.6,3.2,الجمال والعنايه,peer
199,132,عطر رجالي عودي - اصدار خاص,False,284.92,3.875,3.5,الجمال والعنايه,peer
199,181,عطر رجالي عودي - اصدار خاص,False,353.61,2.2,2.7,الجمال والعنايه,peer
199,160,زيت ارغان طبيعي - اصدار خاص,False,298.73,3.5,4.3,الجمال والعنايه,peer
200,200,موسوعه التاريخ الاسلامي - اصدار خاص,True,284.58,3.7777777777777777,4.4,الكتب والتعليم,selected
200,84,كتاب الطبخ العربي التقليدي - اصدار خاص,False,98.36,5.8,4.4,الكتب والتعليم,peer
200,59,كتاب تطوير الذات والتحفيز,False,88.07,3.2,4.5,الكتب والتعليم,peer
200,150,اطلس العالم المصور - اصدار خاص,False,244.37,0.5,4.4,الكتب والتعليم,peer
200,175,مجموعه كتب الطفل التعليميه - اصدار خاص,False,152.85,0.6808510638297872,3.9,الكتب والتعليم,peer
200,55,روايه عربيه بيست سيلر,False,41.52,2.2666666666666666,5.0,الكتب والتعليم,peer
