product_id,name,display_name,category,subcategory,brand,price,description_length,description_length_words,description_length_chars,image_count,number_of_images,image_url,has_image,category_code,rating,review_count,product_age_days,created_at,name_diag,display_name_diag,category_diag,subcategory_diag,brand_diag,price_diag,image_url_diag,has_image_diag,view,cart,purchase,purchase_signal,views,cart_adds,total_orders,carts,purchases,unique_viewers,unique_cart_users,event_unique_buyers,order_unique_buyers,unique_buyers_raw,unique_cart_users_bounded,unique_buyers,sales_without_view_signal_flag,revenue,ordered_quantity,purchase_orders,view_to_cart_rate,cart_to_purchase_rate,view_to_purchase_rate,cart_abandon_rate,cart_rate,purchase_conversion_rate,cart_abandonment_rate,product_class,z_score,z_composite_score,priority_rank,rank_within_class_best,action_priority,conversion_rate,category_avg_conversion,category_median_conversion,category_avg_views,relative_conversion_vs_category,insufficient_views_flag,insufficient_purchases_flag,insufficient_cart_data_flag,confidence_level,insufficient_data_flag,low_visibility_flag,high_abandonment_flag,low_conversion_flag,low_engagement_flag,diagnostic_status_label,diagnostic_status_sub_label,diagnostic_reason_short,diagnostic_reason,rating_diag,review_count_diag,product_age_days_diag,description_length_diag,description_length_words_diag,description_length_chars_diag,number_of_images_diag,total_sales_value,unique_order_count,avg_review_rating,total_views,total_cart_adds,total_event_purchases,analysis_start_date,analysis_end_date,description_content,desc_quality_score,brand_strength,similarity_cluster,cluster_size,cluster_avg_price,cluster_median_price,cluster_avg_rating,cluster_avg_images,cluster_median_images,cluster_avg_desc_words,cluster_median_desc_words,cluster_avg_review_count,cluster_median_review_count,cluster_avg_product_age,cluster_median_product_age,cluster_avg_brand_strength,cluster_dominant_category,price_high_flag,weak_brand_flag,category_mismatch_flag,low_rating_flag,low_visual_support_flag,short_description_flag,low_review_trust_flag,too_new_product_flag,weakness_reason_codes,weakness_reason_text_ar,context_priority_score,peer_product_ids,peer_names,peer_avg_price,peer_avg_rating,peer_avg_conversion,top_similarity_score,top_peer_product_id,top_peer_name,price_gap_flag,rating_gap_flag,review_gap_flag,image_gap_flag,content_gap_flag,new_product_flag,category_context_flag,contextual_risk_score,contextual_weakness_reason,context_primary_gap,context_secondary_gap
1,هاتف ذكي برو ماكس,هاتف ذكي برو ماكس,الالكترونيات,unknown_subcategory,ابل,5429.43,70,12,70,4,4,,False,الالكترونيات,3.7,0,1239.0,2023-01-12 18:11:01,هاتف ذكي برو ماكس,هاتف ذكي برو ماكس,الالكترونيات,unknown_subcategory,ابل,5429.43,,False,9,4,0,371,9,4,0,4,9,9,4.0,0.0,254,254.0,4.0,9.0,False,2188060.29,403,371,0.4444444444444444,0.0,0.0,1.0,0.4444444444444444,41.22222222222222,1.0,Strong,1.7793339426272898,1.7793339426272898,2.0,2.0,2.0,0.0,7.961233440029987,1.9,20.12121212121212,5.177868797936787,True,False,False,High,False,True,False,False,False,قوي,انسحاب مرتفع بعد الإضافة للسلة,انسحاب مرتفع بعد الإضافة للسلة,المنتج يحقق أداء جيدًا مقارنة ببقية المنتجات.,3.7,0,1239.0,70,12,70,4,2188060.29,371,3.7,9,4,0,2024-01-01,2024-12-30,هاتف ذكي برو ماكس,0.0,0.5262419688323299,2,16,1155.68625,462.49,3.76875,4.4375,4.0,12.0625,12.0,0.0,0.0,1164.1875,1152.0,0.6120550016558437,الالكترونيات,1,0,0,0,0,0,1,0,"['price_high', 'low_review_trust']",السعر أعلى من المستوى المعتاد داخل المجموعة المنافسة | عدد المراجعات أقل من المنتجات المشابهة مما يضعف الثقة,2.5999999999999996,2|4|9|3|10,لابتوب الترا سليم|ساعه ذكيه سبورت|راوتر واي فاي 6|سماعات لاسلكيه|شاحن لاسلكي سريع,1809.154,4.0600000000000005,32.894289044289046,0.9277572046005328,2,لابتوب الترا سليم,True,False,True,False,False,False,True,2.6,السعر أعلى من المستوى المعتاد داخل المجموعة المنافسة | عدد المراجعات أقل من المنتجات المشابهة مما يضعف الثقة,pricing,trust
2,لابتوب الترا سليم,لابتوب الترا سليم,الالكترونيات,unknown_subcategory,شاومي,6856.93,75,13,75,2,2,,False,الالكترونيات,4.9,0,1122.0,2023-05-09 16:43:34,لابتوب الترا سليم,لابتوب الترا سليم,الالكترونيات,unknown_subcategory,شاومي,6856.93,,False,12,2,0,385,12,2,0,2,12,12,2.0,0.0,267,267.0,2.0,12.0,False,2969050.69,433,385,0.1666666666666666,0.0,0.0,1.0,0.1666666666666666,32.083333333333336,1.0,Strong,1.926085342831258,1.926085342831258,1.0,1.0,1.0,0.0,7.961233440029987,1.9,20.12121212121212,4.029945054997972,False,False,False,High,False,False,False,False,True,قوي,انسحاب مرتفع بعد الإضافة للسلة,انسحاب مرتفع بعد الإضافة للسلة,المنتج يحقق أداء جيدًا مقارنة ببقية المنتجات.,4.9,0,1122.0,75,13,75,2,2969050.69,385,4.9,12,2,0,2024-01-01,2024-12-30,لابتوب الترا سليم,0.0,0.6412657539712695,2,16,1155.68625,462.49,3.76875,4.4375,4.0,12.0625,12.0,0.0,0.0,1164.1875,1152.0,0.6120550016558437,الالكترونيات,1,0,0,0,1,0,1,0,"['price_high', 'low_visual_support', 'low_review_trust']",السعر أعلى من المستوى المعتاد داخل المجموعة المنافسة | الدعم البصري أضعف من المنافسين من حيث عدد الصور | عدد المراجعات أقل من المنتجات المشابهة مما يضعف الثقة,3.7,1|4|9|10|3,هاتف ذكي برو ماكس|ساعه ذكيه سبورت|راوتر واي فاي 6|شاحن لاسلكي سريع|سماعات لاسلكيه,1523.6540000000002,3.8200000000000003,34.72206682206682,0.9277572046005328,1,هاتف ذكي برو ماكس,True,False,True,True,False,False,True,3.7,السعر أعلى من المستوى المعتاد داخل المجموعة المنافسة | الدعم البصري أضعف من المنافسين من حيث عدد الصور | عدد المراجعات أقل من المنتجات المشابهة مما يضعف الثقة,pricing,trust
3,سماعات لاسلكيه,سماعات لاسلكيه,الالكترونيات,unknown_subcategory,سامسونج,182.88,75,11,75,8,8,,False,الالكترونيات,3.7,0,1141.0,2023-04-20 15:07:26,سماعات لاسلكيه,سماعات لاسلكيه,الالكترونيات,unknown_subcategory,سامسونج,182.88,,False,12,3,0,498,12,3,0,3,12,11,3.0,0.0,311,311.0,3.0,11.0,False,100584.0,550,498,0.25,0.0,0.0,1.0,0.25,45.27272727272727,1.0,Strong,1.2442129507867867,1.2442129507867867,7.0,7.0,7.0,0.0,7.961233440029987,1.9,20.12121212121212,5.686647378670101,False,False,False,High,False,False,False,False,True,قوي,انسحاب مرتفع بعد الإضافة للسلة,انسحاب مرتفع بعد الإضافة للسلة,المنتج يحقق أداء جيدًا مقارنة ببقية المنتجات.,3.7,0,1141.0,75,11,75,8,100584.0,498,3.7,12,3,0,2024-01-01,2024-12-30,سماعات لاسلكيه,0.030303030303030304,0.6503581790480685,2,16,1155.68625,462.49,3.76875,4.4375,4.0,12.0625,12.0,0.0,0.0,1164.1875,1152.0,0.6120550016558437,الالكترونيات,0,0,0,0,0,0,1,0,['low_review_trust'],عدد المراجعات أقل من المنتجات المشابهة مما يضعف الثقة,1.4,10|4|9|41|42,شاحن لاسلكي سريع|ساعه ذكيه سبورت|راوتر واي فاي 6|حذاء جري احترافي|لباس رياضي ضاغط,575.382,3.9200000000000004,33.48498168498168,0.9571621440890034,10,شاحن لاسلكي سريع,False,False,True,False,False,False,True,1.4,عدد المراجعات أقل من المنتجات المشابهة مما يضعف الثقة,trust,none
4,ساعه ذكيه سبورت,ساعه ذكيه سبورت,الالكترونيات,unknown_subcategory,شاومي,1045.02,76,12,76,4,4,,False,الالكترونيات,4.6,0,1100.0,2023-05-31 08:49:08,ساعه ذكيه سبورت,ساعه ذكيه سبورت,الالكترونيات,unknown_subcategory,شاومي,1045.02,,False,8,3,0,271,8,3,0,3,8,8,3.0,0.0,199,199.0,3.0,8.0,False,308280.9,295,271,0.375,0.0,0.0,1.0,0.375,33.875,1.0,Strong,0.6852821362427259,0.6852821362427259,14.0,14.0,14.0,0.0,7.961233440029987,1.9,20.12121212121212,4.254993934692664,True,False,False,High,False,True,False,False,True,قوي,انسحاب مرتفع بعد الإضافة للسلة,انسحاب مرتفع بعد الإضافة للسلة,المنتج يحقق أداء جيدًا مقارنة ببقية المنتجات.,4.6,0,1100.0,76,12,76,4,308280.9,271,4.6,8,3,0,2024-01-01,2024-12-30,ساعه ذكيه سبورت,0.0,0.6412657539712695,2,16,1155.68625,462.49,3.76875,4.4375,4.0,12.0625,12.0,0.0,0.0,1164.1875,1152.0,0.6120550016558437,الالكترونيات,1,0,0,0,0,0,1,0,"['price_high', 'low_review_trust']",السعر أعلى من المستوى المعتاد داخل المجموعة المنافسة | عدد المراجعات أقل من المنتجات المشابهة مما يضعف الثقة,2.5999999999999996,10|3|9|41|48,شاحن لاسلكي سريع|سماعات لاسلكيه|راوتر واي فاي 6|حذاء جري احترافي|حقيبه رياضيه جيم,445.996,3.9200000000000004,36.37441724941725,0.9486941991438075,10,شاحن لاسلكي سريع,True,False,True,False,False,False,True,2.6,السعر أعلى من المستوى المعتاد داخل المجموعة المنافسة | عدد المراجعات أقل من المنتجات المشابهة مما يضعف الثقة,pricing,trust
5,تابلت 10 انش,تابلت 10 انش,الالكترونيات,unknown_subcategory,سامسونج,1043.64,73,12,73,6,6,,False,الالكترونيات,5.0,0,1202.0,2023-02-18 16:07:59,تابلت 10 انش,تابلت 10 انش,الالكترونيات,unknown_subcategory,سامسونج,1043.64,,False,17,6,0,27,17,6,0,6,17,16,6.0,0.0,27,27.0,6.0,16.0,False,30265.560000000005,29,27,0.3529411764705882,0.0,0.0,1.0,0.3529411764705882,1.6875,1.0,Moderate,-0.2390945622328674,-0.2390945622328674,73.0,73.0,73.0,0.0,7.961233440029987,1.9,20.12121212121212,0.21196464250314,False,False,False,High,False,False,True,False,False,متوسط,انسحاب مرتفع بعد الإضافة للسلة,انسحاب مرتفع بعد الإضافة للسلة,هناك اهتمام واضح بالمنتج لكن جزءًا من العملاء لا يكمل الشراء بعد الإضافة للسلة.,5.0,0,1202.0,73,12,73,6,30265.560000000005,27,5.0,17,6,0,2024-01-01,2024-12-30,تابلت 10 انش,0.0,0.6503581790480685,0,27,1979.0025925925927,1613.84,3.7074074074074073,3.925925925925926,4.0,14.37037037037037,15.0,0.0,0.0,1156.7037037037037,1138.0,0.38300357479399344,الالكترونيات,0,0,0,0,0,0,1,0,['low_review_trust'],عدد المراجعات أقل من المنتجات المشابهة مما يضعف الثقة,2.8,8|174|126|141|97,مكبر صوت بلوتوث|تابلت 10 انش - اصدار خاص|شاحن لاسلكي سريع - اصدار خاص|ساعه ذكيه سبورت - اصدار خاص|هاتف ذكي برو ماكس - اصدار خاص,773.522,4.2,1.6855710955710959,0.9033046777908831,8,مكبر صوت بلوتوث,False,False,True,False,False,False,True,2.8,عدد المراجعات أقل من المنتجات المشابهة مما يضعف الثقة,trust,none
6,شاشه 4K 27 انش,شاشه 4K 27 انش,الالكترونيات,unknown_subcategory,ابل,2618.75,75,13,75,4,4,,False,الالكترونيات,3.1,0,1097.0,2023-06-03 09:35:43,شاشه 4K 27 انش,شاشه 4K 27 انش,الالكترونيات,unknown_subcategory,ابل,2618.75,,False,24,8,1,294,24,8,1,8,24,24,8.0,1.0,224,224.0,8.0,24.0,False,838000.0,320,294,0.3333333333333333,0.125,0.0416666666666666,0.875,0.3333333333333333,12.25,0.875,Strong,1.1845195157373944,1.1845195157373944,8.0,8.0,8.0,0.0416666666666666,7.961233440029987,1.9,20.12121212121212,1.538706293726498,False,False,False,High,False,False,False,False,False,قوي,أداء مستقر,أداء متماسك,المنتج يحقق أداء جيدًا مقارنة ببقية المنتجات.,3.1,0,1097.0,75,13,75,4,838000.0,294,3.1,24,8,1,2024-01-01,2024-12-30,شاشه 4K 27 انش,0.0,0.5262419688323299,0,27,1979.0025925925927,1613.84,3.7074074074074073,3.925925925925926,4.0,14.37037037037037,15.0,0.0,0.0,1156.7037037037037,1138.0,0.38300357479399344,الالكترونيات,1,0,0,1,0,0,1,0,"['price_high', 'low_rating', 'low_review_trust']",السعر أعلى من المستوى المعتاد داخل المجموعة المنافسة | تقييم المنتج أقل من متوسط المنتجات المشابهة | عدد المراجعات أقل من المنتجات المشابهة مما يضعف الثقة,4.1,97|67|68|177|124,هاتف ذكي برو ماكس - اصدار خاص|لابتوب الترا سليم - اصدار خاص|تابلت 10 انش - اصدار خاص|لابتوب الترا سليم - اصدار خاص|كاميرا ميرورليس - اصدار خاص,3023.1580000000004,3.3600000000000003,1.686275017253278,0.8481262974931039,97,هاتف ذكي برو ماكس - اصدار خاص,True,True,True,False,False,False,True,4.1,السعر أعلى من المستوى المعتاد داخل المجموعة المنافسة | تقييم المنتج أقل من متوسط المنتجات المشابهة | عدد المراجعات أقل من المنتجات المشابهة مما يضعف الثقة,pricing,trust
7,كاميرا ميرورليس,كاميرا ميرورليس,الالكترونيات,unknown_subcategory,ال جي,2063.12,76,11,76,7,7,,False,الالكترونيات,3.5,0,1169.0,2023-03-23 17:49:06,كاميرا ميرورليس,كاميرا ميرورليس,الالكترونيات,unknown_subcategory,ال جي,2063.12,,False,23,3,0,33,23,3,0,3,23,21,3.0,0.0,32,32.0,3.0,21.0,False,78398.56,38,33,0.1304347826086956,0.0,0.0,1.0,0.1304347826086956,1.5714285714285714,1.0,Moderate,-0.2459477654956256,-0.2459477654956256,74.0,74.0,74.0,0.0,7.961233440029987,1.9,20.12121212121212,0.197385063918268,False,False,False,High,False,False,True,False,True,متوسط,انسحاب مرتفع بعد الإضافة للسلة,انسحاب مرتفع بعد الإضافة للسلة,هناك اهتمام واضح بالمنتج لكن جزءًا من العملاء لا يكمل الشراء بعد الإضافة للسلة.,3.5,0,1169.0,76,11,76,7,78398.56,33,3.5,23,3,0,2024-01-01,2024-12-30,كاميرا ميرورليس,0.030303030303030304,0.2216371566152292,0,27,1979.0025925925927,1613.84,3.7074074074074073,3.925925925925926,4.0,14.37037037037037,15.0,0.0,0.0,1156.7037037037037,1138.0,0.38300357479399344,الالكترونيات,1,1,0,0,0,0,1,0,"['price_high', 'weak_brand', 'low_review_trust']",السعر أعلى من المستوى المعتاد داخل المجموعة المنافسة | قوة العلامة التجارية أقل من منافسيه داخل المجموعة | عدد المراجعات أقل من المنتجات المشابهة مما يضعف الثقة,5.0,177|102|107|194|69,لابتوب الترا سليم - اصدار خاص|تابلت 10 انش - اصدار خاص|كاميرا ميرورليس - اصدار خاص|ساعه ذكيه سبورت - اصدار خاص|لابتوب الترا سليم - اصدار خاص,3270.6459999999997,3.18,2.0751608187134503,0.854697716387129,177,لابتوب الترا سليم - اصدار خاص,True,False,True,False,False,False,True,5.0,السعر أعلى من المستوى المعتاد داخل المجموعة المنافسة | قوة العلامة التجارية أقل من منافسيه داخل المجموعة | عدد المراجعات أقل من المنتجات المشابهة مما يضعف الثقة,pricing,trust
8,مكبر صوت بلوتوث,مكبر صوت بلوتوث,الالكترونيات,unknown_subcategory,ابل,338.12,68,11,68,6,6,,False,الالكترونيات,4.6,0,1229.0,2023-01-22 04:13:42,مكبر صوت بلوتوث,مكبر صوت بلوتوث,الالكترونيات,unknown_subcategory,ابل,338.12,,False,13,4,0,33,13,4,0,4,13,13,4.0,0.0,31,31.0,4.0,13.0,False,11834.2,35,33,0.3076923076923077,0.0,0.0,1.0,0.3076923076923077,2.5384615384615383,1.0,Moderate,-0.3200245125926572,-0.3200245125926572,102.0,102.0,102.0,0.0,7.961233440029987,1.9,20.12121212121212,0.318852795560279,False,False,False,High,False,False,True,False,False,متوسط,انسحاب مرتفع بعد الإضافة للسلة,انسحاب مرتفع بعد الإضافة للسلة,هناك اهتمام واضح بالمنتج لكن جزءًا من العملاء لا يكمل الشراء بعد الإضافة للسلة.,4.6,0,1229.0,68,11,68,6,11834.2,33,4.6,13,4,0,2024-01-01,2024-12-30,مكبر صوت بلوتوث,0.06060606060606061,0.5262419688323299,0,27,1979.0025925925927,1613.84,3.7074074074074073,3.925925925925926,4.0,14.37037037037037,15.0,0.0,0.0,1156.7037037037037,1138.0,0.38300357479399344,الالكترونيات,0,0,0,0,0,0,1,0,['low_review_trust'],عدد المراجعات أقل من المنتجات المشابهة مما يضعف الثقة,2.8,5|141|126|115|174,تابلت 10 انش|ساعه ذكيه سبورت - اصدار خاص|شاحن لاسلكي سريع - اصدار خاص|شاحن لاسلكي سريع - اصدار خاص|تابلت 10 انش - اصدار خاص,547.2860000000001,4.18,1.4820454545454544,0.9033046777908831,5,تابلت 10 انش,False,False,True,False,False,False,True,2.8,عدد المراجعات أقل من المنتجات المشابهة مما يضعف الثقة,trust,none
9,راوتر واي فاي 6,راوتر واي فاي 6,الالكترونيات,unknown_subcategory,شاومي,864.52,68,12,68,6,6,,False,الالكترونيات,3.1,0,1192.0,2023-02-28 13:41:57,راوتر واي فاي 6,راوتر واي فاي 6,الالكترونيات,unknown_subcategory,شاومي,864.52,,False,13,5,0,268,13,5,0,5,13,13,5.0,0.0,212,212.0,5.0,13.0,False,247252.72,286,268,0.3846153846153846,0.0,0.0,1.0,0.3846153846153846,20.615384615384617,1.0,Strong,0.5368023310789325,0.5368023310789325,19.0,19.0,19.0,0.0,7.961233440029987,1.9,20.12121212121212,2.5894711881865087,False,False,False,High,False,False,False,False,False,قوي,انسحاب مرتفع بعد الإضافة للسلة,انسحاب مرتفع بعد الإضافة للسلة,المنتج يحقق أداء جيدًا مقارنة ببقية المنتجات.,3.1,0,1192.0,68,12,68,6,247252.72,268,3.1,13,5,0,2024-01-01,2024-12-30,راوتر واي فاي 6,0.030303030303030304,0.6412657539712695,2,16,1155.68625,462.49,3.76875,4.4375,4.0,12.0625,12.0,0.0,0.0,1164.1875,1152.0,0.6120550016558437,الالكترونيات,1,0,0,1,0,0,1,0,"['price_high', 'low_rating', 'low_review_trust']",السعر أعلى من المستوى المعتاد داخل المجموعة المنافسة | تقييم المنتج أقل من متوسط المنتجات المشابهة | عدد المراجعات أقل من المنتجات المشابهة مما يضعف الثقة,4.1,10|3|4|42|50,شاحن لاسلكي سريع|سماعات لاسلكيه|ساعه ذكيه سبورت|لباس رياضي ضاغط|عداد خطوات ذكي,318.08599999999996,3.72,37.383116883116884,0.8891496051005796,10,شاحن لاسلكي سريع,True,True,True,False,False,False,True,4.1,السعر أعلى من المستوى المعتاد داخل المجموعة المنافسة | تقييم المنتج أقل من متوسط المنتجات المشابهة | عدد المراجعات أقل من المنتجات المشابهة مما يضعف الثقة,pricing,trust
10,شاحن لاسلكي سريع,شاحن لاسلكي سريع,الالكترونيات,unknown_subcategory,سامسونج,96.42,74,13,74,5,5,,False,الالكترونيات,4.0,0,1117.0,2023-05-14 05:26:45,شاحن لاسلكي سريع,شاحن لاسلكي سريع,الالكترونيات,unknown_subcategory,سامسونج,96.42,,False,8,0,0,261,8,0,0,0,8,8,0.0,0.0,196,196.0,0.0,8.0,False,27865.38,289,261,0.0,,0.0,0.0,0.0,32.625,,Strong,1.2805966119764192,1.2805966119764192,5.0,5.0,5.0,0.0,7.961233440029987,1.9,20.12121212121212,4.097983088394041,True,False,True,High,False,True,False,False,True,قوي,ظهور أقل من المطلوب,مشاهدات أقل من المطلوب,المنتج يحقق أداء جيدًا مقارنة ببقية المنتجات.,4.0,0,1117.0,74,13,74,5,27865.38,261,4.0,8,0,0,2024-01-01,2024-12-30,شاحن لاسلكي سريع,0.06060606060606061,0.6503581790480685,2,16,1155.68625,462.49,3.76875,4.4375,4.0,12.0625,12.0,0.0,0.0,1164.1875,1152.0,0.6120550016558437,الالكترونيات,0,0,0,0,0,0,1,0,['low_review_trust'],عدد المراجعات أقل من المنتجات المشابهة مما يضعف الثقة,1.4,3|4|9|41|48,سماعات لاسلكيه|ساعه ذكيه سبورت|راوتر واي فاي 6|حذاء جري احترافي|حقيبه رياضيه جيم,635.716,4.04,36.62441724941725,0.9571621440890034,3,سماعات لاسلكيه,False,False,True,False,False,False,True,1.4,عدد المراجعات أقل من المنتجات المشابهة مما يضعف الثقة,trust,none
11,قميص قطني كلاسيكي,قميص قطني كلاسيكي,الازياء والملابس,unknown_subcategory,بوما,73.96,68,11,68,3,3,,False,الازياء والملابس,3.2,0,1238.0,2023-01-13 18:06:05,قميص قطني كلاسيكي,قميص قطني كلاسيكي,الازياء والملابس,unknown_subcategory,بوما,73.96,,False,7,3,0,29,7,3,0,3,7,7,3.0,0.0,29,29.0,3.0,7.0,False,2662.56,36,29,0.4285714285714285,0.0,0.0,1.0,0.4285714285714285,4.142857142857143,1.0,Moderate,-0.3907423188683455,-0.3907423188683455,138.0,138.0,138.0,0.0,2.284453274168197,2.3080357142857144,18.59375,1.8135004947149191,True,False,False,High,False,True,False,False,True,متوسط,انسحاب مرتفع بعد الإضافة للسلة,انسحاب مرتفع بعد الإضافة للسلة,المنتج لا يحصل على عدد كافٍ من الزيارات خلال الفترة المختارة.,3.2,0,1238.0,68,11,68,3,2662.56,29,3.2,7,3,0,2024-01-01,2024-12-30,قميص قطني كلاسيكي,0.034482758620689655,0.2893764093334782,6,32,375.3246875,323.275,3.678125,4.0,4.0,12.65625,13.0,0.0,0.0,1170.6875,1174.5,0.21365830518453735,الازياء والملابس,0,0,0,1,0,0,1,0,"['low_rating', 'low_review_trust']",تقييم المنتج أقل من متوسط المنتجات المشابهة | عدد المراجعات أقل من المنتجات المشابهة مما يضعف الثقة,4.3,125|155|93|180|83,شال كشمير ناعم - اصدار خاص|حذاء رياضي مريح - اصدار خاص|شال كشمير ناعم - اصدار خاص|شال كشمير ناعم - اصدار خاص|فستان سهره انيق - اصدار خاص,335.31000000000006,3.2399999999999998,2.0160524499654935,0.9395645511716019,125,شال كشمير ناعم - اصدار خاص,False,True,True,False,False,False,True,4.3,تقييم المنتج أقل من متوسط المنتجات المشابهة | عدد المراجعات أقل من المنتجات المشابهة مما يضعف الثقة,trust,none
12,فستان سهره انيق,فستان سهره انيق,الازياء والملابس,unknown_subcategory,نايكي,378.07,64,10,64,5,5,,False,الازياء والملابس,4.2,0,1152.0,2023-04-09 04:02:19,فستان سهره انيق,فستان سهره انيق,الازياء والملابس,unknown_subcategory,نايكي,378.07,,False,14,5,0,35,14,5,0,5,14,14,5.0,0.0,34,34.0,5.0,14.0,False,15122.8,40,35,0.3571428571428571,0.0,0.0,1.0,0.3571428571428571,2.5,1.0,Moderate,-0.2757607649098124,-0.2757607649098124,84.0,84.0,84.0,0.0,2.284453274168197,2.3080357142857144,18.59375,1.094353746810727,False,False,False,High,False,False,True,False,False,متوسط,انسحاب مرتفع بعد الإضافة للسلة,انسحاب مرتفع بعد الإضافة للسلة,هناك اهتمام واضح بالمنتج لكن جزءًا من العملاء لا يكمل الشراء بعد الإضافة للسلة.,4.2,0,1152.0,64,10,64,5,15122.8,35,4.2,14,5,0,2024-01-01,2024-12-30,فستان سهره انيق,0.034482758620689655,0.18749253941550104,6,32,375.3246875,323.275,3.678125,4.0,4.0,12.65625,13.0,0.0,0.0,1170.6875,1174.5,0.21365830518453735,الازياء والملابس,1,0,0,0,0,0,1,0,"['price_high', 'low_review_trust']",السعر أعلى من المستوى المعتاد داخل المجموعة المنافسة | عدد المراجعات أقل من المنتجات المشابهة مما يضعف الثقة,4.0,121|164|198|66|14,حذاء رياضي مريح - اصدار خاص|حقيبه يد جلديه - اصدار خاص|حقيبه يد جلديه - اصدار خاص|قميص قطني كلاسيكي - اصدار خاص|عباءه مطرزه فاخره,387.784,4.24,2.7717948717948717,0.9292431806536192,121,حذاء رياضي مريح - اصدار خاص,True,False,True,False,False,False,True,4.0,السعر أعلى من المستوى المعتاد داخل المجموعة المنافسة | عدد المراجعات أقل من المنتجات المشابهة مما يضعف الثقة,pricing,trust
13,بنطلون جينز سليم فيت,بنطلون جينز سليم فيت,الازياء والملابس,unknown_subcategory,H&M,342.07,71,12,71,7,7,,False,الازياء والملابس,3.2,0,1080.0,2023-06-20 10:24:26,بنطلون جينز سليم فيت,بنطلون جينز سليم فيت,الازياء والملابس,unknown_subcategory,H&M,342.07,,False,20,8,0,17,20,8,0,8,17,20,8.0,0.0,17,17.0,8.0,17.0,False,6499.33,19,17,0.4,0.0,0.0,1.0,0.4,0.85,1.0,Moderate,-0.1913963651427265,-0.1913963651427265,60.0,60.0,60.0,0.0,2.284453274168197,2.3080357142857144,18.59375,0.3720802739156472,False,False,False,High,False,False,True,True,False,متوسط,انسحاب مرتفع بعد الإضافة للسلة,انسحاب مرتفع بعد الإضافة للسلة,المنتج يُشاهَد لكنه لا يتحول إلى شراء بالمستوى المطلوب.,3.2,0,1080.0,71,12,71,7,6499.33,17,3.2,20,8,0,2024-01-01,2024-12-30,بنطلون جينز سليم فيت,0.10344827586206896,0.10345437319304635,6,32,375.3246875,323.275,3.678125,4.0,4.0,12.65625,13.0,0.0,0.0,1170.6875,1174.5,0.21365830518453735,الازياء والملابس,0,1,0,1,0,0,1,0,"['weak_brand', 'low_rating', 'low_review_trust']",قوة العلامة التجارية أقل من منافسيه داخل المجموعة | تقييم المنتج أقل من متوسط المنتجات المشابهة | عدد المراجعات أقل من المنتجات المشابهة مما يضعف الثقة,5.3,20|18|190|164|66,حذاء رسمي جلد|جاكيت شتوي دافي|حذاء رسمي جلد - اصدار خاص|حقيبه يد جلديه - اصدار خاص|قميص قطني كلاسيكي - اصدار خاص,486.8179999999999,3.7399999999999998,2.385882557159153,0.9219905578618813,20,حذاء رسمي جلد,False,True,True,False,False,False,True,5.3,قوة العلامة التجارية أقل من منافسيه داخل المجموعة | تقييم المنتج أقل من متوسط المنتجات المشابهة | عدد المراجعات أقل من المنتجات المشابهة مما يضعف الثقة,trust,none
14,عباءه مطرزه فاخره,عباءه مطرزه فاخره,الازياء والملابس,unknown_subcategory,ماكس فاشون,687.06,66,10,66,4,4,,False,الازياء والملابس,4.8,0,1090.0,2023-06-10 16:03:11,عباءه مطرزه فاخره,عباءه مطرزه فاخره,الازياء والملابس,unknown_subcategory,ماكس فاشون,687.06,,False,12,4,0,31,12,4,0,4,12,12,4.0,0.0,31,31.0,4.0,12.0,False,24047.1,35,31,0.3333333333333333,0.0,0.0,1.0,0.3333333333333333,2.583333333333333,1.0,Moderate,-0.32746258099316,-0.32746258099316,106.0,106.0,106.0,0.0,2.284453274168197,2.3080357142857144,18.59375,1.1308322050377513,False,False,False,High,False,False,True,False,False,متوسط,انسحاب مرتفع بعد الإضافة للسلة,انسحاب مرتفع بعد الإضافة للسلة,هناك اهتمام واضح بالمنتج لكن جزءًا من العملاء لا يكمل الشراء بعد الإضافة للسلة.,4.8,0,1090.0,66,10,66,4,24047.1,31,4.8,12,4,0,2024-01-01,2024-12-30,عباءه مطرزه فاخره,0.0,0.1640086979425609,6,32,375.3246875,323.275,3.678125,4.0,4.0,12.65625,13.0,0.0,0.0,1170.6875,1174.5,0.21365830518453735,الازياء والملابس,1,1,0,0,0,0,1,0,"['price_high', 'weak_brand', 'low_review_trust']",السعر أعلى من المستوى المعتاد داخل المجموعة المنافسة | قوة العلامة التجارية أقل من منافسيه داخل المجموعة | عدد المراجعات أقل من المنتجات المشابهة مما يضعف الثقة,5.0,12|121|164|19|198,فستان سهره انيق|حذاء رياضي مريح - اصدار خاص|حقيبه يد جلديه - اصدار خاص|تيشيرت بولو قطن|حقيبه يد جلديه - اصدار خاص,318.20799999999997,4.220000000000001,2.5259615384615386,0.916803683266523,12,فستان سهره انيق,True,False,True,False,False,False,True,5.0,السعر أعلى من المستوى المعتاد داخل المجموعة المنافسة | قوة العلامة التجارية أقل من منافسيه داخل المجموعة | عدد المراجعات أقل من المنتجات المشابهة مما يضعف الثقة,pricing,trust
15,حذاء رياضي مريح,حذاء رياضي مريح,الازياء والملابس,unknown_subcategory,اديداس,478.33,64,10,64,7,7,,False,الازياء والملابس,3.6,0,1201.0,2023-02-19 11:52:21,حذاء رياضي مريح,حذاء رياضي مريح,الازياء والملابس,unknown_subcategory,اديداس,478.33,,False,5,0,0,26,5,0,0,0,5,5,0.0,0.0,25,25.0,0.0,5.0,False,13871.57,29,26,0.0,,0.0,0.0,0.0,5.2,,Moderate,0.3538401830194476,0.3538401830194476,19.0,19.0,19.0,0.0,2.284453274168197,2.3080357142857144,18.59375,2.276255793366312,True,False,True,High,False,True,False,False,True,متوسط,ظهور أقل من المطلوب,مشاهدات أقل من المطلوب,المنتج لا يحصل على عدد كافٍ من الزيارات خلال الفترة المختارة.,3.6,0,1201.0,64,10,64,7,13871.57,26,3.6,5,0,0,2024-01-01,2024-12-30,حذاء رياضي مريح,0.06896551724137931,0.17914452481572657,6,32,375.3246875,323.275,3.678125,4.0,4.0,12.65625,13.0,0.0,0.0,1170.6875,1174.5,0.21365830518453735,الازياء والملابس,1,0,0,0,0,0,1,0,"['price_high', 'low_review_trust']",السعر أعلى من المستوى المعتاد داخل المجموعة المنافسة | عدد المراجعات أقل من المنتجات المشابهة مما يضعف الثقة,4.0,18|16|73|66|12,جاكيت شتوي دافي|حقيبه يد جلديه|فستان سهره انيق - اصدار خاص|قميص قطني كلاسيكي - اصدار خاص|فستان سهره انيق,445.60600000000005,3.8,2.2656028368794323,0.9621226938686585,18,جاكيت شتوي دافي,True,False,True,False,False,False,True,4.0,السعر أعلى من المستوى المعتاد داخل المجموعة المنافسة | عدد المراجعات أقل من المنتجات المشابهة مما يضعف الثقة,pricing,trust
16,حقيبه يد جلديه,حقيبه يد جلديه,الازياء والملابس,unknown_subcategory,مانجو,680.77,64,11,64,8,8,,False,الازياء والملابس,3.9,0,1234.0,2023-01-17 13:49:36,حقيبه يد جلديه,حقيبه يد جلديه,الازياء والملابس,unknown_subcategory,مانجو,680.77,,False,10,3,0,29,10,3,0,3,10,10,3.0,0.0,29,29.0,3.0,10.0,False,21784.64,32,29,0.3,0.0,0.0,1.0,0.3,2.9,1.0,Moderate,-0.3760202199811857,-0.3760202199811857,128.0,128.0,128.0,0.0,2.284453274168197,2.3080357142857144,18.59375,1.2694503463004434,False,False,False,High,False,True,False,False,True,متوسط,انسحاب مرتفع بعد الإضافة للسلة,انسحاب مرتفع بعد الإضافة للسلة,المنتج لا يحصل على عدد كافٍ من الزيارات خلال الفترة المختارة.,3.9,0,1234.0,64,11,64,8,21784.64,29,3.9,10,3,0,2024-01-01,2024-12-30,حقيبه يد جلديه,0.034482758620689655,0.22109747300846208,6,32,375.3246875,323.275,3.678125,4.0,4.0,12.65625,13.0,0.0,0.0,1170.6875,1174.5,0.21365830518453735,الازياء والملابس,1,0,0,0,0,0,1,0,"['price_high', 'low_review_trust']",السعر أعلى من المستوى المعتاد داخل المجموعة المنافسة | عدد المراجعات أقل من المنتجات المشابهة مما يضعف الثقة,4.0,15|18|73|17|83,حذاء رياضي مريح|جاكيت شتوي دافي|فستان سهره انيق - اصدار خاص|شال كشمير ناعم|فستان سهره انيق - اصدار خاص,455.816,3.5799999999999996,2.4217933130699087,0.9514682543306061,15,حذاء رياضي مريح,True,False,True,False,False,False,True,4.0,السعر أعلى من المستوى المعتاد داخل المجموعة المنافسة | عدد المراجعات أقل من المنتجات المشابهة مما يضعف الثقة,pricing,trust
17,شال كشمير ناعم,شال كشمير ناعم,الازياء والملابس,unknown_subcategory,H&M,281.04,64,11,64,6,6,,False,الازياء والملابس,3.7,0,1239.0,2023-01-12 15:31:53,شال كشمير ناعم,شال كشمير ناعم,الازياء والملابس,unknown_subcategory,H&M,281.04,,False,24,7,1,36,24,7,1,7,24,21,7.0,1.0,34,34.0,7.0,21.0,False,12084.72,43,36,0.2916666666666667,0.1428571428571428,0.0416666666666666,0.8571428571428572,0.2916666666666667,1.7142857142857142,0.8571428571428572,Moderate,0.2252760681139457,0.2252760681139457,27.0,27.0,27.0,0.0416666666666666,2.284453274168197,2.3080357142857144,18.59375,0.7504139978130699,False,False,False,High,False,False,False,False,False,متوسط,يحتاج متابعة,أداء متوسط,أداء المنتج متوسط ويمكن تحسينه من خلال تدخلات مركزة.,3.7,0,1239.0,64,11,64,6,12084.72,36,3.7,24,7,1,2024-01-01,2024-12-30,شال كشمير ناعم,0.0,0.10345437319304635,6,32,375.3246875,323.275,3.678125,4.0,4.0,12.65625,13.0,0.0,0.0,1170.6875,1174.5,0.21365830518453735,الازياء والملابس,0,1,0,0,0,0,1,0,"['weak_brand', 'low_review_trust']",قوة العلامة التجارية أقل من منافسيه داخل المجموعة | عدد المراجعات أقل من المنتجات المشابهة مما يضعف الثقة,3.8,73|83|169|16|15,فستان سهره انيق - اصدار خاص|فستان سهره انيق - اصدار خاص|فستان سهره انيق - اصدار خاص|حقيبه يد جلديه|حذاء رياضي مريح,489.196,3.4800000000000004,2.7447826086956524,0.9538677437804897,73,فستان سهره انيق - اصدار خاص,False,False,True,False,False,False,True,3.8,قوة العلامة التجارية أقل من منافسيه داخل المجموعة | عدد المراجعات أقل من المنتجات المشابهة مما يضعف الثقة,trust,none
18,جاكيت شتوي دافي,جاكيت شتوي دافي,الازياء والملابس,unknown_subcategory,نايكي,685.51,66,11,66,8,8,,False,الازياء والملابس,3.8,0,1168.0,2023-03-24 03:01:42,جاكيت شتوي دافي,جاكيت شتوي دافي,الازياء والملابس,unknown_subcategory,نايكي,685.51,,False,48,18,1,35,48,18,1,18,35,47,18.0,1.0,35,35.0,18.0,35.0,False,30162.44,44,35,0.375,0.0555555555555555,0.0208333333333333,0.9444444444444444,0.375,0.7446808510638298,0.9444444444444444,Moderate,0.5584871046705211,0.5584871046705211,7.0,7.0,7.0,0.0208333333333333,2.284453274168197,2.3080357142857144,18.59375,0.3259777118159612,False,False,False,High,False,False,False,True,False,متوسط,تحويل أقل من المتوقع,تحويل أقل من المتوقع,المنتج يُشاهَد لكنه لا يتحول إلى شراء بالمستوى المطلوب.,3.8,0,1168.0,66,11,66,8,30162.44,35,3.8,48,18,1,2024-01-01,2024-12-30,جاكيت شتوي دافي,0.06896551724137931,0.18749253941550104,6,32,375.3246875,323.275,3.678125,4.0,4.0,12.65625,13.0,0.0,0.0,1170.6875,1174.5,0.21365830518453735,الازياء والملابس,1,0,0,0,0,0,1,0,"['price_high', 'low_review_trust']",السعر أعلى من المستوى المعتاد داخل المجموعة المنافسة | عدد المراجعات أقل من المنتجات المشابهة مما يضعف الثقة,4.0,15|16|66|73|12,حذاء رياضي مريح|حقيبه يد جلديه|قميص قطني كلاسيكي - اصدار خاص|فستان سهره انيق - اصدار خاص|فستان سهره انيق,404.16999999999996,3.7600000000000002,3.1566666666666667,0.9621226938686585,15,حذاء رياضي مريح,True,False,True,False,False,False,True,4.0,السعر أعلى من المستوى المعتاد داخل المجموعة المنافسة | عدد المراجعات أقل من المنتجات المشابهة مما يضعف الثقة,pricing,trust
19,تيشيرت بولو قطن,تيشيرت بولو قطن,الازياء والملابس,unknown_subcategory,زارا,195.42,64,10,64,2,2,,False,الازياء والملابس,4.2,0,1138.0,2023-04-23 05:17:43,تيشيرت بولو قطن,تيشيرت بولو قطن,الازياء والملابس,unknown_subcategory,زارا,195.42,,False,17,1,0,35,17,1,0,1,17,16,1.0,0.0,34,34.0,1.0,16.0,False,7621.379999999999,39,35,0.0588235294117647,0.0,0.0,1.0,0.0588235294117647,2.1875,1.0,Moderate,-0.3778748386838567,-0.3778748386838567,131.0,131.0,131.0,0.0,2.284453274168197,2.3080357142857144,18.59375,0.9575595284593862,False,False,False,High,False,False,True,False,True,متوسط,انسحاب مرتفع بعد الإضافة للسلة,انسحاب مرتفع بعد الإضافة للسلة,هناك اهتمام واضح بالمنتج لكن جزءًا من العملاء لا يكمل الشراء بعد الإضافة للسلة.,4.2,0,1138.0,64,10,64,2,7621.379999999999,35,4.2,17,1,0,2024-01-01,2024-12-30,تيشيرت بولو قطن,0.06896551724137931,0.2230100083996463,6,32,375.3246875,323.275,3.678125,4.0,4.0,12.65625,13.0,0.0,0.0,1170.6875,1174.5,0.21365830518453735,الازياء والملابس,0,0,0,0,1,0,1,0,"['low_visual_support', 'low_review_trust']",الدعم البصري أضعف من المنافسين من حيث عدد الصور | عدد المراجعات أقل من المنتجات المشابهة مما يضعف الثقة,3.9000000000000004,129|166|121|100|12,تيشيرت بولو قطن - اصدار خاص|فستان سهره انيق - اصدار خاص|حذاء رياضي مريح - اصدار خاص|حقيبه يد جلديه - اصدار خاص|فستان سهره انيق,271.12399999999997,4.220000000000001,2.5214574898785425,0.9495886522996895,129,تيشيرت بولو قطن - اصدار خاص,False,False,True,True,False,False,True,3.9,الدعم البصري أضعف من المنافسين من حيث عدد الصور | عدد المراجعات أقل من المنتجات المشابهة مما يضعف الثقة,trust,content
20,حذاء رسمي جلد,حذاء رسمي جلد,الازياء والملابس,unknown_subcategory,مانجو,600.91,63,11,63,4,4,,False,الازياء والملابس,3.4,0,1086.0,2023-06-14 03:43:32,حذاء رسمي جلد,حذاء رسمي جلد,الازياء والملابس,unknown_subcategory,مانجو,600.91,,False,11,4,0,32,11,4,0,4,11,11,4.0,0.0,30,30.0,4.0,11.0,False,19830.03,33,32,0.3636363636363636,0.0,0.0,1.0,0.3636363636363636,2.909090909090909,1.0,Moderate,-0.3312294280298699,-0.3312294280298699,109.0,109.0,109.0,0.0,2.284453274168197,2.3080357142857144,18.59375,1.2734298144706642,False,False,False,High,False,True,False,False,False,متوسط,انسحاب مرتفع بعد الإضافة للسلة,انسحاب مرتفع بعد الإضافة للسلة,المنتج لا يحصل على عدد كافٍ من الزيارات خلال الفترة المختارة.,3.4,0,1086.0,63,11,63,4,19830.03,32,3.4,11,4,0,2024-01-01,2024-12-30,حذاء رسمي جلد,0.10344827586206896,0.22109747300846208,6,32,375.3246875,323.275,3.678125,4.0,4.0,12.65625,13.0,0.0,0.0,1170.6875,1174.5,0.21365830518453735,الازياء والملابس,1,0,0,0,0,0,1,0,"['price_high', 'low_review_trust']",السعر أعلى من المستوى المعتاد داخل المجموعة المنافسة | عدد المراجعات أقل من المنتجات المشابهة مما يضعف الثقة,4.0,190|13|121|63|127,حذاء رسمي جلد - اصدار خاص|بنطلون جينز سليم فيت|حذاء رياضي مريح - اصدار خاص|حذاء رياضي مريح - اصدار خاص|قميص قطني كلاسيكي - اصدار خاص,400.79800000000006,3.4599999999999995,2.689090909090909,0.9544747427340432,190,حذاء رسمي جلد - اصدار خاص,True,False,True,False,False,False,True,4.0,السعر أعلى من المستوى المعتاد داخل المجموعة المنافسة | عدد المراجعات أقل من المنتجات المشابهة مما يضعف الثقة,pricing,trust
21,مكيف هواء انفيرتر 18000,مكيف هواء انفيرتر 18000,المنزل والمطبخ,unknown_subcategory,بوش,2953.99,67,10,67,8,8,,False,المنزل والمطبخ,4.1,0,1142.0,2023-04-19 22:17:22,مكيف هواء انفيرتر 18000,مكيف هواء انفيرتر 18000,المنزل والمطبخ,unknown_subcategory,بوش,2953.99,,False,53,18,0,27,53,18,0,18,27,44,17.0,0.0,26,26.0,17.0,26.0,False,79757.73,27,27,0.3396226415094339,0.0,0.0,1.0,0.3396226415094339,0.6136363636363636,1.0,Moderate,0.4696699138668212,0.4696699138668212,11.0,11.0,11.0,0.0,4.391284662352632,1.9285714285714288,21.80555555555556,0.1397396003263445,False,False,False,High,False,False,True,True,False,متوسط,انسحاب مرتفع بعد الإضافة للسلة,انسحاب مرتفع بعد الإضافة للسلة,المنتج يُشاهَد لكنه لا يتحول إلى شراء بالمستوى المطلوب.,4.1,0,1142.0,67,10,67,8,79757.73,27,4.1,53,18,0,2024-01-01,2024-12-30,مكيف هواء انفيرتر 18000,0.0,0.43444554999574114,4,32,1416.5046875,1102.21,3.725,4.0625,4.0,14.53125,16.0,0.0,0.0,1150.375,1143.5,0.26748578062704065,المنزل والمطبخ,1,0,0,0,0,1,1,0,"['price_high', 'short_description', 'low_review_trust']",السعر أعلى من المستوى المعتاد داخل المجموعة المنافسة | الوصف أقصر من المعتاد ولا يقدم معلومات كافية | عدد المراجعات أقل من المنتجات المشابهة مما يضعف الثقة,5.1000000000000005,23|154|178|134|130,ثلاجه نوفروست 350 لتر|ثلاجه نوفروست 350 لتر - اصدار خاص|مكيف هواء انفيرتر 18000 - اصدار خاص|ثلاجه نوفروست 350 لتر - اصدار خاص|ثلاجه نوفروست 350 لتر - اصدار خاص,3429.9139999999998,4.1,2.1154512154512153,0.9203988848097852,23,ثلاجه نوفروست 350 لتر,True,False,True,False,True,False,True,5.1,السعر أعلى من المستوى المعتاد داخل المجموعة المنافسة | الوصف أقصر من المعتاد ولا يقدم معلومات كافية | عدد المراجعات أقل من المنتجات المشابهة مما يضعف الثقة,pricing,trust
22,غساله اوتوماتيك 8 كيلو,غساله اوتوماتيك 8 كيلو,المنزل والمطبخ,unknown_subcategory,فيليبس,2057.09,72,14,72,4,4,,False,المنزل والمطبخ,4.3,0,1245.0,2023-01-06 14:55:53,غساله اوتوماتيك 8 كيلو,غساله اوتوماتيك 8 كيلو,المنزل والمطبخ,unknown_subcategory,فيليبس,2057.09,,False,10,5,0,25,10,5,0,5,10,10,5.0,0.0,24,24.0,5.0,10.0,False,55541.43000000001,27,25,0.5,0.0,0.0,1.0,0.5,2.5,1.0,Moderate,-0.3155437533253724,-0.3155437533253724,99.0,99.0,99.0,0.0,4.391284662352632,1.9285714285714288,21.80555555555556,0.5693094828110333,False,False,False,High,False,True,True,False,False,متوسط,انسحاب مرتفع بعد الإضافة للسلة,انسحاب مرتفع بعد الإضافة للسلة,هناك اهتمام واضح بالمنتج لكن جزءًا من العملاء لا يكمل الشراء بعد الإضافة للسلة.,4.3,0,1245.0,72,14,72,4,55541.43000000001,25,4.3,10,5,0,2024-01-01,2024-12-30,غساله اوتوماتيك 8 كيلو,0.0,0.1611875560704482,4,32,1416.5046875,1102.21,3.725,4.0625,4.0,14.53125,16.0,0.0,0.0,1150.375,1143.5,0.26748578062704065,المنزل والمطبخ,1,1,0,0,0,0,1,0,"['price_high', 'weak_brand', 'low_review_trust']",السعر أعلى من المستوى المعتاد داخل المجموعة المنافسة | قوة العلامة التجارية أقل من منافسيه داخل المجموعة | عدد المراجعات أقل من المنتجات المشابهة مما يضعف الثقة,5.0,27|162|91|119|30,فرن كهربايي 60 لتر|ثلاجه نوفروست 350 لتر - اصدار خاص|فرن كهربايي 60 لتر - اصدار خاص|ماكينه قهوه اسبريسو - اصدار خاص|مكواه بخاريه احترافيه,1273.116,4.0,1.8090699544358082,0.8717170265327483,27,فرن كهربايي 60 لتر,True,False,True,False,False,False,True,5.0,السعر أعلى من المستوى المعتاد داخل المجموعة المنافسة | قوة العلامة التجارية أقل من منافسيه داخل المجموعة | عدد المراجعات أقل من المنتجات المشابهة مما يضعف الثقة,pricing,trust
23,ثلاجه نوفروست 350 لتر,ثلاجه نوفروست 350 لتر,المنزل والمطبخ,unknown_subcategory,اريتي,3803.84,76,13,76,8,8,,False,المنزل والمطبخ,3.7,0,1223.0,2023-01-28 19:36:01,ثلاجه نوفروست 350 لتر,ثلاجه نوفروست 350 لتر,المنزل والمطبخ,unknown_subcategory,اريتي,3803.84,,False,27,8,0,23,27,8,0,8,23,26,8.0,0.0,23,23.0,8.0,23.0,False,102703.68,27,23,0.2962962962962963,0.0,0.0,1.0,0.2962962962962963,0.8846153846153846,1.0,Moderate,-0.0754261000904238,-0.0754261000904238,42.0,42.0,42.0,0.0,4.391284662352632,1.9285714285714288,21.80555555555556,0.2014479708408271,False,False,False,High,False,False,True,True,False,متوسط,انسحاب مرتفع بعد الإضافة للسلة,انسحاب مرتفع بعد الإضافة للسلة,المنتج يُشاهَد لكنه لا يتحول إلى شراء بالمستوى المطلوب.,3.7,0,1223.0,76,13,76,8,102703.68,23,3.7,27,8,0,2024-01-01,2024-12-30,ثلاجه نوفروست 350 لتر,0.0,0.35033682728043275,4,32,1416.5046875,1102.21,3.725,4.0625,4.0,14.53125,16.0,0.0,0.0,1150.375,1143.5,0.26748578062704065,المنزل والمطبخ,1,0,0,0,0,0,1,0,"['price_high', 'low_review_trust']",السعر أعلى من المستوى المعتاد داخل المجموعة المنافسة | عدد المراجعات أقل من المنتجات المشابهة مما يضعف الثقة,4.0,21|154|178|130|22,مكيف هواء انفيرتر 18000|ثلاجه نوفروست 350 لتر - اصدار خاص|مكيف هواء انفيرتر 18000 - اصدار خاص|ثلاجه نوفروست 350 لتر - اصدار خاص|غساله اوتوماتيك 8 كيلو,3028.326,4.08,2.0945887445887443,0.9203988848097852,21,مكيف هواء انفيرتر 18000,True,False,True,False,False,False,True,4.0,السعر أعلى من المستوى المعتاد داخل المجموعة المنافسة | عدد المراجعات أقل من المنتجات المشابهة مما يضعف الثقة,pricing,trust
24,مكنسه كهرباييه لاسلكيه,مكنسه كهرباييه لاسلكيه,المنزل والمطبخ,unknown_subcategory,هايسنس,362.63,77,12,77,2,2,,False,المنزل والمطبخ,4.5,0,1106.0,2023-05-25 21:07:58,مكنسه كهرباييه لاسلكيه,مكنسه كهرباييه لاسلكيه,المنزل والمطبخ,unknown_subcategory,هايسنس,362.63,,False,26,8,0,28,26,8,0,8,26,26,8.0,0.0,27,27.0,8.0,26.0,False,10516.27,29,28,0.3076923076923077,0.0,0.0,1.0,0.3076923076923077,1.0769230769230769,1.0,Moderate,-0.1092986369105508,-0.1092986369105508,46.0,46.0,46.0,0.0,4.391284662352632,1.9285714285714288,21.80555555555556,0.2452410079801374,False,False,False,High,False,False,True,True,False,متوسط,انسحاب مرتفع بعد الإضافة للسلة,انسحاب مرتفع بعد الإضافة للسلة,المنتج يُشاهَد لكنه لا يتحول إلى شراء بالمستوى المطلوب.,4.5,0,1106.0,77,12,77,2,10516.27,28,4.5,26,8,0,2024-01-01,2024-12-30,مكنسه كهرباييه لاسلكيه,0.0,0.40907124235107295,4,32,1416.5046875,1102.21,3.725,4.0625,4.0,14.53125,16.0,0.0,0.0,1150.375,1143.5,0.26748578062704065,المنزل والمطبخ,0,0,0,0,1,0,1,0,"['low_visual_support', 'low_review_trust']",الدعم البصري أضعف من المنافسين من حيث عدد الصور | عدد المراجعات أقل من المنتجات المشابهة مما يضعف الثقة,3.9000000000000004,168|61|170|136|101,مجموعه سكاكين مطبخ - اصدار خاص|فرن كهربايي 60 لتر - اصدار خاص|فرن كهربايي 60 لتر - اصدار خاص|فرن كهربايي 60 لتر - اصدار خاص|مجموعه سكاكين مطبخ - اصدار خاص,774.8220000000001,4.14,1.955681818181818,0.9059710611373358,168,مجموعه سكاكين مطبخ - اصدار خاص,False,False,True,True,False,False,True,3.9,الدعم البصري أضعف من المنافسين من حيث عدد الصور | عدد المراجعات أقل من المنتجات المشابهة مما يضعف الثقة,trust,content
25,ماكينه قهوه اسبريسو,ماكينه قهوه اسبريسو,المنزل والمطبخ,unknown_subcategory,هايسنس,958.76,63,9,63,4,4,,False,المنزل والمطبخ,3.7,0,1110.0,2023-05-21 02:52:51,ماكينه قهوه اسبريسو,ماكينه قهوه اسبريسو,المنزل والمطبخ,unknown_subcategory,هايسنس,958.76,,False,14,2,0,396,14,2,0,2,14,13,2.0,0.0,275,275.0,2.0,13.0,False,418019.36,436,396,0.1428571428571428,0.0,0.0,1.0,0.1428571428571428,30.46153846153846,1.0,Strong,0.9216265180801624,0.9216265180801624,10.0,10.0,10.0,0.0,4.391284662352632,1.9285714285714288,21.80555555555556,6.936817082866744,False,False,False,High,False,False,False,False,True,قوي,انسحاب مرتفع بعد الإضافة للسلة,انسحاب مرتفع بعد الإضافة للسلة,المنتج يحقق أداء جيدًا مقارنة ببقية المنتجات.,3.7,0,1110.0,63,9,63,4,418019.36,396,3.7,14,2,0,2024-01-01,2024-12-30,ماكينه قهوه اسبريسو,0.0,0.40907124235107295,2,16,1155.68625,462.49,3.76875,4.4375,4.0,12.0625,12.0,0.0,0.0,1164.1875,1152.0,0.6120550016558437,الالكترونيات,1,1,1,0,0,0,1,0,"['price_high', 'weak_brand', 'category_mismatch', 'low_review_trust']",السعر أعلى من المستوى المعتاد داخل المجموعة المنافسة | قوة العلامة التجارية أقل من منافسيه داخل المجموعة | المنتج لا ينسجم جيدًا مع الفئة الغالبة داخل المجموعة | عدد المراجعات أقل من المنتجات المشابهة مما يضعف الثقة,4.8999999999999995,26|28|29|3|41,طقم اواني طهي غرانيت|خلاط كهربايي متعدد الوظايف|مجموعه سكاكين مطبخ|سماعات لاسلكيه|حذاء جري احترافي,356.8059999999999,3.7600000000000002,31.405594405594407,0.9256281504863981,26,طقم اواني طهي غرانيت,True,False,True,False,False,False,False,4.9,السعر أعلى من المستوى المعتاد داخل المجموعة المنافسة | قوة العلامة التجارية أقل من منافسيه داخل المجموعة | المنتج لا ينسجم جيدًا مع الفئة الغالبة داخل المجموعة | عدد المراجعات أقل من المنتجات المشابهة مما يضعف الثقة,pricing,trust
26,طقم اواني طهي غرانيت,طقم اواني طهي غرانيت,المنزل والمطبخ,unknown_subcategory,بوش,547.5,70,14,70,2,2,,False,المنزل والمطبخ,3.3,0,1120.0,2023-05-11 20:55:18,طقم اواني طهي غرانيت,طقم اواني طهي غرانيت,المنزل والمطبخ,unknown_subcategory,بوش,547.5,,False,11,3,0,285,11,3,0,3,11,11,3.0,0.0,216,216.0,3.0,11.0,False,169725.0,310,285,0.2727272727272727,0.0,0.0,1.0,0.2727272727272727,25.90909090909091,1.0,Strong,0.5472163121054989,0.5472163121054989,18.0,18.0,18.0,0.0,4.391284662352632,1.9285714285714288,21.80555555555556,5.900116458223437,False,False,False,High,False,True,False,False,True,قوي,انسحاب مرتفع بعد الإضافة للسلة,انسحاب مرتفع بعد الإضافة للسلة,المنتج يحقق أداء جيدًا مقارنة ببقية المنتجات.,3.3,0,1120.0,70,14,70,2,169725.0,285,3.3,11,3,0,2024-01-01,2024-12-30,طقم اواني طهي غرانيت,0.0,0.43444554999574114,2,16,1155.68625,462.49,3.76875,4.4375,4.0,12.0625,12.0,0.0,0.0,1164.1875,1152.0,0.6120550016558437,الالكترونيات,1,1,1,1,1,0,1,0,"['price_high', 'weak_brand', 'category_mismatch', 'low_rating', 'low_visual_support', 'low_review_trust']",السعر أعلى من المستوى المعتاد داخل المجموعة المنافسة | قوة العلامة التجارية أقل من منافسيه داخل المجموعة | المنتج لا ينسجم جيدًا مع الفئة الغالبة داخل المجموعة | تقييم المنتج أقل من متوسط المنتجات المشابهة | الدعم البصري أضعف من المنافسين من حيث عدد الصور | عدد المراجعات أقل من المنتجات المشابهة مما يضعف الثقة,7.499999999999999,25|29|28|46|48,ماكينه قهوه اسبريسو|مجموعه سكاكين مطبخ|خلاط كهربايي متعدد الوظايف|حصيره يوغا مضاده للانزلاق|حقيبه رياضيه جيم,360.46,3.7399999999999998,30.375757575757575,0.9256281504863981,25,ماكينه قهوه اسبريسو,True,True,True,True,False,False,False,7.5,السعر أعلى من المستوى المعتاد داخل المجموعة المنافسة | قوة العلامة التجارية أقل من منافسيه داخل المجموعة | المنتج لا ينسجم جيدًا مع الفئة الغالبة داخل المجموعة | تقييم المنتج أقل من متوسط المنتجات المشابهة | الدعم البصري أضعف من المنافسين من حيث عدد الصور | عدد المراجعات أقل من المنتجات المشابهة مما يضعف الثقة,pricing,trust
27,فرن كهربايي 60 لتر,فرن كهربايي 60 لتر,المنزل والمطبخ,unknown_subcategory,توشيبا,1128.13,62,10,62,5,5,,False,المنزل والمطبخ,4.0,0,1197.0,2023-02-23 01:02:59,فرن كهربايي 60 لتر,فرن كهربايي 60 لتر,المنزل والمطبخ,unknown_subcategory,توشيبا,1128.13,,False,13,7,0,34,13,7,0,7,13,13,7.0,0.0,33,33.0,7.0,13.0,False,39484.55,35,34,0.5384615384615384,0.0,0.0,1.0,0.5384615384615384,2.6153846153846154,1.0,Moderate,-0.2142642717001183,-0.2142642717001183,66.0,66.0,66.0,0.0,4.391284662352632,1.9285714285714288,21.80555555555556,0.5955853050946195,False,False,False,High,False,False,True,False,False,متوسط,انسحاب مرتفع بعد الإضافة للسلة,انسحاب مرتفع بعد الإضافة للسلة,هناك اهتمام واضح بالمنتج لكن جزءًا من العملاء لا يكمل الشراء بعد الإضافة للسلة.,4.0,0,1197.0,62,10,62,5,39484.55,34,4.0,13,7,0,2024-01-01,2024-12-30,فرن كهربايي 60 لتر,0.0,0.23130022737131772,4,32,1416.5046875,1102.21,3.725,4.0625,4.0,14.53125,16.0,0.0,0.0,1150.375,1143.5,0.26748578062704065,المنزل والمطبخ,0,0,0,0,0,1,1,0,"['short_description', 'low_review_trust']",الوصف أقصر من المعتاد ولا يقدم معلومات كافية | عدد المراجعات أقل من المنتجات المشابهة مما يضعف الثقة,3.9000000000000004,30|119|111|22|80,مكواه بخاريه احترافيه|ماكينه قهوه اسبريسو - اصدار خاص|مكواه بخاريه احترافيه - اصدار خاص|غساله اوتوماتيك 8 كيلو|ماكينه قهوه اسبريسو - اصدار خاص,1088.3700000000001,4.12,2.612619047619048,0.9363436240816909,30,مكواه بخاريه احترافيه,False,False,True,False,True,False,True,3.9,الوصف أقصر من المعتاد ولا يقدم معلومات كافية | عدد المراجعات أقل من المنتجات المشابهة مما يضعف الثقة,trust,content
28,خلاط كهربايي متعدد الوظايف,خلاط كهربايي متعدد الوظايف,المنزل والمطبخ,unknown_subcategory,بوش,207.71,76,14,76,7,7,,False,المنزل والمطبخ,3.2,0,1135.0,2023-04-26 04:12:21,خلاط كهربايي متعدد الوظايف,خلاط كهربايي متعدد الوظايف,المنزل والمطبخ,unknown_subcategory,بوش,207.71,,False,13,4,0,271,13,4,0,4,13,13,4.0,0.0,208,208.0,4.0,13.0,False,60651.32,292,271,0.3076923076923077,0.0,0.0,1.0,0.3076923076923077,20.846153846153847,1.0,Strong,0.4413350578931101,0.4413350578931101,28.0,28.0,28.0,0.0,4.391284662352632,1.9285714285714288,21.80555555555556,4.747165225901232,False,False,False,High,False,False,False,False,False,قوي,انسحاب مرتفع بعد الإضافة للسلة,انسحاب مرتفع بعد الإضافة للسلة,المنتج يحقق أداء جيدًا مقارنة ببقية المنتجات.,3.2,0,1135.0,76,14,76,7,60651.32,271,3.2,13,4,0,2024-01-01,2024-12-30,خلاط كهربايي متعدد الوظايف,0.0,0.43444554999574114,2,16,1155.68625,462.49,3.76875,4.4375,4.0,12.0625,12.0,0.0,0.0,1164.1875,1152.0,0.6120550016558437,الالكترونيات,0,1,1,1,0,0,1,0,"['weak_brand', 'category_mismatch', 'low_rating', 'low_review_trust']",قوة العلامة التجارية أقل من منافسيه داخل المجموعة | المنتج لا ينسجم جيدًا مع الفئة الغالبة داخل المجموعة | تقييم المنتج أقل من متوسط المنتجات المشابهة | عدد المراجعات أقل من المنتجات المشابهة مما يضعف الثقة,5.2,26|25|29|3|42,طقم اواني طهي غرانيت|ماكينه قهوه اسبريسو|مجموعه سكاكين مطبخ|سماعات لاسلكيه|لباس رياضي ضاغط,397.73400000000004,3.5200000000000005,32.32390942390943,0.8542125632762929,26,طقم اواني طهي غرانيت,False,True,True,False,False,False,False,5.2,قوة العلامة التجارية أقل من منافسيه داخل المجموعة | المنتج لا ينسجم جيدًا مع الفئة الغالبة داخل المجموعة | تقييم المنتج أقل من متوسط المنتجات المشابهة | عدد المراجعات أقل من المنتجات المشابهة مما يضعف الثقة,trust,none
29,مجموعه سكاكين مطبخ,مجموعه سكاكين مطبخ,المنزل والمطبخ,unknown_subcategory,اريتي,137.26,68,13,68,2,2,,False,المنزل والمطبخ,3.8,0,1249.0,2023-01-02 11:49:27,مجموعه سكاكين مطبخ,مجموعه سكاكين مطبخ,المنزل والمطبخ,unknown_subcategory,اريتي,137.26,,False,12,3,0,268,12,3,0,3,12,12,3.0,0.0,209,209.0,3.0,12.0,False,41178.0,300,268,0.25,0.0,0.0,1.0,0.25,22.33333333333333,1.0,Strong,0.413657105747604,0.413657105747604,29.0,29.0,29.0,0.0,4.391284662352632,1.9285714285714288,21.80555555555556,5.085831379778564,False,False,False,High,False,False,False,False,True,قوي,انسحاب مرتفع بعد الإضافة للسلة,انسحاب مرتفع بعد الإضافة للسلة,المنتج يحقق أداء جيدًا مقارنة ببقية المنتجات.,3.8,0,1249.0,68,13,68,2,41178.0,268,3.8,12,3,0,2024-01-01,2024-12-30,مجموعه سكاكين مطبخ,0.0,0.35033682728043275,2,16,1155.68625,462.49,3.76875,4.4375,4.0,12.0625,12.0,0.0,0.0,1164.1875,1152.0,0.6120550016558437,الالكترونيات,0,1,1,0,1,0,1,0,"['weak_brand', 'category_mismatch', 'low_visual_support', 'low_review_trust']",قوة العلامة التجارية أقل من منافسيه داخل المجموعة | المنتج لا ينسجم جيدًا مع الفئة الغالبة داخل المجموعة | الدعم البصري أضعف من المنافسين من حيث عدد الصور | عدد المراجعات أقل من المنتجات المشابهة مما يضعف الثقة,4.8,26|25|28|46|48,طقم اواني طهي غرانيت|ماكينه قهوه اسبريسو|خلاط كهربايي متعدد الوظايف|حصيره يوغا مضاده للانزلاق|حقيبه رياضيه جيم,442.508,3.6399999999999997,31.090909090909093,0.8593064120671453,26,طقم اواني طهي غرانيت,False,False,True,True,False,False,False,4.8,قوة العلامة التجارية أقل من منافسيه داخل المجموعة | المنتج لا ينسجم جيدًا مع الفئة الغالبة داخل المجموعة | الدعم البصري أضعف من المنافسين من حيث عدد الصور | عدد المراجعات أقل من المنتجات المشابهة مما يضعف الثقة,trust,content
30,مكواه بخاريه احترافيه,مكواه بخاريه احترافيه,المنزل والمطبخ,unknown_subcategory,تيفال,583.67,65,9,65,4,4,,False,المنزل والمطبخ,4.5,0,1227.0,2023-01-24 07:10:03,مكواه بخاريه احترافيه,مكواه بخاريه احترافيه,المنزل والمطبخ,unknown_subcategory,تيفال,583.67,,False,9,3,1,33,9,3,1,3,9,9,3.0,1.0,30,30.0,3.0,9.0,False,19844.78,34,33,0.3333333333333333,0.3333333333333333,0.1111111111111111,0.6666666666666667,0.3333333333333333,3.6666666666666665,0.6666666666666667,Moderate,0.4696874736046546,0.4696874736046546,10.0,10.0,10.0,0.1111111111111111,4.391284662352632,1.9285714285714288,21.80555555555556,0.8349872414561822,True,False,False,High,False,True,False,False,True,متوسط,ظهور أقل من المطلوب,مشاهدات أقل من المطلوب,المنتج لا يحصل على عدد كافٍ من الزيارات خلال الفترة المختارة.,4.5,0,1227.0,65,9,65,4,19844.78,33,4.5,9,3,1,2024-01-01,2024-12-30,مكواه بخاريه احترافيه,0.0,0.14229620701857051,4,32,1416.5046875,1102.21,3.725,4.0625,4.0,14.53125,16.0,0.0,0.0,1150.375,1143.5,0.26748578062704065,المنزل والمطبخ,0,1,0,0,0,1,1,0,"['weak_brand', 'short_description', 'low_review_trust']",قوة العلامة التجارية أقل من منافسيه داخل المجموعة | الوصف أقصر من المعتاد ولا يقدم معلومات كافية | عدد المراجعات أقل من المنتجات المشابهة مما يضعف الثقة,4.8999999999999995,27|111|119|22|91,فرن كهربايي 60 لتر|مكواه بخاريه احترافيه - اصدار خاص|ماكينه قهوه اسبريسو - اصدار خاص|غساله اوتوماتيك 8 كيلو|فرن كهربايي 60 لتر - اصدار خاص,1193.6,4.040000000000001,1.9340699544358078,0.9363436240816909,27,فرن كهربايي 60 لتر,False,False,True,False,True,False,True,4.9,قوة العلامة التجارية أقل من منافسيه داخل المجموعة | الوصف أقصر من المعتاد ولا يقدم معلومات كافية | عدد المراجعات أقل من المنتجات المشابهة مما يضعف الثقة,trust,content
31,كريم مرطب SPF 50,كريم مرطب SPF 50,الجمال والعنايه,unknown_subcategory,دوف,118.65,67,12,67,3,3,,False,الجمال والعنايه,3.8,0,1153.0,2023-04-08 03:23:29,كريم مرطب SPF 50,كريم مرطب SPF 50,الجمال والعنايه,unknown_subcategory,دوف,118.65,,False,20,6,0,285,20,6,0,6,20,19,6.0,0.0,212,212.0,6.0,19.0,False,37374.75,315,285,0.3,0.0,0.0,1.0,0.3,15.0,1.0,Strong,0.4844522766011693,0.4844522766011693,24.0,24.0,24.0,0.0,6.768778422340422,2.8,19.580645161290324,2.216057176652784,False,False,False,High,False,False,False,False,False,قوي,انسحاب مرتفع بعد الإضافة للسلة,انسحاب مرتفع بعد الإضافة للسلة,المنتج يحقق أداء جيدًا مقارنة ببقية المنتجات.,3.8,0,1153.0,67,12,67,3,37374.75,285,3.8,20,6,0,2024-01-01,2024-12-30,كريم مرطب SPF 50,0.0,0.41299428008313765,5,31,312.03483870967744,281.44,3.770967741935484,4.451612903225806,5.0,13.64516129032258,14.0,0.0,0.0,1173.7096774193549,1186.0,0.37324573544941014,الجمال والعنايه,0,0,0,0,1,0,1,0,"['low_visual_support', 'low_review_trust']",الدعم البصري أضعف من المنافسين من حيث عدد الصور | عدد المراجعات أقل من المنتجات المشابهة مما يضعف الثقة,2.5,33|79|34|39|35,مجموعه عنايه بالشعر|سيروم فيتامين سي - اصدار خاص|طقم مكياج احترافي|قناع وجه كولاجين|عطر نسايي زهري,387.366,4.0200000000000005,18.147578166401694,0.9188210075114076,33,مجموعه عنايه بالشعر,False,False,True,True,False,False,True,2.5,الدعم البصري أضعف من المنافسين من حيث عدد الصور | عدد المراجعات أقل من المنتجات المشابهة مما يضعف الثقة,trust,content
32,سيروم فيتامين سي,سيروم فيتامين سي,الجمال والعنايه,unknown_subcategory,بيوتانيا,182.43,80,14,80,5,5,,False,الجمال والعنايه,4.7,0,1247.0,2023-01-04 15:20:30,سيروم فيتامين سي,سيروم فيتامين سي,الجمال والعنايه,unknown_subcategory,بيوتانيا,182.43,,False,14,4,0,377,14,4,0,4,14,14,4.0,0.0,269,269.0,4.0,14.0,False,76255.74,418,377,0.2857142857142857,0.0,0.0,1.0,0.2857142857142857,26.928571428571427,1.0,Strong,0.7519564964747526,0.7519564964747526,13.0,13.0,13.0,0.0,6.768778422340422,2.8,19.580645161290324,3.978350264752854,False,False,False,High,False,False,False,False,False,قوي,انسحاب مرتفع بعد الإضافة للسلة,انسحاب مرتفع بعد الإضافة للسلة,المنتج يحقق أداء جيدًا مقارنة ببقية المنتجات.,4.7,0,1247.0,80,14,80,5,76255.74,377,4.7,14,4,0,2024-01-01,2024-12-30,سيروم فيتامين سي,0.0,0.4033985827787803,5,31,312.03483870967744,281.44,3.770967741935484,4.451612903225806,5.0,13.64516129032258,14.0,0.0,0.0,1173.7096774193549,1186.0,0.37324573544941014,الجمال والعنايه,0,0,0,0,0,0,1,0,['low_review_trust'],عدد المراجعات أقل من المنتجات المشابهة مما يضعف الثقة,1.4,79|35|31|39|33,سيروم فيتامين سي - اصدار خاص|عطر نسايي زهري|كريم مرطب SPF 50|قناع وجه كولاجين|مجموعه عنايه بالشعر,357.276,4.18,19.055686274509803,0.962224931350931,79,سيروم فيتامين سي - اصدار خاص,False,False,True,False,False,False,True,1.4,عدد المراجعات أقل من المنتجات المشابهة مما يضعف الثقة,trust,none
33,مجموعه عنايه بالشعر,مجموعه عنايه بالشعر,الجمال والعنايه,unknown_subcategory,نيفيا,404.5,70,11,70,5,5,,False,الجمال والعنايه,4.2,0,1113.0,2023-05-18 18:30:17,مجموعه عنايه بالشعر,مجموعه عنايه بالشعر,الجمال والعنايه,unknown_subcategory,نيفيا,404.5,,False,17,7,0,296,17,7,0,7,17,17,7.0,0.0,231,231.0,7.0,17.0,False,128226.5,317,296,0.4117647058823529,0.0,0.0,1.0,0.4117647058823529,17.41176470588235,1.0,Strong,0.5838710702625806,0.5838710702625806,17.0,17.0,17.0,0.0,6.768778422340422,2.8,19.580645161290324,2.5723644089773487,False,False,False,High,False,False,False,False,False,قوي,انسحاب مرتفع بعد الإضافة للسلة,انسحاب مرتفع بعد الإضافة للسلة,المنتج يحقق أداء جيدًا مقارنة ببقية المنتجات.,4.2,0,1113.0,70,11,70,5,128226.5,296,4.2,17,7,0,2024-01-01,2024-12-30,مجموعه عنايه بالشعر,0.0,0.33580942862807195,5,31,312.03483870967744,281.44,3.770967741935484,4.451612903225806,5.0,13.64516129032258,14.0,0.0,0.0,1173.7096774193549,1186.0,0.37324573544941014,الجمال والعنايه,1,0,0,0,0,0,1,0,"['price_high', 'low_review_trust']",السعر أعلى من المستوى المعتاد داخل المجموعة المنافسة | عدد المراجعات أقل من المنتجات المشابهة مما يضعف الثقة,2.5999999999999996,35|31|79|38|34,عطر نسايي زهري|كريم مرطب SPF 50|سيروم فيتامين سي - اصدار خاص|زيت ارغان طبيعي|طقم مكياج احترافي,385.04200000000003,3.9799999999999995,17.99744744744745,0.9404253636847785,35,عطر نسايي زهري,True,False,True,False,False,False,True,2.6,السعر أعلى من المستوى المعتاد داخل المجموعة المنافسة | عدد المراجعات أقل من المنتجات المشابهة مما يضعف الثقة,pricing,trust
34,طقم مكياج احترافي,طقم مكياج احترافي,الجمال والعنايه,unknown_subcategory,بالمر,269.1,59,10,59,3,3,,False,الجمال والعنايه,3.0,0,1095.0,2023-06-05 14:25:54,طقم مكياج احترافي,طقم مكياج احترافي,الجمال والعنايه,unknown_subcategory,بالمر,269.1,,False,39,16,0,387,39,16,0,16,39,37,15.0,0.0,276,276.0,15.0,37.0,False,115443.9,429,387,0.4102564102564102,0.0,0.0,1.0,0.4102564102564102,10.45945945945946,1.0,Strong,1.1066094937124322,1.1066094937124322,9.0,9.0,9.0,0.0,6.768778422340422,2.8,19.580645161290324,1.5452506799362655,False,False,False,High,False,False,False,False,False,قوي,انسحاب مرتفع بعد الإضافة للسلة,انسحاب مرتفع بعد الإضافة للسلة,المنتج يحقق أداء جيدًا مقارنة ببقية المنتجات.,3.0,0,1095.0,59,10,59,3,115443.9,387,3.0,39,16,0,2024-01-01,2024-12-30,طقم مكياج احترافي,0.0,0.28318660818823016,5,31,312.03483870967744,281.44,3.770967741935484,4.451612903225806,5.0,13.64516129032258,14.0,0.0,0.0,1173.7096774193549,1186.0,0.37324573544941014,الجمال والعنايه,0,1,0,1,1,0,1,0,"['weak_brand', 'low_rating', 'low_visual_support', 'low_review_trust']",قوة العلامة التجارية أقل من منافسيه داخل المجموعة | تقييم المنتج أقل من متوسط المنتجات المشابهة | الدعم البصري أضعف من المنافسين من حيث عدد الصور | عدد المراجعات أقل من المنتجات المشابهة مما يضعف الثقة,5.0,181|109|31|33|78,عطر رجالي عودي - اصدار خاص|قناع وجه كولاجين - اصدار خاص|كريم مرطب SPF 50|مجموعه عنايه بالشعر|عطر رجالي عودي - اصدار خاص,311.802,3.44,8.291400560224089,0.8745657856170626,181,عطر رجالي عودي - اصدار خاص,False,True,True,True,False,False,True,5.0,قوة العلامة التجارية أقل من منافسيه داخل المجموعة | تقييم المنتج أقل من متوسط المنتجات المشابهة | الدعم البصري أضعف من المنافسين من حيث عدد الصور | عدد المراجعات أقل من المنتجات المشابهة مما يضعف الثقة,trust,content
35,عطر نسايي زهري,عطر نسايي زهري,الجمال والعنايه,unknown_subcategory,افينو,790.82,78,14,78,5,5,,False,الجمال والعنايه,4.8,0,1087.0,2023-06-13 23:34:56,عطر نسايي زهري,عطر نسايي زهري,الجمال والعنايه,unknown_subcategory,افينو,790.82,,False,12,3,0,263,12,3,0,3,12,12,3.0,0.0,213,213.0,3.0,12.0,False,235664.36,298,263,0.25,0.0,0.0,1.0,0.25,21.916666666666668,1.0,Strong,0.4749331836245466,0.4749331836245466,26.0,26.0,26.0,0.0,6.768778422340422,2.8,19.580645161290324,3.2379057636649007,False,False,False,High,False,False,False,False,True,قوي,انسحاب مرتفع بعد الإضافة للسلة,انسحاب مرتفع بعد الإضافة للسلة,المنتج يحقق أداء جيدًا مقارنة ببقية المنتجات.,4.8,0,1087.0,78,14,78,5,235664.36,263,4.8,12,3,0,2024-01-01,2024-12-30,عطر نسايي زهري,0.0,0.3740625644147615,5,31,312.03483870967744,281.44,3.770967741935484,4.451612903225806,5.0,13.64516129032258,14.0,0.0,0.0,1173.7096774193549,1186.0,0.37324573544941014,الجمال والعنايه,1,0,0,0,0,0,1,0,"['price_high', 'low_review_trust']",السعر أعلى من المستوى المعتاد داخل المجموعة المنافسة | عدد المراجعات أقل من المنتجات المشابهة مما يضعف الثقة,2.5999999999999996,33|79|31|32|38,مجموعه عنايه بالشعر|سيروم فيتامين سي - اصدار خاص|كريم مرطب SPF 50|سيروم فيتامين سي|زيت ارغان طبيعي,290.444,4.2,20.390289449112977,0.9404253636847785,33,مجموعه عنايه بالشعر,True,False,True,False,False,False,True,2.6,السعر أعلى من المستوى المعتاد داخل المجموعة المنافسة | عدد المراجعات أقل من المنتجات المشابهة مما يضعف الثقة,pricing,trust
36,عطر رجالي عودي,عطر رجالي عودي,الجمال والعنايه,unknown_subcategory,دوف,703.99,56,10,56,8,8,,False,الجمال والعنايه,4.0,0,1190.0,2023-03-02 05:59:03,عطر رجالي عودي,عطر رجالي عودي,الجمال والعنايه,unknown_subcategory,دوف,703.99,,False,19,2,0,31,19,2,0,2,19,18,2.0,0.0,29,29.0,2.0,18.0,False,23231.67,33,31,0.1052631578947368,0.0,0.0,1.0,0.1052631578947368,1.7222222222222223,1.0,Moderate,-0.337345705561595,-0.337345705561595,112.0,112.0,112.0,0.0,6.768778422340422,2.8,19.580645161290324,0.2544361943564307,False,False,False,High,False,False,True,False,True,متوسط,انسحاب مرتفع بعد الإضافة للسلة,انسحاب مرتفع بعد الإضافة للسلة,هناك اهتمام واضح بالمنتج لكن جزءًا من العملاء لا يكمل الشراء بعد الإضافة للسلة.,4.0,0,1190.0,56,10,56,8,23231.67,31,4.0,19,2,0,2024-01-01,2024-12-30,عطر رجالي عودي,0.0,0.41299428008313765,5,31,312.03483870967744,281.44,3.770967741935484,4.451612903225806,5.0,13.64516129032258,14.0,0.0,0.0,1173.7096774193549,1186.0,0.37324573544941014,الجمال والعنايه,1,0,0,0,0,0,1,0,"['price_high', 'low_review_trust']",السعر أعلى من المستوى المعتاد داخل المجموعة المنافسة | عدد المراجعات أقل من المنتجات المشابهة مما يضعف الثقة,4.0,187|122|40|37|143,عطر رجالي عودي - اصدار خاص|طقم مكياج احترافي - اصدار خاص|مزيل عرق رول اون|غسول وجه للبشره الحساسه|عطر رجالي عودي - اصدار خاص,394.106,4.0600000000000005,3.9250461133069825,0.8536946616322942,187,عطر رجالي عودي - اصدار خاص,True,False,True,False,False,False,True,4.0,السعر أعلى من المستوى المعتاد داخل المجموعة المنافسة | عدد المراجعات أقل من المنتجات المشابهة مما يضعف الثقة,pricing,trust
37,غسول وجه للبشره الحساسه,غسول وجه للبشره الحساسه,الجمال والعنايه,unknown_subcategory,ماك,113.29,74,12,74,7,7,,False,الجمال والعنايه,3.3,0,1228.0,2023-01-23 03:24:09,غسول وجه للبشره الحساسه,غسول وجه للبشره الحساسه,الجمال والعنايه,unknown_subcategory,ماك,113.29,,False,24,7,0,287,24,7,0,7,24,22,6.0,0.0,220,220.0,6.0,22.0,False,35346.48,312,287,0.2916666666666667,0.0,0.0,1.0,0.2916666666666667,13.045454545454543,1.0,Strong,0.5221733858970545,0.5221733858970545,21.0,21.0,21.0,0.0,6.768778422340422,2.8,19.580645161290324,1.927298211210148,False,False,False,High,False,False,False,False,False,قوي,انسحاب مرتفع بعد الإضافة للسلة,انسحاب مرتفع بعد الإضافة للسلة,المنتج يحقق أداء جيدًا مقارنة ببقية المنتجات.,3.3,0,1228.0,74,12,74,7,35346.48,287,3.3,24,7,0,2024-01-01,2024-12-30,غسول وجه للبشره الحساسه,0.0,0.5426575582011882,5,31,312.03483870967744,281.44,3.770967741935484,4.451612903225806,5.0,13.64516129032258,14.0,0.0,0.0,1173.7096774193549,1186.0,0.37324573544941014,الجمال والعنايه,0,0,0,1,0,0,1,0,"['low_rating', 'low_review_trust']",تقييم المنتج أقل من متوسط المنتجات المشابهة | عدد المراجعات أقل من المنتجات المشابهة مما يضعف الثقة,2.9000000000000004,39|38|122|179|132,قناع وجه كولاجين|زيت ارغان طبيعي|طقم مكياج احترافي - اصدار خاص|مجموعه عنايه بالشعر - اصدار خاص|عطر رجالي عودي - اصدار خاص,301.364,3.5799999999999996,8.137222222222222,0.9826846022786141,39,قناع وجه كولاجين,False,True,True,False,False,False,True,2.9,تقييم المنتج أقل من متوسط المنتجات المشابهة | عدد المراجعات أقل من المنتجات المشابهة مما يضعف الثقة,trust,none
38,زيت ارغان طبيعي,زيت ارغان طبيعي,الجمال والعنايه,unknown_subcategory,ماك,325.54,66,11,66,8,8,,False,الجمال والعنايه,3.7,0,1125.0,2023-05-06 07:58:56,زيت ارغان طبيعي,زيت ارغان طبيعي,الجمال والعنايه,unknown_subcategory,ماك,325.54,,False,18,6,0,281,18,6,0,6,18,18,6.0,0.0,212,212.0,6.0,18.0,False,99615.24,306,281,0.3333333333333333,0.0,0.0,1.0,0.3333333333333333,15.61111111111111,1.0,Strong,0.4935624283457731,0.4935624283457731,23.0,23.0,23.0,0.0,6.768778422340422,2.8,19.580645161290324,2.3063409875534524,False,False,False,High,False,False,False,False,False,قوي,انسحاب مرتفع بعد الإضافة للسلة,انسحاب مرتفع بعد الإضافة للسلة,المنتج يحقق أداء جيدًا مقارنة ببقية المنتجات.,3.7,0,1125.0,66,11,66,8,99615.24,281,3.7,18,6,0,2024-01-01,2024-12-30,زيت ارغان طبيعي,0.0,0.5426575582011882,5,31,312.03483870967744,281.44,3.770967741935484,4.451612903225806,5.0,13.64516129032258,14.0,0.0,0.0,1173.7096774193549,1186.0,0.37324573544941014,الجمال والعنايه,1,0,0,0,0,0,1,0,"['price_high', 'low_review_trust']",السعر أعلى من المستوى المعتاد داخل المجموعة المنافسة | عدد المراجعات أقل من المنتجات المشابهة مما يضعف الثقة,2.5999999999999996,37|39|33|31|36,غسول وجه للبشره الحساسه|قناع وجه كولاجين|مجموعه عنايه بالشعر|كريم مرطب SPF 50|عطر رجالي عودي,278.348,3.7600000000000002,12.225888294711824,0.9054433121695238,37,غسول وجه للبشره الحساسه,True,False,True,False,False,False,True,2.6,السعر أعلى من المستوى المعتاد داخل المجموعة المنافسة | عدد المراجعات أقل من المنتجات المشابهة مما يضعف الثقة,pricing,trust
39,قناع وجه كولاجين,قناع وجه كولاجين,الجمال والعنايه,unknown_subcategory,ماك,51.31,80,14,80,6,6,,False,الجمال والعنايه,3.5,0,1221.0,2023-01-30 16:25:29,قناع وجه كولاجين,قناع وجه كولاجين,الجمال والعنايه,unknown_subcategory,ماك,51.31,,False,20,7,0,279,20,7,0,7,20,20,7.0,0.0,215,215.0,7.0,20.0,False,15906.1,310,279,0.35,0.0,0.0,1.0,0.35,13.95,1.0,Strong,0.4776640802449146,0.4776640802449146,25.0,25.0,25.0,0.0,6.768778422340422,2.8,19.580645161290324,2.0609331742870887,False,False,False,High,False,False,False,False,False,قوي,انسحاب مرتفع بعد الإضافة للسلة,انسحاب مرتفع بعد الإضافة للسلة,المنتج يحقق أداء جيدًا مقارنة ببقية المنتجات.,3.5,0,1221.0,80,14,80,6,15906.1,279,3.5,20,7,0,2024-01-01,2024-12-30,قناع وجه كولاجين,0.0,0.5426575582011882,5,31,312.03483870967744,281.44,3.770967741935484,4.451612903225806,5.0,13.64516129032258,14.0,0.0,0.0,1173.7096774193549,1186.0,0.37324573544941014,الجمال والعنايه,0,0,0,0,0,0,1,0,['low_review_trust'],عدد المراجعات أقل من المنتجات المشابهة مما يضعف الثقة,1.4,37|38|179|122|31,غسول وجه للبشره الحساسه|زيت ارغان طبيعي|مجموعه عنايه بالشعر - اصدار خاص|طقم مكياج احترافي - اصدار خاص|كريم مرطب SPF 50,280.50600000000003,3.6,10.18131313131313,0.9826846022786141,37,غسول وجه للبشره الحساسه,False,False,True,False,False,False,True,1.4,عدد المراجعات أقل من المنتجات المشابهة مما يضعف الثقة,trust,none
40,مزيل عرق رول اون,مزيل عرق رول اون,الجمال والعنايه,unknown_subcategory,نيفيا,36.51,58,11,58,5,5,,False,الجمال والعنايه,4.5,0,1104.0,2023-05-27 11:58:20,مزيل عرق رول اون,مزيل عرق رول اون,الجمال والعنايه,unknown_subcategory,نيفيا,36.51,,False,23,10,0,18,23,10,0,10,18,22,9.0,0.0,18,18.0,9.0,18.0,False,693.6899999999999,19,18,0.4347826086956521,0.0,0.0,1.0,0.4347826086956521,0.8181818181818182,1.0,Moderate,-0.1029520053748656,-0.1029520053748656,44.0,44.0,44.0,0.0,6.768778422340422,2.8,19.580645161290324,0.1208758459992427,False,False,False,High,False,False,True,True,False,متوسط,انسحاب مرتفع بعد الإضافة للسلة,انسحاب مرتفع بعد الإضافة للسلة,المنتج يُشاهَد لكنه لا يتحول إلى شراء بالمستوى المطلوب.,4.5,0,1104.0,58,11,58,5,693.6899999999999,18,4.5,23,10,0,2024-01-01,2024-12-30,مزيل عرق رول اون,0.0,0.33580942862807195,5,31,312.03483870967744,281.44,3.770967741935484,4.451612903225806,5.0,13.64516129032258,14.0,0.0,0.0,1173.7096774193549,1186.0,0.37324573544941014,الجمال والعنايه,0,0,0,0,0,0,1,0,['low_review_trust'],عدد المراجعات أقل من المنتجات المشابهة مما يضعف الثقة,2.8,183|182|160|36|187,كريم مرطب SPF 50 - اصدار خاص|سيروم فيتامين سي - اصدار خاص|زيت ارغان طبيعي - اصدار خاص|عطر رجالي عودي|عطر رجالي عودي - اصدار خاص,377.02000000000004,4.220000000000001,1.9966951566951567,0.9351781881655972,183,كريم مرطب SPF 50 - اصدار خاص,False,False,True,False,False,False,True,2.8,عدد المراجعات أقل من المنتجات المشابهة مما يضعف الثقة,trust,none
41,حذاء جري احترافي,حذاء جري احترافي,الرياضه واللياقه,unknown_subcategory,هيد,708.68,67,11,67,7,7,,False,الرياضه واللياقه,4.8,0,1129.0,2023-05-02 06:28:56,حذاء جري احترافي,حذاء جري احترافي,الرياضه واللياقه,unknown_subcategory,هيد,708.68,,False,6,1,0,256,6,1,0,1,6,6,1.0,0.0,199,199.0,1.0,6.0,False,196304.36,277,256,0.1666666666666666,0.0,0.0,1.0,0.1666666666666666,42.66666666666666,1.0,Strong,0.6843582887314025,0.6843582887314025,15.0,15.0,15.0,0.0,8.50970943604373,2.117647058823529,17.666666666666668,5.013880554598928,True,False,False,High,False,True,False,False,True,قوي,انسحاب مرتفع بعد الإضافة للسلة,انسحاب مرتفع بعد الإضافة للسلة,المنتج يحقق أداء جيدًا مقارنة ببقية المنتجات.,4.8,0,1129.0,67,11,67,7,196304.36,256,4.8,6,1,0,2024-01-01,2024-12-30,حذاء جري احترافي,0.0,0.6863435088021723,2,16,1155.68625,462.49,3.76875,4.4375,4.0,12.0625,12.0,0.0,0.0,1164.1875,1152.0,0.6120550016558437,الالكترونيات,1,0,1,0,0,0,1,0,"['price_high', 'category_mismatch', 'low_review_trust']",السعر أعلى من المستوى المعتاد داخل المجموعة المنافسة | المنتج لا ينسجم جيدًا مع الفئة الغالبة داخل المجموعة | عدد المراجعات أقل من المنتجات المشابهة مما يضعف الثقة,3.8999999999999995,48|42|50|46|47,حقيبه رياضيه جيم|لباس رياضي ضاغط|عداد خطوات ذكي|حصيره يوغا مضاده للانزلاق|اوزان حديد طقم 20 كيلو,291.17400000000004,3.5,36.76703296703297,0.9512259622607075,48,حقيبه رياضيه جيم,True,False,True,False,False,False,False,3.9,السعر أعلى من المستوى المعتاد داخل المجموعة المنافسة | المنتج لا ينسجم جيدًا مع الفئة الغالبة داخل المجموعة | عدد المراجعات أقل من المنتجات المشابهة مما يضعف الثقة,pricing,trust
42,لباس رياضي ضاغط,لباس رياضي ضاغط,الرياضه واللياقه,unknown_subcategory,ريبوك,162.27,69,12,69,7,7,,False,الرياضه واللياقه,3.1,0,1192.0,2023-02-28 19:14:43,لباس رياضي ضاغط,لباس رياضي ضاغط,الرياضه واللياقه,unknown_subcategory,ريبوك,162.27,,False,14,8,0,527,14,8,0,8,14,14,8.0,0.0,333,333.0,8.0,14.0,False,92331.63,569,527,0.5714285714285714,0.0,0.0,1.0,0.5714285714285714,37.642857142857146,1.0,Strong,1.3340161523930298,1.3340161523930298,4.0,4.0,4.0,0.0,8.50970943604373,2.117647058823529,17.666666666666668,4.4235185026902375,False,False,False,High,False,False,False,False,False,قوي,انسحاب مرتفع بعد الإضافة للسلة,انسحاب مرتفع بعد الإضافة للسلة,المنتج يحقق أداء جيدًا مقارنة ببقية المنتجات.,3.1,0,1192.0,69,12,69,7,92331.63,527,3.1,14,8,0,2024-01-01,2024-12-30,لباس رياضي ضاغط,0.0,0.8588588111329012,2,16,1155.68625,462.49,3.76875,4.4375,4.0,12.0625,12.0,0.0,0.0,1164.1875,1152.0,0.6120550016558437,الالكترونيات,0,0,1,1,0,0,1,0,"['category_mismatch', 'low_rating', 'low_review_trust']",المنتج لا ينسجم جيدًا مع الفئة الغالبة داخل المجموعة | تقييم المنتج أقل من متوسط المنتجات المشابهة | عدد المراجعات أقل من المنتجات المشابهة مما يضعف الثقة,4.2,50|47|48|41|46,عداد خطوات ذكي|اوزان حديد طقم 20 كيلو|حقيبه رياضيه جيم|حذاء جري احترافي|حصيره يوغا مضاده للانزلاق,400.456,3.84,37.771794871794874,0.9918917724868221,50,عداد خطوات ذكي,False,True,True,False,False,False,False,4.2,المنتج لا ينسجم جيدًا مع الفئة الغالبة داخل المجموعة | تقييم المنتج أقل من متوسط المنتجات المشابهة | عدد المراجعات أقل من المنتجات المشابهة مما يضعف الثقة,trust,none
43,دراجه هواييه جبليه,دراجه هواييه جبليه,الرياضه واللياقه,unknown_subcategory,نايكي,1574.27,72,12,72,5,5,,False,الرياضه واللياقه,3.1,0,1243.0,2023-01-08 07:15:44,دراجه هواييه جبليه,دراجه هواييه جبليه,الرياضه واللياقه,unknown_subcategory,نايكي,1574.27,,False,7,2,0,17,7,2,0,2,7,7,2.0,0.0,17,17.0,2.0,7.0,False,29911.13,19,17,0.2857142857142857,0.0,0.0,1.0,0.2857142857142857,2.4285714285714284,1.0,Moderate,-0.4614094528603355,-0.4614094528603355,167.0,167.0,167.0,0.0,8.50970943604373,2.117647058823529,17.666666666666668,0.2853882904961443,True,False,False,High,False,True,True,False,True,متوسط,انسحاب مرتفع بعد الإضافة للسلة,انسحاب مرتفع بعد الإضافة للسلة,هناك اهتمام واضح بالمنتج لكن جزءًا من العملاء لا يكمل الشراء بعد الإضافة للسلة.,3.1,0,1243.0,72,12,72,5,29911.13,17,3.1,7,2,0,2024-01-01,2024-12-30,دراجه هواييه جبليه,0.0,0.18749253941550104,1,27,625.2074074074073,278.2,4.074074074074074,3.3703703703703702,3.0,14.518518518518519,15.0,0.0,0.0,1153.7407407407406,1135.0,0.34956374783054484,الرياضه واللياقه,1,1,0,1,0,0,1,0,"['price_high', 'weak_brand', 'low_rating', 'low_review_trust']",السعر أعلى من المستوى المعتاد داخل المجموعة المنافسة | قوة العلامة التجارية أقل من منافسيه داخل المجموعة | تقييم المنتج أقل من متوسط المنتجات المشابهة | عدد المراجعات أقل من المنتجات المشابهة مما يضعف الثقة,6.5,139|165|71|86|49,حقيبه رياضيه جيم - اصدار خاص|حذاء جري احترافي - اصدار خاص|حصيره يوغا مضاده للانزلاق - اصدار خاص|لباس رياضي ضاغط - اصدار خاص|جهاز قياس ضغط الدم,408.95799999999997,4.1,1.6628342245989305,0.8802770889646236,139,حقيبه رياضيه جيم - اصدار خاص,True,True,True,False,False,False,True,6.5,السعر أعلى من المستوى المعتاد داخل المجموعة المنافسة | قوة العلامة التجارية أقل من منافسيه داخل المجموعة | تقييم المنتج أقل من متوسط المنتجات المشابهة | عدد المراجعات أقل من المنتجات المشابهة مما يضعف الثقة,pricing,trust
44,جهاز مشي كهربايي,جهاز مشي كهربايي,الرياضه واللياقه,unknown_subcategory,نيو بالانس,1768.56,72,11,72,6,6,,False,الرياضه واللياقه,4.7,0,1135.0,2023-04-26 08:36:45,جهاز مشي كهربايي,جهاز مشي كهربايي,الرياضه واللياقه,unknown_subcategory,نيو بالانس,1768.56,,False,16,4,0,25,16,4,0,4,16,15,4.0,0.0,25,25.0,4.0,15.0,False,45982.56,26,25,0.25,0.0,0.0,1.0,0.25,1.6666666666666667,1.0,Moderate,-0.3073553015655566,-0.3073553015655566,94.0,94.0,94.0,0.0,8.50970943604373,2.117647058823529,17.666666666666668,0.1958547091640206,False,False,False,High,False,False,True,False,False,متوسط,انسحاب مرتفع بعد الإضافة للسلة,انسحاب مرتفع بعد الإضافة للسلة,هناك اهتمام واضح بالمنتج لكن جزءًا من العملاء لا يكمل الشراء بعد الإضافة للسلة.,4.7,0,1135.0,72,11,72,6,45982.56,25,4.7,16,4,0,2024-01-01,2024-12-30,جهاز مشي كهربايي,0.0,0.25522466079003814,1,27,625.2074074074073,278.2,4.074074074074074,3.3703703703703702,3.0,14.518518518518519,15.0,0.0,0.0,1153.7407407407406,1135.0,0.34956374783054484,الرياضه واللياقه,1,1,0,0,0,0,1,0,"['price_high', 'weak_brand', 'low_review_trust']",السعر أعلى من المستوى المعتاد داخل المجموعة المنافسة | قوة العلامة التجارية أقل من منافسيه داخل المجموعة | عدد المراجعات أقل من المنتجات المشابهة مما يضعف الثقة,5.0,96|86|165|49|95,دراجه هواييه جبليه - اصدار خاص|لباس رياضي ضاغط - اصدار خاص|حذاء جري احترافي - اصدار خاص|جهاز قياس ضغط الدم|كره قدم رسميه فيفا - اصدار خاص,783.732,4.26,1.4932284541723666,0.8682114687379772,96,دراجه هواييه جبليه - اصدار خاص,True,False,True,False,False,False,True,5.0,السعر أعلى من المستوى المعتاد داخل المجموعة المنافسة | قوة العلامة التجارية أقل من منافسيه داخل المجموعة | عدد المراجعات أقل من المنتجات المشابهة مما يضعف الثقة,pricing,trust
45,كره قدم رسميه فيفا,كره قدم رسميه فيفا,الرياضه واللياقه,unknown_subcategory,هيد,207.67,69,12,69,2,2,,False,الرياضه واللياقه,4.9,0,1163.0,2023-03-29 07:54:39,كره قدم رسميه فيفا,كره قدم رسميه فيفا,الرياضه واللياقه,unknown_subcategory,هيد,207.67,,False,61,15,0,27,61,15,0,15,27,55,15.0,0.0,26,26.0,15.0,26.0,False,6437.77,31,27,0.2459016393442623,0.0,0.0,1.0,0.2459016393442623,0.4909090909090909,1.0,Moderate,0.4225056588604748,0.4225056588604748,15.0,15.0,15.0,0.0,8.50970943604373,2.117647058823529,17.666666666666668,0.0576881143355842,False,False,False,High,False,False,True,True,False,متوسط,انسحاب مرتفع بعد الإضافة للسلة,انسحاب مرتفع بعد الإضافة للسلة,المنتج يُشاهَد لكنه لا يتحول إلى شراء بالمستوى المطلوب.,4.9,0,1163.0,69,12,69,2,6437.77,27,4.9,61,15,0,2024-01-01,2024-12-30,كره قدم رسميه فيفا,0.0,0.6863435088021723,1,27,625.2074074074073,278.2,4.074074074074074,3.3703703703703702,3.0,14.518518518518519,15.0,0.0,0.0,1153.7407407407406,1135.0,0.34956374783054484,الرياضه واللياقه,0,0,0,0,1,0,1,0,"['low_visual_support', 'low_review_trust']",الدعم البصري أضعف من المنافسين من حيث عدد الصور | عدد المراجعات أقل من المنتجات المشابهة مما يضعف الثقة,3.9000000000000004,148|167|123|173|157,حذاء جري احترافي - اصدار خاص|حقيبه رياضيه جيم - اصدار خاص|عداد خطوات ذكي - اصدار خاص|حذاء جري احترافي - اصدار خاص|جهاز قياس ضغط الدم - اصدار خاص,321.808,4.34,2.3872222222222224,0.9489385820151935,148,حذاء جري احترافي - اصدار خاص,False,False,True,True,False,False,True,3.9,الدعم البصري أضعف من المنافسين من حيث عدد الصور | عدد المراجعات أقل من المنتجات المشابهة مما يضعف الثقة,trust,content
46,حصيره يوغا مضاده للانزلاق,حصيره يوغا مضاده للانزلاق,الرياضه واللياقه,unknown_subcategory,اندر ارمور,121.09,81,12,81,2,2,,False,الرياضه واللياقه,4.0,0,1163.0,2023-03-29 11:35:23,حصيره يوغا مضاده للانزلاق,حصيره يوغا مضاده للانزلاق,الرياضه واللياقه,unknown_subcategory,اندر ارمور,121.09,,False,11,1,0,413,11,1,0,1,11,11,1.0,0.0,289,289.0,1.0,11.0,False,54127.23,447,413,0.0909090909090909,0.0,0.0,1.0,0.0909090909090909,37.54545454545455,1.0,Strong,0.8698127681110167,0.8698127681110167,11.0,11.0,11.0,0.0,8.50970943604373,2.117647058823529,17.666666666666668,4.412072448258574,False,False,False,High,False,True,False,False,True,قوي,انسحاب مرتفع بعد الإضافة للسلة,انسحاب مرتفع بعد الإضافة للسلة,المنتج يحقق أداء جيدًا مقارنة ببقية المنتجات.,4.0,0,1163.0,81,12,81,2,54127.23,413,4.0,11,1,0,2024-01-01,2024-12-30,حصيره يوغا مضاده للانزلاق,0.0,0.46456181702518706,2,16,1155.68625,462.49,3.76875,4.4375,4.0,12.0625,12.0,0.0,0.0,1164.1875,1152.0,0.6120550016558437,الالكترونيات,0,1,1,0,1,0,1,0,"['weak_brand', 'category_mismatch', 'low_visual_support', 'low_review_trust']",قوة العلامة التجارية أقل من منافسيه داخل المجموعة | المنتج لا ينسجم جيدًا مع الفئة الغالبة داخل المجموعة | الدعم البصري أضعف من المنافسين من حيث عدد الصور | عدد المراجعات أقل من المنتجات المشابهة مما يضعف الثقة,4.8,48|41|50|42|47,حقيبه رياضيه جيم|حذاء جري احترافي|عداد خطوات ذكي|لباس رياضي ضاغط|اوزان حديد طقم 20 كيلو,408.69199999999995,3.66,37.79127539127539,0.9615792433233159,48,حقيبه رياضيه جيم,False,False,True,True,False,False,False,4.8,قوة العلامة التجارية أقل من منافسيه داخل المجموعة | المنتج لا ينسجم جيدًا مع الفئة الغالبة داخل المجموعة | الدعم البصري أضعف من المنافسين من حيث عدد الصور | عدد المراجعات أقل من المنتجات المشابهة مما يضعف الثقة,trust,content
47,اوزان حديد طقم 20 كيلو,اوزان حديد طقم 20 كيلو,الرياضه واللياقه,unknown_subcategory,ريبوك,691.19,73,13,73,3,3,,False,الرياضه واللياقه,3.2,0,1243.0,2023-01-08 14:24:55,اوزان حديد طقم 20 كيلو,اوزان حديد طقم 20 كيلو,الرياضه واللياقه,unknown_subcategory,ريبوك,691.19,,False,12,5,0,335,12,5,0,5,12,11,4.0,0.0,249,249.0,4.0,11.0,False,255049.11,369,335,0.4166666666666667,0.0,0.0,1.0,0.4166666666666667,30.454545454545453,1.0,Strong,0.8195909974003842,0.8195909974003842,12.0,12.0,12.0,0.0,8.50970943604373,2.117647058823529,17.666666666666668,3.5787996856334674,False,False,False,High,False,False,False,False,False,قوي,انسحاب مرتفع بعد الإضافة للسلة,انسحاب مرتفع بعد الإضافة للسلة,المنتج يحقق أداء جيدًا مقارنة ببقية المنتجات.,3.2,0,1243.0,73,13,73,3,255049.11,335,3.2,12,5,0,2024-01-01,2024-12-30,اوزان حديد طقم 20 كيلو,0.0,0.8588588111329012,2,16,1155.68625,462.49,3.76875,4.4375,4.0,12.0625,12.0,0.0,0.0,1164.1875,1152.0,0.6120550016558437,الالكترونيات,1,0,1,1,0,0,1,0,"['price_high', 'category_mismatch', 'low_rating', 'low_review_trust']",السعر أعلى من المستوى المعتاد داخل المجموعة المنافسة | المنتج لا ينسجم جيدًا مع الفئة الغالبة داخل المجموعة | تقييم المنتج أقل من متوسط المنتجات المشابهة | عدد المراجعات أقل من المنتجات المشابهة مما يضعف الثقة,5.3999999999999995,50|42|48|41|46,عداد خطوات ذكي|لباس رياضي ضاغط|حقيبه رياضيه جيم|حذاء جري احترافي|حصيره يوغا مضاده للانزلاق,294.67199999999997,3.8200000000000003,39.209457209457206,0.970124321448867,50,عداد خطوات ذكي,True,True,True,False,False,False,False,5.4,السعر أعلى من المستوى المعتاد داخل المجموعة المنافسة | المنتج لا ينسجم جيدًا مع الفئة الغالبة داخل المجموعة | تقييم المنتج أقل من متوسط المنتجات المشابهة | عدد المراجعات أقل من المنتجات المشابهة مما يضعف الثقة,pricing,trust
48,حقيبه رياضيه جيم,حقيبه رياضيه جيم,الرياضه واللياقه,unknown_subcategory,هيد,377.48,67,11,67,3,3,,False,الرياضه واللياقه,4.0,0,1180.0,2023-03-12 15:53:14,حقيبه رياضيه جيم,حقيبه رياضيه جيم,الرياضه واللياقه,unknown_subcategory,هيد,377.48,,False,13,5,0,529,13,5,0,5,13,13,5.0,0.0,330,330.0,5.0,13.0,False,220825.8,585,529,0.3846153846153846,0.0,0.0,1.0,0.3846153846153846,40.69230769230769,1.0,Strong,1.3399112478133008,1.3399112478133008,3.0,3.0,3.0,0.0,8.50970943604373,2.117647058823529,17.666666666666668,4.7818680529738575,False,False,False,High,False,False,False,False,False,قوي,انسحاب مرتفع بعد الإضافة للسلة,انسحاب مرتفع بعد الإضافة للسلة,المنتج يحقق أداء جيدًا مقارنة ببقية المنتجات.,4.0,0,1180.0,67,11,67,3,220825.8,529,4.0,13,5,0,2024-01-01,2024-12-30,حقيبه رياضيه جيم,0.0,0.6863435088021723,2,16,1155.68625,462.49,3.76875,4.4375,4.0,12.0625,12.0,0.0,0.0,1164.1875,1152.0,0.6120550016558437,الالكترونيات,0,0,1,0,0,0,1,0,"['category_mismatch', 'low_review_trust']",المنتج لا ينسجم جيدًا مع الفئة الغالبة داخل المجموعة | عدد المراجعات أقل من المنتجات المشابهة مما يضعف الثقة,2.7,46|50|41|42|47,حصيره يوغا مضاده للانزلاق|عداد خطوات ذكي|حذاء جري احترافي|لباس رياضي ضاغط|اوزان حديد طقم 20 كيلو,357.414,3.66,37.16190476190476,0.9615792433233159,46,حصيره يوغا مضاده للانزلاق,False,False,True,False,False,False,False,2.7,المنتج لا ينسجم جيدًا مع الفئة الغالبة داخل المجموعة | عدد المراجعات أقل من المنتجات المشابهة مما يضعف الثقة,trust,none
49,جهاز قياس ضغط الدم,جهاز قياس ضغط الدم,الرياضه واللياقه,unknown_subcategory,نيو بالانس,247.85,69,12,69,6,6,,False,الرياضه واللياقه,4.5,0,1240.0,2023-01-11 04:02:27,جهاز قياس ضغط الدم,جهاز قياس ضغط الدم,الرياضه واللياقه,unknown_subcategory,نيو بالانس,247.85,,False,22,4,0,22,22,4,0,4,22,22,4.0,0.0,22,22.0,4.0,22.0,False,6196.25,25,22,0.1818181818181818,0.0,0.0,1.0,0.1818181818181818,1.0,1.0,Moderate,-0.2831937812171622,-0.2831937812171622,87.0,87.0,87.0,0.0,8.50970943604373,2.117647058823529,17.666666666666668,0.1175128254984123,False,False,False,High,False,False,True,True,False,متوسط,انسحاب مرتفع بعد الإضافة للسلة,انسحاب مرتفع بعد الإضافة للسلة,المنتج يُشاهَد لكنه لا يتحول إلى شراء بالمستوى المطلوب.,4.5,0,1240.0,69,12,69,6,6196.25,22,4.5,22,4,0,2024-01-01,2024-12-30,جهاز قياس ضغط الدم,0.0,0.25522466079003814,1,27,625.2074074074073,278.2,4.074074074074074,3.3703703703703702,3.0,14.518518518518519,15.0,0.0,0.0,1153.7407407407406,1135.0,0.34956374783054484,الرياضه واللياقه,0,1,0,0,0,0,1,0,"['weak_brand', 'low_review_trust']",قوة العلامة التجارية أقل من منافسيه داخل المجموعة | عدد المراجعات أقل من المنتجات المشابهة مما يضعف الثقة,3.8,86|71|165|139|98,لباس رياضي ضاغط - اصدار خاص|حصيره يوغا مضاده للانزلاق - اصدار خاص|حذاء جري احترافي - اصدار خاص|حقيبه رياضيه جيم - اصدار خاص|اوزان حديد طقم 20 كيلو - اصدار خاص,449.192,4.02,1.9355614973262036,0.961174109194713,86,لباس رياضي ضاغط - اصدار خاص,False,False,True,False,False,False,True,3.8,قوة العلامة التجارية أقل من منافسيه داخل المجموعة | عدد المراجعات أقل من المنتجات المشابهة مما يضعف الثقة,trust,none
50,عداد خطوات ذكي,عداد خطوات ذكي,الرياضه واللياقه,unknown_subcategory,ريبوك,103.84,65,11,65,5,5,,False,الرياضه واللياقه,3.2,0,1195.0,2023-02-25 04:13:15,عداد خطوات ذكي,عداد خطوات ذكي,الرياضه واللياقه,unknown_subcategory,ريبوك,103.84,,False,8,1,0,300,8,1,0,1,8,8,1.0,0.0,238,238.0,1.0,8.0,False,33540.32,323,300,0.125,0.0,0.0,1.0,0.125,37.5,1.0,Strong,0.6291310459621049,0.6291310459621049,16.0,16.0,16.0,0.0,8.50970943604373,2.117647058823529,17.666666666666668,4.406730956190464,True,False,False,High,False,True,False,False,True,قوي,انسحاب مرتفع بعد الإضافة للسلة,انسحاب مرتفع بعد الإضافة للسلة,المنتج يحقق أداء جيدًا مقارنة ببقية المنتجات.,3.2,0,1195.0,65,11,65,5,33540.32,300,3.2,8,1,0,2024-01-01,2024-12-30,عداد خطوات ذكي,0.0,0.8588588111329012,2,16,1155.68625,462.49,3.76875,4.4375,4.0,12.0625,12.0,0.0,0.0,1164.1875,1152.0,0.6120550016558437,الالكترونيات,0,0,1,1,0,0,1,0,"['category_mismatch', 'low_rating', 'low_review_trust']",المنتج لا ينسجم جيدًا مع الفئة الغالبة داخل المجموعة | تقييم المنتج أقل من متوسط المنتجات المشابهة | عدد المراجعات أقل من المنتجات المشابهة مما يضعف الثقة,4.2,42|47|48|41|46,لباس رياضي ضاغط|اوزان حديد طقم 20 كيلو|حقيبه رياضيه جيم|حذاء جري احترافي|حصيره يوغا مضاده للانزلاق,412.142,3.8200000000000003,37.800366300366306,0.9918917724868221,42,لباس رياضي ضاغط,False,True,True,False,False,False,False,4.2,المنتج لا ينسجم جيدًا مع الفئة الغالبة داخل المجموعة | تقييم المنتج أقل من متوسط المنتجات المشابهة | عدد المراجعات أقل من المنتجات المشابهة مما يضعف الثقة,trust,none
51,كتاب تعلم البرمجه بالعربيه,كتاب تعلم البرمجه بالعربيه,الكتب والتعليم,unknown_subcategory,دار قرطبه,66.67,66,10,66,4,4,,False,الكتب والتعليم,4.2,0,1190.0,2023-03-02 05:47:04,كتاب تعلم البرمجه بالعربيه,كتاب تعلم البرمجه بالعربيه,الكتب والتعليم,unknown_subcategory,دار قرطبه,66.67,,False,55,18,0,398,55,18,0,18,55,52,18.0,0.0,274,274.0,18.0,52.0,False,28868.11,433,398,0.3272727272727272,0.0,0.0,1.0,0.3272727272727272,7.653846153846154,1.0,Strong,1.2564703826443555,1.2564703826443555,6.0,6.0,6.0,0.0,3.3634956997365264,2.083333333333333,23.17142857142857,2.275562937227987,False,False,False,High,False,False,False,False,False,قوي,انسحاب مرتفع بعد الإضافة للسلة,انسحاب مرتفع بعد الإضافة للسلة,المنتج يحقق أداء جيدًا مقارنة ببقية المنتجات.,4.2,0,1190.0,66,10,66,4,28868.11,398,4.2,55,18,0,2024-01-01,2024-12-30,كتاب تعلم البرمجه بالعربيه,0.1111111111111111,0.34274971874761795,3,35,162.01628571428571,132.13,3.834285714285714,4.228571428571429,4.0,12.914285714285715,13.0,0.0,0.0,1150.1714285714286,1147.0,0.27160789955165,الكتب والتعليم,0,0,0,0,0,0,1,0,['low_review_trust'],عدد المراجعات أقل من المنتجات المشابهة مما يضعف الثقة,1.4,113|52|84|59|55,كتاب تعلم البرمجه بالعربيه - اصدار خاص|موسوعه التاريخ الاسلامي|كتاب الطبخ العربي التقليدي - اصدار خاص|كتاب تطوير الذات والتحفيز|روايه عربيه بيست سيلر,79.512,4.4799999999999995,3.5087179487179485,0.9000177130615843,113,كتاب تعلم البرمجه بالعربيه - اصدار خاص,False,False,True,False,False,False,True,1.4,عدد المراجعات أقل من المنتجات المشابهة مما يضعف الثقة,trust,none
52,موسوعه التاريخ الاسلامي,موسوعه التاريخ الاسلامي,الكتب والتعليم,unknown_subcategory,نشر المعرفه,108.37,63,9,63,4,4,,False,الكتب والتعليم,4.4,0,1142.0,2023-04-19 12:45:56,موسوعه التاريخ الاسلامي,موسوعه التاريخ الاسلامي,الكتب والتعليم,unknown_subcategory,نشر المعرفه,108.37,,False,5,3,0,26,5,3,0,3,5,5,3.0,0.0,25,25.0,3.0,5.0,False,2925.99,27,26,0.6,0.0,0.0,1.0,0.6,5.2,1.0,Moderate,-0.3968582788149816,-0.3968582788149816,144.0,144.0,144.0,0.0,3.3634956997365264,2.083333333333333,23.17142857142857,1.546010598558914,True,False,False,High,False,True,False,False,True,متوسط,انسحاب مرتفع بعد الإضافة للسلة,انسحاب مرتفع بعد الإضافة للسلة,المنتج لا يحصل على عدد كافٍ من الزيارات خلال الفترة المختارة.,4.4,0,1142.0,63,9,63,4,2925.99,26,4.4,5,3,0,2024-01-01,2024-12-30,موسوعه التاريخ الاسلامي,0.037037037037037035,0.3843441121516434,3,35,162.01628571428571,132.13,3.834285714285714,4.228571428571429,4.0,12.914285714285715,13.0,0.0,0.0,1150.1714285714286,1147.0,0.27160789955165,الكتب والتعليم,0,0,0,0,0,1,1,0,"['short_description', 'low_review_trust']",الوصف أقصر من المعتاد ولا يقدم معلومات كافية | عدد المراجعات أقل من المنتجات المشابهة مما يضعف الثقة,3.9000000000000004,59|200|51|55|92,كتاب تطوير الذات والتحفيز|موسوعه التاريخ الاسلامي - اصدار خاص|كتاب تعلم البرمجه بالعربيه|روايه عربيه بيست سيلر|موسوعه التاريخ الاسلامي - اصدار خاص,132.664,4.380000000000001,3.6844200244200236,0.9177996274983184,59,كتاب تطوير الذات والتحفيز,False,False,True,False,True,False,True,3.9,الوصف أقصر من المعتاد ولا يقدم معلومات كافية | عدد المراجعات أقل من المنتجات المشابهة مما يضعف الثقة,trust,content
53,كتاب رياده الاعمال والنجاح,كتاب رياده الاعمال والنجاح,الكتب والتعليم,unknown_subcategory,بنغوين,95.99,75,11,75,7,7,,False,الكتب والتعليم,4.3,0,1073.0,2023-06-27 04:18:56,كتاب رياده الاعمال والنجاح,كتاب رياده الاعمال والنجاح,الكتب والتعليم,unknown_subcategory,بنغوين,95.99,,False,28,5,0,285,28,5,0,5,28,27,5.0,0.0,216,216.0,5.0,27.0,False,29084.97,303,285,0.1785714285714285,0.0,0.0,1.0,0.1785714285714285,10.555555555555555,1.0,Strong,0.4502015313706505,0.4502015313706505,27.0,27.0,27.0,0.0,3.3634956997365264,2.083333333333333,23.17142857142857,3.1382693774165986,False,False,False,High,False,False,False,False,False,قوي,انسحاب مرتفع بعد الإضافة للسلة,انسحاب مرتفع بعد الإضافة للسلة,المنتج يحقق أداء جيدًا مقارنة ببقية المنتجات.,4.3,0,1073.0,75,11,75,7,29084.97,285,4.3,28,5,0,2024-01-01,2024-12-30,كتاب رياده الاعمال والنجاح,0.037037037037037035,0.3345305105110711,3,35,162.01628571428571,132.13,3.834285714285714,4.228571428571429,4.0,12.914285714285715,13.0,0.0,0.0,1150.1714285714286,1147.0,0.27160789955165,الكتب والتعليم,0,0,0,0,0,0,1,0,['low_review_trust'],عدد المراجعات أقل من المنتجات المشابهة مما يضعف الثقة,1.4,74|57|52|58|92,كتاب الطبخ العربي التقليدي - اصدار خاص|مجموعه كتب الطفل التعليميه|موسوعه التاريخ الاسلامي|كتاب الطبخ العربي التقليدي|موسوعه التاريخ الاسلامي - اصدار خاص,156.43,3.8199999999999994,2.420016573692295,0.8630215392962151,74,كتاب الطبخ العربي التقليدي - اصدار خاص,False,False,True,False,False,False,True,1.4,عدد المراجعات أقل من المنتجات المشابهة مما يضعف الثقة,trust,none
54,قاموس عربي انجليزي شامل,قاموس عربي انجليزي شامل,الكتب والتعليم,unknown_subcategory,نشر المعرفه,131.19,71,12,71,3,3,,False,الكتب والتعليم,3.0,0,1209.0,2023-02-11 14:12:36,قاموس عربي انجليزي شامل,قاموس عربي انجليزي شامل,الكتب والتعليم,unknown_subcategory,نشر المعرفه,131.19,,False,17,5,0,292,17,5,0,5,17,16,5.0,0.0,227,227.0,5.0,16.0,False,41849.61,319,292,0.2941176470588235,0.0,0.0,1.0,0.2941176470588235,18.25,1.0,Strong,0.4955673480153479,0.4955673480153479,22.0,22.0,22.0,0.0,3.3634956997365264,2.083333333333333,23.17142857142857,5.425902581480804,False,False,False,High,False,False,False,False,False,قوي,انسحاب مرتفع بعد الإضافة للسلة,انسحاب مرتفع بعد الإضافة للسلة,المنتج يحقق أداء جيدًا مقارنة ببقية المنتجات.,3.0,0,1209.0,71,12,71,3,41849.61,292,3.0,17,5,0,2024-01-01,2024-12-30,قاموس عربي انجليزي شامل,0.037037037037037035,0.3843441121516434,3,35,162.01628571428571,132.13,3.834285714285714,4.228571428571429,4.0,12.914285714285715,13.0,0.0,0.0,1150.1714285714286,1147.0,0.27160789955165,الكتب والتعليم,0,0,0,1,0,0,1,0,"['low_rating', 'low_review_trust']",تقييم المنتج أقل من متوسط المنتجات المشابهة | عدد المراجعات أقل من المنتجات المشابهة مما يضعف الثقة,2.9000000000000004,56|89|51|94|62,دوره برمجه اكاديميه USB|كتاب رياده الاعمال والنجاح - اصدار خاص|كتاب تعلم البرمجه بالعربيه|قاموس عربي انجليزي شامل - اصدار خاص|كتاب الطبخ العربي التقليدي - اصدار خاص,156.45200000000003,3.54,5.234340659340659,0.795891526729744,56,دوره برمجه اكاديميه USB,False,True,True,False,False,False,True,2.9,تقييم المنتج أقل من متوسط المنتجات المشابهة | عدد المراجعات أقل من المنتجات المشابهة مما يضعف الثقة,trust,none
55,روايه عربيه بيست سيلر,روايه عربيه بيست سيلر,الكتب والتعليم,unknown_subcategory,اكاديميا,41.52,61,10,61,2,2,,False,الكتب والتعليم,5.0,0,1193.0,2023-02-27 10:29:27,روايه عربيه بيست سيلر,روايه عربيه بيست سيلر,الكتب والتعليم,unknown_subcategory,اكاديميا,41.52,,False,16,5,0,34,16,5,0,5,16,15,5.0,0.0,34,34.0,5.0,15.0,False,1577.7600000000002,38,34,0.3125,0.0,0.0,1.0,0.3125,2.2666666666666666,1.0,Moderate,-0.268009956310937,-0.268009956310937,82.0,82.0,82.0,0.0,3.3634956997365264,2.083333333333333,23.17142857142857,0.6739020557820906,False,False,False,High,False,False,True,False,False,متوسط,انسحاب مرتفع بعد الإضافة للسلة,انسحاب مرتفع بعد الإضافة للسلة,هناك اهتمام واضح بالمنتج لكن جزءًا من العملاء لا يكمل الشراء بعد الإضافة للسلة.,5.0,0,1193.0,61,10,61,2,1577.7600000000002,34,5.0,16,5,0,2024-01-01,2024-12-30,روايه عربيه بيست سيلر,0.037037037037037035,0.2655392479978825,3,35,162.01628571428571,132.13,3.834285714285714,4.228571428571429,4.0,12.914285714285715,13.0,0.0,0.0,1150.1714285714286,1147.0,0.27160789955165,الكتب والتعليم,0,0,0,0,1,0,1,0,"['low_visual_support', 'low_review_trust']",الدعم البصري أضعف من المنافسين من حيث عدد الصور | عدد المراجعات أقل من المنتجات المشابهة مما يضعف الثقة,3.9000000000000004,59|200|150|99|52,كتاب تطوير الذات والتحفيز|موسوعه التاريخ الاسلامي - اصدار خاص|اطلس العالم المصور - اصدار خاص|مجموعه كتب الطفل التعليميه - اصدار خاص|موسوعه التاريخ الاسلامي,182.126,4.38,2.952222222222222,0.9523466965845379,59,كتاب تطوير الذات والتحفيز,False,False,True,True,False,False,True,3.9,الدعم البصري أضعف من المنافسين من حيث عدد الصور | عدد المراجعات أقل من المنتجات المشابهة مما يضعف الثقة,trust,content
56,دوره برمجه اكاديميه USB,دوره برمجه اكاديميه USB,الكتب والتعليم,unknown_subcategory,مكتبه جرير,327.69,72,11,72,6,6,,False,الكتب والتعليم,4.1,0,1243.0,2023-01-08 07:54:57,دوره برمجه اكاديميه USB,دوره برمجه اكاديميه USB,الكتب والتعليم,unknown_subcategory,مكتبه جرير,327.69,,False,25,7,0,285,25,7,0,7,25,24,6.0,0.0,217,217.0,6.0,24.0,False,102566.97,313,285,0.28,0.0,0.0,1.0,0.28,11.875,1.0,Strong,0.5347428676601674,0.5347428676601674,20.0,20.0,20.0,0.0,3.3634956997365264,2.083333333333333,23.17142857142857,3.530553049593673,False,False,False,High,False,False,False,False,False,قوي,انسحاب مرتفع بعد الإضافة للسلة,انسحاب مرتفع بعد الإضافة للسلة,المنتج يحقق أداء جيدًا مقارنة ببقية المنتجات.,4.1,0,1243.0,72,11,72,6,102566.97,285,4.1,25,7,0,2024-01-01,2024-12-30,دوره برمجه اكاديميه USB,0.0,0.30852721680727,3,35,162.01628571428571,132.13,3.834285714285714,4.228571428571429,4.0,12.914285714285715,13.0,0.0,0.0,1150.1714285714286,1147.0,0.27160789955165,الكتب والتعليم,1,0,0,0,0,0,1,0,"['price_high', 'low_review_trust']",السعر أعلى من المستوى المعتاد داخل المجموعة المنافسة | عدد المراجعات أقل من المنتجات المشابهة مما يضعف الثقة,2.5999999999999996,60|54|171|52|144,اطلس العالم المصور|قاموس عربي انجليزي شامل|موسوعه التاريخ الاسلامي - اصدار خاص|موسوعه التاريخ الاسلامي|كتاب تطوير الذات والتحفيز - اصدار خاص,151.542,3.5200000000000005,5.952670180061484,0.8402846811584114,60,اطلس العالم المصور,True,False,True,False,False,False,True,2.6,السعر أعلى من المستوى المعتاد داخل المجموعة المنافسة | عدد المراجعات أقل من المنتجات المشابهة مما يضعف الثقة,pricing,trust
57,مجموعه كتب الطفل التعليميه,مجموعه كتب الطفل التعليميه,الكتب والتعليم,unknown_subcategory,دار قرطبه,215.42,66,10,66,8,8,,False,الكتب والتعليم,3.3,0,1116.0,2023-05-15 12:53:40,مجموعه كتب الطفل التعليميه,مجموعه كتب الطفل التعليميه,الكتب والتعليم,unknown_subcategory,دار قرطبه,215.42,,False,20,4,0,25,20,4,0,4,20,19,3.0,0.0,25,25.0,3.0,19.0,False,5600.92,26,25,0.2,0.0,0.0,1.0,0.2,1.3157894736842106,1.0,Moderate,-0.2915616598946322,-0.2915616598946322,89.0,89.0,89.0,0.0,3.3634956997365264,2.083333333333333,23.17142857142857,0.3911970138053932,False,False,False,High,False,False,True,False,False,متوسط,انسحاب مرتفع بعد الإضافة للسلة,انسحاب مرتفع بعد الإضافة للسلة,هناك اهتمام واضح بالمنتج لكن جزءًا من العملاء لا يكمل الشراء بعد الإضافة للسلة.,3.3,0,1116.0,66,10,66,8,5600.92,25,3.3,20,4,0,2024-01-01,2024-12-30,مجموعه كتب الطفل التعليميه,0.037037037037037035,0.34274971874761795,3,35,162.01628571428571,132.13,3.834285714285714,4.228571428571429,4.0,12.914285714285715,13.0,0.0,0.0,1150.1714285714286,1147.0,0.27160789955165,الكتب والتعليم,1,0,0,1,0,0,1,0,"['price_high', 'low_rating', 'low_review_trust']",السعر أعلى من المستوى المعتاد داخل المجموعة المنافسة | تقييم المنتج أقل من متوسط المنتجات المشابهة | عدد المراجعات أقل من المنتجات المشابهة مما يضعف الثقة,5.5,58|60|92|144|53,كتاب الطبخ العربي التقليدي|اطلس العالم المصور|موسوعه التاريخ الاسلامي - اصدار خاص|كتاب تطوير الذات والتحفيز - اصدار خاص|كتاب رياده الاعمال والنجاح,167.96,3.6,4.139906832298136,0.9583012267939864,58,كتاب الطبخ العربي التقليدي,True,True,True,False,False,False,True,5.5,السعر أعلى من المستوى المعتاد داخل المجموعة المنافسة | تقييم المنتج أقل من متوسط المنتجات المشابهة | عدد المراجعات أقل من المنتجات المشابهة مما يضعف الثقة,pricing,trust
58,كتاب الطبخ العربي التقليدي,كتاب الطبخ العربي التقليدي,الكتب والتعليم,unknown_subcategory,دار قرطبه,143.75,74,12,74,7,7,,False,الكتب والتعليم,3.1,0,1111.0,2023-05-20 17:30:44,كتاب الطبخ العربي التقليدي,كتاب الطبخ العربي التقليدي,الكتب والتعليم,unknown_subcategory,دار قرطبه,143.75,,False,9,2,0,29,9,2,0,2,9,8,2.0,0.0,28,28.0,2.0,8.0,False,4168.75,29,29,0.2222222222222222,0.0,0.0,1.0,0.2222222222222222,3.625,1.0,Moderate,-0.4106231632339497,-0.4106231632339497,150.0,150.0,150.0,0.0,3.3634956997365264,2.083333333333333,23.17142857142857,1.0777477730338585,True,False,False,High,False,True,True,False,True,متوسط,انسحاب مرتفع بعد الإضافة للسلة,انسحاب مرتفع بعد الإضافة للسلة,هناك اهتمام واضح بالمنتج لكن جزءًا من العملاء لا يكمل الشراء بعد الإضافة للسلة.,3.1,0,1111.0,74,12,74,7,4168.75,29,3.1,9,2,0,2024-01-01,2024-12-30,كتاب الطبخ العربي التقليدي,0.07407407407407407,0.34274971874761795,3,35,162.01628571428571,132.13,3.834285714285714,4.228571428571429,4.0,12.914285714285715,13.0,0.0,0.0,1150.1714285714286,1147.0,0.27160789955165,الكتب والتعليم,0,0,0,1,0,0,1,0,"['low_rating', 'low_review_trust']",تقييم المنتج أقل من متوسط المنتجات المشابهة | عدد المراجعات أقل من المنتجات المشابهة مما يضعف الثقة,4.3,57|92|144|172|193,مجموعه كتب الطفل التعليميه|موسوعه التاريخ الاسلامي - اصدار خاص|كتاب تطوير الذات والتحفيز - اصدار خاص|كتاب رياده الاعمال والنجاح - اصدار خاص|مجموعه كتب الطفل التعليميه - اصدار خاص,163.606,3.5,1.0589135883186225,0.9583012267939864,57,مجموعه كتب الطفل التعليميه,False,True,True,False,False,False,True,4.3,تقييم المنتج أقل من متوسط المنتجات المشابهة | عدد المراجعات أقل من المنتجات المشابهة مما يضعف الثقة,trust,none
59,كتاب تطوير الذات والتحفيز,كتاب تطوير الذات والتحفيز,الكتب والتعليم,unknown_subcategory,اكاديميا,88.07,73,12,73,3,3,,False,الكتب والتعليم,4.5,0,1147.0,2023-04-14 16:40:20,كتاب تطوير الذات والتحفيز,كتاب تطوير الذات والتحفيز,الكتب والتعليم,unknown_subcategory,اكاديميا,88.07,,False,13,4,0,32,13,4,0,4,13,10,4.0,0.0,31,31.0,4.0,10.0,False,3170.5199999999995,36,32,0.3076923076923077,0.0,0.0,1.0,0.3076923076923077,3.2,1.0,Moderate,-0.3139351375319326,-0.3139351375319326,96.0,96.0,96.0,0.0,3.3634956997365264,2.083333333333333,23.17142857142857,0.9513911375747164,False,False,False,High,False,False,True,False,False,متوسط,انسحاب مرتفع بعد الإضافة للسلة,انسحاب مرتفع بعد الإضافة للسلة,هناك اهتمام واضح بالمنتج لكن جزءًا من العملاء لا يكمل الشراء بعد الإضافة للسلة.,4.5,0,1147.0,73,12,73,3,3170.5199999999995,32,4.5,13,4,0,2024-01-01,2024-12-30,كتاب تطوير الذات والتحفيز,0.037037037037037035,0.2655392479978825,3,35,162.01628571428571,132.13,3.834285714285714,4.228571428571429,4.0,12.914285714285715,13.0,0.0,0.0,1150.1714285714286,1147.0,0.27160789955165,الكتب والتعليم,0,0,0,0,0,0,1,0,['low_review_trust'],عدد المراجعات أقل من المنتجات المشابهة مما يضعف الثقة,2.8,200|99|55|84|175,موسوعه التاريخ الاسلامي - اصدار خاص|مجموعه كتب الطفل التعليميه - اصدار خاص|روايه عربيه بيست سيلر|كتاب الطبخ العربي التقليدي - اصدار خاص|مجموعه كتب الطفل التعليميه - اصدار خاص,152.51,4.38,2.9217257683215125,0.9661651743855494,200,موسوعه التاريخ الاسلامي - اصدار خاص,False,False,True,False,False,False,True,2.8,عدد المراجعات أقل من المنتجات المشابهة مما يضعف الثقة,trust,none
60,اطلس العالم المصور,اطلس العالم المصور,الكتب والتعليم,unknown_subcategory,اكاديميا,325.99,67,10,67,6,6,,False,الكتب والتعليم,3.4,0,1165.0,2023-03-27 13:19:57,اطلس العالم المصور,اطلس العالم المصور,الكتب والتعليم,unknown_subcategory,اكاديميا,325.99,,False,9,1,0,34,9,1,0,1,9,9,1.0,0.0,32,32.0,1.0,9.0,False,11735.64,36,34,0.1111111111111111,0.0,0.0,1.0,0.1111111111111111,3.7777777777777777,1.0,Moderate,-0.4265433047356785,-0.4265433047356785,158.0,158.0,158.0,0.0,3.3634956997365264,2.083333333333333,23.17142857142857,1.1231700929701511,True,False,False,High,False,True,True,False,True,متوسط,انسحاب مرتفع بعد الإضافة للسلة,انسحاب مرتفع بعد الإضافة للسلة,هناك اهتمام واضح بالمنتج لكن جزءًا من العملاء لا يكمل الشراء بعد الإضافة للسلة.,3.4,0,1165.0,67,10,67,6,11735.64,34,3.4,9,1,0,2024-01-01,2024-12-30,اطلس العالم المصور,0.0,0.2655392479978825,3,35,162.01628571428571,132.13,3.834285714285714,4.228571428571429,4.0,12.914285714285715,13.0,0.0,0.0,1150.1714285714286,1147.0,0.27160789955165,الكتب والتعليم,1,0,0,1,0,0,1,0,"['price_high', 'low_rating', 'low_review_trust']",السعر أعلى من المستوى المعتاد داخل المجموعة المنافسة | تقييم المنتج أقل من متوسط المنتجات المشابهة | عدد المراجعات أقل من المنتجات المشابهة مما يضعف الثقة,5.5,92|57|144|77|163,موسوعه التاريخ الاسلامي - اصدار خاص|مجموعه كتب الطفل التعليميه|كتاب تطوير الذات والتحفيز - اصدار خاص|دوره برمجه اكاديميه USB - اصدار خاص|دوره برمجه اكاديميه USB - اصدار خاص,220.048,3.5200000000000005,1.5498595988298507,0.920255933787291,92,موسوعه التاريخ الاسلامي - اصدار خاص,True,True,True,False,False,False,True,5.5,السعر أعلى من المستوى المعتاد داخل المجموعة المنافسة | تقييم المنتج أقل من متوسط المنتجات المشابهة | عدد المراجعات أقل من المنتجات المشابهة مما يضعف الثقة,pricing,trust
61,فرن كهربايي 60 لتر - اصدار خاص,فرن كهربايي 60 لتر - اصدار خاص,المنزل والمطبخ,unknown_subcategory,هايسنس,1462.89,80,17,80,2,2,,False,المنزل والمطبخ,4.5,0,1081.0,2023-06-19 12:29:01,فرن كهربايي 60 لتر - اصدار خاص,فرن كهربايي 60 لتر - اصدار خاص,المنزل والمطبخ,unknown_subcategory,هايسنس,1462.89,,False,11,3,0,23,11,3,0,3,11,11,3.0,0.0,22,22.0,3.0,11.0,False,35109.36,24,23,0.2727272727272727,0.0,0.0,1.0,0.2727272727272727,2.090909090909091,1.0,Moderate,-0.38590670955332,-0.38590670955332,135.0,135.0,135.0,0.0,4.391284662352632,1.9285714285714288,21.80555555555556,0.4761497492601369,False,False,False,High,False,True,True,False,True,متوسط,انسحاب مرتفع بعد الإضافة للسلة,انسحاب مرتفع بعد الإضافة للسلة,هناك اهتمام واضح بالمنتج لكن جزءًا من العملاء لا يكمل الشراء بعد الإضافة للسلة.,4.5,0,1081.0,80,17,80,2,35109.36,23,4.5,11,3,0,2024-01-01,2024-12-30,فرن كهربايي 60 لتر - اصدار خاص,0.0,0.40907124235107295,4,32,1416.5046875,1102.21,3.725,4.0625,4.0,14.53125,16.0,0.0,0.0,1150.375,1143.5,0.26748578062704065,المنزل والمطبخ,1,0,0,0,1,0,1,0,"['price_high', 'low_visual_support', 'low_review_trust']",السعر أعلى من المستوى المعتاد داخل المجموعة المنافسة | الدعم البصري أضعف من المنافسين من حيث عدد الصور | عدد المراجعات أقل من المنتجات المشابهة مما يضعف الثقة,5.1000000000000005,170|136|134|197|168,فرن كهربايي 60 لتر - اصدار خاص|فرن كهربايي 60 لتر - اصدار خاص|ثلاجه نوفروست 350 لتر - اصدار خاص|مكيف هواء انفيرتر 18000 - اصدار خاص|مجموعه سكاكين مطبخ - اصدار خاص,1365.12,4.16,1.5950757575757575,0.9050868710730353,170,فرن كهربايي 60 لتر - اصدار خاص,True,False,True,True,False,False,True,5.1,السعر أعلى من المستوى المعتاد داخل المجموعة المنافسة | الدعم البصري أضعف من المنافسين من حيث عدد الصور | عدد المراجعات أقل من المنتجات المشابهة مما يضعف الثقة,pricing,trust
62,كتاب الطبخ العربي التقليدي - اصدار خاص,كتاب الطبخ العربي التقليدي - اصدار خاص,الكتب والتعليم,unknown_subcategory,بنغوين,122.09,87,14,87,1,1,,False,الكتب والتعليم,2.8,0,1195.0,2023-02-25 08:29:23,كتاب الطبخ العربي التقليدي - اصدار خاص,كتاب الطبخ العربي التقليدي - اصدار خاص,الكتب والتعليم,unknown_subcategory,بنغوين,122.09,,False,13,1,0,18,13,1,0,1,13,12,1.0,0.0,18,18.0,1.0,12.0,False,2441.8,20,18,0.0769230769230769,0.0,0.0,1.0,0.0769230769230769,1.5,1.0,Moderate,-0.4601829755603917,-0.4601829755603917,166.0,166.0,166.0,0.0,3.3634956997365264,2.083333333333333,23.17142857142857,0.4459645957381482,False,False,False,High,False,False,True,False,True,متوسط,انسحاب مرتفع بعد الإضافة للسلة,انسحاب مرتفع بعد الإضافة للسلة,هناك اهتمام واضح بالمنتج لكن جزءًا من العملاء لا يكمل الشراء بعد الإضافة للسلة.,2.8,0,1195.0,87,14,87,1,2441.8,18,2.8,13,1,0,2024-01-01,2024-12-30,كتاب الطبخ العربي التقليدي - اصدار خاص,0.07407407407407407,0.3345305105110711,3,35,162.01628571428571,132.13,3.834285714285714,4.228571428571429,4.0,12.914285714285715,13.0,0.0,0.0,1150.1714285714286,1147.0,0.27160789955165,الكتب والتعليم,0,0,0,1,1,0,1,0,"['low_rating', 'low_visual_support', 'low_review_trust']",تقييم المنتج أقل من متوسط المنتجات المشابهة | الدعم البصري أضعف من المنافسين من حيث عدد الصور | عدد المراجعات أقل من المنتجات المشابهة مما يضعف الثقة,5.3999999999999995,89|94|144|171|186,كتاب رياده الاعمال والنجاح - اصدار خاص|قاموس عربي انجليزي شامل - اصدار خاص|كتاب تطوير الذات والتحفيز - اصدار خاص|موسوعه التاريخ الاسلامي - اصدار خاص|كتاب الطبخ العربي التقليدي - اصدار خاص,113.498,3.2399999999999998,1.7430934604847645,0.9726691588040928,89,كتاب رياده الاعمال والنجاح - اصدار خاص,False,True,True,True,False,False,True,5.4,تقييم المنتج أقل من متوسط المنتجات المشابهة | الدعم البصري أضعف من المنافسين من حيث عدد الصور | عدد المراجعات أقل من المنتجات المشابهة مما يضعف الثقة,trust,content
63,حذاء رياضي مريح - اصدار خاص,حذاء رياضي مريح - اصدار خاص,الازياء والملابس,unknown_subcategory,بوما,557.39,76,13,76,1,1,,False,الازياء والملابس,2.9,0,1074.0,2023-06-26 19:15:38,حذاء رياضي مريح - اصدار خاص,حذاء رياضي مريح - اصدار خاص,الازياء والملابس,unknown_subcategory,بوما,557.39,,False,15,1,0,27,15,1,0,1,15,15,1.0,0.0,26,26.0,1.0,15.0,False,16721.7,30,27,0.0666666666666666,0.0,0.0,1.0,0.0666666666666666,1.8,1.0,Moderate,-0.4142260529971167,-0.4142260529971167,152.0,152.0,152.0,0.0,2.284453274168197,2.3080357142857144,18.59375,0.7879346977037235,False,False,False,High,False,False,True,False,True,متوسط,انسحاب مرتفع بعد الإضافة للسلة,انسحاب مرتفع بعد الإضافة للسلة,هناك اهتمام واضح بالمنتج لكن جزءًا من العملاء لا يكمل الشراء بعد الإضافة للسلة.,2.9,0,1074.0,76,13,76,1,16721.7,27,2.9,15,1,0,2024-01-01,2024-12-30,حذاء رياضي مريح - اصدار خاص,0.06896551724137931,0.2893764093334782,6,32,375.3246875,323.275,3.678125,4.0,4.0,12.65625,13.0,0.0,0.0,1170.6875,1174.5,0.21365830518453735,الازياء والملابس,1,0,0,1,1,0,1,0,"['price_high', 'low_rating', 'low_visual_support', 'low_review_trust']",السعر أعلى من المستوى المعتاد داخل المجموعة المنافسة | تقييم المنتج أقل من متوسط المنتجات المشابهة | الدعم البصري أضعف من المنافسين من حيث عدد الصور | عدد المراجعات أقل من المنتجات المشابهة مما يضعف الثقة,6.6000000000000005,127|166|20|190|129,قميص قطني كلاسيكي - اصدار خاص|فستان سهره انيق - اصدار خاص|حذاء رسمي جلد|حذاء رسمي جلد - اصدار خاص|تيشيرت بولو قطن - اصدار خاص,341.06399999999996,3.72,2.777751196172249,0.9210336500192103,127,قميص قطني كلاسيكي - اصدار خاص,True,True,True,True,False,False,True,6.6,السعر أعلى من المستوى المعتاد داخل المجموعة المنافسة | تقييم المنتج أقل من متوسط المنتجات المشابهة | الدعم البصري أضعف من المنافسين من حيث عدد الصور | عدد المراجعات أقل من المنتجات المشابهة مما يضعف الثقة,pricing,trust
64,عطر رجالي عودي - اصدار خاص,عطر رجالي عودي - اصدار خاص,الجمال والعنايه,unknown_subcategory,لوريال,578.73,68,13,68,2,2,,False,الجمال والعنايه,3.5,0,1176.0,2023-03-16 23:39:52,عطر رجالي عودي - اصدار خاص,عطر رجالي عودي - اصدار خاص,الجمال والعنايه,unknown_subcategory,لوريال,578.73,,False,43,11,0,40,43,11,0,11,40,40,11.0,0.0,38,38.0,11.0,38.0,False,25464.120000000003,44,40,0.2558139534883721,0.0,0.0,1.0,0.2558139534883721,1.0,1.0,Moderate,0.1695489456276913,0.1695489456276913,33.0,33.0,33.0,0.0,6.768778422340422,2.8,19.580645161290324,0.1477371451101855,False,False,False,High,False,False,True,True,False,متوسط,انسحاب مرتفع بعد الإضافة للسلة,انسحاب مرتفع بعد الإضافة للسلة,المنتج يُشاهَد لكنه لا يتحول إلى شراء بالمستوى المطلوب.,3.5,0,1176.0,68,13,68,2,25464.120000000003,40,3.5,43,11,0,2024-01-01,2024-12-30,عطر رجالي عودي - اصدار خاص,0.0,0.1642017690771361,5,31,312.03483870967744,281.44,3.770967741935484,4.451612903225806,5.0,13.64516129032258,14.0,0.0,0.0,1173.7096774193549,1186.0,0.37324573544941014,الجمال والعنايه,1,1,0,0,1,0,1,0,"['price_high', 'weak_brand', 'low_visual_support', 'low_review_trust']",السعر أعلى من المستوى المعتاد داخل المجموعة المنافسة | قوة العلامة التجارية أقل من منافسيه داخل المجموعة | الدعم البصري أضعف من المنافسين من حيث عدد الصور | عدد المراجعات أقل من المنتجات المشابهة مما يضعف الثقة,6.1000000000000005,78|109|181|160|182,عطر رجالي عودي - اصدار خاص|قناع وجه كولاجين - اصدار خاص|عطر رجالي عودي - اصدار خاص|زيت ارغان طبيعي - اصدار خاص|سيروم فيتامين سي - اصدار خاص,304.98400000000004,3.4799999999999995,2.9398168498168493,0.9179544172785882,78,عطر رجالي عودي - اصدار خاص,True,False,True,True,False,False,True,6.1,السعر أعلى من المستوى المعتاد داخل المجموعة المنافسة | قوة العلامة التجارية أقل من منافسيه داخل المجموعة | الدعم البصري أضعف من المنافسين من حيث عدد الصور | عدد المراجعات أقل من المنتجات المشابهة مما يضعف الثقة,pricing,trust
65,مكنسه كهرباييه لاسلكيه - اصدار خاص,مكنسه كهرباييه لاسلكيه - اصدار خاص,المنزل والمطبخ,unknown_subcategory,فيليبس,586.82,84,16,84,6,6,,False,المنزل والمطبخ,2.7,0,1185.0,2023-03-07 02:33:58,مكنسه كهرباييه لاسلكيه - اصدار خاص,مكنسه كهرباييه لاسلكيه - اصدار خاص,المنزل والمطبخ,unknown_subcategory,فيليبس,586.82,,False,14,5,0,27,14,5,0,5,14,14,5.0,0.0,26,26.0,5.0,14.0,False,17604.600000000002,30,27,0.3571428571428571,0.0,0.0,1.0,0.3571428571428571,1.9285714285714288,1.0,Moderate,-0.2989584227786655,-0.2989584227786655,91.0,91.0,91.0,0.0,4.391284662352632,1.9285714285714288,21.80555555555556,0.4391816010256543,False,False,False,High,False,False,True,False,False,متوسط,انسحاب مرتفع بعد الإضافة للسلة,انسحاب مرتفع بعد الإضافة للسلة,هناك اهتمام واضح بالمنتج لكن جزءًا من العملاء لا يكمل الشراء بعد الإضافة للسلة.,2.7,0,1185.0,84,16,84,6,17604.600000000002,27,2.7,14,5,0,2024-01-01,2024-12-30,مكنسه كهرباييه لاسلكيه - اصدار خاص,0.0,0.1611875560704482,4,32,1416.5046875,1102.21,3.725,4.0625,4.0,14.53125,16.0,0.0,0.0,1150.375,1143.5,0.26748578062704065,المنزل والمطبخ,0,1,0,1,0,0,1,0,"['weak_brand', 'low_rating', 'low_review_trust']",قوة العلامة التجارية أقل من منافسيه داخل المجموعة | تقييم المنتج أقل من متوسط المنتجات المشابهة | عدد المراجعات أقل من المنتجات المشابهة مما يضعف الثقة,5.3,82|135|85|106|111,مجموعه سكاكين مطبخ - اصدار خاص|طقم اواني طهي غرانيت - اصدار خاص|ماكينه قهوه اسبريسو - اصدار خاص|فرن كهربايي 60 لتر - اصدار خاص|مكواه بخاريه احترافيه - اصدار خاص,675.37,2.94,2.1935714285714285,0.9317387670585471,82,مجموعه سكاكين مطبخ - اصدار خاص,False,True,True,False,False,False,True,5.3,قوة العلامة التجارية أقل من منافسيه داخل المجموعة | تقييم المنتج أقل من متوسط المنتجات المشابهة | عدد المراجعات أقل من المنتجات المشابهة مما يضعف الثقة,trust,none
66,قميص قطني كلاسيكي - اصدار خاص,قميص قطني كلاسيكي - اصدار خاص,الازياء والملابس,unknown_subcategory,ليفايز,234.31,79,14,79,6,6,,False,الازياء والملابس,3.7,0,1159.0,2023-04-02 02:12:41,قميص قطني كلاسيكي - اصدار خاص,قميص قطني كلاسيكي - اصدار خاص,الازياء والملابس,unknown_subcategory,ليفايز,234.31,,False,9,5,0,30,9,5,0,5,9,9,5.0,0.0,29,29.0,5.0,9.0,False,7263.61,31,30,0.5555555555555556,0.0,0.0,1.0,0.5555555555555556,3.333333333333333,1.0,Moderate,-0.3209534230670632,-0.3209534230670632,103.0,103.0,103.0,0.0,2.284453274168197,2.3080357142857144,18.59375,1.4591383290809694,True,False,False,High,False,True,False,False,False,متوسط,انسحاب مرتفع بعد الإضافة للسلة,انسحاب مرتفع بعد الإضافة للسلة,المنتج لا يحصل على عدد كافٍ من الزيارات خلال الفترة المختارة.,3.7,0,1159.0,79,14,79,6,7263.61,30,3.7,9,5,0,2024-01-01,2024-12-30,قميص قطني كلاسيكي - اصدار خاص,0.034482758620689655,0.21682173667314475,6,32,375.3246875,323.275,3.678125,4.0,4.0,12.65625,13.0,0.0,0.0,1170.6875,1174.5,0.21365830518453735,الازياء والملابس,0,0,0,0,0,0,1,0,['low_review_trust'],عدد المراجعات أقل من المنتجات المشابهة مما يضعف الثقة,2.8,164|73|152|169|12,حقيبه يد جلديه - اصدار خاص|فستان سهره انيق - اصدار خاص|شال كشمير ناعم - اصدار خاص|فستان سهره انيق - اصدار خاص|فستان سهره انيق,294.15,3.6,1.4272441471571906,0.9683034210680158,164,حقيبه يد جلديه - اصدار خاص,False,False,True,False,False,False,True,2.8,عدد المراجعات أقل من المنتجات المشابهة مما يضعف الثقة,trust,none
67,لابتوب الترا سليم - اصدار خاص,لابتوب الترا سليم - اصدار خاص,الالكترونيات,unknown_subcategory,سامسونج,3651.66,82,14,82,6,6,,False,الالكترونيات,4.6,0,1132.0,2023-04-29 05:35:12,لابتوب الترا سليم - اصدار خاص,لابتوب الترا سليم - اصدار خاص,الالكترونيات,unknown_subcategory,سامسونج,3651.66,,False,21,4,0,29,21,4,0,4,21,21,4.0,0.0,29,29.0,4.0,21.0,False,113201.46,31,29,0.1904761904761904,0.0,0.0,1.0,0.1904761904761904,1.380952380952381,1.0,Moderate,-0.2309499399015273,-0.2309499399015273,71.0,71.0,71.0,0.0,7.961233440029987,1.9,20.12121212121212,0.1734596016251446,False,False,False,High,False,False,True,False,False,متوسط,انسحاب مرتفع بعد الإضافة للسلة,انسحاب مرتفع بعد الإضافة للسلة,هناك اهتمام واضح بالمنتج لكن جزءًا من العملاء لا يكمل الشراء بعد الإضافة للسلة.,4.6,0,1132.0,82,14,82,6,113201.46,29,4.6,21,4,0,2024-01-01,2024-12-30,لابتوب الترا سليم - اصدار خاص,0.0,0.6503581790480685,0,27,1979.0025925925927,1613.84,3.7074074074074073,3.925925925925926,4.0,14.37037037037037,15.0,0.0,0.0,1156.7037037037037,1138.0,0.38300357479399344,الالكترونيات,1,0,0,0,0,0,1,0,"['price_high', 'low_review_trust']",السعر أعلى من المستوى المعتاد داخل المجموعة المنافسة | عدد المراجعات أقل من المنتجات المشابهة مما يضعف الثقة,4.0,97|6|5|174|112,هاتف ذكي برو ماكس - اصدار خاص|شاشه 4K 27 انش|تابلت 10 انش|تابلت 10 انش - اصدار خاص|شاشه 4K 27 انش - اصدار خاص,1833.8940000000002,4.339999999999999,3.8309731934731936,0.8872206583577151,97,هاتف ذكي برو ماكس - اصدار خاص,True,False,True,False,False,False,True,4.0,السعر أعلى من المستوى المعتاد داخل المجموعة المنافسة | عدد المراجعات أقل من المنتجات المشابهة مما يضعف الثقة,pricing,trust
68,تابلت 10 انش - اصدار خاص,تابلت 10 انش - اصدار خاص,الالكترونيات,unknown_subcategory,شاومي,1081.84,82,16,82,6,6,,False,الالكترونيات,2.6,0,1096.0,2023-06-04 03:50:16,تابلت 10 انش - اصدار خاص,تابلت 10 انش - اصدار خاص,الالكترونيات,unknown_subcategory,شاومي,1081.84,,False,16,1,0,29,16,1,0,1,16,16,1.0,0.0,27,27.0,1.0,16.0,False,38946.24,36,29,0.0625,0.0,0.0,1.0,0.0625,1.8125,1.0,Moderate,-0.3920975386675372,-0.3920975386675372,139.0,139.0,139.0,0.0,7.961233440029987,1.9,20.12121212121212,0.2276657271330023,False,False,False,High,False,False,True,False,True,متوسط,انسحاب مرتفع بعد الإضافة للسلة,انسحاب مرتفع بعد الإضافة للسلة,هناك اهتمام واضح بالمنتج لكن جزءًا من العملاء لا يكمل الشراء بعد الإضافة للسلة.,2.6,0,1096.0,82,16,82,6,38946.24,29,2.6,16,1,0,2024-01-01,2024-12-30,تابلت 10 انش - اصدار خاص,0.0,0.6412657539712695,0,27,1979.0025925925927,1613.84,3.7074074074074073,3.925925925925926,4.0,14.37037037037037,15.0,0.0,0.0,1156.7037037037037,1138.0,0.38300357479399344,الالكترونيات,0,0,0,1,0,0,1,0,"['low_rating', 'low_review_trust']",تقييم المنتج أقل من متوسط المنتجات المشابهة | عدد المراجعات أقل من المنتجات المشابهة مما يضعف الثقة,4.3,142|161|75|97|141,مكبر صوت بلوتوث - اصدار خاص|شاحن لاسلكي سريع - اصدار خاص|تابلت 10 انش - اصدار خاص|هاتف ذكي برو ماكس - اصدار خاص|ساعه ذكيه سبورت - اصدار خاص,722.3620000000001,3.18,1.5786217437533228,0.9336280069458057,142,مكبر صوت بلوتوث - اصدار خاص,False,True,True,False,False,False,True,4.3,تقييم المنتج أقل من متوسط المنتجات المشابهة | عدد المراجعات أقل من المنتجات المشابهة مما يضعف الثقة,trust,none
69,لابتوب الترا سليم - اصدار خاص,لابتوب الترا سليم - اصدار خاص,الالكترونيات,unknown_subcategory,اوبو,5185.33,82,14,82,5,5,,False,الالكترونيات,2.5,0,1204.0,2023-02-16 23:30:48,لابتوب الترا سليم - اصدار خاص,لابتوب الترا سليم - اصدار خاص,الالكترونيات,unknown_subcategory,اوبو,5185.33,,False,17,5,0,27,17,5,0,5,17,16,5.0,0.0,26,26.0,5.0,16.0,False,150374.57,29,27,0.2941176470588235,0.0,0.0,1.0,0.2941176470588235,1.6875,1.0,Moderate,-0.2218328630812206,-0.2218328630812206,70.0,70.0,70.0,0.0,7.961233440029987,1.9,20.12121212121212,0.21196464250314,False,False,False,High,False,False,True,False,False,متوسط,انسحاب مرتفع بعد الإضافة للسلة,انسحاب مرتفع بعد الإضافة للسلة,هناك اهتمام واضح بالمنتج لكن جزءًا من العملاء لا يكمل الشراء بعد الإضافة للسلة.,2.5,0,1204.0,82,14,82,5,150374.57,27,2.5,17,5,0,2024-01-01,2024-12-30,لابتوب الترا سليم - اصدار خاص,0.0,0.0725863681329811,0,27,1979.0025925925927,1613.84,3.7074074074074073,3.925925925925926,4.0,14.37037037037037,15.0,0.0,0.0,1156.7037037037037,1138.0,0.38300357479399344,الالكترونيات,1,1,0,1,0,0,1,0,"['price_high', 'weak_brand', 'low_rating', 'low_review_trust']",السعر أعلى من المستوى المعتاد داخل المجموعة المنافسة | قوة العلامة التجارية أقل من منافسيه داخل المجموعة | تقييم المنتج أقل من متوسط المنتجات المشابهة | عدد المراجعات أقل من المنتجات المشابهة مما يضعف الثقة,6.5,107|177|108|124|147,كاميرا ميرورليس - اصدار خاص|لابتوب الترا سليم - اصدار خاص|كاميرا ميرورليس - اصدار خاص|كاميرا ميرورليس - اصدار خاص|هاتف ذكي برو ماكس - اصدار خاص,4545.302000000001,3.3600000000000003,2.2003277627533917,0.9693689167641977,107,كاميرا ميرورليس - اصدار خاص,True,True,True,False,False,False,True,6.5,السعر أعلى من المستوى المعتاد داخل المجموعة المنافسة | قوة العلامة التجارية أقل من منافسيه داخل المجموعة | تقييم المنتج أقل من متوسط المنتجات المشابهة | عدد المراجعات أقل من المنتجات المشابهة مما يضعف الثقة,pricing,trust
70,فرن كهربايي 60 لتر - اصدار خاص,فرن كهربايي 60 لتر - اصدار خاص,المنزل والمطبخ,unknown_subcategory,فيليبس,1076.29,74,13,74,2,2,,False,المنزل والمطبخ,3.1,0,1121.0,2023-05-10 00:11:40,فرن كهربايي 60 لتر - اصدار خاص,فرن كهربايي 60 لتر - اصدار خاص,المنزل والمطبخ,unknown_subcategory,فيليبس,1076.29,,False,22,6,0,26,22,6,0,6,22,22,6.0,0.0,24,24.0,6.0,22.0,False,32288.7,30,26,0.2727272727272727,0.0,0.0,1.0,0.2727272727272727,1.181818181818182,1.0,Moderate,-0.2014044324264822,-0.2014044324264822,64.0,64.0,64.0,0.0,4.391284662352632,1.9285714285714288,21.80555555555556,0.2691281191470339,False,False,False,High,False,False,True,True,False,متوسط,انسحاب مرتفع بعد الإضافة للسلة,انسحاب مرتفع بعد الإضافة للسلة,المنتج يُشاهَد لكنه لا يتحول إلى شراء بالمستوى المطلوب.,3.1,0,1121.0,74,13,74,2,32288.7,26,3.1,22,6,0,2024-01-01,2024-12-30,فرن كهربايي 60 لتر - اصدار خاص,0.0,0.1611875560704482,4,32,1416.5046875,1102.21,3.725,4.0625,4.0,14.53125,16.0,0.0,0.0,1150.375,1143.5,0.26748578062704065,المنزل والمطبخ,0,1,0,1,1,0,1,0,"['weak_brand', 'low_rating', 'low_visual_support', 'low_review_trust']",قوة العلامة التجارية أقل من منافسيه داخل المجموعة | تقييم المنتج أقل من متوسط المنتجات المشابهة | الدعم البصري أضعف من المنافسين من حيث عدد الصور | عدد المراجعات أقل من المنتجات المشابهة مما يضعف الثقة,6.3999999999999995,119|197|85|135|106,ماكينه قهوه اسبريسو - اصدار خاص|مكيف هواء انفيرتر 18000 - اصدار خاص|ماكينه قهوه اسبريسو - اصدار خاص|طقم اواني طهي غرانيت - اصدار خاص|فرن كهربايي 60 لتر - اصدار خاص,1046.4879999999998,3.04,1.3137662337662337,0.9580481726083085,119,ماكينه قهوه اسبريسو - اصدار خاص,False,True,True,True,False,False,True,6.4,قوة العلامة التجارية أقل من منافسيه داخل المجموعة | تقييم المنتج أقل من متوسط المنتجات المشابهة | الدعم البصري أضعف من المنافسين من حيث عدد الصور | عدد المراجعات أقل من المنتجات المشابهة مما يضعف الثقة,trust,content
71,حصيره يوغا مضاده للانزلاق - اصدار خاص,حصيره يوغا مضاده للانزلاق - اصدار خاص,الرياضه واللياقه,unknown_subcategory,اديداس,241.15,88,15,88,5,5,,False,الرياضه واللياقه,3.9,0,1247.0,2023-01-04 22:45:53,حصيره يوغا مضاده للانزلاق - اصدار خاص,حصيره يوغا مضاده للانزلاق - اصدار خاص,الرياضه واللياقه,unknown_subcategory,اديداس,241.15,,False,11,3,0,24,11,3,0,3,11,11,3.0,0.0,24,24.0,3.0,11.0,False,6511.05,27,24,0.2727272727272727,0.0,0.0,1.0,0.2727272727272727,2.1818181818181817,1.0,Moderate,-0.3939327661211292,-0.3939327661211292,141.0,141.0,141.0,0.0,8.50970943604373,2.117647058823529,17.666666666666668,0.2563916192692633,False,False,False,High,False,True,True,False,True,متوسط,انسحاب مرتفع بعد الإضافة للسلة,انسحاب مرتفع بعد الإضافة للسلة,هناك اهتمام واضح بالمنتج لكن جزءًا من العملاء لا يكمل الشراء بعد الإضافة للسلة.,3.9,0,1247.0,88,15,88,5,6511.05,24,3.9,11,3,0,2024-01-01,2024-12-30,حصيره يوغا مضاده للانزلاق - اصدار خاص,0.0,0.17914452481572657,1,27,625.2074074074073,278.2,4.074074074074074,3.3703703703703702,3.0,14.518518518518519,15.0,0.0,0.0,1153.7407407407406,1135.0,0.34956374783054484,الرياضه واللياقه,0,1,0,0,0,0,1,0,"['weak_brand', 'low_review_trust']",قوة العلامة التجارية أقل من منافسيه داخل المجموعة | عدد المراجعات أقل من المنتجات المشابهة مما يضعف الثقة,3.8,139|165|98|86|49,حقيبه رياضيه جيم - اصدار خاص|حذاء جري احترافي - اصدار خاص|اوزان حديد طقم 20 كيلو - اصدار خاص|لباس رياضي ضاغط - اصدار خاص|جهاز قياس ضغط الدم,450.532,4.14,1.6991978609625669,0.9787264936604676,139,حقيبه رياضيه جيم - اصدار خاص,False,False,True,False,False,False,True,3.8,قوة العلامة التجارية أقل من منافسيه داخل المجموعة | عدد المراجعات أقل من المنتجات المشابهة مما يضعف الثقة,trust,none
72,كريم مرطب SPF 50 - اصدار خاص,كريم مرطب SPF 50 - اصدار خاص,الجمال والعنايه,unknown_subcategory,دوف,295.83,92,18,92,3,3,,False,الجمال والعنايه,3.1,0,1097.0,2023-06-03 02:46:10,كريم مرطب SPF 50 - اصدار خاص,كريم مرطب SPF 50 - اصدار خاص,الجمال والعنايه,unknown_subcategory,دوف,295.83,,False,10,2,0,28,10,2,0,2,10,10,2.0,0.0,26,26.0,2.0,10.0,False,8874.9,30,28,0.2,0.0,0.0,1.0,0.2,2.8,1.0,Moderate,-0.4152172594273561,-0.4152172594273561,153.0,153.0,153.0,0.0,6.768778422340422,2.8,19.580645161290324,0.4136640063085195,False,False,False,High,False,True,True,False,True,متوسط,انسحاب مرتفع بعد الإضافة للسلة,انسحاب مرتفع بعد الإضافة للسلة,هناك اهتمام واضح بالمنتج لكن جزءًا من العملاء لا يكمل الشراء بعد الإضافة للسلة.,3.1,0,1097.0,92,18,92,3,8874.9,28,3.1,10,2,0,2024-01-01,2024-12-30,كريم مرطب SPF 50 - اصدار خاص,0.0,0.41299428008313765,5,31,312.03483870967744,281.44,3.770967741935484,4.451612903225806,5.0,13.64516129032258,14.0,0.0,0.0,1173.7096774193549,1186.0,0.37324573544941014,الجمال والعنايه,0,0,0,1,1,0,1,0,"['low_rating', 'low_visual_support', 'low_review_trust']",تقييم المنتج أقل من متوسط المنتجات المشابهة | الدعم البصري أضعف من المنافسين من حيث عدد الصور | عدد المراجعات أقل من المنتجات المشابهة مما يضعف الثقة,5.3999999999999995,87|181|132|183|189,طقم مكياج احترافي - اصدار خاص|عطر رجالي عودي - اصدار خاص|عطر رجالي عودي - اصدار خاص|كريم مرطب SPF 50 - اصدار خاص|مزيل عرق رول اون - اصدار خاص,227.43800000000002,3.3,1.5255723905723906,0.8596232741158129,87,طقم مكياج احترافي - اصدار خاص,False,True,True,True,False,False,True,5.4,تقييم المنتج أقل من متوسط المنتجات المشابهة | الدعم البصري أضعف من المنافسين من حيث عدد الصور | عدد المراجعات أقل من المنتجات المشابهة مما يضعف الثقة,trust,content
73,فستان سهره انيق - اصدار خاص,فستان سهره انيق - اصدار خاص,الازياء والملابس,unknown_subcategory,نايكي,249.37,76,13,76,6,6,,False,الازياء والملابس,3.4,0,1217.0,2023-02-03 23:58:28,فستان سهره انيق - اصدار خاص,فستان سهره انيق - اصدار خاص,الازياء والملابس,unknown_subcategory,نايكي,249.37,,False,20,9,0,37,20,9,0,9,20,20,9.0,0.0,35,35.0,9.0,20.0,False,10224.17,41,37,0.45,0.0,0.0,1.0,0.45,1.85,1.0,Moderate,-0.1062488122832567,-0.1062488122832567,45.0,45.0,45.0,0.0,2.284453274168197,2.3080357142857144,18.59375,0.809821772639938,False,False,False,High,False,False,True,False,False,متوسط,انسحاب مرتفع بعد الإضافة للسلة,انسحاب مرتفع بعد الإضافة للسلة,هناك اهتمام واضح بالمنتج لكن جزءًا من العملاء لا يكمل الشراء بعد الإضافة للسلة.,3.4,0,1217.0,76,13,76,6,10224.17,37,3.4,20,9,0,2024-01-01,2024-12-30,فستان سهره انيق - اصدار خاص,0.034482758620689655,0.18749253941550104,6,32,375.3246875,323.275,3.678125,4.0,4.0,12.65625,13.0,0.0,0.0,1170.6875,1174.5,0.21365830518453735,الازياء والملابس,0,0,0,0,0,0,1,0,['low_review_trust'],عدد المراجعات أقل من المنتجات المشابهة مما يضعف الثقة,2.8,83|169|17|66|15,فستان سهره انيق - اصدار خاص|فستان سهره انيق - اصدار خاص|شال كشمير ناعم|قميص قطني كلاسيكي - اصدار خاص|حذاء رياضي مريح,406.23799999999994,3.5,2.804306418219462,0.9771908936575023,83,فستان سهره انيق - اصدار خاص,False,False,True,False,False,False,True,2.8,عدد المراجعات أقل من المنتجات المشابهة مما يضعف الثقة,trust,none
74,كتاب الطبخ العربي التقليدي - اصدار خاص,كتاب الطبخ العربي التقليدي - اصدار خاص,الكتب والتعليم,unknown_subcategory,اكاديميا,132.13,78,13,78,6,6,,False,الكتب والتعليم,4.5,0,1100.0,2023-05-31 17:18:33,كتاب الطبخ العربي التقليدي - اصدار خاص,كتاب الطبخ العربي التقليدي - اصدار خاص,الكتب والتعليم,unknown_subcategory,اكاديميا,132.13,,False,63,15,0,27,63,15,0,15,27,62,15.0,0.0,26,26.0,15.0,26.0,False,3699.64,28,27,0.238095238095238,0.0,0.0,1.0,0.238095238095238,0.4354838709677419,1.0,Moderate,0.4394059271319397,0.4394059271319397,14.0,14.0,14.0,0.0,3.3634956997365264,2.083333333333333,23.17142857142857,0.1294735923110753,False,False,False,High,False,False,True,True,False,متوسط,انسحاب مرتفع بعد الإضافة للسلة,انسحاب مرتفع بعد الإضافة للسلة,المنتج يُشاهَد لكنه لا يتحول إلى شراء بالمستوى المطلوب.,4.5,0,1100.0,78,13,78,6,3699.64,27,4.5,63,15,0,2024-01-01,2024-12-30,كتاب الطبخ العربي التقليدي - اصدار خاص,0.07407407407407407,0.2655392479978825,3,35,162.01628571428571,132.13,3.834285714285714,4.228571428571429,4.0,12.914285714285715,13.0,0.0,0.0,1150.1714285714286,1147.0,0.27160789955165,الكتب والتعليم,0,0,0,0,0,0,1,0,['low_review_trust'],عدد المراجعات أقل من المنتجات المشابهة مما يضعف الثقة,2.8,145|92|175|120|172,قاموس عربي انجليزي شامل - اصدار خاص|موسوعه التاريخ الاسلامي - اصدار خاص|مجموعه كتب الطفل التعليميه - اصدار خاص|روايه عربيه بيست سيلر - اصدار خاص|كتاب رياده الاعمال والنجاح - اصدار خاص,122.2,4.08,1.562733359763887,0.9453503654941406,145,قاموس عربي انجليزي شامل - اصدار خاص,False,False,True,False,False,False,True,2.8,عدد المراجعات أقل من المنتجات المشابهة مما يضعف الثقة,trust,none
75,تابلت 10 انش - اصدار خاص,تابلت 10 انش - اصدار خاص,الالكترونيات,unknown_subcategory,شاومي,670.09,85,15,85,3,3,,False,الالكترونيات,3.0,0,1190.0,2023-03-02 05:03:30,تابلت 10 انش - اصدار خاص,تابلت 10 انش - اصدار خاص,الالكترونيات,unknown_subcategory,شاومي,670.09,,False,20,6,0,35,20,6,0,6,20,18,6.0,0.0,33,33.0,6.0,18.0,False,24793.33,37,35,0.3,0.0,0.0,1.0,0.3,1.9444444444444444,1.0,Moderate,-0.194066618076434,-0.194066618076434,61.0,61.0,61.0,0.0,7.961233440029987,1.9,20.12121212121212,0.2442390942423012,False,False,False,High,False,False,True,False,False,متوسط,انسحاب مرتفع بعد الإضافة للسلة,انسحاب مرتفع بعد الإضافة للسلة,هناك اهتمام واضح بالمنتج لكن جزءًا من العملاء لا يكمل الشراء بعد الإضافة للسلة.,3.0,0,1190.0,85,15,85,3,24793.33,35,3.0,20,6,0,2024-01-01,2024-12-30,تابلت 10 انش - اصدار خاص,0.0,0.6412657539712695,0,27,1979.0025925925927,1613.84,3.7074074074074073,3.925925925925926,4.0,14.37037037037037,15.0,0.0,0.0,1156.7037037037037,1138.0,0.38300357479399344,الالكترونيات,0,0,0,1,0,0,1,0,"['low_rating', 'low_review_trust']",تقييم المنتج أقل من متوسط المنتجات المشابهة | عدد المراجعات أقل من المنتجات المشابهة مما يضعف الثقة,4.3,141|161|115|68|126,ساعه ذكيه سبورت - اصدار خاص|شاحن لاسلكي سريع - اصدار خاص|شاحن لاسلكي سريع - اصدار خاص|تابلت 10 انش - اصدار خاص|شاحن لاسلكي سريع - اصدار خاص,433.56000000000006,3.28,1.3536363636363637,0.920651102812445,141,ساعه ذكيه سبورت - اصدار خاص,False,True,True,False,False,False,True,4.3,تقييم المنتج أقل من متوسط المنتجات المشابهة | عدد المراجعات أقل من المنتجات المشابهة مما يضعف الثقة,trust,none
76,حقيبه رياضيه جيم - اصدار خاص,حقيبه رياضيه جيم - اصدار خاص,الرياضه واللياقه,unknown_subcategory,نيو بالانس,110.25,82,15,82,3,3,,False,الرياضه واللياقه,4.1,0,1083.0,2023-06-17 09:51:24,حقيبه رياضيه جيم - اصدار خاص,حقيبه رياضيه جيم - اصدار خاص,الرياضه واللياقه,unknown_subcategory,نيو بالانس,110.25,,False,21,8,0,28,21,8,0,8,21,19,7.0,0.0,28,28.0,7.0,19.0,False,3417.75,31,28,0.3809523809523809,0.0,0.0,1.0,0.3809523809523809,1.4736842105263157,1.0,Moderate,-0.1526746346612413,-0.1526746346612413,53.0,53.0,53.0,0.0,8.50970943604373,2.117647058823529,17.666666666666668,0.1731767954713445,False,False,False,High,False,False,True,False,False,متوسط,انسحاب مرتفع بعد الإضافة للسلة,انسحاب مرتفع بعد الإضافة للسلة,هناك اهتمام واضح بالمنتج لكن جزءًا من العملاء لا يكمل الشراء بعد الإضافة للسلة.,4.1,0,1083.0,82,15,82,3,3417.75,28,4.1,21,8,0,2024-01-01,2024-12-30,حقيبه رياضيه جيم - اصدار خاص,0.0,0.25522466079003814,1,27,625.2074074074073,278.2,4.074074074074074,3.3703703703703702,3.0,14.518518518518519,15.0,0.0,0.0,1153.7407407407406,1135.0,0.34956374783054484,الرياضه واللياقه,0,1,0,0,0,0,1,0,"['weak_brand', 'low_review_trust']",قوة العلامة التجارية أقل من منافسيه داخل المجموعة | عدد المراجعات أقل من المنتجات المشابهة مما يضعف الثقة,3.8,114|105|110|95|118,حقيبه رياضيه جيم - اصدار خاص|حقيبه رياضيه جيم - اصدار خاص|جهاز قياس ضغط الدم - اصدار خاص|كره قدم رسميه فيفا - اصدار خاص|حصيره يوغا مضاده للانزلاق - اصدار خاص,223.74,3.9799999999999995,2.433832442067736,0.9844905021601634,114,حقيبه رياضيه جيم - اصدار خاص,False,False,True,False,False,False,True,3.8,قوة العلامة التجارية أقل من منافسيه داخل المجموعة | عدد المراجعات أقل من المنتجات المشابهة مما يضعف الثقة,trust,none
77,دوره برمجه اكاديميه USB - اصدار خاص,دوره برمجه اكاديميه USB - اصدار خاص,الكتب والتعليم,unknown_subcategory,الوراق,193.57,83,15,83,6,6,,False,الكتب والتعليم,3.4,0,1165.0,2023-03-27 09:19:16,دوره برمجه اكاديميه USB - اصدار خاص,دوره برمجه اكاديميه USB - اصدار خاص,الكتب والتعليم,unknown_subcategory,الوراق,193.57,,False,40,9,0,27,40,9,0,9,27,39,9.0,0.0,27,27.0,9.0,27.0,False,5807.099999999999,30,27,0.225,0.0,0.0,1.0,0.225,0.6923076923076923,1.0,Moderate,0.0435621137923889,0.0435621137923889,37.0,37.0,37.0,0.0,3.3634956997365264,2.083333333333333,23.17142857142857,0.2058298134176068,False,False,False,High,False,False,True,True,False,متوسط,انسحاب مرتفع بعد الإضافة للسلة,انسحاب مرتفع بعد الإضافة للسلة,المنتج يُشاهَد لكنه لا يتحول إلى شراء بالمستوى المطلوب.,3.4,0,1165.0,83,15,83,6,5807.099999999999,27,3.4,40,9,0,2024-01-01,2024-12-30,دوره برمجه اكاديميه USB - اصدار خاص,0.0,0.19596387663456882,3,35,162.01628571428571,132.13,3.834285714285714,4.228571428571429,4.0,12.914285714285715,13.0,0.0,0.0,1150.1714285714286,1147.0,0.27160789955165,الكتب والتعليم,1,1,0,1,0,0,1,0,"['price_high', 'weak_brand', 'low_rating', 'low_review_trust']",السعر أعلى من المستوى المعتاد داخل المجموعة المنافسة | قوة العلامة التجارية أقل من منافسيه داخل المجموعة | تقييم المنتج أقل من متوسط المنتجات المشابهة | عدد المراجعات أقل من المنتجات المشابهة مما يضعف الثقة,6.5,193|163|196|92|60,مجموعه كتب الطفل التعليميه - اصدار خاص|دوره برمجه اكاديميه USB - اصدار خاص|اطلس العالم المصور - اصدار خاص|موسوعه التاريخ الاسلامي - اصدار خاص|اطلس العالم المصور,278.62800000000004,3.5599999999999996,2.0405695611577963,0.9526697868513704,193,مجموعه كتب الطفل التعليميه - اصدار خاص,True,True,True,False,False,False,True,6.5,السعر أعلى من المستوى المعتاد داخل المجموعة المنافسة | قوة العلامة التجارية أقل من منافسيه داخل المجموعة | تقييم المنتج أقل من متوسط المنتجات المشابهة | عدد المراجعات أقل من المنتجات المشابهة مما يضعف الثقة,pricing,trust
78,عطر رجالي عودي - اصدار خاص,عطر رجالي عودي - اصدار خاص,الجمال والعنايه,unknown_subcategory,نارس,637.27,77,14,77,3,3,,False,الجمال والعنايه,3.7,0,1095.0,2023-06-05 13:37:14,عطر رجالي عودي - اصدار خاص,عطر رجالي عودي - اصدار خاص,الجمال والعنايه,unknown_subcategory,نارس,637.27,,False,12,3,0,29,12,3,0,3,12,12,3.0,0.0,28,28.0,3.0,12.0,False,23578.99,37,29,0.25,0.0,0.0,1.0,0.25,2.4166666666666665,1.0,Moderate,-0.3646490165189121,-0.3646490165189121,120.0,120.0,120.0,0.0,6.768778422340422,2.8,19.580645161290324,0.3570314340162818,False,False,False,High,False,False,True,False,True,متوسط,انسحاب مرتفع بعد الإضافة للسلة,انسحاب مرتفع بعد الإضافة للسلة,هناك اهتمام واضح بالمنتج لكن جزءًا من العملاء لا يكمل الشراء بعد الإضافة للسلة.,3.7,0,1095.0,77,14,77,3,23578.99,29,3.7,12,3,0,2024-01-01,2024-12-30,عطر رجالي عودي - اصدار خاص,0.0,0.14139717242244174,5,31,312.03483870967744,281.44,3.770967741935484,4.451612903225806,5.0,13.64516129032258,14.0,0.0,0.0,1173.7096774193549,1186.0,0.37324573544941014,الجمال والعنايه,1,1,0,0,1,0,1,0,"['price_high', 'weak_brand', 'low_visual_support', 'low_review_trust']",السعر أعلى من المستوى المعتاد داخل المجموعة المنافسة | قوة العلامة التجارية أقل من منافسيه داخل المجموعة | الدعم البصري أضعف من المنافسين من حيث عدد الصور | عدد المراجعات أقل من المنتجات المشابهة مما يضعف الثقة,6.1000000000000005,182|64|109|183|181,سيروم فيتامين سي - اصدار خاص|عطر رجالي عودي - اصدار خاص|قناع وجه كولاجين - اصدار خاص|كريم مرطب SPF 50 - اصدار خاص|عطر رجالي عودي - اصدار خاص,267.738,3.46,2.037964997964998,0.9533755762664731,182,سيروم فيتامين سي - اصدار خاص,True,False,True,True,False,False,True,6.1,السعر أعلى من المستوى المعتاد داخل المجموعة المنافسة | قوة العلامة التجارية أقل من منافسيه داخل المجموعة | الدعم البصري أضعف من المنافسين من حيث عدد الصور | عدد المراجعات أقل من المنتجات المشابهة مما يضعف الثقة,pricing,trust
79,سيروم فيتامين سي - اصدار خاص,سيروم فيتامين سي - اصدار خاص,الجمال والعنايه,unknown_subcategory,دوف,421.1,79,14,79,3,3,,False,الجمال والعنايه,4.6,0,1188.0,2023-03-04 08:57:13,سيروم فيتامين سي - اصدار خاص,سيروم فيتامين سي - اصدار خاص,الجمال والعنايه,unknown_subcategory,دوف,421.1,,False,1,0,0,27,1,0,0,0,1,1,0.0,0.0,26,26.0,0.0,1.0,False,13054.1,31,27,0.0,,0.0,0.0,0.0,27.0,,Moderate,0.6910247609128739,0.6910247609128739,5.0,5.0,5.0,0.0,6.768778422340422,2.8,19.580645161290324,3.9889029179750106,True,False,True,High,False,True,False,False,True,متوسط,ظهور أقل من المطلوب,مشاهدات أقل من المطلوب,المنتج لا يحصل على عدد كافٍ من الزيارات خلال الفترة المختارة.,4.6,0,1188.0,79,14,79,3,13054.1,27,4.6,1,0,0,2024-01-01,2024-12-30,سيروم فيتامين سي - اصدار خاص,0.0,0.41299428008313765,5,31,312.03483870967744,281.44,3.770967741935484,4.451612903225806,5.0,13.64516129032258,14.0,0.0,0.0,1173.7096774193549,1186.0,0.37324573544941014,الجمال والعنايه,1,0,0,0,1,0,1,0,"['price_high', 'low_visual_support', 'low_review_trust']",السعر أعلى من المستوى المعتاد داخل المجموعة المنافسة | الدعم البصري أضعف من المنافسين من حيث عدد الصور | عدد المراجعات أقل من المنتجات المشابهة مما يضعف الثقة,5.1000000000000005,32|35|31|33|39,سيروم فيتامين سي|عطر نسايي زهري|كريم مرطب SPF 50|مجموعه عنايه بالشعر|قناع وجه كولاجين,309.54200000000003,4.2,19.04140056022409,0.962224931350931,32,سيروم فيتامين سي,True,False,True,True,False,False,True,5.1,السعر أعلى من المستوى المعتاد داخل المجموعة المنافسة | الدعم البصري أضعف من المنافسين من حيث عدد الصور | عدد المراجعات أقل من المنتجات المشابهة مما يضعف الثقة,pricing,trust
80,ماكينه قهوه اسبريسو - اصدار خاص,ماكينه قهوه اسبريسو - اصدار خاص,المنزل والمطبخ,unknown_subcategory,اريتي,996.58,86,15,86,6,6,,False,المنزل والمطبخ,4.3,0,1164.0,2023-03-28 04:45:46,ماكينه قهوه اسبريسو - اصدار خاص,ماكينه قهوه اسبريسو - اصدار خاص,المنزل والمطبخ,unknown_subcategory,اريتي,996.58,,False,14,4,0,39,14,4,0,4,14,13,4.0,0.0,38,38.0,4.0,13.0,False,43849.52,44,39,0.2857142857142857,0.0,0.0,1.0,0.2857142857142857,3.0,1.0,Strong,-0.2791072734175012,-0.2791072734175012,32.0,32.0,32.0,0.0,4.391284662352632,1.9285714285714288,21.80555555555556,0.68317137937324,False,False,False,High,False,False,True,False,False,قوي,انسحاب مرتفع بعد الإضافة للسلة,انسحاب مرتفع بعد الإضافة للسلة,المنتج يحقق أداء جيدًا مقارنة ببقية المنتجات.,4.3,0,1164.0,86,15,86,6,43849.52,39,4.3,14,4,0,2024-01-01,2024-12-30,ماكينه قهوه اسبريسو - اصدار خاص,0.0,0.35033682728043275,4,32,1416.5046875,1102.21,3.725,4.0625,4.0,14.53125,16.0,0.0,0.0,1150.375,1143.5,0.26748578062704065,المنزل والمطبخ,0,0,0,0,0,0,1,0,['low_review_trust'],عدد المراجعات أقل من المنتجات المشابهة مما يضعف الثقة,1.4,128|168|153|195|27,مكواه بخاريه احترافيه - اصدار خاص|مجموعه سكاكين مطبخ - اصدار خاص|فرن كهربايي 60 لتر - اصدار خاص|فرن كهربايي 60 لتر - اصدار خاص|فرن كهربايي 60 لتر,578.922,3.6599999999999993,1.768420060331825,0.8608889176485219,128,مكواه بخاريه احترافيه - اصدار خاص,False,False,True,False,False,False,True,1.4,عدد المراجعات أقل من المنتجات المشابهة مما يضعف الثقة,trust,none
81,شاشه 4K 27 انش - اصدار خاص,شاشه 4K 27 انش - اصدار خاص,الالكترونيات,unknown_subcategory,لينوفو,1613.84,87,16,87,1,1,,False,الالكترونيات,5.0,0,1120.0,2023-05-11 07:56:37,شاشه 4K 27 انش - اصدار خاص,شاشه 4K 27 انش - اصدار خاص,الالكترونيات,unknown_subcategory,لينوفو,1613.84,,False,14,2,0,29,14,2,0,2,14,14,2.0,0.0,27,27.0,2.0,14.0,False,50029.04,31,29,0.1428571428571428,0.0,0.0,1.0,0.1428571428571428,2.071428571428572,1.0,Moderate,-0.3716431634024611,-0.3716431634024611,124.0,124.0,124.0,0.0,7.961233440029987,1.9,20.12121212121212,0.2601894024377169,False,False,False,High,False,False,True,False,True,متوسط,انسحاب مرتفع بعد الإضافة للسلة,انسحاب مرتفع بعد الإضافة للسلة,هناك اهتمام واضح بالمنتج لكن جزءًا من العملاء لا يكمل الشراء بعد الإضافة للسلة.,5.0,0,1120.0,87,16,87,1,50029.04,29,5.0,14,2,0,2024-01-01,2024-12-30,شاشه 4K 27 انش - اصدار خاص,0.0,0.19916177982170075,0,27,1979.0025925925927,1613.84,3.7074074074074073,3.925925925925926,4.0,14.37037037037037,15.0,0.0,0.0,1156.7037037037037,1138.0,0.38300357479399344,الالكترونيات,0,1,0,0,1,0,1,0,"['weak_brand', 'low_visual_support', 'low_review_trust']",قوة العلامة التجارية أقل من منافسيه داخل المجموعة | الدعم البصري أضعف من المنافسين من حيث عدد الصور | عدد المراجعات أقل من المنتجات المشابهة مما يضعف الثقة,4.8999999999999995,112|90|102|147|194,شاشه 4K 27 انش - اصدار خاص|شاشه 4K 27 انش - اصدار خاص|تابلت 10 انش - اصدار خاص|هاتف ذكي برو ماكس - اصدار خاص|ساعه ذكيه سبورت - اصدار خاص,2281.602,4.4399999999999995,1.8695178505704821,0.9246407834848365,112,شاشه 4K 27 انش - اصدار خاص,False,False,True,True,False,False,True,4.9,قوة العلامة التجارية أقل من منافسيه داخل المجموعة | الدعم البصري أضعف من المنافسين من حيث عدد الصور | عدد المراجعات أقل من المنتجات المشابهة مما يضعف الثقة,trust,content
82,مجموعه سكاكين مطبخ - اصدار خاص,مجموعه سكاكين مطبخ - اصدار خاص,المنزل والمطبخ,unknown_subcategory,ديلونجي,482.06,80,16,80,6,6,,False,المنزل والمطبخ,2.9,0,1099.0,2023-06-01 17:10:39,مجموعه سكاكين مطبخ - اصدار خاص,مجموعه سكاكين مطبخ - اصدار خاص,المنزل والمطبخ,unknown_subcategory,ديلونجي,482.06,,False,12,2,0,36,12,2,0,2,12,12,2.0,0.0,34,34.0,2.0,12.0,False,17836.22,37,36,0.1666666666666666,0.0,0.0,1.0,0.1666666666666666,3.0,1.0,Moderate,-0.3748901310658166,-0.3748901310658166,126.0,126.0,126.0,0.0,4.391284662352632,1.9285714285714288,21.80555555555556,0.68317137937324,False,False,False,High,False,False,True,False,True,متوسط,انسحاب مرتفع بعد الإضافة للسلة,انسحاب مرتفع بعد الإضافة للسلة,هناك اهتمام واضح بالمنتج لكن جزءًا من العملاء لا يكمل الشراء بعد الإضافة للسلة.,2.9,0,1099.0,80,16,80,6,17836.22,36,2.9,12,2,0,2024-01-01,2024-12-30,مجموعه سكاكين مطبخ - اصدار خاص,0.0,0.12534708542809428,4,32,1416.5046875,1102.21,3.725,4.0625,4.0,14.53125,16.0,0.0,0.0,1150.375,1143.5,0.26748578062704065,المنزل والمطبخ,0,1,0,1,0,0,1,0,"['weak_brand', 'low_rating', 'low_review_trust']",قوة العلامة التجارية أقل من منافسيه داخل المجموعة | تقييم المنتج أقل من متوسط المنتجات المشابهة | عدد المراجعات أقل من المنتجات المشابهة مما يضعف الثقة,5.3,135|65|111|85|176,طقم اواني طهي غرانيت - اصدار خاص|مكنسه كهرباييه لاسلكيه - اصدار خاص|مكواه بخاريه احترافيه - اصدار خاص|ماكينه قهوه اسبريسو - اصدار خاص|فرن كهربايي 60 لتر - اصدار خاص,860.278,3.22,1.6680812324929974,0.9673587669921193,135,طقم اواني طهي غرانيت - اصدار خاص,False,True,True,False,False,False,True,5.3,قوة العلامة التجارية أقل من منافسيه داخل المجموعة | تقييم المنتج أقل من متوسط المنتجات المشابهة | عدد المراجعات أقل من المنتجات المشابهة مما يضعف الثقة,trust,none
83,فستان سهره انيق - اصدار خاص,فستان سهره انيق - اصدار خاص,الازياء والملابس,unknown_subcategory,ماكس فاشون,584.83,76,13,76,5,5,,False,الازياء والملابس,3.4,0,1244.0,2023-01-07 06:55:35,فستان سهره انيق - اصدار خاص,فستان سهره انيق - اصدار خاص,الازياء والملابس,unknown_subcategory,ماكس فاشون,584.83,,False,15,4,1,39,15,4,1,4,15,15,4.0,1.0,38,38.0,4.0,15.0,False,26317.35,45,39,0.2666666666666666,0.25,0.0666666666666666,0.75,0.2666666666666666,2.6,0.75,Moderate,0.3432406066569163,0.3432406066569163,21.0,21.0,21.0,0.0666666666666666,2.284453274168197,2.3080357142857144,18.59375,1.138127896683156,False,False,False,High,False,False,False,False,False,متوسط,يحتاج متابعة,أداء متوسط,أداء المنتج متوسط ويمكن تحسينه من خلال تدخلات مركزة.,3.4,0,1244.0,76,13,76,5,26317.35,39,3.4,15,4,1,2024-01-01,2024-12-30,فستان سهره انيق - اصدار خاص,0.034482758620689655,0.1640086979425609,6,32,375.3246875,323.275,3.678125,4.0,4.0,12.65625,13.0,0.0,0.0,1170.6875,1174.5,0.21365830518453735,الازياء والملابس,1,1,0,0,0,0,1,0,"['price_high', 'weak_brand', 'low_review_trust']",السعر أعلى من المستوى المعتاد داخل المجموعة المنافسة | قوة العلامة التجارية أقل من منافسيه داخل المجموعة | عدد المراجعات أقل من المنتجات المشابهة مما يضعف الثقة,5.0,73|169|17|155|15,فستان سهره انيق - اصدار خاص|فستان سهره انيق - اصدار خاص|شال كشمير ناعم|حذاء رياضي مريح - اصدار خاص|حذاء رياضي مريح,352.008,3.3,2.473354037267081,0.9771908936575023,73,فستان سهره انيق - اصدار خاص,True,False,True,False,False,False,True,5.0,السعر أعلى من المستوى المعتاد داخل المجموعة المنافسة | قوة العلامة التجارية أقل من منافسيه داخل المجموعة | عدد المراجعات أقل من المنتجات المشابهة مما يضعف الثقة,pricing,trust
84,كتاب الطبخ العربي التقليدي - اصدار خاص,كتاب الطبخ العربي التقليدي - اصدار خاص,الكتب والتعليم,unknown_subcategory,بنغوين,98.36,87,14,87,2,2,,False,الكتب والتعليم,4.4,0,1148.0,2023-04-13 19:27:42,كتاب الطبخ العربي التقليدي - اصدار خاص,كتاب الطبخ العربي التقليدي - اصدار خاص,الكتب والتعليم,unknown_subcategory,بنغوين,98.36,,False,5,1,0,29,5,1,0,1,5,5,1.0,0.0,28,28.0,1.0,5.0,False,2852.44,29,29,0.2,0.0,0.0,1.0,0.2,5.8,1.0,Moderate,-0.4422993514213933,-0.4422993514213933,164.0,164.0,164.0,0.0,3.3634956997365264,2.083333333333333,23.17142857142857,1.724396436854173,True,False,False,High,False,True,False,False,True,متوسط,انسحاب مرتفع بعد الإضافة للسلة,انسحاب مرتفع بعد الإضافة للسلة,المنتج لا يحصل على عدد كافٍ من الزيارات خلال الفترة المختارة.,4.4,0,1148.0,87,14,87,2,2852.44,29,4.4,5,1,0,2024-01-01,2024-12-30,كتاب الطبخ العربي التقليدي - اصدار خاص,0.07407407407407407,0.3345305105110711,3,35,162.01628571428571,132.13,3.834285714285714,4.228571428571429,4.0,12.914285714285715,13.0,0.0,0.0,1150.1714285714286,1147.0,0.27160789955165,الكتب والتعليم,0,0,0,0,1,0,1,0,"['low_visual_support', 'low_review_trust']",الدعم البصري أضعف من المنافسين من حيث عدد الصور | عدد المراجعات أقل من المنتجات المشابهة مما يضعف الثقة,3.9000000000000004,200|59|94|175|51,موسوعه التاريخ الاسلامي - اصدار خاص|كتاب تطوير الذات والتحفيز|قاموس عربي انجليزي شامل - اصدار خاص|مجموعه كتب الطفل التعليميه - اصدار خاص|كتاب تعلم البرمجه بالعربيه,156.964,4.159999999999999,3.862494999090744,0.9694749424652034,200,موسوعه التاريخ الاسلامي - اصدار خاص,False,False,True,True,False,False,True,3.9,الدعم البصري أضعف من المنافسين من حيث عدد الصور | عدد المراجعات أقل من المنتجات المشابهة مما يضعف الثقة,trust,content
85,ماكينه قهوه اسبريسو - اصدار خاص,ماكينه قهوه اسبريسو - اصدار خاص,المنزل والمطبخ,unknown_subcategory,تيفال,1742.75,86,15,86,4,4,,False,المنزل والمطبخ,2.6,0,1150.0,2023-04-11 12:52:04,ماكينه قهوه اسبريسو - اصدار خاص,ماكينه قهوه اسبريسو - اصدار خاص,المنزل والمطبخ,unknown_subcategory,تيفال,1742.75,,False,14,3,0,24,14,3,0,3,14,14,3.0,0.0,23,23.0,3.0,14.0,False,48797.0,28,24,0.2142857142857142,0.0,0.0,1.0,0.2142857142857142,1.7142857142857142,1.0,Moderate,-0.3567037831168659,-0.3567037831168659,116.0,116.0,116.0,0.0,4.391284662352632,1.9285714285714288,21.80555555555556,0.3903836453561371,False,False,False,High,False,False,True,False,True,متوسط,انسحاب مرتفع بعد الإضافة للسلة,انسحاب مرتفع بعد الإضافة للسلة,هناك اهتمام واضح بالمنتج لكن جزءًا من العملاء لا يكمل الشراء بعد الإضافة للسلة.,2.6,0,1150.0,86,15,86,4,48797.0,24,2.6,14,3,0,2024-01-01,2024-12-30,ماكينه قهوه اسبريسو - اصدار خاص,0.0,0.14229620701857051,4,32,1416.5046875,1102.21,3.725,4.0625,4.0,14.53125,16.0,0.0,0.0,1150.375,1143.5,0.26748578062704065,المنزل والمطبخ,1,1,0,1,0,0,1,0,"['price_high', 'weak_brand', 'low_rating', 'low_review_trust']",السعر أعلى من المستوى المعتاد داخل المجموعة المنافسة | قوة العلامة التجارية أقل من منافسيه داخل المجموعة | تقييم المنتج أقل من متوسط المنتجات المشابهة | عدد المراجعات أقل من المنتجات المشابهة مما يضعف الثقة,6.5,162|70|119|65|106,ثلاجه نوفروست 350 لتر - اصدار خاص|فرن كهربايي 60 لتر - اصدار خاص|ماكينه قهوه اسبريسو - اصدار خاص|مكنسه كهرباييه لاسلكيه - اصدار خاص|فرن كهربايي 60 لتر - اصدار خاص,1157.6779999999999,3.0999999999999996,1.4287445887445889,0.9482388970923317,162,ثلاجه نوفروست 350 لتر - اصدار خاص,True,True,True,False,False,False,True,6.5,السعر أعلى من المستوى المعتاد داخل المجموعة المنافسة | قوة العلامة التجارية أقل من منافسيه داخل المجموعة | تقييم المنتج أقل من متوسط المنتجات المشابهة | عدد المراجعات أقل من المنتجات المشابهة مما يضعف الثقة,pricing,trust
86,لباس رياضي ضاغط - اصدار خاص,لباس رياضي ضاغط - اصدار خاص,الرياضه واللياقه,unknown_subcategory,نيو بالانس,336.99,83,14,83,5,5,,False,الرياضه واللياقه,4.3,0,1195.0,2023-02-25 10:53:04,لباس رياضي ضاغط - اصدار خاص,لباس رياضي ضاغط - اصدار خاص,الرياضه واللياقه,unknown_subcategory,نيو بالانس,336.99,,False,17,6,0,25,17,6,0,6,17,17,6.0,0.0,25,25.0,6.0,17.0,False,8424.75,25,25,0.3529411764705882,0.0,0.0,1.0,0.3529411764705882,1.4705882352941178,1.0,Moderate,-0.2551033987162224,-0.2551033987162224,78.0,78.0,78.0,0.0,8.50970943604373,2.117647058823529,17.666666666666668,0.1728129786741358,False,False,False,High,False,False,True,False,False,متوسط,انسحاب مرتفع بعد الإضافة للسلة,انسحاب مرتفع بعد الإضافة للسلة,هناك اهتمام واضح بالمنتج لكن جزءًا من العملاء لا يكمل الشراء بعد الإضافة للسلة.,4.3,0,1195.0,83,14,83,5,8424.75,25,4.3,17,6,0,2024-01-01,2024-12-30,لباس رياضي ضاغط - اصدار خاص,0.0,0.25522466079003814,1,27,625.2074074074073,278.2,4.074074074074074,3.3703703703703702,3.0,14.518518518518519,15.0,0.0,0.0,1153.7407407407406,1135.0,0.34956374783054484,الرياضه واللياقه,1,1,0,0,0,0,1,0,"['price_high', 'weak_brand', 'low_review_trust']",السعر أعلى من المستوى المعتاد داخل المجموعة المنافسة | قوة العلامة التجارية أقل من منافسيه داخل المجموعة | عدد المراجعات أقل من المنتجات المشابهة مما يضعف الثقة,5.0,49|98|165|71|139,جهاز قياس ضغط الدم|اوزان حديد طقم 20 كيلو - اصدار خاص|حذاء جري احترافي - اصدار خاص|حصيره يوغا مضاده للانزلاق - اصدار خاص|حقيبه رياضيه جيم - اصدار خاص,431.36400000000003,4.0600000000000005,1.8414438502673796,0.961174109194713,49,جهاز قياس ضغط الدم,True,False,True,False,False,False,True,5.0,السعر أعلى من المستوى المعتاد داخل المجموعة المنافسة | قوة العلامة التجارية أقل من منافسيه داخل المجموعة | عدد المراجعات أقل من المنتجات المشابهة مما يضعف الثقة,pricing,trust
87,طقم مكياج احترافي - اصدار خاص,طقم مكياج احترافي - اصدار خاص,الجمال والعنايه,unknown_subcategory,نيفيا,281.44,93,17,93,6,6,,False,الجمال والعنايه,2.7,0,1164.0,2023-03-28 10:22:06,طقم مكياج احترافي - اصدار خاص,طقم مكياج احترافي - اصدار خاص,الجمال والعنايه,unknown_subcategory,نيفيا,281.44,,False,47,12,0,24,47,12,0,12,24,44,11.0,0.0,21,21.0,11.0,21.0,False,7317.44,26,24,0.2553191489361702,0.0,0.0,1.0,0.2553191489361702,0.5454545454545454,1.0,Moderate,0.1941763403381989,0.1941763403381989,31.0,31.0,31.0,0.0,6.768778422340422,2.8,19.580645161290324,0.0805838973328284,False,False,False,High,False,False,True,True,False,متوسط,انسحاب مرتفع بعد الإضافة للسلة,انسحاب مرتفع بعد الإضافة للسلة,المنتج يُشاهَد لكنه لا يتحول إلى شراء بالمستوى المطلوب.,2.7,0,1164.0,93,17,93,6,7317.44,24,2.7,47,12,0,2024-01-01,2024-12-30,طقم مكياج احترافي - اصدار خاص,0.0,0.33580942862807195,5,31,312.03483870967744,281.44,3.770967741935484,4.451612903225806,5.0,13.64516129032258,14.0,0.0,0.0,1173.7096774193549,1186.0,0.37324573544941014,الجمال والعنايه,0,0,0,1,0,0,1,0,"['low_rating', 'low_review_trust']",تقييم المنتج أقل من متوسط المنتجات المشابهة | عدد المراجعات أقل من المنتجات المشابهة مما يضعف الثقة,4.3,181|72|122|109|179,عطر رجالي عودي - اصدار خاص|كريم مرطب SPF 50 - اصدار خاص|طقم مكياج احترافي - اصدار خاص|قناع وجه كولاجين - اصدار خاص|مجموعه عنايه بالشعر - اصدار خاص,307.894,3.16,3.3357142857142863,0.9071326354049756,181,عطر رجالي عودي - اصدار خاص,False,True,True,False,False,False,True,4.3,تقييم المنتج أقل من متوسط المنتجات المشابهة | عدد المراجعات أقل من المنتجات المشابهة مما يضعف الثقة,trust,none
88,دوره برمجه اكاديميه USB - اصدار خاص,دوره برمجه اكاديميه USB - اصدار خاص,الكتب والتعليم,unknown_subcategory,بنغوين,398.34,83,15,83,3,3,,False,الكتب والتعليم,3.9,0,1085.0,2023-06-15 07:38:05,دوره برمجه اكاديميه USB - اصدار خاص,دوره برمجه اكاديميه USB - اصدار خاص,الكتب والتعليم,unknown_subcategory,بنغوين,398.34,,False,7,0,0,37,7,0,0,0,7,7,0.0,0.0,36,36.0,0.0,7.0,False,15535.259999999998,39,37,0.0,,0.0,0.0,0.0,5.285714285714286,,Strong,0.3947013799900449,0.3947013799900449,31.0,31.0,31.0,0.0,3.3634956997365264,2.083333333333333,23.17142857142857,1.5714942897439508,True,False,True,High,False,True,False,False,True,قوي,ظهور أقل من المطلوب,مشاهدات أقل من المطلوب,المنتج يحقق أداء جيدًا مقارنة ببقية المنتجات.,3.9,0,1085.0,83,15,83,3,15535.259999999998,37,3.9,7,0,0,2024-01-01,2024-12-30,دوره برمجه اكاديميه USB - اصدار خاص,0.0,0.3345305105110711,3,35,162.01628571428571,132.13,3.834285714285714,4.228571428571429,4.0,12.914285714285715,13.0,0.0,0.0,1150.1714285714286,1147.0,0.27160789955165,الكتب والتعليم,1,0,0,0,0,0,1,0,"['price_high', 'low_review_trust']",السعر أعلى من المستوى المعتاد داخل المجموعة المنافسة | عدد المراجعات أقل من المنتجات المشابهة مما يضعف الثقة,2.5999999999999996,175|172|120|200|92,مجموعه كتب الطفل التعليميه - اصدار خاص|كتاب رياده الاعمال والنجاح - اصدار خاص|روايه عربيه بيست سيلر - اصدار خاص|موسوعه التاريخ الاسلامي - اصدار خاص|موسوعه التاريخ الاسلامي - اصدار خاص,145.942,3.9800000000000004,1.9082889153194427,0.9211736208832099,175,مجموعه كتب الطفل التعليميه - اصدار خاص,True,False,True,False,False,False,True,2.6,السعر أعلى من المستوى المعتاد داخل المجموعة المنافسة | عدد المراجعات أقل من المنتجات المشابهة مما يضعف الثقة,pricing,trust
89,كتاب رياده الاعمال والنجاح - اصدار خاص,كتاب رياده الاعمال والنجاح - اصدار خاص,الكتب والتعليم,unknown_subcategory,بنغوين,73.16,78,13,78,2,2,,False,الكتب والتعليم,2.8,0,1205.0,2023-02-15 23:16:14,كتاب رياده الاعمال والنجاح - اصدار خاص,كتاب رياده الاعمال والنجاح - اصدار خاص,الكتب والتعليم,unknown_subcategory,بنغوين,73.16,,False,21,7,0,24,21,7,0,7,21,21,7.0,0.0,24,24.0,7.0,21.0,False,2048.48,28,24,0.3333333333333333,0.0,0.0,1.0,0.3333333333333333,1.1428571428571428,1.0,Moderate,-0.1966312144259616,-0.1966312144259616,63.0,63.0,63.0,0.0,3.3634956997365264,2.083333333333333,23.17142857142857,0.3397825491338272,False,False,False,High,False,False,True,True,False,متوسط,انسحاب مرتفع بعد الإضافة للسلة,انسحاب مرتفع بعد الإضافة للسلة,المنتج يُشاهَد لكنه لا يتحول إلى شراء بالمستوى المطلوب.,2.8,0,1205.0,78,13,78,2,2048.48,24,2.8,21,7,0,2024-01-01,2024-12-30,كتاب رياده الاعمال والنجاح - اصدار خاص,0.037037037037037035,0.3345305105110711,3,35,162.01628571428571,132.13,3.834285714285714,4.228571428571429,4.0,12.914285714285715,13.0,0.0,0.0,1150.1714285714286,1147.0,0.27160789955165,الكتب والتعليم,0,0,0,1,1,0,1,0,"['low_rating', 'low_visual_support', 'low_review_trust']",تقييم المنتج أقل من متوسط المنتجات المشابهة | الدعم البصري أضعف من المنافسين من حيث عدد الصور | عدد المراجعات أقل من المنتجات المشابهة مما يضعف الثقة,5.3999999999999995,62|94|144|171|133,كتاب الطبخ العربي التقليدي - اصدار خاص|قاموس عربي انجليزي شامل - اصدار خاص|كتاب تطوير الذات والتحفيز - اصدار خاص|موسوعه التاريخ الاسلامي - اصدار خاص|اطلس العالم المصور - اصدار خاص,134.458,3.3600000000000003,2.2471146245059286,0.9726691588040928,62,كتاب الطبخ العربي التقليدي - اصدار خاص,False,True,True,True,False,False,True,5.4,تقييم المنتج أقل من متوسط المنتجات المشابهة | الدعم البصري أضعف من المنافسين من حيث عدد الصور | عدد المراجعات أقل من المنتجات المشابهة مما يضعف الثقة,trust,content
90,شاشه 4K 27 انش - اصدار خاص,شاشه 4K 27 انش - اصدار خاص,الالكترونيات,unknown_subcategory,ال جي,2115.26,87,16,87,5,5,,False,الالكترونيات,5.0,0,1079.0,2023-06-21 16:53:13,شاشه 4K 27 انش - اصدار خاص,شاشه 4K 27 انش - اصدار خاص,الالكترونيات,unknown_subcategory,ال جي,2115.26,,False,10,1,0,23,10,1,0,1,10,10,1.0,0.0,23,23.0,1.0,10.0,False,52881.50000000001,25,23,0.1,0.0,0.0,1.0,0.1,2.3,1.0,Moderate,-0.4458109743601261,-0.4458109743601261,165.0,165.0,165.0,0.0,7.961233440029987,1.9,20.12121212121212,0.2888999571894649,False,False,False,High,False,True,True,False,True,متوسط,انسحاب مرتفع بعد الإضافة للسلة,انسحاب مرتفع بعد الإضافة للسلة,هناك اهتمام واضح بالمنتج لكن جزءًا من العملاء لا يكمل الشراء بعد الإضافة للسلة.,5.0,0,1079.0,87,16,87,5,52881.50000000001,23,5.0,10,1,0,2024-01-01,2024-12-30,شاشه 4K 27 انش - اصدار خاص,0.0,0.2216371566152292,0,27,1979.0025925925927,1613.84,3.7074074074074073,3.925925925925926,4.0,14.37037037037037,15.0,0.0,0.0,1156.7037037037037,1138.0,0.38300357479399344,الالكترونيات,1,1,0,0,0,0,1,0,"['price_high', 'weak_brand', 'low_review_trust']",السعر أعلى من المستوى المعتاد داخل المجموعة المنافسة | قوة العلامة التجارية أقل من منافسيه داخل المجموعة | عدد المراجعات أقل من المنتجات المشابهة مما يضعف الثقة,5.0,112|81|102|194|147,شاشه 4K 27 انش - اصدار خاص|شاشه 4K 27 انش - اصدار خاص|تابلت 10 انش - اصدار خاص|ساعه ذكيه سبورت - اصدار خاص|هاتف ذكي برو ماكس - اصدار خاص,2181.318,4.4399999999999995,1.8238035648561968,0.96068720578532,112,شاشه 4K 27 انش - اصدار خاص,True,False,True,False,False,False,True,5.0,السعر أعلى من المستوى المعتاد داخل المجموعة المنافسة | قوة العلامة التجارية أقل من منافسيه داخل المجموعة | عدد المراجعات أقل من المنتجات المشابهة مما يضعف الثقة,pricing,trust
91,فرن كهربايي 60 لتر - اصدار خاص,فرن كهربايي 60 لتر - اصدار خاص,المنزل والمطبخ,unknown_subcategory,توشيبا,978.27,80,17,80,1,1,,False,المنزل والمطبخ,4.4,0,1226.0,2023-01-25 08:03:54,فرن كهربايي 60 لتر - اصدار خاص,فرن كهربايي 60 لتر - اصدار خاص,المنزل والمطبخ,unknown_subcategory,توشيبا,978.27,,False,43,9,0,27,43,9,0,9,27,41,9.0,0.0,27,27.0,9.0,27.0,False,27391.56,28,27,0.2093023255813953,0.0,0.0,1.0,0.2093023255813953,0.6585365853658537,1.0,Moderate,0.0799846623415019,0.0799846623415019,36.0,36.0,36.0,0.0,4.391284662352632,1.9285714285714288,21.80555555555556,0.1499644491307112,False,False,False,High,False,False,True,True,False,متوسط,انسحاب مرتفع بعد الإضافة للسلة,انسحاب مرتفع بعد الإضافة للسلة,المنتج يُشاهَد لكنه لا يتحول إلى شراء بالمستوى المطلوب.,4.4,0,1226.0,80,17,80,1,27391.56,27,4.4,43,9,0,2024-01-01,2024-12-30,فرن كهربايي 60 لتر - اصدار خاص,0.0,0.23130022737131772,4,32,1416.5046875,1102.21,3.725,4.0625,4.0,14.53125,16.0,0.0,0.0,1150.375,1143.5,0.26748578062704065,المنزل والمطبخ,0,0,0,0,1,0,1,0,"['low_visual_support', 'low_review_trust']",الدعم البصري أضعف من المنافسين من حيث عدد الصور | عدد المراجعات أقل من المنتجات المشابهة مما يضعف الثقة,3.9000000000000004,136|22|119|153|197,فرن كهربايي 60 لتر - اصدار خاص|غساله اوتوماتيك 8 كيلو|ماكينه قهوه اسبريسو - اصدار خاص|فرن كهربايي 60 لتر - اصدار خاص|مكيف هواء انفيرتر 18000 - اصدار خاص,1329.1260000000002,3.88,1.3863712757830406,0.8806487392702369,136,فرن كهربايي 60 لتر - اصدار خاص,False,False,True,True,False,False,True,3.9,الدعم البصري أضعف من المنافسين من حيث عدد الصور | عدد المراجعات أقل من المنتجات المشابهة مما يضعف الثقة,trust,content
92,موسوعه التاريخ الاسلامي - اصدار خاص,موسوعه التاريخ الاسلامي - اصدار خاص,الكتب والتعليم,unknown_subcategory,اكاديميا,182.48,75,12,75,5,5,,False,الكتب والتعليم,3.8,0,1126.0,2023-05-05 05:39:20,موسوعه التاريخ الاسلامي - اصدار خاص,موسوعه التاريخ الاسلامي - اصدار خاص,الكتب والتعليم,unknown_subcategory,اكاديميا,182.48,,False,21,7,0,32,21,7,0,7,21,21,7.0,0.0,32,32.0,7.0,21.0,False,6204.32,34,32,0.3333333333333333,0.0,0.0,1.0,0.3333333333333333,1.5238095238095235,1.0,Moderate,-0.1740557806523606,-0.1740557806523606,56.0,56.0,56.0,0.0,3.3634956997365264,2.083333333333333,23.17142857142857,0.4530433988451029,False,False,False,High,False,False,True,False,False,متوسط,انسحاب مرتفع بعد الإضافة للسلة,انسحاب مرتفع بعد الإضافة للسلة,هناك اهتمام واضح بالمنتج لكن جزءًا من العملاء لا يكمل الشراء بعد الإضافة للسلة.,3.8,0,1126.0,75,12,75,5,6204.32,32,3.8,21,7,0,2024-01-01,2024-12-30,موسوعه التاريخ الاسلامي - اصدار خاص,0.037037037037037035,0.2655392479978825,3,35,162.01628571428571,132.13,3.834285714285714,4.228571428571429,4.0,12.914285714285715,13.0,0.0,0.0,1150.1714285714286,1147.0,0.27160789955165,الكتب والتعليم,1,0,0,0,0,0,1,0,"['price_high', 'low_review_trust']",السعر أعلى من المستوى المعتاد داخل المجموعة المنافسة | عدد المراجعات أقل من المنتجات المشابهة مما يضعف الثقة,4.0,175|193|172|99|144,مجموعه كتب الطفل التعليميه - اصدار خاص|مجموعه كتب الطفل التعليميه - اصدار خاص|كتاب رياده الاعمال والنجاح - اصدار خاص|مجموعه كتب الطفل التعليميه - اصدار خاص|كتاب تطوير الذات والتحفيز - اصدار خاص,151.644,3.7,1.0438306682524998,0.9686780878385504,175,مجموعه كتب الطفل التعليميه - اصدار خاص,True,False,True,False,False,False,True,4.0,السعر أعلى من المستوى المعتاد داخل المجموعة المنافسة | عدد المراجعات أقل من المنتجات المشابهة مما يضعف الثقة,pricing,trust
93,شال كشمير ناعم - اصدار خاص,شال كشمير ناعم - اصدار خاص,الازياء والملابس,unknown_subcategory,زارا,304.48,75,13,75,2,2,,False,الازياء والملابس,3.8,0,1219.0,2023-02-01 10:49:14,شال كشمير ناعم - اصدار خاص,شال كشمير ناعم - اصدار خاص,الازياء والملابس,unknown_subcategory,زارا,304.48,,False,10,3,0,31,10,3,0,3,10,10,3.0,0.0,30,30.0,3.0,10.0,False,10656.8,35,31,0.3,0.0,0.0,1.0,0.3,3.1,1.0,Moderate,-0.3734238304973458,-0.3734238304973458,125.0,125.0,125.0,0.0,2.284453274168197,2.3080357142857144,18.59375,1.3569986460453016,False,False,False,High,False,True,False,False,True,متوسط,انسحاب مرتفع بعد الإضافة للسلة,انسحاب مرتفع بعد الإضافة للسلة,المنتج لا يحصل على عدد كافٍ من الزيارات خلال الفترة المختارة.,3.8,0,1219.0,75,13,75,2,10656.8,31,3.8,10,3,0,2024-01-01,2024-12-30,شال كشمير ناعم - اصدار خاص,0.0,0.2230100083996463,6,32,375.3246875,323.275,3.678125,4.0,4.0,12.65625,13.0,0.0,0.0,1170.6875,1174.5,0.21365830518453735,الازياء والملابس,0,0,0,0,1,0,1,0,"['low_visual_support', 'low_review_trust']",الدعم البصري أضعف من المنافسين من حيث عدد الصور | عدد المراجعات أقل من المنتجات المشابهة مما يضعف الثقة,3.9000000000000004,180|156|100|125|11,شال كشمير ناعم - اصدار خاص|قميص قطني كلاسيكي - اصدار خاص|حقيبه يد جلديه - اصدار خاص|شال كشمير ناعم - اصدار خاص|قميص قطني كلاسيكي,222.61000000000004,3.56,1.8877355037538102,0.9673008876273739,180,شال كشمير ناعم - اصدار خاص,False,False,True,True,False,False,True,3.9,الدعم البصري أضعف من المنافسين من حيث عدد الصور | عدد المراجعات أقل من المنتجات المشابهة مما يضعف الثقة,trust,content
94,قاموس عربي انجليزي شامل - اصدار خاص,قاموس عربي انجليزي شامل - اصدار خاص,الكتب والتعليم,unknown_subcategory,بنغوين,192.65,83,15,83,1,1,,False,الكتب والتعليم,3.8,0,1202.0,2023-02-18 15:54:19,قاموس عربي انجليزي شامل - اصدار خاص,قاموس عربي انجليزي شامل - اصدار خاص,الكتب والتعليم,unknown_subcategory,بنغوين,192.65,,False,8,3,0,28,8,3,0,3,8,7,3.0,0.0,28,28.0,3.0,7.0,False,5586.85,29,28,0.375,0.0,0.0,1.0,0.375,4.0,1.0,Moderate,-0.3843556416693339,-0.3843556416693339,133.0,133.0,133.0,0.0,3.3634956997365264,2.083333333333333,23.17142857142857,1.1892389219683952,True,False,False,High,False,True,True,False,True,متوسط,انسحاب مرتفع بعد الإضافة للسلة,انسحاب مرتفع بعد الإضافة للسلة,هناك اهتمام واضح بالمنتج لكن جزءًا من العملاء لا يكمل الشراء بعد الإضافة للسلة.,3.8,0,1202.0,83,15,83,1,5586.85,28,3.8,8,3,0,2024-01-01,2024-12-30,قاموس عربي انجليزي شامل - اصدار خاص,0.037037037037037035,0.3345305105110711,3,35,162.01628571428571,132.13,3.834285714285714,4.228571428571429,4.0,12.914285714285715,13.0,0.0,0.0,1150.1714285714286,1147.0,0.27160789955165,الكتب والتعليم,1,0,0,0,1,0,1,0,"['price_high', 'low_visual_support', 'low_review_trust']",السعر أعلى من المستوى المعتاد داخل المجموعة المنافسة | الدعم البصري أضعف من المنافسين من حيث عدد الصور | عدد المراجعات أقل من المنتجات المشابهة مما يضعف الثقة,5.1000000000000005,150|62|200|84|89,اطلس العالم المصور - اصدار خاص|كتاب الطبخ العربي التقليدي - اصدار خاص|موسوعه التاريخ الاسلامي - اصدار خاص|كتاب الطبخ العربي التقليدي - اصدار خاص|كتاب رياده الاعمال والنجاح - اصدار خاص,164.512,3.7600000000000002,2.544126984126984,0.9294423722584962,150,اطلس العالم المصور - اصدار خاص,True,False,True,True,False,False,True,5.1,السعر أعلى من المستوى المعتاد داخل المجموعة المنافسة | الدعم البصري أضعف من المنافسين من حيث عدد الصور | عدد المراجعات أقل من المنتجات المشابهة مما يضعف الثقة,pricing,trust
95,كره قدم رسميه فيفا - اصدار خاص,كره قدم رسميه فيفا - اصدار خاص,الرياضه واللياقه,unknown_subcategory,بوما,217.5,86,15,86,5,5,,False,الرياضه واللياقه,4.0,0,1126.0,2023-05-05 11:13:04,كره قدم رسميه فيفا - اصدار خاص,كره قدم رسميه فيفا - اصدار خاص,الرياضه واللياقه,unknown_subcategory,بوما,217.5,,False,17,4,0,36,17,4,0,4,17,17,4.0,0.0,35,35.0,4.0,17.0,False,8265.0,38,36,0.2352941176470588,0.0,0.0,1.0,0.2352941176470588,2.117647058823529,1.0,Moderate,-0.2853795096522355,-0.2853795096522355,88.0,88.0,88.0,0.0,8.50970943604373,2.117647058823529,17.666666666666668,0.2488506892907556,False,False,False,High,False,False,True,False,False,متوسط,انسحاب مرتفع بعد الإضافة للسلة,انسحاب مرتفع بعد الإضافة للسلة,هناك اهتمام واضح بالمنتج لكن جزءًا من العملاء لا يكمل الشراء بعد الإضافة للسلة.,4.0,0,1126.0,86,15,86,5,8265.0,36,4.0,17,4,0,2024-01-01,2024-12-30,كره قدم رسميه فيفا - اصدار خاص,0.0,0.2893764093334782,1,27,625.2074074074073,278.2,4.074074074074074,3.3703703703703702,3.0,14.518518518518519,15.0,0.0,0.0,1153.7407407407406,1135.0,0.34956374783054484,الرياضه واللياقه,0,0,0,0,0,0,1,0,['low_review_trust'],عدد المراجعات أقل من المنتجات المشابهة مما يضعف الثقة,2.8,110|76|86|114|98,جهاز قياس ضغط الدم - اصدار خاص|حقيبه رياضيه جيم - اصدار خاص|لباس رياضي ضاغط - اصدار خاص|حقيبه رياضيه جيم - اصدار خاص|اوزان حديد طقم 20 كيلو - اصدار خاص,274.256,4.159999999999999,1.6252181255277232,0.9893082693751922,110,جهاز قياس ضغط الدم - اصدار خاص,False,False,True,False,False,False,True,2.8,عدد المراجعات أقل من المنتجات المشابهة مما يضعف الثقة,trust,none
96,دراجه هواييه جبليه - اصدار خاص,دراجه هواييه جبليه - اصدار خاص,الرياضه واللياقه,unknown_subcategory,بوما,2249.21,81,14,81,3,3,,False,الرياضه واللياقه,4.3,0,1087.0,2023-06-13 14:28:27,دراجه هواييه جبليه - اصدار خاص,دراجه هواييه جبليه - اصدار خاص,الرياضه واللياقه,unknown_subcategory,بوما,2249.21,,False,45,12,0,27,45,12,0,12,27,43,12.0,0.0,27,27.0,12.0,27.0,False,69725.51,31,27,0.2666666666666666,0.0,0.0,1.0,0.2666666666666666,0.627906976744186,1.0,Moderate,0.2068871830968345,0.2068871830968345,30.0,30.0,30.0,0.0,8.50970943604373,2.117647058823529,17.666666666666668,0.0737871229873752,False,False,False,High,False,False,True,True,False,متوسط,انسحاب مرتفع بعد الإضافة للسلة,انسحاب مرتفع بعد الإضافة للسلة,المنتج يُشاهَد لكنه لا يتحول إلى شراء بالمستوى المطلوب.,4.3,0,1087.0,81,14,81,3,69725.51,27,4.3,45,12,0,2024-01-01,2024-12-30,دراجه هواييه جبليه - اصدار خاص,0.0,0.2893764093334782,1,27,625.2074074074073,278.2,4.074074074074074,3.3703703703703702,3.0,14.518518518518519,15.0,0.0,0.0,1153.7407407407406,1135.0,0.34956374783054484,الرياضه واللياقه,1,0,0,0,0,0,1,0,"['price_high', 'low_review_trust']",السعر أعلى من المستوى المعتاد داخل المجموعة المنافسة | عدد المراجعات أقل من المنتجات المشابهة مما يضعف الثقة,4.0,138|44|114|105|188,جهاز مشي كهربايي - اصدار خاص|جهاز مشي كهربايي|حقيبه رياضيه جيم - اصدار خاص|حقيبه رياضيه جيم - اصدار خاص|جهاز مشي كهربايي - اصدار خاص,1388.2279999999998,4.62,2.5612770562770564,0.9345291430866269,138,جهاز مشي كهربايي - اصدار خاص,True,False,True,False,False,False,True,4.0,السعر أعلى من المستوى المعتاد داخل المجموعة المنافسة | عدد المراجعات أقل من المنتجات المشابهة مما يضعف الثقة,pricing,trust
97,هاتف ذكي برو ماكس - اصدار خاص,هاتف ذكي برو ماكس - اصدار خاص,الالكترونيات,unknown_subcategory,ابل,1968.21,82,15,82,3,3,,False,الالكترونيات,4.1,0,1124.0,2023-05-07 10:29:08,هاتف ذكي برو ماكس - اصدار خاص,هاتف ذكي برو ماكس - اصدار خاص,الالكترونيات,unknown_subcategory,ابل,1968.21,,False,12,4,0,23,12,4,0,4,12,12,4.0,0.0,23,23.0,4.0,12.0,False,49205.25,25,23,0.3333333333333333,0.0,0.0,1.0,0.3333333333333333,1.9166666666666667,1.0,Moderate,-0.3432664056772602,-0.3432664056772602,113.0,113.0,113.0,0.0,7.961233440029987,1.9,20.12121212121212,0.2407499643245541,False,False,False,High,False,False,True,False,False,متوسط,انسحاب مرتفع بعد الإضافة للسلة,انسحاب مرتفع بعد الإضافة للسلة,هناك اهتمام واضح بالمنتج لكن جزءًا من العملاء لا يكمل الشراء بعد الإضافة للسلة.,4.1,0,1124.0,82,15,82,3,49205.25,23,4.1,12,4,0,2024-01-01,2024-12-30,هاتف ذكي برو ماكس - اصدار خاص,0.0,0.5262419688323299,0,27,1979.0025925925927,1613.84,3.7074074074074073,3.925925925925926,4.0,14.37037037037037,15.0,0.0,0.0,1156.7037037037037,1138.0,0.38300357479399344,الالكترونيات,1,0,0,0,0,0,1,0,"['price_high', 'low_review_trust']",السعر أعلى من المستوى المعتاد داخل المجموعة المنافسة | عدد المراجعات أقل من المنتجات المشابهة مما يضعف الثقة,4.0,174|67|6|75|68,تابلت 10 انش - اصدار خاص|لابتوب الترا سليم - اصدار خاص|شاشه 4K 27 انش|تابلت 10 انش - اصدار خاص|تابلت 10 انش - اصدار خاص,1781.8619999999999,3.5799999999999996,3.9684884559884557,0.900881408503224,174,تابلت 10 انش - اصدار خاص,True,False,True,False,False,False,True,4.0,السعر أعلى من المستوى المعتاد داخل المجموعة المنافسة | عدد المراجعات أقل من المنتجات المشابهة مما يضعف الثقة,pricing,trust
98,اوزان حديد طقم 20 كيلو - اصدار خاص,اوزان حديد طقم 20 كيلو - اصدار خاص,الرياضه واللياقه,unknown_subcategory,نايكي,449.02,88,17,88,6,6,,False,الرياضه واللياقه,4.1,0,1192.0,2023-02-28 15:51:38,اوزان حديد طقم 20 كيلو - اصدار خاص,اوزان حديد طقم 20 كيلو - اصدار خاص,الرياضه واللياقه,unknown_subcategory,نايكي,449.02,,False,11,3,0,26,11,3,0,3,11,11,3.0,0.0,26,26.0,3.0,11.0,False,13470.6,30,26,0.2727272727272727,0.0,0.0,1.0,0.2727272727272727,2.363636363636364,1.0,Moderate,-0.3844485749777825,-0.3844485749777825,134.0,134.0,134.0,0.0,8.50970943604373,2.117647058823529,17.666666666666668,0.277757587541702,False,False,False,High,False,True,True,False,True,متوسط,انسحاب مرتفع بعد الإضافة للسلة,انسحاب مرتفع بعد الإضافة للسلة,هناك اهتمام واضح بالمنتج لكن جزءًا من العملاء لا يكمل الشراء بعد الإضافة للسلة.,4.1,0,1192.0,88,17,88,6,13470.6,26,4.1,11,3,0,2024-01-01,2024-12-30,اوزان حديد طقم 20 كيلو - اصدار خاص,0.0,0.18749253941550104,1,27,625.2074074074073,278.2,4.074074074074074,3.3703703703703702,3.0,14.518518518518519,15.0,0.0,0.0,1153.7407407407406,1135.0,0.34956374783054484,الرياضه واللياقه,1,1,0,0,0,0,1,0,"['price_high', 'weak_brand', 'low_review_trust']",السعر أعلى من المستوى المعتاد داخل المجموعة المنافسة | قوة العلامة التجارية أقل من منافسيه داخل المجموعة | عدد المراجعات أقل من المنتجات المشابهة مما يضعف الثقة,5.0,86|71|165|139|95,لباس رياضي ضاغط - اصدار خاص|حصيره يوغا مضاده للانزلاق - اصدار خاص|حذاء جري احترافي - اصدار خاص|حقيبه رياضيه جيم - اصدار خاص|كره قدم رسميه فيفا - اصدار خاص,402.88800000000003,4.0,1.8863636363636362,0.9481462997960352,86,لباس رياضي ضاغط - اصدار خاص,True,False,True,False,False,False,True,5.0,السعر أعلى من المستوى المعتاد داخل المجموعة المنافسة | قوة العلامة التجارية أقل من منافسيه داخل المجموعة | عدد المراجعات أقل من المنتجات المشابهة مما يضعف الثقة,pricing,trust
99,مجموعه كتب الطفل التعليميه - اصدار خاص,مجموعه كتب الطفل التعليميه - اصدار خاص,الكتب والتعليم,unknown_subcategory,الوراق,185.24,78,13,78,4,4,,False,الكتب والتعليم,4.2,0,1170.0,2023-03-22 16:56:15,مجموعه كتب الطفل التعليميه - اصدار خاص,مجموعه كتب الطفل التعليميه - اصدار خاص,الكتب والتعليم,unknown_subcategory,الوراق,185.24,,False,12,5,0,25,12,5,0,5,12,12,5.0,0.0,25,25.0,5.0,12.0,False,5186.72,28,25,0.4166666666666667,0.0,0.0,1.0,0.4166666666666667,2.083333333333333,1.0,Moderate,-0.3237871427490743,-0.3237871427490743,104.0,104.0,104.0,0.0,3.3634956997365264,2.083333333333333,23.17142857142857,0.6193952718585393,False,False,False,High,False,False,True,False,False,متوسط,انسحاب مرتفع بعد الإضافة للسلة,انسحاب مرتفع بعد الإضافة للسلة,هناك اهتمام واضح بالمنتج لكن جزءًا من العملاء لا يكمل الشراء بعد الإضافة للسلة.,4.2,0,1170.0,78,13,78,4,5186.72,25,4.2,12,5,0,2024-01-01,2024-12-30,مجموعه كتب الطفل التعليميه - اصدار خاص,0.037037037037037035,0.19596387663456882,3,35,162.01628571428571,132.13,3.834285714285714,4.228571428571429,4.0,12.914285714285715,13.0,0.0,0.0,1150.1714285714286,1147.0,0.27160789955165,الكتب والتعليم,1,1,0,0,0,0,1,0,"['price_high', 'weak_brand', 'low_review_trust']",السعر أعلى من المستوى المعتاد داخل المجموعة المنافسة | قوة العلامة التجارية أقل من منافسيه داخل المجموعة | عدد المراجعات أقل من المنتجات المشابهة مما يضعف الثقة,5.0,59|92|120|193|175,كتاب تطوير الذات والتحفيز|موسوعه التاريخ الاسلامي - اصدار خاص|روايه عربيه بيست سيلر - اصدار خاص|مجموعه كتب الطفل التعليميه - اصدار خاص|مجموعه كتب الطفل التعليميه - اصدار خاص,143.352,3.96,1.7880749746707192,0.9594973620415383,59,كتاب تطوير الذات والتحفيز,True,False,True,False,False,False,True,5.0,السعر أعلى من المستوى المعتاد داخل المجموعة المنافسة | قوة العلامة التجارية أقل من منافسيه داخل المجموعة | عدد المراجعات أقل من المنتجات المشابهة مما يضعف الثقة,pricing,trust
100,حقيبه يد جلديه - اصدار خاص,حقيبه يد جلديه - اصدار خاص,الازياء والملابس,unknown_subcategory,مانجو,418.81,77,14,77,3,3,,False,الازياء والملابس,4.3,0,1173.0,2023-03-19 10:09:14,حقيبه يد جلديه - اصدار خاص,حقيبه يد جلديه - اصدار خاص,الازياء والملابس,unknown_subcategory,مانجو,418.81,,False,13,5,0,25,13,5,0,5,13,13,5.0,0.0,25,25.0,5.0,13.0,False,12145.49,29,25,0.3846153846153846,0.0,0.0,1.0,0.3846153846153846,1.9230769230769231,1.0,Moderate,-0.3142936799796672,-0.3142936799796672,97.0,97.0,97.0,0.0,2.284453274168197,2.3080357142857144,18.59375,0.84181057446979,False,False,False,High,False,False,True,False,False,متوسط,انسحاب مرتفع بعد الإضافة للسلة,انسحاب مرتفع بعد الإضافة للسلة,هناك اهتمام واضح بالمنتج لكن جزءًا من العملاء لا يكمل الشراء بعد الإضافة للسلة.,4.3,0,1173.0,77,14,77,3,12145.49,25,4.3,13,5,0,2024-01-01,2024-12-30,حقيبه يد جلديه - اصدار خاص,0.034482758620689655,0.22109747300846208,6,32,375.3246875,323.275,3.678125,4.0,4.0,12.65625,13.0,0.0,0.0,1170.6875,1174.5,0.21365830518453735,الازياء والملابس,1,0,0,0,0,0,1,0,"['price_high', 'low_review_trust']",السعر أعلى من المستوى المعتاد داخل المجموعة المنافسة | عدد المراجعات أقل من المنتجات المشابهة مما يضعف الثقة,4.0,198|158|156|121|166,حقيبه يد جلديه - اصدار خاص|فستان سهره انيق - اصدار خاص|قميص قطني كلاسيكي - اصدار خاص|حذاء رياضي مريح - اصدار خاص|فستان سهره انيق - اصدار خاص,338.3,4.16,2.20593635250918,0.9849707602429629,198,حقيبه يد جلديه - اصدار خاص,True,False,True,False,False,False,True,4.0,السعر أعلى من المستوى المعتاد داخل المجموعة المنافسة | عدد المراجعات أقل من المنتجات المشابهة مما يضعف الثقة,pricing,trust
101,مجموعه سكاكين مطبخ - اصدار خاص,مجموعه سكاكين مطبخ - اصدار خاص,المنزل والمطبخ,unknown_subcategory,بوش,241.26,74,12,74,4,4,,False,المنزل والمطبخ,3.7,0,1202.0,2023-02-18 03:23:08,مجموعه سكاكين مطبخ - اصدار خاص,مجموعه سكاكين مطبخ - اصدار خاص,المنزل والمطبخ,unknown_subcategory,بوش,241.26,,False,9,3,0,24,9,3,0,3,9,8,3.0,0.0,23,23.0,3.0,8.0,False,6996.54,29,24,0.3333333333333333,0.0,0.0,1.0,0.3333333333333333,3.0,1.0,Moderate,-0.3986581540201963,-0.3986581540201963,145.0,145.0,145.0,0.0,4.391284662352632,1.9285714285714288,21.80555555555556,0.68317137937324,True,False,False,High,False,True,True,False,True,متوسط,انسحاب مرتفع بعد الإضافة للسلة,انسحاب مرتفع بعد الإضافة للسلة,هناك اهتمام واضح بالمنتج لكن جزءًا من العملاء لا يكمل الشراء بعد الإضافة للسلة.,3.7,0,1202.0,74,12,74,4,6996.54,24,3.7,9,3,0,2024-01-01,2024-12-30,مجموعه سكاكين مطبخ - اصدار خاص,0.0,0.43444554999574114,4,32,1416.5046875,1102.21,3.725,4.0625,4.0,14.53125,16.0,0.0,0.0,1150.375,1143.5,0.26748578062704065,المنزل والمطبخ,0,0,0,0,0,0,1,0,['low_review_trust'],عدد المراجعات أقل من المنتجات المشابهة مما يضعف الثقة,2.8,128|153|195|80|24,مكواه بخاريه احترافيه - اصدار خاص|فرن كهربايي 60 لتر - اصدار خاص|فرن كهربايي 60 لتر - اصدار خاص|ماكينه قهوه اسبريسو - اصدار خاص|مكنسه كهرباييه لاسلكيه,599.836,3.7199999999999998,1.9232277526395172,0.9029589571888488,128,مكواه بخاريه احترافيه - اصدار خاص,False,False,True,False,False,False,True,2.8,عدد المراجعات أقل من المنتجات المشابهة مما يضعف الثقة,trust,none
102,تابلت 10 انش - اصدار خاص,تابلت 10 انش - اصدار خاص,الالكترونيات,unknown_subcategory,لينوفو,1982.66,85,15,85,3,3,,False,الالكترونيات,3.5,0,1138.0,2023-04-23 04:13:00,تابلت 10 انش - اصدار خاص,تابلت 10 انش - اصدار خاص,الالكترونيات,unknown_subcategory,لينوفو,1982.66,,False,20,6,0,23,20,6,0,6,20,19,6.0,0.0,20,20.0,6.0,19.0,False,51549.16,26,23,0.3,0.0,0.0,1.0,0.3,1.2105263157894737,1.0,Moderate,-0.2175834218764274,-0.2175834218764274,67.0,67.0,67.0,0.0,7.961233440029987,1.9,20.12121212121212,0.1520526090470868,False,False,False,High,False,False,True,True,False,متوسط,انسحاب مرتفع بعد الإضافة للسلة,انسحاب مرتفع بعد الإضافة للسلة,المنتج يُشاهَد لكنه لا يتحول إلى شراء بالمستوى المطلوب.,3.5,0,1138.0,85,15,85,3,51549.16,23,3.5,20,6,0,2024-01-01,2024-12-30,تابلت 10 انش - اصدار خاص,0.0,0.19916177982170075,0,27,1979.0025925925927,1613.84,3.7074074074074073,3.925925925925926,4.0,14.37037037037037,15.0,0.0,0.0,1156.7037037037037,1138.0,0.38300357479399344,الالكترونيات,1,1,0,0,0,0,1,0,"['price_high', 'weak_brand', 'low_review_trust']",السعر أعلى من المستوى المعتاد داخل المجموعة المنافسة | قوة العلامة التجارية أقل من منافسيه داخل المجموعة | عدد المراجعات أقل من المنتجات المشابهة مما يضعف الثقة,5.0,177|112|81|90|124,لابتوب الترا سليم - اصدار خاص|شاشه 4K 27 انش - اصدار خاص|شاشه 4K 27 انش - اصدار خاص|شاشه 4K 27 انش - اصدار خاص|كاميرا ميرورليس - اصدار خاص,2959.0160000000005,4.08,1.7077676912459523,0.8847089616836972,177,لابتوب الترا سليم - اصدار خاص,True,False,True,False,False,False,True,5.0,السعر أعلى من المستوى المعتاد داخل المجموعة المنافسة | قوة العلامة التجارية أقل من منافسيه داخل المجموعة | عدد المراجعات أقل من المنتجات المشابهة مما يضعف الثقة,pricing,trust
103,بنطلون جينز سليم فيت - اصدار خاص,بنطلون جينز سليم فيت - اصدار خاص,الازياء والملابس,unknown_subcategory,بوما,398.87,81,14,81,4,4,,False,الازياء والملابس,3.7,0,1246.0,2023-01-05 12:00:33,بنطلون جينز سليم فيت - اصدار خاص,بنطلون جينز سليم فيت - اصدار خاص,الازياء والملابس,unknown_subcategory,بوما,398.87,,False,11,1,0,36,11,1,0,1,11,11,1.0,0.0,36,36.0,1.0,11.0,False,15555.93,39,36,0.0909090909090909,0.0,0.0,1.0,0.0909090909090909,3.272727272727273,1.0,Moderate,-0.4111396766408458,-0.4111396766408458,151.0,151.0,151.0,0.0,2.284453274168197,2.3080357142857144,18.59375,1.432608541279497,False,False,False,High,False,True,False,False,True,متوسط,انسحاب مرتفع بعد الإضافة للسلة,انسحاب مرتفع بعد الإضافة للسلة,المنتج لا يحصل على عدد كافٍ من الزيارات خلال الفترة المختارة.,3.7,0,1246.0,81,14,81,4,15555.93,36,3.7,11,1,0,2024-01-01,2024-12-30,بنطلون جينز سليم فيت - اصدار خاص,0.10344827586206896,0.2893764093334782,6,32,375.3246875,323.275,3.678125,4.0,4.0,12.65625,13.0,0.0,0.0,1170.6875,1174.5,0.21365830518453735,الازياء والملابس,1,0,0,0,0,0,1,0,"['price_high', 'low_review_trust']",السعر أعلى من المستوى المعتاد داخل المجموعة المنافسة | عدد المراجعات أقل من المنتجات المشابهة مما يضعف الثقة,4.0,184|155|11|83|73,حذاء رسمي جلد - اصدار خاص|حذاء رياضي مريح - اصدار خاص|قميص قطني كلاسيكي|فستان سهره انيق - اصدار خاص|فستان سهره انيق - اصدار خاص,364.85200000000003,3.12,2.6042857142857145,0.9195490391472966,184,حذاء رسمي جلد - اصدار خاص,True,False,True,False,False,False,True,4.0,السعر أعلى من المستوى المعتاد داخل المجموعة المنافسة | عدد المراجعات أقل من المنتجات المشابهة مما يضعف الثقة,pricing,trust
104,قناع وجه كولاجين - اصدار خاص,قناع وجه كولاجين - اصدار خاص,الجمال والعنايه,unknown_subcategory,افينو,146.34,70,13,70,1,1,,False,الجمال والعنايه,3.0,0,1241.0,2023-01-10 19:32:07,قناع وجه كولاجين - اصدار خاص,قناع وجه كولاجين - اصدار خاص,الجمال والعنايه,unknown_subcategory,افينو,146.34,,False,10,3,0,31,10,3,0,3,10,10,3.0,0.0,29,29.0,3.0,10.0,False,4829.22,33,31,0.3,0.0,0.0,1.0,0.3,3.1,1.0,Moderate,-0.3757434025056189,-0.3757434025056189,127.0,127.0,127.0,0.0,6.768778422340422,2.8,19.580645161290324,0.4579851498415753,False,False,False,High,False,True,True,False,True,متوسط,انسحاب مرتفع بعد الإضافة للسلة,انسحاب مرتفع بعد الإضافة للسلة,هناك اهتمام واضح بالمنتج لكن جزءًا من العملاء لا يكمل الشراء بعد الإضافة للسلة.,3.0,0,1241.0,70,13,70,1,4829.22,31,3.0,10,3,0,2024-01-01,2024-12-30,قناع وجه كولاجين - اصدار خاص,0.0,0.3740625644147615,5,31,312.03483870967744,281.44,3.770967741935484,4.451612903225806,5.0,13.64516129032258,14.0,0.0,0.0,1173.7096774193549,1186.0,0.37324573544941014,الجمال والعنايه,0,0,0,1,1,0,1,0,"['low_rating', 'low_visual_support', 'low_review_trust']",تقييم المنتج أقل من متوسط المنتجات المشابهة | الدعم البصري أضعف من المنافسين من حيث عدد الصور | عدد المراجعات أقل من المنتجات المشابهة مما يضعف الثقة,5.3999999999999995,199|189|132|160|64,زيت ارغان طبيعي - اصدار خاص|مزيل عرق رول اون - اصدار خاص|عطر رجالي عودي - اصدار خاص|زيت ارغان طبيعي - اصدار خاص|عطر رجالي عودي - اصدار خاص,263.206,3.4200000000000004,2.052142857142857,0.9867745238094339,199,زيت ارغان طبيعي - اصدار خاص,False,True,True,True,False,False,True,5.4,تقييم المنتج أقل من متوسط المنتجات المشابهة | الدعم البصري أضعف من المنافسين من حيث عدد الصور | عدد المراجعات أقل من المنتجات المشابهة مما يضعف الثقة,trust,content
105,حقيبه رياضيه جيم - اصدار خاص,حقيبه رياضيه جيم - اصدار خاص,الرياضه واللياقه,unknown_subcategory,نيو بالانس,250.27,82,15,82,2,2,,False,الرياضه واللياقه,4.6,0,1079.0,2023-06-21 08:32:30,حقيبه رياضيه جيم - اصدار خاص,حقيبه رياضيه جيم - اصدار خاص,الرياضه واللياقه,unknown_subcategory,نيو بالانس,250.27,,False,10,3,0,24,10,3,0,3,10,10,3.0,0.0,24,24.0,3.0,10.0,False,6256.75,25,24,0.3,0.0,0.0,1.0,0.3,2.4,1.0,Moderate,-0.3997649464377055,-0.3997649464377055,147.0,147.0,147.0,0.0,8.50970943604373,2.117647058823529,17.666666666666668,0.2820307811961897,False,False,False,High,False,True,True,False,True,متوسط,انسحاب مرتفع بعد الإضافة للسلة,انسحاب مرتفع بعد الإضافة للسلة,هناك اهتمام واضح بالمنتج لكن جزءًا من العملاء لا يكمل الشراء بعد الإضافة للسلة.,4.6,0,1079.0,82,15,82,2,6256.75,24,4.6,10,3,0,2024-01-01,2024-12-30,حقيبه رياضيه جيم - اصدار خاص,0.0,0.25522466079003814,1,27,625.2074074074073,278.2,4.074074074074074,3.3703703703703702,3.0,14.518518518518519,15.0,0.0,0.0,1153.7407407407406,1135.0,0.34956374783054484,الرياضه واللياقه,0,1,0,0,1,0,1,0,"['weak_brand', 'low_visual_support', 'low_review_trust']",قوة العلامة التجارية أقل من منافسيه داخل المجموعة | الدعم البصري أضعف من المنافسين من حيث عدد الصور | عدد المراجعات أقل من المنتجات المشابهة مما يضعف الثقة,4.8999999999999995,114|76|110|157|95,حقيبه رياضيه جيم - اصدار خاص|حقيبه رياضيه جيم - اصدار خاص|جهاز قياس ضغط الدم - اصدار خاص|جهاز قياس ضغط الدم - اصدار خاص|كره قدم رسميه فيفا - اصدار خاص,216.19400000000002,4.22,1.6652359508396661,0.9905575016661026,114,حقيبه رياضيه جيم - اصدار خاص,False,False,True,True,False,False,True,4.9,قوة العلامة التجارية أقل من منافسيه داخل المجموعة | الدعم البصري أضعف من المنافسين من حيث عدد الصور | عدد المراجعات أقل من المنتجات المشابهة مما يضعف الثقة,trust,content
106,فرن كهربايي 60 لتر - اصدار خاص,فرن كهربايي 60 لتر - اصدار خاص,المنزل والمطبخ,unknown_subcategory,وايتبوينت,449.77,80,17,80,2,2,,False,المنزل والمطبخ,2.6,0,1180.0,2023-03-12 09:28:59,فرن كهربايي 60 لتر - اصدار خاص,فرن كهربايي 60 لتر - اصدار خاص,المنزل والمطبخ,unknown_subcategory,وايتبوينت,449.77,,False,14,3,0,27,14,3,0,3,14,14,3.0,0.0,26,26.0,3.0,14.0,False,13043.33,29,27,0.2142857142857142,0.0,0.0,1.0,0.2142857142857142,1.9285714285714288,1.0,Moderate,-0.3618653796637979,-0.3618653796637979,119.0,119.0,119.0,0.0,4.391284662352632,1.9285714285714288,21.80555555555556,0.4391816010256543,False,False,False,High,False,False,True,False,True,متوسط,انسحاب مرتفع بعد الإضافة للسلة,انسحاب مرتفع بعد الإضافة للسلة,هناك اهتمام واضح بالمنتج لكن جزءًا من العملاء لا يكمل الشراء بعد الإضافة للسلة.,2.6,0,1180.0,80,17,80,2,13043.33,27,2.6,14,3,0,2024-01-01,2024-12-30,فرن كهربايي 60 لتر - اصدار خاص,0.0,0.08859357106103849,4,32,1416.5046875,1102.21,3.725,4.0625,4.0,14.53125,16.0,0.0,0.0,1150.375,1143.5,0.26748578062704065,المنزل والمطبخ,0,1,0,1,1,0,1,0,"['weak_brand', 'low_rating', 'low_visual_support', 'low_review_trust']",قوة العلامة التجارية أقل من منافسيه داخل المجموعة | تقييم المنتج أقل من متوسط المنتجات المشابهة | الدعم البصري أضعف من المنافسين من حيث عدد الصور | عدد المراجعات أقل من المنتجات المشابهة مما يضعف الثقة,6.3999999999999995,135|70|65|85|82,طقم اواني طهي غرانيت - اصدار خاص|فرن كهربايي 60 لتر - اصدار خاص|مكنسه كهرباييه لاسلكيه - اصدار خاص|ماكينه قهوه اسبريسو - اصدار خاص|مجموعه سكاكين مطبخ - اصدار خاص,827.3060000000002,2.8200000000000003,1.804935064935065,0.9219267450449933,135,طقم اواني طهي غرانيت - اصدار خاص,False,True,True,True,False,False,True,6.4,قوة العلامة التجارية أقل من منافسيه داخل المجموعة | تقييم المنتج أقل من متوسط المنتجات المشابهة | الدعم البصري أضعف من المنافسين من حيث عدد الصور | عدد المراجعات أقل من المنتجات المشابهة مما يضعف الثقة,trust,content
107,كاميرا ميرورليس - اصدار خاص,كاميرا ميرورليس - اصدار خاص,الالكترونيات,unknown_subcategory,اوبو,5057.62,80,13,80,6,6,,False,الالكترونيات,3.2,0,1132.0,2023-04-29 15:40:02,كاميرا ميرورليس - اصدار خاص,كاميرا ميرورليس - اصدار خاص,الالكترونيات,unknown_subcategory,اوبو,5057.62,,False,10,3,0,28,10,3,0,3,10,10,3.0,0.0,27,27.0,3.0,10.0,False,146670.98,29,28,0.3,0.0,0.0,1.0,0.3,2.8,1.0,Moderate,-0.3298240954016361,-0.3298240954016361,108.0,108.0,108.0,0.0,7.961233440029987,1.9,20.12121212121212,0.3517042957089138,False,False,False,High,False,True,True,False,True,متوسط,انسحاب مرتفع بعد الإضافة للسلة,انسحاب مرتفع بعد الإضافة للسلة,هناك اهتمام واضح بالمنتج لكن جزءًا من العملاء لا يكمل الشراء بعد الإضافة للسلة.,3.2,0,1132.0,80,13,80,6,146670.98,28,3.2,10,3,0,2024-01-01,2024-12-30,كاميرا ميرورليس - اصدار خاص,0.030303030303030304,0.0725863681329811,0,27,1979.0025925925927,1613.84,3.7074074074074073,3.925925925925926,4.0,14.37037037037037,15.0,0.0,0.0,1156.7037037037037,1138.0,0.38300357479399344,الالكترونيات,1,1,0,1,0,0,1,0,"['price_high', 'weak_brand', 'low_rating', 'low_review_trust']",السعر أعلى من المستوى المعتاد داخل المجموعة المنافسة | قوة العلامة التجارية أقل من منافسيه داخل المجموعة | تقييم المنتج أقل من متوسط المنتجات المشابهة | عدد المراجعات أقل من المنتجات المشابهة مما يضعف الثقة,6.5,69|177|108|124|147,لابتوب الترا سليم - اصدار خاص|لابتوب الترا سليم - اصدار خاص|كاميرا ميرورليس - اصدار خاص|كاميرا ميرورليس - اصدار خاص|هاتف ذكي برو ماكس - اصدار خاص,4570.844,3.22,1.977827762753392,0.9693689167641977,69,لابتوب الترا سليم - اصدار خاص,True,True,True,False,False,False,True,6.5,السعر أعلى من المستوى المعتاد داخل المجموعة المنافسة | قوة العلامة التجارية أقل من منافسيه داخل المجموعة | تقييم المنتج أقل من متوسط المنتجات المشابهة | عدد المراجعات أقل من المنتجات المشابهة مما يضعف الثقة,pricing,trust
108,كاميرا ميرورليس - اصدار خاص,كاميرا ميرورليس - اصدار خاص,الالكترونيات,unknown_subcategory,ال جي,5179.59,85,15,85,2,2,,False,الالكترونيات,3.3,0,1212.0,2023-02-08 15:40:37,كاميرا ميرورليس - اصدار خاص,كاميرا ميرورليس - اصدار خاص,الالكترونيات,unknown_subcategory,ال جي,5179.59,,False,19,11,0,34,19,11,0,11,19,19,11.0,0.0,32,32.0,11.0,19.0,False,191644.83,37,34,0.5789473684210527,0.0,0.0,1.0,0.5789473684210527,1.7894736842105263,1.0,Moderate,0.0111495636055273,0.0111495636055273,39.0,39.0,39.0,0.0,7.961233440029987,1.9,20.12121212121212,0.2247734220696066,False,False,False,High,False,False,True,False,False,متوسط,انسحاب مرتفع بعد الإضافة للسلة,انسحاب مرتفع بعد الإضافة للسلة,هناك اهتمام واضح بالمنتج لكن جزءًا من العملاء لا يكمل الشراء بعد الإضافة للسلة.,3.3,0,1212.0,85,15,85,2,191644.83,34,3.3,19,11,0,2024-01-01,2024-12-30,كاميرا ميرورليس - اصدار خاص,0.030303030303030304,0.2216371566152292,0,27,1979.0025925925927,1613.84,3.7074074074074073,3.925925925925926,4.0,14.37037037037037,15.0,0.0,0.0,1156.7037037037037,1138.0,0.38300357479399344,الالكترونيات,1,1,0,1,1,0,1,0,"['price_high', 'weak_brand', 'low_rating', 'low_visual_support', 'low_review_trust']",السعر أعلى من المستوى المعتاد داخل المجموعة المنافسة | قوة العلامة التجارية أقل من منافسيه داخل المجموعة | تقييم المنتج أقل من متوسط المنتجات المشابهة | الدعم البصري أضعف من المنافسين من حيث عدد الصور | عدد المراجعات أقل من المنتجات المشابهة مما يضعف الثقة,7.6000000000000005,124|69|147|107|177,كاميرا ميرورليس - اصدار خاص|لابتوب الترا سليم - اصدار خاص|هاتف ذكي برو ماكس - اصدار خاص|كاميرا ميرورليس - اصدار خاص|لابتوب الترا سليم - اصدار خاص,4546.45,3.2,2.179933025911287,0.9747972668547374,124,كاميرا ميرورليس - اصدار خاص,True,True,True,True,False,False,True,7.6,السعر أعلى من المستوى المعتاد داخل المجموعة المنافسة | قوة العلامة التجارية أقل من منافسيه داخل المجموعة | تقييم المنتج أقل من متوسط المنتجات المشابهة | الدعم البصري أضعف من المنافسين من حيث عدد الصور | عدد المراجعات أقل من المنتجات المشابهة مما يضعف الثقة,pricing,trust
109,قناع وجه كولاجين - اصدار خاص,قناع وجه كولاجين - اصدار خاص,الجمال والعنايه,unknown_subcategory,لوريال,44.98,70,13,70,4,4,,False,الجمال والعنايه,2.8,0,1150.0,2023-04-11 20:15:57,قناع وجه كولاجين - اصدار خاص,قناع وجه كولاجين - اصدار خاص,الجمال والعنايه,unknown_subcategory,لوريال,44.98,,False,7,3,1,31,7,3,1,3,7,7,3.0,1.0,29,29.0,3.0,7.0,False,1439.36,32,31,0.4285714285714285,0.3333333333333333,0.1428571428571428,0.6666666666666667,0.4285714285714285,4.428571428571429,0.6666666666666667,Moderate,0.452880236110886,0.452880236110886,13.0,13.0,13.0,0.1428571428571428,6.768778422340422,2.8,19.580645161290324,0.6542644997736791,True,False,False,High,False,True,False,False,True,متوسط,ظهور أقل من المطلوب,مشاهدات أقل من المطلوب,المنتج لا يحصل على عدد كافٍ من الزيارات خلال الفترة المختارة.,2.8,0,1150.0,70,13,70,4,1439.36,31,2.8,7,3,1,2024-01-01,2024-12-30,قناع وجه كولاجين - اصدار خاص,0.0,0.1642017690771361,5,31,312.03483870967744,281.44,3.770967741935484,4.451612903225806,5.0,13.64516129032258,14.0,0.0,0.0,1173.7096774193549,1186.0,0.37324573544941014,الجمال والعنايه,0,1,0,1,0,0,1,0,"['weak_brand', 'low_rating', 'low_review_trust']",قوة العلامة التجارية أقل من منافسيه داخل المجموعة | تقييم المنتج أقل من متوسط المنتجات المشابهة | عدد المراجعات أقل من المنتجات المشابهة مما يضعف الثقة,5.3,181|64|78|182|34,عطر رجالي عودي - اصدار خاص|عطر رجالي عودي - اصدار خاص|عطر رجالي عودي - اصدار خاص|سيروم فيتامين سي - اصدار خاص|طقم مكياج احترافي,405.808,3.3600000000000003,3.645994455994456,0.9523228389489045,181,عطر رجالي عودي - اصدار خاص,False,True,True,False,False,False,True,5.3,قوة العلامة التجارية أقل من منافسيه داخل المجموعة | تقييم المنتج أقل من متوسط المنتجات المشابهة | عدد المراجعات أقل من المنتجات المشابهة مما يضعف الثقة,trust,none
110,جهاز قياس ضغط الدم - اصدار خاص,جهاز قياس ضغط الدم - اصدار خاص,الرياضه واللياقه,unknown_subcategory,بوما,228.23,86,15,86,4,4,,False,الرياضه واللياقه,4.0,0,1131.0,2023-04-30 17:06:01,جهاز قياس ضغط الدم - اصدار خاص,جهاز قياس ضغط الدم - اصدار خاص,الرياضه واللياقه,unknown_subcategory,بوما,228.23,,False,22,3,0,27,22,3,0,3,22,22,3.0,0.0,26,26.0,3.0,22.0,False,6618.67,29,27,0.1363636363636363,0.0,0.0,1.0,0.1363636363636363,1.2272727272727273,1.0,Moderate,-0.3006810267723852,-0.3006810267723852,92.0,92.0,92.0,0.0,8.50970943604373,2.117647058823529,17.666666666666668,0.1442202858389606,False,False,False,High,False,False,True,True,True,متوسط,انسحاب مرتفع بعد الإضافة للسلة,انسحاب مرتفع بعد الإضافة للسلة,المنتج يُشاهَد لكنه لا يتحول إلى شراء بالمستوى المطلوب.,4.0,0,1131.0,86,15,86,4,6618.67,27,4.0,22,3,0,2024-01-01,2024-12-30,جهاز قياس ضغط الدم - اصدار خاص,0.0,0.2893764093334782,1,27,625.2074074074073,278.2,4.074074074074074,3.3703703703703702,3.0,14.518518518518519,15.0,0.0,0.0,1153.7407407407406,1135.0,0.34956374783054484,الرياضه واللياقه,0,0,0,0,0,0,1,0,['low_review_trust'],عدد المراجعات أقل من المنتجات المشابهة مما يضعف الثقة,2.8,95|76|114|86|159,كره قدم رسميه فيفا - اصدار خاص|حقيبه رياضيه جيم - اصدار خاص|حقيبه رياضيه جيم - اصدار خاص|لباس رياضي ضاغط - اصدار خاص|حصيره يوغا مضاده للانزلاق - اصدار خاص,208.772,4.1,1.8705657191106106,0.9893082693751922,95,كره قدم رسميه فيفا - اصدار خاص,False,False,True,False,False,False,True,2.8,عدد المراجعات أقل من المنتجات المشابهة مما يضعف الثقة,trust,none
111,مكواه بخاريه احترافيه - اصدار خاص,مكواه بخاريه احترافيه - اصدار خاص,المنزل والمطبخ,unknown_subcategory,وايتبوينت,453.66,77,12,77,6,6,,False,المنزل والمطبخ,3.8,0,1141.0,2023-04-20 07:25:01,مكواه بخاريه احترافيه - اصدار خاص,مكواه بخاريه احترافيه - اصدار خاص,المنزل والمطبخ,unknown_subcategory,وايتبوينت,453.66,,False,8,2,0,25,8,2,0,2,8,8,2.0,0.0,23,23.0,2.0,8.0,False,14063.46,31,25,0.25,0.0,0.0,1.0,0.25,3.125,1.0,Moderate,-0.431919725653995,-0.431919725653995,159.0,159.0,159.0,0.0,4.391284662352632,1.9285714285714288,21.80555555555556,0.7116368535137917,True,False,False,High,False,True,True,False,True,متوسط,انسحاب مرتفع بعد الإضافة للسلة,انسحاب مرتفع بعد الإضافة للسلة,هناك اهتمام واضح بالمنتج لكن جزءًا من العملاء لا يكمل الشراء بعد الإضافة للسلة.,3.8,0,1141.0,77,12,77,6,14063.46,25,3.8,8,2,0,2024-01-01,2024-12-30,مكواه بخاريه احترافيه - اصدار خاص,0.0,0.08859357106103849,4,32,1416.5046875,1102.21,3.725,4.0625,4.0,14.53125,16.0,0.0,0.0,1150.375,1143.5,0.26748578062704065,المنزل والمطبخ,0,1,0,0,0,0,1,0,"['weak_brand', 'low_review_trust']",قوة العلامة التجارية أقل من منافسيه داخل المجموعة | عدد المراجعات أقل من المنتجات المشابهة مما يضعف الثقة,3.8,82|176|119|27|65,مجموعه سكاكين مطبخ - اصدار خاص|فرن كهربايي 60 لتر - اصدار خاص|ماكينه قهوه اسبريسو - اصدار خاص|فرن كهربايي 60 لتر|مكنسه كهرباييه لاسلكيه - اصدار خاص,963.482,3.5,1.737586726998492,0.8976562501655649,82,مجموعه سكاكين مطبخ - اصدار خاص,False,False,True,False,False,False,True,3.8,قوة العلامة التجارية أقل من منافسيه داخل المجموعة | عدد المراجعات أقل من المنتجات المشابهة مما يضعف الثقة,trust,none
112,شاشه 4K 27 انش - اصدار خاص,شاشه 4K 27 انش - اصدار خاص,الالكترونيات,unknown_subcategory,ال جي,2651.9,79,15,79,3,3,,False,الالكترونيات,4.9,0,1096.0,2023-06-04 17:08:47,شاشه 4K 27 انش - اصدار خاص,شاشه 4K 27 انش - اصدار خاص,الالكترونيات,unknown_subcategory,ال جي,2651.9,,False,41,13,0,33,41,13,0,13,33,39,13.0,0.0,32,32.0,13.0,32.0,False,98120.3,37,33,0.3170731707317073,0.0,0.0,1.0,0.3170731707317073,0.8461538461538461,1.0,Moderate,0.2253897836838084,0.2253897836838084,26.0,26.0,26.0,0.0,7.961233440029987,1.9,20.12121212121212,0.1062842651867596,False,False,False,High,False,False,True,True,False,متوسط,انسحاب مرتفع بعد الإضافة للسلة,انسحاب مرتفع بعد الإضافة للسلة,المنتج يُشاهَد لكنه لا يتحول إلى شراء بالمستوى المطلوب.,4.9,0,1096.0,79,15,79,3,98120.3,33,4.9,41,13,0,2024-01-01,2024-12-30,شاشه 4K 27 انش - اصدار خاص,0.0,0.2216371566152292,0,27,1979.0025925925927,1613.84,3.7074074074074073,3.925925925925926,4.0,14.37037037037037,15.0,0.0,0.0,1156.7037037037037,1138.0,0.38300357479399344,الالكترونيات,1,1,0,0,0,0,1,0,"['price_high', 'weak_brand', 'low_review_trust']",السعر أعلى من المستوى المعتاد داخل المجموعة المنافسة | قوة العلامة التجارية أقل من منافسيه داخل المجموعة | عدد المراجعات أقل من المنتجات المشابهة مما يضعف الثقة,5.0,90|81|147|102|107,شاشه 4K 27 انش - اصدار خاص|شاشه 4K 27 انش - اصدار خاص|هاتف ذكي برو ماكس - اصدار خاص|تابلت 10 انش - اصدار خاص|كاميرا ميرورليس - اصدار خاص,2968.9199999999996,4.3,2.2945727956254274,0.96068720578532,90,شاشه 4K 27 انش - اصدار خاص,True,False,True,False,False,False,True,5.0,السعر أعلى من المستوى المعتاد داخل المجموعة المنافسة | قوة العلامة التجارية أقل من منافسيه داخل المجموعة | عدد المراجعات أقل من المنتجات المشابهة مما يضعف الثقة,pricing,trust
113,كتاب تعلم البرمجه بالعربيه - اصدار خاص,كتاب تعلم البرمجه بالعربيه - اصدار خاص,الكتب والتعليم,unknown_subcategory,اكاديميا,61.24,87,14,87,5,5,,False,الكتب والتعليم,4.1,0,1206.0,2023-02-14 04:25:41,كتاب تعلم البرمجه بالعربيه - اصدار خاص,كتاب تعلم البرمجه بالعربيه - اصدار خاص,الكتب والتعليم,unknown_subcategory,اكاديميا,61.24,,False,28,3,0,28,28,3,0,3,28,26,3.0,0.0,26,26.0,3.0,26.0,False,1775.96,29,28,0.1071428571428571,0.0,0.0,1.0,0.1071428571428571,1.0769230769230769,1.0,Moderate,-0.2465661513054239,-0.2465661513054239,75.0,75.0,75.0,0.0,3.3634956997365264,2.083333333333333,23.17142857142857,0.3201797097607218,False,False,False,High,False,False,True,True,True,متوسط,انسحاب مرتفع بعد الإضافة للسلة,انسحاب مرتفع بعد الإضافة للسلة,المنتج يُشاهَد لكنه لا يتحول إلى شراء بالمستوى المطلوب.,4.1,0,1206.0,87,14,87,5,1775.96,28,4.1,28,3,0,2024-01-01,2024-12-30,كتاب تعلم البرمجه بالعربيه - اصدار خاص,0.1111111111111111,0.2655392479978825,3,35,162.01628571428571,132.13,3.834285714285714,4.228571428571429,4.0,12.914285714285715,13.0,0.0,0.0,1150.1714285714286,1147.0,0.27160789955165,الكتب والتعليم,0,0,0,0,0,0,1,0,['low_review_trust'],عدد المراجعات أقل من المنتجات المشابهة مما يضعف الثقة,2.8,51|99|144|171|74,كتاب تعلم البرمجه بالعربيه|مجموعه كتب الطفل التعليميه - اصدار خاص|كتاب تطوير الذات والتحفيز - اصدار خاص|موسوعه التاريخ الاسلامي - اصدار خاص|كتاب الطبخ العربي التقليدي - اصدار خاص,115.24000000000001,3.9400000000000004,2.5416472961353747,0.9000177130615843,51,كتاب تعلم البرمجه بالعربيه,False,False,True,False,False,False,True,2.8,عدد المراجعات أقل من المنتجات المشابهة مما يضعف الثقة,trust,none
114,حقيبه رياضيه جيم - اصدار خاص,حقيبه رياضيه جيم - اصدار خاص,الرياضه واللياقه,unknown_subcategory,بوما,246.79,82,15,82,2,2,,False,الرياضه واللياقه,4.3,0,1091.0,2023-06-09 13:13:08,حقيبه رياضيه جيم - اصدار خاص,حقيبه رياضيه جيم - اصدار خاص,الرياضه واللياقه,unknown_subcategory,بوما,246.79,,False,22,7,0,35,22,7,0,7,22,22,7.0,0.0,34,34.0,7.0,22.0,False,9624.81,39,35,0.3181818181818182,0.0,0.0,1.0,0.3181818181818182,1.5909090909090908,1.0,Moderate,-0.1566771226897986,-0.1566771226897986,54.0,54.0,54.0,0.0,8.50970943604373,2.117647058823529,17.666666666666668,0.1869522223838378,False,False,False,High,False,False,True,False,False,متوسط,انسحاب مرتفع بعد الإضافة للسلة,انسحاب مرتفع بعد الإضافة للسلة,هناك اهتمام واضح بالمنتج لكن جزءًا من العملاء لا يكمل الشراء بعد الإضافة للسلة.,4.3,0,1091.0,82,15,82,2,9624.81,35,4.3,22,7,0,2024-01-01,2024-12-30,حقيبه رياضيه جيم - اصدار خاص,0.0,0.2893764093334782,1,27,625.2074074074073,278.2,4.074074074074074,3.3703703703703702,3.0,14.518518518518519,15.0,0.0,0.0,1153.7407407407406,1135.0,0.34956374783054484,الرياضه واللياقه,0,0,0,0,1,0,1,0,"['low_visual_support', 'low_review_trust']",الدعم البصري أضعف من المنافسين من حيث عدد الصور | عدد المراجعات أقل من المنتجات المشابهة مما يضعف الثقة,3.9000000000000004,105|76|110|95|157,حقيبه رياضيه جيم - اصدار خاص|حقيبه رياضيه جيم - اصدار خاص|جهاز قياس ضغط الدم - اصدار خاص|كره قدم رسميه فيفا - اصدار خاص|جهاز قياس ضغط الدم - اصدار خاص,216.89000000000001,4.279999999999999,1.8270541326578478,0.9905575016661026,105,حقيبه رياضيه جيم - اصدار خاص,False,False,True,True,False,False,True,3.9,الدعم البصري أضعف من المنافسين من حيث عدد الصور | عدد المراجعات أقل من المنتجات المشابهة مما يضعف الثقة,trust,content
115,شاحن لاسلكي سريع - اصدار خاص,شاحن لاسلكي سريع - اصدار خاص,الالكترونيات,unknown_subcategory,ابل,131.51,86,16,86,2,2,,False,الالكترونيات,3.6,0,1170.0,2023-03-22 04:32:00,شاحن لاسلكي سريع - اصدار خاص,شاحن لاسلكي سريع - اصدار خاص,الالكترونيات,unknown_subcategory,ابل,131.51,,False,18,5,0,28,18,5,0,5,18,16,5.0,0.0,28,28.0,5.0,16.0,False,4339.83,33,28,0.2777777777777778,0.0,0.0,1.0,0.2777777777777778,1.75,1.0,Moderate,-0.2676194196593163,-0.2676194196593163,81.0,81.0,81.0,0.0,7.961233440029987,1.9,20.12121212121212,0.2198151848180711,False,False,False,High,False,False,True,False,False,متوسط,انسحاب مرتفع بعد الإضافة للسلة,انسحاب مرتفع بعد الإضافة للسلة,هناك اهتمام واضح بالمنتج لكن جزءًا من العملاء لا يكمل الشراء بعد الإضافة للسلة.,3.6,0,1170.0,86,16,86,2,4339.83,28,3.6,18,5,0,2024-01-01,2024-12-30,شاحن لاسلكي سريع - اصدار خاص,0.06060606060606061,0.5262419688323299,0,27,1979.0025925925927,1613.84,3.7074074074074073,3.925925925925926,4.0,14.37037037037037,15.0,0.0,0.0,1156.7037037037037,1138.0,0.38300357479399344,الالكترونيات,0,0,0,0,1,0,1,0,"['low_visual_support', 'low_review_trust']",الدعم البصري أضعف من المنافسين من حيث عدد الصور | عدد المراجعات أقل من المنتجات المشابهة مما يضعف الثقة,3.9000000000000004,126|75|161|174|141,شاحن لاسلكي سريع - اصدار خاص|تابلت 10 انش - اصدار خاص|شاحن لاسلكي سريع - اصدار خاص|تابلت 10 انش - اصدار خاص|ساعه ذكيه سبورت - اصدار خاص,502.302,3.56,1.5209343434343434,0.9527460509739032,126,شاحن لاسلكي سريع - اصدار خاص,False,False,True,True,False,False,True,3.9,الدعم البصري أضعف من المنافسين من حيث عدد الصور | عدد المراجعات أقل من المنتجات المشابهة مما يضعف الثقة,trust,content
116,قناع وجه كولاجين - اصدار خاص,قناع وجه كولاجين - اصدار خاص,الجمال والعنايه,unknown_subcategory,افينو,136.01,92,17,92,6,6,,False,الجمال والعنايه,4.3,0,1224.0,2023-01-27 19:30:39,قناع وجه كولاجين - اصدار خاص,قناع وجه كولاجين - اصدار خاص,الجمال والعنايه,unknown_subcategory,افينو,136.01,,False,24,3,0,34,24,3,0,3,24,24,3.0,0.0,33,33.0,3.0,24.0,False,5032.37,37,34,0.125,0.0,0.0,1.0,0.125,1.4166666666666667,1.0,Moderate,-0.2665330645218605,-0.2665330645218605,80.0,80.0,80.0,0.0,6.768778422340422,2.8,19.580645161290324,0.2092942889060962,False,False,False,High,False,False,True,False,True,متوسط,انسحاب مرتفع بعد الإضافة للسلة,انسحاب مرتفع بعد الإضافة للسلة,هناك اهتمام واضح بالمنتج لكن جزءًا من العملاء لا يكمل الشراء بعد الإضافة للسلة.,4.3,0,1224.0,92,17,92,6,5032.37,34,4.3,24,3,0,2024-01-01,2024-12-30,قناع وجه كولاجين - اصدار خاص,0.0,0.3740625644147615,5,31,312.03483870967744,281.44,3.770967741935484,4.451612903225806,5.0,13.64516129032258,14.0,0.0,0.0,1173.7096774193549,1186.0,0.37324573544941014,الجمال والعنايه,0,0,0,0,0,0,1,0,['low_review_trust'],عدد المراجعات أقل من المنتجات المشابهة مما يضعف الثقة,2.8,179|187|149|143|140,مجموعه عنايه بالشعر - اصدار خاص|عطر رجالي عودي - اصدار خاص|طقم مكياج احترافي - اصدار خاص|عطر رجالي عودي - اصدار خاص|مزيل عرق رول اون - اصدار خاص,397.238,4.38,2.831207729468599,0.9768802644917172,179,مجموعه عنايه بالشعر - اصدار خاص,False,False,True,False,False,False,True,2.8,عدد المراجعات أقل من المنتجات المشابهة مما يضعف الثقة,trust,none
117,حصيره يوغا مضاده للانزلاق - اصدار خاص,حصيره يوغا مضاده للانزلاق - اصدار خاص,الرياضه واللياقه,unknown_subcategory,هيد,159.84,93,15,93,4,4,,False,الرياضه واللياقه,3.3,0,1073.0,2023-06-27 02:48:24,حصيره يوغا مضاده للانزلاق - اصدار خاص,حصيره يوغا مضاده للانزلاق - اصدار خاص,الرياضه واللياقه,unknown_subcategory,هيد,159.84,,False,24,7,0,29,24,7,0,7,24,24,7.0,0.0,28,28.0,7.0,24.0,False,5114.88,32,29,0.2916666666666667,0.0,0.0,1.0,0.2916666666666667,1.2083333333333333,1.0,Moderate,-0.1568831438802955,-0.1568831438802955,55.0,55.0,55.0,0.0,8.50970943604373,2.117647058823529,17.666666666666668,0.1419946641439149,False,False,False,High,False,False,True,True,False,متوسط,انسحاب مرتفع بعد الإضافة للسلة,انسحاب مرتفع بعد الإضافة للسلة,المنتج يُشاهَد لكنه لا يتحول إلى شراء بالمستوى المطلوب.,3.3,0,1073.0,93,15,93,4,5114.88,29,3.3,24,7,0,2024-01-01,2024-12-30,حصيره يوغا مضاده للانزلاق - اصدار خاص,0.0,0.6863435088021723,1,27,625.2074074074073,278.2,4.074074074074074,3.3703703703703702,3.0,14.518518518518519,15.0,0.0,0.0,1153.7407407407406,1135.0,0.34956374783054484,الرياضه واللياقه,0,0,0,1,0,0,1,0,"['low_rating', 'low_review_trust']",تقييم المنتج أقل من متوسط المنتجات المشابهة | عدد المراجعات أقل من المنتجات المشابهة مما يضعف الثقة,4.3,148|146|123|157|45,حذاء جري احترافي - اصدار خاص|اوزان حديد طقم 20 كيلو - اصدار خاص|عداد خطوات ذكي - اصدار خاص|جهاز قياس ضغط الدم - اصدار خاص|كره قدم رسميه فيفا,321.844,4.3,1.6954281949934125,0.9206791204823361,148,حذاء جري احترافي - اصدار خاص,False,True,True,False,False,False,True,4.3,تقييم المنتج أقل من متوسط المنتجات المشابهة | عدد المراجعات أقل من المنتجات المشابهة مما يضعف الثقة,trust,none
118,حصيره يوغا مضاده للانزلاق - اصدار خاص,حصيره يوغا مضاده للانزلاق - اصدار خاص,الرياضه واللياقه,unknown_subcategory,نيو بالانس,175.91,93,15,93,3,3,,False,الرياضه واللياقه,3.0,0,1142.0,2023-04-19 08:52:20,حصيره يوغا مضاده للانزلاق - اصدار خاص,حصيره يوغا مضاده للانزلاق - اصدار خاص,الرياضه واللياقه,unknown_subcategory,نيو بالانس,175.91,,False,6,2,0,29,6,2,0,2,6,6,2.0,0.0,28,28.0,2.0,6.0,False,5277.3,30,29,0.3333333333333333,0.0,0.0,1.0,0.3333333333333333,4.833333333333333,1.0,Moderate,-0.417884435012414,-0.417884435012414,154.0,154.0,154.0,0.0,8.50970943604373,2.117647058823529,17.666666666666668,0.5679786565756597,True,False,False,High,False,True,True,False,True,متوسط,انسحاب مرتفع بعد الإضافة للسلة,انسحاب مرتفع بعد الإضافة للسلة,هناك اهتمام واضح بالمنتج لكن جزءًا من العملاء لا يكمل الشراء بعد الإضافة للسلة.,3.0,0,1142.0,93,15,93,3,5277.3,29,3.0,6,2,0,2024-01-01,2024-12-30,حصيره يوغا مضاده للانزلاق - اصدار خاص,0.0,0.25522466079003814,1,27,625.2074074074073,278.2,4.074074074074074,3.3703703703703702,3.0,14.518518518518519,15.0,0.0,0.0,1153.7407407407406,1135.0,0.34956374783054484,الرياضه واللياقه,0,1,0,1,0,0,1,0,"['weak_brand', 'low_rating', 'low_review_trust']",قوة العلامة التجارية أقل من منافسيه داخل المجموعة | تقييم المنتج أقل من متوسط المنتجات المشابهة | عدد المراجعات أقل من المنتجات المشابهة مما يضعف الثقة,5.3,159|110|95|76|139,حصيره يوغا مضاده للانزلاق - اصدار خاص|جهاز قياس ضغط الدم - اصدار خاص|كره قدم رسميه فيفا - اصدار خاص|حقيبه رياضيه جيم - اصدار خاص|حقيبه رياضيه جيم - اصدار خاص,208.0,3.9,1.786073740500985,0.9088301166980957,159,حصيره يوغا مضاده للانزلاق - اصدار خاص,False,True,True,False,False,False,True,5.3,قوة العلامة التجارية أقل من منافسيه داخل المجموعة | تقييم المنتج أقل من متوسط المنتجات المشابهة | عدد المراجعات أقل من المنتجات المشابهة مما يضعف الثقة,trust,none
119,ماكينه قهوه اسبريسو - اصدار خاص,ماكينه قهوه اسبريسو - اصدار خاص,المنزل والمطبخ,unknown_subcategory,تيفال,1350.85,75,12,75,3,3,,False,المنزل والمطبخ,3.7,0,1142.0,2023-04-19 20:03:41,ماكينه قهوه اسبريسو - اصدار خاص,ماكينه قهوه اسبريسو - اصدار خاص,المنزل والمطبخ,unknown_subcategory,تيفال,1350.85,,False,41,10,0,27,41,10,0,10,27,35,9.0,0.0,27,27.0,9.0,27.0,False,43227.2,32,27,0.2439024390243902,0.0,0.0,1.0,0.2439024390243902,0.7714285714285715,1.0,Moderate,0.0998281700489138,0.0998281700489138,35.0,35.0,35.0,0.0,4.391284662352632,1.9285714285714288,21.80555555555556,0.1756726404102617,False,False,False,High,False,False,True,True,False,متوسط,انسحاب مرتفع بعد الإضافة للسلة,انسحاب مرتفع بعد الإضافة للسلة,المنتج يُشاهَد لكنه لا يتحول إلى شراء بالمستوى المطلوب.,3.7,0,1142.0,75,12,75,3,43227.2,27,3.7,41,10,0,2024-01-01,2024-12-30,ماكينه قهوه اسبريسو - اصدار خاص,0.0,0.14229620701857051,4,32,1416.5046875,1102.21,3.725,4.0625,4.0,14.53125,16.0,0.0,0.0,1150.375,1143.5,0.26748578062704065,المنزل والمطبخ,1,1,0,0,0,0,1,0,"['price_high', 'weak_brand', 'low_review_trust']",السعر أعلى من المستوى المعتاد داخل المجموعة المنافسة | قوة العلامة التجارية أقل من منافسيه داخل المجموعة | عدد المراجعات أقل من المنتجات المشابهة مما يضعف الثقة,5.0,70|162|176|85|27,فرن كهربايي 60 لتر - اصدار خاص|ثلاجه نوفروست 350 لتر - اصدار خاص|فرن كهربايي 60 لتر - اصدار خاص|ماكينه قهوه اسبريسو - اصدار خاص|فرن كهربايي 60 لتر,1508.276,3.4599999999999995,1.4434741728859375,0.9580481726083085,70,فرن كهربايي 60 لتر - اصدار خاص,True,False,True,False,False,False,True,5.0,السعر أعلى من المستوى المعتاد داخل المجموعة المنافسة | قوة العلامة التجارية أقل من منافسيه داخل المجموعة | عدد المراجعات أقل من المنتجات المشابهة مما يضعف الثقة,pricing,trust
120,روايه عربيه بيست سيلر - اصدار خاص,روايه عربيه بيست سيلر - اصدار خاص,الكتب والتعليم,unknown_subcategory,الوراق,37.31,81,15,81,4,4,,False,الكتب والتعليم,4.2,0,1092.0,2023-06-08 21:54:55,روايه عربيه بيست سيلر - اصدار خاص,روايه عربيه بيست سيلر - اصدار خاص,الكتب والتعليم,unknown_subcategory,الوراق,37.31,,False,14,2,1,41,14,2,1,2,14,14,2.0,1.0,39,39.0,2.0,14.0,False,1678.95,45,41,0.1428571428571428,0.5,0.0714285714285714,0.5,0.1428571428571428,2.9285714285714284,0.5,Moderate,0.8988124548851536,0.8988124548851536,1.0,1.0,1.0,0.0714285714285714,3.3634956997365264,2.083333333333333,23.17142857142857,0.8706927821554322,False,False,False,High,False,False,False,False,True,متوسط,يحتاج متابعة,أداء متوسط,أداء المنتج متوسط ويمكن تحسينه من خلال تدخلات مركزة.,4.2,0,1092.0,81,15,81,4,1678.95,41,4.2,14,2,1,2024-01-01,2024-12-30,روايه عربيه بيست سيلر - اصدار خاص,0.037037037037037035,0.19596387663456882,3,35,162.01628571428571,132.13,3.834285714285714,4.228571428571429,4.0,12.914285714285715,13.0,0.0,0.0,1150.1714285714286,1147.0,0.27160789955165,الكتب والتعليم,0,1,0,0,0,0,1,0,"['weak_brand', 'low_review_trust']",قوة العلامة التجارية أقل من منافسيه داخل المجموعة | عدد المراجعات أقل من المنتجات المشابهة مما يضعف الثقة,3.8,175|145|172|193|92,مجموعه كتب الطفل التعليميه - اصدار خاص|قاموس عربي انجليزي شامل - اصدار خاص|كتاب رياده الاعمال والنجاح - اصدار خاص|مجموعه كتب الطفل التعليميه - اصدار خاص|موسوعه التاريخ الاسلامي - اصدار خاص,165.948,3.9200000000000004,1.0984476454781729,0.9444936417084769,175,مجموعه كتب الطفل التعليميه - اصدار خاص,False,False,True,False,False,False,True,3.8,قوة العلامة التجارية أقل من منافسيه داخل المجموعة | عدد المراجعات أقل من المنتجات المشابهة مما يضعف الثقة,trust,none
121,حذاء رياضي مريح - اصدار خاص,حذاء رياضي مريح - اصدار خاص,الازياء والملابس,unknown_subcategory,زارا,279.43,76,13,76,4,4,,False,الازياء والملابس,4.3,0,1123.0,2023-05-08 09:03:04,حذاء رياضي مريح - اصدار خاص,حذاء رياضي مريح - اصدار خاص,الازياء والملابس,unknown_subcategory,زارا,279.43,,False,6,2,0,24,6,2,0,2,6,6,2.0,0.0,24,24.0,2.0,6.0,False,7824.04,28,24,0.3333333333333333,0.0,0.0,1.0,0.3333333333333333,4.0,1.0,Moderate,-0.44014725084885,-0.44014725084885,162.0,162.0,162.0,0.0,2.284453274168197,2.3080357142857144,18.59375,1.7509659948971632,True,False,False,High,False,True,False,False,True,متوسط,انسحاب مرتفع بعد الإضافة للسلة,انسحاب مرتفع بعد الإضافة للسلة,المنتج لا يحصل على عدد كافٍ من الزيارات خلال الفترة المختارة.,4.3,0,1123.0,76,13,76,4,7824.04,24,4.3,6,2,0,2024-01-01,2024-12-30,حذاء رياضي مريح - اصدار خاص,0.06896551724137931,0.2230100083996463,6,32,375.3246875,323.275,3.678125,4.0,4.0,12.65625,13.0,0.0,0.0,1170.6875,1174.5,0.21365830518453735,الازياء والملابس,0,0,0,0,0,0,1,0,['low_review_trust'],عدد المراجعات أقل من المنتجات المشابهة مما يضعف الثقة,2.8,190|129|164|19|100,حذاء رسمي جلد - اصدار خاص|تيشيرت بولو قطن - اصدار خاص|حقيبه يد جلديه - اصدار خاص|تيشيرت بولو قطن|حقيبه يد جلديه - اصدار خاص,324.43,4.16,2.3105769230769235,0.9621692147027532,190,حذاء رسمي جلد - اصدار خاص,False,False,True,False,False,False,True,2.8,عدد المراجعات أقل من المنتجات المشابهة مما يضعف الثقة,trust,none
122,طقم مكياج احترافي - اصدار خاص,طقم مكياج احترافي - اصدار خاص,الجمال والعنايه,unknown_subcategory,ماك,696.77,80,14,80,6,6,,False,الجمال والعنايه,3.2,0,1198.0,2023-02-22 17:50:52,طقم مكياج احترافي - اصدار خاص,طقم مكياج احترافي - اصدار خاص,الجمال والعنايه,unknown_subcategory,ماك,696.77,,False,12,3,0,25,12,3,0,3,12,12,3.0,0.0,24,24.0,3.0,12.0,False,18116.02,26,25,0.25,0.0,0.0,1.0,0.25,2.083333333333333,1.0,Moderate,-0.3797322670071573,-0.3797322670071573,132.0,132.0,132.0,0.0,6.768778422340422,2.8,19.580645161290324,0.3077857189795533,False,False,False,High,False,False,True,False,True,متوسط,انسحاب مرتفع بعد الإضافة للسلة,انسحاب مرتفع بعد الإضافة للسلة,هناك اهتمام واضح بالمنتج لكن جزءًا من العملاء لا يكمل الشراء بعد الإضافة للسلة.,3.2,0,1198.0,80,14,80,6,18116.02,25,3.2,12,3,0,2024-01-01,2024-12-30,طقم مكياج احترافي - اصدار خاص,0.0,0.5426575582011882,5,31,312.03483870967744,281.44,3.770967741935484,4.451612903225806,5.0,13.64516129032258,14.0,0.0,0.0,1173.7096774193549,1186.0,0.37324573544941014,الجمال والعنايه,1,0,0,1,0,0,1,0,"['price_high', 'low_rating', 'low_review_trust']",السعر أعلى من المستوى المعتاد داخل المجموعة المنافسة | تقييم المنتج أقل من متوسط المنتجات المشابهة | عدد المراجعات أقل من المنتجات المشابهة مما يضعف الثقة,5.5,132|189|149|37|39,عطر رجالي عودي - اصدار خاص|مزيل عرق رول اون - اصدار خاص|طقم مكياج احترافي - اصدار خاص|غسول وجه للبشره الحساسه|قناع وجه كولاجين,229.666,3.5800000000000005,6.9340909090909095,0.9124206058084429,132,عطر رجالي عودي - اصدار خاص,True,True,True,False,False,False,True,5.5,السعر أعلى من المستوى المعتاد داخل المجموعة المنافسة | تقييم المنتج أقل من متوسط المنتجات المشابهة | عدد المراجعات أقل من المنتجات المشابهة مما يضعف الثقة,pricing,trust
123,عداد خطوات ذكي - اصدار خاص,عداد خطوات ذكي - اصدار خاص,الرياضه واللياقه,unknown_subcategory,اندر ارمور,140.92,77,14,77,2,2,,False,الرياضه واللياقه,4.2,0,1127.0,2023-05-04 21:02:13,عداد خطوات ذكي - اصدار خاص,عداد خطوات ذكي - اصدار خاص,الرياضه واللياقه,unknown_subcategory,اندر ارمور,140.92,,False,14,2,1,28,14,2,1,2,14,14,2.0,1.0,28,28.0,2.0,14.0,False,4650.36,33,28,0.1428571428571428,0.5,0.0714285714285714,0.5,0.1428571428571428,2.0,0.5,Moderate,0.8606937423276529,0.8606937423276529,2.0,2.0,2.0,0.0714285714285714,8.50970943604373,2.117647058823529,17.666666666666668,0.2350256509968247,False,False,False,High,False,False,False,False,True,متوسط,يحتاج متابعة,أداء متوسط,أداء المنتج متوسط ويمكن تحسينه من خلال تدخلات مركزة.,4.2,0,1127.0,77,14,77,2,4650.36,28,4.2,14,2,1,2024-01-01,2024-12-30,عداد خطوات ذكي - اصدار خاص,0.0,0.46456181702518706,1,27,625.2074074074073,278.2,4.074074074074074,3.3703703703703702,3.0,14.518518518518519,15.0,0.0,0.0,1153.7407407407406,1135.0,0.34956374783054484,الرياضه واللياقه,0,0,0,0,1,0,1,0,"['low_visual_support', 'low_review_trust']",الدعم البصري أضعف من المنافسين من حيث عدد الصور | عدد المراجعات أقل من المنتجات المشابهة مما يضعف الثقة,3.9000000000000004,157|146|148|114|173,جهاز قياس ضغط الدم - اصدار خاص|اوزان حديد طقم 20 كيلو - اصدار خاص|حذاء جري احترافي - اصدار خاص|حقيبه رياضيه جيم - اصدار خاص|حذاء جري احترافي - اصدار خاص,386.854,4.279999999999999,2.1904281949934123,0.9427316172667375,157,جهاز قياس ضغط الدم - اصدار خاص,False,False,True,True,False,False,True,3.9,الدعم البصري أضعف من المنافسين من حيث عدد الصور | عدد المراجعات أقل من المنتجات المشابهة مما يضعف الثقة,trust,content
124,كاميرا ميرورليس - اصدار خاص,كاميرا ميرورليس - اصدار خاص,الالكترونيات,unknown_subcategory,ال جي,4869.43,88,14,88,1,1,,False,الالكترونيات,2.8,0,1144.0,2023-04-17 20:49:43,كاميرا ميرورليس - اصدار خاص,كاميرا ميرورليس - اصدار خاص,الالكترونيات,unknown_subcategory,ال جي,4869.43,,False,52,14,0,25,52,14,0,14,25,46,14.0,0.0,24,24.0,14.0,24.0,False,141213.47,29,25,0.2692307692307692,0.0,0.0,1.0,0.2692307692307692,0.5434782608695652,1.0,Moderate,0.3576780181379239,0.3576780181379239,18.0,18.0,18.0,0.0,7.961233440029987,1.9,20.12121212121212,0.068265585347227,False,False,False,High,False,False,True,True,False,متوسط,انسحاب مرتفع بعد الإضافة للسلة,انسحاب مرتفع بعد الإضافة للسلة,المنتج يُشاهَد لكنه لا يتحول إلى شراء بالمستوى المطلوب.,2.8,0,1144.0,88,14,88,1,141213.47,25,2.8,52,14,0,2024-01-01,2024-12-30,كاميرا ميرورليس - اصدار خاص,0.030303030303030304,0.2216371566152292,0,27,1979.0025925925927,1613.84,3.7074074074074073,3.925925925925926,4.0,14.37037037037037,15.0,0.0,0.0,1156.7037037037037,1138.0,0.38300357479399344,الالكترونيات,1,1,0,1,1,0,1,0,"['price_high', 'weak_brand', 'low_rating', 'low_visual_support', 'low_review_trust']",السعر أعلى من المستوى المعتاد داخل المجموعة المنافسة | قوة العلامة التجارية أقل من منافسيه داخل المجموعة | تقييم المنتج أقل من متوسط المنتجات المشابهة | الدعم البصري أضعف من المنافسين من حيث عدد الصور | عدد المراجعات أقل من المنتجات المشابهة مما يضعف الثقة,7.6000000000000005,108|69|177|107|147,كاميرا ميرورليس - اصدار خاص|لابتوب الترا سليم - اصدار خاص|لابتوب الترا سليم - اصدار خاص|كاميرا ميرورليس - اصدار خاص|هاتف ذكي برو ماكس - اصدار خاص,4608.482,3.3,2.4291321105794785,0.9747972668547374,108,كاميرا ميرورليس - اصدار خاص,True,True,True,True,False,False,True,7.6,السعر أعلى من المستوى المعتاد داخل المجموعة المنافسة | قوة العلامة التجارية أقل من منافسيه داخل المجموعة | تقييم المنتج أقل من متوسط المنتجات المشابهة | الدعم البصري أضعف من المنافسين من حيث عدد الصور | عدد المراجعات أقل من المنتجات المشابهة مما يضعف الثقة,pricing,trust
125,شال كشمير ناعم - اصدار خاص,شال كشمير ناعم - اصدار خاص,الازياء والملابس,unknown_subcategory,بوما,208.91,75,13,75,3,3,,False,الازياء والملابس,3.0,0,1195.0,2023-02-25 10:07:54,شال كشمير ناعم - اصدار خاص,شال كشمير ناعم - اصدار خاص,الازياء والملابس,unknown_subcategory,بوما,208.91,,False,19,2,0,23,19,2,0,2,19,18,2.0,0.0,22,22.0,2.0,18.0,False,5431.66,26,23,0.1052631578947368,0.0,0.0,1.0,0.1052631578947368,1.2777777777777777,1.0,Moderate,-0.3664400516488471,-0.3664400516488471,122.0,122.0,122.0,0.0,2.284453274168197,2.3080357142857144,18.59375,0.5593363594810382,False,False,False,High,False,False,True,True,True,متوسط,انسحاب مرتفع بعد الإضافة للسلة,انسحاب مرتفع بعد الإضافة للسلة,المنتج يُشاهَد لكنه لا يتحول إلى شراء بالمستوى المطلوب.,3.0,0,1195.0,75,13,75,3,5431.66,23,3.0,19,2,0,2024-01-01,2024-12-30,شال كشمير ناعم - اصدار خاص,0.0,0.2893764093334782,6,32,375.3246875,323.275,3.678125,4.0,4.0,12.65625,13.0,0.0,0.0,1170.6875,1174.5,0.21365830518453735,الازياء والملابس,0,0,0,1,0,0,1,0,"['low_rating', 'low_review_trust']",تقييم المنتج أقل من متوسط المنتجات المشابهة | عدد المراجعات أقل من المنتجات المشابهة مما يضعف الثقة,4.3,11|180|93|152|155,قميص قطني كلاسيكي|شال كشمير ناعم - اصدار خاص|شال كشمير ناعم - اصدار خاص|شال كشمير ناعم - اصدار خاص|حذاء رياضي مريح - اصدار خاص,209.88599999999997,3.2800000000000002,2.2530683229813664,0.9395645511716019,11,قميص قطني كلاسيكي,False,True,True,False,False,False,True,4.3,تقييم المنتج أقل من متوسط المنتجات المشابهة | عدد المراجعات أقل من المنتجات المشابهة مما يضعف الثقة,trust,none
126,شاحن لاسلكي سريع - اصدار خاص,شاحن لاسلكي سريع - اصدار خاص,الالكترونيات,unknown_subcategory,شاومي,224.49,89,15,89,2,2,,False,الالكترونيات,4.3,0,1169.0,2023-03-23 03:29:06,شاحن لاسلكي سريع - اصدار خاص,شاحن لاسلكي سريع - اصدار خاص,الالكترونيات,unknown_subcategory,شاومي,224.49,,False,56,13,0,35,56,13,0,13,35,50,12.0,0.0,35,35.0,12.0,35.0,False,8306.130000000001,37,35,0.2321428571428571,0.0,0.0,1.0,0.2321428571428571,0.7,1.0,Moderate,0.332784036301159,0.332784036301159,22.0,22.0,22.0,0.0,7.961233440029987,1.9,20.12121212121212,0.0879260739272284,False,False,False,High,False,False,True,True,False,متوسط,انسحاب مرتفع بعد الإضافة للسلة,انسحاب مرتفع بعد الإضافة للسلة,المنتج يُشاهَد لكنه لا يتحول إلى شراء بالمستوى المطلوب.,4.3,0,1169.0,89,15,89,2,8306.130000000001,35,4.3,56,13,0,2024-01-01,2024-12-30,شاحن لاسلكي سريع - اصدار خاص,0.06060606060606061,0.6412657539712695,0,27,1979.0025925925927,1613.84,3.7074074074074073,3.925925925925926,4.0,14.37037037037037,15.0,0.0,0.0,1156.7037037037037,1138.0,0.38300357479399344,الالكترونيات,0,0,0,0,1,0,1,0,"['low_visual_support', 'low_review_trust']",الدعم البصري أضعف من المنافسين من حيث عدد الصور | عدد المراجعات أقل من المنتجات المشابهة مما يضعف الثقة,3.9000000000000004,115|174|75|8|142,شاحن لاسلكي سريع - اصدار خاص|تابلت 10 انش - اصدار خاص|تابلت 10 انش - اصدار خاص|مكبر صوت بلوتوث|مكبر صوت بلوتوث - اصدار خاص,454.04800000000006,3.7399999999999998,2.0427534453850247,0.9527460509739032,115,شاحن لاسلكي سريع - اصدار خاص,False,False,True,True,False,False,True,3.9,الدعم البصري أضعف من المنافسين من حيث عدد الصور | عدد المراجعات أقل من المنتجات المشابهة مما يضعف الثقة,trust,content
127,قميص قطني كلاسيكي - اصدار خاص,قميص قطني كلاسيكي - اصدار خاص,الازياء والملابس,unknown_subcategory,اديداس,209.71,80,14,80,3,3,,False,الازياء والملابس,3.0,0,1080.0,2023-06-20 05:55:09,قميص قطني كلاسيكي - اصدار خاص,قميص قطني كلاسيكي - اصدار خاص,الازياء والملابس,unknown_subcategory,اديداس,209.71,,False,12,1,0,28,12,1,0,1,12,11,1.0,0.0,26,26.0,1.0,11.0,False,6501.01,31,28,0.0833333333333333,0.0,0.0,1.0,0.0833333333333333,2.5454545454545454,1.0,Moderate,-0.4321300825300382,-0.4321300825300382,160.0,160.0,160.0,0.0,2.284453274168197,2.3080357142857144,18.59375,1.1142510876618312,False,False,False,High,False,False,True,False,True,متوسط,انسحاب مرتفع بعد الإضافة للسلة,انسحاب مرتفع بعد الإضافة للسلة,هناك اهتمام واضح بالمنتج لكن جزءًا من العملاء لا يكمل الشراء بعد الإضافة للسلة.,3.0,0,1080.0,80,14,80,3,6501.01,28,3.0,12,1,0,2024-01-01,2024-12-30,قميص قطني كلاسيكي - اصدار خاص,0.034482758620689655,0.17914452481572657,6,32,375.3246875,323.275,3.678125,4.0,4.0,12.65625,13.0,0.0,0.0,1170.6875,1174.5,0.21365830518453735,الازياء والملابس,0,0,0,1,0,0,1,0,"['low_rating', 'low_review_trust']",تقييم المنتج أقل من متوسط المنتجات المشابهة | عدد المراجعات أقل من المنتجات المشابهة مما يضعف الثقة,4.3,63|166|164|20|190,حذاء رياضي مريح - اصدار خاص|فستان سهره انيق - اصدار خاص|حقيبه يد جلديه - اصدار خاص|حذاء رسمي جلد|حذاء رسمي جلد - اصدار خاص,451.282,3.5799999999999996,2.2671218255428784,0.9210336500192103,63,حذاء رياضي مريح - اصدار خاص,False,True,True,False,False,False,True,4.3,تقييم المنتج أقل من متوسط المنتجات المشابهة | عدد المراجعات أقل من المنتجات المشابهة مما يضعف الثقة,trust,none
128,مكواه بخاريه احترافيه - اصدار خاص,مكواه بخاريه احترافيه - اصدار خاص,المنزل والمطبخ,unknown_subcategory,بوش,664.23,77,12,77,6,6,,False,المنزل والمطبخ,3.3,0,1145.0,2023-04-16 11:57:49,مكواه بخاريه احترافيه - اصدار خاص,مكواه بخاريه احترافيه - اصدار خاص,المنزل والمطبخ,unknown_subcategory,بوش,664.23,,False,12,4,0,22,12,4,0,4,12,12,4.0,0.0,22,22.0,4.0,12.0,False,15941.52,24,22,0.3333333333333333,0.0,0.0,1.0,0.3333333333333333,1.8333333333333333,1.0,Moderate,-0.359733685602258,-0.359733685602258,118.0,118.0,118.0,0.0,4.391284662352632,1.9285714285714288,21.80555555555556,0.4174936207280911,False,False,False,High,False,False,True,False,False,متوسط,انسحاب مرتفع بعد الإضافة للسلة,انسحاب مرتفع بعد الإضافة للسلة,هناك اهتمام واضح بالمنتج لكن جزءًا من العملاء لا يكمل الشراء بعد الإضافة للسلة.,3.3,0,1145.0,77,12,77,6,15941.52,22,3.3,12,4,0,2024-01-01,2024-12-30,مكواه بخاريه احترافيه - اصدار خاص,0.0,0.43444554999574114,4,32,1416.5046875,1102.21,3.725,4.0625,4.0,14.53125,16.0,0.0,0.0,1150.375,1143.5,0.26748578062704065,المنزل والمطبخ,0,0,0,1,0,0,1,0,"['low_rating', 'low_review_trust']",تقييم المنتج أقل من متوسط المنتجات المشابهة | عدد المراجعات أقل من المنتجات المشابهة مما يضعف الثقة,4.3,195|101|80|153|27,فرن كهربايي 60 لتر - اصدار خاص|مجموعه سكاكين مطبخ - اصدار خاص|ماكينه قهوه اسبريسو - اصدار خاص|فرن كهربايي 60 لتر - اصدار خاص|فرن كهربايي 60 لتر,668.342,3.7,2.464253393665158,0.9148926785413692,195,فرن كهربايي 60 لتر - اصدار خاص,False,True,True,False,False,False,True,4.3,تقييم المنتج أقل من متوسط المنتجات المشابهة | عدد المراجعات أقل من المنتجات المشابهة مما يضعف الثقة,trust,none
129,تيشيرت بولو قطن - اصدار خاص,تيشيرت بولو قطن - اصدار خاص,الازياء والملابس,unknown_subcategory,بوما,94.56,76,13,76,2,2,,False,الازياء والملابس,4.5,0,1109.0,2023-05-22 23:15:45,تيشيرت بولو قطن - اصدار خاص,تيشيرت بولو قطن - اصدار خاص,الازياء والملابس,unknown_subcategory,بوما,94.56,,False,12,6,0,30,12,6,0,6,12,12,6.0,0.0,30,30.0,6.0,12.0,False,3120.48,33,30,0.5,0.0,0.0,1.0,0.5,2.5,1.0,Moderate,-0.2779278592966493,-0.2779278592966493,85.0,85.0,85.0,0.0,2.284453274168197,2.3080357142857144,18.59375,1.094353746810727,False,False,False,High,False,False,True,False,False,متوسط,انسحاب مرتفع بعد الإضافة للسلة,انسحاب مرتفع بعد الإضافة للسلة,هناك اهتمام واضح بالمنتج لكن جزءًا من العملاء لا يكمل الشراء بعد الإضافة للسلة.,4.5,0,1109.0,76,13,76,2,3120.48,30,4.5,12,6,0,2024-01-01,2024-12-30,تيشيرت بولو قطن - اصدار خاص,0.06896551724137931,0.2893764093334782,6,32,375.3246875,323.275,3.678125,4.0,4.0,12.65625,13.0,0.0,0.0,1170.6875,1174.5,0.21365830518453735,الازياء والملابس,0,0,0,0,1,0,1,0,"['low_visual_support', 'low_review_trust']",الدعم البصري أضعف من المنافسين من حيث عدد الصور | عدد المراجعات أقل من المنتجات المشابهة مما يضعف الثقة,3.9000000000000004,19|121|166|158|100,تيشيرت بولو قطن|حذاء رياضي مريح - اصدار خاص|فستان سهره انيق - اصدار خاص|فستان سهره انيق - اصدار خاص|حقيبه يد جلديه - اصدار خاص,346.784,4.16,2.093841210808775,0.9495886522996895,19,تيشيرت بولو قطن,False,False,True,True,False,False,True,3.9,الدعم البصري أضعف من المنافسين من حيث عدد الصور | عدد المراجعات أقل من المنتجات المشابهة مما يضعف الثقة,trust,content
130,ثلاجه نوفروست 350 لتر - اصدار خاص,ثلاجه نوفروست 350 لتر - اصدار خاص,المنزل والمطبخ,unknown_subcategory,فيليبس,3341.54,83,17,83,6,6,,False,المنزل والمطبخ,4.5,0,1103.0,2023-05-28 01:11:36,ثلاجه نوفروست 350 لتر - اصدار خاص,ثلاجه نوفروست 350 لتر - اصدار خاص,المنزل والمطبخ,unknown_subcategory,فيليبس,3341.54,,False,11,4,0,27,11,4,0,4,11,11,4.0,0.0,27,27.0,4.0,11.0,False,103587.74,31,27,0.3636363636363636,0.0,0.0,1.0,0.3636363636363636,2.4545454545454546,1.0,Moderate,-0.3146761972787452,-0.3146761972787452,98.0,98.0,98.0,0.0,4.391284662352632,1.9285714285714288,21.80555555555556,0.5589584013053782,False,False,False,High,False,True,True,False,False,متوسط,انسحاب مرتفع بعد الإضافة للسلة,انسحاب مرتفع بعد الإضافة للسلة,هناك اهتمام واضح بالمنتج لكن جزءًا من العملاء لا يكمل الشراء بعد الإضافة للسلة.,4.5,0,1103.0,83,17,83,6,103587.74,27,4.5,11,4,0,2024-01-01,2024-12-30,ثلاجه نوفروست 350 لتر - اصدار خاص,0.0,0.1611875560704482,4,32,1416.5046875,1102.21,3.725,4.0625,4.0,14.53125,16.0,0.0,0.0,1150.375,1143.5,0.26748578062704065,المنزل والمطبخ,1,1,0,0,0,0,1,0,"['price_high', 'weak_brand', 'low_review_trust']",السعر أعلى من المستوى المعتاد داخل المجموعة المنافسة | قوة العلامة التجارية أقل من منافسيه داخل المجموعة | عدد المراجعات أقل من المنتجات المشابهة مما يضعف الثقة,5.0,154|162|134|178|176,ثلاجه نوفروست 350 لتر - اصدار خاص|ثلاجه نوفروست 350 لتر - اصدار خاص|ثلاجه نوفروست 350 لتر - اصدار خاص|مكيف هواء انفيرتر 18000 - اصدار خاص|فرن كهربايي 60 لتر - اصدار خاص,2719.68,3.9799999999999995,1.788795518207283,0.9317668627556028,154,ثلاجه نوفروست 350 لتر - اصدار خاص,True,False,True,False,False,False,True,5.0,السعر أعلى من المستوى المعتاد داخل المجموعة المنافسة | قوة العلامة التجارية أقل من منافسيه داخل المجموعة | عدد المراجعات أقل من المنتجات المشابهة مما يضعف الثقة,pricing,trust
131,اوزان حديد طقم 20 كيلو - اصدار خاص,اوزان حديد طقم 20 كيلو - اصدار خاص,الرياضه واللياقه,unknown_subcategory,ديكاتلون,457.64,85,16,85,1,1,,False,الرياضه واللياقه,2.7,0,1215.0,2023-02-05 21:08:34,اوزان حديد طقم 20 كيلو - اصدار خاص,اوزان حديد طقم 20 كيلو - اصدار خاص,الرياضه واللياقه,unknown_subcategory,ديكاتلون,457.64,,False,41,10,0,35,41,10,0,10,35,38,10.0,0.0,35,35.0,10.0,35.0,False,16932.68,37,35,0.2439024390243902,0.0,0.0,1.0,0.2439024390243902,0.9210526315789472,1.0,Moderate,0.1063190228184935,0.1063190228184935,34.0,34.0,34.0,0.0,8.50970943604373,2.117647058823529,17.666666666666668,0.1082354971695903,False,False,False,High,False,False,True,True,False,متوسط,انسحاب مرتفع بعد الإضافة للسلة,انسحاب مرتفع بعد الإضافة للسلة,المنتج يُشاهَد لكنه لا يتحول إلى شراء بالمستوى المطلوب.,2.7,0,1215.0,85,16,85,1,16932.68,35,2.7,41,10,0,2024-01-01,2024-12-30,اوزان حديد طقم 20 كيلو - اصدار خاص,0.0,0.0023830538372612057,1,27,625.2074074074073,278.2,4.074074074074074,3.3703703703703702,3.0,14.518518518518519,15.0,0.0,0.0,1153.7407407407406,1135.0,0.34956374783054484,الرياضه واللياقه,1,1,0,1,1,0,1,0,"['price_high', 'weak_brand', 'low_rating', 'low_visual_support', 'low_review_trust']",السعر أعلى من المستوى المعتاد داخل المجموعة المنافسة | قوة العلامة التجارية أقل من منافسيه داخل المجموعة | تقييم المنتج أقل من متوسط المنتجات المشابهة | الدعم البصري أضعف من المنافسين من حيث عدد الصور | عدد المراجعات أقل من المنتجات المشابهة مما يضعف الثقة,7.6000000000000005,139|118|159|71|165,حقيبه رياضيه جيم - اصدار خاص|حصيره يوغا مضاده للانزلاق - اصدار خاص|حصيره يوغا مضاده للانزلاق - اصدار خاص|حصيره يوغا مضاده للانزلاق - اصدار خاص|حذاء جري احترافي - اصدار خاص,353.63800000000003,3.7,2.6753832442067735,0.8720623872196782,139,حقيبه رياضيه جيم - اصدار خاص,True,True,True,True,False,False,True,7.6,السعر أعلى من المستوى المعتاد داخل المجموعة المنافسة | قوة العلامة التجارية أقل من منافسيه داخل المجموعة | تقييم المنتج أقل من متوسط المنتجات المشابهة | الدعم البصري أضعف من المنافسين من حيث عدد الصور | عدد المراجعات أقل من المنتجات المشابهة مما يضعف الثقة,pricing,trust
132,عطر رجالي عودي - اصدار خاص,عطر رجالي عودي - اصدار خاص,الجمال والعنايه,unknown_subcategory,ماك,284.92,68,13,68,3,3,,False,الجمال والعنايه,3.5,0,1186.0,2023-03-06 00:09:54,عطر رجالي عودي - اصدار خاص,عطر رجالي عودي - اصدار خاص,الجمال والعنايه,unknown_subcategory,ماك,284.92,,False,8,1,0,31,8,1,0,1,8,8,1.0,0.0,30,30.0,1.0,8.0,False,10257.12,36,31,0.125,0.0,0.0,1.0,0.125,3.875,1.0,Moderate,-0.4403329794911716,-0.4403329794911716,163.0,163.0,163.0,0.0,6.768778422340422,2.8,19.580645161290324,0.5724814373019691,True,False,False,High,False,True,True,False,True,متوسط,انسحاب مرتفع بعد الإضافة للسلة,انسحاب مرتفع بعد الإضافة للسلة,هناك اهتمام واضح بالمنتج لكن جزءًا من العملاء لا يكمل الشراء بعد الإضافة للسلة.,3.5,0,1186.0,68,13,68,3,10257.12,31,3.5,8,1,0,2024-01-01,2024-12-30,عطر رجالي عودي - اصدار خاص,0.0,0.5426575582011882,5,31,312.03483870967744,281.44,3.770967741935484,4.451612903225806,5.0,13.64516129032258,14.0,0.0,0.0,1173.7096774193549,1186.0,0.37324573544941014,الجمال والعنايه,0,0,0,0,1,0,1,0,"['low_visual_support', 'low_review_trust']",الدعم البصري أضعف من المنافسين من حيث عدد الصور | عدد المراجعات أقل من المنتجات المشابهة مما يضعف الثقة,3.9000000000000004,189|122|149|104|199,مزيل عرق رول اون - اصدار خاص|طقم مكياج احترافي - اصدار خاص|طقم مكياج احترافي - اصدار خاص|قناع وجه كولاجين - اصدار خاص|زيت ارغان طبيعي - اصدار خاص,329.878,3.2800000000000002,2.053809523809524,0.9681127434962398,189,مزيل عرق رول اون - اصدار خاص,False,False,True,True,False,False,True,3.9,الدعم البصري أضعف من المنافسين من حيث عدد الصور | عدد المراجعات أقل من المنتجات المشابهة مما يضعف الثقة,trust,content
133,اطلس العالم المصور - اصدار خاص,اطلس العالم المصور - اصدار خاص,الكتب والتعليم,unknown_subcategory,دار الفكر,165.39,70,12,70,1,1,,False,الكتب والتعليم,3.4,0,1121.0,2023-05-10 16:06:31,اطلس العالم المصور - اصدار خاص,اطلس العالم المصور - اصدار خاص,الكتب والتعليم,unknown_subcategory,دار الفكر,165.39,,False,11,4,0,32,11,4,0,4,11,10,4.0,0.0,32,32.0,4.0,10.0,False,5623.259999999999,34,32,0.3636363636363636,0.0,0.0,1.0,0.3636363636363636,3.2,1.0,Moderate,-0.3318988332359801,-0.3318988332359801,110.0,110.0,110.0,0.0,3.3634956997365264,2.083333333333333,23.17142857142857,0.9513911375747164,False,False,False,High,False,True,True,False,False,متوسط,انسحاب مرتفع بعد الإضافة للسلة,انسحاب مرتفع بعد الإضافة للسلة,هناك اهتمام واضح بالمنتج لكن جزءًا من العملاء لا يكمل الشراء بعد الإضافة للسلة.,3.4,0,1121.0,70,12,70,1,5623.259999999999,32,3.4,11,4,0,2024-01-01,2024-12-30,اطلس العالم المصور - اصدار خاص,0.0,0.18699489139525632,3,35,162.01628571428571,132.13,3.834285714285714,4.228571428571429,4.0,12.914285714285715,13.0,0.0,0.0,1150.1714285714286,1147.0,0.27160789955165,الكتب والتعليم,1,1,0,1,1,0,1,0,"['price_high', 'weak_brand', 'low_rating', 'low_visual_support', 'low_review_trust']",السعر أعلى من المستوى المعتاد داخل المجموعة المنافسة | قوة العلامة التجارية أقل من منافسيه داخل المجموعة | تقييم المنتج أقل من متوسط المنتجات المشابهة | الدعم البصري أضعف من المنافسين من حيث عدد الصور | عدد المراجعات أقل من المنتجات المشابهة مما يضعف الثقة,7.6000000000000005,196|59|88|99|120,اطلس العالم المصور - اصدار خاص|كتاب تطوير الذات والتحفيز|دوره برمجه اكاديميه USB - اصدار خاص|مجموعه كتب الطفل التعليميه - اصدار خاص|روايه عربيه بيست سيلر - اصدار خاص,184.07999999999998,4.0600000000000005,2.958347338935574,0.8568623894045279,196,اطلس العالم المصور - اصدار خاص,True,True,True,True,False,False,True,7.6,السعر أعلى من المستوى المعتاد داخل المجموعة المنافسة | قوة العلامة التجارية أقل من منافسيه داخل المجموعة | تقييم المنتج أقل من متوسط المنتجات المشابهة | الدعم البصري أضعف من المنافسين من حيث عدد الصور | عدد المراجعات أقل من المنتجات المشابهة مما يضعف الثقة,pricing,trust
134,ثلاجه نوفروست 350 لتر - اصدار خاص,ثلاجه نوفروست 350 لتر - اصدار خاص,المنزل والمطبخ,unknown_subcategory,هايسنس,3215.18,83,17,83,3,3,,False,المنزل والمطبخ,4.8,0,1116.0,2023-05-15 00:59:10,ثلاجه نوفروست 350 لتر - اصدار خاص,ثلاجه نوفروست 350 لتر - اصدار خاص,المنزل والمطبخ,unknown_subcategory,هايسنس,3215.18,,False,9,4,0,21,9,4,0,4,9,9,4.0,0.0,21,21.0,4.0,9.0,False,80379.5,25,21,0.4444444444444444,0.0,0.0,1.0,0.4444444444444444,2.333333333333333,1.0,Moderate,-0.3557256698912531,-0.3557256698912531,115.0,115.0,115.0,0.0,4.391284662352632,1.9285714285714288,21.80555555555556,0.5313555172902978,True,False,False,High,False,True,True,False,False,متوسط,انسحاب مرتفع بعد الإضافة للسلة,انسحاب مرتفع بعد الإضافة للسلة,هناك اهتمام واضح بالمنتج لكن جزءًا من العملاء لا يكمل الشراء بعد الإضافة للسلة.,4.8,0,1116.0,83,17,83,3,80379.5,21,4.8,9,4,0,2024-01-01,2024-12-30,ثلاجه نوفروست 350 لتر - اصدار خاص,0.0,0.40907124235107295,4,32,1416.5046875,1102.21,3.725,4.0625,4.0,14.53125,16.0,0.0,0.0,1150.375,1143.5,0.26748578062704065,المنزل والمطبخ,1,0,0,0,0,0,1,0,"['price_high', 'low_review_trust']",السعر أعلى من المستوى المعتاد داخل المجموعة المنافسة | عدد المراجعات أقل من المنتجات المشابهة مما يضعف الثقة,4.0,178|61|130|154|136,مكيف هواء انفيرتر 18000 - اصدار خاص|فرن كهربايي 60 لتر - اصدار خاص|ثلاجه نوفروست 350 لتر - اصدار خاص|ثلاجه نوفروست 350 لتر - اصدار خاص|فرن كهربايي 60 لتر - اصدار خاص,2565.306,4.2,2.0900432900432895,0.9291400990026251,178,مكيف هواء انفيرتر 18000 - اصدار خاص,True,False,True,False,False,False,True,4.0,السعر أعلى من المستوى المعتاد داخل المجموعة المنافسة | عدد المراجعات أقل من المنتجات المشابهة مما يضعف الثقة,pricing,trust
135,طقم اواني طهي غرانيت - اصدار خاص,طقم اواني طهي غرانيت - اصدار خاص,المنزل والمطبخ,unknown_subcategory,تيفال,248.61,87,16,87,4,4,,False,المنزل والمطبخ,2.8,0,1105.0,2023-05-26 04:41:48,طقم اواني طهي غرانيت - اصدار خاص,طقم اواني طهي غرانيت - اصدار خاص,المنزل والمطبخ,unknown_subcategory,تيفال,248.61,,False,33,5,0,36,33,5,0,5,33,30,5.0,0.0,34,34.0,5.0,30.0,False,9944.4,40,36,0.1515151515151515,0.0,0.0,1.0,0.1515151515151515,1.2,1.0,Moderate,-0.1183714900853073,-0.1183714900853073,47.0,47.0,47.0,0.0,4.391284662352632,1.9285714285714288,21.80555555555556,0.273268551749296,False,False,False,High,False,False,True,True,False,متوسط,انسحاب مرتفع بعد الإضافة للسلة,انسحاب مرتفع بعد الإضافة للسلة,المنتج يُشاهَد لكنه لا يتحول إلى شراء بالمستوى المطلوب.,2.8,0,1105.0,87,16,87,4,9944.4,36,2.8,33,5,0,2024-01-01,2024-12-30,طقم اواني طهي غرانيت - اصدار خاص,0.0,0.14229620701857051,4,32,1416.5046875,1102.21,3.725,4.0625,4.0,14.53125,16.0,0.0,0.0,1150.375,1143.5,0.26748578062704065,المنزل والمطبخ,0,1,0,1,0,0,1,0,"['weak_brand', 'low_rating', 'low_review_trust']",قوة العلامة التجارية أقل من منافسيه داخل المجموعة | تقييم المنتج أقل من متوسط المنتجات المشابهة | عدد المراجعات أقل من المنتجات المشابهة مما يضعف الثقة,5.3,82|106|65|70|85,مجموعه سكاكين مطبخ - اصدار خاص|فرن كهربايي 60 لتر - اصدار خاص|مكنسه كهرباييه لاسلكيه - اصدار خاص|فرن كهربايي 60 لتر - اصدار خاص|ماكينه قهوه اسبريسو - اصدار خاص,867.5380000000001,2.78,1.9506493506493505,0.9673587669921193,82,مجموعه سكاكين مطبخ - اصدار خاص,False,True,True,False,False,False,True,5.3,قوة العلامة التجارية أقل من منافسيه داخل المجموعة | تقييم المنتج أقل من متوسط المنتجات المشابهة | عدد المراجعات أقل من المنتجات المشابهة مما يضعف الثقة,trust,none
136,فرن كهربايي 60 لتر - اصدار خاص,فرن كهربايي 60 لتر - اصدار خاص,المنزل والمطبخ,unknown_subcategory,توشيبا,1233.09,85,16,85,2,2,,False,المنزل والمطبخ,4.5,0,1118.0,2023-05-13 02:37:23,فرن كهربايي 60 لتر - اصدار خاص,فرن كهربايي 60 لتر - اصدار خاص,المنزل والمطبخ,unknown_subcategory,توشيبا,1233.09,,False,25,6,0,25,25,6,0,6,25,25,6.0,0.0,25,25.0,6.0,25.0,False,33293.43,27,25,0.24,0.0,0.0,1.0,0.24,1.0,1.0,Moderate,-0.1775095188455123,-0.1775095188455123,59.0,59.0,59.0,0.0,4.391284662352632,1.9285714285714288,21.80555555555556,0.2277237931244133,False,False,False,High,False,False,True,True,False,متوسط,انسحاب مرتفع بعد الإضافة للسلة,انسحاب مرتفع بعد الإضافة للسلة,المنتج يُشاهَد لكنه لا يتحول إلى شراء بالمستوى المطلوب.,4.5,0,1118.0,85,16,85,2,33293.43,25,4.5,25,6,0,2024-01-01,2024-12-30,فرن كهربايي 60 لتر - اصدار خاص,0.0,0.23130022737131772,4,32,1416.5046875,1102.21,3.725,4.0625,4.0,14.53125,16.0,0.0,0.0,1150.375,1143.5,0.26748578062704065,المنزل والمطبخ,0,0,0,0,1,0,1,0,"['low_visual_support', 'low_review_trust']",الدعم البصري أضعف من المنافسين من حيث عدد الصور | عدد المراجعات أقل من المنتجات المشابهة مما يضعف الثقة,3.9000000000000004,197|61|176|91|119,مكيف هواء انفيرتر 18000 - اصدار خاص|فرن كهربايي 60 لتر - اصدار خاص|فرن كهربايي 60 لتر - اصدار خاص|فرن كهربايي 60 لتر - اصدار خاص|ماكينه قهوه اسبريسو - اصدار خاص,1300.404,4.0600000000000005,0.9695937443713627,0.9248763213266487,197,مكيف هواء انفيرتر 18000 - اصدار خاص,False,False,True,True,False,False,True,3.9,الدعم البصري أضعف من المنافسين من حيث عدد الصور | عدد المراجعات أقل من المنتجات المشابهة مما يضعف الثقة,trust,content
137,راوتر واي فاي 6 - اصدار خاص,راوتر واي فاي 6 - اصدار خاص,الالكترونيات,unknown_subcategory,اوبو,593.31,80,15,80,1,1,,False,الالكترونيات,3.4,0,1239.0,2023-01-12 23:48:48,راوتر واي فاي 6 - اصدار خاص,راوتر واي فاي 6 - اصدار خاص,الالكترونيات,unknown_subcategory,اوبو,593.31,,False,22,7,0,26,22,7,0,7,22,22,7.0,0.0,24,24.0,7.0,22.0,False,17205.989999999998,29,26,0.3181818181818182,0.0,0.0,1.0,0.3181818181818182,1.181818181818182,1.0,Moderate,-0.1768621468001431,-0.1768621468001431,58.0,58.0,58.0,0.0,7.961233440029987,1.9,20.12121212121212,0.1484466183186974,False,False,False,High,False,False,True,True,False,متوسط,انسحاب مرتفع بعد الإضافة للسلة,انسحاب مرتفع بعد الإضافة للسلة,المنتج يُشاهَد لكنه لا يتحول إلى شراء بالمستوى المطلوب.,3.4,0,1239.0,80,15,80,1,17205.989999999998,26,3.4,22,7,0,2024-01-01,2024-12-30,راوتر واي فاي 6 - اصدار خاص,0.030303030303030304,0.0725863681329811,0,27,1979.0025925925927,1613.84,3.7074074074074073,3.925925925925926,4.0,14.37037037037037,15.0,0.0,0.0,1156.7037037037037,1138.0,0.38300357479399344,الالكترونيات,0,1,0,0,1,0,1,0,"['weak_brand', 'low_visual_support', 'low_review_trust']",قوة العلامة التجارية أقل من منافسيه داخل المجموعة | الدعم البصري أضعف من المنافسين من حيث عدد الصور | عدد المراجعات أقل من المنتجات المشابهة مما يضعف الثقة,4.8999999999999995,185|102|81|194|7,سماعات لاسلكيه - اصدار خاص|تابلت 10 انش - اصدار خاص|شاشه 4K 27 انش - اصدار خاص|ساعه ذكيه سبورت - اصدار خاص|كاميرا ميرورليس,1314.394,3.84,1.5085714285714285,0.9336621870386421,185,سماعات لاسلكيه - اصدار خاص,False,False,True,True,False,False,True,4.9,قوة العلامة التجارية أقل من منافسيه داخل المجموعة | الدعم البصري أضعف من المنافسين من حيث عدد الصور | عدد المراجعات أقل من المنتجات المشابهة مما يضعف الثقة,trust,content
138,جهاز مشي كهربايي - اصدار خاص,جهاز مشي كهربايي - اصدار خاص,الرياضه واللياقه,unknown_subcategory,بوما,2075.88,82,15,82,1,1,,False,الرياضه واللياقه,4.6,0,1118.0,2023-05-13 02:24:20,جهاز مشي كهربايي - اصدار خاص,جهاز مشي كهربايي - اصدار خاص,الرياضه واللياقه,unknown_subcategory,بوما,2075.88,,False,7,2,0,41,7,2,0,2,7,7,2.0,0.0,39,39.0,2.0,7.0,False,93414.6,45,41,0.2857142857142857,0.0,0.0,1.0,0.2857142857142857,5.857142857142857,1.0,Strong,-0.3341984088690474,-0.3341984088690474,33.0,33.0,33.0,0.0,8.50970943604373,2.117647058823529,17.666666666666668,0.688289406490701,True,False,False,High,False,True,True,False,True,قوي,انسحاب مرتفع بعد الإضافة للسلة,انسحاب مرتفع بعد الإضافة للسلة,المنتج يحقق أداء جيدًا مقارنة ببقية المنتجات.,4.6,0,1118.0,82,15,82,1,93414.6,41,4.6,7,2,0,2024-01-01,2024-12-30,جهاز مشي كهربايي - اصدار خاص,0.0,0.2893764093334782,1,27,625.2074074074073,278.2,4.074074074074074,3.3703703703703702,3.0,14.518518518518519,15.0,0.0,0.0,1153.7407407407406,1135.0,0.34956374783054484,الرياضه واللياقه,1,0,0,0,1,0,1,0,"['price_high', 'low_visual_support', 'low_review_trust']",السعر أعلى من المستوى المعتاد داخل المجموعة المنافسة | الدعم البصري أضعف من المنافسين من حيث عدد الصور | عدد المراجعات أقل من المنتجات المشابهة مما يضعف الثقة,3.7,96|105|114|44|188,دراجه هواييه جبليه - اصدار خاص|حقيبه رياضيه جيم - اصدار خاص|حقيبه رياضيه جيم - اصدار خاص|جهاز مشي كهربايي|جهاز مشي كهربايي - اصدار خاص,1422.8939999999998,4.56,1.515429880197322,0.9345291430866269,96,دراجه هواييه جبليه - اصدار خاص,True,False,True,True,False,False,True,3.7,السعر أعلى من المستوى المعتاد داخل المجموعة المنافسة | الدعم البصري أضعف من المنافسين من حيث عدد الصور | عدد المراجعات أقل من المنتجات المشابهة مما يضعف الثقة,pricing,trust
139,حقيبه رياضيه جيم - اصدار خاص,حقيبه رياضيه جيم - اصدار خاص,الرياضه واللياقه,unknown_subcategory,اديداس,351.69,84,14,84,4,4,,False,الرياضه واللياقه,3.6,0,1225.0,2023-01-26 14:54:18,حقيبه رياضيه جيم - اصدار خاص,حقيبه رياضيه جيم - اصدار خاص,الرياضه واللياقه,unknown_subcategory,اديداس,351.69,,False,17,4,0,24,17,4,0,4,17,17,4.0,0.0,24,24.0,4.0,17.0,False,9847.32,28,24,0.2352941176470588,0.0,0.0,1.0,0.2352941176470588,1.411764705882353,1.0,Moderate,-0.318435759023522,-0.318435759023522,100.0,100.0,100.0,0.0,8.50970943604373,2.117647058823529,17.666666666666668,0.1659004595271704,False,False,False,High,False,False,True,False,False,متوسط,انسحاب مرتفع بعد الإضافة للسلة,انسحاب مرتفع بعد الإضافة للسلة,هناك اهتمام واضح بالمنتج لكن جزءًا من العملاء لا يكمل الشراء بعد الإضافة للسلة.,3.6,0,1225.0,84,14,84,4,9847.32,24,3.6,17,4,0,2024-01-01,2024-12-30,حقيبه رياضيه جيم - اصدار خاص,0.0,0.17914452481572657,1,27,625.2074074074073,278.2,4.074074074074074,3.3703703703703702,3.0,14.518518518518519,15.0,0.0,0.0,1153.7407407407406,1135.0,0.34956374783054484,الرياضه واللياقه,1,1,0,1,0,0,1,0,"['price_high', 'weak_brand', 'low_rating', 'low_review_trust']",السعر أعلى من المستوى المعتاد داخل المجموعة المنافسة | قوة العلامة التجارية أقل من منافسيه داخل المجموعة | تقييم المنتج أقل من متوسط المنتجات المشابهة | عدد المراجعات أقل من المنتجات المشابهة مما يضعف الثقة,6.5,71|165|159|86|98,حصيره يوغا مضاده للانزلاق - اصدار خاص|حذاء جري احترافي - اصدار خاص|حصيره يوغا مضاده للانزلاق - اصدار خاص|لباس رياضي ضاغط - اصدار خاص|اوزان حديد طقم 20 كيلو - اصدار خاص,405.32,4.06,2.1932085561497323,0.9787264936604676,71,حصيره يوغا مضاده للانزلاق - اصدار خاص,True,True,True,False,False,False,True,6.5,السعر أعلى من المستوى المعتاد داخل المجموعة المنافسة | قوة العلامة التجارية أقل من منافسيه داخل المجموعة | تقييم المنتج أقل من متوسط المنتجات المشابهة | عدد المراجعات أقل من المنتجات المشابهة مما يضعف الثقة,pricing,trust
140,مزيل عرق رول اون - اصدار خاص,مزيل عرق رول اون - اصدار خاص,الجمال والعنايه,unknown_subcategory,لوريال,61.32,70,14,70,6,6,,False,الجمال والعنايه,4.2,0,1246.0,2023-01-05 05:27:27,مزيل عرق رول اون - اصدار خاص,مزيل عرق رول اون - اصدار خاص,الجمال والعنايه,unknown_subcategory,لوريال,61.32,,False,9,3,0,19,9,3,0,3,9,9,3.0,0.0,18,18.0,3.0,9.0,False,1410.36,23,19,0.3333333333333333,0.0,0.0,1.0,0.3333333333333333,2.111111111111111,1.0,Moderate,-0.4251102106330111,-0.4251102106330111,157.0,157.0,157.0,0.0,6.768778422340422,2.8,19.580645161290324,0.3118895285659473,True,False,False,High,False,True,True,False,True,متوسط,انسحاب مرتفع بعد الإضافة للسلة,انسحاب مرتفع بعد الإضافة للسلة,هناك اهتمام واضح بالمنتج لكن جزءًا من العملاء لا يكمل الشراء بعد الإضافة للسلة.,4.2,0,1246.0,70,14,70,6,1410.36,19,4.2,9,3,0,2024-01-01,2024-12-30,مزيل عرق رول اون - اصدار خاص,0.0,0.1642017690771361,5,31,312.03483870967744,281.44,3.770967741935484,4.451612903225806,5.0,13.64516129032258,14.0,0.0,0.0,1173.7096774193549,1186.0,0.37324573544941014,الجمال والعنايه,0,1,0,0,0,0,1,0,"['weak_brand', 'low_review_trust']",قوة العلامة التجارية أقل من منافسيه داخل المجموعة | عدد المراجعات أقل من المنتجات المشابهة مما يضعف الثقة,3.8,116|187|179|64|182,قناع وجه كولاجين - اصدار خاص|عطر رجالي عودي - اصدار خاص|مجموعه عنايه بالشعر - اصدار خاص|عطر رجالي عودي - اصدار خاص|سيروم فيتامين سي - اصدار خاص,314.87199999999996,4.04,2.3874358974358976,0.8655119416674792,116,قناع وجه كولاجين - اصدار خاص,False,False,True,False,False,False,True,3.8,قوة العلامة التجارية أقل من منافسيه داخل المجموعة | عدد المراجعات أقل من المنتجات المشابهة مما يضعف الثقة,trust,none
141,ساعه ذكيه سبورت - اصدار خاص,ساعه ذكيه سبورت - اصدار خاص,الالكترونيات,unknown_subcategory,ابل,449.82,88,15,88,5,5,,False,الالكترونيات,3.4,0,1239.0,2023-01-12 16:48:41,ساعه ذكيه سبورت - اصدار خاص,ساعه ذكيه سبورت - اصدار خاص,الالكترونيات,unknown_subcategory,ابل,449.82,,False,47,11,0,36,47,11,0,11,36,44,11.0,0.0,35,35.0,11.0,35.0,False,17992.8,40,36,0.2340425531914893,0.0,0.0,1.0,0.2340425531914893,0.8181818181818182,1.0,Moderate,0.1941427856079984,0.1941427856079984,32.0,32.0,32.0,0.0,7.961233440029987,1.9,20.12121212121212,0.1027707357590982,False,False,False,High,False,False,True,True,False,متوسط,انسحاب مرتفع بعد الإضافة للسلة,انسحاب مرتفع بعد الإضافة للسلة,المنتج يُشاهَد لكنه لا يتحول إلى شراء بالمستوى المطلوب.,3.4,0,1239.0,88,15,88,5,17992.8,36,3.4,47,11,0,2024-01-01,2024-12-30,ساعه ذكيه سبورت - اصدار خاص,0.0,0.5262419688323299,0,27,1979.0025925925927,1613.84,3.7074074074074073,3.925925925925926,4.0,14.37037037037037,15.0,0.0,0.0,1156.7037037037037,1138.0,0.38300357479399344,الالكترونيات,0,0,0,0,0,0,1,0,['low_review_trust'],عدد المراجعات أقل من المنتجات المشابهة مما يضعف الثقة,2.8,75|115|8|161|5,تابلت 10 انش - اصدار خاص|شاحن لاسلكي سريع - اصدار خاص|مكبر صوت بلوتوث|شاحن لاسلكي سريع - اصدار خاص|تابلت 10 انش,492.7,3.7399999999999998,1.9215811965811966,0.920651102812445,75,تابلت 10 انش - اصدار خاص,False,False,True,False,False,False,True,2.8,عدد المراجعات أقل من المنتجات المشابهة مما يضعف الثقة,trust,none
142,مكبر صوت بلوتوث - اصدار خاص,مكبر صوت بلوتوث - اصدار خاص,الالكترونيات,unknown_subcategory,سامسونج,243.55,88,15,88,6,6,,False,الالكترونيات,2.9,0,1109.0,2023-05-22 14:44:07,مكبر صوت بلوتوث - اصدار خاص,مكبر صوت بلوتوث - اصدار خاص,الالكترونيات,unknown_subcategory,سامسونج,243.55,,False,20,5,0,29,20,5,0,5,20,19,5.0,0.0,29,29.0,5.0,19.0,False,7550.05,31,29,0.25,0.0,0.0,1.0,0.25,1.5263157894736843,1.0,Moderate,-0.2494358935540127,-0.2494358935540127,76.0,76.0,76.0,0.0,7.961233440029987,1.9,20.12121212121212,0.1917185070593703,False,False,False,High,False,False,True,False,False,متوسط,انسحاب مرتفع بعد الإضافة للسلة,انسحاب مرتفع بعد الإضافة للسلة,هناك اهتمام واضح بالمنتج لكن جزءًا من العملاء لا يكمل الشراء بعد الإضافة للسلة.,2.9,0,1109.0,88,15,88,6,7550.05,29,2.9,20,5,0,2024-01-01,2024-12-30,مكبر صوت بلوتوث - اصدار خاص,0.06060606060606061,0.6503581790480685,0,27,1979.0025925925927,1613.84,3.7074074074074073,3.925925925925926,4.0,14.37037037037037,15.0,0.0,0.0,1156.7037037037037,1138.0,0.38300357479399344,الالكترونيات,0,0,0,1,0,0,1,0,"['low_rating', 'low_review_trust']",تقييم المنتج أقل من متوسط المنتجات المشابهة | عدد المراجعات أقل من المنتجات المشابهة مما يضعف الثقة,4.3,161|68|75|115|126,شاحن لاسلكي سريع - اصدار خاص|تابلت 10 انش - اصدار خاص|تابلت 10 انش - اصدار خاص|شاحن لاسلكي سريع - اصدار خاص|شاحن لاسلكي سريع - اصدار خاص,477.6139999999999,3.2,1.578888888888889,0.9811484162960404,161,شاحن لاسلكي سريع - اصدار خاص,False,True,True,False,False,False,True,4.3,تقييم المنتج أقل من متوسط المنتجات المشابهة | عدد المراجعات أقل من المنتجات المشابهة مما يضعف الثقة,trust,none
143,عطر رجالي عودي - اصدار خاص,عطر رجالي عودي - اصدار خاص,الجمال والعنايه,unknown_subcategory,دوف,602.95,68,13,68,4,4,,False,الجمال والعنايه,4.8,0,1235.0,2023-01-16 13:59:31,عطر رجالي عودي - اصدار خاص,عطر رجالي عودي - اصدار خاص,الجمال والعنايه,unknown_subcategory,دوف,602.95,,False,23,5,0,34,23,5,0,5,23,23,5.0,0.0,32,32.0,5.0,23.0,False,22912.1,38,34,0.217391304347826,0.0,0.0,1.0,0.217391304347826,1.4782608695652173,1.0,Moderate,-0.2067393469969869,-0.2067393469969869,65.0,65.0,65.0,0.0,6.768778422340422,2.8,19.580645161290324,0.2183940405976656,False,False,False,High,False,False,True,False,False,متوسط,انسحاب مرتفع بعد الإضافة للسلة,انسحاب مرتفع بعد الإضافة للسلة,هناك اهتمام واضح بالمنتج لكن جزءًا من العملاء لا يكمل الشراء بعد الإضافة للسلة.,4.8,0,1235.0,68,13,68,4,22912.1,34,4.8,23,5,0,2024-01-01,2024-12-30,عطر رجالي عودي - اصدار خاص,0.0,0.41299428008313765,5,31,312.03483870967744,281.44,3.770967741935484,4.451612903225806,5.0,13.64516129032258,14.0,0.0,0.0,1173.7096774193549,1186.0,0.37324573544941014,الجمال والعنايه,1,0,0,0,0,0,1,0,"['price_high', 'low_review_trust']",السعر أعلى من المستوى المعتاد داخل المجموعة المنافسة | عدد المراجعات أقل من المنتجات المشابهة مما يضعف الثقة,4.0,187|160|116|149|179,عطر رجالي عودي - اصدار خاص|زيت ارغان طبيعي - اصدار خاص|قناع وجه كولاجين - اصدار خاص|طقم مكياج احترافي - اصدار خاص|مجموعه عنايه بالشعر - اصدار خاص,351.332,4.3,3.0966666666666667,0.978183467753417,187,عطر رجالي عودي - اصدار خاص,True,False,True,False,False,False,True,4.0,السعر أعلى من المستوى المعتاد داخل المجموعة المنافسة | عدد المراجعات أقل من المنتجات المشابهة مما يضعف الثقة,pricing,trust
144,كتاب تطوير الذات والتحفيز - اصدار خاص,كتاب تطوير الذات والتحفيز - اصدار خاص,الكتب والتعليم,unknown_subcategory,دار قرطبه,91.59,77,13,77,5,5,,False,الكتب والتعليم,3.4,0,1174.0,2023-03-18 07:47:09,كتاب تطوير الذات والتحفيز - اصدار خاص,كتاب تطوير الذات والتحفيز - اصدار خاص,الكتب والتعليم,unknown_subcategory,دار قرطبه,91.59,,False,24,3,0,28,24,3,0,3,24,23,3.0,0.0,27,27.0,3.0,23.0,False,2839.29,31,28,0.125,0.0,0.0,1.0,0.125,1.2173913043478262,1.0,Moderate,-0.2816156160575042,-0.2816156160575042,86.0,86.0,86.0,0.0,3.3634956997365264,2.083333333333333,23.17142857142857,0.3619422805990768,False,False,False,High,False,False,True,True,True,متوسط,انسحاب مرتفع بعد الإضافة للسلة,انسحاب مرتفع بعد الإضافة للسلة,المنتج يُشاهَد لكنه لا يتحول إلى شراء بالمستوى المطلوب.,3.4,0,1174.0,77,13,77,5,2839.29,28,3.4,24,3,0,2024-01-01,2024-12-30,كتاب تطوير الذات والتحفيز - اصدار خاص,0.037037037037037035,0.34274971874761795,3,35,162.01628571428571,132.13,3.834285714285714,4.228571428571429,4.0,12.914285714285715,13.0,0.0,0.0,1150.1714285714286,1147.0,0.27160789955165,الكتب والتعليم,0,0,0,1,0,0,1,0,"['low_rating', 'low_review_trust']",تقييم المنتج أقل من متوسط المنتجات المشابهة | عدد المراجعات أقل من المنتجات المشابهة مما يضعف الثقة,4.3,92|175|60|58|193,موسوعه التاريخ الاسلامي - اصدار خاص|مجموعه كتب الطفل التعليميه - اصدار خاص|اطلس العالم المصور|كتاب الطبخ العربي التقليدي|مجموعه كتب الطفل التعليميه - اصدار خاص,212.224,3.5199999999999996,2.0429162445119893,0.9382594508995736,92,موسوعه التاريخ الاسلامي - اصدار خاص,False,True,True,False,False,False,True,4.3,تقييم المنتج أقل من متوسط المنتجات المشابهة | عدد المراجعات أقل من المنتجات المشابهة مما يضعف الثقة,trust,none
145,قاموس عربي انجليزي شامل - اصدار خاص,قاموس عربي انجليزي شامل - اصدار خاص,الكتب والتعليم,unknown_subcategory,دار الفكر,165.87,83,15,83,6,6,,False,الكتب والتعليم,4.9,0,1111.0,2023-05-20 15:13:14,قاموس عربي انجليزي شامل - اصدار خاص,قاموس عربي انجليزي شامل - اصدار خاص,الكتب والتعليم,unknown_subcategory,دار الفكر,165.87,,False,20,5,0,41,20,5,0,5,20,20,5.0,0.0,40,40.0,5.0,20.0,False,7464.150000000001,45,41,0.25,0.0,0.0,1.0,0.25,2.05,1.0,Moderate,-0.2189063835179016,-0.2189063835179016,68.0,68.0,68.0,0.0,3.3634956997365264,2.083333333333333,23.17142857142857,0.6094849475088026,False,False,False,High,False,False,True,False,False,متوسط,انسحاب مرتفع بعد الإضافة للسلة,انسحاب مرتفع بعد الإضافة للسلة,هناك اهتمام واضح بالمنتج لكن جزءًا من العملاء لا يكمل الشراء بعد الإضافة للسلة.,4.9,0,1111.0,83,15,83,6,7464.150000000001,41,4.9,20,5,0,2024-01-01,2024-12-30,قاموس عربي انجليزي شامل - اصدار خاص,0.037037037037037035,0.18699489139525632,3,35,162.01628571428571,132.13,3.834285714285714,4.228571428571429,4.0,12.914285714285715,13.0,0.0,0.0,1150.1714285714286,1147.0,0.27160789955165,الكتب والتعليم,1,1,0,0,0,0,1,0,"['price_high', 'weak_brand', 'low_review_trust']",السعر أعلى من المستوى المعتاد داخل المجموعة المنافسة | قوة العلامة التجارية أقل من منافسيه داخل المجموعة | عدد المراجعات أقل من المنتجات المشابهة مما يضعف الثقة,5.0,74|120|99|163|92,كتاب الطبخ العربي التقليدي - اصدار خاص|روايه عربيه بيست سيلر - اصدار خاص|مجموعه كتب الطفل التعليميه - اصدار خاص|دوره برمجه اكاديميه USB - اصدار خاص|موسوعه التاريخ الاسلامي - اصدار خاص,190.868,4.08,1.9942396313364052,0.9453503654941406,74,كتاب الطبخ العربي التقليدي - اصدار خاص,True,False,True,False,False,False,True,5.0,السعر أعلى من المستوى المعتاد داخل المجموعة المنافسة | قوة العلامة التجارية أقل من منافسيه داخل المجموعة | عدد المراجعات أقل من المنتجات المشابهة مما يضعف الثقة,pricing,trust
146,اوزان حديد طقم 20 كيلو - اصدار خاص,اوزان حديد طقم 20 كيلو - اصدار خاص,الرياضه واللياقه,unknown_subcategory,اندر ارمور,323.76,88,17,88,2,2,,False,الرياضه واللياقه,3.4,0,1081.0,2023-06-19 22:45:56,اوزان حديد طقم 20 كيلو - اصدار خاص,اوزان حديد طقم 20 كيلو - اصدار خاص,الرياضه واللياقه,unknown_subcategory,اندر ارمور,323.76,,False,24,8,0,20,24,8,0,8,20,23,8.0,0.0,19,19.0,8.0,19.0,False,6798.96,21,20,0.3333333333333333,0.0,0.0,1.0,0.3333333333333333,0.8695652173913043,1.0,Moderate,-0.1476645667218614,-0.1476645667218614,52.0,52.0,52.0,0.0,8.50970943604373,2.117647058823529,17.666666666666668,0.1021850656507933,False,False,False,High,False,False,True,True,False,متوسط,انسحاب مرتفع بعد الإضافة للسلة,انسحاب مرتفع بعد الإضافة للسلة,المنتج يُشاهَد لكنه لا يتحول إلى شراء بالمستوى المطلوب.,3.4,0,1081.0,88,17,88,2,6798.96,20,3.4,24,8,0,2024-01-01,2024-12-30,اوزان حديد طقم 20 كيلو - اصدار خاص,0.0,0.46456181702518706,1,27,625.2074074074073,278.2,4.074074074074074,3.3703703703703702,3.0,14.518518518518519,15.0,0.0,0.0,1153.7407407407406,1135.0,0.34956374783054484,الرياضه واللياقه,1,0,0,1,1,0,1,0,"['price_high', 'low_rating', 'low_visual_support', 'low_review_trust']",السعر أعلى من المستوى المعتاد داخل المجموعة المنافسة | تقييم المنتج أقل من متوسط المنتجات المشابهة | الدعم البصري أضعف من المنافسين من حيث عدد الصور | عدد المراجعات أقل من المنتجات المشابهة مما يضعف الثقة,6.6000000000000005,123|157|117|114|76,عداد خطوات ذكي - اصدار خاص|جهاز قياس ضغط الدم - اصدار خاص|حصيره يوغا مضاده للانزلاق - اصدار خاص|حقيبه رياضيه جيم - اصدار خاص|حقيبه رياضيه جيم - اصدار خاص,187.2,4.12,1.6379186602870814,0.916434173599031,123,عداد خطوات ذكي - اصدار خاص,True,True,True,True,False,False,True,6.6,السعر أعلى من المستوى المعتاد داخل المجموعة المنافسة | تقييم المنتج أقل من متوسط المنتجات المشابهة | الدعم البصري أضعف من المنافسين من حيث عدد الصور | عدد المراجعات أقل من المنتجات المشابهة مما يضعف الثقة,pricing,trust
147,هاتف ذكي برو ماكس - اصدار خاص,هاتف ذكي برو ماكس - اصدار خاص,الالكترونيات,unknown_subcategory,لينوفو,4075.22,90,16,90,2,2,,False,الالكترونيات,4.8,0,1210.0,2023-02-10 00:24:35,هاتف ذكي برو ماكس - اصدار خاص,هاتف ذكي برو ماكس - اصدار خاص,الالكترونيات,unknown_subcategory,لينوفو,4075.22,,False,13,4,0,34,13,4,0,4,13,11,4.0,0.0,33,33.0,4.0,11.0,False,154858.36,38,34,0.3076923076923077,0.0,0.0,1.0,0.3076923076923077,3.090909090909091,1.0,Moderate,-0.2518296049981144,-0.2518296049981144,77.0,77.0,77.0,0.0,7.961233440029987,1.9,20.12121212121212,0.3882450017565932,False,False,False,High,False,False,True,False,False,متوسط,انسحاب مرتفع بعد الإضافة للسلة,انسحاب مرتفع بعد الإضافة للسلة,هناك اهتمام واضح بالمنتج لكن جزءًا من العملاء لا يكمل الشراء بعد الإضافة للسلة.,4.8,0,1210.0,90,16,90,2,154858.36,34,4.8,13,4,0,2024-01-01,2024-12-30,هاتف ذكي برو ماكس - اصدار خاص,0.0,0.19916177982170075,0,27,1979.0025925925927,1613.84,3.7074074074074073,3.925925925925926,4.0,14.37037037037037,15.0,0.0,0.0,1156.7037037037037,1138.0,0.38300357479399344,الالكترونيات,1,1,0,0,1,0,1,0,"['price_high', 'weak_brand', 'low_visual_support', 'low_review_trust']",السعر أعلى من المستوى المعتاد داخل المجموعة المنافسة | قوة العلامة التجارية أقل من منافسيه داخل المجموعة | الدعم البصري أضعف من المنافسين من حيث عدد الصور | عدد المراجعات أقل من المنتجات المشابهة مما يضعف الثقة,6.1000000000000005,108|112|124|107|69,كاميرا ميرورليس - اصدار خاص|شاشه 4K 27 انش - اصدار خاص|كاميرا ميرورليس - اصدار خاص|كاميرا ميرورليس - اصدار خاص|لابتوب الترا سليم - اصدار خاص,4588.774,3.34,1.5333211582467876,0.9268732813880134,108,كاميرا ميرورليس - اصدار خاص,True,False,True,True,False,False,True,6.1,السعر أعلى من المستوى المعتاد داخل المجموعة المنافسة | قوة العلامة التجارية أقل من منافسيه داخل المجموعة | الدعم البصري أضعف من المنافسين من حيث عدد الصور | عدد المراجعات أقل من المنتجات المشابهة مما يضعف الثقة,pricing,trust
148,حذاء جري احترافي - اصدار خاص,حذاء جري احترافي - اصدار خاص,الرياضه واللياقه,unknown_subcategory,هيد,658.67,84,14,84,2,2,,False,الرياضه واللياقه,4.3,0,1107.0,2023-05-24 19:10:17,حذاء جري احترافي - اصدار خاص,حذاء جري احترافي - اصدار خاص,الرياضه واللياقه,unknown_subcategory,هيد,658.67,,False,10,5,0,32,10,5,0,5,10,10,5.0,0.0,31,31.0,5.0,10.0,False,22394.78,34,32,0.5,0.0,0.0,1.0,0.5,3.2,1.0,Moderate,-0.3041474814408691,-0.3041474814408691,93.0,93.0,93.0,0.0,8.50970943604373,2.117647058823529,17.666666666666668,0.3760410415949196,False,False,False,High,False,True,True,False,False,متوسط,انسحاب مرتفع بعد الإضافة للسلة,انسحاب مرتفع بعد الإضافة للسلة,هناك اهتمام واضح بالمنتج لكن جزءًا من العملاء لا يكمل الشراء بعد الإضافة للسلة.,4.3,0,1107.0,84,14,84,2,22394.78,32,4.3,10,5,0,2024-01-01,2024-12-30,حذاء جري احترافي - اصدار خاص,0.0,0.6863435088021723,1,27,625.2074074074073,278.2,4.074074074074074,3.3703703703703702,3.0,14.518518518518519,15.0,0.0,0.0,1153.7407407407406,1135.0,0.34956374783054484,الرياضه واللياقه,1,0,0,0,1,0,1,0,"['price_high', 'low_visual_support', 'low_review_trust']",السعر أعلى من المستوى المعتاد داخل المجموعة المنافسة | الدعم البصري أضعف من المنافسين من حيث عدد الصور | عدد المراجعات أقل من المنتجات المشابهة مما يضعف الثقة,5.1000000000000005,45|117|123|157|188,كره قدم رسميه فيفا|حصيره يوغا مضاده للانزلاق - اصدار خاص|عداد خطوات ذكي - اصدار خاص|جهاز قياس ضغط الدم - اصدار خاص|جهاز مشي كهربايي - اصدار خاص,677.2539999999999,4.4,1.3815151515151516,0.9489385820151935,45,كره قدم رسميه فيفا,True,False,True,True,False,False,True,5.1,السعر أعلى من المستوى المعتاد داخل المجموعة المنافسة | الدعم البصري أضعف من المنافسين من حيث عدد الصور | عدد المراجعات أقل من المنتجات المشابهة مما يضعف الثقة,pricing,trust
149,طقم مكياج احترافي - اصدار خاص,طقم مكياج احترافي - اصدار خاص,الجمال والعنايه,unknown_subcategory,ماك,652.63,93,17,93,5,5,,False,الجمال والعنايه,4.4,0,1194.0,2023-02-26 04:03:55,طقم مكياج احترافي - اصدار خاص,طقم مكياج احترافي - اصدار خاص,الجمال والعنايه,unknown_subcategory,ماك,652.63,,False,10,3,0,32,10,3,0,3,10,10,3.0,0.0,31,31.0,3.0,10.0,False,22842.05,35,32,0.3,0.0,0.0,1.0,0.3,3.2,1.0,Moderate,-0.3650608716677462,-0.3650608716677462,121.0,121.0,121.0,0.0,6.768778422340422,2.8,19.580645161290324,0.4727588643525939,False,False,False,High,False,True,True,False,True,متوسط,انسحاب مرتفع بعد الإضافة للسلة,انسحاب مرتفع بعد الإضافة للسلة,هناك اهتمام واضح بالمنتج لكن جزءًا من العملاء لا يكمل الشراء بعد الإضافة للسلة.,4.4,0,1194.0,93,17,93,5,22842.05,32,4.4,10,3,0,2024-01-01,2024-12-30,طقم مكياج احترافي - اصدار خاص,0.0,0.5426575582011882,5,31,312.03483870967744,281.44,3.770967741935484,4.451612903225806,5.0,13.64516129032258,14.0,0.0,0.0,1173.7096774193549,1186.0,0.37324573544941014,الجمال والعنايه,1,0,0,0,0,0,1,0,"['price_high', 'low_review_trust']",السعر أعلى من المستوى المعتاد داخل المجموعة المنافسة | عدد المراجعات أقل من المنتجات المشابهة مما يضعف الثقة,4.0,179|116|187|122|143,مجموعه عنايه بالشعر - اصدار خاص|قناع وجه كولاجين - اصدار خاص|عطر رجالي عودي - اصدار خاص|طقم مكياج احترافي - اصدار خاص|عطر رجالي عودي - اصدار خاص,421.004,4.16,2.468985507246377,0.9087738240243481,179,مجموعه عنايه بالشعر - اصدار خاص,True,False,True,False,False,False,True,4.0,السعر أعلى من المستوى المعتاد داخل المجموعة المنافسة | عدد المراجعات أقل من المنتجات المشابهة مما يضعف الثقة,pricing,trust
150,اطلس العالم المصور - اصدار خاص,اطلس العالم المصور - اصدار خاص,الكتب والتعليم,unknown_subcategory,بنغوين,244.37,78,14,78,2,2,,False,الكتب والتعليم,4.4,0,1192.0,2023-02-28 14:19:27,اطلس العالم المصور - اصدار خاص,اطلس العالم المصور - اصدار خاص,الكتب والتعليم,unknown_subcategory,بنغوين,244.37,,False,59,13,0,28,59,13,0,13,28,56,12.0,0.0,27,27.0,12.0,27.0,False,7331.1,30,28,0.2203389830508474,0.0,0.0,1.0,0.2203389830508474,0.5,1.0,Moderate,0.3447847417484734,0.3447847417484734,20.0,20.0,20.0,0.0,3.3634956997365264,2.083333333333333,23.17142857142857,0.1486548652460494,False,False,False,High,False,False,True,True,False,متوسط,انسحاب مرتفع بعد الإضافة للسلة,انسحاب مرتفع بعد الإضافة للسلة,المنتج يُشاهَد لكنه لا يتحول إلى شراء بالمستوى المطلوب.,4.4,0,1192.0,78,14,78,2,7331.1,28,4.4,59,13,0,2024-01-01,2024-12-30,اطلس العالم المصور - اصدار خاص,0.0,0.3345305105110711,3,35,162.01628571428571,132.13,3.834285714285714,4.228571428571429,4.0,12.914285714285715,13.0,0.0,0.0,1150.1714285714286,1147.0,0.27160789955165,الكتب والتعليم,1,0,0,0,1,0,1,0,"['price_high', 'low_visual_support', 'low_review_trust']",السعر أعلى من المستوى المعتاد داخل المجموعة المنافسة | الدعم البصري أضعف من المنافسين من حيث عدد الصور | عدد المراجعات أقل من المنتجات المشابهة مما يضعف الثقة,5.1000000000000005,200|94|59|55|99,موسوعه التاريخ الاسلامي - اصدار خاص|قاموس عربي انجليزي شامل - اصدار خاص|كتاب تطوير الذات والتحفيز|روايه عربيه بيست سيلر|مجموعه كتب الطفل التعليميه - اصدار خاص,158.41199999999998,4.38,3.065555555555555,0.9366389528165997,200,موسوعه التاريخ الاسلامي - اصدار خاص,True,False,True,True,False,False,True,5.1,السعر أعلى من المستوى المعتاد داخل المجموعة المنافسة | الدعم البصري أضعف من المنافسين من حيث عدد الصور | عدد المراجعات أقل من المنتجات المشابهة مما يضعف الثقة,pricing,trust
151,كتاب تطوير الذات والتحفيز - اصدار خاص,كتاب تطوير الذات والتحفيز - اصدار خاص,الكتب والتعليم,unknown_subcategory,دار العلوم,71.91,86,14,86,5,5,,False,الكتب والتعليم,3.2,0,1080.0,2023-06-20 19:45:49,كتاب تطوير الذات والتحفيز - اصدار خاص,كتاب تطوير الذات والتحفيز - اصدار خاص,الكتب والتعليم,unknown_subcategory,دار العلوم,71.91,,False,15,4,0,26,15,4,0,4,15,14,4.0,0.0,25,25.0,4.0,14.0,False,2085.39,29,26,0.2666666666666666,0.0,0.0,1.0,0.2666666666666666,1.8571428571428568,1.0,Moderate,-0.329234500426533,-0.329234500426533,107.0,107.0,107.0,0.0,3.3634956997365264,2.083333333333333,23.17142857142857,0.5521466423424692,False,False,False,High,False,False,True,False,False,متوسط,انسحاب مرتفع بعد الإضافة للسلة,انسحاب مرتفع بعد الإضافة للسلة,هناك اهتمام واضح بالمنتج لكن جزءًا من العملاء لا يكمل الشراء بعد الإضافة للسلة.,3.2,0,1080.0,86,14,86,5,2085.39,26,3.2,15,4,0,2024-01-01,2024-12-30,كتاب تطوير الذات والتحفيز - اصدار خاص,0.037037037037037035,0.08237659000294191,3,35,162.01628571428571,132.13,3.834285714285714,4.228571428571429,4.0,12.914285714285715,13.0,0.0,0.0,1150.1714285714286,1147.0,0.27160789955165,الكتب والتعليم,0,1,0,1,0,0,1,0,"['weak_brand', 'low_rating', 'low_review_trust']",قوة العلامة التجارية أقل من منافسيه داخل المجموعة | تقييم المنتج أقل من متوسط المنتجات المشابهة | عدد المراجعات أقل من المنتجات المشابهة مما يضعف الثقة,5.3,196|193|163|120|77,اطلس العالم المصور - اصدار خاص|مجموعه كتب الطفل التعليميه - اصدار خاص|دوره برمجه اكاديميه USB - اصدار خاص|روايه عربيه بيست سيلر - اصدار خاص|دوره برمجه اكاديميه USB - اصدار خاص,223.10999999999999,3.6399999999999997,1.70442792501616,0.9666530625470078,196,اطلس العالم المصور - اصدار خاص,False,True,True,False,False,False,True,5.3,قوة العلامة التجارية أقل من منافسيه داخل المجموعة | تقييم المنتج أقل من متوسط المنتجات المشابهة | عدد المراجعات أقل من المنتجات المشابهة مما يضعف الثقة,trust,none
152,شال كشمير ناعم - اصدار خاص,شال كشمير ناعم - اصدار خاص,الازياء والملابس,unknown_subcategory,بوما,92.66,77,14,77,6,6,,False,الازياء والملابس,3.4,0,1176.0,2023-03-16 00:18:33,شال كشمير ناعم - اصدار خاص,شال كشمير ناعم - اصدار خاص,الازياء والملابس,unknown_subcategory,بوما,92.66,,False,25,6,0,23,25,6,0,6,23,25,6.0,0.0,22,22.0,6.0,22.0,False,2131.18,23,23,0.24,0.0,0.0,1.0,0.24,0.92,1.0,Moderate,-0.1948823173824081,-0.1948823173824081,62.0,62.0,62.0,0.0,2.284453274168197,2.3080357142857144,18.59375,0.4027221788263475,False,False,False,High,False,False,True,True,False,متوسط,انسحاب مرتفع بعد الإضافة للسلة,انسحاب مرتفع بعد الإضافة للسلة,المنتج يُشاهَد لكنه لا يتحول إلى شراء بالمستوى المطلوب.,3.4,0,1176.0,77,14,77,6,2131.18,23,3.4,25,6,0,2024-01-01,2024-12-30,شال كشمير ناعم - اصدار خاص,0.0,0.2893764093334782,6,32,375.3246875,323.275,3.678125,4.0,4.0,12.65625,13.0,0.0,0.0,1170.6875,1174.5,0.21365830518453735,الازياء والملابس,0,0,0,0,0,0,1,0,['low_review_trust'],عدد المراجعات أقل من المنتجات المشابهة مما يضعف الثقة,2.8,66|73|164|125|169,قميص قطني كلاسيكي - اصدار خاص|فستان سهره انيق - اصدار خاص|حقيبه يد جلديه - اصدار خاص|شال كشمير ناعم - اصدار خاص|فستان سهره انيق - اصدار خاص,288.648,3.4200000000000004,1.6654663693794132,0.9477297866204534,66,قميص قطني كلاسيكي - اصدار خاص,False,False,True,False,False,False,True,2.8,عدد المراجعات أقل من المنتجات المشابهة مما يضعف الثقة,trust,none
153,فرن كهربايي 60 لتر - اصدار خاص,فرن كهربايي 60 لتر - اصدار خاص,المنزل والمطبخ,unknown_subcategory,هايسنس,564.14,80,17,80,4,4,,False,المنزل والمطبخ,3.4,0,1204.0,2023-02-16 18:59:35,فرن كهربايي 60 لتر - اصدار خاص,فرن كهربايي 60 لتر - اصدار خاص,المنزل والمطبخ,unknown_subcategory,هايسنس,564.14,,False,18,5,0,29,18,5,0,5,18,17,5.0,0.0,27,27.0,5.0,17.0,False,19180.76,34,29,0.2777777777777778,0.0,0.0,1.0,0.2777777777777778,1.7058823529411764,1.0,Moderate,-0.2606691830873513,-0.2606691830873513,79.0,79.0,79.0,0.0,4.391284662352632,1.9285714285714288,21.80555555555556,0.3884700000357639,False,False,False,High,False,False,True,False,False,متوسط,انسحاب مرتفع بعد الإضافة للسلة,انسحاب مرتفع بعد الإضافة للسلة,هناك اهتمام واضح بالمنتج لكن جزءًا من العملاء لا يكمل الشراء بعد الإضافة للسلة.,3.4,0,1204.0,80,17,80,4,19180.76,29,3.4,18,5,0,2024-01-01,2024-12-30,فرن كهربايي 60 لتر - اصدار خاص,0.0,0.40907124235107295,4,32,1416.5046875,1102.21,3.725,4.0625,4.0,14.53125,16.0,0.0,0.0,1150.375,1143.5,0.26748578062704065,المنزل والمطبخ,0,0,0,0,0,0,1,0,['low_review_trust'],عدد المراجعات أقل من المنتجات المشابهة مما يضعف الثقة,2.8,195|101|170|80|128,فرن كهربايي 60 لتر - اصدار خاص|مجموعه سكاكين مطبخ - اصدار خاص|فرن كهربايي 60 لتر - اصدار خاص|ماكينه قهوه اسبريسو - اصدار خاص|مكواه بخاريه احترافيه - اصدار خاص,624.806,3.5800000000000005,2.566666666666667,0.9280494885679618,195,فرن كهربايي 60 لتر - اصدار خاص,False,False,True,False,False,False,True,2.8,عدد المراجعات أقل من المنتجات المشابهة مما يضعف الثقة,trust,none
154,ثلاجه نوفروست 350 لتر - اصدار خاص,ثلاجه نوفروست 350 لتر - اصدار خاص,المنزل والمطبخ,unknown_subcategory,توشيبا,3786.85,77,13,77,5,5,,False,المنزل والمطبخ,3.9,0,1148.0,2023-04-13 21:56:27,ثلاجه نوفروست 350 لتر - اصدار خاص,ثلاجه نوفروست 350 لتر - اصدار خاص,المنزل والمطبخ,unknown_subcategory,توشيبا,3786.85,,False,6,2,0,26,6,2,0,2,6,6,2.0,0.0,25,25.0,2.0,6.0,False,117392.35,31,26,0.3333333333333333,0.0,0.0,1.0,0.3333333333333333,4.333333333333333,1.0,Moderate,-0.3872247925177469,-0.3872247925177469,136.0,136.0,136.0,0.0,4.391284662352632,1.9285714285714288,21.80555555555556,0.9868031035391244,True,False,False,High,False,True,True,False,True,متوسط,انسحاب مرتفع بعد الإضافة للسلة,انسحاب مرتفع بعد الإضافة للسلة,هناك اهتمام واضح بالمنتج لكن جزءًا من العملاء لا يكمل الشراء بعد الإضافة للسلة.,3.9,0,1148.0,77,13,77,5,117392.35,26,3.9,6,2,0,2024-01-01,2024-12-30,ثلاجه نوفروست 350 لتر - اصدار خاص,0.0,0.23130022737131772,4,32,1416.5046875,1102.21,3.725,4.0625,4.0,14.53125,16.0,0.0,0.0,1150.375,1143.5,0.26748578062704065,المنزل والمطبخ,1,0,0,0,0,0,1,0,"['price_high', 'low_review_trust']",السعر أعلى من المستوى المعتاد داخل المجموعة المنافسة | عدد المراجعات أقل من المنتجات المشابهة مما يضعف الثقة,4.0,130|178|23|162|134,ثلاجه نوفروست 350 لتر - اصدار خاص|مكيف هواء انفيرتر 18000 - اصدار خاص|ثلاجه نوفروست 350 لتر|ثلاجه نوفروست 350 لتر - اصدار خاص|ثلاجه نوفروست 350 لتر - اصدار خاص,3137.476,4.0,1.5154512154512154,0.9317668627556028,130,ثلاجه نوفروست 350 لتر - اصدار خاص,True,False,True,False,False,False,True,4.0,السعر أعلى من المستوى المعتاد داخل المجموعة المنافسة | عدد المراجعات أقل من المنتجات المشابهة مما يضعف الثقة,pricing,trust
155,حذاء رياضي مريح - اصدار خاص,حذاء رياضي مريح - اصدار خاص,الازياء والملابس,unknown_subcategory,ماكس فاشون,298.62,76,13,76,3,3,,False,الازياء والملابس,2.7,0,1233.0,2023-01-18 22:54:48,حذاء رياضي مريح - اصدار خاص,حذاء رياضي مريح - اصدار خاص,الازياء والملابس,unknown_subcategory,ماكس فاشون,298.62,,False,14,4,0,34,14,4,0,4,14,14,4.0,0.0,33,33.0,4.0,14.0,False,10451.7,35,34,0.2857142857142857,0.0,0.0,1.0,0.2857142857142857,2.4285714285714284,1.0,Moderate,-0.3111889156533071,-0.3111889156533071,95.0,95.0,95.0,0.0,2.284453274168197,2.3080357142857144,18.59375,1.063086496901849,False,False,False,High,False,False,True,False,False,متوسط,انسحاب مرتفع بعد الإضافة للسلة,انسحاب مرتفع بعد الإضافة للسلة,هناك اهتمام واضح بالمنتج لكن جزءًا من العملاء لا يكمل الشراء بعد الإضافة للسلة.,2.7,0,1233.0,76,13,76,3,10451.7,34,2.7,14,4,0,2024-01-01,2024-12-30,حذاء رياضي مريح - اصدار خاص,0.06896551724137931,0.1640086979425609,6,32,375.3246875,323.275,3.678125,4.0,4.0,12.65625,13.0,0.0,0.0,1170.6875,1174.5,0.21365830518453735,الازياء والملابس,0,1,0,1,0,0,1,0,"['weak_brand', 'low_rating', 'low_review_trust']",قوة العلامة التجارية أقل من منافسيه داخل المجموعة | تقييم المنتج أقل من متوسط المنتجات المشابهة | عدد المراجعات أقل من المنتجات المشابهة مما يضعف الثقة,5.3,184|169|83|11|73,حذاء رسمي جلد - اصدار خاص|فستان سهره انيق - اصدار خاص|فستان سهره انيق - اصدار خاص|قميص قطني كلاسيكي|فستان سهره انيق - اصدار خاص,395.66400000000004,3.2,2.353354037267081,0.961620193228983,184,حذاء رسمي جلد - اصدار خاص,False,True,True,False,False,False,True,5.3,قوة العلامة التجارية أقل من منافسيه داخل المجموعة | تقييم المنتج أقل من متوسط المنتجات المشابهة | عدد المراجعات أقل من المنتجات المشابهة مما يضعف الثقة,trust,none
156,قميص قطني كلاسيكي - اصدار خاص,قميص قطني كلاسيكي - اصدار خاص,الازياء والملابس,unknown_subcategory,ليفايز,131.66,79,14,79,1,1,,False,الازياء والملابس,4.0,0,1214.0,2023-02-06 12:54:16,قميص قطني كلاسيكي - اصدار خاص,قميص قطني كلاسيكي - اصدار خاص,الازياء والملابس,unknown_subcategory,ليفايز,131.66,,False,19,8,0,27,19,8,0,8,19,19,8.0,0.0,27,27.0,8.0,19.0,False,3686.48,28,27,0.4210526315789473,0.0,0.0,1.0,0.4210526315789473,1.4210526315789471,1.0,Moderate,-0.1742086989863413,-0.1742086989863413,57.0,57.0,57.0,0.0,2.284453274168197,2.3080357142857144,18.59375,0.6220537087134659,False,False,False,High,False,False,True,False,False,متوسط,انسحاب مرتفع بعد الإضافة للسلة,انسحاب مرتفع بعد الإضافة للسلة,هناك اهتمام واضح بالمنتج لكن جزءًا من العملاء لا يكمل الشراء بعد الإضافة للسلة.,4.0,0,1214.0,79,14,79,1,3686.48,27,4.0,19,8,0,2024-01-01,2024-12-30,قميص قطني كلاسيكي - اصدار خاص,0.034482758620689655,0.21682173667314475,6,32,375.3246875,323.275,3.678125,4.0,4.0,12.65625,13.0,0.0,0.0,1170.6875,1174.5,0.21365830518453735,الازياء والملابس,0,0,0,0,1,0,1,0,"['low_visual_support', 'low_review_trust']",الدعم البصري أضعف من المنافسين من حيث عدد الصور | عدد المراجعات أقل من المنتجات المشابهة مما يضعف الثقة,3.9000000000000004,93|158|180|100|166,شال كشمير ناعم - اصدار خاص|فستان سهره انيق - اصدار خاص|شال كشمير ناعم - اصدار خاص|حقيبه يد جلديه - اصدار خاص|فستان سهره انيق - اصدار خاص,368.652,3.8800000000000003,1.6111238195044273,0.9666023486102484,93,شال كشمير ناعم - اصدار خاص,False,False,True,True,False,False,True,3.9,الدعم البصري أضعف من المنافسين من حيث عدد الصور | عدد المراجعات أقل من المنتجات المشابهة مما يضعف الثقة,trust,content
157,جهاز قياس ضغط الدم - اصدار خاص,جهاز قياس ضغط الدم - اصدار خاص,الرياضه واللياقه,unknown_subcategory,اندر ارمور,278.2,84,16,84,3,3,,False,الرياضه واللياقه,4.7,0,1074.0,2023-06-26 12:13:11,جهاز قياس ضغط الدم - اصدار خاص,جهاز قياس ضغط الدم - اصدار خاص,الرياضه واللياقه,unknown_subcategory,اندر ارمور,278.2,,False,12,3,0,23,12,3,0,3,12,12,3.0,0.0,23,23.0,3.0,12.0,False,6676.8,24,23,0.25,0.0,0.0,1.0,0.25,1.9166666666666667,1.0,Moderate,-0.3907398624072382,-0.3907398624072382,137.0,137.0,137.0,0.0,8.50970943604373,2.117647058823529,17.666666666666668,0.2252329155386237,False,False,False,High,False,False,True,False,True,متوسط,انسحاب مرتفع بعد الإضافة للسلة,انسحاب مرتفع بعد الإضافة للسلة,هناك اهتمام واضح بالمنتج لكن جزءًا من العملاء لا يكمل الشراء بعد الإضافة للسلة.,4.7,0,1074.0,84,16,84,3,6676.8,23,4.7,12,3,0,2024-01-01,2024-12-30,جهاز قياس ضغط الدم - اصدار خاص,0.0,0.46456181702518706,1,27,625.2074074074073,278.2,4.074074074074074,3.3703703703703702,3.0,14.518518518518519,15.0,0.0,0.0,1153.7407407407406,1135.0,0.34956374783054484,الرياضه واللياقه,0,0,0,0,0,0,1,0,['low_review_trust'],عدد المراجعات أقل من المنتجات المشابهة مما يضعف الثقة,2.8,123|114|146|105|148,عداد خطوات ذكي - اصدار خاص|حقيبه رياضيه جيم - اصدار خاص|اوزان حديد طقم 20 كيلو - اصدار خاص|حقيبه رياضيه جيم - اصدار خاص|حذاء جري احترافي - اصدار خاص,324.082,4.16,2.012094861660079,0.9427316172667375,123,عداد خطوات ذكي - اصدار خاص,False,False,True,False,False,False,True,2.8,عدد المراجعات أقل من المنتجات المشابهة مما يضعف الثقة,trust,none
158,فستان سهره انيق - اصدار خاص,فستان سهره انيق - اصدار خاص,الازياء والملابس,unknown_subcategory,بوما,655.51,78,14,78,2,2,,False,الازياء والملابس,4.2,0,1173.0,2023-03-19 00:26:21,فستان سهره انيق - اصدار خاص,فستان سهره انيق - اصدار خاص,الازياء والملابس,unknown_subcategory,بوما,655.51,,False,45,7,0,29,45,7,0,7,29,43,7.0,0.0,27,27.0,7.0,27.0,False,20976.32,32,29,0.1555555555555555,0.0,0.0,1.0,0.1555555555555555,0.6744186046511628,1.0,Moderate,0.0391501089045317,0.0391501089045317,38.0,38.0,38.0,0.0,2.284453274168197,2.3080357142857144,18.59375,0.295221010767545,False,False,False,High,False,False,True,True,False,متوسط,انسحاب مرتفع بعد الإضافة للسلة,انسحاب مرتفع بعد الإضافة للسلة,المنتج يُشاهَد لكنه لا يتحول إلى شراء بالمستوى المطلوب.,4.2,0,1173.0,78,14,78,2,20976.32,29,4.2,45,7,0,2024-01-01,2024-12-30,فستان سهره انيق - اصدار خاص,0.034482758620689655,0.2893764093334782,6,32,375.3246875,323.275,3.678125,4.0,4.0,12.65625,13.0,0.0,0.0,1170.6875,1174.5,0.21365830518453735,الازياء والملابس,1,0,0,0,1,0,1,0,"['price_high', 'low_visual_support', 'low_review_trust']",السعر أعلى من المستوى المعتاد داخل المجموعة المنافسة | الدعم البصري أضعف من المنافسين من حيث عدد الصور | عدد المراجعات أقل من المنتجات المشابهة مما يضعف الثقة,5.1000000000000005,100|156|166|198|93,حقيبه يد جلديه - اصدار خاص|قميص قطني كلاسيكي - اصدار خاص|فستان سهره انيق - اصدار خاص|حقيبه يد جلديه - اصدار خاص|شال كشمير ناعم - اصدار خاص,295.96999999999997,4.08,2.2756680161943317,0.9702018881920147,100,حقيبه يد جلديه - اصدار خاص,True,False,True,True,False,False,True,5.1,السعر أعلى من المستوى المعتاد داخل المجموعة المنافسة | الدعم البصري أضعف من المنافسين من حيث عدد الصور | عدد المراجعات أقل من المنتجات المشابهة مما يضعف الثقة,pricing,trust
159,حصيره يوغا مضاده للانزلاق - اصدار خاص,حصيره يوغا مضاده للانزلاق - اصدار خاص,الرياضه واللياقه,unknown_subcategory,نيو بالانس,132.33,91,16,91,3,3,,False,الرياضه واللياقه,3.8,0,1200.0,2023-02-20 18:57:55,حصيره يوغا مضاده للانزلاق - اصدار خاص,حصيره يوغا مضاده للانزلاق - اصدار خاص,الرياضه واللياقه,unknown_subcategory,نيو بالانس,132.33,,False,10,4,0,27,10,4,0,4,10,10,4.0,0.0,26,26.0,4.0,10.0,False,3969.900000000001,30,27,0.4,0.0,0.0,1.0,0.4,2.7,1.0,Moderate,-0.3595910162719612,-0.3595910162719612,117.0,117.0,117.0,0.0,8.50970943604373,2.117647058823529,17.666666666666668,0.3172846288457134,False,False,False,High,False,True,True,False,False,متوسط,انسحاب مرتفع بعد الإضافة للسلة,انسحاب مرتفع بعد الإضافة للسلة,هناك اهتمام واضح بالمنتج لكن جزءًا من العملاء لا يكمل الشراء بعد الإضافة للسلة.,3.8,0,1200.0,91,16,91,3,3969.900000000001,27,3.8,10,4,0,2024-01-01,2024-12-30,حصيره يوغا مضاده للانزلاق - اصدار خاص,0.0,0.25522466079003814,1,27,625.2074074074073,278.2,4.074074074074074,3.3703703703703702,3.0,14.518518518518519,15.0,0.0,0.0,1153.7407407407406,1135.0,0.34956374783054484,الرياضه واللياقه,0,1,0,0,0,0,1,0,"['weak_brand', 'low_review_trust']",قوة العلامة التجارية أقل من منافسيه داخل المجموعة | عدد المراجعات أقل من المنتجات المشابهة مما يضعف الثقة,3.8,139|71|86|110|165,حقيبه رياضيه جيم - اصدار خاص|حصيره يوغا مضاده للانزلاق - اصدار خاص|لباس رياضي ضاغط - اصدار خاص|جهاز قياس ضغط الدم - اصدار خاص|حذاء جري احترافي - اصدار خاص,405.034,4.0,1.7082887700534761,0.948972972641459,139,حقيبه رياضيه جيم - اصدار خاص,False,False,True,False,False,False,True,3.8,قوة العلامة التجارية أقل من منافسيه داخل المجموعة | عدد المراجعات أقل من المنتجات المشابهة مما يضعف الثقة,trust,none
160,زيت ارغان طبيعي - اصدار خاص,زيت ارغان طبيعي - اصدار خاص,الجمال والعنايه,unknown_subcategory,نيفيا,298.73,69,13,69,2,2,,False,الجمال والعنايه,4.3,0,1179.0,2023-03-13 23:36:36,زيت ارغان طبيعي - اصدار خاص,زيت ارغان طبيعي - اصدار خاص,الجمال والعنايه,unknown_subcategory,نيفيا,298.73,,False,8,2,0,28,8,2,0,2,8,8,2.0,0.0,28,28.0,2.0,8.0,False,8961.900000000001,30,28,0.25,0.0,0.0,1.0,0.25,3.5,1.0,Moderate,-0.4221265642415642,-0.4221265642415642,155.0,155.0,155.0,0.0,6.768778422340422,2.8,19.580645161290324,0.5170800078856496,True,False,False,High,False,True,True,False,True,متوسط,انسحاب مرتفع بعد الإضافة للسلة,انسحاب مرتفع بعد الإضافة للسلة,هناك اهتمام واضح بالمنتج لكن جزءًا من العملاء لا يكمل الشراء بعد الإضافة للسلة.,4.3,0,1179.0,69,13,69,2,8961.900000000001,28,4.3,8,2,0,2024-01-01,2024-12-30,زيت ارغان طبيعي - اصدار خاص,0.0,0.33580942862807195,5,31,312.03483870967744,281.44,3.770967741935484,4.451612903225806,5.0,13.64516129032258,14.0,0.0,0.0,1173.7096774193549,1186.0,0.37324573544941014,الجمال والعنايه,0,0,0,0,1,0,1,0,"['low_visual_support', 'low_review_trust']",الدعم البصري أضعف من المنافسين من حيث عدد الصور | عدد المراجعات أقل من المنتجات المشابهة مما يضعف الثقة,3.9000000000000004,143|187|64|104|40,عطر رجالي عودي - اصدار خاص|عطر رجالي عودي - اصدار خاص|عطر رجالي عودي - اصدار خاص|قناع وجه كولاجين - اصدار خاص|مزيل عرق رول اون,377.108,4.0600000000000005,1.7192885375494071,0.8930322560805368,143,عطر رجالي عودي - اصدار خاص,False,False,True,True,False,False,True,3.9,الدعم البصري أضعف من المنافسين من حيث عدد الصور | عدد المراجعات أقل من المنتجات المشابهة مما يضعف الثقة,trust,content
161,شاحن لاسلكي سريع - اصدار خاص,شاحن لاسلكي سريع - اصدار خاص,الالكترونيات,unknown_subcategory,شاومي,280.14,81,14,81,5,5,,False,الالكترونيات,2.5,0,1138.0,2023-04-23 11:00:05,شاحن لاسلكي سريع - اصدار خاص,شاحن لاسلكي سريع - اصدار خاص,الالكترونيات,unknown_subcategory,شاومي,280.14,,False,16,3,0,27,16,3,0,3,16,16,3.0,0.0,26,26.0,3.0,16.0,False,7843.92,28,27,0.1875,0.0,0.0,1.0,0.1875,1.6875,1.0,Moderate,-0.3491262380465988,-0.3491262380465988,114.0,114.0,114.0,0.0,7.961233440029987,1.9,20.12121212121212,0.21196464250314,False,False,False,High,False,False,True,False,True,متوسط,انسحاب مرتفع بعد الإضافة للسلة,انسحاب مرتفع بعد الإضافة للسلة,هناك اهتمام واضح بالمنتج لكن جزءًا من العملاء لا يكمل الشراء بعد الإضافة للسلة.,2.5,0,1138.0,81,14,81,5,7843.92,27,2.5,16,3,0,2024-01-01,2024-12-30,شاحن لاسلكي سريع - اصدار خاص,0.06060606060606061,0.6412657539712695,0,27,1979.0025925925927,1613.84,3.7074074074074073,3.925925925925926,4.0,14.37037037037037,15.0,0.0,0.0,1156.7037037037037,1138.0,0.38300357479399344,الالكترونيات,0,0,0,1,0,0,1,0,"['low_rating', 'low_review_trust']",تقييم المنتج أقل من متوسط المنتجات المشابهة | عدد المراجعات أقل من المنتجات المشابهة مما يضعف الثقة,4.3,142|68|75|115|141,مكبر صوت بلوتوث - اصدار خاص|تابلت 10 انش - اصدار خاص|تابلت 10 انش - اصدار خاص|شاحن لاسلكي سريع - اصدار خاص|ساعه ذكيه سبورت - اصدار خاص,515.362,3.1,1.5702884104199895,0.9811484162960404,142,مكبر صوت بلوتوث - اصدار خاص,False,True,True,False,False,False,True,4.3,تقييم المنتج أقل من متوسط المنتجات المشابهة | عدد المراجعات أقل من المنتجات المشابهة مما يضعف الثقة,trust,none
162,ثلاجه نوفروست 350 لتر - اصدار خاص,ثلاجه نوفروست 350 لتر - اصدار خاص,المنزل والمطبخ,unknown_subcategory,تيفال,2324.66,88,16,88,4,4,,False,المنزل والمطبخ,3.4,0,1144.0,2023-04-17 22:10:48,ثلاجه نوفروست 350 لتر - اصدار خاص,ثلاجه نوفروست 350 لتر - اصدار خاص,المنزل والمطبخ,unknown_subcategory,تيفال,2324.66,,False,18,3,0,24,18,3,0,3,18,18,3.0,0.0,24,24.0,3.0,18.0,False,62765.81999999999,27,24,0.1666666666666666,0.0,0.0,1.0,0.1666666666666666,1.3333333333333333,1.0,Moderate,-0.319792242425579,-0.319792242425579,101.0,101.0,101.0,0.0,4.391284662352632,1.9285714285714288,21.80555555555556,0.3036317241658844,False,False,False,High,False,False,True,False,True,متوسط,انسحاب مرتفع بعد الإضافة للسلة,انسحاب مرتفع بعد الإضافة للسلة,هناك اهتمام واضح بالمنتج لكن جزءًا من العملاء لا يكمل الشراء بعد الإضافة للسلة.,3.4,0,1144.0,88,16,88,4,62765.81999999999,24,3.4,18,3,0,2024-01-01,2024-12-30,ثلاجه نوفروست 350 لتر - اصدار خاص,0.0,0.14229620701857051,4,32,1416.5046875,1102.21,3.725,4.0625,4.0,14.53125,16.0,0.0,0.0,1150.375,1143.5,0.26748578062704065,المنزل والمطبخ,1,1,0,0,0,0,1,0,"['price_high', 'weak_brand', 'low_review_trust']",السعر أعلى من المستوى المعتاد داخل المجموعة المنافسة | قوة العلامة التجارية أقل من منافسيه داخل المجموعة | عدد المراجعات أقل من المنتجات المشابهة مما يضعف الثقة,5.0,85|119|130|176|178,ماكينه قهوه اسبريسو - اصدار خاص|ماكينه قهوه اسبريسو - اصدار خاص|ثلاجه نوفروست 350 لتر - اصدار خاص|فرن كهربايي 60 لتر - اصدار خاص|مكيف هواء انفيرتر 18000 - اصدار خاص,2141.37,3.72,1.176847466259231,0.9482388970923317,85,ماكينه قهوه اسبريسو - اصدار خاص,True,False,True,False,False,False,True,5.0,السعر أعلى من المستوى المعتاد داخل المجموعة المنافسة | قوة العلامة التجارية أقل من منافسيه داخل المجموعة | عدد المراجعات أقل من المنتجات المشابهة مما يضعف الثقة,pricing,trust
163,دوره برمجه اكاديميه USB - اصدار خاص,دوره برمجه اكاديميه USB - اصدار خاص,الكتب والتعليم,unknown_subcategory,الوراق,417.18,84,14,84,6,6,,False,الكتب والتعليم,3.7,0,1107.0,2023-05-24 14:45:29,دوره برمجه اكاديميه USB - اصدار خاص,دوره برمجه اكاديميه USB - اصدار خاص,الكتب والتعليم,unknown_subcategory,الوراق,417.18,,False,8,3,0,24,8,3,0,3,8,8,3.0,0.0,21,21.0,3.0,8.0,False,11263.86,27,24,0.375,0.0,0.0,1.0,0.375,3.0,1.0,Moderate,-0.4064296019294379,-0.4064296019294379,149.0,149.0,149.0,0.0,3.3634956997365264,2.083333333333333,23.17142857142857,0.8919291914762965,True,False,False,High,False,True,True,False,True,متوسط,انسحاب مرتفع بعد الإضافة للسلة,انسحاب مرتفع بعد الإضافة للسلة,هناك اهتمام واضح بالمنتج لكن جزءًا من العملاء لا يكمل الشراء بعد الإضافة للسلة.,3.7,0,1107.0,84,14,84,6,11263.86,24,3.7,8,3,0,2024-01-01,2024-12-30,دوره برمجه اكاديميه USB - اصدار خاص,0.0,0.19596387663456882,3,35,162.01628571428571,132.13,3.834285714285714,4.228571428571429,4.0,12.914285714285715,13.0,0.0,0.0,1150.1714285714286,1147.0,0.27160789955165,الكتب والتعليم,1,1,0,0,0,0,1,0,"['price_high', 'weak_brand', 'low_review_trust']",السعر أعلى من المستوى المعتاد داخل المجموعة المنافسة | قوة العلامة التجارية أقل من منافسيه داخل المجموعة | عدد المراجعات أقل من المنتجات المشابهة مما يضعف الثقة,5.0,196|193|77|92|151,اطلس العالم المصور - اصدار خاص|مجموعه كتب الطفل التعليميه - اصدار خاص|دوره برمجه اكاديميه USB - اصدار خاص|موسوعه التاريخ الاسلامي - اصدار خاص|كتاب تطوير الذات والتحفيز - اصدار خاص,183.08999999999997,3.46,1.1949041154923505,0.9546808031565706,196,اطلس العالم المصور - اصدار خاص,True,False,True,False,False,False,True,5.0,السعر أعلى من المستوى المعتاد داخل المجموعة المنافسة | قوة العلامة التجارية أقل من منافسيه داخل المجموعة | عدد المراجعات أقل من المنتجات المشابهة مما يضعف الثقة,pricing,trust
164,حقيبه يد جلديه - اصدار خاص,حقيبه يد جلديه - اصدار خاص,الازياء والملابس,unknown_subcategory,مانجو,297.97,76,14,76,5,5,,False,الازياء والملابس,3.9,0,1126.0,2023-05-05 15:02:55,حقيبه يد جلديه - اصدار خاص,حقيبه يد جلديه - اصدار خاص,الازياء والملابس,unknown_subcategory,مانجو,297.97,,False,58,23,0,36,58,23,0,23,36,52,23.0,0.0,34,34.0,23.0,34.0,False,11024.89,37,36,0.396551724137931,0.0,0.0,1.0,0.396551724137931,0.6923076923076923,1.0,Moderate,0.6599305329812205,0.6599305329812205,6.0,6.0,6.0,0.0,2.284453274168197,2.3080357142857144,18.59375,0.3030518068091244,False,False,False,High,False,False,True,True,False,متوسط,انسحاب مرتفع بعد الإضافة للسلة,انسحاب مرتفع بعد الإضافة للسلة,المنتج يُشاهَد لكنه لا يتحول إلى شراء بالمستوى المطلوب.,3.9,0,1126.0,76,14,76,5,11024.89,36,3.9,58,23,0,2024-01-01,2024-12-30,حقيبه يد جلديه - اصدار خاص,0.034482758620689655,0.22109747300846208,6,32,375.3246875,323.275,3.678125,4.0,4.0,12.65625,13.0,0.0,0.0,1170.6875,1174.5,0.21365830518453735,الازياء والملابس,0,0,0,0,0,0,1,0,['low_review_trust'],عدد المراجعات أقل من المنتجات المشابهة مما يضعف الثقة,2.8,66|121|12|100|198,قميص قطني كلاسيكي - اصدار خاص|حذاء رياضي مريح - اصدار خاص|فستان سهره انيق|حقيبه يد جلديه - اصدار خاص|حقيبه يد جلديه - اصدار خاص,350.154,4.2,3.0012820512820513,0.9683034210680158,66,قميص قطني كلاسيكي - اصدار خاص,False,False,True,False,False,False,True,2.8,عدد المراجعات أقل من المنتجات المشابهة مما يضعف الثقة,trust,none
165,حذاء جري احترافي - اصدار خاص,حذاء جري احترافي - اصدار خاص,الرياضه واللياقه,unknown_subcategory,اديداس,867.11,84,14,84,4,4,,False,الرياضه واللياقه,4.2,0,1224.0,2023-01-27 16:45:25,حذاء جري احترافي - اصدار خاص,حذاء جري احترافي - اصدار خاص,الرياضه واللياقه,unknown_subcategory,اديداس,867.11,,False,12,3,0,27,12,3,0,3,12,12,3.0,0.0,26,26.0,3.0,12.0,False,25146.19,29,27,0.25,0.0,0.0,1.0,0.25,2.25,1.0,Moderate,-0.3704796211681421,-0.3704796211681421,123.0,123.0,123.0,0.0,8.50970943604373,2.117647058823529,17.666666666666668,0.2644038573714278,False,False,False,High,False,False,True,False,True,متوسط,انسحاب مرتفع بعد الإضافة للسلة,انسحاب مرتفع بعد الإضافة للسلة,هناك اهتمام واضح بالمنتج لكن جزءًا من العملاء لا يكمل الشراء بعد الإضافة للسلة.,4.2,0,1224.0,84,14,84,4,25146.19,27,4.2,12,3,0,2024-01-01,2024-12-30,حذاء جري احترافي - اصدار خاص,0.0,0.17914452481572657,1,27,625.2074074074073,278.2,4.074074074074074,3.3703703703703702,3.0,14.518518518518519,15.0,0.0,0.0,1153.7407407407406,1135.0,0.34956374783054484,الرياضه واللياقه,1,1,0,0,0,0,1,0,"['price_high', 'weak_brand', 'low_review_trust']",السعر أعلى من المستوى المعتاد داخل المجموعة المنافسة | قوة العلامة التجارية أقل من منافسيه داخل المجموعة | عدد المراجعات أقل من المنتجات المشابهة مما يضعف الثقة,5.0,139|71|86|98|49,حقيبه رياضيه جيم - اصدار خاص|حصيره يوغا مضاده للانزلاق - اصدار خاص|لباس رياضي ضاغط - اصدار خاص|اوزان حديد طقم 20 كيلو - اصدار خاص|جهاز قياس ضغط الدم,325.34,4.08,1.6855614973262036,0.9593010037112147,139,حقيبه رياضيه جيم - اصدار خاص,True,False,True,False,False,False,True,5.0,السعر أعلى من المستوى المعتاد داخل المجموعة المنافسة | قوة العلامة التجارية أقل من منافسيه داخل المجموعة | عدد المراجعات أقل من المنتجات المشابهة مما يضعف الثقة,pricing,trust
166,فستان سهره انيق - اصدار خاص,فستان سهره انيق - اصدار خاص,الازياء والملابس,unknown_subcategory,مانجو,184.75,76,13,76,1,1,,False,الازياء والملابس,3.8,0,1131.0,2023-04-30 23:19:15,فستان سهره انيق - اصدار خاص,فستان سهره انيق - اصدار خاص,الازياء والملابس,unknown_subcategory,مانجو,184.75,,False,21,2,0,32,21,2,0,2,21,19,2.0,0.0,31,31.0,2.0,19.0,False,6281.5,34,32,0.0952380952380952,0.0,0.0,1.0,0.0952380952380952,1.6842105263157894,1.0,Moderate,-0.324004784261113,-0.324004784261113,105.0,105.0,105.0,0.0,2.284453274168197,2.3080357142857144,18.59375,0.7372488399567002,False,False,False,High,False,False,True,False,True,متوسط,انسحاب مرتفع بعد الإضافة للسلة,انسحاب مرتفع بعد الإضافة للسلة,هناك اهتمام واضح بالمنتج لكن جزءًا من العملاء لا يكمل الشراء بعد الإضافة للسلة.,3.8,0,1131.0,76,13,76,1,6281.5,32,3.8,21,2,0,2024-01-01,2024-12-30,فستان سهره انيق - اصدار خاص,0.034482758620689655,0.22109747300846208,6,32,375.3246875,323.275,3.678125,4.0,4.0,12.65625,13.0,0.0,0.0,1170.6875,1174.5,0.21365830518453735,الازياء والملابس,0,0,0,0,1,0,1,0,"['low_visual_support', 'low_review_trust']",الدعم البصري أضعف من المنافسين من حيث عدد الصور | عدد المراجعات أقل من المنتجات المشابهة مما يضعف الثقة,3.9000000000000004,19|158|156|129|100,تيشيرت بولو قطن|فستان سهره انيق - اصدار خاص|قميص قطني كلاسيكي - اصدار خاص|تيشيرت بولو قطن - اصدار خاص|حقيبه يد جلديه - اصدار خاص,299.19199999999995,4.24,1.7412096318614065,0.9397532889760678,19,تيشيرت بولو قطن,False,False,True,True,False,False,True,3.9,الدعم البصري أضعف من المنافسين من حيث عدد الصور | عدد المراجعات أقل من المنتجات المشابهة مما يضعف الثقة,trust,content
167,حقيبه رياضيه جيم - اصدار خاص,حقيبه رياضيه جيم - اصدار خاص,الرياضه واللياقه,unknown_subcategory,هيد,104.4,82,15,82,1,1,,False,الرياضه واللياقه,3.8,0,1247.0,2023-01-04 05:56:58,حقيبه رياضيه جيم - اصدار خاص,حقيبه رياضيه جيم - اصدار خاص,الرياضه واللياقه,unknown_subcategory,هيد,104.4,,False,28,6,0,39,28,6,0,6,28,27,6.0,0.0,38,38.0,6.0,27.0,False,4280.400000000001,41,39,0.2142857142857142,0.0,0.0,1.0,0.2142857142857142,1.4444444444444444,1.0,Moderate,-0.1278437658815981,-0.1278437658815981,48.0,48.0,48.0,0.0,8.50970943604373,2.117647058823529,17.666666666666668,0.1697407479421512,False,False,False,High,False,False,True,False,False,متوسط,انسحاب مرتفع بعد الإضافة للسلة,انسحاب مرتفع بعد الإضافة للسلة,هناك اهتمام واضح بالمنتج لكن جزءًا من العملاء لا يكمل الشراء بعد الإضافة للسلة.,3.8,0,1247.0,82,15,82,1,4280.400000000001,39,3.8,28,6,0,2024-01-01,2024-12-30,حقيبه رياضيه جيم - اصدار خاص,0.0,0.6863435088021723,1,27,625.2074074074073,278.2,4.074074074074074,3.3703703703703702,3.0,14.518518518518519,15.0,0.0,0.0,1153.7407407407406,1135.0,0.34956374783054484,الرياضه واللياقه,0,0,0,0,1,0,1,0,"['low_visual_support', 'low_review_trust']",الدعم البصري أضعف من المنافسين من حيث عدد الصور | عدد المراجعات أقل من المنتجات المشابهة مما يضعف الثقة,3.9000000000000004,45|148|173|123|117,كره قدم رسميه فيفا|حذاء جري احترافي - اصدار خاص|حذاء جري احترافي - اصدار خاص|عداد خطوات ذكي - اصدار خاص|حصيره يوغا مضاده للانزلاق - اصدار خاص,318.79,4.279999999999999,2.054848484848485,0.894860981997032,45,كره قدم رسميه فيفا,False,False,True,True,False,False,True,3.9,الدعم البصري أضعف من المنافسين من حيث عدد الصور | عدد المراجعات أقل من المنتجات المشابهة مما يضعف الثقة,trust,content
168,مجموعه سكاكين مطبخ - اصدار خاص,مجموعه سكاكين مطبخ - اصدار خاص,المنزل والمطبخ,unknown_subcategory,اريتي,126.51,80,16,80,4,4,,False,المنزل والمطبخ,4.5,0,1094.0,2023-06-06 13:00:49,مجموعه سكاكين مطبخ - اصدار خاص,مجموعه سكاكين مطبخ - اصدار خاص,المنزل والمطبخ,unknown_subcategory,اريتي,126.51,,False,53,11,1,33,53,11,1,11,33,48,11.0,1.0,33,33.0,11.0,33.0,False,4554.360000000001,36,33,0.2075471698113207,0.0909090909090909,0.0188679245283018,0.9090909090909092,0.2075471698113207,0.6875,0.9090909090909092,Moderate,0.4658718846586006,0.4658718846586006,12.0,12.0,12.0,0.0188679245283018,4.391284662352632,1.9285714285714288,21.80555555555556,0.1565601077730341,False,False,False,High,False,False,False,True,False,متوسط,تحويل أقل من المتوقع,تحويل أقل من المتوقع,المنتج يُشاهَد لكنه لا يتحول إلى شراء بالمستوى المطلوب.,4.5,0,1094.0,80,16,80,4,4554.360000000001,33,4.5,53,11,1,2024-01-01,2024-12-30,مجموعه سكاكين مطبخ - اصدار خاص,0.0,0.35033682728043275,4,32,1416.5046875,1102.21,3.725,4.0625,4.0,14.53125,16.0,0.0,0.0,1150.375,1143.5,0.26748578062704065,المنزل والمطبخ,0,0,0,0,0,0,1,0,['low_review_trust'],عدد المراجعات أقل من المنتجات المشابهة مما يضعف الثقة,2.8,24|61|80|136|170,مكنسه كهرباييه لاسلكيه|فرن كهربايي 60 لتر - اصدار خاص|ماكينه قهوه اسبريسو - اصدار خاص|فرن كهربايي 60 لتر - اصدار خاص|فرن كهربايي 60 لتر - اصدار خاص,973.1099999999999,4.26,2.0335664335664334,0.9059710611373358,24,مكنسه كهرباييه لاسلكيه,False,False,True,False,False,False,True,2.8,عدد المراجعات أقل من المنتجات المشابهة مما يضعف الثقة,trust,none
169,فستان سهره انيق - اصدار خاص,فستان سهره انيق - اصدار خاص,الازياء والملابس,unknown_subcategory,H&M,452.68,78,14,78,5,5,,False,الازياء والملابس,3.1,0,1201.0,2023-02-19 00:21:14,فستان سهره انيق - اصدار خاص,فستان سهره انيق - اصدار خاص,الازياء والملابس,unknown_subcategory,H&M,452.68,,False,23,8,0,27,23,8,0,8,23,23,8.0,0.0,27,27.0,8.0,23.0,False,13127.72,29,27,0.3478260869565217,0.0,0.0,1.0,0.3478260869565217,1.173913043478261,1.0,Moderate,-0.136806111196798,-0.136806111196798,50.0,50.0,50.0,0.0,2.284453274168197,2.3080357142857144,18.59375,0.5138704550241675,False,False,False,High,False,False,True,True,False,متوسط,انسحاب مرتفع بعد الإضافة للسلة,انسحاب مرتفع بعد الإضافة للسلة,المنتج يُشاهَد لكنه لا يتحول إلى شراء بالمستوى المطلوب.,3.1,0,1201.0,78,14,78,5,13127.72,27,3.1,23,8,0,2024-01-01,2024-12-30,فستان سهره انيق - اصدار خاص,0.034482758620689655,0.10345437319304635,6,32,375.3246875,323.275,3.678125,4.0,4.0,12.65625,13.0,0.0,0.0,1170.6875,1174.5,0.21365830518453735,الازياء والملابس,1,1,0,1,0,0,1,0,"['price_high', 'weak_brand', 'low_rating', 'low_review_trust']",السعر أعلى من المستوى المعتاد داخل المجموعة المنافسة | قوة العلامة التجارية أقل من منافسيه داخل المجموعة | تقييم المنتج أقل من متوسط المنتجات المشابهة | عدد المراجعات أقل من المنتجات المشابهة مما يضعف الثقة,6.5,83|73|155|17|66,فستان سهره انيق - اصدار خاص|فستان سهره انيق - اصدار خاص|حذاء رياضي مريح - اصدار خاص|شال كشمير ناعم|قميص قطني كلاسيكي - اصدار خاص,329.634,3.38,2.385238095238095,0.9644161212378916,83,فستان سهره انيق - اصدار خاص,True,True,True,False,False,False,True,6.5,السعر أعلى من المستوى المعتاد داخل المجموعة المنافسة | قوة العلامة التجارية أقل من منافسيه داخل المجموعة | تقييم المنتج أقل من متوسط المنتجات المشابهة | عدد المراجعات أقل من المنتجات المشابهة مما يضعف الثقة,pricing,trust
170,فرن كهربايي 60 لتر - اصدار خاص,فرن كهربايي 60 لتر - اصدار خاص,المنزل والمطبخ,unknown_subcategory,بوش,810.36,80,17,80,2,2,,False,المنزل والمطبخ,3.5,0,1115.0,2023-05-16 09:21:24,فرن كهربايي 60 لتر - اصدار خاص,فرن كهربايي 60 لتر - اصدار خاص,المنزل والمطبخ,unknown_subcategory,بوش,810.36,,False,12,2,0,33,12,2,0,2,12,11,2.0,0.0,31,31.0,2.0,11.0,False,27552.24,34,33,0.1666666666666666,0.0,0.0,1.0,0.1666666666666666,3.0,1.0,Moderate,-0.3764201357295859,-0.3764201357295859,130.0,130.0,130.0,0.0,4.391284662352632,1.9285714285714288,21.80555555555556,0.68317137937324,False,False,False,High,False,False,True,False,True,متوسط,انسحاب مرتفع بعد الإضافة للسلة,انسحاب مرتفع بعد الإضافة للسلة,هناك اهتمام واضح بالمنتج لكن جزءًا من العملاء لا يكمل الشراء بعد الإضافة للسلة.,3.5,0,1115.0,80,17,80,2,27552.24,33,3.5,12,2,0,2024-01-01,2024-12-30,فرن كهربايي 60 لتر - اصدار خاص,0.0,0.43444554999574114,4,32,1416.5046875,1102.21,3.725,4.0625,4.0,14.53125,16.0,0.0,0.0,1150.375,1143.5,0.26748578062704065,المنزل والمطبخ,0,0,0,0,1,0,1,0,"['low_visual_support', 'low_review_trust']",الدعم البصري أضعف من المنافسين من حيث عدد الصور | عدد المراجعات أقل من المنتجات المشابهة مما يضعف الثقة,3.9000000000000004,61|153|197|168|24,فرن كهربايي 60 لتر - اصدار خاص|فرن كهربايي 60 لتر - اصدار خاص|مكيف هواء انفيرتر 18000 - اصدار خاص|مجموعه سكاكين مطبخ - اصدار خاص|مكنسه كهرباييه لاسلكيه,791.3260000000001,4.08,1.3031519950637598,0.9050868710730353,61,فرن كهربايي 60 لتر - اصدار خاص,False,False,True,True,False,False,True,3.9,الدعم البصري أضعف من المنافسين من حيث عدد الصور | عدد المراجعات أقل من المنتجات المشابهة مما يضعف الثقة,trust,content
171,موسوعه التاريخ الاسلامي - اصدار خاص,موسوعه التاريخ الاسلامي - اصدار خاص,الكتب والتعليم,unknown_subcategory,دار الفكر,100.57,84,13,84,4,4,,False,الكتب والتعليم,3.4,0,1240.0,2023-01-11 21:30:52,موسوعه التاريخ الاسلامي - اصدار خاص,موسوعه التاريخ الاسلامي - اصدار خاص,الكتب والتعليم,unknown_subcategory,دار الفكر,100.57,,False,22,5,0,29,22,5,0,5,22,22,5.0,0.0,28,28.0,5.0,22.0,False,3218.24,32,29,0.2272727272727272,0.0,0.0,1.0,0.2272727272727272,1.318181818181818,1.0,Moderate,-0.2357869625398371,-0.2357869625398371,72.0,72.0,72.0,0.0,3.3634956997365264,2.083333333333333,23.17142857142857,0.3919082811032212,False,False,False,High,False,False,True,False,False,متوسط,انسحاب مرتفع بعد الإضافة للسلة,انسحاب مرتفع بعد الإضافة للسلة,هناك اهتمام واضح بالمنتج لكن جزءًا من العملاء لا يكمل الشراء بعد الإضافة للسلة.,3.4,0,1240.0,84,13,84,4,3218.24,29,3.4,22,5,0,2024-01-01,2024-12-30,موسوعه التاريخ الاسلامي - اصدار خاص,0.037037037037037035,0.18699489139525632,3,35,162.01628571428571,132.13,3.834285714285714,4.228571428571429,4.0,12.914285714285715,13.0,0.0,0.0,1150.1714285714286,1147.0,0.27160789955165,الكتب والتعليم,0,1,0,1,0,0,1,0,"['weak_brand', 'low_rating', 'low_review_trust']",قوة العلامة التجارية أقل من منافسيه داخل المجموعة | تقييم المنتج أقل من متوسط المنتجات المشابهة | عدد المراجعات أقل من المنتجات المشابهة مما يضعف الثقة,5.3,186|99|144|77|89,كتاب الطبخ العربي التقليدي - اصدار خاص|مجموعه كتب الطفل التعليميه - اصدار خاص|كتاب تطوير الذات والتحفيز - اصدار خاص|دوره برمجه اكاديميه USB - اصدار خاص|كتاب رياده الاعمال والنجاح - اصدار خاص,130.616,3.3200000000000003,1.2345853019766064,0.9230257947015565,186,كتاب الطبخ العربي التقليدي - اصدار خاص,False,True,True,False,False,False,True,5.3,قوة العلامة التجارية أقل من منافسيه داخل المجموعة | تقييم المنتج أقل من متوسط المنتجات المشابهة | عدد المراجعات أقل من المنتجات المشابهة مما يضعف الثقة,trust,none
172,كتاب رياده الاعمال والنجاح - اصدار خاص,كتاب رياده الاعمال والنجاح - اصدار خاص,الكتب والتعليم,unknown_subcategory,مكتبه جرير,72.49,86,15,86,5,5,,False,الكتب والتعليم,3.6,0,1084.0,2023-06-16 14:23:05,كتاب رياده الاعمال والنجاح - اصدار خاص,كتاب رياده الاعمال والنجاح - اصدار خاص,الكتب والتعليم,unknown_subcategory,مكتبه جرير,72.49,,False,49,14,0,29,49,14,0,14,29,46,13.0,0.0,29,29.0,13.0,29.0,False,2247.19,31,29,0.2857142857142857,0.0,0.0,1.0,0.2857142857142857,0.6304347826086957,1.0,Moderate,0.2826414307656154,0.2826414307656154,23.0,23.0,23.0,0.0,3.3634956997365264,2.083333333333333,23.17142857142857,0.1874343953102362,False,False,False,High,False,False,True,True,False,متوسط,انسحاب مرتفع بعد الإضافة للسلة,انسحاب مرتفع بعد الإضافة للسلة,المنتج يُشاهَد لكنه لا يتحول إلى شراء بالمستوى المطلوب.,3.6,0,1084.0,86,15,86,5,2247.19,29,3.6,49,14,0,2024-01-01,2024-12-30,كتاب رياده الاعمال والنجاح - اصدار خاص,0.037037037037037035,0.30852721680727,3,35,162.01628571428571,132.13,3.834285714285714,4.228571428571429,4.0,12.914285714285715,13.0,0.0,0.0,1150.1714285714286,1147.0,0.27160789955165,الكتب والتعليم,0,0,0,0,0,0,1,0,['low_review_trust'],عدد المراجعات أقل من المنتجات المشابهة مما يضعف الثقة,2.8,175|92|193|120|163,مجموعه كتب الطفل التعليميه - اصدار خاص|موسوعه التاريخ الاسلامي - اصدار خاص|مجموعه كتب الطفل التعليميه - اصدار خاص|روايه عربيه بيست سيلر - اصدار خاص|دوره برمجه اكاديميه USB - اصدار خاص,209.17400000000004,3.8,1.7480749746707194,0.9699053510676829,175,مجموعه كتب الطفل التعليميه - اصدار خاص,False,False,True,False,False,False,True,2.8,عدد المراجعات أقل من المنتجات المشابهة مما يضعف الثقة,trust,none
173,حذاء جري احترافي - اصدار خاص,حذاء جري احترافي - اصدار خاص,الرياضه واللياقه,unknown_subcategory,اندر ارمور,426.85,79,14,79,4,4,,False,الرياضه واللياقه,4.7,0,1198.0,2023-02-22 15:23:40,حذاء جري احترافي - اصدار خاص,حذاء جري احترافي - اصدار خاص,الرياضه واللياقه,unknown_subcategory,اندر ارمور,426.85,,False,8,3,0,27,8,3,0,3,8,8,3.0,0.0,25,25.0,3.0,8.0,False,11951.8,28,27,0.375,0.0,0.0,1.0,0.375,3.375,1.0,Moderate,-0.3943320256240504,-0.3943320256240504,142.0,142.0,142.0,0.0,8.50970943604373,2.117647058823529,17.666666666666668,0.3966057860571417,True,False,False,High,False,True,True,False,True,متوسط,انسحاب مرتفع بعد الإضافة للسلة,انسحاب مرتفع بعد الإضافة للسلة,هناك اهتمام واضح بالمنتج لكن جزءًا من العملاء لا يكمل الشراء بعد الإضافة للسلة.,4.7,0,1198.0,79,14,79,4,11951.8,27,4.7,8,3,0,2024-01-01,2024-12-30,حذاء جري احترافي - اصدار خاص,0.0,0.46456181702518706,1,27,625.2074074074073,278.2,4.074074074074074,3.3703703703703702,3.0,14.518518518518519,15.0,0.0,0.0,1153.7407407407406,1135.0,0.34956374783054484,الرياضه واللياقه,1,0,0,0,0,0,1,0,"['price_high', 'low_review_trust']",السعر أعلى من المستوى المعتاد داخل المجموعة المنافسة | عدد المراجعات أقل من المنتجات المشابهة مما يضعف الثقة,4.0,123|45|86|157|167,عداد خطوات ذكي - اصدار خاص|كره قدم رسميه فيفا|لباس رياضي ضاغط - اصدار خاص|جهاز قياس ضغط الدم - اصدار خاص|حقيبه رياضيه جيم - اصدار خاص,213.63600000000002,4.380000000000001,1.464521687462864,0.8932252761807695,123,عداد خطوات ذكي - اصدار خاص,True,False,True,False,False,False,True,4.0,السعر أعلى من المستوى المعتاد داخل المجموعة المنافسة | عدد المراجعات أقل من المنتجات المشابهة مما يضعف الثقة,pricing,trust
174,تابلت 10 انش - اصدار خاص,تابلت 10 انش - اصدار خاص,الالكترونيات,unknown_subcategory,سامسونج,886.97,85,15,85,2,2,,False,الالكترونيات,4.6,0,1137.0,2023-04-24 23:47:11,تابلت 10 انش - اصدار خاص,تابلت 10 انش - اصدار خاص,الالكترونيات,unknown_subcategory,سامسونج,886.97,,False,11,3,0,27,11,3,0,3,11,11,3.0,0.0,25,25.0,3.0,11.0,False,25722.13,29,27,0.2727272727272727,0.0,0.0,1.0,0.2727272727272727,2.4545454545454546,1.0,Moderate,-0.376215027146092,-0.376215027146092,129.0,129.0,129.0,0.0,7.961233440029987,1.9,20.12121212121212,0.3083122072772946,False,False,False,High,False,True,True,False,True,متوسط,انسحاب مرتفع بعد الإضافة للسلة,انسحاب مرتفع بعد الإضافة للسلة,هناك اهتمام واضح بالمنتج لكن جزءًا من العملاء لا يكمل الشراء بعد الإضافة للسلة.,4.6,0,1137.0,85,15,85,2,25722.13,27,4.6,11,3,0,2024-01-01,2024-12-30,تابلت 10 انش - اصدار خاص,0.0,0.6503581790480685,0,27,1979.0025925925927,1613.84,3.7074074074074073,3.925925925925926,4.0,14.37037037037037,15.0,0.0,0.0,1156.7037037037037,1138.0,0.38300357479399344,الالكترونيات,0,0,0,0,1,0,1,0,"['low_visual_support', 'low_review_trust']",الدعم البصري أضعف من المنافسين من حيث عدد الصور | عدد المراجعات أقل من المنتجات المشابهة مما يضعف الثقة,3.9000000000000004,126|97|5|75|115,شاحن لاسلكي سريع - اصدار خاص|هاتف ذكي برو ماكس - اصدار خاص|تابلت 10 انش|تابلت 10 انش - اصدار خاص|شاحن لاسلكي سريع - اصدار خاص,807.5880000000001,4.0,1.5997222222222223,0.9319515518848036,126,شاحن لاسلكي سريع - اصدار خاص,False,False,True,True,False,False,True,3.9,الدعم البصري أضعف من المنافسين من حيث عدد الصور | عدد المراجعات أقل من المنتجات المشابهة مما يضعف الثقة,trust,content
175,مجموعه كتب الطفل التعليميه - اصدار خاص,مجموعه كتب الطفل التعليميه - اصدار خاص,الكتب والتعليم,unknown_subcategory,مكتبه جرير,152.85,87,14,87,4,4,,False,الكتب والتعليم,3.9,0,1119.0,2023-05-12 11:12:41,مجموعه كتب الطفل التعليميه - اصدار خاص,مجموعه كتب الطفل التعليميه - اصدار خاص,الكتب والتعليم,unknown_subcategory,مكتبه جرير,152.85,,False,49,18,0,32,49,18,0,18,32,47,18.0,0.0,32,32.0,18.0,32.0,False,5655.45,37,32,0.3673469387755102,0.0,0.0,1.0,0.3673469387755102,0.6808510638297872,1.0,Moderate,0.4124421692481844,0.4124421692481844,16.0,16.0,16.0,0.0,3.3634956997365264,2.083333333333333,23.17142857142857,0.2024236462924928,False,False,False,High,False,False,True,True,False,متوسط,انسحاب مرتفع بعد الإضافة للسلة,انسحاب مرتفع بعد الإضافة للسلة,المنتج يُشاهَد لكنه لا يتحول إلى شراء بالمستوى المطلوب.,3.9,0,1119.0,87,14,87,4,5655.45,32,3.9,49,18,0,2024-01-01,2024-12-30,مجموعه كتب الطفل التعليميه - اصدار خاص,0.037037037037037035,0.30852721680727,3,35,162.01628571428571,132.13,3.834285714285714,4.228571428571429,4.0,12.914285714285715,13.0,0.0,0.0,1150.1714285714286,1147.0,0.27160789955165,الكتب والتعليم,1,0,0,0,0,0,1,0,"['price_high', 'low_review_trust']",السعر أعلى من المستوى المعتاد داخل المجموعة المنافسة | عدد المراجعات أقل من المنتجات المشابهة مما يضعف الثقة,4.0,172|92|120|193|59,كتاب رياده الاعمال والنجاح - اصدار خاص|موسوعه التاريخ الاسلامي - اصدار خاص|روايه عربيه بيست سيلر - اصدار خاص|مجموعه كتب الطفل التعليميه - اصدار خاص|كتاب تطوير الذات والتحفيز,127.27999999999997,3.9,1.777991718426501,0.9699053510676829,172,كتاب رياده الاعمال والنجاح - اصدار خاص,True,False,True,False,False,False,True,4.0,السعر أعلى من المستوى المعتاد داخل المجموعة المنافسة | عدد المراجعات أقل من المنتجات المشابهة مما يضعف الثقة,pricing,trust
176,فرن كهربايي 60 لتر - اصدار خاص,فرن كهربايي 60 لتر - اصدار خاص,المنزل والمطبخ,unknown_subcategory,ديلونجي,1269.55,85,16,85,5,5,,False,المنزل والمطبخ,4.2,0,1106.0,2023-05-25 18:04:45,فرن كهربايي 60 لتر - اصدار خاص,فرن كهربايي 60 لتر - اصدار خاص,المنزل والمطبخ,unknown_subcategory,ديلونجي,1269.55,,False,55,11,0,19,55,11,0,11,19,51,11.0,0.0,19,19.0,11.0,19.0,False,25391.0,20,19,0.2,0.0,0.0,1.0,0.2,0.3725490196078431,1.0,Moderate,0.2346257613635479,0.2346257613635479,25.0,25.0,25.0,0.0,4.391284662352632,1.9285714285714288,21.80555555555556,0.0848382758698794,False,False,False,High,False,False,True,True,False,متوسط,انسحاب مرتفع بعد الإضافة للسلة,انسحاب مرتفع بعد الإضافة للسلة,المنتج يُشاهَد لكنه لا يتحول إلى شراء بالمستوى المطلوب.,4.2,0,1106.0,85,16,85,5,25391.0,19,4.2,55,11,0,2024-01-01,2024-12-30,فرن كهربايي 60 لتر - اصدار خاص,0.0,0.12534708542809428,4,32,1416.5046875,1102.21,3.725,4.0625,4.0,14.53125,16.0,0.0,0.0,1150.375,1143.5,0.26748578062704065,المنزل والمطبخ,1,1,0,0,0,0,1,0,"['price_high', 'weak_brand', 'low_review_trust']",السعر أعلى من المستوى المعتاد داخل المجموعة المنافسة | قوة العلامة التجارية أقل من منافسيه داخل المجموعة | عدد المراجعات أقل من المنتجات المشابهة مما يضعف الثقة,5.0,136|119|162|111|82,فرن كهربايي 60 لتر - اصدار خاص|ماكينه قهوه اسبريسو - اصدار خاص|ثلاجه نوفروست 350 لتر - اصدار خاص|مكواه بخاريه احترافيه - اصدار خاص|مجموعه سكاكين مطبخ - اصدار خاص,1168.864,3.6599999999999993,1.8459523809523808,0.9004642313223892,136,فرن كهربايي 60 لتر - اصدار خاص,True,False,True,False,False,False,True,5.0,السعر أعلى من المستوى المعتاد داخل المجموعة المنافسة | قوة العلامة التجارية أقل من منافسيه داخل المجموعة | عدد المراجعات أقل من المنتجات المشابهة مما يضعف الثقة,pricing,trust
177,لابتوب الترا سليم - اصدار خاص,لابتوب الترا سليم - اصدار خاص,الالكترونيات,unknown_subcategory,لينوفو,3544.65,82,14,82,5,5,,False,الالكترونيات,2.7,0,1135.0,2023-04-26 15:44:15,لابتوب الترا سليم - اصدار خاص,لابتوب الترا سليم - اصدار خاص,الالكترونيات,unknown_subcategory,لينوفو,3544.65,,False,9,2,0,25,9,2,0,2,9,9,2.0,0.0,24,24.0,2.0,9.0,False,102794.85,29,25,0.2222222222222222,0.0,0.0,1.0,0.2222222222222222,2.7777777777777777,1.0,Moderate,-0.3930820906038677,-0.3930820906038677,140.0,140.0,140.0,0.0,7.961233440029987,1.9,20.12121212121212,0.3489129917747161,True,False,False,High,False,True,True,False,True,متوسط,انسحاب مرتفع بعد الإضافة للسلة,انسحاب مرتفع بعد الإضافة للسلة,هناك اهتمام واضح بالمنتج لكن جزءًا من العملاء لا يكمل الشراء بعد الإضافة للسلة.,2.7,0,1135.0,82,14,82,5,102794.85,25,2.7,9,2,0,2024-01-01,2024-12-30,لابتوب الترا سليم - اصدار خاص,0.0,0.19916177982170075,0,27,1979.0025925925927,1613.84,3.7074074074074073,3.925925925925926,4.0,14.37037037037037,15.0,0.0,0.0,1156.7037037037037,1138.0,0.38300357479399344,الالكترونيات,1,1,0,1,0,0,1,0,"['price_high', 'weak_brand', 'low_rating', 'low_review_trust']",السعر أعلى من المستوى المعتاد داخل المجموعة المنافسة | قوة العلامة التجارية أقل من منافسيه داخل المجموعة | تقييم المنتج أقل من متوسط المنتجات المشابهة | عدد المراجعات أقل من المنتجات المشابهة مما يضعف الثقة,6.5,69|107|124|108|102,لابتوب الترا سليم - اصدار خاص|كاميرا ميرورليس - اصدار خاص|كاميرا ميرورليس - اصدار خاص|كاميرا ميرورليس - اصدار خاص|تابلت 10 انش - اصدار خاص,4454.926,3.06,1.6061956521739131,0.9574035066688116,69,لابتوب الترا سليم - اصدار خاص,True,True,True,False,False,False,True,6.5,السعر أعلى من المستوى المعتاد داخل المجموعة المنافسة | قوة العلامة التجارية أقل من منافسيه داخل المجموعة | تقييم المنتج أقل من متوسط المنتجات المشابهة | عدد المراجعات أقل من المنتجات المشابهة مما يضعف الثقة,pricing,trust
178,مكيف هواء انفيرتر 18000 - اصدار خاص,مكيف هواء انفيرتر 18000 - اصدار خاص,المنزل والمطبخ,unknown_subcategory,اريتي,3002.16,90,16,90,3,3,,False,المنزل والمطبخ,3.6,0,1143.0,2023-04-18 09:20:33,مكيف هواء انفيرتر 18000 - اصدار خاص,مكيف هواء انفيرتر 18000 - اصدار خاص,المنزل والمطبخ,unknown_subcategory,اريتي,3002.16,,False,50,17,0,24,50,17,0,17,24,42,17.0,0.0,23,23.0,17.0,23.0,False,72051.84,24,24,0.34,0.0,0.0,1.0,0.34,0.5714285714285714,1.0,Moderate,0.4015264206178588,0.4015264206178588,17.0,17.0,17.0,0.0,4.391284662352632,1.9285714285714288,21.80555555555556,0.130127881785379,False,False,False,High,False,False,True,True,False,متوسط,انسحاب مرتفع بعد الإضافة للسلة,انسحاب مرتفع بعد الإضافة للسلة,المنتج يُشاهَد لكنه لا يتحول إلى شراء بالمستوى المطلوب.,3.6,0,1143.0,90,16,90,3,72051.84,24,3.6,50,17,0,2024-01-01,2024-12-30,مكيف هواء انفيرتر 18000 - اصدار خاص,0.0,0.35033682728043275,4,32,1416.5046875,1102.21,3.725,4.0625,4.0,14.53125,16.0,0.0,0.0,1150.375,1143.5,0.26748578062704065,المنزل والمطبخ,1,0,0,0,0,0,1,0,"['price_high', 'low_review_trust']",السعر أعلى من المستوى المعتاد داخل المجموعة المنافسة | عدد المراجعات أقل من المنتجات المشابهة مما يضعف الثقة,4.0,134|154|162|191|130,ثلاجه نوفروست 350 لتر - اصدار خاص|ثلاجه نوفروست 350 لتر - اصدار خاص|ثلاجه نوفروست 350 لتر - اصدار خاص|غساله اوتوماتيك 8 كيلو - اصدار خاص|ثلاجه نوفروست 350 لتر - اصدار خاص,2969.3779999999997,3.88,2.290909090909091,0.9291400990026251,134,ثلاجه نوفروست 350 لتر - اصدار خاص,True,False,True,False,False,False,True,4.0,السعر أعلى من المستوى المعتاد داخل المجموعة المنافسة | عدد المراجعات أقل من المنتجات المشابهة مما يضعف الثقة,pricing,trust
179,مجموعه عنايه بالشعر - اصدار خاص,مجموعه عنايه بالشعر - اصدار خاص,الجمال والعنايه,unknown_subcategory,دوف,148.28,95,17,95,6,6,,False,الجمال والعنايه,4.0,0,1236.0,2023-01-15 06:33:57,مجموعه عنايه بالشعر - اصدار خاص,مجموعه عنايه بالشعر - اصدار خاص,الجمال والعنايه,unknown_subcategory,دوف,148.28,,False,7,2,0,31,7,2,0,2,7,6,2.0,0.0,30,30.0,2.0,6.0,False,4744.96,32,31,0.2857142857142857,0.0,0.0,1.0,0.2857142857142857,5.166666666666667,1.0,Moderate,-0.3993157385178524,-0.3993157385178524,146.0,146.0,146.0,0.0,6.768778422340422,2.8,19.580645161290324,0.7633085830692922,True,False,False,High,False,True,True,False,True,متوسط,انسحاب مرتفع بعد الإضافة للسلة,انسحاب مرتفع بعد الإضافة للسلة,هناك اهتمام واضح بالمنتج لكن جزءًا من العملاء لا يكمل الشراء بعد الإضافة للسلة.,4.0,0,1236.0,95,17,95,6,4744.96,31,4.0,7,2,0,2024-01-01,2024-12-30,مجموعه عنايه بالشعر - اصدار خاص,0.0,0.41299428008313765,5,31,312.03483870967744,281.44,3.770967741935484,4.451612903225806,5.0,13.64516129032258,14.0,0.0,0.0,1173.7096774193549,1186.0,0.37324573544941014,الجمال والعنايه,0,0,0,0,0,0,1,0,['low_review_trust'],عدد المراجعات أقل من المنتجات المشابهة مما يضعف الثقة,2.8,116|187|149|39|143,قناع وجه كولاجين - اصدار خاص|عطر رجالي عودي - اصدار خاص|طقم مكياج احترافي - اصدار خاص|قناع وجه كولاجين|عطر رجالي عودي - اصدار خاص,392.78200000000004,4.300000000000001,4.448985507246377,0.9768802644917172,116,قناع وجه كولاجين - اصدار خاص,False,False,True,False,False,False,True,2.8,عدد المراجعات أقل من المنتجات المشابهة مما يضعف الثقة,trust,none
180,شال كشمير ناعم - اصدار خاص,شال كشمير ناعم - اصدار خاص,الازياء والملابس,unknown_subcategory,مانجو,279.71,76,14,76,1,1,,False,الازياء والملابس,3.3,0,1249.0,2023-01-02 00:12:41,شال كشمير ناعم - اصدار خاص,شال كشمير ناعم - اصدار خاص,الازياء والملابس,unknown_subcategory,مانجو,279.71,,False,47,12,0,31,47,12,0,12,31,46,12.0,0.0,30,30.0,12.0,30.0,False,9230.429999999998,33,31,0.2553191489361702,0.0,0.0,1.0,0.2553191489361702,0.6739130434782609,1.0,Moderate,0.2097329064548879,0.2097329064548879,29.0,29.0,29.0,0.0,2.284453274168197,2.3080357142857144,18.59375,0.294999705662022,False,False,False,High,False,False,True,True,False,متوسط,انسحاب مرتفع بعد الإضافة للسلة,انسحاب مرتفع بعد الإضافة للسلة,المنتج يُشاهَد لكنه لا يتحول إلى شراء بالمستوى المطلوب.,3.3,0,1249.0,76,14,76,1,9230.429999999998,31,3.3,47,12,0,2024-01-01,2024-12-30,شال كشمير ناعم - اصدار خاص,0.0,0.22109747300846208,6,32,375.3246875,323.275,3.678125,4.0,4.0,12.65625,13.0,0.0,0.0,1170.6875,1174.5,0.21365830518453735,الازياء والملابس,0,0,0,1,1,0,1,0,"['low_rating', 'low_visual_support', 'low_review_trust']",تقييم المنتج أقل من متوسط المنتجات المشابهة | الدعم البصري أضعف من المنافسين من حيث عدد الصور | عدد المراجعات أقل من المنتجات المشابهة مما يضعف الثقة,5.3999999999999995,93|156|125|11|155,شال كشمير ناعم - اصدار خاص|قميص قطني كلاسيكي - اصدار خاص|شال كشمير ناعم - اصدار خاص|قميص قطني كلاسيكي|حذاء رياضي مريح - اصدار خاص,203.526,3.34,2.474051796157059,0.9673008876273739,93,شال كشمير ناعم - اصدار خاص,False,True,True,True,False,False,True,5.4,تقييم المنتج أقل من متوسط المنتجات المشابهة | الدعم البصري أضعف من المنافسين من حيث عدد الصور | عدد المراجعات أقل من المنتجات المشابهة مما يضعف الثقة,trust,content
181,عطر رجالي عودي - اصدار خاص,عطر رجالي عودي - اصدار خاص,الجمال والعنايه,unknown_subcategory,بالمر,353.61,68,13,68,4,4,,False,الجمال والعنايه,2.7,0,1142.0,2023-04-19 03:44:18,عطر رجالي عودي - اصدار خاص,عطر رجالي عودي - اصدار خاص,الجمال والعنايه,unknown_subcategory,بالمر,353.61,,False,15,3,0,33,15,3,0,3,15,15,3.0,0.0,32,32.0,3.0,15.0,False,14144.4,40,33,0.2,0.0,0.0,1.0,0.2,2.2,1.0,Moderate,-0.3365109970737337,-0.3365109970737337,111.0,111.0,111.0,0.0,6.768778422340422,2.8,19.580645161290324,0.3250217192424083,False,False,False,High,False,False,True,False,True,متوسط,انسحاب مرتفع بعد الإضافة للسلة,انسحاب مرتفع بعد الإضافة للسلة,هناك اهتمام واضح بالمنتج لكن جزءًا من العملاء لا يكمل الشراء بعد الإضافة للسلة.,2.7,0,1142.0,68,13,68,4,14144.4,33,2.7,15,3,0,2024-01-01,2024-12-30,عطر رجالي عودي - اصدار خاص,0.0,0.28318660818823016,5,31,312.03483870967744,281.44,3.770967741935484,4.451612903225806,5.0,13.64516129032258,14.0,0.0,0.0,1173.7096774193549,1186.0,0.37324573544941014,الجمال والعنايه,1,1,0,1,0,0,1,0,"['price_high', 'weak_brand', 'low_rating', 'low_review_trust']",السعر أعلى من المستوى المعتاد داخل المجموعة المنافسة | قوة العلامة التجارية أقل من منافسيه داخل المجموعة | تقييم المنتج أقل من متوسط المنتجات المشابهة | عدد المراجعات أقل من المنتجات المشابهة مما يضعف الثقة,6.5,109|87|34|64|72,قناع وجه كولاجين - اصدار خاص|طقم مكياج احترافي - اصدار خاص|طقم مكياج احترافي|عطر رجالي عودي - اصدار خاص|كريم مرطب SPF 50 - اصدار خاص,294.01599999999996,3.02,3.8466970866970867,0.9523228389489045,109,قناع وجه كولاجين - اصدار خاص,True,True,True,False,False,False,True,6.5,السعر أعلى من المستوى المعتاد داخل المجموعة المنافسة | قوة العلامة التجارية أقل من منافسيه داخل المجموعة | تقييم المنتج أقل من متوسط المنتجات المشابهة | عدد المراجعات أقل من المنتجات المشابهة مما يضعف الثقة,pricing,trust
182,سيروم فيتامين سي - اصدار خاص,سيروم فيتامين سي - اصدار خاص,الجمال والعنايه,unknown_subcategory,لوريال,190.33,79,14,79,5,5,,False,الجمال والعنايه,3.9,0,1098.0,2023-06-02 07:44:57,سيروم فيتامين سي - اصدار خاص,سيروم فيتامين سي - اصدار خاص,الجمال والعنايه,unknown_subcategory,لوريال,190.33,,False,13,2,1,28,13,2,1,2,13,13,2.0,1.0,28,28.0,2.0,13.0,False,5900.2300000000005,31,28,0.1538461538461538,0.5,0.0769230769230769,0.5,0.1538461538461538,2.1538461538461537,0.5,Moderate,0.8543577393922228,0.8543577393922228,3.0,3.0,3.0,0.0769230769230769,6.768778422340422,2.8,19.580645161290324,0.3182030817757843,False,False,False,High,False,False,False,False,True,متوسط,يحتاج متابعة,أداء متوسط,أداء المنتج متوسط ويمكن تحسينه من خلال تدخلات مركزة.,3.9,0,1098.0,79,14,79,5,5900.2300000000005,28,3.9,13,2,1,2024-01-01,2024-12-30,سيروم فيتامين سي - اصدار خاص,0.0,0.1642017690771361,5,31,312.03483870967744,281.44,3.770967741935484,4.451612903225806,5.0,13.64516129032258,14.0,0.0,0.0,1173.7096774193549,1186.0,0.37324573544941014,الجمال والعنايه,0,1,0,0,0,0,1,0,"['weak_brand', 'low_review_trust']",قوة العلامة التجارية أقل من منافسيه داخل المجموعة | عدد المراجعات أقل من المنتجات المشابهة مما يضعف الثقة,3.8,78|183|109|40|64,عطر رجالي عودي - اصدار خاص|كريم مرطب SPF 50 - اصدار خاص|قناع وجه كولاجين - اصدار خاص|مزيل عرق رول اون|عطر رجالي عودي - اصدار خاص,293.706,3.7800000000000002,1.8141654641654643,0.9533755762664731,78,عطر رجالي عودي - اصدار خاص,False,False,True,False,False,False,True,3.8,قوة العلامة التجارية أقل من منافسيه داخل المجموعة | عدد المراجعات أقل من المنتجات المشابهة مما يضعف الثقة,trust,none
183,كريم مرطب SPF 50 - اصدار خاص,كريم مرطب SPF 50 - اصدار خاص,الجمال والعنايه,unknown_subcategory,بالمر,171.04,79,15,79,5,5,,False,الجمال والعنايه,4.4,0,1075.0,2023-06-25 18:34:22,كريم مرطب SPF 50 - اصدار خاص,كريم مرطب SPF 50 - اصدار خاص,الجمال والعنايه,unknown_subcategory,بالمر,171.04,,False,60,20,0,22,60,20,0,20,22,54,19.0,0.0,21,21.0,19.0,21.0,False,4104.96,24,22,0.3333333333333333,0.0,0.0,1.0,0.3333333333333333,0.4074074074074074,1.0,Moderate,0.5544091903948147,0.5544091903948147,8.0,8.0,8.0,0.0,6.768778422340422,2.8,19.580645161290324,0.0601892072671126,False,False,False,High,False,False,True,True,False,متوسط,انسحاب مرتفع بعد الإضافة للسلة,انسحاب مرتفع بعد الإضافة للسلة,المنتج يُشاهَد لكنه لا يتحول إلى شراء بالمستوى المطلوب.,4.4,0,1075.0,79,15,79,5,4104.96,22,4.4,60,20,0,2024-01-01,2024-12-30,كريم مرطب SPF 50 - اصدار خاص,0.0,0.28318660818823016,5,31,312.03483870967744,281.44,3.770967741935484,4.451612903225806,5.0,13.64516129032258,14.0,0.0,0.0,1173.7096774193549,1186.0,0.37324573544941014,الجمال والعنايه,0,1,0,0,0,0,1,0,"['weak_brand', 'low_review_trust']",قوة العلامة التجارية أقل من منافسيه داخل المجموعة | عدد المراجعات أقل من المنتجات المشابهة مما يضعف الثقة,3.8,182|40|78|72|160,سيروم فيتامين سي - اصدار خاص|مزيل عرق رول اون|عطر رجالي عودي - اصدار خاص|كريم مرطب SPF 50 - اصدار خاص|زيت ارغان طبيعي - اصدار خاص,291.73400000000004,3.9,2.3377389277389278,0.9366288482417385,182,سيروم فيتامين سي - اصدار خاص,False,False,True,False,False,False,True,3.8,قوة العلامة التجارية أقل من منافسيه داخل المجموعة | عدد المراجعات أقل من المنتجات المشابهة مما يضعف الثقة,trust,none
184,حذاء رسمي جلد - اصدار خاص,حذاء رسمي جلد - اصدار خاص,الازياء والملابس,unknown_subcategory,مانجو,617.48,74,13,74,3,3,,False,الازياء والملابس,2.9,0,1198.0,2023-02-22 02:51:58,حذاء رسمي جلد - اصدار خاص,حذاء رسمي جلد - اصدار خاص,الازياء والملابس,unknown_subcategory,مانجو,617.48,,False,13,2,0,26,13,2,0,2,13,13,2.0,0.0,26,26.0,2.0,13.0,False,17289.440000000002,28,26,0.1538461538461538,0.0,0.0,1.0,0.1538461538461538,2.0,1.0,Moderate,-0.4007659960350294,-0.4007659960350294,148.0,148.0,148.0,0.0,2.284453274168197,2.3080357142857144,18.59375,0.8754829974485816,False,False,False,High,False,False,True,False,True,متوسط,انسحاب مرتفع بعد الإضافة للسلة,انسحاب مرتفع بعد الإضافة للسلة,هناك اهتمام واضح بالمنتج لكن جزءًا من العملاء لا يكمل الشراء بعد الإضافة للسلة.,2.9,0,1198.0,74,13,74,3,17289.440000000002,26,2.9,13,2,0,2024-01-01,2024-12-30,حذاء رسمي جلد - اصدار خاص,0.10344827586206896,0.22109747300846208,6,32,375.3246875,323.275,3.678125,4.0,4.0,12.65625,13.0,0.0,0.0,1170.6875,1174.5,0.21365830518453735,الازياء والملابس,1,0,0,1,0,0,1,0,"['price_high', 'low_rating', 'low_review_trust']",السعر أعلى من المستوى المعتاد داخل المجموعة المنافسة | تقييم المنتج أقل من متوسط المنتجات المشابهة | عدد المراجعات أقل من المنتجات المشابهة مما يضعف الثقة,5.5,155|103|11|169|83,حذاء رياضي مريح - اصدار خاص|بنطلون جينز سليم فيت - اصدار خاص|قميص قطني كلاسيكي|فستان سهره انيق - اصدار خاص|فستان سهره انيق - اصدار خاص,361.79200000000003,3.22,2.723613777526821,0.961620193228983,155,حذاء رياضي مريح - اصدار خاص,True,True,True,False,False,False,True,5.5,السعر أعلى من المستوى المعتاد داخل المجموعة المنافسة | تقييم المنتج أقل من متوسط المنتجات المشابهة | عدد المراجعات أقل من المنتجات المشابهة مما يضعف الثقة,pricing,trust
185,سماعات لاسلكيه - اصدار خاص,سماعات لاسلكيه - اصدار خاص,الالكترونيات,unknown_subcategory,لينوفو,329.38,87,14,87,3,3,,False,الالكترونيات,3.2,0,1202.0,2023-02-18 21:00:20,سماعات لاسلكيه - اصدار خاص,سماعات لاسلكيه - اصدار خاص,الالكترونيات,unknown_subcategory,لينوفو,329.38,,False,41,14,0,30,41,14,0,14,30,38,14.0,0.0,29,29.0,14.0,29.0,False,10869.54,33,30,0.3414634146341463,0.0,0.0,1.0,0.3414634146341463,0.7894736842105263,1.0,Moderate,0.2148381236148658,0.2148381236148658,28.0,28.0,28.0,0.0,7.961233440029987,1.9,20.12121212121212,0.0991647450307088,False,False,False,High,False,False,True,True,False,متوسط,انسحاب مرتفع بعد الإضافة للسلة,انسحاب مرتفع بعد الإضافة للسلة,المنتج يُشاهَد لكنه لا يتحول إلى شراء بالمستوى المطلوب.,3.2,0,1202.0,87,14,87,3,10869.54,30,3.2,41,14,0,2024-01-01,2024-12-30,سماعات لاسلكيه - اصدار خاص,0.030303030303030304,0.19916177982170075,0,27,1979.0025925925927,1613.84,3.7074074074074073,3.925925925925926,4.0,14.37037037037037,15.0,0.0,0.0,1156.7037037037037,1138.0,0.38300357479399344,الالكترونيات,0,1,0,1,0,0,1,0,"['weak_brand', 'low_rating', 'low_review_trust']",قوة العلامة التجارية أقل من منافسيه داخل المجموعة | تقييم المنتج أقل من متوسط المنتجات المشابهة | عدد المراجعات أقل من المنتجات المشابهة مما يضعف الثقة,5.3,137|194|102|115|7,راوتر واي فاي 6 - اصدار خاص|ساعه ذكيه سبورت - اصدار خاص|تابلت 10 انش - اصدار خاص|شاحن لاسلكي سريع - اصدار خاص|كاميرا ميرورليس,1070.714,3.6,1.5227546138072454,0.9336621870386421,137,راوتر واي فاي 6 - اصدار خاص,False,True,True,False,False,False,True,5.3,قوة العلامة التجارية أقل من منافسيه داخل المجموعة | تقييم المنتج أقل من متوسط المنتجات المشابهة | عدد المراجعات أقل من المنتجات المشابهة مما يضعف الثقة,trust,none
186,كتاب الطبخ العربي التقليدي - اصدار خاص,كتاب الطبخ العربي التقليدي - اصدار خاص,الكتب والتعليم,unknown_subcategory,دار العلوم,109.52,78,13,78,4,4,,False,الكتب والتعليم,2.8,0,1186.0,2023-03-06 12:14:39,كتاب الطبخ العربي التقليدي - اصدار خاص,كتاب الطبخ العربي التقليدي - اصدار خاص,الكتب والتعليم,unknown_subcategory,دار العلوم,109.52,,False,27,7,0,28,27,7,0,7,27,27,7.0,0.0,27,27.0,7.0,27.0,False,3066.56,28,28,0.2592592592592592,0.0,0.0,1.0,0.2592592592592592,1.037037037037037,1.0,Moderate,-0.134023130871351,-0.134023130871351,49.0,49.0,49.0,0.0,3.3634956997365264,2.083333333333333,23.17142857142857,0.3083212019918062,False,False,False,High,False,False,True,True,False,متوسط,انسحاب مرتفع بعد الإضافة للسلة,انسحاب مرتفع بعد الإضافة للسلة,المنتج يُشاهَد لكنه لا يتحول إلى شراء بالمستوى المطلوب.,2.8,0,1186.0,78,13,78,4,3066.56,28,2.8,27,7,0,2024-01-01,2024-12-30,كتاب الطبخ العربي التقليدي - اصدار خاص,0.07407407407407407,0.08237659000294191,3,35,162.01628571428571,132.13,3.834285714285714,4.228571428571429,4.0,12.914285714285715,13.0,0.0,0.0,1150.1714285714286,1147.0,0.27160789955165,الكتب والتعليم,0,1,0,1,0,0,1,0,"['weak_brand', 'low_rating', 'low_review_trust']",قوة العلامة التجارية أقل من منافسيه داخل المجموعة | تقييم المنتج أقل من متوسط المنتجات المشابهة | عدد المراجعات أقل من المنتجات المشابهة مما يضعف الثقة,5.3,171|193|151|196|99,موسوعه التاريخ الاسلامي - اصدار خاص|مجموعه كتب الطفل التعليميه - اصدار خاص|كتاب تطوير الذات والتحفيز - اصدار خاص|اطلس العالم المصور - اصدار خاص|مجموعه كتب الطفل التعليميه - اصدار خاص,165.042,3.54,1.4319837025719377,0.9230257947015565,171,موسوعه التاريخ الاسلامي - اصدار خاص,False,True,True,False,False,False,True,5.3,قوة العلامة التجارية أقل من منافسيه داخل المجموعة | تقييم المنتج أقل من متوسط المنتجات المشابهة | عدد المراجعات أقل من المنتجات المشابهة مما يضعف الثقة,trust,none
187,عطر رجالي عودي - اصدار خاص,عطر رجالي عودي - اصدار خاص,الجمال والعنايه,unknown_subcategory,افينو,521.01,77,14,77,5,5,,False,الجمال والعنايه,4.5,0,1224.0,2023-01-27 10:23:09,عطر رجالي عودي - اصدار خاص,عطر رجالي عودي - اصدار خاص,الجمال والعنايه,unknown_subcategory,افينو,521.01,,False,10,2,0,22,10,2,0,2,10,10,2.0,0.0,22,22.0,2.0,10.0,False,12504.24,24,22,0.2,0.0,0.0,1.0,0.2,2.2,1.0,Moderate,-0.434849587999735,-0.434849587999735,161.0,161.0,161.0,0.0,6.768778422340422,2.8,19.580645161290324,0.3250217192424083,False,False,False,High,False,True,True,False,True,متوسط,انسحاب مرتفع بعد الإضافة للسلة,انسحاب مرتفع بعد الإضافة للسلة,هناك اهتمام واضح بالمنتج لكن جزءًا من العملاء لا يكمل الشراء بعد الإضافة للسلة.,4.5,0,1224.0,77,14,77,5,12504.24,22,4.5,10,2,0,2024-01-01,2024-12-30,عطر رجالي عودي - اصدار خاص,0.0,0.3740625644147615,5,31,312.03483870967744,281.44,3.770967741935484,4.451612903225806,5.0,13.64516129032258,14.0,0.0,0.0,1173.7096774193549,1186.0,0.37324573544941014,الجمال والعنايه,1,0,0,0,0,0,1,0,"['price_high', 'low_review_trust']",السعر أعلى من المستوى المعتاد داخل المجموعة المنافسة | عدد المراجعات أقل من المنتجات المشابهة مما يضعف الثقة,4.0,143|116|179|149|160,عطر رجالي عودي - اصدار خاص|قناع وجه كولاجين - اصدار خاص|مجموعه عنايه بالشعر - اصدار خاص|طقم مكياج احترافي - اصدار خاص|زيت ارغان طبيعي - اصدار خاص,367.71999999999997,4.36,2.95231884057971,0.978183467753417,143,عطر رجالي عودي - اصدار خاص,True,False,True,False,False,False,True,4.0,السعر أعلى من المستوى المعتاد داخل المجموعة المنافسة | عدد المراجعات أقل من المنتجات المشابهة مما يضعف الثقة,pricing,trust
188,جهاز مشي كهربايي - اصدار خاص,جهاز مشي كهربايي - اصدار خاص,الرياضه واللياقه,unknown_subcategory,هيد,2599.64,82,15,82,3,3,,False,الرياضه واللياقه,4.9,0,1108.0,2023-05-23 16:45:45,جهاز مشي كهربايي - اصدار خاص,جهاز مشي كهربايي - اصدار خاص,الرياضه واللياقه,unknown_subcategory,هيد,2599.64,,False,24,8,0,31,24,8,0,8,24,24,8.0,0.0,31,31.0,8.0,24.0,False,83188.48,32,31,0.3333333333333333,0.0,0.0,1.0,0.3333333333333333,1.2916666666666667,1.0,Moderate,-0.090235223653657,-0.090235223653657,43.0,43.0,43.0,0.0,8.50970943604373,2.117647058823529,17.666666666666668,0.1517873996021159,False,False,False,High,False,False,True,False,False,متوسط,انسحاب مرتفع بعد الإضافة للسلة,انسحاب مرتفع بعد الإضافة للسلة,هناك اهتمام واضح بالمنتج لكن جزءًا من العملاء لا يكمل الشراء بعد الإضافة للسلة.,4.9,0,1108.0,82,15,82,3,83188.48,31,4.9,24,8,0,2024-01-01,2024-12-30,جهاز مشي كهربايي - اصدار خاص,0.0,0.6863435088021723,1,27,625.2074074074073,278.2,4.074074074074074,3.3703703703703702,3.0,14.518518518518519,15.0,0.0,0.0,1153.7407407407406,1135.0,0.34956374783054484,الرياضه واللياقه,1,0,0,0,0,0,1,0,"['price_high', 'low_review_trust']",السعر أعلى من المستوى المعتاد داخل المجموعة المنافسة | عدد المراجعات أقل من المنتجات المشابهة مما يضعف الثقة,4.0,148|45|96|157|138,حذاء جري احترافي - اصدار خاص|كره قدم رسميه فيفا|دراجه هواييه جبليه - اصدار خاص|جهاز قياس ضغط الدم - اصدار خاص|جهاز مشي كهربايي - اصدار خاص,1093.926,4.56,2.41852511829256,0.8628083610056084,148,حذاء جري احترافي - اصدار خاص,True,False,True,False,False,False,True,4.0,السعر أعلى من المستوى المعتاد داخل المجموعة المنافسة | عدد المراجعات أقل من المنتجات المشابهة مما يضعف الثقة,pricing,trust
189,مزيل عرق رول اون - اصدار خاص,مزيل عرق رول اون - اصدار خاص,الجمال والعنايه,unknown_subcategory,ماك,46.18,70,14,70,3,3,,False,الجمال والعنايه,3.2,0,1228.0,2023-01-23 02:45:20,مزيل عرق رول اون - اصدار خاص,مزيل عرق رول اون - اصدار خاص,الجمال والعنايه,unknown_subcategory,ماك,46.18,,False,50,14,0,24,50,14,0,14,24,40,14.0,0.0,23,23.0,14.0,23.0,False,1293.04,28,24,0.28,0.0,0.0,1.0,0.28,0.6,1.0,Moderate,0.2822145545415421,0.2822145545415421,24.0,24.0,24.0,0.0,6.768778422340422,2.8,19.580645161290324,0.0886422870661113,False,False,False,High,False,False,True,True,False,متوسط,انسحاب مرتفع بعد الإضافة للسلة,انسحاب مرتفع بعد الإضافة للسلة,المنتج يُشاهَد لكنه لا يتحول إلى شراء بالمستوى المطلوب.,3.2,0,1228.0,70,14,70,3,1293.04,24,3.2,50,14,0,2024-01-01,2024-12-30,مزيل عرق رول اون - اصدار خاص,0.0,0.5426575582011882,5,31,312.03483870967744,281.44,3.770967741935484,4.451612903225806,5.0,13.64516129032258,14.0,0.0,0.0,1173.7096774193549,1186.0,0.37324573544941014,الجمال والعنايه,0,0,0,1,1,0,1,0,"['low_rating', 'low_visual_support', 'low_review_trust']",تقييم المنتج أقل من متوسط المنتجات المشابهة | الدعم البصري أضعف من المنافسين من حيث عدد الصور | عدد المراجعات أقل من المنتجات المشابهة مما يضعف الثقة,5.3999999999999995,132|199|122|104|149,عطر رجالي عودي - اصدار خاص|زيت ارغان طبيعي - اصدار خاص|طقم مكياج احترافي - اصدار خاص|قناع وجه كولاجين - اصدار خاص|طقم مكياج احترافي - اصدار خاص,377.6259999999999,3.3400000000000007,2.7088095238095233,0.9681127434962398,132,عطر رجالي عودي - اصدار خاص,False,True,True,True,False,False,True,5.4,تقييم المنتج أقل من متوسط المنتجات المشابهة | الدعم البصري أضعف من المنافسين من حيث عدد الصور | عدد المراجعات أقل من المنتجات المشابهة مما يضعف الثقة,trust,content
190,حذاء رسمي جلد - اصدار خاص,حذاء رسمي جلد - اصدار خاص,الازياء والملابس,unknown_subcategory,مانجو,615.39,76,14,76,4,4,,False,الازياء والملابس,3.9,0,1113.0,2023-05-18 13:13:47,حذاء رسمي جلد - اصدار خاص,حذاء رسمي جلد - اصدار خاص,الازياء والملابس,unknown_subcategory,مانجو,615.39,,False,8,1,0,34,8,1,0,1,8,8,1.0,0.0,33,33.0,1.0,8.0,False,23384.82,38,34,0.125,0.0,0.0,1.0,0.125,4.25,1.0,Moderate,-0.4232839620926313,-0.4232839620926313,156.0,156.0,156.0,0.0,2.284453274168197,2.3080357142857144,18.59375,1.860401369578236,True,False,False,High,False,True,False,False,True,متوسط,انسحاب مرتفع بعد الإضافة للسلة,انسحاب مرتفع بعد الإضافة للسلة,المنتج لا يحصل على عدد كافٍ من الزيارات خلال الفترة المختارة.,3.9,0,1113.0,76,14,76,4,23384.82,34,3.9,8,1,0,2024-01-01,2024-12-30,حذاء رسمي جلد - اصدار خاص,0.10344827586206896,0.22109747300846208,6,32,375.3246875,323.275,3.678125,4.0,4.0,12.65625,13.0,0.0,0.0,1170.6875,1174.5,0.21365830518453735,الازياء والملابس,1,0,0,0,0,0,1,0,"['price_high', 'low_review_trust']",السعر أعلى من المستوى المعتاد داخل المجموعة المنافسة | عدد المراجعات أقل من المنتجات المشابهة مما يضعف الثقة,4.0,121|20|164|129|13,حذاء رياضي مريح - اصدار خاص|حذاء رسمي جلد|حقيبه يد جلديه - اصدار خاص|تيشيرت بولو قطن - اصدار خاص|بنطلون جينز سليم فيت,322.98799999999994,3.8600000000000003,2.19027972027972,0.9621692147027532,121,حذاء رياضي مريح - اصدار خاص,True,False,True,False,False,False,True,4.0,السعر أعلى من المستوى المعتاد داخل المجموعة المنافسة | عدد المراجعات أقل من المنتجات المشابهة مما يضعف الثقة,pricing,trust
191,غساله اوتوماتيك 8 كيلو - اصدار خاص,غساله اوتوماتيك 8 كيلو - اصدار خاص,المنزل والمطبخ,unknown_subcategory,هايسنس,2178.66,78,13,78,2,2,,False,المنزل والمطبخ,2.8,0,1201.0,2023-02-19 01:34:55,غساله اوتوماتيك 8 كيلو - اصدار خاص,غساله اوتوماتيك 8 كيلو - اصدار خاص,المنزل والمطبخ,unknown_subcategory,هايسنس,2178.66,,False,24,10,0,23,24,10,0,10,23,23,10.0,0.0,21,21.0,10.0,21.0,False,54466.5,25,23,0.4166666666666667,0.0,0.0,1.0,0.4166666666666667,1.0,1.0,Moderate,-0.059967278753052,-0.059967278753052,41.0,41.0,41.0,0.0,4.391284662352632,1.9285714285714288,21.80555555555556,0.2277237931244133,False,False,False,High,False,False,True,True,False,متوسط,انسحاب مرتفع بعد الإضافة للسلة,انسحاب مرتفع بعد الإضافة للسلة,المنتج يُشاهَد لكنه لا يتحول إلى شراء بالمستوى المطلوب.,2.8,0,1201.0,78,13,78,2,54466.5,23,2.8,24,10,0,2024-01-01,2024-12-30,غساله اوتوماتيك 8 كيلو - اصدار خاص,0.0,0.40907124235107295,4,32,1416.5046875,1102.21,3.725,4.0625,4.0,14.53125,16.0,0.0,0.0,1150.375,1143.5,0.26748578062704065,المنزل والمطبخ,1,0,0,1,1,0,1,0,"['price_high', 'low_rating', 'low_visual_support', 'low_review_trust']",السعر أعلى من المستوى المعتاد داخل المجموعة المنافسة | تقييم المنتج أقل من متوسط المنتجات المشابهة | الدعم البصري أضعف من المنافسين من حيث عدد الصور | عدد المراجعات أقل من المنتجات المشابهة مما يضعف الثقة,6.6000000000000005,178|85|153|170|162,مكيف هواء انفيرتر 18000 - اصدار خاص|ماكينه قهوه اسبريسو - اصدار خاص|فرن كهربايي 60 لتر - اصدار خاص|فرن كهربايي 60 لتر - اصدار خاص|ثلاجه نوفروست 350 لتر - اصدار خاص,1688.8139999999999,3.3,1.6649859943977592,0.880163454806798,178,مكيف هواء انفيرتر 18000 - اصدار خاص,True,True,True,True,False,False,True,6.6,السعر أعلى من المستوى المعتاد داخل المجموعة المنافسة | تقييم المنتج أقل من متوسط المنتجات المشابهة | الدعم البصري أضعف من المنافسين من حيث عدد الصور | عدد المراجعات أقل من المنتجات المشابهة مما يضعف الثقة,pricing,trust
192,مجموعه كتب الطفل التعليميه - اصدار خاص,مجموعه كتب الطفل التعليميه - اصدار خاص,الكتب والتعليم,unknown_subcategory,نشر المعرفه,105.53,86,15,86,5,5,,False,الكتب والتعليم,5.0,0,1173.0,2023-03-19 19:53:13,مجموعه كتب الطفل التعليميه - اصدار خاص,مجموعه كتب الطفل التعليميه - اصدار خاص,الكتب والتعليم,unknown_subcategory,نشر المعرفه,105.53,,False,11,2,1,26,11,2,1,2,11,11,2.0,1.0,26,26.0,2.0,11.0,False,3060.37,29,26,0.1818181818181818,0.5,0.0909090909090909,0.5,0.1818181818181818,2.363636363636364,0.5,Moderate,0.834284422801543,0.834284422801543,4.0,4.0,4.0,0.0909090909090909,3.3634956997365264,2.083333333333333,23.17142857142857,0.7027320902540518,False,False,False,High,False,True,False,False,True,متوسط,ظهور أقل من المطلوب,مشاهدات أقل من المطلوب,المنتج لا يحصل على عدد كافٍ من الزيارات خلال الفترة المختارة.,5.0,0,1173.0,86,15,86,5,3060.37,26,5.0,11,2,1,2024-01-01,2024-12-30,مجموعه كتب الطفل التعليميه - اصدار خاص,0.037037037037037035,0.3843441121516434,3,35,162.01628571428571,132.13,3.834285714285714,4.228571428571429,4.0,12.914285714285715,13.0,0.0,0.0,1150.1714285714286,1147.0,0.27160789955165,الكتب والتعليم,0,0,0,0,0,0,1,0,['low_review_trust'],عدد المراجعات أقل من المنتجات المشابهة مما يضعف الثقة,2.8,59|200|150|145|74,كتاب تطوير الذات والتحفيز|موسوعه التاريخ الاسلامي - اصدار خاص|اطلس العالم المصور - اصدار خاص|قاموس عربي انجليزي شامل - اصدار خاص|كتاب الطبخ العربي التقليدي - اصدار خاص,183.004,4.540000000000001,1.9926523297491041,0.877072859799131,59,كتاب تطوير الذات والتحفيز,False,False,True,False,False,False,True,2.8,عدد المراجعات أقل من المنتجات المشابهة مما يضعف الثقة,trust,none
193,مجموعه كتب الطفل التعليميه - اصدار خاص,مجموعه كتب الطفل التعليميه - اصدار خاص,الكتب والتعليم,unknown_subcategory,دار الفكر,256.05,87,14,87,5,5,,False,الكتب والتعليم,3.4,0,1127.0,2023-05-04 22:08:09,مجموعه كتب الطفل التعليميه - اصدار خاص,مجموعه كتب الطفل التعليميه - اصدار خاص,الكتب والتعليم,unknown_subcategory,دار الفكر,256.05,,False,61,17,0,34,61,17,0,17,34,56,17.0,0.0,33,33.0,17.0,33.0,False,10498.05,41,34,0.2786885245901639,0.0,0.0,1.0,0.2786885245901639,0.6071428571428571,1.0,Moderate,0.4997988393970052,0.4997988393970052,9.0,9.0,9.0,0.0,3.3634956997365264,2.083333333333333,23.17142857142857,0.1805094792273457,False,False,False,High,False,False,True,True,False,متوسط,انسحاب مرتفع بعد الإضافة للسلة,انسحاب مرتفع بعد الإضافة للسلة,المنتج يُشاهَد لكنه لا يتحول إلى شراء بالمستوى المطلوب.,3.4,0,1127.0,87,14,87,5,10498.05,34,3.4,61,17,0,2024-01-01,2024-12-30,مجموعه كتب الطفل التعليميه - اصدار خاص,0.037037037037037035,0.18699489139525632,3,35,162.01628571428571,132.13,3.834285714285714,4.228571428571429,4.0,12.914285714285715,13.0,0.0,0.0,1150.1714285714286,1147.0,0.27160789955165,الكتب والتعليم,1,1,0,1,0,0,1,0,"['price_high', 'weak_brand', 'low_rating', 'low_review_trust']",السعر أعلى من المستوى المعتاد داخل المجموعة المنافسة | قوة العلامة التجارية أقل من منافسيه داخل المجموعة | تقييم المنتج أقل من متوسط المنتجات المشابهة | عدد المراجعات أقل من المنتجات المشابهة مما يضعف الثقة,6.5,151|92|196|163|77,كتاب تطوير الذات والتحفيز - اصدار خاص|موسوعه التاريخ الاسلامي - اصدار خاص|اطلس العالم المصور - اصدار خاص|دوره برمجه اكاديميه USB - اصدار خاص|دوره برمجه اكاديميه USB - اصدار خاص,215.31599999999997,3.5199999999999996,1.6734755440637792,0.9615171481734248,151,كتاب تطوير الذات والتحفيز - اصدار خاص,True,True,True,False,False,False,True,6.5,السعر أعلى من المستوى المعتاد داخل المجموعة المنافسة | قوة العلامة التجارية أقل من منافسيه داخل المجموعة | تقييم المنتج أقل من متوسط المنتجات المشابهة | عدد المراجعات أقل من المنتجات المشابهة مما يضعف الثقة,pricing,trust
194,ساعه ذكيه سبورت - اصدار خاص,ساعه ذكيه سبورت - اصدار خاص,الالكترونيات,unknown_subcategory,ال جي,582.97,80,14,80,6,6,,False,الالكترونيات,4.0,0,1119.0,2023-05-12 13:14:52,ساعه ذكيه سبورت - اصدار خاص,ساعه ذكيه سبورت - اصدار خاص,الالكترونيات,unknown_subcategory,ال جي,582.97,,False,20,5,0,38,20,5,0,5,20,20,5.0,0.0,38,38.0,5.0,20.0,False,23318.800000000003,40,38,0.25,0.0,0.0,1.0,0.25,1.9,1.0,Moderate,-0.2205635867075224,-0.2205635867075224,69.0,69.0,69.0,0.0,7.961233440029987,1.9,20.12121212121212,0.2386564863739058,False,False,False,High,False,False,True,False,False,متوسط,انسحاب مرتفع بعد الإضافة للسلة,انسحاب مرتفع بعد الإضافة للسلة,هناك اهتمام واضح بالمنتج لكن جزءًا من العملاء لا يكمل الشراء بعد الإضافة للسلة.,4.0,0,1119.0,80,14,80,6,23318.800000000003,38,4.0,20,5,0,2024-01-01,2024-12-30,ساعه ذكيه سبورت - اصدار خاص,0.0,0.2216371566152292,0,27,1979.0025925925927,1613.84,3.7074074074074073,3.925925925925926,4.0,14.37037037037037,15.0,0.0,0.0,1156.7037037037037,1138.0,0.38300357479399344,الالكترونيات,0,1,0,0,0,0,1,0,"['weak_brand', 'low_review_trust']",قوة العلامة التجارية أقل من منافسيه داخل المجموعة | عدد المراجعات أقل من المنتجات المشابهة مما يضعف الثقة,3.8,90|7|185|102|81,شاشه 4K 27 انش - اصدار خاص|كاميرا ميرورليس|سماعات لاسلكيه - اصدار خاص|تابلت 10 انش - اصدار خاص|شاشه 4K 27 انش - اصدار خاص,1620.852,4.04,1.5885714285714285,0.8049877684605188,90,شاشه 4K 27 انش - اصدار خاص,False,False,True,False,False,False,True,3.8,قوة العلامة التجارية أقل من منافسيه داخل المجموعة | عدد المراجعات أقل من المنتجات المشابهة مما يضعف الثقة,trust,none
195,فرن كهربايي 60 لتر - اصدار خاص,فرن كهربايي 60 لتر - اصدار خاص,المنزل والمطبخ,unknown_subcategory,بوش,411.6,80,17,80,6,6,,False,المنزل والمطبخ,3.1,0,1150.0,2023-04-11 17:46:22,فرن كهربايي 60 لتر - اصدار خاص,فرن كهربايي 60 لتر - اصدار خاص,المنزل والمطبخ,unknown_subcategory,بوش,411.6,,False,19,8,0,34,19,8,0,8,19,17,7.0,0.0,34,34.0,7.0,17.0,False,14406.0,35,34,0.4210526315789473,0.0,0.0,1.0,0.4210526315789473,2.0,1.0,Moderate,-0.1474267245749885,-0.1474267245749885,51.0,51.0,51.0,0.0,4.391284662352632,1.9285714285714288,21.80555555555556,0.4554475862488266,False,False,False,High,False,False,True,False,False,متوسط,انسحاب مرتفع بعد الإضافة للسلة,انسحاب مرتفع بعد الإضافة للسلة,هناك اهتمام واضح بالمنتج لكن جزءًا من العملاء لا يكمل الشراء بعد الإضافة للسلة.,3.1,0,1150.0,80,17,80,6,14406.0,34,3.1,19,8,0,2024-01-01,2024-12-30,فرن كهربايي 60 لتر - اصدار خاص,0.0,0.43444554999574114,4,32,1416.5046875,1102.21,3.725,4.0625,4.0,14.53125,16.0,0.0,0.0,1150.375,1143.5,0.26748578062704065,المنزل والمطبخ,0,0,0,1,0,0,1,0,"['low_rating', 'low_review_trust']",تقييم المنتج أقل من متوسط المنتجات المشابهة | عدد المراجعات أقل من المنتجات المشابهة مما يضعف الثقة,4.3,153|128|80|170|101,فرن كهربايي 60 لتر - اصدار خاص|مكواه بخاريه احترافيه - اصدار خاص|ماكينه قهوه اسبريسو - اصدار خاص|فرن كهربايي 60 لتر - اصدار خاص|مجموعه سكاكين مطبخ - اصدار خاص,655.314,3.6399999999999997,2.507843137254902,0.9280494885679618,153,فرن كهربايي 60 لتر - اصدار خاص,False,True,True,False,False,False,True,4.3,تقييم المنتج أقل من متوسط المنتجات المشابهة | عدد المراجعات أقل من المنتجات المشابهة مما يضعف الثقة,trust,none
196,اطلس العالم المصور - اصدار خاص,اطلس العالم المصور - اصدار خاص,الكتب والتعليم,unknown_subcategory,دار العلوم,211.44,79,13,79,5,5,,False,الكتب والتعليم,3.5,0,1116.0,2023-05-15 01:40:15,اطلس العالم المصور - اصدار خاص,اطلس العالم المصور - اصدار خاص,الكتب والتعليم,unknown_subcategory,دار العلوم,211.44,,False,17,5,0,22,17,5,0,5,17,17,5.0,0.0,22,22.0,5.0,17.0,False,4863.12,23,22,0.2941176470588235,0.0,0.0,1.0,0.2941176470588235,1.2941176470588236,1.0,Moderate,-0.2954882725008604,-0.2954882725008604,90.0,90.0,90.0,0.0,3.3634956997365264,2.083333333333333,23.17142857142857,0.3847537688721279,False,False,False,High,False,False,True,False,False,متوسط,انسحاب مرتفع بعد الإضافة للسلة,انسحاب مرتفع بعد الإضافة للسلة,هناك اهتمام واضح بالمنتج لكن جزءًا من العملاء لا يكمل الشراء بعد الإضافة للسلة.,3.5,0,1116.0,79,13,79,5,4863.12,22,3.5,17,5,0,2024-01-01,2024-12-30,اطلس العالم المصور - اصدار خاص,0.0,0.08237659000294191,3,35,162.01628571428571,132.13,3.834285714285714,4.228571428571429,4.0,12.914285714285715,13.0,0.0,0.0,1150.1714285714286,1147.0,0.27160789955165,الكتب والتعليم,1,1,0,0,0,0,1,0,"['price_high', 'weak_brand', 'low_review_trust']",السعر أعلى من المستوى المعتاد داخل المجموعة المنافسة | قوة العلامة التجارية أقل من منافسيه داخل المجموعة | عدد المراجعات أقل من المنتجات المشابهة مما يضعف الثقة,5.0,151|163|193|77|120,كتاب تطوير الذات والتحفيز - اصدار خاص|دوره برمجه اكاديميه USB - اصدار خاص|مجموعه كتب الطفل التعليميه - اصدار خاص|دوره برمجه اكاديميه USB - اصدار خاص|روايه عربيه بيست سيلر - اصدار خاص,195.204,3.5800000000000005,1.8170329670329668,0.9666530625470078,151,كتاب تطوير الذات والتحفيز - اصدار خاص,True,False,True,False,False,False,True,5.0,السعر أعلى من المستوى المعتاد داخل المجموعة المنافسة | قوة العلامة التجارية أقل من منافسيه داخل المجموعة | عدد المراجعات أقل من المنتجات المشابهة مما يضعف الثقة,pricing,trust
197,مكيف هواء انفيرتر 18000 - اصدار خاص,مكيف هواء انفيرتر 18000 - اصدار خاص,المنزل والمطبخ,unknown_subcategory,توشيبا,1440.46,90,16,90,1,1,,False,المنزل والمطبخ,3.5,0,1089.0,2023-06-11 10:13:17,مكيف هواء انفيرتر 18000 - اصدار خاص,مكيف هواء انفيرتر 18000 - اصدار خاص,المنزل والمطبخ,unknown_subcategory,توشيبا,1440.46,,False,50,16,0,42,50,16,0,16,42,44,15.0,0.0,41,41.0,15.0,41.0,False,69142.08,48,42,0.32,0.0,0.0,1.0,0.32,0.9545454545454546,1.0,Strong,0.4087719131770017,0.4087719131770017,30.0,30.0,30.0,0.0,4.391284662352632,1.9285714285714288,21.80555555555556,0.2173727116187581,False,False,False,High,False,False,True,False,False,قوي,انسحاب مرتفع بعد الإضافة للسلة,انسحاب مرتفع بعد الإضافة للسلة,المنتج يحقق أداء جيدًا مقارنة ببقية المنتجات.,3.5,0,1089.0,90,16,90,1,69142.08,42,3.5,50,16,0,2024-01-01,2024-12-30,مكيف هواء انفيرتر 18000 - اصدار خاص,0.0,0.23130022737131772,4,32,1416.5046875,1102.21,3.725,4.0625,4.0,14.53125,16.0,0.0,0.0,1150.375,1143.5,0.26748578062704065,المنزل والمطبخ,1,0,0,0,1,0,1,0,"['price_high', 'low_visual_support', 'low_review_trust']",السعر أعلى من المستوى المعتاد داخل المجموعة المنافسة | الدعم البصري أضعف من المنافسين من حيث عدد الصور | عدد المراجعات أقل من المنتجات المشابهة مما يضعف الثقة,3.7,70|136|119|162|61,فرن كهربايي 60 لتر - اصدار خاص|فرن كهربايي 60 لتر - اصدار خاص|ماكينه قهوه اسبريسو - اصدار خاص|ثلاجه نوفروست 350 لتر - اصدار خاص|فرن كهربايي 60 لتر - اصدار خاص,1489.556,3.8400000000000007,1.2754978354978355,0.931079290716344,70,فرن كهربايي 60 لتر - اصدار خاص,True,False,True,True,False,False,True,3.7,السعر أعلى من المستوى المعتاد داخل المجموعة المنافسة | الدعم البصري أضعف من المنافسين من حيث عدد الصور | عدد المراجعات أقل من المنتجات المشابهة مما يضعف الثقة,pricing,trust
198,حقيبه يد جلديه - اصدار خاص,حقيبه يد جلديه - اصدار خاص,الازياء والملابس,unknown_subcategory,ليفايز,440.15,77,14,77,4,4,,False,الازياء والملابس,4.5,0,1183.0,2023-03-09 15:11:49,حقيبه يد جلديه - اصدار خاص,حقيبه يد جلديه - اصدار خاص,الازياء والملابس,unknown_subcategory,ليفايز,440.15,,False,12,5,0,39,12,5,0,5,12,12,5.0,0.0,39,39.0,5.0,12.0,False,18926.45,43,39,0.4166666666666667,0.0,0.0,1.0,0.4166666666666667,3.25,1.0,Moderate,-0.2731374509111049,-0.2731374509111049,83.0,83.0,83.0,0.0,2.284453274168197,2.3080357142857144,18.59375,1.422659870853945,False,False,False,High,False,False,False,False,False,متوسط,انسحاب مرتفع بعد الإضافة للسلة,انسحاب مرتفع بعد الإضافة للسلة,أداء المنتج متوسط ويمكن تحسينه من خلال تدخلات مركزة.,4.5,0,1183.0,77,14,77,4,18926.45,39,4.5,12,5,0,2024-01-01,2024-12-30,حقيبه يد جلديه - اصدار خاص,0.034482758620689655,0.21682173667314475,6,32,375.3246875,323.275,3.678125,4.0,4.0,12.65625,13.0,0.0,0.0,1170.6875,1174.5,0.21365830518453735,الازياء والملابس,1,0,0,0,0,0,1,0,"['price_high', 'low_review_trust']",السعر أعلى من المستوى المعتاد داخل المجموعة المنافسة | عدد المراجعات أقل من المنتجات المشابهة مما يضعف الثقة,4.0,100|121|158|12|164,حقيبه يد جلديه - اصدار خاص|حذاء رياضي مريح - اصدار خاص|فستان سهره انيق - اصدار خاص|فستان سهره انيق|حقيبه يد جلديه - اصدار خاص,405.95799999999997,4.18,1.9579606440071555,0.9849707602429629,100,حقيبه يد جلديه - اصدار خاص,True,False,True,False,False,False,True,4.0,السعر أعلى من المستوى المعتاد داخل المجموعة المنافسة | عدد المراجعات أقل من المنتجات المشابهة مما يضعف الثقة,pricing,trust
199,زيت ارغان طبيعي - اصدار خاص,زيت ارغان طبيعي - اصدار خاص,الجمال والعنايه,unknown_subcategory,بيوتانيا,107.47,78,14,78,1,1,,False,الجمال والعنايه,2.6,0,1246.0,2023-01-05 09:15:15,زيت ارغان طبيعي - اصدار خاص,زيت ارغان طبيعي - اصدار خاص,الجمال والعنايه,unknown_subcategory,بيوتانيا,107.47,,False,22,11,0,27,22,11,0,11,22,21,11.0,0.0,25,25.0,11.0,21.0,False,3331.57,31,27,0.5,0.0,0.0,1.0,0.5,1.2857142857142858,1.0,Moderate,-0.0566222037664497,-0.0566222037664497,40.0,40.0,40.0,0.0,6.768778422340422,2.8,19.580645161290324,0.18994775799881,False,False,False,High,False,False,True,False,False,متوسط,انسحاب مرتفع بعد الإضافة للسلة,انسحاب مرتفع بعد الإضافة للسلة,هناك اهتمام واضح بالمنتج لكن جزءًا من العملاء لا يكمل الشراء بعد الإضافة للسلة.,2.6,0,1246.0,78,14,78,1,3331.57,27,2.6,22,11,0,2024-01-01,2024-12-30,زيت ارغان طبيعي - اصدار خاص,0.0,0.4033985827787803,5,31,312.03483870967744,281.44,3.770967741935484,4.451612903225806,5.0,13.64516129032258,14.0,0.0,0.0,1173.7096774193549,1186.0,0.37324573544941014,الجمال والعنايه,0,0,0,1,1,0,1,0,"['low_rating', 'low_visual_support', 'low_review_trust']",تقييم المنتج أقل من متوسط المنتجات المشابهة | الدعم البصري أضعف من المنافسين من حيث عدد الصور | عدد المراجعات أقل من المنتجات المشابهة مما يضعف الثقة,5.3999999999999995,104|189|132|181|160,قناع وجه كولاجين - اصدار خاص|مزيل عرق رول اون - اصدار خاص|عطر رجالي عودي - اصدار خاص|عطر رجالي عودي - اصدار خاص|زيت ارغان طبيعي - اصدار خاص,225.95600000000005,3.34,2.6550000000000002,0.9867745238094339,104,قناع وجه كولاجين - اصدار خاص,False,True,True,True,False,False,True,5.4,تقييم المنتج أقل من متوسط المنتجات المشابهة | الدعم البصري أضعف من المنافسين من حيث عدد الصور | عدد المراجعات أقل من المنتجات المشابهة مما يضعف الثقة,trust,content
200,موسوعه التاريخ الاسلامي - اصدار خاص,موسوعه التاريخ الاسلامي - اصدار خاص,الكتب والتعليم,unknown_subcategory,دار قرطبه,284.58,84,13,84,2,2,,False,الكتب والتعليم,4.4,0,1143.0,2023-04-18 04:05:18,موسوعه التاريخ الاسلامي - اصدار خاص,موسوعه التاريخ الاسلامي - اصدار خاص,الكتب والتعليم,unknown_subcategory,دار قرطبه,284.58,,False,9,2,0,34,9,2,0,2,9,9,2.0,0.0,33,33.0,2.0,9.0,False,11667.78,41,34,0.2222222222222222,0.0,0.0,1.0,0.2222222222222222,3.7777777777777777,1.0,Moderate,-0.3960246059552653,-0.3960246059552653,143.0,143.0,143.0,0.0,3.3634956997365264,2.083333333333333,23.17142857142857,1.1231700929701511,True,False,False,High,False,True,True,False,True,متوسط,انسحاب مرتفع بعد الإضافة للسلة,انسحاب مرتفع بعد الإضافة للسلة,هناك اهتمام واضح بالمنتج لكن جزءًا من العملاء لا يكمل الشراء بعد الإضافة للسلة.,4.4,0,1143.0,84,13,84,2,11667.78,34,4.4,9,2,0,2024-01-01,2024-12-30,موسوعه التاريخ الاسلامي - اصدار خاص,0.037037037037037035,0.34274971874761795,3,35,162.01628571428571,132.13,3.834285714285714,4.228571428571429,4.0,12.914285714285715,13.0,0.0,0.0,1150.1714285714286,1147.0,0.27160789955165,الكتب والتعليم,1,0,0,0,1,0,1,0,"['price_high', 'low_visual_support', 'low_review_trust']",السعر أعلى من المستوى المعتاد داخل المجموعة المنافسة | الدعم البصري أضعف من المنافسين من حيث عدد الصور | عدد المراجعات أقل من المنتجات المشابهة مما يضعف الثقة,5.1000000000000005,84|59|150|175|55,كتاب الطبخ العربي التقليدي - اصدار خاص|كتاب تطوير الذات والتحفيز|اطلس العالم المصور - اصدار خاص|مجموعه كتب الطفل التعليميه - اصدار خاص|روايه عربيه بيست سيلر,125.03399999999999,4.4399999999999995,2.4895035460992907,0.9694749424652034,84,كتاب الطبخ العربي التقليدي - اصدار خاص,True,False,True,True,False,False,True,5.1,السعر أعلى من المستوى المعتاد داخل المجموعة المنافسة | الدعم البصري أضعف من المنافسين من حيث عدد الصور | عدد المراجعات أقل من المنتجات المشابهة مما يضعف الثقة,pricing,trust
