antecedent support,consequent support,support,confidence,lift,representativity,leverage,conviction,zhangs_metric,jaccard,certainty,kulczynski,antecedent_product_id,consequent_product_id,co_occurrence_count,antecedent_product_name,antecedent_category,antecedent_image_url,antecedent_product_class,consequent_product_name,consequent_category,consequent_image_url,consequent_product_class,bundle_type,basket_source,bundle_score,bundle_reason,bundle_business_explanation
0.06137968495382944,0.0850624660510592,0.054535578489951116,0.8884955752212389,10.445212988392726,1.0,0.04931447112234129,8.205392169542085,0.9633952615464069,0.5933806146572105,0.8781289206734153,0.764809728862216,41,47,502,حذاء جري احترافي,الرياضه واللياقه,,Strong,اوزان حديد طقم 20 كيلو,الرياضه واللياقه,,Strong,Substitute,fpgrowth,88.52,ارتباط قوي مُثبَت بالبيانات — يظهر المنتجان معاً بشكل متكرر.,اعرض كلاهما في صفحة المنتج كبدائل مقترحة لرفع قيمة السلة.
0.06181423139598045,0.08723519826181424,0.05529603476371537,0.8945518453427065,10.254482859750452,1.0,0.04990365803248535,8.656052869817128,0.9619434705181671,0.5898030127462339,0.884473903401525,0.7642124108407181,9,2,509,راوتر واي فاي 6,الالكترونيات,,Strong,لابتوب الترا سليم,الالكترونيات,,Strong,Substitute,fpgrowth,87.9,ارتباط قوي مُثبَت بالبيانات — يظهر المنتجان معاً بشكل متكرر.,اعرض كلاهما في صفحة المنتج كبدائل مقترحة لرفع قيمة السلة.
0.05975013579576317,0.08538837588267247,0.052906029331884846,0.8854545454545455,10.36973166782327,1.0,0.0478040622775155,7.9847046549925444,0.9609844400395257,0.5736160188457008,0.8747605524301094,0.7525237103863058,29,25,487,مجموعه سكاكين مطبخ,المنزل والمطبخ,,Strong,ماكينه قهوه اسبريسو,المنزل والمطبخ,,Strong,Substitute,fpgrowth,87.75,ارتباط قوي مُثبَت بالبيانات — يظهر المنتجان معاً بشكل متكرر.,اعرض كلاهما في صفحة المنتج كبدائل مقترحة لرفع قيمة السلة.
0.0621401412275937,0.08538837588267247,0.05464421510048886,0.8793706293706294,10.298481734550437,1.0,0.049338169363944744,7.581997811523354,0.962721988467665,0.5883040935672514,0.8681086403796939,0.7596598693926938,26,25,503,طقم اواني طهي غرانيت,المنزل والمطبخ,,Strong,ماكينه قهوه اسبريسو,المنزل والمطبخ,,Strong,Substitute,fpgrowth,87.59,ارتباط قوي مُثبَت بالبيانات — يظهر المنتجان معاً بشكل متكرر.,اعرض كلاهما في صفحة المنتج كبدائل مقترحة لرفع قيمة السلة.
0.06398696360673548,0.08777838131450298,0.05670831070070614,0.8862478777589133,10.09642538956782,1.0,0.05109163861007689,8.019381095608319,0.9625454024767252,0.5965714285714286,0.8753020977457184,0.7661437408596548,10,1,522,شاحن لاسلكي سريع,الالكترونيات,,Strong,هاتف ذكي برو ماكس,الالكترونيات,,Strong,Substitute,fpgrowth,87.18,ارتباط قوي مُثبَت بالبيانات — يظهر المنتجان معاً بشكل متكرر.,اعرض كلاهما في صفحة المنتج كبدائل مقترحة لرفع قيمة السلة.
0.06018468223791418,0.08538837588267247,0.05258011950027159,0.8736462093862816,10.231441930535269,1.0,0.047441047230961375,7.23849771087142,0.9600418811755389,0.5654205607476636,0.8618497870769357,0.744711145405609,28,25,484,خلاط كهربايي متعدد الوظايف,المنزل والمطبخ,,Strong,ماكينه قهوه اسبريسو,المنزل والمطبخ,,Strong,Substitute,fpgrowth,86.7,ارتباط قوي مُثبَت بالبيانات — يظهر المنتجان معاً بشكل متكرر.,اعرض كلاهما في صفحة المنتج كبدائل مقترحة لرفع قيمة السلة.
0.06757197175448126,0.08995111352525802,0.05985877240630092,0.8858520900321543,9.848150348727028,1.0,0.05378059830388805,7.972540949116748,0.9635682995530143,0.6129032258064514,0.8745694746025999,0.7756555136151109,31,32,551,كريم مرطب SPF 50,الجمال والعنايه,,Strong,سيروم فيتامين سي,الجمال والعنايه,,Strong,Substitute,fpgrowth,86.55000000000001,ارتباط قوي مُثبَت بالبيانات — يظهر المنتجان معاً بشكل متكرر.,اعرض كلاهما في صفحة المنتج كبدائل مقترحة لرفع قيمة السلة.
0.06496469310157522,0.08777838131450298,0.05681694731124389,0.8745819397993312,9.963523212689163,1.0,0.05111445170819416,7.273447039652368,0.9621389588846821,0.592298980747452,0.8625136067467957,0.7609295837610517,4,1,523,ساعه ذكيه سبورت,الالكترونيات,,Strong,هاتف ذكي برو ماكس,الالكترونيات,,Strong,Substitute,fpgrowth,86.24000000000001,ارتباط قوي مُثبَت بالبيانات — يظهر المنتجان معاً بشكل متكرر.,اعرض كلاهما في صفحة المنتج كبدائل مقترحة لرفع قيمة السلة.
0.06431287343834872,0.09125475285171103,0.05736013036393264,0.8918918918918919,9.77364864864865,1.0,0.05149127499313276,8.405893536121672,0.9593848622061788,0.5840707964601769,0.8810358475630442,0.7602316602316602,50,46,528,عداد خطوات ذكي,الرياضه واللياقه,,Strong,حصيره يوغا مضاده للانزلاق,الرياضه واللياقه,,Strong,Substitute,fpgrowth,85.87,ارتباط قوي مُثبَت بالبيانات — يظهر المنتجان معاً بشكل متكرر.,اعرض كلاهما في صفحة المنتج كبدائل مقترحة لرفع قيمة السلة.
0.07017925040738729,0.08995111352525802,0.060727865290602936,0.8653250773993808,9.619948475194807,1.0,0.05441516357009053,6.75737449037567,0.9636796551182877,0.610928961748634,0.8520135296002507,0.7702229251731203,39,32,559,قناع وجه كولاجين,الجمال والعنايه,,Strong,سيروم فيتامين سي,الجمال والعنايه,,Strong,Substitute,fpgrowth,85.02,ارتباط قوي مُثبَت بالبيانات — يظهر المنتجان معاً بشكل متكرر.,اعرض كلاهما في صفحة المنتج كبدائل مقترحة لرفع قيمة السلة.
0.06648560564910375,0.08723519826181424,0.05659967409016839,0.8513071895424837,9.758758007146405,1.0,0.050799789099812025,6.1385940512502195,0.9614505669369323,0.5827740492170024,0.837096248481143,0.7500620630153265,6,2,521,شاشه 4K 27 انش,الالكترونيات,,Strong,لابتوب الترا سليم,الالكترونيات,,Strong,Substitute,fpgrowth,84.57000000000001,ارتباط قوي مُثبَت بالبيانات — يظهر المنتجان معاً بشكل متكرر.,اعرض كلاهما في صفحة المنتج كبدائل مقترحة لرفع قيمة السلة.
0.061596958174904945,0.09668658337859859,0.055621944595328626,0.9029982363315696,9.339436815092245,1.0,0.04966634516288263,9.312340131351533,0.9515390751620746,0.5417989417989417,0.8926156061854598,0.739139567603987,35,34,512,عطر نسايي زهري,الجمال والعنايه,,Strong,طقم مكياج احترافي,الجمال والعنايه,,Strong,Substitute,fpgrowth,83.69,ارتباط قوي مُثبَت بالبيانات — يظهر المنتجان معاً بشكل متكرر.,اعرض كلاهما في صفحة المنتج كبدائل مقترحة لرفع قيمة السلة.
0.0710483432916893,0.08995111352525802,0.06007604562737642,0.845565749235474,9.400281064870216,1.0,0.05368516803416418,5.89279179954932,0.9619663150762482,0.5952637244348761,0.8303011485869092,0.7567200726853698,37,32,553,غسول وجه للبشره الحساسه,الجمال والعنايه,,Strong,سيروم فيتامين سي,الجمال والعنايه,,Strong,Substitute,fpgrowth,83.27,ارتباط قوي مُثبَت بالبيانات — يظهر المنتجان معاً بشكل متكرر.,اعرض كلاهما في صفحة المنتج كبدائل مقترحة لرفع قيمة السلة.
0.06594242259641499,0.09929386203150461,0.05909831613253667,0.8962108731466228,9.025843640388034,1.0,0.052550638321225064,8.678232154712338,0.9519831048260198,0.5568065506653019,0.8847691577993805,0.7456984343851276,54,51,544,قاموس عربي انجليزي شامل,الكتب والتعليم,,Strong,كتاب تعلم البرمجه بالعربيه,الكتب والتعليم,,Strong,Substitute,fpgrowth,82.59,ارتباط قوي مُثبَت بالبيانات — يظهر المنتجان معاً بشكل متكرر.,اعرض كلاهما في صفحة المنتج كبدائل مقترحة لرفع قيمة السلة.
0.06963606735469853,0.09668658337859859,0.06007604562737642,0.8627145085803433,8.922794439867483,1.0,0.05334317219492866,6.579817046071802,0.9543872622095267,0.565439672801636,0.8480200903766758,0.7420314115935425,33,34,553,مجموعه عنايه بالشعر,الجمال والعنايه,,Strong,طقم مكياج احترافي,الجمال والعنايه,,Strong,Substitute,fpgrowth,81.36,ارتباط قوي مُثبَت بالبيانات — يظهر المنتجان معاً بشكل متكرر.,اعرض كلاهما في صفحة المنتج كبدائل مقترحة لرفع قيمة السلة.
0.06931015752308528,0.09668658337859859,0.05953286257468767,0.8589341692789969,8.883695537318165,1.0,0.052831500250348086,6.403488442271714,0.9535230672100293,0.5591836734693878,0.8438351206510122,0.7373322531788242,38,34,548,زيت ارغان طبيعي,الجمال والعنايه,,Strong,طقم مكياج احترافي,الجمال والعنايه,,Strong,Substitute,fpgrowth,80.97,ارتباط قوي مُثبَت بالبيانات — يظهر المنتجان معاً بشكل متكرر.,اعرض كلاهما في صفحة المنتج كبدائل مقترحة لرفع قيمة السلة.
0.06941879413362304,0.09929386203150461,0.059206952743074415,0.8528951486697964,8.58960595569527,1.0,0.05231409257597703,6.122885342147533,0.949492874539196,0.5406746031746031,0.8366783070203204,0.7245876180985744,56,51,545,دوره برمجه اكاديميه USB,الكتب والتعليم,,Strong,كتاب تعلم البرمجه بالعربيه,الكتب والتعليم,,Strong,Substitute,fpgrowth,79.29,ارتباط قوي مُثبَت بالبيانات — يظهر المنتجان معاً بشكل متكرر.,اعرض كلاهما في صفحة المنتج كبدائل مقترحة لرفع قيمة السلة.
0.07017925040738729,0.09929386203150461,0.05855513307984791,0.8343653250773994,8.402989953323262,1.0,0.051586764272422383,5.437908085305121,0.9474887938159682,0.5279138099902058,0.8161057553175083,0.712040430591216,53,51,539,كتاب رياده الاعمال والنجاح,الكتب والتعليم,,Strong,كتاب تعلم البرمجه بالعربيه,الكتب والتعليم,,Strong,Substitute,fpgrowth,77.77,ارتباط قوي مُثبَت بالبيانات — يظهر المنتجان معاً بشكل متكرر.,اعرض كلاهما في صفحة المنتج كبدائل مقترحة لرفع قيمة السلة.
0.06018468223791418,0.0621401412275937,0.03758826724606192,0.6245487364620939,10.050648809674081,1.0,0.033848382592060085,2.4979536623072742,0.9581711626775747,0.44358974358974357,0.5996723177497479,0.6147219206785994,28,26,346,خلاط كهربايي متعدد الوظايف,المنزل والمطبخ,,Strong,طقم اواني طهي غرانيت,المنزل والمطبخ,,Strong,Substitute,fpgrowth,76.1,ارتباط قوي مُثبَت بالبيانات — يظهر المنتجان معاً بشكل متكرر.,اعرض كلاهما في صفحة المنتج كبدائل مقترحة لرفع قيمة السلة.
0.05975013579576317,0.06018468223791418,0.03639326453014666,0.609090909090909,10.120364292746963,1.0,0.03279722159360643,2.4041787198564983,0.9584572803228226,0.43563068920676196,0.5840575445823393,0.6068920249425664,29,28,335,مجموعه سكاكين مطبخ,المنزل والمطبخ,,Strong,خلاط كهربايي متعدد الوظايف,المنزل والمطبخ,,Strong,Substitute,fpgrowth,75.74,ارتباط قوي مُثبَت بالبيانات — يظهر المنتجان معاً بشكل متكرر.,اعرض كلاهما في صفحة المنتج كبدائل مقترحة لرفع قيمة السلة.
0.06181423139598045,0.06648560564910375,0.039652362846279196,0.6414762741652021,9.648348208644911,1.0,0.035542606234183594,2.6037729920865686,0.9554134651379698,0.44730392156862747,0.61594194154436,0.618940751461686,9,6,365,راوتر واي فاي 6,الالكترونيات,,Strong,شاشه 4K 27 انش,الالكترونيات,,Strong,Substitute,fpgrowth,75.14,ارتباط قوي مُثبَت بالبيانات — يظهر المنتجان معاً بشكل متكرر.,اعرض كلاهما في صفحة المنتج كبدائل مقترحة لرفع قيمة السلة.
0.06398696360673548,0.06496469310157522,0.0398696360673547,0.6230899830220713,9.591209521267837,1.0,0.035712742614141466,2.4807918728070817,0.9569715680098367,0.447560975609756,0.596902903882673,0.6184011788020056,10,4,367,شاحن لاسلكي سريع,الالكترونيات,,Strong,ساعه ذكيه سبورت,الالكترونيات,,Strong,Substitute,fpgrowth,74.37,ارتباط قوي مُثبَت بالبيانات — يظهر المنتجان معاً بشكل متكرر.,اعرض كلاهما في صفحة المنتج كبدائل مقترحة لرفع قيمة السلة.
0.06757197175448126,0.07017925040738729,0.04388919065725149,0.6495176848874598,9.25512428697998,1.0,0.03914704033097285,2.6529747992963535,0.956590451075866,0.46759259259259256,0.6230646441627605,0.6374523408957422,31,39,404,كريم مرطب SPF 50,الجمال والعنايه,,Strong,قناع وجه كولاجين,الجمال والعنايه,,Strong,Substitute,fpgrowth,74.28,ارتباط قوي مُثبَت بالبيانات — يظهر المنتجان معاً بشكل متكرر.,اعرض كلاهما في صفحة المنتج كبدائل مقترحة لرفع قيمة السلة.
0.05975013579576317,0.0621401412275937,0.03595871808799565,0.6018181818181818,9.684853782581056,1.0,0.03224583621127903,2.3553558097023903,0.9537315803344381,0.41845764854614415,0.5754356960079189,0.5902447552447552,29,26,331,مجموعه سكاكين مطبخ,المنزل والمطبخ,,Strong,طقم اواني طهي غرانيت,المنزل والمطبخ,,Strong,Substitute,fpgrowth,73.50999999999999,ارتباط قوي مُثبَت بالبيانات — يظهر المنتجان معاً بشكل متكرر.,اعرض كلاهما في صفحة المنتج كبدائل مقترحة لرفع قيمة السلة.
0.06594242259641499,0.06941879413362304,0.042151004888647474,0.6392092257001648,9.208013963333359,1.0,0.03757336142975457,2.579282155072561,0.9543297650136809,0.45221445221445217,0.6122952279442,0.6232039868719916,54,56,388,قاموس عربي انجليزي شامل,الكتب والتعليم,,Strong,دوره برمجه اكاديميه USB,الكتب والتعليم,,Strong,Substitute,fpgrowth,73.48,ارتباط قوي مُثبَت بالبيانات — يظهر المنتجان معاً بشكل متكرر.,اعرض كلاهما في صفحة المنتج كبدائل مقترحة لرفع قيمة السلة.
0.061596958174904945,0.06963606735469853,0.039652362846279196,0.6437389770723104,9.244332736272414,1.0,0.03536299291796697,2.611467078266762,0.9503652227970073,0.43297746144721233,0.6170734801436966,0.6065808769916934,35,33,365,عطر نسايي زهري,الجمال والعنايه,,Strong,مجموعه عنايه بالشعر,الجمال والعنايه,,Strong,Substitute,fpgrowth,73.37,ارتباط قوي مُثبَت بالبيانات — يظهر المنتجان معاً بشكل متكرر.,اعرض كلاهما في صفحة المنتج كبدائل مقترحة لرفع قيمة السلة.
0.06757197175448126,0.0710483432916893,0.04345464421510049,0.6430868167202571,9.05139777967885,1.0,0.03865376756899177,2.602738425552113,0.9539822905743913,0.45662100456620996,0.6157892817109072,0.6273538059136454,31,37,400,كريم مرطب SPF 50,الجمال والعنايه,,Strong,غسول وجه للبشره الحساسه,الجمال والعنايه,,Strong,Substitute,fpgrowth,73.09,ارتباط قوي مُثبَت بالبيانات — يظهر المنتجان معاً بشكل متكرر.,اعرض كلاهما في صفحة المنتج كبدائل مقترحة لرفع قيمة السلة.
0.061596958174904945,0.06931015752308528,0.038891906572514935,0.6313932980599647,9.10967916715043,1.0,0.03462261169846938,2.524885840595266,0.948661300399301,0.4226682408500589,0.6039424896278713,0.5962609123528664,35,38,358,عطر نسايي زهري,الجمال والعنايه,,Strong,زيت ارغان طبيعي,الجمال والعنايه,,Strong,Substitute,fpgrowth,72.28,ارتباط قوي مُثبَت بالبيانات — يظهر المنتجان معاً بشكل متكرر.,اعرض كلاهما في صفحة المنتج كبدائل مقترحة لرفع قيمة السلة.
0.06594242259641499,0.07017925040738729,0.04106463878326996,0.6227347611202636,8.873488353114592,1.0,0.036436848995406404,2.4646340393131703,0.9499465238009086,0.432,0.5942602495749535,0.6039370400028563,54,53,378,قاموس عربي انجليزي شامل,الكتب والتعليم,,Strong,كتاب رياده الاعمال والنجاح,الكتب والتعليم,,Strong,Substitute,fpgrowth,71.3,ارتباط قوي مُثبَت بالبيانات — يظهر المنتجان معاً بشكل متكرر.,اعرض كلاهما في صفحة المنتج كبدائل مقترحة لرفع قيمة السلة.
0.06931015752308528,0.06963606735469853,0.04225964149918523,0.609717868338558,8.755776876843099,1.0,0.037433154701542896,2.3838240523200898,0.9517560508233452,0.4370786516853934,0.5805059525988354,0.6082910714547705,38,33,389,زيت ارغان طبيعي,الجمال والعنايه,,Strong,مجموعه عنايه بالشعر,الجمال والعنايه,,Strong,Substitute,fpgrowth,70.56,ارتباط قوي مُثبَت بالبيانات — يظهر المنتجان معاً بشكل متكرر.,اعرض كلاهما في صفحة المنتج كبدائل مقترحة لرفع قيمة السلة.
0.07017925040738729,0.0710483432916893,0.04312873438348724,0.6145510835913313,8.64975951752019,1.0,0.03814261490858976,2.410051286078589,0.9511401523813223,0.4396456256921374,0.585071070571653,0.610792361367531,39,37,397,قناع وجه كولاجين,الجمال والعنايه,,Strong,غسول وجه للبشره الحساسه,الجمال والعنايه,,Strong,Substitute,fpgrowth,70.35,ارتباط قوي مُثبَت بالبيانات — يظهر المنتجان معاً بشكل متكرر.,اعرض كلاهما في صفحة المنتج كبدائل مقترحة لرفع قيمة السلة.
0.06941879413362304,0.07017925040738729,0.0403041825095057,0.5805946791862284,8.273024801717078,1.0,0.0354324235730233,2.216997981304774,0.9447055462170065,0.4059080962800875,0.5489395983069556,0.5774490423794919,56,53,371,دوره برمجه اكاديميه USB,الكتب والتعليم,,Strong,كتاب رياده الاعمال والنجاح,الكتب والتعليم,,Strong,Substitute,fpgrowth,67.22,ارتباط قوي مُثبَت بالبيانات — يظهر المنتجان معاً بشكل متكرر.,اعرض كلاهما في صفحة المنتج كبدائل مقترحة لرفع قيمة السلة.
0.12080391091797936,0.12199891363389462,0.07930472569255839,0.6564748201438849,5.380989064491951,1.0,0.06456677979783913,2.5558565655474066,0.9260284128512888,0.48504983388704326,0.6087417371225514,0.6532596718706958,42,48,730,لباس رياضي ضاغط,الرياضه واللياقه,,Strong,حقيبه رياضيه جيم,الرياضه واللياقه,,Strong,Substitute,fpgrowth,60.0,ارتباط قوي مُثبَت بالبيانات — يظهر المنتجان معاً بشكل متكرر.,اعرض كلاهما في صفحة المنتج كبدائل مقترحة لرفع قيمة السلة.
0.08723519826181424,0.11993481803367735,0.0579033134166214,0.663760896637609,5.534346968794557,1.0,0.04744077578695895,2.6173790411813225,0.8976137192386519,0.3879184861717613,0.6179384092765325,0.5732753758550364,2,3,533,لابتوب الترا سليم,الالكترونيات,,Strong,سماعات لاسلكيه,الالكترونيات,,Strong,Substitute,fpgrowth,58.87,ارتباط قوي مُثبَت بالبيانات — يظهر المنتجان معاً بشكل متكرر.,اعرض كلاهما في صفحة المنتج كبدائل مقترحة لرفع قيمة السلة.
0.08777838131450298,0.11993481803367735,0.057251493753394896,0.6522277227722773,5.4381849530061706,1.0,0.04672380956314924,2.5305788862234477,0.8946456661240948,0.3805054151624549,0.6048335005701533,0.5647913976180227,1,3,527,هاتف ذكي برو ماكس,الالكترونيات,,Strong,سماعات لاسلكيه,الالكترونيات,,Strong,Substitute,fpgrowth,57.99999999999999,ارتباط قوي مُثبَت بالبيانات — يظهر المنتجان معاً بشكل متكرر.,اعرض كلاهما في صفحة المنتج كبدائل مقترحة لرفع قيمة السلة.
0.09125475285171103,0.12199891363389462,0.05964149918522542,0.6535714285714286,5.357190560997329,1.0,0.04850851847338713,2.534436125592882,0.8950088026156343,0.38826025459688823,0.6054349170997279,0.5712202645973795,46,48,549,حصيره يوغا مضاده للانزلاق,الرياضه واللياقه,,Strong,حقيبه رياضيه جيم,الرياضه واللياقه,,Strong,Substitute,fpgrowth,57.89,ارتباط قوي مُثبَت بالبيانات — يظهر المنتجان معاً بشكل متكرر.,اعرض كلاهما في صفحة المنتج كبدائل مقترحة لرفع قيمة السلة.
0.09125475285171103,0.12080391091797936,0.05822922324823465,0.638095238095238,5.282074340527577,1.0,0.04720529221389433,2.4293576145687408,0.8920876787610066,0.37853107344632764,0.5883685489517689,0.5600548132922233,46,42,536,حصيره يوغا مضاده للانزلاق,الرياضه واللياقه,,Strong,لباس رياضي ضاغط,الرياضه واللياقه,,Strong,Substitute,fpgrowth,56.940000000000005,ارتباط قوي مُثبَت بالبيانات — يظهر المنتجان معاً بشكل متكرر.,اعرض كلاهما في صفحة المنتج كبدائل مقترحة لرفع قيمة السلة.
0.0850624660510592,0.12080391091797936,0.05464421510048886,0.6424010217113666,5.31771709069526,1.0,0.044368336529193066,2.458609063397222,0.8874369550920551,0.3613505747126437,0.5932659588351822,0.5473695756038848,47,42,503,اوزان حديد طقم 20 كيلو,الرياضه واللياقه,,Strong,لباس رياضي ضاغط,الرياضه واللياقه,,Strong,Substitute,fpgrowth,56.86,ارتباط قوي مُثبَت بالبيانات — يظهر المنتجان معاً بشكل متكرر.,اعرض كلاهما في صفحة المنتج كبدائل مقترحة لرفع قيمة السلة.
0.0850624660510592,0.12199891363389462,0.054535578489951116,0.641123882503193,5.255160586324035,1.0,0.04415805004070185,2.446529717525483,0.8849903165774328,0.35754985754985763,0.5912577751103553,0.5440704007351228,47,48,502,اوزان حديد طقم 20 كيلو,الرياضه واللياقه,,Strong,حقيبه رياضيه جيم,الرياضه واللياقه,,Strong,Substitute,fpgrowth,56.510000000000005,ارتباط قوي مُثبَت بالبيانات — يظهر المنتجان معاً بشكل متكرر.,اعرض كلاهما في صفحة المنتج كبدائل مقترحة لرفع قيمة السلة.
0.06431287343834872,0.12199891363389462,0.04139054861488321,0.643581081081081,5.275301737623643,1.0,0.03354444792273051,2.46339641293239,0.8661414275496997,0.28560719640179916,0.5940564032852451,0.4914254470409858,50,48,381,عداد خطوات ذكي,الرياضه واللياقه,,Strong,حقيبه رياضيه جيم,الرياضه واللياقه,,Strong,Substitute,fpgrowth,55.22,ارتباط قوي مُثبَت بالبيانات — يظهر المنتجان معاً بشكل متكرر.,اعرض كلاهما في صفحة المنتج كبدائل مقترحة لرفع قيمة السلة.
0.06398696360673548,0.11993481803367735,0.03997827267789245,0.6247877758913413,5.2093944538766275,1.0,0.0323040078411911,2.345513086779023,0.8632776230269267,0.27773584905660376,0.573654052225626,0.4790605546123373,10,3,368,شاحن لاسلكي سريع,الالكترونيات,,Strong,سماعات لاسلكيه,الالكترونيات,,Strong,Substitute,fpgrowth,54.25,ارتباط قوي مُثبَت بالبيانات — يظهر المنتجان معاً بشكل متكرر.,اعرض كلاهما في صفحة المنتج كبدائل مقترحة لرفع قيمة السلة.
0.06496469310157522,0.11993481803367735,0.04041281912004346,0.6220735785953179,5.186763850516215,1.0,0.03262129047429234,2.328668047857793,0.86328457332179,0.2796992481203008,0.570569965556092,0.4795150501672242,4,3,372,ساعه ذكيه سبورت,الالكترونيات,,Strong,سماعات لاسلكيه,الالكترونيات,,Strong,Substitute,fpgrowth,54.120000000000005,ارتباط قوي مُثبَت بالبيانات — يظهر المنتجان معاً بشكل متكرر.,اعرض كلاهما في صفحة المنتج كبدائل مقترحة لرفع قيمة السلة.
0.06137968495382944,0.12199891363389462,0.03867463335143943,0.6300884955752212,5.164705789643732,1.0,0.031186378467881533,2.3735436066834903,0.8591100317311693,0.26726726726726724,0.5786890128396327,0.4735482549113862,41,48,356,حذاء جري احترافي,الرياضه واللياقه,,Strong,حقيبه رياضيه جيم,الرياضه واللياقه,,Strong,Substitute,fpgrowth,54.03,ارتباط قوي مُثبَت بالبيانات — يظهر المنتجان معاً بشكل متكرر.,اعرض كلاهما في صفحة المنتج كبدائل مقترحة لرفع قيمة السلة.
0.06181423139598045,0.11993481803367735,0.03824008690928843,0.6186291739894552,5.158044879142151,1.0,0.03082640831491989,2.307636352713537,0.8592414417449156,0.26646479939439816,0.566656159310324,0.46873487684980003,9,3,352,راوتر واي فاي 6,الالكترونيات,,Strong,سماعات لاسلكيه,الالكترونيات,,Strong,Substitute,fpgrowth,53.64,ارتباط قوي مُثبَت بالبيانات — يظهر المنتجان معاً بشكل متكرر.,اعرض كلاهما في صفحة المنتج كبدائل مقترحة لرفع قيمة السلة.
0.06431287343834872,0.12080391091797936,0.03932645301466594,0.6114864864864864,5.061810349018082,1.0,0.03155720638094038,2.262974281463287,0.8575967331920846,0.2697466467958271,0.5581036831963557,0.46851302741590506,50,42,362,عداد خطوات ذكي,الرياضه واللياقه,,Strong,لباس رياضي ضاغط,الرياضه واللياقه,,Strong,Substitute,fpgrowth,53.12,ارتباط قوي مُثبَت بالبيانات — يظهر المنتجان معاً بشكل متكرر.,اعرض كلاهما في صفحة المنتج كبدائل مقترحة لرفع قيمة السلة.
0.06137968495382944,0.12080391091797936,0.03715372080391092,0.6053097345132743,5.0106799516139295,1.0,0.029738814810574866,2.227559597898393,0.8527689787740956,0.25617977528089886,0.5510782288637947,0.4564318456739033,41,42,342,حذاء جري احترافي,الرياضه واللياقه,,Strong,لباس رياضي ضاغط,الرياضه واللياقه,,Strong,Substitute,fpgrowth,52.470000000000006,ارتباط قوي مُثبَت بالبيانات — يظهر المنتجان معاً بشكل متكرر.,اعرض كلاهما في صفحة المنتج كبدائل مقترحة لرفع قيمة السلة.
,,0.001955,0.1698,1.4057,,,,,,,,76,42,18,حقيبه رياضيه جيم - اصدار خاص,الرياضه واللياقه,,Moderate,لباس رياضي ضاغط,الرياضه واللياقه,,Strong,Substitute,category_fallback,1.8,شركاء مقترحون بناءً على الشراء المتكرر داخل نفس القسم.,منتجات من نفس القسم يميل العملاء لضمّها — فرصة بيع تكميلي داخلي.
,,0.001847,0.1049,1.0568,,,,,,,,150,51,17,اطلس العالم المصور - اصدار خاص,الكتب والتعليم,,Moderate,كتاب تعلم البرمجه بالعربيه,الكتب والتعليم,,Strong,Substitute,category_fallback,1.7,شركاء مقترحون بناءً على الشراء المتكرر داخل نفس القسم.,منتجات من نفس القسم يميل العملاء لضمّها — فرصة بيع تكميلي داخلي.
,,0.001847,0.1097,1.1046,,,,,,,,74,51,17,كتاب الطبخ العربي التقليدي - اصدار خاص,الكتب والتعليم,,Moderate,كتاب تعلم البرمجه بالعربيه,الكتب والتعليم,,Strong,Substitute,category_fallback,1.7,شركاء مقترحون بناءً على الشراء المتكرر داخل نفس القسم.,منتجات من نفس القسم يميل العملاء لضمّها — فرصة بيع تكميلي داخلي.
,,0.001521,0.0864,5.1993,,,,,,,,150,77,14,اطلس العالم المصور - اصدار خاص,الكتب والتعليم,,Moderate,دوره برمجه اكاديميه USB - اصدار خاص,الكتب والتعليم,,Moderate,Substitute,category_fallback,1.4,شركاء مقترحون بناءً على الشراء المتكرر داخل نفس القسم.,منتجات من نفس القسم يميل العملاء لضمّها — فرصة بيع تكميلي داخلي.
,,0.001521,0.0897,5.6972,,,,,,,,175,193,14,مجموعه كتب الطفل التعليميه - اصدار خاص,الكتب والتعليم,,Moderate,مجموعه كتب الطفل التعليميه - اصدار خاص,الكتب والتعليم,,Moderate,Substitute,category_fallback,1.4,شركاء مقترحون بناءً على الشراء المتكرر داخل نفس القسم.,منتجات من نفس القسم يميل العملاء لضمّها — فرصة بيع تكميلي داخلي.
,,0.001521,0.0966,5.6972,,,,,,,,193,175,14,مجموعه كتب الطفل التعليميه - اصدار خاص,الكتب والتعليم,,Moderate,مجموعه كتب الطفل التعليميه - اصدار خاص,الكتب والتعليم,,Moderate,Substitute,category_fallback,1.4,شركاء مقترحون بناءً على الشراء المتكرر داخل نفس القسم.,منتجات من نفس القسم يميل العملاء لضمّها — فرصة بيع تكميلي داخلي.
,,0.001521,0.0915,5.1993,,,,,,,,77,150,14,دوره برمجه اكاديميه USB - اصدار خاص,الكتب والتعليم,,Moderate,اطلس العالم المصور - اصدار خاص,الكتب والتعليم,,Moderate,Substitute,category_fallback,1.4,شركاء مقترحون بناءً على الشراء المتكرر داخل نفس القسم.,منتجات من نفس القسم يميل العملاء لضمّها — فرصة بيع تكميلي داخلي.
,,0.001412,0.0802,0.83,,,,,,,,87,34,13,طقم مكياج احترافي - اصدار خاص,الجمال والعنايه,,Moderate,طقم مكياج احترافي,الجمال والعنايه,,Strong,Substitute,category_fallback,1.3,شركاء مقترحون بناءً على الشراء المتكرر داخل نفس القسم.,منتجات من نفس القسم يميل العملاء لضمّها — فرصة بيع تكميلي داخلي.
,,0.001412,0.0878,1.2999,,,,,,,,64,31,13,عطر رجالي عودي - اصدار خاص,الجمال والعنايه,,Moderate,كريم مرطب SPF 50,الجمال والعنايه,,Strong,Substitute,category_fallback,1.3,شركاء مقترحون بناءً على الشراء المتكرر داخل نفس القسم.,منتجات من نفس القسم يميل العملاء لضمّها — فرصة بيع تكميلي داخلي.
,,0.001412,0.0872,0.7275,,,,,,,,112,3,13,شاشه 4K 27 انش - اصدار خاص,الالكترونيات,,Moderate,سماعات لاسلكيه,الالكترونيات,,Strong,Substitute,category_fallback,1.3,شركاء مقترحون بناءً على الشراء المتكرر داخل نفس القسم.,منتجات من نفس القسم يميل العملاء لضمّها — فرصة بيع تكميلي داخلي.
,,0.001304,0.0811,1.1412,,,,,,,,64,37,12,عطر رجالي عودي - اصدار خاص,الجمال والعنايه,,Moderate,غسول وجه للبشره الحساسه,الجمال والعنايه,,Strong,Substitute,category_fallback,1.2,شركاء مقترحون بناءً على الشراء المتكرر داخل نفس القسم.,منتجات من نفس القسم يميل العملاء لضمّها — فرصة بيع تكميلي داخلي.
,,0.001304,0.0851,4.7193,,,,,,,,158,164,12,فستان سهره انيق - اصدار خاص,الازياء والملابس,,Moderate,حقيبه يد جلديه - اصدار خاص,الازياء والملابس,,Moderate,Substitute,category_fallback,1.2,شركاء مقترحون بناءً على الشراء المتكرر داخل نفس القسم.,منتجات من نفس القسم يميل العملاء لضمّها — فرصة بيع تكميلي داخلي.
,,0.001304,0.0723,4.7193,,,,,,,,164,158,12,حقيبه يد جلديه - اصدار خاص,الازياء والملابس,,Moderate,فستان سهره انيق - اصدار خاص,الازياء والملابس,,Moderate,Substitute,category_fallback,1.2,شركاء مقترحون بناءً على الشراء المتكرر داخل نفس القسم.,منتجات من نفس القسم يميل العملاء لضمّها — فرصة بيع تكميلي داخلي.
,,0.001304,0.0833,1.1874,,,,,,,,172,53,12,كتاب رياده الاعمال والنجاح - اصدار خاص,الكتب والتعليم,,Moderate,كتاب رياده الاعمال والنجاح,الكتب والتعليم,,Strong,Substitute,category_fallback,1.2,شركاء مقترحون بناءً على الشراء المتكرر داخل نفس القسم.,منتجات من نفس القسم يميل العملاء لضمّها — فرصة بيع تكميلي داخلي.
,,0.001304,0.1348,1.3945,,,,,,,,36,34,12,عطر رجالي عودي,الجمال والعنايه,,Moderate,طقم مكياج احترافي,الجمال والعنايه,,Strong,Substitute,category_fallback,1.2,شركاء مقترحون بناءً على الشراء المتكرر داخل نفس القسم.,منتجات من نفس القسم يميل العملاء لضمّها — فرصة بيع تكميلي داخلي.
,,0.001304,0.0741,1.0687,,,,,,,,87,38,12,طقم مكياج احترافي - اصدار خاص,الجمال والعنايه,,Moderate,زيت ارغان طبيعي,الجمال والعنايه,,Strong,Substitute,category_fallback,1.2,شركاء مقترحون بناءً على الشراء المتكرر داخل نفس القسم.,منتجات من نفس القسم يميل العملاء لضمّها — فرصة بيع تكميلي داخلي.
,,0.001304,0.0784,0.7899,,,,,,,,77,51,12,دوره برمجه اكاديميه USB - اصدار خاص,الكتب والتعليم,,Moderate,كتاب تعلم البرمجه بالعربيه,الكتب والتعليم,,Strong,Substitute,category_fallback,1.2,شركاء مقترحون بناءً على الشراء المتكرر داخل نفس القسم.,منتجات من نفس القسم يميل العملاء لضمّها — فرصة بيع تكميلي داخلي.
,,0.001195,0.0738,0.8463,,,,,,,,112,2,11,شاشه 4K 27 انش - اصدار خاص,الالكترونيات,,Moderate,لابتوب الترا سليم,الالكترونيات,,Strong,Substitute,category_fallback,1.1,شركاء مقترحون بناءً على الشراء المتكرر داخل نفس القسم.,منتجات من نفس القسم يميل العملاء لضمّها — فرصة بيع تكميلي داخلي.
,,0.001195,0.0748,4.3321,,,,,,,,124,141,11,كاميرا ميرورليس - اصدار خاص,الالكترونيات,,Moderate,ساعه ذكيه سبورت - اصدار خاص,الالكترونيات,,Moderate,Substitute,category_fallback,1.1,شركاء مقترحون بناءً على الشراء المتكرر داخل نفس القسم.,منتجات من نفس القسم يميل العملاء لضمّها — فرصة بيع تكميلي داخلي.
,,0.001195,0.1375,1.5068,,,,,,,,138,46,11,جهاز مشي كهربايي - اصدار خاص,الرياضه واللياقه,,Strong,حصيره يوغا مضاده للانزلاق,الرياضه واللياقه,,Strong,Substitute,category_fallback,1.1,شركاء مقترحون بناءً على الشراء المتكرر داخل نفس القسم.,منتجات من نفس القسم يميل العملاء لضمّها — فرصة بيع تكميلي داخلي.
,,0.001195,0.0675,4.2548,,,,,,,,21,176,11,مكيف هواء انفيرتر 18000,المنزل والمطبخ,,Moderate,فرن كهربايي 60 لتر - اصدار خاص,المنزل والمطبخ,,Moderate,Substitute,category_fallback,1.1,شركاء مقترحون بناءً على الشراء المتكرر داخل نفس القسم.,منتجات من نفس القسم يميل العملاء لضمّها — فرصة بيع تكميلي داخلي.
,,0.001195,0.1447,1.1864,,,,,,,,159,48,11,حصيره يوغا مضاده للانزلاق - اصدار خاص,الرياضه واللياقه,,Moderate,حقيبه رياضيه جيم,الرياضه واللياقه,,Strong,Substitute,category_fallback,1.1,شركاء مقترحون بناءً على الشراء المتكرر داخل نفس القسم.,منتجات من نفس القسم يميل العملاء لضمّها — فرصة بيع تكميلي داخلي.
,,0.001195,0.1447,1.1981,,,,,,,,159,42,11,حصيره يوغا مضاده للانزلاق - اصدار خاص,الرياضه واللياقه,,Moderate,لباس رياضي ضاغط,الرياضه واللياقه,,Strong,Substitute,category_fallback,1.1,شركاء مقترحون بناءً على الشراء المتكرر داخل نفس القسم.,منتجات من نفس القسم يميل العملاء لضمّها — فرصة بيع تكميلي داخلي.
,,0.001195,0.0663,5.7544,,,,,,,,164,17,11,حقيبه يد جلديه - اصدار خاص,الازياء والملابس,,Moderate,شال كشمير ناعم,الازياء والملابس,,Moderate,Substitute,category_fallback,1.1,شركاء مقترحون بناءً على الشراء المتكرر داخل نفس القسم.,منتجات من نفس القسم يميل العملاء لضمّها — فرصة بيع تكميلي داخلي.
,,0.001195,0.1038,5.7544,,,,,,,,17,164,11,شال كشمير ناعم,الازياء والملابس,,Moderate,حقيبه يد جلديه - اصدار خاص,الازياء والملابس,,Moderate,Substitute,category_fallback,1.1,شركاء مقترحون بناءً على الشراء المتكرر داخل نفس القسم.,منتجات من نفس القسم يميل العملاء لضمّها — فرصة بيع تكميلي داخلي.
,,0.001195,0.0753,4.2548,,,,,,,,176,21,11,فرن كهربايي 60 لتر - اصدار خاص,المنزل والمطبخ,,Moderate,مكيف هواء انفيرتر 18000,المنزل والمطبخ,,Moderate,Substitute,category_fallback,1.1,شركاء مقترحون بناءً على الشراء المتكرر داخل نفس القسم.,منتجات من نفس القسم يميل العملاء لضمّها — فرصة بيع تكميلي داخلي.
,,0.001195,0.0764,0.7693,,,,,,,,172,51,11,كتاب رياده الاعمال والنجاح - اصدار خاص,الكتب والتعليم,,Moderate,كتاب تعلم البرمجه بالعربيه,الكتب والتعليم,,Strong,Substitute,category_fallback,1.1,شركاء مقترحون بناءً على الشراء المتكرر داخل نفس القسم.,منتجات من نفس القسم يميل العملاء لضمّها — فرصة بيع تكميلي داخلي.
,,0.001195,0.0692,4.3321,,,,,,,,141,124,11,ساعه ذكيه سبورت - اصدار خاص,الالكترونيات,,Moderate,كاميرا ميرورليس - اصدار خاص,الالكترونيات,,Moderate,Substitute,category_fallback,1.1,شركاء مقترحون بناءً على الشراء المتكرر داخل نفس القسم.,منتجات من نفس القسم يميل العملاء لضمّها — فرصة بيع تكميلي داخلي.
,,0.001086,0.1282,8.8069,,,,,,,,24,178,10,مكنسه كهرباييه لاسلكيه,المنزل والمطبخ,,Moderate,مكيف هواء انفيرتر 18000 - اصدار خاص,المنزل والمطبخ,,Moderate,Substitute,category_fallback,1.0,شركاء مقترحون بناءً على الشراء المتكرر داخل نفس القسم.,منتجات من نفس القسم يميل العملاء لضمّها — فرصة بيع تكميلي داخلي.
,,0.001086,0.0943,0.7733,,,,,,,,76,48,10,حقيبه رياضيه جيم - اصدار خاص,الرياضه واللياقه,,Moderate,حقيبه رياضيه جيم,الرياضه واللياقه,,Strong,Substitute,category_fallback,1.0,شركاء مقترحون بناءً على الشراء المتكرر داخل نفس القسم.,منتجات من نفس القسم يميل العملاء لضمّها — فرصة بيع تكميلي داخلي.
,,0.001086,0.0671,1.0095,,,,,,,,112,6,10,شاشه 4K 27 انش - اصدار خاص,الالكترونيات,,Moderate,شاشه 4K 27 انش,الالكترونيات,,Strong,Substitute,category_fallback,1.0,شركاء مقترحون بناءً على الشراء المتكرر داخل نفس القسم.,منتجات من نفس القسم يميل العملاء لضمّها — فرصة بيع تكميلي داخلي.
,,0.001086,0.0752,4.5236,,,,,,,,119,91,10,ماكينه قهوه اسبريسو - اصدار خاص,المنزل والمطبخ,,Moderate,فرن كهربايي 60 لتر - اصدار خاص,المنزل والمطبخ,,Moderate,Substitute,category_fallback,1.0,شركاء مقترحون بناءً على الشراء المتكرر داخل نفس القسم.,منتجات من نفس القسم يميل العملاء لضمّها — فرصة بيع تكميلي داخلي.
,,0.001086,0.1408,1.1743,,,,,,,,107,3,10,كاميرا ميرورليس - اصدار خاص,الالكترونيات,,Moderate,سماعات لاسلكيه,الالكترونيات,,Strong,Substitute,category_fallback,1.0,شركاء مقترحون بناءً على الشراء المتكرر داخل نفس القسم.,منتجات من نفس القسم يميل العملاء لضمّها — فرصة بيع تكميلي داخلي.
,,0.001086,0.0943,1.1091,,,,,,,,76,47,10,حقيبه رياضيه جيم - اصدار خاص,الرياضه واللياقه,,Moderate,اوزان حديد طقم 20 كيلو,الرياضه واللياقه,,Strong,Substitute,category_fallback,1.0,شركاء مقترحون بناءً على الشراء المتكرر داخل نفس القسم.,منتجات من نفس القسم يميل العملاء لضمّها — فرصة بيع تكميلي داخلي.
,,0.001086,0.068,0.7798,,,,,,,,124,2,10,كاميرا ميرورليس - اصدار خاص,الالكترونيات,,Moderate,لابتوب الترا سليم,الالكترونيات,,Strong,Substitute,category_fallback,1.0,شركاء مقترحون بناءً على الشراء المتكرر داخل نفس القسم.,منتجات من نفس القسم يميل العملاء لضمّها — فرصة بيع تكميلي داخلي.
,,0.001086,0.0617,3.7881,,,,,,,,87,183,10,طقم مكياج احترافي - اصدار خاص,الجمال والعنايه,,Moderate,كريم مرطب SPF 50 - اصدار خاص,الجمال والعنايه,,Moderate,Substitute,category_fallback,1.0,شركاء مقترحون بناءً على الشراء المتكرر داخل نفس القسم.,منتجات من نفس القسم يميل العملاء لضمّها — فرصة بيع تكميلي داخلي.
,,0.001086,0.0617,0.8892,,,,,,,,150,56,10,اطلس العالم المصور - اصدار خاص,الكتب والتعليم,,Moderate,دوره برمجه اكاديميه USB,الكتب والتعليم,,Strong,Substitute,category_fallback,1.0,شركاء مقترحون بناءً على الشراء المتكرر داخل نفس القسم.,منتجات من نفس القسم يميل العملاء لضمّها — فرصة بيع تكميلي داخلي.
,,0.001086,0.137,1.1228,,,,,,,,157,48,10,جهاز قياس ضغط الدم - اصدار خاص,الرياضه واللياقه,,Moderate,حقيبه رياضيه جيم,الرياضه واللياقه,,Strong,Substitute,category_fallback,1.0,شركاء مقترحون بناءً على الشراء المتكرر داخل نفس القسم.,منتجات من نفس القسم يميل العملاء لضمّها — فرصة بيع تكميلي داخلي.
,,0.001086,0.0709,4.7307,,,,,,,,158,180,10,فستان سهره انيق - اصدار خاص,الازياء والملابس,,Moderate,شال كشمير ناعم - اصدار خاص,الازياء والملابس,,Moderate,Substitute,category_fallback,1.0,شركاء مقترحون بناءً على الشراء المتكرر داخل نفس القسم.,منتجات من نفس القسم يميل العملاء لضمّها — فرصة بيع تكميلي داخلي.
,,0.001086,0.0709,3.9092,,,,,,,,158,18,10,فستان سهره انيق - اصدار خاص,الازياء والملابس,,Moderate,جاكيت شتوي دافي,الازياء والملابس,,Moderate,Substitute,category_fallback,1.0,شركاء مقترحون بناءً على الشراء المتكرر داخل نفس القسم.,منتجات من نفس القسم يميل العملاء لضمّها — فرصة بيع تكميلي داخلي.
,,0.001086,0.0667,3.7881,,,,,,,,183,87,10,كريم مرطب SPF 50 - اصدار خاص,الجمال والعنايه,,Moderate,طقم مكياج احترافي - اصدار خاص,الجمال والعنايه,,Moderate,Substitute,category_fallback,1.0,شركاء مقترحون بناءً على الشراء المتكرر داخل نفس القسم.,منتجات من نفس القسم يميل العملاء لضمّها — فرصة بيع تكميلي داخلي.
,,0.001086,0.0862,0.9584,,,,,,,,143,32,10,عطر رجالي عودي - اصدار خاص,الجمال والعنايه,,Moderate,سيروم فيتامين سي,الجمال والعنايه,,Strong,Substitute,category_fallback,1.0,شركاء مقترحون بناءً على الشراء المتكرر داخل نفس القسم.,منتجات من نفس القسم يميل العملاء لضمّها — فرصة بيع تكميلي داخلي.
,,0.001086,0.0599,3.9092,,,,,,,,18,158,10,جاكيت شتوي دافي,الازياء والملابس,,Moderate,فستان سهره انيق - اصدار خاص,الازياء والملابس,,Moderate,Substitute,category_fallback,1.0,شركاء مقترحون بناءً على الشراء المتكرر داخل نفس القسم.,منتجات من نفس القسم يميل العملاء لضمّها — فرصة بيع تكميلي داخلي.
,,0.001086,0.0676,3.8157,,,,,,,,168,21,10,مجموعه سكاكين مطبخ - اصدار خاص,المنزل والمطبخ,,Moderate,مكيف هواء انفيرتر 18000,المنزل والمطبخ,,Moderate,Substitute,category_fallback,1.0,شركاء مقترحون بناءً على الشراء المتكرر داخل نفس القسم.,منتجات من نفس القسم يميل العملاء لضمّها — فرصة بيع تكميلي داخلي.
,,0.001086,0.0629,3.8854,,,,,,,,141,112,10,ساعه ذكيه سبورت - اصدار خاص,الالكترونيات,,Moderate,شاشه 4K 27 انش - اصدار خاص,الالكترونيات,,Moderate,Substitute,category_fallback,1.0,شركاء مقترحون بناءً على الشراء المتكرر داخل نفس القسم.,منتجات من نفس القسم يميل العملاء لضمّها — فرصة بيع تكميلي داخلي.
,,0.001086,0.0613,3.8157,,,,,,,,21,168,10,مكيف هواء انفيرتر 18000,المنزل والمطبخ,,Moderate,مجموعه سكاكين مطبخ - اصدار خاص,المنزل والمطبخ,,Moderate,Substitute,category_fallback,1.0,شركاء مقترحون بناءً على الشراء المتكرر داخل نفس القسم.,منتجات من نفس القسم يميل العملاء لضمّها — فرصة بيع تكميلي داخلي.
,,0.001086,0.1099,1.1067,,,,,,,,57,51,10,مجموعه كتب الطفل التعليميه,الكتب والتعليم,,Moderate,كتاب تعلم البرمجه بالعربيه,الكتب والتعليم,,Strong,Substitute,category_fallback,1.0,شركاء مقترحون بناءً على الشراء المتكرر داخل نفس القسم.,منتجات من نفس القسم يميل العملاء لضمّها — فرصة بيع تكميلي داخلي.
,,0.001086,0.0685,5.0038,,,,,,,,176,135,10,فرن كهربايي 60 لتر - اصدار خاص,المنزل والمطبخ,,Moderate,طقم اواني طهي غرانيت - اصدار خاص,المنزل والمطبخ,,Moderate,Substitute,category_fallback,1.0,شركاء مقترحون بناءً على الشراء المتكرر داخل نفس القسم.,منتجات من نفس القسم يميل العملاء لضمّها — فرصة بيع تكميلي داخلي.
,,0.001086,0.0725,4.7307,,,,,,,,180,158,10,شال كشمير ناعم - اصدار خاص,الازياء والملابس,,Moderate,فستان سهره انيق - اصدار خاص,الازياء والملابس,,Moderate,Substitute,category_fallback,1.0,شركاء مقترحون بناءً على الشراء المتكرر داخل نفس القسم.,منتجات من نفس القسم يميل العملاء لضمّها — فرصة بيع تكميلي داخلي.
,,0.001086,0.0641,0.6456,,,,,,,,175,51,10,مجموعه كتب الطفل التعليميه - اصدار خاص,الكتب والتعليم,,Moderate,كتاب تعلم البرمجه بالعربيه,الكتب والتعليم,,Strong,Substitute,category_fallback,1.0,شركاء مقترحون بناءً على الشراء المتكرر داخل نفس القسم.,منتجات من نفس القسم يميل العملاء لضمّها — فرصة بيع تكميلي داخلي.
,,0.001086,0.0746,8.8069,,,,,,,,178,24,10,مكيف هواء انفيرتر 18000 - اصدار خاص,المنزل والمطبخ,,Moderate,مكنسه كهرباييه لاسلكيه,المنزل والمطبخ,,Moderate,Substitute,category_fallback,1.0,شركاء مقترحون بناءً على الشراء المتكرر داخل نفس القسم.,منتجات من نفس القسم يميل العملاء لضمّها — فرصة بيع تكميلي داخلي.
,,0.001086,0.0654,4.5236,,,,,,,,91,119,10,فرن كهربايي 60 لتر - اصدار خاص,المنزل والمطبخ,,Moderate,ماكينه قهوه اسبريسو - اصدار خاص,المنزل والمطبخ,,Moderate,Substitute,category_fallback,1.0,شركاء مقترحون بناءً على الشراء المتكرر داخل نفس القسم.,منتجات من نفس القسم يميل العملاء لضمّها — فرصة بيع تكميلي داخلي.
,,0.001086,0.0676,0.9628,,,,,,,,64,39,10,عطر رجالي عودي - اصدار خاص,الجمال والعنايه,,Moderate,قناع وجه كولاجين,الجمال والعنايه,,Strong,Substitute,category_fallback,1.0,شركاء مقترحون بناءً على الشراء المتكرر داخل نفس القسم.,منتجات من نفس القسم يميل العملاء لضمّها — فرصة بيع تكميلي داخلي.
,,0.001086,0.122,1.0168,,,,,,,,67,3,10,لابتوب الترا سليم - اصدار خاص,الالكترونيات,,Moderate,سماعات لاسلكيه,الالكترونيات,,Strong,Substitute,category_fallback,1.0,شركاء مقترحون بناءً على الشراء المتكرر داخل نفس القسم.,منتجات من نفس القسم يميل العملاء لضمّها — فرصة بيع تكميلي داخلي.
,,0.001086,0.1053,0.8628,,,,,,,,95,48,10,كره قدم رسميه فيفا - اصدار خاص,الرياضه واللياقه,,Moderate,حقيبه رياضيه جيم,الرياضه واللياقه,,Strong,Substitute,category_fallback,1.0,شركاء مقترحون بناءً على الشراء المتكرر داخل نفس القسم.,منتجات من نفس القسم يميل العملاء لضمّها — فرصة بيع تكميلي داخلي.
,,0.001086,0.0794,5.0038,,,,,,,,135,176,10,طقم اواني طهي غرانيت - اصدار خاص,المنزل والمطبخ,,Moderate,فرن كهربايي 60 لتر - اصدار خاص,المنزل والمطبخ,,Moderate,Substitute,category_fallback,1.0,شركاء مقترحون بناءً على الشراء المتكرر داخل نفس القسم.,منتجات من نفس القسم يميل العملاء لضمّها — فرصة بيع تكميلي داخلي.
,,0.000978,0.0552,3.3438,,,,,,,,21,197,9,مكيف هواء انفيرتر 18000,المنزل والمطبخ,,Moderate,مكيف هواء انفيرتر 18000 - اصدار خاص,المنزل والمطبخ,,Strong,Substitute,category_fallback,0.9,شركاء مقترحون بناءً على الشراء المتكرر داخل نفس القسم.,منتجات من نفس القسم يميل العملاء لضمّها — فرصة بيع تكميلي داخلي.
,,0.000978,0.1385,1.6278,,,,,,,,105,47,9,حقيبه رياضيه جيم - اصدار خاص,الرياضه واللياقه,,Moderate,اوزان حديد طقم 20 كيلو,الرياضه واللياقه,,Strong,Substitute,category_fallback,0.9,شركاء مقترحون بناءً على الشراء المتكرر داخل نفس القسم.,منتجات من نفس القسم يميل العملاء لضمّها — فرصة بيع تكميلي داخلي.
,,0.000978,0.0612,3.6835,,,,,,,,124,126,9,كاميرا ميرورليس - اصدار خاص,الالكترونيات,,Moderate,شاحن لاسلكي سريع - اصدار خاص,الالكترونيات,,Moderate,Substitute,category_fallback,0.9,شركاء مقترحون بناءً على الشراء المتكرر داخل نفس القسم.,منتجات من نفس القسم يميل العملاء لضمّها — فرصة بيع تكميلي داخلي.
,,0.000978,0.06,0.4918,,,,,,,,131,48,9,اوزان حديد طقم 20 كيلو - اصدار خاص,الرياضه واللياقه,,Moderate,حقيبه رياضيه جيم,الرياضه واللياقه,,Strong,Substitute,category_fallback,0.9,شركاء مقترحون بناءً على الشراء المتكرر داخل نفس القسم.,منتجات من نفس القسم يميل العملاء لضمّها — فرصة بيع تكميلي داخلي.
,,0.000978,0.0588,3.4934,,,,,,,,77,74,9,دوره برمجه اكاديميه USB - اصدار خاص,الكتب والتعليم,,Moderate,كتاب الطبخ العربي التقليدي - اصدار خاص,الكتب والتعليم,,Moderate,Substitute,category_fallback,0.9,شركاء مقترحون بناءً على الشراء المتكرر داخل نفس القسم.,منتجات من نفس القسم يميل العملاء لضمّها — فرصة بيع تكميلي داخلي.
,,0.000978,0.1385,1.1462,,,,,,,,105,42,9,حقيبه رياضيه جيم - اصدار خاص,الرياضه واللياقه,,Moderate,لباس رياضي ضاغط,الرياضه واللياقه,,Strong,Substitute,category_fallback,0.9,شركاء مقترحون بناءً على الشراء المتكرر داخل نفس القسم.,منتجات من نفس القسم يميل العملاء لضمّها — فرصة بيع تكميلي داخلي.
,,0.000978,0.0581,3.4934,,,,,,,,74,77,9,كتاب الطبخ العربي التقليدي - اصدار خاص,الكتب والتعليم,,Moderate,دوره برمجه اكاديميه USB - اصدار خاص,الكتب والتعليم,,Moderate,Substitute,category_fallback,0.9,شركاء مقترحون بناءً على الشراء المتكرر داخل نفس القسم.,منتجات من نفس القسم يميل العملاء لضمّها — فرصة بيع تكميلي داخلي.
,,0.000978,0.0588,3.6835,,,,,,,,126,124,9,شاحن لاسلكي سريع - اصدار خاص,الالكترونيات,,Moderate,كاميرا ميرورليس - اصدار خاص,الالكترونيات,,Moderate,Substitute,category_fallback,0.9,شركاء مقترحون بناءً على الشراء المتكرر داخل نفس القسم.,منتجات من نفس القسم يميل العملاء لضمّها — فرصة بيع تكميلي داخلي.
,,0.000978,0.0882,0.7357,,,,,,,,7,3,9,كاميرا ميرورليس,الالكترونيات,,Moderate,سماعات لاسلكيه,الالكترونيات,,Strong,Substitute,category_fallback,0.9,شركاء مقترحون بناءً على الشراء المتكرر داخل نفس القسم.,منتجات من نفس القسم يميل العملاء لضمّها — فرصة بيع تكميلي داخلي.
,,0.000978,0.0957,0.9643,,,,,,,,120,51,9,روايه عربيه بيست سيلر - اصدار خاص,الكتب والتعليم,,Moderate,كتاب تعلم البرمجه بالعربيه,الكتب والتعليم,,Strong,Substitute,category_fallback,0.9,شركاء مقترحون بناءً على الشراء المتكرر داخل نفس القسم.,منتجات من نفس القسم يميل العملاء لضمّها — فرصة بيع تكميلي داخلي.
,,0.000978,0.1084,1.092,,,,,,,,55,51,9,روايه عربيه بيست سيلر,الكتب والتعليم,,Moderate,كتاب تعلم البرمجه بالعربيه,الكتب والتعليم,,Strong,Substitute,category_fallback,0.9,شركاء مقترحون بناءً على الشراء المتكرر داخل نفس القسم.,منتجات من نفس القسم يميل العملاء لضمّها — فرصة بيع تكميلي داخلي.
,,0.000978,0.1059,1.0664,,,,,,,,88,51,9,دوره برمجه اكاديميه USB - اصدار خاص,الكتب والتعليم,,Strong,كتاب تعلم البرمجه بالعربيه,الكتب والتعليم,,Strong,Substitute,category_fallback,0.9,شركاء مقترحون بناءً على الشراء المتكرر داخل نفس القسم.,منتجات من نفس القسم يميل العملاء لضمّها — فرصة بيع تكميلي داخلي.
,,0.000978,0.0776,1.1055,,,,,,,,143,39,9,عطر رجالي عودي - اصدار خاص,الجمال والعنايه,,Moderate,قناع وجه كولاجين,الجمال والعنايه,,Strong,Substitute,category_fallback,0.9,شركاء مقترحون بناءً على الشراء المتكرر داخل نفس القسم.,منتجات من نفس القسم يميل العملاء لضمّها — فرصة بيع تكميلي داخلي.
,,0.000978,0.0592,3.3438,,,,,,,,197,21,9,مكيف هواء انفيرتر 18000 - اصدار خاص,المنزل والمطبخ,,Strong,مكيف هواء انفيرتر 18000,المنزل والمطبخ,,Moderate,Substitute,category_fallback,0.9,شركاء مقترحون بناءً على الشراء المتكرر داخل نفس القسم.,منتجات من نفس القسم يميل العملاء لضمّها — فرصة بيع تكميلي داخلي.
,,0.000978,0.0592,3.5623,,,,,,,,197,91,9,مكيف هواء انفيرتر 18000 - اصدار خاص,المنزل والمطبخ,,Strong,فرن كهربايي 60 لتر - اصدار خاص,المنزل والمطبخ,,Moderate,Substitute,category_fallback,0.9,شركاء مقترحون بناءً على الشراء المتكرر داخل نفس القسم.,منتجات من نفس القسم يميل العملاء لضمّها — فرصة بيع تكميلي داخلي.
,,0.000978,0.0566,0.6448,,,,,,,,141,1,9,ساعه ذكيه سبورت - اصدار خاص,الالكترونيات,,Moderate,هاتف ذكي برو ماكس,الالكترونيات,,Strong,Substitute,category_fallback,0.9,شركاء مقترحون بناءً على الشراء المتكرر داخل نفس القسم.,منتجات من نفس القسم يميل العملاء لضمّها — فرصة بيع تكميلي داخلي.
,,0.000978,0.0776,1.092,,,,,,,,143,37,9,عطر رجالي عودي - اصدار خاص,الجمال والعنايه,,Moderate,غسول وجه للبشره الحساسه,الجمال والعنايه,,Strong,Substitute,category_fallback,0.9,شركاء مقترحون بناءً على الشراء المتكرر داخل نفس القسم.,منتجات من نفس القسم يميل العملاء لضمّها — فرصة بيع تكميلي داخلي.
,,0.000978,0.0909,0.758,,,,,,,,194,3,9,ساعه ذكيه سبورت - اصدار خاص,الالكترونيات,,Moderate,سماعات لاسلكيه,الالكترونيات,,Strong,Substitute,category_fallback,0.9,شركاء مقترحون بناءً على الشراء المتكرر داخل نفس القسم.,منتجات من نفس القسم يميل العملاء لضمّها — فرصة بيع تكميلي داخلي.
,,0.000978,0.0621,0.6251,,,,,,,,193,51,9,مجموعه كتب الطفل التعليميه - اصدار خاص,الكتب والتعليم,,Moderate,كتاب تعلم البرمجه بالعربيه,الكتب والتعليم,,Strong,Substitute,category_fallback,0.9,شركاء مقترحون بناءً على الشراء المتكرر داخل نفس القسم.,منتجات من نفس القسم يميل العملاء لضمّها — فرصة بيع تكميلي داخلي.
,,0.000978,0.1059,6.3702,,,,,,,,196,77,9,اطلس العالم المصور - اصدار خاص,الكتب والتعليم,,Moderate,دوره برمجه اكاديميه USB - اصدار خاص,الكتب والتعليم,,Moderate,Substitute,category_fallback,0.9,شركاء مقترحون بناءً على الشراء المتكرر داخل نفس القسم.,منتجات من نفس القسم يميل العملاء لضمّها — فرصة بيع تكميلي داخلي.
,,0.000978,0.0647,0.7198,,,,,,,,189,32,9,مزيل عرق رول اون - اصدار خاص,الجمال والعنايه,,Moderate,سيروم فيتامين سي,الجمال والعنايه,,Strong,Substitute,category_fallback,0.9,شركاء مقترحون بناءً على الشراء المتكرر داخل نفس القسم.,منتجات من نفس القسم يميل العملاء لضمّها — فرصة بيع تكميلي داخلي.
,,0.000978,0.0909,0.7525,,,,,,,,188,42,9,جهاز مشي كهربايي - اصدار خاص,الرياضه واللياقه,,Moderate,لباس رياضي ضاغط,الرياضه واللياقه,,Strong,Substitute,category_fallback,0.9,شركاء مقترحون بناءً على الشراء المتكرر داخل نفس القسم.,منتجات من نفس القسم يميل العملاء لضمّها — فرصة بيع تكميلي داخلي.
,,0.000978,0.0647,0.9113,,,,,,,,189,37,9,مزيل عرق رول اون - اصدار خاص,الجمال والعنايه,,Moderate,غسول وجه للبشره الحساسه,الجمال والعنايه,,Strong,Substitute,category_fallback,0.9,شركاء مقترحون بناءً على الشراء المتكرر داخل نفس القسم.,منتجات من نفس القسم يميل العملاء لضمّها — فرصة بيع تكميلي داخلي.
,,0.000978,0.1125,1.7493,,,,,,,,138,50,9,جهاز مشي كهربايي - اصدار خاص,الرياضه واللياقه,,Strong,عداد خطوات ذكي,الرياضه واللياقه,,Strong,Substitute,category_fallback,0.9,شركاء مقترحون بناءً على الشراء المتكرر داخل نفس القسم.,منتجات من نفس القسم يميل العملاء لضمّها — فرصة بيع تكميلي داخلي.
,,0.000978,0.0909,1.0357,,,,,,,,194,1,9,ساعه ذكيه سبورت - اصدار خاص,الالكترونيات,,Moderate,هاتف ذكي برو ماكس,الالكترونيات,,Strong,Substitute,category_fallback,0.9,شركاء مقترحون بناءً على الشراء المتكرر داخل نفس القسم.,منتجات من نفس القسم يميل العملاء لضمّها — فرصة بيع تكميلي داخلي.
,,0.000978,0.0652,3.6164,,,,,,,,180,164,9,شال كشمير ناعم - اصدار خاص,الازياء والملابس,,Moderate,حقيبه يد جلديه - اصدار خاص,الازياء والملابس,,Moderate,Substitute,category_fallback,0.9,شركاء مقترحون بناءً على الشراء المتكرر داخل نفس القسم.,منتجات من نفس القسم يميل العملاء لضمّها — فرصة بيع تكميلي داخلي.
,,0.000978,0.0625,5.8705,,,,,,,,172,92,9,كتاب رياده الاعمال والنجاح - اصدار خاص,الكتب والتعليم,,Moderate,موسوعه التاريخ الاسلامي - اصدار خاص,الكتب والتعليم,,Moderate,Substitute,category_fallback,0.9,شركاء مقترحون بناءً على الشراء المتكرر داخل نفس القسم.,منتجات من نفس القسم يميل العملاء لضمّها — فرصة بيع تكميلي داخلي.
,,0.000978,0.0672,4.2346,,,,,,,,178,176,9,مكيف هواء انفيرتر 18000 - اصدار خاص,المنزل والمطبخ,,Moderate,فرن كهربايي 60 لتر - اصدار خاص,المنزل والمطبخ,,Moderate,Substitute,category_fallback,0.9,شركاء مقترحون بناءً على الشراء المتكرر داخل نفس القسم.,منتجات من نفس القسم يميل العملاء لضمّها — فرصة بيع تكميلي داخلي.
,,0.000978,0.0616,3.7087,,,,,,,,176,91,9,فرن كهربايي 60 لتر - اصدار خاص,المنزل والمطبخ,,Moderate,فرن كهربايي 60 لتر - اصدار خاص,المنزل والمطبخ,,Moderate,Substitute,category_fallback,0.9,شركاء مقترحون بناءً على الشراء المتكرر داخل نفس القسم.,منتجات من نفس القسم يميل العملاء لضمّها — فرصة بيع تكميلي داخلي.
,,0.000978,0.0918,5.8705,,,,,,,,92,172,9,موسوعه التاريخ الاسلامي - اصدار خاص,الكتب والتعليم,,Moderate,كتاب رياده الاعمال والنجاح - اصدار خاص,الكتب والتعليم,,Moderate,Substitute,category_fallback,0.9,شركاء مقترحون بناءً على الشراء المتكرر داخل نفس القسم.,منتجات من نفس القسم يميل العملاء لضمّها — فرصة بيع تكميلي داخلي.
,,0.000978,0.0577,0.8221,,,,,,,,175,53,9,مجموعه كتب الطفل التعليميه - اصدار خاص,الكتب والتعليم,,Moderate,كتاب رياده الاعمال والنجاح,الكتب والتعليم,,Strong,Substitute,category_fallback,0.9,شركاء مقترحون بناءً على الشراء المتكرر داخل نفس القسم.,منتجات من نفس القسم يميل العملاء لضمّها — فرصة بيع تكميلي داخلي.
,,0.000978,0.0947,0.7842,,,,,,,,95,42,9,كره قدم رسميه فيفا - اصدار خاص,الرياضه واللياقه,,Moderate,لباس رياضي ضاغط,الرياضه واللياقه,,Strong,Substitute,category_fallback,0.9,شركاء مقترحون بناءً على الشراء المتكرر داخل نفس القسم.,منتجات من نفس القسم يميل العملاء لضمّها — فرصة بيع تكميلي داخلي.
,,0.000978,0.1475,1.2094,,,,,,,,173,48,9,حذاء جري احترافي - اصدار خاص,الرياضه واللياقه,,Moderate,حقيبه رياضيه جيم,الرياضه واللياقه,,Strong,Substitute,category_fallback,0.9,شركاء مقترحون بناءً على الشراء المتكرر داخل نفس القسم.,منتجات من نفس القسم يميل العملاء لضمّها — فرصة بيع تكميلي داخلي.
,,0.000978,0.1233,1.8544,,,,,,,,90,6,9,شاشه 4K 27 انش - اصدار خاص,الالكترونيات,,Moderate,شاشه 4K 27 انش,الالكترونيات,,Strong,Substitute,category_fallback,0.9,شركاء مقترحون بناءً على الشراء المتكرر داخل نفس القسم.,منتجات من نفس القسم يميل العملاء لضمّها — فرصة بيع تكميلي داخلي.
,,0.000978,0.0588,0.6889,,,,,,,,91,25,9,فرن كهربايي 60 لتر - اصدار خاص,المنزل والمطبخ,,Moderate,ماكينه قهوه اسبريسو,المنزل والمطبخ,,Strong,Substitute,category_fallback,0.9,شركاء مقترحون بناءً على الشراء المتكرر داخل نفس القسم.,منتجات من نفس القسم يميل العملاء لضمّها — فرصة بيع تكميلي داخلي.
,,0.000978,0.0588,0.9466,,,,,,,,91,26,9,فرن كهربايي 60 لتر - اصدار خاص,المنزل والمطبخ,,Moderate,طقم اواني طهي غرانيت,المنزل والمطبخ,,Strong,Substitute,category_fallback,0.9,شركاء مقترحون بناءً على الشراء المتكرر داخل نفس القسم.,منتجات من نفس القسم يميل العملاء لضمّها — فرصة بيع تكميلي داخلي.
,,0.000978,0.0608,3.834,,,,,,,,168,176,9,مجموعه سكاكين مطبخ - اصدار خاص,المنزل والمطبخ,,Moderate,فرن كهربايي 60 لتر - اصدار خاص,المنزل والمطبخ,,Moderate,Substitute,category_fallback,0.9,شركاء مقترحون بناءً على الشراء المتكرر داخل نفس القسم.,منتجات من نفس القسم يميل العملاء لضمّها — فرصة بيع تكميلي داخلي.
,,0.000978,0.0672,3.7929,,,,,,,,178,21,9,مكيف هواء انفيرتر 18000 - اصدار خاص,المنزل والمطبخ,,Moderate,مكيف هواء انفيرتر 18000,المنزل والمطبخ,,Moderate,Substitute,category_fallback,0.9,شركاء مقترحون بناءً على الشراء المتكرر داخل نفس القسم.,منتجات من نفس القسم يميل العملاء لضمّها — فرصة بيع تكميلي داخلي.
,,0.000978,0.0542,3.6164,,,,,,,,164,180,9,حقيبه يد جلديه - اصدار خاص,الازياء والملابس,,Moderate,شال كشمير ناعم - اصدار خاص,الازياء والملابس,,Moderate,Substitute,category_fallback,0.9,شركاء مقترحون بناءً على الشراء المتكرر داخل نفس القسم.,منتجات من نفس القسم يميل العملاء لضمّها — فرصة بيع تكميلي داخلي.
,,0.000978,0.1034,1.0418,,,,,,,,192,51,9,مجموعه كتب الطفل التعليميه - اصدار خاص,الكتب والتعليم,,Moderate,كتاب تعلم البرمجه بالعربيه,الكتب والتعليم,,Strong,Substitute,category_fallback,0.9,شركاء مقترحون بناءً على الشراء المتكرر داخل نفس القسم.,منتجات من نفس القسم يميل العملاء لضمّها — فرصة بيع تكميلي داخلي.
,,0.000869,0.0755,4.9271,,,,,,,,17,158,8,شال كشمير ناعم,الازياء والملابس,,Moderate,فستان سهره انيق - اصدار خاص,الازياء والملابس,,Moderate,Substitute,category_fallback,0.8,شركاء مقترحون بناءً على الشراء المتكرر داخل نفس القسم.,منتجات من نفس القسم يميل العملاء لضمّها — فرصة بيع تكميلي داخلي.
,,0.000869,0.0635,3.6758,,,,,,,,185,141,8,سماعات لاسلكيه - اصدار خاص,الالكترونيات,,Moderate,ساعه ذكيه سبورت - اصدار خاص,الالكترونيات,,Moderate,Substitute,category_fallback,0.8,شركاء مقترحون بناءً على الشراء المتكرر داخل نفس القسم.,منتجات من نفس القسم يميل العملاء لضمّها — فرصة بيع تكميلي داخلي.
,,0.000869,0.0533,0.5516,,,,,,,,183,34,8,كريم مرطب SPF 50 - اصدار خاص,الجمال والعنايه,,Moderate,طقم مكياج احترافي,الجمال والعنايه,,Strong,Substitute,category_fallback,0.8,شركاء مقترحون بناءً على الشراء المتكرر داخل نفس القسم.,منتجات من نفس القسم يميل العملاء لضمّها — فرصة بيع تكميلي داخلي.
,,0.000869,0.0635,3.8199,,,,,,,,185,126,8,سماعات لاسلكيه - اصدار خاص,الالكترونيات,,Moderate,شاحن لاسلكي سريع - اصدار خاص,الالكترونيات,,Moderate,Substitute,category_fallback,0.8,شركاء مقترحون بناءً على الشراء المتكرر داخل نفس القسم.,منتجات من نفس القسم يميل العملاء لضمّها — فرصة بيع تكميلي داخلي.
,,0.000869,0.0552,3.2765,,,,,,,,193,74,8,مجموعه كتب الطفل التعليميه - اصدار خاص,الكتب والتعليم,,Moderate,كتاب الطبخ العربي التقليدي - اصدار خاص,الكتب والتعليم,,Moderate,Substitute,category_fallback,0.8,شركاء مقترحون بناءً على الشراء المتكرر داخل نفس القسم.,منتجات من نفس القسم يميل العملاء لضمّها — فرصة بيع تكميلي داخلي.
,,0.000869,0.0526,0.8809,,,,,,,,197,29,8,مكيف هواء انفيرتر 18000 - اصدار خاص,المنزل والمطبخ,,Strong,مجموعه سكاكين مطبخ,المنزل والمطبخ,,Strong,Substitute,category_fallback,0.8,شركاء مقترحون بناءً على الشراء المتكرر داخل نفس القسم.,منتجات من نفس القسم يميل العملاء لضمّها — فرصة بيع تكميلي داخلي.
,,0.000869,0.1013,1.0474,,,,,,,,199,34,8,زيت ارغان طبيعي - اصدار خاص,الجمال والعنايه,,Moderate,طقم مكياج احترافي,الجمال والعنايه,,Strong,Substitute,category_fallback,0.8,شركاء مقترحون بناءً على الشراء المتكرر داخل نفس القسم.,منتجات من نفس القسم يميل العملاء لضمّها — فرصة بيع تكميلي داخلي.
,,0.000869,0.0808,1.2439,,,,,,,,194,4,8,ساعه ذكيه سبورت - اصدار خاص,الالكترونيات,,Moderate,ساعه ذكيه سبورت,الالكترونيات,,Strong,Substitute,category_fallback,0.8,شركاء مقترحون بناءً على الشراء المتكرر داخل نفس القسم.,منتجات من نفس القسم يميل العملاء لضمّها — فرصة بيع تكميلي داخلي.
,,0.000869,0.0784,1.1176,,,,,,,,186,53,8,كتاب الطبخ العربي التقليدي - اصدار خاص,الكتب والتعليم,,Moderate,كتاب رياده الاعمال والنجاح,الكتب والتعليم,,Strong,Substitute,category_fallback,0.8,شركاء مقترحون بناءً على الشراء المتكرر داخل نفس القسم.,منتجات من نفس القسم يميل العملاء لضمّها — فرصة بيع تكميلي داخلي.
,,0.000869,0.0784,5.0136,,,,,,,,186,172,8,كتاب الطبخ العربي التقليدي - اصدار خاص,الكتب والتعليم,,Moderate,كتاب رياده الاعمال والنجاح - اصدار خاص,الكتب والتعليم,,Moderate,Substitute,category_fallback,0.8,شركاء مقترحون بناءً على الشراء المتكرر داخل نفس القسم.,منتجات من نفس القسم يميل العملاء لضمّها — فرصة بيع تكميلي داخلي.
,,0.000869,0.0784,0.7899,,,,,,,,186,51,8,كتاب الطبخ العربي التقليدي - اصدار خاص,الكتب والتعليم,,Moderate,كتاب تعلم البرمجه بالعربيه,الكتب والتعليم,,Strong,Substitute,category_fallback,0.8,شركاء مقترحون بناءً على الشراء المتكرر داخل نفس القسم.,منتجات من نفس القسم يميل العملاء لضمّها — فرصة بيع تكميلي داخلي.
,,0.000869,0.092,1.3103,,,,,,,,192,53,8,مجموعه كتب الطفل التعليميه - اصدار خاص,الكتب والتعليم,,Moderate,كتاب رياده الاعمال والنجاح,الكتب والتعليم,,Strong,Substitute,category_fallback,0.8,شركاء مقترحون بناءً على الشراء المتكرر داخل نفس القسم.,منتجات من نفس القسم يميل العملاء لضمّها — فرصة بيع تكميلي داخلي.
,,0.000869,0.0576,3.5796,,,,,,,,189,64,8,مزيل عرق رول اون - اصدار خاص,الجمال والعنايه,,Moderate,عطر رجالي عودي - اصدار خاص,الجمال والعنايه,,Moderate,Substitute,category_fallback,0.8,شركاء مقترحون بناءً على الشراء المتكرر داخل نفس القسم.,منتجات من نفس القسم يميل العملاء لضمّها — فرصة بيع تكميلي داخلي.
,,0.000869,0.1096,0.9072,,,,,,,,157,42,8,جهاز قياس ضغط الدم - اصدار خاص,الرياضه واللياقه,,Moderate,لباس رياضي ضاغط,الرياضه واللياقه,,Strong,Substitute,category_fallback,0.8,شركاء مقترحون بناءً على الشراء المتكرر داخل نفس القسم.,منتجات من نفس القسم يميل العملاء لضمّها — فرصة بيع تكميلي داخلي.
,,0.000869,0.0808,0.6624,,,,,,,,188,48,8,جهاز مشي كهربايي - اصدار خاص,الرياضه واللياقه,,Moderate,حقيبه رياضيه جيم,الرياضه واللياقه,,Strong,Substitute,category_fallback,0.8,شركاء مقترحون بناءً على الشراء المتكرر داخل نفس القسم.,منتجات من نفس القسم يميل العملاء لضمّها — فرصة بيع تكميلي داخلي.
,,0.000869,0.0842,0.6971,,,,,,,,167,42,8,حقيبه رياضيه جيم - اصدار خاص,الرياضه واللياقه,,Moderate,لباس رياضي ضاغط,الرياضه واللياقه,,Strong,Substitute,category_fallback,0.8,شركاء مقترحون بناءً على الشراء المتكرر داخل نفس القسم.,منتجات من نفس القسم يميل العملاء لضمّها — فرصة بيع تكميلي داخلي.
,,0.000869,0.0533,0.627,,,,,,,,131,47,8,اوزان حديد طقم 20 كيلو - اصدار خاص,الرياضه واللياقه,,Moderate,اوزان حديد طقم 20 كيلو,الرياضه واللياقه,,Strong,Substitute,category_fallback,0.8,شركاء مقترحون بناءً على الشراء المتكرر داخل نفس القسم.,منتجات من نفس القسم يميل العملاء لضمّها — فرصة بيع تكميلي داخلي.
,,0.000869,0.1,0.8197,,,,,,,,138,48,8,جهاز مشي كهربايي - اصدار خاص,الرياضه واللياقه,,Strong,حقيبه رياضيه جيم,الرياضه واللياقه,,Strong,Substitute,category_fallback,0.8,شركاء مقترحون بناءً على الشراء المتكرر داخل نفس القسم.,منتجات من نفس القسم يميل العملاء لضمّها — فرصة بيع تكميلي داخلي.
,,0.000869,0.1096,1.1037,,,,,,,,200,51,8,موسوعه التاريخ الاسلامي - اصدار خاص,الكتب والتعليم,,Moderate,كتاب تعلم البرمجه بالعربيه,الكتب والتعليم,,Strong,Substitute,category_fallback,0.8,شركاء مقترحون بناءً على الشراء المتكرر داخل نفس القسم.,منتجات من نفس القسم يميل العملاء لضمّها — فرصة بيع تكميلي داخلي.
,,0.000869,0.0533,5.7085,,,,,,,,131,44,8,اوزان حديد طقم 20 كيلو - اصدار خاص,الرياضه واللياقه,,Moderate,جهاز مشي كهربايي,الرياضه واللياقه,,Moderate,Substitute,category_fallback,0.8,شركاء مقترحون بناءً على الشراء المتكرر داخل نفس القسم.,منتجات من نفس القسم يميل العملاء لضمّها — فرصة بيع تكميلي داخلي.
,,0.000869,0.087,0.9529,,,,,,,,114,46,8,حقيبه رياضيه جيم - اصدار خاص,الرياضه واللياقه,,Moderate,حصيره يوغا مضاده للانزلاق,الرياضه واللياقه,,Strong,Substitute,category_fallback,0.8,شركاء مقترحون بناءً على الشراء المتكرر داخل نفس القسم.,منتجات من نفس القسم يميل العملاء لضمّها — فرصة بيع تكميلي داخلي.
,,0.000869,0.0516,3.2765,,,,,,,,74,193,8,كتاب الطبخ العربي التقليدي - اصدار خاص,الكتب والتعليم,,Moderate,مجموعه كتب الطفل التعليميه - اصدار خاص,الكتب والتعليم,,Moderate,Substitute,category_fallback,0.8,شركاء مقترحون بناءً على الشراء المتكرر داخل نفس القسم.,منتجات من نفس القسم يميل العملاء لضمّها — فرصة بيع تكميلي داخلي.
,,0.000869,0.092,0.7667,,,,,,,,115,3,8,شاحن لاسلكي سريع - اصدار خاص,الالكترونيات,,Moderate,سماعات لاسلكيه,الالكترونيات,,Strong,Substitute,category_fallback,0.8,شركاء مقترحون بناءً على الشراء المتكرر داخل نفس القسم.,منتجات من نفس القسم يميل العملاء لضمّها — فرصة بيع تكميلي داخلي.
,,0.000869,0.0784,4.9113,,,,,,,,7,124,8,كاميرا ميرورليس,الالكترونيات,,Moderate,كاميرا ميرورليس - اصدار خاص,الالكترونيات,,Moderate,Substitute,category_fallback,0.8,شركاء مقترحون بناءً على الشراء المتكرر داخل نفس القسم.,منتجات من نفس القسم يميل العملاء لضمّها — فرصة بيع تكميلي داخلي.
,,0.000869,0.087,0.725,,,,,,,,69,3,8,لابتوب الترا سليم - اصدار خاص,الالكترونيات,,Moderate,سماعات لاسلكيه,الالكترونيات,,Strong,Substitute,category_fallback,0.8,شركاء مقترحون بناءً على الشراء المتكرر داخل نفس القسم.,منتجات من نفس القسم يميل العملاء لضمّها — فرصة بيع تكميلي داخلي.
,,0.000869,0.0976,1.4674,,,,,,,,67,6,8,لابتوب الترا سليم - اصدار خاص,الالكترونيات,,Moderate,شاشه 4K 27 انش,الالكترونيات,,Strong,Substitute,category_fallback,0.8,شركاء مقترحون بناءً على الشراء المتكرر داخل نفس القسم.,منتجات من نفس القسم يميل العملاء لضمّها — فرصة بيع تكميلي داخلي.
,,0.000869,0.0523,3.8199,,,,,,,,126,185,8,شاحن لاسلكي سريع - اصدار خاص,الالكترونيات,,Moderate,سماعات لاسلكيه - اصدار خاص,الالكترونيات,,Moderate,Substitute,category_fallback,0.8,شركاء مقترحون بناءً على الشراء المتكرر داخل نفس القسم.,منتجات من نفس القسم يميل العملاء لضمّها — فرصة بيع تكميلي داخلي.
,,0.000869,0.0523,0.436,,,,,,,,126,3,8,شاحن لاسلكي سريع - اصدار خاص,الالكترونيات,,Moderate,سماعات لاسلكيه,الالكترونيات,,Strong,Substitute,category_fallback,0.8,شركاء مقترحون بناءً على الشراء المتكرر داخل نفس القسم.,منتجات من نفس القسم يميل العملاء لضمّها — فرصة بيع تكميلي داخلي.
,,0.000869,0.0784,0.8991,,,,,,,,7,2,8,كاميرا ميرورليس,الالكترونيات,,Moderate,لابتوب الترا سليم,الالكترونيات,,Strong,Substitute,category_fallback,0.8,شركاء مقترحون بناءً على الشراء المتكرر داخل نفس القسم.,منتجات من نفس القسم يميل العملاء لضمّها — فرصة بيع تكميلي داخلي.
,,0.000869,0.093,5.7085,,,,,,,,44,131,8,جهاز مشي كهربايي,الرياضه واللياقه,,Moderate,اوزان حديد طقم 20 كيلو - اصدار خاص,الرياضه واللياقه,,Moderate,Substitute,category_fallback,0.8,شركاء مقترحون بناءً على الشراء المتكرر داخل نفس القسم.,منتجات من نفس القسم يميل العملاء لضمّها — فرصة بيع تكميلي داخلي.
,,0.000869,0.0635,3.5855,,,,,,,,135,21,8,طقم اواني طهي غرانيت - اصدار خاص,المنزل والمطبخ,,Moderate,مكيف هواء انفيرتر 18000,المنزل والمطبخ,,Moderate,Substitute,category_fallback,0.8,شركاء مقترحون بناءً على الشراء المتكرر داخل نفس القسم.,منتجات من نفس القسم يميل العملاء لضمّها — فرصة بيع تكميلي داخلي.
,,0.000869,0.0952,0.7941,,,,,,,,81,3,8,شاشه 4K 27 انش - اصدار خاص,الالكترونيات,,Moderate,سماعات لاسلكيه,الالكترونيات,,Strong,Substitute,category_fallback,0.8,شركاء مقترحون بناءً على الشراء المتكرر داخل نفس القسم.,منتجات من نفس القسم يميل العملاء لضمّها — فرصة بيع تكميلي داخلي.
,,0.000869,0.1176,1.7695,,,,,,,,8,6,8,مكبر صوت بلوتوث,الالكترونيات,,Moderate,شاشه 4K 27 انش,الالكترونيات,,Strong,Substitute,category_fallback,0.8,شركاء مقترحون بناءً على الشراء المتكرر داخل نفس القسم.,منتجات من نفس القسم يميل العملاء لضمّها — فرصة بيع تكميلي داخلي.
,,0.000869,0.092,1.0541,,,,,,,,115,2,8,شاحن لاسلكي سريع - اصدار خاص,الالكترونيات,,Moderate,لابتوب الترا سليم,الالكترونيات,,Strong,Substitute,category_fallback,0.8,شركاء مقترحون بناءً على الشراء المتكرر داخل نفس القسم.,منتجات من نفس القسم يميل العملاء لضمّها — فرصة بيع تكميلي داخلي.
,,0.000869,0.1333,1.0929,,,,,,,,118,48,8,حصيره يوغا مضاده للانزلاق - اصدار خاص,الرياضه واللياقه,,Moderate,حقيبه رياضيه جيم,الرياضه واللياقه,,Strong,Substitute,category_fallback,0.8,شركاء مقترحون بناءً على الشراء المتكرر داخل نفس القسم.,منتجات من نفس القسم يميل العملاء لضمّها — فرصة بيع تكميلي داخلي.
,,0.000869,0.1231,2.0052,,,,,,,,105,41,8,حقيبه رياضيه جيم - اصدار خاص,الرياضه واللياقه,,Moderate,حذاء جري احترافي,الرياضه واللياقه,,Strong,Substitute,category_fallback,0.8,شركاء مقترحون بناءً على الشراء المتكرر داخل نفس القسم.,منتجات من نفس القسم يميل العملاء لضمّها — فرصة بيع تكميلي داخلي.
,,0.000869,0.1159,1.1677,,,,,,,,99,51,8,مجموعه كتب الطفل التعليميه - اصدار خاص,الكتب والتعليم,,Moderate,كتاب تعلم البرمجه بالعربيه,الكتب والتعليم,,Strong,Substitute,category_fallback,0.8,شركاء مقترحون بناءً على الشراء المتكرر داخل نفس القسم.,منتجات من نفس القسم يميل العملاء لضمّها — فرصة بيع تكميلي داخلي.
,,0.000869,0.127,1.0409,,,,,,,,98,48,8,اوزان حديد طقم 20 كيلو - اصدار خاص,الرياضه واللياقه,,Moderate,حقيبه رياضيه جيم,الرياضه واللياقه,,Strong,Substitute,category_fallback,0.8,شركاء مقترحون بناءً على الشراء المتكرر داخل نفس القسم.,منتجات من نفس القسم يميل العملاء لضمّها — فرصة بيع تكميلي داخلي.
,,0.000869,0.1159,1.6521,,,,,,,,99,53,8,مجموعه كتب الطفل التعليميه - اصدار خاص,الكتب والتعليم,,Moderate,كتاب رياده الاعمال والنجاح,الكتب والتعليم,,Strong,Substitute,category_fallback,0.8,شركاء مقترحون بناءً على الشراء المتكرر داخل نفس القسم.,منتجات من نفس القسم يميل العملاء لضمّها — فرصة بيع تكميلي داخلي.
,,0.000869,0.1096,1.2562,,,,,,,,90,2,8,شاشه 4K 27 انش - اصدار خاص,الالكترونيات,,Moderate,لابتوب الترا سليم,الالكترونيات,,Strong,Substitute,category_fallback,0.8,شركاء مقترحون بناءً على الشراء المتكرر داخل نفس القسم.,منتجات من نفس القسم يميل العملاء لضمّها — فرصة بيع تكميلي داخلي.
,,0.000869,0.0842,0.6903,,,,,,,,167,48,8,حقيبه رياضيه جيم - اصدار خاص,الرياضه واللياقه,,Moderate,حقيبه رياضيه جيم,الرياضه واللياقه,,Strong,Substitute,category_fallback,0.8,شركاء مقترحون بناءً على الشراء المتكرر داخل نفس القسم.,منتجات من نفس القسم يميل العملاء لضمّها — فرصة بيع تكميلي داخلي.
,,0.000869,0.086,0.8897,,,,,,,,181,34,8,عطر رجالي عودي - اصدار خاص,الجمال والعنايه,,Moderate,طقم مكياج احترافي,الجمال والعنايه,,Strong,Substitute,category_fallback,0.8,شركاء مقترحون بناءً على الشراء المتكرر داخل نفس القسم.,منتجات من نفس القسم يميل العملاء لضمّها — فرصة بيع تكميلي داخلي.
,,0.000869,0.086,1.2353,,,,,,,,181,33,8,عطر رجالي عودي - اصدار خاص,الجمال والعنايه,,Moderate,مجموعه عنايه بالشعر,الجمال والعنايه,,Strong,Substitute,category_fallback,0.8,شركاء مقترحون بناءً على الشراء المتكرر داخل نفس القسم.,منتجات من نفس القسم يميل العملاء لضمّها — فرصة بيع تكميلي داخلي.
,,0.000869,0.1053,1.715,,,,,,,,159,41,8,حصيره يوغا مضاده للانزلاق - اصدار خاص,الرياضه واللياقه,,Moderate,حذاء جري احترافي,الرياضه واللياقه,,Strong,Substitute,category_fallback,0.8,شركاء مقترحون بناءً على الشراء المتكرر داخل نفس القسم.,منتجات من نفس القسم يميل العملاء لضمّها — فرصة بيع تكميلي داخلي.
,,0.00076,0.0419,2.7959,,,,,,,,18,180,7,جاكيت شتوي دافي,الازياء والملابس,,Moderate,شال كشمير ناعم - اصدار خاص,الازياء والملابس,,Moderate,Substitute,category_fallback,0.7,شركاء مقترحون بناءً على الشراء المتكرر داخل نفس القسم.,منتجات من نفس القسم يميل العملاء لضمّها — فرصة بيع تكميلي داخلي.
,,0.00076,0.0419,5.2855,,,,,,,,18,14,7,جاكيت شتوي دافي,الازياء والملابس,,Moderate,عباءه مطرزه فاخره,الازياء والملابس,,Moderate,Substitute,category_fallback,0.7,شركاء مقترحون بناءً على الشراء المتكرر داخل نفس القسم.,منتجات من نفس القسم يميل العملاء لضمّها — فرصة بيع تكميلي داخلي.
,,0.00076,0.0778,4.3923,,,,,,,,170,21,7,فرن كهربايي 60 لتر - اصدار خاص,المنزل والمطبخ,,Moderate,مكيف هواء انفيرتر 18000,المنزل والمطبخ,,Moderate,Substitute,category_fallback,0.7,شركاء مقترحون بناءً على الشراء المتكرر داخل نفس القسم.,منتجات من نفس القسم يميل العملاء لضمّها — فرصة بيع تكميلي داخلي.
,,0.00076,0.0507,2.7959,,,,,,,,180,18,7,شال كشمير ناعم - اصدار خاص,الازياء والملابس,,Moderate,جاكيت شتوي دافي,الازياء والملابس,,Moderate,Substitute,category_fallback,0.7,شركاء مقترحون بناءً على الشراء المتكرر داخل نفس القسم.,منتجات من نفس القسم يميل العملاء لضمّها — فرصة بيع تكميلي داخلي.
,,0.00076,0.0476,2.9418,,,,,,,,96,45,7,دراجه هواييه جبليه - اصدار خاص,الرياضه واللياقه,,Moderate,كره قدم رسميه فيفا,الرياضه واللياقه,,Moderate,Substitute,category_fallback,0.7,شركاء مقترحون بناءً على الشراء المتكرر داخل نفس القسم.,منتجات من نفس القسم يميل العملاء لضمّها — فرصة بيع تكميلي داخلي.
,,0.00076,0.0787,1.1207,,,,,,,,89,53,7,كتاب رياده الاعمال والنجاح - اصدار خاص,الكتب والتعليم,,Moderate,كتاب رياده الاعمال والنجاح,الكتب والتعليم,,Strong,Substitute,category_fallback,0.7,شركاء مقترحون بناءً على الشراء المتكرر داخل نفس القسم.,منتجات من نفس القسم يميل العملاء لضمّها — فرصة بيع تكميلي داخلي.
,,0.00076,0.0787,0.7921,,,,,,,,89,51,7,كتاب رياده الاعمال والنجاح - اصدار خاص,الكتب والتعليم,,Moderate,كتاب تعلم البرمجه بالعربيه,الكتب والتعليم,,Strong,Substitute,category_fallback,0.7,شركاء مقترحون بناءً على الشراء المتكرر داخل نفس القسم.,منتجات من نفس القسم يميل العملاء لضمّها — فرصة بيع تكميلي داخلي.
,,0.00076,0.0473,3.249,,,,,,,,168,178,7,مجموعه سكاكين مطبخ - اصدار خاص,المنزل والمطبخ,,Moderate,مكيف هواء انفيرتر 18000 - اصدار خاص,المنزل والمطبخ,,Moderate,Substitute,category_fallback,0.7,شركاء مقترحون بناءً على الشراء المتكرر داخل نفس القسم.,منتجات من نفس القسم يميل العملاء لضمّها — فرصة بيع تكميلي داخلي.
,,0.00076,0.0673,0.9696,,,,,,,,145,56,7,قاموس عربي انجليزي شامل - اصدار خاص,الكتب والتعليم,,Moderate,دوره برمجه اكاديميه USB,الكتب والتعليم,,Strong,Substitute,category_fallback,0.7,شركاء مقترحون بناءً على الشراء المتكرر داخل نفس القسم.,منتجات من نفس القسم يميل العملاء لضمّها — فرصة بيع تكميلي داخلي.
,,0.00076,0.0769,4.7205,,,,,,,,146,131,7,اوزان حديد طقم 20 كيلو - اصدار خاص,الرياضه واللياقه,,Moderate,اوزان حديد طقم 20 كيلو - اصدار خاص,الرياضه واللياقه,,Moderate,Substitute,category_fallback,0.7,شركاء مقترحون بناءً على الشراء المتكرر داخل نفس القسم.,منتجات من نفس القسم يميل العملاء لضمّها — فرصة بيع تكميلي داخلي.
,,0.00076,0.0673,4.3026,,,,,,,,145,172,7,قاموس عربي انجليزي شامل - اصدار خاص,الكتب والتعليم,,Moderate,كتاب رياده الاعمال والنجاح - اصدار خاص,الكتب والتعليم,,Moderate,Substitute,category_fallback,0.7,شركاء مقترحون بناءً على الشراء المتكرر داخل نفس القسم.,منتجات من نفس القسم يميل العملاء لضمّها — فرصة بيع تكميلي داخلي.
,,0.00076,0.0959,5.2855,,,,,,,,14,18,7,عباءه مطرزه فاخره,الازياء والملابس,,Moderate,جاكيت شتوي دافي,الازياء والملابس,,Moderate,Substitute,category_fallback,0.7,شركاء مقترحون بناءً على الشراء المتكرر داخل نفس القسم.,منتجات من نفس القسم يميل العملاء لضمّها — فرصة بيع تكميلي داخلي.
,,0.00076,0.0886,1.3113,,,,,,,,199,31,7,زيت ارغان طبيعي - اصدار خاص,الجمال والعنايه,,Moderate,كريم مرطب SPF 50,الجمال والعنايه,,Strong,Substitute,category_fallback,0.7,شركاء مقترحون بناءً على الشراء المتكرر داخل نفس القسم.,منتجات من نفس القسم يميل العملاء لضمّها — فرصة بيع تكميلي داخلي.
,,0.00076,0.0769,4.8168,,,,,,,,146,96,7,اوزان حديد طقم 20 كيلو - اصدار خاص,الرياضه واللياقه,,Moderate,دراجه هواييه جبليه - اصدار خاص,الرياضه واللياقه,,Moderate,Substitute,category_fallback,0.7,شركاء مقترحون بناءً على الشراء المتكرر داخل نفس القسم.,منتجات من نفس القسم يميل العملاء لضمّها — فرصة بيع تكميلي داخلي.
,,0.00076,0.0805,1.2202,,,,,,,,192,54,7,مجموعه كتب الطفل التعليميه - اصدار خاص,الكتب والتعليم,,Moderate,قاموس عربي انجليزي شامل,الكتب والتعليم,,Strong,Substitute,category_fallback,0.7,شركاء مقترحون بناءً على الشراء المتكرر داخل نفس القسم.,منتجات من نفس القسم يميل العملاء لضمّها — فرصة بيع تكميلي داخلي.
,,0.00076,0.1148,0.9499,,,,,,,,148,42,7,حذاء جري احترافي - اصدار خاص,الرياضه واللياقه,,Moderate,لباس رياضي ضاغط,الرياضه واللياقه,,Strong,Substitute,category_fallback,0.7,شركاء مقترحون بناءً على الشراء المتكرر داخل نفس القسم.,منتجات من نفس القسم يميل العملاء لضمّها — فرصة بيع تكميلي داخلي.
,,0.00076,0.0556,3.4788,,,,,,,,185,124,7,سماعات لاسلكيه - اصدار خاص,الالكترونيات,,Moderate,كاميرا ميرورليس - اصدار خاص,الالكترونيات,,Moderate,Substitute,category_fallback,0.7,شركاء مقترحون بناءً على الشراء المتكرر داخل نفس القسم.,منتجات من نفس القسم يميل العملاء لضمّها — فرصة بيع تكميلي داخلي.
,,0.00076,0.0787,4.8918,,,,,,,,153,168,7,فرن كهربايي 60 لتر - اصدار خاص,المنزل والمطبخ,,Moderate,مجموعه سكاكين مطبخ - اصدار خاص,المنزل والمطبخ,,Moderate,Substitute,category_fallback,0.7,شركاء مقترحون بناءً على الشراء المتكرر داخل نفس القسم.,منتجات من نفس القسم يميل العملاء لضمّها — فرصة بيع تكميلي داخلي.
,,0.00076,0.0673,0.6779,,,,,,,,145,51,7,قاموس عربي انجليزي شامل - اصدار خاص,الكتب والتعليم,,Moderate,كتاب تعلم البرمجه بالعربيه,الكتب والتعليم,,Strong,Substitute,category_fallback,0.7,شركاء مقترحون بناءً على الشراء المتكرر داخل نفس القسم.,منتجات من نفس القسم يميل العملاء لضمّها — فرصة بيع تكميلي داخلي.
,,0.00076,0.0778,4.4194,,,,,,,,151,150,7,كتاب تطوير الذات والتحفيز - اصدار خاص,الكتب والتعليم,,Moderate,اطلس العالم المصور - اصدار خاص,الكتب والتعليم,,Moderate,Substitute,category_fallback,0.7,شركاء مقترحون بناءً على الشراء المتكرر داخل نفس القسم.,منتجات من نفس القسم يميل العملاء لضمّها — فرصة بيع تكميلي داخلي.
,,0.00076,0.0467,0.665,,,,,,,,183,39,7,كريم مرطب SPF 50 - اصدار خاص,الجمال والعنايه,,Moderate,قناع وجه كولاجين,الجمال والعنايه,,Strong,Substitute,category_fallback,0.7,شركاء مقترحون بناءً على الشراء المتكرر داخل نفس القسم.,منتجات من نفس القسم يميل العملاء لضمّها — فرصة بيع تكميلي داخلي.
,,0.00076,0.0476,4.8168,,,,,,,,96,146,7,دراجه هواييه جبليه - اصدار خاص,الرياضه واللياقه,,Moderate,اوزان حديد طقم 20 كيلو - اصدار خاص,الرياضه واللياقه,,Moderate,Substitute,category_fallback,0.7,شركاء مقترحون بناءً على الشراء المتكرر داخل نفس القسم.,منتجات من نفس القسم يميل العملاء لضمّها — فرصة بيع تكميلي داخلي.
,,0.00076,0.0737,4.6456,,,,,,,,162,176,7,ثلاجه نوفروست 350 لتر - اصدار خاص,المنزل والمطبخ,,Moderate,فرن كهربايي 60 لتر - اصدار خاص,المنزل والمطبخ,,Moderate,Substitute,category_fallback,0.7,شركاء مقترحون بناءً على الشراء المتكرر داخل نفس القسم.,منتجات من نفس القسم يميل العملاء لضمّها — فرصة بيع تكميلي داخلي.
,,0.00076,0.0737,4.4331,,,,,,,,162,91,7,ثلاجه نوفروست 350 لتر - اصدار خاص,المنزل والمطبخ,,Moderate,فرن كهربايي 60 لتر - اصدار خاص,المنزل والمطبخ,,Moderate,Substitute,category_fallback,0.7,شركاء مقترحون بناءً على الشراء المتكرر داخل نفس القسم.,منتجات من نفس القسم يميل العملاء لضمّها — فرصة بيع تكميلي داخلي.
,,0.00076,0.1148,0.9499,,,,,,,,173,42,7,حذاء جري احترافي - اصدار خاص,الرياضه واللياقه,,Moderate,لباس رياضي ضاغط,الرياضه واللياقه,,Strong,Substitute,category_fallback,0.7,شركاء مقترحون بناءً على الشراء المتكرر داخل نفس القسم.,منتجات من نفس القسم يميل العملاء لضمّها — فرصة بيع تكميلي داخلي.
,,0.00076,0.0946,0.7887,,,,,,,,174,3,7,تابلت 10 انش - اصدار خاص,الالكترونيات,,Moderate,سماعات لاسلكيه,الالكترونيات,,Strong,Substitute,category_fallback,0.7,شركاء مقترحون بناءً على الشراء المتكرر داخل نفس القسم.,منتجات من نفس القسم يميل العملاء لضمّها — فرصة بيع تكميلي داخلي.
,,0.00076,0.1029,1.1444,,,,,,,,104,32,7,قناع وجه كولاجين - اصدار خاص,الجمال والعنايه,,Moderate,سيروم فيتامين سي,الجمال والعنايه,,Strong,Substitute,category_fallback,0.7,شركاء مقترحون بناءً على الشراء المتكرر داخل نفس القسم.,منتجات من نفس القسم يميل العملاء لضمّها — فرصة بيع تكميلي داخلي.
,,0.00076,0.0886,5.5485,,,,,,,,75,124,7,تابلت 10 انش - اصدار خاص,الالكترونيات,,Moderate,كاميرا ميرورليس - اصدار خاص,الالكترونيات,,Moderate,Substitute,category_fallback,0.7,شركاء مقترحون بناءً على الشراء المتكرر داخل نفس القسم.,منتجات من نفس القسم يميل العملاء لضمّها — فرصة بيع تكميلي داخلي.
,,0.00076,0.1014,0.8398,,,,,,,,123,42,7,عداد خطوات ذكي - اصدار خاص,الرياضه واللياقه,,Moderate,لباس رياضي ضاغط,الرياضه واللياقه,,Strong,Substitute,category_fallback,0.7,شركاء مقترحون بناءً على الشراء المتكرر داخل نفس القسم.,منتجات من نفس القسم يميل العملاء لضمّها — فرصة بيع تكميلي داخلي.
,,0.00076,0.0526,0.8809,,,,,,,,119,29,7,ماكينه قهوه اسبريسو - اصدار خاص,المنزل والمطبخ,,Moderate,مجموعه سكاكين مطبخ,المنزل والمطبخ,,Strong,Substitute,category_fallback,0.7,شركاء مقترحون بناءً على الشراء المتكرر داخل نفس القسم.,منتجات من نفس القسم يميل العملاء لضمّها — فرصة بيع تكميلي داخلي.
,,0.00076,0.0886,1.3327,,,,,,,,75,6,7,تابلت 10 انش - اصدار خاص,الالكترونيات,,Moderate,شاشه 4K 27 انش,الالكترونيات,,Strong,Substitute,category_fallback,0.7,شركاء مقترحون بناءً على الشراء المتكرر داخل نفس القسم.,منتجات من نفس القسم يميل العملاء لضمّها — فرصة بيع تكميلي داخلي.
,,0.00076,0.0761,0.6298,,,,,,,,114,42,7,حقيبه رياضيه جيم - اصدار خاص,الرياضه واللياقه,,Moderate,لباس رياضي ضاغط,الرياضه واللياقه,,Strong,Substitute,category_fallback,0.7,شركاء مقترحون بناءً على الشراء المتكرر داخل نفس القسم.,منتجات من نفس القسم يميل العملاء لضمّها — فرصة بيع تكميلي داخلي.
,,0.00076,0.0833,5.183,,,,,,,,128,168,7,مكواه بخاريه احترافيه - اصدار خاص,المنزل والمطبخ,,Moderate,مجموعه سكاكين مطبخ - اصدار خاص,المنزل والمطبخ,,Moderate,Substitute,category_fallback,0.7,شركاء مقترحون بناءً على الشراء المتكرر داخل نفس القسم.,منتجات من نفس القسم يميل العملاء لضمّها — فرصة بيع تكميلي داخلي.
,,0.00076,0.1077,1.0846,,,,,,,,62,51,7,كتاب الطبخ العربي التقليدي - اصدار خاص,الكتب والتعليم,,Moderate,كتاب تعلم البرمجه بالعربيه,الكتب والتعليم,,Strong,Substitute,category_fallback,0.7,شركاء مقترحون بناءً على الشراء المتكرر داخل نفس القسم.,منتجات من نفس القسم يميل العملاء لضمّها — فرصة بيع تكميلي داخلي.
,,0.00076,0.0864,1.241,,,,,,,,40,33,7,مزيل عرق رول اون,الجمال والعنايه,,Moderate,مجموعه عنايه بالشعر,الجمال والعنايه,,Strong,Substitute,category_fallback,0.7,شركاء مقترحون بناءً على الشراء المتكرر داخل نفس القسم.,منتجات من نفس القسم يميل العملاء لضمّها — فرصة بيع تكميلي داخلي.
,,0.00076,0.0787,1.1295,,,,,,,,36,33,7,عطر رجالي عودي,الجمال والعنايه,,Moderate,مجموعه عنايه بالشعر,الجمال والعنايه,,Strong,Substitute,category_fallback,0.7,شركاء مقترحون بناءً على الشراء المتكرر داخل نفس القسم.,منتجات من نفس القسم يميل العملاء لضمّها — فرصة بيع تكميلي داخلي.
,,0.00076,0.0787,4.4691,,,,,,,,36,87,7,عطر رجالي عودي,الجمال والعنايه,,Moderate,طقم مكياج احترافي - اصدار خاص,الجمال والعنايه,,Moderate,Substitute,category_fallback,0.7,شركاء مقترحون بناءً على الشراء المتكرر داخل نفس القسم.,منتجات من نفس القسم يميل العملاء لضمّها — فرصة بيع تكميلي داخلي.
,,0.00076,0.1029,0.8583,,,,,,,,8,3,7,مكبر صوت بلوتوث,الالكترونيات,,Moderate,سماعات لاسلكيه,الالكترونيات,,Strong,Substitute,category_fallback,0.7,شركاء مقترحون بناءً على الشراء المتكرر داخل نفس القسم.,منتجات من نفس القسم يميل العملاء لضمّها — فرصة بيع تكميلي داخلي.
,,0.00076,0.0986,1.1302,,,,,,,,107,2,7,كاميرا ميرورليس - اصدار خاص,الالكترونيات,,Moderate,لابتوب الترا سليم,الالكترونيات,,Strong,Substitute,category_fallback,0.7,شركاء مقترحون بناءً على الشراء المتكرر داخل نفس القسم.,منتجات من نفس القسم يميل العملاء لضمّها — فرصة بيع تكميلي داخلي.
,,0.00076,0.0714,0.7194,,,,,,,,92,51,7,موسوعه التاريخ الاسلامي - اصدار خاص,الكتب والتعليم,,Moderate,كتاب تعلم البرمجه بالعربيه,الكتب والتعليم,,Strong,Substitute,category_fallback,0.7,شركاء مقترحون بناءً على الشراء المتكرر داخل نفس القسم.,منتجات من نفس القسم يميل العملاء لضمّها — فرصة بيع تكميلي داخلي.
,,0.00076,0.0854,0.9786,,,,,,,,67,2,7,لابتوب الترا سليم - اصدار خاص,الالكترونيات,,Moderate,لابتوب الترا سليم,الالكترونيات,,Strong,Substitute,category_fallback,0.7,شركاء مقترحون بناءً على الشراء المتكرر داخل نفس القسم.,منتجات من نفس القسم يميل العملاء لضمّها — فرصة بيع تكميلي داخلي.
,,0.00076,0.0986,5.6021,,,,,,,,122,87,7,طقم مكياج احترافي - اصدار خاص,الجمال والعنايه,,Moderate,طقم مكياج احترافي - اصدار خاص,الجمال والعنايه,,Moderate,Substitute,category_fallback,0.7,شركاء مقترحون بناءً على الشراء المتكرر داخل نفس القسم.,منتجات من نفس القسم يميل العملاء لضمّها — فرصة بيع تكميلي داخلي.
,,0.00076,0.047,0.3851,,,,,,,,45,48,7,كره قدم رسميه فيفا,الرياضه واللياقه,,Moderate,حقيبه رياضيه جيم,الرياضه واللياقه,,Strong,Substitute,category_fallback,0.7,شركاء مقترحون بناءً على الشراء المتكرر داخل نفس القسم.,منتجات من نفس القسم يميل العملاء لضمّها — فرصة بيع تكميلي داخلي.
,,0.00076,0.047,2.9418,,,,,,,,45,96,7,كره قدم رسميه فيفا,الرياضه واللياقه,,Moderate,دراجه هواييه جبليه - اصدار خاص,الرياضه واللياقه,,Moderate,Substitute,category_fallback,0.7,شركاء مقترحون بناءً على الشراء المتكرر داخل نفس القسم.,منتجات من نفس القسم يميل العملاء لضمّها — فرصة بيع تكميلي داخلي.
,,0.00076,0.0769,4.628,,,,,,,,23,91,7,ثلاجه نوفروست 350 لتر,المنزل والمطبخ,,Moderate,فرن كهربايي 60 لتر - اصدار خاص,المنزل والمطبخ,,Moderate,Substitute,category_fallback,0.7,شركاء مقترحون بناءً على الشراء المتكرر داخل نفس القسم.,منتجات من نفس القسم يميل العملاء لضمّها — فرصة بيع تكميلي داخلي.
,,0.000652,0.0619,0.623,,,,,,,,113,51,6,كتاب تعلم البرمجه بالعربيه - اصدار خاص,الكتب والتعليم,,Moderate,كتاب تعلم البرمجه بالعربيه,الكتب والتعليم,,Strong,Substitute,category_fallback,0.6,شركاء مقترحون بناءً على الشراء المتكرر داخل نفس القسم.,منتجات من نفس القسم يميل العملاء لضمّها — فرصة بيع تكميلي داخلي.
,,0.000652,0.0723,7.7375,,,,,,,,86,117,6,لباس رياضي ضاغط - اصدار خاص,الرياضه واللياقه,,Moderate,حصيره يوغا مضاده للانزلاق - اصدار خاص,الرياضه واللياقه,,Moderate,Substitute,category_fallback,0.6,شركاء مقترحون بناءً على الشراء المتكرر داخل نفس القسم.,منتجات من نفس القسم يميل العملاء لضمّها — فرصة بيع تكميلي داخلي.
,,0.000652,0.087,0.8994,,,,,,,,78,34,6,عطر رجالي عودي - اصدار خاص,الجمال والعنايه,,Moderate,طقم مكياج احترافي,الجمال والعنايه,,Strong,Substitute,category_fallback,0.6,شركاء مقترحون بناءً على الشراء المتكرر داخل نفس القسم.,منتجات من نفس القسم يميل العملاء لضمّها — فرصة بيع تكميلي داخلي.
,,0.000652,0.0619,1.0007,,,,,,,,108,9,6,كاميرا ميرورليس - اصدار خاص,الالكترونيات,,Moderate,راوتر واي فاي 6,الالكترونيات,,Strong,Substitute,category_fallback,0.6,شركاء مقترحون بناءً على الشراء المتكرر داخل نفس القسم.,منتجات من نفس القسم يميل العملاء لضمّها — فرصة بيع تكميلي داخلي.
,,0.000652,0.0619,0.5157,,,,,,,,108,3,6,كاميرا ميرورليس - اصدار خاص,الالكترونيات,,Moderate,سماعات لاسلكيه,الالكترونيات,,Strong,Substitute,category_fallback,0.6,شركاء مقترحون بناءً على الشراء المتكرر داخل نفس القسم.,منتجات من نفس القسم يميل العملاء لضمّها — فرصة بيع تكميلي داخلي.
,,0.000652,0.1017,1.0242,,,,,,,,94,51,6,قاموس عربي انجليزي شامل - اصدار خاص,الكتب والتعليم,,Moderate,كتاب تعلم البرمجه بالعربيه,الكتب والتعليم,,Strong,Substitute,category_fallback,0.6,شركاء مقترحون بناءً على الشراء المتكرر داخل نفس القسم.,منتجات من نفس القسم يميل العملاء لضمّها — فرصة بيع تكميلي داخلي.
,,0.000652,0.0723,0.7922,,,,,,,,86,46,6,لباس رياضي ضاغط - اصدار خاص,الرياضه واللياقه,,Moderate,حصيره يوغا مضاده للانزلاق,الرياضه واللياقه,,Strong,Substitute,category_fallback,0.6,شركاء مقترحون بناءً على الشراء المتكرر داخل نفس القسم.,منتجات من نفس القسم يميل العملاء لضمّها — فرصة بيع تكميلي داخلي.
,,0.000652,0.0612,0.882,,,,,,,,92,56,6,موسوعه التاريخ الاسلامي - اصدار خاص,الكتب والتعليم,,Moderate,دوره برمجه اكاديميه USB,الكتب والتعليم,,Strong,Substitute,category_fallback,0.6,شركاء مقترحون بناءً على الشراء المتكرر داخل نفس القسم.,منتجات من نفس القسم يميل العملاء لضمّها — فرصة بيع تكميلي داخلي.
,,0.000652,0.0619,3.6499,,,,,,,,113,175,6,كتاب تعلم البرمجه بالعربيه - اصدار خاص,الكتب والتعليم,,Moderate,مجموعه كتب الطفل التعليميه - اصدار خاص,الكتب والتعليم,,Moderate,Substitute,category_fallback,0.6,شركاء مقترحون بناءً على الشراء المتكرر داخل نفس القسم.,منتجات من نفس القسم يميل العملاء لضمّها — فرصة بيع تكميلي داخلي.
,,0.000652,0.0638,3.9433,,,,,,,,110,45,6,جهاز قياس ضغط الدم - اصدار خاص,الرياضه واللياقه,,Moderate,كره قدم رسميه فيفا,الرياضه واللياقه,,Moderate,Substitute,category_fallback,0.6,شركاء مقترحون بناءً على الشراء المتكرر داخل نفس القسم.,منتجات من نفس القسم يميل العملاء لضمّها — فرصة بيع تكميلي داخلي.
,,0.000652,0.1034,1.4925,,,,,,,,79,38,6,سيروم فيتامين سي - اصدار خاص,الجمال والعنايه,,Moderate,زيت ارغان طبيعي,الجمال والعنايه,,Strong,Substitute,category_fallback,0.6,شركاء مقترحون بناءً على الشراء المتكرر داخل نفس القسم.,منتجات من نفس القسم يميل العملاء لضمّها — فرصة بيع تكميلي داخلي.
,,0.000652,0.0759,0.8443,,,,,,,,199,32,6,زيت ارغان طبيعي - اصدار خاص,الجمال والعنايه,,Moderate,سيروم فيتامين سي,الجمال والعنايه,,Strong,Substitute,category_fallback,0.6,شركاء مقترحون بناءً على الشراء المتكرر داخل نفس القسم.,منتجات من نفس القسم يميل العملاء لضمّها — فرصة بيع تكميلي داخلي.
,,0.000652,0.0822,1.2464,,,,,,,,200,54,6,موسوعه التاريخ الاسلامي - اصدار خاص,الكتب والتعليم,,Moderate,قاموس عربي انجليزي شامل,الكتب والتعليم,,Strong,Substitute,category_fallback,0.6,شركاء مقترحون بناءً على الشراء المتكرر داخل نفس القسم.,منتجات من نفس القسم يميل العملاء لضمّها — فرصة بيع تكميلي داخلي.
,,0.000652,0.0659,4.1008,,,,,,,,23,168,6,ثلاجه نوفروست 350 لتر,المنزل والمطبخ,,Moderate,مجموعه سكاكين مطبخ - اصدار خاص,المنزل والمطبخ,,Moderate,Substitute,category_fallback,0.6,شركاء مقترحون بناءً على الشراء المتكرر داخل نفس القسم.,منتجات من نفس القسم يميل العملاء لضمّها — فرصة بيع تكميلي داخلي.
,,0.000652,0.0476,2.8649,,,,,,,,135,91,6,طقم اواني طهي غرانيت - اصدار خاص,المنزل والمطبخ,,Moderate,فرن كهربايي 60 لتر - اصدار خاص,المنزل والمطبخ,,Moderate,Substitute,category_fallback,0.6,شركاء مقترحون بناءً على الشراء المتكرر داخل نفس القسم.,منتجات من نفس القسم يميل العملاء لضمّها — فرصة بيع تكميلي داخلي.
,,0.000652,0.0403,0.6261,,,,,,,,45,50,6,كره قدم رسميه فيفا,الرياضه واللياقه,,Moderate,عداد خطوات ذكي,الرياضه واللياقه,,Strong,Substitute,category_fallback,0.6,شركاء مقترحون بناءً على الشراء المتكرر داخل نفس القسم.,منتجات من نفس القسم يميل العملاء لضمّها — فرصة بيع تكميلي داخلي.
,,0.000652,0.0698,0.5775,,,,,,,,44,42,6,جهاز مشي كهربايي,الرياضه واللياقه,,Moderate,لباس رياضي ضاغط,الرياضه واللياقه,,Strong,Substitute,category_fallback,0.6,شركاء مقترحون بناءً على الشراء المتكرر داخل نفس القسم.,منتجات من نفس القسم يميل العملاء لضمّها — فرصة بيع تكميلي داخلي.
,,0.000652,0.0741,1.0687,,,,,,,,40,38,6,مزيل عرق رول اون,الجمال والعنايه,,Moderate,زيت ارغان طبيعي,الجمال والعنايه,,Strong,Substitute,category_fallback,0.6,شركاء مقترحون بناءً على الشراء المتكرر داخل نفس القسم.,منتجات من نفس القسم يميل العملاء لضمّها — فرصة بيع تكميلي داخلي.
,,0.000652,0.1224,1.0037,,,,,,,,43,48,6,دراجه هواييه جبليه,الرياضه واللياقه,,Moderate,حقيبه رياضيه جيم,الرياضه واللياقه,,Strong,Substitute,category_fallback,0.6,شركاء مقترحون بناءً على الشراء المتكرر داخل نفس القسم.,منتجات من نفس القسم يميل العملاء لضمّها — فرصة بيع تكميلي داخلي.
,,0.000652,0.0779,0.8663,,,,,,,,132,32,6,عطر رجالي عودي - اصدار خاص,الجمال والعنايه,,Moderate,سيروم فيتامين سي,الجمال والعنايه,,Strong,Substitute,category_fallback,0.6,شركاء مقترحون بناءً على الشراء المتكرر داخل نفس القسم.,منتجات من نفس القسم يميل العملاء لضمّها — فرصة بيع تكميلي داخلي.
,,0.000652,0.0659,0.9395,,,,,,,,57,53,6,مجموعه كتب الطفل التعليميه,الكتب والتعليم,,Moderate,كتاب رياده الاعمال والنجاح,الكتب والتعليم,,Strong,Substitute,category_fallback,0.6,شركاء مقترحون بناءً على الشراء المتكرر داخل نفس القسم.,منتجات من نفس القسم يميل العملاء لضمّها — فرصة بيع تكميلي داخلي.
,,0.000652,0.0882,1.2573,,,,,,,,104,39,6,قناع وجه كولاجين - اصدار خاص,الجمال والعنايه,,Moderate,قناع وجه كولاجين,الجمال والعنايه,,Strong,Substitute,category_fallback,0.6,شركاء مقترحون بناءً على الشراء المتكرر داخل نفس القسم.,منتجات من نفس القسم يميل العملاء لضمّها — فرصة بيع تكميلي داخلي.
,,0.000652,0.0714,0.8365,,,,,,,,128,25,6,مكواه بخاريه احترافيه - اصدار خاص,المنزل والمطبخ,,Moderate,ماكينه قهوه اسبريسو,المنزل والمطبخ,,Strong,Substitute,category_fallback,0.6,شركاء مقترحون بناءً على الشراء المتكرر داخل نفس القسم.,منتجات من نفس القسم يميل العملاء لضمّها — فرصة بيع تكميلي داخلي.
,,0.000652,0.0652,0.743,,,,,,,,69,1,6,لابتوب الترا سليم - اصدار خاص,الالكترونيات,,Moderate,هاتف ذكي برو ماكس,الالكترونيات,,Strong,Substitute,category_fallback,0.6,شركاء مقترحون بناءً على الشراء المتكرر داخل نفس القسم.,منتجات من نفس القسم يميل العملاء لضمّها — فرصة بيع تكميلي داخلي.
,,0.000652,0.0619,0.7091,,,,,,,,108,2,6,كاميرا ميرورليس - اصدار خاص,الالكترونيات,,Moderate,لابتوب الترا سليم,الالكترونيات,,Strong,Substitute,category_fallback,0.6,شركاء مقترحون بناءً على الشراء المتكرر داخل نفس القسم.,منتجات من نفس القسم يميل العملاء لضمّها — فرصة بيع تكميلي داخلي.
,,0.000652,0.0923,1.3297,,,,,,,,62,56,6,كتاب الطبخ العربي التقليدي - اصدار خاص,الكتب والتعليم,,Moderate,دوره برمجه اكاديميه USB,الكتب والتعليم,,Strong,Substitute,category_fallback,0.6,شركاء مقترحون بناءً على الشراء المتكرر داخل نفس القسم.,منتجات من نفس القسم يميل العملاء لضمّها — فرصة بيع تكميلي داخلي.
,,0.000652,0.0938,0.9442,,,,,,,,133,51,6,اطلس العالم المصور - اصدار خاص,الكتب والتعليم,,Moderate,كتاب تعلم البرمجه بالعربيه,الكتب والتعليم,,Strong,Substitute,category_fallback,0.6,شركاء مقترحون بناءً على الشراء المتكرر داخل نفس القسم.,منتجات من نفس القسم يميل العملاء لضمّها — فرصة بيع تكميلي داخلي.
,,0.000652,0.0638,0.9195,,,,,,,,120,56,6,روايه عربيه بيست سيلر - اصدار خاص,الكتب والتعليم,,Moderate,دوره برمجه اكاديميه USB,الكتب والتعليم,,Strong,Substitute,category_fallback,0.6,شركاء مقترحون بناءً على الشراء المتكرر داخل نفس القسم.,منتجات من نفس القسم يميل العملاء لضمّها — فرصة بيع تكميلي داخلي.
,,0.000652,0.075,0.8544,,,,,,,,102,1,6,تابلت 10 انش - اصدار خاص,الالكترونيات,,Moderate,هاتف ذكي برو ماكس,الالكترونيات,,Strong,Substitute,category_fallback,0.6,شركاء مقترحون بناءً على الشراء المتكرر داخل نفس القسم.,منتجات من نفس القسم يميل العملاء لضمّها — فرصة بيع تكميلي داخلي.
,,0.000652,0.075,0.6253,,,,,,,,102,3,6,تابلت 10 انش - اصدار خاص,الالكترونيات,,Moderate,سماعات لاسلكيه,الالكترونيات,,Strong,Substitute,category_fallback,0.6,شركاء مقترحون بناءً على الشراء المتكرر داخل نفس القسم.,منتجات من نفس القسم يميل العملاء لضمّها — فرصة بيع تكميلي داخلي.
,,0.000652,0.0882,0.9126,,,,,,,,104,34,6,قناع وجه كولاجين - اصدار خاص,الجمال والعنايه,,Moderate,طقم مكياج احترافي,الجمال والعنايه,,Strong,Substitute,category_fallback,0.6,شركاء مقترحون بناءً على الشراء المتكرر داخل نفس القسم.,منتجات من نفس القسم يميل العملاء لضمّها — فرصة بيع تكميلي داخلي.
,,0.000652,0.0714,7.3056,,,,,,,,128,170,6,مكواه بخاريه احترافيه - اصدار خاص,المنزل والمطبخ,,Moderate,فرن كهربايي 60 لتر - اصدار خاص,المنزل والمطبخ,,Moderate,Substitute,category_fallback,0.6,شركاء مقترحون بناءً على الشراء المتكرر داخل نفس القسم.,منتجات من نفس القسم يميل العملاء لضمّها — فرصة بيع تكميلي داخلي.
,,0.000652,0.0638,0.9095,,,,,,,,120,53,6,روايه عربيه بيست سيلر - اصدار خاص,الكتب والتعليم,,Moderate,كتاب رياده الاعمال والنجاح,الكتب والتعليم,,Strong,Substitute,category_fallback,0.6,شركاء مقترحون بناءً على الشراء المتكرر داخل نفس القسم.,منتجات من نفس القسم يميل العملاء لضمّها — فرصة بيع تكميلي داخلي.
,,0.000652,0.0845,0.9935,,,,,,,,71,47,6,حصيره يوغا مضاده للانزلاق - اصدار خاص,الرياضه واللياقه,,Moderate,اوزان حديد طقم 20 كيلو,الرياضه واللياقه,,Strong,Substitute,category_fallback,0.6,شركاء مقترحون بناءً على الشراء المتكرر داخل نفس القسم.,منتجات من نفس القسم يميل العملاء لضمّها — فرصة بيع تكميلي داخلي.
,,0.000652,0.0674,3.7383,,,,,,,,73,164,6,فستان سهره انيق - اصدار خاص,الازياء والملابس,,Moderate,حقيبه يد جلديه - اصدار خاص,الازياء والملابس,,Moderate,Substitute,category_fallback,0.6,شركاء مقترحون بناءً على الشراء المتكرر داخل نفس القسم.,منتجات من نفس القسم يميل العملاء لضمّها — فرصة بيع تكميلي داخلي.
,,0.000652,0.0759,0.8652,,,,,,,,75,1,6,تابلت 10 انش - اصدار خاص,الالكترونيات,,Moderate,هاتف ذكي برو ماكس,الالكترونيات,,Strong,Substitute,category_fallback,0.6,شركاء مقترحون بناءً على الشراء المتكرر داخل نفس القسم.,منتجات من نفس القسم يميل العملاء لضمّها — فرصة بيع تكميلي داخلي.
,,0.000652,0.0698,0.7645,,,,,,,,117,46,6,حصيره يوغا مضاده للانزلاق - اصدار خاص,الرياضه واللياقه,,Moderate,حصيره يوغا مضاده للانزلاق,الرياضه واللياقه,,Strong,Substitute,category_fallback,0.6,شركاء مقترحون بناءً على الشراء المتكرر داخل نفس القسم.,منتجات من نفس القسم يميل العملاء لضمّها — فرصة بيع تكميلي داخلي.
,,0.000652,0.1,1.5549,,,,,,,,118,50,6,حصيره يوغا مضاده للانزلاق - اصدار خاص,الرياضه واللياقه,,Moderate,عداد خطوات ذكي,الرياضه واللياقه,,Strong,Substitute,category_fallback,0.6,شركاء مقترحون بناءً على الشراء المتكرر داخل نفس القسم.,منتجات من نفس القسم يميل العملاء لضمّها — فرصة بيع تكميلي داخلي.
,,0.000652,0.0451,2.8443,,,,,,,,119,176,6,ماكينه قهوه اسبريسو - اصدار خاص,المنزل والمطبخ,,Moderate,فرن كهربايي 60 لتر - اصدار خاص,المنزل والمطبخ,,Moderate,Substitute,category_fallback,0.6,شركاء مقترحون بناءً على الشراء المتكرر داخل نفس القسم.,منتجات من نفس القسم يميل العملاء لضمّها — فرصة بيع تكميلي داخلي.
,,0.000652,0.0698,0.5719,,,,,,,,117,48,6,حصيره يوغا مضاده للانزلاق - اصدار خاص,الرياضه واللياقه,,Moderate,حقيبه رياضيه جيم,الرياضه واللياقه,,Strong,Substitute,category_fallback,0.6,شركاء مقترحون بناءً على الشراء المتكرر داخل نفس القسم.,منتجات من نفس القسم يميل العملاء لضمّها — فرصة بيع تكميلي داخلي.
,,0.000652,0.069,1.0778,,,,,,,,115,10,6,شاحن لاسلكي سريع - اصدار خاص,الالكترونيات,,Moderate,شاحن لاسلكي سريع,الالكترونيات,,Strong,Substitute,category_fallback,0.6,شركاء مقترحون بناءً على الشراء المتكرر داخل نفس القسم.,منتجات من نفس القسم يميل العملاء لضمّها — فرصة بيع تكميلي داخلي.
,,0.000652,0.0698,7.7375,,,,,,,,117,86,6,حصيره يوغا مضاده للانزلاق - اصدار خاص,الرياضه واللياقه,,Moderate,لباس رياضي ضاغط - اصدار خاص,الرياضه واللياقه,,Moderate,Substitute,category_fallback,0.6,شركاء مقترحون بناءً على الشراء المتكرر داخل نفس القسم.,منتجات من نفس القسم يميل العملاء لضمّها — فرصة بيع تكميلي داخلي.
,,0.000652,0.0632,3.5887,,,,,,,,116,87,6,قناع وجه كولاجين - اصدار خاص,الجمال والعنايه,,Moderate,طقم مكياج احترافي - اصدار خاص,الجمال والعنايه,,Moderate,Substitute,category_fallback,0.6,شركاء مقترحون بناءً على الشراء المتكرر داخل نفس القسم.,منتجات من نفس القسم يميل العملاء لضمّها — فرصة بيع تكميلي داخلي.
,,0.000652,0.1034,1.0699,,,,,,,,79,34,6,سيروم فيتامين سي - اصدار خاص,الجمال والعنايه,,Moderate,طقم مكياج احترافي,الجمال والعنايه,,Strong,Substitute,category_fallback,0.6,شركاء مقترحون بناءً على الشراء المتكرر داخل نفس القسم.,منتجات من نفس القسم يميل العملاء لضمّها — فرصة بيع تكميلي داخلي.
,,0.000652,0.0882,1.0115,,,,,,,,8,2,6,مكبر صوت بلوتوث,الالكترونيات,,Moderate,لابتوب الترا سليم,الالكترونيات,,Strong,Substitute,category_fallback,0.6,شركاء مقترحون بناءً على الشراء المتكرر داخل نفس القسم.,منتجات من نفس القسم يميل العملاء لضمّها — فرصة بيع تكميلي داخلي.
,,0.000652,0.0632,4.614,,,,,,,,162,135,6,ثلاجه نوفروست 350 لتر - اصدار خاص,المنزل والمطبخ,,Moderate,طقم اواني طهي غرانيت - اصدار خاص,المنزل والمطبخ,,Moderate,Substitute,category_fallback,0.6,شركاء مقترحون بناءً على الشراء المتكرر داخل نفس القسم.,منتجات من نفس القسم يميل العملاء لضمّها — فرصة بيع تكميلي داخلي.
,,0.000652,0.0714,4.7645,,,,,,,,155,180,6,حذاء رياضي مريح - اصدار خاص,الازياء والملابس,,Moderate,شال كشمير ناعم - اصدار خاص,الازياء والملابس,,Moderate,Substitute,category_fallback,0.6,شركاء مقترحون بناءً على الشراء المتكرر داخل نفس القسم.,منتجات من نفس القسم يميل العملاء لضمّها — فرصة بيع تكميلي داخلي.
,,0.000652,0.0968,1.379,,,,,,,,187,39,6,عطر رجالي عودي - اصدار خاص,الجمال والعنايه,,Moderate,قناع وجه كولاجين,الجمال والعنايه,,Strong,Substitute,category_fallback,0.6,شركاء مقترحون بناءً على الشراء المتكرر داخل نفس القسم.,منتجات من نفس القسم يميل العملاء لضمّها — فرصة بيع تكميلي داخلي.
,,0.000652,0.0667,0.6714,,,,,,,,151,51,6,كتاب تطوير الذات والتحفيز - اصدار خاص,الكتب والتعليم,,Moderate,كتاب تعلم البرمجه بالعربيه,الكتب والتعليم,,Strong,Substitute,category_fallback,0.6,شركاء مقترحون بناءً على الشراء المتكرر داخل نفس القسم.,منتجات من نفس القسم يميل العملاء لضمّها — فرصة بيع تكميلي داخلي.
,,0.000652,0.0714,3.9608,,,,,,,,155,164,6,حذاء رياضي مريح - اصدار خاص,الازياء والملابس,,Moderate,حقيبه يد جلديه - اصدار خاص,الازياء والملابس,,Moderate,Substitute,category_fallback,0.6,شركاء مقترحون بناءً على الشراء المتكرر داخل نفس القسم.,منتجات من نفس القسم يميل العملاء لضمّها — فرصة بيع تكميلي داخلي.
,,0.000652,0.0759,4.1863,,,,,,,,156,18,6,قميص قطني كلاسيكي - اصدار خاص,الازياء والملابس,,Moderate,جاكيت شتوي دافي,الازياء والملابس,,Moderate,Substitute,category_fallback,0.6,شركاء مقترحون بناءً على الشراء المتكرر داخل نفس القسم.,منتجات من نفس القسم يميل العملاء لضمّها — فرصة بيع تكميلي داخلي.
,,0.000652,0.0667,3.9591,,,,,,,,151,74,6,كتاب تطوير الذات والتحفيز - اصدار خاص,الكتب والتعليم,,Moderate,كتاب الطبخ العربي التقليدي - اصدار خاص,الكتب والتعليم,,Moderate,Substitute,category_fallback,0.6,شركاء مقترحون بناءً على الشراء المتكرر داخل نفس القسم.,منتجات من نفس القسم يميل العملاء لضمّها — فرصة بيع تكميلي داخلي.
,,0.000652,0.0667,4.1464,,,,,,,,195,168,6,فرن كهربايي 60 لتر - اصدار خاص,المنزل والمطبخ,,Moderate,مجموعه سكاكين مطبخ - اصدار خاص,المنزل والمطبخ,,Moderate,Substitute,category_fallback,0.6,شركاء مقترحون بناءً على الشراء المتكرر داخل نفس القسم.,منتجات من نفس القسم يميل العملاء لضمّها — فرصة بيع تكميلي داخلي.
,,0.000652,0.069,3.9187,,,,,,,,144,150,6,كتاب تطوير الذات والتحفيز - اصدار خاص,الكتب والتعليم,,Moderate,اطلس العالم المصور - اصدار خاص,الكتب والتعليم,,Moderate,Substitute,category_fallback,0.6,شركاء مقترحون بناءً على الشراء المتكرر داخل نفس القسم.,منتجات من نفس القسم يميل العملاء لضمّها — فرصة بيع تكميلي داخلي.
,,0.000652,0.0706,0.7109,,,,,,,,196,51,6,اطلس العالم المصور - اصدار خاص,الكتب والتعليم,,Moderate,كتاب تعلم البرمجه بالعربيه,الكتب والتعليم,,Strong,Substitute,category_fallback,0.6,شركاء مقترحون بناءً على الشراء المتكرر داخل نفس القسم.,منتجات من نفس القسم يميل العملاء لضمّها — فرصة بيع تكميلي داخلي.
,,0.000652,0.0667,0.7807,,,,,,,,195,25,6,فرن كهربايي 60 لتر - اصدار خاص,المنزل والمطبخ,,Moderate,ماكينه قهوه اسبريسو,المنزل والمطبخ,,Strong,Substitute,category_fallback,0.6,شركاء مقترحون بناءً على الشراء المتكرر داخل نفس القسم.,منتجات من نفس القسم يميل العملاء لضمّها — فرصة بيع تكميلي داخلي.
,,0.000652,0.0732,4.7769,,,,,,,,152,158,6,شال كشمير ناعم - اصدار خاص,الازياء والملابس,,Moderate,فستان سهره انيق - اصدار خاص,الازياء والملابس,,Moderate,Substitute,category_fallback,0.6,شركاء مقترحون بناءً على الشراء المتكرر داخل نفس القسم.,منتجات من نفس القسم يميل العملاء لضمّها — فرصة بيع تكميلي داخلي.
,,0.000652,0.0606,0.6641,,,,,,,,188,46,6,جهاز مشي كهربايي - اصدار خاص,الرياضه واللياقه,,Moderate,حصيره يوغا مضاده للانزلاق,الرياضه واللياقه,,Strong,Substitute,category_fallback,0.6,شركاء مقترحون بناءً على الشراء المتكرر داخل نفس القسم.,منتجات من نفس القسم يميل العملاء لضمّها — فرصة بيع تكميلي داخلي.
,,0.000652,0.0822,0.9007,,,,,,,,157,46,6,جهاز قياس ضغط الدم - اصدار خاص,الرياضه واللياقه,,Moderate,حصيره يوغا مضاده للانزلاق,الرياضه واللياقه,,Strong,Substitute,category_fallback,0.6,شركاء مقترحون بناءً على الشراء المتكرر داخل نفس القسم.,منتجات من نفس القسم يميل العملاء لضمّها — فرصة بيع تكميلي داخلي.
,,0.000652,0.0667,7.3056,,,,,,,,170,128,6,فرن كهربايي 60 لتر - اصدار خاص,المنزل والمطبخ,,Moderate,مكواه بخاريه احترافيه - اصدار خاص,المنزل والمطبخ,,Moderate,Substitute,category_fallback,0.6,شركاء مقترحون بناءً على الشراء المتكرر داخل نفس القسم.,منتجات من نفس القسم يميل العملاء لضمّها — فرصة بيع تكميلي داخلي.
,,0.000652,0.0667,3.7881,,,,,,,,171,150,6,موسوعه التاريخ الاسلامي - اصدار خاص,الكتب والتعليم,,Moderate,اطلس العالم المصور - اصدار خاص,الكتب والتعليم,,Moderate,Substitute,category_fallback,0.6,شركاء مقترحون بناءً على الشراء المتكرر داخل نفس القسم.,منتجات من نفس القسم يميل العملاء لضمّها — فرصة بيع تكميلي داخلي.
,,0.000652,0.0667,0.6714,,,,,,,,171,51,6,موسوعه التاريخ الاسلامي - اصدار خاص,الكتب والتعليم,,Moderate,كتاب تعلم البرمجه بالعربيه,الكتب والتعليم,,Strong,Substitute,category_fallback,0.6,شركاء مقترحون بناءً على الشراء المتكرر داخل نفس القسم.,منتجات من نفس القسم يميل العملاء لضمّها — فرصة بيع تكميلي داخلي.
,,0.000652,0.0667,0.9604,,,,,,,,171,56,6,موسوعه التاريخ الاسلامي - اصدار خاص,الكتب والتعليم,,Moderate,دوره برمجه اكاديميه USB,الكتب والتعليم,,Strong,Substitute,category_fallback,0.6,شركاء مقترحون بناءً على الشراء المتكرر داخل نفس القسم.,منتجات من نفس القسم يميل العملاء لضمّها — فرصة بيع تكميلي داخلي.
,,0.000652,0.0632,0.6921,,,,,,,,167,46,6,حقيبه رياضيه جيم - اصدار خاص,الرياضه واللياقه,,Moderate,حصيره يوغا مضاده للانزلاق,الرياضه واللياقه,,Strong,Substitute,category_fallback,0.6,شركاء مقترحون بناءً على الشراء المتكرر داخل نفس القسم.,منتجات من نفس القسم يميل العملاء لضمّها — فرصة بيع تكميلي داخلي.
,,0.000652,0.0698,0.5719,,,,,,,,165,48,6,حذاء جري احترافي - اصدار خاص,الرياضه واللياقه,,Moderate,حقيبه رياضيه جيم,الرياضه واللياقه,,Strong,Substitute,category_fallback,0.6,شركاء مقترحون بناءً على الشراء المتكرر داخل نفس القسم.,منتجات من نفس القسم يميل العملاء لضمّها — فرصة بيع تكميلي داخلي.
,,0.000652,0.0645,0.9308,,,,,,,,181,38,6,عطر رجالي عودي - اصدار خاص,الجمال والعنايه,,Moderate,زيت ارغان طبيعي,الجمال والعنايه,,Strong,Substitute,category_fallback,0.6,شركاء مقترحون بناءً على الشراء المتكرر داخل نفس القسم.,منتجات من نفس القسم يميل العملاء لضمّها — فرصة بيع تكميلي داخلي.
,,0.000652,0.0811,1.1644,,,,,,,,182,33,6,سيروم فيتامين سي - اصدار خاص,الجمال والعنايه,,Moderate,مجموعه عنايه بالشعر,الجمال والعنايه,,Strong,Substitute,category_fallback,0.6,شركاء مقترحون بناءً على الشراء المتكرر داخل نفس القسم.,منتجات من نفس القسم يميل العملاء لضمّها — فرصة بيع تكميلي داخلي.
,,0.000652,0.0822,0.6853,,,,,,,,90,3,6,شاشه 4K 27 انش - اصدار خاص,الالكترونيات,,Moderate,سماعات لاسلكيه,الالكترونيات,,Strong,Substitute,category_fallback,0.6,شركاء مقترحون بناءً على الشراء المتكرر داخل نفس القسم.,منتجات من نفس القسم يميل العملاء لضمّها — فرصة بيع تكميلي داخلي.
,,0.000652,0.0811,1.2672,,,,,,,,174,10,6,تابلت 10 انش - اصدار خاص,الالكترونيات,,Moderate,شاحن لاسلكي سريع,الالكترونيات,,Strong,Substitute,category_fallback,0.6,شركاء مقترحون بناءً على الشراء المتكرر داخل نفس القسم.,منتجات من نفس القسم يميل العملاء لضمّها — فرصة بيع تكميلي داخلي.
,,0.000652,0.0984,1.1563,,,,,,,,173,47,6,حذاء جري احترافي - اصدار خاص,الرياضه واللياقه,,Moderate,اوزان حديد طقم 20 كيلو,الرياضه واللياقه,,Strong,Substitute,category_fallback,0.6,شركاء مقترحون بناءً على الشراء المتكرر داخل نفس القسم.,منتجات من نفس القسم يميل العملاء لضمّها — فرصة بيع تكميلي داخلي.
,,0.000652,0.0811,0.9237,,,,,,,,174,1,6,تابلت 10 انش - اصدار خاص,الالكترونيات,,Moderate,هاتف ذكي برو ماكس,الالكترونيات,,Strong,Substitute,category_fallback,0.6,شركاء مقترحون بناءً على الشراء المتكرر داخل نفس القسم.,منتجات من نفس القسم يميل العملاء لضمّها — فرصة بيع تكميلي داخلي.
,,0.000652,0.0408,0.3379,,,,,,,,96,42,6,دراجه هواييه جبليه - اصدار خاص,الرياضه واللياقه,,Moderate,لباس رياضي ضاغط,الرياضه واللياقه,,Strong,Substitute,category_fallback,0.6,شركاء مقترحون بناءً على الشراء المتكرر داخل نفس القسم.,منتجات من نفس القسم يميل العملاء لضمّها — فرصة بيع تكميلي داخلي.
,,0.000652,0.087,0.725,,,,,,,,97,3,6,هاتف ذكي برو ماكس - اصدار خاص,الالكترونيات,,Moderate,سماعات لاسلكيه,الالكترونيات,,Strong,Substitute,category_fallback,0.6,شركاء مقترحون بناءً على الشراء المتكرر داخل نفس القسم.,منتجات من نفس القسم يميل العملاء لضمّها — فرصة بيع تكميلي داخلي.
,,0.000652,0.087,0.9968,,,,,,,,97,2,6,هاتف ذكي برو ماكس - اصدار خاص,الالكترونيات,,Moderate,لابتوب الترا سليم,الالكترونيات,,Strong,Substitute,category_fallback,0.6,شركاء مقترحون بناءً على الشراء المتكرر داخل نفس القسم.,منتجات من نفس القسم يميل العملاء لضمّها — فرصة بيع تكميلي داخلي.
,,0.000652,0.0632,0.7425,,,,,,,,95,47,6,كره قدم رسميه فيفا - اصدار خاص,الرياضه واللياقه,,Moderate,اوزان حديد طقم 20 كيلو,الرياضه واللياقه,,Strong,Substitute,category_fallback,0.6,شركاء مقترحون بناءً على الشراء المتكرر داخل نفس القسم.,منتجات من نفس القسم يميل العملاء لضمّها — فرصة بيع تكميلي داخلي.
,,0.000543,0.0847,1.2851,,,,,,,,94,54,5,قاموس عربي انجليزي شامل - اصدار خاص,الكتب والتعليم,,Moderate,قاموس عربي انجليزي شامل,الكتب والتعليم,,Strong,Substitute,category_fallback,0.5,شركاء مقترحون بناءً على الشراء المتكرر داخل نفس القسم.,منتجات من نفس القسم يميل العملاء لضمّها — فرصة بيع تكميلي داخلي.
,,0.000543,0.0847,1.2076,,,,,,,,94,53,5,قاموس عربي انجليزي شامل - اصدار خاص,الكتب والتعليم,,Moderate,كتاب رياده الاعمال والنجاح,الكتب والتعليم,,Strong,Substitute,category_fallback,0.5,شركاء مقترحون بناءً على الشراء المتكرر داخل نفس القسم.,منتجات من نفس القسم يميل العملاء لضمّها — فرصة بيع تكميلي داخلي.
,,0.000543,0.0725,1.0899,,,,,,,,97,6,5,هاتف ذكي برو ماكس - اصدار خاص,الالكترونيات,,Moderate,شاشه 4K 27 انش,الالكترونيات,,Strong,Substitute,category_fallback,0.5,شركاء مقترحون بناءً على الشراء المتكرر داخل نفس القسم.,منتجات من نفس القسم يميل العملاء لضمّها — فرصة بيع تكميلي داخلي.
,,0.000543,0.0794,0.933,,,,,,,,98,47,5,اوزان حديد طقم 20 كيلو - اصدار خاص,الرياضه واللياقه,,Moderate,اوزان حديد طقم 20 كيلو,الرياضه واللياقه,,Strong,Substitute,category_fallback,0.5,شركاء مقترحون بناءً على الشراء المتكرر داخل نفس القسم.,منتجات من نفس القسم يميل العملاء لضمّها — فرصة بيع تكميلي داخلي.
,,0.000543,0.0794,0.657,,,,,,,,98,42,5,اوزان حديد طقم 20 كيلو - اصدار خاص,الرياضه واللياقه,,Moderate,لباس رياضي ضاغط,الرياضه واللياقه,,Strong,Substitute,category_fallback,0.5,شركاء مقترحون بناءً على الشراء المتكرر داخل نفس القسم.,منتجات من نفس القسم يميل العملاء لضمّها — فرصة بيع تكميلي داخلي.
,,0.000543,0.0769,1.1841,,,,,,,,177,4,5,لابتوب الترا سليم - اصدار خاص,الالكترونيات,,Moderate,ساعه ذكيه سبورت,الالكترونيات,,Strong,Substitute,category_fallback,0.5,شركاء مقترحون بناءً على الشراء المتكرر داخل نفس القسم.,منتجات من نفس القسم يميل العملاء لضمّها — فرصة بيع تكميلي داخلي.
,,0.000543,0.0769,0.6414,,,,,,,,177,3,5,لابتوب الترا سليم - اصدار خاص,الالكترونيات,,Moderate,سماعات لاسلكيه,الالكترونيات,,Strong,Substitute,category_fallback,0.5,شركاء مقترحون بناءً على الشراء المتكرر داخل نفس القسم.,منتجات من نفس القسم يميل العملاء لضمّها — فرصة بيع تكميلي داخلي.
,,0.000543,0.0769,0.8818,,,,,,,,177,2,5,لابتوب الترا سليم - اصدار خاص,الالكترونيات,,Moderate,لابتوب الترا سليم,الالكترونيات,,Strong,Substitute,category_fallback,0.5,شركاء مقترحون بناءً على الشراء المتكرر داخل نفس القسم.,منتجات من نفس القسم يميل العملاء لضمّها — فرصة بيع تكميلي داخلي.
,,0.000543,0.0521,2.8881,,,,,,,,169,164,5,فستان سهره انيق - اصدار خاص,الازياء والملابس,,Moderate,حقيبه يد جلديه - اصدار خاص,الازياء والملابس,,Moderate,Substitute,category_fallback,0.5,شركاء مقترحون بناءً على الشراء المتكرر داخل نفس القسم.,منتجات من نفس القسم يميل العملاء لضمّها — فرصة بيع تكميلي داخلي.
,,0.000543,0.0472,2.6,,,,,,,,17,18,5,شال كشمير ناعم,الازياء والملابس,,Moderate,جاكيت شتوي دافي,الازياء والملابس,,Moderate,Substitute,category_fallback,0.5,شركاء مقترحون بناءً على الشراء المتكرر داخل نفس القسم.,منتجات من نفس القسم يميل العملاء لضمّها — فرصة بيع تكميلي داخلي.
,,0.000543,0.0658,0.9736,,,,,,,,179,31,5,مجموعه عنايه بالشعر - اصدار خاص,الجمال والعنايه,,Moderate,كريم مرطب SPF 50,الجمال والعنايه,,Strong,Substitute,category_fallback,0.5,شركاء مقترحون بناءً على الشراء المتكرر داخل نفس القسم.,منتجات من نفس القسم يميل العملاء لضمّها — فرصة بيع تكميلي داخلي.
,,0.000543,0.0676,0.951,,,,,,,,182,37,5,سيروم فيتامين سي - اصدار خاص,الجمال والعنايه,,Moderate,غسول وجه للبشره الحساسه,الجمال والعنايه,,Strong,Substitute,category_fallback,0.5,شركاء مقترحون بناءً على الشراء المتكرر داخل نفس القسم.,منتجات من نفس القسم يميل العملاء لضمّها — فرصة بيع تكميلي داخلي.
,,0.000543,0.0658,0.9492,,,,,,,,179,38,5,مجموعه عنايه بالشعر - اصدار خاص,الجمال والعنايه,,Moderate,زيت ارغان طبيعي,الجمال والعنايه,,Strong,Substitute,category_fallback,0.5,شركاء مقترحون بناءً على الشراء المتكرر داخل نفس القسم.,منتجات من نفس القسم يميل العملاء لضمّها — فرصة بيع تكميلي داخلي.
,,0.000543,0.0833,0.9264,,,,,,,,160,32,5,زيت ارغان طبيعي - اصدار خاص,الجمال والعنايه,,Moderate,سيروم فيتامين سي,الجمال والعنايه,,Strong,Substitute,category_fallback,0.5,شركاء مقترحون بناءً على الشراء المتكرر داخل نفس القسم.,منتجات من نفس القسم يميل العملاء لضمّها — فرصة بيع تكميلي داخلي.
,,0.000543,0.0658,0.7314,,,,,,,,179,32,5,مجموعه عنايه بالشعر - اصدار خاص,الجمال والعنايه,,Moderate,سيروم فيتامين سي,الجمال والعنايه,,Strong,Substitute,category_fallback,0.5,شركاء مقترحون بناءً على الشراء المتكرر داخل نفس القسم.,منتجات من نفس القسم يميل العملاء لضمّها — فرصة بيع تكميلي داخلي.
,,0.000543,0.0806,1.1351,,,,,,,,187,37,5,عطر رجالي عودي - اصدار خاص,الجمال والعنايه,,Moderate,غسول وجه للبشره الحساسه,الجمال والعنايه,,Strong,Substitute,category_fallback,0.5,شركاء مقترحون بناءً على الشراء المتكرر داخل نفس القسم.,منتجات من نفس القسم يميل العملاء لضمّها — فرصة بيع تكميلي داخلي.
,,0.000543,0.0694,3.8278,,,,,,,,184,18,5,حذاء رسمي جلد - اصدار خاص,الازياء والملابس,,Moderate,جاكيت شتوي دافي,الازياء والملابس,,Moderate,Substitute,category_fallback,0.5,شركاء مقترحون بناءً على الشراء المتكرر داخل نفس القسم.,منتجات من نفس القسم يميل العملاء لضمّها — فرصة بيع تكميلي داخلي.
,,0.000543,0.0676,0.6988,,,,,,,,182,34,5,سيروم فيتامين سي - اصدار خاص,الجمال والعنايه,,Moderate,طقم مكياج احترافي,الجمال والعنايه,,Strong,Substitute,category_fallback,0.5,شركاء مقترحون بناءً على الشراء المتكرر داخل نفس القسم.,منتجات من نفس القسم يميل العملاء لضمّها — فرصة بيع تكميلي داخلي.
,,0.000543,0.0595,0.6781,,,,,,,,161,1,5,شاحن لاسلكي سريع - اصدار خاص,الالكترونيات,,Moderate,هاتف ذكي برو ماكس,الالكترونيات,,Strong,Substitute,category_fallback,0.5,شركاء مقترحون بناءً على الشراء المتكرر داخل نفس القسم.,منتجات من نفس القسم يميل العملاء لضمّها — فرصة بيع تكميلي داخلي.
,,0.000543,0.0595,3.6773,,,,,,,,161,112,5,شاحن لاسلكي سريع - اصدار خاص,الالكترونيات,,Moderate,شاشه 4K 27 انش - اصدار خاص,الالكترونيات,,Moderate,Substitute,category_fallback,0.5,شركاء مقترحون بناءً على الشراء المتكرر داخل نفس القسم.,منتجات من نفس القسم يميل العملاء لضمّها — فرصة بيع تكميلي داخلي.
,,0.000543,0.0581,0.973,,,,,,,,191,29,5,غساله اوتوماتيك 8 كيلو - اصدار خاص,المنزل والمطبخ,,Moderate,مجموعه سكاكين مطبخ,المنزل والمطبخ,,Strong,Substitute,category_fallback,0.5,شركاء مقترحون بناءً على الشراء المتكرر داخل نفس القسم.,منتجات من نفس القسم يميل العملاء لضمّها — فرصة بيع تكميلي داخلي.
,,0.000543,0.0581,5.9464,,,,,,,,191,195,5,غساله اوتوماتيك 8 كيلو - اصدار خاص,المنزل والمطبخ,,Moderate,فرن كهربايي 60 لتر - اصدار خاص,المنزل والمطبخ,,Moderate,Substitute,category_fallback,0.5,شركاء مقترحون بناءً على الشراء المتكرر داخل نفس القسم.,منتجات من نفس القسم يميل العملاء لضمّها — فرصة بيع تكميلي داخلي.
,,0.000543,0.0806,0.8965,,,,,,,,187,32,5,عطر رجالي عودي - اصدار خاص,الجمال والعنايه,,Moderate,سيروم فيتامين سي,الجمال والعنايه,,Strong,Substitute,category_fallback,0.5,شركاء مقترحون بناءً على الشراء المتكرر داخل نفس القسم.,منتجات من نفس القسم يميل العملاء لضمّها — فرصة بيع تكميلي داخلي.
,,0.000543,0.0595,3.446,,,,,,,,161,141,5,شاحن لاسلكي سريع - اصدار خاص,الالكترونيات,,Moderate,ساعه ذكيه سبورت - اصدار خاص,الالكترونيات,,Moderate,Substitute,category_fallback,0.5,شركاء مقترحون بناءً على الشراء المتكرر داخل نفس القسم.,منتجات من نفس القسم يميل العملاء لضمّها — فرصة بيع تكميلي داخلي.
,,0.000543,0.0735,0.6131,,,,,,,,147,3,5,هاتف ذكي برو ماكس - اصدار خاص,الالكترونيات,,Moderate,سماعات لاسلكيه,الالكترونيات,,Strong,Substitute,category_fallback,0.5,شركاء مقترحون بناءً على الشراء المتكرر داخل نفس القسم.,منتجات من نفس القسم يميل العملاء لضمّها — فرصة بيع تكميلي داخلي.
,,0.000543,0.0549,0.6021,,,,,,,,146,46,5,اوزان حديد طقم 20 كيلو - اصدار خاص,الرياضه واللياقه,,Moderate,حصيره يوغا مضاده للانزلاق,الرياضه واللياقه,,Strong,Substitute,category_fallback,0.5,شركاء مقترحون بناءً على الشراء المتكرر داخل نفس القسم.,منتجات من نفس القسم يميل العملاء لضمّها — فرصة بيع تكميلي داخلي.
,,0.000543,0.0735,1.1059,,,,,,,,147,6,5,هاتف ذكي برو ماكس - اصدار خاص,الالكترونيات,,Moderate,شاشه 4K 27 انش,الالكترونيات,,Strong,Substitute,category_fallback,0.5,شركاء مقترحون بناءً على الشراء المتكرر داخل نفس القسم.,منتجات من نفس القسم يميل العملاء لضمّها — فرصة بيع تكميلي داخلي.
,,0.000543,0.0562,3.8592,,,,,,,,153,178,5,فرن كهربايي 60 لتر - اصدار خاص,المنزل والمطبخ,,Moderate,مكيف هواء انفيرتر 18000 - اصدار خاص,المنزل والمطبخ,,Moderate,Substitute,category_fallback,0.5,شركاء مقترحون بناءً على الشراء المتكرر داخل نفس القسم.,منتجات من نفس القسم يميل العملاء لضمّها — فرصة بيع تكميلي داخلي.
,,0.000543,0.0575,3.4577,,,,,,,,144,77,5,كتاب تطوير الذات والتحفيز - اصدار خاص,الكتب والتعليم,,Moderate,دوره برمجه اكاديميه USB - اصدار خاص,الكتب والتعليم,,Moderate,Substitute,category_fallback,0.5,شركاء مقترحون بناءً على الشراء المتكرر داخل نفس القسم.,منتجات من نفس القسم يميل العملاء لضمّها — فرصة بيع تكميلي داخلي.
,,0.000543,0.0549,3.3274,,,,,,,,23,197,5,ثلاجه نوفروست 350 لتر,المنزل والمطبخ,,Moderate,مكيف هواء انفيرتر 18000 - اصدار خاص,المنزل والمطبخ,,Strong,Substitute,category_fallback,0.5,شركاء مقترحون بناءً على الشراء المتكرر داخل نفس القسم.,منتجات من نفس القسم يميل العملاء لضمّها — فرصة بيع تكميلي داخلي.
,,0.000543,0.0641,1.0651,,,,,,,,24,28,5,مكنسه كهرباييه لاسلكيه,المنزل والمطبخ,,Moderate,خلاط كهربايي متعدد الوظايف,المنزل والمطبخ,,Strong,Substitute,category_fallback,0.5,شركاء مقترحون بناءً على الشراء المتكرر داخل نفس القسم.,منتجات من نفس القسم يميل العملاء لضمّها — فرصة بيع تكميلي داخلي.
,,0.000543,0.0725,4.3597,,,,,,,,30,91,5,مكواه بخاريه احترافيه,المنزل والمطبخ,,Moderate,فرن كهربايي 60 لتر - اصدار خاص,المنزل والمطبخ,,Moderate,Substitute,category_fallback,0.5,شركاء مقترحون بناءً على الشراء المتكرر داخل نفس القسم.,منتجات من نفس القسم يميل العملاء لضمّها — فرصة بيع تكميلي داخلي.
,,0.000543,0.0758,1.0795,,,,,,,,140,39,5,مزيل عرق رول اون - اصدار خاص,الجمال والعنايه,,Moderate,قناع وجه كولاجين,الجمال والعنايه,,Strong,Substitute,category_fallback,0.5,شركاء مقترحون بناءً على الشراء المتكرر داخل نفس القسم.,منتجات من نفس القسم يميل العملاء لضمّها — فرصة بيع تكميلي داخلي.
,,0.000543,0.0685,0.9867,,,,,,,,200,56,5,موسوعه التاريخ الاسلامي - اصدار خاص,الكتب والتعليم,,Moderate,دوره برمجه اكاديميه USB,الكتب والتعليم,,Strong,Substitute,category_fallback,0.5,شركاء مقترحون بناءً على الشراء المتكرر داخل نفس القسم.,منتجات من نفس القسم يميل العملاء لضمّها — فرصة بيع تكميلي داخلي.
,,0.000543,0.0758,0.8422,,,,,,,,140,32,5,مزيل عرق رول اون - اصدار خاص,الجمال والعنايه,,Moderate,سيروم فيتامين سي,الجمال والعنايه,,Strong,Substitute,category_fallback,0.5,شركاء مقترحون بناءً على الشراء المتكرر داخل نفس القسم.,منتجات من نفس القسم يميل العملاء لضمّها — فرصة بيع تكميلي داخلي.
,,0.000543,0.0521,3.6047,,,,,,,,136,119,5,فرن كهربايي 60 لتر - اصدار خاص,المنزل والمطبخ,,Moderate,ماكينه قهوه اسبريسو - اصدار خاص,المنزل والمطبخ,,Moderate,Substitute,category_fallback,0.5,شركاء مقترحون بناءً على الشراء المتكرر داخل نفس القسم.,منتجات من نفس القسم يميل العملاء لضمّها — فرصة بيع تكميلي داخلي.
,,0.000543,0.0725,4.0922,,,,,,,,30,21,5,مكواه بخاريه احترافيه,المنزل والمطبخ,,Moderate,مكيف هواء انفيرتر 18000,المنزل والمطبخ,,Moderate,Substitute,category_fallback,0.5,شركاء مقترحون بناءً على الشراء المتكرر داخل نفس القسم.,منتجات من نفس القسم يميل العملاء لضمّها — فرصة بيع تكميلي داخلي.
,,0.000543,0.0532,0.8666,,,,,,,,49,41,5,جهاز قياس ضغط الدم,الرياضه واللياقه,,Moderate,حذاء جري احترافي,الرياضه واللياقه,,Strong,Substitute,category_fallback,0.5,شركاء مقترحون بناءً على الشراء المتكرر داخل نفس القسم.,منتجات من نفس القسم يميل العملاء لضمّها — فرصة بيع تكميلي داخلي.
,,0.000543,0.0532,3.2642,,,,,,,,49,131,5,جهاز قياس ضغط الدم,الرياضه واللياقه,,Moderate,اوزان حديد طقم 20 كيلو - اصدار خاص,الرياضه واللياقه,,Moderate,Substitute,category_fallback,0.5,شركاء مقترحون بناءً على الشراء المتكرر داخل نفس القسم.,منتجات من نفس القسم يميل العملاء لضمّها — فرصة بيع تكميلي داخلي.
,,0.000543,0.0521,3.2614,,,,,,,,5,124,5,تابلت 10 انش,الالكترونيات,,Moderate,كاميرا ميرورليس - اصدار خاص,الالكترونيات,,Moderate,Substitute,category_fallback,0.5,شركاء مقترحون بناءً على الشراء المتكرر داخل نفس القسم.,منتجات من نفس القسم يميل العملاء لضمّها — فرصة بيع تكميلي داخلي.
,,0.000543,0.0909,5.8112,,,,,,,,52,172,5,موسوعه التاريخ الاسلامي,الكتب والتعليم,,Moderate,كتاب رياده الاعمال والنجاح - اصدار خاص,الكتب والتعليم,,Moderate,Substitute,category_fallback,0.5,شركاء مقترحون بناءً على الشراء المتكرر داخل نفس القسم.,منتجات من نفس القسم يميل العملاء لضمّها — فرصة بيع تكميلي داخلي.
,,0.000543,0.0617,3.8393,,,,,,,,40,64,5,مزيل عرق رول اون,الجمال والعنايه,,Moderate,عطر رجالي عودي - اصدار خاص,الجمال والعنايه,,Moderate,Substitute,category_fallback,0.5,شركاء مقترحون بناءً على الشراء المتكرر داخل نفس القسم.,منتجات من نفس القسم يميل العملاء لضمّها — فرصة بيع تكميلي داخلي.
,,0.000543,0.0658,0.9895,,,,,,,,137,6,5,راوتر واي فاي 6 - اصدار خاص,الالكترونيات,,Moderate,شاشه 4K 27 انش,الالكترونيات,,Strong,Substitute,category_fallback,0.5,شركاء مقترحون بناءً على الشراء المتكرر داخل نفس القسم.,منتجات من نفس القسم يميل العملاء لضمّها — فرصة بيع تكميلي داخلي.
,,0.000543,0.0581,0.4766,,,,,,,,139,48,5,حقيبه رياضيه جيم - اصدار خاص,الرياضه واللياقه,,Moderate,حقيبه رياضيه جيم,الرياضه واللياقه,,Strong,Substitute,category_fallback,0.5,شركاء مقترحون بناءً على الشراء المتكرر داخل نفس القسم.,منتجات من نفس القسم يميل العملاء لضمّها — فرصة بيع تكميلي داخلي.
,,0.000543,0.0581,0.6835,,,,,,,,139,47,5,حقيبه رياضيه جيم - اصدار خاص,الرياضه واللياقه,,Moderate,اوزان حديد طقم 20 كيلو,الرياضه واللياقه,,Strong,Substitute,category_fallback,0.5,شركاء مقترحون بناءً على الشراء المتكرر داخل نفس القسم.,منتجات من نفس القسم يميل العملاء لضمّها — فرصة بيع تكميلي داخلي.
,,0.000543,0.0735,0.8429,,,,,,,,147,2,5,هاتف ذكي برو ماكس - اصدار خاص,الالكترونيات,,Moderate,لابتوب الترا سليم,الالكترونيات,,Strong,Substitute,category_fallback,0.5,شركاء مقترحون بناءً على الشراء المتكرر داخل نفس القسم.,منتجات من نفس القسم يميل العملاء لضمّها — فرصة بيع تكميلي داخلي.
,,0.000543,0.0556,0.9298,,,,,,,,195,29,5,فرن كهربايي 60 لتر - اصدار خاص,المنزل والمطبخ,,Moderate,مجموعه سكاكين مطبخ,المنزل والمطبخ,,Strong,Substitute,category_fallback,0.5,شركاء مقترحون بناءً على الشراء المتكرر داخل نفس القسم.,منتجات من نفس القسم يميل العملاء لضمّها — فرصة بيع تكميلي داخلي.
,,0.000543,0.0581,0.6371,,,,,,,,139,46,5,حقيبه رياضيه جيم - اصدار خاص,الرياضه واللياقه,,Moderate,حصيره يوغا مضاده للانزلاق,الرياضه واللياقه,,Strong,Substitute,category_fallback,0.5,شركاء مقترحون بناءً على الشراء المتكرر داخل نفس القسم.,منتجات من نفس القسم يميل العملاء لضمّها — فرصة بيع تكميلي داخلي.
,,0.000543,0.0962,1.6093,,,,,,,,22,29,5,غساله اوتوماتيك 8 كيلو,المنزل والمطبخ,,Moderate,مجموعه سكاكين مطبخ,المنزل والمطبخ,,Strong,Substitute,category_fallback,0.5,شركاء مقترحون بناءً على الشراء المتكرر داخل نفس القسم.,منتجات من نفس القسم يميل العملاء لضمّها — فرصة بيع تكميلي داخلي.
,,0.000543,0.0595,3.5812,,,,,,,,142,126,5,مكبر صوت بلوتوث - اصدار خاص,الالكترونيات,,Moderate,شاحن لاسلكي سريع - اصدار خاص,الالكترونيات,,Moderate,Substitute,category_fallback,0.5,شركاء مقترحون بناءً على الشراء المتكرر داخل نفس القسم.,منتجات من نفس القسم يميل العملاء لضمّها — فرصة بيع تكميلي داخلي.
,,0.000543,0.0704,0.5829,,,,,,,,71,42,5,حصيره يوغا مضاده للانزلاق - اصدار خاص,الرياضه واللياقه,,Moderate,لباس رياضي ضاغط,الرياضه واللياقه,,Strong,Substitute,category_fallback,0.5,شركاء مقترحون بناءً على الشراء المتكرر داخل نفس القسم.,منتجات من نفس القسم يميل العملاء لضمّها — فرصة بيع تكميلي داخلي.
,,0.000543,0.0704,1.0035,,,,,,,,72,39,5,كريم مرطب SPF 50 - اصدار خاص,الجمال والعنايه,,Moderate,قناع وجه كولاجين,الجمال والعنايه,,Strong,Substitute,category_fallback,0.5,شركاء مقترحون بناءً على الشراء المتكرر داخل نفس القسم.,منتجات من نفس القسم يميل العملاء لضمّها — فرصة بيع تكميلي داخلي.
,,0.000543,0.0543,0.8174,,,,,,,,69,6,5,لابتوب الترا سليم - اصدار خاص,الالكترونيات,,Moderate,شاشه 4K 27 انش,الالكترونيات,,Strong,Substitute,category_fallback,0.5,شركاء مقترحون بناءً على الشراء المتكرر داخل نفس القسم.,منتجات من نفس القسم يميل العملاء لضمّها — فرصة بيع تكميلي داخلي.
,,0.000543,0.0562,3.6676,,,,,,,,73,158,5,فستان سهره انيق - اصدار خاص,الازياء والملابس,,Moderate,فستان سهره انيق - اصدار خاص,الازياء والملابس,,Moderate,Substitute,category_fallback,0.5,شركاء مقترحون بناءً على الشراء المتكرر داخل نفس القسم.,منتجات من نفس القسم يميل العملاء لضمّها — فرصة بيع تكميلي داخلي.
,,0.000543,0.0781,1.1847,,,,,,,,133,54,5,اطلس العالم المصور - اصدار خاص,الكتب والتعليم,,Moderate,قاموس عربي انجليزي شامل,الكتب والتعليم,,Strong,Substitute,category_fallback,0.5,شركاء مقترحون بناءً على الشراء المتكرر داخل نفس القسم.,منتجات من نفس القسم يميل العملاء لضمّها — فرصة بيع تكميلي داخلي.
,,0.000543,0.0641,1.0728,,,,,,,,65,29,5,مكنسه كهرباييه لاسلكيه - اصدار خاص,المنزل والمطبخ,,Moderate,مجموعه سكاكين مطبخ,المنزل والمطبخ,,Strong,Substitute,category_fallback,0.5,شركاء مقترحون بناءً على الشراء المتكرر داخل نفس القسم.,منتجات من نفس القسم يميل العملاء لضمّها — فرصة بيع تكميلي داخلي.
,,0.000543,0.0685,0.9867,,,,,,,,59,56,5,كتاب تطوير الذات والتحفيز,الكتب والتعليم,,Moderate,دوره برمجه اكاديميه USB,الكتب والتعليم,,Strong,Substitute,category_fallback,0.5,شركاء مقترحون بناءً على الشراء المتكرر داخل نفس القسم.,منتجات من نفس القسم يميل العملاء لضمّها — فرصة بيع تكميلي داخلي.
,,0.000543,0.0781,1.1254,,,,,,,,133,56,5,اطلس العالم المصور - اصدار خاص,الكتب والتعليم,,Moderate,دوره برمجه اكاديميه USB,الكتب والتعليم,,Strong,Substitute,category_fallback,0.5,شركاء مقترحون بناءً على الشراء المتكرر داخل نفس القسم.,منتجات من نفس القسم يميل العملاء لضمّها — فرصة بيع تكميلي داخلي.
,,0.000543,0.0649,0.9253,,,,,,,,132,39,5,عطر رجالي عودي - اصدار خاص,الجمال والعنايه,,Moderate,قناع وجه كولاجين,الجمال والعنايه,,Strong,Substitute,category_fallback,0.5,شركاء مقترحون بناءً على الشراء المتكرر داخل نفس القسم.,منتجات من نفس القسم يميل العملاء لضمّها — فرصة بيع تكميلي داخلي.
,,0.000543,0.0685,1.0387,,,,,,,,58,54,5,كتاب الطبخ العربي التقليدي,الكتب والتعليم,,Moderate,قاموس عربي انجليزي شامل,الكتب والتعليم,,Strong,Substitute,category_fallback,0.5,شركاء مقترحون بناءً على الشراء المتكرر داخل نفس القسم.,منتجات من نفس القسم يميل العملاء لضمّها — فرصة بيع تكميلي داخلي.
,,0.000543,0.0602,0.8678,,,,,,,,55,56,5,روايه عربيه بيست سيلر,الكتب والتعليم,,Moderate,دوره برمجه اكاديميه USB,الكتب والتعليم,,Strong,Substitute,category_fallback,0.5,شركاء مقترحون بناءً على الشراء المتكرر داخل نفس القسم.,منتجات من نفس القسم يميل العملاء لضمّها — فرصة بيع تكميلي داخلي.
,,0.000543,0.0725,4.4767,,,,,,,,123,45,5,عداد خطوات ذكي - اصدار خاص,الرياضه واللياقه,,Moderate,كره قدم رسميه فيفا,الرياضه واللياقه,,Moderate,Substitute,category_fallback,0.5,شركاء مقترحون بناءً على الشراء المتكرر داخل نفس القسم.,منتجات من نفس القسم يميل العملاء لضمّها — فرصة بيع تكميلي داخلي.
,,0.000543,0.0526,0.5851,,,,,,,,116,32,5,قناع وجه كولاجين - اصدار خاص,الجمال والعنايه,,Moderate,سيروم فيتامين سي,الجمال والعنايه,,Strong,Substitute,category_fallback,0.5,شركاء مقترحون بناءً على الشراء المتكرر داخل نفس القسم.,منتجات من نفس القسم يميل العملاء لضمّها — فرصة بيع تكميلي داخلي.
,,0.000543,0.0833,0.9132,,,,,,,,118,46,5,حصيره يوغا مضاده للانزلاق - اصدار خاص,الرياضه واللياقه,,Moderate,حصيره يوغا مضاده للانزلاق,الرياضه واللياقه,,Strong,Substitute,category_fallback,0.5,شركاء مقترحون بناءً على الشراء المتكرر داخل نفس القسم.,منتجات من نفس القسم يميل العملاء لضمّها — فرصة بيع تكميلي داخلي.
,,0.000543,0.0725,1.0455,,,,,,,,78,38,5,عطر رجالي عودي - اصدار خاص,الجمال والعنايه,,Moderate,زيت ارغان طبيعي,الجمال والعنايه,,Strong,Substitute,category_fallback,0.5,شركاء مقترحون بناءً على الشراء المتكرر داخل نفس القسم.,منتجات من نفس القسم يميل العملاء لضمّها — فرصة بيع تكميلي داخلي.
,,0.000543,0.0877,1.4116,,,,,,,,111,26,5,مكواه بخاريه احترافيه - اصدار خاص,المنزل والمطبخ,,Moderate,طقم اواني طهي غرانيت,المنزل والمطبخ,,Strong,Substitute,category_fallback,0.5,شركاء مقترحون بناءً على الشراء المتكرر داخل نفس القسم.,منتجات من نفس القسم يميل العملاء لضمّها — فرصة بيع تكميلي داخلي.
,,0.000543,0.0595,0.6823,,,,,,,,81,2,5,شاشه 4K 27 انش - اصدار خاص,الالكترونيات,,Moderate,لابتوب الترا سليم,الالكترونيات,,Strong,Substitute,category_fallback,0.5,شركاء مقترحون بناءً على الشراء المتكرر داخل نفس القسم.,منتجات من نفس القسم يميل العملاء لضمّها — فرصة بيع تكميلي داخلي.
,,0.000543,0.0543,0.4455,,,,,,,,114,48,5,حقيبه رياضيه جيم - اصدار خاص,الرياضه واللياقه,,Moderate,حقيبه رياضيه جيم,الرياضه واللياقه,,Strong,Substitute,category_fallback,0.5,شركاء مقترحون بناءً على الشراء المتكرر داخل نفس القسم.,منتجات من نفس القسم يميل العملاء لضمّها — فرصة بيع تكميلي داخلي.
,,0.000543,0.0515,3.2723,,,,,,,,113,193,5,كتاب تعلم البرمجه بالعربيه - اصدار خاص,الكتب والتعليم,,Moderate,مجموعه كتب الطفل التعليميه - اصدار خاص,الكتب والتعليم,,Moderate,Substitute,category_fallback,0.5,شركاء مقترحون بناءً على الشراء المتكرر داخل نفس القسم.,منتجات من نفس القسم يميل العملاء لضمّها — فرصة بيع تكميلي داخلي.
,,0.000543,0.0588,0.6889,,,,,,,,80,25,5,ماكينه قهوه اسبريسو - اصدار خاص,المنزل والمطبخ,,Strong,ماكينه قهوه اسبريسو,المنزل والمطبخ,,Strong,Substitute,category_fallback,0.5,شركاء مقترحون بناءً على الشراء المتكرر داخل نفس القسم.,منتجات من نفس القسم يميل العملاء لضمّها — فرصة بيع تكميلي داخلي.
,,0.000543,0.0602,3.7981,,,,,,,,82,176,5,مجموعه سكاكين مطبخ - اصدار خاص,المنزل والمطبخ,,Moderate,فرن كهربايي 60 لتر - اصدار خاص,المنزل والمطبخ,,Moderate,Substitute,category_fallback,0.5,شركاء مقترحون بناءً على الشراء المتكرر داخل نفس القسم.,منتجات من نفس القسم يميل العملاء لضمّها — فرصة بيع تكميلي داخلي.
,,0.000543,0.0595,0.6781,,,,,,,,81,1,5,شاشه 4K 27 انش - اصدار خاص,الالكترونيات,,Moderate,هاتف ذكي برو ماكس,الالكترونيات,,Strong,Substitute,category_fallback,0.5,شركاء مقترحون بناءً على الشراء المتكرر داخل نفس القسم.,منتجات من نفس القسم يميل العملاء لضمّها — فرصة بيع تكميلي داخلي.
,,0.000543,0.0625,3.4657,,,,,,,,103,164,5,بنطلون جينز سليم فيت - اصدار خاص,الازياء والملابس,,Moderate,حقيبه يد جلديه - اصدار خاص,الازياء والملابس,,Moderate,Substitute,category_fallback,0.5,شركاء مقترحون بناءً على الشراء المتكرر داخل نفس القسم.,منتجات من نفس القسم يميل العملاء لضمّها — فرصة بيع تكميلي داخلي.
,,0.000543,0.0704,0.8023,,,,,,,,107,1,5,كاميرا ميرورليس - اصدار خاص,الالكترونيات,,Moderate,هاتف ذكي برو ماكس,الالكترونيات,,Strong,Substitute,category_fallback,0.5,شركاء مقترحون بناءً على الشراء المتكرر داخل نفس القسم.,منتجات من نفس القسم يميل العملاء لضمّها — فرصة بيع تكميلي داخلي.
,,0.000543,0.0725,0.8056,,,,,,,,109,32,5,قناع وجه كولاجين - اصدار خاص,الجمال والعنايه,,Moderate,سيروم فيتامين سي,الجمال والعنايه,,Strong,Substitute,category_fallback,0.5,شركاء مقترحون بناءً على الشراء المتكرر داخل نفس القسم.,منتجات من نفس القسم يميل العملاء لضمّها — فرصة بيع تكميلي داخلي.
,,0.000543,0.0588,0.8382,,,,,,,,88,53,5,دوره برمجه اكاديميه USB - اصدار خاص,الكتب والتعليم,,Strong,كتاب رياده الاعمال والنجاح,الكتب والتعليم,,Strong,Substitute,category_fallback,0.5,شركاء مقترحون بناءً على الشراء المتكرر داخل نفس القسم.,منتجات من نفس القسم يميل العملاء لضمّها — فرصة بيع تكميلي داخلي.
,,0.000543,0.0704,0.9912,,,,,,,,72,37,5,كريم مرطب SPF 50 - اصدار خاص,الجمال والعنايه,,Moderate,غسول وجه للبشره الحساسه,الجمال والعنايه,,Strong,Substitute,category_fallback,0.5,شركاء مقترحون بناءً على الشراء المتكرر داخل نفس القسم.,منتجات من نفس القسم يميل العملاء لضمّها — فرصة بيع تكميلي داخلي.
,,0.000543,0.0641,1.0316,,,,,,,,65,26,5,مكنسه كهرباييه لاسلكيه - اصدار خاص,المنزل والمطبخ,,Moderate,طقم اواني طهي غرانيت,المنزل والمطبخ,,Strong,Substitute,category_fallback,0.5,شركاء مقترحون بناءً على الشراء المتكرر داخل نفس القسم.,منتجات من نفس القسم يميل العملاء لضمّها — فرصة بيع تكميلي داخلي.
,,0.000543,0.0641,0.7507,,,,,,,,65,25,5,مكنسه كهرباييه لاسلكيه - اصدار خاص,المنزل والمطبخ,,Moderate,ماكينه قهوه اسبريسو,المنزل والمطبخ,,Strong,Substitute,category_fallback,0.5,شركاء مقترحون بناءً على الشراء المتكرر داخل نفس القسم.,منتجات من نفس القسم يميل العملاء لضمّها — فرصة بيع تكميلي داخلي.
,,0.000543,0.0617,3.5736,,,,,,,,68,141,5,تابلت 10 انش - اصدار خاص,الالكترونيات,,Moderate,ساعه ذكيه سبورت - اصدار خاص,الالكترونيات,,Moderate,Substitute,category_fallback,0.5,شركاء مقترحون بناءً على الشراء المتكرر داخل نفس القسم.,منتجات من نفس القسم يميل العملاء لضمّها — فرصة بيع تكميلي داخلي.
,,0.000543,0.0704,0.7284,,,,,,,,72,34,5,كريم مرطب SPF 50 - اصدار خاص,الجمال والعنايه,,Moderate,طقم مكياج احترافي,الجمال والعنايه,,Strong,Substitute,category_fallback,0.5,شركاء مقترحون بناءً على الشراء المتكرر داخل نفس القسم.,منتجات من نفس القسم يميل العملاء لضمّها — فرصة بيع تكميلي داخلي.
,,0.000543,0.0704,0.5772,,,,,,,,71,48,5,حصيره يوغا مضاده للانزلاق - اصدار خاص,الرياضه واللياقه,,Moderate,حقيبه رياضيه جيم,الرياضه واللياقه,,Strong,Substitute,category_fallback,0.5,شركاء مقترحون بناءً على الشراء المتكرر داخل نفس القسم.,منتجات من نفس القسم يميل العملاء لضمّها — فرصة بيع تكميلي داخلي.
,,0.000543,0.0725,1.0439,,,,,,,,99,56,5,مجموعه كتب الطفل التعليميه - اصدار خاص,الكتب والتعليم,,Moderate,دوره برمجه اكاديميه USB,الكتب والتعليم,,Strong,Substitute,category_fallback,0.5,شركاء مقترحون بناءً على الشراء المتكرر داخل نفس القسم.,منتجات من نفس القسم يميل العملاء لضمّها — فرصة بيع تكميلي داخلي.
,,0.000543,0.0562,3.38,,,,,,,,89,77,5,كتاب رياده الاعمال والنجاح - اصدار خاص,الكتب والتعليم,,Moderate,دوره برمجه اكاديميه USB - اصدار خاص,الكتب والتعليم,,Moderate,Substitute,category_fallback,0.5,شركاء مقترحون بناءً على الشراء المتكرر داخل نفس القسم.,منتجات من نفس القسم يميل العملاء لضمّها — فرصة بيع تكميلي داخلي.
,,0.000543,0.0549,4.014,,,,,,,,85,135,5,ماكينه قهوه اسبريسو - اصدار خاص,المنزل والمطبخ,,Moderate,طقم اواني طهي غرانيت - اصدار خاص,المنزل والمطبخ,,Moderate,Substitute,category_fallback,0.5,شركاء مقترحون بناءً على الشراء المتكرر داخل نفس القسم.,منتجات من نفس القسم يميل العملاء لضمّها — فرصة بيع تكميلي داخلي.
,,0.000543,0.0704,4.5974,,,,,,,,100,158,5,حقيبه يد جلديه - اصدار خاص,الازياء والملابس,,Moderate,فستان سهره انيق - اصدار خاص,الازياء والملابس,,Moderate,Substitute,category_fallback,0.5,شركاء مقترحون بناءً على الشراء المتكرر داخل نفس القسم.,منتجات من نفس القسم يميل العملاء لضمّها — فرصة بيع تكميلي داخلي.
,,0.000543,0.0704,3.8817,,,,,,,,93,18,5,شال كشمير ناعم - اصدار خاص,الازياء والملابس,,Moderate,جاكيت شتوي دافي,الازياء والملابس,,Moderate,Substitute,category_fallback,0.5,شركاء مقترحون بناءً على الشراء المتكرر داخل نفس القسم.,منتجات من نفس القسم يميل العملاء لضمّها — فرصة بيع تكميلي داخلي.
,,0.000435,0.0455,2.8271,,,,,,,,70,168,4,فرن كهربايي 60 لتر - اصدار خاص,المنزل والمطبخ,,Moderate,مجموعه سكاكين مطبخ - اصدار خاص,المنزل والمطبخ,,Moderate,Substitute,category_fallback,0.4,شركاء مقترحون بناءً على الشراء المتكرر داخل نفس القسم.,منتجات من نفس القسم يميل العملاء لضمّها — فرصة بيع تكميلي داخلي.
,,0.000435,0.0482,2.6724,,,,,,,,129,164,4,تيشيرت بولو قطن - اصدار خاص,الازياء والملابس,,Moderate,حقيبه يد جلديه - اصدار خاص,الازياء والملابس,,Moderate,Substitute,category_fallback,0.4,شركاء مقترحون بناءً على الشراء المتكرر داخل نفس القسم.,منتجات من نفس القسم يميل العملاء لضمّها — فرصة بيع تكميلي داخلي.
,,0.000435,0.0455,2.8658,,,,,,,,70,176,4,فرن كهربايي 60 لتر - اصدار خاص,المنزل والمطبخ,,Moderate,فرن كهربايي 60 لتر - اصدار خاص,المنزل والمطبخ,,Moderate,Substitute,category_fallback,0.4,شركاء مقترحون بناءً على الشراء المتكرر داخل نفس القسم.,منتجات من نفس القسم يميل العملاء لضمّها — فرصة بيع تكميلي داخلي.
,,0.000435,0.0471,0.7136,,,,,,,,196,54,4,اطلس العالم المصور - اصدار خاص,الكتب والتعليم,,Moderate,قاموس عربي انجليزي شامل,الكتب والتعليم,,Strong,Substitute,category_fallback,0.4,شركاء مقترحون بناءً على الشراء المتكرر داخل نفس القسم.,منتجات من نفس القسم يميل العملاء لضمّها — فرصة بيع تكميلي داخلي.
,,0.000435,0.0488,2.705,,,,,,,,152,164,4,شال كشمير ناعم - اصدار خاص,الازياء والملابس,,Moderate,حقيبه يد جلديه - اصدار خاص,الازياء والملابس,,Moderate,Substitute,category_fallback,0.4,شركاء مقترحون بناءً على الشراء المتكرر داخل نفس القسم.,منتجات من نفس القسم يميل العملاء لضمّها — فرصة بيع تكميلي داخلي.
,,0.000435,0.046,2.7304,,,,,,,,144,74,4,كتاب تطوير الذات والتحفيز - اصدار خاص,الكتب والتعليم,,Moderate,كتاب الطبخ العربي التقليدي - اصدار خاص,الكتب والتعليم,,Moderate,Substitute,category_fallback,0.4,شركاء مقترحون بناءً على الشراء المتكرر داخل نفس القسم.,منتجات من نفس القسم يميل العملاء لضمّها — فرصة بيع تكميلي داخلي.
,,0.000435,0.0465,4.5547,,,,,,,,44,49,4,جهاز مشي كهربايي,الرياضه واللياقه,,Moderate,جهاز قياس ضغط الدم,الرياضه واللياقه,,Moderate,Substitute,category_fallback,0.4,شركاء مقترحون بناءً على الشراء المتكرر داخل نفس القسم.,منتجات من نفس القسم يميل العملاء لضمّها — فرصة بيع تكميلي داخلي.
,,0.000435,0.0816,0.8946,,,,,,,,43,46,4,دراجه هواييه جبليه,الرياضه واللياقه,,Moderate,حصيره يوغا مضاده للانزلاق,الرياضه واللياقه,,Strong,Substitute,category_fallback,0.4,شركاء مقترحون بناءً على الشراء المتكرر داخل نفس القسم.,منتجات من نفس القسم يميل العملاء لضمّها — فرصة بيع تكميلي داخلي.
,,0.000435,0.0816,1.2693,,,,,,,,43,50,4,دراجه هواييه جبليه,الرياضه واللياقه,,Moderate,عداد خطوات ذكي,الرياضه واللياقه,,Strong,Substitute,category_fallback,0.4,شركاء مقترحون بناءً على الشراء المتكرر داخل نفس القسم.,منتجات من نفس القسم يميل العملاء لضمّها — فرصة بيع تكميلي داخلي.
,,0.000435,0.0526,0.8102,,,,,,,,137,4,4,راوتر واي فاي 6 - اصدار خاص,الالكترونيات,,Moderate,ساعه ذكيه سبورت,الالكترونيات,,Strong,Substitute,category_fallback,0.4,شركاء مقترحون بناءً على الشراء المتكرر داخل نفس القسم.,منتجات من نفس القسم يميل العملاء لضمّها — فرصة بيع تكميلي داخلي.
,,0.000435,0.0426,0.3488,,,,,,,,49,48,4,جهاز قياس ضغط الدم,الرياضه واللياقه,,Moderate,حقيبه رياضيه جيم,الرياضه واللياقه,,Strong,Substitute,category_fallback,0.4,شركاء مقترحون بناءً على الشراء المتكرر داخل نفس القسم.,منتجات من نفس القسم يميل العملاء لضمّها — فرصة بيع تكميلي داخلي.
,,0.000435,0.0417,0.4776,,,,,,,,5,2,4,تابلت 10 انش,الالكترونيات,,Moderate,لابتوب الترا سليم,الالكترونيات,,Strong,Substitute,category_fallback,0.4,شركاء مقترحون بناءً على الشراء المتكرر داخل نفس القسم.,منتجات من نفس القسم يميل العملاء لضمّها — فرصة بيع تكميلي داخلي.
,,0.000435,0.0417,0.6512,,,,,,,,5,10,4,تابلت 10 انش,الالكترونيات,,Moderate,شاحن لاسلكي سريع,الالكترونيات,,Strong,Substitute,category_fallback,0.4,شركاء مقترحون بناءً على الشراء المتكرر داخل نفس القسم.,منتجات من نفس القسم يميل العملاء لضمّها — فرصة بيع تكميلي داخلي.
,,0.000435,0.0465,3.1025,,,,,,,,20,180,4,حذاء رسمي جلد,الازياء والملابس,,Moderate,شال كشمير ناعم - اصدار خاص,الازياء والملابس,,Moderate,Substitute,category_fallback,0.4,شركاء مقترحون بناءً على الشراء المتكرر داخل نفس القسم.,منتجات من نفس القسم يميل العملاء لضمّها — فرصة بيع تكميلي داخلي.
,,0.000435,0.0606,0.853,,,,,,,,140,37,4,مزيل عرق رول اون - اصدار خاص,الجمال والعنايه,,Moderate,غسول وجه للبشره الحساسه,الجمال والعنايه,,Strong,Substitute,category_fallback,0.4,شركاء مقترحون بناءً على الشراء المتكرر داخل نفس القسم.,منتجات من نفس القسم يميل العملاء لضمّها — فرصة بيع تكميلي داخلي.
,,0.000435,0.0476,4.4276,,,,,,,,142,194,4,مكبر صوت بلوتوث - اصدار خاص,الالكترونيات,,Moderate,ساعه ذكيه سبورت - اصدار خاص,الالكترونيات,,Moderate,Substitute,category_fallback,0.4,شركاء مقترحون بناءً على الشراء المتكرر داخل نفس القسم.,منتجات من نفس القسم يميل العملاء لضمّها — فرصة بيع تكميلي داخلي.
,,0.000435,0.0476,0.397,,,,,,,,142,3,4,مكبر صوت بلوتوث - اصدار خاص,الالكترونيات,,Moderate,سماعات لاسلكيه,الالكترونيات,,Strong,Substitute,category_fallback,0.4,شركاء مقترحون بناءً على الشراء المتكرر داخل نفس القسم.,منتجات من نفس القسم يميل العملاء لضمّها — فرصة بيع تكميلي داخلي.
,,0.000435,0.0656,0.7709,,,,,,,,148,47,4,حذاء جري احترافي - اصدار خاص,الرياضه واللياقه,,Moderate,اوزان حديد طقم 20 كيلو,الرياضه واللياقه,,Strong,Substitute,category_fallback,0.4,شركاء مقترحون بناءً على الشراء المتكرر داخل نفس القسم.,منتجات من نفس القسم يميل العملاء لضمّها — فرصة بيع تكميلي داخلي.
,,0.000435,0.0656,0.6782,,,,,,,,149,34,4,طقم مكياج احترافي - اصدار خاص,الجمال والعنايه,,Moderate,طقم مكياج احترافي,الجمال والعنايه,,Strong,Substitute,category_fallback,0.4,شركاء مقترحون بناءً على الشراء المتكرر داخل نفس القسم.,منتجات من نفس القسم يميل العملاء لضمّها — فرصة بيع تكميلي داخلي.
,,0.000435,0.0417,0.6973,,,,,,,,136,29,4,فرن كهربايي 60 لتر - اصدار خاص,المنزل والمطبخ,,Moderate,مجموعه سكاكين مطبخ,المنزل والمطبخ,,Strong,Substitute,category_fallback,0.4,شركاء مقترحون بناءً على الشراء المتكرر داخل نفس القسم.,منتجات من نفس القسم يميل العملاء لضمّها — فرصة بيع تكميلي داخلي.
,,0.000435,0.0417,4.621,,,,,,,,136,82,4,فرن كهربايي 60 لتر - اصدار خاص,المنزل والمطبخ,,Moderate,مجموعه سكاكين مطبخ - اصدار خاص,المنزل والمطبخ,,Moderate,Substitute,category_fallback,0.4,شركاء مقترحون بناءً على الشراء المتكرر داخل نفس القسم.,منتجات من نفس القسم يميل العملاء لضمّها — فرصة بيع تكميلي داخلي.
,,0.000435,0.0513,0.6006,,,,,,,,24,25,4,مكنسه كهرباييه لاسلكيه,المنزل والمطبخ,,Moderate,ماكينه قهوه اسبريسو,المنزل والمطبخ,,Strong,Substitute,category_fallback,0.4,شركاء مقترحون بناءً على الشراء المتكرر داخل نفس القسم.,منتجات من نفس القسم يميل العملاء لضمّها — فرصة بيع تكميلي داخلي.
,,0.000435,0.0526,3.047,,,,,,,,137,141,4,راوتر واي فاي 6 - اصدار خاص,الالكترونيات,,Moderate,ساعه ذكيه سبورت - اصدار خاص,الالكترونيات,,Moderate,Substitute,category_fallback,0.4,شركاء مقترحون بناءً على الشراء المتكرر داخل نفس القسم.,منتجات من نفس القسم يميل العملاء لضمّها — فرصة بيع تكميلي داخلي.
,,0.000435,0.0556,6.2364,,,,,,,,16,166,4,حقيبه يد جلديه,الازياء والملابس,,Moderate,فستان سهره انيق - اصدار خاص,الازياء والملابس,,Moderate,Substitute,category_fallback,0.4,شركاء مقترحون بناءً على الشراء المتكرر داخل نفس القسم.,منتجات من نفس القسم يميل العملاء لضمّها — فرصة بيع تكميلي داخلي.
,,0.000435,0.0465,2.5637,,,,,,,,20,18,4,حذاء رسمي جلد,الازياء والملابس,,Moderate,جاكيت شتوي دافي,الازياء والملابس,,Moderate,Substitute,category_fallback,0.4,شركاء مقترحون بناءً على الشراء المتكرر داخل نفس القسم.,منتجات من نفس القسم يميل العملاء لضمّها — فرصة بيع تكميلي داخلي.
,,0.000435,0.0769,0.9009,,,,,,,,22,25,4,غساله اوتوماتيك 8 كيلو,المنزل والمطبخ,,Moderate,ماكينه قهوه اسبريسو,المنزل والمطبخ,,Strong,Substitute,category_fallback,0.4,شركاء مقترحون بناءً على الشراء المتكرر داخل نفس القسم.,منتجات من نفس القسم يميل العملاء لضمّها — فرصة بيع تكميلي داخلي.
,,0.000435,0.0465,5.1583,,,,,,,,20,129,4,حذاء رسمي جلد,الازياء والملابس,,Moderate,تيشيرت بولو قطن - اصدار خاص,الازياء والملابس,,Moderate,Substitute,category_fallback,0.4,شركاء مقترحون بناءً على الشراء المتكرر داخل نفس القسم.,منتجات من نفس القسم يميل العملاء لضمّها — فرصة بيع تكميلي داخلي.
,,0.000435,0.0506,3.3055,,,,,,,,156,158,4,قميص قطني كلاسيكي - اصدار خاص,الازياء والملابس,,Moderate,فستان سهره انيق - اصدار خاص,الازياء والملابس,,Moderate,Substitute,category_fallback,0.4,شركاء مقترحون بناءً على الشراء المتكرر داخل نفس القسم.,منتجات من نفس القسم يميل العملاء لضمّها — فرصة بيع تكميلي داخلي.
,,0.000435,0.0465,0.7728,,,,,,,,191,28,4,غساله اوتوماتيك 8 كيلو - اصدار خاص,المنزل والمطبخ,,Moderate,خلاط كهربايي متعدد الوظايف,المنزل والمطبخ,,Strong,Substitute,category_fallback,0.4,شركاء مقترحون بناءً على الشراء المتكرر داخل نفس القسم.,منتجات من نفس القسم يميل العملاء لضمّها — فرصة بيع تكميلي داخلي.
,,0.000435,0.0449,0.7522,,,,,,,,153,29,4,فرن كهربايي 60 لتر - اصدار خاص,المنزل والمطبخ,,Moderate,مجموعه سكاكين مطبخ,المنزل والمطبخ,,Strong,Substitute,category_fallback,0.4,شركاء مقترحون بناءً على الشراء المتكرر داخل نفس القسم.,منتجات من نفس القسم يميل العملاء لضمّها — فرصة بيع تكميلي داخلي.
,,0.000435,0.0465,2.9125,,,,,,,,165,96,4,حذاء جري احترافي - اصدار خاص,الرياضه واللياقه,,Moderate,دراجه هواييه جبليه - اصدار خاص,الرياضه واللياقه,,Moderate,Substitute,category_fallback,0.4,شركاء مقترحون بناءً على الشراء المتكرر داخل نفس القسم.,منتجات من نفس القسم يميل العملاء لضمّها — فرصة بيع تكميلي داخلي.
,,0.000435,0.0678,1.1347,,,,,,,,154,29,4,ثلاجه نوفروست 350 لتر - اصدار خاص,المنزل والمطبخ,,Moderate,مجموعه سكاكين مطبخ,المنزل والمطبخ,,Strong,Substitute,category_fallback,0.4,شركاء مقترحون بناءً على الشراء المتكرر داخل نفس القسم.,منتجات من نفس القسم يميل العملاء لضمّها — فرصة بيع تكميلي داخلي.
,,0.000435,0.0476,5.4792,,,,,,,,155,13,4,حذاء رياضي مريح - اصدار خاص,الازياء والملابس,,Moderate,بنطلون جينز سليم فيت,الازياء والملابس,,Moderate,Substitute,category_fallback,0.4,شركاء مقترحون بناءً على الشراء المتكرر داخل نفس القسم.,منتجات من نفس القسم يميل العملاء لضمّها — فرصة بيع تكميلي داخلي.
,,0.000435,0.0417,2.7202,,,,,,,,169,158,4,فستان سهره انيق - اصدار خاص,الازياء والملابس,,Moderate,فستان سهره انيق - اصدار خاص,الازياء والملابس,,Moderate,Substitute,category_fallback,0.4,شركاء مقترحون بناءً على الشراء المتكرر داخل نفس القسم.,منتجات من نفس القسم يميل العملاء لضمّها — فرصة بيع تكميلي داخلي.
,,0.000435,0.0556,4.8244,,,,,,,,16,17,4,حقيبه يد جلديه,الازياء والملابس,,Moderate,شال كشمير ناعم,الازياء والملابس,,Moderate,Substitute,category_fallback,0.4,شركاء مقترحون بناءً على الشراء المتكرر داخل نفس القسم.,منتجات من نفس القسم يميل العملاء لضمّها — فرصة بيع تكميلي داخلي.
,,0.000435,0.0465,0.5468,,,,,,,,165,47,4,حذاء جري احترافي - اصدار خاص,الرياضه واللياقه,,Moderate,اوزان حديد طقم 20 كيلو,الرياضه واللياقه,,Strong,Substitute,category_fallback,0.4,شركاء مقترحون بناءً على الشراء المتكرر داخل نفس القسم.,منتجات من نفس القسم يميل العملاء لضمّها — فرصة بيع تكميلي داخلي.
,,0.000435,0.0488,6.2364,,,,,,,,166,16,4,فستان سهره انيق - اصدار خاص,الازياء والملابس,,Moderate,حقيبه يد جلديه,الازياء والملابس,,Moderate,Substitute,category_fallback,0.4,شركاء مقترحون بناءً على الشراء المتكرر داخل نفس القسم.,منتجات من نفس القسم يميل العملاء لضمّها — فرصة بيع تكميلي داخلي.
,,0.000435,0.0444,4.2616,,,,,,,,170,136,4,فرن كهربايي 60 لتر - اصدار خاص,المنزل والمطبخ,,Moderate,فرن كهربايي 60 لتر - اصدار خاص,المنزل والمطبخ,,Moderate,Substitute,category_fallback,0.4,شركاء مقترحون بناءً على الشراء المتكرر داخل نفس القسم.,منتجات من نفس القسم يميل العملاء لضمّها — فرصة بيع تكميلي داخلي.
,,0.000435,0.05,3.2642,,,,,,,,103,158,4,بنطلون جينز سليم فيت - اصدار خاص,الازياء والملابس,,Moderate,فستان سهره انيق - اصدار خاص,الازياء والملابس,,Moderate,Substitute,category_fallback,0.4,شركاء مقترحون بناءً على الشراء المتكرر داخل نفس القسم.,منتجات من نفس القسم يميل العملاء لضمّها — فرصة بيع تكميلي داخلي.
,,0.000435,0.0625,3.9405,,,,,,,,101,176,4,مجموعه سكاكين مطبخ - اصدار خاص,المنزل والمطبخ,,Moderate,فرن كهربايي 60 لتر - اصدار خاص,المنزل والمطبخ,,Moderate,Substitute,category_fallback,0.4,شركاء مقترحون بناءً على الشراء المتكرر داخل نفس القسم.,منتجات من نفس القسم يميل العملاء لضمّها — فرصة بيع تكميلي داخلي.
,,0.000435,0.05,2.8947,,,,,,,,102,141,4,تابلت 10 انش - اصدار خاص,الالكترونيات,,Moderate,ساعه ذكيه سبورت - اصدار خاص,الالكترونيات,,Moderate,Substitute,category_fallback,0.4,شركاء مقترحون بناءً على الشراء المتكرر داخل نفس القسم.,منتجات من نفس القسم يميل العملاء لضمّها — فرصة بيع تكميلي داخلي.
,,0.000435,0.0563,3.124,,,,,,,,93,164,4,شال كشمير ناعم - اصدار خاص,الازياء والملابس,,Moderate,حقيبه يد جلديه - اصدار خاص,الازياء والملابس,,Moderate,Substitute,category_fallback,0.4,شركاء مقترحون بناءً على الشراء المتكرر داخل نفس القسم.,منتجات من نفس القسم يميل العملاء لضمّها — فرصة بيع تكميلي داخلي.
,,0.000435,0.0465,0.7485,,,,,,,,106,26,4,فرن كهربايي 60 لتر - اصدار خاص,المنزل والمطبخ,,Moderate,طقم اواني طهي غرانيت,المنزل والمطبخ,,Strong,Substitute,category_fallback,0.4,شركاء مقترحون بناءً على الشراء المتكرر داخل نفس القسم.,منتجات من نفس القسم يميل العملاء لضمّها — فرصة بيع تكميلي داخلي.
,,0.000435,0.044,2.4823,,,,,,,,85,21,4,ماكينه قهوه اسبريسو - اصدار خاص,المنزل والمطبخ,,Moderate,مكيف هواء انفيرتر 18000,المنزل والمطبخ,,Moderate,Substitute,category_fallback,0.4,شركاء مقترحون بناءً على الشراء المتكرر داخل نفس القسم.,منتجات من نفس القسم يميل العملاء لضمّها — فرصة بيع تكميلي داخلي.
,,0.000435,0.044,0.7357,,,,,,,,85,29,4,ماكينه قهوه اسبريسو - اصدار خاص,المنزل والمطبخ,,Moderate,مجموعه سكاكين مطبخ,المنزل والمطبخ,,Strong,Substitute,category_fallback,0.4,شركاء مقترحون بناءً على الشراء المتكرر داخل نفس القسم.,منتجات من نفس القسم يميل العملاء لضمّها — فرصة بيع تكميلي داخلي.
,,0.000435,0.0482,4.621,,,,,,,,82,136,4,مجموعه سكاكين مطبخ - اصدار خاص,المنزل والمطبخ,,Moderate,فرن كهربايي 60 لتر - اصدار خاص,المنزل والمطبخ,,Moderate,Substitute,category_fallback,0.4,شركاء مقترحون بناءً على الشراء المتكرر داخل نفس القسم.,منتجات من نفس القسم يميل العملاء لضمّها — فرصة بيع تكميلي داخلي.
,,0.000435,0.0482,4.6696,,,,,,,,82,162,4,مجموعه سكاكين مطبخ - اصدار خاص,المنزل والمطبخ,,Moderate,ثلاجه نوفروست 350 لتر - اصدار خاص,المنزل والمطبخ,,Moderate,Substitute,category_fallback,0.4,شركاء مقترحون بناءً على الشراء المتكرر داخل نفس القسم.,منتجات من نفس القسم يميل العملاء لضمّها — فرصة بيع تكميلي داخلي.
,,0.000435,0.058,0.5996,,,,,,,,109,34,4,قناع وجه كولاجين - اصدار خاص,الجمال والعنايه,,Moderate,طقم مكياج احترافي,الجمال والعنايه,,Strong,Substitute,category_fallback,0.4,شركاء مقترحون بناءً على الشراء المتكرر داخل نفس القسم.,منتجات من نفس القسم يميل العملاء لضمّها — فرصة بيع تكميلي داخلي.
,,0.000435,0.0465,0.5447,,,,,,,,106,25,4,فرن كهربايي 60 لتر - اصدار خاص,المنزل والمطبخ,,Moderate,ماكينه قهوه اسبريسو,المنزل والمطبخ,,Strong,Substitute,category_fallback,0.4,شركاء مقترحون بناءً على الشراء المتكرر داخل نفس القسم.,منتجات من نفس القسم يميل العملاء لضمّها — فرصة بيع تكميلي داخلي.
,,0.000435,0.058,0.826,,,,,,,,109,39,4,قناع وجه كولاجين - اصدار خاص,الجمال والعنايه,,Moderate,قناع وجه كولاجين,الجمال والعنايه,,Strong,Substitute,category_fallback,0.4,شركاء مقترحون بناءً على الشراء المتكرر داخل نفس القسم.,منتجات من نفس القسم يميل العملاء لضمّها — فرصة بيع تكميلي داخلي.
,,0.000435,0.0482,3.0178,,,,,,,,86,96,4,لباس رياضي ضاغط - اصدار خاص,الرياضه واللياقه,,Moderate,دراجه هواييه جبليه - اصدار خاص,الرياضه واللياقه,,Moderate,Substitute,category_fallback,0.4,شركاء مقترحون بناءً على الشراء المتكرر داخل نفس القسم.,منتجات من نفس القسم يميل العملاء لضمّها — فرصة بيع تكميلي داخلي.
,,0.000435,0.0563,0.5674,,,,,,,,84,51,4,كتاب الطبخ العربي التقليدي - اصدار خاص,الكتب والتعليم,,Moderate,كتاب تعلم البرمجه بالعربيه,الكتب والتعليم,,Strong,Substitute,category_fallback,0.4,شركاء مقترحون بناءً على الشراء المتكرر داخل نفس القسم.,منتجات من نفس القسم يميل العملاء لضمّها — فرصة بيع تكميلي داخلي.
,,0.000435,0.058,0.4752,,,,,,,,123,48,4,عداد خطوات ذكي - اصدار خاص,الرياضه واللياقه,,Moderate,حقيبه رياضيه جيم,الرياضه واللياقه,,Strong,Substitute,category_fallback,0.4,شركاء مقترحون بناءً على الشراء المتكرر داخل نفس القسم.,منتجات من نفس القسم يميل العملاء لضمّها — فرصة بيع تكميلي داخلي.
,,0.000435,0.0563,0.5827,,,,,,,,122,34,4,طقم مكياج احترافي - اصدار خاص,الجمال والعنايه,,Moderate,طقم مكياج احترافي,الجمال والعنايه,,Strong,Substitute,category_fallback,0.4,شركاء مقترحون بناءً على الشراء المتكرر داخل نفس القسم.,منتجات من نفس القسم يميل العملاء لضمّها — فرصة بيع تكميلي داخلي.
,,0.000435,0.0426,3.6953,,,,,,,,110,76,4,جهاز قياس ضغط الدم - اصدار خاص,الرياضه واللياقه,,Moderate,حقيبه رياضيه جيم - اصدار خاص,الرياضه واللياقه,,Moderate,Substitute,category_fallback,0.4,شركاء مقترحون بناءً على الشراء المتكرر داخل نفس القسم.,منتجات من نفس القسم يميل العملاء لضمّها — فرصة بيع تكميلي داخلي.
,,0.000435,0.0563,0.809,,,,,,,,122,33,4,طقم مكياج احترافي - اصدار خاص,الجمال والعنايه,,Moderate,مجموعه عنايه بالشعر,الجمال والعنايه,,Strong,Substitute,category_fallback,0.4,شركاء مقترحون بناءً على الشراء المتكرر داخل نفس القسم.,منتجات من نفس القسم يميل العملاء لضمّها — فرصة بيع تكميلي داخلي.
,,0.000435,0.0548,3.5027,,,,,,,,59,172,4,كتاب تطوير الذات والتحفيز,الكتب والتعليم,,Moderate,كتاب رياده الاعمال والنجاح - اصدار خاص,الكتب والتعليم,,Moderate,Substitute,category_fallback,0.4,شركاء مقترحون بناءً على الشراء المتكرر داخل نفس القسم.,منتجات من نفس القسم يميل العملاء لضمّها — فرصة بيع تكميلي داخلي.
,,0.000435,0.0494,0.4117,,,,,,,,68,3,4,تابلت 10 انش - اصدار خاص,الالكترونيات,,Moderate,سماعات لاسلكيه,الالكترونيات,,Strong,Substitute,category_fallback,0.4,شركاء مقترحون بناءً على الشراء المتكرر داخل نفس القسم.,منتجات من نفس القسم يميل العملاء لضمّها — فرصة بيع تكميلي داخلي.
,,0.000435,0.0494,4.4565,,,,,,,,68,7,4,تابلت 10 انش - اصدار خاص,الالكترونيات,,Moderate,كاميرا ميرورليس,الالكترونيات,,Moderate,Substitute,category_fallback,0.4,شركاء مقترحون بناءً على الشراء المتكرر داخل نفس القسم.,منتجات من نفس القسم يميل العملاء لضمّها — فرصة بيع تكميلي داخلي.
,,0.000435,0.0455,2.7347,,,,,,,,70,91,4,فرن كهربايي 60 لتر - اصدار خاص,المنزل والمطبخ,,Moderate,فرن كهربايي 60 لتر - اصدار خاص,المنزل والمطبخ,,Moderate,Substitute,category_fallback,0.4,شركاء مقترحون بناءً على الشراء المتكرر داخل نفس القسم.,منتجات من نفس القسم يميل العملاء لضمّها — فرصة بيع تكميلي داخلي.
,,0.000435,0.0482,5.1583,,,,,,,,129,20,4,تيشيرت بولو قطن - اصدار خاص,الازياء والملابس,,Moderate,حذاء رسمي جلد,الازياء والملابس,,Moderate,Substitute,category_fallback,0.4,شركاء مقترحون بناءً على الشراء المتكرر داخل نفس القسم.,منتجات من نفس القسم يميل العملاء لضمّها — فرصة بيع تكميلي داخلي.
,,0.000435,0.0548,3.2541,,,,,,,,58,74,4,كتاب الطبخ العربي التقليدي,الكتب والتعليم,,Moderate,كتاب الطبخ العربي التقليدي - اصدار خاص,الكتب والتعليم,,Moderate,Substitute,category_fallback,0.4,شركاء مقترحون بناءً على الشراء المتكرر داخل نفس القسم.,منتجات من نفس القسم يميل العملاء لضمّها — فرصة بيع تكميلي داخلي.
,,0.000435,0.05,5.4792,,,,,,,,13,155,4,بنطلون جينز سليم فيت,الازياء والملابس,,Moderate,حذاء رياضي مريح - اصدار خاص,الازياء والملابس,,Moderate,Substitute,category_fallback,0.4,شركاء مقترحون بناءً على الشراء المتكرر داخل نفس القسم.,منتجات من نفس القسم يميل العملاء لضمّها — فرصة بيع تكميلي داخلي.
,,0.000435,0.05,3.3351,,,,,,,,13,180,4,بنطلون جينز سليم فيت,الازياء والملابس,,Moderate,شال كشمير ناعم - اصدار خاص,الازياء والملابس,,Moderate,Substitute,category_fallback,0.4,شركاء مقترحون بناءً على الشراء المتكرر داخل نفس القسم.,منتجات من نفس القسم يميل العملاء لضمّها — فرصة بيع تكميلي داخلي.
,,0.000435,0.0519,2.9517,,,,,,,,132,87,4,عطر رجالي عودي - اصدار خاص,الجمال والعنايه,,Moderate,طقم مكياج احترافي - اصدار خاص,الجمال والعنايه,,Moderate,Substitute,category_fallback,0.4,شركاء مقترحون بناءً على الشراء المتكرر داخل نفس القسم.,منتجات من نفس القسم يميل العملاء لضمّها — فرصة بيع تكميلي داخلي.
,,0.000435,0.0625,0.7319,,,,,,,,61,25,4,فرن كهربايي 60 لتر - اصدار خاص,المنزل والمطبخ,,Moderate,ماكينه قهوه اسبريسو,المنزل والمطبخ,,Strong,Substitute,category_fallback,0.4,شركاء مقترحون بناءً على الشراء المتكرر داخل نفس القسم.,منتجات من نفس القسم يميل العملاء لضمّها — فرصة بيع تكميلي داخلي.
,,0.000435,0.0548,0.5518,,,,,,,,59,51,4,كتاب تطوير الذات والتحفيز,الكتب والتعليم,,Moderate,كتاب تعلم البرمجه بالعربيه,الكتب والتعليم,,Strong,Substitute,category_fallback,0.4,شركاء مقترحون بناءً على الشراء المتكرر داخل نفس القسم.,منتجات من نفس القسم يميل العملاء لضمّها — فرصة بيع تكميلي داخلي.
,,0.000435,0.0548,3.2966,,,,,,,,58,77,4,كتاب الطبخ العربي التقليدي,الكتب والتعليم,,Moderate,دوره برمجه اكاديميه USB - اصدار خاص,الكتب والتعليم,,Moderate,Substitute,category_fallback,0.4,شركاء مقترحون بناءً على الشراء المتكرر داخل نفس القسم.,منتجات من نفس القسم يميل العملاء لضمّها — فرصة بيع تكميلي داخلي.
,,0.000435,0.044,2.6104,,,,,,,,57,74,4,مجموعه كتب الطفل التعليميه,الكتب والتعليم,,Moderate,كتاب الطبخ العربي التقليدي - اصدار خاص,الكتب والتعليم,,Moderate,Substitute,category_fallback,0.4,شركاء مقترحون بناءً على الشراء المتكرر داخل نفس القسم.,منتجات من نفس القسم يميل العملاء لضمّها — فرصة بيع تكميلي داخلي.
,,0.000435,0.0482,4.5267,,,,,,,,55,92,4,روايه عربيه بيست سيلر,الكتب والتعليم,,Moderate,موسوعه التاريخ الاسلامي - اصدار خاص,الكتب والتعليم,,Moderate,Substitute,category_fallback,0.4,شركاء مقترحون بناءً على الشراء المتكرر داخل نفس القسم.,منتجات من نفس القسم يميل العملاء لضمّها — فرصة بيع تكميلي داخلي.
,,0.000435,0.0449,2.9979,,,,,,,,73,180,4,فستان سهره انيق - اصدار خاص,الازياء والملابس,,Moderate,شال كشمير ناعم - اصدار خاص,الازياء والملابس,,Moderate,Substitute,category_fallback,0.4,شركاء مقترحون بناءً على الشراء المتكرر داخل نفس القسم.,منتجات من نفس القسم يميل العملاء لضمّها — فرصة بيع تكميلي داخلي.
,,0.000435,0.0615,0.8769,,,,,,,,62,53,4,كتاب الطبخ العربي التقليدي - اصدار خاص,الكتب والتعليم,,Moderate,كتاب رياده الاعمال والنجاح,الكتب والتعليم,,Strong,Substitute,category_fallback,0.4,شركاء مقترحون بناءً على الشراء المتكرر داخل نفس القسم.,منتجات من نفس القسم يميل العملاء لضمّها — فرصة بيع تكميلي داخلي.
,,0.000435,0.058,0.8159,,,,,,,,78,37,4,عطر رجالي عودي - اصدار خاص,الجمال والعنايه,,Moderate,غسول وجه للبشره الحساسه,الجمال والعنايه,,Strong,Substitute,category_fallback,0.4,شركاء مقترحون بناءً على الشراء المتكرر داخل نفس القسم.,منتجات من نفس القسم يميل العملاء لضمّها — فرصة بيع تكميلي داخلي.
,,0.000435,0.0404,2.2405,,,,,,,,12,164,4,فستان سهره انيق,الازياء والملابس,,Moderate,حقيبه يد جلديه - اصدار خاص,الازياء والملابس,,Moderate,Substitute,category_fallback,0.4,شركاء مقترحون بناءً على الشراء المتكرر داخل نفس القسم.,منتجات من نفس القسم يميل العملاء لضمّها — فرصة بيع تكميلي داخلي.
,,0.000435,0.0421,0.6,,,,,,,,116,39,4,قناع وجه كولاجين - اصدار خاص,الجمال والعنايه,,Moderate,قناع وجه كولاجين,الجمال والعنايه,,Strong,Substitute,category_fallback,0.4,شركاء مقترحون بناءً على الشراء المتكرر داخل نفس القسم.,منتجات من نفس القسم يميل العملاء لضمّها — فرصة بيع تكميلي داخلي.
,,0.000435,0.0426,2.6646,,,,,,,,110,96,4,جهاز قياس ضغط الدم - اصدار خاص,الرياضه واللياقه,,Moderate,دراجه هواييه جبليه - اصدار خاص,الرياضه واللياقه,,Moderate,Substitute,category_fallback,0.4,شركاء مقترحون بناءً على الشراء المتكرر داخل نفس القسم.,منتجات من نفس القسم يميل العملاء لضمّها — فرصة بيع تكميلي داخلي.
,,0.000435,0.0563,3.3895,,,,,,,,84,77,4,كتاب الطبخ العربي التقليدي - اصدار خاص,الكتب والتعليم,,Moderate,دوره برمجه اكاديميه USB - اصدار خاص,الكتب والتعليم,,Moderate,Substitute,category_fallback,0.4,شركاء مقترحون بناءً على الشراء المتكرر داخل نفس القسم.,منتجات من نفس القسم يميل العملاء لضمّها — فرصة بيع تكميلي داخلي.
,,0.000435,0.037,2.0538,,,,,,,,83,164,4,فستان سهره انيق - اصدار خاص,الازياء والملابس,,Moderate,حقيبه يد جلديه - اصدار خاص,الازياء والملابس,,Moderate,Substitute,category_fallback,0.4,شركاء مقترحون بناءً على الشراء المتكرر داخل نفس القسم.,منتجات من نفس القسم يميل العملاء لضمّها — فرصة بيع تكميلي داخلي.
,,0.000435,0.0702,4.3646,,,,,,,,111,168,4,مكواه بخاريه احترافيه - اصدار خاص,المنزل والمطبخ,,Moderate,مجموعه سكاكين مطبخ - اصدار خاص,المنزل والمطبخ,,Moderate,Substitute,category_fallback,0.4,شركاء مقترحون بناءً على الشراء المتكرر داخل نفس القسم.,منتجات من نفس القسم يميل العملاء لضمّها — فرصة بيع تكميلي داخلي.
,,0.000435,0.0471,2.6575,,,,,,,,80,21,4,ماكينه قهوه اسبريسو - اصدار خاص,المنزل والمطبخ,,Strong,مكيف هواء انفيرتر 18000,المنزل والمطبخ,,Moderate,Substitute,category_fallback,0.4,شركاء مقترحون بناءً على الشراء المتكرر داخل نفس القسم.,منتجات من نفس القسم يميل العملاء لضمّها — فرصة بيع تكميلي داخلي.
,,0.000326,0.0366,5.262,,,,,,,,166,63,3,فستان سهره انيق - اصدار خاص,الازياء والملابس,,Moderate,حذاء رياضي مريح - اصدار خاص,الازياء والملابس,,Moderate,Substitute,category_fallback,0.3,شركاء مقترحون بناءً على الشراء المتكرر داخل نفس القسم.,منتجات من نفس القسم يميل العملاء لضمّها — فرصة بيع تكميلي داخلي.
,,0.000326,0.0366,4.1069,,,,,,,,166,198,3,فستان سهره انيق - اصدار خاص,الازياء والملابس,,Moderate,حقيبه يد جلديه - اصدار خاص,الازياء والملابس,,Moderate,Substitute,category_fallback,0.3,شركاء مقترحون بناءً على الشراء المتكرر داخل نفس القسم.,منتجات من نفس القسم يميل العملاء لضمّها — فرصة بيع تكميلي داخلي.
,,0.000326,0.0508,3.0003,,,,,,,,163,175,3,دوره برمجه اكاديميه USB - اصدار خاص,الكتب والتعليم,,Moderate,مجموعه كتب الطفل التعليميه - اصدار خاص,الكتب والتعليم,,Moderate,Substitute,category_fallback,0.3,شركاء مقترحون بناءً على الشراء المتكرر داخل نفس القسم.,منتجات من نفس القسم يميل العملاء لضمّها — فرصة بيع تكميلي داخلي.
,,0.000326,0.0508,4.8253,,,,,,,,163,113,3,دوره برمجه اكاديميه USB - اصدار خاص,الكتب والتعليم,,Moderate,كتاب تعلم البرمجه بالعربيه - اصدار خاص,الكتب والتعليم,,Moderate,Substitute,category_fallback,0.3,شركاء مقترحون بناءً على الشراء المتكرر داخل نفس القسم.,منتجات من نفس القسم يميل العملاء لضمّها — فرصة بيع تكميلي داخلي.
,,0.000326,0.05,0.7037,,,,,,,,160,37,3,زيت ارغان طبيعي - اصدار خاص,الجمال والعنايه,,Moderate,غسول وجه للبشره الحساسه,الجمال والعنايه,,Strong,Substitute,category_fallback,0.3,شركاء مقترحون بناءً على الشراء المتكرر داخل نفس القسم.,منتجات من نفس القسم يميل العملاء لضمّها — فرصة بيع تكميلي داخلي.
,,0.000326,0.0312,2.0845,,,,,,,,169,180,3,فستان سهره انيق - اصدار خاص,الازياء والملابس,,Moderate,شال كشمير ناعم - اصدار خاص,الازياء والملابس,,Moderate,Substitute,category_fallback,0.3,شركاء مقترحون بناءً على الشراء المتكرر داخل نفس القسم.,منتجات من نفس القسم يميل العملاء لضمّها — فرصة بيع تكميلي داخلي.
,,0.000326,0.0492,0.5467,,,,,,,,149,32,3,طقم مكياج احترافي - اصدار خاص,الجمال والعنايه,,Moderate,سيروم فيتامين سي,الجمال والعنايه,,Strong,Substitute,category_fallback,0.3,شركاء مقترحون بناءً على الشراء المتكرر داخل نفس القسم.,منتجات من نفس القسم يميل العملاء لضمّها — فرصة بيع تكميلي داخلي.
,,0.000326,0.05,0.7125,,,,,,,,160,39,3,زيت ارغان طبيعي - اصدار خاص,الجمال والعنايه,,Moderate,قناع وجه كولاجين,الجمال والعنايه,,Strong,Substitute,category_fallback,0.3,شركاء مقترحون بناءً على الشراء المتكرر داخل نفس القسم.,منتجات من نفس القسم يميل العملاء لضمّها — فرصة بيع تكميلي داخلي.
,,0.000326,0.0508,3.0592,,,,,,,,154,91,3,ثلاجه نوفروست 350 لتر - اصدار خاص,المنزل والمطبخ,,Moderate,فرن كهربايي 60 لتر - اصدار خاص,المنزل والمطبخ,,Moderate,Substitute,category_fallback,0.3,شركاء مقترحون بناءً على الشراء المتكرر داخل نفس القسم.,منتجات من نفس القسم يميل العملاء لضمّها — فرصة بيع تكميلي داخلي.
,,0.000326,0.0417,2.3105,,,,,,,,184,164,3,حذاء رسمي جلد - اصدار خاص,الازياء والملابس,,Moderate,حقيبه يد جلديه - اصدار خاص,الازياء والملابس,,Moderate,Substitute,category_fallback,0.3,شركاء مقترحون بناءً على الشراء المتكرر داخل نفس القسم.,منتجات من نفس القسم يميل العملاء لضمّها — فرصة بيع تكميلي داخلي.
,,0.000326,0.028,1.5547,,,,,,,,19,164,3,تيشيرت بولو قطن,الازياء والملابس,,Moderate,حقيبه يد جلديه - اصدار خاص,الازياء والملابس,,Moderate,Substitute,category_fallback,0.3,شركاء مقترحون بناءً على الشراء المتكرر داخل نفس القسم.,منتجات من نفس القسم يميل العملاء لضمّها — فرصة بيع تكميلي داخلي.
,,0.000326,0.038,3.2977,,,,,,,,156,17,3,قميص قطني كلاسيكي - اصدار خاص,الازياء والملابس,,Moderate,شال كشمير ناعم,الازياء والملابس,,Moderate,Substitute,category_fallback,0.3,شركاء مقترحون بناءً على الشراء المتكرر داخل نفس القسم.,منتجات من نفس القسم يميل العملاء لضمّها — فرصة بيع تكميلي داخلي.
,,0.000326,0.028,2.8998,,,,,,,,19,73,3,تيشيرت بولو قطن,الازياء والملابس,,Moderate,فستان سهره انيق - اصدار خاص,الازياء والملابس,,Moderate,Substitute,category_fallback,0.3,شركاء مقترحون بناءً على الشراء المتكرر داخل نفس القسم.,منتجات من نفس القسم يميل العملاء لضمّها — فرصة بيع تكميلي داخلي.
,,0.000326,0.028,1.5454,,,,,,,,19,18,3,تيشيرت بولو قطن,الازياء والملابس,,Moderate,جاكيت شتوي دافي,الازياء والملابس,,Moderate,Substitute,category_fallback,0.3,شركاء مقترحون بناءً على الشراء المتكرر داخل نفس القسم.,منتجات من نفس القسم يميل العملاء لضمّها — فرصة بيع تكميلي داخلي.
,,0.000326,0.0375,2.0794,,,,,,,,190,164,3,حذاء رسمي جلد - اصدار خاص,الازياء والملابس,,Moderate,حقيبه يد جلديه - اصدار خاص,الازياء والملابس,,Moderate,Substitute,category_fallback,0.3,شركاء مقترحون بناءً على الشراء المتكرر داخل نفس القسم.,منتجات من نفس القسم يميل العملاء لضمّها — فرصة بيع تكميلي داخلي.
,,0.000326,0.0375,5.5675,,,,,,,,190,15,3,حذاء رسمي جلد - اصدار خاص,الازياء والملابس,,Moderate,حذاء رياضي مريح,الازياء والملابس,,Moderate,Substitute,category_fallback,0.3,شركاء مقترحون بناءً على الشراء المتكرر داخل نفس القسم.,منتجات من نفس القسم يميل العملاء لضمّها — فرصة بيع تكميلي داخلي.
,,0.000326,0.0492,0.7062,,,,,,,,149,33,3,طقم مكياج احترافي - اصدار خاص,الجمال والعنايه,,Moderate,مجموعه عنايه بالشعر,الجمال والعنايه,,Strong,Substitute,category_fallback,0.3,شركاء مقترحون بناءً على الشراء المتكرر داخل نفس القسم.,منتجات من نفس القسم يميل العملاء لضمّها — فرصة بيع تكميلي داخلي.
,,0.000326,0.0492,0.7647,,,,,,,,148,50,3,حذاء جري احترافي - اصدار خاص,الرياضه واللياقه,,Moderate,عداد خطوات ذكي,الرياضه واللياقه,,Strong,Substitute,category_fallback,0.3,شركاء مقترحون بناءً على الشراء المتكرر داخل نفس القسم.,منتجات من نفس القسم يميل العملاء لضمّها — فرصة بيع تكميلي داخلي.
,,0.000326,0.0435,4.8219,,,,,,,,30,82,3,مكواه بخاريه احترافيه,المنزل والمطبخ,,Moderate,مجموعه سكاكين مطبخ - اصدار خاص,المنزل والمطبخ,,Moderate,Substitute,category_fallback,0.3,شركاء مقترحون بناءً على الشراء المتكرر داخل نفس القسم.,منتجات من نفس القسم يميل العملاء لضمّها — فرصة بيع تكميلي داخلي.
,,0.000326,0.0423,0.7072,,,,,,,,134,29,3,ثلاجه نوفروست 350 لتر - اصدار خاص,المنزل والمطبخ,,Moderate,مجموعه سكاكين مطبخ,المنزل والمطبخ,,Strong,Substitute,category_fallback,0.3,شركاء مقترحون بناءً على الشراء المتكرر داخل نفس القسم.,منتجات من نفس القسم يميل العملاء لضمّها — فرصة بيع تكميلي داخلي.
,,0.000326,0.0423,4.5758,,,,,,,,134,80,3,ثلاجه نوفروست 350 لتر - اصدار خاص,المنزل والمطبخ,,Moderate,ماكينه قهوه اسبريسو - اصدار خاص,المنزل والمطبخ,,Strong,Substitute,category_fallback,0.3,شركاء مقترحون بناءً على الشراء المتكرر داخل نفس القسم.,منتجات من نفس القسم يميل العملاء لضمّها — فرصة بيع تكميلي داخلي.
,,0.000326,0.0508,3.0197,,,,,,,,163,74,3,دوره برمجه اكاديميه USB - اصدار خاص,الكتب والتعليم,,Moderate,كتاب الطبخ العربي التقليدي - اصدار خاص,الكتب والتعليم,,Moderate,Substitute,category_fallback,0.3,شركاء مقترحون بناءً على الشراء المتكرر داخل نفس القسم.,منتجات من نفس القسم يميل العملاء لضمّها — فرصة بيع تكميلي داخلي.
,,0.000326,0.0435,2.9001,,,,,,,,11,180,3,قميص قطني كلاسيكي,الازياء والملابس,,Moderate,شال كشمير ناعم - اصدار خاص,الازياء والملابس,,Moderate,Substitute,category_fallback,0.3,شركاء مقترحون بناءً على الشراء المتكرر داخل نفس القسم.,منتجات من نفس القسم يميل العملاء لضمّها — فرصة بيع تكميلي داخلي.
,,0.000326,0.0423,4.3702,,,,,,,,100,73,3,حقيبه يد جلديه - اصدار خاص,الازياء والملابس,,Moderate,فستان سهره انيق - اصدار خاص,الازياء والملابس,,Moderate,Substitute,category_fallback,0.3,شركاء مقترحون بناءً على الشراء المتكرر داخل نفس القسم.,منتجات من نفس القسم يميل العملاء لضمّها — فرصة بيع تكميلي داخلي.
,,0.000326,0.0278,1.5311,,,,,,,,83,18,3,فستان سهره انيق - اصدار خاص,الازياء والملابس,,Moderate,جاكيت شتوي دافي,الازياء والملابس,,Moderate,Substitute,category_fallback,0.3,شركاء مقترحون بناءً على الشراء المتكرر داخل نفس القسم.,منتجات من نفس القسم يميل العملاء لضمّها — فرصة بيع تكميلي داخلي.
,,0.000326,0.0278,2.9732,,,,,,,,83,20,3,فستان سهره انيق - اصدار خاص,الازياء والملابس,,Moderate,حذاء رسمي جلد,الازياء والملابس,,Moderate,Substitute,category_fallback,0.3,شركاء مقترحون بناءً على الشراء المتكرر داخل نفس القسم.,منتجات من نفس القسم يميل العملاء لضمّها — فرصة بيع تكميلي داخلي.
,,0.000326,0.0526,0.8809,,,,,,,,111,29,3,مكواه بخاريه احترافيه - اصدار خاص,المنزل والمطبخ,,Moderate,مجموعه سكاكين مطبخ,المنزل والمطبخ,,Strong,Substitute,category_fallback,0.3,شركاء مقترحون بناءً على الشراء المتكرر داخل نفس القسم.,منتجات من نفس القسم يميل العملاء لضمّها — فرصة بيع تكميلي داخلي.
,,0.000326,0.0349,2.0987,,,,,,,,106,91,3,فرن كهربايي 60 لتر - اصدار خاص,المنزل والمطبخ,,Moderate,فرن كهربايي 60 لتر - اصدار خاص,المنزل والمطبخ,,Moderate,Substitute,category_fallback,0.3,شركاء مقترحون بناءً على الشراء المتكرر داخل نفس القسم.,منتجات من نفس القسم يميل العملاء لضمّها — فرصة بيع تكميلي داخلي.
,,0.000326,0.0423,0.6408,,,,,,,,84,54,3,كتاب الطبخ العربي التقليدي - اصدار خاص,الكتب والتعليم,,Moderate,قاموس عربي انجليزي شامل,الكتب والتعليم,,Strong,Substitute,category_fallback,0.3,شركاء مقترحون بناءً على الشراء المتكرر داخل نفس القسم.,منتجات من نفس القسم يميل العملاء لضمّها — فرصة بيع تكميلي داخلي.
,,0.000326,0.0353,2.1234,,,,,,,,88,77,3,دوره برمجه اكاديميه USB - اصدار خاص,الكتب والتعليم,,Strong,دوره برمجه اكاديميه USB - اصدار خاص,الكتب والتعليم,,Moderate,Substitute,category_fallback,0.3,شركاء مقترحون بناءً على الشراء المتكرر داخل نفس القسم.,منتجات من نفس القسم يميل العملاء لضمّها — فرصة بيع تكميلي داخلي.
,,0.000326,0.0366,4.1069,,,,,,,,198,166,3,حقيبه يد جلديه - اصدار خاص,الازياء والملابس,,Moderate,فستان سهره انيق - اصدار خاص,الازياء والملابس,,Moderate,Substitute,category_fallback,0.3,شركاء مقترحون بناءً على الشراء المتكرر داخل نفس القسم.,منتجات من نفس القسم يميل العملاء لضمّها — فرصة بيع تكميلي داخلي.
,,0.000326,0.0411,2.2788,,,,,,,,14,164,3,عباءه مطرزه فاخره,الازياء والملابس,,Moderate,حقيبه يد جلديه - اصدار خاص,الازياء والملابس,,Moderate,Substitute,category_fallback,0.3,شركاء مقترحون بناءً على الشراء المتكرر داخل نفس القسم.,منتجات من نفس القسم يميل العملاء لضمّها — فرصة بيع تكميلي داخلي.
,,0.000326,0.0366,4.811,,,,,,,,152,66,3,شال كشمير ناعم - اصدار خاص,الازياء والملابس,,Moderate,قميص قطني كلاسيكي - اصدار خاص,الازياء والملابس,,Moderate,Substitute,category_fallback,0.3,شركاء مقترحون بناءً على الشراء المتكرر داخل نفس القسم.,منتجات من نفس القسم يميل العملاء لضمّها — فرصة بيع تكميلي داخلي.
,,0.000326,0.0545,5.1234,,,,,,,,52,92,3,موسوعه التاريخ الاسلامي,الكتب والتعليم,,Moderate,موسوعه التاريخ الاسلامي - اصدار خاص,الكتب والتعليم,,Moderate,Substitute,category_fallback,0.3,شركاء مقترحون بناءً على الشراء المتكرر داخل نفس القسم.,منتجات من نفس القسم يميل العملاء لضمّها — فرصة بيع تكميلي داخلي.
,,0.000326,0.0429,2.4202,,,,,,,,27,21,3,فرن كهربايي 60 لتر,المنزل والمطبخ,,Moderate,مكيف هواء انفيرتر 18000,المنزل والمطبخ,,Moderate,Substitute,category_fallback,0.3,شركاء مقترحون بناءً على الشراء المتكرر داخل نفس القسم.,منتجات من نفس القسم يميل العملاء لضمّها — فرصة بيع تكميلي داخلي.
,,0.000326,0.0429,0.5019,,,,,,,,27,25,3,فرن كهربايي 60 لتر,المنزل والمطبخ,,Moderate,ماكينه قهوه اسبريسو,المنزل والمطبخ,,Strong,Substitute,category_fallback,0.3,شركاء مقترحون بناءً على الشراء المتكرر داخل نفس القسم.,منتجات من نفس القسم يميل العملاء لضمّها — فرصة بيع تكميلي داخلي.
,,0.000326,0.0429,0.7121,,,,,,,,27,28,3,فرن كهربايي 60 لتر,المنزل والمطبخ,,Moderate,خلاط كهربايي متعدد الوظايف,المنزل والمطبخ,,Strong,Substitute,category_fallback,0.3,شركاء مقترحون بناءً على الشراء المتكرر داخل نفس القسم.,منتجات من نفس القسم يميل العملاء لضمّها — فرصة بيع تكميلي داخلي.
,,0.000326,0.0577,0.9586,,,,,,,,22,28,3,غساله اوتوماتيك 8 كيلو,المنزل والمطبخ,,Moderate,خلاط كهربايي متعدد الوظايف,المنزل والمطبخ,,Strong,Substitute,category_fallback,0.3,شركاء مقترحون بناءً على الشراء المتكرر داخل نفس القسم.,منتجات من نفس القسم يميل العملاء لضمّها — فرصة بيع تكميلي داخلي.
,,0.000326,0.0484,5.5675,,,,,,,,15,190,3,حذاء رياضي مريح,الازياء والملابس,,Moderate,حذاء رسمي جلد - اصدار خاص,الازياء والملابس,,Moderate,Substitute,category_fallback,0.3,شركاء مقترحون بناءً على الشراء المتكرر داخل نفس القسم.,منتجات من نفس القسم يميل العملاء لضمّها — فرصة بيع تكميلي داخلي.
,,0.000326,0.0508,0.8449,,,,,,,,154,28,3,ثلاجه نوفروست 350 لتر - اصدار خاص,المنزل والمطبخ,,Moderate,خلاط كهربايي متعدد الوظايف,المنزل والمطبخ,,Strong,Substitute,category_fallback,0.3,شركاء مقترحون بناءً على الشراء المتكرر داخل نفس القسم.,منتجات من نفس القسم يميل العملاء لضمّها — فرصة بيع تكميلي داخلي.
,,0.000326,0.04,4.0911,,,,,,,,60,171,3,اطلس العالم المصور,الكتب والتعليم,,Moderate,موسوعه التاريخ الاسلامي - اصدار خاص,الكتب والتعليم,,Moderate,Substitute,category_fallback,0.3,شركاء مقترحون بناءً على الشراء المتكرر داخل نفس القسم.,منتجات من نفس القسم يميل العملاء لضمّها — فرصة بيع تكميلي داخلي.
,,0.000326,0.0448,3.0759,,,,,,,,130,178,3,ثلاجه نوفروست 350 لتر - اصدار خاص,المنزل والمطبخ,,Moderate,مكيف هواء انفيرتر 18000 - اصدار خاص,المنزل والمطبخ,,Moderate,Substitute,category_fallback,0.3,شركاء مقترحون بناءً على الشراء المتكرر داخل نفس القسم.,منتجات من نفس القسم يميل العملاء لضمّها — فرصة بيع تكميلي داخلي.
,,0.000326,0.0469,4.7943,,,,,,,,61,195,3,فرن كهربايي 60 لتر - اصدار خاص,المنزل والمطبخ,,Moderate,فرن كهربايي 60 لتر - اصدار خاص,المنزل والمطبخ,,Moderate,Substitute,category_fallback,0.3,شركاء مقترحون بناءً على الشراء المتكرر داخل نفس القسم.,منتجات من نفس القسم يميل العملاء لضمّها — فرصة بيع تكميلي داخلي.
,,0.000326,0.04,2.3603,,,,,,,,60,175,3,اطلس العالم المصور,الكتب والتعليم,,Moderate,مجموعه كتب الطفل التعليميه - اصدار خاص,الكتب والتعليم,,Moderate,Substitute,category_fallback,0.3,شركاء مقترحون بناءً على الشراء المتكرر داخل نفس القسم.,منتجات من نفس القسم يميل العملاء لضمّها — فرصة بيع تكميلي داخلي.
,,0.000326,0.0448,0.7206,,,,,,,,130,26,3,ثلاجه نوفروست 350 لتر - اصدار خاص,المنزل والمطبخ,,Moderate,طقم اواني طهي غرانيت,المنزل والمطبخ,,Strong,Substitute,category_fallback,0.3,شركاء مقترحون بناءً على الشراء المتكرر داخل نفس القسم.,منتجات من نفس القسم يميل العملاء لضمّها — فرصة بيع تكميلي داخلي.
,,0.000326,0.0423,2.5421,,,,,,,,134,91,3,ثلاجه نوفروست 350 لتر - اصدار خاص,المنزل والمطبخ,,Moderate,فرن كهربايي 60 لتر - اصدار خاص,المنزل والمطبخ,,Moderate,Substitute,category_fallback,0.3,شركاء مقترحون بناءً على الشراء المتكرر داخل نفس القسم.,منتجات من نفس القسم يميل العملاء لضمّها — فرصة بيع تكميلي داخلي.
,,0.000326,0.0469,5.262,,,,,,,,63,166,3,حذاء رياضي مريح - اصدار خاص,الازياء والملابس,,Moderate,فستان سهره انيق - اصدار خاص,الازياء والملابس,,Moderate,Substitute,category_fallback,0.3,شركاء مقترحون بناءً على الشراء المتكرر داخل نفس القسم.,منتجات من نفس القسم يميل العملاء لضمّها — فرصة بيع تكميلي داخلي.
,,0.000326,0.0469,3.1267,,,,,,,,63,180,3,حذاء رياضي مريح - اصدار خاص,الازياء والملابس,,Moderate,شال كشمير ناعم - اصدار خاص,الازياء والملابس,,Moderate,Substitute,category_fallback,0.3,شركاء مقترحون بناءً على الشراء المتكرر داخل نفس القسم.,منتجات من نفس القسم يميل العملاء لضمّها — فرصة بيع تكميلي داخلي.
,,0.000326,0.04,0.4028,,,,,,,,60,51,3,اطلس العالم المصور,الكتب والتعليم,,Moderate,كتاب تعلم البرمجه بالعربيه,الكتب والتعليم,,Strong,Substitute,category_fallback,0.3,شركاء مقترحون بناءً على الشراء المتكرر داخل نفس القسم.,منتجات من نفس القسم يميل العملاء لضمّها — فرصة بيع تكميلي داخلي.
,,0.000326,0.0469,0.7789,,,,,,,,61,28,3,فرن كهربايي 60 لتر - اصدار خاص,المنزل والمطبخ,,Moderate,خلاط كهربايي متعدد الوظايف,المنزل والمطبخ,,Strong,Substitute,category_fallback,0.3,شركاء مقترحون بناءً على الشراء المتكرر داخل نفس القسم.,منتجات من نفس القسم يميل العملاء لضمّها — فرصة بيع تكميلي داخلي.
,,0.000326,0.0545,0.7857,,,,,,,,52,56,3,موسوعه التاريخ الاسلامي,الكتب والتعليم,,Moderate,دوره برمجه اكاديميه USB,الكتب والتعليم,,Strong,Substitute,category_fallback,0.3,شركاء مقترحون بناءً على الشراء المتكرر داخل نفس القسم.,منتجات من نفس القسم يميل العملاء لضمّها — فرصة بيع تكميلي داخلي.
,,0.000326,0.0375,3.2261,,,,,,,,13,19,3,بنطلون جينز سليم فيت,الازياء والملابس,,Moderate,تيشيرت بولو قطن,الازياء والملابس,,Moderate,Substitute,category_fallback,0.3,شركاء مقترحون بناءً على الشراء المتكرر داخل نفس القسم.,منتجات من نفس القسم يميل العملاء لضمّها — فرصة بيع تكميلي داخلي.
,,0.000326,0.0469,5.3936,,,,,,,,63,103,3,حذاء رياضي مريح - اصدار خاص,الازياء والملابس,,Moderate,بنطلون جينز سليم فيت - اصدار خاص,الازياء والملابس,,Moderate,Substitute,category_fallback,0.3,شركاء مقترحون بناءً على الشراء المتكرر داخل نفس القسم.,منتجات من نفس القسم يميل العملاء لضمّها — فرصة بيع تكميلي داخلي.
,,0.000326,0.0361,3.4657,,,,,,,,129,169,3,تيشيرت بولو قطن - اصدار خاص,الازياء والملابس,,Moderate,فستان سهره انيق - اصدار خاص,الازياء والملابس,,Moderate,Substitute,category_fallback,0.3,شركاء مقترحون بناءً على الشراء المتكرر داخل نفس القسم.,منتجات من نفس القسم يميل العملاء لضمّها — فرصة بيع تكميلي داخلي.
,,0.000326,0.0375,3.8785,,,,,,,,103,73,3,بنطلون جينز سليم فيت - اصدار خاص,الازياء والملابس,,Moderate,فستان سهره انيق - اصدار خاص,الازياء والملابس,,Moderate,Substitute,category_fallback,0.3,شركاء مقترحون بناءً على الشراء المتكرر داخل نفس القسم.,منتجات من نفس القسم يميل العملاء لضمّها — فرصة بيع تكميلي داخلي.
,,0.000326,0.0469,0.549,,,,,,,,101,25,3,مجموعه سكاكين مطبخ - اصدار خاص,المنزل والمطبخ,,Moderate,ماكينه قهوه اسبريسو,المنزل والمطبخ,,Strong,Substitute,category_fallback,0.3,شركاء مقترحون بناءً على الشراء المتكرر داخل نفس القسم.,منتجات من نفس القسم يميل العملاء لضمّها — فرصة بيع تكميلي داخلي.
,,0.000326,0.0405,2.2346,,,,,,,,125,18,3,شال كشمير ناعم - اصدار خاص,الازياء والملابس,,Moderate,جاكيت شتوي دافي,الازياء والملابس,,Moderate,Substitute,category_fallback,0.3,شركاء مقترحون بناءً على الشراء المتكرر داخل نفس القسم.,منتجات من نفس القسم يميل العملاء لضمّها — فرصة بيع تكميلي داخلي.
,,0.000326,0.0411,2.2652,,,,,,,,127,18,3,قميص قطني كلاسيكي - اصدار خاص,الازياء والملابس,,Moderate,جاكيت شتوي دافي,الازياء والملابس,,Moderate,Substitute,category_fallback,0.3,شركاء مقترحون بناءً على الشراء المتكرر داخل نفس القسم.,منتجات من نفس القسم يميل العملاء لضمّها — فرصة بيع تكميلي داخلي.
,,0.000326,0.0411,2.6829,,,,,,,,127,158,3,قميص قطني كلاسيكي - اصدار خاص,الازياء والملابس,,Moderate,فستان سهره انيق - اصدار خاص,الازياء والملابس,,Moderate,Substitute,category_fallback,0.3,شركاء مقترحون بناءً على الشراء المتكرر داخل نفس القسم.,منتجات من نفس القسم يميل العملاء لضمّها — فرصة بيع تكميلي داخلي.
,,0.000326,0.0429,4.4326,,,,,,,,66,73,3,قميص قطني كلاسيكي - اصدار خاص,الازياء والملابس,,Moderate,فستان سهره انيق - اصدار خاص,الازياء والملابس,,Moderate,Substitute,category_fallback,0.3,شركاء مقترحون بناءً على الشراء المتكرر داخل نفس القسم.,منتجات من نفس القسم يميل العملاء لضمّها — فرصة بيع تكميلي داخلي.
,,0.000326,0.0517,0.8397,,,,,,,,79,35,3,سيروم فيتامين سي - اصدار خاص,الجمال والعنايه,,Moderate,عطر نسايي زهري,الجمال والعنايه,,Strong,Substitute,category_fallback,0.3,شركاء مقترحون بناءً على الشراء المتكرر داخل نفس القسم.,منتجات من نفس القسم يميل العملاء لضمّها — فرصة بيع تكميلي داخلي.
,,0.000326,0.0353,2.1234,,,,,,,,80,91,3,ماكينه قهوه اسبريسو - اصدار خاص,المنزل والمطبخ,,Strong,فرن كهربايي 60 لتر - اصدار خاص,المنزل والمطبخ,,Moderate,Substitute,category_fallback,0.3,شركاء مقترحون بناءً على الشراء المتكرر داخل نفس القسم.,منتجات من نفس القسم يميل العملاء لضمّها — فرصة بيع تكميلي داخلي.
,,0.000326,0.0429,4.811,,,,,,,,66,152,3,قميص قطني كلاسيكي - اصدار خاص,الازياء والملابس,,Moderate,شال كشمير ناعم - اصدار خاص,الازياء والملابس,,Moderate,Substitute,category_fallback,0.3,شركاء مقترحون بناءً على الشراء المتكرر داخل نفس القسم.,منتجات من نفس القسم يميل العملاء لضمّها — فرصة بيع تكميلي داخلي.
,,0.000326,0.0429,2.8587,,,,,,,,66,180,3,قميص قطني كلاسيكي - اصدار خاص,الازياء والملابس,,Moderate,شال كشمير ناعم - اصدار خاص,الازياء والملابس,,Moderate,Substitute,category_fallback,0.3,شركاء مقترحون بناءً على الشراء المتكرر داخل نفس القسم.,منتجات من نفس القسم يميل العملاء لضمّها — فرصة بيع تكميلي داخلي.
,,0.000217,0.0244,2.3387,,,,,,,,198,169,2,حقيبه يد جلديه - اصدار خاص,الازياء والملابس,,Moderate,فستان سهره انيق - اصدار خاص,الازياء والملابس,,Moderate,Substitute,category_fallback,0.2,شركاء مقترحون بناءً على الشراء المتكرر داخل نفس القسم.,منتجات من نفس القسم يميل العملاء لضمّها — فرصة بيع تكميلي داخلي.
,,0.000217,0.0278,3.9952,,,,,,,,16,63,2,حقيبه يد جلديه,الازياء والملابس,,Moderate,حذاء رياضي مريح - اصدار خاص,الازياء والملابس,,Moderate,Substitute,category_fallback,0.2,شركاء مقترحون بناءً على الشراء المتكرر داخل نفس القسم.,منتجات من نفس القسم يميل العملاء لضمّها — فرصة بيع تكميلي داخلي.
,,0.000217,0.0278,3.6013,,,,,,,,184,93,2,حذاء رسمي جلد - اصدار خاص,الازياء والملابس,,Moderate,شال كشمير ناعم - اصدار خاص,الازياء والملابس,,Moderate,Substitute,category_fallback,0.2,شركاء مقترحون بناءً على الشراء المتكرر داخل نفس القسم.,منتجات من نفس القسم يميل العملاء لضمّها — فرصة بيع تكميلي داخلي.
,,0.000217,0.025,2.5857,,,,,,,,190,73,2,حذاء رسمي جلد - اصدار خاص,الازياء والملابس,,Moderate,فستان سهره انيق - اصدار خاص,الازياء والملابس,,Moderate,Substitute,category_fallback,0.2,شركاء مقترحون بناءً على الشراء المتكرر داخل نفس القسم.,منتجات من نفس القسم يميل العملاء لضمّها — فرصة بيع تكميلي داخلي.
,,0.000217,0.0323,4.1822,,,,,,,,15,93,2,حذاء رياضي مريح,الازياء والملابس,,Moderate,شال كشمير ناعم - اصدار خاص,الازياء والملابس,,Moderate,Substitute,category_fallback,0.2,شركاء مقترحون بناءً على الشراء المتكرر داخل نفس القسم.,منتجات من نفس القسم يميل العملاء لضمّها — فرصة بيع تكميلي داخلي.
,,0.000217,0.0323,2.8013,,,,,,,,15,17,2,حذاء رياضي مريح,الازياء والملابس,,Moderate,شال كشمير ناعم,الازياء والملابس,,Moderate,Substitute,category_fallback,0.2,شركاء مقترحون بناءً على الشراء المتكرر داخل نفس القسم.,منتجات من نفس القسم يميل العملاء لضمّها — فرصة بيع تكميلي داخلي.
,,0.000217,0.0244,3.2073,,,,,,,,198,66,2,حقيبه يد جلديه - اصدار خاص,الازياء والملابس,,Moderate,قميص قطني كلاسيكي - اصدار خاص,الازياء والملابس,,Moderate,Substitute,category_fallback,0.2,شركاء مقترحون بناءً على الشراء المتكرر داخل نفس القسم.,منتجات من نفس القسم يميل العملاء لضمّها — فرصة بيع تكميلي داخلي.
,,0.000217,0.0274,2.8336,,,,,,,,14,73,2,عباءه مطرزه فاخره,الازياء والملابس,,Moderate,فستان سهره انيق - اصدار خاص,الازياء والملابس,,Moderate,Substitute,category_fallback,0.2,شركاء مقترحون بناءً على الشراء المتكرر داخل نفس القسم.,منتجات من نفس القسم يميل العملاء لضمّها — فرصة بيع تكميلي داخلي.
,,0.000217,0.0202,2.9056,,,,,,,,12,63,2,فستان سهره انيق,الازياء والملابس,,Moderate,حذاء رياضي مريح - اصدار خاص,الازياء والملابس,,Moderate,Substitute,category_fallback,0.2,شركاء مقترحون بناءً على الشراء المتكرر داخل نفس القسم.,منتجات من نفس القسم يميل العملاء لضمّها — فرصة بيع تكميلي داخلي.
,,0.000217,0.0202,1.7218,,,,,,,,12,83,2,فستان سهره انيق,الازياء والملابس,,Moderate,فستان سهره انيق - اصدار خاص,الازياء والملابس,,Moderate,Substitute,category_fallback,0.2,شركاء مقترحون بناءً على الشراء المتكرر داخل نفس القسم.,منتجات من نفس القسم يميل العملاء لضمّها — فرصة بيع تكميلي داخلي.
,,0.000217,0.027,1.8028,,,,,,,,125,180,2,شال كشمير ناعم - اصدار خاص,الازياء والملابس,,Moderate,شال كشمير ناعم - اصدار خاص,الازياء والملابس,,Moderate,Substitute,category_fallback,0.2,شركاء مقترحون بناءً على الشراء المتكرر داخل نفس القسم.,منتجات من نفس القسم يميل العملاء لضمّها — فرصة بيع تكميلي داخلي.
,,0.000217,0.027,3.8872,,,,,,,,125,63,2,شال كشمير ناعم - اصدار خاص,الازياء والملابس,,Moderate,حذاء رياضي مريح - اصدار خاص,الازياء والملابس,,Moderate,Substitute,category_fallback,0.2,شركاء مقترحون بناءً على الشراء المتكرر داخل نفس القسم.,منتجات من نفس القسم يميل العملاء لضمّها — فرصة بيع تكميلي داخلي.
,,0.000217,0.0274,3.552,,,,,,,,127,93,2,قميص قطني كلاسيكي - اصدار خاص,الازياء والملابس,,Moderate,شال كشمير ناعم - اصدار خاص,الازياء والملابس,,Moderate,Substitute,category_fallback,0.2,شركاء مقترحون بناءً على الشراء المتكرر داخل نفس القسم.,منتجات من نفس القسم يميل العملاء لضمّها — فرصة بيع تكميلي داخلي.
,,0.000217,0.0299,3.2327,,,,,,,,130,80,2,ثلاجه نوفروست 350 لتر - اصدار خاص,المنزل والمطبخ,,Moderate,ماكينه قهوه اسبريسو - اصدار خاص,المنزل والمطبخ,,Strong,Substitute,category_fallback,0.2,شركاء مقترحون بناءً على الشراء المتكرر داخل نفس القسم.,منتجات من نفس القسم يميل العملاء لضمّها — فرصة بيع تكميلي داخلي.
,,0.000217,0.029,1.6073,,,,,,,,11,164,2,قميص قطني كلاسيكي,الازياء والملابس,,Moderate,حقيبه يد جلديه - اصدار خاص,الازياء والملابس,,Moderate,Substitute,category_fallback,0.2,شركاء مقترحون بناءً على الشراء المتكرر داخل نفس القسم.,منتجات من نفس القسم يميل العملاء لضمّها — فرصة بيع تكميلي داخلي.
,,0.000217,0.0308,3.1824,,,,,,,,121,73,2,حذاء رياضي مريح - اصدار خاص,الازياء والملابس,,Moderate,فستان سهره انيق - اصدار خاص,الازياء والملابس,,Moderate,Substitute,category_fallback,0.2,شركاء مقترحون بناءً على الشراء المتكرر داخل نفس القسم.,منتجات من نفس القسم يميل العملاء لضمّها — فرصة بيع تكميلي داخلي.
,,0.000217,0.0312,1.8801,,,,,,,,101,91,2,مجموعه سكاكين مطبخ - اصدار خاص,المنزل والمطبخ,,Moderate,فرن كهربايي 60 لتر - اصدار خاص,المنزل والمطبخ,,Moderate,Substitute,category_fallback,0.2,شركاء مقترحون بناءً على الشراء المتكرر داخل نفس القسم.,منتجات من نفس القسم يميل العملاء لضمّها — فرصة بيع تكميلي داخلي.
,,0.000217,0.029,3.7057,,,,,,,,11,16,2,قميص قطني كلاسيكي,الازياء والملابس,,Moderate,حقيبه يد جلديه,الازياء والملابس,,Moderate,Substitute,category_fallback,0.2,شركاء مقترحون بناءً على الشراء المتكرر داخل نفس القسم.,منتجات من نفس القسم يميل العملاء لضمّها — فرصة بيع تكميلي داخلي.
,,0.000217,0.0282,4.0515,,,,,,,,93,63,2,شال كشمير ناعم - اصدار خاص,الازياء والملابس,,Moderate,حذاء رياضي مريح - اصدار خاص,الازياء والملابس,,Moderate,Substitute,category_fallback,0.2,شركاء مقترحون بناءً على الشراء المتكرر داخل نفس القسم.,منتجات من نفس القسم يميل العملاء لضمّها — فرصة بيع تكميلي داخلي.
,,0.000217,0.0282,3.6521,,,,,,,,100,93,2,حقيبه يد جلديه - اصدار خاص,الازياء والملابس,,Moderate,شال كشمير ناعم - اصدار خاص,الازياء والملابس,,Moderate,Substitute,category_fallback,0.2,شركاء مقترحون بناءً على الشراء المتكرر داخل نفس القسم.,منتجات من نفس القسم يميل العملاء لضمّها — فرصة بيع تكميلي داخلي.
,,0.000109,0.0154,2.2127,,,,,,,,121,63,1,حذاء رياضي مريح - اصدار خاص,الازياء والملابس,,Moderate,حذاء رياضي مريح - اصدار خاص,الازياء والملابس,,Moderate,Substitute,category_fallback,0.1,شركاء مقترحون بناءً على الشراء المتكرر داخل نفس القسم.,منتجات من نفس القسم يميل العملاء لضمّها — فرصة بيع تكميلي داخلي.
,,0.000109,0.0154,1.6467,,,,,,,,121,20,1,حذاء رياضي مريح - اصدار خاص,الازياء والملابس,,Moderate,حذاء رسمي جلد,الازياء والملابس,,Moderate,Substitute,category_fallback,0.1,شركاء مقترحون بناءً على الشراء المتكرر داخل نفس القسم.,منتجات من نفس القسم يميل العملاء لضمّها — فرصة بيع تكميلي داخلي.
