product_id,product_name,bundle_partner_product_id,bundle_partner_name,bundle_partner_image_url,bundle_source,bundle_type,support,confidence,lift,bundle_score,bundle_reason,bundle_business_explanation,bundle_rank
1,هاتف ذكي برو ماكس,10,شاحن لاسلكي سريع,,fpgrowth,Substitute,0.05670831070070614,0.8862478777589133,10.09642538956782,87.18,ارتباط قوي مُثبَت بالبيانات — يظهر المنتجان معاً بشكل متكرر.,اعرض كلاهما في صفحة المنتج كبدائل مقترحة لرفع قيمة السلة.,1
1,هاتف ذكي برو ماكس,4,ساعه ذكيه سبورت,,fpgrowth,Substitute,0.05681694731124389,0.8745819397993312,9.963523212689163,86.24000000000001,ارتباط قوي مُثبَت بالبيانات — يظهر المنتجان معاً بشكل متكرر.,اعرض كلاهما في صفحة المنتج كبدائل مقترحة لرفع قيمة السلة.,2
1,هاتف ذكي برو ماكس,3,سماعات لاسلكيه,,fpgrowth,Substitute,0.057251493753394896,0.6522277227722773,5.4381849530061706,57.99999999999999,ارتباط قوي مُثبَت بالبيانات — يظهر المنتجان معاً بشكل متكرر.,اعرض كلاهما في صفحة المنتج كبدائل مقترحة لرفع قيمة السلة.,3
1,هاتف ذكي برو ماكس,141,ساعه ذكيه سبورت - اصدار خاص,,category_fallback,Substitute,0.000978,0.0566,0.6448,0.9,شركاء مقترحون بناءً على الشراء المتكرر داخل نفس القسم.,منتجات من نفس القسم يميل العملاء لضمّها — فرصة بيع تكميلي داخلي.,4
1,هاتف ذكي برو ماكس,194,ساعه ذكيه سبورت - اصدار خاص,,category_fallback,Substitute,0.000978,0.0909,1.0357,0.9,شركاء مقترحون بناءً على الشراء المتكرر داخل نفس القسم.,منتجات من نفس القسم يميل العملاء لضمّها — فرصة بيع تكميلي داخلي.,5
10,شاحن لاسلكي سريع,1,هاتف ذكي برو ماكس,,fpgrowth,Substitute,0.05670831070070614,0.8862478777589133,10.09642538956782,87.18,ارتباط قوي مُثبَت بالبيانات — يظهر المنتجان معاً بشكل متكرر.,اعرض كلاهما في صفحة المنتج كبدائل مقترحة لرفع قيمة السلة.,1
10,شاحن لاسلكي سريع,4,ساعه ذكيه سبورت,,fpgrowth,Substitute,0.0398696360673547,0.6230899830220713,9.591209521267837,74.37,ارتباط قوي مُثبَت بالبيانات — يظهر المنتجان معاً بشكل متكرر.,اعرض كلاهما في صفحة المنتج كبدائل مقترحة لرفع قيمة السلة.,2
10,شاحن لاسلكي سريع,3,سماعات لاسلكيه,,fpgrowth,Substitute,0.03997827267789245,0.6247877758913413,5.2093944538766275,54.25,ارتباط قوي مُثبَت بالبيانات — يظهر المنتجان معاً بشكل متكرر.,اعرض كلاهما في صفحة المنتج كبدائل مقترحة لرفع قيمة السلة.,3
10,شاحن لاسلكي سريع,115,شاحن لاسلكي سريع - اصدار خاص,,category_fallback,Substitute,0.000652,0.069,1.0778,0.6,شركاء مقترحون بناءً على الشراء المتكرر داخل نفس القسم.,منتجات من نفس القسم يميل العملاء لضمّها — فرصة بيع تكميلي داخلي.,4
10,شاحن لاسلكي سريع,174,تابلت 10 انش - اصدار خاص,,category_fallback,Substitute,0.000652,0.0811,1.2672,0.6,شركاء مقترحون بناءً على الشراء المتكرر داخل نفس القسم.,منتجات من نفس القسم يميل العملاء لضمّها — فرصة بيع تكميلي داخلي.,5
100,حقيبه يد جلديه - اصدار خاص,158,فستان سهره انيق - اصدار خاص,,category_fallback,Substitute,0.000543,0.0704,4.5974,0.5,شركاء مقترحون بناءً على الشراء المتكرر داخل نفس القسم.,منتجات من نفس القسم يميل العملاء لضمّها — فرصة بيع تكميلي داخلي.,1
100,حقيبه يد جلديه - اصدار خاص,73,فستان سهره انيق - اصدار خاص,,category_fallback,Substitute,0.000326,0.0423,4.3702,0.3,شركاء مقترحون بناءً على الشراء المتكرر داخل نفس القسم.,منتجات من نفس القسم يميل العملاء لضمّها — فرصة بيع تكميلي داخلي.,2
100,حقيبه يد جلديه - اصدار خاص,93,شال كشمير ناعم - اصدار خاص,,category_fallback,Substitute,0.000217,0.0282,3.6521,0.2,شركاء مقترحون بناءً على الشراء المتكرر داخل نفس القسم.,منتجات من نفس القسم يميل العملاء لضمّها — فرصة بيع تكميلي داخلي.,3
101,مجموعه سكاكين مطبخ - اصدار خاص,176,فرن كهربايي 60 لتر - اصدار خاص,,category_fallback,Substitute,0.000435,0.0625,3.9405,0.4,شركاء مقترحون بناءً على الشراء المتكرر داخل نفس القسم.,منتجات من نفس القسم يميل العملاء لضمّها — فرصة بيع تكميلي داخلي.,1
101,مجموعه سكاكين مطبخ - اصدار خاص,25,ماكينه قهوه اسبريسو,,category_fallback,Substitute,0.000326,0.0469,0.549,0.3,شركاء مقترحون بناءً على الشراء المتكرر داخل نفس القسم.,منتجات من نفس القسم يميل العملاء لضمّها — فرصة بيع تكميلي داخلي.,2
101,مجموعه سكاكين مطبخ - اصدار خاص,91,فرن كهربايي 60 لتر - اصدار خاص,,category_fallback,Substitute,0.000217,0.0312,1.8801,0.2,شركاء مقترحون بناءً على الشراء المتكرر داخل نفس القسم.,منتجات من نفس القسم يميل العملاء لضمّها — فرصة بيع تكميلي داخلي.,3
102,تابلت 10 انش - اصدار خاص,1,هاتف ذكي برو ماكس,,category_fallback,Substitute,0.000652,0.075,0.8544,0.6,شركاء مقترحون بناءً على الشراء المتكرر داخل نفس القسم.,منتجات من نفس القسم يميل العملاء لضمّها — فرصة بيع تكميلي داخلي.,1
102,تابلت 10 انش - اصدار خاص,3,سماعات لاسلكيه,,category_fallback,Substitute,0.000652,0.075,0.6253,0.6,شركاء مقترحون بناءً على الشراء المتكرر داخل نفس القسم.,منتجات من نفس القسم يميل العملاء لضمّها — فرصة بيع تكميلي داخلي.,2
102,تابلت 10 انش - اصدار خاص,141,ساعه ذكيه سبورت - اصدار خاص,,category_fallback,Substitute,0.000435,0.05,2.8947,0.4,شركاء مقترحون بناءً على الشراء المتكرر داخل نفس القسم.,منتجات من نفس القسم يميل العملاء لضمّها — فرصة بيع تكميلي داخلي.,3
103,بنطلون جينز سليم فيت - اصدار خاص,164,حقيبه يد جلديه - اصدار خاص,,category_fallback,Substitute,0.000543,0.0625,3.4657,0.5,شركاء مقترحون بناءً على الشراء المتكرر داخل نفس القسم.,منتجات من نفس القسم يميل العملاء لضمّها — فرصة بيع تكميلي داخلي.,1
103,بنطلون جينز سليم فيت - اصدار خاص,158,فستان سهره انيق - اصدار خاص,,category_fallback,Substitute,0.000435,0.05,3.2642,0.4,شركاء مقترحون بناءً على الشراء المتكرر داخل نفس القسم.,منتجات من نفس القسم يميل العملاء لضمّها — فرصة بيع تكميلي داخلي.,2
103,بنطلون جينز سليم فيت - اصدار خاص,73,فستان سهره انيق - اصدار خاص,,category_fallback,Substitute,0.000326,0.0375,3.8785,0.3,شركاء مقترحون بناءً على الشراء المتكرر داخل نفس القسم.,منتجات من نفس القسم يميل العملاء لضمّها — فرصة بيع تكميلي داخلي.,3
103,بنطلون جينز سليم فيت - اصدار خاص,63,حذاء رياضي مريح - اصدار خاص,,category_fallback,Substitute,0.000326,0.0469,5.3936,0.3,شركاء مقترحون بناءً على الشراء المتكرر داخل نفس القسم.,منتجات من نفس القسم يميل العملاء لضمّها — فرصة بيع تكميلي داخلي.,4
104,قناع وجه كولاجين - اصدار خاص,32,سيروم فيتامين سي,,category_fallback,Substitute,0.00076,0.1029,1.1444,0.7,شركاء مقترحون بناءً على الشراء المتكرر داخل نفس القسم.,منتجات من نفس القسم يميل العملاء لضمّها — فرصة بيع تكميلي داخلي.,1
104,قناع وجه كولاجين - اصدار خاص,39,قناع وجه كولاجين,,category_fallback,Substitute,0.000652,0.0882,1.2573,0.6,شركاء مقترحون بناءً على الشراء المتكرر داخل نفس القسم.,منتجات من نفس القسم يميل العملاء لضمّها — فرصة بيع تكميلي داخلي.,2
104,قناع وجه كولاجين - اصدار خاص,34,طقم مكياج احترافي,,category_fallback,Substitute,0.000652,0.0882,0.9126,0.6,شركاء مقترحون بناءً على الشراء المتكرر داخل نفس القسم.,منتجات من نفس القسم يميل العملاء لضمّها — فرصة بيع تكميلي داخلي.,3
105,حقيبه رياضيه جيم - اصدار خاص,47,اوزان حديد طقم 20 كيلو,,category_fallback,Substitute,0.000978,0.1385,1.6278,0.9,شركاء مقترحون بناءً على الشراء المتكرر داخل نفس القسم.,منتجات من نفس القسم يميل العملاء لضمّها — فرصة بيع تكميلي داخلي.,1
105,حقيبه رياضيه جيم - اصدار خاص,42,لباس رياضي ضاغط,,category_fallback,Substitute,0.000978,0.1385,1.1462,0.9,شركاء مقترحون بناءً على الشراء المتكرر داخل نفس القسم.,منتجات من نفس القسم يميل العملاء لضمّها — فرصة بيع تكميلي داخلي.,2
105,حقيبه رياضيه جيم - اصدار خاص,41,حذاء جري احترافي,,category_fallback,Substitute,0.000869,0.1231,2.0052,0.8,شركاء مقترحون بناءً على الشراء المتكرر داخل نفس القسم.,منتجات من نفس القسم يميل العملاء لضمّها — فرصة بيع تكميلي داخلي.,3
106,فرن كهربايي 60 لتر - اصدار خاص,26,طقم اواني طهي غرانيت,,category_fallback,Substitute,0.000435,0.0465,0.7485,0.4,شركاء مقترحون بناءً على الشراء المتكرر داخل نفس القسم.,منتجات من نفس القسم يميل العملاء لضمّها — فرصة بيع تكميلي داخلي.,1
106,فرن كهربايي 60 لتر - اصدار خاص,25,ماكينه قهوه اسبريسو,,category_fallback,Substitute,0.000435,0.0465,0.5447,0.4,شركاء مقترحون بناءً على الشراء المتكرر داخل نفس القسم.,منتجات من نفس القسم يميل العملاء لضمّها — فرصة بيع تكميلي داخلي.,2
106,فرن كهربايي 60 لتر - اصدار خاص,91,فرن كهربايي 60 لتر - اصدار خاص,,category_fallback,Substitute,0.000326,0.0349,2.0987,0.3,شركاء مقترحون بناءً على الشراء المتكرر داخل نفس القسم.,منتجات من نفس القسم يميل العملاء لضمّها — فرصة بيع تكميلي داخلي.,3
107,كاميرا ميرورليس - اصدار خاص,3,سماعات لاسلكيه,,category_fallback,Substitute,0.001086,0.1408,1.1743,1.0,شركاء مقترحون بناءً على الشراء المتكرر داخل نفس القسم.,منتجات من نفس القسم يميل العملاء لضمّها — فرصة بيع تكميلي داخلي.,1
107,كاميرا ميرورليس - اصدار خاص,2,لابتوب الترا سليم,,category_fallback,Substitute,0.00076,0.0986,1.1302,0.7,شركاء مقترحون بناءً على الشراء المتكرر داخل نفس القسم.,منتجات من نفس القسم يميل العملاء لضمّها — فرصة بيع تكميلي داخلي.,2
107,كاميرا ميرورليس - اصدار خاص,1,هاتف ذكي برو ماكس,,category_fallback,Substitute,0.000543,0.0704,0.8023,0.5,شركاء مقترحون بناءً على الشراء المتكرر داخل نفس القسم.,منتجات من نفس القسم يميل العملاء لضمّها — فرصة بيع تكميلي داخلي.,3
108,كاميرا ميرورليس - اصدار خاص,9,راوتر واي فاي 6,,category_fallback,Substitute,0.000652,0.0619,1.0007,0.6,شركاء مقترحون بناءً على الشراء المتكرر داخل نفس القسم.,منتجات من نفس القسم يميل العملاء لضمّها — فرصة بيع تكميلي داخلي.,1
108,كاميرا ميرورليس - اصدار خاص,3,سماعات لاسلكيه,,category_fallback,Substitute,0.000652,0.0619,0.5157,0.6,شركاء مقترحون بناءً على الشراء المتكرر داخل نفس القسم.,منتجات من نفس القسم يميل العملاء لضمّها — فرصة بيع تكميلي داخلي.,2
108,كاميرا ميرورليس - اصدار خاص,2,لابتوب الترا سليم,,category_fallback,Substitute,0.000652,0.0619,0.7091,0.6,شركاء مقترحون بناءً على الشراء المتكرر داخل نفس القسم.,منتجات من نفس القسم يميل العملاء لضمّها — فرصة بيع تكميلي داخلي.,3
109,قناع وجه كولاجين - اصدار خاص,32,سيروم فيتامين سي,,category_fallback,Substitute,0.000543,0.0725,0.8056,0.5,شركاء مقترحون بناءً على الشراء المتكرر داخل نفس القسم.,منتجات من نفس القسم يميل العملاء لضمّها — فرصة بيع تكميلي داخلي.,1
109,قناع وجه كولاجين - اصدار خاص,34,طقم مكياج احترافي,,category_fallback,Substitute,0.000435,0.058,0.5996,0.4,شركاء مقترحون بناءً على الشراء المتكرر داخل نفس القسم.,منتجات من نفس القسم يميل العملاء لضمّها — فرصة بيع تكميلي داخلي.,2
109,قناع وجه كولاجين - اصدار خاص,39,قناع وجه كولاجين,,category_fallback,Substitute,0.000435,0.058,0.826,0.4,شركاء مقترحون بناءً على الشراء المتكرر داخل نفس القسم.,منتجات من نفس القسم يميل العملاء لضمّها — فرصة بيع تكميلي داخلي.,3
11,قميص قطني كلاسيكي,180,شال كشمير ناعم - اصدار خاص,,category_fallback,Substitute,0.000326,0.0435,2.9001,0.3,شركاء مقترحون بناءً على الشراء المتكرر داخل نفس القسم.,منتجات من نفس القسم يميل العملاء لضمّها — فرصة بيع تكميلي داخلي.,1
11,قميص قطني كلاسيكي,164,حقيبه يد جلديه - اصدار خاص,,category_fallback,Substitute,0.000217,0.029,1.6073,0.2,شركاء مقترحون بناءً على الشراء المتكرر داخل نفس القسم.,منتجات من نفس القسم يميل العملاء لضمّها — فرصة بيع تكميلي داخلي.,2
11,قميص قطني كلاسيكي,16,حقيبه يد جلديه,,category_fallback,Substitute,0.000217,0.029,3.7057,0.2,شركاء مقترحون بناءً على الشراء المتكرر داخل نفس القسم.,منتجات من نفس القسم يميل العملاء لضمّها — فرصة بيع تكميلي داخلي.,3
110,جهاز قياس ضغط الدم - اصدار خاص,45,كره قدم رسميه فيفا,,category_fallback,Substitute,0.000652,0.0638,3.9433,0.6,شركاء مقترحون بناءً على الشراء المتكرر داخل نفس القسم.,منتجات من نفس القسم يميل العملاء لضمّها — فرصة بيع تكميلي داخلي.,1
110,جهاز قياس ضغط الدم - اصدار خاص,76,حقيبه رياضيه جيم - اصدار خاص,,category_fallback,Substitute,0.000435,0.0426,3.6953,0.4,شركاء مقترحون بناءً على الشراء المتكرر داخل نفس القسم.,منتجات من نفس القسم يميل العملاء لضمّها — فرصة بيع تكميلي داخلي.,2
110,جهاز قياس ضغط الدم - اصدار خاص,96,دراجه هواييه جبليه - اصدار خاص,,category_fallback,Substitute,0.000435,0.0426,2.6646,0.4,شركاء مقترحون بناءً على الشراء المتكرر داخل نفس القسم.,منتجات من نفس القسم يميل العملاء لضمّها — فرصة بيع تكميلي داخلي.,3
111,مكواه بخاريه احترافيه - اصدار خاص,26,طقم اواني طهي غرانيت,,category_fallback,Substitute,0.000543,0.0877,1.4116,0.5,شركاء مقترحون بناءً على الشراء المتكرر داخل نفس القسم.,منتجات من نفس القسم يميل العملاء لضمّها — فرصة بيع تكميلي داخلي.,1
111,مكواه بخاريه احترافيه - اصدار خاص,168,مجموعه سكاكين مطبخ - اصدار خاص,,category_fallback,Substitute,0.000435,0.0702,4.3646,0.4,شركاء مقترحون بناءً على الشراء المتكرر داخل نفس القسم.,منتجات من نفس القسم يميل العملاء لضمّها — فرصة بيع تكميلي داخلي.,2
111,مكواه بخاريه احترافيه - اصدار خاص,29,مجموعه سكاكين مطبخ,,category_fallback,Substitute,0.000326,0.0526,0.8809,0.3,شركاء مقترحون بناءً على الشراء المتكرر داخل نفس القسم.,منتجات من نفس القسم يميل العملاء لضمّها — فرصة بيع تكميلي داخلي.,3
112,شاشه 4K 27 انش - اصدار خاص,3,سماعات لاسلكيه,,category_fallback,Substitute,0.001412,0.0872,0.7275,1.3,شركاء مقترحون بناءً على الشراء المتكرر داخل نفس القسم.,منتجات من نفس القسم يميل العملاء لضمّها — فرصة بيع تكميلي داخلي.,1
112,شاشه 4K 27 انش - اصدار خاص,2,لابتوب الترا سليم,,category_fallback,Substitute,0.001195,0.0738,0.8463,1.1,شركاء مقترحون بناءً على الشراء المتكرر داخل نفس القسم.,منتجات من نفس القسم يميل العملاء لضمّها — فرصة بيع تكميلي داخلي.,2
112,شاشه 4K 27 انش - اصدار خاص,6,شاشه 4K 27 انش,,category_fallback,Substitute,0.001086,0.0671,1.0095,1.0,شركاء مقترحون بناءً على الشراء المتكرر داخل نفس القسم.,منتجات من نفس القسم يميل العملاء لضمّها — فرصة بيع تكميلي داخلي.,3
112,شاشه 4K 27 انش - اصدار خاص,141,ساعه ذكيه سبورت - اصدار خاص,,category_fallback,Substitute,0.001086,0.0629,3.8854,1.0,شركاء مقترحون بناءً على الشراء المتكرر داخل نفس القسم.,منتجات من نفس القسم يميل العملاء لضمّها — فرصة بيع تكميلي داخلي.,4
112,شاشه 4K 27 انش - اصدار خاص,161,شاحن لاسلكي سريع - اصدار خاص,,category_fallback,Substitute,0.000543,0.0595,3.6773,0.5,شركاء مقترحون بناءً على الشراء المتكرر داخل نفس القسم.,منتجات من نفس القسم يميل العملاء لضمّها — فرصة بيع تكميلي داخلي.,5
113,كتاب تعلم البرمجه بالعربيه - اصدار خاص,51,كتاب تعلم البرمجه بالعربيه,,category_fallback,Substitute,0.000652,0.0619,0.623,0.6,شركاء مقترحون بناءً على الشراء المتكرر داخل نفس القسم.,منتجات من نفس القسم يميل العملاء لضمّها — فرصة بيع تكميلي داخلي.,1
113,كتاب تعلم البرمجه بالعربيه - اصدار خاص,175,مجموعه كتب الطفل التعليميه - اصدار خاص,,category_fallback,Substitute,0.000652,0.0619,3.6499,0.6,شركاء مقترحون بناءً على الشراء المتكرر داخل نفس القسم.,منتجات من نفس القسم يميل العملاء لضمّها — فرصة بيع تكميلي داخلي.,2
113,كتاب تعلم البرمجه بالعربيه - اصدار خاص,193,مجموعه كتب الطفل التعليميه - اصدار خاص,,category_fallback,Substitute,0.000543,0.0515,3.2723,0.5,شركاء مقترحون بناءً على الشراء المتكرر داخل نفس القسم.,منتجات من نفس القسم يميل العملاء لضمّها — فرصة بيع تكميلي داخلي.,3
113,كتاب تعلم البرمجه بالعربيه - اصدار خاص,163,دوره برمجه اكاديميه USB - اصدار خاص,,category_fallback,Substitute,0.000326,0.0508,4.8253,0.3,شركاء مقترحون بناءً على الشراء المتكرر داخل نفس القسم.,منتجات من نفس القسم يميل العملاء لضمّها — فرصة بيع تكميلي داخلي.,4
114,حقيبه رياضيه جيم - اصدار خاص,46,حصيره يوغا مضاده للانزلاق,,category_fallback,Substitute,0.000869,0.087,0.9529,0.8,شركاء مقترحون بناءً على الشراء المتكرر داخل نفس القسم.,منتجات من نفس القسم يميل العملاء لضمّها — فرصة بيع تكميلي داخلي.,1
114,حقيبه رياضيه جيم - اصدار خاص,42,لباس رياضي ضاغط,,category_fallback,Substitute,0.00076,0.0761,0.6298,0.7,شركاء مقترحون بناءً على الشراء المتكرر داخل نفس القسم.,منتجات من نفس القسم يميل العملاء لضمّها — فرصة بيع تكميلي داخلي.,2
114,حقيبه رياضيه جيم - اصدار خاص,48,حقيبه رياضيه جيم,,category_fallback,Substitute,0.000543,0.0543,0.4455,0.5,شركاء مقترحون بناءً على الشراء المتكرر داخل نفس القسم.,منتجات من نفس القسم يميل العملاء لضمّها — فرصة بيع تكميلي داخلي.,3
115,شاحن لاسلكي سريع - اصدار خاص,3,سماعات لاسلكيه,,category_fallback,Substitute,0.000869,0.092,0.7667,0.8,شركاء مقترحون بناءً على الشراء المتكرر داخل نفس القسم.,منتجات من نفس القسم يميل العملاء لضمّها — فرصة بيع تكميلي داخلي.,1
115,شاحن لاسلكي سريع - اصدار خاص,2,لابتوب الترا سليم,,category_fallback,Substitute,0.000869,0.092,1.0541,0.8,شركاء مقترحون بناءً على الشراء المتكرر داخل نفس القسم.,منتجات من نفس القسم يميل العملاء لضمّها — فرصة بيع تكميلي داخلي.,2
115,شاحن لاسلكي سريع - اصدار خاص,10,شاحن لاسلكي سريع,,category_fallback,Substitute,0.000652,0.069,1.0778,0.6,شركاء مقترحون بناءً على الشراء المتكرر داخل نفس القسم.,منتجات من نفس القسم يميل العملاء لضمّها — فرصة بيع تكميلي داخلي.,3
116,قناع وجه كولاجين - اصدار خاص,87,طقم مكياج احترافي - اصدار خاص,,category_fallback,Substitute,0.000652,0.0632,3.5887,0.6,شركاء مقترحون بناءً على الشراء المتكرر داخل نفس القسم.,منتجات من نفس القسم يميل العملاء لضمّها — فرصة بيع تكميلي داخلي.,1
116,قناع وجه كولاجين - اصدار خاص,32,سيروم فيتامين سي,,category_fallback,Substitute,0.000543,0.0526,0.5851,0.5,شركاء مقترحون بناءً على الشراء المتكرر داخل نفس القسم.,منتجات من نفس القسم يميل العملاء لضمّها — فرصة بيع تكميلي داخلي.,2
116,قناع وجه كولاجين - اصدار خاص,39,قناع وجه كولاجين,,category_fallback,Substitute,0.000435,0.0421,0.6,0.4,شركاء مقترحون بناءً على الشراء المتكرر داخل نفس القسم.,منتجات من نفس القسم يميل العملاء لضمّها — فرصة بيع تكميلي داخلي.,3
117,حصيره يوغا مضاده للانزلاق - اصدار خاص,46,حصيره يوغا مضاده للانزلاق,,category_fallback,Substitute,0.000652,0.0698,0.7645,0.6,شركاء مقترحون بناءً على الشراء المتكرر داخل نفس القسم.,منتجات من نفس القسم يميل العملاء لضمّها — فرصة بيع تكميلي داخلي.,1
117,حصيره يوغا مضاده للانزلاق - اصدار خاص,48,حقيبه رياضيه جيم,,category_fallback,Substitute,0.000652,0.0698,0.5719,0.6,شركاء مقترحون بناءً على الشراء المتكرر داخل نفس القسم.,منتجات من نفس القسم يميل العملاء لضمّها — فرصة بيع تكميلي داخلي.,2
117,حصيره يوغا مضاده للانزلاق - اصدار خاص,86,لباس رياضي ضاغط - اصدار خاص,,category_fallback,Substitute,0.000652,0.0698,7.7375,0.6,شركاء مقترحون بناءً على الشراء المتكرر داخل نفس القسم.,منتجات من نفس القسم يميل العملاء لضمّها — فرصة بيع تكميلي داخلي.,3
118,حصيره يوغا مضاده للانزلاق - اصدار خاص,48,حقيبه رياضيه جيم,,category_fallback,Substitute,0.000869,0.1333,1.0929,0.8,شركاء مقترحون بناءً على الشراء المتكرر داخل نفس القسم.,منتجات من نفس القسم يميل العملاء لضمّها — فرصة بيع تكميلي داخلي.,1
118,حصيره يوغا مضاده للانزلاق - اصدار خاص,50,عداد خطوات ذكي,,category_fallback,Substitute,0.000652,0.1,1.5549,0.6,شركاء مقترحون بناءً على الشراء المتكرر داخل نفس القسم.,منتجات من نفس القسم يميل العملاء لضمّها — فرصة بيع تكميلي داخلي.,2
118,حصيره يوغا مضاده للانزلاق - اصدار خاص,46,حصيره يوغا مضاده للانزلاق,,category_fallback,Substitute,0.000543,0.0833,0.9132,0.5,شركاء مقترحون بناءً على الشراء المتكرر داخل نفس القسم.,منتجات من نفس القسم يميل العملاء لضمّها — فرصة بيع تكميلي داخلي.,3
119,ماكينه قهوه اسبريسو - اصدار خاص,91,فرن كهربايي 60 لتر - اصدار خاص,,category_fallback,Substitute,0.001086,0.0752,4.5236,1.0,شركاء مقترحون بناءً على الشراء المتكرر داخل نفس القسم.,منتجات من نفس القسم يميل العملاء لضمّها — فرصة بيع تكميلي داخلي.,1
119,ماكينه قهوه اسبريسو - اصدار خاص,29,مجموعه سكاكين مطبخ,,category_fallback,Substitute,0.00076,0.0526,0.8809,0.7,شركاء مقترحون بناءً على الشراء المتكرر داخل نفس القسم.,منتجات من نفس القسم يميل العملاء لضمّها — فرصة بيع تكميلي داخلي.,2
119,ماكينه قهوه اسبريسو - اصدار خاص,176,فرن كهربايي 60 لتر - اصدار خاص,,category_fallback,Substitute,0.000652,0.0451,2.8443,0.6,شركاء مقترحون بناءً على الشراء المتكرر داخل نفس القسم.,منتجات من نفس القسم يميل العملاء لضمّها — فرصة بيع تكميلي داخلي.,3
119,ماكينه قهوه اسبريسو - اصدار خاص,136,فرن كهربايي 60 لتر - اصدار خاص,,category_fallback,Substitute,0.000543,0.0521,3.6047,0.5,شركاء مقترحون بناءً على الشراء المتكرر داخل نفس القسم.,منتجات من نفس القسم يميل العملاء لضمّها — فرصة بيع تكميلي داخلي.,4
12,فستان سهره انيق,164,حقيبه يد جلديه - اصدار خاص,,category_fallback,Substitute,0.000435,0.0404,2.2405,0.4,شركاء مقترحون بناءً على الشراء المتكرر داخل نفس القسم.,منتجات من نفس القسم يميل العملاء لضمّها — فرصة بيع تكميلي داخلي.,1
12,فستان سهره انيق,63,حذاء رياضي مريح - اصدار خاص,,category_fallback,Substitute,0.000217,0.0202,2.9056,0.2,شركاء مقترحون بناءً على الشراء المتكرر داخل نفس القسم.,منتجات من نفس القسم يميل العملاء لضمّها — فرصة بيع تكميلي داخلي.,2
12,فستان سهره انيق,83,فستان سهره انيق - اصدار خاص,,category_fallback,Substitute,0.000217,0.0202,1.7218,0.2,شركاء مقترحون بناءً على الشراء المتكرر داخل نفس القسم.,منتجات من نفس القسم يميل العملاء لضمّها — فرصة بيع تكميلي داخلي.,3
120,روايه عربيه بيست سيلر - اصدار خاص,51,كتاب تعلم البرمجه بالعربيه,,category_fallback,Substitute,0.000978,0.0957,0.9643,0.9,شركاء مقترحون بناءً على الشراء المتكرر داخل نفس القسم.,منتجات من نفس القسم يميل العملاء لضمّها — فرصة بيع تكميلي داخلي.,1
120,روايه عربيه بيست سيلر - اصدار خاص,56,دوره برمجه اكاديميه USB,,category_fallback,Substitute,0.000652,0.0638,0.9195,0.6,شركاء مقترحون بناءً على الشراء المتكرر داخل نفس القسم.,منتجات من نفس القسم يميل العملاء لضمّها — فرصة بيع تكميلي داخلي.,2
120,روايه عربيه بيست سيلر - اصدار خاص,53,كتاب رياده الاعمال والنجاح,,category_fallback,Substitute,0.000652,0.0638,0.9095,0.6,شركاء مقترحون بناءً على الشراء المتكرر داخل نفس القسم.,منتجات من نفس القسم يميل العملاء لضمّها — فرصة بيع تكميلي داخلي.,3
121,حذاء رياضي مريح - اصدار خاص,73,فستان سهره انيق - اصدار خاص,,category_fallback,Substitute,0.000217,0.0308,3.1824,0.2,شركاء مقترحون بناءً على الشراء المتكرر داخل نفس القسم.,منتجات من نفس القسم يميل العملاء لضمّها — فرصة بيع تكميلي داخلي.,1
121,حذاء رياضي مريح - اصدار خاص,63,حذاء رياضي مريح - اصدار خاص,,category_fallback,Substitute,0.000109,0.0154,2.2127,0.1,شركاء مقترحون بناءً على الشراء المتكرر داخل نفس القسم.,منتجات من نفس القسم يميل العملاء لضمّها — فرصة بيع تكميلي داخلي.,2
121,حذاء رياضي مريح - اصدار خاص,20,حذاء رسمي جلد,,category_fallback,Substitute,0.000109,0.0154,1.6467,0.1,شركاء مقترحون بناءً على الشراء المتكرر داخل نفس القسم.,منتجات من نفس القسم يميل العملاء لضمّها — فرصة بيع تكميلي داخلي.,3
122,طقم مكياج احترافي - اصدار خاص,87,طقم مكياج احترافي - اصدار خاص,,category_fallback,Substitute,0.00076,0.0986,5.6021,0.7,شركاء مقترحون بناءً على الشراء المتكرر داخل نفس القسم.,منتجات من نفس القسم يميل العملاء لضمّها — فرصة بيع تكميلي داخلي.,1
122,طقم مكياج احترافي - اصدار خاص,34,طقم مكياج احترافي,,category_fallback,Substitute,0.000435,0.0563,0.5827,0.4,شركاء مقترحون بناءً على الشراء المتكرر داخل نفس القسم.,منتجات من نفس القسم يميل العملاء لضمّها — فرصة بيع تكميلي داخلي.,2
122,طقم مكياج احترافي - اصدار خاص,33,مجموعه عنايه بالشعر,,category_fallback,Substitute,0.000435,0.0563,0.809,0.4,شركاء مقترحون بناءً على الشراء المتكرر داخل نفس القسم.,منتجات من نفس القسم يميل العملاء لضمّها — فرصة بيع تكميلي داخلي.,3
123,عداد خطوات ذكي - اصدار خاص,42,لباس رياضي ضاغط,,category_fallback,Substitute,0.00076,0.1014,0.8398,0.7,شركاء مقترحون بناءً على الشراء المتكرر داخل نفس القسم.,منتجات من نفس القسم يميل العملاء لضمّها — فرصة بيع تكميلي داخلي.,1
123,عداد خطوات ذكي - اصدار خاص,45,كره قدم رسميه فيفا,,category_fallback,Substitute,0.000543,0.0725,4.4767,0.5,شركاء مقترحون بناءً على الشراء المتكرر داخل نفس القسم.,منتجات من نفس القسم يميل العملاء لضمّها — فرصة بيع تكميلي داخلي.,2
123,عداد خطوات ذكي - اصدار خاص,48,حقيبه رياضيه جيم,,category_fallback,Substitute,0.000435,0.058,0.4752,0.4,شركاء مقترحون بناءً على الشراء المتكرر داخل نفس القسم.,منتجات من نفس القسم يميل العملاء لضمّها — فرصة بيع تكميلي داخلي.,3
124,كاميرا ميرورليس - اصدار خاص,141,ساعه ذكيه سبورت - اصدار خاص,,category_fallback,Substitute,0.001195,0.0748,4.3321,1.1,شركاء مقترحون بناءً على الشراء المتكرر داخل نفس القسم.,منتجات من نفس القسم يميل العملاء لضمّها — فرصة بيع تكميلي داخلي.,1
124,كاميرا ميرورليس - اصدار خاص,2,لابتوب الترا سليم,,category_fallback,Substitute,0.001086,0.068,0.7798,1.0,شركاء مقترحون بناءً على الشراء المتكرر داخل نفس القسم.,منتجات من نفس القسم يميل العملاء لضمّها — فرصة بيع تكميلي داخلي.,2
124,كاميرا ميرورليس - اصدار خاص,126,شاحن لاسلكي سريع - اصدار خاص,,category_fallback,Substitute,0.000978,0.0612,3.6835,0.9,شركاء مقترحون بناءً على الشراء المتكرر داخل نفس القسم.,منتجات من نفس القسم يميل العملاء لضمّها — فرصة بيع تكميلي داخلي.,3
124,كاميرا ميرورليس - اصدار خاص,7,كاميرا ميرورليس,,category_fallback,Substitute,0.000869,0.0784,4.9113,0.8,شركاء مقترحون بناءً على الشراء المتكرر داخل نفس القسم.,منتجات من نفس القسم يميل العملاء لضمّها — فرصة بيع تكميلي داخلي.,4
124,كاميرا ميرورليس - اصدار خاص,185,سماعات لاسلكيه - اصدار خاص,,category_fallback,Substitute,0.00076,0.0556,3.4788,0.7,شركاء مقترحون بناءً على الشراء المتكرر داخل نفس القسم.,منتجات من نفس القسم يميل العملاء لضمّها — فرصة بيع تكميلي داخلي.,5
125,شال كشمير ناعم - اصدار خاص,18,جاكيت شتوي دافي,,category_fallback,Substitute,0.000326,0.0405,2.2346,0.3,شركاء مقترحون بناءً على الشراء المتكرر داخل نفس القسم.,منتجات من نفس القسم يميل العملاء لضمّها — فرصة بيع تكميلي داخلي.,1
125,شال كشمير ناعم - اصدار خاص,180,شال كشمير ناعم - اصدار خاص,,category_fallback,Substitute,0.000217,0.027,1.8028,0.2,شركاء مقترحون بناءً على الشراء المتكرر داخل نفس القسم.,منتجات من نفس القسم يميل العملاء لضمّها — فرصة بيع تكميلي داخلي.,2
125,شال كشمير ناعم - اصدار خاص,63,حذاء رياضي مريح - اصدار خاص,,category_fallback,Substitute,0.000217,0.027,3.8872,0.2,شركاء مقترحون بناءً على الشراء المتكرر داخل نفس القسم.,منتجات من نفس القسم يميل العملاء لضمّها — فرصة بيع تكميلي داخلي.,3
126,شاحن لاسلكي سريع - اصدار خاص,124,كاميرا ميرورليس - اصدار خاص,,category_fallback,Substitute,0.000978,0.0588,3.6835,0.9,شركاء مقترحون بناءً على الشراء المتكرر داخل نفس القسم.,منتجات من نفس القسم يميل العملاء لضمّها — فرصة بيع تكميلي داخلي.,1
126,شاحن لاسلكي سريع - اصدار خاص,185,سماعات لاسلكيه - اصدار خاص,,category_fallback,Substitute,0.000869,0.0523,3.8199,0.8,شركاء مقترحون بناءً على الشراء المتكرر داخل نفس القسم.,منتجات من نفس القسم يميل العملاء لضمّها — فرصة بيع تكميلي داخلي.,2
126,شاحن لاسلكي سريع - اصدار خاص,3,سماعات لاسلكيه,,category_fallback,Substitute,0.000869,0.0523,0.436,0.8,شركاء مقترحون بناءً على الشراء المتكرر داخل نفس القسم.,منتجات من نفس القسم يميل العملاء لضمّها — فرصة بيع تكميلي داخلي.,3
126,شاحن لاسلكي سريع - اصدار خاص,142,مكبر صوت بلوتوث - اصدار خاص,,category_fallback,Substitute,0.000543,0.0595,3.5812,0.5,شركاء مقترحون بناءً على الشراء المتكرر داخل نفس القسم.,منتجات من نفس القسم يميل العملاء لضمّها — فرصة بيع تكميلي داخلي.,4
127,قميص قطني كلاسيكي - اصدار خاص,18,جاكيت شتوي دافي,,category_fallback,Substitute,0.000326,0.0411,2.2652,0.3,شركاء مقترحون بناءً على الشراء المتكرر داخل نفس القسم.,منتجات من نفس القسم يميل العملاء لضمّها — فرصة بيع تكميلي داخلي.,1
127,قميص قطني كلاسيكي - اصدار خاص,158,فستان سهره انيق - اصدار خاص,,category_fallback,Substitute,0.000326,0.0411,2.6829,0.3,شركاء مقترحون بناءً على الشراء المتكرر داخل نفس القسم.,منتجات من نفس القسم يميل العملاء لضمّها — فرصة بيع تكميلي داخلي.,2
127,قميص قطني كلاسيكي - اصدار خاص,93,شال كشمير ناعم - اصدار خاص,,category_fallback,Substitute,0.000217,0.0274,3.552,0.2,شركاء مقترحون بناءً على الشراء المتكرر داخل نفس القسم.,منتجات من نفس القسم يميل العملاء لضمّها — فرصة بيع تكميلي داخلي.,3
128,مكواه بخاريه احترافيه - اصدار خاص,168,مجموعه سكاكين مطبخ - اصدار خاص,,category_fallback,Substitute,0.00076,0.0833,5.183,0.7,شركاء مقترحون بناءً على الشراء المتكرر داخل نفس القسم.,منتجات من نفس القسم يميل العملاء لضمّها — فرصة بيع تكميلي داخلي.,1
128,مكواه بخاريه احترافيه - اصدار خاص,25,ماكينه قهوه اسبريسو,,category_fallback,Substitute,0.000652,0.0714,0.8365,0.6,شركاء مقترحون بناءً على الشراء المتكرر داخل نفس القسم.,منتجات من نفس القسم يميل العملاء لضمّها — فرصة بيع تكميلي داخلي.,2
128,مكواه بخاريه احترافيه - اصدار خاص,170,فرن كهربايي 60 لتر - اصدار خاص,,category_fallback,Substitute,0.000652,0.0714,7.3056,0.6,شركاء مقترحون بناءً على الشراء المتكرر داخل نفس القسم.,منتجات من نفس القسم يميل العملاء لضمّها — فرصة بيع تكميلي داخلي.,3
129,تيشيرت بولو قطن - اصدار خاص,164,حقيبه يد جلديه - اصدار خاص,,category_fallback,Substitute,0.000435,0.0482,2.6724,0.4,شركاء مقترحون بناءً على الشراء المتكرر داخل نفس القسم.,منتجات من نفس القسم يميل العملاء لضمّها — فرصة بيع تكميلي داخلي.,1
129,تيشيرت بولو قطن - اصدار خاص,20,حذاء رسمي جلد,,category_fallback,Substitute,0.000435,0.0482,5.1583,0.4,شركاء مقترحون بناءً على الشراء المتكرر داخل نفس القسم.,منتجات من نفس القسم يميل العملاء لضمّها — فرصة بيع تكميلي داخلي.,2
129,تيشيرت بولو قطن - اصدار خاص,169,فستان سهره انيق - اصدار خاص,,category_fallback,Substitute,0.000326,0.0361,3.4657,0.3,شركاء مقترحون بناءً على الشراء المتكرر داخل نفس القسم.,منتجات من نفس القسم يميل العملاء لضمّها — فرصة بيع تكميلي داخلي.,3
13,بنطلون جينز سليم فيت,155,حذاء رياضي مريح - اصدار خاص,,category_fallback,Substitute,0.000435,0.05,5.4792,0.4,شركاء مقترحون بناءً على الشراء المتكرر داخل نفس القسم.,منتجات من نفس القسم يميل العملاء لضمّها — فرصة بيع تكميلي داخلي.,1
13,بنطلون جينز سليم فيت,180,شال كشمير ناعم - اصدار خاص,,category_fallback,Substitute,0.000435,0.05,3.3351,0.4,شركاء مقترحون بناءً على الشراء المتكرر داخل نفس القسم.,منتجات من نفس القسم يميل العملاء لضمّها — فرصة بيع تكميلي داخلي.,2
13,بنطلون جينز سليم فيت,19,تيشيرت بولو قطن,,category_fallback,Substitute,0.000326,0.0375,3.2261,0.3,شركاء مقترحون بناءً على الشراء المتكرر داخل نفس القسم.,منتجات من نفس القسم يميل العملاء لضمّها — فرصة بيع تكميلي داخلي.,3
130,ثلاجه نوفروست 350 لتر - اصدار خاص,178,مكيف هواء انفيرتر 18000 - اصدار خاص,,category_fallback,Substitute,0.000326,0.0448,3.0759,0.3,شركاء مقترحون بناءً على الشراء المتكرر داخل نفس القسم.,منتجات من نفس القسم يميل العملاء لضمّها — فرصة بيع تكميلي داخلي.,1
130,ثلاجه نوفروست 350 لتر - اصدار خاص,26,طقم اواني طهي غرانيت,,category_fallback,Substitute,0.000326,0.0448,0.7206,0.3,شركاء مقترحون بناءً على الشراء المتكرر داخل نفس القسم.,منتجات من نفس القسم يميل العملاء لضمّها — فرصة بيع تكميلي داخلي.,2
130,ثلاجه نوفروست 350 لتر - اصدار خاص,80,ماكينه قهوه اسبريسو - اصدار خاص,,category_fallback,Substitute,0.000217,0.0299,3.2327,0.2,شركاء مقترحون بناءً على الشراء المتكرر داخل نفس القسم.,منتجات من نفس القسم يميل العملاء لضمّها — فرصة بيع تكميلي داخلي.,3
131,اوزان حديد طقم 20 كيلو - اصدار خاص,48,حقيبه رياضيه جيم,,category_fallback,Substitute,0.000978,0.06,0.4918,0.9,شركاء مقترحون بناءً على الشراء المتكرر داخل نفس القسم.,منتجات من نفس القسم يميل العملاء لضمّها — فرصة بيع تكميلي داخلي.,1
131,اوزان حديد طقم 20 كيلو - اصدار خاص,47,اوزان حديد طقم 20 كيلو,,category_fallback,Substitute,0.000869,0.0533,0.627,0.8,شركاء مقترحون بناءً على الشراء المتكرر داخل نفس القسم.,منتجات من نفس القسم يميل العملاء لضمّها — فرصة بيع تكميلي داخلي.,2
131,اوزان حديد طقم 20 كيلو - اصدار خاص,44,جهاز مشي كهربايي,,category_fallback,Substitute,0.000869,0.0533,5.7085,0.8,شركاء مقترحون بناءً على الشراء المتكرر داخل نفس القسم.,منتجات من نفس القسم يميل العملاء لضمّها — فرصة بيع تكميلي داخلي.,3
131,اوزان حديد طقم 20 كيلو - اصدار خاص,146,اوزان حديد طقم 20 كيلو - اصدار خاص,,category_fallback,Substitute,0.00076,0.0769,4.7205,0.7,شركاء مقترحون بناءً على الشراء المتكرر داخل نفس القسم.,منتجات من نفس القسم يميل العملاء لضمّها — فرصة بيع تكميلي داخلي.,4
131,اوزان حديد طقم 20 كيلو - اصدار خاص,49,جهاز قياس ضغط الدم,,category_fallback,Substitute,0.000543,0.0532,3.2642,0.5,شركاء مقترحون بناءً على الشراء المتكرر داخل نفس القسم.,منتجات من نفس القسم يميل العملاء لضمّها — فرصة بيع تكميلي داخلي.,5
132,عطر رجالي عودي - اصدار خاص,32,سيروم فيتامين سي,,category_fallback,Substitute,0.000652,0.0779,0.8663,0.6,شركاء مقترحون بناءً على الشراء المتكرر داخل نفس القسم.,منتجات من نفس القسم يميل العملاء لضمّها — فرصة بيع تكميلي داخلي.,1
132,عطر رجالي عودي - اصدار خاص,39,قناع وجه كولاجين,,category_fallback,Substitute,0.000543,0.0649,0.9253,0.5,شركاء مقترحون بناءً على الشراء المتكرر داخل نفس القسم.,منتجات من نفس القسم يميل العملاء لضمّها — فرصة بيع تكميلي داخلي.,2
132,عطر رجالي عودي - اصدار خاص,87,طقم مكياج احترافي - اصدار خاص,,category_fallback,Substitute,0.000435,0.0519,2.9517,0.4,شركاء مقترحون بناءً على الشراء المتكرر داخل نفس القسم.,منتجات من نفس القسم يميل العملاء لضمّها — فرصة بيع تكميلي داخلي.,3
133,اطلس العالم المصور - اصدار خاص,51,كتاب تعلم البرمجه بالعربيه,,category_fallback,Substitute,0.000652,0.0938,0.9442,0.6,شركاء مقترحون بناءً على الشراء المتكرر داخل نفس القسم.,منتجات من نفس القسم يميل العملاء لضمّها — فرصة بيع تكميلي داخلي.,1
133,اطلس العالم المصور - اصدار خاص,54,قاموس عربي انجليزي شامل,,category_fallback,Substitute,0.000543,0.0781,1.1847,0.5,شركاء مقترحون بناءً على الشراء المتكرر داخل نفس القسم.,منتجات من نفس القسم يميل العملاء لضمّها — فرصة بيع تكميلي داخلي.,2
133,اطلس العالم المصور - اصدار خاص,56,دوره برمجه اكاديميه USB,,category_fallback,Substitute,0.000543,0.0781,1.1254,0.5,شركاء مقترحون بناءً على الشراء المتكرر داخل نفس القسم.,منتجات من نفس القسم يميل العملاء لضمّها — فرصة بيع تكميلي داخلي.,3
134,ثلاجه نوفروست 350 لتر - اصدار خاص,29,مجموعه سكاكين مطبخ,,category_fallback,Substitute,0.000326,0.0423,0.7072,0.3,شركاء مقترحون بناءً على الشراء المتكرر داخل نفس القسم.,منتجات من نفس القسم يميل العملاء لضمّها — فرصة بيع تكميلي داخلي.,1
134,ثلاجه نوفروست 350 لتر - اصدار خاص,80,ماكينه قهوه اسبريسو - اصدار خاص,,category_fallback,Substitute,0.000326,0.0423,4.5758,0.3,شركاء مقترحون بناءً على الشراء المتكرر داخل نفس القسم.,منتجات من نفس القسم يميل العملاء لضمّها — فرصة بيع تكميلي داخلي.,2
134,ثلاجه نوفروست 350 لتر - اصدار خاص,91,فرن كهربايي 60 لتر - اصدار خاص,,category_fallback,Substitute,0.000326,0.0423,2.5421,0.3,شركاء مقترحون بناءً على الشراء المتكرر داخل نفس القسم.,منتجات من نفس القسم يميل العملاء لضمّها — فرصة بيع تكميلي داخلي.,3
135,طقم اواني طهي غرانيت - اصدار خاص,176,فرن كهربايي 60 لتر - اصدار خاص,,category_fallback,Substitute,0.001086,0.0794,5.0038,1.0,شركاء مقترحون بناءً على الشراء المتكرر داخل نفس القسم.,منتجات من نفس القسم يميل العملاء لضمّها — فرصة بيع تكميلي داخلي.,1
135,طقم اواني طهي غرانيت - اصدار خاص,21,مكيف هواء انفيرتر 18000,,category_fallback,Substitute,0.000869,0.0635,3.5855,0.8,شركاء مقترحون بناءً على الشراء المتكرر داخل نفس القسم.,منتجات من نفس القسم يميل العملاء لضمّها — فرصة بيع تكميلي داخلي.,2
135,طقم اواني طهي غرانيت - اصدار خاص,91,فرن كهربايي 60 لتر - اصدار خاص,,category_fallback,Substitute,0.000652,0.0476,2.8649,0.6,شركاء مقترحون بناءً على الشراء المتكرر داخل نفس القسم.,منتجات من نفس القسم يميل العملاء لضمّها — فرصة بيع تكميلي داخلي.,3
135,طقم اواني طهي غرانيت - اصدار خاص,162,ثلاجه نوفروست 350 لتر - اصدار خاص,,category_fallback,Substitute,0.000652,0.0632,4.614,0.6,شركاء مقترحون بناءً على الشراء المتكرر داخل نفس القسم.,منتجات من نفس القسم يميل العملاء لضمّها — فرصة بيع تكميلي داخلي.,4
135,طقم اواني طهي غرانيت - اصدار خاص,85,ماكينه قهوه اسبريسو - اصدار خاص,,category_fallback,Substitute,0.000543,0.0549,4.014,0.5,شركاء مقترحون بناءً على الشراء المتكرر داخل نفس القسم.,منتجات من نفس القسم يميل العملاء لضمّها — فرصة بيع تكميلي داخلي.,5
136,فرن كهربايي 60 لتر - اصدار خاص,119,ماكينه قهوه اسبريسو - اصدار خاص,,category_fallback,Substitute,0.000543,0.0521,3.6047,0.5,شركاء مقترحون بناءً على الشراء المتكرر داخل نفس القسم.,منتجات من نفس القسم يميل العملاء لضمّها — فرصة بيع تكميلي داخلي.,1
136,فرن كهربايي 60 لتر - اصدار خاص,29,مجموعه سكاكين مطبخ,,category_fallback,Substitute,0.000435,0.0417,0.6973,0.4,شركاء مقترحون بناءً على الشراء المتكرر داخل نفس القسم.,منتجات من نفس القسم يميل العملاء لضمّها — فرصة بيع تكميلي داخلي.,2
136,فرن كهربايي 60 لتر - اصدار خاص,82,مجموعه سكاكين مطبخ - اصدار خاص,,category_fallback,Substitute,0.000435,0.0417,4.621,0.4,شركاء مقترحون بناءً على الشراء المتكرر داخل نفس القسم.,منتجات من نفس القسم يميل العملاء لضمّها — فرصة بيع تكميلي داخلي.,3
136,فرن كهربايي 60 لتر - اصدار خاص,170,فرن كهربايي 60 لتر - اصدار خاص,,category_fallback,Substitute,0.000435,0.0444,4.2616,0.4,شركاء مقترحون بناءً على الشراء المتكرر داخل نفس القسم.,منتجات من نفس القسم يميل العملاء لضمّها — فرصة بيع تكميلي داخلي.,4
137,راوتر واي فاي 6 - اصدار خاص,6,شاشه 4K 27 انش,,category_fallback,Substitute,0.000543,0.0658,0.9895,0.5,شركاء مقترحون بناءً على الشراء المتكرر داخل نفس القسم.,منتجات من نفس القسم يميل العملاء لضمّها — فرصة بيع تكميلي داخلي.,1
137,راوتر واي فاي 6 - اصدار خاص,4,ساعه ذكيه سبورت,,category_fallback,Substitute,0.000435,0.0526,0.8102,0.4,شركاء مقترحون بناءً على الشراء المتكرر داخل نفس القسم.,منتجات من نفس القسم يميل العملاء لضمّها — فرصة بيع تكميلي داخلي.,2
137,راوتر واي فاي 6 - اصدار خاص,141,ساعه ذكيه سبورت - اصدار خاص,,category_fallback,Substitute,0.000435,0.0526,3.047,0.4,شركاء مقترحون بناءً على الشراء المتكرر داخل نفس القسم.,منتجات من نفس القسم يميل العملاء لضمّها — فرصة بيع تكميلي داخلي.,3
138,جهاز مشي كهربايي - اصدار خاص,46,حصيره يوغا مضاده للانزلاق,,category_fallback,Substitute,0.001195,0.1375,1.5068,1.1,شركاء مقترحون بناءً على الشراء المتكرر داخل نفس القسم.,منتجات من نفس القسم يميل العملاء لضمّها — فرصة بيع تكميلي داخلي.,1
138,جهاز مشي كهربايي - اصدار خاص,50,عداد خطوات ذكي,,category_fallback,Substitute,0.000978,0.1125,1.7493,0.9,شركاء مقترحون بناءً على الشراء المتكرر داخل نفس القسم.,منتجات من نفس القسم يميل العملاء لضمّها — فرصة بيع تكميلي داخلي.,2
138,جهاز مشي كهربايي - اصدار خاص,48,حقيبه رياضيه جيم,,category_fallback,Substitute,0.000869,0.1,0.8197,0.8,شركاء مقترحون بناءً على الشراء المتكرر داخل نفس القسم.,منتجات من نفس القسم يميل العملاء لضمّها — فرصة بيع تكميلي داخلي.,3
139,حقيبه رياضيه جيم - اصدار خاص,48,حقيبه رياضيه جيم,,category_fallback,Substitute,0.000543,0.0581,0.4766,0.5,شركاء مقترحون بناءً على الشراء المتكرر داخل نفس القسم.,منتجات من نفس القسم يميل العملاء لضمّها — فرصة بيع تكميلي داخلي.,1
139,حقيبه رياضيه جيم - اصدار خاص,47,اوزان حديد طقم 20 كيلو,,category_fallback,Substitute,0.000543,0.0581,0.6835,0.5,شركاء مقترحون بناءً على الشراء المتكرر داخل نفس القسم.,منتجات من نفس القسم يميل العملاء لضمّها — فرصة بيع تكميلي داخلي.,2
139,حقيبه رياضيه جيم - اصدار خاص,46,حصيره يوغا مضاده للانزلاق,,category_fallback,Substitute,0.000543,0.0581,0.6371,0.5,شركاء مقترحون بناءً على الشراء المتكرر داخل نفس القسم.,منتجات من نفس القسم يميل العملاء لضمّها — فرصة بيع تكميلي داخلي.,3
14,عباءه مطرزه فاخره,18,جاكيت شتوي دافي,,category_fallback,Substitute,0.00076,0.0959,5.2855,0.7,شركاء مقترحون بناءً على الشراء المتكرر داخل نفس القسم.,منتجات من نفس القسم يميل العملاء لضمّها — فرصة بيع تكميلي داخلي.,1
14,عباءه مطرزه فاخره,164,حقيبه يد جلديه - اصدار خاص,,category_fallback,Substitute,0.000326,0.0411,2.2788,0.3,شركاء مقترحون بناءً على الشراء المتكرر داخل نفس القسم.,منتجات من نفس القسم يميل العملاء لضمّها — فرصة بيع تكميلي داخلي.,2
14,عباءه مطرزه فاخره,73,فستان سهره انيق - اصدار خاص,,category_fallback,Substitute,0.000217,0.0274,2.8336,0.2,شركاء مقترحون بناءً على الشراء المتكرر داخل نفس القسم.,منتجات من نفس القسم يميل العملاء لضمّها — فرصة بيع تكميلي داخلي.,3
140,مزيل عرق رول اون - اصدار خاص,39,قناع وجه كولاجين,,category_fallback,Substitute,0.000543,0.0758,1.0795,0.5,شركاء مقترحون بناءً على الشراء المتكرر داخل نفس القسم.,منتجات من نفس القسم يميل العملاء لضمّها — فرصة بيع تكميلي داخلي.,1
140,مزيل عرق رول اون - اصدار خاص,32,سيروم فيتامين سي,,category_fallback,Substitute,0.000543,0.0758,0.8422,0.5,شركاء مقترحون بناءً على الشراء المتكرر داخل نفس القسم.,منتجات من نفس القسم يميل العملاء لضمّها — فرصة بيع تكميلي داخلي.,2
140,مزيل عرق رول اون - اصدار خاص,37,غسول وجه للبشره الحساسه,,category_fallback,Substitute,0.000435,0.0606,0.853,0.4,شركاء مقترحون بناءً على الشراء المتكرر داخل نفس القسم.,منتجات من نفس القسم يميل العملاء لضمّها — فرصة بيع تكميلي داخلي.,3
141,ساعه ذكيه سبورت - اصدار خاص,124,كاميرا ميرورليس - اصدار خاص,,category_fallback,Substitute,0.001195,0.0692,4.3321,1.1,شركاء مقترحون بناءً على الشراء المتكرر داخل نفس القسم.,منتجات من نفس القسم يميل العملاء لضمّها — فرصة بيع تكميلي داخلي.,1
141,ساعه ذكيه سبورت - اصدار خاص,112,شاشه 4K 27 انش - اصدار خاص,,category_fallback,Substitute,0.001086,0.0629,3.8854,1.0,شركاء مقترحون بناءً على الشراء المتكرر داخل نفس القسم.,منتجات من نفس القسم يميل العملاء لضمّها — فرصة بيع تكميلي داخلي.,2
141,ساعه ذكيه سبورت - اصدار خاص,1,هاتف ذكي برو ماكس,,category_fallback,Substitute,0.000978,0.0566,0.6448,0.9,شركاء مقترحون بناءً على الشراء المتكرر داخل نفس القسم.,منتجات من نفس القسم يميل العملاء لضمّها — فرصة بيع تكميلي داخلي.,3
141,ساعه ذكيه سبورت - اصدار خاص,185,سماعات لاسلكيه - اصدار خاص,,category_fallback,Substitute,0.000869,0.0635,3.6758,0.8,شركاء مقترحون بناءً على الشراء المتكرر داخل نفس القسم.,منتجات من نفس القسم يميل العملاء لضمّها — فرصة بيع تكميلي داخلي.,4
141,ساعه ذكيه سبورت - اصدار خاص,161,شاحن لاسلكي سريع - اصدار خاص,,category_fallback,Substitute,0.000543,0.0595,3.446,0.5,شركاء مقترحون بناءً على الشراء المتكرر داخل نفس القسم.,منتجات من نفس القسم يميل العملاء لضمّها — فرصة بيع تكميلي داخلي.,5
142,مكبر صوت بلوتوث - اصدار خاص,126,شاحن لاسلكي سريع - اصدار خاص,,category_fallback,Substitute,0.000543,0.0595,3.5812,0.5,شركاء مقترحون بناءً على الشراء المتكرر داخل نفس القسم.,منتجات من نفس القسم يميل العملاء لضمّها — فرصة بيع تكميلي داخلي.,1
142,مكبر صوت بلوتوث - اصدار خاص,194,ساعه ذكيه سبورت - اصدار خاص,,category_fallback,Substitute,0.000435,0.0476,4.4276,0.4,شركاء مقترحون بناءً على الشراء المتكرر داخل نفس القسم.,منتجات من نفس القسم يميل العملاء لضمّها — فرصة بيع تكميلي داخلي.,2
142,مكبر صوت بلوتوث - اصدار خاص,3,سماعات لاسلكيه,,category_fallback,Substitute,0.000435,0.0476,0.397,0.4,شركاء مقترحون بناءً على الشراء المتكرر داخل نفس القسم.,منتجات من نفس القسم يميل العملاء لضمّها — فرصة بيع تكميلي داخلي.,3
143,عطر رجالي عودي - اصدار خاص,32,سيروم فيتامين سي,,category_fallback,Substitute,0.001086,0.0862,0.9584,1.0,شركاء مقترحون بناءً على الشراء المتكرر داخل نفس القسم.,منتجات من نفس القسم يميل العملاء لضمّها — فرصة بيع تكميلي داخلي.,1
143,عطر رجالي عودي - اصدار خاص,39,قناع وجه كولاجين,,category_fallback,Substitute,0.000978,0.0776,1.1055,0.9,شركاء مقترحون بناءً على الشراء المتكرر داخل نفس القسم.,منتجات من نفس القسم يميل العملاء لضمّها — فرصة بيع تكميلي داخلي.,2
143,عطر رجالي عودي - اصدار خاص,37,غسول وجه للبشره الحساسه,,category_fallback,Substitute,0.000978,0.0776,1.092,0.9,شركاء مقترحون بناءً على الشراء المتكرر داخل نفس القسم.,منتجات من نفس القسم يميل العملاء لضمّها — فرصة بيع تكميلي داخلي.,3
144,كتاب تطوير الذات والتحفيز - اصدار خاص,150,اطلس العالم المصور - اصدار خاص,,category_fallback,Substitute,0.000652,0.069,3.9187,0.6,شركاء مقترحون بناءً على الشراء المتكرر داخل نفس القسم.,منتجات من نفس القسم يميل العملاء لضمّها — فرصة بيع تكميلي داخلي.,1
144,كتاب تطوير الذات والتحفيز - اصدار خاص,77,دوره برمجه اكاديميه USB - اصدار خاص,,category_fallback,Substitute,0.000543,0.0575,3.4577,0.5,شركاء مقترحون بناءً على الشراء المتكرر داخل نفس القسم.,منتجات من نفس القسم يميل العملاء لضمّها — فرصة بيع تكميلي داخلي.,2
144,كتاب تطوير الذات والتحفيز - اصدار خاص,74,كتاب الطبخ العربي التقليدي - اصدار خاص,,category_fallback,Substitute,0.000435,0.046,2.7304,0.4,شركاء مقترحون بناءً على الشراء المتكرر داخل نفس القسم.,منتجات من نفس القسم يميل العملاء لضمّها — فرصة بيع تكميلي داخلي.,3
145,قاموس عربي انجليزي شامل - اصدار خاص,56,دوره برمجه اكاديميه USB,,category_fallback,Substitute,0.00076,0.0673,0.9696,0.7,شركاء مقترحون بناءً على الشراء المتكرر داخل نفس القسم.,منتجات من نفس القسم يميل العملاء لضمّها — فرصة بيع تكميلي داخلي.,1
145,قاموس عربي انجليزي شامل - اصدار خاص,172,كتاب رياده الاعمال والنجاح - اصدار خاص,,category_fallback,Substitute,0.00076,0.0673,4.3026,0.7,شركاء مقترحون بناءً على الشراء المتكرر داخل نفس القسم.,منتجات من نفس القسم يميل العملاء لضمّها — فرصة بيع تكميلي داخلي.,2
145,قاموس عربي انجليزي شامل - اصدار خاص,51,كتاب تعلم البرمجه بالعربيه,,category_fallback,Substitute,0.00076,0.0673,0.6779,0.7,شركاء مقترحون بناءً على الشراء المتكرر داخل نفس القسم.,منتجات من نفس القسم يميل العملاء لضمّها — فرصة بيع تكميلي داخلي.,3
146,اوزان حديد طقم 20 كيلو - اصدار خاص,131,اوزان حديد طقم 20 كيلو - اصدار خاص,,category_fallback,Substitute,0.00076,0.0769,4.7205,0.7,شركاء مقترحون بناءً على الشراء المتكرر داخل نفس القسم.,منتجات من نفس القسم يميل العملاء لضمّها — فرصة بيع تكميلي داخلي.,1
146,اوزان حديد طقم 20 كيلو - اصدار خاص,96,دراجه هواييه جبليه - اصدار خاص,,category_fallback,Substitute,0.00076,0.0769,4.8168,0.7,شركاء مقترحون بناءً على الشراء المتكرر داخل نفس القسم.,منتجات من نفس القسم يميل العملاء لضمّها — فرصة بيع تكميلي داخلي.,2
146,اوزان حديد طقم 20 كيلو - اصدار خاص,46,حصيره يوغا مضاده للانزلاق,,category_fallback,Substitute,0.000543,0.0549,0.6021,0.5,شركاء مقترحون بناءً على الشراء المتكرر داخل نفس القسم.,منتجات من نفس القسم يميل العملاء لضمّها — فرصة بيع تكميلي داخلي.,3
147,هاتف ذكي برو ماكس - اصدار خاص,3,سماعات لاسلكيه,,category_fallback,Substitute,0.000543,0.0735,0.6131,0.5,شركاء مقترحون بناءً على الشراء المتكرر داخل نفس القسم.,منتجات من نفس القسم يميل العملاء لضمّها — فرصة بيع تكميلي داخلي.,1
147,هاتف ذكي برو ماكس - اصدار خاص,6,شاشه 4K 27 انش,,category_fallback,Substitute,0.000543,0.0735,1.1059,0.5,شركاء مقترحون بناءً على الشراء المتكرر داخل نفس القسم.,منتجات من نفس القسم يميل العملاء لضمّها — فرصة بيع تكميلي داخلي.,2
147,هاتف ذكي برو ماكس - اصدار خاص,2,لابتوب الترا سليم,,category_fallback,Substitute,0.000543,0.0735,0.8429,0.5,شركاء مقترحون بناءً على الشراء المتكرر داخل نفس القسم.,منتجات من نفس القسم يميل العملاء لضمّها — فرصة بيع تكميلي داخلي.,3
148,حذاء جري احترافي - اصدار خاص,42,لباس رياضي ضاغط,,category_fallback,Substitute,0.00076,0.1148,0.9499,0.7,شركاء مقترحون بناءً على الشراء المتكرر داخل نفس القسم.,منتجات من نفس القسم يميل العملاء لضمّها — فرصة بيع تكميلي داخلي.,1
148,حذاء جري احترافي - اصدار خاص,47,اوزان حديد طقم 20 كيلو,,category_fallback,Substitute,0.000435,0.0656,0.7709,0.4,شركاء مقترحون بناءً على الشراء المتكرر داخل نفس القسم.,منتجات من نفس القسم يميل العملاء لضمّها — فرصة بيع تكميلي داخلي.,2
148,حذاء جري احترافي - اصدار خاص,50,عداد خطوات ذكي,,category_fallback,Substitute,0.000326,0.0492,0.7647,0.3,شركاء مقترحون بناءً على الشراء المتكرر داخل نفس القسم.,منتجات من نفس القسم يميل العملاء لضمّها — فرصة بيع تكميلي داخلي.,3
149,طقم مكياج احترافي - اصدار خاص,34,طقم مكياج احترافي,,category_fallback,Substitute,0.000435,0.0656,0.6782,0.4,شركاء مقترحون بناءً على الشراء المتكرر داخل نفس القسم.,منتجات من نفس القسم يميل العملاء لضمّها — فرصة بيع تكميلي داخلي.,1
149,طقم مكياج احترافي - اصدار خاص,32,سيروم فيتامين سي,,category_fallback,Substitute,0.000326,0.0492,0.5467,0.3,شركاء مقترحون بناءً على الشراء المتكرر داخل نفس القسم.,منتجات من نفس القسم يميل العملاء لضمّها — فرصة بيع تكميلي داخلي.,2
149,طقم مكياج احترافي - اصدار خاص,33,مجموعه عنايه بالشعر,,category_fallback,Substitute,0.000326,0.0492,0.7062,0.3,شركاء مقترحون بناءً على الشراء المتكرر داخل نفس القسم.,منتجات من نفس القسم يميل العملاء لضمّها — فرصة بيع تكميلي داخلي.,3
15,حذاء رياضي مريح,190,حذاء رسمي جلد - اصدار خاص,,category_fallback,Substitute,0.000326,0.0484,5.5675,0.3,شركاء مقترحون بناءً على الشراء المتكرر داخل نفس القسم.,منتجات من نفس القسم يميل العملاء لضمّها — فرصة بيع تكميلي داخلي.,1
15,حذاء رياضي مريح,93,شال كشمير ناعم - اصدار خاص,,category_fallback,Substitute,0.000217,0.0323,4.1822,0.2,شركاء مقترحون بناءً على الشراء المتكرر داخل نفس القسم.,منتجات من نفس القسم يميل العملاء لضمّها — فرصة بيع تكميلي داخلي.,2
15,حذاء رياضي مريح,17,شال كشمير ناعم,,category_fallback,Substitute,0.000217,0.0323,2.8013,0.2,شركاء مقترحون بناءً على الشراء المتكرر داخل نفس القسم.,منتجات من نفس القسم يميل العملاء لضمّها — فرصة بيع تكميلي داخلي.,3
150,اطلس العالم المصور - اصدار خاص,51,كتاب تعلم البرمجه بالعربيه,,category_fallback,Substitute,0.001847,0.1049,1.0568,1.7,شركاء مقترحون بناءً على الشراء المتكرر داخل نفس القسم.,منتجات من نفس القسم يميل العملاء لضمّها — فرصة بيع تكميلي داخلي.,1
150,اطلس العالم المصور - اصدار خاص,77,دوره برمجه اكاديميه USB - اصدار خاص,,category_fallback,Substitute,0.001521,0.0864,5.1993,1.4,شركاء مقترحون بناءً على الشراء المتكرر داخل نفس القسم.,منتجات من نفس القسم يميل العملاء لضمّها — فرصة بيع تكميلي داخلي.,2
150,اطلس العالم المصور - اصدار خاص,56,دوره برمجه اكاديميه USB,,category_fallback,Substitute,0.001086,0.0617,0.8892,1.0,شركاء مقترحون بناءً على الشراء المتكرر داخل نفس القسم.,منتجات من نفس القسم يميل العملاء لضمّها — فرصة بيع تكميلي داخلي.,3
150,اطلس العالم المصور - اصدار خاص,151,كتاب تطوير الذات والتحفيز - اصدار خاص,,category_fallback,Substitute,0.00076,0.0778,4.4194,0.7,شركاء مقترحون بناءً على الشراء المتكرر داخل نفس القسم.,منتجات من نفس القسم يميل العملاء لضمّها — فرصة بيع تكميلي داخلي.,4
150,اطلس العالم المصور - اصدار خاص,144,كتاب تطوير الذات والتحفيز - اصدار خاص,,category_fallback,Substitute,0.000652,0.069,3.9187,0.6,شركاء مقترحون بناءً على الشراء المتكرر داخل نفس القسم.,منتجات من نفس القسم يميل العملاء لضمّها — فرصة بيع تكميلي داخلي.,5
151,كتاب تطوير الذات والتحفيز - اصدار خاص,150,اطلس العالم المصور - اصدار خاص,,category_fallback,Substitute,0.00076,0.0778,4.4194,0.7,شركاء مقترحون بناءً على الشراء المتكرر داخل نفس القسم.,منتجات من نفس القسم يميل العملاء لضمّها — فرصة بيع تكميلي داخلي.,1
151,كتاب تطوير الذات والتحفيز - اصدار خاص,51,كتاب تعلم البرمجه بالعربيه,,category_fallback,Substitute,0.000652,0.0667,0.6714,0.6,شركاء مقترحون بناءً على الشراء المتكرر داخل نفس القسم.,منتجات من نفس القسم يميل العملاء لضمّها — فرصة بيع تكميلي داخلي.,2
151,كتاب تطوير الذات والتحفيز - اصدار خاص,74,كتاب الطبخ العربي التقليدي - اصدار خاص,,category_fallback,Substitute,0.000652,0.0667,3.9591,0.6,شركاء مقترحون بناءً على الشراء المتكرر داخل نفس القسم.,منتجات من نفس القسم يميل العملاء لضمّها — فرصة بيع تكميلي داخلي.,3
152,شال كشمير ناعم - اصدار خاص,158,فستان سهره انيق - اصدار خاص,,category_fallback,Substitute,0.000652,0.0732,4.7769,0.6,شركاء مقترحون بناءً على الشراء المتكرر داخل نفس القسم.,منتجات من نفس القسم يميل العملاء لضمّها — فرصة بيع تكميلي داخلي.,1
152,شال كشمير ناعم - اصدار خاص,164,حقيبه يد جلديه - اصدار خاص,,category_fallback,Substitute,0.000435,0.0488,2.705,0.4,شركاء مقترحون بناءً على الشراء المتكرر داخل نفس القسم.,منتجات من نفس القسم يميل العملاء لضمّها — فرصة بيع تكميلي داخلي.,2
152,شال كشمير ناعم - اصدار خاص,66,قميص قطني كلاسيكي - اصدار خاص,,category_fallback,Substitute,0.000326,0.0366,4.811,0.3,شركاء مقترحون بناءً على الشراء المتكرر داخل نفس القسم.,منتجات من نفس القسم يميل العملاء لضمّها — فرصة بيع تكميلي داخلي.,3
153,فرن كهربايي 60 لتر - اصدار خاص,168,مجموعه سكاكين مطبخ - اصدار خاص,,category_fallback,Substitute,0.00076,0.0787,4.8918,0.7,شركاء مقترحون بناءً على الشراء المتكرر داخل نفس القسم.,منتجات من نفس القسم يميل العملاء لضمّها — فرصة بيع تكميلي داخلي.,1
153,فرن كهربايي 60 لتر - اصدار خاص,178,مكيف هواء انفيرتر 18000 - اصدار خاص,,category_fallback,Substitute,0.000543,0.0562,3.8592,0.5,شركاء مقترحون بناءً على الشراء المتكرر داخل نفس القسم.,منتجات من نفس القسم يميل العملاء لضمّها — فرصة بيع تكميلي داخلي.,2
153,فرن كهربايي 60 لتر - اصدار خاص,29,مجموعه سكاكين مطبخ,,category_fallback,Substitute,0.000435,0.0449,0.7522,0.4,شركاء مقترحون بناءً على الشراء المتكرر داخل نفس القسم.,منتجات من نفس القسم يميل العملاء لضمّها — فرصة بيع تكميلي داخلي.,3
154,ثلاجه نوفروست 350 لتر - اصدار خاص,29,مجموعه سكاكين مطبخ,,category_fallback,Substitute,0.000435,0.0678,1.1347,0.4,شركاء مقترحون بناءً على الشراء المتكرر داخل نفس القسم.,منتجات من نفس القسم يميل العملاء لضمّها — فرصة بيع تكميلي داخلي.,1
154,ثلاجه نوفروست 350 لتر - اصدار خاص,91,فرن كهربايي 60 لتر - اصدار خاص,,category_fallback,Substitute,0.000326,0.0508,3.0592,0.3,شركاء مقترحون بناءً على الشراء المتكرر داخل نفس القسم.,منتجات من نفس القسم يميل العملاء لضمّها — فرصة بيع تكميلي داخلي.,2
154,ثلاجه نوفروست 350 لتر - اصدار خاص,28,خلاط كهربايي متعدد الوظايف,,category_fallback,Substitute,0.000326,0.0508,0.8449,0.3,شركاء مقترحون بناءً على الشراء المتكرر داخل نفس القسم.,منتجات من نفس القسم يميل العملاء لضمّها — فرصة بيع تكميلي داخلي.,3
155,حذاء رياضي مريح - اصدار خاص,180,شال كشمير ناعم - اصدار خاص,,category_fallback,Substitute,0.000652,0.0714,4.7645,0.6,شركاء مقترحون بناءً على الشراء المتكرر داخل نفس القسم.,منتجات من نفس القسم يميل العملاء لضمّها — فرصة بيع تكميلي داخلي.,1
155,حذاء رياضي مريح - اصدار خاص,164,حقيبه يد جلديه - اصدار خاص,,category_fallback,Substitute,0.000652,0.0714,3.9608,0.6,شركاء مقترحون بناءً على الشراء المتكرر داخل نفس القسم.,منتجات من نفس القسم يميل العملاء لضمّها — فرصة بيع تكميلي داخلي.,2
155,حذاء رياضي مريح - اصدار خاص,13,بنطلون جينز سليم فيت,,category_fallback,Substitute,0.000435,0.0476,5.4792,0.4,شركاء مقترحون بناءً على الشراء المتكرر داخل نفس القسم.,منتجات من نفس القسم يميل العملاء لضمّها — فرصة بيع تكميلي داخلي.,3
156,قميص قطني كلاسيكي - اصدار خاص,18,جاكيت شتوي دافي,,category_fallback,Substitute,0.000652,0.0759,4.1863,0.6,شركاء مقترحون بناءً على الشراء المتكرر داخل نفس القسم.,منتجات من نفس القسم يميل العملاء لضمّها — فرصة بيع تكميلي داخلي.,1
156,قميص قطني كلاسيكي - اصدار خاص,158,فستان سهره انيق - اصدار خاص,,category_fallback,Substitute,0.000435,0.0506,3.3055,0.4,شركاء مقترحون بناءً على الشراء المتكرر داخل نفس القسم.,منتجات من نفس القسم يميل العملاء لضمّها — فرصة بيع تكميلي داخلي.,2
156,قميص قطني كلاسيكي - اصدار خاص,17,شال كشمير ناعم,,category_fallback,Substitute,0.000326,0.038,3.2977,0.3,شركاء مقترحون بناءً على الشراء المتكرر داخل نفس القسم.,منتجات من نفس القسم يميل العملاء لضمّها — فرصة بيع تكميلي داخلي.,3
157,جهاز قياس ضغط الدم - اصدار خاص,48,حقيبه رياضيه جيم,,category_fallback,Substitute,0.001086,0.137,1.1228,1.0,شركاء مقترحون بناءً على الشراء المتكرر داخل نفس القسم.,منتجات من نفس القسم يميل العملاء لضمّها — فرصة بيع تكميلي داخلي.,1
157,جهاز قياس ضغط الدم - اصدار خاص,42,لباس رياضي ضاغط,,category_fallback,Substitute,0.000869,0.1096,0.9072,0.8,شركاء مقترحون بناءً على الشراء المتكرر داخل نفس القسم.,منتجات من نفس القسم يميل العملاء لضمّها — فرصة بيع تكميلي داخلي.,2
157,جهاز قياس ضغط الدم - اصدار خاص,46,حصيره يوغا مضاده للانزلاق,,category_fallback,Substitute,0.000652,0.0822,0.9007,0.6,شركاء مقترحون بناءً على الشراء المتكرر داخل نفس القسم.,منتجات من نفس القسم يميل العملاء لضمّها — فرصة بيع تكميلي داخلي.,3
158,فستان سهره انيق - اصدار خاص,164,حقيبه يد جلديه - اصدار خاص,,category_fallback,Substitute,0.001304,0.0851,4.7193,1.2,شركاء مقترحون بناءً على الشراء المتكرر داخل نفس القسم.,منتجات من نفس القسم يميل العملاء لضمّها — فرصة بيع تكميلي داخلي.,1
158,فستان سهره انيق - اصدار خاص,180,شال كشمير ناعم - اصدار خاص,,category_fallback,Substitute,0.001086,0.0709,4.7307,1.0,شركاء مقترحون بناءً على الشراء المتكرر داخل نفس القسم.,منتجات من نفس القسم يميل العملاء لضمّها — فرصة بيع تكميلي داخلي.,2
158,فستان سهره انيق - اصدار خاص,18,جاكيت شتوي دافي,,category_fallback,Substitute,0.001086,0.0709,3.9092,1.0,شركاء مقترحون بناءً على الشراء المتكرر داخل نفس القسم.,منتجات من نفس القسم يميل العملاء لضمّها — فرصة بيع تكميلي داخلي.,3
158,فستان سهره انيق - اصدار خاص,17,شال كشمير ناعم,,category_fallback,Substitute,0.000869,0.0755,4.9271,0.8,شركاء مقترحون بناءً على الشراء المتكرر داخل نفس القسم.,منتجات من نفس القسم يميل العملاء لضمّها — فرصة بيع تكميلي داخلي.,4
158,فستان سهره انيق - اصدار خاص,152,شال كشمير ناعم - اصدار خاص,,category_fallback,Substitute,0.000652,0.0732,4.7769,0.6,شركاء مقترحون بناءً على الشراء المتكرر داخل نفس القسم.,منتجات من نفس القسم يميل العملاء لضمّها — فرصة بيع تكميلي داخلي.,5
159,حصيره يوغا مضاده للانزلاق - اصدار خاص,48,حقيبه رياضيه جيم,,category_fallback,Substitute,0.001195,0.1447,1.1864,1.1,شركاء مقترحون بناءً على الشراء المتكرر داخل نفس القسم.,منتجات من نفس القسم يميل العملاء لضمّها — فرصة بيع تكميلي داخلي.,1
159,حصيره يوغا مضاده للانزلاق - اصدار خاص,42,لباس رياضي ضاغط,,category_fallback,Substitute,0.001195,0.1447,1.1981,1.1,شركاء مقترحون بناءً على الشراء المتكرر داخل نفس القسم.,منتجات من نفس القسم يميل العملاء لضمّها — فرصة بيع تكميلي داخلي.,2
159,حصيره يوغا مضاده للانزلاق - اصدار خاص,41,حذاء جري احترافي,,category_fallback,Substitute,0.000869,0.1053,1.715,0.8,شركاء مقترحون بناءً على الشراء المتكرر داخل نفس القسم.,منتجات من نفس القسم يميل العملاء لضمّها — فرصة بيع تكميلي داخلي.,3
16,حقيبه يد جلديه,166,فستان سهره انيق - اصدار خاص,,category_fallback,Substitute,0.000435,0.0556,6.2364,0.4,شركاء مقترحون بناءً على الشراء المتكرر داخل نفس القسم.,منتجات من نفس القسم يميل العملاء لضمّها — فرصة بيع تكميلي داخلي.,1
16,حقيبه يد جلديه,17,شال كشمير ناعم,,category_fallback,Substitute,0.000435,0.0556,4.8244,0.4,شركاء مقترحون بناءً على الشراء المتكرر داخل نفس القسم.,منتجات من نفس القسم يميل العملاء لضمّها — فرصة بيع تكميلي داخلي.,2
16,حقيبه يد جلديه,63,حذاء رياضي مريح - اصدار خاص,,category_fallback,Substitute,0.000217,0.0278,3.9952,0.2,شركاء مقترحون بناءً على الشراء المتكرر داخل نفس القسم.,منتجات من نفس القسم يميل العملاء لضمّها — فرصة بيع تكميلي داخلي.,3
16,حقيبه يد جلديه,11,قميص قطني كلاسيكي,,category_fallback,Substitute,0.000217,0.029,3.7057,0.2,شركاء مقترحون بناءً على الشراء المتكرر داخل نفس القسم.,منتجات من نفس القسم يميل العملاء لضمّها — فرصة بيع تكميلي داخلي.,4
160,زيت ارغان طبيعي - اصدار خاص,32,سيروم فيتامين سي,,category_fallback,Substitute,0.000543,0.0833,0.9264,0.5,شركاء مقترحون بناءً على الشراء المتكرر داخل نفس القسم.,منتجات من نفس القسم يميل العملاء لضمّها — فرصة بيع تكميلي داخلي.,1
160,زيت ارغان طبيعي - اصدار خاص,37,غسول وجه للبشره الحساسه,,category_fallback,Substitute,0.000326,0.05,0.7037,0.3,شركاء مقترحون بناءً على الشراء المتكرر داخل نفس القسم.,منتجات من نفس القسم يميل العملاء لضمّها — فرصة بيع تكميلي داخلي.,2
160,زيت ارغان طبيعي - اصدار خاص,39,قناع وجه كولاجين,,category_fallback,Substitute,0.000326,0.05,0.7125,0.3,شركاء مقترحون بناءً على الشراء المتكرر داخل نفس القسم.,منتجات من نفس القسم يميل العملاء لضمّها — فرصة بيع تكميلي داخلي.,3
161,شاحن لاسلكي سريع - اصدار خاص,1,هاتف ذكي برو ماكس,,category_fallback,Substitute,0.000543,0.0595,0.6781,0.5,شركاء مقترحون بناءً على الشراء المتكرر داخل نفس القسم.,منتجات من نفس القسم يميل العملاء لضمّها — فرصة بيع تكميلي داخلي.,1
161,شاحن لاسلكي سريع - اصدار خاص,112,شاشه 4K 27 انش - اصدار خاص,,category_fallback,Substitute,0.000543,0.0595,3.6773,0.5,شركاء مقترحون بناءً على الشراء المتكرر داخل نفس القسم.,منتجات من نفس القسم يميل العملاء لضمّها — فرصة بيع تكميلي داخلي.,2
161,شاحن لاسلكي سريع - اصدار خاص,141,ساعه ذكيه سبورت - اصدار خاص,,category_fallback,Substitute,0.000543,0.0595,3.446,0.5,شركاء مقترحون بناءً على الشراء المتكرر داخل نفس القسم.,منتجات من نفس القسم يميل العملاء لضمّها — فرصة بيع تكميلي داخلي.,3
162,ثلاجه نوفروست 350 لتر - اصدار خاص,176,فرن كهربايي 60 لتر - اصدار خاص,,category_fallback,Substitute,0.00076,0.0737,4.6456,0.7,شركاء مقترحون بناءً على الشراء المتكرر داخل نفس القسم.,منتجات من نفس القسم يميل العملاء لضمّها — فرصة بيع تكميلي داخلي.,1
162,ثلاجه نوفروست 350 لتر - اصدار خاص,91,فرن كهربايي 60 لتر - اصدار خاص,,category_fallback,Substitute,0.00076,0.0737,4.4331,0.7,شركاء مقترحون بناءً على الشراء المتكرر داخل نفس القسم.,منتجات من نفس القسم يميل العملاء لضمّها — فرصة بيع تكميلي داخلي.,2
162,ثلاجه نوفروست 350 لتر - اصدار خاص,135,طقم اواني طهي غرانيت - اصدار خاص,,category_fallback,Substitute,0.000652,0.0632,4.614,0.6,شركاء مقترحون بناءً على الشراء المتكرر داخل نفس القسم.,منتجات من نفس القسم يميل العملاء لضمّها — فرصة بيع تكميلي داخلي.,3
162,ثلاجه نوفروست 350 لتر - اصدار خاص,82,مجموعه سكاكين مطبخ - اصدار خاص,,category_fallback,Substitute,0.000435,0.0482,4.6696,0.4,شركاء مقترحون بناءً على الشراء المتكرر داخل نفس القسم.,منتجات من نفس القسم يميل العملاء لضمّها — فرصة بيع تكميلي داخلي.,4
163,دوره برمجه اكاديميه USB - اصدار خاص,175,مجموعه كتب الطفل التعليميه - اصدار خاص,,category_fallback,Substitute,0.000326,0.0508,3.0003,0.3,شركاء مقترحون بناءً على الشراء المتكرر داخل نفس القسم.,منتجات من نفس القسم يميل العملاء لضمّها — فرصة بيع تكميلي داخلي.,1
163,دوره برمجه اكاديميه USB - اصدار خاص,113,كتاب تعلم البرمجه بالعربيه - اصدار خاص,,category_fallback,Substitute,0.000326,0.0508,4.8253,0.3,شركاء مقترحون بناءً على الشراء المتكرر داخل نفس القسم.,منتجات من نفس القسم يميل العملاء لضمّها — فرصة بيع تكميلي داخلي.,2
163,دوره برمجه اكاديميه USB - اصدار خاص,74,كتاب الطبخ العربي التقليدي - اصدار خاص,,category_fallback,Substitute,0.000326,0.0508,3.0197,0.3,شركاء مقترحون بناءً على الشراء المتكرر داخل نفس القسم.,منتجات من نفس القسم يميل العملاء لضمّها — فرصة بيع تكميلي داخلي.,3
164,حقيبه يد جلديه - اصدار خاص,158,فستان سهره انيق - اصدار خاص,,category_fallback,Substitute,0.001304,0.0723,4.7193,1.2,شركاء مقترحون بناءً على الشراء المتكرر داخل نفس القسم.,منتجات من نفس القسم يميل العملاء لضمّها — فرصة بيع تكميلي داخلي.,1
164,حقيبه يد جلديه - اصدار خاص,17,شال كشمير ناعم,,category_fallback,Substitute,0.001195,0.0663,5.7544,1.1,شركاء مقترحون بناءً على الشراء المتكرر داخل نفس القسم.,منتجات من نفس القسم يميل العملاء لضمّها — فرصة بيع تكميلي داخلي.,2
164,حقيبه يد جلديه - اصدار خاص,180,شال كشمير ناعم - اصدار خاص,,category_fallback,Substitute,0.000978,0.0542,3.6164,0.9,شركاء مقترحون بناءً على الشراء المتكرر داخل نفس القسم.,منتجات من نفس القسم يميل العملاء لضمّها — فرصة بيع تكميلي داخلي.,3
164,حقيبه يد جلديه - اصدار خاص,73,فستان سهره انيق - اصدار خاص,,category_fallback,Substitute,0.000652,0.0674,3.7383,0.6,شركاء مقترحون بناءً على الشراء المتكرر داخل نفس القسم.,منتجات من نفس القسم يميل العملاء لضمّها — فرصة بيع تكميلي داخلي.,4
164,حقيبه يد جلديه - اصدار خاص,155,حذاء رياضي مريح - اصدار خاص,,category_fallback,Substitute,0.000652,0.0714,3.9608,0.6,شركاء مقترحون بناءً على الشراء المتكرر داخل نفس القسم.,منتجات من نفس القسم يميل العملاء لضمّها — فرصة بيع تكميلي داخلي.,5
165,حذاء جري احترافي - اصدار خاص,48,حقيبه رياضيه جيم,,category_fallback,Substitute,0.000652,0.0698,0.5719,0.6,شركاء مقترحون بناءً على الشراء المتكرر داخل نفس القسم.,منتجات من نفس القسم يميل العملاء لضمّها — فرصة بيع تكميلي داخلي.,1
165,حذاء جري احترافي - اصدار خاص,96,دراجه هواييه جبليه - اصدار خاص,,category_fallback,Substitute,0.000435,0.0465,2.9125,0.4,شركاء مقترحون بناءً على الشراء المتكرر داخل نفس القسم.,منتجات من نفس القسم يميل العملاء لضمّها — فرصة بيع تكميلي داخلي.,2
165,حذاء جري احترافي - اصدار خاص,47,اوزان حديد طقم 20 كيلو,,category_fallback,Substitute,0.000435,0.0465,0.5468,0.4,شركاء مقترحون بناءً على الشراء المتكرر داخل نفس القسم.,منتجات من نفس القسم يميل العملاء لضمّها — فرصة بيع تكميلي داخلي.,3
166,فستان سهره انيق - اصدار خاص,16,حقيبه يد جلديه,,category_fallback,Substitute,0.000435,0.0488,6.2364,0.4,شركاء مقترحون بناءً على الشراء المتكرر داخل نفس القسم.,منتجات من نفس القسم يميل العملاء لضمّها — فرصة بيع تكميلي داخلي.,1
166,فستان سهره انيق - اصدار خاص,63,حذاء رياضي مريح - اصدار خاص,,category_fallback,Substitute,0.000326,0.0366,5.262,0.3,شركاء مقترحون بناءً على الشراء المتكرر داخل نفس القسم.,منتجات من نفس القسم يميل العملاء لضمّها — فرصة بيع تكميلي داخلي.,2
166,فستان سهره انيق - اصدار خاص,198,حقيبه يد جلديه - اصدار خاص,,category_fallback,Substitute,0.000326,0.0366,4.1069,0.3,شركاء مقترحون بناءً على الشراء المتكرر داخل نفس القسم.,منتجات من نفس القسم يميل العملاء لضمّها — فرصة بيع تكميلي داخلي.,3
167,حقيبه رياضيه جيم - اصدار خاص,42,لباس رياضي ضاغط,,category_fallback,Substitute,0.000869,0.0842,0.6971,0.8,شركاء مقترحون بناءً على الشراء المتكرر داخل نفس القسم.,منتجات من نفس القسم يميل العملاء لضمّها — فرصة بيع تكميلي داخلي.,1
167,حقيبه رياضيه جيم - اصدار خاص,48,حقيبه رياضيه جيم,,category_fallback,Substitute,0.000869,0.0842,0.6903,0.8,شركاء مقترحون بناءً على الشراء المتكرر داخل نفس القسم.,منتجات من نفس القسم يميل العملاء لضمّها — فرصة بيع تكميلي داخلي.,2
167,حقيبه رياضيه جيم - اصدار خاص,46,حصيره يوغا مضاده للانزلاق,,category_fallback,Substitute,0.000652,0.0632,0.6921,0.6,شركاء مقترحون بناءً على الشراء المتكرر داخل نفس القسم.,منتجات من نفس القسم يميل العملاء لضمّها — فرصة بيع تكميلي داخلي.,3
168,مجموعه سكاكين مطبخ - اصدار خاص,21,مكيف هواء انفيرتر 18000,,category_fallback,Substitute,0.001086,0.0676,3.8157,1.0,شركاء مقترحون بناءً على الشراء المتكرر داخل نفس القسم.,منتجات من نفس القسم يميل العملاء لضمّها — فرصة بيع تكميلي داخلي.,1
168,مجموعه سكاكين مطبخ - اصدار خاص,176,فرن كهربايي 60 لتر - اصدار خاص,,category_fallback,Substitute,0.000978,0.0608,3.834,0.9,شركاء مقترحون بناءً على الشراء المتكرر داخل نفس القسم.,منتجات من نفس القسم يميل العملاء لضمّها — فرصة بيع تكميلي داخلي.,2
168,مجموعه سكاكين مطبخ - اصدار خاص,178,مكيف هواء انفيرتر 18000 - اصدار خاص,,category_fallback,Substitute,0.00076,0.0473,3.249,0.7,شركاء مقترحون بناءً على الشراء المتكرر داخل نفس القسم.,منتجات من نفس القسم يميل العملاء لضمّها — فرصة بيع تكميلي داخلي.,3
168,مجموعه سكاكين مطبخ - اصدار خاص,153,فرن كهربايي 60 لتر - اصدار خاص,,category_fallback,Substitute,0.00076,0.0787,4.8918,0.7,شركاء مقترحون بناءً على الشراء المتكرر داخل نفس القسم.,منتجات من نفس القسم يميل العملاء لضمّها — فرصة بيع تكميلي داخلي.,4
168,مجموعه سكاكين مطبخ - اصدار خاص,128,مكواه بخاريه احترافيه - اصدار خاص,,category_fallback,Substitute,0.00076,0.0833,5.183,0.7,شركاء مقترحون بناءً على الشراء المتكرر داخل نفس القسم.,منتجات من نفس القسم يميل العملاء لضمّها — فرصة بيع تكميلي داخلي.,5
169,فستان سهره انيق - اصدار خاص,164,حقيبه يد جلديه - اصدار خاص,,category_fallback,Substitute,0.000543,0.0521,2.8881,0.5,شركاء مقترحون بناءً على الشراء المتكرر داخل نفس القسم.,منتجات من نفس القسم يميل العملاء لضمّها — فرصة بيع تكميلي داخلي.,1
169,فستان سهره انيق - اصدار خاص,158,فستان سهره انيق - اصدار خاص,,category_fallback,Substitute,0.000435,0.0417,2.7202,0.4,شركاء مقترحون بناءً على الشراء المتكرر داخل نفس القسم.,منتجات من نفس القسم يميل العملاء لضمّها — فرصة بيع تكميلي داخلي.,2
169,فستان سهره انيق - اصدار خاص,180,شال كشمير ناعم - اصدار خاص,,category_fallback,Substitute,0.000326,0.0312,2.0845,0.3,شركاء مقترحون بناءً على الشراء المتكرر داخل نفس القسم.,منتجات من نفس القسم يميل العملاء لضمّها — فرصة بيع تكميلي داخلي.,3
169,فستان سهره انيق - اصدار خاص,129,تيشيرت بولو قطن - اصدار خاص,,category_fallback,Substitute,0.000326,0.0361,3.4657,0.3,شركاء مقترحون بناءً على الشراء المتكرر داخل نفس القسم.,منتجات من نفس القسم يميل العملاء لضمّها — فرصة بيع تكميلي داخلي.,4
169,فستان سهره انيق - اصدار خاص,198,حقيبه يد جلديه - اصدار خاص,,category_fallback,Substitute,0.000217,0.0244,2.3387,0.2,شركاء مقترحون بناءً على الشراء المتكرر داخل نفس القسم.,منتجات من نفس القسم يميل العملاء لضمّها — فرصة بيع تكميلي داخلي.,5
17,شال كشمير ناعم,164,حقيبه يد جلديه - اصدار خاص,,category_fallback,Substitute,0.001195,0.1038,5.7544,1.1,شركاء مقترحون بناءً على الشراء المتكرر داخل نفس القسم.,منتجات من نفس القسم يميل العملاء لضمّها — فرصة بيع تكميلي داخلي.,1
17,شال كشمير ناعم,158,فستان سهره انيق - اصدار خاص,,category_fallback,Substitute,0.000869,0.0755,4.9271,0.8,شركاء مقترحون بناءً على الشراء المتكرر داخل نفس القسم.,منتجات من نفس القسم يميل العملاء لضمّها — فرصة بيع تكميلي داخلي.,2
17,شال كشمير ناعم,18,جاكيت شتوي دافي,,category_fallback,Substitute,0.000543,0.0472,2.6,0.5,شركاء مقترحون بناءً على الشراء المتكرر داخل نفس القسم.,منتجات من نفس القسم يميل العملاء لضمّها — فرصة بيع تكميلي داخلي.,3
17,شال كشمير ناعم,16,حقيبه يد جلديه,,category_fallback,Substitute,0.000435,0.0556,4.8244,0.4,شركاء مقترحون بناءً على الشراء المتكرر داخل نفس القسم.,منتجات من نفس القسم يميل العملاء لضمّها — فرصة بيع تكميلي داخلي.,4
17,شال كشمير ناعم,156,قميص قطني كلاسيكي - اصدار خاص,,category_fallback,Substitute,0.000326,0.038,3.2977,0.3,شركاء مقترحون بناءً على الشراء المتكرر داخل نفس القسم.,منتجات من نفس القسم يميل العملاء لضمّها — فرصة بيع تكميلي داخلي.,5
170,فرن كهربايي 60 لتر - اصدار خاص,21,مكيف هواء انفيرتر 18000,,category_fallback,Substitute,0.00076,0.0778,4.3923,0.7,شركاء مقترحون بناءً على الشراء المتكرر داخل نفس القسم.,منتجات من نفس القسم يميل العملاء لضمّها — فرصة بيع تكميلي داخلي.,1
170,فرن كهربايي 60 لتر - اصدار خاص,128,مكواه بخاريه احترافيه - اصدار خاص,,category_fallback,Substitute,0.000652,0.0667,7.3056,0.6,شركاء مقترحون بناءً على الشراء المتكرر داخل نفس القسم.,منتجات من نفس القسم يميل العملاء لضمّها — فرصة بيع تكميلي داخلي.,2
170,فرن كهربايي 60 لتر - اصدار خاص,136,فرن كهربايي 60 لتر - اصدار خاص,,category_fallback,Substitute,0.000435,0.0444,4.2616,0.4,شركاء مقترحون بناءً على الشراء المتكرر داخل نفس القسم.,منتجات من نفس القسم يميل العملاء لضمّها — فرصة بيع تكميلي داخلي.,3
171,موسوعه التاريخ الاسلامي - اصدار خاص,150,اطلس العالم المصور - اصدار خاص,,category_fallback,Substitute,0.000652,0.0667,3.7881,0.6,شركاء مقترحون بناءً على الشراء المتكرر داخل نفس القسم.,منتجات من نفس القسم يميل العملاء لضمّها — فرصة بيع تكميلي داخلي.,1
171,موسوعه التاريخ الاسلامي - اصدار خاص,51,كتاب تعلم البرمجه بالعربيه,,category_fallback,Substitute,0.000652,0.0667,0.6714,0.6,شركاء مقترحون بناءً على الشراء المتكرر داخل نفس القسم.,منتجات من نفس القسم يميل العملاء لضمّها — فرصة بيع تكميلي داخلي.,2
171,موسوعه التاريخ الاسلامي - اصدار خاص,56,دوره برمجه اكاديميه USB,,category_fallback,Substitute,0.000652,0.0667,0.9604,0.6,شركاء مقترحون بناءً على الشراء المتكرر داخل نفس القسم.,منتجات من نفس القسم يميل العملاء لضمّها — فرصة بيع تكميلي داخلي.,3
171,موسوعه التاريخ الاسلامي - اصدار خاص,60,اطلس العالم المصور,,category_fallback,Substitute,0.000326,0.04,4.0911,0.3,شركاء مقترحون بناءً على الشراء المتكرر داخل نفس القسم.,منتجات من نفس القسم يميل العملاء لضمّها — فرصة بيع تكميلي داخلي.,4
172,كتاب رياده الاعمال والنجاح - اصدار خاص,53,كتاب رياده الاعمال والنجاح,,category_fallback,Substitute,0.001304,0.0833,1.1874,1.2,شركاء مقترحون بناءً على الشراء المتكرر داخل نفس القسم.,منتجات من نفس القسم يميل العملاء لضمّها — فرصة بيع تكميلي داخلي.,1
172,كتاب رياده الاعمال والنجاح - اصدار خاص,51,كتاب تعلم البرمجه بالعربيه,,category_fallback,Substitute,0.001195,0.0764,0.7693,1.1,شركاء مقترحون بناءً على الشراء المتكرر داخل نفس القسم.,منتجات من نفس القسم يميل العملاء لضمّها — فرصة بيع تكميلي داخلي.,2
172,كتاب رياده الاعمال والنجاح - اصدار خاص,92,موسوعه التاريخ الاسلامي - اصدار خاص,,category_fallback,Substitute,0.000978,0.0625,5.8705,0.9,شركاء مقترحون بناءً على الشراء المتكرر داخل نفس القسم.,منتجات من نفس القسم يميل العملاء لضمّها — فرصة بيع تكميلي داخلي.,3
172,كتاب رياده الاعمال والنجاح - اصدار خاص,186,كتاب الطبخ العربي التقليدي - اصدار خاص,,category_fallback,Substitute,0.000869,0.0784,5.0136,0.8,شركاء مقترحون بناءً على الشراء المتكرر داخل نفس القسم.,منتجات من نفس القسم يميل العملاء لضمّها — فرصة بيع تكميلي داخلي.,4
172,كتاب رياده الاعمال والنجاح - اصدار خاص,145,قاموس عربي انجليزي شامل - اصدار خاص,,category_fallback,Substitute,0.00076,0.0673,4.3026,0.7,شركاء مقترحون بناءً على الشراء المتكرر داخل نفس القسم.,منتجات من نفس القسم يميل العملاء لضمّها — فرصة بيع تكميلي داخلي.,5
173,حذاء جري احترافي - اصدار خاص,48,حقيبه رياضيه جيم,,category_fallback,Substitute,0.000978,0.1475,1.2094,0.9,شركاء مقترحون بناءً على الشراء المتكرر داخل نفس القسم.,منتجات من نفس القسم يميل العملاء لضمّها — فرصة بيع تكميلي داخلي.,1
173,حذاء جري احترافي - اصدار خاص,42,لباس رياضي ضاغط,,category_fallback,Substitute,0.00076,0.1148,0.9499,0.7,شركاء مقترحون بناءً على الشراء المتكرر داخل نفس القسم.,منتجات من نفس القسم يميل العملاء لضمّها — فرصة بيع تكميلي داخلي.,2
173,حذاء جري احترافي - اصدار خاص,47,اوزان حديد طقم 20 كيلو,,category_fallback,Substitute,0.000652,0.0984,1.1563,0.6,شركاء مقترحون بناءً على الشراء المتكرر داخل نفس القسم.,منتجات من نفس القسم يميل العملاء لضمّها — فرصة بيع تكميلي داخلي.,3
174,تابلت 10 انش - اصدار خاص,3,سماعات لاسلكيه,,category_fallback,Substitute,0.00076,0.0946,0.7887,0.7,شركاء مقترحون بناءً على الشراء المتكرر داخل نفس القسم.,منتجات من نفس القسم يميل العملاء لضمّها — فرصة بيع تكميلي داخلي.,1
174,تابلت 10 انش - اصدار خاص,10,شاحن لاسلكي سريع,,category_fallback,Substitute,0.000652,0.0811,1.2672,0.6,شركاء مقترحون بناءً على الشراء المتكرر داخل نفس القسم.,منتجات من نفس القسم يميل العملاء لضمّها — فرصة بيع تكميلي داخلي.,2
174,تابلت 10 انش - اصدار خاص,1,هاتف ذكي برو ماكس,,category_fallback,Substitute,0.000652,0.0811,0.9237,0.6,شركاء مقترحون بناءً على الشراء المتكرر داخل نفس القسم.,منتجات من نفس القسم يميل العملاء لضمّها — فرصة بيع تكميلي داخلي.,3
175,مجموعه كتب الطفل التعليميه - اصدار خاص,193,مجموعه كتب الطفل التعليميه - اصدار خاص,,category_fallback,Substitute,0.001521,0.0897,5.6972,1.4,شركاء مقترحون بناءً على الشراء المتكرر داخل نفس القسم.,منتجات من نفس القسم يميل العملاء لضمّها — فرصة بيع تكميلي داخلي.,1
175,مجموعه كتب الطفل التعليميه - اصدار خاص,51,كتاب تعلم البرمجه بالعربيه,,category_fallback,Substitute,0.001086,0.0641,0.6456,1.0,شركاء مقترحون بناءً على الشراء المتكرر داخل نفس القسم.,منتجات من نفس القسم يميل العملاء لضمّها — فرصة بيع تكميلي داخلي.,2
175,مجموعه كتب الطفل التعليميه - اصدار خاص,53,كتاب رياده الاعمال والنجاح,,category_fallback,Substitute,0.000978,0.0577,0.8221,0.9,شركاء مقترحون بناءً على الشراء المتكرر داخل نفس القسم.,منتجات من نفس القسم يميل العملاء لضمّها — فرصة بيع تكميلي داخلي.,3
175,مجموعه كتب الطفل التعليميه - اصدار خاص,113,كتاب تعلم البرمجه بالعربيه - اصدار خاص,,category_fallback,Substitute,0.000652,0.0619,3.6499,0.6,شركاء مقترحون بناءً على الشراء المتكرر داخل نفس القسم.,منتجات من نفس القسم يميل العملاء لضمّها — فرصة بيع تكميلي داخلي.,4
175,مجموعه كتب الطفل التعليميه - اصدار خاص,163,دوره برمجه اكاديميه USB - اصدار خاص,,category_fallback,Substitute,0.000326,0.0508,3.0003,0.3,شركاء مقترحون بناءً على الشراء المتكرر داخل نفس القسم.,منتجات من نفس القسم يميل العملاء لضمّها — فرصة بيع تكميلي داخلي.,5
176,فرن كهربايي 60 لتر - اصدار خاص,21,مكيف هواء انفيرتر 18000,,category_fallback,Substitute,0.001195,0.0753,4.2548,1.1,شركاء مقترحون بناءً على الشراء المتكرر داخل نفس القسم.,منتجات من نفس القسم يميل العملاء لضمّها — فرصة بيع تكميلي داخلي.,1
176,فرن كهربايي 60 لتر - اصدار خاص,135,طقم اواني طهي غرانيت - اصدار خاص,,category_fallback,Substitute,0.001086,0.0685,5.0038,1.0,شركاء مقترحون بناءً على الشراء المتكرر داخل نفس القسم.,منتجات من نفس القسم يميل العملاء لضمّها — فرصة بيع تكميلي داخلي.,2
176,فرن كهربايي 60 لتر - اصدار خاص,91,فرن كهربايي 60 لتر - اصدار خاص,,category_fallback,Substitute,0.000978,0.0616,3.7087,0.9,شركاء مقترحون بناءً على الشراء المتكرر داخل نفس القسم.,منتجات من نفس القسم يميل العملاء لضمّها — فرصة بيع تكميلي داخلي.,3
176,فرن كهربايي 60 لتر - اصدار خاص,178,مكيف هواء انفيرتر 18000 - اصدار خاص,,category_fallback,Substitute,0.000978,0.0672,4.2346,0.9,شركاء مقترحون بناءً على الشراء المتكرر داخل نفس القسم.,منتجات من نفس القسم يميل العملاء لضمّها — فرصة بيع تكميلي داخلي.,4
176,فرن كهربايي 60 لتر - اصدار خاص,168,مجموعه سكاكين مطبخ - اصدار خاص,,category_fallback,Substitute,0.000978,0.0608,3.834,0.9,شركاء مقترحون بناءً على الشراء المتكرر داخل نفس القسم.,منتجات من نفس القسم يميل العملاء لضمّها — فرصة بيع تكميلي داخلي.,5
177,لابتوب الترا سليم - اصدار خاص,4,ساعه ذكيه سبورت,,category_fallback,Substitute,0.000543,0.0769,1.1841,0.5,شركاء مقترحون بناءً على الشراء المتكرر داخل نفس القسم.,منتجات من نفس القسم يميل العملاء لضمّها — فرصة بيع تكميلي داخلي.,1
177,لابتوب الترا سليم - اصدار خاص,3,سماعات لاسلكيه,,category_fallback,Substitute,0.000543,0.0769,0.6414,0.5,شركاء مقترحون بناءً على الشراء المتكرر داخل نفس القسم.,منتجات من نفس القسم يميل العملاء لضمّها — فرصة بيع تكميلي داخلي.,2
177,لابتوب الترا سليم - اصدار خاص,2,لابتوب الترا سليم,,category_fallback,Substitute,0.000543,0.0769,0.8818,0.5,شركاء مقترحون بناءً على الشراء المتكرر داخل نفس القسم.,منتجات من نفس القسم يميل العملاء لضمّها — فرصة بيع تكميلي داخلي.,3
178,مكيف هواء انفيرتر 18000 - اصدار خاص,24,مكنسه كهرباييه لاسلكيه,,category_fallback,Substitute,0.001086,0.0746,8.8069,1.0,شركاء مقترحون بناءً على الشراء المتكرر داخل نفس القسم.,منتجات من نفس القسم يميل العملاء لضمّها — فرصة بيع تكميلي داخلي.,1
178,مكيف هواء انفيرتر 18000 - اصدار خاص,176,فرن كهربايي 60 لتر - اصدار خاص,,category_fallback,Substitute,0.000978,0.0672,4.2346,0.9,شركاء مقترحون بناءً على الشراء المتكرر داخل نفس القسم.,منتجات من نفس القسم يميل العملاء لضمّها — فرصة بيع تكميلي داخلي.,2
178,مكيف هواء انفيرتر 18000 - اصدار خاص,21,مكيف هواء انفيرتر 18000,,category_fallback,Substitute,0.000978,0.0672,3.7929,0.9,شركاء مقترحون بناءً على الشراء المتكرر داخل نفس القسم.,منتجات من نفس القسم يميل العملاء لضمّها — فرصة بيع تكميلي داخلي.,3
178,مكيف هواء انفيرتر 18000 - اصدار خاص,168,مجموعه سكاكين مطبخ - اصدار خاص,,category_fallback,Substitute,0.00076,0.0473,3.249,0.7,شركاء مقترحون بناءً على الشراء المتكرر داخل نفس القسم.,منتجات من نفس القسم يميل العملاء لضمّها — فرصة بيع تكميلي داخلي.,4
178,مكيف هواء انفيرتر 18000 - اصدار خاص,153,فرن كهربايي 60 لتر - اصدار خاص,,category_fallback,Substitute,0.000543,0.0562,3.8592,0.5,شركاء مقترحون بناءً على الشراء المتكرر داخل نفس القسم.,منتجات من نفس القسم يميل العملاء لضمّها — فرصة بيع تكميلي داخلي.,5
179,مجموعه عنايه بالشعر - اصدار خاص,31,كريم مرطب SPF 50,,category_fallback,Substitute,0.000543,0.0658,0.9736,0.5,شركاء مقترحون بناءً على الشراء المتكرر داخل نفس القسم.,منتجات من نفس القسم يميل العملاء لضمّها — فرصة بيع تكميلي داخلي.,1
179,مجموعه عنايه بالشعر - اصدار خاص,38,زيت ارغان طبيعي,,category_fallback,Substitute,0.000543,0.0658,0.9492,0.5,شركاء مقترحون بناءً على الشراء المتكرر داخل نفس القسم.,منتجات من نفس القسم يميل العملاء لضمّها — فرصة بيع تكميلي داخلي.,2
179,مجموعه عنايه بالشعر - اصدار خاص,32,سيروم فيتامين سي,,category_fallback,Substitute,0.000543,0.0658,0.7314,0.5,شركاء مقترحون بناءً على الشراء المتكرر داخل نفس القسم.,منتجات من نفس القسم يميل العملاء لضمّها — فرصة بيع تكميلي داخلي.,3
18,جاكيت شتوي دافي,158,فستان سهره انيق - اصدار خاص,,category_fallback,Substitute,0.001086,0.0599,3.9092,1.0,شركاء مقترحون بناءً على الشراء المتكرر داخل نفس القسم.,منتجات من نفس القسم يميل العملاء لضمّها — فرصة بيع تكميلي داخلي.,1
18,جاكيت شتوي دافي,180,شال كشمير ناعم - اصدار خاص,,category_fallback,Substitute,0.00076,0.0419,2.7959,0.7,شركاء مقترحون بناءً على الشراء المتكرر داخل نفس القسم.,منتجات من نفس القسم يميل العملاء لضمّها — فرصة بيع تكميلي داخلي.,2
18,جاكيت شتوي دافي,14,عباءه مطرزه فاخره,,category_fallback,Substitute,0.00076,0.0419,5.2855,0.7,شركاء مقترحون بناءً على الشراء المتكرر داخل نفس القسم.,منتجات من نفس القسم يميل العملاء لضمّها — فرصة بيع تكميلي داخلي.,3
18,جاكيت شتوي دافي,156,قميص قطني كلاسيكي - اصدار خاص,,category_fallback,Substitute,0.000652,0.0759,4.1863,0.6,شركاء مقترحون بناءً على الشراء المتكرر داخل نفس القسم.,منتجات من نفس القسم يميل العملاء لضمّها — فرصة بيع تكميلي داخلي.,4
18,جاكيت شتوي دافي,17,شال كشمير ناعم,,category_fallback,Substitute,0.000543,0.0472,2.6,0.5,شركاء مقترحون بناءً على الشراء المتكرر داخل نفس القسم.,منتجات من نفس القسم يميل العملاء لضمّها — فرصة بيع تكميلي داخلي.,5
180,شال كشمير ناعم - اصدار خاص,158,فستان سهره انيق - اصدار خاص,,category_fallback,Substitute,0.001086,0.0725,4.7307,1.0,شركاء مقترحون بناءً على الشراء المتكرر داخل نفس القسم.,منتجات من نفس القسم يميل العملاء لضمّها — فرصة بيع تكميلي داخلي.,1
180,شال كشمير ناعم - اصدار خاص,164,حقيبه يد جلديه - اصدار خاص,,category_fallback,Substitute,0.000978,0.0652,3.6164,0.9,شركاء مقترحون بناءً على الشراء المتكرر داخل نفس القسم.,منتجات من نفس القسم يميل العملاء لضمّها — فرصة بيع تكميلي داخلي.,2
180,شال كشمير ناعم - اصدار خاص,18,جاكيت شتوي دافي,,category_fallback,Substitute,0.00076,0.0507,2.7959,0.7,شركاء مقترحون بناءً على الشراء المتكرر داخل نفس القسم.,منتجات من نفس القسم يميل العملاء لضمّها — فرصة بيع تكميلي داخلي.,3
180,شال كشمير ناعم - اصدار خاص,155,حذاء رياضي مريح - اصدار خاص,,category_fallback,Substitute,0.000652,0.0714,4.7645,0.6,شركاء مقترحون بناءً على الشراء المتكرر داخل نفس القسم.,منتجات من نفس القسم يميل العملاء لضمّها — فرصة بيع تكميلي داخلي.,4
180,شال كشمير ناعم - اصدار خاص,20,حذاء رسمي جلد,,category_fallback,Substitute,0.000435,0.0465,3.1025,0.4,شركاء مقترحون بناءً على الشراء المتكرر داخل نفس القسم.,منتجات من نفس القسم يميل العملاء لضمّها — فرصة بيع تكميلي داخلي.,5
181,عطر رجالي عودي - اصدار خاص,34,طقم مكياج احترافي,,category_fallback,Substitute,0.000869,0.086,0.8897,0.8,شركاء مقترحون بناءً على الشراء المتكرر داخل نفس القسم.,منتجات من نفس القسم يميل العملاء لضمّها — فرصة بيع تكميلي داخلي.,1
181,عطر رجالي عودي - اصدار خاص,33,مجموعه عنايه بالشعر,,category_fallback,Substitute,0.000869,0.086,1.2353,0.8,شركاء مقترحون بناءً على الشراء المتكرر داخل نفس القسم.,منتجات من نفس القسم يميل العملاء لضمّها — فرصة بيع تكميلي داخلي.,2
181,عطر رجالي عودي - اصدار خاص,38,زيت ارغان طبيعي,,category_fallback,Substitute,0.000652,0.0645,0.9308,0.6,شركاء مقترحون بناءً على الشراء المتكرر داخل نفس القسم.,منتجات من نفس القسم يميل العملاء لضمّها — فرصة بيع تكميلي داخلي.,3
182,سيروم فيتامين سي - اصدار خاص,33,مجموعه عنايه بالشعر,,category_fallback,Substitute,0.000652,0.0811,1.1644,0.6,شركاء مقترحون بناءً على الشراء المتكرر داخل نفس القسم.,منتجات من نفس القسم يميل العملاء لضمّها — فرصة بيع تكميلي داخلي.,1
182,سيروم فيتامين سي - اصدار خاص,37,غسول وجه للبشره الحساسه,,category_fallback,Substitute,0.000543,0.0676,0.951,0.5,شركاء مقترحون بناءً على الشراء المتكرر داخل نفس القسم.,منتجات من نفس القسم يميل العملاء لضمّها — فرصة بيع تكميلي داخلي.,2
182,سيروم فيتامين سي - اصدار خاص,34,طقم مكياج احترافي,,category_fallback,Substitute,0.000543,0.0676,0.6988,0.5,شركاء مقترحون بناءً على الشراء المتكرر داخل نفس القسم.,منتجات من نفس القسم يميل العملاء لضمّها — فرصة بيع تكميلي داخلي.,3
183,كريم مرطب SPF 50 - اصدار خاص,87,طقم مكياج احترافي - اصدار خاص,,category_fallback,Substitute,0.001086,0.0667,3.7881,1.0,شركاء مقترحون بناءً على الشراء المتكرر داخل نفس القسم.,منتجات من نفس القسم يميل العملاء لضمّها — فرصة بيع تكميلي داخلي.,1
183,كريم مرطب SPF 50 - اصدار خاص,34,طقم مكياج احترافي,,category_fallback,Substitute,0.000869,0.0533,0.5516,0.8,شركاء مقترحون بناءً على الشراء المتكرر داخل نفس القسم.,منتجات من نفس القسم يميل العملاء لضمّها — فرصة بيع تكميلي داخلي.,2
183,كريم مرطب SPF 50 - اصدار خاص,39,قناع وجه كولاجين,,category_fallback,Substitute,0.00076,0.0467,0.665,0.7,شركاء مقترحون بناءً على الشراء المتكرر داخل نفس القسم.,منتجات من نفس القسم يميل العملاء لضمّها — فرصة بيع تكميلي داخلي.,3
184,حذاء رسمي جلد - اصدار خاص,18,جاكيت شتوي دافي,,category_fallback,Substitute,0.000543,0.0694,3.8278,0.5,شركاء مقترحون بناءً على الشراء المتكرر داخل نفس القسم.,منتجات من نفس القسم يميل العملاء لضمّها — فرصة بيع تكميلي داخلي.,1
184,حذاء رسمي جلد - اصدار خاص,164,حقيبه يد جلديه - اصدار خاص,,category_fallback,Substitute,0.000326,0.0417,2.3105,0.3,شركاء مقترحون بناءً على الشراء المتكرر داخل نفس القسم.,منتجات من نفس القسم يميل العملاء لضمّها — فرصة بيع تكميلي داخلي.,2
184,حذاء رسمي جلد - اصدار خاص,93,شال كشمير ناعم - اصدار خاص,,category_fallback,Substitute,0.000217,0.0278,3.6013,0.2,شركاء مقترحون بناءً على الشراء المتكرر داخل نفس القسم.,منتجات من نفس القسم يميل العملاء لضمّها — فرصة بيع تكميلي داخلي.,3
185,سماعات لاسلكيه - اصدار خاص,141,ساعه ذكيه سبورت - اصدار خاص,,category_fallback,Substitute,0.000869,0.0635,3.6758,0.8,شركاء مقترحون بناءً على الشراء المتكرر داخل نفس القسم.,منتجات من نفس القسم يميل العملاء لضمّها — فرصة بيع تكميلي داخلي.,1
185,سماعات لاسلكيه - اصدار خاص,126,شاحن لاسلكي سريع - اصدار خاص,,category_fallback,Substitute,0.000869,0.0635,3.8199,0.8,شركاء مقترحون بناءً على الشراء المتكرر داخل نفس القسم.,منتجات من نفس القسم يميل العملاء لضمّها — فرصة بيع تكميلي داخلي.,2
185,سماعات لاسلكيه - اصدار خاص,124,كاميرا ميرورليس - اصدار خاص,,category_fallback,Substitute,0.00076,0.0556,3.4788,0.7,شركاء مقترحون بناءً على الشراء المتكرر داخل نفس القسم.,منتجات من نفس القسم يميل العملاء لضمّها — فرصة بيع تكميلي داخلي.,3
186,كتاب الطبخ العربي التقليدي - اصدار خاص,53,كتاب رياده الاعمال والنجاح,,category_fallback,Substitute,0.000869,0.0784,1.1176,0.8,شركاء مقترحون بناءً على الشراء المتكرر داخل نفس القسم.,منتجات من نفس القسم يميل العملاء لضمّها — فرصة بيع تكميلي داخلي.,1
186,كتاب الطبخ العربي التقليدي - اصدار خاص,172,كتاب رياده الاعمال والنجاح - اصدار خاص,,category_fallback,Substitute,0.000869,0.0784,5.0136,0.8,شركاء مقترحون بناءً على الشراء المتكرر داخل نفس القسم.,منتجات من نفس القسم يميل العملاء لضمّها — فرصة بيع تكميلي داخلي.,2
186,كتاب الطبخ العربي التقليدي - اصدار خاص,51,كتاب تعلم البرمجه بالعربيه,,category_fallback,Substitute,0.000869,0.0784,0.7899,0.8,شركاء مقترحون بناءً على الشراء المتكرر داخل نفس القسم.,منتجات من نفس القسم يميل العملاء لضمّها — فرصة بيع تكميلي داخلي.,3
187,عطر رجالي عودي - اصدار خاص,39,قناع وجه كولاجين,,category_fallback,Substitute,0.000652,0.0968,1.379,0.6,شركاء مقترحون بناءً على الشراء المتكرر داخل نفس القسم.,منتجات من نفس القسم يميل العملاء لضمّها — فرصة بيع تكميلي داخلي.,1
187,عطر رجالي عودي - اصدار خاص,37,غسول وجه للبشره الحساسه,,category_fallback,Substitute,0.000543,0.0806,1.1351,0.5,شركاء مقترحون بناءً على الشراء المتكرر داخل نفس القسم.,منتجات من نفس القسم يميل العملاء لضمّها — فرصة بيع تكميلي داخلي.,2
187,عطر رجالي عودي - اصدار خاص,32,سيروم فيتامين سي,,category_fallback,Substitute,0.000543,0.0806,0.8965,0.5,شركاء مقترحون بناءً على الشراء المتكرر داخل نفس القسم.,منتجات من نفس القسم يميل العملاء لضمّها — فرصة بيع تكميلي داخلي.,3
188,جهاز مشي كهربايي - اصدار خاص,42,لباس رياضي ضاغط,,category_fallback,Substitute,0.000978,0.0909,0.7525,0.9,شركاء مقترحون بناءً على الشراء المتكرر داخل نفس القسم.,منتجات من نفس القسم يميل العملاء لضمّها — فرصة بيع تكميلي داخلي.,1
188,جهاز مشي كهربايي - اصدار خاص,48,حقيبه رياضيه جيم,,category_fallback,Substitute,0.000869,0.0808,0.6624,0.8,شركاء مقترحون بناءً على الشراء المتكرر داخل نفس القسم.,منتجات من نفس القسم يميل العملاء لضمّها — فرصة بيع تكميلي داخلي.,2
188,جهاز مشي كهربايي - اصدار خاص,46,حصيره يوغا مضاده للانزلاق,,category_fallback,Substitute,0.000652,0.0606,0.6641,0.6,شركاء مقترحون بناءً على الشراء المتكرر داخل نفس القسم.,منتجات من نفس القسم يميل العملاء لضمّها — فرصة بيع تكميلي داخلي.,3
189,مزيل عرق رول اون - اصدار خاص,32,سيروم فيتامين سي,,category_fallback,Substitute,0.000978,0.0647,0.7198,0.9,شركاء مقترحون بناءً على الشراء المتكرر داخل نفس القسم.,منتجات من نفس القسم يميل العملاء لضمّها — فرصة بيع تكميلي داخلي.,1
189,مزيل عرق رول اون - اصدار خاص,37,غسول وجه للبشره الحساسه,,category_fallback,Substitute,0.000978,0.0647,0.9113,0.9,شركاء مقترحون بناءً على الشراء المتكرر داخل نفس القسم.,منتجات من نفس القسم يميل العملاء لضمّها — فرصة بيع تكميلي داخلي.,2
189,مزيل عرق رول اون - اصدار خاص,64,عطر رجالي عودي - اصدار خاص,,category_fallback,Substitute,0.000869,0.0576,3.5796,0.8,شركاء مقترحون بناءً على الشراء المتكرر داخل نفس القسم.,منتجات من نفس القسم يميل العملاء لضمّها — فرصة بيع تكميلي داخلي.,3
19,تيشيرت بولو قطن,164,حقيبه يد جلديه - اصدار خاص,,category_fallback,Substitute,0.000326,0.028,1.5547,0.3,شركاء مقترحون بناءً على الشراء المتكرر داخل نفس القسم.,منتجات من نفس القسم يميل العملاء لضمّها — فرصة بيع تكميلي داخلي.,1
19,تيشيرت بولو قطن,73,فستان سهره انيق - اصدار خاص,,category_fallback,Substitute,0.000326,0.028,2.8998,0.3,شركاء مقترحون بناءً على الشراء المتكرر داخل نفس القسم.,منتجات من نفس القسم يميل العملاء لضمّها — فرصة بيع تكميلي داخلي.,2
19,تيشيرت بولو قطن,18,جاكيت شتوي دافي,,category_fallback,Substitute,0.000326,0.028,1.5454,0.3,شركاء مقترحون بناءً على الشراء المتكرر داخل نفس القسم.,منتجات من نفس القسم يميل العملاء لضمّها — فرصة بيع تكميلي داخلي.,3
19,تيشيرت بولو قطن,13,بنطلون جينز سليم فيت,,category_fallback,Substitute,0.000326,0.0375,3.2261,0.3,شركاء مقترحون بناءً على الشراء المتكرر داخل نفس القسم.,منتجات من نفس القسم يميل العملاء لضمّها — فرصة بيع تكميلي داخلي.,4
190,حذاء رسمي جلد - اصدار خاص,164,حقيبه يد جلديه - اصدار خاص,,category_fallback,Substitute,0.000326,0.0375,2.0794,0.3,شركاء مقترحون بناءً على الشراء المتكرر داخل نفس القسم.,منتجات من نفس القسم يميل العملاء لضمّها — فرصة بيع تكميلي داخلي.,1
190,حذاء رسمي جلد - اصدار خاص,15,حذاء رياضي مريح,,category_fallback,Substitute,0.000326,0.0375,5.5675,0.3,شركاء مقترحون بناءً على الشراء المتكرر داخل نفس القسم.,منتجات من نفس القسم يميل العملاء لضمّها — فرصة بيع تكميلي داخلي.,2
190,حذاء رسمي جلد - اصدار خاص,73,فستان سهره انيق - اصدار خاص,,category_fallback,Substitute,0.000217,0.025,2.5857,0.2,شركاء مقترحون بناءً على الشراء المتكرر داخل نفس القسم.,منتجات من نفس القسم يميل العملاء لضمّها — فرصة بيع تكميلي داخلي.,3
191,غساله اوتوماتيك 8 كيلو - اصدار خاص,29,مجموعه سكاكين مطبخ,,category_fallback,Substitute,0.000543,0.0581,0.973,0.5,شركاء مقترحون بناءً على الشراء المتكرر داخل نفس القسم.,منتجات من نفس القسم يميل العملاء لضمّها — فرصة بيع تكميلي داخلي.,1
191,غساله اوتوماتيك 8 كيلو - اصدار خاص,195,فرن كهربايي 60 لتر - اصدار خاص,,category_fallback,Substitute,0.000543,0.0581,5.9464,0.5,شركاء مقترحون بناءً على الشراء المتكرر داخل نفس القسم.,منتجات من نفس القسم يميل العملاء لضمّها — فرصة بيع تكميلي داخلي.,2
191,غساله اوتوماتيك 8 كيلو - اصدار خاص,28,خلاط كهربايي متعدد الوظايف,,category_fallback,Substitute,0.000435,0.0465,0.7728,0.4,شركاء مقترحون بناءً على الشراء المتكرر داخل نفس القسم.,منتجات من نفس القسم يميل العملاء لضمّها — فرصة بيع تكميلي داخلي.,3
192,مجموعه كتب الطفل التعليميه - اصدار خاص,51,كتاب تعلم البرمجه بالعربيه,,category_fallback,Substitute,0.000978,0.1034,1.0418,0.9,شركاء مقترحون بناءً على الشراء المتكرر داخل نفس القسم.,منتجات من نفس القسم يميل العملاء لضمّها — فرصة بيع تكميلي داخلي.,1
192,مجموعه كتب الطفل التعليميه - اصدار خاص,53,كتاب رياده الاعمال والنجاح,,category_fallback,Substitute,0.000869,0.092,1.3103,0.8,شركاء مقترحون بناءً على الشراء المتكرر داخل نفس القسم.,منتجات من نفس القسم يميل العملاء لضمّها — فرصة بيع تكميلي داخلي.,2
192,مجموعه كتب الطفل التعليميه - اصدار خاص,54,قاموس عربي انجليزي شامل,,category_fallback,Substitute,0.00076,0.0805,1.2202,0.7,شركاء مقترحون بناءً على الشراء المتكرر داخل نفس القسم.,منتجات من نفس القسم يميل العملاء لضمّها — فرصة بيع تكميلي داخلي.,3
193,مجموعه كتب الطفل التعليميه - اصدار خاص,175,مجموعه كتب الطفل التعليميه - اصدار خاص,,category_fallback,Substitute,0.001521,0.0966,5.6972,1.4,شركاء مقترحون بناءً على الشراء المتكرر داخل نفس القسم.,منتجات من نفس القسم يميل العملاء لضمّها — فرصة بيع تكميلي داخلي.,1
193,مجموعه كتب الطفل التعليميه - اصدار خاص,51,كتاب تعلم البرمجه بالعربيه,,category_fallback,Substitute,0.000978,0.0621,0.6251,0.9,شركاء مقترحون بناءً على الشراء المتكرر داخل نفس القسم.,منتجات من نفس القسم يميل العملاء لضمّها — فرصة بيع تكميلي داخلي.,2
193,مجموعه كتب الطفل التعليميه - اصدار خاص,74,كتاب الطبخ العربي التقليدي - اصدار خاص,,category_fallback,Substitute,0.000869,0.0552,3.2765,0.8,شركاء مقترحون بناءً على الشراء المتكرر داخل نفس القسم.,منتجات من نفس القسم يميل العملاء لضمّها — فرصة بيع تكميلي داخلي.,3
193,مجموعه كتب الطفل التعليميه - اصدار خاص,113,كتاب تعلم البرمجه بالعربيه - اصدار خاص,,category_fallback,Substitute,0.000543,0.0515,3.2723,0.5,شركاء مقترحون بناءً على الشراء المتكرر داخل نفس القسم.,منتجات من نفس القسم يميل العملاء لضمّها — فرصة بيع تكميلي داخلي.,4
194,ساعه ذكيه سبورت - اصدار خاص,3,سماعات لاسلكيه,,category_fallback,Substitute,0.000978,0.0909,0.758,0.9,شركاء مقترحون بناءً على الشراء المتكرر داخل نفس القسم.,منتجات من نفس القسم يميل العملاء لضمّها — فرصة بيع تكميلي داخلي.,1
194,ساعه ذكيه سبورت - اصدار خاص,1,هاتف ذكي برو ماكس,,category_fallback,Substitute,0.000978,0.0909,1.0357,0.9,شركاء مقترحون بناءً على الشراء المتكرر داخل نفس القسم.,منتجات من نفس القسم يميل العملاء لضمّها — فرصة بيع تكميلي داخلي.,2
194,ساعه ذكيه سبورت - اصدار خاص,4,ساعه ذكيه سبورت,,category_fallback,Substitute,0.000869,0.0808,1.2439,0.8,شركاء مقترحون بناءً على الشراء المتكرر داخل نفس القسم.,منتجات من نفس القسم يميل العملاء لضمّها — فرصة بيع تكميلي داخلي.,3
194,ساعه ذكيه سبورت - اصدار خاص,142,مكبر صوت بلوتوث - اصدار خاص,,category_fallback,Substitute,0.000435,0.0476,4.4276,0.4,شركاء مقترحون بناءً على الشراء المتكرر داخل نفس القسم.,منتجات من نفس القسم يميل العملاء لضمّها — فرصة بيع تكميلي داخلي.,4
195,فرن كهربايي 60 لتر - اصدار خاص,168,مجموعه سكاكين مطبخ - اصدار خاص,,category_fallback,Substitute,0.000652,0.0667,4.1464,0.6,شركاء مقترحون بناءً على الشراء المتكرر داخل نفس القسم.,منتجات من نفس القسم يميل العملاء لضمّها — فرصة بيع تكميلي داخلي.,1
195,فرن كهربايي 60 لتر - اصدار خاص,25,ماكينه قهوه اسبريسو,,category_fallback,Substitute,0.000652,0.0667,0.7807,0.6,شركاء مقترحون بناءً على الشراء المتكرر داخل نفس القسم.,منتجات من نفس القسم يميل العملاء لضمّها — فرصة بيع تكميلي داخلي.,2
195,فرن كهربايي 60 لتر - اصدار خاص,29,مجموعه سكاكين مطبخ,,category_fallback,Substitute,0.000543,0.0556,0.9298,0.5,شركاء مقترحون بناءً على الشراء المتكرر داخل نفس القسم.,منتجات من نفس القسم يميل العملاء لضمّها — فرصة بيع تكميلي داخلي.,3
195,فرن كهربايي 60 لتر - اصدار خاص,191,غساله اوتوماتيك 8 كيلو - اصدار خاص,,category_fallback,Substitute,0.000543,0.0581,5.9464,0.5,شركاء مقترحون بناءً على الشراء المتكرر داخل نفس القسم.,منتجات من نفس القسم يميل العملاء لضمّها — فرصة بيع تكميلي داخلي.,4
195,فرن كهربايي 60 لتر - اصدار خاص,61,فرن كهربايي 60 لتر - اصدار خاص,,category_fallback,Substitute,0.000326,0.0469,4.7943,0.3,شركاء مقترحون بناءً على الشراء المتكرر داخل نفس القسم.,منتجات من نفس القسم يميل العملاء لضمّها — فرصة بيع تكميلي داخلي.,5
196,اطلس العالم المصور - اصدار خاص,77,دوره برمجه اكاديميه USB - اصدار خاص,,category_fallback,Substitute,0.000978,0.1059,6.3702,0.9,شركاء مقترحون بناءً على الشراء المتكرر داخل نفس القسم.,منتجات من نفس القسم يميل العملاء لضمّها — فرصة بيع تكميلي داخلي.,1
196,اطلس العالم المصور - اصدار خاص,51,كتاب تعلم البرمجه بالعربيه,,category_fallback,Substitute,0.000652,0.0706,0.7109,0.6,شركاء مقترحون بناءً على الشراء المتكرر داخل نفس القسم.,منتجات من نفس القسم يميل العملاء لضمّها — فرصة بيع تكميلي داخلي.,2
196,اطلس العالم المصور - اصدار خاص,54,قاموس عربي انجليزي شامل,,category_fallback,Substitute,0.000435,0.0471,0.7136,0.4,شركاء مقترحون بناءً على الشراء المتكرر داخل نفس القسم.,منتجات من نفس القسم يميل العملاء لضمّها — فرصة بيع تكميلي داخلي.,3
197,مكيف هواء انفيرتر 18000 - اصدار خاص,21,مكيف هواء انفيرتر 18000,,category_fallback,Substitute,0.000978,0.0592,3.3438,0.9,شركاء مقترحون بناءً على الشراء المتكرر داخل نفس القسم.,منتجات من نفس القسم يميل العملاء لضمّها — فرصة بيع تكميلي داخلي.,1
197,مكيف هواء انفيرتر 18000 - اصدار خاص,91,فرن كهربايي 60 لتر - اصدار خاص,,category_fallback,Substitute,0.000978,0.0592,3.5623,0.9,شركاء مقترحون بناءً على الشراء المتكرر داخل نفس القسم.,منتجات من نفس القسم يميل العملاء لضمّها — فرصة بيع تكميلي داخلي.,2
197,مكيف هواء انفيرتر 18000 - اصدار خاص,29,مجموعه سكاكين مطبخ,,category_fallback,Substitute,0.000869,0.0526,0.8809,0.8,شركاء مقترحون بناءً على الشراء المتكرر داخل نفس القسم.,منتجات من نفس القسم يميل العملاء لضمّها — فرصة بيع تكميلي داخلي.,3
197,مكيف هواء انفيرتر 18000 - اصدار خاص,23,ثلاجه نوفروست 350 لتر,,category_fallback,Substitute,0.000543,0.0549,3.3274,0.5,شركاء مقترحون بناءً على الشراء المتكرر داخل نفس القسم.,منتجات من نفس القسم يميل العملاء لضمّها — فرصة بيع تكميلي داخلي.,4
198,حقيبه يد جلديه - اصدار خاص,166,فستان سهره انيق - اصدار خاص,,category_fallback,Substitute,0.000326,0.0366,4.1069,0.3,شركاء مقترحون بناءً على الشراء المتكرر داخل نفس القسم.,منتجات من نفس القسم يميل العملاء لضمّها — فرصة بيع تكميلي داخلي.,1
198,حقيبه يد جلديه - اصدار خاص,169,فستان سهره انيق - اصدار خاص,,category_fallback,Substitute,0.000217,0.0244,2.3387,0.2,شركاء مقترحون بناءً على الشراء المتكرر داخل نفس القسم.,منتجات من نفس القسم يميل العملاء لضمّها — فرصة بيع تكميلي داخلي.,2
198,حقيبه يد جلديه - اصدار خاص,66,قميص قطني كلاسيكي - اصدار خاص,,category_fallback,Substitute,0.000217,0.0244,3.2073,0.2,شركاء مقترحون بناءً على الشراء المتكرر داخل نفس القسم.,منتجات من نفس القسم يميل العملاء لضمّها — فرصة بيع تكميلي داخلي.,3
199,زيت ارغان طبيعي - اصدار خاص,34,طقم مكياج احترافي,,category_fallback,Substitute,0.000869,0.1013,1.0474,0.8,شركاء مقترحون بناءً على الشراء المتكرر داخل نفس القسم.,منتجات من نفس القسم يميل العملاء لضمّها — فرصة بيع تكميلي داخلي.,1
199,زيت ارغان طبيعي - اصدار خاص,31,كريم مرطب SPF 50,,category_fallback,Substitute,0.00076,0.0886,1.3113,0.7,شركاء مقترحون بناءً على الشراء المتكرر داخل نفس القسم.,منتجات من نفس القسم يميل العملاء لضمّها — فرصة بيع تكميلي داخلي.,2
199,زيت ارغان طبيعي - اصدار خاص,32,سيروم فيتامين سي,,category_fallback,Substitute,0.000652,0.0759,0.8443,0.6,شركاء مقترحون بناءً على الشراء المتكرر داخل نفس القسم.,منتجات من نفس القسم يميل العملاء لضمّها — فرصة بيع تكميلي داخلي.,3
2,لابتوب الترا سليم,9,راوتر واي فاي 6,,fpgrowth,Substitute,0.05529603476371537,0.8945518453427065,10.254482859750452,87.9,ارتباط قوي مُثبَت بالبيانات — يظهر المنتجان معاً بشكل متكرر.,اعرض كلاهما في صفحة المنتج كبدائل مقترحة لرفع قيمة السلة.,1
2,لابتوب الترا سليم,6,شاشه 4K 27 انش,,fpgrowth,Substitute,0.05659967409016839,0.8513071895424837,9.758758007146405,84.57000000000001,ارتباط قوي مُثبَت بالبيانات — يظهر المنتجان معاً بشكل متكرر.,اعرض كلاهما في صفحة المنتج كبدائل مقترحة لرفع قيمة السلة.,2
2,لابتوب الترا سليم,3,سماعات لاسلكيه,,fpgrowth,Substitute,0.0579033134166214,0.663760896637609,5.534346968794557,58.87,ارتباط قوي مُثبَت بالبيانات — يظهر المنتجان معاً بشكل متكرر.,اعرض كلاهما في صفحة المنتج كبدائل مقترحة لرفع قيمة السلة.,3
2,لابتوب الترا سليم,112,شاشه 4K 27 انش - اصدار خاص,,category_fallback,Substitute,0.001195,0.0738,0.8463,1.1,شركاء مقترحون بناءً على الشراء المتكرر داخل نفس القسم.,منتجات من نفس القسم يميل العملاء لضمّها — فرصة بيع تكميلي داخلي.,4
2,لابتوب الترا سليم,124,كاميرا ميرورليس - اصدار خاص,,category_fallback,Substitute,0.001086,0.068,0.7798,1.0,شركاء مقترحون بناءً على الشراء المتكرر داخل نفس القسم.,منتجات من نفس القسم يميل العملاء لضمّها — فرصة بيع تكميلي داخلي.,5
20,حذاء رسمي جلد,180,شال كشمير ناعم - اصدار خاص,,category_fallback,Substitute,0.000435,0.0465,3.1025,0.4,شركاء مقترحون بناءً على الشراء المتكرر داخل نفس القسم.,منتجات من نفس القسم يميل العملاء لضمّها — فرصة بيع تكميلي داخلي.,1
20,حذاء رسمي جلد,18,جاكيت شتوي دافي,,category_fallback,Substitute,0.000435,0.0465,2.5637,0.4,شركاء مقترحون بناءً على الشراء المتكرر داخل نفس القسم.,منتجات من نفس القسم يميل العملاء لضمّها — فرصة بيع تكميلي داخلي.,2
20,حذاء رسمي جلد,129,تيشيرت بولو قطن - اصدار خاص,,category_fallback,Substitute,0.000435,0.0465,5.1583,0.4,شركاء مقترحون بناءً على الشراء المتكرر داخل نفس القسم.,منتجات من نفس القسم يميل العملاء لضمّها — فرصة بيع تكميلي داخلي.,3
20,حذاء رسمي جلد,83,فستان سهره انيق - اصدار خاص,,category_fallback,Substitute,0.000326,0.0278,2.9732,0.3,شركاء مقترحون بناءً على الشراء المتكرر داخل نفس القسم.,منتجات من نفس القسم يميل العملاء لضمّها — فرصة بيع تكميلي داخلي.,4
20,حذاء رسمي جلد,121,حذاء رياضي مريح - اصدار خاص,,category_fallback,Substitute,0.000109,0.0154,1.6467,0.1,شركاء مقترحون بناءً على الشراء المتكرر داخل نفس القسم.,منتجات من نفس القسم يميل العملاء لضمّها — فرصة بيع تكميلي داخلي.,5
200,موسوعه التاريخ الاسلامي - اصدار خاص,51,كتاب تعلم البرمجه بالعربيه,,category_fallback,Substitute,0.000869,0.1096,1.1037,0.8,شركاء مقترحون بناءً على الشراء المتكرر داخل نفس القسم.,منتجات من نفس القسم يميل العملاء لضمّها — فرصة بيع تكميلي داخلي.,1
200,موسوعه التاريخ الاسلامي - اصدار خاص,54,قاموس عربي انجليزي شامل,,category_fallback,Substitute,0.000652,0.0822,1.2464,0.6,شركاء مقترحون بناءً على الشراء المتكرر داخل نفس القسم.,منتجات من نفس القسم يميل العملاء لضمّها — فرصة بيع تكميلي داخلي.,2
200,موسوعه التاريخ الاسلامي - اصدار خاص,56,دوره برمجه اكاديميه USB,,category_fallback,Substitute,0.000543,0.0685,0.9867,0.5,شركاء مقترحون بناءً على الشراء المتكرر داخل نفس القسم.,منتجات من نفس القسم يميل العملاء لضمّها — فرصة بيع تكميلي داخلي.,3
21,مكيف هواء انفيرتر 18000,176,فرن كهربايي 60 لتر - اصدار خاص,,category_fallback,Substitute,0.001195,0.0675,4.2548,1.1,شركاء مقترحون بناءً على الشراء المتكرر داخل نفس القسم.,منتجات من نفس القسم يميل العملاء لضمّها — فرصة بيع تكميلي داخلي.,1
21,مكيف هواء انفيرتر 18000,168,مجموعه سكاكين مطبخ - اصدار خاص,,category_fallback,Substitute,0.001086,0.0613,3.8157,1.0,شركاء مقترحون بناءً على الشراء المتكرر داخل نفس القسم.,منتجات من نفس القسم يميل العملاء لضمّها — فرصة بيع تكميلي داخلي.,2
21,مكيف هواء انفيرتر 18000,197,مكيف هواء انفيرتر 18000 - اصدار خاص,,category_fallback,Substitute,0.000978,0.0552,3.3438,0.9,شركاء مقترحون بناءً على الشراء المتكرر داخل نفس القسم.,منتجات من نفس القسم يميل العملاء لضمّها — فرصة بيع تكميلي داخلي.,3
21,مكيف هواء انفيرتر 18000,178,مكيف هواء انفيرتر 18000 - اصدار خاص,,category_fallback,Substitute,0.000978,0.0672,3.7929,0.9,شركاء مقترحون بناءً على الشراء المتكرر داخل نفس القسم.,منتجات من نفس القسم يميل العملاء لضمّها — فرصة بيع تكميلي داخلي.,4
21,مكيف هواء انفيرتر 18000,135,طقم اواني طهي غرانيت - اصدار خاص,,category_fallback,Substitute,0.000869,0.0635,3.5855,0.8,شركاء مقترحون بناءً على الشراء المتكرر داخل نفس القسم.,منتجات من نفس القسم يميل العملاء لضمّها — فرصة بيع تكميلي داخلي.,5
22,غساله اوتوماتيك 8 كيلو,29,مجموعه سكاكين مطبخ,,category_fallback,Substitute,0.000543,0.0962,1.6093,0.5,شركاء مقترحون بناءً على الشراء المتكرر داخل نفس القسم.,منتجات من نفس القسم يميل العملاء لضمّها — فرصة بيع تكميلي داخلي.,1
22,غساله اوتوماتيك 8 كيلو,25,ماكينه قهوه اسبريسو,,category_fallback,Substitute,0.000435,0.0769,0.9009,0.4,شركاء مقترحون بناءً على الشراء المتكرر داخل نفس القسم.,منتجات من نفس القسم يميل العملاء لضمّها — فرصة بيع تكميلي داخلي.,2
22,غساله اوتوماتيك 8 كيلو,28,خلاط كهربايي متعدد الوظايف,,category_fallback,Substitute,0.000326,0.0577,0.9586,0.3,شركاء مقترحون بناءً على الشراء المتكرر داخل نفس القسم.,منتجات من نفس القسم يميل العملاء لضمّها — فرصة بيع تكميلي داخلي.,3
23,ثلاجه نوفروست 350 لتر,91,فرن كهربايي 60 لتر - اصدار خاص,,category_fallback,Substitute,0.00076,0.0769,4.628,0.7,شركاء مقترحون بناءً على الشراء المتكرر داخل نفس القسم.,منتجات من نفس القسم يميل العملاء لضمّها — فرصة بيع تكميلي داخلي.,1
23,ثلاجه نوفروست 350 لتر,168,مجموعه سكاكين مطبخ - اصدار خاص,,category_fallback,Substitute,0.000652,0.0659,4.1008,0.6,شركاء مقترحون بناءً على الشراء المتكرر داخل نفس القسم.,منتجات من نفس القسم يميل العملاء لضمّها — فرصة بيع تكميلي داخلي.,2
23,ثلاجه نوفروست 350 لتر,197,مكيف هواء انفيرتر 18000 - اصدار خاص,,category_fallback,Substitute,0.000543,0.0549,3.3274,0.5,شركاء مقترحون بناءً على الشراء المتكرر داخل نفس القسم.,منتجات من نفس القسم يميل العملاء لضمّها — فرصة بيع تكميلي داخلي.,3
24,مكنسه كهرباييه لاسلكيه,178,مكيف هواء انفيرتر 18000 - اصدار خاص,,category_fallback,Substitute,0.001086,0.1282,8.8069,1.0,شركاء مقترحون بناءً على الشراء المتكرر داخل نفس القسم.,منتجات من نفس القسم يميل العملاء لضمّها — فرصة بيع تكميلي داخلي.,1
24,مكنسه كهرباييه لاسلكيه,28,خلاط كهربايي متعدد الوظايف,,category_fallback,Substitute,0.000543,0.0641,1.0651,0.5,شركاء مقترحون بناءً على الشراء المتكرر داخل نفس القسم.,منتجات من نفس القسم يميل العملاء لضمّها — فرصة بيع تكميلي داخلي.,2
24,مكنسه كهرباييه لاسلكيه,25,ماكينه قهوه اسبريسو,,category_fallback,Substitute,0.000435,0.0513,0.6006,0.4,شركاء مقترحون بناءً على الشراء المتكرر داخل نفس القسم.,منتجات من نفس القسم يميل العملاء لضمّها — فرصة بيع تكميلي داخلي.,3
25,ماكينه قهوه اسبريسو,29,مجموعه سكاكين مطبخ,,fpgrowth,Substitute,0.052906029331884846,0.8854545454545455,10.36973166782327,87.75,ارتباط قوي مُثبَت بالبيانات — يظهر المنتجان معاً بشكل متكرر.,اعرض كلاهما في صفحة المنتج كبدائل مقترحة لرفع قيمة السلة.,1
25,ماكينه قهوه اسبريسو,26,طقم اواني طهي غرانيت,,fpgrowth,Substitute,0.05464421510048886,0.8793706293706294,10.298481734550437,87.59,ارتباط قوي مُثبَت بالبيانات — يظهر المنتجان معاً بشكل متكرر.,اعرض كلاهما في صفحة المنتج كبدائل مقترحة لرفع قيمة السلة.,2
25,ماكينه قهوه اسبريسو,28,خلاط كهربايي متعدد الوظايف,,fpgrowth,Substitute,0.05258011950027159,0.8736462093862816,10.231441930535269,86.7,ارتباط قوي مُثبَت بالبيانات — يظهر المنتجان معاً بشكل متكرر.,اعرض كلاهما في صفحة المنتج كبدائل مقترحة لرفع قيمة السلة.,3
25,ماكينه قهوه اسبريسو,91,فرن كهربايي 60 لتر - اصدار خاص,,category_fallback,Substitute,0.000978,0.0588,0.6889,0.9,شركاء مقترحون بناءً على الشراء المتكرر داخل نفس القسم.,منتجات من نفس القسم يميل العملاء لضمّها — فرصة بيع تكميلي داخلي.,4
25,ماكينه قهوه اسبريسو,128,مكواه بخاريه احترافيه - اصدار خاص,,category_fallback,Substitute,0.000652,0.0714,0.8365,0.6,شركاء مقترحون بناءً على الشراء المتكرر داخل نفس القسم.,منتجات من نفس القسم يميل العملاء لضمّها — فرصة بيع تكميلي داخلي.,5
26,طقم اواني طهي غرانيت,25,ماكينه قهوه اسبريسو,,fpgrowth,Substitute,0.05464421510048886,0.8793706293706294,10.298481734550437,87.59,ارتباط قوي مُثبَت بالبيانات — يظهر المنتجان معاً بشكل متكرر.,اعرض كلاهما في صفحة المنتج كبدائل مقترحة لرفع قيمة السلة.,1
26,طقم اواني طهي غرانيت,28,خلاط كهربايي متعدد الوظايف,,fpgrowth,Substitute,0.03758826724606192,0.6245487364620939,10.050648809674081,76.1,ارتباط قوي مُثبَت بالبيانات — يظهر المنتجان معاً بشكل متكرر.,اعرض كلاهما في صفحة المنتج كبدائل مقترحة لرفع قيمة السلة.,2
26,طقم اواني طهي غرانيت,29,مجموعه سكاكين مطبخ,,fpgrowth,Substitute,0.03595871808799565,0.6018181818181818,9.684853782581056,73.50999999999999,ارتباط قوي مُثبَت بالبيانات — يظهر المنتجان معاً بشكل متكرر.,اعرض كلاهما في صفحة المنتج كبدائل مقترحة لرفع قيمة السلة.,3
26,طقم اواني طهي غرانيت,91,فرن كهربايي 60 لتر - اصدار خاص,,category_fallback,Substitute,0.000978,0.0588,0.9466,0.9,شركاء مقترحون بناءً على الشراء المتكرر داخل نفس القسم.,منتجات من نفس القسم يميل العملاء لضمّها — فرصة بيع تكميلي داخلي.,4
26,طقم اواني طهي غرانيت,111,مكواه بخاريه احترافيه - اصدار خاص,,category_fallback,Substitute,0.000543,0.0877,1.4116,0.5,شركاء مقترحون بناءً على الشراء المتكرر داخل نفس القسم.,منتجات من نفس القسم يميل العملاء لضمّها — فرصة بيع تكميلي داخلي.,5
27,فرن كهربايي 60 لتر,21,مكيف هواء انفيرتر 18000,,category_fallback,Substitute,0.000326,0.0429,2.4202,0.3,شركاء مقترحون بناءً على الشراء المتكرر داخل نفس القسم.,منتجات من نفس القسم يميل العملاء لضمّها — فرصة بيع تكميلي داخلي.,1
27,فرن كهربايي 60 لتر,25,ماكينه قهوه اسبريسو,,category_fallback,Substitute,0.000326,0.0429,0.5019,0.3,شركاء مقترحون بناءً على الشراء المتكرر داخل نفس القسم.,منتجات من نفس القسم يميل العملاء لضمّها — فرصة بيع تكميلي داخلي.,2
27,فرن كهربايي 60 لتر,28,خلاط كهربايي متعدد الوظايف,,category_fallback,Substitute,0.000326,0.0429,0.7121,0.3,شركاء مقترحون بناءً على الشراء المتكرر داخل نفس القسم.,منتجات من نفس القسم يميل العملاء لضمّها — فرصة بيع تكميلي داخلي.,3
28,خلاط كهربايي متعدد الوظايف,25,ماكينه قهوه اسبريسو,,fpgrowth,Substitute,0.05258011950027159,0.8736462093862816,10.231441930535269,86.7,ارتباط قوي مُثبَت بالبيانات — يظهر المنتجان معاً بشكل متكرر.,اعرض كلاهما في صفحة المنتج كبدائل مقترحة لرفع قيمة السلة.,1
28,خلاط كهربايي متعدد الوظايف,26,طقم اواني طهي غرانيت,,fpgrowth,Substitute,0.03758826724606192,0.6245487364620939,10.050648809674081,76.1,ارتباط قوي مُثبَت بالبيانات — يظهر المنتجان معاً بشكل متكرر.,اعرض كلاهما في صفحة المنتج كبدائل مقترحة لرفع قيمة السلة.,2
28,خلاط كهربايي متعدد الوظايف,29,مجموعه سكاكين مطبخ,,fpgrowth,Substitute,0.03639326453014666,0.609090909090909,10.120364292746963,75.74,ارتباط قوي مُثبَت بالبيانات — يظهر المنتجان معاً بشكل متكرر.,اعرض كلاهما في صفحة المنتج كبدائل مقترحة لرفع قيمة السلة.,3
28,خلاط كهربايي متعدد الوظايف,24,مكنسه كهرباييه لاسلكيه,,category_fallback,Substitute,0.000543,0.0641,1.0651,0.5,شركاء مقترحون بناءً على الشراء المتكرر داخل نفس القسم.,منتجات من نفس القسم يميل العملاء لضمّها — فرصة بيع تكميلي داخلي.,4
28,خلاط كهربايي متعدد الوظايف,191,غساله اوتوماتيك 8 كيلو - اصدار خاص,,category_fallback,Substitute,0.000435,0.0465,0.7728,0.4,شركاء مقترحون بناءً على الشراء المتكرر داخل نفس القسم.,منتجات من نفس القسم يميل العملاء لضمّها — فرصة بيع تكميلي داخلي.,5
29,مجموعه سكاكين مطبخ,25,ماكينه قهوه اسبريسو,,fpgrowth,Substitute,0.052906029331884846,0.8854545454545455,10.36973166782327,87.75,ارتباط قوي مُثبَت بالبيانات — يظهر المنتجان معاً بشكل متكرر.,اعرض كلاهما في صفحة المنتج كبدائل مقترحة لرفع قيمة السلة.,1
29,مجموعه سكاكين مطبخ,28,خلاط كهربايي متعدد الوظايف,,fpgrowth,Substitute,0.03639326453014666,0.609090909090909,10.120364292746963,75.74,ارتباط قوي مُثبَت بالبيانات — يظهر المنتجان معاً بشكل متكرر.,اعرض كلاهما في صفحة المنتج كبدائل مقترحة لرفع قيمة السلة.,2
29,مجموعه سكاكين مطبخ,26,طقم اواني طهي غرانيت,,fpgrowth,Substitute,0.03595871808799565,0.6018181818181818,9.684853782581056,73.50999999999999,ارتباط قوي مُثبَت بالبيانات — يظهر المنتجان معاً بشكل متكرر.,اعرض كلاهما في صفحة المنتج كبدائل مقترحة لرفع قيمة السلة.,3
29,مجموعه سكاكين مطبخ,197,مكيف هواء انفيرتر 18000 - اصدار خاص,,category_fallback,Substitute,0.000869,0.0526,0.8809,0.8,شركاء مقترحون بناءً على الشراء المتكرر داخل نفس القسم.,منتجات من نفس القسم يميل العملاء لضمّها — فرصة بيع تكميلي داخلي.,4
29,مجموعه سكاكين مطبخ,119,ماكينه قهوه اسبريسو - اصدار خاص,,category_fallback,Substitute,0.00076,0.0526,0.8809,0.7,شركاء مقترحون بناءً على الشراء المتكرر داخل نفس القسم.,منتجات من نفس القسم يميل العملاء لضمّها — فرصة بيع تكميلي داخلي.,5
3,سماعات لاسلكيه,2,لابتوب الترا سليم,,fpgrowth,Substitute,0.0579033134166214,0.663760896637609,5.534346968794557,58.87,ارتباط قوي مُثبَت بالبيانات — يظهر المنتجان معاً بشكل متكرر.,اعرض كلاهما في صفحة المنتج كبدائل مقترحة لرفع قيمة السلة.,1
3,سماعات لاسلكيه,1,هاتف ذكي برو ماكس,,fpgrowth,Substitute,0.057251493753394896,0.6522277227722773,5.4381849530061706,57.99999999999999,ارتباط قوي مُثبَت بالبيانات — يظهر المنتجان معاً بشكل متكرر.,اعرض كلاهما في صفحة المنتج كبدائل مقترحة لرفع قيمة السلة.,2
3,سماعات لاسلكيه,10,شاحن لاسلكي سريع,,fpgrowth,Substitute,0.03997827267789245,0.6247877758913413,5.2093944538766275,54.25,ارتباط قوي مُثبَت بالبيانات — يظهر المنتجان معاً بشكل متكرر.,اعرض كلاهما في صفحة المنتج كبدائل مقترحة لرفع قيمة السلة.,3
3,سماعات لاسلكيه,4,ساعه ذكيه سبورت,,fpgrowth,Substitute,0.04041281912004346,0.6220735785953179,5.186763850516215,54.120000000000005,ارتباط قوي مُثبَت بالبيانات — يظهر المنتجان معاً بشكل متكرر.,اعرض كلاهما في صفحة المنتج كبدائل مقترحة لرفع قيمة السلة.,4
3,سماعات لاسلكيه,9,راوتر واي فاي 6,,fpgrowth,Substitute,0.03824008690928843,0.6186291739894552,5.158044879142151,53.64,ارتباط قوي مُثبَت بالبيانات — يظهر المنتجان معاً بشكل متكرر.,اعرض كلاهما في صفحة المنتج كبدائل مقترحة لرفع قيمة السلة.,5
30,مكواه بخاريه احترافيه,91,فرن كهربايي 60 لتر - اصدار خاص,,category_fallback,Substitute,0.000543,0.0725,4.3597,0.5,شركاء مقترحون بناءً على الشراء المتكرر داخل نفس القسم.,منتجات من نفس القسم يميل العملاء لضمّها — فرصة بيع تكميلي داخلي.,1
30,مكواه بخاريه احترافيه,21,مكيف هواء انفيرتر 18000,,category_fallback,Substitute,0.000543,0.0725,4.0922,0.5,شركاء مقترحون بناءً على الشراء المتكرر داخل نفس القسم.,منتجات من نفس القسم يميل العملاء لضمّها — فرصة بيع تكميلي داخلي.,2
30,مكواه بخاريه احترافيه,82,مجموعه سكاكين مطبخ - اصدار خاص,,category_fallback,Substitute,0.000326,0.0435,4.8219,0.3,شركاء مقترحون بناءً على الشراء المتكرر داخل نفس القسم.,منتجات من نفس القسم يميل العملاء لضمّها — فرصة بيع تكميلي داخلي.,3
31,كريم مرطب SPF 50,32,سيروم فيتامين سي,,fpgrowth,Substitute,0.05985877240630092,0.8858520900321543,9.848150348727028,86.55000000000001,ارتباط قوي مُثبَت بالبيانات — يظهر المنتجان معاً بشكل متكرر.,اعرض كلاهما في صفحة المنتج كبدائل مقترحة لرفع قيمة السلة.,1
31,كريم مرطب SPF 50,39,قناع وجه كولاجين,,fpgrowth,Substitute,0.04388919065725149,0.6495176848874598,9.25512428697998,74.28,ارتباط قوي مُثبَت بالبيانات — يظهر المنتجان معاً بشكل متكرر.,اعرض كلاهما في صفحة المنتج كبدائل مقترحة لرفع قيمة السلة.,2
31,كريم مرطب SPF 50,37,غسول وجه للبشره الحساسه,,fpgrowth,Substitute,0.04345464421510049,0.6430868167202571,9.05139777967885,73.09,ارتباط قوي مُثبَت بالبيانات — يظهر المنتجان معاً بشكل متكرر.,اعرض كلاهما في صفحة المنتج كبدائل مقترحة لرفع قيمة السلة.,3
31,كريم مرطب SPF 50,64,عطر رجالي عودي - اصدار خاص,,category_fallback,Substitute,0.001412,0.0878,1.2999,1.3,شركاء مقترحون بناءً على الشراء المتكرر داخل نفس القسم.,منتجات من نفس القسم يميل العملاء لضمّها — فرصة بيع تكميلي داخلي.,4
31,كريم مرطب SPF 50,199,زيت ارغان طبيعي - اصدار خاص,,category_fallback,Substitute,0.00076,0.0886,1.3113,0.7,شركاء مقترحون بناءً على الشراء المتكرر داخل نفس القسم.,منتجات من نفس القسم يميل العملاء لضمّها — فرصة بيع تكميلي داخلي.,5
32,سيروم فيتامين سي,31,كريم مرطب SPF 50,,fpgrowth,Substitute,0.05985877240630092,0.8858520900321543,9.848150348727028,86.55000000000001,ارتباط قوي مُثبَت بالبيانات — يظهر المنتجان معاً بشكل متكرر.,اعرض كلاهما في صفحة المنتج كبدائل مقترحة لرفع قيمة السلة.,1
32,سيروم فيتامين سي,39,قناع وجه كولاجين,,fpgrowth,Substitute,0.060727865290602936,0.8653250773993808,9.619948475194807,85.02,ارتباط قوي مُثبَت بالبيانات — يظهر المنتجان معاً بشكل متكرر.,اعرض كلاهما في صفحة المنتج كبدائل مقترحة لرفع قيمة السلة.,2
32,سيروم فيتامين سي,37,غسول وجه للبشره الحساسه,,fpgrowth,Substitute,0.06007604562737642,0.845565749235474,9.400281064870216,83.27,ارتباط قوي مُثبَت بالبيانات — يظهر المنتجان معاً بشكل متكرر.,اعرض كلاهما في صفحة المنتج كبدائل مقترحة لرفع قيمة السلة.,3
32,سيروم فيتامين سي,143,عطر رجالي عودي - اصدار خاص,,category_fallback,Substitute,0.001086,0.0862,0.9584,1.0,شركاء مقترحون بناءً على الشراء المتكرر داخل نفس القسم.,منتجات من نفس القسم يميل العملاء لضمّها — فرصة بيع تكميلي داخلي.,4
32,سيروم فيتامين سي,189,مزيل عرق رول اون - اصدار خاص,,category_fallback,Substitute,0.000978,0.0647,0.7198,0.9,شركاء مقترحون بناءً على الشراء المتكرر داخل نفس القسم.,منتجات من نفس القسم يميل العملاء لضمّها — فرصة بيع تكميلي داخلي.,5
33,مجموعه عنايه بالشعر,34,طقم مكياج احترافي,,fpgrowth,Substitute,0.06007604562737642,0.8627145085803433,8.922794439867483,81.36,ارتباط قوي مُثبَت بالبيانات — يظهر المنتجان معاً بشكل متكرر.,اعرض كلاهما في صفحة المنتج كبدائل مقترحة لرفع قيمة السلة.,1
33,مجموعه عنايه بالشعر,35,عطر نسايي زهري,,fpgrowth,Substitute,0.039652362846279196,0.6437389770723104,9.244332736272414,73.37,ارتباط قوي مُثبَت بالبيانات — يظهر المنتجان معاً بشكل متكرر.,اعرض كلاهما في صفحة المنتج كبدائل مقترحة لرفع قيمة السلة.,2
33,مجموعه عنايه بالشعر,38,زيت ارغان طبيعي,,fpgrowth,Substitute,0.04225964149918523,0.609717868338558,8.755776876843099,70.56,ارتباط قوي مُثبَت بالبيانات — يظهر المنتجان معاً بشكل متكرر.,اعرض كلاهما في صفحة المنتج كبدائل مقترحة لرفع قيمة السلة.,3
33,مجموعه عنايه بالشعر,181,عطر رجالي عودي - اصدار خاص,,category_fallback,Substitute,0.000869,0.086,1.2353,0.8,شركاء مقترحون بناءً على الشراء المتكرر داخل نفس القسم.,منتجات من نفس القسم يميل العملاء لضمّها — فرصة بيع تكميلي داخلي.,4
33,مجموعه عنايه بالشعر,40,مزيل عرق رول اون,,category_fallback,Substitute,0.00076,0.0864,1.241,0.7,شركاء مقترحون بناءً على الشراء المتكرر داخل نفس القسم.,منتجات من نفس القسم يميل العملاء لضمّها — فرصة بيع تكميلي داخلي.,5
34,طقم مكياج احترافي,35,عطر نسايي زهري,,fpgrowth,Substitute,0.055621944595328626,0.9029982363315696,9.339436815092245,83.69,ارتباط قوي مُثبَت بالبيانات — يظهر المنتجان معاً بشكل متكرر.,اعرض كلاهما في صفحة المنتج كبدائل مقترحة لرفع قيمة السلة.,1
34,طقم مكياج احترافي,33,مجموعه عنايه بالشعر,,fpgrowth,Substitute,0.06007604562737642,0.8627145085803433,8.922794439867483,81.36,ارتباط قوي مُثبَت بالبيانات — يظهر المنتجان معاً بشكل متكرر.,اعرض كلاهما في صفحة المنتج كبدائل مقترحة لرفع قيمة السلة.,2
34,طقم مكياج احترافي,38,زيت ارغان طبيعي,,fpgrowth,Substitute,0.05953286257468767,0.8589341692789969,8.883695537318165,80.97,ارتباط قوي مُثبَت بالبيانات — يظهر المنتجان معاً بشكل متكرر.,اعرض كلاهما في صفحة المنتج كبدائل مقترحة لرفع قيمة السلة.,3
34,طقم مكياج احترافي,87,طقم مكياج احترافي - اصدار خاص,,category_fallback,Substitute,0.001412,0.0802,0.83,1.3,شركاء مقترحون بناءً على الشراء المتكرر داخل نفس القسم.,منتجات من نفس القسم يميل العملاء لضمّها — فرصة بيع تكميلي داخلي.,4
34,طقم مكياج احترافي,36,عطر رجالي عودي,,category_fallback,Substitute,0.001304,0.1348,1.3945,1.2,شركاء مقترحون بناءً على الشراء المتكرر داخل نفس القسم.,منتجات من نفس القسم يميل العملاء لضمّها — فرصة بيع تكميلي داخلي.,5
35,عطر نسايي زهري,34,طقم مكياج احترافي,,fpgrowth,Substitute,0.055621944595328626,0.9029982363315696,9.339436815092245,83.69,ارتباط قوي مُثبَت بالبيانات — يظهر المنتجان معاً بشكل متكرر.,اعرض كلاهما في صفحة المنتج كبدائل مقترحة لرفع قيمة السلة.,1
35,عطر نسايي زهري,33,مجموعه عنايه بالشعر,,fpgrowth,Substitute,0.039652362846279196,0.6437389770723104,9.244332736272414,73.37,ارتباط قوي مُثبَت بالبيانات — يظهر المنتجان معاً بشكل متكرر.,اعرض كلاهما في صفحة المنتج كبدائل مقترحة لرفع قيمة السلة.,2
35,عطر نسايي زهري,38,زيت ارغان طبيعي,,fpgrowth,Substitute,0.038891906572514935,0.6313932980599647,9.10967916715043,72.28,ارتباط قوي مُثبَت بالبيانات — يظهر المنتجان معاً بشكل متكرر.,اعرض كلاهما في صفحة المنتج كبدائل مقترحة لرفع قيمة السلة.,3
35,عطر نسايي زهري,79,سيروم فيتامين سي - اصدار خاص,,category_fallback,Substitute,0.000326,0.0517,0.8397,0.3,شركاء مقترحون بناءً على الشراء المتكرر داخل نفس القسم.,منتجات من نفس القسم يميل العملاء لضمّها — فرصة بيع تكميلي داخلي.,4
36,عطر رجالي عودي,34,طقم مكياج احترافي,,category_fallback,Substitute,0.001304,0.1348,1.3945,1.2,شركاء مقترحون بناءً على الشراء المتكرر داخل نفس القسم.,منتجات من نفس القسم يميل العملاء لضمّها — فرصة بيع تكميلي داخلي.,1
36,عطر رجالي عودي,33,مجموعه عنايه بالشعر,,category_fallback,Substitute,0.00076,0.0787,1.1295,0.7,شركاء مقترحون بناءً على الشراء المتكرر داخل نفس القسم.,منتجات من نفس القسم يميل العملاء لضمّها — فرصة بيع تكميلي داخلي.,2
36,عطر رجالي عودي,87,طقم مكياج احترافي - اصدار خاص,,category_fallback,Substitute,0.00076,0.0787,4.4691,0.7,شركاء مقترحون بناءً على الشراء المتكرر داخل نفس القسم.,منتجات من نفس القسم يميل العملاء لضمّها — فرصة بيع تكميلي داخلي.,3
37,غسول وجه للبشره الحساسه,32,سيروم فيتامين سي,,fpgrowth,Substitute,0.06007604562737642,0.845565749235474,9.400281064870216,83.27,ارتباط قوي مُثبَت بالبيانات — يظهر المنتجان معاً بشكل متكرر.,اعرض كلاهما في صفحة المنتج كبدائل مقترحة لرفع قيمة السلة.,1
37,غسول وجه للبشره الحساسه,31,كريم مرطب SPF 50,,fpgrowth,Substitute,0.04345464421510049,0.6430868167202571,9.05139777967885,73.09,ارتباط قوي مُثبَت بالبيانات — يظهر المنتجان معاً بشكل متكرر.,اعرض كلاهما في صفحة المنتج كبدائل مقترحة لرفع قيمة السلة.,2
37,غسول وجه للبشره الحساسه,39,قناع وجه كولاجين,,fpgrowth,Substitute,0.04312873438348724,0.6145510835913313,8.64975951752019,70.35,ارتباط قوي مُثبَت بالبيانات — يظهر المنتجان معاً بشكل متكرر.,اعرض كلاهما في صفحة المنتج كبدائل مقترحة لرفع قيمة السلة.,3
37,غسول وجه للبشره الحساسه,64,عطر رجالي عودي - اصدار خاص,,category_fallback,Substitute,0.001304,0.0811,1.1412,1.2,شركاء مقترحون بناءً على الشراء المتكرر داخل نفس القسم.,منتجات من نفس القسم يميل العملاء لضمّها — فرصة بيع تكميلي داخلي.,4
37,غسول وجه للبشره الحساسه,143,عطر رجالي عودي - اصدار خاص,,category_fallback,Substitute,0.000978,0.0776,1.092,0.9,شركاء مقترحون بناءً على الشراء المتكرر داخل نفس القسم.,منتجات من نفس القسم يميل العملاء لضمّها — فرصة بيع تكميلي داخلي.,5
38,زيت ارغان طبيعي,34,طقم مكياج احترافي,,fpgrowth,Substitute,0.05953286257468767,0.8589341692789969,8.883695537318165,80.97,ارتباط قوي مُثبَت بالبيانات — يظهر المنتجان معاً بشكل متكرر.,اعرض كلاهما في صفحة المنتج كبدائل مقترحة لرفع قيمة السلة.,1
38,زيت ارغان طبيعي,35,عطر نسايي زهري,,fpgrowth,Substitute,0.038891906572514935,0.6313932980599647,9.10967916715043,72.28,ارتباط قوي مُثبَت بالبيانات — يظهر المنتجان معاً بشكل متكرر.,اعرض كلاهما في صفحة المنتج كبدائل مقترحة لرفع قيمة السلة.,2
38,زيت ارغان طبيعي,33,مجموعه عنايه بالشعر,,fpgrowth,Substitute,0.04225964149918523,0.609717868338558,8.755776876843099,70.56,ارتباط قوي مُثبَت بالبيانات — يظهر المنتجان معاً بشكل متكرر.,اعرض كلاهما في صفحة المنتج كبدائل مقترحة لرفع قيمة السلة.,3
38,زيت ارغان طبيعي,87,طقم مكياج احترافي - اصدار خاص,,category_fallback,Substitute,0.001304,0.0741,1.0687,1.2,شركاء مقترحون بناءً على الشراء المتكرر داخل نفس القسم.,منتجات من نفس القسم يميل العملاء لضمّها — فرصة بيع تكميلي داخلي.,4
38,زيت ارغان طبيعي,79,سيروم فيتامين سي - اصدار خاص,,category_fallback,Substitute,0.000652,0.1034,1.4925,0.6,شركاء مقترحون بناءً على الشراء المتكرر داخل نفس القسم.,منتجات من نفس القسم يميل العملاء لضمّها — فرصة بيع تكميلي داخلي.,5
39,قناع وجه كولاجين,32,سيروم فيتامين سي,,fpgrowth,Substitute,0.060727865290602936,0.8653250773993808,9.619948475194807,85.02,ارتباط قوي مُثبَت بالبيانات — يظهر المنتجان معاً بشكل متكرر.,اعرض كلاهما في صفحة المنتج كبدائل مقترحة لرفع قيمة السلة.,1
39,قناع وجه كولاجين,31,كريم مرطب SPF 50,,fpgrowth,Substitute,0.04388919065725149,0.6495176848874598,9.25512428697998,74.28,ارتباط قوي مُثبَت بالبيانات — يظهر المنتجان معاً بشكل متكرر.,اعرض كلاهما في صفحة المنتج كبدائل مقترحة لرفع قيمة السلة.,2
39,قناع وجه كولاجين,37,غسول وجه للبشره الحساسه,,fpgrowth,Substitute,0.04312873438348724,0.6145510835913313,8.64975951752019,70.35,ارتباط قوي مُثبَت بالبيانات — يظهر المنتجان معاً بشكل متكرر.,اعرض كلاهما في صفحة المنتج كبدائل مقترحة لرفع قيمة السلة.,3
39,قناع وجه كولاجين,64,عطر رجالي عودي - اصدار خاص,,category_fallback,Substitute,0.001086,0.0676,0.9628,1.0,شركاء مقترحون بناءً على الشراء المتكرر داخل نفس القسم.,منتجات من نفس القسم يميل العملاء لضمّها — فرصة بيع تكميلي داخلي.,4
39,قناع وجه كولاجين,143,عطر رجالي عودي - اصدار خاص,,category_fallback,Substitute,0.000978,0.0776,1.1055,0.9,شركاء مقترحون بناءً على الشراء المتكرر داخل نفس القسم.,منتجات من نفس القسم يميل العملاء لضمّها — فرصة بيع تكميلي داخلي.,5
4,ساعه ذكيه سبورت,1,هاتف ذكي برو ماكس,,fpgrowth,Substitute,0.05681694731124389,0.8745819397993312,9.963523212689163,86.24000000000001,ارتباط قوي مُثبَت بالبيانات — يظهر المنتجان معاً بشكل متكرر.,اعرض كلاهما في صفحة المنتج كبدائل مقترحة لرفع قيمة السلة.,1
4,ساعه ذكيه سبورت,10,شاحن لاسلكي سريع,,fpgrowth,Substitute,0.0398696360673547,0.6230899830220713,9.591209521267837,74.37,ارتباط قوي مُثبَت بالبيانات — يظهر المنتجان معاً بشكل متكرر.,اعرض كلاهما في صفحة المنتج كبدائل مقترحة لرفع قيمة السلة.,2
4,ساعه ذكيه سبورت,3,سماعات لاسلكيه,,fpgrowth,Substitute,0.04041281912004346,0.6220735785953179,5.186763850516215,54.120000000000005,ارتباط قوي مُثبَت بالبيانات — يظهر المنتجان معاً بشكل متكرر.,اعرض كلاهما في صفحة المنتج كبدائل مقترحة لرفع قيمة السلة.,3
4,ساعه ذكيه سبورت,194,ساعه ذكيه سبورت - اصدار خاص,,category_fallback,Substitute,0.000869,0.0808,1.2439,0.8,شركاء مقترحون بناءً على الشراء المتكرر داخل نفس القسم.,منتجات من نفس القسم يميل العملاء لضمّها — فرصة بيع تكميلي داخلي.,4
4,ساعه ذكيه سبورت,177,لابتوب الترا سليم - اصدار خاص,,category_fallback,Substitute,0.000543,0.0769,1.1841,0.5,شركاء مقترحون بناءً على الشراء المتكرر داخل نفس القسم.,منتجات من نفس القسم يميل العملاء لضمّها — فرصة بيع تكميلي داخلي.,5
40,مزيل عرق رول اون,33,مجموعه عنايه بالشعر,,category_fallback,Substitute,0.00076,0.0864,1.241,0.7,شركاء مقترحون بناءً على الشراء المتكرر داخل نفس القسم.,منتجات من نفس القسم يميل العملاء لضمّها — فرصة بيع تكميلي داخلي.,1
40,مزيل عرق رول اون,38,زيت ارغان طبيعي,,category_fallback,Substitute,0.000652,0.0741,1.0687,0.6,شركاء مقترحون بناءً على الشراء المتكرر داخل نفس القسم.,منتجات من نفس القسم يميل العملاء لضمّها — فرصة بيع تكميلي داخلي.,2
40,مزيل عرق رول اون,64,عطر رجالي عودي - اصدار خاص,,category_fallback,Substitute,0.000543,0.0617,3.8393,0.5,شركاء مقترحون بناءً على الشراء المتكرر داخل نفس القسم.,منتجات من نفس القسم يميل العملاء لضمّها — فرصة بيع تكميلي داخلي.,3
41,حذاء جري احترافي,47,اوزان حديد طقم 20 كيلو,,fpgrowth,Substitute,0.054535578489951116,0.8884955752212389,10.445212988392726,88.52,ارتباط قوي مُثبَت بالبيانات — يظهر المنتجان معاً بشكل متكرر.,اعرض كلاهما في صفحة المنتج كبدائل مقترحة لرفع قيمة السلة.,1
41,حذاء جري احترافي,48,حقيبه رياضيه جيم,,fpgrowth,Substitute,0.03867463335143943,0.6300884955752212,5.164705789643732,54.03,ارتباط قوي مُثبَت بالبيانات — يظهر المنتجان معاً بشكل متكرر.,اعرض كلاهما في صفحة المنتج كبدائل مقترحة لرفع قيمة السلة.,2
41,حذاء جري احترافي,42,لباس رياضي ضاغط,,fpgrowth,Substitute,0.03715372080391092,0.6053097345132743,5.0106799516139295,52.470000000000006,ارتباط قوي مُثبَت بالبيانات — يظهر المنتجان معاً بشكل متكرر.,اعرض كلاهما في صفحة المنتج كبدائل مقترحة لرفع قيمة السلة.,3
41,حذاء جري احترافي,105,حقيبه رياضيه جيم - اصدار خاص,,category_fallback,Substitute,0.000869,0.1231,2.0052,0.8,شركاء مقترحون بناءً على الشراء المتكرر داخل نفس القسم.,منتجات من نفس القسم يميل العملاء لضمّها — فرصة بيع تكميلي داخلي.,4
41,حذاء جري احترافي,159,حصيره يوغا مضاده للانزلاق - اصدار خاص,,category_fallback,Substitute,0.000869,0.1053,1.715,0.8,شركاء مقترحون بناءً على الشراء المتكرر داخل نفس القسم.,منتجات من نفس القسم يميل العملاء لضمّها — فرصة بيع تكميلي داخلي.,5
42,لباس رياضي ضاغط,48,حقيبه رياضيه جيم,,fpgrowth,Substitute,0.07930472569255839,0.6564748201438849,5.380989064491951,60.0,ارتباط قوي مُثبَت بالبيانات — يظهر المنتجان معاً بشكل متكرر.,اعرض كلاهما في صفحة المنتج كبدائل مقترحة لرفع قيمة السلة.,1
42,لباس رياضي ضاغط,46,حصيره يوغا مضاده للانزلاق,,fpgrowth,Substitute,0.05822922324823465,0.638095238095238,5.282074340527577,56.940000000000005,ارتباط قوي مُثبَت بالبيانات — يظهر المنتجان معاً بشكل متكرر.,اعرض كلاهما في صفحة المنتج كبدائل مقترحة لرفع قيمة السلة.,2
42,لباس رياضي ضاغط,47,اوزان حديد طقم 20 كيلو,,fpgrowth,Substitute,0.05464421510048886,0.6424010217113666,5.31771709069526,56.86,ارتباط قوي مُثبَت بالبيانات — يظهر المنتجان معاً بشكل متكرر.,اعرض كلاهما في صفحة المنتج كبدائل مقترحة لرفع قيمة السلة.,3
42,لباس رياضي ضاغط,50,عداد خطوات ذكي,,fpgrowth,Substitute,0.03932645301466594,0.6114864864864864,5.061810349018082,53.12,ارتباط قوي مُثبَت بالبيانات — يظهر المنتجان معاً بشكل متكرر.,اعرض كلاهما في صفحة المنتج كبدائل مقترحة لرفع قيمة السلة.,4
42,لباس رياضي ضاغط,41,حذاء جري احترافي,,fpgrowth,Substitute,0.03715372080391092,0.6053097345132743,5.0106799516139295,52.470000000000006,ارتباط قوي مُثبَت بالبيانات — يظهر المنتجان معاً بشكل متكرر.,اعرض كلاهما في صفحة المنتج كبدائل مقترحة لرفع قيمة السلة.,5
43,دراجه هواييه جبليه,48,حقيبه رياضيه جيم,,category_fallback,Substitute,0.000652,0.1224,1.0037,0.6,شركاء مقترحون بناءً على الشراء المتكرر داخل نفس القسم.,منتجات من نفس القسم يميل العملاء لضمّها — فرصة بيع تكميلي داخلي.,1
43,دراجه هواييه جبليه,46,حصيره يوغا مضاده للانزلاق,,category_fallback,Substitute,0.000435,0.0816,0.8946,0.4,شركاء مقترحون بناءً على الشراء المتكرر داخل نفس القسم.,منتجات من نفس القسم يميل العملاء لضمّها — فرصة بيع تكميلي داخلي.,2
43,دراجه هواييه جبليه,50,عداد خطوات ذكي,,category_fallback,Substitute,0.000435,0.0816,1.2693,0.4,شركاء مقترحون بناءً على الشراء المتكرر داخل نفس القسم.,منتجات من نفس القسم يميل العملاء لضمّها — فرصة بيع تكميلي داخلي.,3
44,جهاز مشي كهربايي,131,اوزان حديد طقم 20 كيلو - اصدار خاص,,category_fallback,Substitute,0.000869,0.093,5.7085,0.8,شركاء مقترحون بناءً على الشراء المتكرر داخل نفس القسم.,منتجات من نفس القسم يميل العملاء لضمّها — فرصة بيع تكميلي داخلي.,1
44,جهاز مشي كهربايي,42,لباس رياضي ضاغط,,category_fallback,Substitute,0.000652,0.0698,0.5775,0.6,شركاء مقترحون بناءً على الشراء المتكرر داخل نفس القسم.,منتجات من نفس القسم يميل العملاء لضمّها — فرصة بيع تكميلي داخلي.,2
44,جهاز مشي كهربايي,49,جهاز قياس ضغط الدم,,category_fallback,Substitute,0.000435,0.0465,4.5547,0.4,شركاء مقترحون بناءً على الشراء المتكرر داخل نفس القسم.,منتجات من نفس القسم يميل العملاء لضمّها — فرصة بيع تكميلي داخلي.,3
45,كره قدم رسميه فيفا,48,حقيبه رياضيه جيم,,category_fallback,Substitute,0.00076,0.047,0.3851,0.7,شركاء مقترحون بناءً على الشراء المتكرر داخل نفس القسم.,منتجات من نفس القسم يميل العملاء لضمّها — فرصة بيع تكميلي داخلي.,1
45,كره قدم رسميه فيفا,96,دراجه هواييه جبليه - اصدار خاص,,category_fallback,Substitute,0.00076,0.047,2.9418,0.7,شركاء مقترحون بناءً على الشراء المتكرر داخل نفس القسم.,منتجات من نفس القسم يميل العملاء لضمّها — فرصة بيع تكميلي داخلي.,2
45,كره قدم رسميه فيفا,50,عداد خطوات ذكي,,category_fallback,Substitute,0.000652,0.0403,0.6261,0.6,شركاء مقترحون بناءً على الشراء المتكرر داخل نفس القسم.,منتجات من نفس القسم يميل العملاء لضمّها — فرصة بيع تكميلي داخلي.,3
45,كره قدم رسميه فيفا,110,جهاز قياس ضغط الدم - اصدار خاص,,category_fallback,Substitute,0.000652,0.0638,3.9433,0.6,شركاء مقترحون بناءً على الشراء المتكرر داخل نفس القسم.,منتجات من نفس القسم يميل العملاء لضمّها — فرصة بيع تكميلي داخلي.,4
45,كره قدم رسميه فيفا,123,عداد خطوات ذكي - اصدار خاص,,category_fallback,Substitute,0.000543,0.0725,4.4767,0.5,شركاء مقترحون بناءً على الشراء المتكرر داخل نفس القسم.,منتجات من نفس القسم يميل العملاء لضمّها — فرصة بيع تكميلي داخلي.,5
46,حصيره يوغا مضاده للانزلاق,50,عداد خطوات ذكي,,fpgrowth,Substitute,0.05736013036393264,0.8918918918918919,9.77364864864865,85.87,ارتباط قوي مُثبَت بالبيانات — يظهر المنتجان معاً بشكل متكرر.,اعرض كلاهما في صفحة المنتج كبدائل مقترحة لرفع قيمة السلة.,1
46,حصيره يوغا مضاده للانزلاق,48,حقيبه رياضيه جيم,,fpgrowth,Substitute,0.05964149918522542,0.6535714285714286,5.357190560997329,57.89,ارتباط قوي مُثبَت بالبيانات — يظهر المنتجان معاً بشكل متكرر.,اعرض كلاهما في صفحة المنتج كبدائل مقترحة لرفع قيمة السلة.,2
46,حصيره يوغا مضاده للانزلاق,42,لباس رياضي ضاغط,,fpgrowth,Substitute,0.05822922324823465,0.638095238095238,5.282074340527577,56.940000000000005,ارتباط قوي مُثبَت بالبيانات — يظهر المنتجان معاً بشكل متكرر.,اعرض كلاهما في صفحة المنتج كبدائل مقترحة لرفع قيمة السلة.,3
46,حصيره يوغا مضاده للانزلاق,138,جهاز مشي كهربايي - اصدار خاص,,category_fallback,Substitute,0.001195,0.1375,1.5068,1.1,شركاء مقترحون بناءً على الشراء المتكرر داخل نفس القسم.,منتجات من نفس القسم يميل العملاء لضمّها — فرصة بيع تكميلي داخلي.,4
46,حصيره يوغا مضاده للانزلاق,114,حقيبه رياضيه جيم - اصدار خاص,,category_fallback,Substitute,0.000869,0.087,0.9529,0.8,شركاء مقترحون بناءً على الشراء المتكرر داخل نفس القسم.,منتجات من نفس القسم يميل العملاء لضمّها — فرصة بيع تكميلي داخلي.,5
47,اوزان حديد طقم 20 كيلو,41,حذاء جري احترافي,,fpgrowth,Substitute,0.054535578489951116,0.8884955752212389,10.445212988392726,88.52,ارتباط قوي مُثبَت بالبيانات — يظهر المنتجان معاً بشكل متكرر.,اعرض كلاهما في صفحة المنتج كبدائل مقترحة لرفع قيمة السلة.,1
47,اوزان حديد طقم 20 كيلو,42,لباس رياضي ضاغط,,fpgrowth,Substitute,0.05464421510048886,0.6424010217113666,5.31771709069526,56.86,ارتباط قوي مُثبَت بالبيانات — يظهر المنتجان معاً بشكل متكرر.,اعرض كلاهما في صفحة المنتج كبدائل مقترحة لرفع قيمة السلة.,2
47,اوزان حديد طقم 20 كيلو,48,حقيبه رياضيه جيم,,fpgrowth,Substitute,0.054535578489951116,0.641123882503193,5.255160586324035,56.510000000000005,ارتباط قوي مُثبَت بالبيانات — يظهر المنتجان معاً بشكل متكرر.,اعرض كلاهما في صفحة المنتج كبدائل مقترحة لرفع قيمة السلة.,3
47,اوزان حديد طقم 20 كيلو,76,حقيبه رياضيه جيم - اصدار خاص,,category_fallback,Substitute,0.001086,0.0943,1.1091,1.0,شركاء مقترحون بناءً على الشراء المتكرر داخل نفس القسم.,منتجات من نفس القسم يميل العملاء لضمّها — فرصة بيع تكميلي داخلي.,4
47,اوزان حديد طقم 20 كيلو,105,حقيبه رياضيه جيم - اصدار خاص,,category_fallback,Substitute,0.000978,0.1385,1.6278,0.9,شركاء مقترحون بناءً على الشراء المتكرر داخل نفس القسم.,منتجات من نفس القسم يميل العملاء لضمّها — فرصة بيع تكميلي داخلي.,5
48,حقيبه رياضيه جيم,42,لباس رياضي ضاغط,,fpgrowth,Substitute,0.07930472569255839,0.6564748201438849,5.380989064491951,60.0,ارتباط قوي مُثبَت بالبيانات — يظهر المنتجان معاً بشكل متكرر.,اعرض كلاهما في صفحة المنتج كبدائل مقترحة لرفع قيمة السلة.,1
48,حقيبه رياضيه جيم,46,حصيره يوغا مضاده للانزلاق,,fpgrowth,Substitute,0.05964149918522542,0.6535714285714286,5.357190560997329,57.89,ارتباط قوي مُثبَت بالبيانات — يظهر المنتجان معاً بشكل متكرر.,اعرض كلاهما في صفحة المنتج كبدائل مقترحة لرفع قيمة السلة.,2
48,حقيبه رياضيه جيم,47,اوزان حديد طقم 20 كيلو,,fpgrowth,Substitute,0.054535578489951116,0.641123882503193,5.255160586324035,56.510000000000005,ارتباط قوي مُثبَت بالبيانات — يظهر المنتجان معاً بشكل متكرر.,اعرض كلاهما في صفحة المنتج كبدائل مقترحة لرفع قيمة السلة.,3
48,حقيبه رياضيه جيم,50,عداد خطوات ذكي,,fpgrowth,Substitute,0.04139054861488321,0.643581081081081,5.275301737623643,55.22,ارتباط قوي مُثبَت بالبيانات — يظهر المنتجان معاً بشكل متكرر.,اعرض كلاهما في صفحة المنتج كبدائل مقترحة لرفع قيمة السلة.,4
48,حقيبه رياضيه جيم,41,حذاء جري احترافي,,fpgrowth,Substitute,0.03867463335143943,0.6300884955752212,5.164705789643732,54.03,ارتباط قوي مُثبَت بالبيانات — يظهر المنتجان معاً بشكل متكرر.,اعرض كلاهما في صفحة المنتج كبدائل مقترحة لرفع قيمة السلة.,5
49,جهاز قياس ضغط الدم,41,حذاء جري احترافي,,category_fallback,Substitute,0.000543,0.0532,0.8666,0.5,شركاء مقترحون بناءً على الشراء المتكرر داخل نفس القسم.,منتجات من نفس القسم يميل العملاء لضمّها — فرصة بيع تكميلي داخلي.,1
49,جهاز قياس ضغط الدم,131,اوزان حديد طقم 20 كيلو - اصدار خاص,,category_fallback,Substitute,0.000543,0.0532,3.2642,0.5,شركاء مقترحون بناءً على الشراء المتكرر داخل نفس القسم.,منتجات من نفس القسم يميل العملاء لضمّها — فرصة بيع تكميلي داخلي.,2
49,جهاز قياس ضغط الدم,48,حقيبه رياضيه جيم,,category_fallback,Substitute,0.000435,0.0426,0.3488,0.4,شركاء مقترحون بناءً على الشراء المتكرر داخل نفس القسم.,منتجات من نفس القسم يميل العملاء لضمّها — فرصة بيع تكميلي داخلي.,3
49,جهاز قياس ضغط الدم,44,جهاز مشي كهربايي,,category_fallback,Substitute,0.000435,0.0465,4.5547,0.4,شركاء مقترحون بناءً على الشراء المتكرر داخل نفس القسم.,منتجات من نفس القسم يميل العملاء لضمّها — فرصة بيع تكميلي داخلي.,4
5,تابلت 10 انش,124,كاميرا ميرورليس - اصدار خاص,,category_fallback,Substitute,0.000543,0.0521,3.2614,0.5,شركاء مقترحون بناءً على الشراء المتكرر داخل نفس القسم.,منتجات من نفس القسم يميل العملاء لضمّها — فرصة بيع تكميلي داخلي.,1
5,تابلت 10 انش,2,لابتوب الترا سليم,,category_fallback,Substitute,0.000435,0.0417,0.4776,0.4,شركاء مقترحون بناءً على الشراء المتكرر داخل نفس القسم.,منتجات من نفس القسم يميل العملاء لضمّها — فرصة بيع تكميلي داخلي.,2
5,تابلت 10 انش,10,شاحن لاسلكي سريع,,category_fallback,Substitute,0.000435,0.0417,0.6512,0.4,شركاء مقترحون بناءً على الشراء المتكرر داخل نفس القسم.,منتجات من نفس القسم يميل العملاء لضمّها — فرصة بيع تكميلي داخلي.,3
50,عداد خطوات ذكي,46,حصيره يوغا مضاده للانزلاق,,fpgrowth,Substitute,0.05736013036393264,0.8918918918918919,9.77364864864865,85.87,ارتباط قوي مُثبَت بالبيانات — يظهر المنتجان معاً بشكل متكرر.,اعرض كلاهما في صفحة المنتج كبدائل مقترحة لرفع قيمة السلة.,1
50,عداد خطوات ذكي,48,حقيبه رياضيه جيم,,fpgrowth,Substitute,0.04139054861488321,0.643581081081081,5.275301737623643,55.22,ارتباط قوي مُثبَت بالبيانات — يظهر المنتجان معاً بشكل متكرر.,اعرض كلاهما في صفحة المنتج كبدائل مقترحة لرفع قيمة السلة.,2
50,عداد خطوات ذكي,42,لباس رياضي ضاغط,,fpgrowth,Substitute,0.03932645301466594,0.6114864864864864,5.061810349018082,53.12,ارتباط قوي مُثبَت بالبيانات — يظهر المنتجان معاً بشكل متكرر.,اعرض كلاهما في صفحة المنتج كبدائل مقترحة لرفع قيمة السلة.,3
50,عداد خطوات ذكي,138,جهاز مشي كهربايي - اصدار خاص,,category_fallback,Substitute,0.000978,0.1125,1.7493,0.9,شركاء مقترحون بناءً على الشراء المتكرر داخل نفس القسم.,منتجات من نفس القسم يميل العملاء لضمّها — فرصة بيع تكميلي داخلي.,4
50,عداد خطوات ذكي,45,كره قدم رسميه فيفا,,category_fallback,Substitute,0.000652,0.0403,0.6261,0.6,شركاء مقترحون بناءً على الشراء المتكرر داخل نفس القسم.,منتجات من نفس القسم يميل العملاء لضمّها — فرصة بيع تكميلي داخلي.,5
51,كتاب تعلم البرمجه بالعربيه,54,قاموس عربي انجليزي شامل,,fpgrowth,Substitute,0.05909831613253667,0.8962108731466228,9.025843640388034,82.59,ارتباط قوي مُثبَت بالبيانات — يظهر المنتجان معاً بشكل متكرر.,اعرض كلاهما في صفحة المنتج كبدائل مقترحة لرفع قيمة السلة.,1
51,كتاب تعلم البرمجه بالعربيه,56,دوره برمجه اكاديميه USB,,fpgrowth,Substitute,0.059206952743074415,0.8528951486697964,8.58960595569527,79.29,ارتباط قوي مُثبَت بالبيانات — يظهر المنتجان معاً بشكل متكرر.,اعرض كلاهما في صفحة المنتج كبدائل مقترحة لرفع قيمة السلة.,2
51,كتاب تعلم البرمجه بالعربيه,53,كتاب رياده الاعمال والنجاح,,fpgrowth,Substitute,0.05855513307984791,0.8343653250773994,8.402989953323262,77.77,ارتباط قوي مُثبَت بالبيانات — يظهر المنتجان معاً بشكل متكرر.,اعرض كلاهما في صفحة المنتج كبدائل مقترحة لرفع قيمة السلة.,3
51,كتاب تعلم البرمجه بالعربيه,150,اطلس العالم المصور - اصدار خاص,,category_fallback,Substitute,0.001847,0.1049,1.0568,1.7,شركاء مقترحون بناءً على الشراء المتكرر داخل نفس القسم.,منتجات من نفس القسم يميل العملاء لضمّها — فرصة بيع تكميلي داخلي.,4
51,كتاب تعلم البرمجه بالعربيه,74,كتاب الطبخ العربي التقليدي - اصدار خاص,,category_fallback,Substitute,0.001847,0.1097,1.1046,1.7,شركاء مقترحون بناءً على الشراء المتكرر داخل نفس القسم.,منتجات من نفس القسم يميل العملاء لضمّها — فرصة بيع تكميلي داخلي.,5
52,موسوعه التاريخ الاسلامي,172,كتاب رياده الاعمال والنجاح - اصدار خاص,,category_fallback,Substitute,0.000543,0.0909,5.8112,0.5,شركاء مقترحون بناءً على الشراء المتكرر داخل نفس القسم.,منتجات من نفس القسم يميل العملاء لضمّها — فرصة بيع تكميلي داخلي.,1
52,موسوعه التاريخ الاسلامي,92,موسوعه التاريخ الاسلامي - اصدار خاص,,category_fallback,Substitute,0.000326,0.0545,5.1234,0.3,شركاء مقترحون بناءً على الشراء المتكرر داخل نفس القسم.,منتجات من نفس القسم يميل العملاء لضمّها — فرصة بيع تكميلي داخلي.,2
52,موسوعه التاريخ الاسلامي,56,دوره برمجه اكاديميه USB,,category_fallback,Substitute,0.000326,0.0545,0.7857,0.3,شركاء مقترحون بناءً على الشراء المتكرر داخل نفس القسم.,منتجات من نفس القسم يميل العملاء لضمّها — فرصة بيع تكميلي داخلي.,3
53,كتاب رياده الاعمال والنجاح,51,كتاب تعلم البرمجه بالعربيه,,fpgrowth,Substitute,0.05855513307984791,0.8343653250773994,8.402989953323262,77.77,ارتباط قوي مُثبَت بالبيانات — يظهر المنتجان معاً بشكل متكرر.,اعرض كلاهما في صفحة المنتج كبدائل مقترحة لرفع قيمة السلة.,1
53,كتاب رياده الاعمال والنجاح,54,قاموس عربي انجليزي شامل,,fpgrowth,Substitute,0.04106463878326996,0.6227347611202636,8.873488353114592,71.3,ارتباط قوي مُثبَت بالبيانات — يظهر المنتجان معاً بشكل متكرر.,اعرض كلاهما في صفحة المنتج كبدائل مقترحة لرفع قيمة السلة.,2
53,كتاب رياده الاعمال والنجاح,56,دوره برمجه اكاديميه USB,,fpgrowth,Substitute,0.0403041825095057,0.5805946791862284,8.273024801717078,67.22,ارتباط قوي مُثبَت بالبيانات — يظهر المنتجان معاً بشكل متكرر.,اعرض كلاهما في صفحة المنتج كبدائل مقترحة لرفع قيمة السلة.,3
53,كتاب رياده الاعمال والنجاح,172,كتاب رياده الاعمال والنجاح - اصدار خاص,,category_fallback,Substitute,0.001304,0.0833,1.1874,1.2,شركاء مقترحون بناءً على الشراء المتكرر داخل نفس القسم.,منتجات من نفس القسم يميل العملاء لضمّها — فرصة بيع تكميلي داخلي.,4
53,كتاب رياده الاعمال والنجاح,175,مجموعه كتب الطفل التعليميه - اصدار خاص,,category_fallback,Substitute,0.000978,0.0577,0.8221,0.9,شركاء مقترحون بناءً على الشراء المتكرر داخل نفس القسم.,منتجات من نفس القسم يميل العملاء لضمّها — فرصة بيع تكميلي داخلي.,5
54,قاموس عربي انجليزي شامل,51,كتاب تعلم البرمجه بالعربيه,,fpgrowth,Substitute,0.05909831613253667,0.8962108731466228,9.025843640388034,82.59,ارتباط قوي مُثبَت بالبيانات — يظهر المنتجان معاً بشكل متكرر.,اعرض كلاهما في صفحة المنتج كبدائل مقترحة لرفع قيمة السلة.,1
54,قاموس عربي انجليزي شامل,56,دوره برمجه اكاديميه USB,,fpgrowth,Substitute,0.042151004888647474,0.6392092257001648,9.208013963333359,73.48,ارتباط قوي مُثبَت بالبيانات — يظهر المنتجان معاً بشكل متكرر.,اعرض كلاهما في صفحة المنتج كبدائل مقترحة لرفع قيمة السلة.,2
54,قاموس عربي انجليزي شامل,53,كتاب رياده الاعمال والنجاح,,fpgrowth,Substitute,0.04106463878326996,0.6227347611202636,8.873488353114592,71.3,ارتباط قوي مُثبَت بالبيانات — يظهر المنتجان معاً بشكل متكرر.,اعرض كلاهما في صفحة المنتج كبدائل مقترحة لرفع قيمة السلة.,3
54,قاموس عربي انجليزي شامل,192,مجموعه كتب الطفل التعليميه - اصدار خاص,,category_fallback,Substitute,0.00076,0.0805,1.2202,0.7,شركاء مقترحون بناءً على الشراء المتكرر داخل نفس القسم.,منتجات من نفس القسم يميل العملاء لضمّها — فرصة بيع تكميلي داخلي.,4
54,قاموس عربي انجليزي شامل,200,موسوعه التاريخ الاسلامي - اصدار خاص,,category_fallback,Substitute,0.000652,0.0822,1.2464,0.6,شركاء مقترحون بناءً على الشراء المتكرر داخل نفس القسم.,منتجات من نفس القسم يميل العملاء لضمّها — فرصة بيع تكميلي داخلي.,5
55,روايه عربيه بيست سيلر,51,كتاب تعلم البرمجه بالعربيه,,category_fallback,Substitute,0.000978,0.1084,1.092,0.9,شركاء مقترحون بناءً على الشراء المتكرر داخل نفس القسم.,منتجات من نفس القسم يميل العملاء لضمّها — فرصة بيع تكميلي داخلي.,1
55,روايه عربيه بيست سيلر,56,دوره برمجه اكاديميه USB,,category_fallback,Substitute,0.000543,0.0602,0.8678,0.5,شركاء مقترحون بناءً على الشراء المتكرر داخل نفس القسم.,منتجات من نفس القسم يميل العملاء لضمّها — فرصة بيع تكميلي داخلي.,2
55,روايه عربيه بيست سيلر,92,موسوعه التاريخ الاسلامي - اصدار خاص,,category_fallback,Substitute,0.000435,0.0482,4.5267,0.4,شركاء مقترحون بناءً على الشراء المتكرر داخل نفس القسم.,منتجات من نفس القسم يميل العملاء لضمّها — فرصة بيع تكميلي داخلي.,3
56,دوره برمجه اكاديميه USB,51,كتاب تعلم البرمجه بالعربيه,,fpgrowth,Substitute,0.059206952743074415,0.8528951486697964,8.58960595569527,79.29,ارتباط قوي مُثبَت بالبيانات — يظهر المنتجان معاً بشكل متكرر.,اعرض كلاهما في صفحة المنتج كبدائل مقترحة لرفع قيمة السلة.,1
56,دوره برمجه اكاديميه USB,54,قاموس عربي انجليزي شامل,,fpgrowth,Substitute,0.042151004888647474,0.6392092257001648,9.208013963333359,73.48,ارتباط قوي مُثبَت بالبيانات — يظهر المنتجان معاً بشكل متكرر.,اعرض كلاهما في صفحة المنتج كبدائل مقترحة لرفع قيمة السلة.,2
56,دوره برمجه اكاديميه USB,53,كتاب رياده الاعمال والنجاح,,fpgrowth,Substitute,0.0403041825095057,0.5805946791862284,8.273024801717078,67.22,ارتباط قوي مُثبَت بالبيانات — يظهر المنتجان معاً بشكل متكرر.,اعرض كلاهما في صفحة المنتج كبدائل مقترحة لرفع قيمة السلة.,3
56,دوره برمجه اكاديميه USB,150,اطلس العالم المصور - اصدار خاص,,category_fallback,Substitute,0.001086,0.0617,0.8892,1.0,شركاء مقترحون بناءً على الشراء المتكرر داخل نفس القسم.,منتجات من نفس القسم يميل العملاء لضمّها — فرصة بيع تكميلي داخلي.,4
56,دوره برمجه اكاديميه USB,145,قاموس عربي انجليزي شامل - اصدار خاص,,category_fallback,Substitute,0.00076,0.0673,0.9696,0.7,شركاء مقترحون بناءً على الشراء المتكرر داخل نفس القسم.,منتجات من نفس القسم يميل العملاء لضمّها — فرصة بيع تكميلي داخلي.,5
57,مجموعه كتب الطفل التعليميه,51,كتاب تعلم البرمجه بالعربيه,,category_fallback,Substitute,0.001086,0.1099,1.1067,1.0,شركاء مقترحون بناءً على الشراء المتكرر داخل نفس القسم.,منتجات من نفس القسم يميل العملاء لضمّها — فرصة بيع تكميلي داخلي.,1
57,مجموعه كتب الطفل التعليميه,53,كتاب رياده الاعمال والنجاح,,category_fallback,Substitute,0.000652,0.0659,0.9395,0.6,شركاء مقترحون بناءً على الشراء المتكرر داخل نفس القسم.,منتجات من نفس القسم يميل العملاء لضمّها — فرصة بيع تكميلي داخلي.,2
57,مجموعه كتب الطفل التعليميه,74,كتاب الطبخ العربي التقليدي - اصدار خاص,,category_fallback,Substitute,0.000435,0.044,2.6104,0.4,شركاء مقترحون بناءً على الشراء المتكرر داخل نفس القسم.,منتجات من نفس القسم يميل العملاء لضمّها — فرصة بيع تكميلي داخلي.,3
58,كتاب الطبخ العربي التقليدي,54,قاموس عربي انجليزي شامل,,category_fallback,Substitute,0.000543,0.0685,1.0387,0.5,شركاء مقترحون بناءً على الشراء المتكرر داخل نفس القسم.,منتجات من نفس القسم يميل العملاء لضمّها — فرصة بيع تكميلي داخلي.,1
58,كتاب الطبخ العربي التقليدي,74,كتاب الطبخ العربي التقليدي - اصدار خاص,,category_fallback,Substitute,0.000435,0.0548,3.2541,0.4,شركاء مقترحون بناءً على الشراء المتكرر داخل نفس القسم.,منتجات من نفس القسم يميل العملاء لضمّها — فرصة بيع تكميلي داخلي.,2
58,كتاب الطبخ العربي التقليدي,77,دوره برمجه اكاديميه USB - اصدار خاص,,category_fallback,Substitute,0.000435,0.0548,3.2966,0.4,شركاء مقترحون بناءً على الشراء المتكرر داخل نفس القسم.,منتجات من نفس القسم يميل العملاء لضمّها — فرصة بيع تكميلي داخلي.,3
59,كتاب تطوير الذات والتحفيز,56,دوره برمجه اكاديميه USB,,category_fallback,Substitute,0.000543,0.0685,0.9867,0.5,شركاء مقترحون بناءً على الشراء المتكرر داخل نفس القسم.,منتجات من نفس القسم يميل العملاء لضمّها — فرصة بيع تكميلي داخلي.,1
59,كتاب تطوير الذات والتحفيز,172,كتاب رياده الاعمال والنجاح - اصدار خاص,,category_fallback,Substitute,0.000435,0.0548,3.5027,0.4,شركاء مقترحون بناءً على الشراء المتكرر داخل نفس القسم.,منتجات من نفس القسم يميل العملاء لضمّها — فرصة بيع تكميلي داخلي.,2
59,كتاب تطوير الذات والتحفيز,51,كتاب تعلم البرمجه بالعربيه,,category_fallback,Substitute,0.000435,0.0548,0.5518,0.4,شركاء مقترحون بناءً على الشراء المتكرر داخل نفس القسم.,منتجات من نفس القسم يميل العملاء لضمّها — فرصة بيع تكميلي داخلي.,3
6,شاشه 4K 27 انش,2,لابتوب الترا سليم,,fpgrowth,Substitute,0.05659967409016839,0.8513071895424837,9.758758007146405,84.57000000000001,ارتباط قوي مُثبَت بالبيانات — يظهر المنتجان معاً بشكل متكرر.,اعرض كلاهما في صفحة المنتج كبدائل مقترحة لرفع قيمة السلة.,1
6,شاشه 4K 27 انش,9,راوتر واي فاي 6,,fpgrowth,Substitute,0.039652362846279196,0.6414762741652021,9.648348208644911,75.14,ارتباط قوي مُثبَت بالبيانات — يظهر المنتجان معاً بشكل متكرر.,اعرض كلاهما في صفحة المنتج كبدائل مقترحة لرفع قيمة السلة.,2
6,شاشه 4K 27 انش,112,شاشه 4K 27 انش - اصدار خاص,,category_fallback,Substitute,0.001086,0.0671,1.0095,1.0,شركاء مقترحون بناءً على الشراء المتكرر داخل نفس القسم.,منتجات من نفس القسم يميل العملاء لضمّها — فرصة بيع تكميلي داخلي.,3
6,شاشه 4K 27 انش,90,شاشه 4K 27 انش - اصدار خاص,,category_fallback,Substitute,0.000978,0.1233,1.8544,0.9,شركاء مقترحون بناءً على الشراء المتكرر داخل نفس القسم.,منتجات من نفس القسم يميل العملاء لضمّها — فرصة بيع تكميلي داخلي.,4
6,شاشه 4K 27 انش,67,لابتوب الترا سليم - اصدار خاص,,category_fallback,Substitute,0.000869,0.0976,1.4674,0.8,شركاء مقترحون بناءً على الشراء المتكرر داخل نفس القسم.,منتجات من نفس القسم يميل العملاء لضمّها — فرصة بيع تكميلي داخلي.,5
60,اطلس العالم المصور,171,موسوعه التاريخ الاسلامي - اصدار خاص,,category_fallback,Substitute,0.000326,0.04,4.0911,0.3,شركاء مقترحون بناءً على الشراء المتكرر داخل نفس القسم.,منتجات من نفس القسم يميل العملاء لضمّها — فرصة بيع تكميلي داخلي.,1
60,اطلس العالم المصور,175,مجموعه كتب الطفل التعليميه - اصدار خاص,,category_fallback,Substitute,0.000326,0.04,2.3603,0.3,شركاء مقترحون بناءً على الشراء المتكرر داخل نفس القسم.,منتجات من نفس القسم يميل العملاء لضمّها — فرصة بيع تكميلي داخلي.,2
60,اطلس العالم المصور,51,كتاب تعلم البرمجه بالعربيه,,category_fallback,Substitute,0.000326,0.04,0.4028,0.3,شركاء مقترحون بناءً على الشراء المتكرر داخل نفس القسم.,منتجات من نفس القسم يميل العملاء لضمّها — فرصة بيع تكميلي داخلي.,3
61,فرن كهربايي 60 لتر - اصدار خاص,25,ماكينه قهوه اسبريسو,,category_fallback,Substitute,0.000435,0.0625,0.7319,0.4,شركاء مقترحون بناءً على الشراء المتكرر داخل نفس القسم.,منتجات من نفس القسم يميل العملاء لضمّها — فرصة بيع تكميلي داخلي.,1
61,فرن كهربايي 60 لتر - اصدار خاص,195,فرن كهربايي 60 لتر - اصدار خاص,,category_fallback,Substitute,0.000326,0.0469,4.7943,0.3,شركاء مقترحون بناءً على الشراء المتكرر داخل نفس القسم.,منتجات من نفس القسم يميل العملاء لضمّها — فرصة بيع تكميلي داخلي.,2
61,فرن كهربايي 60 لتر - اصدار خاص,28,خلاط كهربايي متعدد الوظايف,,category_fallback,Substitute,0.000326,0.0469,0.7789,0.3,شركاء مقترحون بناءً على الشراء المتكرر داخل نفس القسم.,منتجات من نفس القسم يميل العملاء لضمّها — فرصة بيع تكميلي داخلي.,3
62,كتاب الطبخ العربي التقليدي - اصدار خاص,51,كتاب تعلم البرمجه بالعربيه,,category_fallback,Substitute,0.00076,0.1077,1.0846,0.7,شركاء مقترحون بناءً على الشراء المتكرر داخل نفس القسم.,منتجات من نفس القسم يميل العملاء لضمّها — فرصة بيع تكميلي داخلي.,1
62,كتاب الطبخ العربي التقليدي - اصدار خاص,56,دوره برمجه اكاديميه USB,,category_fallback,Substitute,0.000652,0.0923,1.3297,0.6,شركاء مقترحون بناءً على الشراء المتكرر داخل نفس القسم.,منتجات من نفس القسم يميل العملاء لضمّها — فرصة بيع تكميلي داخلي.,2
62,كتاب الطبخ العربي التقليدي - اصدار خاص,53,كتاب رياده الاعمال والنجاح,,category_fallback,Substitute,0.000435,0.0615,0.8769,0.4,شركاء مقترحون بناءً على الشراء المتكرر داخل نفس القسم.,منتجات من نفس القسم يميل العملاء لضمّها — فرصة بيع تكميلي داخلي.,3
63,حذاء رياضي مريح - اصدار خاص,166,فستان سهره انيق - اصدار خاص,,category_fallback,Substitute,0.000326,0.0469,5.262,0.3,شركاء مقترحون بناءً على الشراء المتكرر داخل نفس القسم.,منتجات من نفس القسم يميل العملاء لضمّها — فرصة بيع تكميلي داخلي.,1
63,حذاء رياضي مريح - اصدار خاص,180,شال كشمير ناعم - اصدار خاص,,category_fallback,Substitute,0.000326,0.0469,3.1267,0.3,شركاء مقترحون بناءً على الشراء المتكرر داخل نفس القسم.,منتجات من نفس القسم يميل العملاء لضمّها — فرصة بيع تكميلي داخلي.,2
63,حذاء رياضي مريح - اصدار خاص,103,بنطلون جينز سليم فيت - اصدار خاص,,category_fallback,Substitute,0.000326,0.0469,5.3936,0.3,شركاء مقترحون بناءً على الشراء المتكرر داخل نفس القسم.,منتجات من نفس القسم يميل العملاء لضمّها — فرصة بيع تكميلي داخلي.,3
63,حذاء رياضي مريح - اصدار خاص,16,حقيبه يد جلديه,,category_fallback,Substitute,0.000217,0.0278,3.9952,0.2,شركاء مقترحون بناءً على الشراء المتكرر داخل نفس القسم.,منتجات من نفس القسم يميل العملاء لضمّها — فرصة بيع تكميلي داخلي.,4
63,حذاء رياضي مريح - اصدار خاص,12,فستان سهره انيق,,category_fallback,Substitute,0.000217,0.0202,2.9056,0.2,شركاء مقترحون بناءً على الشراء المتكرر داخل نفس القسم.,منتجات من نفس القسم يميل العملاء لضمّها — فرصة بيع تكميلي داخلي.,5
64,عطر رجالي عودي - اصدار خاص,31,كريم مرطب SPF 50,,category_fallback,Substitute,0.001412,0.0878,1.2999,1.3,شركاء مقترحون بناءً على الشراء المتكرر داخل نفس القسم.,منتجات من نفس القسم يميل العملاء لضمّها — فرصة بيع تكميلي داخلي.,1
64,عطر رجالي عودي - اصدار خاص,37,غسول وجه للبشره الحساسه,,category_fallback,Substitute,0.001304,0.0811,1.1412,1.2,شركاء مقترحون بناءً على الشراء المتكرر داخل نفس القسم.,منتجات من نفس القسم يميل العملاء لضمّها — فرصة بيع تكميلي داخلي.,2
64,عطر رجالي عودي - اصدار خاص,39,قناع وجه كولاجين,,category_fallback,Substitute,0.001086,0.0676,0.9628,1.0,شركاء مقترحون بناءً على الشراء المتكرر داخل نفس القسم.,منتجات من نفس القسم يميل العملاء لضمّها — فرصة بيع تكميلي داخلي.,3
64,عطر رجالي عودي - اصدار خاص,189,مزيل عرق رول اون - اصدار خاص,,category_fallback,Substitute,0.000869,0.0576,3.5796,0.8,شركاء مقترحون بناءً على الشراء المتكرر داخل نفس القسم.,منتجات من نفس القسم يميل العملاء لضمّها — فرصة بيع تكميلي داخلي.,4
64,عطر رجالي عودي - اصدار خاص,40,مزيل عرق رول اون,,category_fallback,Substitute,0.000543,0.0617,3.8393,0.5,شركاء مقترحون بناءً على الشراء المتكرر داخل نفس القسم.,منتجات من نفس القسم يميل العملاء لضمّها — فرصة بيع تكميلي داخلي.,5
65,مكنسه كهرباييه لاسلكيه - اصدار خاص,29,مجموعه سكاكين مطبخ,,category_fallback,Substitute,0.000543,0.0641,1.0728,0.5,شركاء مقترحون بناءً على الشراء المتكرر داخل نفس القسم.,منتجات من نفس القسم يميل العملاء لضمّها — فرصة بيع تكميلي داخلي.,1
65,مكنسه كهرباييه لاسلكيه - اصدار خاص,26,طقم اواني طهي غرانيت,,category_fallback,Substitute,0.000543,0.0641,1.0316,0.5,شركاء مقترحون بناءً على الشراء المتكرر داخل نفس القسم.,منتجات من نفس القسم يميل العملاء لضمّها — فرصة بيع تكميلي داخلي.,2
65,مكنسه كهرباييه لاسلكيه - اصدار خاص,25,ماكينه قهوه اسبريسو,,category_fallback,Substitute,0.000543,0.0641,0.7507,0.5,شركاء مقترحون بناءً على الشراء المتكرر داخل نفس القسم.,منتجات من نفس القسم يميل العملاء لضمّها — فرصة بيع تكميلي داخلي.,3
66,قميص قطني كلاسيكي - اصدار خاص,73,فستان سهره انيق - اصدار خاص,,category_fallback,Substitute,0.000326,0.0429,4.4326,0.3,شركاء مقترحون بناءً على الشراء المتكرر داخل نفس القسم.,منتجات من نفس القسم يميل العملاء لضمّها — فرصة بيع تكميلي داخلي.,1
66,قميص قطني كلاسيكي - اصدار خاص,152,شال كشمير ناعم - اصدار خاص,,category_fallback,Substitute,0.000326,0.0429,4.811,0.3,شركاء مقترحون بناءً على الشراء المتكرر داخل نفس القسم.,منتجات من نفس القسم يميل العملاء لضمّها — فرصة بيع تكميلي داخلي.,2
66,قميص قطني كلاسيكي - اصدار خاص,180,شال كشمير ناعم - اصدار خاص,,category_fallback,Substitute,0.000326,0.0429,2.8587,0.3,شركاء مقترحون بناءً على الشراء المتكرر داخل نفس القسم.,منتجات من نفس القسم يميل العملاء لضمّها — فرصة بيع تكميلي داخلي.,3
66,قميص قطني كلاسيكي - اصدار خاص,198,حقيبه يد جلديه - اصدار خاص,,category_fallback,Substitute,0.000217,0.0244,3.2073,0.2,شركاء مقترحون بناءً على الشراء المتكرر داخل نفس القسم.,منتجات من نفس القسم يميل العملاء لضمّها — فرصة بيع تكميلي داخلي.,4
67,لابتوب الترا سليم - اصدار خاص,3,سماعات لاسلكيه,,category_fallback,Substitute,0.001086,0.122,1.0168,1.0,شركاء مقترحون بناءً على الشراء المتكرر داخل نفس القسم.,منتجات من نفس القسم يميل العملاء لضمّها — فرصة بيع تكميلي داخلي.,1
67,لابتوب الترا سليم - اصدار خاص,6,شاشه 4K 27 انش,,category_fallback,Substitute,0.000869,0.0976,1.4674,0.8,شركاء مقترحون بناءً على الشراء المتكرر داخل نفس القسم.,منتجات من نفس القسم يميل العملاء لضمّها — فرصة بيع تكميلي داخلي.,2
67,لابتوب الترا سليم - اصدار خاص,2,لابتوب الترا سليم,,category_fallback,Substitute,0.00076,0.0854,0.9786,0.7,شركاء مقترحون بناءً على الشراء المتكرر داخل نفس القسم.,منتجات من نفس القسم يميل العملاء لضمّها — فرصة بيع تكميلي داخلي.,3
68,تابلت 10 انش - اصدار خاص,141,ساعه ذكيه سبورت - اصدار خاص,,category_fallback,Substitute,0.000543,0.0617,3.5736,0.5,شركاء مقترحون بناءً على الشراء المتكرر داخل نفس القسم.,منتجات من نفس القسم يميل العملاء لضمّها — فرصة بيع تكميلي داخلي.,1
68,تابلت 10 انش - اصدار خاص,3,سماعات لاسلكيه,,category_fallback,Substitute,0.000435,0.0494,0.4117,0.4,شركاء مقترحون بناءً على الشراء المتكرر داخل نفس القسم.,منتجات من نفس القسم يميل العملاء لضمّها — فرصة بيع تكميلي داخلي.,2
68,تابلت 10 انش - اصدار خاص,7,كاميرا ميرورليس,,category_fallback,Substitute,0.000435,0.0494,4.4565,0.4,شركاء مقترحون بناءً على الشراء المتكرر داخل نفس القسم.,منتجات من نفس القسم يميل العملاء لضمّها — فرصة بيع تكميلي داخلي.,3
69,لابتوب الترا سليم - اصدار خاص,3,سماعات لاسلكيه,,category_fallback,Substitute,0.000869,0.087,0.725,0.8,شركاء مقترحون بناءً على الشراء المتكرر داخل نفس القسم.,منتجات من نفس القسم يميل العملاء لضمّها — فرصة بيع تكميلي داخلي.,1
69,لابتوب الترا سليم - اصدار خاص,1,هاتف ذكي برو ماكس,,category_fallback,Substitute,0.000652,0.0652,0.743,0.6,شركاء مقترحون بناءً على الشراء المتكرر داخل نفس القسم.,منتجات من نفس القسم يميل العملاء لضمّها — فرصة بيع تكميلي داخلي.,2
69,لابتوب الترا سليم - اصدار خاص,6,شاشه 4K 27 انش,,category_fallback,Substitute,0.000543,0.0543,0.8174,0.5,شركاء مقترحون بناءً على الشراء المتكرر داخل نفس القسم.,منتجات من نفس القسم يميل العملاء لضمّها — فرصة بيع تكميلي داخلي.,3
7,كاميرا ميرورليس,3,سماعات لاسلكيه,,category_fallback,Substitute,0.000978,0.0882,0.7357,0.9,شركاء مقترحون بناءً على الشراء المتكرر داخل نفس القسم.,منتجات من نفس القسم يميل العملاء لضمّها — فرصة بيع تكميلي داخلي.,1
7,كاميرا ميرورليس,124,كاميرا ميرورليس - اصدار خاص,,category_fallback,Substitute,0.000869,0.0784,4.9113,0.8,شركاء مقترحون بناءً على الشراء المتكرر داخل نفس القسم.,منتجات من نفس القسم يميل العملاء لضمّها — فرصة بيع تكميلي داخلي.,2
7,كاميرا ميرورليس,2,لابتوب الترا سليم,,category_fallback,Substitute,0.000869,0.0784,0.8991,0.8,شركاء مقترحون بناءً على الشراء المتكرر داخل نفس القسم.,منتجات من نفس القسم يميل العملاء لضمّها — فرصة بيع تكميلي داخلي.,3
7,كاميرا ميرورليس,68,تابلت 10 انش - اصدار خاص,,category_fallback,Substitute,0.000435,0.0494,4.4565,0.4,شركاء مقترحون بناءً على الشراء المتكرر داخل نفس القسم.,منتجات من نفس القسم يميل العملاء لضمّها — فرصة بيع تكميلي داخلي.,4
70,فرن كهربايي 60 لتر - اصدار خاص,168,مجموعه سكاكين مطبخ - اصدار خاص,,category_fallback,Substitute,0.000435,0.0455,2.8271,0.4,شركاء مقترحون بناءً على الشراء المتكرر داخل نفس القسم.,منتجات من نفس القسم يميل العملاء لضمّها — فرصة بيع تكميلي داخلي.,1
70,فرن كهربايي 60 لتر - اصدار خاص,176,فرن كهربايي 60 لتر - اصدار خاص,,category_fallback,Substitute,0.000435,0.0455,2.8658,0.4,شركاء مقترحون بناءً على الشراء المتكرر داخل نفس القسم.,منتجات من نفس القسم يميل العملاء لضمّها — فرصة بيع تكميلي داخلي.,2
70,فرن كهربايي 60 لتر - اصدار خاص,91,فرن كهربايي 60 لتر - اصدار خاص,,category_fallback,Substitute,0.000435,0.0455,2.7347,0.4,شركاء مقترحون بناءً على الشراء المتكرر داخل نفس القسم.,منتجات من نفس القسم يميل العملاء لضمّها — فرصة بيع تكميلي داخلي.,3
71,حصيره يوغا مضاده للانزلاق - اصدار خاص,47,اوزان حديد طقم 20 كيلو,,category_fallback,Substitute,0.000652,0.0845,0.9935,0.6,شركاء مقترحون بناءً على الشراء المتكرر داخل نفس القسم.,منتجات من نفس القسم يميل العملاء لضمّها — فرصة بيع تكميلي داخلي.,1
71,حصيره يوغا مضاده للانزلاق - اصدار خاص,42,لباس رياضي ضاغط,,category_fallback,Substitute,0.000543,0.0704,0.5829,0.5,شركاء مقترحون بناءً على الشراء المتكرر داخل نفس القسم.,منتجات من نفس القسم يميل العملاء لضمّها — فرصة بيع تكميلي داخلي.,2
71,حصيره يوغا مضاده للانزلاق - اصدار خاص,48,حقيبه رياضيه جيم,,category_fallback,Substitute,0.000543,0.0704,0.5772,0.5,شركاء مقترحون بناءً على الشراء المتكرر داخل نفس القسم.,منتجات من نفس القسم يميل العملاء لضمّها — فرصة بيع تكميلي داخلي.,3
72,كريم مرطب SPF 50 - اصدار خاص,39,قناع وجه كولاجين,,category_fallback,Substitute,0.000543,0.0704,1.0035,0.5,شركاء مقترحون بناءً على الشراء المتكرر داخل نفس القسم.,منتجات من نفس القسم يميل العملاء لضمّها — فرصة بيع تكميلي داخلي.,1
72,كريم مرطب SPF 50 - اصدار خاص,37,غسول وجه للبشره الحساسه,,category_fallback,Substitute,0.000543,0.0704,0.9912,0.5,شركاء مقترحون بناءً على الشراء المتكرر داخل نفس القسم.,منتجات من نفس القسم يميل العملاء لضمّها — فرصة بيع تكميلي داخلي.,2
72,كريم مرطب SPF 50 - اصدار خاص,34,طقم مكياج احترافي,,category_fallback,Substitute,0.000543,0.0704,0.7284,0.5,شركاء مقترحون بناءً على الشراء المتكرر داخل نفس القسم.,منتجات من نفس القسم يميل العملاء لضمّها — فرصة بيع تكميلي داخلي.,3
73,فستان سهره انيق - اصدار خاص,164,حقيبه يد جلديه - اصدار خاص,,category_fallback,Substitute,0.000652,0.0674,3.7383,0.6,شركاء مقترحون بناءً على الشراء المتكرر داخل نفس القسم.,منتجات من نفس القسم يميل العملاء لضمّها — فرصة بيع تكميلي داخلي.,1
73,فستان سهره انيق - اصدار خاص,158,فستان سهره انيق - اصدار خاص,,category_fallback,Substitute,0.000543,0.0562,3.6676,0.5,شركاء مقترحون بناءً على الشراء المتكرر داخل نفس القسم.,منتجات من نفس القسم يميل العملاء لضمّها — فرصة بيع تكميلي داخلي.,2
73,فستان سهره انيق - اصدار خاص,180,شال كشمير ناعم - اصدار خاص,,category_fallback,Substitute,0.000435,0.0449,2.9979,0.4,شركاء مقترحون بناءً على الشراء المتكرر داخل نفس القسم.,منتجات من نفس القسم يميل العملاء لضمّها — فرصة بيع تكميلي داخلي.,3
73,فستان سهره انيق - اصدار خاص,19,تيشيرت بولو قطن,,category_fallback,Substitute,0.000326,0.028,2.8998,0.3,شركاء مقترحون بناءً على الشراء المتكرر داخل نفس القسم.,منتجات من نفس القسم يميل العملاء لضمّها — فرصة بيع تكميلي داخلي.,4
73,فستان سهره انيق - اصدار خاص,100,حقيبه يد جلديه - اصدار خاص,,category_fallback,Substitute,0.000326,0.0423,4.3702,0.3,شركاء مقترحون بناءً على الشراء المتكرر داخل نفس القسم.,منتجات من نفس القسم يميل العملاء لضمّها — فرصة بيع تكميلي داخلي.,5
74,كتاب الطبخ العربي التقليدي - اصدار خاص,51,كتاب تعلم البرمجه بالعربيه,,category_fallback,Substitute,0.001847,0.1097,1.1046,1.7,شركاء مقترحون بناءً على الشراء المتكرر داخل نفس القسم.,منتجات من نفس القسم يميل العملاء لضمّها — فرصة بيع تكميلي داخلي.,1
74,كتاب الطبخ العربي التقليدي - اصدار خاص,77,دوره برمجه اكاديميه USB - اصدار خاص,,category_fallback,Substitute,0.000978,0.0581,3.4934,0.9,شركاء مقترحون بناءً على الشراء المتكرر داخل نفس القسم.,منتجات من نفس القسم يميل العملاء لضمّها — فرصة بيع تكميلي داخلي.,2
74,كتاب الطبخ العربي التقليدي - اصدار خاص,193,مجموعه كتب الطفل التعليميه - اصدار خاص,,category_fallback,Substitute,0.000869,0.0516,3.2765,0.8,شركاء مقترحون بناءً على الشراء المتكرر داخل نفس القسم.,منتجات من نفس القسم يميل العملاء لضمّها — فرصة بيع تكميلي داخلي.,3
74,كتاب الطبخ العربي التقليدي - اصدار خاص,151,كتاب تطوير الذات والتحفيز - اصدار خاص,,category_fallback,Substitute,0.000652,0.0667,3.9591,0.6,شركاء مقترحون بناءً على الشراء المتكرر داخل نفس القسم.,منتجات من نفس القسم يميل العملاء لضمّها — فرصة بيع تكميلي داخلي.,4
74,كتاب الطبخ العربي التقليدي - اصدار خاص,144,كتاب تطوير الذات والتحفيز - اصدار خاص,,category_fallback,Substitute,0.000435,0.046,2.7304,0.4,شركاء مقترحون بناءً على الشراء المتكرر داخل نفس القسم.,منتجات من نفس القسم يميل العملاء لضمّها — فرصة بيع تكميلي داخلي.,5
75,تابلت 10 انش - اصدار خاص,124,كاميرا ميرورليس - اصدار خاص,,category_fallback,Substitute,0.00076,0.0886,5.5485,0.7,شركاء مقترحون بناءً على الشراء المتكرر داخل نفس القسم.,منتجات من نفس القسم يميل العملاء لضمّها — فرصة بيع تكميلي داخلي.,1
75,تابلت 10 انش - اصدار خاص,6,شاشه 4K 27 انش,,category_fallback,Substitute,0.00076,0.0886,1.3327,0.7,شركاء مقترحون بناءً على الشراء المتكرر داخل نفس القسم.,منتجات من نفس القسم يميل العملاء لضمّها — فرصة بيع تكميلي داخلي.,2
75,تابلت 10 انش - اصدار خاص,1,هاتف ذكي برو ماكس,,category_fallback,Substitute,0.000652,0.0759,0.8652,0.6,شركاء مقترحون بناءً على الشراء المتكرر داخل نفس القسم.,منتجات من نفس القسم يميل العملاء لضمّها — فرصة بيع تكميلي داخلي.,3
76,حقيبه رياضيه جيم - اصدار خاص,42,لباس رياضي ضاغط,,category_fallback,Substitute,0.001955,0.1698,1.4057,1.8,شركاء مقترحون بناءً على الشراء المتكرر داخل نفس القسم.,منتجات من نفس القسم يميل العملاء لضمّها — فرصة بيع تكميلي داخلي.,1
76,حقيبه رياضيه جيم - اصدار خاص,48,حقيبه رياضيه جيم,,category_fallback,Substitute,0.001086,0.0943,0.7733,1.0,شركاء مقترحون بناءً على الشراء المتكرر داخل نفس القسم.,منتجات من نفس القسم يميل العملاء لضمّها — فرصة بيع تكميلي داخلي.,2
76,حقيبه رياضيه جيم - اصدار خاص,47,اوزان حديد طقم 20 كيلو,,category_fallback,Substitute,0.001086,0.0943,1.1091,1.0,شركاء مقترحون بناءً على الشراء المتكرر داخل نفس القسم.,منتجات من نفس القسم يميل العملاء لضمّها — فرصة بيع تكميلي داخلي.,3
76,حقيبه رياضيه جيم - اصدار خاص,110,جهاز قياس ضغط الدم - اصدار خاص,,category_fallback,Substitute,0.000435,0.0426,3.6953,0.4,شركاء مقترحون بناءً على الشراء المتكرر داخل نفس القسم.,منتجات من نفس القسم يميل العملاء لضمّها — فرصة بيع تكميلي داخلي.,4
77,دوره برمجه اكاديميه USB - اصدار خاص,150,اطلس العالم المصور - اصدار خاص,,category_fallback,Substitute,0.001521,0.0915,5.1993,1.4,شركاء مقترحون بناءً على الشراء المتكرر داخل نفس القسم.,منتجات من نفس القسم يميل العملاء لضمّها — فرصة بيع تكميلي داخلي.,1
77,دوره برمجه اكاديميه USB - اصدار خاص,51,كتاب تعلم البرمجه بالعربيه,,category_fallback,Substitute,0.001304,0.0784,0.7899,1.2,شركاء مقترحون بناءً على الشراء المتكرر داخل نفس القسم.,منتجات من نفس القسم يميل العملاء لضمّها — فرصة بيع تكميلي داخلي.,2
77,دوره برمجه اكاديميه USB - اصدار خاص,74,كتاب الطبخ العربي التقليدي - اصدار خاص,,category_fallback,Substitute,0.000978,0.0588,3.4934,0.9,شركاء مقترحون بناءً على الشراء المتكرر داخل نفس القسم.,منتجات من نفس القسم يميل العملاء لضمّها — فرصة بيع تكميلي داخلي.,3
77,دوره برمجه اكاديميه USB - اصدار خاص,196,اطلس العالم المصور - اصدار خاص,,category_fallback,Substitute,0.000978,0.1059,6.3702,0.9,شركاء مقترحون بناءً على الشراء المتكرر داخل نفس القسم.,منتجات من نفس القسم يميل العملاء لضمّها — فرصة بيع تكميلي داخلي.,4
77,دوره برمجه اكاديميه USB - اصدار خاص,144,كتاب تطوير الذات والتحفيز - اصدار خاص,,category_fallback,Substitute,0.000543,0.0575,3.4577,0.5,شركاء مقترحون بناءً على الشراء المتكرر داخل نفس القسم.,منتجات من نفس القسم يميل العملاء لضمّها — فرصة بيع تكميلي داخلي.,5
78,عطر رجالي عودي - اصدار خاص,34,طقم مكياج احترافي,,category_fallback,Substitute,0.000652,0.087,0.8994,0.6,شركاء مقترحون بناءً على الشراء المتكرر داخل نفس القسم.,منتجات من نفس القسم يميل العملاء لضمّها — فرصة بيع تكميلي داخلي.,1
78,عطر رجالي عودي - اصدار خاص,38,زيت ارغان طبيعي,,category_fallback,Substitute,0.000543,0.0725,1.0455,0.5,شركاء مقترحون بناءً على الشراء المتكرر داخل نفس القسم.,منتجات من نفس القسم يميل العملاء لضمّها — فرصة بيع تكميلي داخلي.,2
78,عطر رجالي عودي - اصدار خاص,37,غسول وجه للبشره الحساسه,,category_fallback,Substitute,0.000435,0.058,0.8159,0.4,شركاء مقترحون بناءً على الشراء المتكرر داخل نفس القسم.,منتجات من نفس القسم يميل العملاء لضمّها — فرصة بيع تكميلي داخلي.,3
79,سيروم فيتامين سي - اصدار خاص,38,زيت ارغان طبيعي,,category_fallback,Substitute,0.000652,0.1034,1.4925,0.6,شركاء مقترحون بناءً على الشراء المتكرر داخل نفس القسم.,منتجات من نفس القسم يميل العملاء لضمّها — فرصة بيع تكميلي داخلي.,1
79,سيروم فيتامين سي - اصدار خاص,34,طقم مكياج احترافي,,category_fallback,Substitute,0.000652,0.1034,1.0699,0.6,شركاء مقترحون بناءً على الشراء المتكرر داخل نفس القسم.,منتجات من نفس القسم يميل العملاء لضمّها — فرصة بيع تكميلي داخلي.,2
79,سيروم فيتامين سي - اصدار خاص,35,عطر نسايي زهري,,category_fallback,Substitute,0.000326,0.0517,0.8397,0.3,شركاء مقترحون بناءً على الشراء المتكرر داخل نفس القسم.,منتجات من نفس القسم يميل العملاء لضمّها — فرصة بيع تكميلي داخلي.,3
8,مكبر صوت بلوتوث,6,شاشه 4K 27 انش,,category_fallback,Substitute,0.000869,0.1176,1.7695,0.8,شركاء مقترحون بناءً على الشراء المتكرر داخل نفس القسم.,منتجات من نفس القسم يميل العملاء لضمّها — فرصة بيع تكميلي داخلي.,1
8,مكبر صوت بلوتوث,3,سماعات لاسلكيه,,category_fallback,Substitute,0.00076,0.1029,0.8583,0.7,شركاء مقترحون بناءً على الشراء المتكرر داخل نفس القسم.,منتجات من نفس القسم يميل العملاء لضمّها — فرصة بيع تكميلي داخلي.,2
8,مكبر صوت بلوتوث,2,لابتوب الترا سليم,,category_fallback,Substitute,0.000652,0.0882,1.0115,0.6,شركاء مقترحون بناءً على الشراء المتكرر داخل نفس القسم.,منتجات من نفس القسم يميل العملاء لضمّها — فرصة بيع تكميلي داخلي.,3
80,ماكينه قهوه اسبريسو - اصدار خاص,25,ماكينه قهوه اسبريسو,,category_fallback,Substitute,0.000543,0.0588,0.6889,0.5,شركاء مقترحون بناءً على الشراء المتكرر داخل نفس القسم.,منتجات من نفس القسم يميل العملاء لضمّها — فرصة بيع تكميلي داخلي.,1
80,ماكينه قهوه اسبريسو - اصدار خاص,21,مكيف هواء انفيرتر 18000,,category_fallback,Substitute,0.000435,0.0471,2.6575,0.4,شركاء مقترحون بناءً على الشراء المتكرر داخل نفس القسم.,منتجات من نفس القسم يميل العملاء لضمّها — فرصة بيع تكميلي داخلي.,2
80,ماكينه قهوه اسبريسو - اصدار خاص,91,فرن كهربايي 60 لتر - اصدار خاص,,category_fallback,Substitute,0.000326,0.0353,2.1234,0.3,شركاء مقترحون بناءً على الشراء المتكرر داخل نفس القسم.,منتجات من نفس القسم يميل العملاء لضمّها — فرصة بيع تكميلي داخلي.,3
80,ماكينه قهوه اسبريسو - اصدار خاص,134,ثلاجه نوفروست 350 لتر - اصدار خاص,,category_fallback,Substitute,0.000326,0.0423,4.5758,0.3,شركاء مقترحون بناءً على الشراء المتكرر داخل نفس القسم.,منتجات من نفس القسم يميل العملاء لضمّها — فرصة بيع تكميلي داخلي.,4
80,ماكينه قهوه اسبريسو - اصدار خاص,130,ثلاجه نوفروست 350 لتر - اصدار خاص,,category_fallback,Substitute,0.000217,0.0299,3.2327,0.2,شركاء مقترحون بناءً على الشراء المتكرر داخل نفس القسم.,منتجات من نفس القسم يميل العملاء لضمّها — فرصة بيع تكميلي داخلي.,5
81,شاشه 4K 27 انش - اصدار خاص,3,سماعات لاسلكيه,,category_fallback,Substitute,0.000869,0.0952,0.7941,0.8,شركاء مقترحون بناءً على الشراء المتكرر داخل نفس القسم.,منتجات من نفس القسم يميل العملاء لضمّها — فرصة بيع تكميلي داخلي.,1
81,شاشه 4K 27 انش - اصدار خاص,2,لابتوب الترا سليم,,category_fallback,Substitute,0.000543,0.0595,0.6823,0.5,شركاء مقترحون بناءً على الشراء المتكرر داخل نفس القسم.,منتجات من نفس القسم يميل العملاء لضمّها — فرصة بيع تكميلي داخلي.,2
81,شاشه 4K 27 انش - اصدار خاص,1,هاتف ذكي برو ماكس,,category_fallback,Substitute,0.000543,0.0595,0.6781,0.5,شركاء مقترحون بناءً على الشراء المتكرر داخل نفس القسم.,منتجات من نفس القسم يميل العملاء لضمّها — فرصة بيع تكميلي داخلي.,3
82,مجموعه سكاكين مطبخ - اصدار خاص,176,فرن كهربايي 60 لتر - اصدار خاص,,category_fallback,Substitute,0.000543,0.0602,3.7981,0.5,شركاء مقترحون بناءً على الشراء المتكرر داخل نفس القسم.,منتجات من نفس القسم يميل العملاء لضمّها — فرصة بيع تكميلي داخلي.,1
82,مجموعه سكاكين مطبخ - اصدار خاص,136,فرن كهربايي 60 لتر - اصدار خاص,,category_fallback,Substitute,0.000435,0.0482,4.621,0.4,شركاء مقترحون بناءً على الشراء المتكرر داخل نفس القسم.,منتجات من نفس القسم يميل العملاء لضمّها — فرصة بيع تكميلي داخلي.,2
82,مجموعه سكاكين مطبخ - اصدار خاص,162,ثلاجه نوفروست 350 لتر - اصدار خاص,,category_fallback,Substitute,0.000435,0.0482,4.6696,0.4,شركاء مقترحون بناءً على الشراء المتكرر داخل نفس القسم.,منتجات من نفس القسم يميل العملاء لضمّها — فرصة بيع تكميلي داخلي.,3
82,مجموعه سكاكين مطبخ - اصدار خاص,30,مكواه بخاريه احترافيه,,category_fallback,Substitute,0.000326,0.0435,4.8219,0.3,شركاء مقترحون بناءً على الشراء المتكرر داخل نفس القسم.,منتجات من نفس القسم يميل العملاء لضمّها — فرصة بيع تكميلي داخلي.,4
83,فستان سهره انيق - اصدار خاص,164,حقيبه يد جلديه - اصدار خاص,,category_fallback,Substitute,0.000435,0.037,2.0538,0.4,شركاء مقترحون بناءً على الشراء المتكرر داخل نفس القسم.,منتجات من نفس القسم يميل العملاء لضمّها — فرصة بيع تكميلي داخلي.,1
83,فستان سهره انيق - اصدار خاص,18,جاكيت شتوي دافي,,category_fallback,Substitute,0.000326,0.0278,1.5311,0.3,شركاء مقترحون بناءً على الشراء المتكرر داخل نفس القسم.,منتجات من نفس القسم يميل العملاء لضمّها — فرصة بيع تكميلي داخلي.,2
83,فستان سهره انيق - اصدار خاص,20,حذاء رسمي جلد,,category_fallback,Substitute,0.000326,0.0278,2.9732,0.3,شركاء مقترحون بناءً على الشراء المتكرر داخل نفس القسم.,منتجات من نفس القسم يميل العملاء لضمّها — فرصة بيع تكميلي داخلي.,3
83,فستان سهره انيق - اصدار خاص,12,فستان سهره انيق,,category_fallback,Substitute,0.000217,0.0202,1.7218,0.2,شركاء مقترحون بناءً على الشراء المتكرر داخل نفس القسم.,منتجات من نفس القسم يميل العملاء لضمّها — فرصة بيع تكميلي داخلي.,4
84,كتاب الطبخ العربي التقليدي - اصدار خاص,51,كتاب تعلم البرمجه بالعربيه,,category_fallback,Substitute,0.000435,0.0563,0.5674,0.4,شركاء مقترحون بناءً على الشراء المتكرر داخل نفس القسم.,منتجات من نفس القسم يميل العملاء لضمّها — فرصة بيع تكميلي داخلي.,1
84,كتاب الطبخ العربي التقليدي - اصدار خاص,77,دوره برمجه اكاديميه USB - اصدار خاص,,category_fallback,Substitute,0.000435,0.0563,3.3895,0.4,شركاء مقترحون بناءً على الشراء المتكرر داخل نفس القسم.,منتجات من نفس القسم يميل العملاء لضمّها — فرصة بيع تكميلي داخلي.,2
84,كتاب الطبخ العربي التقليدي - اصدار خاص,54,قاموس عربي انجليزي شامل,,category_fallback,Substitute,0.000326,0.0423,0.6408,0.3,شركاء مقترحون بناءً على الشراء المتكرر داخل نفس القسم.,منتجات من نفس القسم يميل العملاء لضمّها — فرصة بيع تكميلي داخلي.,3
85,ماكينه قهوه اسبريسو - اصدار خاص,135,طقم اواني طهي غرانيت - اصدار خاص,,category_fallback,Substitute,0.000543,0.0549,4.014,0.5,شركاء مقترحون بناءً على الشراء المتكرر داخل نفس القسم.,منتجات من نفس القسم يميل العملاء لضمّها — فرصة بيع تكميلي داخلي.,1
85,ماكينه قهوه اسبريسو - اصدار خاص,21,مكيف هواء انفيرتر 18000,,category_fallback,Substitute,0.000435,0.044,2.4823,0.4,شركاء مقترحون بناءً على الشراء المتكرر داخل نفس القسم.,منتجات من نفس القسم يميل العملاء لضمّها — فرصة بيع تكميلي داخلي.,2
85,ماكينه قهوه اسبريسو - اصدار خاص,29,مجموعه سكاكين مطبخ,,category_fallback,Substitute,0.000435,0.044,0.7357,0.4,شركاء مقترحون بناءً على الشراء المتكرر داخل نفس القسم.,منتجات من نفس القسم يميل العملاء لضمّها — فرصة بيع تكميلي داخلي.,3
86,لباس رياضي ضاغط - اصدار خاص,117,حصيره يوغا مضاده للانزلاق - اصدار خاص,,category_fallback,Substitute,0.000652,0.0723,7.7375,0.6,شركاء مقترحون بناءً على الشراء المتكرر داخل نفس القسم.,منتجات من نفس القسم يميل العملاء لضمّها — فرصة بيع تكميلي داخلي.,1
86,لباس رياضي ضاغط - اصدار خاص,46,حصيره يوغا مضاده للانزلاق,,category_fallback,Substitute,0.000652,0.0723,0.7922,0.6,شركاء مقترحون بناءً على الشراء المتكرر داخل نفس القسم.,منتجات من نفس القسم يميل العملاء لضمّها — فرصة بيع تكميلي داخلي.,2
86,لباس رياضي ضاغط - اصدار خاص,96,دراجه هواييه جبليه - اصدار خاص,,category_fallback,Substitute,0.000435,0.0482,3.0178,0.4,شركاء مقترحون بناءً على الشراء المتكرر داخل نفس القسم.,منتجات من نفس القسم يميل العملاء لضمّها — فرصة بيع تكميلي داخلي.,3
87,طقم مكياج احترافي - اصدار خاص,34,طقم مكياج احترافي,,category_fallback,Substitute,0.001412,0.0802,0.83,1.3,شركاء مقترحون بناءً على الشراء المتكرر داخل نفس القسم.,منتجات من نفس القسم يميل العملاء لضمّها — فرصة بيع تكميلي داخلي.,1
87,طقم مكياج احترافي - اصدار خاص,38,زيت ارغان طبيعي,,category_fallback,Substitute,0.001304,0.0741,1.0687,1.2,شركاء مقترحون بناءً على الشراء المتكرر داخل نفس القسم.,منتجات من نفس القسم يميل العملاء لضمّها — فرصة بيع تكميلي داخلي.,2
87,طقم مكياج احترافي - اصدار خاص,183,كريم مرطب SPF 50 - اصدار خاص,,category_fallback,Substitute,0.001086,0.0617,3.7881,1.0,شركاء مقترحون بناءً على الشراء المتكرر داخل نفس القسم.,منتجات من نفس القسم يميل العملاء لضمّها — فرصة بيع تكميلي داخلي.,3
87,طقم مكياج احترافي - اصدار خاص,36,عطر رجالي عودي,,category_fallback,Substitute,0.00076,0.0787,4.4691,0.7,شركاء مقترحون بناءً على الشراء المتكرر داخل نفس القسم.,منتجات من نفس القسم يميل العملاء لضمّها — فرصة بيع تكميلي داخلي.,4
87,طقم مكياج احترافي - اصدار خاص,122,طقم مكياج احترافي - اصدار خاص,,category_fallback,Substitute,0.00076,0.0986,5.6021,0.7,شركاء مقترحون بناءً على الشراء المتكرر داخل نفس القسم.,منتجات من نفس القسم يميل العملاء لضمّها — فرصة بيع تكميلي داخلي.,5
88,دوره برمجه اكاديميه USB - اصدار خاص,51,كتاب تعلم البرمجه بالعربيه,,category_fallback,Substitute,0.000978,0.1059,1.0664,0.9,شركاء مقترحون بناءً على الشراء المتكرر داخل نفس القسم.,منتجات من نفس القسم يميل العملاء لضمّها — فرصة بيع تكميلي داخلي.,1
88,دوره برمجه اكاديميه USB - اصدار خاص,53,كتاب رياده الاعمال والنجاح,,category_fallback,Substitute,0.000543,0.0588,0.8382,0.5,شركاء مقترحون بناءً على الشراء المتكرر داخل نفس القسم.,منتجات من نفس القسم يميل العملاء لضمّها — فرصة بيع تكميلي داخلي.,2
88,دوره برمجه اكاديميه USB - اصدار خاص,77,دوره برمجه اكاديميه USB - اصدار خاص,,category_fallback,Substitute,0.000326,0.0353,2.1234,0.3,شركاء مقترحون بناءً على الشراء المتكرر داخل نفس القسم.,منتجات من نفس القسم يميل العملاء لضمّها — فرصة بيع تكميلي داخلي.,3
89,كتاب رياده الاعمال والنجاح - اصدار خاص,53,كتاب رياده الاعمال والنجاح,,category_fallback,Substitute,0.00076,0.0787,1.1207,0.7,شركاء مقترحون بناءً على الشراء المتكرر داخل نفس القسم.,منتجات من نفس القسم يميل العملاء لضمّها — فرصة بيع تكميلي داخلي.,1
89,كتاب رياده الاعمال والنجاح - اصدار خاص,51,كتاب تعلم البرمجه بالعربيه,,category_fallback,Substitute,0.00076,0.0787,0.7921,0.7,شركاء مقترحون بناءً على الشراء المتكرر داخل نفس القسم.,منتجات من نفس القسم يميل العملاء لضمّها — فرصة بيع تكميلي داخلي.,2
89,كتاب رياده الاعمال والنجاح - اصدار خاص,77,دوره برمجه اكاديميه USB - اصدار خاص,,category_fallback,Substitute,0.000543,0.0562,3.38,0.5,شركاء مقترحون بناءً على الشراء المتكرر داخل نفس القسم.,منتجات من نفس القسم يميل العملاء لضمّها — فرصة بيع تكميلي داخلي.,3
9,راوتر واي فاي 6,2,لابتوب الترا سليم,,fpgrowth,Substitute,0.05529603476371537,0.8945518453427065,10.254482859750452,87.9,ارتباط قوي مُثبَت بالبيانات — يظهر المنتجان معاً بشكل متكرر.,اعرض كلاهما في صفحة المنتج كبدائل مقترحة لرفع قيمة السلة.,1
9,راوتر واي فاي 6,6,شاشه 4K 27 انش,,fpgrowth,Substitute,0.039652362846279196,0.6414762741652021,9.648348208644911,75.14,ارتباط قوي مُثبَت بالبيانات — يظهر المنتجان معاً بشكل متكرر.,اعرض كلاهما في صفحة المنتج كبدائل مقترحة لرفع قيمة السلة.,2
9,راوتر واي فاي 6,3,سماعات لاسلكيه,,fpgrowth,Substitute,0.03824008690928843,0.6186291739894552,5.158044879142151,53.64,ارتباط قوي مُثبَت بالبيانات — يظهر المنتجان معاً بشكل متكرر.,اعرض كلاهما في صفحة المنتج كبدائل مقترحة لرفع قيمة السلة.,3
9,راوتر واي فاي 6,108,كاميرا ميرورليس - اصدار خاص,,category_fallback,Substitute,0.000652,0.0619,1.0007,0.6,شركاء مقترحون بناءً على الشراء المتكرر داخل نفس القسم.,منتجات من نفس القسم يميل العملاء لضمّها — فرصة بيع تكميلي داخلي.,4
90,شاشه 4K 27 انش - اصدار خاص,6,شاشه 4K 27 انش,,category_fallback,Substitute,0.000978,0.1233,1.8544,0.9,شركاء مقترحون بناءً على الشراء المتكرر داخل نفس القسم.,منتجات من نفس القسم يميل العملاء لضمّها — فرصة بيع تكميلي داخلي.,1
90,شاشه 4K 27 انش - اصدار خاص,2,لابتوب الترا سليم,,category_fallback,Substitute,0.000869,0.1096,1.2562,0.8,شركاء مقترحون بناءً على الشراء المتكرر داخل نفس القسم.,منتجات من نفس القسم يميل العملاء لضمّها — فرصة بيع تكميلي داخلي.,2
90,شاشه 4K 27 انش - اصدار خاص,3,سماعات لاسلكيه,,category_fallback,Substitute,0.000652,0.0822,0.6853,0.6,شركاء مقترحون بناءً على الشراء المتكرر داخل نفس القسم.,منتجات من نفس القسم يميل العملاء لضمّها — فرصة بيع تكميلي داخلي.,3
91,فرن كهربايي 60 لتر - اصدار خاص,119,ماكينه قهوه اسبريسو - اصدار خاص,,category_fallback,Substitute,0.001086,0.0654,4.5236,1.0,شركاء مقترحون بناءً على الشراء المتكرر داخل نفس القسم.,منتجات من نفس القسم يميل العملاء لضمّها — فرصة بيع تكميلي داخلي.,1
91,فرن كهربايي 60 لتر - اصدار خاص,25,ماكينه قهوه اسبريسو,,category_fallback,Substitute,0.000978,0.0588,0.6889,0.9,شركاء مقترحون بناءً على الشراء المتكرر داخل نفس القسم.,منتجات من نفس القسم يميل العملاء لضمّها — فرصة بيع تكميلي داخلي.,2
91,فرن كهربايي 60 لتر - اصدار خاص,26,طقم اواني طهي غرانيت,,category_fallback,Substitute,0.000978,0.0588,0.9466,0.9,شركاء مقترحون بناءً على الشراء المتكرر داخل نفس القسم.,منتجات من نفس القسم يميل العملاء لضمّها — فرصة بيع تكميلي داخلي.,3
91,فرن كهربايي 60 لتر - اصدار خاص,197,مكيف هواء انفيرتر 18000 - اصدار خاص,,category_fallback,Substitute,0.000978,0.0592,3.5623,0.9,شركاء مقترحون بناءً على الشراء المتكرر داخل نفس القسم.,منتجات من نفس القسم يميل العملاء لضمّها — فرصة بيع تكميلي داخلي.,4
91,فرن كهربايي 60 لتر - اصدار خاص,176,فرن كهربايي 60 لتر - اصدار خاص,,category_fallback,Substitute,0.000978,0.0616,3.7087,0.9,شركاء مقترحون بناءً على الشراء المتكرر داخل نفس القسم.,منتجات من نفس القسم يميل العملاء لضمّها — فرصة بيع تكميلي داخلي.,5
92,موسوعه التاريخ الاسلامي - اصدار خاص,172,كتاب رياده الاعمال والنجاح - اصدار خاص,,category_fallback,Substitute,0.000978,0.0918,5.8705,0.9,شركاء مقترحون بناءً على الشراء المتكرر داخل نفس القسم.,منتجات من نفس القسم يميل العملاء لضمّها — فرصة بيع تكميلي داخلي.,1
92,موسوعه التاريخ الاسلامي - اصدار خاص,51,كتاب تعلم البرمجه بالعربيه,,category_fallback,Substitute,0.00076,0.0714,0.7194,0.7,شركاء مقترحون بناءً على الشراء المتكرر داخل نفس القسم.,منتجات من نفس القسم يميل العملاء لضمّها — فرصة بيع تكميلي داخلي.,2
92,موسوعه التاريخ الاسلامي - اصدار خاص,56,دوره برمجه اكاديميه USB,,category_fallback,Substitute,0.000652,0.0612,0.882,0.6,شركاء مقترحون بناءً على الشراء المتكرر داخل نفس القسم.,منتجات من نفس القسم يميل العملاء لضمّها — فرصة بيع تكميلي داخلي.,3
92,موسوعه التاريخ الاسلامي - اصدار خاص,55,روايه عربيه بيست سيلر,,category_fallback,Substitute,0.000435,0.0482,4.5267,0.4,شركاء مقترحون بناءً على الشراء المتكرر داخل نفس القسم.,منتجات من نفس القسم يميل العملاء لضمّها — فرصة بيع تكميلي داخلي.,4
92,موسوعه التاريخ الاسلامي - اصدار خاص,52,موسوعه التاريخ الاسلامي,,category_fallback,Substitute,0.000326,0.0545,5.1234,0.3,شركاء مقترحون بناءً على الشراء المتكرر داخل نفس القسم.,منتجات من نفس القسم يميل العملاء لضمّها — فرصة بيع تكميلي داخلي.,5
93,شال كشمير ناعم - اصدار خاص,18,جاكيت شتوي دافي,,category_fallback,Substitute,0.000543,0.0704,3.8817,0.5,شركاء مقترحون بناءً على الشراء المتكرر داخل نفس القسم.,منتجات من نفس القسم يميل العملاء لضمّها — فرصة بيع تكميلي داخلي.,1
93,شال كشمير ناعم - اصدار خاص,164,حقيبه يد جلديه - اصدار خاص,,category_fallback,Substitute,0.000435,0.0563,3.124,0.4,شركاء مقترحون بناءً على الشراء المتكرر داخل نفس القسم.,منتجات من نفس القسم يميل العملاء لضمّها — فرصة بيع تكميلي داخلي.,2
93,شال كشمير ناعم - اصدار خاص,63,حذاء رياضي مريح - اصدار خاص,,category_fallback,Substitute,0.000217,0.0282,4.0515,0.2,شركاء مقترحون بناءً على الشراء المتكرر داخل نفس القسم.,منتجات من نفس القسم يميل العملاء لضمّها — فرصة بيع تكميلي داخلي.,3
93,شال كشمير ناعم - اصدار خاص,184,حذاء رسمي جلد - اصدار خاص,,category_fallback,Substitute,0.000217,0.0278,3.6013,0.2,شركاء مقترحون بناءً على الشراء المتكرر داخل نفس القسم.,منتجات من نفس القسم يميل العملاء لضمّها — فرصة بيع تكميلي داخلي.,4
93,شال كشمير ناعم - اصدار خاص,15,حذاء رياضي مريح,,category_fallback,Substitute,0.000217,0.0323,4.1822,0.2,شركاء مقترحون بناءً على الشراء المتكرر داخل نفس القسم.,منتجات من نفس القسم يميل العملاء لضمّها — فرصة بيع تكميلي داخلي.,5
94,قاموس عربي انجليزي شامل - اصدار خاص,51,كتاب تعلم البرمجه بالعربيه,,category_fallback,Substitute,0.000652,0.1017,1.0242,0.6,شركاء مقترحون بناءً على الشراء المتكرر داخل نفس القسم.,منتجات من نفس القسم يميل العملاء لضمّها — فرصة بيع تكميلي داخلي.,1
94,قاموس عربي انجليزي شامل - اصدار خاص,54,قاموس عربي انجليزي شامل,,category_fallback,Substitute,0.000543,0.0847,1.2851,0.5,شركاء مقترحون بناءً على الشراء المتكرر داخل نفس القسم.,منتجات من نفس القسم يميل العملاء لضمّها — فرصة بيع تكميلي داخلي.,2
94,قاموس عربي انجليزي شامل - اصدار خاص,53,كتاب رياده الاعمال والنجاح,,category_fallback,Substitute,0.000543,0.0847,1.2076,0.5,شركاء مقترحون بناءً على الشراء المتكرر داخل نفس القسم.,منتجات من نفس القسم يميل العملاء لضمّها — فرصة بيع تكميلي داخلي.,3
95,كره قدم رسميه فيفا - اصدار خاص,48,حقيبه رياضيه جيم,,category_fallback,Substitute,0.001086,0.1053,0.8628,1.0,شركاء مقترحون بناءً على الشراء المتكرر داخل نفس القسم.,منتجات من نفس القسم يميل العملاء لضمّها — فرصة بيع تكميلي داخلي.,1
95,كره قدم رسميه فيفا - اصدار خاص,42,لباس رياضي ضاغط,,category_fallback,Substitute,0.000978,0.0947,0.7842,0.9,شركاء مقترحون بناءً على الشراء المتكرر داخل نفس القسم.,منتجات من نفس القسم يميل العملاء لضمّها — فرصة بيع تكميلي داخلي.,2
95,كره قدم رسميه فيفا - اصدار خاص,47,اوزان حديد طقم 20 كيلو,,category_fallback,Substitute,0.000652,0.0632,0.7425,0.6,شركاء مقترحون بناءً على الشراء المتكرر داخل نفس القسم.,منتجات من نفس القسم يميل العملاء لضمّها — فرصة بيع تكميلي داخلي.,3
96,دراجه هواييه جبليه - اصدار خاص,45,كره قدم رسميه فيفا,,category_fallback,Substitute,0.00076,0.0476,2.9418,0.7,شركاء مقترحون بناءً على الشراء المتكرر داخل نفس القسم.,منتجات من نفس القسم يميل العملاء لضمّها — فرصة بيع تكميلي داخلي.,1
96,دراجه هواييه جبليه - اصدار خاص,146,اوزان حديد طقم 20 كيلو - اصدار خاص,,category_fallback,Substitute,0.00076,0.0476,4.8168,0.7,شركاء مقترحون بناءً على الشراء المتكرر داخل نفس القسم.,منتجات من نفس القسم يميل العملاء لضمّها — فرصة بيع تكميلي داخلي.,2
96,دراجه هواييه جبليه - اصدار خاص,42,لباس رياضي ضاغط,,category_fallback,Substitute,0.000652,0.0408,0.3379,0.6,شركاء مقترحون بناءً على الشراء المتكرر داخل نفس القسم.,منتجات من نفس القسم يميل العملاء لضمّها — فرصة بيع تكميلي داخلي.,3
96,دراجه هواييه جبليه - اصدار خاص,165,حذاء جري احترافي - اصدار خاص,,category_fallback,Substitute,0.000435,0.0465,2.9125,0.4,شركاء مقترحون بناءً على الشراء المتكرر داخل نفس القسم.,منتجات من نفس القسم يميل العملاء لضمّها — فرصة بيع تكميلي داخلي.,4
96,دراجه هواييه جبليه - اصدار خاص,86,لباس رياضي ضاغط - اصدار خاص,,category_fallback,Substitute,0.000435,0.0482,3.0178,0.4,شركاء مقترحون بناءً على الشراء المتكرر داخل نفس القسم.,منتجات من نفس القسم يميل العملاء لضمّها — فرصة بيع تكميلي داخلي.,5
97,هاتف ذكي برو ماكس - اصدار خاص,3,سماعات لاسلكيه,,category_fallback,Substitute,0.000652,0.087,0.725,0.6,شركاء مقترحون بناءً على الشراء المتكرر داخل نفس القسم.,منتجات من نفس القسم يميل العملاء لضمّها — فرصة بيع تكميلي داخلي.,1
97,هاتف ذكي برو ماكس - اصدار خاص,2,لابتوب الترا سليم,,category_fallback,Substitute,0.000652,0.087,0.9968,0.6,شركاء مقترحون بناءً على الشراء المتكرر داخل نفس القسم.,منتجات من نفس القسم يميل العملاء لضمّها — فرصة بيع تكميلي داخلي.,2
97,هاتف ذكي برو ماكس - اصدار خاص,6,شاشه 4K 27 انش,,category_fallback,Substitute,0.000543,0.0725,1.0899,0.5,شركاء مقترحون بناءً على الشراء المتكرر داخل نفس القسم.,منتجات من نفس القسم يميل العملاء لضمّها — فرصة بيع تكميلي داخلي.,3
98,اوزان حديد طقم 20 كيلو - اصدار خاص,48,حقيبه رياضيه جيم,,category_fallback,Substitute,0.000869,0.127,1.0409,0.8,شركاء مقترحون بناءً على الشراء المتكرر داخل نفس القسم.,منتجات من نفس القسم يميل العملاء لضمّها — فرصة بيع تكميلي داخلي.,1
98,اوزان حديد طقم 20 كيلو - اصدار خاص,47,اوزان حديد طقم 20 كيلو,,category_fallback,Substitute,0.000543,0.0794,0.933,0.5,شركاء مقترحون بناءً على الشراء المتكرر داخل نفس القسم.,منتجات من نفس القسم يميل العملاء لضمّها — فرصة بيع تكميلي داخلي.,2
98,اوزان حديد طقم 20 كيلو - اصدار خاص,42,لباس رياضي ضاغط,,category_fallback,Substitute,0.000543,0.0794,0.657,0.5,شركاء مقترحون بناءً على الشراء المتكرر داخل نفس القسم.,منتجات من نفس القسم يميل العملاء لضمّها — فرصة بيع تكميلي داخلي.,3
99,مجموعه كتب الطفل التعليميه - اصدار خاص,51,كتاب تعلم البرمجه بالعربيه,,category_fallback,Substitute,0.000869,0.1159,1.1677,0.8,شركاء مقترحون بناءً على الشراء المتكرر داخل نفس القسم.,منتجات من نفس القسم يميل العملاء لضمّها — فرصة بيع تكميلي داخلي.,1
99,مجموعه كتب الطفل التعليميه - اصدار خاص,53,كتاب رياده الاعمال والنجاح,,category_fallback,Substitute,0.000869,0.1159,1.6521,0.8,شركاء مقترحون بناءً على الشراء المتكرر داخل نفس القسم.,منتجات من نفس القسم يميل العملاء لضمّها — فرصة بيع تكميلي داخلي.,2
99,مجموعه كتب الطفل التعليميه - اصدار خاص,56,دوره برمجه اكاديميه USB,,category_fallback,Substitute,0.000543,0.0725,1.0439,0.5,شركاء مقترحون بناءً على الشراء المتكرر داخل نفس القسم.,منتجات من نفس القسم يميل العملاء لضمّها — فرصة بيع تكميلي داخلي.,3
